INFO-FLOW: Workspace C:/Users/lxl/Documents/vitis_hls_ws/Project/Project/hls_project/solution1 opened at Wed Jan 17 16:50:37 +0800 2024
Execute       send_msg_by_id INFO @200-1505@%s%s  vivado 
INFO: [HLS 200-1505] Using flow_target 'vivado'
Execute       get_config_interface -m_axi_latency 
Execute       get_config_interface -m_axi_alignment_byte_size 
Execute       get_config_interface -m_axi_max_widen_bitwidth 
Execute       get_config_interface -default_interface 
Execute       get_config_interface -m_axi_offset 
Execute       get_config_rtl -register_reset_num 
Execute     set_part xczu7ev-ffvc1156-2-e 
INFO: [HLS 200-1510] Running: set_part xczu7ev-ffvc1156-2-e 
INFO-FLOW: DBG:set_part: XILINX_VIVADO=C:\Xilinx\Vivado\2020.2
INFO-FLOW: DBG:set_part: RDI_DATADIR=C:\Xilinx\Vivado\2020.2/data;C:/Xilinx/Vitis_HLS/2020.2/data
Execute       ap_part_info -name xczu7ev-ffvc1156-2-e -data single -quiet 
DBG:HLSDevice: Trying to load device library: C:/Xilinx/Vitis_HLS/2020.2\lib\win64.o\librdi_hlsvwrap.dll
DBG:HLSDevice: first parts/arch.xml in RDI_DATADIR: C:\Xilinx\Vivado\2020.2/data/parts/arch.xml
Command       ap_part_info done; 1.094 sec.
Execute       ap_part_info -name xczu7ev-ffvc1156-2-e -data info 
Execute       add_library xilinx/zynquplus/zynquplus:xczu7ev:-ffvc1156:-2-e 
Execute         get_default_platform 
Execute         open_platform DefaultPlatform 
Execute         ap_part_info -data single -name xczu7ev-ffvc1156-2-e 
Execute         ap_part_info -name xczu7ev-ffvc1156-2-e -data resources 
Execute         config_chip_info -resource {SLICE 28800} {LUT 230400} {FF 460800} {DSP 1728} {BRAM 624} {URAM 96} 
Execute         ap_part_info -name xczu7ev-ffvc1156-2-e -data info 
Execute         config_chip_info -speed medium 
Execute         ap_part_info -name xczu7ev-ffvc1156-2-e -data info 
Execute         config_library_info -library zynquplus_medium 
Execute         config_library_info -family zynquplus 
Execute         config_library_info -part xczu7ev:-ffvc1156:-2-e 
Execute         import_lib C:/Xilinx/Vitis_HLS/2020.2/common/technology/xilinx/zynquplus/zynquplus 
Execute           source C:/Xilinx/Vitis_HLS/2020.2/common/technology/xilinx/interface/xilinx_interface.hlp 
Execute             source C:/Xilinx/Vitis_HLS/2020.2/common/technology/xilinx/interface/maxi.hlp 
Execute             source C:/Xilinx/Vitis_HLS/2020.2/common/technology/xilinx/interface/saxilite.hlp 
Execute           source C:/Xilinx/Vitis_HLS/2020.2/common/technology/xilinx/DSP48/dsp48.hlp 
Execute           source C:/Xilinx/Vitis_HLS/2020.2/common/technology/xilinx/DSP48/zynquplus_dsp48e2.hlp 
Execute         source C:/Xilinx/Vitis_HLS/2020.2/common/technology/xilinx/common/xilinx.gen 
Execute           source C:/Xilinx/Vitis_HLS/2020.2/common/technology/xilinx/interface/plb46.gen 
Execute           source C:/Xilinx/Vitis_HLS/2020.2/common/technology/xilinx/interface/axi4.gen 
Execute           source C:/Xilinx/Vitis_HLS/2020.2/common/technology/xilinx/interface/nativeAXI4.gen 
Execute             source C:/Xilinx/Vitis_HLS/2020.2/common/technology/xilinx/interface/saxilite.gen 
Execute             source C:/Xilinx/Vitis_HLS/2020.2/common/technology/xilinx/interface/maxi.gen 
Execute           source C:/Xilinx/Vitis_HLS/2020.2/common/technology/xilinx/scripts/xilinxcoregen.gen 
Execute           source C:/Xilinx/Vitis_HLS/2020.2/common/technology/xilinx/interface/XilEDKCoreGen.gen 
Execute           source C:/Xilinx/Vitis_HLS/2020.2/common/technology/xilinx/ip/dds_compiler.gen 
Execute           source C:/Xilinx/Vitis_HLS/2020.2/common/technology/xilinx/ip/util.gen 
Execute           source C:/Xilinx/Vitis_HLS/2020.2/common/technology/xilinx/ip/xfft.gen 
Execute           source C:/Xilinx/Vitis_HLS/2020.2/common/technology/xilinx/ip/xfir.gen 
Execute           source C:/Xilinx/Vitis_HLS/2020.2/common/technology/xilinx/DSP48/dsp48.gen 
Command         ap_source done; 0.103 sec.
Command       add_library done; 0.229 sec.
INFO: [HLS 200-10] Setting target device to 'xczu7ev-ffvc1156-2-e'
Execute       ap_part_info -name xczu7ev-ffvc1156-2-e -data info 
Execute       config_compile -quiet -complex-mul-dsp=0 
Command     set_part done; 1.386 sec.
Execute     create_clock -period 100MHz 
INFO: [HLS 200-1510] Running: create_clock -period 100MHz 
Execute       ap_set_clock -name default -period 10 -unit ns -default=false 
INFO: [SYN 201-201] Setting up clock 'default' with a period of 10ns.
Execute     config_export -format ip_catalog -rtl verilog 
INFO: [HLS 200-1510] Running: config_export -format ip_catalog -rtl verilog 
Execute     csim_design 
INFO: [HLS 200-1510] Running: csim_design 
INFO: [SIM 211-2] *************** CSIM start ***************
INFO: [SIM 211-4] CSIM will launch GCC as the compiler.
Execute       ap_part_info -name xczu7ev-ffvc1156-2-e -data info 
Execute       source run_sim.tcl 
Command       ap_source done; 3.255 sec.
INFO: [SIM 211-1] CSim done with 0 errors.
INFO: [SIM 211-3] *************** CSIM finish ***************
Command     csim_design done; 44.797 sec.
INFO: [HLS 200-111] Finished Command csim_design CPU user time: 1 seconds. CPU system time: 0 seconds. Elapsed time: 44.857 seconds; current allocated memory: 171.227 MB.
Execute     cleanup_all 
INFO-FLOW: Workspace C:/Users/lxl/Documents/vitis_hls_ws/Project/Project/hls_project/solution1 opened at Wed Jan 17 16:52:35 +0800 2024
Execute       ap_set_clock -name default -period 10 -unit ns -default=false 
INFO: [SYN 201-201] Setting up clock 'default' with a period of 10ns.
Execute       import_lib C:/Xilinx/Vitis_HLS/2020.2/common/technology/xilinx/zynquplus/zynquplus 
Execute         source C:/Xilinx/Vitis_HLS/2020.2/common/technology/xilinx/interface/xilinx_interface.hlp 
Execute           source C:/Xilinx/Vitis_HLS/2020.2/common/technology/xilinx/interface/maxi.hlp 
Execute           source C:/Xilinx/Vitis_HLS/2020.2/common/technology/xilinx/interface/saxilite.hlp 
Execute         source C:/Xilinx/Vitis_HLS/2020.2/common/technology/xilinx/DSP48/dsp48.hlp 
Execute       source C:/Xilinx/Vitis_HLS/2020.2/common/technology/xilinx/common/xilinx.gen 
Execute         source C:/Xilinx/Vitis_HLS/2020.2/common/technology/xilinx/interface/plb46.gen 
Execute         source C:/Xilinx/Vitis_HLS/2020.2/common/technology/xilinx/interface/axi4.gen 
Execute         source C:/Xilinx/Vitis_HLS/2020.2/common/technology/xilinx/interface/nativeAXI4.gen 
Execute           source C:/Xilinx/Vitis_HLS/2020.2/common/technology/xilinx/interface/saxilite.gen 
Execute           source C:/Xilinx/Vitis_HLS/2020.2/common/technology/xilinx/interface/maxi.gen 
Execute         source C:/Xilinx/Vitis_HLS/2020.2/common/technology/xilinx/scripts/xilinxcoregen.gen 
Execute         source C:/Xilinx/Vitis_HLS/2020.2/common/technology/xilinx/interface/XilEDKCoreGen.gen 
Execute         source C:/Xilinx/Vitis_HLS/2020.2/common/technology/xilinx/ip/dds_compiler.gen 
Execute         source C:/Xilinx/Vitis_HLS/2020.2/common/technology/xilinx/ip/util.gen 
Execute         source C:/Xilinx/Vitis_HLS/2020.2/common/technology/xilinx/ip/xfft.gen 
Execute         source C:/Xilinx/Vitis_HLS/2020.2/common/technology/xilinx/ip/xfir.gen 
Execute         source C:/Xilinx/Vitis_HLS/2020.2/common/technology/xilinx/DSP48/dsp48.gen 
Execute       set_part xczu7ev-ffvc1156-2-e 
INFO-FLOW: DBG:set_part: XILINX_VIVADO=C:\Xilinx\Vivado\2020.2
INFO-FLOW: DBG:set_part: RDI_DATADIR=C:\Xilinx\Vivado\2020.2/data;C:/Xilinx/Vitis_HLS/2020.2/data
Execute         ap_part_info -name xczu7ev-ffvc1156-2-e -data single -quiet 
DBG:HLSDevice: Trying to load device library: C:/Xilinx/Vitis_HLS/2020.2\lib\win64.o\librdi_hlsvwrap.dll
DBG:HLSDevice: first parts/arch.xml in RDI_DATADIR: C:\Xilinx\Vivado\2020.2/data/parts/arch.xml
Command         ap_part_info done; 1.01 sec.
Execute         ap_part_info -name xczu7ev-ffvc1156-2-e -data info 
Execute         add_library xilinx/zynquplus/zynquplus:xczu7ev:-ffvc1156:-2-e 
Execute           get_default_platform 
Execute           open_platform DefaultPlatform 
Execute           ap_part_info -data single -name xczu7ev-ffvc1156-2-e 
Execute           ap_part_info -name xczu7ev-ffvc1156-2-e -data resources 
Execute           config_chip_info -resource {SLICE 28800} {LUT 230400} {FF 460800} {DSP 1728} {BRAM 624} {URAM 96} 
Execute           ap_part_info -name xczu7ev-ffvc1156-2-e -data info 
Execute           config_chip_info -speed medium 
Execute           ap_part_info -name xczu7ev-ffvc1156-2-e -data info 
Execute           config_library_info -library zynquplus_medium 
Execute           config_library_info -family zynquplus 
Execute           config_library_info -part xczu7ev:-ffvc1156:-2-e 
Execute           import_lib C:/Xilinx/Vitis_HLS/2020.2/common/technology/xilinx/zynquplus/zynquplus 
Execute             source C:/Xilinx/Vitis_HLS/2020.2/common/technology/xilinx/interface/xilinx_interface.hlp 
Execute               source C:/Xilinx/Vitis_HLS/2020.2/common/technology/xilinx/interface/maxi.hlp 
Execute               source C:/Xilinx/Vitis_HLS/2020.2/common/technology/xilinx/interface/saxilite.hlp 
Execute             source C:/Xilinx/Vitis_HLS/2020.2/common/technology/xilinx/DSP48/dsp48.hlp 
Execute             source C:/Xilinx/Vitis_HLS/2020.2/common/technology/xilinx/DSP48/zynquplus_dsp48e2.hlp 
Execute           source C:/Xilinx/Vitis_HLS/2020.2/common/technology/xilinx/common/xilinx.gen 
Execute             source C:/Xilinx/Vitis_HLS/2020.2/common/technology/xilinx/interface/plb46.gen 
Execute             source C:/Xilinx/Vitis_HLS/2020.2/common/technology/xilinx/interface/axi4.gen 
Execute             source C:/Xilinx/Vitis_HLS/2020.2/common/technology/xilinx/interface/nativeAXI4.gen 
Execute               source C:/Xilinx/Vitis_HLS/2020.2/common/technology/xilinx/interface/saxilite.gen 
Execute               source C:/Xilinx/Vitis_HLS/2020.2/common/technology/xilinx/interface/maxi.gen 
Execute             source C:/Xilinx/Vitis_HLS/2020.2/common/technology/xilinx/scripts/xilinxcoregen.gen 
Execute             source C:/Xilinx/Vitis_HLS/2020.2/common/technology/xilinx/interface/XilEDKCoreGen.gen 
Execute             source C:/Xilinx/Vitis_HLS/2020.2/common/technology/xilinx/ip/dds_compiler.gen 
Execute             source C:/Xilinx/Vitis_HLS/2020.2/common/technology/xilinx/ip/util.gen 
Execute             source C:/Xilinx/Vitis_HLS/2020.2/common/technology/xilinx/ip/xfft.gen 
Execute             source C:/Xilinx/Vitis_HLS/2020.2/common/technology/xilinx/ip/xfir.gen 
Execute             source C:/Xilinx/Vitis_HLS/2020.2/common/technology/xilinx/DSP48/dsp48.gen 
Command         add_library done; 0.172 sec.
INFO: [HLS 200-10] Setting target device to 'xczu7ev-ffvc1156-2-e'
Execute         ap_part_info -name xczu7ev-ffvc1156-2-e -data info 
Execute         config_compile -quiet -complex-mul-dsp=0 
Command       set_part done; 1.237 sec.
Execute       ap_part_info -data single -name xczu7ev-ffvc1156-2-e 
Execute       ap_part_info -name xczu7ev-ffvc1156-2-e -data resources 
Execute       config_chip_info -resource {SLICE 28800} {LUT 230400} {FF 460800} {DSP 1728} {BRAM 624} {URAM 96} 
Execute       ap_part_info -name xczu7ev-ffvc1156-2-e -data info 
Execute       config_chip_info -speed medium 
Execute       send_msg_by_id INFO @200-1505@%s%s  vivado 
INFO: [HLS 200-1505] Using flow_target 'vivado'
Execute       get_config_interface -m_axi_latency 
Execute       get_config_interface -m_axi_alignment_byte_size 
Execute       get_config_interface -m_axi_max_widen_bitwidth 
Execute       get_config_interface -default_interface 
Execute       get_config_interface -m_axi_offset 
Execute       get_config_rtl -register_reset_num 
Execute       send_msg_by_id INFO @200-1464@%s config_export -format=ip_catalog 
INFO: [HLS 200-1464] Running solution command: config_export -format=ip_catalog
Execute       config_export -format=ip_catalog 
Execute       send_msg_by_id INFO @200-1464@%s config_export -rtl=verilog 
INFO: [HLS 200-1464] Running solution command: config_export -rtl=verilog
Execute       config_export -rtl=verilog 
Command     open_solution done; 1.392 sec.
Execute     set_part xczu7ev-ffvc1156-2-e 
INFO: [HLS 200-1510] Running: set_part xczu7ev-ffvc1156-2-e 
INFO-FLOW: DBG:set_part: XILINX_VIVADO=C:\Xilinx\Vivado\2020.2
INFO-FLOW: DBG:set_part: RDI_DATADIR=C:\Xilinx\Vivado\2020.2/data;C:/Xilinx/Vitis_HLS/2020.2/data
Execute       ap_part_info -name xczu7ev-ffvc1156-2-e -data single -quiet 
Execute       ap_part_info -name xczu7ev-ffvc1156-2-e -data info 
Execute       add_library xilinx/zynquplus/zynquplus:xczu7ev:-ffvc1156:-2-e 
Execute         get_default_platform 
Execute         open_platform DefaultPlatform 
Execute         ap_part_info -data single -name xczu7ev-ffvc1156-2-e 
Execute         ap_part_info -name xczu7ev-ffvc1156-2-e -data resources 
Execute         config_chip_info -resource {SLICE 28800} {LUT 230400} {FF 460800} {DSP 1728} {BRAM 624} {URAM 96} 
Execute         ap_part_info -name xczu7ev-ffvc1156-2-e -data info 
Execute         config_chip_info -speed medium 
Execute         ap_part_info -name xczu7ev-ffvc1156-2-e -data info 
Execute         config_library_info -library zynquplus_medium 
Execute         config_library_info -family zynquplus 
Execute         config_library_info -part xczu7ev:-ffvc1156:-2-e 
Execute         import_lib C:/Xilinx/Vitis_HLS/2020.2/common/technology/xilinx/zynquplus/zynquplus 
Execute           source C:/Xilinx/Vitis_HLS/2020.2/common/technology/xilinx/interface/xilinx_interface.hlp 
Execute             source C:/Xilinx/Vitis_HLS/2020.2/common/technology/xilinx/interface/maxi.hlp 
Execute             source C:/Xilinx/Vitis_HLS/2020.2/common/technology/xilinx/interface/saxilite.hlp 
Execute           source C:/Xilinx/Vitis_HLS/2020.2/common/technology/xilinx/DSP48/dsp48.hlp 
Execute           source C:/Xilinx/Vitis_HLS/2020.2/common/technology/xilinx/DSP48/zynquplus_dsp48e2.hlp 
Execute         source C:/Xilinx/Vitis_HLS/2020.2/common/technology/xilinx/common/xilinx.gen 
Execute           source C:/Xilinx/Vitis_HLS/2020.2/common/technology/xilinx/interface/plb46.gen 
Execute           source C:/Xilinx/Vitis_HLS/2020.2/common/technology/xilinx/interface/axi4.gen 
Execute           source C:/Xilinx/Vitis_HLS/2020.2/common/technology/xilinx/interface/nativeAXI4.gen 
Execute             source C:/Xilinx/Vitis_HLS/2020.2/common/technology/xilinx/interface/saxilite.gen 
Execute             source C:/Xilinx/Vitis_HLS/2020.2/common/technology/xilinx/interface/maxi.gen 
Execute           source C:/Xilinx/Vitis_HLS/2020.2/common/technology/xilinx/scripts/xilinxcoregen.gen 
Execute           source C:/Xilinx/Vitis_HLS/2020.2/common/technology/xilinx/interface/XilEDKCoreGen.gen 
Execute           source C:/Xilinx/Vitis_HLS/2020.2/common/technology/xilinx/ip/dds_compiler.gen 
Execute           source C:/Xilinx/Vitis_HLS/2020.2/common/technology/xilinx/ip/util.gen 
Execute           source C:/Xilinx/Vitis_HLS/2020.2/common/technology/xilinx/ip/xfft.gen 
Execute           source C:/Xilinx/Vitis_HLS/2020.2/common/technology/xilinx/ip/xfir.gen 
Execute           source C:/Xilinx/Vitis_HLS/2020.2/common/technology/xilinx/DSP48/dsp48.gen 
Command       add_library done; 0.147 sec.
Execute       ap_part_info -name xczu7ev-ffvc1156-2-e -data info 
Execute       config_compile -quiet -complex-mul-dsp=0 
Command     set_part done; 0.2 sec.
Execute     create_clock -period 100MHz 
INFO: [HLS 200-1510] Running: create_clock -period 100MHz 
Execute     config_export -format ip_catalog -rtl verilog 
INFO: [HLS 200-1510] Running: config_export -format ip_catalog -rtl verilog 
Execute     csynth_design 
INFO: [HLS 200-1510] Running: csynth_design 
Execute       get_config_compile -effort 
Execute       get_config_compile -enable_clang39 
Execute       get_config_compile -g 
Execute       get_config_compile -ng 
Execute       get_config_compile -opt_fp 
Execute       get_config_compile -skip_cdt 
Execute       get_config_compile -skip_syncheck 
Execute       get_config_compile -skip_transform 
Execute       get_config_compile -keep_printf 
Execute       elaborate -effort=medium -skip_syncheck=0 -keep_printf=0 -skip_cdt=0 -skip_transform=0 -ng=0 -g=0 -opt_fp=0 -from_csynth_design=1 
INFO: [HLS 200-111] Finished File checks and directory preparation: CPU user time: 0 seconds. CPU system time: 0 seconds. Elapsed time: 0.099 seconds; current allocated memory: 171.932 MB.
INFO: [HLS 200-10] Analyzing design file 'src/ORB.cpp' ... 
INFO-FLOW: Compiling one TU...
Execute         get_config_compile -pragma_strict_mode 
INFO-FLOW: Handling src/ORB.cpp as C++
Execute         ap_part_info -name xczu7ev-ffvc1156-2-e -data info 
INFO-FLOW: Running: GCC PP 39
INFO-FLOW: Source preprocessing
Execute         ap_eval exec -ignorestderr C:/Xilinx/Vitis_HLS/2020.2/win64/tools/clang-3.9-csynth/bin/clang src/ORB.cpp -foptimization-record-file=C:/Users/lxl/Documents/vitis_hls_ws/Project/Project/hls_project/solution1/.autopilot/db/clang.ORB.cpp.diag.yml -mllvm -pass-remarks-missed=reflow|pasta|unroll -mllvm -pass-remarks=reflow|pasta|unroll|inline -fno-limit-debug-info --sysroot C:/Xilinx/Vitis_HLS/2020.2/tps/mingw/6.2.0/win64.o/nt -fhls -fno-exceptions -E -Ivitis_library_vision_L1/include -fno-math-errno -c -emit-llvm -mllvm -disable-llvm-optzns -Werror=implicit-function-declaration -Werror=implicit-hls-streams -Werror=return-type -Wpragmas -Wunused-parameter -fno-threadsafe-statics -fno-use-cxa-atexit -std=gnu++14 -target fpga64-xilinx-mingw32 -fno-threadsafe-statics -fno-use-cxa-atexit -I C:/Xilinx/Vitis_HLS/2020.2/common/technology/autopilot/39 -D__VITIS_HLS__ -DAESL_SYN -D__SYNTHESIS__ -D__HLS_SYN__ -I C:/Xilinx/Vitis_HLS/2020.2/common/technology/autopilot -I C:/Xilinx/Vitis_HLS/2020.2/common/technology/autopilot/ap_sysc -include etc/autopilot_ssdm_op.h -D__DSP48E2__ -o C:/Users/lxl/Documents/vitis_hls_ws/Project/Project/hls_project/solution1/.autopilot/db/ORB.pp.0.cpp > C:/Users/lxl/Documents/vitis_hls_ws/Project/Project/hls_project/solution1/.autopilot/db/clang.ORB.cpp.out.log 2> C:/Users/lxl/Documents/vitis_hls_ws/Project/Project/hls_project/solution1/.autopilot/db/clang.ORB.cpp.err.log 
Command         ap_eval done; 0.216 sec.
INFO-FLOW: Done: GCC PP 39 time: 0.2 seconds per iteration
Execute         set_directive_top ORB_accel -name=ORB_accel 
INFO-FLOW: Setting directive 'TOP' name=ORB_accel 
INFO-FLOW: Setting directive 'TOP' name=ORB_accel 
Execute         source C:/Xilinx/Vitis_HLS/2020.2/tps/tcl/tcllib1.11.1/yaml/huddle.tcl 
Execute         source C:/Xilinx/Vitis_HLS/2020.2/tps/tcl/tcllib1.11.1/yaml/json2huddle.tcl 
Execute           source C:/Xilinx/Vitis_HLS/2020.2/tps/tcl/tcllib1.11.1/try/try.tcl 
INFO-FLOW: Setting directive 'TOP' name=ORB_accel 
Execute         list_core -type functional_unit 
Execute         clang_tidy xilinx-systemc-detector C:/Users/lxl/Documents/vitis_hls_ws/Project/Project/hls_project/solution1/.autopilot/db/ORB.pp.0.cpp std=gnu++14 -target fpga  -directive=C:/Users/lxl/Documents/vitis_hls_ws/Project/Project/hls_project/solution1/.autopilot/db/.systemc_flag 
INFO-FLOW: exec C:/Xilinx/Vitis_HLS/2020.2/win64/tools/clang-3.9-csynth/bin/clang-tidy -header-filter=.* --checks=-*,xilinx-systemc-detector -import-directive=C:/Users/lxl/Documents/vitis_hls_ws/Project/Project/hls_project/solution1/.autopilot/db/.systemc_flag -fix-errors C:/Users/lxl/Documents/vitis_hls_ws/Project/Project/hls_project/solution1/.autopilot/db/ORB.pp.0.cpp -- -std=gnu++14 -target fpga -fhls -ferror-limit=0
Command         clang_tidy done; 3.689 sec.
INFO-FLOW: Running: clang-tidy CDT preprocess 39
Execute         clang_tidy xilinx-directive2pragma C:/Users/lxl/Documents/vitis_hls_ws/Project/Project/hls_project/solution1/.autopilot/db/ORB.pp.0.cpp std=gnu++14 -target fpga  -directive=C:/Users/lxl/Documents/vitis_hls_ws/Project/Project/hls_project/solution1/.autopilot/db/all.directive.json 
INFO-FLOW: exec C:/Xilinx/Vitis_HLS/2020.2/win64/tools/clang-3.9-csynth/bin/clang-tidy -header-filter=.* --checks=-*,xilinx-directive2pragma -import-directive=C:/Users/lxl/Documents/vitis_hls_ws/Project/Project/hls_project/solution1/.autopilot/db/all.directive.json -fix-errors C:/Users/lxl/Documents/vitis_hls_ws/Project/Project/hls_project/solution1/.autopilot/db/ORB.pp.0.cpp -- -std=gnu++14 -target fpga -fhls -ferror-limit=0
Command         clang_tidy done; 4.109 sec.
Execute         clang_tidy xilinx-constantarray-param,xilinx-remove-assert C:/Users/lxl/Documents/vitis_hls_ws/Project/Project/hls_project/solution1/.autopilot/db/ORB.pp.0.cpp std=gnu++14 -target fpga  
INFO-FLOW: exec C:/Xilinx/Vitis_HLS/2020.2/win64/tools/clang-3.9-csynth/bin/clang-tidy -header-filter=.* --checks=-*,xilinx-constantarray-param,xilinx-remove-assert -fix-errors C:/Users/lxl/Documents/vitis_hls_ws/Project/Project/hls_project/solution1/.autopilot/db/ORB.pp.0.cpp -- -std=gnu++14 -target fpga -fhls -ferror-limit=0
Command         clang_tidy done; 4.441 sec.
INFO-FLOW: Done: clang-tidy CDT preprocess 39 time: 8.5 seconds per iteration
INFO-FLOW: Calling xilinx-label-all-loops ... 
Execute         clang_tidy -errorcheck xilinx-label-all-loops,xilinx-top-parameters,xilinx-array-stream-check,xilinx-warn-mayneed-no-ctor-attribute C:/Users/lxl/Documents/vitis_hls_ws/Project/Project/hls_project/solution1/.autopilot/db/ORB.pp.0.cpp std=gnu++14 -target fpga  
Execute           ap_eval exec -ignorestderr C:/Xilinx/Vitis_HLS/2020.2/win64/tools/clang-3.9-csynth/bin/clang-tidy -export-fixes=C:/Users/lxl/Documents/vitis_hls_ws/Project/Project/hls_project/solution1/.autopilot/db/clang-tidy.ORB.pp.0.cpp.diag.yml -header-filter=.* --checks=-*,xilinx-label-all-loops,xilinx-top-parameters,xilinx-array-stream-check,xilinx-warn-mayneed-no-ctor-attribute -fix-errors C:/Users/lxl/Documents/vitis_hls_ws/Project/Project/hls_project/solution1/.autopilot/db/ORB.pp.0.cpp -- -std=gnu++14 -target fpga -fhls -ferror-limit=0 > C:/Users/lxl/Documents/vitis_hls_ws/Project/Project/hls_project/solution1/.autopilot/db/clang-tidy.ORB.pp.0.cpp.out.log 2> C:/Users/lxl/Documents/vitis_hls_ws/Project/Project/hls_project/solution1/.autopilot/db/clang-tidy.ORB.pp.0.cpp.err.log 
Command           ap_eval done; 7.959 sec.
Execute           source C:/Xilinx/Vitis_HLS/2020.2/tps/tcl/tcllib1.11.1/yaml/yaml.tcl 
Execute             source C:/Xilinx/Vitis_HLS/2020.2/tps/tcl/tcllib1.11.1/cmdline/cmdline.tcl 
Command         clang_tidy done; 8.661 sec.
Execute         get_config_dataflow -strict_mode 
Execute         ap_eval exec -ignorestderr C:/Xilinx/Vitis_HLS/2020.2/win64/tools/clang-3.9-csynth/bin/xilinx-dataflow-lawyer -export-fixes=C:/Users/lxl/Documents/vitis_hls_ws/Project/Project/hls_project/solution1/.autopilot/db/xilinx-dataflow-lawyer.ORB.pp.0.cpp.diag.yml C:/Users/lxl/Documents/vitis_hls_ws/Project/Project/hls_project/solution1/.autopilot/db/ORB.pp.0.cpp -- -std=gnu++14 -target fpga -fhls -ferror-limit=0 -fstrict-dataflow > C:/Users/lxl/Documents/vitis_hls_ws/Project/Project/hls_project/solution1/.autopilot/db/xilinx-dataflow-lawyer.ORB.pp.0.cpp.out.log 2> C:/Users/lxl/Documents/vitis_hls_ws/Project/Project/hls_project/solution1/.autopilot/db/xilinx-dataflow-lawyer.ORB.pp.0.cpp.err.log 
Command         ap_eval done; 3.549 sec.
Execute         ap_part_info -name xczu7ev-ffvc1156-2-e -data info 
INFO-FLOW: compiling source code to llvm bc
Execute         ap_eval exec -ignorestderr C:/Xilinx/Vitis_HLS/2020.2/win64/tools/clang-3.9-csynth/bin/clang -foptimization-record-file=C:/Users/lxl/Documents/vitis_hls_ws/Project/Project/hls_project/solution1/.autopilot/db/clang.ORB.pp.0.cpp.diag.yml -mllvm -pass-remarks-missed=reflow|pasta|unroll -mllvm -pass-remarks=reflow|pasta|unroll|inline -fno-limit-debug-info -fhls -flto -fno-exceptions -Wno-error=c++11-narrowing C:/Users/lxl/Documents/vitis_hls_ws/Project/Project/hls_project/solution1/.autopilot/db/ORB.pp.0.cpp -Ivitis_library_vision_L1/include -fno-math-errno -c -emit-llvm -mllvm -disable-llvm-optzns -Werror=implicit-function-declaration -Werror=implicit-hls-streams -Werror=return-type -Wpragmas -Wunused-parameter -fno-threadsafe-statics -fno-use-cxa-atexit -std=gnu++14 -target fpga64-xilinx-linux-gnu -D__VITIS_HLS__ -DAESL_SYN -D__SYNTHESIS__ -D__HLS_SYN__ -I C:/Xilinx/Vitis_HLS/2020.2/common/technology/autopilot -I C:/Xilinx/Vitis_HLS/2020.2/common/technology/autopilot/ap_sysc -include etc/autopilot_ssdm_op.h -D__DSP48E2__ -g -o C:/Users/lxl/Documents/vitis_hls_ws/Project/Project/hls_project/solution1/.autopilot/db/ORB.bc > C:/Users/lxl/Documents/vitis_hls_ws/Project/Project/hls_project/solution1/.autopilot/db/clang.ORB.pp.0.cpp.out.log 2> C:/Users/lxl/Documents/vitis_hls_ws/Project/Project/hls_project/solution1/.autopilot/db/clang.ORB.pp.0.cpp.err.log 
Command         ap_eval done; 3.899 sec.
WARNING: [HLS 207-5510] 'Resource pragma' is deprecated, and it will be removed in future release. It is suggested to replace it with 'bind_op/bind_storage pragma'.: C:/Xilinx/Vitis_HLS/2020.2/common/technology/autopilot/hls_hotbm_apfixed.h:117:9
WARNING: [HLS 207-5510] 'Resource pragma' is deprecated, and it will be removed in future release. It is suggested to replace it with 'bind_op/bind_storage pragma'.: C:/Xilinx/Vitis_HLS/2020.2/common/technology/autopilot/hls_hotbm_apfixed.h:118:9
WARNING: [HLS 207-5510] 'Resource pragma' is deprecated, and it will be removed in future release. It is suggested to replace it with 'bind_op/bind_storage pragma'.: C:/Xilinx/Vitis_HLS/2020.2/common/technology/autopilot/hls_hotbm_apfixed.h:119:9
WARNING: [HLS 207-5510] 'Resource pragma' is deprecated, and it will be removed in future release. It is suggested to replace it with 'bind_op/bind_storage pragma'.: C:/Xilinx/Vitis_HLS/2020.2/common/technology/autopilot/hls_hotbm_apfixed.h:120:9
WARNING: [HLS 207-5510] 'Resource pragma' is deprecated, and it will be removed in future release. It is suggested to replace it with 'bind_op/bind_storage pragma'.: C:/Xilinx/Vitis_HLS/2020.2/common/technology/autopilot/hls_hotbm_apfixed.h:121:9
WARNING: [HLS 207-5510] 'Resource pragma' is deprecated, and it will be removed in future release. It is suggested to replace it with 'bind_op/bind_storage pragma'.: C:/Xilinx/Vitis_HLS/2020.2/common/technology/autopilot/hls_hotbm_apfixed.h:151:9
WARNING: [HLS 207-5510] 'Resource pragma' is deprecated, and it will be removed in future release. It is suggested to replace it with 'bind_op/bind_storage pragma'.: C:/Xilinx/Vitis_HLS/2020.2/common/technology/autopilot/hls_hotbm_apfixed.h:152:9
WARNING: [HLS 207-5510] 'Resource pragma' is deprecated, and it will be removed in future release. It is suggested to replace it with 'bind_op/bind_storage pragma'.: C:/Xilinx/Vitis_HLS/2020.2/common/technology/autopilot/hls_hotbm_apfixed.h:153:9
WARNING: [HLS 207-5510] 'Resource pragma' is deprecated, and it will be removed in future release. It is suggested to replace it with 'bind_op/bind_storage pragma'.: C:/Xilinx/Vitis_HLS/2020.2/common/technology/autopilot/hls_hotbm_apfixed.h:154:9
WARNING: [HLS 207-5510] 'Resource pragma' is deprecated, and it will be removed in future release. It is suggested to replace it with 'bind_op/bind_storage pragma'.: C:/Xilinx/Vitis_HLS/2020.2/common/technology/autopilot/hls_hotbm_apfixed.h:155:9
WARNING: [HLS 207-5510] 'Resource pragma' is deprecated, and it will be removed in future release. It is suggested to replace it with 'bind_op/bind_storage pragma'.: C:/Xilinx/Vitis_HLS/2020.2/common/technology/autopilot/hls_hotbm_apfixed.h:156:9
WARNING: [HLS 207-5510] 'Resource pragma' is deprecated, and it will be removed in future release. It is suggested to replace it with 'bind_op/bind_storage pragma'.: C:/Xilinx/Vitis_HLS/2020.2/common/technology/autopilot/hls_hotbm_apfixed.h:157:9
WARNING: [HLS 207-5510] 'Resource pragma' is deprecated, and it will be removed in future release. It is suggested to replace it with 'bind_op/bind_storage pragma'.: C:/Xilinx/Vitis_HLS/2020.2/common/technology/autopilot/hls_hotbm_apfixed.h:158:9
WARNING: [HLS 207-5510] 'Resource pragma' is deprecated, and it will be removed in future release. It is suggested to replace it with 'bind_op/bind_storage pragma'.: C:/Xilinx/Vitis_HLS/2020.2/common/technology/autopilot/hls_hotbm_apfixed.h:159:9
WARNING: [HLS 207-5510] 'Resource pragma' is deprecated, and it will be removed in future release. It is suggested to replace it with 'bind_op/bind_storage pragma'.: C:/Xilinx/Vitis_HLS/2020.2/common/technology/autopilot/hls_hotbm_apfixed.h:160:9
WARNING: [HLS 207-5510] 'Resource pragma' is deprecated, and it will be removed in future release. It is suggested to replace it with 'bind_op/bind_storage pragma'.: C:/Xilinx/Vitis_HLS/2020.2/common/technology/autopilot/hls_hotbm_apfixed.h:210:9
WARNING: [HLS 207-5510] 'Resource pragma' is deprecated, and it will be removed in future release. It is suggested to replace it with 'bind_op/bind_storage pragma'.: C:/Xilinx/Vitis_HLS/2020.2/common/technology/autopilot/hls_hotbm_apfixed.h:211:9
WARNING: [HLS 207-5510] 'Resource pragma' is deprecated, and it will be removed in future release. It is suggested to replace it with 'bind_op/bind_storage pragma'.: C:/Xilinx/Vitis_HLS/2020.2/common/technology/autopilot/hls_hotbm_apfixed.h:212:9
WARNING: [HLS 207-5510] 'Resource pragma' is deprecated, and it will be removed in future release. It is suggested to replace it with 'bind_op/bind_storage pragma'.: C:/Xilinx/Vitis_HLS/2020.2/common/technology/autopilot/hls_hotbm_apfixed.h:239:9
WARNING: [HLS 207-5510] 'Resource pragma' is deprecated, and it will be removed in future release. It is suggested to replace it with 'bind_op/bind_storage pragma'.: C:/Xilinx/Vitis_HLS/2020.2/common/technology/autopilot/hls_hotbm_apfixed.h:240:9
WARNING: [HLS 207-5510] 'Resource pragma' is deprecated, and it will be removed in future release. It is suggested to replace it with 'bind_op/bind_storage pragma'.: C:/Xilinx/Vitis_HLS/2020.2/common/technology/autopilot/hls_hotbm_apfixed.h:241:9
WARNING: [HLS 207-5510] 'Resource pragma' is deprecated, and it will be removed in future release. It is suggested to replace it with 'bind_op/bind_storage pragma'.: C:/Xilinx/Vitis_HLS/2020.2/common/technology/autopilot/hls_hotbm_apfixed.h:242:9
WARNING: [HLS 207-5510] 'Resource pragma' is deprecated, and it will be removed in future release. It is suggested to replace it with 'bind_op/bind_storage pragma'.: C:/Xilinx/Vitis_HLS/2020.2/common/technology/autopilot/hls_hotbm_apfixed.h:243:9
WARNING: [HLS 207-5510] 'Resource pragma' is deprecated, and it will be removed in future release. It is suggested to replace it with 'bind_op/bind_storage pragma'.: C:/Xilinx/Vitis_HLS/2020.2/common/technology/autopilot/hls_hotbm_apfixed.h:244:9
WARNING: [HLS 207-5510] 'Resource pragma' is deprecated, and it will be removed in future release. It is suggested to replace it with 'bind_op/bind_storage pragma'.: C:/Xilinx/Vitis_HLS/2020.2/common/technology/autopilot/hls_hotbm_apfixed.h:280:9
WARNING: [HLS 207-5510] 'Resource pragma' is deprecated, and it will be removed in future release. It is suggested to replace it with 'bind_op/bind_storage pragma'.: C:/Xilinx/Vitis_HLS/2020.2/common/technology/autopilot/hls_hotbm_apfixed.h:281:9
WARNING: [HLS 207-5301] unused parameter 'index': vitis_library_vision_L1/include\common/xf_structs.hpp:667:87
WARNING: [HLS 207-5301] unused parameter 'index': vitis_library_vision_L1/include\common/xf_structs.hpp:687:60
WARNING: [HLS 207-5301] unused parameter 'index': vitis_library_vision_L1/include\common/xf_structs.hpp:1255:102
WARNING: [HLS 207-5301] unused parameter 'index': vitis_library_vision_L1/include\common/xf_structs.hpp:1565:34
WARNING: [HLS 207-5510] 'Resource pragma' is deprecated, and it will be removed in future release. It is suggested to replace it with 'bind_op/bind_storage pragma'.: vitis_library_vision_L1/include\common/xf_video_mem.hpp:711:9
WARNING: [HLS 207-5510] 'Resource pragma' is deprecated, and it will be removed in future release. It is suggested to replace it with 'bind_op/bind_storage pragma'.: vitis_library_vision_L1/include\common/xf_video_mem.hpp:716:9
WARNING: [HLS 207-5510] 'Resource pragma' is deprecated, and it will be removed in future release. It is suggested to replace it with 'bind_op/bind_storage pragma'.: vitis_library_vision_L1/include\common/xf_video_mem.hpp:721:9
WARNING: [HLS 207-5510] 'Resource pragma' is deprecated, and it will be removed in future release. It is suggested to replace it with 'bind_op/bind_storage pragma'.: vitis_library_vision_L1/include\common/xf_video_mem.hpp:726:9
WARNING: [HLS 207-5510] 'Resource pragma' is deprecated, and it will be removed in future release. It is suggested to replace it with 'bind_op/bind_storage pragma'.: vitis_library_vision_L1/include\common/xf_video_mem.hpp:731:9
WARNING: [HLS 207-5510] 'Resource pragma' is deprecated, and it will be removed in future release. It is suggested to replace it with 'bind_op/bind_storage pragma'.: vitis_library_vision_L1/include\common/xf_video_mem.hpp:736:9
WARNING: [HLS 207-5510] 'Resource pragma' is deprecated, and it will be removed in future release. It is suggested to replace it with 'bind_op/bind_storage pragma'.: vitis_library_vision_L1/include\common/xf_video_mem.hpp:741:9
WARNING: [HLS 207-5510] 'Resource pragma' is deprecated, and it will be removed in future release. It is suggested to replace it with 'bind_op/bind_storage pragma'.: vitis_library_vision_L1/include\common/xf_video_mem.hpp:746:9
WARNING: [HLS 207-5512] 'factor' in '#pragma HLS array_reshape' is ignored: vitis_library_vision_L1/include\common/xf_video_mem.hpp:759:47
WARNING: [HLS 207-5301] unused parameter 'j': vitis_library_vision_L1/include\imgproc/xf_resize_nn_bilinear.hpp:209:31
WARNING: [HLS 207-5301] unused parameter 'output_rows_count': vitis_library_vision_L1/include\imgproc/xf_resize_nn_bilinear.hpp:210:31
WARNING: [HLS 207-5301] unused parameter 'scalex': vitis_library_vision_L1/include\imgproc/xf_resize_nn_bilinear.hpp:211:65
WARNING: [HLS 207-5301] unused parameter 'skip_count': vitis_library_vision_L1/include\imgproc/xf_resize_down_area.hpp:43:47
WARNING: [HLS 207-5301] unused parameter 'in_width': vitis_library_vision_L1/include\imgproc/xf_resize_down_area.hpp:54:49
WARNING: [HLS 207-5301] unused parameter 'write_index': vitis_library_vision_L1/include\imgproc/xf_resize_down_area.hpp:417:46
WARNING: [HLS 207-5301] unused parameter 'out_width': vitis_library_vision_L1/include\imgproc/xf_resize_down_area.hpp:419:49
INFO: [HLS 200-111] Finished Source Code Analysis and Preprocessing: CPU user time: 0 seconds. CPU system time: 0 seconds. Elapsed time: 29.167 seconds; current allocated memory: 176.224 MB.
INFO-FLOW: Linking Debug ...
INFO-FLOW: Linking dut bc code.
Execute         run_link_or_opt -out C:/Users/lxl/Documents/vitis_hls_ws/Project/Project/hls_project/solution1/.autopilot/db/a.g.ld.0.bc -args  "C:/Users/lxl/Documents/vitis_hls_ws/Project/Project/hls_project/solution1/.autopilot/db/ORB.g.bc"  
Execute           ap_eval exec -ignorestderr C:/Xilinx/Vitis_HLS/2020.2/win64/tools/clang-3.9-csynth/bin/llvm-link C:/Users/lxl/Documents/vitis_hls_ws/Project/Project/hls_project/solution1/.autopilot/db/ORB.g.bc -o C:/Users/lxl/Documents/vitis_hls_ws/Project/Project/hls_project/solution1/.autopilot/db/a.g.ld.0.bc > C:/Users/lxl/Documents/vitis_hls_ws/Project/Project/hls_project/solution1/.autopilot/db/llvm-link.a.g.ld.0.bc.out.log 2> C:/Users/lxl/Documents/vitis_hls_ws/Project/Project/hls_project/solution1/.autopilot/db/llvm-link.a.g.ld.0.bc.err.log 
Command           ap_eval done; 0.215 sec.
INFO-FLOW: 
Command         run_link_or_opt done; 0.217 sec.
Execute         run_link_or_opt -opt -out C:/Users/lxl/Documents/vitis_hls_ws/Project/Project/hls_project/solution1/.autopilot/db/a.g.ld.1.lower.bc -args C:/Users/lxl/Documents/vitis_hls_ws/Project/Project/hls_project/solution1/.autopilot/db/a.g.ld.0.bc -reflow-lower-math-intrinsics 
Execute           ap_eval exec -ignorestderr C:/Xilinx/Vitis_HLS/2020.2/win64/tools/clang-3.9-csynth/bin/opt -pass-remarks-missed=reflow|pasta|unroll -pass-remarks=reflow|pasta|unroll|inline -pass-remarks-output=C:/Users/lxl/Documents/vitis_hls_ws/Project/Project/hls_project/solution1/.autopilot/db/opt.a.g.ld.1.lower.bc.diag.yml C:/Users/lxl/Documents/vitis_hls_ws/Project/Project/hls_project/solution1/.autopilot/db/a.g.ld.0.bc -reflow-lower-math-intrinsics -o C:/Users/lxl/Documents/vitis_hls_ws/Project/Project/hls_project/solution1/.autopilot/db/a.g.ld.1.lower.bc > C:/Users/lxl/Documents/vitis_hls_ws/Project/Project/hls_project/solution1/.autopilot/db/opt.a.g.ld.1.lower.bc.out.log 2> C:/Users/lxl/Documents/vitis_hls_ws/Project/Project/hls_project/solution1/.autopilot/db/opt.a.g.ld.1.lower.bc.err.log 
Command           ap_eval done; 0.206 sec.
INFO-FLOW: 
Command         run_link_or_opt done; 0.208 sec.
INFO-FLOW: Linking math bc lib
Execute         run_link_or_opt -out C:/Users/lxl/Documents/vitis_hls_ws/Project/Project/hls_project/solution1/.autopilot/db/a.g.ld.2.m1.bc -args C:/Users/lxl/Documents/vitis_hls_ws/Project/Project/hls_project/solution1/.autopilot/db/a.g.ld.1.lower.bc -only-needed C:/Xilinx/Vitis_HLS/2020.2/win64/lib/libhlsm_39.bc C:/Xilinx/Vitis_HLS/2020.2/win64/lib/libhlsmc++_39.bc 
Execute           ap_eval exec -ignorestderr C:/Xilinx/Vitis_HLS/2020.2/win64/tools/clang-3.9-csynth/bin/llvm-link C:/Users/lxl/Documents/vitis_hls_ws/Project/Project/hls_project/solution1/.autopilot/db/a.g.ld.1.lower.bc -only-needed C:/Xilinx/Vitis_HLS/2020.2/win64/lib/libhlsm_39.bc C:/Xilinx/Vitis_HLS/2020.2/win64/lib/libhlsmc++_39.bc -o C:/Users/lxl/Documents/vitis_hls_ws/Project/Project/hls_project/solution1/.autopilot/db/a.g.ld.2.m1.bc > C:/Users/lxl/Documents/vitis_hls_ws/Project/Project/hls_project/solution1/.autopilot/db/llvm-link.a.g.ld.2.m1.bc.out.log 2> C:/Users/lxl/Documents/vitis_hls_ws/Project/Project/hls_project/solution1/.autopilot/db/llvm-link.a.g.ld.2.m1.bc.err.log 
Command           ap_eval done; 3.153 sec.
INFO-FLOW: 
Command         run_link_or_opt done; 3.154 sec.
Execute         run_link_or_opt -opt -out C:/Users/lxl/Documents/vitis_hls_ws/Project/Project/hls_project/solution1/.autopilot/db/a.g.ld.3.fpc.bc -args C:/Users/lxl/Documents/vitis_hls_ws/Project/Project/hls_project/solution1/.autopilot/db/a.g.ld.2.m1.bc -reflow-globaldce -hls-top-function-name=ORB_accel -reflow-float-conversion 
Execute           ap_eval exec -ignorestderr C:/Xilinx/Vitis_HLS/2020.2/win64/tools/clang-3.9-csynth/bin/opt -pass-remarks-missed=reflow|pasta|unroll -pass-remarks=reflow|pasta|unroll|inline -pass-remarks-output=C:/Users/lxl/Documents/vitis_hls_ws/Project/Project/hls_project/solution1/.autopilot/db/opt.a.g.ld.3.fpc.bc.diag.yml C:/Users/lxl/Documents/vitis_hls_ws/Project/Project/hls_project/solution1/.autopilot/db/a.g.ld.2.m1.bc -reflow-globaldce -hls-top-function-name=ORB_accel -reflow-float-conversion -o C:/Users/lxl/Documents/vitis_hls_ws/Project/Project/hls_project/solution1/.autopilot/db/a.g.ld.3.fpc.bc > C:/Users/lxl/Documents/vitis_hls_ws/Project/Project/hls_project/solution1/.autopilot/db/opt.a.g.ld.3.fpc.bc.out.log 2> C:/Users/lxl/Documents/vitis_hls_ws/Project/Project/hls_project/solution1/.autopilot/db/opt.a.g.ld.3.fpc.bc.err.log 
Command           ap_eval done; 1.599 sec.
INFO-FLOW: 
Command         run_link_or_opt done; 1.602 sec.
Execute         run_link_or_opt -out C:/Users/lxl/Documents/vitis_hls_ws/Project/Project/hls_project/solution1/.autopilot/db/a.g.ld.4.m2.bc -args C:/Users/lxl/Documents/vitis_hls_ws/Project/Project/hls_project/solution1/.autopilot/db/a.g.ld.3.fpc.bc -only-needed C:/Xilinx/Vitis_HLS/2020.2/win64/lib/libfloatconversion_39.bc 
Execute           ap_eval exec -ignorestderr C:/Xilinx/Vitis_HLS/2020.2/win64/tools/clang-3.9-csynth/bin/llvm-link C:/Users/lxl/Documents/vitis_hls_ws/Project/Project/hls_project/solution1/.autopilot/db/a.g.ld.3.fpc.bc -only-needed C:/Xilinx/Vitis_HLS/2020.2/win64/lib/libfloatconversion_39.bc -o C:/Users/lxl/Documents/vitis_hls_ws/Project/Project/hls_project/solution1/.autopilot/db/a.g.ld.4.m2.bc > C:/Users/lxl/Documents/vitis_hls_ws/Project/Project/hls_project/solution1/.autopilot/db/llvm-link.a.g.ld.4.m2.bc.out.log 2> C:/Users/lxl/Documents/vitis_hls_ws/Project/Project/hls_project/solution1/.autopilot/db/llvm-link.a.g.ld.4.m2.bc.err.log 
Command           ap_eval done; 0.22 sec.
INFO-FLOW: 
Command         run_link_or_opt done; 0.225 sec.
Execute         run_link_or_opt -opt -out C:/Users/lxl/Documents/vitis_hls_ws/Project/Project/hls_project/solution1/.autopilot/db/a.g.ld.5.gdce.bc -args C:/Users/lxl/Documents/vitis_hls_ws/Project/Project/hls_project/solution1/.autopilot/db/a.g.ld.4.m2.bc -reflow-globaldce -hls-top-function-name=ORB_accel 
Execute           ap_eval exec -ignorestderr C:/Xilinx/Vitis_HLS/2020.2/win64/tools/clang-3.9-csynth/bin/opt -pass-remarks-missed=reflow|pasta|unroll -pass-remarks=reflow|pasta|unroll|inline -pass-remarks-output=C:/Users/lxl/Documents/vitis_hls_ws/Project/Project/hls_project/solution1/.autopilot/db/opt.a.g.ld.5.gdce.bc.diag.yml C:/Users/lxl/Documents/vitis_hls_ws/Project/Project/hls_project/solution1/.autopilot/db/a.g.ld.4.m2.bc -reflow-globaldce -hls-top-function-name=ORB_accel -o C:/Users/lxl/Documents/vitis_hls_ws/Project/Project/hls_project/solution1/.autopilot/db/a.g.ld.5.gdce.bc > C:/Users/lxl/Documents/vitis_hls_ws/Project/Project/hls_project/solution1/.autopilot/db/opt.a.g.ld.5.gdce.bc.out.log 2> C:/Users/lxl/Documents/vitis_hls_ws/Project/Project/hls_project/solution1/.autopilot/db/opt.a.g.ld.5.gdce.bc.err.log 
Command           ap_eval done; 0.204 sec.
INFO-FLOW: 
Command         run_link_or_opt done; 0.207 sec.
Execute         get_solution -flow_target 
Execute         get_config_export -xo 
Execute         get_config_export -format 
Execute         get_config_rtl -module_prefix 
Execute         get_config_interface -default_slave_interface 
Execute         get_solution -flow_target 
Execute         get_config_export -xo 
Execute         get_config_export -format 
Execute         get_config_interface -m_axi_offset 
Execute         get_config_interface -m_axi_latency 
Execute         get_config_interface -m_axi_alignment_byte_size 
Execute         get_config_interface -m_axi_min_bitwidth 
Execute         get_config_interface -m_axi_max_bitwidth 
Execute         get_config_interface -m_axi_max_widen_bitwidth 
Execute         get_config_interface -m_axi_num_read_outstanding 
Execute         get_config_interface -m_axi_num_write_outstanding 
Execute         get_config_interface -m_axi_max_read_burst_length 
Execute         get_config_interface -m_axi_max_write_burst_length 
Execute         get_config_interface -m_axi_min_bitwidth 
Execute         get_config_interface -m_axi_max_bitwidth 
Execute         get_config_interface -m_axi_latency 
Execute         get_config_interface -m_axi_min_bitwidth 
Execute         get_config_interface -m_axi_max_bitwidth 
Execute         get_config_interface -m_axi_max_widen_bitwidth 
Execute         get_config_interface -m_axi_auto_max_ports 
Execute         get_config_interface -m_axi_num_read_outstanding 
Execute         get_config_interface -m_axi_num_write_outstanding 
Execute         get_config_interface -m_axi_max_read_burst_length 
Execute         get_config_interface -m_axi_max_write_burst_length 
Execute         get_config_interface -s_axilite_data64 
Execute         get_config_interface -m_axi_alignment_byte_size 
Execute         get_config_compile -pragma_strict_mode 
Execute         get_config_compile -pipeline_style 
Execute         send_msg_by_id INFO @200-777@%s Vivado 
INFO: [HLS 200-777] Using interface defaults for 'Vivado' flow target.
Execute         is_m_axi_addr64 
INFO-FLOW: Doing LTO.
Execute         ap_eval exec -ignorestderr C:/Xilinx/Vitis_HLS/2020.2/win64/tools/clang-3.9-csynth/bin/clang -foptimization-record-file=C:/Users/lxl/Documents/vitis_hls_ws/Project/Project/hls_project/solution1/.autopilot/db/clang.a.g.ld.0.bc.diag.yml -mllvm -pass-remarks-missed=reflow|pasta|unroll -mllvm -pass-remarks=reflow|pasta|unroll|inline -fhls -mllvm -hls-top-function-name=ORB_accel -mllvm -hls-db-dir -mllvm C:/Users/lxl/Documents/vitis_hls_ws/Project/Project/hls_project/solution1/.autopilot/db -emit-llvm -c -target fpga64-xilinx-none -mllvm -xcl-xmlinfo=C:/Users/lxl/Documents/vitis_hls_ws/Project/Project/hls_project/solution1/.autopilot/db/kernel.internal.xml -mllvm -top-io-mapping-info=C:/Users/lxl/Documents/vitis_hls_ws/Project/Project/hls_project/solution1/.autopilot/db/top-io-fe.xml -mllvm -hls-bitcode-version=3.1 -mllvm -reflow-enable-slave-interface-default-setting=true -mllvm -gen-kernel-xml=false -mllvm -default-maxi-offset=off -mllvm -maxi-latency=0 -mllvm -hls-maxi-data-size-in-bits=8 -mllvm -hls-maxi-max-data-size-in-bits=1024 -mllvm -hls-max-widen-size-in-bits=0 -mllvm -xcl-kernel-max-mem-ports=0 -mllvm -maxi-read-trans=16 -mllvm -maxi-write-trans=16 -mllvm -maxi-read-burst-len=16 -mllvm -maxi-write-burst-len=16 -mllvm -reflow-enable-saxi-64bits=0 -mllvm -assume-maxi-align=0 -mllvm -no-unaligned-maxi-accesses -mllvm -reflow-pipeline-style-llvm-setting=0 -mllvm -disable-inlined-alloca-merging=true -x ir C:/Users/lxl/Documents/vitis_hls_ws/Project/Project/hls_project/solution1/.autopilot/db/a.g.ld.5.gdce.bc -o C:/Users/lxl/Documents/vitis_hls_ws/Project/Project/hls_project/solution1/.autopilot/db/a.g.lto.bc > C:/Users/lxl/Documents/vitis_hls_ws/Project/Project/hls_project/solution1/.autopilot/db/clang.a.g.ld.0.bc.out.log 2> C:/Users/lxl/Documents/vitis_hls_ws/Project/Project/hls_project/solution1/.autopilot/db/clang.a.g.ld.0.bc.err.log 
Command         ap_eval done; 50.56 sec.
INFO: [HLS 214-131] Inlining function 'ap_fixed_base<128, 2, false, (ap_q_mode)5, (ap_o_mode)3, 0>::ap_fixed_base(char const*)' into 'ap_ufixed<128, 2, (ap_q_mode)5, (ap_o_mode)3, 0>::ap_ufixed(char const*)' (r:/ci/prod/2020.2/rdi_builds/continuous/2020_11_18_3064766/src/shared/hls/clib/include/header_files\ap_fixed.h:303:68)
INFO: [HLS 214-131] Inlining function 'ap_ufixed<128, 2, (ap_q_mode)5, (ap_o_mode)3, 0>::ap_ufixed(char const*)' into '__cxx_global_var_init.1663' (r:/ci/prod/2020.2/rdi_builds/continuous/2020_11_18_3064766/src/shared/hls/clib/hlsmath/src/common/hls_cordic_apfixed.cpp:42:2)
INFO: [HLS 214-131] Inlining function 'ap_ufixed<128, 2, (ap_q_mode)5, (ap_o_mode)3, 0>::ap_ufixed(char const*)' into '__cxx_global_var_init.1663' (r:/ci/prod/2020.2/rdi_builds/continuous/2020_11_18_3064766/src/shared/hls/clib/hlsmath/src/common/hls_cordic_apfixed.cpp:43:2)
INFO: [HLS 214-131] Inlining function 'ap_ufixed<128, 2, (ap_q_mode)5, (ap_o_mode)3, 0>::ap_ufixed(char const*)' into '__cxx_global_var_init.1663' (r:/ci/prod/2020.2/rdi_builds/continuous/2020_11_18_3064766/src/shared/hls/clib/hlsmath/src/common/hls_cordic_apfixed.cpp:44:2)
INFO: [HLS 214-131] Inlining function 'ap_ufixed<128, 2, (ap_q_mode)5, (ap_o_mode)3, 0>::ap_ufixed(char const*)' into '__cxx_global_var_init.1663' (r:/ci/prod/2020.2/rdi_builds/continuous/2020_11_18_3064766/src/shared/hls/clib/hlsmath/src/common/hls_cordic_apfixed.cpp:45:2)
INFO: [HLS 214-131] Inlining function 'ap_ufixed<128, 2, (ap_q_mode)5, (ap_o_mode)3, 0>::ap_ufixed(char const*)' into '__cxx_global_var_init.1663' (r:/ci/prod/2020.2/rdi_builds/continuous/2020_11_18_3064766/src/shared/hls/clib/hlsmath/src/common/hls_cordic_apfixed.cpp:46:2)
INFO: [HLS 214-131] Inlining function 'ap_ufixed<128, 2, (ap_q_mode)5, (ap_o_mode)3, 0>::ap_ufixed(char const*)' into '__cxx_global_var_init.1663' (r:/ci/prod/2020.2/rdi_builds/continuous/2020_11_18_3064766/src/shared/hls/clib/hlsmath/src/common/hls_cordic_apfixed.cpp:47:2)
INFO: [HLS 214-131] Inlining function 'ap_ufixed<128, 2, (ap_q_mode)5, (ap_o_mode)3, 0>::ap_ufixed(char const*)' into '__cxx_global_var_init.1663' (r:/ci/prod/2020.2/rdi_builds/continuous/2020_11_18_3064766/src/shared/hls/clib/hlsmath/src/common/hls_cordic_apfixed.cpp:48:2)
INFO: [HLS 214-131] Inlining function 'ap_ufixed<128, 2, (ap_q_mode)5, (ap_o_mode)3, 0>::ap_ufixed(char const*)' into '__cxx_global_var_init.1663' (r:/ci/prod/2020.2/rdi_builds/continuous/2020_11_18_3064766/src/shared/hls/clib/hlsmath/src/common/hls_cordic_apfixed.cpp:49:2)
INFO: [HLS 214-131] Inlining function 'ap_ufixed<128, 2, (ap_q_mode)5, (ap_o_mode)3, 0>::ap_ufixed(char const*)' into '__cxx_global_var_init.1663' (r:/ci/prod/2020.2/rdi_builds/continuous/2020_11_18_3064766/src/shared/hls/clib/hlsmath/src/common/hls_cordic_apfixed.cpp:50:2)
INFO: [HLS 214-131] Inlining function 'ap_ufixed<128, 2, (ap_q_mode)5, (ap_o_mode)3, 0>::ap_ufixed(char const*)' into '__cxx_global_var_init.1663' (r:/ci/prod/2020.2/rdi_builds/continuous/2020_11_18_3064766/src/shared/hls/clib/hlsmath/src/common/hls_cordic_apfixed.cpp:51:2)
INFO: [HLS 214-131] Inlining function 'ap_ufixed<128, 2, (ap_q_mode)5, (ap_o_mode)3, 0>::ap_ufixed(char const*)' into '__cxx_global_var_init.1663' (r:/ci/prod/2020.2/rdi_builds/continuous/2020_11_18_3064766/src/shared/hls/clib/hlsmath/src/common/hls_cordic_apfixed.cpp:52:2)
INFO: [HLS 214-131] Inlining function 'ap_ufixed<128, 2, (ap_q_mode)5, (ap_o_mode)3, 0>::ap_ufixed(char const*)' into '__cxx_global_var_init.1663' (r:/ci/prod/2020.2/rdi_builds/continuous/2020_11_18_3064766/src/shared/hls/clib/hlsmath/src/common/hls_cordic_apfixed.cpp:53:2)
INFO: [HLS 214-131] Inlining function 'ap_ufixed<128, 2, (ap_q_mode)5, (ap_o_mode)3, 0>::ap_ufixed(char const*)' into '__cxx_global_var_init.1663' (r:/ci/prod/2020.2/rdi_builds/continuous/2020_11_18_3064766/src/shared/hls/clib/hlsmath/src/common/hls_cordic_apfixed.cpp:54:2)
INFO: [HLS 214-131] Inlining function 'ap_ufixed<128, 2, (ap_q_mode)5, (ap_o_mode)3, 0>::ap_ufixed(char const*)' into '__cxx_global_var_init.1663' (r:/ci/prod/2020.2/rdi_builds/continuous/2020_11_18_3064766/src/shared/hls/clib/hlsmath/src/common/hls_cordic_apfixed.cpp:55:2)
INFO: [HLS 214-131] Inlining function 'ap_ufixed<128, 2, (ap_q_mode)5, (ap_o_mode)3, 0>::ap_ufixed(char const*)' into '__cxx_global_var_init.1663' (r:/ci/prod/2020.2/rdi_builds/continuous/2020_11_18_3064766/src/shared/hls/clib/hlsmath/src/common/hls_cordic_apfixed.cpp:56:2)
INFO: [HLS 214-131] Inlining function 'ap_ufixed<128, 2, (ap_q_mode)5, (ap_o_mode)3, 0>::ap_ufixed(char const*)' into '__cxx_global_var_init.1663' (r:/ci/prod/2020.2/rdi_builds/continuous/2020_11_18_3064766/src/shared/hls/clib/hlsmath/src/common/hls_cordic_apfixed.cpp:57:2)
INFO: [HLS 214-131] Inlining function 'ap_ufixed<128, 2, (ap_q_mode)5, (ap_o_mode)3, 0>::ap_ufixed(char const*)' into '__cxx_global_var_init.1663' (r:/ci/prod/2020.2/rdi_builds/continuous/2020_11_18_3064766/src/shared/hls/clib/hlsmath/src/common/hls_cordic_apfixed.cpp:58:2)
INFO: [HLS 214-131] Inlining function 'ap_ufixed<128, 2, (ap_q_mode)5, (ap_o_mode)3, 0>::ap_ufixed(char const*)' into '__cxx_global_var_init.1663' (r:/ci/prod/2020.2/rdi_builds/continuous/2020_11_18_3064766/src/shared/hls/clib/hlsmath/src/common/hls_cordic_apfixed.cpp:59:2)
INFO: [HLS 214-131] Inlining function 'ap_ufixed<128, 2, (ap_q_mode)5, (ap_o_mode)3, 0>::ap_ufixed(char const*)' into '__cxx_global_var_init.1663' (r:/ci/prod/2020.2/rdi_builds/continuous/2020_11_18_3064766/src/shared/hls/clib/hlsmath/src/common/hls_cordic_apfixed.cpp:60:2)
INFO: [HLS 214-131] Inlining function 'ap_ufixed<128, 2, (ap_q_mode)5, (ap_o_mode)3, 0>::ap_ufixed(char const*)' into '__cxx_global_var_init.1663' (r:/ci/prod/2020.2/rdi_builds/continuous/2020_11_18_3064766/src/shared/hls/clib/hlsmath/src/common/hls_cordic_apfixed.cpp:61:2)
INFO: [HLS 214-131] Inlining function 'ap_ufixed<128, 2, (ap_q_mode)5, (ap_o_mode)3, 0>::ap_ufixed(char const*)' into '__cxx_global_var_init.1663' (r:/ci/prod/2020.2/rdi_builds/continuous/2020_11_18_3064766/src/shared/hls/clib/hlsmath/src/common/hls_cordic_apfixed.cpp:62:2)
INFO: [HLS 214-131] Inlining function 'ap_ufixed<128, 2, (ap_q_mode)5, (ap_o_mode)3, 0>::ap_ufixed(char const*)' into '__cxx_global_var_init.1663' (r:/ci/prod/2020.2/rdi_builds/continuous/2020_11_18_3064766/src/shared/hls/clib/hlsmath/src/common/hls_cordic_apfixed.cpp:63:2)
INFO: [HLS 214-131] Inlining function 'ap_ufixed<128, 2, (ap_q_mode)5, (ap_o_mode)3, 0>::ap_ufixed(char const*)' into '__cxx_global_var_init.1663' (r:/ci/prod/2020.2/rdi_builds/continuous/2020_11_18_3064766/src/shared/hls/clib/hlsmath/src/common/hls_cordic_apfixed.cpp:64:2)
INFO: [HLS 214-131] Inlining function 'ap_ufixed<128, 2, (ap_q_mode)5, (ap_o_mode)3, 0>::ap_ufixed(char const*)' into '__cxx_global_var_init.1663' (r:/ci/prod/2020.2/rdi_builds/continuous/2020_11_18_3064766/src/shared/hls/clib/hlsmath/src/common/hls_cordic_apfixed.cpp:65:2)
INFO: [HLS 214-131] Inlining function 'ap_ufixed<128, 2, (ap_q_mode)5, (ap_o_mode)3, 0>::ap_ufixed(char const*)' into '__cxx_global_var_init.1663' (r:/ci/prod/2020.2/rdi_builds/continuous/2020_11_18_3064766/src/shared/hls/clib/hlsmath/src/common/hls_cordic_apfixed.cpp:66:2)
INFO: [HLS 214-131] Inlining function 'ap_ufixed<128, 2, (ap_q_mode)5, (ap_o_mode)3, 0>::ap_ufixed(char const*)' into '__cxx_global_var_init.1663' (r:/ci/prod/2020.2/rdi_builds/continuous/2020_11_18_3064766/src/shared/hls/clib/hlsmath/src/common/hls_cordic_apfixed.cpp:67:2)
INFO: [HLS 214-131] Inlining function 'ap_ufixed<128, 2, (ap_q_mode)5, (ap_o_mode)3, 0>::ap_ufixed(char const*)' into '__cxx_global_var_init.1663' (r:/ci/prod/2020.2/rdi_builds/continuous/2020_11_18_3064766/src/shared/hls/clib/hlsmath/src/common/hls_cordic_apfixed.cpp:68:2)
INFO: [HLS 214-131] Inlining function 'ap_ufixed<128, 2, (ap_q_mode)5, (ap_o_mode)3, 0>::ap_ufixed(char const*)' into '__cxx_global_var_init.1663' (r:/ci/prod/2020.2/rdi_builds/continuous/2020_11_18_3064766/src/shared/hls/clib/hlsmath/src/common/hls_cordic_apfixed.cpp:69:2)
INFO: [HLS 214-131] Inlining function 'ap_ufixed<128, 2, (ap_q_mode)5, (ap_o_mode)3, 0>::ap_ufixed(char const*)' into '__cxx_global_var_init.1663' (r:/ci/prod/2020.2/rdi_builds/continuous/2020_11_18_3064766/src/shared/hls/clib/hlsmath/src/common/hls_cordic_apfixed.cpp:70:2)
INFO: [HLS 214-131] Inlining function 'ap_ufixed<128, 2, (ap_q_mode)5, (ap_o_mode)3, 0>::ap_ufixed(char const*)' into '__cxx_global_var_init.1663' (r:/ci/prod/2020.2/rdi_builds/continuous/2020_11_18_3064766/src/shared/hls/clib/hlsmath/src/common/hls_cordic_apfixed.cpp:71:2)
INFO: [HLS 214-131] Inlining function 'ap_ufixed<128, 2, (ap_q_mode)5, (ap_o_mode)3, 0>::ap_ufixed(char const*)' into '__cxx_global_var_init.1663' (r:/ci/prod/2020.2/rdi_builds/continuous/2020_11_18_3064766/src/shared/hls/clib/hlsmath/src/common/hls_cordic_apfixed.cpp:72:2)
INFO: [HLS 214-131] Inlining function 'ap_ufixed<128, 2, (ap_q_mode)5, (ap_o_mode)3, 0>::ap_ufixed(char const*)' into '__cxx_global_var_init.1663' (r:/ci/prod/2020.2/rdi_builds/continuous/2020_11_18_3064766/src/shared/hls/clib/hlsmath/src/common/hls_cordic_apfixed.cpp:73:2)
INFO: [HLS 214-131] Inlining function 'ap_ufixed<128, 2, (ap_q_mode)5, (ap_o_mode)3, 0>::ap_ufixed(char const*)' into '__cxx_global_var_init.1663' (r:/ci/prod/2020.2/rdi_builds/continuous/2020_11_18_3064766/src/shared/hls/clib/hlsmath/src/common/hls_cordic_apfixed.cpp:74:2)
INFO: [HLS 214-131] Inlining function 'ap_ufixed<128, 2, (ap_q_mode)5, (ap_o_mode)3, 0>::ap_ufixed(char const*)' into '__cxx_global_var_init.1663' (r:/ci/prod/2020.2/rdi_builds/continuous/2020_11_18_3064766/src/shared/hls/clib/hlsmath/src/common/hls_cordic_apfixed.cpp:75:2)
INFO: [HLS 214-131] Inlining function 'ap_ufixed<128, 2, (ap_q_mode)5, (ap_o_mode)3, 0>::ap_ufixed(char const*)' into '__cxx_global_var_init.1663' (r:/ci/prod/2020.2/rdi_builds/continuous/2020_11_18_3064766/src/shared/hls/clib/hlsmath/src/common/hls_cordic_apfixed.cpp:76:2)
INFO: [HLS 214-131] Inlining function 'ap_ufixed<128, 2, (ap_q_mode)5, (ap_o_mode)3, 0>::ap_ufixed(char const*)' into '__cxx_global_var_init.1663' (r:/ci/prod/2020.2/rdi_builds/continuous/2020_11_18_3064766/src/shared/hls/clib/hlsmath/src/common/hls_cordic_apfixed.cpp:77:2)
INFO: [HLS 214-131] Inlining function 'ap_ufixed<128, 2, (ap_q_mode)5, (ap_o_mode)3, 0>::ap_ufixed(char const*)' into '__cxx_global_var_init.1663' (r:/ci/prod/2020.2/rdi_builds/continuous/2020_11_18_3064766/src/shared/hls/clib/hlsmath/src/common/hls_cordic_apfixed.cpp:78:2)
INFO: [HLS 214-131] Inlining function 'ap_ufixed<128, 2, (ap_q_mode)5, (ap_o_mode)3, 0>::ap_ufixed(char const*)' into '__cxx_global_var_init.1663' (r:/ci/prod/2020.2/rdi_builds/continuous/2020_11_18_3064766/src/shared/hls/clib/hlsmath/src/common/hls_cordic_apfixed.cpp:79:2)
INFO: [HLS 214-131] Inlining function 'ap_ufixed<128, 2, (ap_q_mode)5, (ap_o_mode)3, 0>::ap_ufixed(char const*)' into '__cxx_global_var_init.1663' (r:/ci/prod/2020.2/rdi_builds/continuous/2020_11_18_3064766/src/shared/hls/clib/hlsmath/src/common/hls_cordic_apfixed.cpp:80:2)
INFO: [HLS 214-131] Inlining function 'ap_ufixed<128, 2, (ap_q_mode)5, (ap_o_mode)3, 0>::ap_ufixed(char const*)' into '__cxx_global_var_init.1663' (r:/ci/prod/2020.2/rdi_builds/continuous/2020_11_18_3064766/src/shared/hls/clib/hlsmath/src/common/hls_cordic_apfixed.cpp:81:2)
INFO: [HLS 214-131] Inlining function 'ap_ufixed<128, 2, (ap_q_mode)5, (ap_o_mode)3, 0>::ap_ufixed(char const*)' into '__cxx_global_var_init.1663' (r:/ci/prod/2020.2/rdi_builds/continuous/2020_11_18_3064766/src/shared/hls/clib/hlsmath/src/common/hls_cordic_apfixed.cpp:82:2)
INFO: [HLS 214-131] Inlining function 'ap_ufixed<128, 2, (ap_q_mode)5, (ap_o_mode)3, 0>::ap_ufixed(char const*)' into '__cxx_global_var_init.1663' (r:/ci/prod/2020.2/rdi_builds/continuous/2020_11_18_3064766/src/shared/hls/clib/hlsmath/src/common/hls_cordic_apfixed.cpp:83:2)
INFO: [HLS 214-131] Inlining function 'ap_ufixed<128, 2, (ap_q_mode)5, (ap_o_mode)3, 0>::ap_ufixed(char const*)' into '__cxx_global_var_init.1663' (r:/ci/prod/2020.2/rdi_builds/continuous/2020_11_18_3064766/src/shared/hls/clib/hlsmath/src/common/hls_cordic_apfixed.cpp:84:2)
INFO: [HLS 214-131] Inlining function 'ap_ufixed<128, 2, (ap_q_mode)5, (ap_o_mode)3, 0>::ap_ufixed(char const*)' into '__cxx_global_var_init.1663' (r:/ci/prod/2020.2/rdi_builds/continuous/2020_11_18_3064766/src/shared/hls/clib/hlsmath/src/common/hls_cordic_apfixed.cpp:85:2)
INFO: [HLS 214-131] Inlining function 'ap_ufixed<128, 2, (ap_q_mode)5, (ap_o_mode)3, 0>::ap_ufixed(char const*)' into '__cxx_global_var_init.1663' (r:/ci/prod/2020.2/rdi_builds/continuous/2020_11_18_3064766/src/shared/hls/clib/hlsmath/src/common/hls_cordic_apfixed.cpp:86:2)
INFO: [HLS 214-131] Inlining function 'ap_ufixed<128, 2, (ap_q_mode)5, (ap_o_mode)3, 0>::ap_ufixed(char const*)' into '__cxx_global_var_init.1663' (r:/ci/prod/2020.2/rdi_builds/continuous/2020_11_18_3064766/src/shared/hls/clib/hlsmath/src/common/hls_cordic_apfixed.cpp:87:2)
INFO: [HLS 214-131] Inlining function 'ap_ufixed<128, 2, (ap_q_mode)5, (ap_o_mode)3, 0>::ap_ufixed(char const*)' into '__cxx_global_var_init.1663' (r:/ci/prod/2020.2/rdi_builds/continuous/2020_11_18_3064766/src/shared/hls/clib/hlsmath/src/common/hls_cordic_apfixed.cpp:88:2)
INFO: [HLS 214-131] Inlining function 'ap_ufixed<128, 2, (ap_q_mode)5, (ap_o_mode)3, 0>::ap_ufixed(char const*)' into '__cxx_global_var_init.1663' (r:/ci/prod/2020.2/rdi_builds/continuous/2020_11_18_3064766/src/shared/hls/clib/hlsmath/src/common/hls_cordic_apfixed.cpp:89:2)
INFO: [HLS 214-131] Inlining function 'ap_ufixed<128, 2, (ap_q_mode)5, (ap_o_mode)3, 0>::ap_ufixed(char const*)' into '__cxx_global_var_init.1663' (r:/ci/prod/2020.2/rdi_builds/continuous/2020_11_18_3064766/src/shared/hls/clib/hlsmath/src/common/hls_cordic_apfixed.cpp:90:2)
INFO: [HLS 214-131] Inlining function 'ap_ufixed<128, 2, (ap_q_mode)5, (ap_o_mode)3, 0>::ap_ufixed(char const*)' into '__cxx_global_var_init.1663' (r:/ci/prod/2020.2/rdi_builds/continuous/2020_11_18_3064766/src/shared/hls/clib/hlsmath/src/common/hls_cordic_apfixed.cpp:91:2)
INFO: [HLS 214-131] Inlining function 'ap_ufixed<128, 2, (ap_q_mode)5, (ap_o_mode)3, 0>::ap_ufixed(char const*)' into '__cxx_global_var_init.1663' (r:/ci/prod/2020.2/rdi_builds/continuous/2020_11_18_3064766/src/shared/hls/clib/hlsmath/src/common/hls_cordic_apfixed.cpp:92:2)
INFO: [HLS 214-131] Inlining function 'ap_ufixed<128, 2, (ap_q_mode)5, (ap_o_mode)3, 0>::ap_ufixed(char const*)' into '__cxx_global_var_init.1663' (r:/ci/prod/2020.2/rdi_builds/continuous/2020_11_18_3064766/src/shared/hls/clib/hlsmath/src/common/hls_cordic_apfixed.cpp:93:2)
INFO: [HLS 214-131] Inlining function 'ap_ufixed<128, 2, (ap_q_mode)5, (ap_o_mode)3, 0>::ap_ufixed(char const*)' into '__cxx_global_var_init.1663' (r:/ci/prod/2020.2/rdi_builds/continuous/2020_11_18_3064766/src/shared/hls/clib/hlsmath/src/common/hls_cordic_apfixed.cpp:94:2)
INFO: [HLS 214-131] Inlining function 'ap_ufixed<128, 2, (ap_q_mode)5, (ap_o_mode)3, 0>::ap_ufixed(char const*)' into '__cxx_global_var_init.1663' (r:/ci/prod/2020.2/rdi_builds/continuous/2020_11_18_3064766/src/shared/hls/clib/hlsmath/src/common/hls_cordic_apfixed.cpp:95:2)
INFO: [HLS 214-131] Inlining function 'ap_ufixed<128, 2, (ap_q_mode)5, (ap_o_mode)3, 0>::ap_ufixed(char const*)' into '__cxx_global_var_init.1663' (r:/ci/prod/2020.2/rdi_builds/continuous/2020_11_18_3064766/src/shared/hls/clib/hlsmath/src/common/hls_cordic_apfixed.cpp:96:2)
INFO: [HLS 214-131] Inlining function 'ap_ufixed<128, 2, (ap_q_mode)5, (ap_o_mode)3, 0>::ap_ufixed(char const*)' into '__cxx_global_var_init.1663' (r:/ci/prod/2020.2/rdi_builds/continuous/2020_11_18_3064766/src/shared/hls/clib/hlsmath/src/common/hls_cordic_apfixed.cpp:97:2)
INFO: [HLS 214-131] Inlining function 'ap_ufixed<128, 2, (ap_q_mode)5, (ap_o_mode)3, 0>::ap_ufixed(char const*)' into '__cxx_global_var_init.1663' (r:/ci/prod/2020.2/rdi_builds/continuous/2020_11_18_3064766/src/shared/hls/clib/hlsmath/src/common/hls_cordic_apfixed.cpp:98:2)
INFO: [HLS 214-131] Inlining function 'ap_ufixed<128, 2, (ap_q_mode)5, (ap_o_mode)3, 0>::ap_ufixed(char const*)' into '__cxx_global_var_init.1663' (r:/ci/prod/2020.2/rdi_builds/continuous/2020_11_18_3064766/src/shared/hls/clib/hlsmath/src/common/hls_cordic_apfixed.cpp:99:2)
INFO: [HLS 214-131] Inlining function 'ap_ufixed<128, 2, (ap_q_mode)5, (ap_o_mode)3, 0>::ap_ufixed(char const*)' into '__cxx_global_var_init.1663' (r:/ci/prod/2020.2/rdi_builds/continuous/2020_11_18_3064766/src/shared/hls/clib/hlsmath/src/common/hls_cordic_apfixed.cpp:100:2)
INFO: [HLS 214-131] Inlining function 'ap_ufixed<128, 2, (ap_q_mode)5, (ap_o_mode)3, 0>::ap_ufixed(char const*)' into '__cxx_global_var_init.1663' (r:/ci/prod/2020.2/rdi_builds/continuous/2020_11_18_3064766/src/shared/hls/clib/hlsmath/src/common/hls_cordic_apfixed.cpp:101:2)
INFO: [HLS 214-131] Inlining function 'ap_ufixed<128, 2, (ap_q_mode)5, (ap_o_mode)3, 0>::ap_ufixed(char const*)' into '__cxx_global_var_init.1663' (r:/ci/prod/2020.2/rdi_builds/continuous/2020_11_18_3064766/src/shared/hls/clib/hlsmath/src/common/hls_cordic_apfixed.cpp:102:2)
INFO: [HLS 214-131] Inlining function 'ap_ufixed<128, 2, (ap_q_mode)5, (ap_o_mode)3, 0>::ap_ufixed(char const*)' into '__cxx_global_var_init.1663' (r:/ci/prod/2020.2/rdi_builds/continuous/2020_11_18_3064766/src/shared/hls/clib/hlsmath/src/common/hls_cordic_apfixed.cpp:103:2)
INFO: [HLS 214-131] Inlining function 'ap_ufixed<128, 2, (ap_q_mode)5, (ap_o_mode)3, 0>::ap_ufixed(char const*)' into '__cxx_global_var_init.1663' (r:/ci/prod/2020.2/rdi_builds/continuous/2020_11_18_3064766/src/shared/hls/clib/hlsmath/src/common/hls_cordic_apfixed.cpp:104:2)
INFO: [HLS 214-131] Inlining function 'ap_ufixed<128, 2, (ap_q_mode)5, (ap_o_mode)3, 0>::ap_ufixed(char const*)' into '__cxx_global_var_init.1663' (r:/ci/prod/2020.2/rdi_builds/continuous/2020_11_18_3064766/src/shared/hls/clib/hlsmath/src/common/hls_cordic_apfixed.cpp:105:2)
INFO: [HLS 214-131] Inlining function 'ap_ufixed<128, 2, (ap_q_mode)5, (ap_o_mode)3, 0>::ap_ufixed(char const*)' into '__cxx_global_var_init.1663' (r:/ci/prod/2020.2/rdi_builds/continuous/2020_11_18_3064766/src/shared/hls/clib/hlsmath/src/common/hls_cordic_apfixed.cpp:106:2)
INFO: [HLS 214-131] Inlining function 'ap_ufixed<128, 2, (ap_q_mode)5, (ap_o_mode)3, 0>::ap_ufixed(char const*)' into '__cxx_global_var_init.1663' (r:/ci/prod/2020.2/rdi_builds/continuous/2020_11_18_3064766/src/shared/hls/clib/hlsmath/src/common/hls_cordic_apfixed.cpp:107:2)
INFO: [HLS 214-131] Inlining function 'ap_ufixed<128, 2, (ap_q_mode)5, (ap_o_mode)3, 0>::ap_ufixed(char const*)' into '__cxx_global_var_init.1663' (r:/ci/prod/2020.2/rdi_builds/continuous/2020_11_18_3064766/src/shared/hls/clib/hlsmath/src/common/hls_cordic_apfixed.cpp:108:2)
INFO: [HLS 214-131] Inlining function 'ap_ufixed<128, 2, (ap_q_mode)5, (ap_o_mode)3, 0>::ap_ufixed(char const*)' into '__cxx_global_var_init.1663' (r:/ci/prod/2020.2/rdi_builds/continuous/2020_11_18_3064766/src/shared/hls/clib/hlsmath/src/common/hls_cordic_apfixed.cpp:109:2)
INFO: [HLS 214-131] Inlining function 'ap_ufixed<128, 2, (ap_q_mode)5, (ap_o_mode)3, 0>::ap_ufixed(char const*)' into '__cxx_global_var_init.1663' (r:/ci/prod/2020.2/rdi_builds/continuous/2020_11_18_3064766/src/shared/hls/clib/hlsmath/src/common/hls_cordic_apfixed.cpp:110:2)
INFO: [HLS 214-131] Inlining function 'ap_ufixed<128, 2, (ap_q_mode)5, (ap_o_mode)3, 0>::ap_ufixed(char const*)' into '__cxx_global_var_init.1663' (r:/ci/prod/2020.2/rdi_builds/continuous/2020_11_18_3064766/src/shared/hls/clib/hlsmath/src/common/hls_cordic_apfixed.cpp:111:2)
INFO: [HLS 214-131] Inlining function 'ap_ufixed<128, 2, (ap_q_mode)5, (ap_o_mode)3, 0>::ap_ufixed(char const*)' into '__cxx_global_var_init.1663' (r:/ci/prod/2020.2/rdi_builds/continuous/2020_11_18_3064766/src/shared/hls/clib/hlsmath/src/common/hls_cordic_apfixed.cpp:112:2)
INFO: [HLS 214-131] Inlining function 'ap_ufixed<128, 2, (ap_q_mode)5, (ap_o_mode)3, 0>::ap_ufixed(char const*)' into '__cxx_global_var_init.1663' (r:/ci/prod/2020.2/rdi_builds/continuous/2020_11_18_3064766/src/shared/hls/clib/hlsmath/src/common/hls_cordic_apfixed.cpp:113:2)
INFO: [HLS 214-131] Inlining function 'ap_ufixed<128, 2, (ap_q_mode)5, (ap_o_mode)3, 0>::ap_ufixed(char const*)' into '__cxx_global_var_init.1663' (r:/ci/prod/2020.2/rdi_builds/continuous/2020_11_18_3064766/src/shared/hls/clib/hlsmath/src/common/hls_cordic_apfixed.cpp:114:2)
INFO: [HLS 214-131] Inlining function 'ap_ufixed<128, 2, (ap_q_mode)5, (ap_o_mode)3, 0>::ap_ufixed(char const*)' into '__cxx_global_var_init.1663' (r:/ci/prod/2020.2/rdi_builds/continuous/2020_11_18_3064766/src/shared/hls/clib/hlsmath/src/common/hls_cordic_apfixed.cpp:115:2)
INFO: [HLS 214-131] Inlining function 'ap_ufixed<128, 2, (ap_q_mode)5, (ap_o_mode)3, 0>::ap_ufixed(char const*)' into '__cxx_global_var_init.1663' (r:/ci/prod/2020.2/rdi_builds/continuous/2020_11_18_3064766/src/shared/hls/clib/hlsmath/src/common/hls_cordic_apfixed.cpp:116:2)
INFO: [HLS 214-131] Inlining function 'ap_ufixed<128, 2, (ap_q_mode)5, (ap_o_mode)3, 0>::ap_ufixed(char const*)' into '__cxx_global_var_init.1663' (r:/ci/prod/2020.2/rdi_builds/continuous/2020_11_18_3064766/src/shared/hls/clib/hlsmath/src/common/hls_cordic_apfixed.cpp:117:2)
INFO: [HLS 214-131] Inlining function 'ap_ufixed<128, 2, (ap_q_mode)5, (ap_o_mode)3, 0>::ap_ufixed(char const*)' into '__cxx_global_var_init.1663' (r:/ci/prod/2020.2/rdi_builds/continuous/2020_11_18_3064766/src/shared/hls/clib/hlsmath/src/common/hls_cordic_apfixed.cpp:118:2)
INFO: [HLS 214-131] Inlining function 'ap_ufixed<128, 2, (ap_q_mode)5, (ap_o_mode)3, 0>::ap_ufixed(char const*)' into '__cxx_global_var_init.1663' (r:/ci/prod/2020.2/rdi_builds/continuous/2020_11_18_3064766/src/shared/hls/clib/hlsmath/src/common/hls_cordic_apfixed.cpp:119:2)
INFO: [HLS 214-131] Inlining function 'ap_ufixed<128, 2, (ap_q_mode)5, (ap_o_mode)3, 0>::ap_ufixed(char const*)' into '__cxx_global_var_init.1663' (r:/ci/prod/2020.2/rdi_builds/continuous/2020_11_18_3064766/src/shared/hls/clib/hlsmath/src/common/hls_cordic_apfixed.cpp:120:2)
INFO: [HLS 214-131] Inlining function 'ap_ufixed<128, 2, (ap_q_mode)5, (ap_o_mode)3, 0>::ap_ufixed(char const*)' into '__cxx_global_var_init.1663' (r:/ci/prod/2020.2/rdi_builds/continuous/2020_11_18_3064766/src/shared/hls/clib/hlsmath/src/common/hls_cordic_apfixed.cpp:121:2)
INFO: [HLS 214-131] Inlining function 'ap_ufixed<128, 2, (ap_q_mode)5, (ap_o_mode)3, 0>::ap_ufixed(char const*)' into '__cxx_global_var_init.1663' (r:/ci/prod/2020.2/rdi_builds/continuous/2020_11_18_3064766/src/shared/hls/clib/hlsmath/src/common/hls_cordic_apfixed.cpp:122:2)
INFO: [HLS 214-131] Inlining function 'ap_ufixed<128, 2, (ap_q_mode)5, (ap_o_mode)3, 0>::ap_ufixed(char const*)' into '__cxx_global_var_init.1663' (r:/ci/prod/2020.2/rdi_builds/continuous/2020_11_18_3064766/src/shared/hls/clib/hlsmath/src/common/hls_cordic_apfixed.cpp:123:2)
INFO: [HLS 214-131] Inlining function 'ap_ufixed<128, 2, (ap_q_mode)5, (ap_o_mode)3, 0>::ap_ufixed(char const*)' into '__cxx_global_var_init.1663' (r:/ci/prod/2020.2/rdi_builds/continuous/2020_11_18_3064766/src/shared/hls/clib/hlsmath/src/common/hls_cordic_apfixed.cpp:124:2)
INFO: [HLS 214-131] Inlining function 'ap_ufixed<128, 2, (ap_q_mode)5, (ap_o_mode)3, 0>::ap_ufixed(char const*)' into '__cxx_global_var_init.1663' (r:/ci/prod/2020.2/rdi_builds/continuous/2020_11_18_3064766/src/shared/hls/clib/hlsmath/src/common/hls_cordic_apfixed.cpp:125:2)
INFO: [HLS 214-131] Inlining function 'ap_ufixed<128, 2, (ap_q_mode)5, (ap_o_mode)3, 0>::ap_ufixed(char const*)' into '__cxx_global_var_init.1663' (r:/ci/prod/2020.2/rdi_builds/continuous/2020_11_18_3064766/src/shared/hls/clib/hlsmath/src/common/hls_cordic_apfixed.cpp:126:2)
INFO: [HLS 214-131] Inlining function 'ap_ufixed<128, 2, (ap_q_mode)5, (ap_o_mode)3, 0>::ap_ufixed(char const*)' into '__cxx_global_var_init.1663' (r:/ci/prod/2020.2/rdi_builds/continuous/2020_11_18_3064766/src/shared/hls/clib/hlsmath/src/common/hls_cordic_apfixed.cpp:127:2)
INFO: [HLS 214-131] Inlining function 'ap_ufixed<128, 2, (ap_q_mode)5, (ap_o_mode)3, 0>::ap_ufixed(char const*)' into '__cxx_global_var_init.1663' (r:/ci/prod/2020.2/rdi_builds/continuous/2020_11_18_3064766/src/shared/hls/clib/hlsmath/src/common/hls_cordic_apfixed.cpp:128:2)
INFO: [HLS 214-131] Inlining function 'ap_ufixed<128, 2, (ap_q_mode)5, (ap_o_mode)3, 0>::ap_ufixed(char const*)' into '__cxx_global_var_init.1663' (r:/ci/prod/2020.2/rdi_builds/continuous/2020_11_18_3064766/src/shared/hls/clib/hlsmath/src/common/hls_cordic_apfixed.cpp:129:2)
INFO: [HLS 214-131] Inlining function 'ap_ufixed<128, 2, (ap_q_mode)5, (ap_o_mode)3, 0>::ap_ufixed(char const*)' into '__cxx_global_var_init.1663' (r:/ci/prod/2020.2/rdi_builds/continuous/2020_11_18_3064766/src/shared/hls/clib/hlsmath/src/common/hls_cordic_apfixed.cpp:130:2)
INFO: [HLS 214-131] Inlining function 'ap_ufixed<128, 2, (ap_q_mode)5, (ap_o_mode)3, 0>::ap_ufixed(char const*)' into '__cxx_global_var_init.1663' (r:/ci/prod/2020.2/rdi_builds/continuous/2020_11_18_3064766/src/shared/hls/clib/hlsmath/src/common/hls_cordic_apfixed.cpp:131:2)
INFO: [HLS 214-131] Inlining function 'ap_ufixed<128, 2, (ap_q_mode)5, (ap_o_mode)3, 0>::ap_ufixed(char const*)' into '__cxx_global_var_init.1663' (r:/ci/prod/2020.2/rdi_builds/continuous/2020_11_18_3064766/src/shared/hls/clib/hlsmath/src/common/hls_cordic_apfixed.cpp:132:2)
INFO: [HLS 214-131] Inlining function 'ap_ufixed<128, 2, (ap_q_mode)5, (ap_o_mode)3, 0>::ap_ufixed(char const*)' into '__cxx_global_var_init.1663' (r:/ci/prod/2020.2/rdi_builds/continuous/2020_11_18_3064766/src/shared/hls/clib/hlsmath/src/common/hls_cordic_apfixed.cpp:133:2)
INFO: [HLS 214-131] Inlining function 'ap_ufixed<128, 2, (ap_q_mode)5, (ap_o_mode)3, 0>::ap_ufixed(char const*)' into '__cxx_global_var_init.1663' (r:/ci/prod/2020.2/rdi_builds/continuous/2020_11_18_3064766/src/shared/hls/clib/hlsmath/src/common/hls_cordic_apfixed.cpp:134:2)
INFO: [HLS 214-131] Inlining function 'ap_ufixed<128, 2, (ap_q_mode)5, (ap_o_mode)3, 0>::ap_ufixed(char const*)' into '__cxx_global_var_init.1663' (r:/ci/prod/2020.2/rdi_builds/continuous/2020_11_18_3064766/src/shared/hls/clib/hlsmath/src/common/hls_cordic_apfixed.cpp:135:2)
INFO: [HLS 214-131] Inlining function 'ap_ufixed<128, 2, (ap_q_mode)5, (ap_o_mode)3, 0>::ap_ufixed(char const*)' into '__cxx_global_var_init.1663' (r:/ci/prod/2020.2/rdi_builds/continuous/2020_11_18_3064766/src/shared/hls/clib/hlsmath/src/common/hls_cordic_apfixed.cpp:136:2)
INFO: [HLS 214-131] Inlining function 'ap_ufixed<128, 2, (ap_q_mode)5, (ap_o_mode)3, 0>::ap_ufixed(char const*)' into '__cxx_global_var_init.1663' (r:/ci/prod/2020.2/rdi_builds/continuous/2020_11_18_3064766/src/shared/hls/clib/hlsmath/src/common/hls_cordic_apfixed.cpp:137:2)
INFO: [HLS 214-131] Inlining function 'ap_ufixed<128, 2, (ap_q_mode)5, (ap_o_mode)3, 0>::ap_ufixed(char const*)' into '__cxx_global_var_init.1663' (r:/ci/prod/2020.2/rdi_builds/continuous/2020_11_18_3064766/src/shared/hls/clib/hlsmath/src/common/hls_cordic_apfixed.cpp:138:2)
INFO: [HLS 214-131] Inlining function 'ap_ufixed<128, 2, (ap_q_mode)5, (ap_o_mode)3, 0>::ap_ufixed(char const*)' into '__cxx_global_var_init.1663' (r:/ci/prod/2020.2/rdi_builds/continuous/2020_11_18_3064766/src/shared/hls/clib/hlsmath/src/common/hls_cordic_apfixed.cpp:139:2)
INFO: [HLS 214-131] Inlining function 'ap_ufixed<128, 2, (ap_q_mode)5, (ap_o_mode)3, 0>::ap_ufixed(char const*)' into '__cxx_global_var_init.1663' (r:/ci/prod/2020.2/rdi_builds/continuous/2020_11_18_3064766/src/shared/hls/clib/hlsmath/src/common/hls_cordic_apfixed.cpp:140:2)
INFO: [HLS 214-131] Inlining function 'ap_ufixed<128, 2, (ap_q_mode)5, (ap_o_mode)3, 0>::ap_ufixed(char const*)' into '__cxx_global_var_init.1663' (r:/ci/prod/2020.2/rdi_builds/continuous/2020_11_18_3064766/src/shared/hls/clib/hlsmath/src/common/hls_cordic_apfixed.cpp:141:2)
INFO: [HLS 214-131] Inlining function 'ap_ufixed<128, 2, (ap_q_mode)5, (ap_o_mode)3, 0>::ap_ufixed(char const*)' into '__cxx_global_var_init.1663' (r:/ci/prod/2020.2/rdi_builds/continuous/2020_11_18_3064766/src/shared/hls/clib/hlsmath/src/common/hls_cordic_apfixed.cpp:142:2)
INFO: [HLS 214-131] Inlining function 'ap_ufixed<128, 2, (ap_q_mode)5, (ap_o_mode)3, 0>::ap_ufixed(char const*)' into '__cxx_global_var_init.1663' (r:/ci/prod/2020.2/rdi_builds/continuous/2020_11_18_3064766/src/shared/hls/clib/hlsmath/src/common/hls_cordic_apfixed.cpp:143:2)
INFO: [HLS 214-131] Inlining function 'ap_ufixed<128, 2, (ap_q_mode)5, (ap_o_mode)3, 0>::ap_ufixed(char const*)' into '__cxx_global_var_init.1663' (r:/ci/prod/2020.2/rdi_builds/continuous/2020_11_18_3064766/src/shared/hls/clib/hlsmath/src/common/hls_cordic_apfixed.cpp:144:2)
INFO: [HLS 214-131] Inlining function 'ap_ufixed<128, 2, (ap_q_mode)5, (ap_o_mode)3, 0>::ap_ufixed(char const*)' into '__cxx_global_var_init.1663' (r:/ci/prod/2020.2/rdi_builds/continuous/2020_11_18_3064766/src/shared/hls/clib/hlsmath/src/common/hls_cordic_apfixed.cpp:145:2)
INFO: [HLS 214-131] Inlining function 'ap_ufixed<128, 2, (ap_q_mode)5, (ap_o_mode)3, 0>::ap_ufixed(char const*)' into '__cxx_global_var_init.1663' (r:/ci/prod/2020.2/rdi_builds/continuous/2020_11_18_3064766/src/shared/hls/clib/hlsmath/src/common/hls_cordic_apfixed.cpp:146:2)
INFO: [HLS 214-131] Inlining function 'ap_ufixed<128, 2, (ap_q_mode)5, (ap_o_mode)3, 0>::ap_ufixed(char const*)' into '__cxx_global_var_init.1663' (r:/ci/prod/2020.2/rdi_builds/continuous/2020_11_18_3064766/src/shared/hls/clib/hlsmath/src/common/hls_cordic_apfixed.cpp:147:2)
INFO: [HLS 214-131] Inlining function 'ap_ufixed<128, 2, (ap_q_mode)5, (ap_o_mode)3, 0>::ap_ufixed(char const*)' into '__cxx_global_var_init.1663' (r:/ci/prod/2020.2/rdi_builds/continuous/2020_11_18_3064766/src/shared/hls/clib/hlsmath/src/common/hls_cordic_apfixed.cpp:148:2)
INFO: [HLS 214-131] Inlining function 'ap_ufixed<128, 2, (ap_q_mode)5, (ap_o_mode)3, 0>::ap_ufixed(char const*)' into '__cxx_global_var_init.1663' (r:/ci/prod/2020.2/rdi_builds/continuous/2020_11_18_3064766/src/shared/hls/clib/hlsmath/src/common/hls_cordic_apfixed.cpp:149:2)
INFO: [HLS 214-131] Inlining function 'ap_ufixed<128, 2, (ap_q_mode)5, (ap_o_mode)3, 0>::ap_ufixed(char const*)' into '__cxx_global_var_init.1663' (r:/ci/prod/2020.2/rdi_builds/continuous/2020_11_18_3064766/src/shared/hls/clib/hlsmath/src/common/hls_cordic_apfixed.cpp:150:2)
INFO: [HLS 214-131] Inlining function 'ap_ufixed<128, 2, (ap_q_mode)5, (ap_o_mode)3, 0>::ap_ufixed(char const*)' into '__cxx_global_var_init.1663' (r:/ci/prod/2020.2/rdi_builds/continuous/2020_11_18_3064766/src/shared/hls/clib/hlsmath/src/common/hls_cordic_apfixed.cpp:151:2)
INFO: [HLS 214-131] Inlining function 'ap_ufixed<128, 2, (ap_q_mode)5, (ap_o_mode)3, 0>::ap_ufixed(char const*)' into '__cxx_global_var_init.1663' (r:/ci/prod/2020.2/rdi_builds/continuous/2020_11_18_3064766/src/shared/hls/clib/hlsmath/src/common/hls_cordic_apfixed.cpp:152:2)
INFO: [HLS 214-131] Inlining function 'ap_ufixed<128, 2, (ap_q_mode)5, (ap_o_mode)3, 0>::ap_ufixed(char const*)' into '__cxx_global_var_init.1663' (r:/ci/prod/2020.2/rdi_builds/continuous/2020_11_18_3064766/src/shared/hls/clib/hlsmath/src/common/hls_cordic_apfixed.cpp:153:2)
INFO: [HLS 214-131] Inlining function 'ap_ufixed<128, 2, (ap_q_mode)5, (ap_o_mode)3, 0>::ap_ufixed(char const*)' into '__cxx_global_var_init.1663' (r:/ci/prod/2020.2/rdi_builds/continuous/2020_11_18_3064766/src/shared/hls/clib/hlsmath/src/common/hls_cordic_apfixed.cpp:154:2)
INFO: [HLS 214-131] Inlining function 'ap_ufixed<128, 2, (ap_q_mode)5, (ap_o_mode)3, 0>::ap_ufixed(char const*)' into '__cxx_global_var_init.1663' (r:/ci/prod/2020.2/rdi_builds/continuous/2020_11_18_3064766/src/shared/hls/clib/hlsmath/src/common/hls_cordic_apfixed.cpp:155:2)
INFO: [HLS 214-131] Inlining function 'ap_ufixed<128, 2, (ap_q_mode)5, (ap_o_mode)3, 0>::ap_ufixed(char const*)' into '__cxx_global_var_init.1663' (r:/ci/prod/2020.2/rdi_builds/continuous/2020_11_18_3064766/src/shared/hls/clib/hlsmath/src/common/hls_cordic_apfixed.cpp:156:2)
INFO: [HLS 214-131] Inlining function 'ap_ufixed<128, 2, (ap_q_mode)5, (ap_o_mode)3, 0>::ap_ufixed(char const*)' into '__cxx_global_var_init.1663' (r:/ci/prod/2020.2/rdi_builds/continuous/2020_11_18_3064766/src/shared/hls/clib/hlsmath/src/common/hls_cordic_apfixed.cpp:157:2)
INFO: [HLS 214-131] Inlining function 'ap_ufixed<128, 2, (ap_q_mode)5, (ap_o_mode)3, 0>::ap_ufixed(char const*)' into '__cxx_global_var_init.1663' (r:/ci/prod/2020.2/rdi_builds/continuous/2020_11_18_3064766/src/shared/hls/clib/hlsmath/src/common/hls_cordic_apfixed.cpp:158:2)
INFO: [HLS 214-131] Inlining function 'ap_ufixed<128, 2, (ap_q_mode)5, (ap_o_mode)3, 0>::ap_ufixed(char const*)' into '__cxx_global_var_init.1663' (r:/ci/prod/2020.2/rdi_builds/continuous/2020_11_18_3064766/src/shared/hls/clib/hlsmath/src/common/hls_cordic_apfixed.cpp:159:2)
INFO: [HLS 214-131] Inlining function 'ap_ufixed<128, 2, (ap_q_mode)5, (ap_o_mode)3, 0>::ap_ufixed(char const*)' into '__cxx_global_var_init.1663' (r:/ci/prod/2020.2/rdi_builds/continuous/2020_11_18_3064766/src/shared/hls/clib/hlsmath/src/common/hls_cordic_apfixed.cpp:160:2)
INFO: [HLS 214-131] Inlining function 'ap_ufixed<128, 2, (ap_q_mode)5, (ap_o_mode)3, 0>::ap_ufixed(char const*)' into '__cxx_global_var_init.1663' (r:/ci/prod/2020.2/rdi_builds/continuous/2020_11_18_3064766/src/shared/hls/clib/hlsmath/src/common/hls_cordic_apfixed.cpp:161:2)
INFO: [HLS 214-131] Inlining function 'ap_ufixed<128, 2, (ap_q_mode)5, (ap_o_mode)3, 0>::ap_ufixed(char const*)' into '__cxx_global_var_init.1663' (r:/ci/prod/2020.2/rdi_builds/continuous/2020_11_18_3064766/src/shared/hls/clib/hlsmath/src/common/hls_cordic_apfixed.cpp:162:2)
INFO: [HLS 214-131] Inlining function 'ap_ufixed<128, 2, (ap_q_mode)5, (ap_o_mode)3, 0>::ap_ufixed(char const*)' into '__cxx_global_var_init.1663' (r:/ci/prod/2020.2/rdi_builds/continuous/2020_11_18_3064766/src/shared/hls/clib/hlsmath/src/common/hls_cordic_apfixed.cpp:163:2)
INFO: [HLS 214-131] Inlining function 'ap_ufixed<128, 2, (ap_q_mode)5, (ap_o_mode)3, 0>::ap_ufixed(char const*)' into '__cxx_global_var_init.1663' (r:/ci/prod/2020.2/rdi_builds/continuous/2020_11_18_3064766/src/shared/hls/clib/hlsmath/src/common/hls_cordic_apfixed.cpp:164:2)
INFO: [HLS 214-131] Inlining function 'ap_ufixed<128, 2, (ap_q_mode)5, (ap_o_mode)3, 0>::ap_ufixed(char const*)' into '__cxx_global_var_init.1663' (r:/ci/prod/2020.2/rdi_builds/continuous/2020_11_18_3064766/src/shared/hls/clib/hlsmath/src/common/hls_cordic_apfixed.cpp:165:2)
INFO: [HLS 214-131] Inlining function 'ap_ufixed<128, 2, (ap_q_mode)5, (ap_o_mode)3, 0>::ap_ufixed(char const*)' into '__cxx_global_var_init.1663' (r:/ci/prod/2020.2/rdi_builds/continuous/2020_11_18_3064766/src/shared/hls/clib/hlsmath/src/common/hls_cordic_apfixed.cpp:166:2)
INFO: [HLS 214-131] Inlining function 'ap_ufixed<128, 2, (ap_q_mode)5, (ap_o_mode)3, 0>::ap_ufixed(char const*)' into '__cxx_global_var_init.1663' (r:/ci/prod/2020.2/rdi_builds/continuous/2020_11_18_3064766/src/shared/hls/clib/hlsmath/src/common/hls_cordic_apfixed.cpp:167:2)
INFO: [HLS 214-131] Inlining function 'ap_ufixed<128, 2, (ap_q_mode)5, (ap_o_mode)3, 0>::ap_ufixed(char const*)' into '__cxx_global_var_init.1663' (r:/ci/prod/2020.2/rdi_builds/continuous/2020_11_18_3064766/src/shared/hls/clib/hlsmath/src/common/hls_cordic_apfixed.cpp:168:2)
INFO: [HLS 214-131] Inlining function 'ap_ufixed<128, 2, (ap_q_mode)5, (ap_o_mode)3, 0>::ap_ufixed(char const*)' into '__cxx_global_var_init.1663' (r:/ci/prod/2020.2/rdi_builds/continuous/2020_11_18_3064766/src/shared/hls/clib/hlsmath/src/common/hls_cordic_apfixed.cpp:169:2)
INFO: [HLS 214-131] Inlining function 'hls::stream<ap_uint<8>, 0>::stream()' into 'hls::stream<ap_uint<8>, 2>::stream()' (C:/Xilinx/Vitis_HLS/2020.2/common/technology/autopilot/hls_stream_39.h:195:43)
INFO: [HLS 214-131] Inlining function 'hls::stream<ap_uint<8>, 2>::stream()' into 'xf::cv::Mat<0, 1080, 1920, 1, 2>::Mat(int, int)' (vitis_library_vision_L1/include\common/xf_structs.hpp:447:5)
INFO: [HLS 214-131] Inlining function 'xf::cv::Mat<0, 1080, 1920, 1, 2>::init(int, int, bool)' into 'xf::cv::Mat<0, 1080, 1920, 1, 2>::Mat(int, int)' (vitis_library_vision_L1/include\common/xf_structs.hpp:654:2)
INFO: [HLS 214-131] Inlining function 'hls::axis<ap_uint<8>, 1ul, 1ul, 1ul>::get_user_ptr()' into 'hls::stream<hls::axis<ap_uint<8>, 1ul, 1ul, 1ul>, 0>::read()' (C:/Xilinx/Vitis_HLS/2020.2/common/technology/autopilot\ap_axi_sdata.h:293:50)
INFO: [HLS 214-131] Inlining function 'hls::axis<ap_uint<8>, 1ul, 1ul, 1ul>::get_dest_ptr()' into 'hls::stream<hls::axis<ap_uint<8>, 1ul, 1ul, 1ul>, 0>::read()' (C:/Xilinx/Vitis_HLS/2020.2/common/technology/autopilot\ap_axi_sdata.h:296:25)
INFO: [HLS 214-131] Inlining function 'hls::axis<ap_uint<8>, 1ul, 1ul, 1ul>::get_id_ptr()' into 'hls::stream<hls::axis<ap_uint<8>, 1ul, 1ul, 1ul>, 0>::read()' (C:/Xilinx/Vitis_HLS/2020.2/common/technology/autopilot\ap_axi_sdata.h:295:67)
INFO: [HLS 214-131] Inlining function 'hls::axis<ap_uint<8>, 1ul, 1ul, 1ul>::get_user_ptr()' into 'hls::stream<hls::axis<ap_uint<8>, 1ul, 1ul, 1ul>, 0>::read()' (C:/Xilinx/Vitis_HLS/2020.2/common/technology/autopilot\ap_axi_sdata.h:295:36)
INFO: [HLS 214-131] Inlining function 'hls::axis<ap_uint<8>, 1ul, 1ul, 1ul>::get_dest_ptr()' into 'hls::stream<hls::axis<ap_uint<8>, 1ul, 1ul, 1ul>, 0>::read()' (C:/Xilinx/Vitis_HLS/2020.2/common/technology/autopilot\ap_axi_sdata.h:294:39)
INFO: [HLS 214-131] Inlining function 'hls::axis<ap_uint<8>, 1ul, 1ul, 1ul>::get_id_ptr()' into 'hls::stream<hls::axis<ap_uint<8>, 1ul, 1ul, 1ul>, 0>::read()' (C:/Xilinx/Vitis_HLS/2020.2/common/technology/autopilot\ap_axi_sdata.h:294:23)
INFO: [HLS 214-131] Inlining function 'hls::stream<hls::axis<ap_uint<8>, 1ul, 1ul, 1ul>, 0>::read()' into 'void process_input<8, 0, 1080, 1920, 1>(hls::stream<hls::axis<ap_uint<8>, 1ul, 1ul, 1ul>, 0>&, hls::stream<ap_uint<8>, 0>&, int, int)' (src/ORB.cpp:65:23)
INFO: [HLS 214-131] Inlining function 'hls::stream<ap_uint<8>, 0>::write(ap_uint<8> const&)' into 'void process_input<8, 0, 1080, 1920, 1>(hls::stream<hls::axis<ap_uint<8>, 1ul, 1ul, 1ul>, 0>&, hls::stream<ap_uint<8>, 0>&, int, int)' (src/ORB.cpp:65:13)
INFO: [HLS 214-131] Inlining function 'hls::stream<ap_uint<8>, 0>::read(ap_uint<8>&)' into 'hls::stream<ap_uint<8>, 0>::read()' (C:/Xilinx/Vitis_HLS/2020.2/common/technology/autopilot/hls_stream_39.h:156:9)
INFO: [HLS 214-131] Inlining function 'hls::stream<ap_uint<8>, 0>::write(ap_uint<8> const&)' into 'xf::cv::Mat<0, 1080, 1920, 1, 2>::write(int, ap_uint<8>)' (vitis_library_vision_L1/include\common/xf_structs.hpp:689:10)
INFO: [HLS 214-131] Inlining function 'hls::stream<ap_uint<8>, 0>::read()' into 'void process_stream2xfMat<8, 0, 1080, 1920, 1>(hls::stream<ap_uint<8>, 0>&, xf::cv::Mat<0, 1080, 1920, 1, 2>&)' (src/ORB.cpp:75:26)
INFO: [HLS 214-131] Inlining function 'ap_fixed_base<64, 32, false, (ap_q_mode)5, (ap_o_mode)3, 0>::operator!() const' into 'ap_fixed_base<48, 16, false, (ap_q_mode)5, (ap_o_mode)3, 0>& ap_fixed_base<48, 16, false, (ap_q_mode)5, (ap_o_mode)3, 0>::operator=<64, 32, false, (ap_q_mode)5, (ap_o_mode)3, 0>(ap_fixed_base<64, 32, false, (ap_q_mode)5, (ap_o_mode)3, 0> const&)' (C:/Xilinx/Vitis_HLS/2020.2/common/technology/autopilot\ap_fixed_base.h:698:9)
INFO: [HLS 214-131] Inlining function 'ap_fixed_base<48, 16, false, (ap_q_mode)5, (ap_o_mode)3, 0>& ap_fixed_base<48, 16, false, (ap_q_mode)5, (ap_o_mode)3, 0>::operator=<64, 32, false, (ap_q_mode)5, (ap_o_mode)3, 0>(ap_fixed_base<64, 32, false, (ap_q_mode)5, (ap_o_mode)3, 0> const&)' into 'ap_fixed_base<48, 16, false, (ap_q_mode)5, (ap_o_mode)3, 0>::ap_fixed_base<64, 32, false, (ap_q_mode)5, (ap_o_mode)3, 0>(ap_fixed_base<64, 32, false, (ap_q_mode)5, (ap_o_mode)3, 0> const&)' (C:/Xilinx/Vitis_HLS/2020.2/common/technology/autopilot\ap_fixed_base.h:431:5)
INFO: [HLS 214-131] Inlining function 'ap_fixed_base<48, 16, false, (ap_q_mode)5, (ap_o_mode)3, 0>::ap_fixed_base<64, 32, false, (ap_q_mode)5, (ap_o_mode)3, 0>(ap_fixed_base<64, 32, false, (ap_q_mode)5, (ap_o_mode)3, 0> const&)' into 'ap_ufixed<48, 16, (ap_q_mode)5, (ap_o_mode)3, 0>::ap_ufixed<64, 32, false, (ap_q_mode)5, (ap_o_mode)3, 0>(ap_fixed_base<64, 32, false, (ap_q_mode)5, (ap_o_mode)3, 0> const&)' (C:/Xilinx/Vitis_HLS/2020.2/common/technology/autopilot/ap_fixed.h:239:9)
INFO: [HLS 214-131] Inlining function 'ap_fixed_base<48, 16, false, (ap_q_mode)5, (ap_o_mode)3, 0>::operator!() const' into 'ap_fixed_base<42, 20, true, (ap_q_mode)5, (ap_o_mode)3, 0>& ap_fixed_base<42, 20, true, (ap_q_mode)5, (ap_o_mode)3, 0>::operator=<48, 16, false, (ap_q_mode)5, (ap_o_mode)3, 0>(ap_fixed_base<48, 16, false, (ap_q_mode)5, (ap_o_mode)3, 0> const&)' (C:/Xilinx/Vitis_HLS/2020.2/common/technology/autopilot\ap_fixed_base.h:698:9)
INFO: [HLS 214-131] Inlining function 'ap_fixed_base<42, 20, true, (ap_q_mode)5, (ap_o_mode)3, 0>& ap_fixed_base<42, 20, true, (ap_q_mode)5, (ap_o_mode)3, 0>::operator=<48, 16, false, (ap_q_mode)5, (ap_o_mode)3, 0>(ap_fixed_base<48, 16, false, (ap_q_mode)5, (ap_o_mode)3, 0> const&)' into 'ap_fixed_base<42, 20, true, (ap_q_mode)5, (ap_o_mode)3, 0>::ap_fixed_base<48, 16, false, (ap_q_mode)5, (ap_o_mode)3, 0>(ap_fixed_base<48, 16, false, (ap_q_mode)5, (ap_o_mode)3, 0> const&)' (C:/Xilinx/Vitis_HLS/2020.2/common/technology/autopilot\ap_fixed_base.h:431:5)
INFO: [HLS 214-131] Inlining function 'ap_fixed_base<42, 20, true, (ap_q_mode)5, (ap_o_mode)3, 0>::ap_fixed_base<48, 16, false, (ap_q_mode)5, (ap_o_mode)3, 0>(ap_fixed_base<48, 16, false, (ap_q_mode)5, (ap_o_mode)3, 0> const&)' into 'ap_fixed<42, 20, (ap_q_mode)5, (ap_o_mode)3, 0>::ap_fixed<48, 16, false, (ap_q_mode)5, (ap_o_mode)3, 0>(ap_fixed_base<48, 16, false, (ap_q_mode)5, (ap_o_mode)3, 0> const&)' (C:/Xilinx/Vitis_HLS/2020.2/common/technology/autopilot/ap_fixed.h:75:9)
INFO: [HLS 214-131] Inlining function 'ap_fixed_base<8, 8, false, (ap_q_mode)5, (ap_o_mode)3, 0>::operator!() const' into 'ap_fixed_base<8, 8, false, (ap_q_mode)5, (ap_o_mode)3, 0>& ap_fixed_base<8, 8, false, (ap_q_mode)5, (ap_o_mode)3, 0>::operator=<8, 8, false, (ap_q_mode)5, (ap_o_mode)3, 0>(ap_fixed_base<8, 8, false, (ap_q_mode)5, (ap_o_mode)3, 0> const&)' (C:/Xilinx/Vitis_HLS/2020.2/common/technology/autopilot\ap_fixed_base.h:698:9)
INFO: [HLS 214-131] Inlining function 'ap_fixed_base<8, 8, false, (ap_q_mode)5, (ap_o_mode)3, 0>& ap_fixed_base<8, 8, false, (ap_q_mode)5, (ap_o_mode)3, 0>::operator=<8, 8, false, (ap_q_mode)5, (ap_o_mode)3, 0>(ap_fixed_base<8, 8, false, (ap_q_mode)5, (ap_o_mode)3, 0> const&)' into 'ap_fixed_base<8, 8, false, (ap_q_mode)5, (ap_o_mode)3, 0>::ap_fixed_base<8, false>(ap_int_base<8, false> const&)' (C:/Xilinx/Vitis_HLS/2020.2/common/technology/autopilot\ap_fixed_base.h:447:5)
INFO: [HLS 214-131] Inlining function 'ap_fixed_base<8, 8, false, (ap_q_mode)5, (ap_o_mode)3, 0>::ap_fixed_base<8, false>(ap_int_base<8, false> const&)' into 'ap_fixed_base<42, 20, true, (ap_q_mode)5, (ap_o_mode)3, 0>::RType<8, 8, false>::mult operator*<42, 20, true, (ap_q_mode)5, (ap_o_mode)3, 0, 8, false>(ap_fixed_base<42, 20, true, (ap_q_mode)5, (ap_o_mode)3, 0> const&, ap_int_base<8, false> const&)' (C:/Xilinx/Vitis_HLS/2020.2/common/technology/autopilot\ap_fixed_base.h:2305:821)
INFO: [HLS 214-131] Inlining function 'ap_fixed_base<42, 20, true, (ap_q_mode)5, (ap_o_mode)3, 0>::RType<8, 8, false>::mult ap_fixed_base<42, 20, true, (ap_q_mode)5, (ap_o_mode)3, 0>::operator*<8, 8, false, (ap_q_mode)5, (ap_o_mode)3, 0>(ap_fixed_base<8, 8, false, (ap_q_mode)5, (ap_o_mode)3, 0> const&) const' into 'ap_fixed_base<42, 20, true, (ap_q_mode)5, (ap_o_mode)3, 0>::RType<8, 8, false>::mult operator*<42, 20, true, (ap_q_mode)5, (ap_o_mode)3, 0, 8, false>(ap_fixed_base<42, 20, true, (ap_q_mode)5, (ap_o_mode)3, 0> const&, ap_int_base<8, false> const&)' (C:/Xilinx/Vitis_HLS/2020.2/common/technology/autopilot\ap_fixed_base.h:2305:810)
INFO: [HLS 214-131] Inlining function 'ap_fixed_base<50, 28, true, (ap_q_mode)5, (ap_o_mode)3, 0>::operator!() const' into 'ap_fixed_base<42, 20, true, (ap_q_mode)5, (ap_o_mode)3, 0>& ap_fixed_base<42, 20, true, (ap_q_mode)5, (ap_o_mode)3, 0>::operator=<50, 28, true, (ap_q_mode)5, (ap_o_mode)3, 0>(ap_fixed_base<50, 28, true, (ap_q_mode)5, (ap_o_mode)3, 0> const&)' (C:/Xilinx/Vitis_HLS/2020.2/common/technology/autopilot\ap_fixed_base.h:698:9)
INFO: [HLS 214-131] Inlining function 'ap_fixed_base<42, 20, true, (ap_q_mode)5, (ap_o_mode)3, 0>& ap_fixed_base<42, 20, true, (ap_q_mode)5, (ap_o_mode)3, 0>::operator=<50, 28, true, (ap_q_mode)5, (ap_o_mode)3, 0>(ap_fixed_base<50, 28, true, (ap_q_mode)5, (ap_o_mode)3, 0> const&)' into 'ap_fixed_base<42, 20, true, (ap_q_mode)5, (ap_o_mode)3, 0>::ap_fixed_base<50, 28, true, (ap_q_mode)5, (ap_o_mode)3, 0>(ap_fixed_base<50, 28, true, (ap_q_mode)5, (ap_o_mode)3, 0> const&)' (C:/Xilinx/Vitis_HLS/2020.2/common/technology/autopilot\ap_fixed_base.h:431:5)
INFO: [HLS 214-131] Inlining function 'ap_fixed_base<42, 20, true, (ap_q_mode)5, (ap_o_mode)3, 0>::ap_fixed_base<50, 28, true, (ap_q_mode)5, (ap_o_mode)3, 0>(ap_fixed_base<50, 28, true, (ap_q_mode)5, (ap_o_mode)3, 0> const&)' into 'ap_fixed<42, 20, (ap_q_mode)5, (ap_o_mode)3, 0>::ap_fixed<50, 28, true, (ap_q_mode)5, (ap_o_mode)3, 0>(ap_fixed_base<50, 28, true, (ap_q_mode)5, (ap_o_mode)3, 0> const&)' (C:/Xilinx/Vitis_HLS/2020.2/common/technology/autopilot/ap_fixed.h:75:9)
INFO: [HLS 214-131] Inlining function 'ap_fixed_base<42, 20, true, (ap_q_mode)5, (ap_o_mode)3, 0>::RType<8, 8, false>::mult operator*<42, 20, true, (ap_q_mode)5, (ap_o_mode)3, 0, 8, false>(ap_fixed_base<42, 20, true, (ap_q_mode)5, (ap_o_mode)3, 0> const&, ap_int_base<8, false> const&)' into 'void scaleMult<1, 48, 16, 42, 20>(ap_ufixed<48, 16, (ap_q_mode)5, (ap_o_mode)3, 0>, ap_fixed<42, 20, (ap_q_mode)5, (ap_o_mode)3, 0>*)' (vitis_library_vision_L1/include\imgproc/xf_resize_nn_bilinear.hpp:174:77)
INFO: [HLS 214-131] Inlining function 'ap_uint<8>::ap_uint(int)' into 'void scaleMult<1, 48, 16, 42, 20>(ap_ufixed<48, 16, (ap_q_mode)5, (ap_o_mode)3, 0>, ap_fixed<42, 20, (ap_q_mode)5, (ap_o_mode)3, 0>*)' (vitis_library_vision_L1/include\imgproc/xf_resize_nn_bilinear.hpp:174:79)
INFO: [HLS 214-131] Inlining function 'hls::stream<ap_uint<8>, 0>::read()' into 'xf::cv::Mat<0, 1080, 1920, 1, 2>::read(int)' (vitis_library_vision_L1/include\common/xf_structs.hpp:669:17)
INFO: [HLS 214-131] Inlining function 'ap_fixed_base<32, 32, true, (ap_q_mode)5, (ap_o_mode)3, 0>::operator!() const' into 'ap_fixed_base<48, 16, false, (ap_q_mode)5, (ap_o_mode)3, 0>& ap_fixed_base<48, 16, false, (ap_q_mode)5, (ap_o_mode)3, 0>::operator=<32, 32, true, (ap_q_mode)5, (ap_o_mode)3, 0>(ap_fixed_base<32, 32, true, (ap_q_mode)5, (ap_o_mode)3, 0> const&)' (C:/Xilinx/Vitis_HLS/2020.2/common/technology/autopilot\ap_fixed_base.h:698:9)
INFO: [HLS 214-131] Inlining function 'ap_fixed_base<48, 16, false, (ap_q_mode)5, (ap_o_mode)3, 0>& ap_fixed_base<48, 16, false, (ap_q_mode)5, (ap_o_mode)3, 0>::operator=<32, 32, true, (ap_q_mode)5, (ap_o_mode)3, 0>(ap_fixed_base<32, 32, true, (ap_q_mode)5, (ap_o_mode)3, 0> const&)' into 'ap_fixed_base<48, 16, false, (ap_q_mode)5, (ap_o_mode)3, 0>::ap_fixed_base(int)' (C:/Xilinx/Vitis_HLS/2020.2/common/technology/autopilot\ap_fixed_base.h:541:146)
INFO: [HLS 214-131] Inlining function 'ap_fixed_base<48, 16, false, (ap_q_mode)5, (ap_o_mode)3, 0>::ap_fixed_base(int)' into 'ap_ufixed<48, 16, (ap_q_mode)5, (ap_o_mode)3, 0>::ap_ufixed(int)' (C:/Xilinx/Vitis_HLS/2020.2/common/technology/autopilot/ap_fixed.h:338:60)
INFO: [HLS 214-131] Inlining function 'ap_fixed_base<32, 32, true, (ap_q_mode)5, (ap_o_mode)3, 0>::operator!() const' into 'ap_fixed_base<42, 20, true, (ap_q_mode)5, (ap_o_mode)3, 0>& ap_fixed_base<42, 20, true, (ap_q_mode)5, (ap_o_mode)3, 0>::operator=<32, 32, true, (ap_q_mode)5, (ap_o_mode)3, 0>(ap_fixed_base<32, 32, true, (ap_q_mode)5, (ap_o_mode)3, 0> const&)' (C:/Xilinx/Vitis_HLS/2020.2/common/technology/autopilot\ap_fixed_base.h:698:9)
INFO: [HLS 214-131] Inlining function 'ap_fixed_base<42, 20, true, (ap_q_mode)5, (ap_o_mode)3, 0>& ap_fixed_base<42, 20, true, (ap_q_mode)5, (ap_o_mode)3, 0>::operator=<32, 32, true, (ap_q_mode)5, (ap_o_mode)3, 0>(ap_fixed_base<32, 32, true, (ap_q_mode)5, (ap_o_mode)3, 0> const&)' into 'ap_fixed_base<42, 20, true, (ap_q_mode)5, (ap_o_mode)3, 0>::ap_fixed_base(int)' (C:/Xilinx/Vitis_HLS/2020.2/common/technology/autopilot\ap_fixed_base.h:541:146)
INFO: [HLS 214-131] Inlining function 'ap_fixed_base<42, 20, true, (ap_q_mode)5, (ap_o_mode)3, 0>::ap_fixed_base(int)' into 'ap_fixed<42, 20, (ap_q_mode)5, (ap_o_mode)3, 0>::ap_fixed(int)' (C:/Xilinx/Vitis_HLS/2020.2/common/technology/autopilot/ap_fixed.h:183:59)
INFO: [HLS 214-131] Inlining function 'ap_int_base<65, true>::ap_int_base<11, false>(ap_int_base<11, false> const&)' into 'ap_int_base<11, false>::RType<64, true>::minus operator-<11, false, 64, true>(ap_int_base<11, false> const&, ap_int_base<64, true> const&)' (C:/Xilinx/Vitis_HLS/2020.2/common/technology/autopilot\ap_int_base.h:1347:341)
INFO: [HLS 214-131] Inlining function 'ap_int<65>::ap_int<65, true>(ap_int_base<65, true> const&)' into 'ap_int_base<11, false>::RType<64, true>::minus operator-<11, false, 64, true>(ap_int_base<11, false> const&, ap_int_base<64, true> const&)' (C:/Xilinx/Vitis_HLS/2020.2/common/technology/autopilot\ap_int_base.h:1347:555)
INFO: [HLS 214-131] Inlining function 'ap_int_base<65, true>::ap_int_base<64, true>(ap_int_base<64, true> const&)' into 'ap_int_base<11, false>::RType<64, true>::minus operator-<11, false, 64, true>(ap_int_base<11, false> const&, ap_int_base<64, true> const&)' (C:/Xilinx/Vitis_HLS/2020.2/common/technology/autopilot\ap_int_base.h:1347:430)
INFO: [HLS 214-131] Inlining function 'ap_int_base<64, true>::ap_int_base(long)' into 'ap_int_base<11, false>::RType<($_0)64, true>::minus operator-<11, false>(ap_int_base<11, false> const&, long)' (C:/Xilinx/Vitis_HLS/2020.2/common/technology/autopilot\ap_int_base.h:1463:1548)
INFO: [HLS 214-131] Inlining function 'ap_int_base<11, false>::RType<64, true>::minus operator-<11, false, 64, true>(ap_int_base<11, false> const&, ap_int_base<64, true> const&)' into 'ap_int_base<11, false>::RType<($_0)64, true>::minus operator-<11, false>(ap_int_base<11, false> const&, long)' (C:/Xilinx/Vitis_HLS/2020.2/common/technology/autopilot\ap_int_base.h:1463:1546)
INFO: [HLS 214-131] Inlining function 'ap_int_base<55, true>::ap_int_base<1, false>(ap_int_base<1, false> const&)' into 'ap_int_base<1, false>::RType<54, true>::minus operator-<1, false, 54, true>(ap_int_base<1, false> const&, ap_int_base<54, true> const&)' (C:/Xilinx/Vitis_HLS/2020.2/common/technology/autopilot\ap_int_base.h:1347:341)
INFO: [HLS 214-131] Inlining function 'ap_int<55>::ap_int<55, true>(ap_int_base<55, true> const&)' into 'ap_int_base<1, false>::RType<54, true>::minus operator-<1, false, 54, true>(ap_int_base<1, false> const&, ap_int_base<54, true> const&)' (C:/Xilinx/Vitis_HLS/2020.2/common/technology/autopilot\ap_int_base.h:1347:555)
INFO: [HLS 214-131] Inlining function 'ap_int_base<55, true>::ap_int_base<54, true>(ap_int_base<54, true> const&)' into 'ap_int_base<1, false>::RType<54, true>::minus operator-<1, false, 54, true>(ap_int_base<1, false> const&, ap_int_base<54, true> const&)' (C:/Xilinx/Vitis_HLS/2020.2/common/technology/autopilot\ap_int_base.h:1347:430)
INFO: [HLS 214-131] Inlining function 'ap_int_base<1, false>::ap_int_base(int)' into 'ap_int_base<54, true>::operator-() const' (C:/Xilinx/Vitis_HLS/2020.2/common/technology/autopilot\ap_int_base.h:746:12)
INFO: [HLS 214-131] Inlining function 'ap_int_base<1, false>::RType<54, true>::minus operator-<1, false, 54, true>(ap_int_base<1, false> const&, ap_int_base<54, true> const&)' into 'ap_int_base<54, true>::operator-() const' (C:/Xilinx/Vitis_HLS/2020.2/common/technology/autopilot\ap_int_base.h:746:37)
INFO: [HLS 214-131] Inlining function 'doubleToRawBits(double)' into 'ap_fixed_base<42, 20, true, (ap_q_mode)5, (ap_o_mode)3, 0>::ap_fixed_base(double)' (C:/Xilinx/Vitis_HLS/2020.2/common/technology/autopilot\ap_fixed_base.h:556:14)
INFO: [HLS 214-131] Inlining function 'ap_int_base<54, true>& ap_int_base<54, true>::operator=<55, true>(ap_int_base<55, true> const&)' into 'ap_fixed_base<42, 20, true, (ap_q_mode)5, (ap_o_mode)3, 0>::ap_fixed_base(double)' (C:/Xilinx/Vitis_HLS/2020.2/common/technology/autopilot\ap_fixed_base.h:570:20)
INFO: [HLS 214-131] Inlining function 'ap_int_base<54, true>::operator-() const' into 'ap_fixed_base<42, 20, true, (ap_q_mode)5, (ap_o_mode)3, 0>::ap_fixed_base(double)' (C:/Xilinx/Vitis_HLS/2020.2/common/technology/autopilot\ap_fixed_base.h:570:22)
INFO: [HLS 214-131] Inlining function 'ap_int_base<12, true>& ap_int_base<12, true>::operator=<65, true>(ap_int_base<65, true> const&)' into 'ap_fixed_base<42, 20, true, (ap_q_mode)5, (ap_o_mode)3, 0>::ap_fixed_base(double)' (C:/Xilinx/Vitis_HLS/2020.2/common/technology/autopilot\ap_fixed_base.h:563:9)
INFO: [HLS 214-131] Inlining function 'ap_int_base<11, false>::RType<($_0)64, true>::minus operator-<11, false>(ap_int_base<11, false> const&, long)' into 'ap_fixed_base<42, 20, true, (ap_q_mode)5, (ap_o_mode)3, 0>::ap_fixed_base(double)' (C:/Xilinx/Vitis_HLS/2020.2/common/technology/autopilot\ap_fixed_base.h:563:19)
INFO: [HLS 214-131] Inlining function 'ap_fixed_base<42, 20, true, (ap_q_mode)5, (ap_o_mode)3, 0>::operator!() const' into 'ap_fixed_base<43, 21, true, (ap_q_mode)5, (ap_o_mode)3, 0>& ap_fixed_base<43, 21, true, (ap_q_mode)5, (ap_o_mode)3, 0>::operator=<42, 20, true, (ap_q_mode)5, (ap_o_mode)3, 0>(ap_fixed_base<42, 20, true, (ap_q_mode)5, (ap_o_mode)3, 0> const&)' (C:/Xilinx/Vitis_HLS/2020.2/common/technology/autopilot\ap_fixed_base.h:698:9)
INFO: [HLS 214-131] Inlining function 'ap_fixed_base<43, 21, true, (ap_q_mode)5, (ap_o_mode)3, 0>& ap_fixed_base<43, 21, true, (ap_q_mode)5, (ap_o_mode)3, 0>::operator=<42, 20, true, (ap_q_mode)5, (ap_o_mode)3, 0>(ap_fixed_base<42, 20, true, (ap_q_mode)5, (ap_o_mode)3, 0> const&)' into 'ap_fixed_base<43, 21, true, (ap_q_mode)5, (ap_o_mode)3, 0>::ap_fixed_base<42, 20, true, (ap_q_mode)5, (ap_o_mode)3, 0>(ap_fixed_base<42, 20, true, (ap_q_mode)5, (ap_o_mode)3, 0> const&)' (C:/Xilinx/Vitis_HLS/2020.2/common/technology/autopilot\ap_fixed_base.h:431:5)
INFO: [HLS 214-131] Inlining function 'ap_fixed_base<43, 21, true, (ap_q_mode)5, (ap_o_mode)3, 0>::ap_fixed_base<42, 20, true, (ap_q_mode)5, (ap_o_mode)3, 0>(ap_fixed_base<42, 20, true, (ap_q_mode)5, (ap_o_mode)3, 0> const&)' into 'ap_fixed_base<42, 20, true, (ap_q_mode)5, (ap_o_mode)3, 0>::RType<42, 20, true>::plus ap_fixed_base<42, 20, true, (ap_q_mode)5, (ap_o_mode)3, 0>::operator+<42, 20, true, (ap_q_mode)5, (ap_o_mode)3, 0>(ap_fixed_base<42, 20, true, (ap_q_mode)5, (ap_o_mode)3, 0> const&) const' (C:/Xilinx/Vitis_HLS/2020.2/common/technology/autopilot\ap_fixed_base.h:1192:330)
INFO: [HLS 214-131] Inlining function 'ap_fixed_base<43, 21, true, (ap_q_mode)5, (ap_o_mode)3, 0>::ap_fixed_base<42, 20, true, (ap_q_mode)5, (ap_o_mode)3, 0>(ap_fixed_base<42, 20, true, (ap_q_mode)5, (ap_o_mode)3, 0> const&)' into 'ap_fixed_base<42, 20, true, (ap_q_mode)5, (ap_o_mode)3, 0>::RType<42, 20, true>::plus ap_fixed_base<42, 20, true, (ap_q_mode)5, (ap_o_mode)3, 0>::operator+<42, 20, true, (ap_q_mode)5, (ap_o_mode)3, 0>(ap_fixed_base<42, 20, true, (ap_q_mode)5, (ap_o_mode)3, 0> const&) const' (C:/Xilinx/Vitis_HLS/2020.2/common/technology/autopilot\ap_fixed_base.h:1192:342)
INFO: [HLS 214-131] Inlining function 'ap_fixed_base<91, 37, true, (ap_q_mode)5, (ap_o_mode)3, 0>::operator!() const' into 'ap_fixed_base<92, 38, true, (ap_q_mode)5, (ap_o_mode)3, 0>& ap_fixed_base<92, 38, true, (ap_q_mode)5, (ap_o_mode)3, 0>::operator=<91, 37, true, (ap_q_mode)5, (ap_o_mode)3, 0>(ap_fixed_base<91, 37, true, (ap_q_mode)5, (ap_o_mode)3, 0> const&)' (C:/Xilinx/Vitis_HLS/2020.2/common/technology/autopilot\ap_fixed_base.h:698:9)
INFO: [HLS 214-131] Inlining function 'ap_fixed_base<92, 38, true, (ap_q_mode)5, (ap_o_mode)3, 0>& ap_fixed_base<92, 38, true, (ap_q_mode)5, (ap_o_mode)3, 0>::operator=<91, 37, true, (ap_q_mode)5, (ap_o_mode)3, 0>(ap_fixed_base<91, 37, true, (ap_q_mode)5, (ap_o_mode)3, 0> const&)' into 'ap_fixed_base<92, 38, true, (ap_q_mode)5, (ap_o_mode)3, 0>::ap_fixed_base<91, 37, true, (ap_q_mode)5, (ap_o_mode)3, 0>(ap_fixed_base<91, 37, true, (ap_q_mode)5, (ap_o_mode)3, 0> const&)' (C:/Xilinx/Vitis_HLS/2020.2/common/technology/autopilot\ap_fixed_base.h:431:5)
INFO: [HLS 214-131] Inlining function 'ap_fixed_base<42, 20, true, (ap_q_mode)5, (ap_o_mode)3, 0>::operator!() const' into 'ap_fixed_base<92, 38, true, (ap_q_mode)5, (ap_o_mode)3, 0>& ap_fixed_base<92, 38, true, (ap_q_mode)5, (ap_o_mode)3, 0>::operator=<42, 20, true, (ap_q_mode)5, (ap_o_mode)3, 0>(ap_fixed_base<42, 20, true, (ap_q_mode)5, (ap_o_mode)3, 0> const&)' (C:/Xilinx/Vitis_HLS/2020.2/common/technology/autopilot\ap_fixed_base.h:698:9)
INFO: [HLS 214-131] Inlining function 'ap_fixed_base<92, 38, true, (ap_q_mode)5, (ap_o_mode)3, 0>& ap_fixed_base<92, 38, true, (ap_q_mode)5, (ap_o_mode)3, 0>::operator=<42, 20, true, (ap_q_mode)5, (ap_o_mode)3, 0>(ap_fixed_base<42, 20, true, (ap_q_mode)5, (ap_o_mode)3, 0> const&)' into 'ap_fixed_base<92, 38, true, (ap_q_mode)5, (ap_o_mode)3, 0>::ap_fixed_base<42, 20, true, (ap_q_mode)5, (ap_o_mode)3, 0>(ap_fixed_base<42, 20, true, (ap_q_mode)5, (ap_o_mode)3, 0> const&)' (C:/Xilinx/Vitis_HLS/2020.2/common/technology/autopilot\ap_fixed_base.h:431:5)
INFO: [HLS 214-131] Inlining function 'ap_fixed_base<92, 38, true, (ap_q_mode)5, (ap_o_mode)3, 0>::ap_fixed_base<91, 37, true, (ap_q_mode)5, (ap_o_mode)3, 0>(ap_fixed_base<91, 37, true, (ap_q_mode)5, (ap_o_mode)3, 0> const&)' into 'ap_fixed_base<91, 37, true, (ap_q_mode)5, (ap_o_mode)3, 0>::RType<42, 20, true>::minus ap_fixed_base<91, 37, true, (ap_q_mode)5, (ap_o_mode)3, 0>::operator-<42, 20, true, (ap_q_mode)5, (ap_o_mode)3, 0>(ap_fixed_base<42, 20, true, (ap_q_mode)5, (ap_o_mode)3, 0> const&) const' (C:/Xilinx/Vitis_HLS/2020.2/common/technology/autopilot\ap_fixed_base.h:1193:332)
INFO: [HLS 214-131] Inlining function 'ap_fixed_base<92, 38, true, (ap_q_mode)5, (ap_o_mode)3, 0>::ap_fixed_base<42, 20, true, (ap_q_mode)5, (ap_o_mode)3, 0>(ap_fixed_base<42, 20, true, (ap_q_mode)5, (ap_o_mode)3, 0> const&)' into 'ap_fixed_base<91, 37, true, (ap_q_mode)5, (ap_o_mode)3, 0>::RType<42, 20, true>::minus ap_fixed_base<91, 37, true, (ap_q_mode)5, (ap_o_mode)3, 0>::operator-<42, 20, true, (ap_q_mode)5, (ap_o_mode)3, 0>(ap_fixed_base<42, 20, true, (ap_q_mode)5, (ap_o_mode)3, 0> const&) const' (C:/Xilinx/Vitis_HLS/2020.2/common/technology/autopilot\ap_fixed_base.h:1193:344)
INFO: [HLS 214-131] Inlining function 'ap_fixed_base<92, 38, true, (ap_q_mode)5, (ap_o_mode)3, 0>::operator!() const' into 'ap_fixed_base<42, 20, true, (ap_q_mode)5, (ap_o_mode)3, 0>& ap_fixed_base<42, 20, true, (ap_q_mode)5, (ap_o_mode)3, 0>::operator=<92, 38, true, (ap_q_mode)5, (ap_o_mode)3, 0>(ap_fixed_base<92, 38, true, (ap_q_mode)5, (ap_o_mode)3, 0> const&)' (C:/Xilinx/Vitis_HLS/2020.2/common/technology/autopilot\ap_fixed_base.h:698:9)
INFO: [HLS 214-131] Inlining function 'ap_fixed_base<42, 20, true, (ap_q_mode)5, (ap_o_mode)3, 0>& ap_fixed_base<42, 20, true, (ap_q_mode)5, (ap_o_mode)3, 0>::operator=<92, 38, true, (ap_q_mode)5, (ap_o_mode)3, 0>(ap_fixed_base<92, 38, true, (ap_q_mode)5, (ap_o_mode)3, 0> const&)' into 'ap_fixed_base<42, 20, true, (ap_q_mode)5, (ap_o_mode)3, 0>::ap_fixed_base<92, 38, true, (ap_q_mode)5, (ap_o_mode)3, 0>(ap_fixed_base<92, 38, true, (ap_q_mode)5, (ap_o_mode)3, 0> const&)' (C:/Xilinx/Vitis_HLS/2020.2/common/technology/autopilot\ap_fixed_base.h:431:5)
INFO: [HLS 214-131] Inlining function 'ap_fixed_base<42, 20, true, (ap_q_mode)5, (ap_o_mode)3, 0>::ap_fixed_base<92, 38, true, (ap_q_mode)5, (ap_o_mode)3, 0>(ap_fixed_base<92, 38, true, (ap_q_mode)5, (ap_o_mode)3, 0> const&)' into 'ap_fixed<42, 20, (ap_q_mode)5, (ap_o_mode)3, 0>::ap_fixed<92, 38, true, (ap_q_mode)5, (ap_o_mode)3, 0>(ap_fixed_base<92, 38, true, (ap_q_mode)5, (ap_o_mode)3, 0> const&)' (C:/Xilinx/Vitis_HLS/2020.2/common/technology/autopilot/ap_fixed.h:75:9)
INFO: [HLS 214-131] Inlining function 'ap_fixed_base<91, 37, true, (ap_q_mode)5, (ap_o_mode)3, 0>::RType<42, 20, true>::minus ap_fixed_base<91, 37, true, (ap_q_mode)5, (ap_o_mode)3, 0>::operator-<42, 20, true, (ap_q_mode)5, (ap_o_mode)3, 0>(ap_fixed_base<42, 20, true, (ap_q_mode)5, (ap_o_mode)3, 0> const&) const' into 'void scaleCompute<17, 42, 20, 48, 16, 1>(int, ap_ufixed<48, 16, (ap_q_mode)5, (ap_o_mode)3, 0>, ap_fixed<42, 20, (ap_q_mode)5, (ap_o_mode)3, 0>&)' (vitis_library_vision_L1/include\imgproc/xf_resize_nn_bilinear.hpp:194:31)
INFO: [HLS 214-131] Inlining function 'ap_fixed_base<42, 20, true, (ap_q_mode)5, (ap_o_mode)3, 0>::RType<42, 20, true>::plus ap_fixed_base<42, 20, true, (ap_q_mode)5, (ap_o_mode)3, 0>::operator+<42, 20, true, (ap_q_mode)5, (ap_o_mode)3, 0>(ap_fixed_base<42, 20, true, (ap_q_mode)5, (ap_o_mode)3, 0> const&) const' into 'void scaleCompute<17, 42, 20, 48, 16, 1>(int, ap_ufixed<48, 16, (ap_q_mode)5, (ap_o_mode)3, 0>, ap_fixed<42, 20, (ap_q_mode)5, (ap_o_mode)3, 0>&)' (vitis_library_vision_L1/include\imgproc/xf_resize_nn_bilinear.hpp:192:78)
INFO: [HLS 214-131] Inlining function 'ap_fixed_base<43, 21, true, (ap_q_mode)5, (ap_o_mode)3, 0>::RType<48, 16, false>::mult ap_fixed_base<43, 21, true, (ap_q_mode)5, (ap_o_mode)3, 0>::operator*<48, 16, false, (ap_q_mode)5, (ap_o_mode)3, 0>(ap_fixed_base<48, 16, false, (ap_q_mode)5, (ap_o_mode)3, 0> const&) const' into 'void scaleCompute<17, 42, 20, 48, 16, 1>(int, ap_ufixed<48, 16, (ap_q_mode)5, (ap_o_mode)3, 0>, ap_fixed<42, 20, (ap_q_mode)5, (ap_o_mode)3, 0>&)' (vitis_library_vision_L1/include\imgproc/xf_resize_nn_bilinear.hpp:193:73)
INFO: [HLS 214-131] Inlining function 'ap_int_base<1, false>::ap_int_base(int)' into 'ap_int_base<21, true>::operator++()' (C:/Xilinx/Vitis_HLS/2020.2/common/technology/autopilot\ap_int_base.h:717:16)
INFO: [HLS 214-131] Inlining function 'ap_int_base<21, true>& ap_int_base<21, true>::operator+=<1, false>(ap_int_base<1, false> const&)' into 'ap_int_base<21, true>::operator++()' (C:/Xilinx/Vitis_HLS/2020.2/common/technology/autopilot\ap_int_base.h:717:5)
INFO: [HLS 214-131] Inlining function 'ap_int_base<21, true>::operator++()' into 'ap_fixed_base<43, 21, true, (ap_q_mode)5, (ap_o_mode)3, 0>::to_ap_int_base(bool) const' (C:/Xilinx/Vitis_HLS/2020.2/common/technology/autopilot\ap_fixed_base.h:853:9)
INFO: [HLS 214-131] Inlining function 'ap_fixed_base<43, 21, true, (ap_q_mode)5, (ap_o_mode)3, 0>::to_ap_int_base(bool) const' into 'ap_int_base<17, false>::ap_int_base<43, 21, true, (ap_q_mode)5, (ap_o_mode)3, 0>(ap_fixed_base<43, 21, true, (ap_q_mode)5, (ap_o_mode)3, 0> const&)' (C:/Xilinx/Vitis_HLS/2020.2/common/technology/autopilot\ap_int_base.h:353:18)
INFO: [HLS 214-131] Inlining function 'ap_int_base<17, false>::ap_int_base<43, 21, true, (ap_q_mode)5, (ap_o_mode)3, 0>(ap_fixed_base<43, 21, true, (ap_q_mode)5, (ap_o_mode)3, 0> const&)' into 'ap_uint<17>::ap_uint<43, 21, (ap_q_mode)5, (ap_o_mode)3, 0>(ap_fixed<43, 21, (ap_q_mode)5, (ap_o_mode)3, 0> const&)' (C:/Xilinx/Vitis_HLS/2020.2/common/technology/autopilot\ap_int.h:249:9)
INFO: [HLS 214-131] Inlining function 'ap_fixed_base<32, 32, true, (ap_q_mode)5, (ap_o_mode)3, 0>::operator!() const' into 'ap_fixed_base<54, 32, true, (ap_q_mode)5, (ap_o_mode)3, 0>& ap_fixed_base<54, 32, true, (ap_q_mode)5, (ap_o_mode)3, 0>::operator=<32, 32, true, (ap_q_mode)5, (ap_o_mode)3, 0>(ap_fixed_base<32, 32, true, (ap_q_mode)5, (ap_o_mode)3, 0> const&)' (C:/Xilinx/Vitis_HLS/2020.2/common/technology/autopilot\ap_fixed_base.h:698:9)
INFO: [HLS 214-131] Inlining function 'ap_fixed_base<54, 32, true, (ap_q_mode)5, (ap_o_mode)3, 0>& ap_fixed_base<54, 32, true, (ap_q_mode)5, (ap_o_mode)3, 0>::operator=<32, 32, true, (ap_q_mode)5, (ap_o_mode)3, 0>(ap_fixed_base<32, 32, true, (ap_q_mode)5, (ap_o_mode)3, 0> const&)' into 'ap_fixed_base<54, 32, true, (ap_q_mode)5, (ap_o_mode)3, 0>::ap_fixed_base<32, 32, true, (ap_q_mode)5, (ap_o_mode)3, 0>(ap_fixed_base<32, 32, true, (ap_q_mode)5, (ap_o_mode)3, 0> const&)' (C:/Xilinx/Vitis_HLS/2020.2/common/technology/autopilot\ap_fixed_base.h:431:5)
INFO: [HLS 214-131] Inlining function 'ap_fixed_base<54, 32, true, (ap_q_mode)5, (ap_o_mode)3, 0>::ap_fixed_base<32, 32, true, (ap_q_mode)5, (ap_o_mode)3, 0>(ap_fixed_base<32, 32, true, (ap_q_mode)5, (ap_o_mode)3, 0> const&)' into 'bool ap_fixed_base<42, 20, true, (ap_q_mode)5, (ap_o_mode)3, 0>::operator<<32, 32, true, (ap_q_mode)5, (ap_o_mode)3, 0>(ap_fixed_base<32, 32, true, (ap_q_mode)5, (ap_o_mode)3, 0> const&) const' (C:/Xilinx/Vitis_HLS/2020.2/common/technology/autopilot\ap_fixed_base.h:1495:367)
INFO: [HLS 214-131] Inlining function 'ap_fixed_base<32, 32, true, (ap_q_mode)5, (ap_o_mode)3, 0>::ap_fixed_base(int)' into 'bool operator<<42, 20, true, (ap_q_mode)5, (ap_o_mode)3, 0>(ap_fixed_base<42, 20, true, (ap_q_mode)5, (ap_o_mode)3, 0> const&, int)' (C:/Xilinx/Vitis_HLS/2020.2/common/technology/autopilot\ap_fixed_base.h:2221:10565)
INFO: [HLS 214-131] Inlining function 'bool ap_fixed_base<42, 20, true, (ap_q_mode)5, (ap_o_mode)3, 0>::operator<<32, 32, true, (ap_q_mode)5, (ap_o_mode)3, 0>(ap_fixed_base<32, 32, true, (ap_q_mode)5, (ap_o_mode)3, 0> const&) const' into 'bool operator<<42, 20, true, (ap_q_mode)5, (ap_o_mode)3, 0>(ap_fixed_base<42, 20, true, (ap_q_mode)5, (ap_o_mode)3, 0> const&, int)' (C:/Xilinx/Vitis_HLS/2020.2/common/technology/autopilot\ap_fixed_base.h:2221:10554)
INFO: [HLS 214-131] Inlining function 'ap_fixed_base<54, 32, true, (ap_q_mode)5, (ap_o_mode)3, 0>::ap_fixed_base<32, 32, true, (ap_q_mode)5, (ap_o_mode)3, 0>(ap_fixed_base<32, 32, true, (ap_q_mode)5, (ap_o_mode)3, 0> const&)' into 'bool ap_fixed_base<42, 20, true, (ap_q_mode)5, (ap_o_mode)3, 0>::operator><32, 32, true, (ap_q_mode)5, (ap_o_mode)3, 0>(ap_fixed_base<32, 32, true, (ap_q_mode)5, (ap_o_mode)3, 0> const&) const' (C:/Xilinx/Vitis_HLS/2020.2/common/technology/autopilot\ap_fixed_base.h:1494:367)
INFO: [HLS 214-131] Inlining function 'ap_fixed_base<32, 32, true, (ap_q_mode)5, (ap_o_mode)3, 0>::ap_fixed_base(int)' into 'bool operator><42, 20, true, (ap_q_mode)5, (ap_o_mode)3, 0>(ap_fixed_base<42, 20, true, (ap_q_mode)5, (ap_o_mode)3, 0> const&, int)' (C:/Xilinx/Vitis_HLS/2020.2/common/technology/autopilot\ap_fixed_base.h:2221:9949)
INFO: [HLS 214-131] Inlining function 'bool ap_fixed_base<42, 20, true, (ap_q_mode)5, (ap_o_mode)3, 0>::operator><32, 32, true, (ap_q_mode)5, (ap_o_mode)3, 0>(ap_fixed_base<32, 32, true, (ap_q_mode)5, (ap_o_mode)3, 0> const&) const' into 'bool operator><42, 20, true, (ap_q_mode)5, (ap_o_mode)3, 0>(ap_fixed_base<42, 20, true, (ap_q_mode)5, (ap_o_mode)3, 0> const&, int)' (C:/Xilinx/Vitis_HLS/2020.2/common/technology/autopilot\ap_fixed_base.h:2221:9938)
INFO: [HLS 214-131] Inlining function 'ap_int_base<1, false>::ap_int_base(int)' into 'ap_int_base<20, true>::operator++()' (C:/Xilinx/Vitis_HLS/2020.2/common/technology/autopilot\ap_int_base.h:717:16)
INFO: [HLS 214-131] Inlining function 'ap_int_base<20, true>& ap_int_base<20, true>::operator+=<1, false>(ap_int_base<1, false> const&)' into 'ap_int_base<20, true>::operator++()' (C:/Xilinx/Vitis_HLS/2020.2/common/technology/autopilot\ap_int_base.h:717:5)
INFO: [HLS 214-131] Inlining function 'ap_int_base<20, true>::operator++()' into 'ap_fixed_base<42, 20, true, (ap_q_mode)5, (ap_o_mode)3, 0>::to_ap_int_base(bool) const' (C:/Xilinx/Vitis_HLS/2020.2/common/technology/autopilot\ap_fixed_base.h:853:9)
INFO: [HLS 214-131] Inlining function 'ap_fixed_base<42, 20, true, (ap_q_mode)5, (ap_o_mode)3, 0>::to_ap_int_base(bool) const' into 'ap_int_base<17, false>::ap_int_base<42, 20, true, (ap_q_mode)5, (ap_o_mode)3, 0>(ap_fixed_base<42, 20, true, (ap_q_mode)5, (ap_o_mode)3, 0> const&)' (C:/Xilinx/Vitis_HLS/2020.2/common/technology/autopilot\ap_int_base.h:353:18)
INFO: [HLS 214-131] Inlining function 'ap_int_base<17, false>::ap_int_base<42, 20, true, (ap_q_mode)5, (ap_o_mode)3, 0>(ap_fixed_base<42, 20, true, (ap_q_mode)5, (ap_o_mode)3, 0> const&)' into 'ap_uint<17>::ap_uint<42, 20, (ap_q_mode)5, (ap_o_mode)3, 0>(ap_fixed<42, 20, (ap_q_mode)5, (ap_o_mode)3, 0> const&)' (C:/Xilinx/Vitis_HLS/2020.2/common/technology/autopilot\ap_int.h:249:9)
INFO: [HLS 214-131] Inlining function 'ap_fixed_base<17, 17, false, (ap_q_mode)5, (ap_o_mode)3, 0>::operator!() const' into 'ap_fixed_base<42, 20, true, (ap_q_mode)5, (ap_o_mode)3, 0>& ap_fixed_base<42, 20, true, (ap_q_mode)5, (ap_o_mode)3, 0>::operator=<17, 17, false, (ap_q_mode)5, (ap_o_mode)3, 0>(ap_fixed_base<17, 17, false, (ap_q_mode)5, (ap_o_mode)3, 0> const&)' (C:/Xilinx/Vitis_HLS/2020.2/common/technology/autopilot\ap_fixed_base.h:698:9)
INFO: [HLS 214-131] Inlining function 'ap_fixed_base<42, 20, true, (ap_q_mode)5, (ap_o_mode)3, 0>& ap_fixed_base<42, 20, true, (ap_q_mode)5, (ap_o_mode)3, 0>::operator=<17, 17, false, (ap_q_mode)5, (ap_o_mode)3, 0>(ap_fixed_base<17, 17, false, (ap_q_mode)5, (ap_o_mode)3, 0> const&)' into 'ap_fixed_base<42, 20, true, (ap_q_mode)5, (ap_o_mode)3, 0>::ap_fixed_base<17, false>(ap_int_base<17, false> const&)' (C:/Xilinx/Vitis_HLS/2020.2/common/technology/autopilot\ap_fixed_base.h:447:5)
INFO: [HLS 214-131] Inlining function 'ap_fixed_base<42, 20, true, (ap_q_mode)5, (ap_o_mode)3, 0>::ap_fixed_base<17, false>(ap_int_base<17, false> const&)' into 'ap_fixed<42, 20, (ap_q_mode)5, (ap_o_mode)3, 0>::ap_fixed<17, false>(ap_int_base<17, false> const&)' (C:/Xilinx/Vitis_HLS/2020.2/common/technology/autopilot/ap_fixed.h:113:91)
INFO: [HLS 214-131] Inlining function 'ap_fixed_base<43, 21, true, (ap_q_mode)5, (ap_o_mode)3, 0>::ap_fixed_base<42, 20, true, (ap_q_mode)5, (ap_o_mode)3, 0>(ap_fixed_base<42, 20, true, (ap_q_mode)5, (ap_o_mode)3, 0> const&)' into 'ap_fixed_base<42, 20, true, (ap_q_mode)5, (ap_o_mode)3, 0>::RType<42, 20, true>::minus ap_fixed_base<42, 20, true, (ap_q_mode)5, (ap_o_mode)3, 0>::operator-<42, 20, true, (ap_q_mode)5, (ap_o_mode)3, 0>(ap_fixed_base<42, 20, true, (ap_q_mode)5, (ap_o_mode)3, 0> const&) const' (C:/Xilinx/Vitis_HLS/2020.2/common/technology/autopilot\ap_fixed_base.h:1193:332)
INFO: [HLS 214-131] Inlining function 'ap_fixed_base<43, 21, true, (ap_q_mode)5, (ap_o_mode)3, 0>::ap_fixed_base<42, 20, true, (ap_q_mode)5, (ap_o_mode)3, 0>(ap_fixed_base<42, 20, true, (ap_q_mode)5, (ap_o_mode)3, 0> const&)' into 'ap_fixed_base<42, 20, true, (ap_q_mode)5, (ap_o_mode)3, 0>::RType<42, 20, true>::minus ap_fixed_base<42, 20, true, (ap_q_mode)5, (ap_o_mode)3, 0>::operator-<42, 20, true, (ap_q_mode)5, (ap_o_mode)3, 0>(ap_fixed_base<42, 20, true, (ap_q_mode)5, (ap_o_mode)3, 0> const&) const' (C:/Xilinx/Vitis_HLS/2020.2/common/technology/autopilot\ap_fixed_base.h:1193:344)
INFO: [HLS 214-131] Inlining function 'ap_fixed_base<43, 21, true, (ap_q_mode)5, (ap_o_mode)3, 0>::operator!() const' into 'ap_fixed_base<48, 16, false, (ap_q_mode)5, (ap_o_mode)3, 0>& ap_fixed_base<48, 16, false, (ap_q_mode)5, (ap_o_mode)3, 0>::operator=<43, 21, true, (ap_q_mode)5, (ap_o_mode)3, 0>(ap_fixed_base<43, 21, true, (ap_q_mode)5, (ap_o_mode)3, 0> const&)' (C:/Xilinx/Vitis_HLS/2020.2/common/technology/autopilot\ap_fixed_base.h:698:9)
INFO: [HLS 214-131] Inlining function 'ap_fixed_base<48, 16, false, (ap_q_mode)5, (ap_o_mode)3, 0>& ap_fixed_base<48, 16, false, (ap_q_mode)5, (ap_o_mode)3, 0>::operator=<43, 21, true, (ap_q_mode)5, (ap_o_mode)3, 0>(ap_fixed_base<43, 21, true, (ap_q_mode)5, (ap_o_mode)3, 0> const&)' into 'ap_fixed_base<48, 16, false, (ap_q_mode)5, (ap_o_mode)3, 0>::ap_fixed_base<43, 21, true, (ap_q_mode)5, (ap_o_mode)3, 0>(ap_fixed_base<43, 21, true, (ap_q_mode)5, (ap_o_mode)3, 0> const&)' (C:/Xilinx/Vitis_HLS/2020.2/common/technology/autopilot\ap_fixed_base.h:431:5)
INFO: [HLS 214-131] Inlining function 'ap_fixed_base<48, 16, false, (ap_q_mode)5, (ap_o_mode)3, 0>::ap_fixed_base<43, 21, true, (ap_q_mode)5, (ap_o_mode)3, 0>(ap_fixed_base<43, 21, true, (ap_q_mode)5, (ap_o_mode)3, 0> const&)' into 'ap_ufixed<48, 16, (ap_q_mode)5, (ap_o_mode)3, 0>::ap_ufixed<43, 21, true, (ap_q_mode)5, (ap_o_mode)3, 0>(ap_fixed_base<43, 21, true, (ap_q_mode)5, (ap_o_mode)3, 0> const&)' (C:/Xilinx/Vitis_HLS/2020.2/common/technology/autopilot/ap_fixed.h:239:9)
INFO: [HLS 214-131] Inlining function 'ap_fixed_base<43, 21, true, (ap_q_mode)5, (ap_o_mode)3, 0>::operator!() const' into 'ap_fixed_base<42, 20, true, (ap_q_mode)5, (ap_o_mode)3, 0>& ap_fixed_base<42, 20, true, (ap_q_mode)5, (ap_o_mode)3, 0>::operator=<43, 21, true, (ap_q_mode)5, (ap_o_mode)3, 0>(ap_fixed_base<43, 21, true, (ap_q_mode)5, (ap_o_mode)3, 0> const&)' (C:/Xilinx/Vitis_HLS/2020.2/common/technology/autopilot\ap_fixed_base.h:698:9)
INFO: [HLS 214-131] Inlining function 'ap_fixed_base<42, 20, true, (ap_q_mode)5, (ap_o_mode)3, 0>& ap_fixed_base<42, 20, true, (ap_q_mode)5, (ap_o_mode)3, 0>::operator=<43, 21, true, (ap_q_mode)5, (ap_o_mode)3, 0>(ap_fixed_base<43, 21, true, (ap_q_mode)5, (ap_o_mode)3, 0> const&)' into 'ap_fixed_base<42, 20, true, (ap_q_mode)5, (ap_o_mode)3, 0>::ap_fixed_base<43, 21, true, (ap_q_mode)5, (ap_o_mode)3, 0>(ap_fixed_base<43, 21, true, (ap_q_mode)5, (ap_o_mode)3, 0> const&)' (C:/Xilinx/Vitis_HLS/2020.2/common/technology/autopilot\ap_fixed_base.h:431:5)
INFO: [HLS 214-131] Inlining function 'ap_fixed_base<42, 20, true, (ap_q_mode)5, (ap_o_mode)3, 0>::ap_fixed_base<43, 21, true, (ap_q_mode)5, (ap_o_mode)3, 0>(ap_fixed_base<43, 21, true, (ap_q_mode)5, (ap_o_mode)3, 0> const&)' into 'ap_fixed<42, 20, (ap_q_mode)5, (ap_o_mode)3, 0>::ap_fixed<43, 21, true, (ap_q_mode)5, (ap_o_mode)3, 0>(ap_fixed_base<43, 21, true, (ap_q_mode)5, (ap_o_mode)3, 0> const&)' (C:/Xilinx/Vitis_HLS/2020.2/common/technology/autopilot/ap_fixed.h:75:9)
INFO: [HLS 214-131] Inlining function 'ap_fixed_base<42, 20, true, (ap_q_mode)5, (ap_o_mode)3, 0>::RType<42, 20, true>::minus ap_fixed_base<42, 20, true, (ap_q_mode)5, (ap_o_mode)3, 0>::operator-<42, 20, true, (ap_q_mode)5, (ap_o_mode)3, 0>(ap_fixed_base<42, 20, true, (ap_q_mode)5, (ap_o_mode)3, 0> const&) const' into 'void computeInterpolation<1, 42, 20, 17, 48, 16, 48, 16, 1>(int, int, int, int, ap_ufixed<48, 16, (ap_q_mode)5, (ap_o_mode)3, 0>, ap_fixed<42, 20, (ap_q_mode)5, (ap_o_mode)3, 0>*, ap_ufixed<48, 16, (ap_q_mode)5, (ap_o_mode)3, 0>, ap_uint<17>*, ap_uint<17>&, ap_uint<17>&, ap_ufixed<48, 16, (ap_q_mode)5, (ap_o_mode)3, 0>*, ap_ufixed<48, 16, (ap_q_mode)5, (ap_o_mode)3, 0>&, ap_fixed<42, 20, (ap_q_mode)5, (ap_o_mode)3, 0>, ap_fixed<42, 20, (ap_q_mode)5, (ap_o_mode)3, 0>)' (vitis_library_vision_L1/include\imgproc/xf_resize_nn_bilinear.hpp:261:82)
INFO: [HLS 214-131] Inlining function 'ap_uint<17>::ap_uint<42, 20, (ap_q_mode)5, (ap_o_mode)3, 0>(ap_fixed<42, 20, (ap_q_mode)5, (ap_o_mode)3, 0> const&)' into 'void computeInterpolation<1, 42, 20, 17, 48, 16, 48, 16, 1>(int, int, int, int, ap_ufixed<48, 16, (ap_q_mode)5, (ap_o_mode)3, 0>, ap_fixed<42, 20, (ap_q_mode)5, (ap_o_mode)3, 0>*, ap_ufixed<48, 16, (ap_q_mode)5, (ap_o_mode)3, 0>, ap_uint<17>*, ap_uint<17>&, ap_uint<17>&, ap_ufixed<48, 16, (ap_q_mode)5, (ap_o_mode)3, 0>*, ap_ufixed<48, 16, (ap_q_mode)5, (ap_o_mode)3, 0>&, ap_fixed<42, 20, (ap_q_mode)5, (ap_o_mode)3, 0>, ap_fixed<42, 20, (ap_q_mode)5, (ap_o_mode)3, 0>)' (vitis_library_vision_L1/include\imgproc/xf_resize_nn_bilinear.hpp:260:25)
INFO: [HLS 214-131] Inlining function 'bool operator><42, 20, true, (ap_q_mode)5, (ap_o_mode)3, 0>(ap_fixed_base<42, 20, true, (ap_q_mode)5, (ap_o_mode)3, 0> const&, int)' into 'void computeInterpolation<1, 42, 20, 17, 48, 16, 48, 16, 1>(int, int, int, int, ap_ufixed<48, 16, (ap_q_mode)5, (ap_o_mode)3, 0>, ap_fixed<42, 20, (ap_q_mode)5, (ap_o_mode)3, 0>*, ap_ufixed<48, 16, (ap_q_mode)5, (ap_o_mode)3, 0>, ap_uint<17>*, ap_uint<17>&, ap_uint<17>&, ap_ufixed<48, 16, (ap_q_mode)5, (ap_o_mode)3, 0>*, ap_ufixed<48, 16, (ap_q_mode)5, (ap_o_mode)3, 0>&, ap_fixed<42, 20, (ap_q_mode)5, (ap_o_mode)3, 0>, ap_fixed<42, 20, (ap_q_mode)5, (ap_o_mode)3, 0>)' (vitis_library_vision_L1/include\imgproc/xf_resize_nn_bilinear.hpp:257:35)
INFO: [HLS 214-131] Inlining function 'bool operator<<42, 20, true, (ap_q_mode)5, (ap_o_mode)3, 0>(ap_fixed_base<42, 20, true, (ap_q_mode)5, (ap_o_mode)3, 0> const&, int)' into 'void computeInterpolation<1, 42, 20, 17, 48, 16, 48, 16, 1>(int, int, int, int, ap_ufixed<48, 16, (ap_q_mode)5, (ap_o_mode)3, 0>, ap_fixed<42, 20, (ap_q_mode)5, (ap_o_mode)3, 0>*, ap_ufixed<48, 16, (ap_q_mode)5, (ap_o_mode)3, 0>, ap_uint<17>*, ap_uint<17>&, ap_uint<17>&, ap_ufixed<48, 16, (ap_q_mode)5, (ap_o_mode)3, 0>*, ap_ufixed<48, 16, (ap_q_mode)5, (ap_o_mode)3, 0>&, ap_fixed<42, 20, (ap_q_mode)5, (ap_o_mode)3, 0>, ap_fixed<42, 20, (ap_q_mode)5, (ap_o_mode)3, 0>)' (vitis_library_vision_L1/include\imgproc/xf_resize_nn_bilinear.hpp:255:28)
INFO: [HLS 214-131] Inlining function 'ap_fixed_base<42, 20, true, (ap_q_mode)5, (ap_o_mode)3, 0>::RType<42, 20, true>::plus ap_fixed_base<42, 20, true, (ap_q_mode)5, (ap_o_mode)3, 0>::operator+<42, 20, true, (ap_q_mode)5, (ap_o_mode)3, 0>(ap_fixed_base<42, 20, true, (ap_q_mode)5, (ap_o_mode)3, 0> const&) const' into 'void computeInterpolation<1, 42, 20, 17, 48, 16, 48, 16, 1>(int, int, int, int, ap_ufixed<48, 16, (ap_q_mode)5, (ap_o_mode)3, 0>, ap_fixed<42, 20, (ap_q_mode)5, (ap_o_mode)3, 0>*, ap_ufixed<48, 16, (ap_q_mode)5, (ap_o_mode)3, 0>, ap_uint<17>*, ap_uint<17>&, ap_uint<17>&, ap_ufixed<48, 16, (ap_q_mode)5, (ap_o_mode)3, 0>*, ap_ufixed<48, 16, (ap_q_mode)5, (ap_o_mode)3, 0>&, ap_fixed<42, 20, (ap_q_mode)5, (ap_o_mode)3, 0>, ap_fixed<42, 20, (ap_q_mode)5, (ap_o_mode)3, 0>)' (vitis_library_vision_L1/include\imgproc/xf_resize_nn_bilinear.hpp:254:42)
INFO: [HLS 214-131] Inlining function 'ap_fixed_base<42, 20, true, (ap_q_mode)5, (ap_o_mode)3, 0>::RType<42, 20, true>::minus ap_fixed_base<42, 20, true, (ap_q_mode)5, (ap_o_mode)3, 0>::operator-<42, 20, true, (ap_q_mode)5, (ap_o_mode)3, 0>(ap_fixed_base<42, 20, true, (ap_q_mode)5, (ap_o_mode)3, 0> const&) const' into 'void computeInterpolation<1, 42, 20, 17, 48, 16, 48, 16, 1>(int, int, int, int, ap_ufixed<48, 16, (ap_q_mode)5, (ap_o_mode)3, 0>, ap_fixed<42, 20, (ap_q_mode)5, (ap_o_mode)3, 0>*, ap_ufixed<48, 16, (ap_q_mode)5, (ap_o_mode)3, 0>, ap_uint<17>*, ap_uint<17>&, ap_uint<17>&, ap_ufixed<48, 16, (ap_q_mode)5, (ap_o_mode)3, 0>*, ap_ufixed<48, 16, (ap_q_mode)5, (ap_o_mode)3, 0>&, ap_fixed<42, 20, (ap_q_mode)5, (ap_o_mode)3, 0>, ap_fixed<42, 20, (ap_q_mode)5, (ap_o_mode)3, 0>)' (vitis_library_vision_L1/include\imgproc/xf_resize_nn_bilinear.hpp:244:75)
INFO: [HLS 214-131] Inlining function 'ap_uint<17>::ap_uint<42, 20, (ap_q_mode)5, (ap_o_mode)3, 0>(ap_fixed<42, 20, (ap_q_mode)5, (ap_o_mode)3, 0> const&)' into 'void computeInterpolation<1, 42, 20, 17, 48, 16, 48, 16, 1>(int, int, int, int, ap_ufixed<48, 16, (ap_q_mode)5, (ap_o_mode)3, 0>, ap_fixed<42, 20, (ap_q_mode)5, (ap_o_mode)3, 0>*, ap_ufixed<48, 16, (ap_q_mode)5, (ap_o_mode)3, 0>, ap_uint<17>*, ap_uint<17>&, ap_uint<17>&, ap_ufixed<48, 16, (ap_q_mode)5, (ap_o_mode)3, 0>*, ap_ufixed<48, 16, (ap_q_mode)5, (ap_o_mode)3, 0>&, ap_fixed<42, 20, (ap_q_mode)5, (ap_o_mode)3, 0>, ap_fixed<42, 20, (ap_q_mode)5, (ap_o_mode)3, 0>)' (vitis_library_vision_L1/include\imgproc/xf_resize_nn_bilinear.hpp:243:18)
INFO: [HLS 214-131] Inlining function 'bool operator><42, 20, true, (ap_q_mode)5, (ap_o_mode)3, 0>(ap_fixed_base<42, 20, true, (ap_q_mode)5, (ap_o_mode)3, 0> const&, int)' into 'void computeInterpolation<1, 42, 20, 17, 48, 16, 48, 16, 1>(int, int, int, int, ap_ufixed<48, 16, (ap_q_mode)5, (ap_o_mode)3, 0>, ap_fixed<42, 20, (ap_q_mode)5, (ap_o_mode)3, 0>*, ap_ufixed<48, 16, (ap_q_mode)5, (ap_o_mode)3, 0>, ap_uint<17>*, ap_uint<17>&, ap_uint<17>&, ap_ufixed<48, 16, (ap_q_mode)5, (ap_o_mode)3, 0>*, ap_ufixed<48, 16, (ap_q_mode)5, (ap_o_mode)3, 0>&, ap_fixed<42, 20, (ap_q_mode)5, (ap_o_mode)3, 0>, ap_fixed<42, 20, (ap_q_mode)5, (ap_o_mode)3, 0>)' (vitis_library_vision_L1/include\imgproc/xf_resize_nn_bilinear.hpp:240:31)
INFO: [HLS 214-131] Inlining function 'bool operator<<42, 20, true, (ap_q_mode)5, (ap_o_mode)3, 0>(ap_fixed_base<42, 20, true, (ap_q_mode)5, (ap_o_mode)3, 0> const&, int)' into 'void computeInterpolation<1, 42, 20, 17, 48, 16, 48, 16, 1>(int, int, int, int, ap_ufixed<48, 16, (ap_q_mode)5, (ap_o_mode)3, 0>, ap_fixed<42, 20, (ap_q_mode)5, (ap_o_mode)3, 0>*, ap_ufixed<48, 16, (ap_q_mode)5, (ap_o_mode)3, 0>, ap_uint<17>*, ap_uint<17>&, ap_uint<17>&, ap_ufixed<48, 16, (ap_q_mode)5, (ap_o_mode)3, 0>*, ap_ufixed<48, 16, (ap_q_mode)5, (ap_o_mode)3, 0>&, ap_fixed<42, 20, (ap_q_mode)5, (ap_o_mode)3, 0>, ap_fixed<42, 20, (ap_q_mode)5, (ap_o_mode)3, 0>)' (vitis_library_vision_L1/include\imgproc/xf_resize_nn_bilinear.hpp:238:24)
INFO: [HLS 214-131] Inlining function 'ap_uint<17>::ap_uint<43, 21, (ap_q_mode)5, (ap_o_mode)3, 0>(ap_fixed<43, 21, (ap_q_mode)5, (ap_o_mode)3, 0> const&)' into 'void computeInterpolation<1, 42, 20, 17, 48, 16, 48, 16, 1>(int, int, int, int, ap_ufixed<48, 16, (ap_q_mode)5, (ap_o_mode)3, 0>, ap_fixed<42, 20, (ap_q_mode)5, (ap_o_mode)3, 0>*, ap_ufixed<48, 16, (ap_q_mode)5, (ap_o_mode)3, 0>, ap_uint<17>*, ap_uint<17>&, ap_uint<17>&, ap_ufixed<48, 16, (ap_q_mode)5, (ap_o_mode)3, 0>*, ap_ufixed<48, 16, (ap_q_mode)5, (ap_o_mode)3, 0>&, ap_fixed<42, 20, (ap_q_mode)5, (ap_o_mode)3, 0>, ap_fixed<42, 20, (ap_q_mode)5, (ap_o_mode)3, 0>)' (vitis_library_vision_L1/include\imgproc/xf_resize_nn_bilinear.hpp:237:22)
INFO: [HLS 214-131] Inlining function 'ap_fixed_base<42, 20, true, (ap_q_mode)5, (ap_o_mode)3, 0>::RType<42, 20, true>::plus ap_fixed_base<42, 20, true, (ap_q_mode)5, (ap_o_mode)3, 0>::operator+<42, 20, true, (ap_q_mode)5, (ap_o_mode)3, 0>(ap_fixed_base<42, 20, true, (ap_q_mode)5, (ap_o_mode)3, 0> const&) const' into 'void computeInterpolation<1, 42, 20, 17, 48, 16, 48, 16, 1>(int, int, int, int, ap_ufixed<48, 16, (ap_q_mode)5, (ap_o_mode)3, 0>, ap_fixed<42, 20, (ap_q_mode)5, (ap_o_mode)3, 0>*, ap_ufixed<48, 16, (ap_q_mode)5, (ap_o_mode)3, 0>, ap_uint<17>*, ap_uint<17>&, ap_uint<17>&, ap_ufixed<48, 16, (ap_q_mode)5, (ap_o_mode)3, 0>*, ap_ufixed<48, 16, (ap_q_mode)5, (ap_o_mode)3, 0>&, ap_fixed<42, 20, (ap_q_mode)5, (ap_o_mode)3, 0>, ap_fixed<42, 20, (ap_q_mode)5, (ap_o_mode)3, 0>)' (vitis_library_vision_L1/include\imgproc/xf_resize_nn_bilinear.hpp:237:33)
INFO: [HLS 214-131] Inlining function 'ap_int_base<32, true>::ap_int_base(int)' into 'bool operator>=<17, false>(ap_int_base<17, false> const&, int)' (C:/Xilinx/Vitis_HLS/2020.2/common/technology/autopilot\ap_int_base.h:1616:1093)
INFO: [HLS 214-131] Inlining function 'bool ap_int_base<17, false>::operator>=<32, true>(ap_int_base<32, true> const&) const' into 'bool operator>=<17, false>(ap_int_base<17, false> const&, int)' (C:/Xilinx/Vitis_HLS/2020.2/common/technology/autopilot\ap_int_base.h:1616:1090)
INFO: [HLS 214-131] Inlining function 'ap_uint<17>::ap_uint<17, false>(ap_int_base<17, false> const&)' into 'ap_int_base<17, false>::RType<17, false>::arg1 operator>><17, false>(ap_int_base<17, false> const&, int)' (C:/Xilinx/Vitis_HLS/2020.2/common/technology/autopilot\ap_int_base.h:1497:650)
INFO: [HLS 214-131] Inlining function 'ap_int_base<33, true>::ap_int_base<17, false>(ap_int_base<17, false> const&)' into 'ap_int_base<17, false>::RType<32, true>::plus operator+<17, false, 32, true>(ap_int_base<17, false> const&, ap_int_base<32, true> const&)' (C:/Xilinx/Vitis_HLS/2020.2/common/technology/autopilot\ap_int_base.h:1346:339)
INFO: [HLS 214-131] Inlining function 'ap_int<33>::ap_int<33, true>(ap_int_base<33, true> const&)' into 'ap_int_base<17, false>::RType<32, true>::plus operator+<17, false, 32, true>(ap_int_base<17, false> const&, ap_int_base<32, true> const&)' (C:/Xilinx/Vitis_HLS/2020.2/common/technology/autopilot\ap_int_base.h:1346:551)
INFO: [HLS 214-131] Inlining function 'ap_int_base<33, true>::ap_int_base<32, true>(ap_int_base<32, true> const&)' into 'ap_int_base<17, false>::RType<32, true>::plus operator+<17, false, 32, true>(ap_int_base<17, false> const&, ap_int_base<32, true> const&)' (C:/Xilinx/Vitis_HLS/2020.2/common/technology/autopilot\ap_int_base.h:1346:427)
INFO: [HLS 214-131] Inlining function 'ap_int_base<32, true>::ap_int_base(int)' into 'ap_int_base<17, false>::RType<($_0)32, true>::plus operator+<17, false>(ap_int_base<17, false> const&, int)' (C:/Xilinx/Vitis_HLS/2020.2/common/technology/autopilot\ap_int_base.h:1461:1006)
INFO: [HLS 214-131] Inlining function 'ap_int_base<17, false>::RType<32, true>::plus operator+<17, false, 32, true>(ap_int_base<17, false> const&, ap_int_base<32, true> const&)' into 'ap_int_base<17, false>::RType<($_0)32, true>::plus operator+<17, false>(ap_int_base<17, false> const&, int)' (C:/Xilinx/Vitis_HLS/2020.2/common/technology/autopilot\ap_int_base.h:1461:1004)
INFO: [HLS 214-131] Inlining function 'ap_int_base<32, true>::ap_int_base(int)' into 'bool operator==<17, false>(ap_int_base<17, false> const&, int)' (C:/Xilinx/Vitis_HLS/2020.2/common/technology/autopilot\ap_int_base.h:1616:1853)
INFO: [HLS 214-131] Inlining function 'bool ap_int_base<17, false>::operator==<32, true>(ap_int_base<32, true> const&) const' into 'bool operator==<17, false>(ap_int_base<17, false> const&, int)' (C:/Xilinx/Vitis_HLS/2020.2/common/technology/autopilot\ap_int_base.h:1616:1850)
INFO: [HLS 214-131] Inlining function 'ap_uint<17>::ap_uint<17, false>(ap_int_base<17, false> const&)' into 'ap_int_base<17, false>::RType<17, false>::arg1 operator<<<17, false>(ap_int_base<17, false> const&, int)' (C:/Xilinx/Vitis_HLS/2020.2/common/technology/autopilot\ap_int_base.h:1497:323)
INFO: [HLS 214-131] Inlining function 'ap_int_base<34, true>::ap_int_base<33, true>(ap_int_base<33, true> const&)' into 'ap_int_base<33, true>::RType<32, true>::minus operator-<33, true, 32, true>(ap_int_base<33, true> const&, ap_int_base<32, true> const&)' (C:/Xilinx/Vitis_HLS/2020.2/common/technology/autopilot\ap_int_base.h:1347:341)
INFO: [HLS 214-131] Inlining function 'ap_int<34>::ap_int<34, true>(ap_int_base<34, true> const&)' into 'ap_int_base<33, true>::RType<32, true>::minus operator-<33, true, 32, true>(ap_int_base<33, true> const&, ap_int_base<32, true> const&)' (C:/Xilinx/Vitis_HLS/2020.2/common/technology/autopilot\ap_int_base.h:1347:555)
INFO: [HLS 214-131] Inlining function 'ap_int_base<34, true>::ap_int_base<32, true>(ap_int_base<32, true> const&)' into 'ap_int_base<33, true>::RType<32, true>::minus operator-<33, true, 32, true>(ap_int_base<33, true> const&, ap_int_base<32, true> const&)' (C:/Xilinx/Vitis_HLS/2020.2/common/technology/autopilot\ap_int_base.h:1347:430)
INFO: [HLS 214-131] Inlining function 'ap_int_base<32, true>::ap_int_base(int)' into 'ap_int_base<33, true>::RType<($_0)32, true>::minus operator-<33, true>(ap_int_base<33, true> const&, int)' (C:/Xilinx/Vitis_HLS/2020.2/common/technology/autopilot\ap_int_base.h:1461:1531)
INFO: [HLS 214-131] Inlining function 'ap_int_base<33, true>::RType<32, true>::minus operator-<33, true, 32, true>(ap_int_base<33, true> const&, ap_int_base<32, true> const&)' into 'ap_int_base<33, true>::RType<($_0)32, true>::minus operator-<33, true>(ap_int_base<33, true> const&, int)' (C:/Xilinx/Vitis_HLS/2020.2/common/technology/autopilot\ap_int_base.h:1461:1529)
INFO: [HLS 214-131] Inlining function 'ap_range_ref<8, false>::ap_range_ref(ap_int_base<8, false>*, int, int)' into 'ap_int_base<8, false>::range(int, int)' (C:/Xilinx/Vitis_HLS/2020.2/common/technology/autopilot\ap_int_base.h:899:12)
INFO: [HLS 214-131] Inlining function 'ap_range_ref<8, false>::get() const' into 'ap_int_base<8, false>::ap_int_base<8, false>(ap_range_ref<8, false> const&)' (C:/Xilinx/Vitis_HLS/2020.2/common/technology/autopilot\ap_int_base.h:358:20)
INFO: [HLS 214-131] Inlining function 'ap_int_base<8, false>::ap_int_base<8, false>(ap_range_ref<8, false> const&)' into 'ap_uint<8>::ap_uint<8, false>(ap_range_ref<8, false> const&)' (C:/Xilinx/Vitis_HLS/2020.2/common/technology/autopilot\ap_int.h:237:92)
INFO: [HLS 214-131] Inlining function 'ap_int_base<18, true>::ap_int_base<17, false>(ap_int_base<17, false> const&)' into 'ap_int_base<17, false>::RType<17, false>::minus operator-<17, false, 17, false>(ap_int_base<17, false> const&, ap_int_base<17, false> const&)' (C:/Xilinx/Vitis_HLS/2020.2/common/technology/autopilot\ap_int_base.h:1347:341)
INFO: [HLS 214-131] Inlining function 'ap_int<18>::ap_int<18, true>(ap_int_base<18, true> const&)' into 'ap_int_base<17, false>::RType<17, false>::minus operator-<17, false, 17, false>(ap_int_base<17, false> const&, ap_int_base<17, false> const&)' (C:/Xilinx/Vitis_HLS/2020.2/common/technology/autopilot\ap_int_base.h:1347:555)
INFO: [HLS 214-131] Inlining function 'ap_int_base<18, true>::ap_int_base<17, false>(ap_int_base<17, false> const&)' into 'ap_int_base<17, false>::RType<17, false>::minus operator-<17, false, 17, false>(ap_int_base<17, false> const&, ap_int_base<17, false> const&)' (C:/Xilinx/Vitis_HLS/2020.2/common/technology/autopilot\ap_int_base.h:1347:430)
INFO: [HLS 214-131] Inlining function 'ap_int_base<33, true>::ap_int_base<18, true>(ap_int_base<18, true> const&)' into 'ap_int_base<18, true>::RType<32, true>::plus operator+<18, true, 32, true>(ap_int_base<18, true> const&, ap_int_base<32, true> const&)' (C:/Xilinx/Vitis_HLS/2020.2/common/technology/autopilot\ap_int_base.h:1346:339)
INFO: [HLS 214-131] Inlining function 'ap_int<33>::ap_int<33, true>(ap_int_base<33, true> const&)' into 'ap_int_base<18, true>::RType<32, true>::plus operator+<18, true, 32, true>(ap_int_base<18, true> const&, ap_int_base<32, true> const&)' (C:/Xilinx/Vitis_HLS/2020.2/common/technology/autopilot\ap_int_base.h:1346:551)
INFO: [HLS 214-131] Inlining function 'ap_int_base<33, true>::ap_int_base<32, true>(ap_int_base<32, true> const&)' into 'ap_int_base<18, true>::RType<32, true>::plus operator+<18, true, 32, true>(ap_int_base<18, true> const&, ap_int_base<32, true> const&)' (C:/Xilinx/Vitis_HLS/2020.2/common/technology/autopilot\ap_int_base.h:1346:427)
INFO: [HLS 214-131] Inlining function 'ap_int_base<32, true>::ap_int_base(int)' into 'ap_int_base<18, true>::RType<($_0)32, true>::plus operator+<18, true>(ap_int_base<18, true> const&, int)' (C:/Xilinx/Vitis_HLS/2020.2/common/technology/autopilot\ap_int_base.h:1461:1006)
INFO: [HLS 214-131] Inlining function 'ap_int_base<18, true>::RType<32, true>::plus operator+<18, true, 32, true>(ap_int_base<18, true> const&, ap_int_base<32, true> const&)' into 'ap_int_base<18, true>::RType<($_0)32, true>::plus operator+<18, true>(ap_int_base<18, true> const&, int)' (C:/Xilinx/Vitis_HLS/2020.2/common/technology/autopilot\ap_int_base.h:1461:1004)
INFO: [HLS 214-131] Inlining function 'ap_fixed_base<48, 16, false, (ap_q_mode)5, (ap_o_mode)3, 0>::operator!() const' into 'ap_fixed_base<12, 2, false, (ap_q_mode)5, (ap_o_mode)3, 0>& ap_fixed_base<12, 2, false, (ap_q_mode)5, (ap_o_mode)3, 0>::operator=<48, 16, false, (ap_q_mode)5, (ap_o_mode)3, 0>(ap_fixed_base<48, 16, false, (ap_q_mode)5, (ap_o_mode)3, 0> const&)' (C:/Xilinx/Vitis_HLS/2020.2/common/technology/autopilot\ap_fixed_base.h:698:9)
INFO: [HLS 214-131] Inlining function 'ap_fixed_base<12, 2, false, (ap_q_mode)5, (ap_o_mode)3, 0>& ap_fixed_base<12, 2, false, (ap_q_mode)5, (ap_o_mode)3, 0>::operator=<48, 16, false, (ap_q_mode)5, (ap_o_mode)3, 0>(ap_fixed_base<48, 16, false, (ap_q_mode)5, (ap_o_mode)3, 0> const&)' into 'ap_fixed_base<12, 2, false, (ap_q_mode)5, (ap_o_mode)3, 0>::ap_fixed_base<48, 16, false, (ap_q_mode)5, (ap_o_mode)3, 0>(ap_fixed_base<48, 16, false, (ap_q_mode)5, (ap_o_mode)3, 0> const&)' (C:/Xilinx/Vitis_HLS/2020.2/common/technology/autopilot\ap_fixed_base.h:431:5)
INFO: [HLS 214-131] Inlining function 'ap_fixed_base<12, 2, false, (ap_q_mode)5, (ap_o_mode)3, 0>::ap_fixed_base<48, 16, false, (ap_q_mode)5, (ap_o_mode)3, 0>(ap_fixed_base<48, 16, false, (ap_q_mode)5, (ap_o_mode)3, 0> const&)' into 'ap_ufixed<12, 2, (ap_q_mode)5, (ap_o_mode)3, 0>::ap_ufixed<48, 16, false, (ap_q_mode)5, (ap_o_mode)3, 0>(ap_fixed_base<48, 16, false, (ap_q_mode)5, (ap_o_mode)3, 0> const&)' (C:/Xilinx/Vitis_HLS/2020.2/common/technology/autopilot/ap_fixed.h:239:9)
INFO: [HLS 214-131] Inlining function 'doubleToRawBits(double)' into 'ap_fixed_base<28, 18, false, (ap_q_mode)5, (ap_o_mode)3, 0>::ap_fixed_base(double)' (C:/Xilinx/Vitis_HLS/2020.2/common/technology/autopilot\ap_fixed_base.h:556:14)
INFO: [HLS 214-131] Inlining function 'ap_int_base<54, true>& ap_int_base<54, true>::operator=<55, true>(ap_int_base<55, true> const&)' into 'ap_fixed_base<28, 18, false, (ap_q_mode)5, (ap_o_mode)3, 0>::ap_fixed_base(double)' (C:/Xilinx/Vitis_HLS/2020.2/common/technology/autopilot\ap_fixed_base.h:570:20)
INFO: [HLS 214-131] Inlining function 'ap_int_base<54, true>::operator-() const' into 'ap_fixed_base<28, 18, false, (ap_q_mode)5, (ap_o_mode)3, 0>::ap_fixed_base(double)' (C:/Xilinx/Vitis_HLS/2020.2/common/technology/autopilot\ap_fixed_base.h:570:22)
INFO: [HLS 214-131] Inlining function 'ap_int_base<12, true>& ap_int_base<12, true>::operator=<65, true>(ap_int_base<65, true> const&)' into 'ap_fixed_base<28, 18, false, (ap_q_mode)5, (ap_o_mode)3, 0>::ap_fixed_base(double)' (C:/Xilinx/Vitis_HLS/2020.2/common/technology/autopilot\ap_fixed_base.h:563:9)
INFO: [HLS 214-131] Inlining function 'ap_int_base<11, false>::RType<($_0)64, true>::minus operator-<11, false>(ap_int_base<11, false> const&, long)' into 'ap_fixed_base<28, 18, false, (ap_q_mode)5, (ap_o_mode)3, 0>::ap_fixed_base(double)' (C:/Xilinx/Vitis_HLS/2020.2/common/technology/autopilot\ap_fixed_base.h:563:19)
INFO: [HLS 214-131] Inlining function 'ap_fixed_base<24, 4, false, (ap_q_mode)5, (ap_o_mode)3, 0>::operator!() const' into 'ap_fixed_base<12, 2, false, (ap_q_mode)5, (ap_o_mode)3, 0>& ap_fixed_base<12, 2, false, (ap_q_mode)5, (ap_o_mode)3, 0>::operator=<24, 4, false, (ap_q_mode)5, (ap_o_mode)3, 0>(ap_fixed_base<24, 4, false, (ap_q_mode)5, (ap_o_mode)3, 0> const&)' (C:/Xilinx/Vitis_HLS/2020.2/common/technology/autopilot\ap_fixed_base.h:698:9)
INFO: [HLS 214-131] Inlining function 'ap_fixed_base<12, 2, false, (ap_q_mode)5, (ap_o_mode)3, 0>& ap_fixed_base<12, 2, false, (ap_q_mode)5, (ap_o_mode)3, 0>::operator=<24, 4, false, (ap_q_mode)5, (ap_o_mode)3, 0>(ap_fixed_base<24, 4, false, (ap_q_mode)5, (ap_o_mode)3, 0> const&)' into 'ap_fixed_base<12, 2, false, (ap_q_mode)5, (ap_o_mode)3, 0>::ap_fixed_base<24, 4, false, (ap_q_mode)5, (ap_o_mode)3, 0>(ap_fixed_base<24, 4, false, (ap_q_mode)5, (ap_o_mode)3, 0> const&)' (C:/Xilinx/Vitis_HLS/2020.2/common/technology/autopilot\ap_fixed_base.h:431:5)
INFO: [HLS 214-131] Inlining function 'ap_fixed_base<12, 2, false, (ap_q_mode)5, (ap_o_mode)3, 0>::ap_fixed_base<24, 4, false, (ap_q_mode)5, (ap_o_mode)3, 0>(ap_fixed_base<24, 4, false, (ap_q_mode)5, (ap_o_mode)3, 0> const&)' into 'ap_ufixed<12, 2, (ap_q_mode)5, (ap_o_mode)3, 0>::ap_ufixed<24, 4, false, (ap_q_mode)5, (ap_o_mode)3, 0>(ap_fixed_base<24, 4, false, (ap_q_mode)5, (ap_o_mode)3, 0> const&)' (C:/Xilinx/Vitis_HLS/2020.2/common/technology/autopilot/ap_fixed.h:239:9)
INFO: [HLS 214-131] Inlining function 'ap_int_base<9, false>::ap_int_base<8, false>(ap_int_base<8, false> const&)' into 'ap_int_base<8, false>::RType<8, false>::plus operator+<8, false, 8, false>(ap_int_base<8, false> const&, ap_int_base<8, false> const&)' (C:/Xilinx/Vitis_HLS/2020.2/common/technology/autopilot\ap_int_base.h:1346:339)
INFO: [HLS 214-131] Inlining function 'ap_uint<9>::ap_uint<9, false>(ap_int_base<9, false> const&)' into 'ap_int_base<8, false>::RType<8, false>::plus operator+<8, false, 8, false>(ap_int_base<8, false> const&, ap_int_base<8, false> const&)' (C:/Xilinx/Vitis_HLS/2020.2/common/technology/autopilot\ap_int_base.h:1346:551)
INFO: [HLS 214-131] Inlining function 'ap_int_base<9, false>::ap_int_base<8, false>(ap_int_base<8, false> const&)' into 'ap_int_base<8, false>::RType<8, false>::plus operator+<8, false, 8, false>(ap_int_base<8, false> const&, ap_int_base<8, false> const&)' (C:/Xilinx/Vitis_HLS/2020.2/common/technology/autopilot\ap_int_base.h:1346:427)
INFO: [HLS 214-131] Inlining function 'ap_int_base<10, true>::ap_int_base<9, false>(ap_int_base<9, false> const&)' into 'ap_int_base<9, false>::RType<9, false>::minus operator-<9, false, 9, false>(ap_int_base<9, false> const&, ap_int_base<9, false> const&)' (C:/Xilinx/Vitis_HLS/2020.2/common/technology/autopilot\ap_int_base.h:1347:341)
INFO: [HLS 214-131] Inlining function 'ap_int<10>::ap_int<10, true>(ap_int_base<10, true> const&)' into 'ap_int_base<9, false>::RType<9, false>::minus operator-<9, false, 9, false>(ap_int_base<9, false> const&, ap_int_base<9, false> const&)' (C:/Xilinx/Vitis_HLS/2020.2/common/technology/autopilot\ap_int_base.h:1347:555)
INFO: [HLS 214-131] Inlining function 'ap_int_base<10, true>::ap_int_base<9, false>(ap_int_base<9, false> const&)' into 'ap_int_base<9, false>::RType<9, false>::minus operator-<9, false, 9, false>(ap_int_base<9, false> const&, ap_int_base<9, false> const&)' (C:/Xilinx/Vitis_HLS/2020.2/common/technology/autopilot\ap_int_base.h:1347:430)
INFO: [HLS 214-131] Inlining function 'ap_int_base<9, true>::ap_int_base<8, false>(ap_int_base<8, false> const&)' into 'ap_int_base<8, false>::RType<8, false>::minus operator-<8, false, 8, false>(ap_int_base<8, false> const&, ap_int_base<8, false> const&)' (C:/Xilinx/Vitis_HLS/2020.2/common/technology/autopilot\ap_int_base.h:1347:341)
INFO: [HLS 214-131] Inlining function 'ap_int<9>::ap_int<9, true>(ap_int_base<9, true> const&)' into 'ap_int_base<8, false>::RType<8, false>::minus operator-<8, false, 8, false>(ap_int_base<8, false> const&, ap_int_base<8, false> const&)' (C:/Xilinx/Vitis_HLS/2020.2/common/technology/autopilot\ap_int_base.h:1347:555)
INFO: [HLS 214-131] Inlining function 'ap_int_base<9, true>::ap_int_base<8, false>(ap_int_base<8, false> const&)' into 'ap_int_base<8, false>::RType<8, false>::minus operator-<8, false, 8, false>(ap_int_base<8, false> const&, ap_int_base<8, false> const&)' (C:/Xilinx/Vitis_HLS/2020.2/common/technology/autopilot\ap_int_base.h:1347:430)
INFO: [HLS 214-131] Inlining function 'ap_fixed_base<16, 16, true, (ap_q_mode)5, (ap_o_mode)3, 0>::operator!() const' into 'ap_fixed_base<16, 16, true, (ap_q_mode)5, (ap_o_mode)3, 0>& ap_fixed_base<16, 16, true, (ap_q_mode)5, (ap_o_mode)3, 0>::operator=<16, 16, true, (ap_q_mode)5, (ap_o_mode)3, 0>(ap_fixed_base<16, 16, true, (ap_q_mode)5, (ap_o_mode)3, 0> const&)' (C:/Xilinx/Vitis_HLS/2020.2/common/technology/autopilot\ap_fixed_base.h:698:9)
INFO: [HLS 214-131] Inlining function 'ap_fixed_base<16, 16, true, (ap_q_mode)5, (ap_o_mode)3, 0>& ap_fixed_base<16, 16, true, (ap_q_mode)5, (ap_o_mode)3, 0>::operator=<16, 16, true, (ap_q_mode)5, (ap_o_mode)3, 0>(ap_fixed_base<16, 16, true, (ap_q_mode)5, (ap_o_mode)3, 0> const&)' into 'ap_fixed_base<16, 16, true, (ap_q_mode)5, (ap_o_mode)3, 0>::ap_fixed_base<16, true>(ap_int_base<16, true> const&)' (C:/Xilinx/Vitis_HLS/2020.2/common/technology/autopilot\ap_fixed_base.h:447:5)
INFO: [HLS 214-131] Inlining function 'ap_fixed_base<16, 16, true, (ap_q_mode)5, (ap_o_mode)3, 0>::ap_fixed_base<16, true>(ap_int_base<16, true> const&)' into 'ap_fixed_base<16, 16, true, (ap_q_mode)5, (ap_o_mode)3, 0>::RType<12, 2, false>::mult operator*<12, 2, false, (ap_q_mode)5, (ap_o_mode)3, 0, 16, true>(ap_int_base<16, true> const&, ap_fixed_base<12, 2, false, (ap_q_mode)5, (ap_o_mode)3, 0> const&)' (C:/Xilinx/Vitis_HLS/2020.2/common/technology/autopilot\ap_fixed_base.h:2305:373)
INFO: [HLS 214-131] Inlining function 'ap_fixed_base<16, 16, true, (ap_q_mode)5, (ap_o_mode)3, 0>::RType<12, 2, false>::mult ap_fixed_base<16, 16, true, (ap_q_mode)5, (ap_o_mode)3, 0>::operator*<12, 2, false, (ap_q_mode)5, (ap_o_mode)3, 0>(ap_fixed_base<12, 2, false, (ap_q_mode)5, (ap_o_mode)3, 0> const&) const' into 'ap_fixed_base<16, 16, true, (ap_q_mode)5, (ap_o_mode)3, 0>::RType<12, 2, false>::mult operator*<12, 2, false, (ap_q_mode)5, (ap_o_mode)3, 0, 16, true>(ap_int_base<16, true> const&, ap_fixed_base<12, 2, false, (ap_q_mode)5, (ap_o_mode)3, 0> const&)' (C:/Xilinx/Vitis_HLS/2020.2/common/technology/autopilot\ap_fixed_base.h:2305:417)
INFO: [HLS 214-131] Inlining function 'ap_fixed_base<8, 8, false, (ap_q_mode)5, (ap_o_mode)3, 0>::operator!() const' into 'ap_fixed_base<28, 18, true, (ap_q_mode)5, (ap_o_mode)3, 0>& ap_fixed_base<28, 18, true, (ap_q_mode)5, (ap_o_mode)3, 0>::operator=<8, 8, false, (ap_q_mode)5, (ap_o_mode)3, 0>(ap_fixed_base<8, 8, false, (ap_q_mode)5, (ap_o_mode)3, 0> const&)' (C:/Xilinx/Vitis_HLS/2020.2/common/technology/autopilot\ap_fixed_base.h:698:9)
INFO: [HLS 214-131] Inlining function 'ap_fixed_base<28, 18, true, (ap_q_mode)5, (ap_o_mode)3, 0>& ap_fixed_base<28, 18, true, (ap_q_mode)5, (ap_o_mode)3, 0>::operator=<8, 8, false, (ap_q_mode)5, (ap_o_mode)3, 0>(ap_fixed_base<8, 8, false, (ap_q_mode)5, (ap_o_mode)3, 0> const&)' into 'ap_fixed_base<28, 18, true, (ap_q_mode)5, (ap_o_mode)3, 0>::ap_fixed_base<8, false>(ap_int_base<8, false> const&)' (C:/Xilinx/Vitis_HLS/2020.2/common/technology/autopilot\ap_fixed_base.h:447:5)
INFO: [HLS 214-131] Inlining function 'ap_fixed_base<28, 18, true, (ap_q_mode)5, (ap_o_mode)3, 0>::ap_fixed_base<8, false>(ap_int_base<8, false> const&)' into 'ap_fixed<28, 18, (ap_q_mode)5, (ap_o_mode)3, 0>::ap_fixed<8, false>(ap_int_base<8, false> const&)' (C:/Xilinx/Vitis_HLS/2020.2/common/technology/autopilot/ap_fixed.h:113:91)
INFO: [HLS 214-131] Inlining function 'ap_fixed_base<28, 18, true, (ap_q_mode)5, (ap_o_mode)3, 0>::operator!() const' into 'ap_fixed_base<29, 19, true, (ap_q_mode)5, (ap_o_mode)3, 0>& ap_fixed_base<29, 19, true, (ap_q_mode)5, (ap_o_mode)3, 0>::operator=<28, 18, true, (ap_q_mode)5, (ap_o_mode)3, 0>(ap_fixed_base<28, 18, true, (ap_q_mode)5, (ap_o_mode)3, 0> const&)' (C:/Xilinx/Vitis_HLS/2020.2/common/technology/autopilot\ap_fixed_base.h:698:9)
INFO: [HLS 214-131] Inlining function 'ap_fixed_base<29, 19, true, (ap_q_mode)5, (ap_o_mode)3, 0>& ap_fixed_base<29, 19, true, (ap_q_mode)5, (ap_o_mode)3, 0>::operator=<28, 18, true, (ap_q_mode)5, (ap_o_mode)3, 0>(ap_fixed_base<28, 18, true, (ap_q_mode)5, (ap_o_mode)3, 0> const&)' into 'ap_fixed_base<29, 19, true, (ap_q_mode)5, (ap_o_mode)3, 0>::ap_fixed_base<28, 18, true, (ap_q_mode)5, (ap_o_mode)3, 0>(ap_fixed_base<28, 18, true, (ap_q_mode)5, (ap_o_mode)3, 0> const&)' (C:/Xilinx/Vitis_HLS/2020.2/common/technology/autopilot\ap_fixed_base.h:431:5)
INFO: [HLS 214-131] Inlining function 'ap_fixed_base<29, 19, true, (ap_q_mode)5, (ap_o_mode)3, 0>::ap_fixed_base<28, 18, true, (ap_q_mode)5, (ap_o_mode)3, 0>(ap_fixed_base<28, 18, true, (ap_q_mode)5, (ap_o_mode)3, 0> const&)' into 'ap_fixed_base<28, 18, true, (ap_q_mode)5, (ap_o_mode)3, 0>::RType<28, 18, true>::plus ap_fixed_base<28, 18, true, (ap_q_mode)5, (ap_o_mode)3, 0>::operator+<28, 18, true, (ap_q_mode)5, (ap_o_mode)3, 0>(ap_fixed_base<28, 18, true, (ap_q_mode)5, (ap_o_mode)3, 0> const&) const' (C:/Xilinx/Vitis_HLS/2020.2/common/technology/autopilot\ap_fixed_base.h:1192:330)
INFO: [HLS 214-131] Inlining function 'ap_fixed_base<29, 19, true, (ap_q_mode)5, (ap_o_mode)3, 0>::ap_fixed_base<28, 18, true, (ap_q_mode)5, (ap_o_mode)3, 0>(ap_fixed_base<28, 18, true, (ap_q_mode)5, (ap_o_mode)3, 0> const&)' into 'ap_fixed_base<28, 18, true, (ap_q_mode)5, (ap_o_mode)3, 0>::RType<28, 18, true>::plus ap_fixed_base<28, 18, true, (ap_q_mode)5, (ap_o_mode)3, 0>::operator+<28, 18, true, (ap_q_mode)5, (ap_o_mode)3, 0>(ap_fixed_base<28, 18, true, (ap_q_mode)5, (ap_o_mode)3, 0> const&) const' (C:/Xilinx/Vitis_HLS/2020.2/common/technology/autopilot\ap_fixed_base.h:1192:342)
INFO: [HLS 214-131] Inlining function 'ap_fixed_base<29, 19, true, (ap_q_mode)5, (ap_o_mode)3, 0>::operator!() const' into 'ap_fixed_base<30, 20, true, (ap_q_mode)5, (ap_o_mode)3, 0>& ap_fixed_base<30, 20, true, (ap_q_mode)5, (ap_o_mode)3, 0>::operator=<29, 19, true, (ap_q_mode)5, (ap_o_mode)3, 0>(ap_fixed_base<29, 19, true, (ap_q_mode)5, (ap_o_mode)3, 0> const&)' (C:/Xilinx/Vitis_HLS/2020.2/common/technology/autopilot\ap_fixed_base.h:698:9)
INFO: [HLS 214-131] Inlining function 'ap_fixed_base<30, 20, true, (ap_q_mode)5, (ap_o_mode)3, 0>& ap_fixed_base<30, 20, true, (ap_q_mode)5, (ap_o_mode)3, 0>::operator=<29, 19, true, (ap_q_mode)5, (ap_o_mode)3, 0>(ap_fixed_base<29, 19, true, (ap_q_mode)5, (ap_o_mode)3, 0> const&)' into 'ap_fixed_base<30, 20, true, (ap_q_mode)5, (ap_o_mode)3, 0>::ap_fixed_base<29, 19, true, (ap_q_mode)5, (ap_o_mode)3, 0>(ap_fixed_base<29, 19, true, (ap_q_mode)5, (ap_o_mode)3, 0> const&)' (C:/Xilinx/Vitis_HLS/2020.2/common/technology/autopilot\ap_fixed_base.h:431:5)
INFO: [HLS 214-131] Inlining function 'ap_fixed_base<28, 18, true, (ap_q_mode)5, (ap_o_mode)3, 0>::operator!() const' into 'ap_fixed_base<30, 20, true, (ap_q_mode)5, (ap_o_mode)3, 0>& ap_fixed_base<30, 20, true, (ap_q_mode)5, (ap_o_mode)3, 0>::operator=<28, 18, true, (ap_q_mode)5, (ap_o_mode)3, 0>(ap_fixed_base<28, 18, true, (ap_q_mode)5, (ap_o_mode)3, 0> const&)' (C:/Xilinx/Vitis_HLS/2020.2/common/technology/autopilot\ap_fixed_base.h:698:9)
INFO: [HLS 214-131] Inlining function 'ap_fixed_base<30, 20, true, (ap_q_mode)5, (ap_o_mode)3, 0>& ap_fixed_base<30, 20, true, (ap_q_mode)5, (ap_o_mode)3, 0>::operator=<28, 18, true, (ap_q_mode)5, (ap_o_mode)3, 0>(ap_fixed_base<28, 18, true, (ap_q_mode)5, (ap_o_mode)3, 0> const&)' into 'ap_fixed_base<30, 20, true, (ap_q_mode)5, (ap_o_mode)3, 0>::ap_fixed_base<28, 18, true, (ap_q_mode)5, (ap_o_mode)3, 0>(ap_fixed_base<28, 18, true, (ap_q_mode)5, (ap_o_mode)3, 0> const&)' (C:/Xilinx/Vitis_HLS/2020.2/common/technology/autopilot\ap_fixed_base.h:431:5)
INFO: [HLS 214-131] Inlining function 'ap_fixed_base<30, 20, true, (ap_q_mode)5, (ap_o_mode)3, 0>::ap_fixed_base<29, 19, true, (ap_q_mode)5, (ap_o_mode)3, 0>(ap_fixed_base<29, 19, true, (ap_q_mode)5, (ap_o_mode)3, 0> const&)' into 'ap_fixed_base<29, 19, true, (ap_q_mode)5, (ap_o_mode)3, 0>::RType<28, 18, true>::plus ap_fixed_base<29, 19, true, (ap_q_mode)5, (ap_o_mode)3, 0>::operator+<28, 18, true, (ap_q_mode)5, (ap_o_mode)3, 0>(ap_fixed_base<28, 18, true, (ap_q_mode)5, (ap_o_mode)3, 0> const&) const' (C:/Xilinx/Vitis_HLS/2020.2/common/technology/autopilot\ap_fixed_base.h:1192:330)
INFO: [HLS 214-131] Inlining function 'ap_fixed_base<30, 20, true, (ap_q_mode)5, (ap_o_mode)3, 0>::ap_fixed_base<28, 18, true, (ap_q_mode)5, (ap_o_mode)3, 0>(ap_fixed_base<28, 18, true, (ap_q_mode)5, (ap_o_mode)3, 0> const&)' into 'ap_fixed_base<29, 19, true, (ap_q_mode)5, (ap_o_mode)3, 0>::RType<28, 18, true>::plus ap_fixed_base<29, 19, true, (ap_q_mode)5, (ap_o_mode)3, 0>::operator+<28, 18, true, (ap_q_mode)5, (ap_o_mode)3, 0>(ap_fixed_base<28, 18, true, (ap_q_mode)5, (ap_o_mode)3, 0> const&) const' (C:/Xilinx/Vitis_HLS/2020.2/common/technology/autopilot\ap_fixed_base.h:1192:342)
INFO: [HLS 214-131] Inlining function 'ap_fixed_base<30, 20, true, (ap_q_mode)5, (ap_o_mode)3, 0>::operator!() const' into 'ap_fixed_base<31, 21, true, (ap_q_mode)5, (ap_o_mode)3, 0>& ap_fixed_base<31, 21, true, (ap_q_mode)5, (ap_o_mode)3, 0>::operator=<30, 20, true, (ap_q_mode)5, (ap_o_mode)3, 0>(ap_fixed_base<30, 20, true, (ap_q_mode)5, (ap_o_mode)3, 0> const&)' (C:/Xilinx/Vitis_HLS/2020.2/common/technology/autopilot\ap_fixed_base.h:698:9)
INFO: [HLS 214-131] Inlining function 'ap_fixed_base<31, 21, true, (ap_q_mode)5, (ap_o_mode)3, 0>& ap_fixed_base<31, 21, true, (ap_q_mode)5, (ap_o_mode)3, 0>::operator=<30, 20, true, (ap_q_mode)5, (ap_o_mode)3, 0>(ap_fixed_base<30, 20, true, (ap_q_mode)5, (ap_o_mode)3, 0> const&)' into 'ap_fixed_base<31, 21, true, (ap_q_mode)5, (ap_o_mode)3, 0>::ap_fixed_base<30, 20, true, (ap_q_mode)5, (ap_o_mode)3, 0>(ap_fixed_base<30, 20, true, (ap_q_mode)5, (ap_o_mode)3, 0> const&)' (C:/Xilinx/Vitis_HLS/2020.2/common/technology/autopilot\ap_fixed_base.h:431:5)
INFO: [HLS 214-131] Inlining function 'ap_fixed_base<28, 18, true, (ap_q_mode)5, (ap_o_mode)3, 0>::operator!() const' into 'ap_fixed_base<31, 21, true, (ap_q_mode)5, (ap_o_mode)3, 0>& ap_fixed_base<31, 21, true, (ap_q_mode)5, (ap_o_mode)3, 0>::operator=<28, 18, true, (ap_q_mode)5, (ap_o_mode)3, 0>(ap_fixed_base<28, 18, true, (ap_q_mode)5, (ap_o_mode)3, 0> const&)' (C:/Xilinx/Vitis_HLS/2020.2/common/technology/autopilot\ap_fixed_base.h:698:9)
INFO: [HLS 214-131] Inlining function 'ap_fixed_base<31, 21, true, (ap_q_mode)5, (ap_o_mode)3, 0>& ap_fixed_base<31, 21, true, (ap_q_mode)5, (ap_o_mode)3, 0>::operator=<28, 18, true, (ap_q_mode)5, (ap_o_mode)3, 0>(ap_fixed_base<28, 18, true, (ap_q_mode)5, (ap_o_mode)3, 0> const&)' into 'ap_fixed_base<31, 21, true, (ap_q_mode)5, (ap_o_mode)3, 0>::ap_fixed_base<28, 18, true, (ap_q_mode)5, (ap_o_mode)3, 0>(ap_fixed_base<28, 18, true, (ap_q_mode)5, (ap_o_mode)3, 0> const&)' (C:/Xilinx/Vitis_HLS/2020.2/common/technology/autopilot\ap_fixed_base.h:431:5)
INFO: [HLS 214-131] Inlining function 'ap_fixed_base<31, 21, true, (ap_q_mode)5, (ap_o_mode)3, 0>::ap_fixed_base<30, 20, true, (ap_q_mode)5, (ap_o_mode)3, 0>(ap_fixed_base<30, 20, true, (ap_q_mode)5, (ap_o_mode)3, 0> const&)' into 'ap_fixed_base<30, 20, true, (ap_q_mode)5, (ap_o_mode)3, 0>::RType<28, 18, true>::plus ap_fixed_base<30, 20, true, (ap_q_mode)5, (ap_o_mode)3, 0>::operator+<28, 18, true, (ap_q_mode)5, (ap_o_mode)3, 0>(ap_fixed_base<28, 18, true, (ap_q_mode)5, (ap_o_mode)3, 0> const&) const' (C:/Xilinx/Vitis_HLS/2020.2/common/technology/autopilot\ap_fixed_base.h:1192:330)
INFO: [HLS 214-131] Inlining function 'ap_fixed_base<31, 21, true, (ap_q_mode)5, (ap_o_mode)3, 0>::ap_fixed_base<28, 18, true, (ap_q_mode)5, (ap_o_mode)3, 0>(ap_fixed_base<28, 18, true, (ap_q_mode)5, (ap_o_mode)3, 0> const&)' into 'ap_fixed_base<30, 20, true, (ap_q_mode)5, (ap_o_mode)3, 0>::RType<28, 18, true>::plus ap_fixed_base<30, 20, true, (ap_q_mode)5, (ap_o_mode)3, 0>::operator+<28, 18, true, (ap_q_mode)5, (ap_o_mode)3, 0>(ap_fixed_base<28, 18, true, (ap_q_mode)5, (ap_o_mode)3, 0> const&) const' (C:/Xilinx/Vitis_HLS/2020.2/common/technology/autopilot\ap_fixed_base.h:1192:342)
INFO: [HLS 214-131] Inlining function 'ap_fixed_base<31, 21, true, (ap_q_mode)5, (ap_o_mode)3, 0>::operator!() const' into 'ap_fixed_base<32, 22, true, (ap_q_mode)5, (ap_o_mode)3, 0>& ap_fixed_base<32, 22, true, (ap_q_mode)5, (ap_o_mode)3, 0>::operator=<31, 21, true, (ap_q_mode)5, (ap_o_mode)3, 0>(ap_fixed_base<31, 21, true, (ap_q_mode)5, (ap_o_mode)3, 0> const&)' (C:/Xilinx/Vitis_HLS/2020.2/common/technology/autopilot\ap_fixed_base.h:698:9)
INFO: [HLS 214-131] Inlining function 'ap_fixed_base<32, 22, true, (ap_q_mode)5, (ap_o_mode)3, 0>& ap_fixed_base<32, 22, true, (ap_q_mode)5, (ap_o_mode)3, 0>::operator=<31, 21, true, (ap_q_mode)5, (ap_o_mode)3, 0>(ap_fixed_base<31, 21, true, (ap_q_mode)5, (ap_o_mode)3, 0> const&)' into 'ap_fixed_base<32, 22, true, (ap_q_mode)5, (ap_o_mode)3, 0>::ap_fixed_base<31, 21, true, (ap_q_mode)5, (ap_o_mode)3, 0>(ap_fixed_base<31, 21, true, (ap_q_mode)5, (ap_o_mode)3, 0> const&)' (C:/Xilinx/Vitis_HLS/2020.2/common/technology/autopilot\ap_fixed_base.h:431:5)
INFO: [HLS 214-131] Inlining function 'ap_fixed_base<32, 22, true, (ap_q_mode)5, (ap_o_mode)3, 0>::ap_fixed_base<31, 21, true, (ap_q_mode)5, (ap_o_mode)3, 0>(ap_fixed_base<31, 21, true, (ap_q_mode)5, (ap_o_mode)3, 0> const&)' into 'ap_fixed<32, 22, (ap_q_mode)5, (ap_o_mode)3, 0>::ap_fixed<31, 21, true, (ap_q_mode)5, (ap_o_mode)3, 0>(ap_fixed_base<31, 21, true, (ap_q_mode)5, (ap_o_mode)3, 0> const&)' (C:/Xilinx/Vitis_HLS/2020.2/common/technology/autopilot/ap_fixed.h:75:9)
INFO: [HLS 214-131] Inlining function 'ap_int_base<1, false>::ap_int_base(int)' into 'ap_int_base<22, true>::operator++()' (C:/Xilinx/Vitis_HLS/2020.2/common/technology/autopilot\ap_int_base.h:717:16)
INFO: [HLS 214-131] Inlining function 'ap_int_base<22, true>& ap_int_base<22, true>::operator+=<1, false>(ap_int_base<1, false> const&)' into 'ap_int_base<22, true>::operator++()' (C:/Xilinx/Vitis_HLS/2020.2/common/technology/autopilot\ap_int_base.h:717:5)
INFO: [HLS 214-131] Inlining function 'ap_int_base<22, true>::operator++()' into 'ap_fixed_base<32, 22, true, (ap_q_mode)5, (ap_o_mode)3, 0>::to_ap_int_base(bool) const' (C:/Xilinx/Vitis_HLS/2020.2/common/technology/autopilot\ap_fixed_base.h:853:9)
INFO: [HLS 214-131] Inlining function 'ap_fixed_base<32, 22, true, (ap_q_mode)5, (ap_o_mode)3, 0>::to_ap_int_base(bool) const' into 'ap_int_base<8, false>::ap_int_base<32, 22, true, (ap_q_mode)5, (ap_o_mode)3, 0>(ap_fixed_base<32, 22, true, (ap_q_mode)5, (ap_o_mode)3, 0> const&)' (C:/Xilinx/Vitis_HLS/2020.2/common/technology/autopilot\ap_int_base.h:353:18)
INFO: [HLS 214-131] Inlining function 'ap_int_base<8, false>::ap_int_base<32, 22, true, (ap_q_mode)5, (ap_o_mode)3, 0>(ap_fixed_base<32, 22, true, (ap_q_mode)5, (ap_o_mode)3, 0> const&)' into 'ap_uint<8>::ap_uint<32, 22, (ap_q_mode)5, (ap_o_mode)3, 0>(ap_fixed<32, 22, (ap_q_mode)5, (ap_o_mode)3, 0> const&)' (C:/Xilinx/Vitis_HLS/2020.2/common/technology/autopilot\ap_int.h:249:9)
INFO: [HLS 214-131] Inlining function 'ap_fixed_base<12, 2, false, (ap_q_mode)5, (ap_o_mode)3, 0>::RType<12, 2, false>::mult ap_fixed_base<12, 2, false, (ap_q_mode)5, (ap_o_mode)3, 0>::operator*<12, 2, false, (ap_q_mode)5, (ap_o_mode)3, 0>(ap_fixed_base<12, 2, false, (ap_q_mode)5, (ap_o_mode)3, 0> const&) const' into 'void interpolatePixel<0, 1, 1>(DataType<0, 1>::cname, DataType<0, 1>::cname, DataType<0, 1>::cname, DataType<0, 1>::cname, ap_ufixed<12, 2, (ap_q_mode)5, (ap_o_mode)3, 0>, ap_ufixed<12, 2, (ap_q_mode)5, (ap_o_mode)3, 0>, DataType<0, 1>::cname&)' (vitis_library_vision_L1/include\imgproc/xf_resize_nn_bilinear.hpp:47:19)
INFO: [HLS 214-131] Inlining function 'ap_uint<8>::ap_uint<32, 22, (ap_q_mode)5, (ap_o_mode)3, 0>(ap_fixed<32, 22, (ap_q_mode)5, (ap_o_mode)3, 0> const&)' into 'void interpolatePixel<0, 1, 1>(DataType<0, 1>::cname, DataType<0, 1>::cname, DataType<0, 1>::cname, DataType<0, 1>::cname, ap_ufixed<12, 2, (ap_q_mode)5, (ap_o_mode)3, 0>, ap_ufixed<12, 2, (ap_q_mode)5, (ap_o_mode)3, 0>, DataType<0, 1>::cname&)' (vitis_library_vision_L1/include\imgproc/xf_resize_nn_bilinear.hpp:57:17)
INFO: [HLS 214-131] Inlining function 'ap_fixed_base<30, 20, true, (ap_q_mode)5, (ap_o_mode)3, 0>::RType<28, 18, true>::plus ap_fixed_base<30, 20, true, (ap_q_mode)5, (ap_o_mode)3, 0>::operator+<28, 18, true, (ap_q_mode)5, (ap_o_mode)3, 0>(ap_fixed_base<28, 18, true, (ap_q_mode)5, (ap_o_mode)3, 0> const&) const' into 'void interpolatePixel<0, 1, 1>(DataType<0, 1>::cname, DataType<0, 1>::cname, DataType<0, 1>::cname, DataType<0, 1>::cname, ap_ufixed<12, 2, (ap_q_mode)5, (ap_o_mode)3, 0>, ap_ufixed<12, 2, (ap_q_mode)5, (ap_o_mode)3, 0>, DataType<0, 1>::cname&)' (vitis_library_vision_L1/include\imgproc/xf_resize_nn_bilinear.hpp:57:89)
INFO: [HLS 214-131] Inlining function 'ap_fixed_base<29, 19, true, (ap_q_mode)5, (ap_o_mode)3, 0>::RType<28, 18, true>::plus ap_fixed_base<29, 19, true, (ap_q_mode)5, (ap_o_mode)3, 0>::operator+<28, 18, true, (ap_q_mode)5, (ap_o_mode)3, 0>(ap_fixed_base<28, 18, true, (ap_q_mode)5, (ap_o_mode)3, 0> const&) const' into 'void interpolatePixel<0, 1, 1>(DataType<0, 1>::cname, DataType<0, 1>::cname, DataType<0, 1>::cname, DataType<0, 1>::cname, ap_ufixed<12, 2, (ap_q_mode)5, (ap_o_mode)3, 0>, ap_ufixed<12, 2, (ap_q_mode)5, (ap_o_mode)3, 0>, DataType<0, 1>::cname&)' (vitis_library_vision_L1/include\imgproc/xf_resize_nn_bilinear.hpp:57:84)
INFO: [HLS 214-131] Inlining function 'ap_fixed_base<28, 18, true, (ap_q_mode)5, (ap_o_mode)3, 0>::RType<28, 18, true>::plus ap_fixed_base<28, 18, true, (ap_q_mode)5, (ap_o_mode)3, 0>::operator+<28, 18, true, (ap_q_mode)5, (ap_o_mode)3, 0>(ap_fixed_base<28, 18, true, (ap_q_mode)5, (ap_o_mode)3, 0> const&) const' into 'void interpolatePixel<0, 1, 1>(DataType<0, 1>::cname, DataType<0, 1>::cname, DataType<0, 1>::cname, DataType<0, 1>::cname, ap_ufixed<12, 2, (ap_q_mode)5, (ap_o_mode)3, 0>, ap_ufixed<12, 2, (ap_q_mode)5, (ap_o_mode)3, 0>, DataType<0, 1>::cname&)' (vitis_library_vision_L1/include\imgproc/xf_resize_nn_bilinear.hpp:57:79)
INFO: [HLS 214-131] Inlining function 'ap_fixed_base<16, 16, true, (ap_q_mode)5, (ap_o_mode)3, 0>::RType<12, 2, false>::mult operator*<12, 2, false, (ap_q_mode)5, (ap_o_mode)3, 0, 16, true>(ap_int_base<16, true> const&, ap_fixed_base<12, 2, false, (ap_q_mode)5, (ap_o_mode)3, 0> const&)' into 'void interpolatePixel<0, 1, 1>(DataType<0, 1>::cname, DataType<0, 1>::cname, DataType<0, 1>::cname, DataType<0, 1>::cname, ap_ufixed<12, 2, (ap_q_mode)5, (ap_o_mode)3, 0>, ap_ufixed<12, 2, (ap_q_mode)5, (ap_o_mode)3, 0>, DataType<0, 1>::cname&)' (vitis_library_vision_L1/include\imgproc/xf_resize_nn_bilinear.hpp:54:20)
INFO: [HLS 214-131] Inlining function 'ap_fixed_base<16, 16, true, (ap_q_mode)5, (ap_o_mode)3, 0>::RType<12, 2, false>::mult operator*<12, 2, false, (ap_q_mode)5, (ap_o_mode)3, 0, 16, true>(ap_int_base<16, true> const&, ap_fixed_base<12, 2, false, (ap_q_mode)5, (ap_o_mode)3, 0> const&)' into 'void interpolatePixel<0, 1, 1>(DataType<0, 1>::cname, DataType<0, 1>::cname, DataType<0, 1>::cname, DataType<0, 1>::cname, ap_ufixed<12, 2, (ap_q_mode)5, (ap_o_mode)3, 0>, ap_ufixed<12, 2, (ap_q_mode)5, (ap_o_mode)3, 0>, DataType<0, 1>::cname&)' (vitis_library_vision_L1/include\imgproc/xf_resize_nn_bilinear.hpp:53:20)
INFO: [HLS 214-131] Inlining function 'ap_fixed_base<16, 16, true, (ap_q_mode)5, (ap_o_mode)3, 0>::RType<12, 2, false>::mult operator*<12, 2, false, (ap_q_mode)5, (ap_o_mode)3, 0, 16, true>(ap_int_base<16, true> const&, ap_fixed_base<12, 2, false, (ap_q_mode)5, (ap_o_mode)3, 0> const&)' into 'void interpolatePixel<0, 1, 1>(DataType<0, 1>::cname, DataType<0, 1>::cname, DataType<0, 1>::cname, DataType<0, 1>::cname, ap_ufixed<12, 2, (ap_q_mode)5, (ap_o_mode)3, 0>, ap_ufixed<12, 2, (ap_q_mode)5, (ap_o_mode)3, 0>, DataType<0, 1>::cname&)' (vitis_library_vision_L1/include\imgproc/xf_resize_nn_bilinear.hpp:52:20)
INFO: [HLS 214-131] Inlining function 'ap_int<16>::ap_int<9>(ap_int<9> const&)' into 'void interpolatePixel<0, 1, 1>(DataType<0, 1>::cname, DataType<0, 1>::cname, DataType<0, 1>::cname, DataType<0, 1>::cname, ap_ufixed<12, 2, (ap_q_mode)5, (ap_o_mode)3, 0>, ap_ufixed<12, 2, (ap_q_mode)5, (ap_o_mode)3, 0>, DataType<0, 1>::cname&)' (vitis_library_vision_L1/include\imgproc/xf_resize_nn_bilinear.hpp:50:16)
INFO: [HLS 214-131] Inlining function 'ap_int_base<8, false>::RType<8, false>::minus operator-<8, false, 8, false>(ap_int_base<8, false> const&, ap_int_base<8, false> const&)' into 'void interpolatePixel<0, 1, 1>(DataType<0, 1>::cname, DataType<0, 1>::cname, DataType<0, 1>::cname, DataType<0, 1>::cname, ap_ufixed<12, 2, (ap_q_mode)5, (ap_o_mode)3, 0>, ap_ufixed<12, 2, (ap_q_mode)5, (ap_o_mode)3, 0>, DataType<0, 1>::cname&)' (vitis_library_vision_L1/include\imgproc/xf_resize_nn_bilinear.hpp:50:20)
INFO: [HLS 214-131] Inlining function 'ap_int<16>::ap_int<9>(ap_int<9> const&)' into 'void interpolatePixel<0, 1, 1>(DataType<0, 1>::cname, DataType<0, 1>::cname, DataType<0, 1>::cname, DataType<0, 1>::cname, ap_ufixed<12, 2, (ap_q_mode)5, (ap_o_mode)3, 0>, ap_ufixed<12, 2, (ap_q_mode)5, (ap_o_mode)3, 0>, DataType<0, 1>::cname&)' (vitis_library_vision_L1/include\imgproc/xf_resize_nn_bilinear.hpp:49:16)
INFO: [HLS 214-131] Inlining function 'ap_int_base<8, false>::RType<8, false>::minus operator-<8, false, 8, false>(ap_int_base<8, false> const&, ap_int_base<8, false> const&)' into 'void interpolatePixel<0, 1, 1>(DataType<0, 1>::cname, DataType<0, 1>::cname, DataType<0, 1>::cname, DataType<0, 1>::cname, ap_ufixed<12, 2, (ap_q_mode)5, (ap_o_mode)3, 0>, ap_ufixed<12, 2, (ap_q_mode)5, (ap_o_mode)3, 0>, DataType<0, 1>::cname&)' (vitis_library_vision_L1/include\imgproc/xf_resize_nn_bilinear.hpp:49:20)
INFO: [HLS 214-131] Inlining function 'ap_int<16>::ap_int<10>(ap_int<10> const&)' into 'void interpolatePixel<0, 1, 1>(DataType<0, 1>::cname, DataType<0, 1>::cname, DataType<0, 1>::cname, DataType<0, 1>::cname, ap_ufixed<12, 2, (ap_q_mode)5, (ap_o_mode)3, 0>, ap_ufixed<12, 2, (ap_q_mode)5, (ap_o_mode)3, 0>, DataType<0, 1>::cname&)' (vitis_library_vision_L1/include\imgproc/xf_resize_nn_bilinear.hpp:48:16)
INFO: [HLS 214-131] Inlining function 'ap_int_base<9, false>::RType<9, false>::minus operator-<9, false, 9, false>(ap_int_base<9, false> const&, ap_int_base<9, false> const&)' into 'void interpolatePixel<0, 1, 1>(DataType<0, 1>::cname, DataType<0, 1>::cname, DataType<0, 1>::cname, DataType<0, 1>::cname, ap_ufixed<12, 2, (ap_q_mode)5, (ap_o_mode)3, 0>, ap_ufixed<12, 2, (ap_q_mode)5, (ap_o_mode)3, 0>, DataType<0, 1>::cname&)' (vitis_library_vision_L1/include\imgproc/xf_resize_nn_bilinear.hpp:48:25)
INFO: [HLS 214-131] Inlining function 'ap_int_base<8, false>::RType<8, false>::plus operator+<8, false, 8, false>(ap_int_base<8, false> const&, ap_int_base<8, false> const&)' into 'void interpolatePixel<0, 1, 1>(DataType<0, 1>::cname, DataType<0, 1>::cname, DataType<0, 1>::cname, DataType<0, 1>::cname, ap_ufixed<12, 2, (ap_q_mode)5, (ap_o_mode)3, 0>, ap_ufixed<12, 2, (ap_q_mode)5, (ap_o_mode)3, 0>, DataType<0, 1>::cname&)' (vitis_library_vision_L1/include\imgproc/xf_resize_nn_bilinear.hpp:48:31)
INFO: [HLS 214-131] Inlining function 'ap_int_base<8, false>::RType<8, false>::plus operator+<8, false, 8, false>(ap_int_base<8, false> const&, ap_int_base<8, false> const&)' into 'void interpolatePixel<0, 1, 1>(DataType<0, 1>::cname, DataType<0, 1>::cname, DataType<0, 1>::cname, DataType<0, 1>::cname, ap_ufixed<12, 2, (ap_q_mode)5, (ap_o_mode)3, 0>, ap_ufixed<12, 2, (ap_q_mode)5, (ap_o_mode)3, 0>, DataType<0, 1>::cname&)' (vitis_library_vision_L1/include\imgproc/xf_resize_nn_bilinear.hpp:48:20)
INFO: [HLS 214-131] Inlining function 'ap_int_base<17, false>::RType<($_0)32, true>::plus operator+<17, false>(ap_int_base<17, false> const&, int)' into 'void computeOutputPixel<0, 1, 1, 17, 8, 48, 16>(DataType<0, 1>::name*, DataType<0, 1>::name*, ap_uint<17>, ap_uint<17>*, ap_ufixed<48, 16, (ap_q_mode)5, (ap_o_mode)3, 0>*, ap_ufixed<48, 16, (ap_q_mode)5, (ap_o_mode)3, 0>, DataType<0, 1>::name&)' (vitis_library_vision_L1/include\imgproc/xf_resize_nn_bilinear.hpp:84:73)
INFO: [HLS 214-131] Inlining function 'ap_range_ref<8, false>& ap_range_ref<8, false>::operator=<8, false>(ap_int_base<8, false> const&)' into 'void computeOutputPixel<0, 1, 1, 17, 8, 48, 16>(DataType<0, 1>::name*, DataType<0, 1>::name*, ap_uint<17>, ap_uint<17>*, ap_ufixed<48, 16, (ap_q_mode)5, (ap_o_mode)3, 0>*, ap_ufixed<48, 16, (ap_q_mode)5, (ap_o_mode)3, 0>, DataType<0, 1>::name&)' (vitis_library_vision_L1/include\imgproc/xf_resize_nn_bilinear.hpp:153:91)
INFO: [HLS 214-131] Inlining function 'ap_int_base<8, false>::range(int, int)' into 'void computeOutputPixel<0, 1, 1, 17, 8, 48, 16>(DataType<0, 1>::name*, DataType<0, 1>::name*, ap_uint<17>, ap_uint<17>*, ap_ufixed<48, 16, (ap_q_mode)5, (ap_o_mode)3, 0>*, ap_ufixed<48, 16, (ap_q_mode)5, (ap_o_mode)3, 0>, DataType<0, 1>::name&)' (vitis_library_vision_L1/include\imgproc/xf_resize_nn_bilinear.hpp:152:8)
INFO: [HLS 214-131] Inlining function 'ap_range_ref<8, false>& ap_range_ref<8, false>::operator=<8, false>(ap_int_base<8, false> const&)' into 'void computeOutputPixel<0, 1, 1, 17, 8, 48, 16>(DataType<0, 1>::name*, DataType<0, 1>::name*, ap_uint<17>, ap_uint<17>*, ap_ufixed<48, 16, (ap_q_mode)5, (ap_o_mode)3, 0>*, ap_ufixed<48, 16, (ap_q_mode)5, (ap_o_mode)3, 0>, DataType<0, 1>::name&)' (vitis_library_vision_L1/include\imgproc/xf_resize_nn_bilinear.hpp:144:76)
INFO: [HLS 214-131] Inlining function 'ap_int_base<8, false>::range(int, int)' into 'void computeOutputPixel<0, 1, 1, 17, 8, 48, 16>(DataType<0, 1>::name*, DataType<0, 1>::name*, ap_uint<17>, ap_uint<17>*, ap_ufixed<48, 16, (ap_q_mode)5, (ap_o_mode)3, 0>*, ap_ufixed<48, 16, (ap_q_mode)5, (ap_o_mode)3, 0>, DataType<0, 1>::name&)' (vitis_library_vision_L1/include\imgproc/xf_resize_nn_bilinear.hpp:144:28)
INFO: [HLS 214-131] Inlining function 'void interpolatePixel<0, 1, 1>(DataType<0, 1>::cname, DataType<0, 1>::cname, DataType<0, 1>::cname, DataType<0, 1>::cname, ap_ufixed<12, 2, (ap_q_mode)5, (ap_o_mode)3, 0>, ap_ufixed<12, 2, (ap_q_mode)5, (ap_o_mode)3, 0>, DataType<0, 1>::cname&)' into 'void computeOutputPixel<0, 1, 1, 17, 8, 48, 16>(DataType<0, 1>::name*, DataType<0, 1>::name*, ap_uint<17>, ap_uint<17>*, ap_ufixed<48, 16, (ap_q_mode)5, (ap_o_mode)3, 0>*, ap_ufixed<48, 16, (ap_q_mode)5, (ap_o_mode)3, 0>, DataType<0, 1>::name&)' (vitis_library_vision_L1/include\imgproc/xf_resize_nn_bilinear.hpp:140:13)
INFO: [HLS 214-131] Inlining function 'ap_int_base<33, true>::RType<($_0)32, true>::minus operator-<33, true>(ap_int_base<33, true> const&, int)' into 'void computeOutputPixel<0, 1, 1, 17, 8, 48, 16>(DataType<0, 1>::name*, DataType<0, 1>::name*, ap_uint<17>, ap_uint<17>*, ap_ufixed<48, 16, (ap_q_mode)5, (ap_o_mode)3, 0>*, ap_ufixed<48, 16, (ap_q_mode)5, (ap_o_mode)3, 0>, DataType<0, 1>::name&)' (vitis_library_vision_L1/include\imgproc/xf_resize_nn_bilinear.hpp:84:126)
INFO: [HLS 214-131] Inlining function 'ap_int_base<33, true>::operator long long() const' into 'void computeOutputPixel<0, 1, 1, 17, 8, 48, 16>(DataType<0, 1>::name*, DataType<0, 1>::name*, ap_uint<17>, ap_uint<17>*, ap_ufixed<48, 16, (ap_q_mode)5, (ap_o_mode)3, 0>*, ap_ufixed<48, 16, (ap_q_mode)5, (ap_o_mode)3, 0>, DataType<0, 1>::name&)' (vitis_library_vision_L1/include\imgproc/xf_resize_nn_bilinear.hpp:142:71)
INFO: [HLS 214-131] Inlining function 'ap_int_base<18, true>::RType<($_0)32, true>::plus operator+<18, true>(ap_int_base<18, true> const&, int)' into 'void computeOutputPixel<0, 1, 1, 17, 8, 48, 16>(DataType<0, 1>::name*, DataType<0, 1>::name*, ap_uint<17>, ap_uint<17>*, ap_ufixed<48, 16, (ap_q_mode)5, (ap_o_mode)3, 0>*, ap_ufixed<48, 16, (ap_q_mode)5, (ap_o_mode)3, 0>, DataType<0, 1>::name&)' (vitis_library_vision_L1/include\imgproc/xf_resize_nn_bilinear.hpp:142:93)
INFO: [HLS 214-131] Inlining function 'ap_int_base<17, false>::RType<17, false>::minus operator-<17, false, 17, false>(ap_int_base<17, false> const&, ap_int_base<17, false> const&)' into 'void computeOutputPixel<0, 1, 1, 17, 8, 48, 16>(DataType<0, 1>::name*, DataType<0, 1>::name*, ap_uint<17>, ap_uint<17>*, ap_ufixed<48, 16, (ap_q_mode)5, (ap_o_mode)3, 0>*, ap_ufixed<48, 16, (ap_q_mode)5, (ap_o_mode)3, 0>, DataType<0, 1>::name&)' (vitis_library_vision_L1/include\imgproc/xf_resize_nn_bilinear.hpp:142:81)
INFO: [HLS 214-131] Inlining function 'ap_int_base<33, true>::operator long long() const' into 'void computeOutputPixel<0, 1, 1, 17, 8, 48, 16>(DataType<0, 1>::name*, DataType<0, 1>::name*, ap_uint<17>, ap_uint<17>*, ap_ufixed<48, 16, (ap_q_mode)5, (ap_o_mode)3, 0>*, ap_ufixed<48, 16, (ap_q_mode)5, (ap_o_mode)3, 0>, DataType<0, 1>::name&)' (vitis_library_vision_L1/include\imgproc/xf_resize_nn_bilinear.hpp:142:30)
INFO: [HLS 214-131] Inlining function 'ap_int_base<18, true>::RType<($_0)32, true>::plus operator+<18, true>(ap_int_base<18, true> const&, int)' into 'void computeOutputPixel<0, 1, 1, 17, 8, 48, 16>(DataType<0, 1>::name*, DataType<0, 1>::name*, ap_uint<17>, ap_uint<17>*, ap_ufixed<48, 16, (ap_q_mode)5, (ap_o_mode)3, 0>*, ap_ufixed<48, 16, (ap_q_mode)5, (ap_o_mode)3, 0>, DataType<0, 1>::name&)' (vitis_library_vision_L1/include\imgproc/xf_resize_nn_bilinear.hpp:142:52)
INFO: [HLS 214-131] Inlining function 'ap_int_base<17, false>::RType<17, false>::minus operator-<17, false, 17, false>(ap_int_base<17, false> const&, ap_int_base<17, false> const&)' into 'void computeOutputPixel<0, 1, 1, 17, 8, 48, 16>(DataType<0, 1>::name*, DataType<0, 1>::name*, ap_uint<17>, ap_uint<17>*, ap_ufixed<48, 16, (ap_q_mode)5, (ap_o_mode)3, 0>*, ap_ufixed<48, 16, (ap_q_mode)5, (ap_o_mode)3, 0>, DataType<0, 1>::name&)' (vitis_library_vision_L1/include\imgproc/xf_resize_nn_bilinear.hpp:142:40)
INFO: [HLS 214-131] Inlining function 'ap_int_base<18, true>::operator long long() const' into 'void computeOutputPixel<0, 1, 1, 17, 8, 48, 16>(DataType<0, 1>::name*, DataType<0, 1>::name*, ap_uint<17>, ap_uint<17>*, ap_ufixed<48, 16, (ap_q_mode)5, (ap_o_mode)3, 0>*, ap_ufixed<48, 16, (ap_q_mode)5, (ap_o_mode)3, 0>, DataType<0, 1>::name&)' (vitis_library_vision_L1/include\imgproc/xf_resize_nn_bilinear.hpp:141:67)
INFO: [HLS 214-131] Inlining function 'ap_int_base<17, false>::RType<17, false>::minus operator-<17, false, 17, false>(ap_int_base<17, false> const&, ap_int_base<17, false> const&)' into 'void computeOutputPixel<0, 1, 1, 17, 8, 48, 16>(DataType<0, 1>::name*, DataType<0, 1>::name*, ap_uint<17>, ap_uint<17>*, ap_ufixed<48, 16, (ap_q_mode)5, (ap_o_mode)3, 0>*, ap_ufixed<48, 16, (ap_q_mode)5, (ap_o_mode)3, 0>, DataType<0, 1>::name&)' (vitis_library_vision_L1/include\imgproc/xf_resize_nn_bilinear.hpp:141:77)
INFO: [HLS 214-131] Inlining function 'ap_int_base<18, true>::operator long long() const' into 'void computeOutputPixel<0, 1, 1, 17, 8, 48, 16>(DataType<0, 1>::name*, DataType<0, 1>::name*, ap_uint<17>, ap_uint<17>*, ap_ufixed<48, 16, (ap_q_mode)5, (ap_o_mode)3, 0>*, ap_ufixed<48, 16, (ap_q_mode)5, (ap_o_mode)3, 0>, DataType<0, 1>::name&)' (vitis_library_vision_L1/include\imgproc/xf_resize_nn_bilinear.hpp:141:30)
INFO: [HLS 214-131] Inlining function 'ap_int_base<17, false>::RType<17, false>::minus operator-<17, false, 17, false>(ap_int_base<17, false> const&, ap_int_base<17, false> const&)' into 'void computeOutputPixel<0, 1, 1, 17, 8, 48, 16>(DataType<0, 1>::name*, DataType<0, 1>::name*, ap_uint<17>, ap_uint<17>*, ap_ufixed<48, 16, (ap_q_mode)5, (ap_o_mode)3, 0>*, ap_ufixed<48, 16, (ap_q_mode)5, (ap_o_mode)3, 0>, DataType<0, 1>::name&)' (vitis_library_vision_L1/include\imgproc/xf_resize_nn_bilinear.hpp:141:40)
INFO: [HLS 214-131] Inlining function 'ap_uint<8>::ap_uint<8, false>(ap_range_ref<8, false> const&)' into 'void computeOutputPixel<0, 1, 1, 17, 8, 48, 16>(DataType<0, 1>::name*, DataType<0, 1>::name*, ap_uint<17>, ap_uint<17>*, ap_ufixed<48, 16, (ap_q_mode)5, (ap_o_mode)3, 0>*, ap_ufixed<48, 16, (ap_q_mode)5, (ap_o_mode)3, 0>, DataType<0, 1>::name&)' (vitis_library_vision_L1/include\imgproc/xf_resize_nn_bilinear.hpp:137:35)
INFO: [HLS 214-131] Inlining function 'ap_int_base<8, false>::range(int, int)' into 'void computeOutputPixel<0, 1, 1, 17, 8, 48, 16>(DataType<0, 1>::name*, DataType<0, 1>::name*, ap_uint<17>, ap_uint<17>*, ap_ufixed<48, 16, (ap_q_mode)5, (ap_o_mode)3, 0>*, ap_ufixed<48, 16, (ap_q_mode)5, (ap_o_mode)3, 0>, DataType<0, 1>::name&)' (vitis_library_vision_L1/include\imgproc/xf_resize_nn_bilinear.hpp:137:47)
INFO: [HLS 214-131] Inlining function 'ap_uint<8>::ap_uint<8, false>(ap_range_ref<8, false> const&)' into 'void computeOutputPixel<0, 1, 1, 17, 8, 48, 16>(DataType<0, 1>::name*, DataType<0, 1>::name*, ap_uint<17>, ap_uint<17>*, ap_ufixed<48, 16, (ap_q_mode)5, (ap_o_mode)3, 0>*, ap_ufixed<48, 16, (ap_q_mode)5, (ap_o_mode)3, 0>, DataType<0, 1>::name&)' (vitis_library_vision_L1/include\imgproc/xf_resize_nn_bilinear.hpp:136:20)
INFO: [HLS 214-131] Inlining function 'ap_int_base<8, false>::range(int, int)' into 'void computeOutputPixel<0, 1, 1, 17, 8, 48, 16>(DataType<0, 1>::name*, DataType<0, 1>::name*, ap_uint<17>, ap_uint<17>*, ap_ufixed<48, 16, (ap_q_mode)5, (ap_o_mode)3, 0>*, ap_ufixed<48, 16, (ap_q_mode)5, (ap_o_mode)3, 0>, DataType<0, 1>::name&)' (vitis_library_vision_L1/include\imgproc/xf_resize_nn_bilinear.hpp:136:32)
INFO: [HLS 214-131] Inlining function 'ap_uint<8>::ap_uint<8, false>(ap_range_ref<8, false> const&)' into 'void computeOutputPixel<0, 1, 1, 17, 8, 48, 16>(DataType<0, 1>::name*, DataType<0, 1>::name*, ap_uint<17>, ap_uint<17>*, ap_ufixed<48, 16, (ap_q_mode)5, (ap_o_mode)3, 0>*, ap_ufixed<48, 16, (ap_q_mode)5, (ap_o_mode)3, 0>, DataType<0, 1>::name&)' (vitis_library_vision_L1/include\imgproc/xf_resize_nn_bilinear.hpp:111:17)
INFO: [HLS 214-131] Inlining function 'ap_int_base<8, false>::range(int, int)' into 'void computeOutputPixel<0, 1, 1, 17, 8, 48, 16>(DataType<0, 1>::name*, DataType<0, 1>::name*, ap_uint<17>, ap_uint<17>*, ap_ufixed<48, 16, (ap_q_mode)5, (ap_o_mode)3, 0>*, ap_ufixed<48, 16, (ap_q_mode)5, (ap_o_mode)3, 0>, DataType<0, 1>::name&)' (vitis_library_vision_L1/include\imgproc/xf_resize_nn_bilinear.hpp:111:23)
INFO: [HLS 214-131] Inlining function 'ap_uint<8>::ap_uint<8, false>(ap_range_ref<8, false> const&)' into 'void computeOutputPixel<0, 1, 1, 17, 8, 48, 16>(DataType<0, 1>::name*, DataType<0, 1>::name*, ap_uint<17>, ap_uint<17>*, ap_ufixed<48, 16, (ap_q_mode)5, (ap_o_mode)3, 0>*, ap_ufixed<48, 16, (ap_q_mode)5, (ap_o_mode)3, 0>, DataType<0, 1>::name&)' (vitis_library_vision_L1/include\imgproc/xf_resize_nn_bilinear.hpp:108:17)
INFO: [HLS 214-131] Inlining function 'ap_int_base<8, false>::range(int, int)' into 'void computeOutputPixel<0, 1, 1, 17, 8, 48, 16>(DataType<0, 1>::name*, DataType<0, 1>::name*, ap_uint<17>, ap_uint<17>*, ap_ufixed<48, 16, (ap_q_mode)5, (ap_o_mode)3, 0>*, ap_ufixed<48, 16, (ap_q_mode)5, (ap_o_mode)3, 0>, DataType<0, 1>::name&)' (vitis_library_vision_L1/include\imgproc/xf_resize_nn_bilinear.hpp:108:23)
INFO: [HLS 214-131] Inlining function 'bool ap_int_base<17, false>::operator<<34, true>(ap_int_base<34, true> const&) const' into 'void computeOutputPixel<0, 1, 1, 17, 8, 48, 16>(DataType<0, 1>::name*, DataType<0, 1>::name*, ap_uint<17>, ap_uint<17>*, ap_ufixed<48, 16, (ap_q_mode)5, (ap_o_mode)3, 0>*, ap_ufixed<48, 16, (ap_q_mode)5, (ap_o_mode)3, 0>, DataType<0, 1>::name&)' (vitis_library_vision_L1/include\imgproc/xf_resize_nn_bilinear.hpp:84:60)
INFO: [HLS 214-131] Inlining function 'bool operator>=<17, false>(ap_int_base<17, false> const&, int)' into 'void resizeNNBilinear<0, 1080, 1920, 1, 1080, 1920, 1, 8>(xf::cv::Mat<0, 1080, 1920, 1, 2>&, xf::cv::Mat<0, 1080, 1920, 1, 2>&)' (vitis_library_vision_L1/include\imgproc/xf_resize_nn_bilinear.hpp:514:29)
INFO: [HLS 214-131] Inlining function 'bool operator==<17, false>(ap_int_base<17, false> const&, int)' into 'void resizeNNBilinear<0, 1080, 1920, 1, 1080, 1920, 1, 8>(xf::cv::Mat<0, 1080, 1920, 1, 2>&, xf::cv::Mat<0, 1080, 1920, 1, 2>&)' (vitis_library_vision_L1/include\imgproc/xf_resize_nn_bilinear.hpp:510:22)
INFO: [HLS 214-131] Inlining function 'bool operator==<17, false>(ap_int_base<17, false> const&, int)' into 'void resizeNNBilinear<0, 1080, 1920, 1, 1080, 1920, 1, 8>(xf::cv::Mat<0, 1080, 1920, 1, 2>&, xf::cv::Mat<0, 1080, 1920, 1, 2>&)' (vitis_library_vision_L1/include\imgproc/xf_resize_nn_bilinear.hpp:509:23)
INFO: [HLS 214-131] Inlining function 'void computeOutputPixel<0, 1, 1, 17, 8, 48, 16>(DataType<0, 1>::name*, DataType<0, 1>::name*, ap_uint<17>, ap_uint<17>*, ap_ufixed<48, 16, (ap_q_mode)5, (ap_o_mode)3, 0>*, ap_ufixed<48, 16, (ap_q_mode)5, (ap_o_mode)3, 0>, DataType<0, 1>::name&)' into 'void resizeNNBilinear<0, 1080, 1920, 1, 1080, 1920, 1, 8>(xf::cv::Mat<0, 1080, 1920, 1, 2>&, xf::cv::Mat<0, 1080, 1920, 1, 2>&)' (vitis_library_vision_L1/include\imgproc/xf_resize_nn_bilinear.hpp:499:21)
INFO: [HLS 214-131] Inlining function 'void scaleMult<1, 48, 16, 42, 20>(ap_ufixed<48, 16, (ap_q_mode)5, (ap_o_mode)3, 0>, ap_fixed<42, 20, (ap_q_mode)5, (ap_o_mode)3, 0>*)' into 'void resizeNNBilinear<0, 1080, 1920, 1, 1080, 1920, 1, 8>(xf::cv::Mat<0, 1080, 1920, 1, 2>&, xf::cv::Mat<0, 1080, 1920, 1, 2>&)' (vitis_library_vision_L1/include\imgproc/xf_resize_nn_bilinear.hpp:322:2)
INFO: [HLS 214-131] Inlining function 'ap_uint<17>::ap_uint(int)' into 'void resizeNNBilinear<0, 1080, 1920, 1, 1080, 1920, 1, 8>(xf::cv::Mat<0, 1080, 1920, 1, 2>&, xf::cv::Mat<0, 1080, 1920, 1, 2>&)' (vitis_library_vision_L1/include\imgproc/xf_resize_nn_bilinear.hpp:363:30)
INFO: [HLS 214-131] Inlining function 'ap_int_base<17, false>::RType<17, false>::arg1 operator<<<17, false>(ap_int_base<17, false> const&, int)' into 'void resizeNNBilinear<0, 1080, 1920, 1, 1080, 1920, 1, 8>(xf::cv::Mat<0, 1080, 1920, 1, 2>&, xf::cv::Mat<0, 1080, 1920, 1, 2>&)' (vitis_library_vision_L1/include\imgproc/xf_resize_nn_bilinear.hpp:501:103)
INFO: [HLS 214-131] Inlining function 'ap_int_base<17, false>::RType<17, false>::arg1 operator>><17, false>(ap_int_base<17, false> const&, int)' into 'void resizeNNBilinear<0, 1080, 1920, 1, 1080, 1920, 1, 8>(xf::cv::Mat<0, 1080, 1920, 1, 2>&, xf::cv::Mat<0, 1080, 1920, 1, 2>&)' (vitis_library_vision_L1/include\imgproc/xf_resize_nn_bilinear.hpp:501:64)
INFO: [HLS 214-131] Inlining function 'bool operator==<17, false>(ap_int_base<17, false> const&, int)' into 'void resizeNNBilinear<0, 1080, 1920, 1, 1080, 1920, 1, 8>(xf::cv::Mat<0, 1080, 1920, 1, 2>&, xf::cv::Mat<0, 1080, 1920, 1, 2>&)' (vitis_library_vision_L1/include\imgproc/xf_resize_nn_bilinear.hpp:490:32)
INFO: [HLS 214-131] Inlining function 'bool operator==<17, false>(ap_int_base<17, false> const&, int)' into 'void resizeNNBilinear<0, 1080, 1920, 1, 1080, 1920, 1, 8>(xf::cv::Mat<0, 1080, 1920, 1, 2>&, xf::cv::Mat<0, 1080, 1920, 1, 2>&)' (vitis_library_vision_L1/include\imgproc/xf_resize_nn_bilinear.hpp:488:26)
INFO: [HLS 214-131] Inlining function 'bool operator==<17, false>(ap_int_base<17, false> const&, int)' into 'void resizeNNBilinear<0, 1080, 1920, 1, 1080, 1920, 1, 8>(xf::cv::Mat<0, 1080, 1920, 1, 2>&, xf::cv::Mat<0, 1080, 1920, 1, 2>&)' (vitis_library_vision_L1/include\imgproc/xf_resize_nn_bilinear.hpp:487:27)
INFO: [HLS 214-131] Inlining function 'bool operator==<17, false>(ap_int_base<17, false> const&, int)' into 'void resizeNNBilinear<0, 1080, 1920, 1, 1080, 1920, 1, 8>(xf::cv::Mat<0, 1080, 1920, 1, 2>&, xf::cv::Mat<0, 1080, 1920, 1, 2>&)' (vitis_library_vision_L1/include\imgproc/xf_resize_nn_bilinear.hpp:470:52)
INFO: [HLS 214-131] Inlining function 'ap_int_base<33, true>::operator long long() const' into 'void resizeNNBilinear<0, 1080, 1920, 1, 1080, 1920, 1, 8>(xf::cv::Mat<0, 1080, 1920, 1, 2>&, xf::cv::Mat<0, 1080, 1920, 1, 2>&)' (vitis_library_vision_L1/include\imgproc/xf_resize_nn_bilinear.hpp:469:12)
INFO: [HLS 214-131] Inlining function 'ap_int_base<17, false>::RType<($_0)32, true>::plus operator+<17, false>(ap_int_base<17, false> const&, int)' into 'void resizeNNBilinear<0, 1080, 1920, 1, 1080, 1920, 1, 8>(xf::cv::Mat<0, 1080, 1920, 1, 2>&, xf::cv::Mat<0, 1080, 1920, 1, 2>&)' (vitis_library_vision_L1/include\imgproc/xf_resize_nn_bilinear.hpp:469:62)
INFO: [HLS 214-131] Inlining function 'ap_int_base<17, false>::RType<17, false>::arg1 operator>><17, false>(ap_int_base<17, false> const&, int)' into 'void resizeNNBilinear<0, 1080, 1920, 1, 1080, 1920, 1, 8>(xf::cv::Mat<0, 1080, 1920, 1, 2>&, xf::cv::Mat<0, 1080, 1920, 1, 2>&)' (vitis_library_vision_L1/include\imgproc/xf_resize_nn_bilinear.hpp:469:23)
INFO: [HLS 214-131] Inlining function 'bool operator==<17, false>(ap_int_base<17, false> const&, int)' into 'void resizeNNBilinear<0, 1080, 1920, 1, 1080, 1920, 1, 8>(xf::cv::Mat<0, 1080, 1920, 1, 2>&, xf::cv::Mat<0, 1080, 1920, 1, 2>&)' (vitis_library_vision_L1/include\imgproc/xf_resize_nn_bilinear.hpp:449:52)
INFO: [HLS 214-131] Inlining function 'ap_int_base<33, true>::operator long long() const' into 'void resizeNNBilinear<0, 1080, 1920, 1, 1080, 1920, 1, 8>(xf::cv::Mat<0, 1080, 1920, 1, 2>&, xf::cv::Mat<0, 1080, 1920, 1, 2>&)' (vitis_library_vision_L1/include\imgproc/xf_resize_nn_bilinear.hpp:448:12)
INFO: [HLS 214-131] Inlining function 'ap_int_base<17, false>::RType<($_0)32, true>::plus operator+<17, false>(ap_int_base<17, false> const&, int)' into 'void resizeNNBilinear<0, 1080, 1920, 1, 1080, 1920, 1, 8>(xf::cv::Mat<0, 1080, 1920, 1, 2>&, xf::cv::Mat<0, 1080, 1920, 1, 2>&)' (vitis_library_vision_L1/include\imgproc/xf_resize_nn_bilinear.hpp:448:62)
INFO: [HLS 214-131] Inlining function 'ap_int_base<17, false>::RType<17, false>::arg1 operator>><17, false>(ap_int_base<17, false> const&, int)' into 'void resizeNNBilinear<0, 1080, 1920, 1, 1080, 1920, 1, 8>(xf::cv::Mat<0, 1080, 1920, 1, 2>&, xf::cv::Mat<0, 1080, 1920, 1, 2>&)' (vitis_library_vision_L1/include\imgproc/xf_resize_nn_bilinear.hpp:448:23)
INFO: [HLS 214-131] Inlining function 'bool operator==<17, false>(ap_int_base<17, false> const&, int)' into 'void resizeNNBilinear<0, 1080, 1920, 1, 1080, 1920, 1, 8>(xf::cv::Mat<0, 1080, 1920, 1, 2>&, xf::cv::Mat<0, 1080, 1920, 1, 2>&)' (vitis_library_vision_L1/include\imgproc/xf_resize_nn_bilinear.hpp:428:52)
INFO: [HLS 214-131] Inlining function 'ap_int_base<33, true>::operator long long() const' into 'void resizeNNBilinear<0, 1080, 1920, 1, 1080, 1920, 1, 8>(xf::cv::Mat<0, 1080, 1920, 1, 2>&, xf::cv::Mat<0, 1080, 1920, 1, 2>&)' (vitis_library_vision_L1/include\imgproc/xf_resize_nn_bilinear.hpp:427:12)
INFO: [HLS 214-131] Inlining function 'ap_int_base<17, false>::RType<($_0)32, true>::plus operator+<17, false>(ap_int_base<17, false> const&, int)' into 'void resizeNNBilinear<0, 1080, 1920, 1, 1080, 1920, 1, 8>(xf::cv::Mat<0, 1080, 1920, 1, 2>&, xf::cv::Mat<0, 1080, 1920, 1, 2>&)' (vitis_library_vision_L1/include\imgproc/xf_resize_nn_bilinear.hpp:427:62)
INFO: [HLS 214-131] Inlining function 'ap_int_base<17, false>::RType<17, false>::arg1 operator>><17, false>(ap_int_base<17, false> const&, int)' into 'void resizeNNBilinear<0, 1080, 1920, 1, 1080, 1920, 1, 8>(xf::cv::Mat<0, 1080, 1920, 1, 2>&, xf::cv::Mat<0, 1080, 1920, 1, 2>&)' (vitis_library_vision_L1/include\imgproc/xf_resize_nn_bilinear.hpp:427:23)
INFO: [HLS 214-131] Inlining function 'ap_uint<17>::ap_uint(int)' into 'void resizeNNBilinear<0, 1080, 1920, 1, 1080, 1920, 1, 8>(xf::cv::Mat<0, 1080, 1920, 1, 2>&, xf::cv::Mat<0, 1080, 1920, 1, 2>&)' (vitis_library_vision_L1/include\imgproc/xf_resize_nn_bilinear.hpp:364:37)
INFO: [HLS 214-131] Inlining function 'bool operator>=<17, false>(ap_int_base<17, false> const&, int)' into 'void resizeNNBilinear<0, 1080, 1920, 1, 1080, 1920, 1, 8>(xf::cv::Mat<0, 1080, 1920, 1, 2>&, xf::cv::Mat<0, 1080, 1920, 1, 2>&)' (vitis_library_vision_L1/include\imgproc/xf_resize_nn_bilinear.hpp:406:33)
INFO: [HLS 214-131] Inlining function 'hls::stream<ap_uint<8>, 0>::write(ap_uint<8> const&)' into 'void process_xfMat2stream<8, 0, 1080, 1920, 1>(xf::cv::Mat<0, 1080, 1920, 1, 2>&, hls::stream<ap_uint<8>, 0>&)' (src/ORB.cpp:85:13)
INFO: [HLS 214-131] Inlining function 'doubleToRawBits(double)' into 'ap_fixed_base<16, 2, true, (ap_q_mode)5, (ap_o_mode)3, 0>::ap_fixed_base(double)' (C:/Xilinx/Vitis_HLS/2020.2/common/technology/autopilot\ap_fixed_base.h:556:14)
INFO: [HLS 214-131] Inlining function 'ap_int_base<54, true>& ap_int_base<54, true>::operator=<55, true>(ap_int_base<55, true> const&)' into 'ap_fixed_base<16, 2, true, (ap_q_mode)5, (ap_o_mode)3, 0>::ap_fixed_base(double)' (C:/Xilinx/Vitis_HLS/2020.2/common/technology/autopilot\ap_fixed_base.h:570:20)
INFO: [HLS 214-131] Inlining function 'ap_int_base<54, true>::operator-() const' into 'ap_fixed_base<16, 2, true, (ap_q_mode)5, (ap_o_mode)3, 0>::ap_fixed_base(double)' (C:/Xilinx/Vitis_HLS/2020.2/common/technology/autopilot\ap_fixed_base.h:570:22)
INFO: [HLS 214-131] Inlining function 'ap_int_base<12, true>& ap_int_base<12, true>::operator=<65, true>(ap_int_base<65, true> const&)' into 'ap_fixed_base<16, 2, true, (ap_q_mode)5, (ap_o_mode)3, 0>::ap_fixed_base(double)' (C:/Xilinx/Vitis_HLS/2020.2/common/technology/autopilot\ap_fixed_base.h:563:9)
INFO: [HLS 214-131] Inlining function 'ap_int_base<11, false>::RType<($_0)64, true>::minus operator-<11, false>(ap_int_base<11, false> const&, long)' into 'ap_fixed_base<16, 2, true, (ap_q_mode)5, (ap_o_mode)3, 0>::ap_fixed_base(double)' (C:/Xilinx/Vitis_HLS/2020.2/common/technology/autopilot\ap_fixed_base.h:563:19)
INFO: [HLS 214-131] Inlining function 'ap_int_base<32, true>::ap_int_base(int)' into 'bool operator<<32, false>(ap_int_base<32, false> const&, int)' (C:/Xilinx/Vitis_HLS/2020.2/common/technology/autopilot\ap_int_base.h:1616:713)
INFO: [HLS 214-131] Inlining function 'bool ap_int_base<32, false>::operator<<32, true>(ap_int_base<32, true> const&) const' into 'bool operator<<32, false>(ap_int_base<32, false> const&, int)' (C:/Xilinx/Vitis_HLS/2020.2/common/technology/autopilot\ap_int_base.h:1616:711)
INFO: [HLS 214-131] Inlining function 'ap_int_base<34, true>::ap_int_base<32, false>(ap_int_base<32, false> const&)' into 'ap_int_base<32, false>::RType<32, true>::plus operator+<32, false, 32, true>(ap_int_base<32, false> const&, ap_int_base<32, true> const&)' (C:/Xilinx/Vitis_HLS/2020.2/common/technology/autopilot\ap_int_base.h:1346:339)
INFO: [HLS 214-131] Inlining function 'ap_int<34>::ap_int<34, true>(ap_int_base<34, true> const&)' into 'ap_int_base<32, false>::RType<32, true>::plus operator+<32, false, 32, true>(ap_int_base<32, false> const&, ap_int_base<32, true> const&)' (C:/Xilinx/Vitis_HLS/2020.2/common/technology/autopilot\ap_int_base.h:1346:551)
INFO: [HLS 214-131] Inlining function 'ap_int_base<34, true>::ap_int_base<32, true>(ap_int_base<32, true> const&)' into 'ap_int_base<32, false>::RType<32, true>::plus operator+<32, false, 32, true>(ap_int_base<32, false> const&, ap_int_base<32, true> const&)' (C:/Xilinx/Vitis_HLS/2020.2/common/technology/autopilot\ap_int_base.h:1346:427)
INFO: [HLS 214-131] Inlining function 'ap_int_base<32, true>::ap_int_base(int)' into 'ap_int_base<32, false>::RType<($_0)32, true>::plus operator+<32, false>(ap_int_base<32, false> const&, int)' (C:/Xilinx/Vitis_HLS/2020.2/common/technology/autopilot\ap_int_base.h:1461:1006)
INFO: [HLS 214-131] Inlining function 'ap_int_base<32, false>::RType<32, true>::plus operator+<32, false, 32, true>(ap_int_base<32, false> const&, ap_int_base<32, true> const&)' into 'ap_int_base<32, false>::RType<($_0)32, true>::plus operator+<32, false>(ap_int_base<32, false> const&, int)' (C:/Xilinx/Vitis_HLS/2020.2/common/technology/autopilot\ap_int_base.h:1461:1004)
INFO: [HLS 214-131] Inlining function 'ap_int_base<1, false>::ap_int_base(int)' into 'ap_int_base<32, false>::operator++(int)' (C:/Xilinx/Vitis_HLS/2020.2/common/technology/autopilot\ap_int_base.h:730:16)
INFO: [HLS 214-131] Inlining function 'ap_uint<32>::ap_uint<32, false>(ap_int_base<32, false> const&)' into 'ap_int_base<32, false>::operator++(int)' (C:/Xilinx/Vitis_HLS/2020.2/common/technology/autopilot\ap_int_base.h:731:12)
INFO: [HLS 214-131] Inlining function 'ap_int_base<32, false>& ap_int_base<32, false>::operator+=<1, false>(ap_int_base<1, false> const&)' into 'ap_int_base<32, false>::operator++(int)' (C:/Xilinx/Vitis_HLS/2020.2/common/technology/autopilot\ap_int_base.h:730:5)
INFO: [HLS 214-131] Inlining function 'ap_uint<32>::ap_uint(int)' into 'xf::cv::LineBuffer<7, 1920, ap_uint<8>, (_ramtype)6, 1>::shift_pixels_up(int)' (vitis_library_vision_L1/include\common/xf_video_mem.hpp:867:32)
INFO: [HLS 214-131] Inlining function 'ap_int_base<32, false>::operator++(int)' into 'xf::cv::LineBuffer<7, 1920, ap_uint<8>, (_ramtype)6, 1>::shift_pixels_up(int)' (vitis_library_vision_L1/include\common/xf_video_mem.hpp:867:49)
INFO: [HLS 214-131] Inlining function 'ap_int_base<32, false>::operator unsigned long long() const' into 'xf::cv::LineBuffer<7, 1920, ap_uint<8>, (_ramtype)6, 1>::shift_pixels_up(int)' (vitis_library_vision_L1/include\common/xf_video_mem.hpp:871:6)
INFO: [HLS 214-131] Inlining function 'ap_int_base<34, true>::operator long long() const' into 'xf::cv::LineBuffer<7, 1920, ap_uint<8>, (_ramtype)6, 1>::shift_pixels_up(int)' (vitis_library_vision_L1/include\common/xf_video_mem.hpp:871:20)
INFO: [HLS 214-131] Inlining function 'ap_int_base<32, false>::RType<($_0)32, true>::plus operator+<32, false>(ap_int_base<32, false> const&, int)' into 'xf::cv::LineBuffer<7, 1920, ap_uint<8>, (_ramtype)6, 1>::shift_pixels_up(int)' (vitis_library_vision_L1/include\common/xf_video_mem.hpp:871:22)
INFO: [HLS 214-131] Inlining function 'bool operator<<32, false>(ap_int_base<32, false> const&, int)' into 'xf::cv::LineBuffer<7, 1920, ap_uint<8>, (_ramtype)6, 1>::shift_pixels_up(int)' (vitis_library_vision_L1/include\common/xf_video_mem.hpp:867:37)
INFO: [HLS 214-131] Inlining function 'ap_uint<32>::ap_uint(int)' into 'xf::cv::Window<7, 7, ap_uint<8> >::shift_pixels_left()' (vitis_library_vision_L1/include\common/xf_video_mem.hpp:122:32)
INFO: [HLS 214-131] Inlining function 'ap_int_base<32, false>::operator++(int)' into 'xf::cv::Window<7, 7, ap_uint<8> >::shift_pixels_left()' (vitis_library_vision_L1/include\common/xf_video_mem.hpp:122:45)
INFO: [HLS 214-131] Inlining function 'ap_int_base<32, false>::operator++(int)' into 'xf::cv::Window<7, 7, ap_uint<8> >::shift_pixels_left()' (vitis_library_vision_L1/include\common/xf_video_mem.hpp:126:46)
INFO: [HLS 214-131] Inlining function 'ap_int_base<32, false>::operator unsigned long long() const' into 'xf::cv::Window<7, 7, ap_uint<8> >::shift_pixels_left()' (vitis_library_vision_L1/include\common/xf_video_mem.hpp:130:9)
INFO: [HLS 214-131] Inlining function 'ap_int_base<32, false>::operator unsigned long long() const' into 'xf::cv::Window<7, 7, ap_uint<8> >::shift_pixels_left()' (vitis_library_vision_L1/include\common/xf_video_mem.hpp:130:6)
INFO: [HLS 214-131] Inlining function 'ap_int_base<34, true>::operator long long() const' into 'xf::cv::Window<7, 7, ap_uint<8> >::shift_pixels_left()' (vitis_library_vision_L1/include\common/xf_video_mem.hpp:130:21)
INFO: [HLS 214-131] Inlining function 'ap_int_base<32, false>::RType<($_0)32, true>::plus operator+<32, false>(ap_int_base<32, false> const&, int)' into 'xf::cv::Window<7, 7, ap_uint<8> >::shift_pixels_left()' (vitis_library_vision_L1/include\common/xf_video_mem.hpp:130:23)
INFO: [HLS 214-131] Inlining function 'ap_int_base<32, false>::operator unsigned long long() const' into 'xf::cv::Window<7, 7, ap_uint<8> >::shift_pixels_left()' (vitis_library_vision_L1/include\common/xf_video_mem.hpp:130:18)
INFO: [HLS 214-131] Inlining function 'bool operator<<32, false>(ap_int_base<32, false> const&, int)' into 'xf::cv::Window<7, 7, ap_uint<8> >::shift_pixels_left()' (vitis_library_vision_L1/include\common/xf_video_mem.hpp:126:34)
INFO: [HLS 214-131] Inlining function 'ap_uint<32>::ap_uint(int)' into 'xf::cv::Window<7, 7, ap_uint<8> >::shift_pixels_left()' (vitis_library_vision_L1/include\common/xf_video_mem.hpp:126:29)
INFO: [HLS 214-131] Inlining function 'bool operator<<32, false>(ap_int_base<32, false> const&, int)' into 'xf::cv::Window<7, 7, ap_uint<8> >::shift_pixels_left()' (vitis_library_vision_L1/include\common/xf_video_mem.hpp:122:37)
INFO: [HLS 214-131] Inlining function 'xf::cv::LineBuffer<7, 1920, ap_uint<8>, (_ramtype)6, 1>::getval(int, int)' into 'xf::cv::LineBuffer<7, 1920, ap_uint<8>, (_ramtype)6, 1>::operator()(int, int)' (vitis_library_vision_L1/include\common/xf_video_mem.hpp:994:9)
INFO: [HLS 214-131] Inlining function 'xf::cv::Window<7, 7, ap_uint<8> >::getval(int, int)' into 'xf::cv::Window<7, 7, ap_uint<8> >::operator()(int, int)' (vitis_library_vision_L1/include\common/xf_video_mem.hpp:544:9)
INFO: [HLS 214-131] Inlining function 'ap_fixed_base<8, 8, false, (ap_q_mode)5, (ap_o_mode)3, 0>::ap_fixed_base<8, false>(ap_int_base<8, false> const&)' into 'ap_fixed_base<8, 8, false, (ap_q_mode)5, (ap_o_mode)3, 0>::RType<16, 2, true>::mult operator*<16, 2, true, (ap_q_mode)5, (ap_o_mode)3, 0, 8, false>(ap_int_base<8, false> const&, ap_fixed_base<16, 2, true, (ap_q_mode)5, (ap_o_mode)3, 0> const&)' (C:/Xilinx/Vitis_HLS/2020.2/common/technology/autopilot\ap_fixed_base.h:2305:373)
INFO: [HLS 214-131] Inlining function 'ap_fixed_base<8, 8, false, (ap_q_mode)5, (ap_o_mode)3, 0>::RType<16, 2, true>::mult ap_fixed_base<8, 8, false, (ap_q_mode)5, (ap_o_mode)3, 0>::operator*<16, 2, true, (ap_q_mode)5, (ap_o_mode)3, 0>(ap_fixed_base<16, 2, true, (ap_q_mode)5, (ap_o_mode)3, 0> const&) const' into 'ap_fixed_base<8, 8, false, (ap_q_mode)5, (ap_o_mode)3, 0>::RType<16, 2, true>::mult operator*<16, 2, true, (ap_q_mode)5, (ap_o_mode)3, 0, 8, false>(ap_int_base<8, false> const&, ap_fixed_base<16, 2, true, (ap_q_mode)5, (ap_o_mode)3, 0> const&)' (C:/Xilinx/Vitis_HLS/2020.2/common/technology/autopilot\ap_fixed_base.h:2305:417)
INFO: [HLS 214-131] Inlining function 'ap_int_base<1, false>::ap_int_base(int)' into 'ap_int_base<10, true>::operator++()' (C:/Xilinx/Vitis_HLS/2020.2/common/technology/autopilot\ap_int_base.h:717:16)
INFO: [HLS 214-131] Inlining function 'ap_int_base<10, true>& ap_int_base<10, true>::operator+=<1, false>(ap_int_base<1, false> const&)' into 'ap_int_base<10, true>::operator++()' (C:/Xilinx/Vitis_HLS/2020.2/common/technology/autopilot\ap_int_base.h:717:5)
INFO: [HLS 214-131] Inlining function 'ap_int_base<10, true>::operator++()' into 'ap_fixed_base<24, 10, true, (ap_q_mode)5, (ap_o_mode)3, 0>::to_ap_int_base(bool) const' (C:/Xilinx/Vitis_HLS/2020.2/common/technology/autopilot\ap_fixed_base.h:853:9)
INFO: [HLS 214-131] Inlining function 'ap_fixed_base<24, 10, true, (ap_q_mode)5, (ap_o_mode)3, 0>::to_ap_int_base(bool) const' into 'ap_int_base<16, false>& operator+=<24, 10, true, (ap_q_mode)5, (ap_o_mode)3, 0, 16, false>(ap_int_base<16, false>&, ap_fixed_base<24, 10, true, (ap_q_mode)5, (ap_o_mode)3, 0> const&)' (C:/Xilinx/Vitis_HLS/2020.2/common/technology/autopilot\ap_fixed_base.h:2313:722)
INFO: [HLS 214-131] Inlining function 'ap_int_base<16, false>& ap_int_base<16, false>::operator+=<10, true>(ap_int_base<10, true> const&)' into 'ap_int_base<16, false>& operator+=<24, 10, true, (ap_q_mode)5, (ap_o_mode)3, 0, 16, false>(ap_int_base<16, false>&, ap_fixed_base<24, 10, true, (ap_q_mode)5, (ap_o_mode)3, 0> const&)' (C:/Xilinx/Vitis_HLS/2020.2/common/technology/autopilot\ap_fixed_base.h:2313:707)
INFO: [HLS 214-131] Inlining function 'ap_range_ref<16, false>::ap_range_ref(ap_int_base<16, false>*, int, int)' into 'ap_int_base<16, false>::range(int, int)' (C:/Xilinx/Vitis_HLS/2020.2/common/technology/autopilot\ap_int_base.h:899:12)
INFO: [HLS 214-131] Inlining function 'ap_range_ref<16, false>::get() const' into 'ap_int_base<8, false>::ap_int_base<16, false>(ap_range_ref<16, false> const&)' (C:/Xilinx/Vitis_HLS/2020.2/common/technology/autopilot\ap_int_base.h:358:20)
INFO: [HLS 214-131] Inlining function 'ap_int_base<8, false>::ap_int_base<16, false>(ap_range_ref<16, false> const&)' into 'ap_uint<8>::ap_uint<16, false>(ap_range_ref<16, false> const&)' (C:/Xilinx/Vitis_HLS/2020.2/common/technology/autopilot\ap_int.h:237:92)
INFO: [HLS 214-131] Inlining function 'xf::cv::LineBuffer<7, 1920, ap_uint<8>, (_ramtype)6, 1>::LineBuffer()' into 'void process_blur<8, 0, 1080, 1920, 1>(hls::stream<ap_uint<8>, 0>&, hls::stream<ap_uint<8>, 0>&, hls::stream<ap_uint<8>, 0>&, int, int)' (src/ORB.cpp:114:46)
INFO: [HLS 214-131] Inlining function 'hls::stream<ap_uint<8>, 0>::write(ap_uint<8> const&)' into 'void process_blur<8, 0, 1080, 1920, 1>(hls::stream<ap_uint<8>, 0>&, hls::stream<ap_uint<8>, 0>&, hls::stream<ap_uint<8>, 0>&, int, int)' (src/ORB.cpp:184:22)
INFO: [HLS 214-131] Inlining function 'ap_uint<8>::ap_uint<16, false>(ap_range_ref<16, false> const&)' into 'void process_blur<8, 0, 1080, 1920, 1>(hls::stream<ap_uint<8>, 0>&, hls::stream<ap_uint<8>, 0>&, hls::stream<ap_uint<8>, 0>&, int, int)' (src/ORB.cpp:183:24)
INFO: [HLS 214-131] Inlining function 'ap_int_base<16, false>::range(int, int)' into 'void process_blur<8, 0, 1080, 1920, 1>(hls::stream<ap_uint<8>, 0>&, hls::stream<ap_uint<8>, 0>&, hls::stream<ap_uint<8>, 0>&, int, int)' (src/ORB.cpp:183:28)
INFO: [HLS 214-131] Inlining function 'ap_int_base<16, false>& operator+=<24, 10, true, (ap_q_mode)5, (ap_o_mode)3, 0, 16, false>(ap_int_base<16, false>&, ap_fixed_base<24, 10, true, (ap_q_mode)5, (ap_o_mode)3, 0> const&)' into 'void process_blur<8, 0, 1080, 1920, 1>(hls::stream<ap_uint<8>, 0>&, hls::stream<ap_uint<8>, 0>&, hls::stream<ap_uint<8>, 0>&, int, int)' (src/ORB.cpp:180:25)
INFO: [HLS 214-131] Inlining function 'ap_fixed_base<8, 8, false, (ap_q_mode)5, (ap_o_mode)3, 0>::RType<16, 2, true>::mult operator*<16, 2, true, (ap_q_mode)5, (ap_o_mode)3, 0, 8, false>(ap_int_base<8, false> const&, ap_fixed_base<16, 2, true, (ap_q_mode)5, (ap_o_mode)3, 0> const&)' into 'void process_blur<8, 0, 1080, 1920, 1>(hls::stream<ap_uint<8>, 0>&, hls::stream<ap_uint<8>, 0>&, hls::stream<ap_uint<8>, 0>&, int, int)' (src/ORB.cpp:180:40)
INFO: [HLS 214-131] Inlining function 'xf::cv::Window<7, 7, ap_uint<8> >::operator()(int, int)' into 'void process_blur<8, 0, 1080, 1920, 1>(hls::stream<ap_uint<8>, 0>&, hls::stream<ap_uint<8>, 0>&, hls::stream<ap_uint<8>, 0>&, int, int)' (src/ORB.cpp:180:28)
INFO: [HLS 214-131] Inlining function 'xf::cv::Window<7, 7, ap_uint<8> >::Window()' into 'void process_blur<8, 0, 1080, 1920, 1>(hls::stream<ap_uint<8>, 0>&, hls::stream<ap_uint<8>, 0>&, hls::stream<ap_uint<8>, 0>&, int, int)' (src/ORB.cpp:115:38)
INFO: [HLS 214-131] Inlining function 'ap_uint<16>::ap_uint(int)' into 'void process_blur<8, 0, 1080, 1920, 1>(hls::stream<ap_uint<8>, 0>&, hls::stream<ap_uint<8>, 0>&, hls::stream<ap_uint<8>, 0>&, int, int)' (src/ORB.cpp:177:19)
INFO: [HLS 214-131] Inlining function 'xf::cv::Window<7, 7, ap_uint<8> >::insert_pixel(ap_uint<8>, int, int)' into 'void process_blur<8, 0, 1080, 1920, 1>(hls::stream<ap_uint<8>, 0>&, hls::stream<ap_uint<8>, 0>&, hls::stream<ap_uint<8>, 0>&, int, int)' (src/ORB.cpp:173:24)
INFO: [HLS 214-131] Inlining function 'xf::cv::Window<7, 7, ap_uint<8> >::Window()' into 'void process_blur<8, 0, 1080, 1920, 1>(hls::stream<ap_uint<8>, 0>&, hls::stream<ap_uint<8>, 0>&, hls::stream<ap_uint<8>, 0>&, int, int)' (src/ORB.cpp:115:53)
INFO: [HLS 214-131] Inlining function 'ap_uint<8>::ap_uint(int)' into 'void process_blur<8, 0, 1080, 1920, 1>(hls::stream<ap_uint<8>, 0>&, hls::stream<ap_uint<8>, 0>&, hls::stream<ap_uint<8>, 0>&, int, int)' (src/ORB.cpp:173:37)
INFO: [HLS 214-131] Inlining function 'xf::cv::Window<7, 7, ap_uint<8> >::insert_pixel(ap_uint<8>, int, int)' into 'void process_blur<8, 0, 1080, 1920, 1>(hls::stream<ap_uint<8>, 0>&, hls::stream<ap_uint<8>, 0>&, hls::stream<ap_uint<8>, 0>&, int, int)' (src/ORB.cpp:171:24)
INFO: [HLS 214-131] Inlining function 'ap_uint<8>::ap_uint(int)' into 'void process_blur<8, 0, 1080, 1920, 1>(hls::stream<ap_uint<8>, 0>&, hls::stream<ap_uint<8>, 0>&, hls::stream<ap_uint<8>, 0>&, int, int)' (src/ORB.cpp:134:40)
INFO: [HLS 214-131] Inlining function 'xf::cv::LineBuffer<7, 1920, ap_uint<8>, (_ramtype)6, 1>::operator()(int, int)' into 'void process_blur<8, 0, 1080, 1920, 1>(hls::stream<ap_uint<8>, 0>&, hls::stream<ap_uint<8>, 0>&, hls::stream<ap_uint<8>, 0>&, int, int)' (src/ORB.cpp:171:37)
INFO: [HLS 214-131] Inlining function 'xf::cv::Window<7, 7, ap_uint<8> >::insert_pixel(ap_uint<8>, int, int)' into 'void process_blur<8, 0, 1080, 1920, 1>(hls::stream<ap_uint<8>, 0>&, hls::stream<ap_uint<8>, 0>&, hls::stream<ap_uint<8>, 0>&, int, int)' (src/ORB.cpp:134:27)
INFO: [HLS 214-131] Inlining function 'ap_uint<8>::ap_uint(int)' into 'void process_blur<8, 0, 1080, 1920, 1>(hls::stream<ap_uint<8>, 0>&, hls::stream<ap_uint<8>, 0>&, hls::stream<ap_uint<8>, 0>&, int, int)' (src/ORB.cpp:135:33)
INFO: [HLS 214-131] Inlining function 'xf::cv::Window<7, 7, ap_uint<8> >::insert_pixel(ap_uint<8>, int, int)' into 'void process_blur<8, 0, 1080, 1920, 1>(hls::stream<ap_uint<8>, 0>&, hls::stream<ap_uint<8>, 0>&, hls::stream<ap_uint<8>, 0>&, int, int)' (src/ORB.cpp:168:28)
INFO: [HLS 214-131] Inlining function 'xf::cv::Window<7, 7, ap_uint<8> >::insert_pixel(ap_uint<8>, int, int)' into 'void process_blur<8, 0, 1080, 1920, 1>(hls::stream<ap_uint<8>, 0>&, hls::stream<ap_uint<8>, 0>&, hls::stream<ap_uint<8>, 0>&, int, int)' (src/ORB.cpp:135:20)
INFO: [HLS 214-131] Inlining function 'ap_uint<8>::ap_uint(int)' into 'void process_blur<8, 0, 1080, 1920, 1>(hls::stream<ap_uint<8>, 0>&, hls::stream<ap_uint<8>, 0>&, hls::stream<ap_uint<8>, 0>&, int, int)' (src/ORB.cpp:142:37)
INFO: [HLS 214-131] Inlining function 'xf::cv::Window<7, 7, ap_uint<8> >::operator()(int, int)' into 'void process_blur<8, 0, 1080, 1920, 1>(hls::stream<ap_uint<8>, 0>&, hls::stream<ap_uint<8>, 0>&, hls::stream<ap_uint<8>, 0>&, int, int)' (src/ORB.cpp:168:41)
INFO: [HLS 214-131] Inlining function 'hls::stream<ap_uint<8>, 0>::read()' into 'void process_blur<8, 0, 1080, 1920, 1>(hls::stream<ap_uint<8>, 0>&, hls::stream<ap_uint<8>, 0>&, hls::stream<ap_uint<8>, 0>&, int, int)' (src/ORB.cpp:151:31)
INFO: [HLS 214-131] Inlining function 'xf::cv::Window<7, 7, ap_uint<8> >::insert_pixel(ap_uint<8>, int, int)' into 'void process_blur<8, 0, 1080, 1920, 1>(hls::stream<ap_uint<8>, 0>&, hls::stream<ap_uint<8>, 0>&, hls::stream<ap_uint<8>, 0>&, int, int)' (src/ORB.cpp:165:28)
INFO: [HLS 214-131] Inlining function 'hls::stream<ap_uint<8>, 0>::write(ap_uint<8> const&)' into 'void process_blur<8, 0, 1080, 1920, 1>(hls::stream<ap_uint<8>, 0>&, hls::stream<ap_uint<8>, 0>&, hls::stream<ap_uint<8>, 0>&, int, int)' (src/ORB.cpp:152:21)
INFO: [HLS 214-131] Inlining function 'ap_uint<8>::ap_uint(int)' into 'void process_blur<8, 0, 1080, 1920, 1>(hls::stream<ap_uint<8>, 0>&, hls::stream<ap_uint<8>, 0>&, hls::stream<ap_uint<8>, 0>&, int, int)' (src/ORB.cpp:165:41)
INFO: [HLS 214-131] Inlining function 'xf::cv::Window<7, 7, ap_uint<8> >::insert_pixel(ap_uint<8>, int, int)' into 'void process_blur<8, 0, 1080, 1920, 1>(hls::stream<ap_uint<8>, 0>&, hls::stream<ap_uint<8>, 0>&, hls::stream<ap_uint<8>, 0>&, int, int)' (src/ORB.cpp:162:27)
INFO: [HLS 214-131] Inlining function 'ap_uint<8>::ap_uint(int)' into 'void process_blur<8, 0, 1080, 1920, 1>(hls::stream<ap_uint<8>, 0>&, hls::stream<ap_uint<8>, 0>&, hls::stream<ap_uint<8>, 0>&, int, int)' (src/ORB.cpp:155:24)
INFO: [HLS 214-131] Inlining function 'xf::cv::LineBuffer<7, 1920, ap_uint<8>, (_ramtype)6, 1>::operator()(int, int)' into 'void process_blur<8, 0, 1080, 1920, 1>(hls::stream<ap_uint<8>, 0>&, hls::stream<ap_uint<8>, 0>&, hls::stream<ap_uint<8>, 0>&, int, int)' (src/ORB.cpp:162:40)
INFO: [HLS 214-131] Inlining function 'xf::cv::LineBuffer<7, 1920, ap_uint<8>, (_ramtype)6, 1>::shift_pixels_up(int)' into 'void process_blur<8, 0, 1080, 1920, 1>(hls::stream<ap_uint<8>, 0>&, hls::stream<ap_uint<8>, 0>&, hls::stream<ap_uint<8>, 0>&, int, int)' (src/ORB.cpp:157:21)
INFO: [HLS 214-131] Inlining function 'xf::cv::LineBuffer<7, 1920, ap_uint<8>, (_ramtype)6, 1>::insert_bottom_row(ap_uint<8>, int)' into 'void process_blur<8, 0, 1080, 1920, 1>(hls::stream<ap_uint<8>, 0>&, hls::stream<ap_uint<8>, 0>&, hls::stream<ap_uint<8>, 0>&, int, int)' (src/ORB.cpp:158:21)
INFO: [HLS 214-131] Inlining function 'xf::cv::Window<7, 7, ap_uint<8> >::shift_pixels_left()' into 'void process_blur<8, 0, 1080, 1920, 1>(hls::stream<ap_uint<8>, 0>&, hls::stream<ap_uint<8>, 0>&, hls::stream<ap_uint<8>, 0>&, int, int)' (src/ORB.cpp:159:23)
INFO: [HLS 214-131] Inlining function 'xf::cv::Window<7, 7, ap_uint<8> >::shift_pixels_left()' into 'void process_blur<8, 0, 1080, 1920, 1>(hls::stream<ap_uint<8>, 0>&, hls::stream<ap_uint<8>, 0>&, hls::stream<ap_uint<8>, 0>&, int, int)' (src/ORB.cpp:160:16)
INFO: [HLS 214-131] Inlining function 'ap_int_base<32, true>::ap_int_base(int)' into 'bool operator<<5, false>(ap_int_base<5, false> const&, int)' (C:/Xilinx/Vitis_HLS/2020.2/common/technology/autopilot\ap_int_base.h:1616:713)
INFO: [HLS 214-131] Inlining function 'bool ap_int_base<5, false>::operator<<32, true>(ap_int_base<32, true> const&) const' into 'bool operator<<5, false>(ap_int_base<5, false> const&, int)' (C:/Xilinx/Vitis_HLS/2020.2/common/technology/autopilot\ap_int_base.h:1616:711)
INFO: [HLS 214-131] Inlining function 'ap_int_base<33, true>::ap_int_base<5, false>(ap_int_base<5, false> const&)' into 'ap_int_base<5, false>::RType<32, true>::plus operator+<5, false, 32, true>(ap_int_base<5, false> const&, ap_int_base<32, true> const&)' (C:/Xilinx/Vitis_HLS/2020.2/common/technology/autopilot\ap_int_base.h:1346:339)
INFO: [HLS 214-131] Inlining function 'ap_int<33>::ap_int<33, true>(ap_int_base<33, true> const&)' into 'ap_int_base<5, false>::RType<32, true>::plus operator+<5, false, 32, true>(ap_int_base<5, false> const&, ap_int_base<32, true> const&)' (C:/Xilinx/Vitis_HLS/2020.2/common/technology/autopilot\ap_int_base.h:1346:551)
INFO: [HLS 214-131] Inlining function 'ap_int_base<33, true>::ap_int_base<32, true>(ap_int_base<32, true> const&)' into 'ap_int_base<5, false>::RType<32, true>::plus operator+<5, false, 32, true>(ap_int_base<5, false> const&, ap_int_base<32, true> const&)' (C:/Xilinx/Vitis_HLS/2020.2/common/technology/autopilot\ap_int_base.h:1346:427)
INFO: [HLS 214-131] Inlining function 'ap_int_base<32, true>::ap_int_base(int)' into 'ap_int_base<5, false>::RType<($_0)32, true>::plus operator+<5, false>(ap_int_base<5, false> const&, int)' (C:/Xilinx/Vitis_HLS/2020.2/common/technology/autopilot\ap_int_base.h:1461:1006)
INFO: [HLS 214-131] Inlining function 'ap_int_base<5, false>::RType<32, true>::plus operator+<5, false, 32, true>(ap_int_base<5, false> const&, ap_int_base<32, true> const&)' into 'ap_int_base<5, false>::RType<($_0)32, true>::plus operator+<5, false>(ap_int_base<5, false> const&, int)' (C:/Xilinx/Vitis_HLS/2020.2/common/technology/autopilot\ap_int_base.h:1461:1004)
INFO: [HLS 214-131] Inlining function 'ap_int_base<1, false>::ap_int_base(int)' into 'ap_int_base<5, false>::operator++(int)' (C:/Xilinx/Vitis_HLS/2020.2/common/technology/autopilot\ap_int_base.h:730:16)
INFO: [HLS 214-131] Inlining function 'ap_uint<5>::ap_uint<5, false>(ap_int_base<5, false> const&)' into 'ap_int_base<5, false>::operator++(int)' (C:/Xilinx/Vitis_HLS/2020.2/common/technology/autopilot\ap_int_base.h:731:12)
INFO: [HLS 214-131] Inlining function 'ap_int_base<5, false>& ap_int_base<5, false>::operator+=<1, false>(ap_int_base<1, false> const&)' into 'ap_int_base<5, false>::operator++(int)' (C:/Xilinx/Vitis_HLS/2020.2/common/technology/autopilot\ap_int_base.h:730:5)
INFO: [HLS 214-131] Inlining function 'ap_int_base<34, true>::ap_int_base<33, true>(ap_int_base<33, true> const&)' into 'ap_int_base<33, true>::RType<32, true>::plus operator+<33, true, 32, true>(ap_int_base<33, true> const&, ap_int_base<32, true> const&)' (C:/Xilinx/Vitis_HLS/2020.2/common/technology/autopilot\ap_int_base.h:1346:339)
INFO: [HLS 214-131] Inlining function 'ap_int<34>::ap_int<34, true>(ap_int_base<34, true> const&)' into 'ap_int_base<33, true>::RType<32, true>::plus operator+<33, true, 32, true>(ap_int_base<33, true> const&, ap_int_base<32, true> const&)' (C:/Xilinx/Vitis_HLS/2020.2/common/technology/autopilot\ap_int_base.h:1346:551)
INFO: [HLS 214-131] Inlining function 'ap_int_base<34, true>::ap_int_base<32, true>(ap_int_base<32, true> const&)' into 'ap_int_base<33, true>::RType<32, true>::plus operator+<33, true, 32, true>(ap_int_base<33, true> const&, ap_int_base<32, true> const&)' (C:/Xilinx/Vitis_HLS/2020.2/common/technology/autopilot\ap_int_base.h:1346:427)
INFO: [HLS 214-131] Inlining function 'ap_int_base<32, true>::ap_int_base(int)' into 'ap_int_base<33, true>::RType<($_0)32, true>::plus operator+<33, true>(ap_int_base<33, true> const&, int)' (C:/Xilinx/Vitis_HLS/2020.2/common/technology/autopilot\ap_int_base.h:1461:1006)
INFO: [HLS 214-131] Inlining function 'ap_int_base<33, true>::RType<32, true>::plus operator+<33, true, 32, true>(ap_int_base<33, true> const&, ap_int_base<32, true> const&)' into 'ap_int_base<33, true>::RType<($_0)32, true>::plus operator+<33, true>(ap_int_base<33, true> const&, int)' (C:/Xilinx/Vitis_HLS/2020.2/common/technology/autopilot\ap_int_base.h:1461:1004)
INFO: [HLS 214-131] Inlining function 'ap_int_base<32, true>::ap_int_base(int)' into 'ap_int_base<5, false>& operator+=<5, false>(ap_int_base<5, false>&, int)' (C:/Xilinx/Vitis_HLS/2020.2/common/technology/autopilot\ap_int_base.h:1555:167)
INFO: [HLS 214-131] Inlining function 'ap_int_base<5, false>& ap_int_base<5, false>::operator+=<32, true>(ap_int_base<32, true> const&)' into 'ap_int_base<5, false>& operator+=<5, false>(ap_int_base<5, false>&, int)' (C:/Xilinx/Vitis_HLS/2020.2/common/technology/autopilot\ap_int_base.h:1555:164)
INFO: [HLS 214-131] Inlining function 'ap_uint<5>::ap_uint(int)' into 'fast_score(int*, int)' (src/fast.hpp:16:42)
INFO: [HLS 214-131] Inlining function 'ap_uint<8>::ap_uint(int)' into 'fast_score(int*, int)' (src/fast.hpp:46:24)
INFO: [HLS 214-131] Inlining function 'ap_int_base<5, false>& operator+=<5, false>(ap_int_base<5, false>&, int)' into 'fast_score(int*, int)' (src/fast.hpp:40:55)
INFO: [HLS 214-131] Inlining function 'ap_int_base<34, true>::operator long long() const' into 'fast_score(int*, int)' (src/fast.hpp:44:132)
INFO: [HLS 214-131] Inlining function 'ap_int_base<33, true>::RType<($_0)32, true>::plus operator+<33, true>(ap_int_base<33, true> const&, int)' into 'fast_score(int*, int)' (src/fast.hpp:44:143)
INFO: [HLS 214-131] Inlining function 'ap_int_base<5, false>::RType<($_0)32, true>::plus operator+<5, false>(ap_int_base<5, false> const&, int)' into 'fast_score(int*, int)' (src/fast.hpp:44:134)
INFO: [HLS 214-131] Inlining function 'ap_int_base<34, true>::operator long long() const' into 'fast_score(int*, int)' (src/fast.hpp:44:102)
INFO: [HLS 214-131] Inlining function 'ap_int_base<33, true>::RType<($_0)32, true>::plus operator+<33, true>(ap_int_base<33, true> const&, int)' into 'fast_score(int*, int)' (src/fast.hpp:44:113)
INFO: [HLS 214-131] Inlining function 'ap_int_base<5, false>::RType<($_0)32, true>::plus operator+<5, false>(ap_int_base<5, false> const&, int)' into 'fast_score(int*, int)' (src/fast.hpp:44:104)
INFO: [HLS 214-131] Inlining function 'ap_int_base<34, true>::operator long long() const' into 'fast_score(int*, int)' (src/fast.hpp:44:64)
INFO: [HLS 214-131] Inlining function 'ap_int_base<33, true>::RType<($_0)32, true>::plus operator+<33, true>(ap_int_base<33, true> const&, int)' into 'fast_score(int*, int)' (src/fast.hpp:44:75)
INFO: [HLS 214-131] Inlining function 'ap_int_base<5, false>::RType<($_0)32, true>::plus operator+<5, false>(ap_int_base<5, false> const&, int)' into 'fast_score(int*, int)' (src/fast.hpp:44:66)
INFO: [HLS 214-131] Inlining function 'ap_int_base<34, true>::operator long long() const' into 'fast_score(int*, int)' (src/fast.hpp:44:34)
INFO: [HLS 214-131] Inlining function 'ap_int_base<33, true>::RType<($_0)32, true>::plus operator+<33, true>(ap_int_base<33, true> const&, int)' into 'fast_score(int*, int)' (src/fast.hpp:44:45)
INFO: [HLS 214-131] Inlining function 'ap_int_base<5, false>::RType<($_0)32, true>::plus operator+<5, false>(ap_int_base<5, false> const&, int)' into 'fast_score(int*, int)' (src/fast.hpp:44:36)
INFO: [HLS 214-131] Inlining function 'ap_int_base<5, false>::operator unsigned long long() const' into 'fast_score(int*, int)' (src/fast.hpp:43:93)
INFO: [HLS 214-131] Inlining function 'ap_int_base<5, false>::operator unsigned long long() const' into 'fast_score(int*, int)' (src/fast.hpp:43:76)
INFO: [HLS 214-131] Inlining function 'ap_int_base<5, false>::operator unsigned long long() const' into 'fast_score(int*, int)' (src/fast.hpp:43:51)
INFO: [HLS 214-131] Inlining function 'ap_int_base<5, false>::operator unsigned long long() const' into 'fast_score(int*, int)' (src/fast.hpp:43:34)
INFO: [HLS 214-131] Inlining function 'ap_int_base<33, true>::operator long long() const' into 'fast_score(int*, int)' (src/fast.hpp:42:25)
INFO: [HLS 214-131] Inlining function 'ap_int_base<5, false>::RType<($_0)32, true>::plus operator+<5, false>(ap_int_base<5, false> const&, int)' into 'fast_score(int*, int)' (src/fast.hpp:42:27)
INFO: [HLS 214-131] Inlining function 'bool operator<<5, false>(ap_int_base<5, false> const&, int)' into 'fast_score(int*, int)' (src/fast.hpp:40:47)
INFO: [HLS 214-131] Inlining function 'ap_uint<5>::ap_uint(int)' into 'fast_score(int*, int)' (src/fast.hpp:40:42)
INFO: [HLS 214-131] Inlining function 'ap_int_base<5, false>& operator+=<5, false>(ap_int_base<5, false>&, int)' into 'fast_score(int*, int)' (src/fast.hpp:33:55)
INFO: [HLS 214-131] Inlining function 'ap_int_base<34, true>::operator long long() const' into 'fast_score(int*, int)' (src/fast.hpp:37:132)
INFO: [HLS 214-131] Inlining function 'ap_int_base<33, true>::RType<($_0)32, true>::plus operator+<33, true>(ap_int_base<33, true> const&, int)' into 'fast_score(int*, int)' (src/fast.hpp:37:143)
INFO: [HLS 214-131] Inlining function 'ap_int_base<5, false>::RType<($_0)32, true>::plus operator+<5, false>(ap_int_base<5, false> const&, int)' into 'fast_score(int*, int)' (src/fast.hpp:37:134)
INFO: [HLS 214-131] Inlining function 'ap_int_base<34, true>::operator long long() const' into 'fast_score(int*, int)' (src/fast.hpp:37:102)
INFO: [HLS 214-131] Inlining function 'ap_int_base<33, true>::RType<($_0)32, true>::plus operator+<33, true>(ap_int_base<33, true> const&, int)' into 'fast_score(int*, int)' (src/fast.hpp:37:113)
INFO: [HLS 214-131] Inlining function 'ap_int_base<5, false>::RType<($_0)32, true>::plus operator+<5, false>(ap_int_base<5, false> const&, int)' into 'fast_score(int*, int)' (src/fast.hpp:37:104)
INFO: [HLS 214-131] Inlining function 'ap_int_base<34, true>::operator long long() const' into 'fast_score(int*, int)' (src/fast.hpp:37:64)
INFO: [HLS 214-131] Inlining function 'ap_int_base<33, true>::RType<($_0)32, true>::plus operator+<33, true>(ap_int_base<33, true> const&, int)' into 'fast_score(int*, int)' (src/fast.hpp:37:75)
INFO: [HLS 214-131] Inlining function 'ap_int_base<5, false>::RType<($_0)32, true>::plus operator+<5, false>(ap_int_base<5, false> const&, int)' into 'fast_score(int*, int)' (src/fast.hpp:37:66)
INFO: [HLS 214-131] Inlining function 'ap_int_base<34, true>::operator long long() const' into 'fast_score(int*, int)' (src/fast.hpp:37:34)
INFO: [HLS 214-131] Inlining function 'ap_int_base<33, true>::RType<($_0)32, true>::plus operator+<33, true>(ap_int_base<33, true> const&, int)' into 'fast_score(int*, int)' (src/fast.hpp:37:45)
INFO: [HLS 214-131] Inlining function 'ap_int_base<5, false>::RType<($_0)32, true>::plus operator+<5, false>(ap_int_base<5, false> const&, int)' into 'fast_score(int*, int)' (src/fast.hpp:37:36)
INFO: [HLS 214-131] Inlining function 'ap_int_base<5, false>::operator unsigned long long() const' into 'fast_score(int*, int)' (src/fast.hpp:36:93)
INFO: [HLS 214-131] Inlining function 'ap_int_base<5, false>::operator unsigned long long() const' into 'fast_score(int*, int)' (src/fast.hpp:36:76)
INFO: [HLS 214-131] Inlining function 'ap_int_base<5, false>::operator unsigned long long() const' into 'fast_score(int*, int)' (src/fast.hpp:36:51)
INFO: [HLS 214-131] Inlining function 'ap_int_base<5, false>::operator unsigned long long() const' into 'fast_score(int*, int)' (src/fast.hpp:36:34)
INFO: [HLS 214-131] Inlining function 'ap_int_base<33, true>::operator long long() const' into 'fast_score(int*, int)' (src/fast.hpp:35:25)
INFO: [HLS 214-131] Inlining function 'ap_int_base<5, false>::RType<($_0)32, true>::plus operator+<5, false>(ap_int_base<5, false> const&, int)' into 'fast_score(int*, int)' (src/fast.hpp:35:27)
INFO: [HLS 214-131] Inlining function 'bool operator<<5, false>(ap_int_base<5, false> const&, int)' into 'fast_score(int*, int)' (src/fast.hpp:33:47)
INFO: [HLS 214-131] Inlining function 'ap_uint<5>::ap_uint(int)' into 'fast_score(int*, int)' (src/fast.hpp:33:42)
INFO: [HLS 214-131] Inlining function 'ap_int_base<5, false>::operator++(int)' into 'fast_score(int*, int)' (src/fast.hpp:26:57)
INFO: [HLS 214-131] Inlining function 'ap_int_base<5, false>::operator unsigned long long() const' into 'fast_score(int*, int)' (src/fast.hpp:28:21)
INFO: [HLS 214-131] Inlining function 'ap_int_base<33, true>::operator long long() const' into 'fast_score(int*, int)' (src/fast.hpp:28:96)
INFO: [HLS 214-131] Inlining function 'ap_int_base<5, false>::RType<($_0)32, true>::plus operator+<5, false>(ap_int_base<5, false> const&, int)' into 'fast_score(int*, int)' (src/fast.hpp:28:98)
INFO: [HLS 214-131] Inlining function 'ap_int_base<5, false>::operator unsigned long long() const' into 'fast_score(int*, int)' (src/fast.hpp:28:79)
INFO: [HLS 214-131] Inlining function 'ap_int_base<33, true>::operator long long() const' into 'fast_score(int*, int)' (src/fast.hpp:28:57)
INFO: [HLS 214-131] Inlining function 'ap_int_base<5, false>::RType<($_0)32, true>::plus operator+<5, false>(ap_int_base<5, false> const&, int)' into 'fast_score(int*, int)' (src/fast.hpp:28:59)
INFO: [HLS 214-131] Inlining function 'ap_int_base<5, false>::operator unsigned long long() const' into 'fast_score(int*, int)' (src/fast.hpp:28:40)
INFO: [HLS 214-131] Inlining function 'ap_int_base<5, false>::operator unsigned long long() const' into 'fast_score(int*, int)' (src/fast.hpp:27:21)
INFO: [HLS 214-131] Inlining function 'ap_int_base<33, true>::operator long long() const' into 'fast_score(int*, int)' (src/fast.hpp:27:96)
INFO: [HLS 214-131] Inlining function 'ap_int_base<5, false>::RType<($_0)32, true>::plus operator+<5, false>(ap_int_base<5, false> const&, int)' into 'fast_score(int*, int)' (src/fast.hpp:27:98)
INFO: [HLS 214-131] Inlining function 'ap_int_base<5, false>::operator unsigned long long() const' into 'fast_score(int*, int)' (src/fast.hpp:27:79)
INFO: [HLS 214-131] Inlining function 'ap_int_base<33, true>::operator long long() const' into 'fast_score(int*, int)' (src/fast.hpp:27:57)
INFO: [HLS 214-131] Inlining function 'ap_int_base<5, false>::RType<($_0)32, true>::plus operator+<5, false>(ap_int_base<5, false> const&, int)' into 'fast_score(int*, int)' (src/fast.hpp:27:59)
INFO: [HLS 214-131] Inlining function 'ap_int_base<5, false>::operator unsigned long long() const' into 'fast_score(int*, int)' (src/fast.hpp:27:40)
INFO: [HLS 214-131] Inlining function 'bool operator<<5, false>(ap_int_base<5, false> const&, int)' into 'fast_score(int*, int)' (src/fast.hpp:26:47)
INFO: [HLS 214-131] Inlining function 'ap_uint<5>::ap_uint(int)' into 'fast_score(int*, int)' (src/fast.hpp:26:42)
INFO: [HLS 214-131] Inlining function 'ap_int_base<5, false>::operator++(int)' into 'fast_score(int*, int)' (src/fast.hpp:21:57)
INFO: [HLS 214-131] Inlining function 'ap_int_base<5, false>::operator unsigned long long() const' into 'fast_score(int*, int)' (src/fast.hpp:23:21)
INFO: [HLS 214-131] Inlining function 'ap_int_base<33, true>::operator long long() const' into 'fast_score(int*, int)' (src/fast.hpp:23:96)
INFO: [HLS 214-131] Inlining function 'ap_int_base<5, false>::RType<($_0)32, true>::plus operator+<5, false>(ap_int_base<5, false> const&, int)' into 'fast_score(int*, int)' (src/fast.hpp:23:98)
INFO: [HLS 214-131] Inlining function 'ap_int_base<5, false>::operator unsigned long long() const' into 'fast_score(int*, int)' (src/fast.hpp:23:79)
INFO: [HLS 214-131] Inlining function 'ap_int_base<33, true>::operator long long() const' into 'fast_score(int*, int)' (src/fast.hpp:23:57)
INFO: [HLS 214-131] Inlining function 'ap_int_base<5, false>::RType<($_0)32, true>::plus operator+<5, false>(ap_int_base<5, false> const&, int)' into 'fast_score(int*, int)' (src/fast.hpp:23:59)
INFO: [HLS 214-131] Inlining function 'ap_int_base<5, false>::operator unsigned long long() const' into 'fast_score(int*, int)' (src/fast.hpp:23:40)
INFO: [HLS 214-131] Inlining function 'ap_int_base<5, false>::operator unsigned long long() const' into 'fast_score(int*, int)' (src/fast.hpp:22:21)
INFO: [HLS 214-131] Inlining function 'ap_int_base<33, true>::operator long long() const' into 'fast_score(int*, int)' (src/fast.hpp:22:96)
INFO: [HLS 214-131] Inlining function 'ap_int_base<5, false>::RType<($_0)32, true>::plus operator+<5, false>(ap_int_base<5, false> const&, int)' into 'fast_score(int*, int)' (src/fast.hpp:22:98)
INFO: [HLS 214-131] Inlining function 'ap_int_base<5, false>::operator unsigned long long() const' into 'fast_score(int*, int)' (src/fast.hpp:22:79)
INFO: [HLS 214-131] Inlining function 'ap_int_base<33, true>::operator long long() const' into 'fast_score(int*, int)' (src/fast.hpp:22:57)
INFO: [HLS 214-131] Inlining function 'ap_int_base<5, false>::RType<($_0)32, true>::plus operator+<5, false>(ap_int_base<5, false> const&, int)' into 'fast_score(int*, int)' (src/fast.hpp:22:59)
INFO: [HLS 214-131] Inlining function 'ap_int_base<5, false>::operator unsigned long long() const' into 'fast_score(int*, int)' (src/fast.hpp:22:40)
INFO: [HLS 214-131] Inlining function 'bool operator<<5, false>(ap_int_base<5, false> const&, int)' into 'fast_score(int*, int)' (src/fast.hpp:21:47)
INFO: [HLS 214-131] Inlining function 'ap_uint<5>::ap_uint(int)' into 'fast_score(int*, int)' (src/fast.hpp:21:42)
INFO: [HLS 214-131] Inlining function 'ap_int_base<5, false>::operator++(int)' into 'fast_score(int*, int)' (src/fast.hpp:16:57)
INFO: [HLS 214-131] Inlining function 'ap_int_base<5, false>::operator unsigned long long() const' into 'fast_score(int*, int)' (src/fast.hpp:18:21)
INFO: [HLS 214-131] Inlining function 'ap_int_base<33, true>::operator long long() const' into 'fast_score(int*, int)' (src/fast.hpp:18:76)
INFO: [HLS 214-131] Inlining function 'ap_int_base<5, false>::RType<($_0)32, true>::plus operator+<5, false>(ap_int_base<5, false> const&, int)' into 'fast_score(int*, int)' (src/fast.hpp:18:78)
INFO: [HLS 214-131] Inlining function 'ap_int_base<5, false>::operator unsigned long long() const' into 'fast_score(int*, int)' (src/fast.hpp:18:64)
INFO: [HLS 214-131] Inlining function 'ap_int_base<33, true>::operator long long() const' into 'fast_score(int*, int)' (src/fast.hpp:18:47)
INFO: [HLS 214-131] Inlining function 'ap_int_base<5, false>::RType<($_0)32, true>::plus operator+<5, false>(ap_int_base<5, false> const&, int)' into 'fast_score(int*, int)' (src/fast.hpp:18:49)
INFO: [HLS 214-131] Inlining function 'ap_int_base<5, false>::operator unsigned long long() const' into 'fast_score(int*, int)' (src/fast.hpp:18:35)
INFO: [HLS 214-131] Inlining function 'ap_int_base<5, false>::operator unsigned long long() const' into 'fast_score(int*, int)' (src/fast.hpp:17:21)
INFO: [HLS 214-131] Inlining function 'ap_int_base<33, true>::operator long long() const' into 'fast_score(int*, int)' (src/fast.hpp:17:76)
INFO: [HLS 214-131] Inlining function 'ap_int_base<5, false>::RType<($_0)32, true>::plus operator+<5, false>(ap_int_base<5, false> const&, int)' into 'fast_score(int*, int)' (src/fast.hpp:17:78)
INFO: [HLS 214-131] Inlining function 'ap_int_base<5, false>::operator unsigned long long() const' into 'fast_score(int*, int)' (src/fast.hpp:17:64)
INFO: [HLS 214-131] Inlining function 'ap_int_base<33, true>::operator long long() const' into 'fast_score(int*, int)' (src/fast.hpp:17:47)
INFO: [HLS 214-131] Inlining function 'ap_int_base<5, false>::RType<($_0)32, true>::plus operator+<5, false>(ap_int_base<5, false> const&, int)' into 'fast_score(int*, int)' (src/fast.hpp:17:49)
INFO: [HLS 214-131] Inlining function 'ap_int_base<5, false>::operator unsigned long long() const' into 'fast_score(int*, int)' (src/fast.hpp:17:35)
INFO: [HLS 214-131] Inlining function 'bool operator<<5, false>(ap_int_base<5, false> const&, int)' into 'fast_score(int*, int)' (src/fast.hpp:16:47)
INFO: [HLS 214-131] Inlining function 'xf::cv::LineBuffer<7, 1920, ap_uint<8>, (_ramtype)6, 1>::LineBuffer()' into 'void process_fast<8, 1080, 1920, 1>(hls::stream<ap_uint<8>, 0>&, hls::stream<ap_uint<8>, 0>&, hls::stream<ap_uint<8>, 0>&, hls::stream<ap_uint<8>, 0>&, hls::stream<ap_uint<8>, 0>&, int, int, unsigned char)' (src/fast.hpp:61:46)
INFO: [HLS 214-131] Inlining function 'hls::stream<ap_uint<8>, 0>::write(ap_uint<8> const&)' into 'void process_fast<8, 1080, 1920, 1>(hls::stream<ap_uint<8>, 0>&, hls::stream<ap_uint<8>, 0>&, hls::stream<ap_uint<8>, 0>&, hls::stream<ap_uint<8>, 0>&, hls::stream<ap_uint<8>, 0>&, int, int, unsigned char)' (src/fast.hpp:153:18)
INFO: [HLS 214-131] Inlining function 'ap_uint<8>::ap_uint(int)' into 'void process_fast<8, 1080, 1920, 1>(hls::stream<ap_uint<8>, 0>&, hls::stream<ap_uint<8>, 0>&, hls::stream<ap_uint<8>, 0>&, hls::stream<ap_uint<8>, 0>&, hls::stream<ap_uint<8>, 0>&, int, int, unsigned char)' (src/fast.hpp:153:24)
INFO: [HLS 214-131] Inlining function 'hls::stream<ap_uint<8>, 0>::write(ap_uint<8> const&)' into 'void process_fast<8, 1080, 1920, 1>(hls::stream<ap_uint<8>, 0>&, hls::stream<ap_uint<8>, 0>&, hls::stream<ap_uint<8>, 0>&, hls::stream<ap_uint<8>, 0>&, hls::stream<ap_uint<8>, 0>&, int, int, unsigned char)' (src/fast.hpp:146:26)
INFO: [HLS 214-131] Inlining function 'xf::cv::Window<7, 7, ap_uint<8> >::Window()' into 'void process_fast<8, 1080, 1920, 1>(hls::stream<ap_uint<8>, 0>&, hls::stream<ap_uint<8>, 0>&, hls::stream<ap_uint<8>, 0>&, hls::stream<ap_uint<8>, 0>&, hls::stream<ap_uint<8>, 0>&, int, int, unsigned char)' (src/fast.hpp:62:38)
INFO: [HLS 214-131] Inlining function 'ap_int_base<9, true>::operator long long() const' into 'void process_fast<8, 1080, 1920, 1>(hls::stream<ap_uint<8>, 0>&, hls::stream<ap_uint<8>, 0>&, hls::stream<ap_uint<8>, 0>&, hls::stream<ap_uint<8>, 0>&, hls::stream<ap_uint<8>, 0>&, int, int, unsigned char)' (src/fast.hpp:101:32)
INFO: [HLS 214-131] Inlining function 'ap_int_base<8, false>::RType<8, false>::minus operator-<8, false, 8, false>(ap_int_base<8, false> const&, ap_int_base<8, false> const&)' into 'void process_fast<8, 1080, 1920, 1>(hls::stream<ap_uint<8>, 0>&, hls::stream<ap_uint<8>, 0>&, hls::stream<ap_uint<8>, 0>&, hls::stream<ap_uint<8>, 0>&, hls::stream<ap_uint<8>, 0>&, int, int, unsigned char)' (src/fast.hpp:101:45)
INFO: [HLS 214-131] Inlining function 'xf::cv::Window<7, 7, ap_uint<8> >::operator()(int, int)' into 'void process_fast<8, 1080, 1920, 1>(hls::stream<ap_uint<8>, 0>&, hls::stream<ap_uint<8>, 0>&, hls::stream<ap_uint<8>, 0>&, hls::stream<ap_uint<8>, 0>&, hls::stream<ap_uint<8>, 0>&, int, int, unsigned char)' (src/fast.hpp:101:47)
INFO: [HLS 214-131] Inlining function 'xf::cv::Window<7, 7, ap_uint<8> >::operator()(int, int)' into 'void process_fast<8, 1080, 1920, 1>(hls::stream<ap_uint<8>, 0>&, hls::stream<ap_uint<8>, 0>&, hls::stream<ap_uint<8>, 0>&, hls::stream<ap_uint<8>, 0>&, hls::stream<ap_uint<8>, 0>&, int, int, unsigned char)' (src/fast.hpp:101:32)
INFO: [HLS 214-131] Inlining function 'ap_int_base<9, true>::operator long long() const' into 'void process_fast<8, 1080, 1920, 1>(hls::stream<ap_uint<8>, 0>&, hls::stream<ap_uint<8>, 0>&, hls::stream<ap_uint<8>, 0>&, hls::stream<ap_uint<8>, 0>&, hls::stream<ap_uint<8>, 0>&, int, int, unsigned char)' (src/fast.hpp:100:32)
INFO: [HLS 214-131] Inlining function 'ap_int_base<8, false>::RType<8, false>::minus operator-<8, false, 8, false>(ap_int_base<8, false> const&, ap_int_base<8, false> const&)' into 'void process_fast<8, 1080, 1920, 1>(hls::stream<ap_uint<8>, 0>&, hls::stream<ap_uint<8>, 0>&, hls::stream<ap_uint<8>, 0>&, hls::stream<ap_uint<8>, 0>&, hls::stream<ap_uint<8>, 0>&, int, int, unsigned char)' (src/fast.hpp:100:45)
INFO: [HLS 214-131] Inlining function 'xf::cv::Window<7, 7, ap_uint<8> >::operator()(int, int)' into 'void process_fast<8, 1080, 1920, 1>(hls::stream<ap_uint<8>, 0>&, hls::stream<ap_uint<8>, 0>&, hls::stream<ap_uint<8>, 0>&, hls::stream<ap_uint<8>, 0>&, hls::stream<ap_uint<8>, 0>&, int, int, unsigned char)' (src/fast.hpp:100:47)
INFO: [HLS 214-131] Inlining function 'xf::cv::Window<7, 7, ap_uint<8> >::operator()(int, int)' into 'void process_fast<8, 1080, 1920, 1>(hls::stream<ap_uint<8>, 0>&, hls::stream<ap_uint<8>, 0>&, hls::stream<ap_uint<8>, 0>&, hls::stream<ap_uint<8>, 0>&, hls::stream<ap_uint<8>, 0>&, int, int, unsigned char)' (src/fast.hpp:100:32)
INFO: [HLS 214-131] Inlining function 'ap_int_base<9, true>::operator long long() const' into 'void process_fast<8, 1080, 1920, 1>(hls::stream<ap_uint<8>, 0>&, hls::stream<ap_uint<8>, 0>&, hls::stream<ap_uint<8>, 0>&, hls::stream<ap_uint<8>, 0>&, hls::stream<ap_uint<8>, 0>&, int, int, unsigned char)' (src/fast.hpp:99:32)
INFO: [HLS 214-131] Inlining function 'ap_int_base<8, false>::RType<8, false>::minus operator-<8, false, 8, false>(ap_int_base<8, false> const&, ap_int_base<8, false> const&)' into 'void process_fast<8, 1080, 1920, 1>(hls::stream<ap_uint<8>, 0>&, hls::stream<ap_uint<8>, 0>&, hls::stream<ap_uint<8>, 0>&, hls::stream<ap_uint<8>, 0>&, hls::stream<ap_uint<8>, 0>&, int, int, unsigned char)' (src/fast.hpp:99:45)
INFO: [HLS 214-131] Inlining function 'xf::cv::Window<7, 7, ap_uint<8> >::operator()(int, int)' into 'void process_fast<8, 1080, 1920, 1>(hls::stream<ap_uint<8>, 0>&, hls::stream<ap_uint<8>, 0>&, hls::stream<ap_uint<8>, 0>&, hls::stream<ap_uint<8>, 0>&, hls::stream<ap_uint<8>, 0>&, int, int, unsigned char)' (src/fast.hpp:99:47)
INFO: [HLS 214-131] Inlining function 'xf::cv::Window<7, 7, ap_uint<8> >::operator()(int, int)' into 'void process_fast<8, 1080, 1920, 1>(hls::stream<ap_uint<8>, 0>&, hls::stream<ap_uint<8>, 0>&, hls::stream<ap_uint<8>, 0>&, hls::stream<ap_uint<8>, 0>&, hls::stream<ap_uint<8>, 0>&, int, int, unsigned char)' (src/fast.hpp:99:32)
INFO: [HLS 214-131] Inlining function 'ap_int_base<9, true>::operator long long() const' into 'void process_fast<8, 1080, 1920, 1>(hls::stream<ap_uint<8>, 0>&, hls::stream<ap_uint<8>, 0>&, hls::stream<ap_uint<8>, 0>&, hls::stream<ap_uint<8>, 0>&, hls::stream<ap_uint<8>, 0>&, int, int, unsigned char)' (src/fast.hpp:98:32)
INFO: [HLS 214-131] Inlining function 'ap_int_base<8, false>::RType<8, false>::minus operator-<8, false, 8, false>(ap_int_base<8, false> const&, ap_int_base<8, false> const&)' into 'void process_fast<8, 1080, 1920, 1>(hls::stream<ap_uint<8>, 0>&, hls::stream<ap_uint<8>, 0>&, hls::stream<ap_uint<8>, 0>&, hls::stream<ap_uint<8>, 0>&, hls::stream<ap_uint<8>, 0>&, int, int, unsigned char)' (src/fast.hpp:98:45)
INFO: [HLS 214-131] Inlining function 'xf::cv::Window<7, 7, ap_uint<8> >::operator()(int, int)' into 'void process_fast<8, 1080, 1920, 1>(hls::stream<ap_uint<8>, 0>&, hls::stream<ap_uint<8>, 0>&, hls::stream<ap_uint<8>, 0>&, hls::stream<ap_uint<8>, 0>&, hls::stream<ap_uint<8>, 0>&, int, int, unsigned char)' (src/fast.hpp:98:47)
INFO: [HLS 214-131] Inlining function 'xf::cv::Window<7, 7, ap_uint<8> >::operator()(int, int)' into 'void process_fast<8, 1080, 1920, 1>(hls::stream<ap_uint<8>, 0>&, hls::stream<ap_uint<8>, 0>&, hls::stream<ap_uint<8>, 0>&, hls::stream<ap_uint<8>, 0>&, hls::stream<ap_uint<8>, 0>&, int, int, unsigned char)' (src/fast.hpp:98:32)
INFO: [HLS 214-131] Inlining function 'ap_int_base<9, true>::operator long long() const' into 'void process_fast<8, 1080, 1920, 1>(hls::stream<ap_uint<8>, 0>&, hls::stream<ap_uint<8>, 0>&, hls::stream<ap_uint<8>, 0>&, hls::stream<ap_uint<8>, 0>&, hls::stream<ap_uint<8>, 0>&, int, int, unsigned char)' (src/fast.hpp:97:32)
INFO: [HLS 214-131] Inlining function 'ap_int_base<8, false>::RType<8, false>::minus operator-<8, false, 8, false>(ap_int_base<8, false> const&, ap_int_base<8, false> const&)' into 'void process_fast<8, 1080, 1920, 1>(hls::stream<ap_uint<8>, 0>&, hls::stream<ap_uint<8>, 0>&, hls::stream<ap_uint<8>, 0>&, hls::stream<ap_uint<8>, 0>&, hls::stream<ap_uint<8>, 0>&, int, int, unsigned char)' (src/fast.hpp:97:45)
INFO: [HLS 214-131] Inlining function 'xf::cv::Window<7, 7, ap_uint<8> >::operator()(int, int)' into 'void process_fast<8, 1080, 1920, 1>(hls::stream<ap_uint<8>, 0>&, hls::stream<ap_uint<8>, 0>&, hls::stream<ap_uint<8>, 0>&, hls::stream<ap_uint<8>, 0>&, hls::stream<ap_uint<8>, 0>&, int, int, unsigned char)' (src/fast.hpp:97:47)
INFO: [HLS 214-131] Inlining function 'xf::cv::Window<7, 7, ap_uint<8> >::operator()(int, int)' into 'void process_fast<8, 1080, 1920, 1>(hls::stream<ap_uint<8>, 0>&, hls::stream<ap_uint<8>, 0>&, hls::stream<ap_uint<8>, 0>&, hls::stream<ap_uint<8>, 0>&, hls::stream<ap_uint<8>, 0>&, int, int, unsigned char)' (src/fast.hpp:97:32)
INFO: [HLS 214-131] Inlining function 'ap_int_base<9, true>::operator long long() const' into 'void process_fast<8, 1080, 1920, 1>(hls::stream<ap_uint<8>, 0>&, hls::stream<ap_uint<8>, 0>&, hls::stream<ap_uint<8>, 0>&, hls::stream<ap_uint<8>, 0>&, hls::stream<ap_uint<8>, 0>&, int, int, unsigned char)' (src/fast.hpp:96:32)
INFO: [HLS 214-131] Inlining function 'ap_int_base<8, false>::RType<8, false>::minus operator-<8, false, 8, false>(ap_int_base<8, false> const&, ap_int_base<8, false> const&)' into 'void process_fast<8, 1080, 1920, 1>(hls::stream<ap_uint<8>, 0>&, hls::stream<ap_uint<8>, 0>&, hls::stream<ap_uint<8>, 0>&, hls::stream<ap_uint<8>, 0>&, hls::stream<ap_uint<8>, 0>&, int, int, unsigned char)' (src/fast.hpp:96:45)
INFO: [HLS 214-131] Inlining function 'xf::cv::Window<7, 7, ap_uint<8> >::operator()(int, int)' into 'void process_fast<8, 1080, 1920, 1>(hls::stream<ap_uint<8>, 0>&, hls::stream<ap_uint<8>, 0>&, hls::stream<ap_uint<8>, 0>&, hls::stream<ap_uint<8>, 0>&, hls::stream<ap_uint<8>, 0>&, int, int, unsigned char)' (src/fast.hpp:96:47)
INFO: [HLS 214-131] Inlining function 'xf::cv::Window<7, 7, ap_uint<8> >::operator()(int, int)' into 'void process_fast<8, 1080, 1920, 1>(hls::stream<ap_uint<8>, 0>&, hls::stream<ap_uint<8>, 0>&, hls::stream<ap_uint<8>, 0>&, hls::stream<ap_uint<8>, 0>&, hls::stream<ap_uint<8>, 0>&, int, int, unsigned char)' (src/fast.hpp:96:32)
INFO: [HLS 214-131] Inlining function 'ap_int_base<9, true>::operator long long() const' into 'void process_fast<8, 1080, 1920, 1>(hls::stream<ap_uint<8>, 0>&, hls::stream<ap_uint<8>, 0>&, hls::stream<ap_uint<8>, 0>&, hls::stream<ap_uint<8>, 0>&, hls::stream<ap_uint<8>, 0>&, int, int, unsigned char)' (src/fast.hpp:95:31)
INFO: [HLS 214-131] Inlining function 'ap_int_base<8, false>::RType<8, false>::minus operator-<8, false, 8, false>(ap_int_base<8, false> const&, ap_int_base<8, false> const&)' into 'void process_fast<8, 1080, 1920, 1>(hls::stream<ap_uint<8>, 0>&, hls::stream<ap_uint<8>, 0>&, hls::stream<ap_uint<8>, 0>&, hls::stream<ap_uint<8>, 0>&, hls::stream<ap_uint<8>, 0>&, int, int, unsigned char)' (src/fast.hpp:95:44)
INFO: [HLS 214-131] Inlining function 'xf::cv::Window<7, 7, ap_uint<8> >::operator()(int, int)' into 'void process_fast<8, 1080, 1920, 1>(hls::stream<ap_uint<8>, 0>&, hls::stream<ap_uint<8>, 0>&, hls::stream<ap_uint<8>, 0>&, hls::stream<ap_uint<8>, 0>&, hls::stream<ap_uint<8>, 0>&, int, int, unsigned char)' (src/fast.hpp:95:46)
INFO: [HLS 214-131] Inlining function 'xf::cv::Window<7, 7, ap_uint<8> >::operator()(int, int)' into 'void process_fast<8, 1080, 1920, 1>(hls::stream<ap_uint<8>, 0>&, hls::stream<ap_uint<8>, 0>&, hls::stream<ap_uint<8>, 0>&, hls::stream<ap_uint<8>, 0>&, hls::stream<ap_uint<8>, 0>&, int, int, unsigned char)' (src/fast.hpp:95:31)
INFO: [HLS 214-131] Inlining function 'ap_int_base<9, true>::operator long long() const' into 'void process_fast<8, 1080, 1920, 1>(hls::stream<ap_uint<8>, 0>&, hls::stream<ap_uint<8>, 0>&, hls::stream<ap_uint<8>, 0>&, hls::stream<ap_uint<8>, 0>&, hls::stream<ap_uint<8>, 0>&, int, int, unsigned char)' (src/fast.hpp:94:31)
INFO: [HLS 214-131] Inlining function 'ap_int_base<8, false>::RType<8, false>::minus operator-<8, false, 8, false>(ap_int_base<8, false> const&, ap_int_base<8, false> const&)' into 'void process_fast<8, 1080, 1920, 1>(hls::stream<ap_uint<8>, 0>&, hls::stream<ap_uint<8>, 0>&, hls::stream<ap_uint<8>, 0>&, hls::stream<ap_uint<8>, 0>&, hls::stream<ap_uint<8>, 0>&, int, int, unsigned char)' (src/fast.hpp:94:44)
INFO: [HLS 214-131] Inlining function 'xf::cv::Window<7, 7, ap_uint<8> >::operator()(int, int)' into 'void process_fast<8, 1080, 1920, 1>(hls::stream<ap_uint<8>, 0>&, hls::stream<ap_uint<8>, 0>&, hls::stream<ap_uint<8>, 0>&, hls::stream<ap_uint<8>, 0>&, hls::stream<ap_uint<8>, 0>&, int, int, unsigned char)' (src/fast.hpp:94:46)
INFO: [HLS 214-131] Inlining function 'xf::cv::Window<7, 7, ap_uint<8> >::operator()(int, int)' into 'void process_fast<8, 1080, 1920, 1>(hls::stream<ap_uint<8>, 0>&, hls::stream<ap_uint<8>, 0>&, hls::stream<ap_uint<8>, 0>&, hls::stream<ap_uint<8>, 0>&, hls::stream<ap_uint<8>, 0>&, int, int, unsigned char)' (src/fast.hpp:94:31)
INFO: [HLS 214-131] Inlining function 'ap_int_base<9, true>::operator long long() const' into 'void process_fast<8, 1080, 1920, 1>(hls::stream<ap_uint<8>, 0>&, hls::stream<ap_uint<8>, 0>&, hls::stream<ap_uint<8>, 0>&, hls::stream<ap_uint<8>, 0>&, hls::stream<ap_uint<8>, 0>&, int, int, unsigned char)' (src/fast.hpp:93:31)
INFO: [HLS 214-131] Inlining function 'ap_int_base<8, false>::RType<8, false>::minus operator-<8, false, 8, false>(ap_int_base<8, false> const&, ap_int_base<8, false> const&)' into 'void process_fast<8, 1080, 1920, 1>(hls::stream<ap_uint<8>, 0>&, hls::stream<ap_uint<8>, 0>&, hls::stream<ap_uint<8>, 0>&, hls::stream<ap_uint<8>, 0>&, hls::stream<ap_uint<8>, 0>&, int, int, unsigned char)' (src/fast.hpp:93:44)
INFO: [HLS 214-131] Inlining function 'xf::cv::Window<7, 7, ap_uint<8> >::operator()(int, int)' into 'void process_fast<8, 1080, 1920, 1>(hls::stream<ap_uint<8>, 0>&, hls::stream<ap_uint<8>, 0>&, hls::stream<ap_uint<8>, 0>&, hls::stream<ap_uint<8>, 0>&, hls::stream<ap_uint<8>, 0>&, int, int, unsigned char)' (src/fast.hpp:93:46)
INFO: [HLS 214-131] Inlining function 'xf::cv::Window<7, 7, ap_uint<8> >::operator()(int, int)' into 'void process_fast<8, 1080, 1920, 1>(hls::stream<ap_uint<8>, 0>&, hls::stream<ap_uint<8>, 0>&, hls::stream<ap_uint<8>, 0>&, hls::stream<ap_uint<8>, 0>&, hls::stream<ap_uint<8>, 0>&, int, int, unsigned char)' (src/fast.hpp:93:31)
INFO: [HLS 214-131] Inlining function 'ap_int_base<9, true>::operator long long() const' into 'void process_fast<8, 1080, 1920, 1>(hls::stream<ap_uint<8>, 0>&, hls::stream<ap_uint<8>, 0>&, hls::stream<ap_uint<8>, 0>&, hls::stream<ap_uint<8>, 0>&, hls::stream<ap_uint<8>, 0>&, int, int, unsigned char)' (src/fast.hpp:92:31)
INFO: [HLS 214-131] Inlining function 'ap_int_base<8, false>::RType<8, false>::minus operator-<8, false, 8, false>(ap_int_base<8, false> const&, ap_int_base<8, false> const&)' into 'void process_fast<8, 1080, 1920, 1>(hls::stream<ap_uint<8>, 0>&, hls::stream<ap_uint<8>, 0>&, hls::stream<ap_uint<8>, 0>&, hls::stream<ap_uint<8>, 0>&, hls::stream<ap_uint<8>, 0>&, int, int, unsigned char)' (src/fast.hpp:92:44)
INFO: [HLS 214-131] Inlining function 'xf::cv::Window<7, 7, ap_uint<8> >::operator()(int, int)' into 'void process_fast<8, 1080, 1920, 1>(hls::stream<ap_uint<8>, 0>&, hls::stream<ap_uint<8>, 0>&, hls::stream<ap_uint<8>, 0>&, hls::stream<ap_uint<8>, 0>&, hls::stream<ap_uint<8>, 0>&, int, int, unsigned char)' (src/fast.hpp:92:46)
INFO: [HLS 214-131] Inlining function 'xf::cv::Window<7, 7, ap_uint<8> >::operator()(int, int)' into 'void process_fast<8, 1080, 1920, 1>(hls::stream<ap_uint<8>, 0>&, hls::stream<ap_uint<8>, 0>&, hls::stream<ap_uint<8>, 0>&, hls::stream<ap_uint<8>, 0>&, hls::stream<ap_uint<8>, 0>&, int, int, unsigned char)' (src/fast.hpp:92:31)
INFO: [HLS 214-131] Inlining function 'ap_int_base<9, true>::operator long long() const' into 'void process_fast<8, 1080, 1920, 1>(hls::stream<ap_uint<8>, 0>&, hls::stream<ap_uint<8>, 0>&, hls::stream<ap_uint<8>, 0>&, hls::stream<ap_uint<8>, 0>&, hls::stream<ap_uint<8>, 0>&, int, int, unsigned char)' (src/fast.hpp:91:31)
INFO: [HLS 214-131] Inlining function 'ap_int_base<8, false>::RType<8, false>::minus operator-<8, false, 8, false>(ap_int_base<8, false> const&, ap_int_base<8, false> const&)' into 'void process_fast<8, 1080, 1920, 1>(hls::stream<ap_uint<8>, 0>&, hls::stream<ap_uint<8>, 0>&, hls::stream<ap_uint<8>, 0>&, hls::stream<ap_uint<8>, 0>&, hls::stream<ap_uint<8>, 0>&, int, int, unsigned char)' (src/fast.hpp:91:44)
INFO: [HLS 214-131] Inlining function 'xf::cv::Window<7, 7, ap_uint<8> >::operator()(int, int)' into 'void process_fast<8, 1080, 1920, 1>(hls::stream<ap_uint<8>, 0>&, hls::stream<ap_uint<8>, 0>&, hls::stream<ap_uint<8>, 0>&, hls::stream<ap_uint<8>, 0>&, hls::stream<ap_uint<8>, 0>&, int, int, unsigned char)' (src/fast.hpp:91:46)
INFO: [HLS 214-131] Inlining function 'xf::cv::Window<7, 7, ap_uint<8> >::operator()(int, int)' into 'void process_fast<8, 1080, 1920, 1>(hls::stream<ap_uint<8>, 0>&, hls::stream<ap_uint<8>, 0>&, hls::stream<ap_uint<8>, 0>&, hls::stream<ap_uint<8>, 0>&, hls::stream<ap_uint<8>, 0>&, int, int, unsigned char)' (src/fast.hpp:91:31)
INFO: [HLS 214-131] Inlining function 'ap_int_base<9, true>::operator long long() const' into 'void process_fast<8, 1080, 1920, 1>(hls::stream<ap_uint<8>, 0>&, hls::stream<ap_uint<8>, 0>&, hls::stream<ap_uint<8>, 0>&, hls::stream<ap_uint<8>, 0>&, hls::stream<ap_uint<8>, 0>&, int, int, unsigned char)' (src/fast.hpp:90:31)
INFO: [HLS 214-131] Inlining function 'ap_int_base<8, false>::RType<8, false>::minus operator-<8, false, 8, false>(ap_int_base<8, false> const&, ap_int_base<8, false> const&)' into 'void process_fast<8, 1080, 1920, 1>(hls::stream<ap_uint<8>, 0>&, hls::stream<ap_uint<8>, 0>&, hls::stream<ap_uint<8>, 0>&, hls::stream<ap_uint<8>, 0>&, hls::stream<ap_uint<8>, 0>&, int, int, unsigned char)' (src/fast.hpp:90:44)
INFO: [HLS 214-131] Inlining function 'xf::cv::Window<7, 7, ap_uint<8> >::operator()(int, int)' into 'void process_fast<8, 1080, 1920, 1>(hls::stream<ap_uint<8>, 0>&, hls::stream<ap_uint<8>, 0>&, hls::stream<ap_uint<8>, 0>&, hls::stream<ap_uint<8>, 0>&, hls::stream<ap_uint<8>, 0>&, int, int, unsigned char)' (src/fast.hpp:90:46)
INFO: [HLS 214-131] Inlining function 'xf::cv::Window<7, 7, ap_uint<8> >::operator()(int, int)' into 'void process_fast<8, 1080, 1920, 1>(hls::stream<ap_uint<8>, 0>&, hls::stream<ap_uint<8>, 0>&, hls::stream<ap_uint<8>, 0>&, hls::stream<ap_uint<8>, 0>&, hls::stream<ap_uint<8>, 0>&, int, int, unsigned char)' (src/fast.hpp:90:31)
INFO: [HLS 214-131] Inlining function 'ap_int_base<9, true>::operator long long() const' into 'void process_fast<8, 1080, 1920, 1>(hls::stream<ap_uint<8>, 0>&, hls::stream<ap_uint<8>, 0>&, hls::stream<ap_uint<8>, 0>&, hls::stream<ap_uint<8>, 0>&, hls::stream<ap_uint<8>, 0>&, int, int, unsigned char)' (src/fast.hpp:89:31)
INFO: [HLS 214-131] Inlining function 'ap_int_base<8, false>::RType<8, false>::minus operator-<8, false, 8, false>(ap_int_base<8, false> const&, ap_int_base<8, false> const&)' into 'void process_fast<8, 1080, 1920, 1>(hls::stream<ap_uint<8>, 0>&, hls::stream<ap_uint<8>, 0>&, hls::stream<ap_uint<8>, 0>&, hls::stream<ap_uint<8>, 0>&, hls::stream<ap_uint<8>, 0>&, int, int, unsigned char)' (src/fast.hpp:89:44)
INFO: [HLS 214-131] Inlining function 'xf::cv::Window<7, 7, ap_uint<8> >::operator()(int, int)' into 'void process_fast<8, 1080, 1920, 1>(hls::stream<ap_uint<8>, 0>&, hls::stream<ap_uint<8>, 0>&, hls::stream<ap_uint<8>, 0>&, hls::stream<ap_uint<8>, 0>&, hls::stream<ap_uint<8>, 0>&, int, int, unsigned char)' (src/fast.hpp:89:46)
INFO: [HLS 214-131] Inlining function 'xf::cv::Window<7, 7, ap_uint<8> >::operator()(int, int)' into 'void process_fast<8, 1080, 1920, 1>(hls::stream<ap_uint<8>, 0>&, hls::stream<ap_uint<8>, 0>&, hls::stream<ap_uint<8>, 0>&, hls::stream<ap_uint<8>, 0>&, hls::stream<ap_uint<8>, 0>&, int, int, unsigned char)' (src/fast.hpp:89:31)
INFO: [HLS 214-131] Inlining function 'ap_int_base<9, true>::operator long long() const' into 'void process_fast<8, 1080, 1920, 1>(hls::stream<ap_uint<8>, 0>&, hls::stream<ap_uint<8>, 0>&, hls::stream<ap_uint<8>, 0>&, hls::stream<ap_uint<8>, 0>&, hls::stream<ap_uint<8>, 0>&, int, int, unsigned char)' (src/fast.hpp:88:31)
INFO: [HLS 214-131] Inlining function 'ap_int_base<8, false>::RType<8, false>::minus operator-<8, false, 8, false>(ap_int_base<8, false> const&, ap_int_base<8, false> const&)' into 'void process_fast<8, 1080, 1920, 1>(hls::stream<ap_uint<8>, 0>&, hls::stream<ap_uint<8>, 0>&, hls::stream<ap_uint<8>, 0>&, hls::stream<ap_uint<8>, 0>&, hls::stream<ap_uint<8>, 0>&, int, int, unsigned char)' (src/fast.hpp:88:44)
INFO: [HLS 214-131] Inlining function 'xf::cv::Window<7, 7, ap_uint<8> >::operator()(int, int)' into 'void process_fast<8, 1080, 1920, 1>(hls::stream<ap_uint<8>, 0>&, hls::stream<ap_uint<8>, 0>&, hls::stream<ap_uint<8>, 0>&, hls::stream<ap_uint<8>, 0>&, hls::stream<ap_uint<8>, 0>&, int, int, unsigned char)' (src/fast.hpp:88:46)
INFO: [HLS 214-131] Inlining function 'xf::cv::Window<7, 7, ap_uint<8> >::operator()(int, int)' into 'void process_fast<8, 1080, 1920, 1>(hls::stream<ap_uint<8>, 0>&, hls::stream<ap_uint<8>, 0>&, hls::stream<ap_uint<8>, 0>&, hls::stream<ap_uint<8>, 0>&, hls::stream<ap_uint<8>, 0>&, int, int, unsigned char)' (src/fast.hpp:88:31)
INFO: [HLS 214-131] Inlining function 'ap_int_base<9, true>::operator long long() const' into 'void process_fast<8, 1080, 1920, 1>(hls::stream<ap_uint<8>, 0>&, hls::stream<ap_uint<8>, 0>&, hls::stream<ap_uint<8>, 0>&, hls::stream<ap_uint<8>, 0>&, hls::stream<ap_uint<8>, 0>&, int, int, unsigned char)' (src/fast.hpp:87:31)
INFO: [HLS 214-131] Inlining function 'ap_int_base<8, false>::RType<8, false>::minus operator-<8, false, 8, false>(ap_int_base<8, false> const&, ap_int_base<8, false> const&)' into 'void process_fast<8, 1080, 1920, 1>(hls::stream<ap_uint<8>, 0>&, hls::stream<ap_uint<8>, 0>&, hls::stream<ap_uint<8>, 0>&, hls::stream<ap_uint<8>, 0>&, hls::stream<ap_uint<8>, 0>&, int, int, unsigned char)' (src/fast.hpp:87:44)
INFO: [HLS 214-131] Inlining function 'xf::cv::Window<7, 7, ap_uint<8> >::operator()(int, int)' into 'void process_fast<8, 1080, 1920, 1>(hls::stream<ap_uint<8>, 0>&, hls::stream<ap_uint<8>, 0>&, hls::stream<ap_uint<8>, 0>&, hls::stream<ap_uint<8>, 0>&, hls::stream<ap_uint<8>, 0>&, int, int, unsigned char)' (src/fast.hpp:87:46)
INFO: [HLS 214-131] Inlining function 'xf::cv::Window<7, 7, ap_uint<8> >::operator()(int, int)' into 'void process_fast<8, 1080, 1920, 1>(hls::stream<ap_uint<8>, 0>&, hls::stream<ap_uint<8>, 0>&, hls::stream<ap_uint<8>, 0>&, hls::stream<ap_uint<8>, 0>&, hls::stream<ap_uint<8>, 0>&, int, int, unsigned char)' (src/fast.hpp:87:31)
INFO: [HLS 214-131] Inlining function 'ap_int_base<9, true>::operator long long() const' into 'void process_fast<8, 1080, 1920, 1>(hls::stream<ap_uint<8>, 0>&, hls::stream<ap_uint<8>, 0>&, hls::stream<ap_uint<8>, 0>&, hls::stream<ap_uint<8>, 0>&, hls::stream<ap_uint<8>, 0>&, int, int, unsigned char)' (src/fast.hpp:86:31)
INFO: [HLS 214-131] Inlining function 'ap_int_base<8, false>::RType<8, false>::minus operator-<8, false, 8, false>(ap_int_base<8, false> const&, ap_int_base<8, false> const&)' into 'void process_fast<8, 1080, 1920, 1>(hls::stream<ap_uint<8>, 0>&, hls::stream<ap_uint<8>, 0>&, hls::stream<ap_uint<8>, 0>&, hls::stream<ap_uint<8>, 0>&, hls::stream<ap_uint<8>, 0>&, int, int, unsigned char)' (src/fast.hpp:86:44)
INFO: [HLS 214-131] Inlining function 'xf::cv::Window<7, 7, ap_uint<8> >::operator()(int, int)' into 'void process_fast<8, 1080, 1920, 1>(hls::stream<ap_uint<8>, 0>&, hls::stream<ap_uint<8>, 0>&, hls::stream<ap_uint<8>, 0>&, hls::stream<ap_uint<8>, 0>&, hls::stream<ap_uint<8>, 0>&, int, int, unsigned char)' (src/fast.hpp:86:46)
INFO: [HLS 214-131] Inlining function 'xf::cv::Window<7, 7, ap_uint<8> >::operator()(int, int)' into 'void process_fast<8, 1080, 1920, 1>(hls::stream<ap_uint<8>, 0>&, hls::stream<ap_uint<8>, 0>&, hls::stream<ap_uint<8>, 0>&, hls::stream<ap_uint<8>, 0>&, hls::stream<ap_uint<8>, 0>&, int, int, unsigned char)' (src/fast.hpp:86:31)
INFO: [HLS 214-131] Inlining function 'ap_uint<8>::ap_uint(int)' into 'void process_fast<8, 1080, 1920, 1>(hls::stream<ap_uint<8>, 0>&, hls::stream<ap_uint<8>, 0>&, hls::stream<ap_uint<8>, 0>&, hls::stream<ap_uint<8>, 0>&, hls::stream<ap_uint<8>, 0>&, int, int, unsigned char)' (src/fast.hpp:84:24)
INFO: [HLS 214-131] Inlining function 'xf::cv::Window<7, 7, ap_uint<8> >::insert_pixel(ap_uint<8>, int, int)' into 'void process_fast<8, 1080, 1920, 1>(hls::stream<ap_uint<8>, 0>&, hls::stream<ap_uint<8>, 0>&, hls::stream<ap_uint<8>, 0>&, hls::stream<ap_uint<8>, 0>&, hls::stream<ap_uint<8>, 0>&, int, int, unsigned char)' (src/fast.hpp:81:24)
INFO: [HLS 214-131] Inlining function 'hls::stream<ap_uint<8>, 0>::read()' into 'void process_fast<8, 1080, 1920, 1>(hls::stream<ap_uint<8>, 0>&, hls::stream<ap_uint<8>, 0>&, hls::stream<ap_uint<8>, 0>&, hls::stream<ap_uint<8>, 0>&, hls::stream<ap_uint<8>, 0>&, int, int, unsigned char)' (src/fast.hpp:73:28)
INFO: [HLS 214-131] Inlining function 'xf::cv::LineBuffer<7, 1920, ap_uint<8>, (_ramtype)6, 1>::operator()(int, int)' into 'void process_fast<8, 1080, 1920, 1>(hls::stream<ap_uint<8>, 0>&, hls::stream<ap_uint<8>, 0>&, hls::stream<ap_uint<8>, 0>&, hls::stream<ap_uint<8>, 0>&, hls::stream<ap_uint<8>, 0>&, int, int, unsigned char)' (src/fast.hpp:81:37)
INFO: [HLS 214-131] Inlining function 'hls::stream<ap_uint<8>, 0>::read()' into 'void process_fast<8, 1080, 1920, 1>(hls::stream<ap_uint<8>, 0>&, hls::stream<ap_uint<8>, 0>&, hls::stream<ap_uint<8>, 0>&, hls::stream<ap_uint<8>, 0>&, hls::stream<ap_uint<8>, 0>&, int, int, unsigned char)' (src/fast.hpp:74:34)
INFO: [HLS 214-131] Inlining function 'xf::cv::Window<7, 7, ap_uint<8> >::shift_pixels_left()' into 'void process_fast<8, 1080, 1920, 1>(hls::stream<ap_uint<8>, 0>&, hls::stream<ap_uint<8>, 0>&, hls::stream<ap_uint<8>, 0>&, hls::stream<ap_uint<8>, 0>&, hls::stream<ap_uint<8>, 0>&, int, int, unsigned char)' (src/fast.hpp:79:20)
INFO: [HLS 214-131] Inlining function 'xf::cv::LineBuffer<7, 1920, ap_uint<8>, (_ramtype)6, 1>::insert_bottom_row(ap_uint<8>, int)' into 'void process_fast<8, 1080, 1920, 1>(hls::stream<ap_uint<8>, 0>&, hls::stream<ap_uint<8>, 0>&, hls::stream<ap_uint<8>, 0>&, hls::stream<ap_uint<8>, 0>&, hls::stream<ap_uint<8>, 0>&, int, int, unsigned char)' (src/fast.hpp:78:25)
INFO: [HLS 214-131] Inlining function 'hls::stream<ap_uint<8>, 0>::write(ap_uint<8> const&)' into 'void process_fast<8, 1080, 1920, 1>(hls::stream<ap_uint<8>, 0>&, hls::stream<ap_uint<8>, 0>&, hls::stream<ap_uint<8>, 0>&, hls::stream<ap_uint<8>, 0>&, hls::stream<ap_uint<8>, 0>&, int, int, unsigned char)' (src/fast.hpp:75:22)
INFO: [HLS 214-131] Inlining function 'xf::cv::LineBuffer<7, 1920, ap_uint<8>, (_ramtype)6, 1>::shift_pixels_up(int)' into 'void process_fast<8, 1080, 1920, 1>(hls::stream<ap_uint<8>, 0>&, hls::stream<ap_uint<8>, 0>&, hls::stream<ap_uint<8>, 0>&, hls::stream<ap_uint<8>, 0>&, hls::stream<ap_uint<8>, 0>&, int, int, unsigned char)' (src/fast.hpp:77:25)
INFO: [HLS 214-131] Inlining function 'hls::stream<ap_uint<8>, 0>::write(ap_uint<8> const&)' into 'void process_fast<8, 1080, 1920, 1>(hls::stream<ap_uint<8>, 0>&, hls::stream<ap_uint<8>, 0>&, hls::stream<ap_uint<8>, 0>&, hls::stream<ap_uint<8>, 0>&, hls::stream<ap_uint<8>, 0>&, int, int, unsigned char)' (src/fast.hpp:76:21)
INFO: [HLS 214-131] Inlining function 'ap_uint<32>::ap_uint(int)' into 'xf::cv::LineBuffer<3, 1920, ap_uint<8>, (_ramtype)6, 1>::shift_pixels_up(int)' (vitis_library_vision_L1/include\common/xf_video_mem.hpp:867:32)
INFO: [HLS 214-131] Inlining function 'ap_int_base<32, false>::operator++(int)' into 'xf::cv::LineBuffer<3, 1920, ap_uint<8>, (_ramtype)6, 1>::shift_pixels_up(int)' (vitis_library_vision_L1/include\common/xf_video_mem.hpp:867:49)
INFO: [HLS 214-131] Inlining function 'ap_int_base<32, false>::operator unsigned long long() const' into 'xf::cv::LineBuffer<3, 1920, ap_uint<8>, (_ramtype)6, 1>::shift_pixels_up(int)' (vitis_library_vision_L1/include\common/xf_video_mem.hpp:871:6)
INFO: [HLS 214-131] Inlining function 'ap_int_base<34, true>::operator long long() const' into 'xf::cv::LineBuffer<3, 1920, ap_uint<8>, (_ramtype)6, 1>::shift_pixels_up(int)' (vitis_library_vision_L1/include\common/xf_video_mem.hpp:871:20)
INFO: [HLS 214-131] Inlining function 'ap_int_base<32, false>::RType<($_0)32, true>::plus operator+<32, false>(ap_int_base<32, false> const&, int)' into 'xf::cv::LineBuffer<3, 1920, ap_uint<8>, (_ramtype)6, 1>::shift_pixels_up(int)' (vitis_library_vision_L1/include\common/xf_video_mem.hpp:871:22)
INFO: [HLS 214-131] Inlining function 'bool operator<<32, false>(ap_int_base<32, false> const&, int)' into 'xf::cv::LineBuffer<3, 1920, ap_uint<8>, (_ramtype)6, 1>::shift_pixels_up(int)' (vitis_library_vision_L1/include\common/xf_video_mem.hpp:867:37)
INFO: [HLS 214-131] Inlining function 'ap_uint<32>::ap_uint(int)' into 'xf::cv::Window<3, 3, ap_uint<8> >::shift_pixels_left()' (vitis_library_vision_L1/include\common/xf_video_mem.hpp:122:32)
INFO: [HLS 214-131] Inlining function 'ap_int_base<32, false>::operator++(int)' into 'xf::cv::Window<3, 3, ap_uint<8> >::shift_pixels_left()' (vitis_library_vision_L1/include\common/xf_video_mem.hpp:122:45)
INFO: [HLS 214-131] Inlining function 'ap_int_base<32, false>::operator++(int)' into 'xf::cv::Window<3, 3, ap_uint<8> >::shift_pixels_left()' (vitis_library_vision_L1/include\common/xf_video_mem.hpp:126:46)
INFO: [HLS 214-131] Inlining function 'ap_int_base<32, false>::operator unsigned long long() const' into 'xf::cv::Window<3, 3, ap_uint<8> >::shift_pixels_left()' (vitis_library_vision_L1/include\common/xf_video_mem.hpp:130:9)
INFO: [HLS 214-131] Inlining function 'ap_int_base<32, false>::operator unsigned long long() const' into 'xf::cv::Window<3, 3, ap_uint<8> >::shift_pixels_left()' (vitis_library_vision_L1/include\common/xf_video_mem.hpp:130:6)
INFO: [HLS 214-131] Inlining function 'ap_int_base<34, true>::operator long long() const' into 'xf::cv::Window<3, 3, ap_uint<8> >::shift_pixels_left()' (vitis_library_vision_L1/include\common/xf_video_mem.hpp:130:21)
INFO: [HLS 214-131] Inlining function 'ap_int_base<32, false>::RType<($_0)32, true>::plus operator+<32, false>(ap_int_base<32, false> const&, int)' into 'xf::cv::Window<3, 3, ap_uint<8> >::shift_pixels_left()' (vitis_library_vision_L1/include\common/xf_video_mem.hpp:130:23)
INFO: [HLS 214-131] Inlining function 'ap_int_base<32, false>::operator unsigned long long() const' into 'xf::cv::Window<3, 3, ap_uint<8> >::shift_pixels_left()' (vitis_library_vision_L1/include\common/xf_video_mem.hpp:130:18)
INFO: [HLS 214-131] Inlining function 'bool operator<<32, false>(ap_int_base<32, false> const&, int)' into 'xf::cv::Window<3, 3, ap_uint<8> >::shift_pixels_left()' (vitis_library_vision_L1/include\common/xf_video_mem.hpp:126:34)
INFO: [HLS 214-131] Inlining function 'ap_uint<32>::ap_uint(int)' into 'xf::cv::Window<3, 3, ap_uint<8> >::shift_pixels_left()' (vitis_library_vision_L1/include\common/xf_video_mem.hpp:126:29)
INFO: [HLS 214-131] Inlining function 'bool operator<<32, false>(ap_int_base<32, false> const&, int)' into 'xf::cv::Window<3, 3, ap_uint<8> >::shift_pixels_left()' (vitis_library_vision_L1/include\common/xf_video_mem.hpp:122:37)
INFO: [HLS 214-131] Inlining function 'xf::cv::LineBuffer<3, 1920, ap_uint<8>, (_ramtype)6, 1>::getval(int, int)' into 'xf::cv::LineBuffer<3, 1920, ap_uint<8>, (_ramtype)6, 1>::operator()(int, int)' (vitis_library_vision_L1/include\common/xf_video_mem.hpp:994:9)
INFO: [HLS 214-131] Inlining function 'xf::cv::Window<3, 3, ap_uint<8> >::getval(int, int)' into 'xf::cv::Window<3, 3, ap_uint<8> >::operator()(int, int)' (vitis_library_vision_L1/include\common/xf_video_mem.hpp:544:9)
INFO: [HLS 214-131] Inlining function 'ap_int_base<32, true>::ap_int_base(int)' into 'bool operator!=<8, false>(ap_int_base<8, false> const&, int)' (C:/Xilinx/Vitis_HLS/2020.2/common/technology/autopilot\ap_int_base.h:1616:2233)
INFO: [HLS 214-131] Inlining function 'bool ap_int_base<8, false>::operator!=<32, true>(ap_int_base<32, true> const&) const' into 'bool operator!=<8, false>(ap_int_base<8, false> const&, int)' (C:/Xilinx/Vitis_HLS/2020.2/common/technology/autopilot\ap_int_base.h:1616:2230)
INFO: [HLS 214-131] Inlining function 'xf::cv::LineBuffer<3, 1920, ap_uint<8>, (_ramtype)6, 1>::LineBuffer()' into 'void process_nms<8, 1080, 1920, 1>(hls::stream<ap_uint<8>, 0>&, hls::stream<ap_uint<8>, 0>&, hls::stream<ap_uint<8>, 0>&, hls::stream<ap_uint<8>, 0>&, hls::stream<ap_uint<8>, 0>&, hls::stream<ap_uint<8>, 0>&, int, int)' (src/fast.hpp:169:46)
INFO: [HLS 214-131] Inlining function 'hls::stream<ap_uint<8>, 0>::write(ap_uint<8> const&)' into 'void process_nms<8, 1080, 1920, 1>(hls::stream<ap_uint<8>, 0>&, hls::stream<ap_uint<8>, 0>&, hls::stream<ap_uint<8>, 0>&, hls::stream<ap_uint<8>, 0>&, hls::stream<ap_uint<8>, 0>&, hls::stream<ap_uint<8>, 0>&, int, int)' (src/fast.hpp:213:18)
INFO: [HLS 214-131] Inlining function 'ap_uint<8>::ap_uint(int)' into 'void process_nms<8, 1080, 1920, 1>(hls::stream<ap_uint<8>, 0>&, hls::stream<ap_uint<8>, 0>&, hls::stream<ap_uint<8>, 0>&, hls::stream<ap_uint<8>, 0>&, hls::stream<ap_uint<8>, 0>&, hls::stream<ap_uint<8>, 0>&, int, int)' (src/fast.hpp:213:24)
INFO: [HLS 214-131] Inlining function 'hls::stream<ap_uint<8>, 0>::write(ap_uint<8> const&)' into 'void process_nms<8, 1080, 1920, 1>(hls::stream<ap_uint<8>, 0>&, hls::stream<ap_uint<8>, 0>&, hls::stream<ap_uint<8>, 0>&, hls::stream<ap_uint<8>, 0>&, hls::stream<ap_uint<8>, 0>&, hls::stream<ap_uint<8>, 0>&, int, int)' (src/fast.hpp:206:26)
INFO: [HLS 214-131] Inlining function 'ap_uint<8>::ap_uint(int)' into 'void process_nms<8, 1080, 1920, 1>(hls::stream<ap_uint<8>, 0>&, hls::stream<ap_uint<8>, 0>&, hls::stream<ap_uint<8>, 0>&, hls::stream<ap_uint<8>, 0>&, hls::stream<ap_uint<8>, 0>&, hls::stream<ap_uint<8>, 0>&, int, int)' (src/fast.hpp:204:32)
INFO: [HLS 214-131] Inlining function 'ap_uint<8>::ap_uint(int)' into 'void process_nms<8, 1080, 1920, 1>(hls::stream<ap_uint<8>, 0>&, hls::stream<ap_uint<8>, 0>&, hls::stream<ap_uint<8>, 0>&, hls::stream<ap_uint<8>, 0>&, hls::stream<ap_uint<8>, 0>&, hls::stream<ap_uint<8>, 0>&, int, int)' (src/fast.hpp:201:36)
INFO: [HLS 214-131] Inlining function 'ap_uint<8>::ap_uint(int)' into 'void process_nms<8, 1080, 1920, 1>(hls::stream<ap_uint<8>, 0>&, hls::stream<ap_uint<8>, 0>&, hls::stream<ap_uint<8>, 0>&, hls::stream<ap_uint<8>, 0>&, hls::stream<ap_uint<8>, 0>&, hls::stream<ap_uint<8>, 0>&, int, int)' (src/fast.hpp:198:40)
INFO: [HLS 214-131] Inlining function 'xf::cv::Window<3, 3, ap_uint<8> >::operator()(int, int)' into 'void process_nms<8, 1080, 1920, 1>(hls::stream<ap_uint<8>, 0>&, hls::stream<ap_uint<8>, 0>&, hls::stream<ap_uint<8>, 0>&, hls::stream<ap_uint<8>, 0>&, hls::stream<ap_uint<8>, 0>&, hls::stream<ap_uint<8>, 0>&, int, int)' (src/fast.hpp:196:40)
INFO: [HLS 214-131] Inlining function 'bool ap_int_base<8, false>::operator><8, false>(ap_int_base<8, false> const&) const' into 'void process_nms<8, 1080, 1920, 1>(hls::stream<ap_uint<8>, 0>&, hls::stream<ap_uint<8>, 0>&, hls::stream<ap_uint<8>, 0>&, hls::stream<ap_uint<8>, 0>&, hls::stream<ap_uint<8>, 0>&, hls::stream<ap_uint<8>, 0>&, int, int)' (src/fast.hpp:195:76)
INFO: [HLS 214-131] Inlining function 'xf::cv::Window<3, 3, ap_uint<8> >::operator()(int, int)' into 'void process_nms<8, 1080, 1920, 1>(hls::stream<ap_uint<8>, 0>&, hls::stream<ap_uint<8>, 0>&, hls::stream<ap_uint<8>, 0>&, hls::stream<ap_uint<8>, 0>&, hls::stream<ap_uint<8>, 0>&, hls::stream<ap_uint<8>, 0>&, int, int)' (src/fast.hpp:195:78)
INFO: [HLS 214-131] Inlining function 'xf::cv::Window<3, 3, ap_uint<8> >::operator()(int, int)' into 'void process_nms<8, 1080, 1920, 1>(hls::stream<ap_uint<8>, 0>&, hls::stream<ap_uint<8>, 0>&, hls::stream<ap_uint<8>, 0>&, hls::stream<ap_uint<8>, 0>&, hls::stream<ap_uint<8>, 0>&, hls::stream<ap_uint<8>, 0>&, int, int)' (src/fast.hpp:195:63)
INFO: [HLS 214-131] Inlining function 'bool ap_int_base<8, false>::operator><8, false>(ap_int_base<8, false> const&) const' into 'void process_nms<8, 1080, 1920, 1>(hls::stream<ap_uint<8>, 0>&, hls::stream<ap_uint<8>, 0>&, hls::stream<ap_uint<8>, 0>&, hls::stream<ap_uint<8>, 0>&, hls::stream<ap_uint<8>, 0>&, hls::stream<ap_uint<8>, 0>&, int, int)' (src/fast.hpp:195:43)
INFO: [HLS 214-131] Inlining function 'xf::cv::Window<3, 3, ap_uint<8> >::operator()(int, int)' into 'void process_nms<8, 1080, 1920, 1>(hls::stream<ap_uint<8>, 0>&, hls::stream<ap_uint<8>, 0>&, hls::stream<ap_uint<8>, 0>&, hls::stream<ap_uint<8>, 0>&, hls::stream<ap_uint<8>, 0>&, hls::stream<ap_uint<8>, 0>&, int, int)' (src/fast.hpp:195:45)
INFO: [HLS 214-131] Inlining function 'xf::cv::Window<3, 3, ap_uint<8> >::operator()(int, int)' into 'void process_nms<8, 1080, 1920, 1>(hls::stream<ap_uint<8>, 0>&, hls::stream<ap_uint<8>, 0>&, hls::stream<ap_uint<8>, 0>&, hls::stream<ap_uint<8>, 0>&, hls::stream<ap_uint<8>, 0>&, hls::stream<ap_uint<8>, 0>&, int, int)' (src/fast.hpp:195:30)
INFO: [HLS 214-131] Inlining function 'bool ap_int_base<8, false>::operator><8, false>(ap_int_base<8, false> const&) const' into 'void process_nms<8, 1080, 1920, 1>(hls::stream<ap_uint<8>, 0>&, hls::stream<ap_uint<8>, 0>&, hls::stream<ap_uint<8>, 0>&, hls::stream<ap_uint<8>, 0>&, hls::stream<ap_uint<8>, 0>&, hls::stream<ap_uint<8>, 0>&, int, int)' (src/fast.hpp:194:109)
INFO: [HLS 214-131] Inlining function 'xf::cv::Window<3, 3, ap_uint<8> >::operator()(int, int)' into 'void process_nms<8, 1080, 1920, 1>(hls::stream<ap_uint<8>, 0>&, hls::stream<ap_uint<8>, 0>&, hls::stream<ap_uint<8>, 0>&, hls::stream<ap_uint<8>, 0>&, hls::stream<ap_uint<8>, 0>&, hls::stream<ap_uint<8>, 0>&, int, int)' (src/fast.hpp:194:111)
INFO: [HLS 214-131] Inlining function 'xf::cv::Window<3, 3, ap_uint<8> >::operator()(int, int)' into 'void process_nms<8, 1080, 1920, 1>(hls::stream<ap_uint<8>, 0>&, hls::stream<ap_uint<8>, 0>&, hls::stream<ap_uint<8>, 0>&, hls::stream<ap_uint<8>, 0>&, hls::stream<ap_uint<8>, 0>&, hls::stream<ap_uint<8>, 0>&, int, int)' (src/fast.hpp:194:96)
INFO: [HLS 214-131] Inlining function 'bool ap_int_base<8, false>::operator><8, false>(ap_int_base<8, false> const&) const' into 'void process_nms<8, 1080, 1920, 1>(hls::stream<ap_uint<8>, 0>&, hls::stream<ap_uint<8>, 0>&, hls::stream<ap_uint<8>, 0>&, hls::stream<ap_uint<8>, 0>&, hls::stream<ap_uint<8>, 0>&, hls::stream<ap_uint<8>, 0>&, int, int)' (src/fast.hpp:194:76)
INFO: [HLS 214-131] Inlining function 'xf::cv::Window<3, 3, ap_uint<8> >::operator()(int, int)' into 'void process_nms<8, 1080, 1920, 1>(hls::stream<ap_uint<8>, 0>&, hls::stream<ap_uint<8>, 0>&, hls::stream<ap_uint<8>, 0>&, hls::stream<ap_uint<8>, 0>&, hls::stream<ap_uint<8>, 0>&, hls::stream<ap_uint<8>, 0>&, int, int)' (src/fast.hpp:194:78)
INFO: [HLS 214-131] Inlining function 'xf::cv::Window<3, 3, ap_uint<8> >::operator()(int, int)' into 'void process_nms<8, 1080, 1920, 1>(hls::stream<ap_uint<8>, 0>&, hls::stream<ap_uint<8>, 0>&, hls::stream<ap_uint<8>, 0>&, hls::stream<ap_uint<8>, 0>&, hls::stream<ap_uint<8>, 0>&, hls::stream<ap_uint<8>, 0>&, int, int)' (src/fast.hpp:194:63)
INFO: [HLS 214-131] Inlining function 'bool ap_int_base<8, false>::operator><8, false>(ap_int_base<8, false> const&) const' into 'void process_nms<8, 1080, 1920, 1>(hls::stream<ap_uint<8>, 0>&, hls::stream<ap_uint<8>, 0>&, hls::stream<ap_uint<8>, 0>&, hls::stream<ap_uint<8>, 0>&, hls::stream<ap_uint<8>, 0>&, hls::stream<ap_uint<8>, 0>&, int, int)' (src/fast.hpp:194:43)
INFO: [HLS 214-131] Inlining function 'xf::cv::Window<3, 3, ap_uint<8> >::operator()(int, int)' into 'void process_nms<8, 1080, 1920, 1>(hls::stream<ap_uint<8>, 0>&, hls::stream<ap_uint<8>, 0>&, hls::stream<ap_uint<8>, 0>&, hls::stream<ap_uint<8>, 0>&, hls::stream<ap_uint<8>, 0>&, hls::stream<ap_uint<8>, 0>&, int, int)' (src/fast.hpp:194:45)
INFO: [HLS 214-131] Inlining function 'xf::cv::Window<3, 3, ap_uint<8> >::operator()(int, int)' into 'void process_nms<8, 1080, 1920, 1>(hls::stream<ap_uint<8>, 0>&, hls::stream<ap_uint<8>, 0>&, hls::stream<ap_uint<8>, 0>&, hls::stream<ap_uint<8>, 0>&, hls::stream<ap_uint<8>, 0>&, hls::stream<ap_uint<8>, 0>&, int, int)' (src/fast.hpp:194:30)
INFO: [HLS 214-131] Inlining function 'bool ap_int_base<8, false>::operator><8, false>(ap_int_base<8, false> const&) const' into 'void process_nms<8, 1080, 1920, 1>(hls::stream<ap_uint<8>, 0>&, hls::stream<ap_uint<8>, 0>&, hls::stream<ap_uint<8>, 0>&, hls::stream<ap_uint<8>, 0>&, hls::stream<ap_uint<8>, 0>&, hls::stream<ap_uint<8>, 0>&, int, int)' (src/fast.hpp:193:109)
INFO: [HLS 214-131] Inlining function 'xf::cv::Window<3, 3, ap_uint<8> >::operator()(int, int)' into 'void process_nms<8, 1080, 1920, 1>(hls::stream<ap_uint<8>, 0>&, hls::stream<ap_uint<8>, 0>&, hls::stream<ap_uint<8>, 0>&, hls::stream<ap_uint<8>, 0>&, hls::stream<ap_uint<8>, 0>&, hls::stream<ap_uint<8>, 0>&, int, int)' (src/fast.hpp:193:111)
INFO: [HLS 214-131] Inlining function 'xf::cv::Window<3, 3, ap_uint<8> >::operator()(int, int)' into 'void process_nms<8, 1080, 1920, 1>(hls::stream<ap_uint<8>, 0>&, hls::stream<ap_uint<8>, 0>&, hls::stream<ap_uint<8>, 0>&, hls::stream<ap_uint<8>, 0>&, hls::stream<ap_uint<8>, 0>&, hls::stream<ap_uint<8>, 0>&, int, int)' (src/fast.hpp:193:96)
INFO: [HLS 214-131] Inlining function 'bool ap_int_base<8, false>::operator><8, false>(ap_int_base<8, false> const&) const' into 'void process_nms<8, 1080, 1920, 1>(hls::stream<ap_uint<8>, 0>&, hls::stream<ap_uint<8>, 0>&, hls::stream<ap_uint<8>, 0>&, hls::stream<ap_uint<8>, 0>&, hls::stream<ap_uint<8>, 0>&, hls::stream<ap_uint<8>, 0>&, int, int)' (src/fast.hpp:193:76)
INFO: [HLS 214-131] Inlining function 'xf::cv::Window<3, 3, ap_uint<8> >::operator()(int, int)' into 'void process_nms<8, 1080, 1920, 1>(hls::stream<ap_uint<8>, 0>&, hls::stream<ap_uint<8>, 0>&, hls::stream<ap_uint<8>, 0>&, hls::stream<ap_uint<8>, 0>&, hls::stream<ap_uint<8>, 0>&, hls::stream<ap_uint<8>, 0>&, int, int)' (src/fast.hpp:193:78)
INFO: [HLS 214-131] Inlining function 'xf::cv::Window<3, 3, ap_uint<8> >::operator()(int, int)' into 'void process_nms<8, 1080, 1920, 1>(hls::stream<ap_uint<8>, 0>&, hls::stream<ap_uint<8>, 0>&, hls::stream<ap_uint<8>, 0>&, hls::stream<ap_uint<8>, 0>&, hls::stream<ap_uint<8>, 0>&, hls::stream<ap_uint<8>, 0>&, int, int)' (src/fast.hpp:193:63)
INFO: [HLS 214-131] Inlining function 'bool ap_int_base<8, false>::operator><8, false>(ap_int_base<8, false> const&) const' into 'void process_nms<8, 1080, 1920, 1>(hls::stream<ap_uint<8>, 0>&, hls::stream<ap_uint<8>, 0>&, hls::stream<ap_uint<8>, 0>&, hls::stream<ap_uint<8>, 0>&, hls::stream<ap_uint<8>, 0>&, hls::stream<ap_uint<8>, 0>&, int, int)' (src/fast.hpp:193:43)
INFO: [HLS 214-131] Inlining function 'xf::cv::Window<3, 3, ap_uint<8> >::operator()(int, int)' into 'void process_nms<8, 1080, 1920, 1>(hls::stream<ap_uint<8>, 0>&, hls::stream<ap_uint<8>, 0>&, hls::stream<ap_uint<8>, 0>&, hls::stream<ap_uint<8>, 0>&, hls::stream<ap_uint<8>, 0>&, hls::stream<ap_uint<8>, 0>&, int, int)' (src/fast.hpp:193:45)
INFO: [HLS 214-131] Inlining function 'xf::cv::Window<3, 3, ap_uint<8> >::operator()(int, int)' into 'void process_nms<8, 1080, 1920, 1>(hls::stream<ap_uint<8>, 0>&, hls::stream<ap_uint<8>, 0>&, hls::stream<ap_uint<8>, 0>&, hls::stream<ap_uint<8>, 0>&, hls::stream<ap_uint<8>, 0>&, hls::stream<ap_uint<8>, 0>&, int, int)' (src/fast.hpp:193:30)
INFO: [HLS 214-131] Inlining function 'bool operator!=<8, false>(ap_int_base<8, false> const&, int)' into 'void process_nms<8, 1080, 1920, 1>(hls::stream<ap_uint<8>, 0>&, hls::stream<ap_uint<8>, 0>&, hls::stream<ap_uint<8>, 0>&, hls::stream<ap_uint<8>, 0>&, hls::stream<ap_uint<8>, 0>&, hls::stream<ap_uint<8>, 0>&, int, int)' (src/fast.hpp:192:38)
INFO: [HLS 214-131] Inlining function 'xf::cv::Window<3, 3, ap_uint<8> >::operator()(int, int)' into 'void process_nms<8, 1080, 1920, 1>(hls::stream<ap_uint<8>, 0>&, hls::stream<ap_uint<8>, 0>&, hls::stream<ap_uint<8>, 0>&, hls::stream<ap_uint<8>, 0>&, hls::stream<ap_uint<8>, 0>&, hls::stream<ap_uint<8>, 0>&, int, int)' (src/fast.hpp:192:25)
INFO: [HLS 214-131] Inlining function 'xf::cv::Window<3, 3, ap_uint<8> >::insert_pixel(ap_uint<8>, int, int)' into 'void process_nms<8, 1080, 1920, 1>(hls::stream<ap_uint<8>, 0>&, hls::stream<ap_uint<8>, 0>&, hls::stream<ap_uint<8>, 0>&, hls::stream<ap_uint<8>, 0>&, hls::stream<ap_uint<8>, 0>&, hls::stream<ap_uint<8>, 0>&, int, int)' (src/fast.hpp:188:24)
INFO: [HLS 214-131] Inlining function 'xf::cv::Window<3, 3, ap_uint<8> >::Window()' into 'void process_nms<8, 1080, 1920, 1>(hls::stream<ap_uint<8>, 0>&, hls::stream<ap_uint<8>, 0>&, hls::stream<ap_uint<8>, 0>&, hls::stream<ap_uint<8>, 0>&, hls::stream<ap_uint<8>, 0>&, hls::stream<ap_uint<8>, 0>&, int, int)' (src/fast.hpp:170:38)
INFO: [HLS 214-131] Inlining function 'xf::cv::LineBuffer<3, 1920, ap_uint<8>, (_ramtype)6, 1>::operator()(int, int)' into 'void process_nms<8, 1080, 1920, 1>(hls::stream<ap_uint<8>, 0>&, hls::stream<ap_uint<8>, 0>&, hls::stream<ap_uint<8>, 0>&, hls::stream<ap_uint<8>, 0>&, hls::stream<ap_uint<8>, 0>&, hls::stream<ap_uint<8>, 0>&, int, int)' (src/fast.hpp:188:37)
INFO: [HLS 214-131] Inlining function 'hls::stream<ap_uint<8>, 0>::read()' into 'void process_nms<8, 1080, 1920, 1>(hls::stream<ap_uint<8>, 0>&, hls::stream<ap_uint<8>, 0>&, hls::stream<ap_uint<8>, 0>&, hls::stream<ap_uint<8>, 0>&, hls::stream<ap_uint<8>, 0>&, hls::stream<ap_uint<8>, 0>&, int, int)' (src/fast.hpp:179:28)
INFO: [HLS 214-131] Inlining function 'xf::cv::Window<3, 3, ap_uint<8> >::shift_pixels_left()' into 'void process_nms<8, 1080, 1920, 1>(hls::stream<ap_uint<8>, 0>&, hls::stream<ap_uint<8>, 0>&, hls::stream<ap_uint<8>, 0>&, hls::stream<ap_uint<8>, 0>&, hls::stream<ap_uint<8>, 0>&, hls::stream<ap_uint<8>, 0>&, int, int)' (src/fast.hpp:186:20)
INFO: [HLS 214-131] Inlining function 'xf::cv::LineBuffer<3, 1920, ap_uint<8>, (_ramtype)6, 1>::insert_bottom_row(ap_uint<8>, int)' into 'void process_nms<8, 1080, 1920, 1>(hls::stream<ap_uint<8>, 0>&, hls::stream<ap_uint<8>, 0>&, hls::stream<ap_uint<8>, 0>&, hls::stream<ap_uint<8>, 0>&, hls::stream<ap_uint<8>, 0>&, hls::stream<ap_uint<8>, 0>&, int, int)' (src/fast.hpp:185:25)
INFO: [HLS 214-131] Inlining function 'hls::stream<ap_uint<8>, 0>::read()' into 'void process_nms<8, 1080, 1920, 1>(hls::stream<ap_uint<8>, 0>&, hls::stream<ap_uint<8>, 0>&, hls::stream<ap_uint<8>, 0>&, hls::stream<ap_uint<8>, 0>&, hls::stream<ap_uint<8>, 0>&, hls::stream<ap_uint<8>, 0>&, int, int)' (src/fast.hpp:180:28)
INFO: [HLS 214-131] Inlining function 'xf::cv::LineBuffer<3, 1920, ap_uint<8>, (_ramtype)6, 1>::shift_pixels_up(int)' into 'void process_nms<8, 1080, 1920, 1>(hls::stream<ap_uint<8>, 0>&, hls::stream<ap_uint<8>, 0>&, hls::stream<ap_uint<8>, 0>&, hls::stream<ap_uint<8>, 0>&, hls::stream<ap_uint<8>, 0>&, hls::stream<ap_uint<8>, 0>&, int, int)' (src/fast.hpp:184:25)
INFO: [HLS 214-131] Inlining function 'hls::stream<ap_uint<8>, 0>::read()' into 'void process_nms<8, 1080, 1920, 1>(hls::stream<ap_uint<8>, 0>&, hls::stream<ap_uint<8>, 0>&, hls::stream<ap_uint<8>, 0>&, hls::stream<ap_uint<8>, 0>&, hls::stream<ap_uint<8>, 0>&, hls::stream<ap_uint<8>, 0>&, int, int)' (src/fast.hpp:181:34)
INFO: [HLS 214-131] Inlining function 'hls::stream<ap_uint<8>, 0>::write(ap_uint<8> const&)' into 'void process_nms<8, 1080, 1920, 1>(hls::stream<ap_uint<8>, 0>&, hls::stream<ap_uint<8>, 0>&, hls::stream<ap_uint<8>, 0>&, hls::stream<ap_uint<8>, 0>&, hls::stream<ap_uint<8>, 0>&, hls::stream<ap_uint<8>, 0>&, int, int)' (src/fast.hpp:183:21)
INFO: [HLS 214-131] Inlining function 'hls::stream<ap_uint<8>, 0>::write(ap_uint<8> const&)' into 'void process_nms<8, 1080, 1920, 1>(hls::stream<ap_uint<8>, 0>&, hls::stream<ap_uint<8>, 0>&, hls::stream<ap_uint<8>, 0>&, hls::stream<ap_uint<8>, 0>&, hls::stream<ap_uint<8>, 0>&, hls::stream<ap_uint<8>, 0>&, int, int)' (src/fast.hpp:182:22)
INFO: [HLS 214-131] Inlining function 'ap_uint<32>::ap_uint(int)' into 'xf::cv::LineBuffer<37, 1920, ap_uint<8>, (_ramtype)6, 1>::shift_pixels_up(int)' (vitis_library_vision_L1/include\common/xf_video_mem.hpp:867:32)
INFO: [HLS 214-131] Inlining function 'ap_int_base<32, false>::operator++(int)' into 'xf::cv::LineBuffer<37, 1920, ap_uint<8>, (_ramtype)6, 1>::shift_pixels_up(int)' (vitis_library_vision_L1/include\common/xf_video_mem.hpp:867:49)
INFO: [HLS 214-131] Inlining function 'ap_int_base<32, false>::operator unsigned long long() const' into 'xf::cv::LineBuffer<37, 1920, ap_uint<8>, (_ramtype)6, 1>::shift_pixels_up(int)' (vitis_library_vision_L1/include\common/xf_video_mem.hpp:871:6)
INFO: [HLS 214-131] Inlining function 'ap_int_base<34, true>::operator long long() const' into 'xf::cv::LineBuffer<37, 1920, ap_uint<8>, (_ramtype)6, 1>::shift_pixels_up(int)' (vitis_library_vision_L1/include\common/xf_video_mem.hpp:871:20)
INFO: [HLS 214-131] Inlining function 'ap_int_base<32, false>::RType<($_0)32, true>::plus operator+<32, false>(ap_int_base<32, false> const&, int)' into 'xf::cv::LineBuffer<37, 1920, ap_uint<8>, (_ramtype)6, 1>::shift_pixels_up(int)' (vitis_library_vision_L1/include\common/xf_video_mem.hpp:871:22)
INFO: [HLS 214-131] Inlining function 'bool operator<<32, false>(ap_int_base<32, false> const&, int)' into 'xf::cv::LineBuffer<37, 1920, ap_uint<8>, (_ramtype)6, 1>::shift_pixels_up(int)' (vitis_library_vision_L1/include\common/xf_video_mem.hpp:867:37)
INFO: [HLS 214-131] Inlining function 'ap_uint<32>::ap_uint(int)' into 'xf::cv::Window<37, 37, ap_uint<8> >::shift_pixels_left()' (vitis_library_vision_L1/include\common/xf_video_mem.hpp:122:32)
INFO: [HLS 214-131] Inlining function 'ap_int_base<32, false>::operator++(int)' into 'xf::cv::Window<37, 37, ap_uint<8> >::shift_pixels_left()' (vitis_library_vision_L1/include\common/xf_video_mem.hpp:122:45)
INFO: [HLS 214-131] Inlining function 'ap_int_base<32, false>::operator++(int)' into 'xf::cv::Window<37, 37, ap_uint<8> >::shift_pixels_left()' (vitis_library_vision_L1/include\common/xf_video_mem.hpp:126:46)
INFO: [HLS 214-131] Inlining function 'ap_int_base<32, false>::operator unsigned long long() const' into 'xf::cv::Window<37, 37, ap_uint<8> >::shift_pixels_left()' (vitis_library_vision_L1/include\common/xf_video_mem.hpp:130:9)
INFO: [HLS 214-131] Inlining function 'ap_int_base<32, false>::operator unsigned long long() const' into 'xf::cv::Window<37, 37, ap_uint<8> >::shift_pixels_left()' (vitis_library_vision_L1/include\common/xf_video_mem.hpp:130:6)
INFO: [HLS 214-131] Inlining function 'ap_int_base<34, true>::operator long long() const' into 'xf::cv::Window<37, 37, ap_uint<8> >::shift_pixels_left()' (vitis_library_vision_L1/include\common/xf_video_mem.hpp:130:21)
INFO: [HLS 214-131] Inlining function 'ap_int_base<32, false>::RType<($_0)32, true>::plus operator+<32, false>(ap_int_base<32, false> const&, int)' into 'xf::cv::Window<37, 37, ap_uint<8> >::shift_pixels_left()' (vitis_library_vision_L1/include\common/xf_video_mem.hpp:130:23)
INFO: [HLS 214-131] Inlining function 'ap_int_base<32, false>::operator unsigned long long() const' into 'xf::cv::Window<37, 37, ap_uint<8> >::shift_pixels_left()' (vitis_library_vision_L1/include\common/xf_video_mem.hpp:130:18)
INFO: [HLS 214-131] Inlining function 'bool operator<<32, false>(ap_int_base<32, false> const&, int)' into 'xf::cv::Window<37, 37, ap_uint<8> >::shift_pixels_left()' (vitis_library_vision_L1/include\common/xf_video_mem.hpp:126:34)
INFO: [HLS 214-131] Inlining function 'ap_uint<32>::ap_uint(int)' into 'xf::cv::Window<37, 37, ap_uint<8> >::shift_pixels_left()' (vitis_library_vision_L1/include\common/xf_video_mem.hpp:126:29)
INFO: [HLS 214-131] Inlining function 'bool operator<<32, false>(ap_int_base<32, false> const&, int)' into 'xf::cv::Window<37, 37, ap_uint<8> >::shift_pixels_left()' (vitis_library_vision_L1/include\common/xf_video_mem.hpp:122:37)
INFO: [HLS 214-131] Inlining function 'xf::cv::LineBuffer<37, 1920, ap_uint<8>, (_ramtype)6, 1>::getval(int, int)' into 'xf::cv::LineBuffer<37, 1920, ap_uint<8>, (_ramtype)6, 1>::operator()(int, int)' (vitis_library_vision_L1/include\common/xf_video_mem.hpp:994:9)
INFO: [HLS 214-131] Inlining function 'xf::cv::Window<37, 37, ap_uint<8> >::getval(int, int)' into 'xf::cv::Window<37, 37, ap_uint<8> >::operator()(int, int)' (vitis_library_vision_L1/include\common/xf_video_mem.hpp:544:9)
INFO: [HLS 214-131] Inlining function 'ap_int_base<40, true>::ap_int_base<32, true>(ap_int_base<32, true> const&)' into 'ap_int_base<32, true>::RType<8, false>::mult operator*<32, true, 8, false>(ap_int_base<32, true> const&, ap_int_base<8, false> const&)' (C:/Xilinx/Vitis_HLS/2020.2/common/technology/autopilot\ap_int_base.h:1345:339)
INFO: [HLS 214-131] Inlining function 'ap_int<40>::ap_int<40, true>(ap_int_base<40, true> const&)' into 'ap_int_base<32, true>::RType<8, false>::mult operator*<32, true, 8, false>(ap_int_base<32, true> const&, ap_int_base<8, false> const&)' (C:/Xilinx/Vitis_HLS/2020.2/common/technology/autopilot\ap_int_base.h:1345:551)
INFO: [HLS 214-131] Inlining function 'ap_int_base<40, true>::ap_int_base<8, false>(ap_int_base<8, false> const&)' into 'ap_int_base<32, true>::RType<8, false>::mult operator*<32, true, 8, false>(ap_int_base<32, true> const&, ap_int_base<8, false> const&)' (C:/Xilinx/Vitis_HLS/2020.2/common/technology/autopilot\ap_int_base.h:1345:427)
INFO: [HLS 214-131] Inlining function 'ap_int_base<32, true>::ap_int_base(int)' into 'ap_int_base<8, false>::RType<($_0)32, true>::mult operator*<8, false>(int, ap_int_base<8, false> const&)' (C:/Xilinx/Vitis_HLS/2020.2/common/technology/autopilot\ap_int_base.h:1461:216)
INFO: [HLS 214-131] Inlining function 'ap_int_base<32, true>::RType<8, false>::mult operator*<32, true, 8, false>(ap_int_base<32, true> const&, ap_int_base<8, false> const&)' into 'ap_int_base<8, false>::RType<($_0)32, true>::mult operator*<8, false>(int, ap_int_base<8, false> const&)' (C:/Xilinx/Vitis_HLS/2020.2/common/technology/autopilot\ap_int_base.h:1461:254)
INFO: [HLS 214-131] Inlining function 'ap_int_base<21, true>::ap_int_base<20, true>(ap_int_base<20, true> const&)' into 'ap_int_base<20, true>::RType<20, true>::minus operator-<20, true, 20, true>(ap_int_base<20, true> const&, ap_int_base<20, true> const&)' (C:/Xilinx/Vitis_HLS/2020.2/common/technology/autopilot\ap_int_base.h:1347:341)
INFO: [HLS 214-131] Inlining function 'ap_int<21>::ap_int<21, true>(ap_int_base<21, true> const&)' into 'ap_int_base<20, true>::RType<20, true>::minus operator-<20, true, 20, true>(ap_int_base<20, true> const&, ap_int_base<20, true> const&)' (C:/Xilinx/Vitis_HLS/2020.2/common/technology/autopilot\ap_int_base.h:1347:555)
INFO: [HLS 214-131] Inlining function 'ap_int_base<21, true>::ap_int_base<20, true>(ap_int_base<20, true> const&)' into 'ap_int_base<20, true>::RType<20, true>::minus operator-<20, true, 20, true>(ap_int_base<20, true> const&, ap_int_base<20, true> const&)' (C:/Xilinx/Vitis_HLS/2020.2/common/technology/autopilot\ap_int_base.h:1347:430)
INFO: [HLS 214-131] Inlining function 'ap_int_base<21, true>::ap_int_base<20, true>(ap_int_base<20, true> const&)' into 'ap_int_base<20, true>::RType<20, true>::plus operator+<20, true, 20, true>(ap_int_base<20, true> const&, ap_int_base<20, true> const&)' (C:/Xilinx/Vitis_HLS/2020.2/common/technology/autopilot\ap_int_base.h:1346:339)
INFO: [HLS 214-131] Inlining function 'ap_int<21>::ap_int<21, true>(ap_int_base<21, true> const&)' into 'ap_int_base<20, true>::RType<20, true>::plus operator+<20, true, 20, true>(ap_int_base<20, true> const&, ap_int_base<20, true> const&)' (C:/Xilinx/Vitis_HLS/2020.2/common/technology/autopilot\ap_int_base.h:1346:551)
INFO: [HLS 214-131] Inlining function 'ap_int_base<21, true>::ap_int_base<20, true>(ap_int_base<20, true> const&)' into 'ap_int_base<20, true>::RType<20, true>::plus operator+<20, true, 20, true>(ap_int_base<20, true> const&, ap_int_base<20, true> const&)' (C:/Xilinx/Vitis_HLS/2020.2/common/technology/autopilot\ap_int_base.h:1346:427)
INFO: [HLS 214-131] Inlining function 'ap_int_base<53, true>::ap_int_base<32, true>(ap_int_base<32, true> const&)' into 'ap_int_base<32, true>::RType<21, true>::mult operator*<32, true, 21, true>(ap_int_base<32, true> const&, ap_int_base<21, true> const&)' (C:/Xilinx/Vitis_HLS/2020.2/common/technology/autopilot\ap_int_base.h:1345:339)
INFO: [HLS 214-131] Inlining function 'ap_int<53>::ap_int<53, true>(ap_int_base<53, true> const&)' into 'ap_int_base<32, true>::RType<21, true>::mult operator*<32, true, 21, true>(ap_int_base<32, true> const&, ap_int_base<21, true> const&)' (C:/Xilinx/Vitis_HLS/2020.2/common/technology/autopilot\ap_int_base.h:1345:551)
INFO: [HLS 214-131] Inlining function 'ap_int_base<53, true>::ap_int_base<21, true>(ap_int_base<21, true> const&)' into 'ap_int_base<32, true>::RType<21, true>::mult operator*<32, true, 21, true>(ap_int_base<32, true> const&, ap_int_base<21, true> const&)' (C:/Xilinx/Vitis_HLS/2020.2/common/technology/autopilot\ap_int_base.h:1345:427)
INFO: [HLS 214-131] Inlining function 'ap_int_base<32, true>::ap_int_base(int)' into 'ap_int_base<21, true>::RType<($_0)32, true>::mult operator*<21, true>(int, ap_int_base<21, true> const&)' (C:/Xilinx/Vitis_HLS/2020.2/common/technology/autopilot\ap_int_base.h:1461:216)
INFO: [HLS 214-131] Inlining function 'ap_int_base<32, true>::RType<21, true>::mult operator*<32, true, 21, true>(ap_int_base<32, true> const&, ap_int_base<21, true> const&)' into 'ap_int_base<21, true>::RType<($_0)32, true>::mult operator*<21, true>(int, ap_int_base<21, true> const&)' (C:/Xilinx/Vitis_HLS/2020.2/common/technology/autopilot\ap_int_base.h:1461:254)
INFO: [HLS 214-131] Inlining function 'ap_int_base<52, true>::ap_int_base<32, true>(ap_int_base<32, true> const&)' into 'ap_int_base<32, true>::RType<20, true>::mult operator*<32, true, 20, true>(ap_int_base<32, true> const&, ap_int_base<20, true> const&)' (C:/Xilinx/Vitis_HLS/2020.2/common/technology/autopilot\ap_int_base.h:1345:339)
INFO: [HLS 214-131] Inlining function 'ap_int<52>::ap_int<52, true>(ap_int_base<52, true> const&)' into 'ap_int_base<32, true>::RType<20, true>::mult operator*<32, true, 20, true>(ap_int_base<32, true> const&, ap_int_base<20, true> const&)' (C:/Xilinx/Vitis_HLS/2020.2/common/technology/autopilot\ap_int_base.h:1345:551)
INFO: [HLS 214-131] Inlining function 'ap_int_base<52, true>::ap_int_base<20, true>(ap_int_base<20, true> const&)' into 'ap_int_base<32, true>::RType<20, true>::mult operator*<32, true, 20, true>(ap_int_base<32, true> const&, ap_int_base<20, true> const&)' (C:/Xilinx/Vitis_HLS/2020.2/common/technology/autopilot\ap_int_base.h:1345:427)
INFO: [HLS 214-131] Inlining function 'ap_int_base<32, true>::ap_int_base(int)' into 'ap_int_base<20, true>::RType<($_0)32, true>::mult operator*<20, true>(int, ap_int_base<20, true> const&)' (C:/Xilinx/Vitis_HLS/2020.2/common/technology/autopilot\ap_int_base.h:1461:216)
INFO: [HLS 214-131] Inlining function 'ap_int_base<32, true>::RType<20, true>::mult operator*<32, true, 20, true>(ap_int_base<32, true> const&, ap_int_base<20, true> const&)' into 'ap_int_base<20, true>::RType<($_0)32, true>::mult operator*<20, true>(int, ap_int_base<20, true> const&)' (C:/Xilinx/Vitis_HLS/2020.2/common/technology/autopilot\ap_int_base.h:1461:254)
INFO: [HLS 214-131] Inlining function 'ap_fixed_base<20, 20, true, (ap_q_mode)5, (ap_o_mode)3, 0>::operator!() const' into 'ap_fixed_base<20, 20, true, (ap_q_mode)5, (ap_o_mode)3, 0>& ap_fixed_base<20, 20, true, (ap_q_mode)5, (ap_o_mode)3, 0>::operator=<20, 20, true, (ap_q_mode)5, (ap_o_mode)3, 0>(ap_fixed_base<20, 20, true, (ap_q_mode)5, (ap_o_mode)3, 0> const&)' (C:/Xilinx/Vitis_HLS/2020.2/common/technology/autopilot\ap_fixed_base.h:698:9)
INFO: [HLS 214-131] Inlining function 'ap_fixed_base<20, 20, true, (ap_q_mode)5, (ap_o_mode)3, 0>& ap_fixed_base<20, 20, true, (ap_q_mode)5, (ap_o_mode)3, 0>::operator=<20, 20, true, (ap_q_mode)5, (ap_o_mode)3, 0>(ap_fixed_base<20, 20, true, (ap_q_mode)5, (ap_o_mode)3, 0> const&)' into 'ap_fixed_base<20, 20, true, (ap_q_mode)5, (ap_o_mode)3, 0>::ap_fixed_base<20, true>(ap_int_base<20, true> const&)' (C:/Xilinx/Vitis_HLS/2020.2/common/technology/autopilot\ap_fixed_base.h:447:5)
INFO: [HLS 214-131] Inlining function 'ap_fixed_base<20, 20, true, (ap_q_mode)5, (ap_o_mode)3, 0>::ap_fixed_base<20, true>(ap_int_base<20, true> const&)' into 'ap_fixed<20, 20, (ap_q_mode)5, (ap_o_mode)3, 0>::ap_fixed<20, true>(ap_int_base<20, true> const&)' (C:/Xilinx/Vitis_HLS/2020.2/common/technology/autopilot/ap_fixed.h:113:91)
INFO: [HLS 214-131] Inlining function 'ap_fixed_base<21, 3, true, (ap_q_mode)5, (ap_o_mode)3, 0>::ap_fixed_base(char const*)' into 'ap_fixed<21, 3, (ap_q_mode)5, (ap_o_mode)3, 0>::ap_fixed(char const*)' (C:/Xilinx/Vitis_HLS/2020.2/common/technology/autopilot/ap_fixed.h:194:67)
INFO: [HLS 214-131] Inlining function 'ap_fixed_base<22, 3, true, (ap_q_mode)5, (ap_o_mode)3, 0>::ap_fixed_base(char const*)' into 'ap_fixed<22, 3, (ap_q_mode)5, (ap_o_mode)3, 0>::ap_fixed(char const*)' (C:/Xilinx/Vitis_HLS/2020.2/common/technology/autopilot/ap_fixed.h:194:67)
INFO: [HLS 214-131] Inlining function 'ap_fixed_base<32, 32, true, (ap_q_mode)5, (ap_o_mode)3, 0>::ap_fixed_base(int)' into 'bool operator><20, 20, true, (ap_q_mode)5, (ap_o_mode)3, 0>(ap_fixed_base<20, 20, true, (ap_q_mode)5, (ap_o_mode)3, 0> const&, int)' (C:/Xilinx/Vitis_HLS/2020.2/common/technology/autopilot\ap_fixed_base.h:2221:9949)
INFO: [HLS 214-131] Inlining function 'bool ap_fixed_base<20, 20, true, (ap_q_mode)5, (ap_o_mode)3, 0>::operator><32, 32, true, (ap_q_mode)5, (ap_o_mode)3, 0>(ap_fixed_base<32, 32, true, (ap_q_mode)5, (ap_o_mode)3, 0> const&) const' into 'bool operator><20, 20, true, (ap_q_mode)5, (ap_o_mode)3, 0>(ap_fixed_base<20, 20, true, (ap_q_mode)5, (ap_o_mode)3, 0> const&, int)' (C:/Xilinx/Vitis_HLS/2020.2/common/technology/autopilot\ap_fixed_base.h:2221:9938)
INFO: [HLS 214-131] Inlining function 'ap_fixed_base<32, 32, true, (ap_q_mode)5, (ap_o_mode)3, 0>::ap_fixed_base(int)' into 'bool operator==<20, 20, true, (ap_q_mode)5, (ap_o_mode)3, 0>(ap_fixed_base<20, 20, true, (ap_q_mode)5, (ap_o_mode)3, 0> const&, int)' (C:/Xilinx/Vitis_HLS/2020.2/common/technology/autopilot\ap_fixed_base.h:2221:12423)
INFO: [HLS 214-131] Inlining function 'bool ap_fixed_base<20, 20, true, (ap_q_mode)5, (ap_o_mode)3, 0>::operator==<32, 32, true, (ap_q_mode)5, (ap_o_mode)3, 0>(ap_fixed_base<32, 32, true, (ap_q_mode)5, (ap_o_mode)3, 0> const&) const' into 'bool operator==<20, 20, true, (ap_q_mode)5, (ap_o_mode)3, 0>(ap_fixed_base<20, 20, true, (ap_q_mode)5, (ap_o_mode)3, 0> const&, int)' (C:/Xilinx/Vitis_HLS/2020.2/common/technology/autopilot\ap_fixed_base.h:2221:12411)
INFO: [HLS 214-131] Inlining function 'ap_int_base<32, true>::ap_int_base(int)' into 'bool operator==<2, false>(ap_int_base<2, false> const&, int)' (C:/Xilinx/Vitis_HLS/2020.2/common/technology/autopilot\ap_int_base.h:1616:1853)
INFO: [HLS 214-131] Inlining function 'bool ap_int_base<2, false>::operator==<32, true>(ap_int_base<32, true> const&) const' into 'bool operator==<2, false>(ap_int_base<2, false> const&, int)' (C:/Xilinx/Vitis_HLS/2020.2/common/technology/autopilot\ap_int_base.h:1616:1850)
INFO: [HLS 214-131] Inlining function 'ap_fixed_base<32, 32, true, (ap_q_mode)5, (ap_o_mode)3, 0>::operator!() const' into 'ap_fixed_base<20, 3, true, (ap_q_mode)5, (ap_o_mode)3, 0>& ap_fixed_base<20, 3, true, (ap_q_mode)5, (ap_o_mode)3, 0>::operator=<32, 32, true, (ap_q_mode)5, (ap_o_mode)3, 0>(ap_fixed_base<32, 32, true, (ap_q_mode)5, (ap_o_mode)3, 0> const&)' (C:/Xilinx/Vitis_HLS/2020.2/common/technology/autopilot\ap_fixed_base.h:698:9)
INFO: [HLS 214-131] Inlining function 'ap_fixed_base<20, 3, true, (ap_q_mode)5, (ap_o_mode)3, 0>& ap_fixed_base<20, 3, true, (ap_q_mode)5, (ap_o_mode)3, 0>::operator=<32, 32, true, (ap_q_mode)5, (ap_o_mode)3, 0>(ap_fixed_base<32, 32, true, (ap_q_mode)5, (ap_o_mode)3, 0> const&)' into 'ap_fixed_base<20, 3, true, (ap_q_mode)5, (ap_o_mode)3, 0>::ap_fixed_base(int)' (C:/Xilinx/Vitis_HLS/2020.2/common/technology/autopilot\ap_fixed_base.h:541:146)
INFO: [HLS 214-131] Inlining function 'ap_fixed_base<20, 3, true, (ap_q_mode)5, (ap_o_mode)3, 0>::ap_fixed_base(int)' into 'ap_fixed<20, 3, (ap_q_mode)5, (ap_o_mode)3, 0>::ap_fixed(int)' (C:/Xilinx/Vitis_HLS/2020.2/common/technology/autopilot/ap_fixed.h:183:59)
INFO: [HLS 214-131] Inlining function 'ap_fixed_base<21, 3, true, (ap_q_mode)5, (ap_o_mode)3, 0>::operator!() const' into 'ap_fixed_base<20, 3, true, (ap_q_mode)5, (ap_o_mode)3, 0>& ap_fixed_base<20, 3, true, (ap_q_mode)5, (ap_o_mode)3, 0>::operator=<21, 3, true, (ap_q_mode)5, (ap_o_mode)3, 0>(ap_fixed_base<21, 3, true, (ap_q_mode)5, (ap_o_mode)3, 0> const&)' (C:/Xilinx/Vitis_HLS/2020.2/common/technology/autopilot\ap_fixed_base.h:698:9)
INFO: [HLS 214-131] Inlining function 'ap_fixed_base<20, 3, true, (ap_q_mode)5, (ap_o_mode)3, 0>& ap_fixed_base<20, 3, true, (ap_q_mode)5, (ap_o_mode)3, 0>::operator=<21, 3, true, (ap_q_mode)5, (ap_o_mode)3, 0>(ap_fixed_base<21, 3, true, (ap_q_mode)5, (ap_o_mode)3, 0> const&)' into 'ap_fixed_base<20, 3, true, (ap_q_mode)5, (ap_o_mode)3, 0>::ap_fixed_base<21, 3, true, (ap_q_mode)5, (ap_o_mode)3, 0>(ap_fixed_base<21, 3, true, (ap_q_mode)5, (ap_o_mode)3, 0> const&)' (C:/Xilinx/Vitis_HLS/2020.2/common/technology/autopilot\ap_fixed_base.h:431:5)
INFO: [HLS 214-131] Inlining function 'ap_fixed_base<20, 3, true, (ap_q_mode)5, (ap_o_mode)3, 0>::ap_fixed_base<21, 3, true, (ap_q_mode)5, (ap_o_mode)3, 0>(ap_fixed_base<21, 3, true, (ap_q_mode)5, (ap_o_mode)3, 0> const&)' into 'ap_fixed<20, 3, (ap_q_mode)5, (ap_o_mode)3, 0>::ap_fixed<21, 3, true, (ap_q_mode)5, (ap_o_mode)3, 0>(ap_fixed_base<21, 3, true, (ap_q_mode)5, (ap_o_mode)3, 0> const&)' (C:/Xilinx/Vitis_HLS/2020.2/common/technology/autopilot/ap_fixed.h:75:9)
INFO: [HLS 214-131] Inlining function 'ap_fixed_base<22, 3, true, (ap_q_mode)5, (ap_o_mode)3, 0>::operator!() const' into 'ap_fixed_base<20, 3, true, (ap_q_mode)5, (ap_o_mode)3, 0>& ap_fixed_base<20, 3, true, (ap_q_mode)5, (ap_o_mode)3, 0>::operator=<22, 3, true, (ap_q_mode)5, (ap_o_mode)3, 0>(ap_fixed_base<22, 3, true, (ap_q_mode)5, (ap_o_mode)3, 0> const&)' (C:/Xilinx/Vitis_HLS/2020.2/common/technology/autopilot\ap_fixed_base.h:698:9)
INFO: [HLS 214-131] Inlining function 'ap_fixed_base<20, 3, true, (ap_q_mode)5, (ap_o_mode)3, 0>& ap_fixed_base<20, 3, true, (ap_q_mode)5, (ap_o_mode)3, 0>::operator=<22, 3, true, (ap_q_mode)5, (ap_o_mode)3, 0>(ap_fixed_base<22, 3, true, (ap_q_mode)5, (ap_o_mode)3, 0> const&)' into 'ap_fixed_base<20, 3, true, (ap_q_mode)5, (ap_o_mode)3, 0>::ap_fixed_base<22, 3, true, (ap_q_mode)5, (ap_o_mode)3, 0>(ap_fixed_base<22, 3, true, (ap_q_mode)5, (ap_o_mode)3, 0> const&)' (C:/Xilinx/Vitis_HLS/2020.2/common/technology/autopilot\ap_fixed_base.h:431:5)
INFO: [HLS 214-131] Inlining function 'ap_fixed_base<20, 3, true, (ap_q_mode)5, (ap_o_mode)3, 0>::ap_fixed_base<22, 3, true, (ap_q_mode)5, (ap_o_mode)3, 0>(ap_fixed_base<22, 3, true, (ap_q_mode)5, (ap_o_mode)3, 0> const&)' into 'ap_fixed<20, 3, (ap_q_mode)5, (ap_o_mode)3, 0>::ap_fixed<22, 3, true, (ap_q_mode)5, (ap_o_mode)3, 0>(ap_fixed_base<22, 3, true, (ap_q_mode)5, (ap_o_mode)3, 0> const&)' (C:/Xilinx/Vitis_HLS/2020.2/common/technology/autopilot/ap_fixed.h:75:9)
INFO: [HLS 214-131] Inlining function 'ap_fixed_base<22, 3, true, (ap_q_mode)5, (ap_o_mode)3, 0>::operator!() const' into 'ap_fixed_base<23, 4, true, (ap_q_mode)5, (ap_o_mode)3, 0>& ap_fixed_base<23, 4, true, (ap_q_mode)5, (ap_o_mode)3, 0>::operator=<22, 3, true, (ap_q_mode)5, (ap_o_mode)3, 0>(ap_fixed_base<22, 3, true, (ap_q_mode)5, (ap_o_mode)3, 0> const&)' (C:/Xilinx/Vitis_HLS/2020.2/common/technology/autopilot\ap_fixed_base.h:698:9)
INFO: [HLS 214-131] Inlining function 'ap_fixed_base<23, 4, true, (ap_q_mode)5, (ap_o_mode)3, 0>& ap_fixed_base<23, 4, true, (ap_q_mode)5, (ap_o_mode)3, 0>::operator=<22, 3, true, (ap_q_mode)5, (ap_o_mode)3, 0>(ap_fixed_base<22, 3, true, (ap_q_mode)5, (ap_o_mode)3, 0> const&)' into 'ap_fixed_base<23, 4, true, (ap_q_mode)5, (ap_o_mode)3, 0>::ap_fixed_base<22, 3, true, (ap_q_mode)5, (ap_o_mode)3, 0>(ap_fixed_base<22, 3, true, (ap_q_mode)5, (ap_o_mode)3, 0> const&)' (C:/Xilinx/Vitis_HLS/2020.2/common/technology/autopilot\ap_fixed_base.h:431:5)
INFO: [HLS 214-131] Inlining function 'ap_fixed_base<23, 4, true, (ap_q_mode)5, (ap_o_mode)3, 0>::ap_fixed_base<22, 3, true, (ap_q_mode)5, (ap_o_mode)3, 0>(ap_fixed_base<22, 3, true, (ap_q_mode)5, (ap_o_mode)3, 0> const&)' into 'ap_fixed_base<22, 3, true, (ap_q_mode)5, (ap_o_mode)3, 0>::operator-() const' (C:/Xilinx/Vitis_HLS/2020.2/common/technology/autopilot\ap_fixed_base.h:1252:47)
INFO: [HLS 214-131] Inlining function 'ap_fixed_base<23, 4, true, (ap_q_mode)5, (ap_o_mode)3, 0>::operator!() const' into 'ap_fixed_base<20, 3, true, (ap_q_mode)5, (ap_o_mode)3, 0>& ap_fixed_base<20, 3, true, (ap_q_mode)5, (ap_o_mode)3, 0>::operator=<23, 4, true, (ap_q_mode)5, (ap_o_mode)3, 0>(ap_fixed_base<23, 4, true, (ap_q_mode)5, (ap_o_mode)3, 0> const&)' (C:/Xilinx/Vitis_HLS/2020.2/common/technology/autopilot\ap_fixed_base.h:698:9)
INFO: [HLS 214-131] Inlining function 'ap_fixed_base<20, 3, true, (ap_q_mode)5, (ap_o_mode)3, 0>& ap_fixed_base<20, 3, true, (ap_q_mode)5, (ap_o_mode)3, 0>::operator=<23, 4, true, (ap_q_mode)5, (ap_o_mode)3, 0>(ap_fixed_base<23, 4, true, (ap_q_mode)5, (ap_o_mode)3, 0> const&)' into 'ap_fixed_base<20, 3, true, (ap_q_mode)5, (ap_o_mode)3, 0>::ap_fixed_base<23, 4, true, (ap_q_mode)5, (ap_o_mode)3, 0>(ap_fixed_base<23, 4, true, (ap_q_mode)5, (ap_o_mode)3, 0> const&)' (C:/Xilinx/Vitis_HLS/2020.2/common/technology/autopilot\ap_fixed_base.h:431:5)
INFO: [HLS 214-131] Inlining function 'ap_fixed_base<20, 3, true, (ap_q_mode)5, (ap_o_mode)3, 0>::ap_fixed_base<23, 4, true, (ap_q_mode)5, (ap_o_mode)3, 0>(ap_fixed_base<23, 4, true, (ap_q_mode)5, (ap_o_mode)3, 0> const&)' into 'ap_fixed<20, 3, (ap_q_mode)5, (ap_o_mode)3, 0>::ap_fixed<23, 4, true, (ap_q_mode)5, (ap_o_mode)3, 0>(ap_fixed_base<23, 4, true, (ap_q_mode)5, (ap_o_mode)3, 0> const&)' (C:/Xilinx/Vitis_HLS/2020.2/common/technology/autopilot/ap_fixed.h:75:9)
INFO: [HLS 214-131] Inlining function 'ap_fixed_base<20, 20, true, (ap_q_mode)5, (ap_o_mode)3, 0>::operator!() const' into 'ap_fixed_base<21, 21, true, (ap_q_mode)5, (ap_o_mode)3, 0>& ap_fixed_base<21, 21, true, (ap_q_mode)5, (ap_o_mode)3, 0>::operator=<20, 20, true, (ap_q_mode)5, (ap_o_mode)3, 0>(ap_fixed_base<20, 20, true, (ap_q_mode)5, (ap_o_mode)3, 0> const&)' (C:/Xilinx/Vitis_HLS/2020.2/common/technology/autopilot\ap_fixed_base.h:698:9)
INFO: [HLS 214-131] Inlining function 'ap_fixed_base<21, 21, true, (ap_q_mode)5, (ap_o_mode)3, 0>& ap_fixed_base<21, 21, true, (ap_q_mode)5, (ap_o_mode)3, 0>::operator=<20, 20, true, (ap_q_mode)5, (ap_o_mode)3, 0>(ap_fixed_base<20, 20, true, (ap_q_mode)5, (ap_o_mode)3, 0> const&)' into 'ap_fixed_base<21, 21, true, (ap_q_mode)5, (ap_o_mode)3, 0>::ap_fixed_base<20, 20, true, (ap_q_mode)5, (ap_o_mode)3, 0>(ap_fixed_base<20, 20, true, (ap_q_mode)5, (ap_o_mode)3, 0> const&)' (C:/Xilinx/Vitis_HLS/2020.2/common/technology/autopilot\ap_fixed_base.h:431:5)
INFO: [HLS 214-131] Inlining function 'ap_fixed_base<21, 21, true, (ap_q_mode)5, (ap_o_mode)3, 0>::ap_fixed_base<20, 20, true, (ap_q_mode)5, (ap_o_mode)3, 0>(ap_fixed_base<20, 20, true, (ap_q_mode)5, (ap_o_mode)3, 0> const&)' into 'ap_fixed_base<20, 20, true, (ap_q_mode)5, (ap_o_mode)3, 0>::operator-() const' (C:/Xilinx/Vitis_HLS/2020.2/common/technology/autopilot\ap_fixed_base.h:1252:47)
INFO: [HLS 214-131] Inlining function 'ap_fixed_base<21, 21, true, (ap_q_mode)5, (ap_o_mode)3, 0>::ap_fixed_base<20, 20, true, (ap_q_mode)5, (ap_o_mode)3, 0>(ap_fixed_base<20, 20, true, (ap_q_mode)5, (ap_o_mode)3, 0> const&)' into 'ap_fixed<21, 21, (ap_q_mode)5, (ap_o_mode)3, 0>::ap_fixed<20, 20, true, (ap_q_mode)5, (ap_o_mode)3, 0>(ap_fixed_base<20, 20, true, (ap_q_mode)5, (ap_o_mode)3, 0> const&)' (C:/Xilinx/Vitis_HLS/2020.2/common/technology/autopilot/ap_fixed.h:75:9)
INFO: [HLS 214-131] Inlining function 'af_bit_ref<21, 21, true, (ap_q_mode)5, (ap_o_mode)3, 0>::af_bit_ref(ap_fixed_base<21, 21, true, (ap_q_mode)5, (ap_o_mode)3, 0>*, int)' into 'ap_fixed_base<21, 21, true, (ap_q_mode)5, (ap_o_mode)3, 0>::operator[](unsigned int)' (C:/Xilinx/Vitis_HLS/2020.2/common/technology/autopilot\ap_fixed_base.h:1516:12)
INFO: [HLS 214-131] Inlining function 'af_bit_ref<21, 2, true, (ap_q_mode)5, (ap_o_mode)3, 0>::af_bit_ref(ap_fixed_base<21, 2, true, (ap_q_mode)5, (ap_o_mode)3, 0>*, int)' into 'ap_fixed_base<21, 2, true, (ap_q_mode)5, (ap_o_mode)3, 0>::operator[](unsigned int)' (C:/Xilinx/Vitis_HLS/2020.2/common/technology/autopilot\ap_fixed_base.h:1516:12)
INFO: [HLS 214-131] Inlining function 'af_bit_ref<21, 21, true, (ap_q_mode)5, (ap_o_mode)3, 0>::operator bool() const' into 'af_bit_ref<21, 2, true, (ap_q_mode)5, (ap_o_mode)3, 0>& af_bit_ref<21, 2, true, (ap_q_mode)5, (ap_o_mode)3, 0>::operator=<21, 21, true, (ap_q_mode)5, (ap_o_mode)3, 0>(af_bit_ref<21, 21, true, (ap_q_mode)5, (ap_o_mode)3, 0> const&)' (C:/Xilinx/Vitis_HLS/2020.2/common/technology/autopilot\ap_fixed_ref.h:118:27)
INFO: [HLS 214-131] Inlining function 'af_bit_ref<21, 2, true, (ap_q_mode)5, (ap_o_mode)3, 0>::operator=(bool)' into 'af_bit_ref<21, 2, true, (ap_q_mode)5, (ap_o_mode)3, 0>& af_bit_ref<21, 2, true, (ap_q_mode)5, (ap_o_mode)3, 0>::operator=<21, 21, true, (ap_q_mode)5, (ap_o_mode)3, 0>(af_bit_ref<21, 21, true, (ap_q_mode)5, (ap_o_mode)3, 0> const&)' (C:/Xilinx/Vitis_HLS/2020.2/common/technology/autopilot\ap_fixed_ref.h:118:12)
INFO: [HLS 214-131] Inlining function 'ap_fixed_base<21, 2, true, (ap_q_mode)5, (ap_o_mode)3, 0>::operator!() const' into 'ap_fixed_base<27, 3, true, (ap_q_mode)5, (ap_o_mode)3, 0>& ap_fixed_base<27, 3, true, (ap_q_mode)5, (ap_o_mode)3, 0>::operator=<21, 2, true, (ap_q_mode)5, (ap_o_mode)3, 0>(ap_fixed_base<21, 2, true, (ap_q_mode)5, (ap_o_mode)3, 0> const&)' (C:/Xilinx/Vitis_HLS/2020.2/common/technology/autopilot\ap_fixed_base.h:698:9)
INFO: [HLS 214-131] Inlining function 'ap_fixed_base<27, 3, true, (ap_q_mode)5, (ap_o_mode)3, 0>& ap_fixed_base<27, 3, true, (ap_q_mode)5, (ap_o_mode)3, 0>::operator=<21, 2, true, (ap_q_mode)5, (ap_o_mode)3, 0>(ap_fixed_base<21, 2, true, (ap_q_mode)5, (ap_o_mode)3, 0> const&)' into 'ap_fixed_base<27, 3, true, (ap_q_mode)5, (ap_o_mode)3, 0>::ap_fixed_base<21, 2, true, (ap_q_mode)5, (ap_o_mode)3, 0>(ap_fixed_base<21, 2, true, (ap_q_mode)5, (ap_o_mode)3, 0> const&)' (C:/Xilinx/Vitis_HLS/2020.2/common/technology/autopilot\ap_fixed_base.h:431:5)
INFO: [HLS 214-131] Inlining function 'ap_fixed_base<27, 3, true, (ap_q_mode)5, (ap_o_mode)3, 0>::ap_fixed_base<21, 2, true, (ap_q_mode)5, (ap_o_mode)3, 0>(ap_fixed_base<21, 2, true, (ap_q_mode)5, (ap_o_mode)3, 0> const&)' into 'ap_fixed<27, 3, (ap_q_mode)5, (ap_o_mode)3, 0>::ap_fixed<21, 2, true, (ap_q_mode)5, (ap_o_mode)3, 0>(ap_fixed_base<21, 2, true, (ap_q_mode)5, (ap_o_mode)3, 0> const&)' (C:/Xilinx/Vitis_HLS/2020.2/common/technology/autopilot/ap_fixed.h:75:9)
INFO: [HLS 214-131] Inlining function 'ap_fixed_base<32, 32, true, (ap_q_mode)5, (ap_o_mode)3, 0>::operator!() const' into 'ap_fixed_base<27, 3, true, (ap_q_mode)5, (ap_o_mode)3, 0>& ap_fixed_base<27, 3, true, (ap_q_mode)5, (ap_o_mode)3, 0>::operator=<32, 32, true, (ap_q_mode)5, (ap_o_mode)3, 0>(ap_fixed_base<32, 32, true, (ap_q_mode)5, (ap_o_mode)3, 0> const&)' (C:/Xilinx/Vitis_HLS/2020.2/common/technology/autopilot\ap_fixed_base.h:698:9)
INFO: [HLS 214-131] Inlining function 'ap_fixed_base<27, 3, true, (ap_q_mode)5, (ap_o_mode)3, 0>& ap_fixed_base<27, 3, true, (ap_q_mode)5, (ap_o_mode)3, 0>::operator=<32, 32, true, (ap_q_mode)5, (ap_o_mode)3, 0>(ap_fixed_base<32, 32, true, (ap_q_mode)5, (ap_o_mode)3, 0> const&)' into 'ap_fixed_base<27, 3, true, (ap_q_mode)5, (ap_o_mode)3, 0>::ap_fixed_base(int)' (C:/Xilinx/Vitis_HLS/2020.2/common/technology/autopilot\ap_fixed_base.h:541:146)
INFO: [HLS 214-131] Inlining function 'ap_fixed_base<27, 3, true, (ap_q_mode)5, (ap_o_mode)3, 0>::ap_fixed_base(int)' into 'ap_fixed<27, 3, (ap_q_mode)5, (ap_o_mode)3, 0>::ap_fixed(int)' (C:/Xilinx/Vitis_HLS/2020.2/common/technology/autopilot/ap_fixed.h:183:59)
INFO: [HLS 214-131] Inlining function 'af_bit_ref<27, 3, true, (ap_q_mode)5, (ap_o_mode)3, 0>::af_bit_ref(ap_fixed_base<27, 3, true, (ap_q_mode)5, (ap_o_mode)3, 0>*, int)' into 'ap_fixed_base<27, 3, true, (ap_q_mode)5, (ap_o_mode)3, 0>::operator[](unsigned int)' (C:/Xilinx/Vitis_HLS/2020.2/common/technology/autopilot\ap_fixed_base.h:1516:12)
INFO: [HLS 214-131] Inlining function 'ap_fixed_base<27, 3, true, (ap_q_mode)5, (ap_o_mode)3, 0>::operator<<(unsigned int) const' into 'ap_fixed_base<27, 3, true, (ap_q_mode)5, (ap_o_mode)3, 0>::operator>>(int) const' (C:/Xilinx/Vitis_HLS/2020.2/common/technology/autopilot\ap_fixed_base.h:1369:14)
INFO: [HLS 214-131] Inlining function 'ap_fixed_base<27, 3, true, (ap_q_mode)5, (ap_o_mode)3, 0>::operator>>(unsigned int) const' into 'ap_fixed_base<27, 3, true, (ap_q_mode)5, (ap_o_mode)3, 0>::operator>>(int) const' (C:/Xilinx/Vitis_HLS/2020.2/common/technology/autopilot\ap_fixed_base.h:1371:14)
INFO: [HLS 214-131] Inlining function 'ap_fixed_base<128, 2, false, (ap_q_mode)5, (ap_o_mode)3, 0>::operator!() const' into 'ap_fixed_base<27, 3, true, (ap_q_mode)5, (ap_o_mode)3, 0>& ap_fixed_base<27, 3, true, (ap_q_mode)5, (ap_o_mode)3, 0>::operator=<128, 2, false, (ap_q_mode)5, (ap_o_mode)3, 0>(ap_fixed_base<128, 2, false, (ap_q_mode)5, (ap_o_mode)3, 0> const&)' (C:/Xilinx/Vitis_HLS/2020.2/common/technology/autopilot\ap_fixed_base.h:698:9)
INFO: [HLS 214-131] Inlining function 'ap_fixed_base<27, 3, true, (ap_q_mode)5, (ap_o_mode)3, 0>& ap_fixed_base<27, 3, true, (ap_q_mode)5, (ap_o_mode)3, 0>::operator=<128, 2, false, (ap_q_mode)5, (ap_o_mode)3, 0>(ap_fixed_base<128, 2, false, (ap_q_mode)5, (ap_o_mode)3, 0> const&)' into 'ap_fixed_base<27, 3, true, (ap_q_mode)5, (ap_o_mode)3, 0>::ap_fixed_base<128, 2, false, (ap_q_mode)5, (ap_o_mode)3, 0>(ap_fixed_base<128, 2, false, (ap_q_mode)5, (ap_o_mode)3, 0> const&)' (C:/Xilinx/Vitis_HLS/2020.2/common/technology/autopilot\ap_fixed_base.h:431:5)
INFO: [HLS 214-131] Inlining function 'ap_fixed_base<27, 3, true, (ap_q_mode)5, (ap_o_mode)3, 0>::ap_fixed_base<128, 2, false, (ap_q_mode)5, (ap_o_mode)3, 0>(ap_fixed_base<128, 2, false, (ap_q_mode)5, (ap_o_mode)3, 0> const&)' into 'ap_fixed<27, 3, (ap_q_mode)5, (ap_o_mode)3, 0>::ap_fixed<128, 2, false, (ap_q_mode)5, (ap_o_mode)3, 0>(ap_fixed_base<128, 2, false, (ap_q_mode)5, (ap_o_mode)3, 0> const&)' (C:/Xilinx/Vitis_HLS/2020.2/common/technology/autopilot/ap_fixed.h:75:9)
INFO: [HLS 214-131] Inlining function 'ap_fixed_base<27, 3, true, (ap_q_mode)5, (ap_o_mode)3, 0>::operator!() const' into 'ap_fixed_base<28, 4, true, (ap_q_mode)5, (ap_o_mode)3, 0>& ap_fixed_base<28, 4, true, (ap_q_mode)5, (ap_o_mode)3, 0>::operator=<27, 3, true, (ap_q_mode)5, (ap_o_mode)3, 0>(ap_fixed_base<27, 3, true, (ap_q_mode)5, (ap_o_mode)3, 0> const&)' (C:/Xilinx/Vitis_HLS/2020.2/common/technology/autopilot\ap_fixed_base.h:698:9)
INFO: [HLS 214-131] Inlining function 'ap_fixed_base<28, 4, true, (ap_q_mode)5, (ap_o_mode)3, 0>& ap_fixed_base<28, 4, true, (ap_q_mode)5, (ap_o_mode)3, 0>::operator=<27, 3, true, (ap_q_mode)5, (ap_o_mode)3, 0>(ap_fixed_base<27, 3, true, (ap_q_mode)5, (ap_o_mode)3, 0> const&)' into 'ap_fixed_base<28, 4, true, (ap_q_mode)5, (ap_o_mode)3, 0>::ap_fixed_base<27, 3, true, (ap_q_mode)5, (ap_o_mode)3, 0>(ap_fixed_base<27, 3, true, (ap_q_mode)5, (ap_o_mode)3, 0> const&)' (C:/Xilinx/Vitis_HLS/2020.2/common/technology/autopilot\ap_fixed_base.h:431:5)
INFO: [HLS 214-131] Inlining function 'ap_fixed_base<28, 4, true, (ap_q_mode)5, (ap_o_mode)3, 0>::ap_fixed_base<27, 3, true, (ap_q_mode)5, (ap_o_mode)3, 0>(ap_fixed_base<27, 3, true, (ap_q_mode)5, (ap_o_mode)3, 0> const&)' into 'ap_fixed_base<27, 3, true, (ap_q_mode)5, (ap_o_mode)3, 0>::RType<27, 3, true>::plus ap_fixed_base<27, 3, true, (ap_q_mode)5, (ap_o_mode)3, 0>::operator+<27, 3, true, (ap_q_mode)5, (ap_o_mode)3, 0>(ap_fixed_base<27, 3, true, (ap_q_mode)5, (ap_o_mode)3, 0> const&) const' (C:/Xilinx/Vitis_HLS/2020.2/common/technology/autopilot\ap_fixed_base.h:1192:330)
INFO: [HLS 214-131] Inlining function 'ap_fixed_base<28, 4, true, (ap_q_mode)5, (ap_o_mode)3, 0>::ap_fixed_base<27, 3, true, (ap_q_mode)5, (ap_o_mode)3, 0>(ap_fixed_base<27, 3, true, (ap_q_mode)5, (ap_o_mode)3, 0> const&)' into 'ap_fixed_base<27, 3, true, (ap_q_mode)5, (ap_o_mode)3, 0>::RType<27, 3, true>::plus ap_fixed_base<27, 3, true, (ap_q_mode)5, (ap_o_mode)3, 0>::operator+<27, 3, true, (ap_q_mode)5, (ap_o_mode)3, 0>(ap_fixed_base<27, 3, true, (ap_q_mode)5, (ap_o_mode)3, 0> const&) const' (C:/Xilinx/Vitis_HLS/2020.2/common/technology/autopilot\ap_fixed_base.h:1192:342)
INFO: [HLS 214-131] Inlining function 'ap_fixed_base<28, 4, true, (ap_q_mode)5, (ap_o_mode)3, 0>::operator!() const' into 'ap_fixed_base<27, 3, true, (ap_q_mode)5, (ap_o_mode)3, 0>& ap_fixed_base<27, 3, true, (ap_q_mode)5, (ap_o_mode)3, 0>::operator=<28, 4, true, (ap_q_mode)5, (ap_o_mode)3, 0>(ap_fixed_base<28, 4, true, (ap_q_mode)5, (ap_o_mode)3, 0> const&)' (C:/Xilinx/Vitis_HLS/2020.2/common/technology/autopilot\ap_fixed_base.h:698:9)
INFO: [HLS 214-131] Inlining function 'ap_fixed_base<27, 3, true, (ap_q_mode)5, (ap_o_mode)3, 0>& ap_fixed_base<27, 3, true, (ap_q_mode)5, (ap_o_mode)3, 0>::operator=<28, 4, true, (ap_q_mode)5, (ap_o_mode)3, 0>(ap_fixed_base<28, 4, true, (ap_q_mode)5, (ap_o_mode)3, 0> const&)' into 'ap_fixed_base<27, 3, true, (ap_q_mode)5, (ap_o_mode)3, 0>::ap_fixed_base<28, 4, true, (ap_q_mode)5, (ap_o_mode)3, 0>(ap_fixed_base<28, 4, true, (ap_q_mode)5, (ap_o_mode)3, 0> const&)' (C:/Xilinx/Vitis_HLS/2020.2/common/technology/autopilot\ap_fixed_base.h:431:5)
INFO: [HLS 214-131] Inlining function 'ap_fixed_base<27, 3, true, (ap_q_mode)5, (ap_o_mode)3, 0>::ap_fixed_base<28, 4, true, (ap_q_mode)5, (ap_o_mode)3, 0>(ap_fixed_base<28, 4, true, (ap_q_mode)5, (ap_o_mode)3, 0> const&)' into 'ap_fixed<27, 3, (ap_q_mode)5, (ap_o_mode)3, 0>::ap_fixed<28, 4, true, (ap_q_mode)5, (ap_o_mode)3, 0>(ap_fixed_base<28, 4, true, (ap_q_mode)5, (ap_o_mode)3, 0> const&)' (C:/Xilinx/Vitis_HLS/2020.2/common/technology/autopilot/ap_fixed.h:75:9)
INFO: [HLS 214-131] Inlining function 'ap_fixed_base<28, 4, true, (ap_q_mode)5, (ap_o_mode)3, 0>::ap_fixed_base<27, 3, true, (ap_q_mode)5, (ap_o_mode)3, 0>(ap_fixed_base<27, 3, true, (ap_q_mode)5, (ap_o_mode)3, 0> const&)' into 'ap_fixed_base<27, 3, true, (ap_q_mode)5, (ap_o_mode)3, 0>::RType<27, 3, true>::minus ap_fixed_base<27, 3, true, (ap_q_mode)5, (ap_o_mode)3, 0>::operator-<27, 3, true, (ap_q_mode)5, (ap_o_mode)3, 0>(ap_fixed_base<27, 3, true, (ap_q_mode)5, (ap_o_mode)3, 0> const&) const' (C:/Xilinx/Vitis_HLS/2020.2/common/technology/autopilot\ap_fixed_base.h:1193:332)
INFO: [HLS 214-131] Inlining function 'ap_fixed_base<28, 4, true, (ap_q_mode)5, (ap_o_mode)3, 0>::ap_fixed_base<27, 3, true, (ap_q_mode)5, (ap_o_mode)3, 0>(ap_fixed_base<27, 3, true, (ap_q_mode)5, (ap_o_mode)3, 0> const&)' into 'ap_fixed_base<27, 3, true, (ap_q_mode)5, (ap_o_mode)3, 0>::RType<27, 3, true>::minus ap_fixed_base<27, 3, true, (ap_q_mode)5, (ap_o_mode)3, 0>::operator-<27, 3, true, (ap_q_mode)5, (ap_o_mode)3, 0>(ap_fixed_base<27, 3, true, (ap_q_mode)5, (ap_o_mode)3, 0> const&) const' (C:/Xilinx/Vitis_HLS/2020.2/common/technology/autopilot\ap_fixed_base.h:1193:344)
INFO: [HLS 214-131] Inlining function 'ap_fixed_base<27, 3, true, (ap_q_mode)5, (ap_o_mode)3, 0>::operator[](unsigned int)' into 'void cordic_apfixed::cordic_circ_apfixed<27, 3, 1>(ap_fixed<27, 3, (ap_q_mode)5, (ap_o_mode)3, 0>&, ap_fixed<27, 3, (ap_q_mode)5, (ap_o_mode)3, 0>&, ap_fixed<27, 3, (ap_q_mode)5, (ap_o_mode)3, 0>&)' (C:/Xilinx/Vitis_HLS/2020.2/common/technology/autopilot/hls_cordic_apfixed.h:91:14)
INFO: [HLS 214-131] Inlining function 'ap_fixed_base<27, 3, true, (ap_q_mode)5, (ap_o_mode)3, 0>::RType<27, 3, true>::minus ap_fixed_base<27, 3, true, (ap_q_mode)5, (ap_o_mode)3, 0>::operator-<27, 3, true, (ap_q_mode)5, (ap_o_mode)3, 0>(ap_fixed_base<27, 3, true, (ap_q_mode)5, (ap_o_mode)3, 0> const&) const' into 'void cordic_apfixed::cordic_circ_apfixed<27, 3, 1>(ap_fixed<27, 3, (ap_q_mode)5, (ap_o_mode)3, 0>&, ap_fixed<27, 3, (ap_q_mode)5, (ap_o_mode)3, 0>&, ap_fixed<27, 3, (ap_q_mode)5, (ap_o_mode)3, 0>&)' (C:/Xilinx/Vitis_HLS/2020.2/common/technology/autopilot/hls_cordic_apfixed.h:109:16)
INFO: [HLS 214-131] Inlining function 'ap_fixed_base<27, 3, true, (ap_q_mode)5, (ap_o_mode)3, 0>::RType<27, 3, true>::plus ap_fixed_base<27, 3, true, (ap_q_mode)5, (ap_o_mode)3, 0>::operator+<27, 3, true, (ap_q_mode)5, (ap_o_mode)3, 0>(ap_fixed_base<27, 3, true, (ap_q_mode)5, (ap_o_mode)3, 0> const&) const' into 'void cordic_apfixed::cordic_circ_apfixed<27, 3, 1>(ap_fixed<27, 3, (ap_q_mode)5, (ap_o_mode)3, 0>&, ap_fixed<27, 3, (ap_q_mode)5, (ap_o_mode)3, 0>&, ap_fixed<27, 3, (ap_q_mode)5, (ap_o_mode)3, 0>&)' (C:/Xilinx/Vitis_HLS/2020.2/common/technology/autopilot/hls_cordic_apfixed.h:108:16)
INFO: [HLS 214-131] Inlining function 'ap_fixed_base<27, 3, true, (ap_q_mode)5, (ap_o_mode)3, 0>::RType<27, 3, true>::minus ap_fixed_base<27, 3, true, (ap_q_mode)5, (ap_o_mode)3, 0>::operator-<27, 3, true, (ap_q_mode)5, (ap_o_mode)3, 0>(ap_fixed_base<27, 3, true, (ap_q_mode)5, (ap_o_mode)3, 0> const&) const' into 'void cordic_apfixed::cordic_circ_apfixed<27, 3, 1>(ap_fixed<27, 3, (ap_q_mode)5, (ap_o_mode)3, 0>&, ap_fixed<27, 3, (ap_q_mode)5, (ap_o_mode)3, 0>&, ap_fixed<27, 3, (ap_q_mode)5, (ap_o_mode)3, 0>&)' (C:/Xilinx/Vitis_HLS/2020.2/common/technology/autopilot/hls_cordic_apfixed.h:107:16)
INFO: [HLS 214-131] Inlining function 'ap_fixed_base<27, 3, true, (ap_q_mode)5, (ap_o_mode)3, 0>::RType<27, 3, true>::plus ap_fixed_base<27, 3, true, (ap_q_mode)5, (ap_o_mode)3, 0>::operator+<27, 3, true, (ap_q_mode)5, (ap_o_mode)3, 0>(ap_fixed_base<27, 3, true, (ap_q_mode)5, (ap_o_mode)3, 0> const&) const' into 'void cordic_apfixed::cordic_circ_apfixed<27, 3, 1>(ap_fixed<27, 3, (ap_q_mode)5, (ap_o_mode)3, 0>&, ap_fixed<27, 3, (ap_q_mode)5, (ap_o_mode)3, 0>&, ap_fixed<27, 3, (ap_q_mode)5, (ap_o_mode)3, 0>&)' (C:/Xilinx/Vitis_HLS/2020.2/common/technology/autopilot/hls_cordic_apfixed.h:104:16)
INFO: [HLS 214-131] Inlining function 'ap_fixed_base<27, 3, true, (ap_q_mode)5, (ap_o_mode)3, 0>::RType<27, 3, true>::minus ap_fixed_base<27, 3, true, (ap_q_mode)5, (ap_o_mode)3, 0>::operator-<27, 3, true, (ap_q_mode)5, (ap_o_mode)3, 0>(ap_fixed_base<27, 3, true, (ap_q_mode)5, (ap_o_mode)3, 0> const&) const' into 'void cordic_apfixed::cordic_circ_apfixed<27, 3, 1>(ap_fixed<27, 3, (ap_q_mode)5, (ap_o_mode)3, 0>&, ap_fixed<27, 3, (ap_q_mode)5, (ap_o_mode)3, 0>&, ap_fixed<27, 3, (ap_q_mode)5, (ap_o_mode)3, 0>&)' (C:/Xilinx/Vitis_HLS/2020.2/common/technology/autopilot/hls_cordic_apfixed.h:103:16)
INFO: [HLS 214-131] Inlining function 'ap_fixed_base<27, 3, true, (ap_q_mode)5, (ap_o_mode)3, 0>::RType<27, 3, true>::plus ap_fixed_base<27, 3, true, (ap_q_mode)5, (ap_o_mode)3, 0>::operator+<27, 3, true, (ap_q_mode)5, (ap_o_mode)3, 0>(ap_fixed_base<27, 3, true, (ap_q_mode)5, (ap_o_mode)3, 0> const&) const' into 'void cordic_apfixed::cordic_circ_apfixed<27, 3, 1>(ap_fixed<27, 3, (ap_q_mode)5, (ap_o_mode)3, 0>&, ap_fixed<27, 3, (ap_q_mode)5, (ap_o_mode)3, 0>&, ap_fixed<27, 3, (ap_q_mode)5, (ap_o_mode)3, 0>&)' (C:/Xilinx/Vitis_HLS/2020.2/common/technology/autopilot/hls_cordic_apfixed.h:102:16)
INFO: [HLS 214-131] Inlining function 'ap_int_base<1, false>::operator unsigned long long() const' into 'void cordic_apfixed::cordic_circ_apfixed<27, 3, 1>(ap_fixed<27, 3, (ap_q_mode)5, (ap_o_mode)3, 0>&, ap_fixed<27, 3, (ap_q_mode)5, (ap_o_mode)3, 0>&, ap_fixed<27, 3, (ap_q_mode)5, (ap_o_mode)3, 0>&)' (C:/Xilinx/Vitis_HLS/2020.2/common/technology/autopilot/hls_cordic_apfixed.h:101:10)
INFO: [HLS 214-131] Inlining function 'ap_fixed_base<27, 3, true, (ap_q_mode)5, (ap_o_mode)3, 0>::operator>>(int) const' into 'void cordic_apfixed::cordic_circ_apfixed<27, 3, 1>(ap_fixed<27, 3, (ap_q_mode)5, (ap_o_mode)3, 0>&, ap_fixed<27, 3, (ap_q_mode)5, (ap_o_mode)3, 0>&, ap_fixed<27, 3, (ap_q_mode)5, (ap_o_mode)3, 0>&)' (C:/Xilinx/Vitis_HLS/2020.2/common/technology/autopilot/hls_cordic_apfixed.h:98:15)
INFO: [HLS 214-131] Inlining function 'ap_fixed_base<27, 3, true, (ap_q_mode)5, (ap_o_mode)3, 0>::operator>>(int) const' into 'void cordic_apfixed::cordic_circ_apfixed<27, 3, 1>(ap_fixed<27, 3, (ap_q_mode)5, (ap_o_mode)3, 0>&, ap_fixed<27, 3, (ap_q_mode)5, (ap_o_mode)3, 0>&, ap_fixed<27, 3, (ap_q_mode)5, (ap_o_mode)3, 0>&)' (C:/Xilinx/Vitis_HLS/2020.2/common/technology/autopilot/hls_cordic_apfixed.h:97:15)
INFO: [HLS 214-131] Inlining function 'ap_uint<1>::ap_uint(bool)' into 'void cordic_apfixed::cordic_circ_apfixed<27, 3, 1>(ap_fixed<27, 3, (ap_q_mode)5, (ap_o_mode)3, 0>&, ap_fixed<27, 3, (ap_q_mode)5, (ap_o_mode)3, 0>&, ap_fixed<27, 3, (ap_q_mode)5, (ap_o_mode)3, 0>&)' (C:/Xilinx/Vitis_HLS/2020.2/common/technology/autopilot/hls_cordic_apfixed.h:91:13)
INFO: [HLS 214-131] Inlining function 'af_bit_ref<27, 3, true, (ap_q_mode)5, (ap_o_mode)3, 0>::operator~() const' into 'void cordic_apfixed::cordic_circ_apfixed<27, 3, 1>(ap_fixed<27, 3, (ap_q_mode)5, (ap_o_mode)3, 0>&, ap_fixed<27, 3, (ap_q_mode)5, (ap_o_mode)3, 0>&, ap_fixed<27, 3, (ap_q_mode)5, (ap_o_mode)3, 0>&)' (C:/Xilinx/Vitis_HLS/2020.2/common/technology/autopilot/hls_cordic_apfixed.h:91:13)
INFO: [HLS 214-131] Inlining function 'ap_fixed_base<22, 3, true, (ap_q_mode)5, (ap_o_mode)3, 0>::operator!() const' into 'ap_fixed_base<28, 4, true, (ap_q_mode)5, (ap_o_mode)3, 0>& ap_fixed_base<28, 4, true, (ap_q_mode)5, (ap_o_mode)3, 0>::operator=<22, 3, true, (ap_q_mode)5, (ap_o_mode)3, 0>(ap_fixed_base<22, 3, true, (ap_q_mode)5, (ap_o_mode)3, 0> const&)' (C:/Xilinx/Vitis_HLS/2020.2/common/technology/autopilot\ap_fixed_base.h:698:9)
INFO: [HLS 214-131] Inlining function 'ap_fixed_base<28, 4, true, (ap_q_mode)5, (ap_o_mode)3, 0>& ap_fixed_base<28, 4, true, (ap_q_mode)5, (ap_o_mode)3, 0>::operator=<22, 3, true, (ap_q_mode)5, (ap_o_mode)3, 0>(ap_fixed_base<22, 3, true, (ap_q_mode)5, (ap_o_mode)3, 0> const&)' into 'ap_fixed_base<28, 4, true, (ap_q_mode)5, (ap_o_mode)3, 0>::ap_fixed_base<22, 3, true, (ap_q_mode)5, (ap_o_mode)3, 0>(ap_fixed_base<22, 3, true, (ap_q_mode)5, (ap_o_mode)3, 0> const&)' (C:/Xilinx/Vitis_HLS/2020.2/common/technology/autopilot\ap_fixed_base.h:431:5)
INFO: [HLS 214-131] Inlining function 'ap_fixed_base<28, 4, true, (ap_q_mode)5, (ap_o_mode)3, 0>::ap_fixed_base<22, 3, true, (ap_q_mode)5, (ap_o_mode)3, 0>(ap_fixed_base<22, 3, true, (ap_q_mode)5, (ap_o_mode)3, 0> const&)' into 'ap_fixed_base<22, 3, true, (ap_q_mode)5, (ap_o_mode)3, 0>::RType<27, 3, true>::minus ap_fixed_base<22, 3, true, (ap_q_mode)5, (ap_o_mode)3, 0>::operator-<27, 3, true, (ap_q_mode)5, (ap_o_mode)3, 0>(ap_fixed_base<27, 3, true, (ap_q_mode)5, (ap_o_mode)3, 0> const&) const' (C:/Xilinx/Vitis_HLS/2020.2/common/technology/autopilot\ap_fixed_base.h:1193:332)
INFO: [HLS 214-131] Inlining function 'ap_fixed_base<28, 4, true, (ap_q_mode)5, (ap_o_mode)3, 0>::ap_fixed_base<27, 3, true, (ap_q_mode)5, (ap_o_mode)3, 0>(ap_fixed_base<27, 3, true, (ap_q_mode)5, (ap_o_mode)3, 0> const&)' into 'ap_fixed_base<22, 3, true, (ap_q_mode)5, (ap_o_mode)3, 0>::RType<27, 3, true>::minus ap_fixed_base<22, 3, true, (ap_q_mode)5, (ap_o_mode)3, 0>::operator-<27, 3, true, (ap_q_mode)5, (ap_o_mode)3, 0>(ap_fixed_base<27, 3, true, (ap_q_mode)5, (ap_o_mode)3, 0> const&) const' (C:/Xilinx/Vitis_HLS/2020.2/common/technology/autopilot\ap_fixed_base.h:1193:344)
INFO: [HLS 214-131] Inlining function 'ap_fixed_base<21, 3, true, (ap_q_mode)5, (ap_o_mode)3, 0>::operator!() const' into 'ap_fixed_base<28, 4, true, (ap_q_mode)5, (ap_o_mode)3, 0>& ap_fixed_base<28, 4, true, (ap_q_mode)5, (ap_o_mode)3, 0>::operator=<21, 3, true, (ap_q_mode)5, (ap_o_mode)3, 0>(ap_fixed_base<21, 3, true, (ap_q_mode)5, (ap_o_mode)3, 0> const&)' (C:/Xilinx/Vitis_HLS/2020.2/common/technology/autopilot\ap_fixed_base.h:698:9)
INFO: [HLS 214-131] Inlining function 'ap_fixed_base<28, 4, true, (ap_q_mode)5, (ap_o_mode)3, 0>& ap_fixed_base<28, 4, true, (ap_q_mode)5, (ap_o_mode)3, 0>::operator=<21, 3, true, (ap_q_mode)5, (ap_o_mode)3, 0>(ap_fixed_base<21, 3, true, (ap_q_mode)5, (ap_o_mode)3, 0> const&)' into 'ap_fixed_base<28, 4, true, (ap_q_mode)5, (ap_o_mode)3, 0>::ap_fixed_base<21, 3, true, (ap_q_mode)5, (ap_o_mode)3, 0>(ap_fixed_base<21, 3, true, (ap_q_mode)5, (ap_o_mode)3, 0> const&)' (C:/Xilinx/Vitis_HLS/2020.2/common/technology/autopilot\ap_fixed_base.h:431:5)
INFO: [HLS 214-131] Inlining function 'ap_fixed_base<28, 4, true, (ap_q_mode)5, (ap_o_mode)3, 0>::ap_fixed_base<21, 3, true, (ap_q_mode)5, (ap_o_mode)3, 0>(ap_fixed_base<21, 3, true, (ap_q_mode)5, (ap_o_mode)3, 0> const&)' into 'ap_fixed_base<21, 3, true, (ap_q_mode)5, (ap_o_mode)3, 0>::RType<27, 3, true>::minus ap_fixed_base<21, 3, true, (ap_q_mode)5, (ap_o_mode)3, 0>::operator-<27, 3, true, (ap_q_mode)5, (ap_o_mode)3, 0>(ap_fixed_base<27, 3, true, (ap_q_mode)5, (ap_o_mode)3, 0> const&) const' (C:/Xilinx/Vitis_HLS/2020.2/common/technology/autopilot\ap_fixed_base.h:1193:332)
INFO: [HLS 214-131] Inlining function 'ap_fixed_base<28, 4, true, (ap_q_mode)5, (ap_o_mode)3, 0>::ap_fixed_base<27, 3, true, (ap_q_mode)5, (ap_o_mode)3, 0>(ap_fixed_base<27, 3, true, (ap_q_mode)5, (ap_o_mode)3, 0> const&)' into 'ap_fixed_base<21, 3, true, (ap_q_mode)5, (ap_o_mode)3, 0>::RType<27, 3, true>::minus ap_fixed_base<21, 3, true, (ap_q_mode)5, (ap_o_mode)3, 0>::operator-<27, 3, true, (ap_q_mode)5, (ap_o_mode)3, 0>(ap_fixed_base<27, 3, true, (ap_q_mode)5, (ap_o_mode)3, 0> const&) const' (C:/Xilinx/Vitis_HLS/2020.2/common/technology/autopilot\ap_fixed_base.h:1193:344)
INFO: [HLS 214-131] Inlining function 'ap_fixed_base<28, 4, true, (ap_q_mode)5, (ap_o_mode)3, 0>::operator!() const' into 'ap_fixed_base<20, 3, true, (ap_q_mode)5, (ap_o_mode)3, 0>& ap_fixed_base<20, 3, true, (ap_q_mode)5, (ap_o_mode)3, 0>::operator=<28, 4, true, (ap_q_mode)5, (ap_o_mode)3, 0>(ap_fixed_base<28, 4, true, (ap_q_mode)5, (ap_o_mode)3, 0> const&)' (C:/Xilinx/Vitis_HLS/2020.2/common/technology/autopilot\ap_fixed_base.h:698:9)
INFO: [HLS 214-131] Inlining function 'ap_fixed_base<20, 3, true, (ap_q_mode)5, (ap_o_mode)3, 0>& ap_fixed_base<20, 3, true, (ap_q_mode)5, (ap_o_mode)3, 0>::operator=<28, 4, true, (ap_q_mode)5, (ap_o_mode)3, 0>(ap_fixed_base<28, 4, true, (ap_q_mode)5, (ap_o_mode)3, 0> const&)' into 'ap_fixed_base<20, 3, true, (ap_q_mode)5, (ap_o_mode)3, 0>::ap_fixed_base<28, 4, true, (ap_q_mode)5, (ap_o_mode)3, 0>(ap_fixed_base<28, 4, true, (ap_q_mode)5, (ap_o_mode)3, 0> const&)' (C:/Xilinx/Vitis_HLS/2020.2/common/technology/autopilot\ap_fixed_base.h:431:5)
INFO: [HLS 214-131] Inlining function 'ap_fixed_base<20, 3, true, (ap_q_mode)5, (ap_o_mode)3, 0>::ap_fixed_base<28, 4, true, (ap_q_mode)5, (ap_o_mode)3, 0>(ap_fixed_base<28, 4, true, (ap_q_mode)5, (ap_o_mode)3, 0> const&)' into 'ap_fixed<20, 3, (ap_q_mode)5, (ap_o_mode)3, 0>::ap_fixed<28, 4, true, (ap_q_mode)5, (ap_o_mode)3, 0>(ap_fixed_base<28, 4, true, (ap_q_mode)5, (ap_o_mode)3, 0> const&)' (C:/Xilinx/Vitis_HLS/2020.2/common/technology/autopilot/ap_fixed.h:75:9)
INFO: [HLS 214-131] Inlining function 'ap_fixed_base<28, 4, true, (ap_q_mode)5, (ap_o_mode)3, 0>::ap_fixed_base<27, 3, true, (ap_q_mode)5, (ap_o_mode)3, 0>(ap_fixed_base<27, 3, true, (ap_q_mode)5, (ap_o_mode)3, 0> const&)' into 'ap_fixed_base<27, 3, true, (ap_q_mode)5, (ap_o_mode)3, 0>::RType<21, 3, true>::minus ap_fixed_base<27, 3, true, (ap_q_mode)5, (ap_o_mode)3, 0>::operator-<21, 3, true, (ap_q_mode)5, (ap_o_mode)3, 0>(ap_fixed_base<21, 3, true, (ap_q_mode)5, (ap_o_mode)3, 0> const&) const' (C:/Xilinx/Vitis_HLS/2020.2/common/technology/autopilot\ap_fixed_base.h:1193:332)
INFO: [HLS 214-131] Inlining function 'ap_fixed_base<28, 4, true, (ap_q_mode)5, (ap_o_mode)3, 0>::ap_fixed_base<21, 3, true, (ap_q_mode)5, (ap_o_mode)3, 0>(ap_fixed_base<21, 3, true, (ap_q_mode)5, (ap_o_mode)3, 0> const&)' into 'ap_fixed_base<27, 3, true, (ap_q_mode)5, (ap_o_mode)3, 0>::RType<21, 3, true>::minus ap_fixed_base<27, 3, true, (ap_q_mode)5, (ap_o_mode)3, 0>::operator-<21, 3, true, (ap_q_mode)5, (ap_o_mode)3, 0>(ap_fixed_base<21, 3, true, (ap_q_mode)5, (ap_o_mode)3, 0> const&) const' (C:/Xilinx/Vitis_HLS/2020.2/common/technology/autopilot\ap_fixed_base.h:1193:344)
INFO: [HLS 214-131] Inlining function 'ap_fixed_base<28, 4, true, (ap_q_mode)5, (ap_o_mode)3, 0>::ap_fixed_base<27, 3, true, (ap_q_mode)5, (ap_o_mode)3, 0>(ap_fixed_base<27, 3, true, (ap_q_mode)5, (ap_o_mode)3, 0> const&)' into 'ap_fixed_base<27, 3, true, (ap_q_mode)5, (ap_o_mode)3, 0>::operator-() const' (C:/Xilinx/Vitis_HLS/2020.2/common/technology/autopilot\ap_fixed_base.h:1252:47)
INFO: [HLS 214-131] Inlining function 'ap_fixed_base<27, 3, true, (ap_q_mode)5, (ap_o_mode)3, 0>::operator!() const' into 'ap_fixed_base<20, 3, true, (ap_q_mode)5, (ap_o_mode)3, 0>& ap_fixed_base<20, 3, true, (ap_q_mode)5, (ap_o_mode)3, 0>::operator=<27, 3, true, (ap_q_mode)5, (ap_o_mode)3, 0>(ap_fixed_base<27, 3, true, (ap_q_mode)5, (ap_o_mode)3, 0> const&)' (C:/Xilinx/Vitis_HLS/2020.2/common/technology/autopilot\ap_fixed_base.h:698:9)
INFO: [HLS 214-131] Inlining function 'ap_fixed_base<20, 3, true, (ap_q_mode)5, (ap_o_mode)3, 0>& ap_fixed_base<20, 3, true, (ap_q_mode)5, (ap_o_mode)3, 0>::operator=<27, 3, true, (ap_q_mode)5, (ap_o_mode)3, 0>(ap_fixed_base<27, 3, true, (ap_q_mode)5, (ap_o_mode)3, 0> const&)' into 'ap_fixed_base<20, 3, true, (ap_q_mode)5, (ap_o_mode)3, 0>::ap_fixed_base<27, 3, true, (ap_q_mode)5, (ap_o_mode)3, 0>(ap_fixed_base<27, 3, true, (ap_q_mode)5, (ap_o_mode)3, 0> const&)' (C:/Xilinx/Vitis_HLS/2020.2/common/technology/autopilot\ap_fixed_base.h:431:5)
INFO: [HLS 214-131] Inlining function 'ap_fixed_base<20, 3, true, (ap_q_mode)5, (ap_o_mode)3, 0>::ap_fixed_base<27, 3, true, (ap_q_mode)5, (ap_o_mode)3, 0>(ap_fixed_base<27, 3, true, (ap_q_mode)5, (ap_o_mode)3, 0> const&)' into 'ap_fixed<20, 3, (ap_q_mode)5, (ap_o_mode)3, 0>::ap_fixed<27, 3, true, (ap_q_mode)5, (ap_o_mode)3, 0>(ap_fixed_base<27, 3, true, (ap_q_mode)5, (ap_o_mode)3, 0> const&)' (C:/Xilinx/Vitis_HLS/2020.2/common/technology/autopilot/ap_fixed.h:75:9)
INFO: [HLS 214-131] Inlining function 'bool operator><20, 20, true, (ap_q_mode)5, (ap_o_mode)3, 0>(ap_fixed_base<20, 20, true, (ap_q_mode)5, (ap_o_mode)3, 0> const&, int)' into 'ap_fixed<20, 3, (ap_q_mode)5, (ap_o_mode)3, 0> cordic_apfixed::generic_atan2<20, 20>(ap_fixed<20, 20, (ap_q_mode)5, (ap_o_mode)3, 0>, ap_fixed<20, 20, (ap_q_mode)5, (ap_o_mode)3, 0>)' (C:/Xilinx/Vitis_HLS/2020.2/common/technology/autopilot/hls_cordic_apfixed.h:601:31)
INFO: [HLS 214-131] Inlining function 'ap_fixed_base<27, 3, true, (ap_q_mode)5, (ap_o_mode)3, 0>::operator-() const' into 'ap_fixed<20, 3, (ap_q_mode)5, (ap_o_mode)3, 0> cordic_apfixed::generic_atan2<20, 20>(ap_fixed<20, 20, (ap_q_mode)5, (ap_o_mode)3, 0>, ap_fixed<20, 20, (ap_q_mode)5, (ap_o_mode)3, 0>)' (C:/Xilinx/Vitis_HLS/2020.2/common/technology/autopilot/hls_cordic_apfixed.h:688:13)
INFO: [HLS 214-131] Inlining function 'bool operator==<2, false>(ap_int_base<2, false> const&, int)' into 'ap_fixed<20, 3, (ap_q_mode)5, (ap_o_mode)3, 0> cordic_apfixed::generic_atan2<20, 20>(ap_fixed<20, 20, (ap_q_mode)5, (ap_o_mode)3, 0>, ap_fixed<20, 20, (ap_q_mode)5, (ap_o_mode)3, 0>)' (C:/Xilinx/Vitis_HLS/2020.2/common/technology/autopilot/hls_cordic_apfixed.h:687:35)
INFO: [HLS 214-131] Inlining function 'bool operator==<2, false>(ap_int_base<2, false> const&, int)' into 'ap_fixed<20, 3, (ap_q_mode)5, (ap_o_mode)3, 0> cordic_apfixed::generic_atan2<20, 20>(ap_fixed<20, 20, (ap_q_mode)5, (ap_o_mode)3, 0>, ap_fixed<20, 20, (ap_q_mode)5, (ap_o_mode)3, 0>)' (C:/Xilinx/Vitis_HLS/2020.2/common/technology/autopilot/hls_cordic_apfixed.h:687:20)
INFO: [HLS 214-131] Inlining function 'ap_fixed_base<27, 3, true, (ap_q_mode)5, (ap_o_mode)3, 0>::RType<21, 3, true>::minus ap_fixed_base<27, 3, true, (ap_q_mode)5, (ap_o_mode)3, 0>::operator-<21, 3, true, (ap_q_mode)5, (ap_o_mode)3, 0>(ap_fixed_base<21, 3, true, (ap_q_mode)5, (ap_o_mode)3, 0> const&) const' into 'ap_fixed<20, 3, (ap_q_mode)5, (ap_o_mode)3, 0> cordic_apfixed::generic_atan2<20, 20>(ap_fixed<20, 20, (ap_q_mode)5, (ap_o_mode)3, 0>, ap_fixed<20, 20, (ap_q_mode)5, (ap_o_mode)3, 0>)' (C:/Xilinx/Vitis_HLS/2020.2/common/technology/autopilot/hls_cordic_apfixed.h:685:15)
INFO: [HLS 214-131] Inlining function 'bool operator==<2, false>(ap_int_base<2, false> const&, int)' into 'ap_fixed<20, 3, (ap_q_mode)5, (ap_o_mode)3, 0> cordic_apfixed::generic_atan2<20, 20>(ap_fixed<20, 20, (ap_q_mode)5, (ap_o_mode)3, 0>, ap_fixed<20, 20, (ap_q_mode)5, (ap_o_mode)3, 0>)' (C:/Xilinx/Vitis_HLS/2020.2/common/technology/autopilot/hls_cordic_apfixed.h:684:35)
INFO: [HLS 214-131] Inlining function 'bool operator==<2, false>(ap_int_base<2, false> const&, int)' into 'ap_fixed<20, 3, (ap_q_mode)5, (ap_o_mode)3, 0> cordic_apfixed::generic_atan2<20, 20>(ap_fixed<20, 20, (ap_q_mode)5, (ap_o_mode)3, 0>, ap_fixed<20, 20, (ap_q_mode)5, (ap_o_mode)3, 0>)' (C:/Xilinx/Vitis_HLS/2020.2/common/technology/autopilot/hls_cordic_apfixed.h:684:20)
INFO: [HLS 214-131] Inlining function 'ap_fixed_base<21, 3, true, (ap_q_mode)5, (ap_o_mode)3, 0>::RType<27, 3, true>::minus ap_fixed_base<21, 3, true, (ap_q_mode)5, (ap_o_mode)3, 0>::operator-<27, 3, true, (ap_q_mode)5, (ap_o_mode)3, 0>(ap_fixed_base<27, 3, true, (ap_q_mode)5, (ap_o_mode)3, 0> const&) const' into 'ap_fixed<20, 3, (ap_q_mode)5, (ap_o_mode)3, 0> cordic_apfixed::generic_atan2<20, 20>(ap_fixed<20, 20, (ap_q_mode)5, (ap_o_mode)3, 0>, ap_fixed<20, 20, (ap_q_mode)5, (ap_o_mode)3, 0>)' (C:/Xilinx/Vitis_HLS/2020.2/common/technology/autopilot/hls_cordic_apfixed.h:682:16)
INFO: [HLS 214-131] Inlining function 'bool operator==<2, false>(ap_int_base<2, false> const&, int)' into 'ap_fixed<20, 3, (ap_q_mode)5, (ap_o_mode)3, 0> cordic_apfixed::generic_atan2<20, 20>(ap_fixed<20, 20, (ap_q_mode)5, (ap_o_mode)3, 0>, ap_fixed<20, 20, (ap_q_mode)5, (ap_o_mode)3, 0>)' (C:/Xilinx/Vitis_HLS/2020.2/common/technology/autopilot/hls_cordic_apfixed.h:681:30)
INFO: [HLS 214-131] Inlining function 'bool operator==<2, false>(ap_int_base<2, false> const&, int)' into 'ap_fixed<20, 3, (ap_q_mode)5, (ap_o_mode)3, 0> cordic_apfixed::generic_atan2<20, 20>(ap_fixed<20, 20, (ap_q_mode)5, (ap_o_mode)3, 0>, ap_fixed<20, 20, (ap_q_mode)5, (ap_o_mode)3, 0>)' (C:/Xilinx/Vitis_HLS/2020.2/common/technology/autopilot/hls_cordic_apfixed.h:681:15)
INFO: [HLS 214-131] Inlining function 'ap_fixed_base<22, 3, true, (ap_q_mode)5, (ap_o_mode)3, 0>::RType<27, 3, true>::minus ap_fixed_base<22, 3, true, (ap_q_mode)5, (ap_o_mode)3, 0>::operator-<27, 3, true, (ap_q_mode)5, (ap_o_mode)3, 0>(ap_fixed_base<27, 3, true, (ap_q_mode)5, (ap_o_mode)3, 0> const&) const' into 'ap_fixed<20, 3, (ap_q_mode)5, (ap_o_mode)3, 0> cordic_apfixed::generic_atan2<20, 20>(ap_fixed<20, 20, (ap_q_mode)5, (ap_o_mode)3, 0>, ap_fixed<20, 20, (ap_q_mode)5, (ap_o_mode)3, 0>)' (C:/Xilinx/Vitis_HLS/2020.2/common/technology/autopilot/hls_cordic_apfixed.h:678:15)
INFO: [HLS 214-131] Inlining function 'bool ap_fixed_base<21, 21, true, (ap_q_mode)5, (ap_o_mode)3, 0>::operator><21, 21, true, (ap_q_mode)5, (ap_o_mode)3, 0>(ap_fixed_base<21, 21, true, (ap_q_mode)5, (ap_o_mode)3, 0> const&) const' into 'ap_fixed<20, 3, (ap_q_mode)5, (ap_o_mode)3, 0> cordic_apfixed::generic_atan2<20, 20>(ap_fixed<20, 20, (ap_q_mode)5, (ap_o_mode)3, 0>, ap_fixed<20, 20, (ap_q_mode)5, (ap_o_mode)3, 0>)' (C:/Xilinx/Vitis_HLS/2020.2/common/technology/autopilot/hls_cordic_apfixed.h:677:15)
INFO: [HLS 214-131] Inlining function 'bool operator==<20, 20, true, (ap_q_mode)5, (ap_o_mode)3, 0>(ap_fixed_base<20, 20, true, (ap_q_mode)5, (ap_o_mode)3, 0> const&, int)' into 'ap_fixed<20, 3, (ap_q_mode)5, (ap_o_mode)3, 0> cordic_apfixed::generic_atan2<20, 20>(ap_fixed<20, 20, (ap_q_mode)5, (ap_o_mode)3, 0>, ap_fixed<20, 20, (ap_q_mode)5, (ap_o_mode)3, 0>)' (C:/Xilinx/Vitis_HLS/2020.2/common/technology/autopilot/hls_cordic_apfixed.h:601:45)
INFO: [HLS 214-131] Inlining function 'bool ap_fixed_base<21, 21, true, (ap_q_mode)5, (ap_o_mode)3, 0>::operator><21, 21, true, (ap_q_mode)5, (ap_o_mode)3, 0>(ap_fixed_base<21, 21, true, (ap_q_mode)5, (ap_o_mode)3, 0> const&) const' into 'ap_fixed<20, 3, (ap_q_mode)5, (ap_o_mode)3, 0> cordic_apfixed::generic_atan2<20, 20>(ap_fixed<20, 20, (ap_q_mode)5, (ap_o_mode)3, 0>, ap_fixed<20, 20, (ap_q_mode)5, (ap_o_mode)3, 0>)' (C:/Xilinx/Vitis_HLS/2020.2/common/technology/autopilot/hls_cordic_apfixed.h:665:15)
INFO: [HLS 214-131] Inlining function 'af_bit_ref<21, 2, true, (ap_q_mode)5, (ap_o_mode)3, 0>& af_bit_ref<21, 2, true, (ap_q_mode)5, (ap_o_mode)3, 0>::operator=<21, 21, true, (ap_q_mode)5, (ap_o_mode)3, 0>(af_bit_ref<21, 21, true, (ap_q_mode)5, (ap_o_mode)3, 0> const&)' into 'ap_fixed<20, 3, (ap_q_mode)5, (ap_o_mode)3, 0> cordic_apfixed::generic_atan2<20, 20>(ap_fixed<20, 20, (ap_q_mode)5, (ap_o_mode)3, 0>, ap_fixed<20, 20, (ap_q_mode)5, (ap_o_mode)3, 0>)' (C:/Xilinx/Vitis_HLS/2020.2/common/technology/autopilot/hls_cordic_apfixed.h:661:16)
INFO: [HLS 214-131] Inlining function 'ap_fixed_base<21, 2, true, (ap_q_mode)5, (ap_o_mode)3, 0>::operator[](unsigned int)' into 'ap_fixed<20, 3, (ap_q_mode)5, (ap_o_mode)3, 0> cordic_apfixed::generic_atan2<20, 20>(ap_fixed<20, 20, (ap_q_mode)5, (ap_o_mode)3, 0>, ap_fixed<20, 20, (ap_q_mode)5, (ap_o_mode)3, 0>)' (C:/Xilinx/Vitis_HLS/2020.2/common/technology/autopilot/hls_cordic_apfixed.h:661:2)
INFO: [HLS 214-131] Inlining function 'ap_fixed_base<21, 21, true, (ap_q_mode)5, (ap_o_mode)3, 0>::operator[](unsigned int)' into 'ap_fixed<20, 3, (ap_q_mode)5, (ap_o_mode)3, 0> cordic_apfixed::generic_atan2<20, 20>(ap_fixed<20, 20, (ap_q_mode)5, (ap_o_mode)3, 0>, ap_fixed<20, 20, (ap_q_mode)5, (ap_o_mode)3, 0>)' (C:/Xilinx/Vitis_HLS/2020.2/common/technology/autopilot/hls_cordic_apfixed.h:661:18)
INFO: [HLS 214-131] Inlining function 'af_bit_ref<21, 2, true, (ap_q_mode)5, (ap_o_mode)3, 0>& af_bit_ref<21, 2, true, (ap_q_mode)5, (ap_o_mode)3, 0>::operator=<21, 21, true, (ap_q_mode)5, (ap_o_mode)3, 0>(af_bit_ref<21, 21, true, (ap_q_mode)5, (ap_o_mode)3, 0> const&)' into 'ap_fixed<20, 3, (ap_q_mode)5, (ap_o_mode)3, 0> cordic_apfixed::generic_atan2<20, 20>(ap_fixed<20, 20, (ap_q_mode)5, (ap_o_mode)3, 0>, ap_fixed<20, 20, (ap_q_mode)5, (ap_o_mode)3, 0>)' (C:/Xilinx/Vitis_HLS/2020.2/common/technology/autopilot/hls_cordic_apfixed.h:657:16)
INFO: [HLS 214-131] Inlining function 'ap_fixed_base<21, 2, true, (ap_q_mode)5, (ap_o_mode)3, 0>::operator[](unsigned int)' into 'ap_fixed<20, 3, (ap_q_mode)5, (ap_o_mode)3, 0> cordic_apfixed::generic_atan2<20, 20>(ap_fixed<20, 20, (ap_q_mode)5, (ap_o_mode)3, 0>, ap_fixed<20, 20, (ap_q_mode)5, (ap_o_mode)3, 0>)' (C:/Xilinx/Vitis_HLS/2020.2/common/technology/autopilot/hls_cordic_apfixed.h:657:2)
INFO: [HLS 214-131] Inlining function 'ap_fixed_base<21, 21, true, (ap_q_mode)5, (ap_o_mode)3, 0>::operator[](unsigned int)' into 'ap_fixed<20, 3, (ap_q_mode)5, (ap_o_mode)3, 0> cordic_apfixed::generic_atan2<20, 20>(ap_fixed<20, 20, (ap_q_mode)5, (ap_o_mode)3, 0>, ap_fixed<20, 20, (ap_q_mode)5, (ap_o_mode)3, 0>)' (C:/Xilinx/Vitis_HLS/2020.2/common/technology/autopilot/hls_cordic_apfixed.h:657:18)
INFO: [HLS 214-131] Inlining function 'ap_fixed_base<20, 20, true, (ap_q_mode)5, (ap_o_mode)3, 0>::operator-() const' into 'ap_fixed<20, 3, (ap_q_mode)5, (ap_o_mode)3, 0> cordic_apfixed::generic_atan2<20, 20>(ap_fixed<20, 20, (ap_q_mode)5, (ap_o_mode)3, 0>, ap_fixed<20, 20, (ap_q_mode)5, (ap_o_mode)3, 0>)' (C:/Xilinx/Vitis_HLS/2020.2/common/technology/autopilot/hls_cordic_apfixed.h:649:16)
INFO: [HLS 214-131] Inlining function 'bool operator==<2, false>(ap_int_base<2, false> const&, int)' into 'ap_fixed<20, 3, (ap_q_mode)5, (ap_o_mode)3, 0> cordic_apfixed::generic_atan2<20, 20>(ap_fixed<20, 20, (ap_q_mode)5, (ap_o_mode)3, 0>, ap_fixed<20, 20, (ap_q_mode)5, (ap_o_mode)3, 0>)' (C:/Xilinx/Vitis_HLS/2020.2/common/technology/autopilot/hls_cordic_apfixed.h:648:15)
INFO: [HLS 214-131] Inlining function 'ap_fixed_base<20, 20, true, (ap_q_mode)5, (ap_o_mode)3, 0>::operator-() const' into 'ap_fixed<20, 3, (ap_q_mode)5, (ap_o_mode)3, 0> cordic_apfixed::generic_atan2<20, 20>(ap_fixed<20, 20, (ap_q_mode)5, (ap_o_mode)3, 0>, ap_fixed<20, 20, (ap_q_mode)5, (ap_o_mode)3, 0>)' (C:/Xilinx/Vitis_HLS/2020.2/common/technology/autopilot/hls_cordic_apfixed.h:643:16)
INFO: [HLS 214-131] Inlining function 'bool operator==<2, false>(ap_int_base<2, false> const&, int)' into 'ap_fixed<20, 3, (ap_q_mode)5, (ap_o_mode)3, 0> cordic_apfixed::generic_atan2<20, 20>(ap_fixed<20, 20, (ap_q_mode)5, (ap_o_mode)3, 0>, ap_fixed<20, 20, (ap_q_mode)5, (ap_o_mode)3, 0>)' (C:/Xilinx/Vitis_HLS/2020.2/common/technology/autopilot/hls_cordic_apfixed.h:642:15)
INFO: [HLS 214-131] Inlining function 'bool operator==<2, false>(ap_int_base<2, false> const&, int)' into 'ap_fixed<20, 3, (ap_q_mode)5, (ap_o_mode)3, 0> cordic_apfixed::generic_atan2<20, 20>(ap_fixed<20, 20, (ap_q_mode)5, (ap_o_mode)3, 0>, ap_fixed<20, 20, (ap_q_mode)5, (ap_o_mode)3, 0>)' (C:/Xilinx/Vitis_HLS/2020.2/common/technology/autopilot/hls_cordic_apfixed.h:629:22)
INFO: [HLS 214-131] Inlining function 'bool operator==<2, false>(ap_int_base<2, false> const&, int)' into 'ap_fixed<20, 3, (ap_q_mode)5, (ap_o_mode)3, 0> cordic_apfixed::generic_atan2<20, 20>(ap_fixed<20, 20, (ap_q_mode)5, (ap_o_mode)3, 0>, ap_fixed<20, 20, (ap_q_mode)5, (ap_o_mode)3, 0>)' (C:/Xilinx/Vitis_HLS/2020.2/common/technology/autopilot/hls_cordic_apfixed.h:625:17)
INFO: [HLS 214-131] Inlining function 'bool ap_fixed_base<20, 20, true, (ap_q_mode)5, (ap_o_mode)3, 0>::operator==<20, 20, true, (ap_q_mode)5, (ap_o_mode)3, 0>(ap_fixed_base<20, 20, true, (ap_q_mode)5, (ap_o_mode)3, 0> const&) const' into 'ap_fixed<20, 3, (ap_q_mode)5, (ap_o_mode)3, 0> cordic_apfixed::generic_atan2<20, 20>(ap_fixed<20, 20, (ap_q_mode)5, (ap_o_mode)3, 0>, ap_fixed<20, 20, (ap_q_mode)5, (ap_o_mode)3, 0>)' (C:/Xilinx/Vitis_HLS/2020.2/common/technology/autopilot/hls_cordic_apfixed.h:624:16)
INFO: [HLS 214-131] Inlining function 'ap_fixed_base<22, 3, true, (ap_q_mode)5, (ap_o_mode)3, 0>::operator-() const' into 'ap_fixed<20, 3, (ap_q_mode)5, (ap_o_mode)3, 0> cordic_apfixed::generic_atan2<20, 20>(ap_fixed<20, 20, (ap_q_mode)5, (ap_o_mode)3, 0>, ap_fixed<20, 20, (ap_q_mode)5, (ap_o_mode)3, 0>)' (C:/Xilinx/Vitis_HLS/2020.2/common/technology/autopilot/hls_cordic_apfixed.h:621:13)
INFO: [HLS 214-131] Inlining function 'bool operator==<2, false>(ap_int_base<2, false> const&, int)' into 'ap_fixed<20, 3, (ap_q_mode)5, (ap_o_mode)3, 0> cordic_apfixed::generic_atan2<20, 20>(ap_fixed<20, 20, (ap_q_mode)5, (ap_o_mode)3, 0>, ap_fixed<20, 20, (ap_q_mode)5, (ap_o_mode)3, 0>)' (C:/Xilinx/Vitis_HLS/2020.2/common/technology/autopilot/hls_cordic_apfixed.h:620:35)
INFO: [HLS 214-131] Inlining function 'bool operator==<2, false>(ap_int_base<2, false> const&, int)' into 'ap_fixed<20, 3, (ap_q_mode)5, (ap_o_mode)3, 0> cordic_apfixed::generic_atan2<20, 20>(ap_fixed<20, 20, (ap_q_mode)5, (ap_o_mode)3, 0>, ap_fixed<20, 20, (ap_q_mode)5, (ap_o_mode)3, 0>)' (C:/Xilinx/Vitis_HLS/2020.2/common/technology/autopilot/hls_cordic_apfixed.h:620:20)
INFO: [HLS 214-131] Inlining function 'bool operator==<2, false>(ap_int_base<2, false> const&, int)' into 'ap_fixed<20, 3, (ap_q_mode)5, (ap_o_mode)3, 0> cordic_apfixed::generic_atan2<20, 20>(ap_fixed<20, 20, (ap_q_mode)5, (ap_o_mode)3, 0>, ap_fixed<20, 20, (ap_q_mode)5, (ap_o_mode)3, 0>)' (C:/Xilinx/Vitis_HLS/2020.2/common/technology/autopilot/hls_cordic_apfixed.h:616:35)
INFO: [HLS 214-131] Inlining function 'bool operator==<2, false>(ap_int_base<2, false> const&, int)' into 'ap_fixed<20, 3, (ap_q_mode)5, (ap_o_mode)3, 0> cordic_apfixed::generic_atan2<20, 20>(ap_fixed<20, 20, (ap_q_mode)5, (ap_o_mode)3, 0>, ap_fixed<20, 20, (ap_q_mode)5, (ap_o_mode)3, 0>)' (C:/Xilinx/Vitis_HLS/2020.2/common/technology/autopilot/hls_cordic_apfixed.h:616:20)
INFO: [HLS 214-131] Inlining function 'bool operator==<2, false>(ap_int_base<2, false> const&, int)' into 'ap_fixed<20, 3, (ap_q_mode)5, (ap_o_mode)3, 0> cordic_apfixed::generic_atan2<20, 20>(ap_fixed<20, 20, (ap_q_mode)5, (ap_o_mode)3, 0>, ap_fixed<20, 20, (ap_q_mode)5, (ap_o_mode)3, 0>)' (C:/Xilinx/Vitis_HLS/2020.2/common/technology/autopilot/hls_cordic_apfixed.h:612:35)
INFO: [HLS 214-131] Inlining function 'bool operator==<2, false>(ap_int_base<2, false> const&, int)' into 'ap_fixed<20, 3, (ap_q_mode)5, (ap_o_mode)3, 0> cordic_apfixed::generic_atan2<20, 20>(ap_fixed<20, 20, (ap_q_mode)5, (ap_o_mode)3, 0>, ap_fixed<20, 20, (ap_q_mode)5, (ap_o_mode)3, 0>)' (C:/Xilinx/Vitis_HLS/2020.2/common/technology/autopilot/hls_cordic_apfixed.h:612:20)
INFO: [HLS 214-131] Inlining function 'bool operator==<2, false>(ap_int_base<2, false> const&, int)' into 'ap_fixed<20, 3, (ap_q_mode)5, (ap_o_mode)3, 0> cordic_apfixed::generic_atan2<20, 20>(ap_fixed<20, 20, (ap_q_mode)5, (ap_o_mode)3, 0>, ap_fixed<20, 20, (ap_q_mode)5, (ap_o_mode)3, 0>)' (C:/Xilinx/Vitis_HLS/2020.2/common/technology/autopilot/hls_cordic_apfixed.h:608:30)
INFO: [HLS 214-131] Inlining function 'bool operator==<2, false>(ap_int_base<2, false> const&, int)' into 'ap_fixed<20, 3, (ap_q_mode)5, (ap_o_mode)3, 0> cordic_apfixed::generic_atan2<20, 20>(ap_fixed<20, 20, (ap_q_mode)5, (ap_o_mode)3, 0>, ap_fixed<20, 20, (ap_q_mode)5, (ap_o_mode)3, 0>)' (C:/Xilinx/Vitis_HLS/2020.2/common/technology/autopilot/hls_cordic_apfixed.h:608:15)
INFO: [HLS 214-131] Inlining function 'ap_uint<2>::ap_uint(int)' into 'ap_fixed<20, 3, (ap_q_mode)5, (ap_o_mode)3, 0> cordic_apfixed::generic_atan2<20, 20>(ap_fixed<20, 20, (ap_q_mode)5, (ap_o_mode)3, 0>, ap_fixed<20, 20, (ap_q_mode)5, (ap_o_mode)3, 0>)' (C:/Xilinx/Vitis_HLS/2020.2/common/technology/autopilot/hls_cordic_apfixed.h:602:26)
INFO: [HLS 214-131] Inlining function 'bool operator==<20, 20, true, (ap_q_mode)5, (ap_o_mode)3, 0>(ap_fixed_base<20, 20, true, (ap_q_mode)5, (ap_o_mode)3, 0> const&, int)' into 'ap_fixed<20, 3, (ap_q_mode)5, (ap_o_mode)3, 0> cordic_apfixed::generic_atan2<20, 20>(ap_fixed<20, 20, (ap_q_mode)5, (ap_o_mode)3, 0>, ap_fixed<20, 20, (ap_q_mode)5, (ap_o_mode)3, 0>)' (C:/Xilinx/Vitis_HLS/2020.2/common/technology/autopilot/hls_cordic_apfixed.h:602:45)
INFO: [HLS 214-131] Inlining function 'bool operator><20, 20, true, (ap_q_mode)5, (ap_o_mode)3, 0>(ap_fixed_base<20, 20, true, (ap_q_mode)5, (ap_o_mode)3, 0> const&, int)' into 'ap_fixed<20, 3, (ap_q_mode)5, (ap_o_mode)3, 0> cordic_apfixed::generic_atan2<20, 20>(ap_fixed<20, 20, (ap_q_mode)5, (ap_o_mode)3, 0>, ap_fixed<20, 20, (ap_q_mode)5, (ap_o_mode)3, 0>)' (C:/Xilinx/Vitis_HLS/2020.2/common/technology/autopilot/hls_cordic_apfixed.h:602:31)
INFO: [HLS 214-131] Inlining function 'ap_uint<2>::ap_uint(int)' into 'ap_fixed<20, 3, (ap_q_mode)5, (ap_o_mode)3, 0> cordic_apfixed::generic_atan2<20, 20>(ap_fixed<20, 20, (ap_q_mode)5, (ap_o_mode)3, 0>, ap_fixed<20, 20, (ap_q_mode)5, (ap_o_mode)3, 0>)' (C:/Xilinx/Vitis_HLS/2020.2/common/technology/autopilot/hls_cordic_apfixed.h:601:26)
INFO: [HLS 214-131] Inlining function 'ap_fixed_base<20, 3, true, (ap_q_mode)5, (ap_o_mode)3, 0>::operator!() const' into 'ap_fixed_base<10, 3, true, (ap_q_mode)5, (ap_o_mode)3, 0>& ap_fixed_base<10, 3, true, (ap_q_mode)5, (ap_o_mode)3, 0>::operator=<20, 3, true, (ap_q_mode)5, (ap_o_mode)3, 0>(ap_fixed_base<20, 3, true, (ap_q_mode)5, (ap_o_mode)3, 0> const&)' (C:/Xilinx/Vitis_HLS/2020.2/common/technology/autopilot\ap_fixed_base.h:698:9)
INFO: [HLS 214-131] Inlining function 'ap_fixed_base<10, 3, true, (ap_q_mode)5, (ap_o_mode)3, 0>& ap_fixed_base<10, 3, true, (ap_q_mode)5, (ap_o_mode)3, 0>::operator=<20, 3, true, (ap_q_mode)5, (ap_o_mode)3, 0>(ap_fixed_base<20, 3, true, (ap_q_mode)5, (ap_o_mode)3, 0> const&)' into 'ap_fixed_base<10, 3, true, (ap_q_mode)5, (ap_o_mode)3, 0>::ap_fixed_base<20, 3, true, (ap_q_mode)5, (ap_o_mode)3, 0>(ap_fixed_base<20, 3, true, (ap_q_mode)5, (ap_o_mode)3, 0> const&)' (C:/Xilinx/Vitis_HLS/2020.2/common/technology/autopilot\ap_fixed_base.h:431:5)
INFO: [HLS 214-131] Inlining function 'ap_fixed_base<10, 3, true, (ap_q_mode)5, (ap_o_mode)3, 0>::ap_fixed_base<20, 3, true, (ap_q_mode)5, (ap_o_mode)3, 0>(ap_fixed_base<20, 3, true, (ap_q_mode)5, (ap_o_mode)3, 0> const&)' into 'ap_fixed<10, 3, (ap_q_mode)5, (ap_o_mode)3, 0>::ap_fixed<20, 3, true, (ap_q_mode)5, (ap_o_mode)3, 0>(ap_fixed_base<20, 3, true, (ap_q_mode)5, (ap_o_mode)3, 0> const&)' (C:/Xilinx/Vitis_HLS/2020.2/common/technology/autopilot/ap_fixed.h:75:9)
INFO: [HLS 214-131] Inlining function 'ap_int<20>::ap_int(int)' into 'IC_Angle_31(xf::cv::Window<37, 37, ap_uint<8> >&)' (src/ORB.cpp:10:12)
INFO: [HLS 214-131] Inlining function 'ap_int<20>::ap_int(int)' into 'IC_Angle_31(xf::cv::Window<37, 37, ap_uint<8> >&)' (src/ORB.cpp:11:12)
INFO: [HLS 214-131] Inlining function 'ap_int_base<20, true>& ap_int_base<20, true>::operator+=<52, true>(ap_int_base<52, true> const&)' into 'IC_Angle_31(xf::cv::Window<37, 37, ap_uint<8> >&)' (src/ORB.cpp:24:14)
INFO: [HLS 214-131] Inlining function 'ap_int_base<20, true>::RType<($_0)32, true>::mult operator*<20, true>(int, ap_int_base<20, true> const&)' into 'IC_Angle_31(xf::cv::Window<37, 37, ap_uint<8> >&)' (src/ORB.cpp:24:19)
INFO: [HLS 214-131] Inlining function 'ap_int_base<20, true>& ap_int_base<20, true>::operator+=<53, true>(ap_int_base<53, true> const&)' into 'IC_Angle_31(xf::cv::Window<37, 37, ap_uint<8> >&)' (src/ORB.cpp:22:18)
INFO: [HLS 214-131] Inlining function 'ap_int_base<21, true>::RType<($_0)32, true>::mult operator*<21, true>(int, ap_int_base<21, true> const&)' into 'IC_Angle_31(xf::cv::Window<37, 37, ap_uint<8> >&)' (src/ORB.cpp:22:23)
INFO: [HLS 214-131] Inlining function 'ap_int_base<20, true>::RType<20, true>::plus operator+<20, true, 20, true>(ap_int_base<20, true> const&, ap_int_base<20, true> const&)' into 'IC_Angle_31(xf::cv::Window<37, 37, ap_uint<8> >&)' (src/ORB.cpp:22:35)
INFO: [HLS 214-131] Inlining function 'ap_int_base<20, true>& ap_int_base<20, true>::operator+=<21, true>(ap_int_base<21, true> const&)' into 'IC_Angle_31(xf::cv::Window<37, 37, ap_uint<8> >&)' (src/ORB.cpp:21:19)
INFO: [HLS 214-131] Inlining function 'ap_int_base<20, true>::RType<20, true>::minus operator-<20, true, 20, true>(ap_int_base<20, true> const&, ap_int_base<20, true> const&)' into 'IC_Angle_31(xf::cv::Window<37, 37, ap_uint<8> >&)' (src/ORB.cpp:21:32)
INFO: [HLS 214-131] Inlining function 'ap_int<20>::ap_int<8>(ap_uint<8> const&)' into 'IC_Angle_31(xf::cv::Window<37, 37, ap_uint<8> >&)' (src/ORB.cpp:20:25)
INFO: [HLS 214-131] Inlining function 'xf::cv::Window<37, 37, ap_uint<8> >::operator()(int, int)' into 'IC_Angle_31(xf::cv::Window<37, 37, ap_uint<8> >&)' (src/ORB.cpp:20:25)
INFO: [HLS 214-131] Inlining function 'xf::cv::Window<37, 37, ap_uint<8> >::operator()(int, int)' into 'IC_Angle_31(xf::cv::Window<37, 37, ap_uint<8> >&)' (src/ORB.cpp:13:21)
INFO: [HLS 214-131] Inlining function 'ap_int_base<8, false>::RType<($_0)32, true>::mult operator*<8, false>(int, ap_int_base<8, false> const&)' into 'IC_Angle_31(xf::cv::Window<37, 37, ap_uint<8> >&)' (src/ORB.cpp:13:19)
INFO: [HLS 214-131] Inlining function 'ap_int<20>::ap_int<8>(ap_uint<8> const&)' into 'IC_Angle_31(xf::cv::Window<37, 37, ap_uint<8> >&)' (src/ORB.cpp:19:24)
INFO: [HLS 214-131] Inlining function 'xf::cv::Window<37, 37, ap_uint<8> >::operator()(int, int)' into 'IC_Angle_31(xf::cv::Window<37, 37, ap_uint<8> >&)' (src/ORB.cpp:19:24)
INFO: [HLS 214-131] Inlining function 'ap_int_base<20, true>& ap_int_base<20, true>::operator+=<40, true>(ap_int_base<40, true> const&)' into 'IC_Angle_31(xf::cv::Window<37, 37, ap_uint<8> >&)' (src/ORB.cpp:13:14)
INFO: [HLS 214-131] Inlining function 'ap_int<20>::ap_int(int)' into 'IC_Angle_31(xf::cv::Window<37, 37, ap_uint<8> >&)' (src/ORB.cpp:16:17)
INFO: [HLS 214-131] Inlining function 'ap_fixed_base<32, 32, true, (ap_q_mode)5, (ap_o_mode)3, 0>::operator!() const' into 'ap_fixed_base<39, 32, true, (ap_q_mode)5, (ap_o_mode)3, 0>& ap_fixed_base<39, 32, true, (ap_q_mode)5, (ap_o_mode)3, 0>::operator=<32, 32, true, (ap_q_mode)5, (ap_o_mode)3, 0>(ap_fixed_base<32, 32, true, (ap_q_mode)5, (ap_o_mode)3, 0> const&)' (C:/Xilinx/Vitis_HLS/2020.2/common/technology/autopilot\ap_fixed_base.h:698:9)
INFO: [HLS 214-131] Inlining function 'ap_fixed_base<39, 32, true, (ap_q_mode)5, (ap_o_mode)3, 0>& ap_fixed_base<39, 32, true, (ap_q_mode)5, (ap_o_mode)3, 0>::operator=<32, 32, true, (ap_q_mode)5, (ap_o_mode)3, 0>(ap_fixed_base<32, 32, true, (ap_q_mode)5, (ap_o_mode)3, 0> const&)' into 'ap_fixed_base<39, 32, true, (ap_q_mode)5, (ap_o_mode)3, 0>::ap_fixed_base<32, 32, true, (ap_q_mode)5, (ap_o_mode)3, 0>(ap_fixed_base<32, 32, true, (ap_q_mode)5, (ap_o_mode)3, 0> const&)' (C:/Xilinx/Vitis_HLS/2020.2/common/technology/autopilot\ap_fixed_base.h:431:5)
INFO: [HLS 214-131] Inlining function 'ap_fixed_base<39, 32, true, (ap_q_mode)5, (ap_o_mode)3, 0>::ap_fixed_base<32, 32, true, (ap_q_mode)5, (ap_o_mode)3, 0>(ap_fixed_base<32, 32, true, (ap_q_mode)5, (ap_o_mode)3, 0> const&)' into 'bool ap_fixed_base<10, 3, true, (ap_q_mode)5, (ap_o_mode)3, 0>::operator><32, 32, true, (ap_q_mode)5, (ap_o_mode)3, 0>(ap_fixed_base<32, 32, true, (ap_q_mode)5, (ap_o_mode)3, 0> const&) const' (C:/Xilinx/Vitis_HLS/2020.2/common/technology/autopilot\ap_fixed_base.h:1494:367)
INFO: [HLS 214-131] Inlining function 'ap_fixed_base<32, 32, true, (ap_q_mode)5, (ap_o_mode)3, 0>::ap_fixed_base(int)' into 'bool operator><10, 3, true, (ap_q_mode)5, (ap_o_mode)3, 0>(ap_fixed_base<10, 3, true, (ap_q_mode)5, (ap_o_mode)3, 0> const&, int)' (C:/Xilinx/Vitis_HLS/2020.2/common/technology/autopilot\ap_fixed_base.h:2221:9949)
INFO: [HLS 214-131] Inlining function 'bool ap_fixed_base<10, 3, true, (ap_q_mode)5, (ap_o_mode)3, 0>::operator><32, 32, true, (ap_q_mode)5, (ap_o_mode)3, 0>(ap_fixed_base<32, 32, true, (ap_q_mode)5, (ap_o_mode)3, 0> const&) const' into 'bool operator><10, 3, true, (ap_q_mode)5, (ap_o_mode)3, 0>(ap_fixed_base<10, 3, true, (ap_q_mode)5, (ap_o_mode)3, 0> const&, int)' (C:/Xilinx/Vitis_HLS/2020.2/common/technology/autopilot\ap_fixed_base.h:2221:9938)
INFO: [HLS 214-131] Inlining function 'ap_fixed_base<10, 3, true, (ap_q_mode)5, (ap_o_mode)3, 0>::operator!() const' into 'ap_fixed_base<10, 3, false, (ap_q_mode)5, (ap_o_mode)3, 0>& ap_fixed_base<10, 3, false, (ap_q_mode)5, (ap_o_mode)3, 0>::operator=<10, 3, true, (ap_q_mode)5, (ap_o_mode)3, 0>(ap_fixed_base<10, 3, true, (ap_q_mode)5, (ap_o_mode)3, 0> const&)' (C:/Xilinx/Vitis_HLS/2020.2/common/technology/autopilot\ap_fixed_base.h:698:9)
INFO: [HLS 214-131] Inlining function 'ap_fixed_base<10, 3, false, (ap_q_mode)5, (ap_o_mode)3, 0>& ap_fixed_base<10, 3, false, (ap_q_mode)5, (ap_o_mode)3, 0>::operator=<10, 3, true, (ap_q_mode)5, (ap_o_mode)3, 0>(ap_fixed_base<10, 3, true, (ap_q_mode)5, (ap_o_mode)3, 0> const&)' into 'ap_fixed_base<10, 3, false, (ap_q_mode)5, (ap_o_mode)3, 0>::ap_fixed_base<10, 3, true, (ap_q_mode)5, (ap_o_mode)3, 0>(ap_fixed_base<10, 3, true, (ap_q_mode)5, (ap_o_mode)3, 0> const&)' (C:/Xilinx/Vitis_HLS/2020.2/common/technology/autopilot\ap_fixed_base.h:431:5)
INFO: [HLS 214-131] Inlining function 'ap_fixed_base<10, 3, false, (ap_q_mode)5, (ap_o_mode)3, 0>::ap_fixed_base<10, 3, true, (ap_q_mode)5, (ap_o_mode)3, 0>(ap_fixed_base<10, 3, true, (ap_q_mode)5, (ap_o_mode)3, 0> const&)' into 'ap_ufixed<10, 3, (ap_q_mode)5, (ap_o_mode)3, 0>::ap_ufixed<10, 3, true, (ap_q_mode)5, (ap_o_mode)3, 0>(ap_fixed_base<10, 3, true, (ap_q_mode)5, (ap_o_mode)3, 0> const&)' (C:/Xilinx/Vitis_HLS/2020.2/common/technology/autopilot/ap_fixed.h:239:9)
INFO: [HLS 214-131] Inlining function 'ap_fixed_base<10, 3, true, (ap_q_mode)5, (ap_o_mode)3, 0>::operator!() const' into 'ap_fixed_base<11, 4, true, (ap_q_mode)5, (ap_o_mode)3, 0>& ap_fixed_base<11, 4, true, (ap_q_mode)5, (ap_o_mode)3, 0>::operator=<10, 3, true, (ap_q_mode)5, (ap_o_mode)3, 0>(ap_fixed_base<10, 3, true, (ap_q_mode)5, (ap_o_mode)3, 0> const&)' (C:/Xilinx/Vitis_HLS/2020.2/common/technology/autopilot\ap_fixed_base.h:698:9)
INFO: [HLS 214-131] Inlining function 'ap_fixed_base<11, 4, true, (ap_q_mode)5, (ap_o_mode)3, 0>& ap_fixed_base<11, 4, true, (ap_q_mode)5, (ap_o_mode)3, 0>::operator=<10, 3, true, (ap_q_mode)5, (ap_o_mode)3, 0>(ap_fixed_base<10, 3, true, (ap_q_mode)5, (ap_o_mode)3, 0> const&)' into 'ap_fixed_base<11, 4, true, (ap_q_mode)5, (ap_o_mode)3, 0>::ap_fixed_base<10, 3, true, (ap_q_mode)5, (ap_o_mode)3, 0>(ap_fixed_base<10, 3, true, (ap_q_mode)5, (ap_o_mode)3, 0> const&)' (C:/Xilinx/Vitis_HLS/2020.2/common/technology/autopilot\ap_fixed_base.h:431:5)
INFO: [HLS 214-131] Inlining function 'ap_fixed_base<11, 4, true, (ap_q_mode)5, (ap_o_mode)3, 0>::ap_fixed_base<10, 3, true, (ap_q_mode)5, (ap_o_mode)3, 0>(ap_fixed_base<10, 3, true, (ap_q_mode)5, (ap_o_mode)3, 0> const&)' into 'ap_fixed_base<10, 3, true, (ap_q_mode)5, (ap_o_mode)3, 0>::operator-() const' (C:/Xilinx/Vitis_HLS/2020.2/common/technology/autopilot\ap_fixed_base.h:1252:47)
INFO: [HLS 214-131] Inlining function 'ap_fixed_base<11, 4, true, (ap_q_mode)5, (ap_o_mode)3, 0>::operator!() const' into 'ap_fixed_base<10, 3, false, (ap_q_mode)5, (ap_o_mode)3, 0>& ap_fixed_base<10, 3, false, (ap_q_mode)5, (ap_o_mode)3, 0>::operator=<11, 4, true, (ap_q_mode)5, (ap_o_mode)3, 0>(ap_fixed_base<11, 4, true, (ap_q_mode)5, (ap_o_mode)3, 0> const&)' (C:/Xilinx/Vitis_HLS/2020.2/common/technology/autopilot\ap_fixed_base.h:698:9)
INFO: [HLS 214-131] Inlining function 'ap_fixed_base<10, 3, false, (ap_q_mode)5, (ap_o_mode)3, 0>& ap_fixed_base<10, 3, false, (ap_q_mode)5, (ap_o_mode)3, 0>::operator=<11, 4, true, (ap_q_mode)5, (ap_o_mode)3, 0>(ap_fixed_base<11, 4, true, (ap_q_mode)5, (ap_o_mode)3, 0> const&)' into 'ap_fixed_base<10, 3, false, (ap_q_mode)5, (ap_o_mode)3, 0>::ap_fixed_base<11, 4, true, (ap_q_mode)5, (ap_o_mode)3, 0>(ap_fixed_base<11, 4, true, (ap_q_mode)5, (ap_o_mode)3, 0> const&)' (C:/Xilinx/Vitis_HLS/2020.2/common/technology/autopilot\ap_fixed_base.h:431:5)
INFO: [HLS 214-131] Inlining function 'ap_fixed_base<10, 3, false, (ap_q_mode)5, (ap_o_mode)3, 0>::ap_fixed_base<11, 4, true, (ap_q_mode)5, (ap_o_mode)3, 0>(ap_fixed_base<11, 4, true, (ap_q_mode)5, (ap_o_mode)3, 0> const&)' into 'ap_ufixed<10, 3, (ap_q_mode)5, (ap_o_mode)3, 0>::ap_ufixed<11, 4, true, (ap_q_mode)5, (ap_o_mode)3, 0>(ap_fixed_base<11, 4, true, (ap_q_mode)5, (ap_o_mode)3, 0> const&)' (C:/Xilinx/Vitis_HLS/2020.2/common/technology/autopilot/ap_fixed.h:239:9)
INFO: [HLS 214-131] Inlining function 'ap_fixed_base<14, 0, false, (ap_q_mode)5, (ap_o_mode)3, 0>::ap_fixed_base(char const*)' into 'ap_ufixed<14, 0, (ap_q_mode)5, (ap_o_mode)3, 0>::ap_ufixed(char const*)' (C:/Xilinx/Vitis_HLS/2020.2/common/technology/autopilot/ap_fixed.h:349:68)
INFO: [HLS 214-131] Inlining function 'ap_fixed_base<12, 1, false, (ap_q_mode)5, (ap_o_mode)3, 0>::ap_fixed_base(char const*)' into 'ap_ufixed<12, 1, (ap_q_mode)5, (ap_o_mode)3, 0>::ap_ufixed(char const*)' (C:/Xilinx/Vitis_HLS/2020.2/common/technology/autopilot/ap_fixed.h:349:68)
INFO: [HLS 214-131] Inlining function 'ap_fixed_base<24, 3, false, (ap_q_mode)5, (ap_o_mode)3, 0>::operator!() const' into 'ap_fixed_base<14, 3, false, (ap_q_mode)5, (ap_o_mode)3, 0>& ap_fixed_base<14, 3, false, (ap_q_mode)5, (ap_o_mode)3, 0>::operator=<24, 3, false, (ap_q_mode)5, (ap_o_mode)3, 0>(ap_fixed_base<24, 3, false, (ap_q_mode)5, (ap_o_mode)3, 0> const&)' (C:/Xilinx/Vitis_HLS/2020.2/common/technology/autopilot\ap_fixed_base.h:698:9)
INFO: [HLS 214-131] Inlining function 'ap_fixed_base<14, 3, false, (ap_q_mode)5, (ap_o_mode)3, 0>& ap_fixed_base<14, 3, false, (ap_q_mode)5, (ap_o_mode)3, 0>::operator=<24, 3, false, (ap_q_mode)5, (ap_o_mode)3, 0>(ap_fixed_base<24, 3, false, (ap_q_mode)5, (ap_o_mode)3, 0> const&)' into 'ap_fixed_base<14, 3, false, (ap_q_mode)5, (ap_o_mode)3, 0>::ap_fixed_base<24, 3, false, (ap_q_mode)5, (ap_o_mode)3, 0>(ap_fixed_base<24, 3, false, (ap_q_mode)5, (ap_o_mode)3, 0> const&)' (C:/Xilinx/Vitis_HLS/2020.2/common/technology/autopilot\ap_fixed_base.h:431:5)
INFO: [HLS 214-131] Inlining function 'ap_fixed_base<14, 3, false, (ap_q_mode)5, (ap_o_mode)3, 0>::ap_fixed_base<24, 3, false, (ap_q_mode)5, (ap_o_mode)3, 0>(ap_fixed_base<24, 3, false, (ap_q_mode)5, (ap_o_mode)3, 0> const&)' into 'ap_ufixed<14, 3, (ap_q_mode)5, (ap_o_mode)3, 0>::ap_ufixed<24, 3, false, (ap_q_mode)5, (ap_o_mode)3, 0>(ap_fixed_base<24, 3, false, (ap_q_mode)5, (ap_o_mode)3, 0> const&)' (C:/Xilinx/Vitis_HLS/2020.2/common/technology/autopilot/ap_fixed.h:239:9)
INFO: [HLS 214-131] Inlining function 'ap_fixed_base<14, 3, false, (ap_q_mode)5, (ap_o_mode)3, 0>::to_ap_int_base(bool) const' into 'ap_int_base<3, false>::ap_int_base<14, 3, false, (ap_q_mode)5, (ap_o_mode)3, 0>(ap_fixed_base<14, 3, false, (ap_q_mode)5, (ap_o_mode)3, 0> const&)' (C:/Xilinx/Vitis_HLS/2020.2/common/technology/autopilot\ap_int_base.h:353:18)
INFO: [HLS 214-131] Inlining function 'ap_int_base<3, false>::ap_int_base<14, 3, false, (ap_q_mode)5, (ap_o_mode)3, 0>(ap_fixed_base<14, 3, false, (ap_q_mode)5, (ap_o_mode)3, 0> const&)' into 'ap_uint<3>::ap_uint<14, 3, (ap_q_mode)5, (ap_o_mode)3, 0>(ap_ufixed<14, 3, (ap_q_mode)5, (ap_o_mode)3, 0> const&)' (C:/Xilinx/Vitis_HLS/2020.2/common/technology/autopilot\ap_int.h:254:9)
INFO: [HLS 214-131] Inlining function 'ap_fixed_base<3, 3, false, (ap_q_mode)5, (ap_o_mode)3, 0>::operator!() const' into 'ap_fixed_base<3, 3, false, (ap_q_mode)5, (ap_o_mode)3, 0>& ap_fixed_base<3, 3, false, (ap_q_mode)5, (ap_o_mode)3, 0>::operator=<3, 3, false, (ap_q_mode)5, (ap_o_mode)3, 0>(ap_fixed_base<3, 3, false, (ap_q_mode)5, (ap_o_mode)3, 0> const&)' (C:/Xilinx/Vitis_HLS/2020.2/common/technology/autopilot\ap_fixed_base.h:698:9)
INFO: [HLS 214-131] Inlining function 'ap_fixed_base<3, 3, false, (ap_q_mode)5, (ap_o_mode)3, 0>& ap_fixed_base<3, 3, false, (ap_q_mode)5, (ap_o_mode)3, 0>::operator=<3, 3, false, (ap_q_mode)5, (ap_o_mode)3, 0>(ap_fixed_base<3, 3, false, (ap_q_mode)5, (ap_o_mode)3, 0> const&)' into 'ap_fixed_base<3, 3, false, (ap_q_mode)5, (ap_o_mode)3, 0>::ap_fixed_base<3, false>(ap_int_base<3, false> const&)' (C:/Xilinx/Vitis_HLS/2020.2/common/technology/autopilot\ap_fixed_base.h:447:5)
INFO: [HLS 214-131] Inlining function 'ap_fixed_base<3, 3, false, (ap_q_mode)5, (ap_o_mode)3, 0>::ap_fixed_base<3, false>(ap_int_base<3, false> const&)' into 'ap_fixed_base<3, 3, false, (ap_q_mode)5, (ap_o_mode)3, 0>::RType<12, 1, false>::mult operator*<12, 1, false, (ap_q_mode)5, (ap_o_mode)3, 0, 3, false>(ap_int_base<3, false> const&, ap_fixed_base<12, 1, false, (ap_q_mode)5, (ap_o_mode)3, 0> const&)' (C:/Xilinx/Vitis_HLS/2020.2/common/technology/autopilot\ap_fixed_base.h:2305:373)
INFO: [HLS 214-131] Inlining function 'ap_fixed_base<3, 3, false, (ap_q_mode)5, (ap_o_mode)3, 0>::RType<12, 1, false>::mult ap_fixed_base<3, 3, false, (ap_q_mode)5, (ap_o_mode)3, 0>::operator*<12, 1, false, (ap_q_mode)5, (ap_o_mode)3, 0>(ap_fixed_base<12, 1, false, (ap_q_mode)5, (ap_o_mode)3, 0> const&) const' into 'ap_fixed_base<3, 3, false, (ap_q_mode)5, (ap_o_mode)3, 0>::RType<12, 1, false>::mult operator*<12, 1, false, (ap_q_mode)5, (ap_o_mode)3, 0, 3, false>(ap_int_base<3, false> const&, ap_fixed_base<12, 1, false, (ap_q_mode)5, (ap_o_mode)3, 0> const&)' (C:/Xilinx/Vitis_HLS/2020.2/common/technology/autopilot\ap_fixed_base.h:2305:417)
INFO: [HLS 214-131] Inlining function 'ap_fixed_base<10, 3, false, (ap_q_mode)5, (ap_o_mode)3, 0>::operator!() const' into 'ap_fixed_base<16, 5, true, (ap_q_mode)5, (ap_o_mode)3, 0>& ap_fixed_base<16, 5, true, (ap_q_mode)5, (ap_o_mode)3, 0>::operator=<10, 3, false, (ap_q_mode)5, (ap_o_mode)3, 0>(ap_fixed_base<10, 3, false, (ap_q_mode)5, (ap_o_mode)3, 0> const&)' (C:/Xilinx/Vitis_HLS/2020.2/common/technology/autopilot\ap_fixed_base.h:698:9)
INFO: [HLS 214-131] Inlining function 'ap_fixed_base<16, 5, true, (ap_q_mode)5, (ap_o_mode)3, 0>& ap_fixed_base<16, 5, true, (ap_q_mode)5, (ap_o_mode)3, 0>::operator=<10, 3, false, (ap_q_mode)5, (ap_o_mode)3, 0>(ap_fixed_base<10, 3, false, (ap_q_mode)5, (ap_o_mode)3, 0> const&)' into 'ap_fixed_base<16, 5, true, (ap_q_mode)5, (ap_o_mode)3, 0>::ap_fixed_base<10, 3, false, (ap_q_mode)5, (ap_o_mode)3, 0>(ap_fixed_base<10, 3, false, (ap_q_mode)5, (ap_o_mode)3, 0> const&)' (C:/Xilinx/Vitis_HLS/2020.2/common/technology/autopilot\ap_fixed_base.h:431:5)
INFO: [HLS 214-131] Inlining function 'ap_fixed_base<15, 4, false, (ap_q_mode)5, (ap_o_mode)3, 0>::operator!() const' into 'ap_fixed_base<16, 5, true, (ap_q_mode)5, (ap_o_mode)3, 0>& ap_fixed_base<16, 5, true, (ap_q_mode)5, (ap_o_mode)3, 0>::operator=<15, 4, false, (ap_q_mode)5, (ap_o_mode)3, 0>(ap_fixed_base<15, 4, false, (ap_q_mode)5, (ap_o_mode)3, 0> const&)' (C:/Xilinx/Vitis_HLS/2020.2/common/technology/autopilot\ap_fixed_base.h:698:9)
INFO: [HLS 214-131] Inlining function 'ap_fixed_base<16, 5, true, (ap_q_mode)5, (ap_o_mode)3, 0>& ap_fixed_base<16, 5, true, (ap_q_mode)5, (ap_o_mode)3, 0>::operator=<15, 4, false, (ap_q_mode)5, (ap_o_mode)3, 0>(ap_fixed_base<15, 4, false, (ap_q_mode)5, (ap_o_mode)3, 0> const&)' into 'ap_fixed_base<16, 5, true, (ap_q_mode)5, (ap_o_mode)3, 0>::ap_fixed_base<15, 4, false, (ap_q_mode)5, (ap_o_mode)3, 0>(ap_fixed_base<15, 4, false, (ap_q_mode)5, (ap_o_mode)3, 0> const&)' (C:/Xilinx/Vitis_HLS/2020.2/common/technology/autopilot\ap_fixed_base.h:431:5)
INFO: [HLS 214-131] Inlining function 'ap_fixed_base<16, 5, true, (ap_q_mode)5, (ap_o_mode)3, 0>::ap_fixed_base<10, 3, false, (ap_q_mode)5, (ap_o_mode)3, 0>(ap_fixed_base<10, 3, false, (ap_q_mode)5, (ap_o_mode)3, 0> const&)' into 'ap_fixed_base<10, 3, false, (ap_q_mode)5, (ap_o_mode)3, 0>::RType<15, 4, false>::minus ap_fixed_base<10, 3, false, (ap_q_mode)5, (ap_o_mode)3, 0>::operator-<15, 4, false, (ap_q_mode)5, (ap_o_mode)3, 0>(ap_fixed_base<15, 4, false, (ap_q_mode)5, (ap_o_mode)3, 0> const&) const' (C:/Xilinx/Vitis_HLS/2020.2/common/technology/autopilot\ap_fixed_base.h:1193:332)
INFO: [HLS 214-131] Inlining function 'ap_fixed_base<16, 5, true, (ap_q_mode)5, (ap_o_mode)3, 0>::ap_fixed_base<15, 4, false, (ap_q_mode)5, (ap_o_mode)3, 0>(ap_fixed_base<15, 4, false, (ap_q_mode)5, (ap_o_mode)3, 0> const&)' into 'ap_fixed_base<10, 3, false, (ap_q_mode)5, (ap_o_mode)3, 0>::RType<15, 4, false>::minus ap_fixed_base<10, 3, false, (ap_q_mode)5, (ap_o_mode)3, 0>::operator-<15, 4, false, (ap_q_mode)5, (ap_o_mode)3, 0>(ap_fixed_base<15, 4, false, (ap_q_mode)5, (ap_o_mode)3, 0> const&) const' (C:/Xilinx/Vitis_HLS/2020.2/common/technology/autopilot\ap_fixed_base.h:1193:344)
INFO: [HLS 214-131] Inlining function 'ap_fixed_base<16, 5, true, (ap_q_mode)5, (ap_o_mode)3, 0>::operator!() const' into 'ap_fixed_base<11, 1, false, (ap_q_mode)5, (ap_o_mode)3, 0>& ap_fixed_base<11, 1, false, (ap_q_mode)5, (ap_o_mode)3, 0>::operator=<16, 5, true, (ap_q_mode)5, (ap_o_mode)3, 0>(ap_fixed_base<16, 5, true, (ap_q_mode)5, (ap_o_mode)3, 0> const&)' (C:/Xilinx/Vitis_HLS/2020.2/common/technology/autopilot\ap_fixed_base.h:698:9)
INFO: [HLS 214-131] Inlining function 'ap_fixed_base<11, 1, false, (ap_q_mode)5, (ap_o_mode)3, 0>& ap_fixed_base<11, 1, false, (ap_q_mode)5, (ap_o_mode)3, 0>::operator=<16, 5, true, (ap_q_mode)5, (ap_o_mode)3, 0>(ap_fixed_base<16, 5, true, (ap_q_mode)5, (ap_o_mode)3, 0> const&)' into 'ap_fixed_base<11, 1, false, (ap_q_mode)5, (ap_o_mode)3, 0>::ap_fixed_base<16, 5, true, (ap_q_mode)5, (ap_o_mode)3, 0>(ap_fixed_base<16, 5, true, (ap_q_mode)5, (ap_o_mode)3, 0> const&)' (C:/Xilinx/Vitis_HLS/2020.2/common/technology/autopilot\ap_fixed_base.h:431:5)
INFO: [HLS 214-131] Inlining function 'ap_fixed_base<11, 1, false, (ap_q_mode)5, (ap_o_mode)3, 0>::ap_fixed_base<16, 5, true, (ap_q_mode)5, (ap_o_mode)3, 0>(ap_fixed_base<16, 5, true, (ap_q_mode)5, (ap_o_mode)3, 0> const&)' into 'ap_ufixed<11, 1, (ap_q_mode)5, (ap_o_mode)3, 0>::ap_ufixed<16, 5, true, (ap_q_mode)5, (ap_o_mode)3, 0>(ap_fixed_base<16, 5, true, (ap_q_mode)5, (ap_o_mode)3, 0> const&)' (C:/Xilinx/Vitis_HLS/2020.2/common/technology/autopilot/ap_fixed.h:239:9)
INFO: [HLS 214-131] Inlining function 'ap_fixed_base<10, 3, false, (ap_q_mode)5, (ap_o_mode)3, 0>::RType<14, 0, false>::mult ap_fixed_base<10, 3, false, (ap_q_mode)5, (ap_o_mode)3, 0>::operator*<14, 0, false, (ap_q_mode)5, (ap_o_mode)3, 0>(ap_fixed_base<14, 0, false, (ap_q_mode)5, (ap_o_mode)3, 0> const&) const' into 'void cordic_apfixed::circ_range_redux<10, 3, 11>(ap_ufixed<10, 3, (ap_q_mode)5, (ap_o_mode)3, 0>, ap_uint<2>&, ap_ufixed<11, 1, (ap_q_mode)5, (ap_o_mode)3, 0>&)' (C:/Xilinx/Vitis_HLS/2020.2/common/technology/autopilot/hls_cordic_apfixed.h:64:32)
INFO: [HLS 214-131] Inlining function 'ap_fixed_base<10, 3, false, (ap_q_mode)5, (ap_o_mode)3, 0>::RType<15, 4, false>::minus ap_fixed_base<10, 3, false, (ap_q_mode)5, (ap_o_mode)3, 0>::operator-<15, 4, false, (ap_q_mode)5, (ap_o_mode)3, 0>(ap_fixed_base<15, 4, false, (ap_q_mode)5, (ap_o_mode)3, 0> const&) const' into 'void cordic_apfixed::circ_range_redux<10, 3, 11>(ap_ufixed<10, 3, (ap_q_mode)5, (ap_o_mode)3, 0>, ap_uint<2>&, ap_ufixed<11, 1, (ap_q_mode)5, (ap_o_mode)3, 0>&)' (C:/Xilinx/Vitis_HLS/2020.2/common/technology/autopilot/hls_cordic_apfixed.h:68:11)
INFO: [HLS 214-131] Inlining function 'ap_fixed_base<3, 3, false, (ap_q_mode)5, (ap_o_mode)3, 0>::RType<12, 1, false>::mult operator*<12, 1, false, (ap_q_mode)5, (ap_o_mode)3, 0, 3, false>(ap_int_base<3, false> const&, ap_fixed_base<12, 1, false, (ap_q_mode)5, (ap_o_mode)3, 0> const&)' into 'void cordic_apfixed::circ_range_redux<10, 3, 11>(ap_ufixed<10, 3, (ap_q_mode)5, (ap_o_mode)3, 0>, ap_uint<2>&, ap_ufixed<11, 1, (ap_q_mode)5, (ap_o_mode)3, 0>&)' (C:/Xilinx/Vitis_HLS/2020.2/common/technology/autopilot/hls_cordic_apfixed.h:68:18)
INFO: [HLS 214-131] Inlining function 'ap_uint<2>::ap_uint<3>(ap_uint<3> const&)' into 'void cordic_apfixed::circ_range_redux<10, 3, 11>(ap_ufixed<10, 3, (ap_q_mode)5, (ap_o_mode)3, 0>, ap_uint<2>&, ap_ufixed<11, 1, (ap_q_mode)5, (ap_o_mode)3, 0>&)' (C:/Xilinx/Vitis_HLS/2020.2/common/technology/autopilot/hls_cordic_apfixed.h:67:9)
INFO: [HLS 214-131] Inlining function 'ap_uint<3>::ap_uint<14, 3, (ap_q_mode)5, (ap_o_mode)3, 0>(ap_ufixed<14, 3, (ap_q_mode)5, (ap_o_mode)3, 0> const&)' into 'void cordic_apfixed::circ_range_redux<10, 3, 11>(ap_ufixed<10, 3, (ap_q_mode)5, (ap_o_mode)3, 0>, ap_uint<2>&, ap_ufixed<11, 1, (ap_q_mode)5, (ap_o_mode)3, 0>&)' (C:/Xilinx/Vitis_HLS/2020.2/common/technology/autopilot/hls_cordic_apfixed.h:65:23)
INFO: [HLS 214-131] Inlining function 'ap_fixed_base<12, 3, true, (ap_q_mode)5, (ap_o_mode)3, 0>::ap_fixed_base(char const*)' into 'ap_fixed<12, 3, (ap_q_mode)5, (ap_o_mode)3, 0>::ap_fixed(char const*)' (C:/Xilinx/Vitis_HLS/2020.2/common/technology/autopilot/ap_fixed.h:194:67)
INFO: [HLS 214-131] Inlining function 'ap_fixed_base<32, 32, true, (ap_q_mode)5, (ap_o_mode)3, 0>::operator!() const' into 'ap_fixed_base<12, 3, true, (ap_q_mode)5, (ap_o_mode)3, 0>& ap_fixed_base<12, 3, true, (ap_q_mode)5, (ap_o_mode)3, 0>::operator=<32, 32, true, (ap_q_mode)5, (ap_o_mode)3, 0>(ap_fixed_base<32, 32, true, (ap_q_mode)5, (ap_o_mode)3, 0> const&)' (C:/Xilinx/Vitis_HLS/2020.2/common/technology/autopilot\ap_fixed_base.h:698:9)
INFO: [HLS 214-131] Inlining function 'ap_fixed_base<12, 3, true, (ap_q_mode)5, (ap_o_mode)3, 0>& ap_fixed_base<12, 3, true, (ap_q_mode)5, (ap_o_mode)3, 0>::operator=<32, 32, true, (ap_q_mode)5, (ap_o_mode)3, 0>(ap_fixed_base<32, 32, true, (ap_q_mode)5, (ap_o_mode)3, 0> const&)' into 'ap_fixed_base<12, 3, true, (ap_q_mode)5, (ap_o_mode)3, 0>::ap_fixed_base(int)' (C:/Xilinx/Vitis_HLS/2020.2/common/technology/autopilot\ap_fixed_base.h:541:146)
INFO: [HLS 214-131] Inlining function 'ap_fixed_base<12, 3, true, (ap_q_mode)5, (ap_o_mode)3, 0>::ap_fixed_base(int)' into 'ap_fixed<12, 3, (ap_q_mode)5, (ap_o_mode)3, 0>::ap_fixed(int)' (C:/Xilinx/Vitis_HLS/2020.2/common/technology/autopilot/ap_fixed.h:183:59)
INFO: [HLS 214-131] Inlining function 'ap_fixed_base<11, 1, false, (ap_q_mode)5, (ap_o_mode)3, 0>::ap_fixed_base(char const*)' into 'ap_ufixed<11, 1, (ap_q_mode)5, (ap_o_mode)3, 0>::ap_ufixed(char const*)' (C:/Xilinx/Vitis_HLS/2020.2/common/technology/autopilot/ap_fixed.h:349:68)
INFO: [HLS 214-131] Inlining function 'ap_fixed_base<11, 1, false, (ap_q_mode)5, (ap_o_mode)3, 0>::operator!() const' into 'ap_fixed_base<12, 2, true, (ap_q_mode)5, (ap_o_mode)3, 0>& ap_fixed_base<12, 2, true, (ap_q_mode)5, (ap_o_mode)3, 0>::operator=<11, 1, false, (ap_q_mode)5, (ap_o_mode)3, 0>(ap_fixed_base<11, 1, false, (ap_q_mode)5, (ap_o_mode)3, 0> const&)' (C:/Xilinx/Vitis_HLS/2020.2/common/technology/autopilot\ap_fixed_base.h:698:9)
INFO: [HLS 214-131] Inlining function 'ap_fixed_base<12, 2, true, (ap_q_mode)5, (ap_o_mode)3, 0>& ap_fixed_base<12, 2, true, (ap_q_mode)5, (ap_o_mode)3, 0>::operator=<11, 1, false, (ap_q_mode)5, (ap_o_mode)3, 0>(ap_fixed_base<11, 1, false, (ap_q_mode)5, (ap_o_mode)3, 0> const&)' into 'ap_fixed_base<12, 2, true, (ap_q_mode)5, (ap_o_mode)3, 0>::ap_fixed_base<11, 1, false, (ap_q_mode)5, (ap_o_mode)3, 0>(ap_fixed_base<11, 1, false, (ap_q_mode)5, (ap_o_mode)3, 0> const&)' (C:/Xilinx/Vitis_HLS/2020.2/common/technology/autopilot\ap_fixed_base.h:431:5)
INFO: [HLS 214-131] Inlining function 'ap_fixed_base<12, 2, true, (ap_q_mode)5, (ap_o_mode)3, 0>::ap_fixed_base<11, 1, false, (ap_q_mode)5, (ap_o_mode)3, 0>(ap_fixed_base<11, 1, false, (ap_q_mode)5, (ap_o_mode)3, 0> const&)' into 'ap_fixed_base<11, 1, false, (ap_q_mode)5, (ap_o_mode)3, 0>::RType<11, 1, false>::minus ap_fixed_base<11, 1, false, (ap_q_mode)5, (ap_o_mode)3, 0>::operator-<11, 1, false, (ap_q_mode)5, (ap_o_mode)3, 0>(ap_fixed_base<11, 1, false, (ap_q_mode)5, (ap_o_mode)3, 0> const&) const' (C:/Xilinx/Vitis_HLS/2020.2/common/technology/autopilot\ap_fixed_base.h:1193:332)
INFO: [HLS 214-131] Inlining function 'ap_fixed_base<12, 2, true, (ap_q_mode)5, (ap_o_mode)3, 0>::ap_fixed_base<11, 1, false, (ap_q_mode)5, (ap_o_mode)3, 0>(ap_fixed_base<11, 1, false, (ap_q_mode)5, (ap_o_mode)3, 0> const&)' into 'ap_fixed_base<11, 1, false, (ap_q_mode)5, (ap_o_mode)3, 0>::RType<11, 1, false>::minus ap_fixed_base<11, 1, false, (ap_q_mode)5, (ap_o_mode)3, 0>::operator-<11, 1, false, (ap_q_mode)5, (ap_o_mode)3, 0>(ap_fixed_base<11, 1, false, (ap_q_mode)5, (ap_o_mode)3, 0> const&) const' (C:/Xilinx/Vitis_HLS/2020.2/common/technology/autopilot\ap_fixed_base.h:1193:344)
INFO: [HLS 214-131] Inlining function 'ap_fixed_base<12, 2, true, (ap_q_mode)5, (ap_o_mode)3, 0>::operator!() const' into 'ap_fixed_base<12, 3, true, (ap_q_mode)5, (ap_o_mode)3, 0>& ap_fixed_base<12, 3, true, (ap_q_mode)5, (ap_o_mode)3, 0>::operator=<12, 2, true, (ap_q_mode)5, (ap_o_mode)3, 0>(ap_fixed_base<12, 2, true, (ap_q_mode)5, (ap_o_mode)3, 0> const&)' (C:/Xilinx/Vitis_HLS/2020.2/common/technology/autopilot\ap_fixed_base.h:698:9)
INFO: [HLS 214-131] Inlining function 'ap_fixed_base<12, 3, true, (ap_q_mode)5, (ap_o_mode)3, 0>& ap_fixed_base<12, 3, true, (ap_q_mode)5, (ap_o_mode)3, 0>::operator=<12, 2, true, (ap_q_mode)5, (ap_o_mode)3, 0>(ap_fixed_base<12, 2, true, (ap_q_mode)5, (ap_o_mode)3, 0> const&)' into 'ap_fixed_base<12, 3, true, (ap_q_mode)5, (ap_o_mode)3, 0>::ap_fixed_base<12, 2, true, (ap_q_mode)5, (ap_o_mode)3, 0>(ap_fixed_base<12, 2, true, (ap_q_mode)5, (ap_o_mode)3, 0> const&)' (C:/Xilinx/Vitis_HLS/2020.2/common/technology/autopilot\ap_fixed_base.h:431:5)
INFO: [HLS 214-131] Inlining function 'ap_fixed_base<12, 3, true, (ap_q_mode)5, (ap_o_mode)3, 0>::ap_fixed_base<12, 2, true, (ap_q_mode)5, (ap_o_mode)3, 0>(ap_fixed_base<12, 2, true, (ap_q_mode)5, (ap_o_mode)3, 0> const&)' into 'ap_fixed<12, 3, (ap_q_mode)5, (ap_o_mode)3, 0>::ap_fixed<12, 2, true, (ap_q_mode)5, (ap_o_mode)3, 0>(ap_fixed_base<12, 2, true, (ap_q_mode)5, (ap_o_mode)3, 0> const&)' (C:/Xilinx/Vitis_HLS/2020.2/common/technology/autopilot/ap_fixed.h:75:9)
INFO: [HLS 214-131] Inlining function 'ap_fixed_base<11, 1, false, (ap_q_mode)5, (ap_o_mode)3, 0>::operator!() const' into 'ap_fixed_base<12, 3, true, (ap_q_mode)5, (ap_o_mode)3, 0>& ap_fixed_base<12, 3, true, (ap_q_mode)5, (ap_o_mode)3, 0>::operator=<11, 1, false, (ap_q_mode)5, (ap_o_mode)3, 0>(ap_fixed_base<11, 1, false, (ap_q_mode)5, (ap_o_mode)3, 0> const&)' (C:/Xilinx/Vitis_HLS/2020.2/common/technology/autopilot\ap_fixed_base.h:698:9)
INFO: [HLS 214-131] Inlining function 'ap_fixed_base<12, 3, true, (ap_q_mode)5, (ap_o_mode)3, 0>& ap_fixed_base<12, 3, true, (ap_q_mode)5, (ap_o_mode)3, 0>::operator=<11, 1, false, (ap_q_mode)5, (ap_o_mode)3, 0>(ap_fixed_base<11, 1, false, (ap_q_mode)5, (ap_o_mode)3, 0> const&)' into 'ap_fixed_base<12, 3, true, (ap_q_mode)5, (ap_o_mode)3, 0>::ap_fixed_base<11, 1, false, (ap_q_mode)5, (ap_o_mode)3, 0>(ap_fixed_base<11, 1, false, (ap_q_mode)5, (ap_o_mode)3, 0> const&)' (C:/Xilinx/Vitis_HLS/2020.2/common/technology/autopilot\ap_fixed_base.h:431:5)
INFO: [HLS 214-131] Inlining function 'ap_fixed_base<12, 3, true, (ap_q_mode)5, (ap_o_mode)3, 0>::ap_fixed_base<11, 1, false, (ap_q_mode)5, (ap_o_mode)3, 0>(ap_fixed_base<11, 1, false, (ap_q_mode)5, (ap_o_mode)3, 0> const&)' into 'ap_fixed<12, 3, (ap_q_mode)5, (ap_o_mode)3, 0>::ap_fixed<11, 1, false, (ap_q_mode)5, (ap_o_mode)3, 0>(ap_fixed_base<11, 1, false, (ap_q_mode)5, (ap_o_mode)3, 0> const&)' (C:/Xilinx/Vitis_HLS/2020.2/common/technology/autopilot/ap_fixed.h:75:9)
INFO: [HLS 214-131] Inlining function 'af_bit_ref<12, 3, true, (ap_q_mode)5, (ap_o_mode)3, 0>::af_bit_ref(ap_fixed_base<12, 3, true, (ap_q_mode)5, (ap_o_mode)3, 0>*, int)' into 'ap_fixed_base<12, 3, true, (ap_q_mode)5, (ap_o_mode)3, 0>::operator[](unsigned int)' (C:/Xilinx/Vitis_HLS/2020.2/common/technology/autopilot\ap_fixed_base.h:1516:12)
INFO: [HLS 214-131] Inlining function 'af_bit_ref<12, 3, true, (ap_q_mode)5, (ap_o_mode)3, 0>::operator bool() const' into 'ap_int_base<1, false>::ap_int_base<12, 3, true, (ap_q_mode)5, (ap_o_mode)3, 0>(af_bit_ref<12, 3, true, (ap_q_mode)5, (ap_o_mode)3, 0> const&)' (C:/Xilinx/Vitis_HLS/2020.2/common/technology/autopilot\ap_int_base.h:410:19)
INFO: [HLS 214-131] Inlining function 'ap_int_base<1, false>::ap_int_base<12, 3, true, (ap_q_mode)5, (ap_o_mode)3, 0>(af_bit_ref<12, 3, true, (ap_q_mode)5, (ap_o_mode)3, 0> const&)' into 'ap_uint<1>::ap_uint<12, 3, true, (ap_q_mode)5, (ap_o_mode)3, 0>(af_bit_ref<12, 3, true, (ap_q_mode)5, (ap_o_mode)3, 0> const&)' (C:/Xilinx/Vitis_HLS/2020.2/common/technology/autopilot\ap_int.h:279:9)
INFO: [HLS 214-131] Inlining function 'ap_fixed_base<12, 3, true, (ap_q_mode)5, (ap_o_mode)3, 0>::operator<<(unsigned int) const' into 'ap_fixed_base<12, 3, true, (ap_q_mode)5, (ap_o_mode)3, 0>::operator>>(int) const' (C:/Xilinx/Vitis_HLS/2020.2/common/technology/autopilot\ap_fixed_base.h:1369:14)
INFO: [HLS 214-131] Inlining function 'ap_fixed_base<12, 3, true, (ap_q_mode)5, (ap_o_mode)3, 0>::operator>>(unsigned int) const' into 'ap_fixed_base<12, 3, true, (ap_q_mode)5, (ap_o_mode)3, 0>::operator>>(int) const' (C:/Xilinx/Vitis_HLS/2020.2/common/technology/autopilot\ap_fixed_base.h:1371:14)
INFO: [HLS 214-131] Inlining function 'ap_fixed_base<128, 2, false, (ap_q_mode)5, (ap_o_mode)3, 0>::operator!() const' into 'ap_fixed_base<12, 3, true, (ap_q_mode)5, (ap_o_mode)3, 0>& ap_fixed_base<12, 3, true, (ap_q_mode)5, (ap_o_mode)3, 0>::operator=<128, 2, false, (ap_q_mode)5, (ap_o_mode)3, 0>(ap_fixed_base<128, 2, false, (ap_q_mode)5, (ap_o_mode)3, 0> const&)' (C:/Xilinx/Vitis_HLS/2020.2/common/technology/autopilot\ap_fixed_base.h:698:9)
INFO: [HLS 214-131] Inlining function 'ap_fixed_base<12, 3, true, (ap_q_mode)5, (ap_o_mode)3, 0>& ap_fixed_base<12, 3, true, (ap_q_mode)5, (ap_o_mode)3, 0>::operator=<128, 2, false, (ap_q_mode)5, (ap_o_mode)3, 0>(ap_fixed_base<128, 2, false, (ap_q_mode)5, (ap_o_mode)3, 0> const&)' into 'ap_fixed_base<12, 3, true, (ap_q_mode)5, (ap_o_mode)3, 0>::ap_fixed_base<128, 2, false, (ap_q_mode)5, (ap_o_mode)3, 0>(ap_fixed_base<128, 2, false, (ap_q_mode)5, (ap_o_mode)3, 0> const&)' (C:/Xilinx/Vitis_HLS/2020.2/common/technology/autopilot\ap_fixed_base.h:431:5)
INFO: [HLS 214-131] Inlining function 'ap_fixed_base<12, 3, true, (ap_q_mode)5, (ap_o_mode)3, 0>::ap_fixed_base<128, 2, false, (ap_q_mode)5, (ap_o_mode)3, 0>(ap_fixed_base<128, 2, false, (ap_q_mode)5, (ap_o_mode)3, 0> const&)' into 'ap_fixed<12, 3, (ap_q_mode)5, (ap_o_mode)3, 0>::ap_fixed<128, 2, false, (ap_q_mode)5, (ap_o_mode)3, 0>(ap_fixed_base<128, 2, false, (ap_q_mode)5, (ap_o_mode)3, 0> const&)' (C:/Xilinx/Vitis_HLS/2020.2/common/technology/autopilot/ap_fixed.h:75:9)
INFO: [HLS 214-131] Inlining function 'ap_fixed_base<12, 3, true, (ap_q_mode)5, (ap_o_mode)3, 0>::operator!() const' into 'ap_fixed_base<13, 4, true, (ap_q_mode)5, (ap_o_mode)3, 0>& ap_fixed_base<13, 4, true, (ap_q_mode)5, (ap_o_mode)3, 0>::operator=<12, 3, true, (ap_q_mode)5, (ap_o_mode)3, 0>(ap_fixed_base<12, 3, true, (ap_q_mode)5, (ap_o_mode)3, 0> const&)' (C:/Xilinx/Vitis_HLS/2020.2/common/technology/autopilot\ap_fixed_base.h:698:9)
INFO: [HLS 214-131] Inlining function 'ap_fixed_base<13, 4, true, (ap_q_mode)5, (ap_o_mode)3, 0>& ap_fixed_base<13, 4, true, (ap_q_mode)5, (ap_o_mode)3, 0>::operator=<12, 3, true, (ap_q_mode)5, (ap_o_mode)3, 0>(ap_fixed_base<12, 3, true, (ap_q_mode)5, (ap_o_mode)3, 0> const&)' into 'ap_fixed_base<13, 4, true, (ap_q_mode)5, (ap_o_mode)3, 0>::ap_fixed_base<12, 3, true, (ap_q_mode)5, (ap_o_mode)3, 0>(ap_fixed_base<12, 3, true, (ap_q_mode)5, (ap_o_mode)3, 0> const&)' (C:/Xilinx/Vitis_HLS/2020.2/common/technology/autopilot\ap_fixed_base.h:431:5)
INFO: [HLS 214-131] Inlining function 'ap_fixed_base<13, 4, true, (ap_q_mode)5, (ap_o_mode)3, 0>::ap_fixed_base<12, 3, true, (ap_q_mode)5, (ap_o_mode)3, 0>(ap_fixed_base<12, 3, true, (ap_q_mode)5, (ap_o_mode)3, 0> const&)' into 'ap_fixed_base<12, 3, true, (ap_q_mode)5, (ap_o_mode)3, 0>::RType<12, 3, true>::plus ap_fixed_base<12, 3, true, (ap_q_mode)5, (ap_o_mode)3, 0>::operator+<12, 3, true, (ap_q_mode)5, (ap_o_mode)3, 0>(ap_fixed_base<12, 3, true, (ap_q_mode)5, (ap_o_mode)3, 0> const&) const' (C:/Xilinx/Vitis_HLS/2020.2/common/technology/autopilot\ap_fixed_base.h:1192:330)
INFO: [HLS 214-131] Inlining function 'ap_fixed_base<13, 4, true, (ap_q_mode)5, (ap_o_mode)3, 0>::ap_fixed_base<12, 3, true, (ap_q_mode)5, (ap_o_mode)3, 0>(ap_fixed_base<12, 3, true, (ap_q_mode)5, (ap_o_mode)3, 0> const&)' into 'ap_fixed_base<12, 3, true, (ap_q_mode)5, (ap_o_mode)3, 0>::RType<12, 3, true>::plus ap_fixed_base<12, 3, true, (ap_q_mode)5, (ap_o_mode)3, 0>::operator+<12, 3, true, (ap_q_mode)5, (ap_o_mode)3, 0>(ap_fixed_base<12, 3, true, (ap_q_mode)5, (ap_o_mode)3, 0> const&) const' (C:/Xilinx/Vitis_HLS/2020.2/common/technology/autopilot\ap_fixed_base.h:1192:342)
INFO: [HLS 214-131] Inlining function 'ap_fixed_base<13, 4, true, (ap_q_mode)5, (ap_o_mode)3, 0>::operator!() const' into 'ap_fixed_base<12, 3, true, (ap_q_mode)5, (ap_o_mode)3, 0>& ap_fixed_base<12, 3, true, (ap_q_mode)5, (ap_o_mode)3, 0>::operator=<13, 4, true, (ap_q_mode)5, (ap_o_mode)3, 0>(ap_fixed_base<13, 4, true, (ap_q_mode)5, (ap_o_mode)3, 0> const&)' (C:/Xilinx/Vitis_HLS/2020.2/common/technology/autopilot\ap_fixed_base.h:698:9)
INFO: [HLS 214-131] Inlining function 'ap_fixed_base<12, 3, true, (ap_q_mode)5, (ap_o_mode)3, 0>& ap_fixed_base<12, 3, true, (ap_q_mode)5, (ap_o_mode)3, 0>::operator=<13, 4, true, (ap_q_mode)5, (ap_o_mode)3, 0>(ap_fixed_base<13, 4, true, (ap_q_mode)5, (ap_o_mode)3, 0> const&)' into 'ap_fixed_base<12, 3, true, (ap_q_mode)5, (ap_o_mode)3, 0>::ap_fixed_base<13, 4, true, (ap_q_mode)5, (ap_o_mode)3, 0>(ap_fixed_base<13, 4, true, (ap_q_mode)5, (ap_o_mode)3, 0> const&)' (C:/Xilinx/Vitis_HLS/2020.2/common/technology/autopilot\ap_fixed_base.h:431:5)
INFO: [HLS 214-131] Inlining function 'ap_fixed_base<12, 3, true, (ap_q_mode)5, (ap_o_mode)3, 0>::ap_fixed_base<13, 4, true, (ap_q_mode)5, (ap_o_mode)3, 0>(ap_fixed_base<13, 4, true, (ap_q_mode)5, (ap_o_mode)3, 0> const&)' into 'ap_fixed<12, 3, (ap_q_mode)5, (ap_o_mode)3, 0>::ap_fixed<13, 4, true, (ap_q_mode)5, (ap_o_mode)3, 0>(ap_fixed_base<13, 4, true, (ap_q_mode)5, (ap_o_mode)3, 0> const&)' (C:/Xilinx/Vitis_HLS/2020.2/common/technology/autopilot/ap_fixed.h:75:9)
INFO: [HLS 214-131] Inlining function 'ap_fixed_base<13, 4, true, (ap_q_mode)5, (ap_o_mode)3, 0>::ap_fixed_base<12, 3, true, (ap_q_mode)5, (ap_o_mode)3, 0>(ap_fixed_base<12, 3, true, (ap_q_mode)5, (ap_o_mode)3, 0> const&)' into 'ap_fixed_base<12, 3, true, (ap_q_mode)5, (ap_o_mode)3, 0>::RType<12, 3, true>::minus ap_fixed_base<12, 3, true, (ap_q_mode)5, (ap_o_mode)3, 0>::operator-<12, 3, true, (ap_q_mode)5, (ap_o_mode)3, 0>(ap_fixed_base<12, 3, true, (ap_q_mode)5, (ap_o_mode)3, 0> const&) const' (C:/Xilinx/Vitis_HLS/2020.2/common/technology/autopilot\ap_fixed_base.h:1193:332)
INFO: [HLS 214-131] Inlining function 'ap_fixed_base<13, 4, true, (ap_q_mode)5, (ap_o_mode)3, 0>::ap_fixed_base<12, 3, true, (ap_q_mode)5, (ap_o_mode)3, 0>(ap_fixed_base<12, 3, true, (ap_q_mode)5, (ap_o_mode)3, 0> const&)' into 'ap_fixed_base<12, 3, true, (ap_q_mode)5, (ap_o_mode)3, 0>::RType<12, 3, true>::minus ap_fixed_base<12, 3, true, (ap_q_mode)5, (ap_o_mode)3, 0>::operator-<12, 3, true, (ap_q_mode)5, (ap_o_mode)3, 0>(ap_fixed_base<12, 3, true, (ap_q_mode)5, (ap_o_mode)3, 0> const&) const' (C:/Xilinx/Vitis_HLS/2020.2/common/technology/autopilot\ap_fixed_base.h:1193:344)
INFO: [HLS 214-131] Inlining function 'ap_fixed_base<12, 3, true, (ap_q_mode)5, (ap_o_mode)3, 0>::operator[](unsigned int)' into 'void cordic_apfixed::cordic_circ_apfixed<12, 3, 0>(ap_fixed<12, 3, (ap_q_mode)5, (ap_o_mode)3, 0>&, ap_fixed<12, 3, (ap_q_mode)5, (ap_o_mode)3, 0>&, ap_fixed<12, 3, (ap_q_mode)5, (ap_o_mode)3, 0>&)' (C:/Xilinx/Vitis_HLS/2020.2/common/technology/autopilot/hls_cordic_apfixed.h:94:13)
INFO: [HLS 214-131] Inlining function 'ap_fixed_base<12, 3, true, (ap_q_mode)5, (ap_o_mode)3, 0>::RType<12, 3, true>::minus ap_fixed_base<12, 3, true, (ap_q_mode)5, (ap_o_mode)3, 0>::operator-<12, 3, true, (ap_q_mode)5, (ap_o_mode)3, 0>(ap_fixed_base<12, 3, true, (ap_q_mode)5, (ap_o_mode)3, 0> const&) const' into 'void cordic_apfixed::cordic_circ_apfixed<12, 3, 0>(ap_fixed<12, 3, (ap_q_mode)5, (ap_o_mode)3, 0>&, ap_fixed<12, 3, (ap_q_mode)5, (ap_o_mode)3, 0>&, ap_fixed<12, 3, (ap_q_mode)5, (ap_o_mode)3, 0>&)' (C:/Xilinx/Vitis_HLS/2020.2/common/technology/autopilot/hls_cordic_apfixed.h:109:16)
INFO: [HLS 214-131] Inlining function 'ap_fixed_base<12, 3, true, (ap_q_mode)5, (ap_o_mode)3, 0>::RType<12, 3, true>::plus ap_fixed_base<12, 3, true, (ap_q_mode)5, (ap_o_mode)3, 0>::operator+<12, 3, true, (ap_q_mode)5, (ap_o_mode)3, 0>(ap_fixed_base<12, 3, true, (ap_q_mode)5, (ap_o_mode)3, 0> const&) const' into 'void cordic_apfixed::cordic_circ_apfixed<12, 3, 0>(ap_fixed<12, 3, (ap_q_mode)5, (ap_o_mode)3, 0>&, ap_fixed<12, 3, (ap_q_mode)5, (ap_o_mode)3, 0>&, ap_fixed<12, 3, (ap_q_mode)5, (ap_o_mode)3, 0>&)' (C:/Xilinx/Vitis_HLS/2020.2/common/technology/autopilot/hls_cordic_apfixed.h:108:16)
INFO: [HLS 214-131] Inlining function 'ap_fixed_base<12, 3, true, (ap_q_mode)5, (ap_o_mode)3, 0>::RType<12, 3, true>::minus ap_fixed_base<12, 3, true, (ap_q_mode)5, (ap_o_mode)3, 0>::operator-<12, 3, true, (ap_q_mode)5, (ap_o_mode)3, 0>(ap_fixed_base<12, 3, true, (ap_q_mode)5, (ap_o_mode)3, 0> const&) const' into 'void cordic_apfixed::cordic_circ_apfixed<12, 3, 0>(ap_fixed<12, 3, (ap_q_mode)5, (ap_o_mode)3, 0>&, ap_fixed<12, 3, (ap_q_mode)5, (ap_o_mode)3, 0>&, ap_fixed<12, 3, (ap_q_mode)5, (ap_o_mode)3, 0>&)' (C:/Xilinx/Vitis_HLS/2020.2/common/technology/autopilot/hls_cordic_apfixed.h:107:16)
INFO: [HLS 214-131] Inlining function 'ap_fixed_base<12, 3, true, (ap_q_mode)5, (ap_o_mode)3, 0>::RType<12, 3, true>::plus ap_fixed_base<12, 3, true, (ap_q_mode)5, (ap_o_mode)3, 0>::operator+<12, 3, true, (ap_q_mode)5, (ap_o_mode)3, 0>(ap_fixed_base<12, 3, true, (ap_q_mode)5, (ap_o_mode)3, 0> const&) const' into 'void cordic_apfixed::cordic_circ_apfixed<12, 3, 0>(ap_fixed<12, 3, (ap_q_mode)5, (ap_o_mode)3, 0>&, ap_fixed<12, 3, (ap_q_mode)5, (ap_o_mode)3, 0>&, ap_fixed<12, 3, (ap_q_mode)5, (ap_o_mode)3, 0>&)' (C:/Xilinx/Vitis_HLS/2020.2/common/technology/autopilot/hls_cordic_apfixed.h:104:16)
INFO: [HLS 214-131] Inlining function 'ap_fixed_base<12, 3, true, (ap_q_mode)5, (ap_o_mode)3, 0>::RType<12, 3, true>::minus ap_fixed_base<12, 3, true, (ap_q_mode)5, (ap_o_mode)3, 0>::operator-<12, 3, true, (ap_q_mode)5, (ap_o_mode)3, 0>(ap_fixed_base<12, 3, true, (ap_q_mode)5, (ap_o_mode)3, 0> const&) const' into 'void cordic_apfixed::cordic_circ_apfixed<12, 3, 0>(ap_fixed<12, 3, (ap_q_mode)5, (ap_o_mode)3, 0>&, ap_fixed<12, 3, (ap_q_mode)5, (ap_o_mode)3, 0>&, ap_fixed<12, 3, (ap_q_mode)5, (ap_o_mode)3, 0>&)' (C:/Xilinx/Vitis_HLS/2020.2/common/technology/autopilot/hls_cordic_apfixed.h:103:16)
INFO: [HLS 214-131] Inlining function 'ap_fixed_base<12, 3, true, (ap_q_mode)5, (ap_o_mode)3, 0>::RType<12, 3, true>::plus ap_fixed_base<12, 3, true, (ap_q_mode)5, (ap_o_mode)3, 0>::operator+<12, 3, true, (ap_q_mode)5, (ap_o_mode)3, 0>(ap_fixed_base<12, 3, true, (ap_q_mode)5, (ap_o_mode)3, 0> const&) const' into 'void cordic_apfixed::cordic_circ_apfixed<12, 3, 0>(ap_fixed<12, 3, (ap_q_mode)5, (ap_o_mode)3, 0>&, ap_fixed<12, 3, (ap_q_mode)5, (ap_o_mode)3, 0>&, ap_fixed<12, 3, (ap_q_mode)5, (ap_o_mode)3, 0>&)' (C:/Xilinx/Vitis_HLS/2020.2/common/technology/autopilot/hls_cordic_apfixed.h:102:16)
INFO: [HLS 214-131] Inlining function 'ap_int_base<1, false>::operator unsigned long long() const' into 'void cordic_apfixed::cordic_circ_apfixed<12, 3, 0>(ap_fixed<12, 3, (ap_q_mode)5, (ap_o_mode)3, 0>&, ap_fixed<12, 3, (ap_q_mode)5, (ap_o_mode)3, 0>&, ap_fixed<12, 3, (ap_q_mode)5, (ap_o_mode)3, 0>&)' (C:/Xilinx/Vitis_HLS/2020.2/common/technology/autopilot/hls_cordic_apfixed.h:101:10)
INFO: [HLS 214-131] Inlining function 'ap_fixed_base<12, 3, true, (ap_q_mode)5, (ap_o_mode)3, 0>::operator>>(int) const' into 'void cordic_apfixed::cordic_circ_apfixed<12, 3, 0>(ap_fixed<12, 3, (ap_q_mode)5, (ap_o_mode)3, 0>&, ap_fixed<12, 3, (ap_q_mode)5, (ap_o_mode)3, 0>&, ap_fixed<12, 3, (ap_q_mode)5, (ap_o_mode)3, 0>&)' (C:/Xilinx/Vitis_HLS/2020.2/common/technology/autopilot/hls_cordic_apfixed.h:98:15)
INFO: [HLS 214-131] Inlining function 'ap_fixed_base<12, 3, true, (ap_q_mode)5, (ap_o_mode)3, 0>::operator>>(int) const' into 'void cordic_apfixed::cordic_circ_apfixed<12, 3, 0>(ap_fixed<12, 3, (ap_q_mode)5, (ap_o_mode)3, 0>&, ap_fixed<12, 3, (ap_q_mode)5, (ap_o_mode)3, 0>&, ap_fixed<12, 3, (ap_q_mode)5, (ap_o_mode)3, 0>&)' (C:/Xilinx/Vitis_HLS/2020.2/common/technology/autopilot/hls_cordic_apfixed.h:97:15)
INFO: [HLS 214-131] Inlining function 'ap_uint<1>::ap_uint<12, 3, true, (ap_q_mode)5, (ap_o_mode)3, 0>(af_bit_ref<12, 3, true, (ap_q_mode)5, (ap_o_mode)3, 0> const&)' into 'void cordic_apfixed::cordic_circ_apfixed<12, 3, 0>(ap_fixed<12, 3, (ap_q_mode)5, (ap_o_mode)3, 0>&, ap_fixed<12, 3, (ap_q_mode)5, (ap_o_mode)3, 0>&, ap_fixed<12, 3, (ap_q_mode)5, (ap_o_mode)3, 0>&)' (C:/Xilinx/Vitis_HLS/2020.2/common/technology/autopilot/hls_cordic_apfixed.h:94:13)
INFO: [HLS 214-131] Inlining function 'ap_fixed_base<12, 3, true, (ap_q_mode)5, (ap_o_mode)3, 0>::operator!() const' into 'ap_fixed_base<9, 2, true, (ap_q_mode)5, (ap_o_mode)3, 0>& ap_fixed_base<9, 2, true, (ap_q_mode)5, (ap_o_mode)3, 0>::operator=<12, 3, true, (ap_q_mode)5, (ap_o_mode)3, 0>(ap_fixed_base<12, 3, true, (ap_q_mode)5, (ap_o_mode)3, 0> const&)' (C:/Xilinx/Vitis_HLS/2020.2/common/technology/autopilot\ap_fixed_base.h:698:9)
INFO: [HLS 214-131] Inlining function 'ap_fixed_base<9, 2, true, (ap_q_mode)5, (ap_o_mode)3, 0>& ap_fixed_base<9, 2, true, (ap_q_mode)5, (ap_o_mode)3, 0>::operator=<12, 3, true, (ap_q_mode)5, (ap_o_mode)3, 0>(ap_fixed_base<12, 3, true, (ap_q_mode)5, (ap_o_mode)3, 0> const&)' into 'ap_fixed_base<9, 2, true, (ap_q_mode)5, (ap_o_mode)3, 0>::ap_fixed_base<12, 3, true, (ap_q_mode)5, (ap_o_mode)3, 0>(ap_fixed_base<12, 3, true, (ap_q_mode)5, (ap_o_mode)3, 0> const&)' (C:/Xilinx/Vitis_HLS/2020.2/common/technology/autopilot\ap_fixed_base.h:431:5)
INFO: [HLS 214-131] Inlining function 'ap_fixed_base<9, 2, true, (ap_q_mode)5, (ap_o_mode)3, 0>::ap_fixed_base<12, 3, true, (ap_q_mode)5, (ap_o_mode)3, 0>(ap_fixed_base<12, 3, true, (ap_q_mode)5, (ap_o_mode)3, 0> const&)' into 'ap_fixed<9, 2, (ap_q_mode)5, (ap_o_mode)3, 0>::ap_fixed<12, 3, true, (ap_q_mode)5, (ap_o_mode)3, 0>(ap_fixed_base<12, 3, true, (ap_q_mode)5, (ap_o_mode)3, 0> const&)' (C:/Xilinx/Vitis_HLS/2020.2/common/technology/autopilot/ap_fixed.h:75:9)
INFO: [HLS 214-131] Inlining function 'ap_fixed_base<13, 4, true, (ap_q_mode)5, (ap_o_mode)3, 0>::ap_fixed_base<12, 3, true, (ap_q_mode)5, (ap_o_mode)3, 0>(ap_fixed_base<12, 3, true, (ap_q_mode)5, (ap_o_mode)3, 0> const&)' into 'ap_fixed_base<12, 3, true, (ap_q_mode)5, (ap_o_mode)3, 0>::operator-() const' (C:/Xilinx/Vitis_HLS/2020.2/common/technology/autopilot\ap_fixed_base.h:1252:47)
INFO: [HLS 214-131] Inlining function 'ap_fixed_base<13, 4, true, (ap_q_mode)5, (ap_o_mode)3, 0>::operator!() const' into 'ap_fixed_base<9, 2, true, (ap_q_mode)5, (ap_o_mode)3, 0>& ap_fixed_base<9, 2, true, (ap_q_mode)5, (ap_o_mode)3, 0>::operator=<13, 4, true, (ap_q_mode)5, (ap_o_mode)3, 0>(ap_fixed_base<13, 4, true, (ap_q_mode)5, (ap_o_mode)3, 0> const&)' (C:/Xilinx/Vitis_HLS/2020.2/common/technology/autopilot\ap_fixed_base.h:698:9)
INFO: [HLS 214-131] Inlining function 'ap_fixed_base<9, 2, true, (ap_q_mode)5, (ap_o_mode)3, 0>& ap_fixed_base<9, 2, true, (ap_q_mode)5, (ap_o_mode)3, 0>::operator=<13, 4, true, (ap_q_mode)5, (ap_o_mode)3, 0>(ap_fixed_base<13, 4, true, (ap_q_mode)5, (ap_o_mode)3, 0> const&)' into 'ap_fixed_base<9, 2, true, (ap_q_mode)5, (ap_o_mode)3, 0>::ap_fixed_base<13, 4, true, (ap_q_mode)5, (ap_o_mode)3, 0>(ap_fixed_base<13, 4, true, (ap_q_mode)5, (ap_o_mode)3, 0> const&)' (C:/Xilinx/Vitis_HLS/2020.2/common/technology/autopilot\ap_fixed_base.h:431:5)
INFO: [HLS 214-131] Inlining function 'ap_fixed_base<9, 2, true, (ap_q_mode)5, (ap_o_mode)3, 0>::ap_fixed_base<13, 4, true, (ap_q_mode)5, (ap_o_mode)3, 0>(ap_fixed_base<13, 4, true, (ap_q_mode)5, (ap_o_mode)3, 0> const&)' into 'ap_fixed<9, 2, (ap_q_mode)5, (ap_o_mode)3, 0>::ap_fixed<13, 4, true, (ap_q_mode)5, (ap_o_mode)3, 0>(ap_fixed_base<13, 4, true, (ap_q_mode)5, (ap_o_mode)3, 0> const&)' (C:/Xilinx/Vitis_HLS/2020.2/common/technology/autopilot/ap_fixed.h:75:9)
INFO: [HLS 214-131] Inlining function 'ap_int_base<32, true>::ap_int_base(int)' into 'bool operator==<1, false>(ap_int_base<1, false> const&, int)' (C:/Xilinx/Vitis_HLS/2020.2/common/technology/autopilot\ap_int_base.h:1616:1853)
INFO: [HLS 214-131] Inlining function 'bool ap_int_base<1, false>::operator==<32, true>(ap_int_base<32, true> const&) const' into 'bool operator==<1, false>(ap_int_base<1, false> const&, int)' (C:/Xilinx/Vitis_HLS/2020.2/common/technology/autopilot\ap_int_base.h:1616:1850)
INFO: [HLS 214-131] Inlining function 'ap_fixed_base<9, 2, true, (ap_q_mode)5, (ap_o_mode)3, 0>::operator!() const' into 'ap_fixed_base<10, 3, true, (ap_q_mode)5, (ap_o_mode)3, 0>& ap_fixed_base<10, 3, true, (ap_q_mode)5, (ap_o_mode)3, 0>::operator=<9, 2, true, (ap_q_mode)5, (ap_o_mode)3, 0>(ap_fixed_base<9, 2, true, (ap_q_mode)5, (ap_o_mode)3, 0> const&)' (C:/Xilinx/Vitis_HLS/2020.2/common/technology/autopilot\ap_fixed_base.h:698:9)
INFO: [HLS 214-131] Inlining function 'ap_fixed_base<10, 3, true, (ap_q_mode)5, (ap_o_mode)3, 0>& ap_fixed_base<10, 3, true, (ap_q_mode)5, (ap_o_mode)3, 0>::operator=<9, 2, true, (ap_q_mode)5, (ap_o_mode)3, 0>(ap_fixed_base<9, 2, true, (ap_q_mode)5, (ap_o_mode)3, 0> const&)' into 'ap_fixed_base<10, 3, true, (ap_q_mode)5, (ap_o_mode)3, 0>::ap_fixed_base<9, 2, true, (ap_q_mode)5, (ap_o_mode)3, 0>(ap_fixed_base<9, 2, true, (ap_q_mode)5, (ap_o_mode)3, 0> const&)' (C:/Xilinx/Vitis_HLS/2020.2/common/technology/autopilot\ap_fixed_base.h:431:5)
INFO: [HLS 214-131] Inlining function 'ap_fixed_base<10, 3, true, (ap_q_mode)5, (ap_o_mode)3, 0>::ap_fixed_base<9, 2, true, (ap_q_mode)5, (ap_o_mode)3, 0>(ap_fixed_base<9, 2, true, (ap_q_mode)5, (ap_o_mode)3, 0> const&)' into 'ap_fixed_base<9, 2, true, (ap_q_mode)5, (ap_o_mode)3, 0>::operator-() const' (C:/Xilinx/Vitis_HLS/2020.2/common/technology/autopilot\ap_fixed_base.h:1252:47)
INFO: [HLS 214-131] Inlining function 'ap_fixed_base<10, 3, true, (ap_q_mode)5, (ap_o_mode)3, 0>::operator!() const' into 'ap_fixed_base<9, 2, true, (ap_q_mode)5, (ap_o_mode)3, 0>& ap_fixed_base<9, 2, true, (ap_q_mode)5, (ap_o_mode)3, 0>::operator=<10, 3, true, (ap_q_mode)5, (ap_o_mode)3, 0>(ap_fixed_base<10, 3, true, (ap_q_mode)5, (ap_o_mode)3, 0> const&)' (C:/Xilinx/Vitis_HLS/2020.2/common/technology/autopilot\ap_fixed_base.h:698:9)
INFO: [HLS 214-131] Inlining function 'ap_fixed_base<9, 2, true, (ap_q_mode)5, (ap_o_mode)3, 0>& ap_fixed_base<9, 2, true, (ap_q_mode)5, (ap_o_mode)3, 0>::operator=<10, 3, true, (ap_q_mode)5, (ap_o_mode)3, 0>(ap_fixed_base<10, 3, true, (ap_q_mode)5, (ap_o_mode)3, 0> const&)' into 'ap_fixed_base<9, 2, true, (ap_q_mode)5, (ap_o_mode)3, 0>::ap_fixed_base<10, 3, true, (ap_q_mode)5, (ap_o_mode)3, 0>(ap_fixed_base<10, 3, true, (ap_q_mode)5, (ap_o_mode)3, 0> const&)' (C:/Xilinx/Vitis_HLS/2020.2/common/technology/autopilot\ap_fixed_base.h:431:5)
INFO: [HLS 214-131] Inlining function 'ap_fixed_base<9, 2, true, (ap_q_mode)5, (ap_o_mode)3, 0>::ap_fixed_base<10, 3, true, (ap_q_mode)5, (ap_o_mode)3, 0>(ap_fixed_base<10, 3, true, (ap_q_mode)5, (ap_o_mode)3, 0> const&)' into 'ap_fixed<9, 2, (ap_q_mode)5, (ap_o_mode)3, 0>::ap_fixed<10, 3, true, (ap_q_mode)5, (ap_o_mode)3, 0>(ap_fixed_base<10, 3, true, (ap_q_mode)5, (ap_o_mode)3, 0> const&)' (C:/Xilinx/Vitis_HLS/2020.2/common/technology/autopilot/ap_fixed.h:75:9)
INFO: [HLS 214-131] Inlining function 'bool operator><10, 3, true, (ap_q_mode)5, (ap_o_mode)3, 0>(ap_fixed_base<10, 3, true, (ap_q_mode)5, (ap_o_mode)3, 0> const&, int)' into 'void cordic_apfixed::generic_sincos<10, 3>(ap_fixed<10, 3, (ap_q_mode)5, (ap_o_mode)3, 0>, ap_fixed<((10) - (3)) + (2), 2, (ap_q_mode)5, (ap_o_mode)3, 0>&, ap_fixed<((10) - (3)) + (2), 2, (ap_q_mode)5, (ap_o_mode)3, 0>&)' (C:/Xilinx/Vitis_HLS/2020.2/common/technology/autopilot/hls_cordic_apfixed.h:230:28)
INFO: [HLS 214-131] Inlining function 'ap_fixed_base<9, 2, true, (ap_q_mode)5, (ap_o_mode)3, 0>::operator-() const' into 'void cordic_apfixed::generic_sincos<10, 3>(ap_fixed<10, 3, (ap_q_mode)5, (ap_o_mode)3, 0>, ap_fixed<((10) - (3)) + (2), 2, (ap_q_mode)5, (ap_o_mode)3, 0>&, ap_fixed<((10) - (3)) + (2), 2, (ap_q_mode)5, (ap_o_mode)3, 0>&)' (C:/Xilinx/Vitis_HLS/2020.2/common/technology/autopilot/hls_cordic_apfixed.h:292:16)
INFO: [HLS 214-131] Inlining function 'bool operator==<1, false>(ap_int_base<1, false> const&, int)' into 'void cordic_apfixed::generic_sincos<10, 3>(ap_fixed<10, 3, (ap_q_mode)5, (ap_o_mode)3, 0>, ap_fixed<((10) - (3)) + (2), 2, (ap_q_mode)5, (ap_o_mode)3, 0>&, ap_fixed<((10) - (3)) + (2), 2, (ap_q_mode)5, (ap_o_mode)3, 0>&)' (C:/Xilinx/Vitis_HLS/2020.2/common/technology/autopilot/hls_cordic_apfixed.h:291:13)
INFO: [HLS 214-131] Inlining function 'ap_fixed_base<12, 3, true, (ap_q_mode)5, (ap_o_mode)3, 0>::operator-() const' into 'void cordic_apfixed::generic_sincos<10, 3>(ap_fixed<10, 3, (ap_q_mode)5, (ap_o_mode)3, 0>, ap_fixed<((10) - (3)) + (2), 2, (ap_q_mode)5, (ap_o_mode)3, 0>&, ap_fixed<((10) - (3)) + (2), 2, (ap_q_mode)5, (ap_o_mode)3, 0>&)' (C:/Xilinx/Vitis_HLS/2020.2/common/technology/autopilot/hls_cordic_apfixed.h:287:16)
INFO: [HLS 214-131] Inlining function 'ap_fixed_base<12, 3, true, (ap_q_mode)5, (ap_o_mode)3, 0>::operator-() const' into 'void cordic_apfixed::generic_sincos<10, 3>(ap_fixed<10, 3, (ap_q_mode)5, (ap_o_mode)3, 0>, ap_fixed<((10) - (3)) + (2), 2, (ap_q_mode)5, (ap_o_mode)3, 0>&, ap_fixed<((10) - (3)) + (2), 2, (ap_q_mode)5, (ap_o_mode)3, 0>&)' (C:/Xilinx/Vitis_HLS/2020.2/common/technology/autopilot/hls_cordic_apfixed.h:284:16)
INFO: [HLS 214-131] Inlining function 'ap_fixed_base<12, 3, true, (ap_q_mode)5, (ap_o_mode)3, 0>::operator-() const' into 'void cordic_apfixed::generic_sincos<10, 3>(ap_fixed<10, 3, (ap_q_mode)5, (ap_o_mode)3, 0>, ap_fixed<((10) - (3)) + (2), 2, (ap_q_mode)5, (ap_o_mode)3, 0>&, ap_fixed<((10) - (3)) + (2), 2, (ap_q_mode)5, (ap_o_mode)3, 0>&)' (C:/Xilinx/Vitis_HLS/2020.2/common/technology/autopilot/hls_cordic_apfixed.h:283:16)
INFO: [HLS 214-131] Inlining function 'bool operator==<2, false>(ap_int_base<2, false> const&, int)' into 'void cordic_apfixed::generic_sincos<10, 3>(ap_fixed<10, 3, (ap_q_mode)5, (ap_o_mode)3, 0>, ap_fixed<((10) - (3)) + (2), 2, (ap_q_mode)5, (ap_o_mode)3, 0>&, ap_fixed<((10) - (3)) + (2), 2, (ap_q_mode)5, (ap_o_mode)3, 0>&)' (C:/Xilinx/Vitis_HLS/2020.2/common/technology/autopilot/hls_cordic_apfixed.h:282:14)
INFO: [HLS 214-131] Inlining function 'ap_fixed_base<12, 3, true, (ap_q_mode)5, (ap_o_mode)3, 0>::operator-() const' into 'void cordic_apfixed::generic_sincos<10, 3>(ap_fixed<10, 3, (ap_q_mode)5, (ap_o_mode)3, 0>, ap_fixed<((10) - (3)) + (2), 2, (ap_q_mode)5, (ap_o_mode)3, 0>&, ap_fixed<((10) - (3)) + (2), 2, (ap_q_mode)5, (ap_o_mode)3, 0>&)' (C:/Xilinx/Vitis_HLS/2020.2/common/technology/autopilot/hls_cordic_apfixed.h:280:16)
INFO: [HLS 214-131] Inlining function 'bool operator==<2, false>(ap_int_base<2, false> const&, int)' into 'void cordic_apfixed::generic_sincos<10, 3>(ap_fixed<10, 3, (ap_q_mode)5, (ap_o_mode)3, 0>, ap_fixed<((10) - (3)) + (2), 2, (ap_q_mode)5, (ap_o_mode)3, 0>&, ap_fixed<((10) - (3)) + (2), 2, (ap_q_mode)5, (ap_o_mode)3, 0>&)' (C:/Xilinx/Vitis_HLS/2020.2/common/technology/autopilot/hls_cordic_apfixed.h:278:14)
INFO: [HLS 214-131] Inlining function 'bool operator==<2, false>(ap_int_base<2, false> const&, int)' into 'void cordic_apfixed::generic_sincos<10, 3>(ap_fixed<10, 3, (ap_q_mode)5, (ap_o_mode)3, 0>, ap_fixed<((10) - (3)) + (2), 2, (ap_q_mode)5, (ap_o_mode)3, 0>&, ap_fixed<((10) - (3)) + (2), 2, (ap_q_mode)5, (ap_o_mode)3, 0>&)' (C:/Xilinx/Vitis_HLS/2020.2/common/technology/autopilot/hls_cordic_apfixed.h:274:9)
INFO: [HLS 214-131] Inlining function 'ap_uint<1>::ap_uint(int)' into 'void cordic_apfixed::generic_sincos<10, 3>(ap_fixed<10, 3, (ap_q_mode)5, (ap_o_mode)3, 0>, ap_fixed<((10) - (3)) + (2), 2, (ap_q_mode)5, (ap_o_mode)3, 0>&, ap_fixed<((10) - (3)) + (2), 2, (ap_q_mode)5, (ap_o_mode)3, 0>&)' (C:/Xilinx/Vitis_HLS/2020.2/common/technology/autopilot/hls_cordic_apfixed.h:230:24)
INFO: [HLS 214-131] Inlining function 'ap_fixed_base<11, 1, false, (ap_q_mode)5, (ap_o_mode)3, 0>::RType<11, 1, false>::minus ap_fixed_base<11, 1, false, (ap_q_mode)5, (ap_o_mode)3, 0>::operator-<11, 1, false, (ap_q_mode)5, (ap_o_mode)3, 0>(ap_fixed_base<11, 1, false, (ap_q_mode)5, (ap_o_mode)3, 0> const&) const' into 'void cordic_apfixed::generic_sincos<10, 3>(ap_fixed<10, 3, (ap_q_mode)5, (ap_o_mode)3, 0>, ap_fixed<((10) - (3)) + (2), 2, (ap_q_mode)5, (ap_o_mode)3, 0>&, ap_fixed<((10) - (3)) + (2), 2, (ap_q_mode)5, (ap_o_mode)3, 0>&)' (C:/Xilinx/Vitis_HLS/2020.2/common/technology/autopilot/hls_cordic_apfixed.h:254:15)
INFO: [HLS 214-131] Inlining function 'ap_int_base<1, false>::operator unsigned long long() const' into 'void cordic_apfixed::generic_sincos<10, 3>(ap_fixed<10, 3, (ap_q_mode)5, (ap_o_mode)3, 0>, ap_fixed<((10) - (3)) + (2), 2, (ap_q_mode)5, (ap_o_mode)3, 0>&, ap_fixed<((10) - (3)) + (2), 2, (ap_q_mode)5, (ap_o_mode)3, 0>&)' (C:/Xilinx/Vitis_HLS/2020.2/common/technology/autopilot/hls_cordic_apfixed.h:234:8)
INFO: [HLS 214-131] Inlining function 'bool operator==<2, false>(ap_int_base<2, false> const&, int)' into 'void cordic_apfixed::generic_sincos<10, 3>(ap_fixed<10, 3, (ap_q_mode)5, (ap_o_mode)3, 0>, ap_fixed<((10) - (3)) + (2), 2, (ap_q_mode)5, (ap_o_mode)3, 0>&, ap_fixed<((10) - (3)) + (2), 2, (ap_q_mode)5, (ap_o_mode)3, 0>&)' (C:/Xilinx/Vitis_HLS/2020.2/common/technology/autopilot/hls_cordic_apfixed.h:251:17)
INFO: [HLS 214-131] Inlining function 'bool operator==<2, false>(ap_int_base<2, false> const&, int)' into 'void cordic_apfixed::generic_sincos<10, 3>(ap_fixed<10, 3, (ap_q_mode)5, (ap_o_mode)3, 0>, ap_fixed<((10) - (3)) + (2), 2, (ap_q_mode)5, (ap_o_mode)3, 0>&, ap_fixed<((10) - (3)) + (2), 2, (ap_q_mode)5, (ap_o_mode)3, 0>&)' (C:/Xilinx/Vitis_HLS/2020.2/common/technology/autopilot/hls_cordic_apfixed.h:251:9)
INFO: [HLS 214-131] Inlining function 'ap_fixed_base<10, 3, true, (ap_q_mode)5, (ap_o_mode)3, 0>::operator-() const' into 'void cordic_apfixed::generic_sincos<10, 3>(ap_fixed<10, 3, (ap_q_mode)5, (ap_o_mode)3, 0>, ap_fixed<((10) - (3)) + (2), 2, (ap_q_mode)5, (ap_o_mode)3, 0>&, ap_fixed<((10) - (3)) + (2), 2, (ap_q_mode)5, (ap_o_mode)3, 0>&)' (C:/Xilinx/Vitis_HLS/2020.2/common/technology/autopilot/hls_cordic_apfixed.h:237:15)
INFO: [HLS 214-131] Inlining function 'ap_fixed_base<6, 6, true, (ap_q_mode)5, (ap_o_mode)3, 0>::operator!() const' into 'ap_fixed_base<6, 6, true, (ap_q_mode)5, (ap_o_mode)3, 0>& ap_fixed_base<6, 6, true, (ap_q_mode)5, (ap_o_mode)3, 0>::operator=<6, 6, true, (ap_q_mode)5, (ap_o_mode)3, 0>(ap_fixed_base<6, 6, true, (ap_q_mode)5, (ap_o_mode)3, 0> const&)' (C:/Xilinx/Vitis_HLS/2020.2/common/technology/autopilot\ap_fixed_base.h:698:9)
INFO: [HLS 214-131] Inlining function 'ap_fixed_base<6, 6, true, (ap_q_mode)5, (ap_o_mode)3, 0>& ap_fixed_base<6, 6, true, (ap_q_mode)5, (ap_o_mode)3, 0>::operator=<6, 6, true, (ap_q_mode)5, (ap_o_mode)3, 0>(ap_fixed_base<6, 6, true, (ap_q_mode)5, (ap_o_mode)3, 0> const&)' into 'ap_fixed_base<6, 6, true, (ap_q_mode)5, (ap_o_mode)3, 0>::ap_fixed_base<6, true>(ap_int_base<6, true> const&)' (C:/Xilinx/Vitis_HLS/2020.2/common/technology/autopilot\ap_fixed_base.h:447:5)
INFO: [HLS 214-131] Inlining function 'ap_fixed_base<6, 6, true, (ap_q_mode)5, (ap_o_mode)3, 0>::ap_fixed_base<6, true>(ap_int_base<6, true> const&)' into 'ap_fixed_base<6, 6, true, (ap_q_mode)5, (ap_o_mode)3, 0>::RType<9, 2, true>::mult operator*<9, 2, true, (ap_q_mode)5, (ap_o_mode)3, 0, 6, true>(ap_int_base<6, true> const&, ap_fixed_base<9, 2, true, (ap_q_mode)5, (ap_o_mode)3, 0> const&)' (C:/Xilinx/Vitis_HLS/2020.2/common/technology/autopilot\ap_fixed_base.h:2305:373)
INFO: [HLS 214-131] Inlining function 'ap_fixed_base<6, 6, true, (ap_q_mode)5, (ap_o_mode)3, 0>::RType<9, 2, true>::mult ap_fixed_base<6, 6, true, (ap_q_mode)5, (ap_o_mode)3, 0>::operator*<9, 2, true, (ap_q_mode)5, (ap_o_mode)3, 0>(ap_fixed_base<9, 2, true, (ap_q_mode)5, (ap_o_mode)3, 0> const&) const' into 'ap_fixed_base<6, 6, true, (ap_q_mode)5, (ap_o_mode)3, 0>::RType<9, 2, true>::mult operator*<9, 2, true, (ap_q_mode)5, (ap_o_mode)3, 0, 6, true>(ap_int_base<6, true> const&, ap_fixed_base<9, 2, true, (ap_q_mode)5, (ap_o_mode)3, 0> const&)' (C:/Xilinx/Vitis_HLS/2020.2/common/technology/autopilot\ap_fixed_base.h:2305:417)
INFO: [HLS 214-131] Inlining function 'ap_fixed_base<15, 8, true, (ap_q_mode)5, (ap_o_mode)3, 0>::operator!() const' into 'ap_fixed_base<16, 9, true, (ap_q_mode)5, (ap_o_mode)3, 0>& ap_fixed_base<16, 9, true, (ap_q_mode)5, (ap_o_mode)3, 0>::operator=<15, 8, true, (ap_q_mode)5, (ap_o_mode)3, 0>(ap_fixed_base<15, 8, true, (ap_q_mode)5, (ap_o_mode)3, 0> const&)' (C:/Xilinx/Vitis_HLS/2020.2/common/technology/autopilot\ap_fixed_base.h:698:9)
INFO: [HLS 214-131] Inlining function 'ap_fixed_base<16, 9, true, (ap_q_mode)5, (ap_o_mode)3, 0>& ap_fixed_base<16, 9, true, (ap_q_mode)5, (ap_o_mode)3, 0>::operator=<15, 8, true, (ap_q_mode)5, (ap_o_mode)3, 0>(ap_fixed_base<15, 8, true, (ap_q_mode)5, (ap_o_mode)3, 0> const&)' into 'ap_fixed_base<16, 9, true, (ap_q_mode)5, (ap_o_mode)3, 0>::ap_fixed_base<15, 8, true, (ap_q_mode)5, (ap_o_mode)3, 0>(ap_fixed_base<15, 8, true, (ap_q_mode)5, (ap_o_mode)3, 0> const&)' (C:/Xilinx/Vitis_HLS/2020.2/common/technology/autopilot\ap_fixed_base.h:431:5)
INFO: [HLS 214-131] Inlining function 'ap_fixed_base<16, 9, true, (ap_q_mode)5, (ap_o_mode)3, 0>::ap_fixed_base<15, 8, true, (ap_q_mode)5, (ap_o_mode)3, 0>(ap_fixed_base<15, 8, true, (ap_q_mode)5, (ap_o_mode)3, 0> const&)' into 'ap_fixed_base<15, 8, true, (ap_q_mode)5, (ap_o_mode)3, 0>::RType<15, 8, true>::minus ap_fixed_base<15, 8, true, (ap_q_mode)5, (ap_o_mode)3, 0>::operator-<15, 8, true, (ap_q_mode)5, (ap_o_mode)3, 0>(ap_fixed_base<15, 8, true, (ap_q_mode)5, (ap_o_mode)3, 0> const&) const' (C:/Xilinx/Vitis_HLS/2020.2/common/technology/autopilot\ap_fixed_base.h:1193:332)
INFO: [HLS 214-131] Inlining function 'ap_fixed_base<16, 9, true, (ap_q_mode)5, (ap_o_mode)3, 0>::ap_fixed_base<15, 8, true, (ap_q_mode)5, (ap_o_mode)3, 0>(ap_fixed_base<15, 8, true, (ap_q_mode)5, (ap_o_mode)3, 0> const&)' into 'ap_fixed_base<15, 8, true, (ap_q_mode)5, (ap_o_mode)3, 0>::RType<15, 8, true>::minus ap_fixed_base<15, 8, true, (ap_q_mode)5, (ap_o_mode)3, 0>::operator-<15, 8, true, (ap_q_mode)5, (ap_o_mode)3, 0>(ap_fixed_base<15, 8, true, (ap_q_mode)5, (ap_o_mode)3, 0> const&) const' (C:/Xilinx/Vitis_HLS/2020.2/common/technology/autopilot\ap_fixed_base.h:1193:344)
INFO: [HLS 214-131] Inlining function 'doubleToRawBits(double)' into 'ap_fixed_base<1, 0, false, (ap_q_mode)5, (ap_o_mode)3, 0>::ap_fixed_base(double)' (C:/Xilinx/Vitis_HLS/2020.2/common/technology/autopilot\ap_fixed_base.h:556:14)
INFO: [HLS 214-131] Inlining function 'ap_int_base<54, true>& ap_int_base<54, true>::operator=<55, true>(ap_int_base<55, true> const&)' into 'ap_fixed_base<1, 0, false, (ap_q_mode)5, (ap_o_mode)3, 0>::ap_fixed_base(double)' (C:/Xilinx/Vitis_HLS/2020.2/common/technology/autopilot\ap_fixed_base.h:570:20)
INFO: [HLS 214-131] Inlining function 'ap_int_base<54, true>::operator-() const' into 'ap_fixed_base<1, 0, false, (ap_q_mode)5, (ap_o_mode)3, 0>::ap_fixed_base(double)' (C:/Xilinx/Vitis_HLS/2020.2/common/technology/autopilot\ap_fixed_base.h:570:22)
INFO: [HLS 214-131] Inlining function 'ap_int_base<12, true>& ap_int_base<12, true>::operator=<65, true>(ap_int_base<65, true> const&)' into 'ap_fixed_base<1, 0, false, (ap_q_mode)5, (ap_o_mode)3, 0>::ap_fixed_base(double)' (C:/Xilinx/Vitis_HLS/2020.2/common/technology/autopilot\ap_fixed_base.h:563:9)
INFO: [HLS 214-131] Inlining function 'ap_int_base<11, false>::RType<($_0)64, true>::minus operator-<11, false>(ap_int_base<11, false> const&, long)' into 'ap_fixed_base<1, 0, false, (ap_q_mode)5, (ap_o_mode)3, 0>::ap_fixed_base(double)' (C:/Xilinx/Vitis_HLS/2020.2/common/technology/autopilot\ap_fixed_base.h:563:19)
INFO: [HLS 214-131] Inlining function 'ap_fixed_base<16, 9, true, (ap_q_mode)5, (ap_o_mode)3, 0>::operator!() const' into 'ap_fixed_base<17, 10, true, (ap_q_mode)5, (ap_o_mode)3, 0>& ap_fixed_base<17, 10, true, (ap_q_mode)5, (ap_o_mode)3, 0>::operator=<16, 9, true, (ap_q_mode)5, (ap_o_mode)3, 0>(ap_fixed_base<16, 9, true, (ap_q_mode)5, (ap_o_mode)3, 0> const&)' (C:/Xilinx/Vitis_HLS/2020.2/common/technology/autopilot\ap_fixed_base.h:698:9)
INFO: [HLS 214-131] Inlining function 'ap_fixed_base<17, 10, true, (ap_q_mode)5, (ap_o_mode)3, 0>& ap_fixed_base<17, 10, true, (ap_q_mode)5, (ap_o_mode)3, 0>::operator=<16, 9, true, (ap_q_mode)5, (ap_o_mode)3, 0>(ap_fixed_base<16, 9, true, (ap_q_mode)5, (ap_o_mode)3, 0> const&)' into 'ap_fixed_base<17, 10, true, (ap_q_mode)5, (ap_o_mode)3, 0>::ap_fixed_base<16, 9, true, (ap_q_mode)5, (ap_o_mode)3, 0>(ap_fixed_base<16, 9, true, (ap_q_mode)5, (ap_o_mode)3, 0> const&)' (C:/Xilinx/Vitis_HLS/2020.2/common/technology/autopilot\ap_fixed_base.h:431:5)
INFO: [HLS 214-131] Inlining function 'ap_fixed_base<17, 10, true, (ap_q_mode)5, (ap_o_mode)3, 0>::ap_fixed_base<16, 9, true, (ap_q_mode)5, (ap_o_mode)3, 0>(ap_fixed_base<16, 9, true, (ap_q_mode)5, (ap_o_mode)3, 0> const&)' into 'ap_fixed_base<16, 9, true, (ap_q_mode)5, (ap_o_mode)3, 0>::operator-() const' (C:/Xilinx/Vitis_HLS/2020.2/common/technology/autopilot\ap_fixed_base.h:1252:47)
INFO: [HLS 214-131] Inlining function 'ap_fixed_base<17, 10, true, (ap_q_mode)5, (ap_o_mode)3, 0>::operator!() const' into 'ap_fixed_base<16, 9, true, (ap_q_mode)5, (ap_o_mode)3, 0>& ap_fixed_base<16, 9, true, (ap_q_mode)5, (ap_o_mode)3, 0>::operator=<17, 10, true, (ap_q_mode)5, (ap_o_mode)3, 0>(ap_fixed_base<17, 10, true, (ap_q_mode)5, (ap_o_mode)3, 0> const&)' (C:/Xilinx/Vitis_HLS/2020.2/common/technology/autopilot\ap_fixed_base.h:698:9)
INFO: [HLS 214-131] Inlining function 'ap_fixed_base<16, 9, true, (ap_q_mode)5, (ap_o_mode)3, 0>& ap_fixed_base<16, 9, true, (ap_q_mode)5, (ap_o_mode)3, 0>::operator=<17, 10, true, (ap_q_mode)5, (ap_o_mode)3, 0>(ap_fixed_base<17, 10, true, (ap_q_mode)5, (ap_o_mode)3, 0> const&)' into 'ap_fixed_base<16, 9, true, (ap_q_mode)5, (ap_o_mode)3, 0>::ap_fixed_base<17, 10, true, (ap_q_mode)5, (ap_o_mode)3, 0>(ap_fixed_base<17, 10, true, (ap_q_mode)5, (ap_o_mode)3, 0> const&)' (C:/Xilinx/Vitis_HLS/2020.2/common/technology/autopilot\ap_fixed_base.h:431:5)
INFO: [HLS 214-131] Inlining function 'ap_fixed_base<16, 9, true, (ap_q_mode)5, (ap_o_mode)3, 0>::ap_fixed_base<17, 10, true, (ap_q_mode)5, (ap_o_mode)3, 0>(ap_fixed_base<17, 10, true, (ap_q_mode)5, (ap_o_mode)3, 0> const&)' into 'ap_fixed<16, 9, (ap_q_mode)5, (ap_o_mode)3, 0>::ap_fixed<17, 10, true, (ap_q_mode)5, (ap_o_mode)3, 0>(ap_fixed_base<17, 10, true, (ap_q_mode)5, (ap_o_mode)3, 0> const&)' (C:/Xilinx/Vitis_HLS/2020.2/common/technology/autopilot/ap_fixed.h:75:9)
INFO: [HLS 214-131] Inlining function 'af_bit_ref<16, 9, true, (ap_q_mode)5, (ap_o_mode)3, 0>::af_bit_ref(ap_fixed_base<16, 9, true, (ap_q_mode)5, (ap_o_mode)3, 0>*, int)' into 'ap_fixed_base<16, 9, true, (ap_q_mode)5, (ap_o_mode)3, 0>::operator[](unsigned int)' (C:/Xilinx/Vitis_HLS/2020.2/common/technology/autopilot\ap_fixed_base.h:1516:12)
INFO: [HLS 214-131] Inlining function 'ap_fixed_base<16, 9, true, (ap_q_mode)5, (ap_o_mode)3, 0>::operator-() const' into 'ap_fixed<16, 9, (ap_q_mode)5, (ap_o_mode)3, 0> fabs_fixed<16, 9>(ap_fixed<16, 9, (ap_q_mode)5, (ap_o_mode)3, 0>)' (C:/Xilinx/Vitis_HLS/2020.2/common/technology/autopilot/hls_round_copysign_apfixed.h:178:26)
INFO: [HLS 214-131] Inlining function 'af_bit_ref<16, 9, true, (ap_q_mode)5, (ap_o_mode)3, 0>::operator bool() const' into 'ap_fixed<16, 9, (ap_q_mode)5, (ap_o_mode)3, 0> fabs_fixed<16, 9>(ap_fixed<16, 9, (ap_q_mode)5, (ap_o_mode)3, 0>)' (C:/Xilinx/Vitis_HLS/2020.2/common/technology/autopilot/hls_round_copysign_apfixed.h:180:14)
INFO: [HLS 214-131] Inlining function 'ap_fixed_base<16, 9, true, (ap_q_mode)5, (ap_o_mode)3, 0>::operator[](unsigned int)' into 'ap_fixed<16, 9, (ap_q_mode)5, (ap_o_mode)3, 0> fabs_fixed<16, 9>(ap_fixed<16, 9, (ap_q_mode)5, (ap_o_mode)3, 0>)' (C:/Xilinx/Vitis_HLS/2020.2/common/technology/autopilot/hls_round_copysign_apfixed.h:180:16)
INFO: [HLS 214-131] Inlining function 'af_bit_ref<16, 9, true, (ap_q_mode)5, (ap_o_mode)3, 0>::operator=(bool)' into 'ap_fixed<16, 9, (ap_q_mode)5, (ap_o_mode)3, 0> fabs_fixed<16, 9>(ap_fixed<16, 9, (ap_q_mode)5, (ap_o_mode)3, 0>)' (C:/Xilinx/Vitis_HLS/2020.2/common/technology/autopilot/hls_round_copysign_apfixed.h:179:30)
INFO: [HLS 214-131] Inlining function 'ap_fixed_base<16, 9, true, (ap_q_mode)5, (ap_o_mode)3, 0>::operator[](unsigned int)' into 'ap_fixed<16, 9, (ap_q_mode)5, (ap_o_mode)3, 0> fabs_fixed<16, 9>(ap_fixed<16, 9, (ap_q_mode)5, (ap_o_mode)3, 0>)' (C:/Xilinx/Vitis_HLS/2020.2/common/technology/autopilot/hls_round_copysign_apfixed.h:179:21)
INFO: [HLS 214-131] Inlining function 'ap_fixed_base<16, 9, true, (ap_q_mode)5, (ap_o_mode)3, 0>::operator!() const' into 'ap_fixed_base<16, 9, false, (ap_q_mode)5, (ap_o_mode)3, 0>& ap_fixed_base<16, 9, false, (ap_q_mode)5, (ap_o_mode)3, 0>::operator=<16, 9, true, (ap_q_mode)5, (ap_o_mode)3, 0>(ap_fixed_base<16, 9, true, (ap_q_mode)5, (ap_o_mode)3, 0> const&)' (C:/Xilinx/Vitis_HLS/2020.2/common/technology/autopilot\ap_fixed_base.h:698:9)
INFO: [HLS 214-131] Inlining function 'ap_fixed_base<16, 9, false, (ap_q_mode)5, (ap_o_mode)3, 0>& ap_fixed_base<16, 9, false, (ap_q_mode)5, (ap_o_mode)3, 0>::operator=<16, 9, true, (ap_q_mode)5, (ap_o_mode)3, 0>(ap_fixed_base<16, 9, true, (ap_q_mode)5, (ap_o_mode)3, 0> const&)' into 'ap_fixed_base<16, 9, false, (ap_q_mode)5, (ap_o_mode)3, 0>::ap_fixed_base<16, 9, true, (ap_q_mode)5, (ap_o_mode)3, 0>(ap_fixed_base<16, 9, true, (ap_q_mode)5, (ap_o_mode)3, 0> const&)' (C:/Xilinx/Vitis_HLS/2020.2/common/technology/autopilot\ap_fixed_base.h:431:5)
INFO: [HLS 214-131] Inlining function 'ap_fixed_base<16, 9, false, (ap_q_mode)5, (ap_o_mode)3, 0>::ap_fixed_base<16, 9, true, (ap_q_mode)5, (ap_o_mode)3, 0>(ap_fixed_base<16, 9, true, (ap_q_mode)5, (ap_o_mode)3, 0> const&)' into 'ap_ufixed<16, 9, (ap_q_mode)5, (ap_o_mode)3, 0>::ap_ufixed<16, 9, true, (ap_q_mode)5, (ap_o_mode)3, 0>(ap_fixed_base<16, 9, true, (ap_q_mode)5, (ap_o_mode)3, 0> const&)' (C:/Xilinx/Vitis_HLS/2020.2/common/technology/autopilot/ap_fixed.h:239:9)
INFO: [HLS 214-131] Inlining function 'ap_fixed_base<16, 9, false, (ap_q_mode)5, (ap_o_mode)3, 0>::operator!() const' into 'ap_fixed_base<17, 10, false, (ap_q_mode)5, (ap_o_mode)3, 0>& ap_fixed_base<17, 10, false, (ap_q_mode)5, (ap_o_mode)3, 0>::operator=<16, 9, false, (ap_q_mode)5, (ap_o_mode)3, 0>(ap_fixed_base<16, 9, false, (ap_q_mode)5, (ap_o_mode)3, 0> const&)' (C:/Xilinx/Vitis_HLS/2020.2/common/technology/autopilot\ap_fixed_base.h:698:9)
INFO: [HLS 214-131] Inlining function 'ap_fixed_base<17, 10, false, (ap_q_mode)5, (ap_o_mode)3, 0>& ap_fixed_base<17, 10, false, (ap_q_mode)5, (ap_o_mode)3, 0>::operator=<16, 9, false, (ap_q_mode)5, (ap_o_mode)3, 0>(ap_fixed_base<16, 9, false, (ap_q_mode)5, (ap_o_mode)3, 0> const&)' into 'ap_fixed_base<17, 10, false, (ap_q_mode)5, (ap_o_mode)3, 0>::ap_fixed_base<16, 9, false, (ap_q_mode)5, (ap_o_mode)3, 0>(ap_fixed_base<16, 9, false, (ap_q_mode)5, (ap_o_mode)3, 0> const&)' (C:/Xilinx/Vitis_HLS/2020.2/common/technology/autopilot\ap_fixed_base.h:431:5)
INFO: [HLS 214-131] Inlining function 'ap_fixed_base<1, 0, false, (ap_q_mode)5, (ap_o_mode)3, 0>::operator!() const' into 'ap_fixed_base<17, 10, false, (ap_q_mode)5, (ap_o_mode)3, 0>& ap_fixed_base<17, 10, false, (ap_q_mode)5, (ap_o_mode)3, 0>::operator=<1, 0, false, (ap_q_mode)5, (ap_o_mode)3, 0>(ap_fixed_base<1, 0, false, (ap_q_mode)5, (ap_o_mode)3, 0> const&)' (C:/Xilinx/Vitis_HLS/2020.2/common/technology/autopilot\ap_fixed_base.h:698:9)
INFO: [HLS 214-131] Inlining function 'ap_fixed_base<17, 10, false, (ap_q_mode)5, (ap_o_mode)3, 0>& ap_fixed_base<17, 10, false, (ap_q_mode)5, (ap_o_mode)3, 0>::operator=<1, 0, false, (ap_q_mode)5, (ap_o_mode)3, 0>(ap_fixed_base<1, 0, false, (ap_q_mode)5, (ap_o_mode)3, 0> const&)' into 'ap_fixed_base<17, 10, false, (ap_q_mode)5, (ap_o_mode)3, 0>::ap_fixed_base<1, 0, false, (ap_q_mode)5, (ap_o_mode)3, 0>(ap_fixed_base<1, 0, false, (ap_q_mode)5, (ap_o_mode)3, 0> const&)' (C:/Xilinx/Vitis_HLS/2020.2/common/technology/autopilot\ap_fixed_base.h:431:5)
INFO: [HLS 214-131] Inlining function 'ap_fixed_base<17, 10, false, (ap_q_mode)5, (ap_o_mode)3, 0>::ap_fixed_base<16, 9, false, (ap_q_mode)5, (ap_o_mode)3, 0>(ap_fixed_base<16, 9, false, (ap_q_mode)5, (ap_o_mode)3, 0> const&)' into 'ap_fixed_base<16, 9, false, (ap_q_mode)5, (ap_o_mode)3, 0>::RType<1, 0, false>::plus ap_fixed_base<16, 9, false, (ap_q_mode)5, (ap_o_mode)3, 0>::operator+<1, 0, false, (ap_q_mode)5, (ap_o_mode)3, 0>(ap_fixed_base<1, 0, false, (ap_q_mode)5, (ap_o_mode)3, 0> const&) const' (C:/Xilinx/Vitis_HLS/2020.2/common/technology/autopilot\ap_fixed_base.h:1192:330)
INFO: [HLS 214-131] Inlining function 'ap_fixed_base<17, 10, false, (ap_q_mode)5, (ap_o_mode)3, 0>::ap_fixed_base<1, 0, false, (ap_q_mode)5, (ap_o_mode)3, 0>(ap_fixed_base<1, 0, false, (ap_q_mode)5, (ap_o_mode)3, 0> const&)' into 'ap_fixed_base<16, 9, false, (ap_q_mode)5, (ap_o_mode)3, 0>::RType<1, 0, false>::plus ap_fixed_base<16, 9, false, (ap_q_mode)5, (ap_o_mode)3, 0>::operator+<1, 0, false, (ap_q_mode)5, (ap_o_mode)3, 0>(ap_fixed_base<1, 0, false, (ap_q_mode)5, (ap_o_mode)3, 0> const&) const' (C:/Xilinx/Vitis_HLS/2020.2/common/technology/autopilot\ap_fixed_base.h:1192:342)
INFO: [HLS 214-131] Inlining function 'af_range_ref<17, 10, false, (ap_q_mode)5, (ap_o_mode)3, 0>::af_range_ref(ap_fixed_base<17, 10, false, (ap_q_mode)5, (ap_o_mode)3, 0>*, int, int)' into 'ap_fixed_base<17, 10, false, (ap_q_mode)5, (ap_o_mode)3, 0>::range(int, int)' (C:/Xilinx/Vitis_HLS/2020.2/common/technology/autopilot\ap_fixed_base.h:1591:12)
INFO: [HLS 214-131] Inlining function 'ap_fixed_base<17, 10, false, (ap_q_mode)5, (ap_o_mode)3, 0>::range(int, int)' into 'ap_fixed_base<17, 10, false, (ap_q_mode)5, (ap_o_mode)3, 0>::operator()(int, int)' (C:/Xilinx/Vitis_HLS/2020.2/common/technology/autopilot\ap_fixed_base.h:1630:18)
INFO: [HLS 214-131] Inlining function 'ap_int_base<17, false>::ap_int_base(int)' into 'af_range_ref<17, 10, false, (ap_q_mode)5, (ap_o_mode)3, 0>::operator=(int)' (C:/Xilinx/Vitis_HLS/2020.2/common/technology/autopilot\ap_fixed_ref.h:318:108)
INFO: [HLS 214-131] Inlining function 'ap_fixed_base<17, 10, false, (ap_q_mode)5, (ap_o_mode)3, 0>::operator!() const' into 'ap_fixed_base<18, 11, true, (ap_q_mode)5, (ap_o_mode)3, 0>& ap_fixed_base<18, 11, true, (ap_q_mode)5, (ap_o_mode)3, 0>::operator=<17, 10, false, (ap_q_mode)5, (ap_o_mode)3, 0>(ap_fixed_base<17, 10, false, (ap_q_mode)5, (ap_o_mode)3, 0> const&)' (C:/Xilinx/Vitis_HLS/2020.2/common/technology/autopilot\ap_fixed_base.h:698:9)
INFO: [HLS 214-131] Inlining function 'ap_fixed_base<18, 11, true, (ap_q_mode)5, (ap_o_mode)3, 0>& ap_fixed_base<18, 11, true, (ap_q_mode)5, (ap_o_mode)3, 0>::operator=<17, 10, false, (ap_q_mode)5, (ap_o_mode)3, 0>(ap_fixed_base<17, 10, false, (ap_q_mode)5, (ap_o_mode)3, 0> const&)' into 'ap_fixed_base<18, 11, true, (ap_q_mode)5, (ap_o_mode)3, 0>::ap_fixed_base<17, 10, false, (ap_q_mode)5, (ap_o_mode)3, 0>(ap_fixed_base<17, 10, false, (ap_q_mode)5, (ap_o_mode)3, 0> const&)' (C:/Xilinx/Vitis_HLS/2020.2/common/technology/autopilot\ap_fixed_base.h:431:5)
INFO: [HLS 214-131] Inlining function 'ap_fixed_base<18, 11, true, (ap_q_mode)5, (ap_o_mode)3, 0>::ap_fixed_base<17, 10, false, (ap_q_mode)5, (ap_o_mode)3, 0>(ap_fixed_base<17, 10, false, (ap_q_mode)5, (ap_o_mode)3, 0> const&)' into 'ap_fixed_base<17, 10, false, (ap_q_mode)5, (ap_o_mode)3, 0>::operator-() const' (C:/Xilinx/Vitis_HLS/2020.2/common/technology/autopilot\ap_fixed_base.h:1252:47)
INFO: [HLS 214-131] Inlining function 'ap_fixed_base<18, 11, true, (ap_q_mode)5, (ap_o_mode)3, 0>::operator!() const' into 'ap_fixed_base<16, 9, true, (ap_q_mode)5, (ap_o_mode)3, 0>& ap_fixed_base<16, 9, true, (ap_q_mode)5, (ap_o_mode)3, 0>::operator=<18, 11, true, (ap_q_mode)5, (ap_o_mode)3, 0>(ap_fixed_base<18, 11, true, (ap_q_mode)5, (ap_o_mode)3, 0> const&)' (C:/Xilinx/Vitis_HLS/2020.2/common/technology/autopilot\ap_fixed_base.h:698:9)
INFO: [HLS 214-131] Inlining function 'ap_fixed_base<16, 9, true, (ap_q_mode)5, (ap_o_mode)3, 0>& ap_fixed_base<16, 9, true, (ap_q_mode)5, (ap_o_mode)3, 0>::operator=<18, 11, true, (ap_q_mode)5, (ap_o_mode)3, 0>(ap_fixed_base<18, 11, true, (ap_q_mode)5, (ap_o_mode)3, 0> const&)' into 'ap_fixed_base<16, 9, true, (ap_q_mode)5, (ap_o_mode)3, 0>::ap_fixed_base<18, 11, true, (ap_q_mode)5, (ap_o_mode)3, 0>(ap_fixed_base<18, 11, true, (ap_q_mode)5, (ap_o_mode)3, 0> const&)' (C:/Xilinx/Vitis_HLS/2020.2/common/technology/autopilot\ap_fixed_base.h:431:5)
INFO: [HLS 214-131] Inlining function 'ap_fixed_base<16, 9, true, (ap_q_mode)5, (ap_o_mode)3, 0>::ap_fixed_base<18, 11, true, (ap_q_mode)5, (ap_o_mode)3, 0>(ap_fixed_base<18, 11, true, (ap_q_mode)5, (ap_o_mode)3, 0> const&)' into 'ap_fixed<16, 9, (ap_q_mode)5, (ap_o_mode)3, 0>::ap_fixed<18, 11, true, (ap_q_mode)5, (ap_o_mode)3, 0>(ap_fixed_base<18, 11, true, (ap_q_mode)5, (ap_o_mode)3, 0> const&)' (C:/Xilinx/Vitis_HLS/2020.2/common/technology/autopilot/ap_fixed.h:75:9)
INFO: [HLS 214-131] Inlining function 'ap_fixed_base<17, 10, false, (ap_q_mode)5, (ap_o_mode)3, 0>::operator!() const' into 'ap_fixed_base<16, 9, true, (ap_q_mode)5, (ap_o_mode)3, 0>& ap_fixed_base<16, 9, true, (ap_q_mode)5, (ap_o_mode)3, 0>::operator=<17, 10, false, (ap_q_mode)5, (ap_o_mode)3, 0>(ap_fixed_base<17, 10, false, (ap_q_mode)5, (ap_o_mode)3, 0> const&)' (C:/Xilinx/Vitis_HLS/2020.2/common/technology/autopilot\ap_fixed_base.h:698:9)
INFO: [HLS 214-131] Inlining function 'ap_fixed_base<16, 9, true, (ap_q_mode)5, (ap_o_mode)3, 0>& ap_fixed_base<16, 9, true, (ap_q_mode)5, (ap_o_mode)3, 0>::operator=<17, 10, false, (ap_q_mode)5, (ap_o_mode)3, 0>(ap_fixed_base<17, 10, false, (ap_q_mode)5, (ap_o_mode)3, 0> const&)' into 'ap_fixed_base<16, 9, true, (ap_q_mode)5, (ap_o_mode)3, 0>::ap_fixed_base<17, 10, false, (ap_q_mode)5, (ap_o_mode)3, 0>(ap_fixed_base<17, 10, false, (ap_q_mode)5, (ap_o_mode)3, 0> const&)' (C:/Xilinx/Vitis_HLS/2020.2/common/technology/autopilot\ap_fixed_base.h:431:5)
INFO: [HLS 214-131] Inlining function 'ap_fixed_base<16, 9, true, (ap_q_mode)5, (ap_o_mode)3, 0>::ap_fixed_base<17, 10, false, (ap_q_mode)5, (ap_o_mode)3, 0>(ap_fixed_base<17, 10, false, (ap_q_mode)5, (ap_o_mode)3, 0> const&)' into 'ap_fixed<16, 9, (ap_q_mode)5, (ap_o_mode)3, 0>::ap_fixed<17, 10, false, (ap_q_mode)5, (ap_o_mode)3, 0>(ap_fixed_base<17, 10, false, (ap_q_mode)5, (ap_o_mode)3, 0> const&)' (C:/Xilinx/Vitis_HLS/2020.2/common/technology/autopilot/ap_fixed.h:75:9)
INFO: [HLS 214-131] Inlining function 'ap_fixed_base<17, 10, false, (ap_q_mode)5, (ap_o_mode)3, 0>::operator-() const' into 'ap_fixed<16, 9, (ap_q_mode)5, (ap_o_mode)3, 0> round_fixed<16, 9>(ap_fixed<16, 9, (ap_q_mode)5, (ap_o_mode)3, 0>)' (C:/Xilinx/Vitis_HLS/2020.2/common/technology/autopilot/hls_round_copysign_apfixed.h:214:32)
INFO: [HLS 214-131] Inlining function 'af_bit_ref<16, 9, true, (ap_q_mode)5, (ap_o_mode)3, 0>::operator bool() const' into 'ap_fixed<16, 9, (ap_q_mode)5, (ap_o_mode)3, 0> round_fixed<16, 9>(ap_fixed<16, 9, (ap_q_mode)5, (ap_o_mode)3, 0>)' (C:/Xilinx/Vitis_HLS/2020.2/common/technology/autopilot/hls_round_copysign_apfixed.h:214:16)
INFO: [HLS 214-131] Inlining function 'ap_fixed_base<16, 9, true, (ap_q_mode)5, (ap_o_mode)3, 0>::operator[](unsigned int)' into 'ap_fixed<16, 9, (ap_q_mode)5, (ap_o_mode)3, 0> round_fixed<16, 9>(ap_fixed<16, 9, (ap_q_mode)5, (ap_o_mode)3, 0>)' (C:/Xilinx/Vitis_HLS/2020.2/common/technology/autopilot/hls_round_copysign_apfixed.h:214:16)
INFO: [HLS 214-131] Inlining function 'af_range_ref<17, 10, false, (ap_q_mode)5, (ap_o_mode)3, 0>::operator=(int)' into 'ap_fixed<16, 9, (ap_q_mode)5, (ap_o_mode)3, 0> round_fixed<16, 9>(ap_fixed<16, 9, (ap_q_mode)5, (ap_o_mode)3, 0>)' (C:/Xilinx/Vitis_HLS/2020.2/common/technology/autopilot/hls_round_copysign_apfixed.h:213:26)
INFO: [HLS 214-131] Inlining function 'ap_fixed_base<17, 10, false, (ap_q_mode)5, (ap_o_mode)3, 0>::operator()(int, int)' into 'ap_fixed<16, 9, (ap_q_mode)5, (ap_o_mode)3, 0> round_fixed<16, 9>(ap_fixed<16, 9, (ap_q_mode)5, (ap_o_mode)3, 0>)' (C:/Xilinx/Vitis_HLS/2020.2/common/technology/autopilot/hls_round_copysign_apfixed.h:213:13)
INFO: [HLS 214-131] Inlining function 'ap_fixed_base<16, 9, false, (ap_q_mode)5, (ap_o_mode)3, 0>::RType<1, 0, false>::plus ap_fixed_base<16, 9, false, (ap_q_mode)5, (ap_o_mode)3, 0>::operator+<1, 0, false, (ap_q_mode)5, (ap_o_mode)3, 0>(ap_fixed_base<1, 0, false, (ap_q_mode)5, (ap_o_mode)3, 0> const&) const' into 'ap_fixed<16, 9, (ap_q_mode)5, (ap_o_mode)3, 0> round_fixed<16, 9>(ap_fixed<16, 9, (ap_q_mode)5, (ap_o_mode)3, 0>)' (C:/Xilinx/Vitis_HLS/2020.2/common/technology/autopilot/hls_round_copysign_apfixed.h:212:44)
INFO: [HLS 214-131] Inlining function 'ap_int_base<1, false>::ap_int_base(int)' into 'ap_int_base<9, true>::operator++()' (C:/Xilinx/Vitis_HLS/2020.2/common/technology/autopilot\ap_int_base.h:717:16)
INFO: [HLS 214-131] Inlining function 'ap_int_base<9, true>& ap_int_base<9, true>::operator+=<1, false>(ap_int_base<1, false> const&)' into 'ap_int_base<9, true>::operator++()' (C:/Xilinx/Vitis_HLS/2020.2/common/technology/autopilot\ap_int_base.h:717:5)
INFO: [HLS 214-131] Inlining function 'ap_int_base<9, true>::operator++()' into 'ap_fixed_base<16, 9, true, (ap_q_mode)5, (ap_o_mode)3, 0>::to_ap_int_base(bool) const' (C:/Xilinx/Vitis_HLS/2020.2/common/technology/autopilot\ap_fixed_base.h:853:9)
INFO: [HLS 214-131] Inlining function 'ap_fixed_base<16, 9, true, (ap_q_mode)5, (ap_o_mode)3, 0>::to_ap_int_base(bool) const' into 'ap_int_base<6, true>::ap_int_base<16, 9, true, (ap_q_mode)5, (ap_o_mode)3, 0>(ap_fixed_base<16, 9, true, (ap_q_mode)5, (ap_o_mode)3, 0> const&)' (C:/Xilinx/Vitis_HLS/2020.2/common/technology/autopilot\ap_int_base.h:353:18)
INFO: [HLS 214-131] Inlining function 'ap_int_base<6, true>::ap_int_base<16, 9, true, (ap_q_mode)5, (ap_o_mode)3, 0>(ap_fixed_base<16, 9, true, (ap_q_mode)5, (ap_o_mode)3, 0> const&)' into 'ap_int<6>::ap_int<16, 9, (ap_q_mode)5, (ap_o_mode)3, 0>(ap_fixed<16, 9, (ap_q_mode)5, (ap_o_mode)3, 0> const&)' (C:/Xilinx/Vitis_HLS/2020.2/common/technology/autopilot\ap_int.h:110:9)
INFO: [HLS 214-131] Inlining function 'ap_fixed_base<16, 9, true, (ap_q_mode)5, (ap_o_mode)3, 0>::ap_fixed_base<15, 8, true, (ap_q_mode)5, (ap_o_mode)3, 0>(ap_fixed_base<15, 8, true, (ap_q_mode)5, (ap_o_mode)3, 0> const&)' into 'ap_fixed_base<15, 8, true, (ap_q_mode)5, (ap_o_mode)3, 0>::RType<15, 8, true>::plus ap_fixed_base<15, 8, true, (ap_q_mode)5, (ap_o_mode)3, 0>::operator+<15, 8, true, (ap_q_mode)5, (ap_o_mode)3, 0>(ap_fixed_base<15, 8, true, (ap_q_mode)5, (ap_o_mode)3, 0> const&) const' (C:/Xilinx/Vitis_HLS/2020.2/common/technology/autopilot\ap_fixed_base.h:1192:330)
INFO: [HLS 214-131] Inlining function 'ap_fixed_base<16, 9, true, (ap_q_mode)5, (ap_o_mode)3, 0>::ap_fixed_base<15, 8, true, (ap_q_mode)5, (ap_o_mode)3, 0>(ap_fixed_base<15, 8, true, (ap_q_mode)5, (ap_o_mode)3, 0> const&)' into 'ap_fixed_base<15, 8, true, (ap_q_mode)5, (ap_o_mode)3, 0>::RType<15, 8, true>::plus ap_fixed_base<15, 8, true, (ap_q_mode)5, (ap_o_mode)3, 0>::operator+<15, 8, true, (ap_q_mode)5, (ap_o_mode)3, 0>(ap_fixed_base<15, 8, true, (ap_q_mode)5, (ap_o_mode)3, 0> const&) const' (C:/Xilinx/Vitis_HLS/2020.2/common/technology/autopilot\ap_fixed_base.h:1192:342)
INFO: [HLS 214-131] Inlining function 'ap_int_base<33, true>::ap_int_base<32, true>(ap_int_base<32, true> const&)' into 'ap_int_base<32, true>::RType<6, true>::plus operator+<32, true, 6, true>(ap_int_base<32, true> const&, ap_int_base<6, true> const&)' (C:/Xilinx/Vitis_HLS/2020.2/common/technology/autopilot\ap_int_base.h:1346:339)
INFO: [HLS 214-131] Inlining function 'ap_int<33>::ap_int<33, true>(ap_int_base<33, true> const&)' into 'ap_int_base<32, true>::RType<6, true>::plus operator+<32, true, 6, true>(ap_int_base<32, true> const&, ap_int_base<6, true> const&)' (C:/Xilinx/Vitis_HLS/2020.2/common/technology/autopilot\ap_int_base.h:1346:551)
INFO: [HLS 214-131] Inlining function 'ap_int_base<33, true>::ap_int_base<6, true>(ap_int_base<6, true> const&)' into 'ap_int_base<32, true>::RType<6, true>::plus operator+<32, true, 6, true>(ap_int_base<32, true> const&, ap_int_base<6, true> const&)' (C:/Xilinx/Vitis_HLS/2020.2/common/technology/autopilot\ap_int_base.h:1346:427)
INFO: [HLS 214-131] Inlining function 'ap_int_base<32, true>::ap_int_base(int)' into 'ap_int_base<6, true>::RType<($_0)32, true>::plus operator+<6, true>(int, ap_int_base<6, true> const&)' (C:/Xilinx/Vitis_HLS/2020.2/common/technology/autopilot\ap_int_base.h:1461:739)
INFO: [HLS 214-131] Inlining function 'ap_int_base<32, true>::RType<6, true>::plus operator+<32, true, 6, true>(ap_int_base<32, true> const&, ap_int_base<6, true> const&)' into 'ap_int_base<6, true>::RType<($_0)32, true>::plus operator+<6, true>(int, ap_int_base<6, true> const&)' (C:/Xilinx/Vitis_HLS/2020.2/common/technology/autopilot\ap_int_base.h:1461:777)
INFO: [HLS 214-131] Inlining function 'ap_int<6>::ap_int(int)' into 'descriptor(xf::cv::Window<37, 37, ap_uint<8> >&, ap_fixed<10, 3, (ap_q_mode)5, (ap_o_mode)3, 0>)' (src/ORB.cpp:42:14)
INFO: [HLS 214-131] Inlining function 'ap_int_base<256, false>::set_bit(int, bool)' into 'descriptor(xf::cv::Window<37, 37, ap_uint<8> >&, ap_fixed<10, 3, (ap_q_mode)5, (ap_o_mode)3, 0>)' (src/ORB.cpp:52:14)
INFO: [HLS 214-131] Inlining function 'bool ap_int_base<8, false>::operator<<8, false>(ap_int_base<8, false> const&) const' into 'descriptor(xf::cv::Window<37, 37, ap_uint<8> >&, ap_fixed<10, 3, (ap_q_mode)5, (ap_o_mode)3, 0>)' (src/ORB.cpp:52:29)
INFO: [HLS 214-131] Inlining function 'xf::cv::Window<37, 37, ap_uint<8> >::operator()(int, int)' into 'descriptor(xf::cv::Window<37, 37, ap_uint<8> >&, ap_fixed<10, 3, (ap_q_mode)5, (ap_o_mode)3, 0>)' (src/ORB.cpp:51:14)
INFO: [HLS 214-131] Inlining function 'ap_int<6>::ap_int(int)' into 'descriptor(xf::cv::Window<37, 37, ap_uint<8> >&, ap_fixed<10, 3, (ap_q_mode)5, (ap_o_mode)3, 0>)' (src/ORB.cpp:43:14)
INFO: [HLS 214-131] Inlining function 'ap_int_base<33, true>::operator long long() const' into 'descriptor(xf::cv::Window<37, 37, ap_uint<8> >&, ap_fixed<10, 3, (ap_q_mode)5, (ap_o_mode)3, 0>)' (src/ORB.cpp:51:38)
INFO: [HLS 214-131] Inlining function 'ap_int_base<6, true>::RType<($_0)32, true>::plus operator+<6, true>(int, ap_int_base<6, true> const&)' into 'descriptor(xf::cv::Window<37, 37, ap_uint<8> >&, ap_fixed<10, 3, (ap_q_mode)5, (ap_o_mode)3, 0>)' (src/ORB.cpp:51:41)
INFO: [HLS 214-131] Inlining function 'ap_int_base<33, true>::operator long long() const' into 'descriptor(xf::cv::Window<37, 37, ap_uint<8> >&, ap_fixed<10, 3, (ap_q_mode)5, (ap_o_mode)3, 0>)' (src/ORB.cpp:51:21)
INFO: [HLS 214-131] Inlining function 'ap_int_base<6, true>::RType<($_0)32, true>::plus operator+<6, true>(int, ap_int_base<6, true> const&)' into 'descriptor(xf::cv::Window<37, 37, ap_uint<8> >&, ap_fixed<10, 3, (ap_q_mode)5, (ap_o_mode)3, 0>)' (src/ORB.cpp:51:24)
INFO: [HLS 214-131] Inlining function 'xf::cv::Window<37, 37, ap_uint<8> >::operator()(int, int)' into 'descriptor(xf::cv::Window<37, 37, ap_uint<8> >&, ap_fixed<10, 3, (ap_q_mode)5, (ap_o_mode)3, 0>)' (src/ORB.cpp:50:14)
INFO: [HLS 214-131] Inlining function 'ap_int<6>::ap_int(int)' into 'descriptor(xf::cv::Window<37, 37, ap_uint<8> >&, ap_fixed<10, 3, (ap_q_mode)5, (ap_o_mode)3, 0>)' (src/ORB.cpp:44:14)
INFO: [HLS 214-131] Inlining function 'ap_int_base<33, true>::operator long long() const' into 'descriptor(xf::cv::Window<37, 37, ap_uint<8> >&, ap_fixed<10, 3, (ap_q_mode)5, (ap_o_mode)3, 0>)' (src/ORB.cpp:50:38)
INFO: [HLS 214-131] Inlining function 'ap_int_base<6, true>::RType<($_0)32, true>::plus operator+<6, true>(int, ap_int_base<6, true> const&)' into 'descriptor(xf::cv::Window<37, 37, ap_uint<8> >&, ap_fixed<10, 3, (ap_q_mode)5, (ap_o_mode)3, 0>)' (src/ORB.cpp:50:41)
INFO: [HLS 214-131] Inlining function 'ap_int_base<33, true>::operator long long() const' into 'descriptor(xf::cv::Window<37, 37, ap_uint<8> >&, ap_fixed<10, 3, (ap_q_mode)5, (ap_o_mode)3, 0>)' (src/ORB.cpp:50:21)
INFO: [HLS 214-131] Inlining function 'ap_int_base<6, true>::RType<($_0)32, true>::plus operator+<6, true>(int, ap_int_base<6, true> const&)' into 'descriptor(xf::cv::Window<37, 37, ap_uint<8> >&, ap_fixed<10, 3, (ap_q_mode)5, (ap_o_mode)3, 0>)' (src/ORB.cpp:50:24)
INFO: [HLS 214-131] Inlining function 'ap_int<6>::ap_int<16, 9, (ap_q_mode)5, (ap_o_mode)3, 0>(ap_fixed<16, 9, (ap_q_mode)5, (ap_o_mode)3, 0> const&)' into 'descriptor(xf::cv::Window<37, 37, ap_uint<8> >&, ap_fixed<10, 3, (ap_q_mode)5, (ap_o_mode)3, 0>)' (src/ORB.cpp:49:22)
INFO: [HLS 214-131] Inlining function 'ap_int<6>::ap_int(int)' into 'descriptor(xf::cv::Window<37, 37, ap_uint<8> >&, ap_fixed<10, 3, (ap_q_mode)5, (ap_o_mode)3, 0>)' (src/ORB.cpp:45:14)
INFO: [HLS 214-131] Inlining function 'ap_fixed_base<15, 8, true, (ap_q_mode)5, (ap_o_mode)3, 0>::RType<15, 8, true>::plus ap_fixed_base<15, 8, true, (ap_q_mode)5, (ap_o_mode)3, 0>::operator+<15, 8, true, (ap_q_mode)5, (ap_o_mode)3, 0>(ap_fixed_base<15, 8, true, (ap_q_mode)5, (ap_o_mode)3, 0> const&) const' into 'descriptor(xf::cv::Window<37, 37, ap_uint<8> >&, ap_fixed<10, 3, (ap_q_mode)5, (ap_o_mode)3, 0>)' (src/ORB.cpp:49:40)
INFO: [HLS 214-131] Inlining function 'ap_fixed_base<6, 6, true, (ap_q_mode)5, (ap_o_mode)3, 0>::RType<9, 2, true>::mult operator*<9, 2, true, (ap_q_mode)5, (ap_o_mode)3, 0, 6, true>(ap_int_base<6, true> const&, ap_fixed_base<9, 2, true, (ap_q_mode)5, (ap_o_mode)3, 0> const&)' into 'descriptor(xf::cv::Window<37, 37, ap_uint<8> >&, ap_fixed<10, 3, (ap_q_mode)5, (ap_o_mode)3, 0>)' (src/ORB.cpp:49:43)
INFO: [HLS 214-131] Inlining function 'ap_fixed_base<6, 6, true, (ap_q_mode)5, (ap_o_mode)3, 0>::RType<9, 2, true>::mult operator*<9, 2, true, (ap_q_mode)5, (ap_o_mode)3, 0, 6, true>(ap_int_base<6, true> const&, ap_fixed_base<9, 2, true, (ap_q_mode)5, (ap_o_mode)3, 0> const&)' into 'descriptor(xf::cv::Window<37, 37, ap_uint<8> >&, ap_fixed<10, 3, (ap_q_mode)5, (ap_o_mode)3, 0>)' (src/ORB.cpp:49:35)
INFO: [HLS 214-131] Inlining function 'ap_int<6>::ap_int<16, 9, (ap_q_mode)5, (ap_o_mode)3, 0>(ap_fixed<16, 9, (ap_q_mode)5, (ap_o_mode)3, 0> const&)' into 'descriptor(xf::cv::Window<37, 37, ap_uint<8> >&, ap_fixed<10, 3, (ap_q_mode)5, (ap_o_mode)3, 0>)' (src/ORB.cpp:48:22)
INFO: [HLS 214-131] Inlining function 'ap_fixed_base<6, 6, true, (ap_q_mode)5, (ap_o_mode)3, 0>::RType<9, 2, true>::mult operator*<9, 2, true, (ap_q_mode)5, (ap_o_mode)3, 0, 6, true>(ap_int_base<6, true> const&, ap_fixed_base<9, 2, true, (ap_q_mode)5, (ap_o_mode)3, 0> const&)' into 'descriptor(xf::cv::Window<37, 37, ap_uint<8> >&, ap_fixed<10, 3, (ap_q_mode)5, (ap_o_mode)3, 0>)' (src/ORB.cpp:46:35)
INFO: [HLS 214-131] Inlining function 'ap_fixed_base<15, 8, true, (ap_q_mode)5, (ap_o_mode)3, 0>::RType<15, 8, true>::minus ap_fixed_base<15, 8, true, (ap_q_mode)5, (ap_o_mode)3, 0>::operator-<15, 8, true, (ap_q_mode)5, (ap_o_mode)3, 0>(ap_fixed_base<15, 8, true, (ap_q_mode)5, (ap_o_mode)3, 0> const&) const' into 'descriptor(xf::cv::Window<37, 37, ap_uint<8> >&, ap_fixed<10, 3, (ap_q_mode)5, (ap_o_mode)3, 0>)' (src/ORB.cpp:48:42)
INFO: [HLS 214-131] Inlining function 'ap_fixed_base<6, 6, true, (ap_q_mode)5, (ap_o_mode)3, 0>::RType<9, 2, true>::mult operator*<9, 2, true, (ap_q_mode)5, (ap_o_mode)3, 0, 6, true>(ap_int_base<6, true> const&, ap_fixed_base<9, 2, true, (ap_q_mode)5, (ap_o_mode)3, 0> const&)' into 'descriptor(xf::cv::Window<37, 37, ap_uint<8> >&, ap_fixed<10, 3, (ap_q_mode)5, (ap_o_mode)3, 0>)' (src/ORB.cpp:48:45)
INFO: [HLS 214-131] Inlining function 'ap_fixed_base<6, 6, true, (ap_q_mode)5, (ap_o_mode)3, 0>::RType<9, 2, true>::mult operator*<9, 2, true, (ap_q_mode)5, (ap_o_mode)3, 0, 6, true>(ap_int_base<6, true> const&, ap_fixed_base<9, 2, true, (ap_q_mode)5, (ap_o_mode)3, 0> const&)' into 'descriptor(xf::cv::Window<37, 37, ap_uint<8> >&, ap_fixed<10, 3, (ap_q_mode)5, (ap_o_mode)3, 0>)' (src/ORB.cpp:48:35)
INFO: [HLS 214-131] Inlining function 'ap_int<6>::ap_int<16, 9, (ap_q_mode)5, (ap_o_mode)3, 0>(ap_fixed<16, 9, (ap_q_mode)5, (ap_o_mode)3, 0> const&)' into 'descriptor(xf::cv::Window<37, 37, ap_uint<8> >&, ap_fixed<10, 3, (ap_q_mode)5, (ap_o_mode)3, 0>)' (src/ORB.cpp:47:22)
INFO: [HLS 214-131] Inlining function 'ap_fixed_base<6, 6, true, (ap_q_mode)5, (ap_o_mode)3, 0>::RType<9, 2, true>::mult operator*<9, 2, true, (ap_q_mode)5, (ap_o_mode)3, 0, 6, true>(ap_int_base<6, true> const&, ap_fixed_base<9, 2, true, (ap_q_mode)5, (ap_o_mode)3, 0> const&)' into 'descriptor(xf::cv::Window<37, 37, ap_uint<8> >&, ap_fixed<10, 3, (ap_q_mode)5, (ap_o_mode)3, 0>)' (src/ORB.cpp:46:45)
INFO: [HLS 214-131] Inlining function 'ap_fixed_base<15, 8, true, (ap_q_mode)5, (ap_o_mode)3, 0>::RType<15, 8, true>::plus ap_fixed_base<15, 8, true, (ap_q_mode)5, (ap_o_mode)3, 0>::operator+<15, 8, true, (ap_q_mode)5, (ap_o_mode)3, 0>(ap_fixed_base<15, 8, true, (ap_q_mode)5, (ap_o_mode)3, 0> const&) const' into 'descriptor(xf::cv::Window<37, 37, ap_uint<8> >&, ap_fixed<10, 3, (ap_q_mode)5, (ap_o_mode)3, 0>)' (src/ORB.cpp:47:40)
INFO: [HLS 214-131] Inlining function 'ap_fixed_base<6, 6, true, (ap_q_mode)5, (ap_o_mode)3, 0>::RType<9, 2, true>::mult operator*<9, 2, true, (ap_q_mode)5, (ap_o_mode)3, 0, 6, true>(ap_int_base<6, true> const&, ap_fixed_base<9, 2, true, (ap_q_mode)5, (ap_o_mode)3, 0> const&)' into 'descriptor(xf::cv::Window<37, 37, ap_uint<8> >&, ap_fixed<10, 3, (ap_q_mode)5, (ap_o_mode)3, 0>)' (src/ORB.cpp:47:43)
INFO: [HLS 214-131] Inlining function 'ap_fixed_base<6, 6, true, (ap_q_mode)5, (ap_o_mode)3, 0>::RType<9, 2, true>::mult operator*<9, 2, true, (ap_q_mode)5, (ap_o_mode)3, 0, 6, true>(ap_int_base<6, true> const&, ap_fixed_base<9, 2, true, (ap_q_mode)5, (ap_o_mode)3, 0> const&)' into 'descriptor(xf::cv::Window<37, 37, ap_uint<8> >&, ap_fixed<10, 3, (ap_q_mode)5, (ap_o_mode)3, 0>)' (src/ORB.cpp:47:35)
INFO: [HLS 214-131] Inlining function 'ap_int<6>::ap_int<16, 9, (ap_q_mode)5, (ap_o_mode)3, 0>(ap_fixed<16, 9, (ap_q_mode)5, (ap_o_mode)3, 0> const&)' into 'descriptor(xf::cv::Window<37, 37, ap_uint<8> >&, ap_fixed<10, 3, (ap_q_mode)5, (ap_o_mode)3, 0>)' (src/ORB.cpp:46:22)
INFO: [HLS 214-131] Inlining function 'ap_fixed_base<15, 8, true, (ap_q_mode)5, (ap_o_mode)3, 0>::RType<15, 8, true>::minus ap_fixed_base<15, 8, true, (ap_q_mode)5, (ap_o_mode)3, 0>::operator-<15, 8, true, (ap_q_mode)5, (ap_o_mode)3, 0>(ap_fixed_base<15, 8, true, (ap_q_mode)5, (ap_o_mode)3, 0> const&) const' into 'descriptor(xf::cv::Window<37, 37, ap_uint<8> >&, ap_fixed<10, 3, (ap_q_mode)5, (ap_o_mode)3, 0>)' (src/ORB.cpp:46:42)
INFO: [HLS 214-131] Inlining function 'xf::cv::LineBuffer<37, 1920, ap_uint<8>, (_ramtype)6, 1>::LineBuffer()' into 'void process_rBRIEF<8, 1080, 1920>(hls::stream<ap_uint<8>, 0>&, hls::stream<ap_uint<8>, 0>&, hls::stream<ap_uint<8>, 0>&, hls::stream<tagDescOut, 0>&, int, int)' (src/ORB.cpp:201:47)
INFO: [HLS 214-131] Inlining function 'hls::stream<tagDescOut, 0>::write(tagDescOut const&)' into 'void process_rBRIEF<8, 1080, 1920>(hls::stream<ap_uint<8>, 0>&, hls::stream<ap_uint<8>, 0>&, hls::stream<ap_uint<8>, 0>&, hls::stream<tagDescOut, 0>&, int, int)' (src/ORB.cpp:246:14)
INFO: [HLS 214-131] Inlining function 'ap_uint<1>::ap_uint(int)' into 'void process_rBRIEF<8, 1080, 1920>(hls::stream<ap_uint<8>, 0>&, hls::stream<ap_uint<8>, 0>&, hls::stream<ap_uint<8>, 0>&, hls::stream<tagDescOut, 0>&, int, int)' (src/ORB.cpp:245:24)
INFO: [HLS 214-131] Inlining function 'hls::stream<tagDescOut, 0>::write(tagDescOut const&)' into 'void process_rBRIEF<8, 1080, 1920>(hls::stream<ap_uint<8>, 0>&, hls::stream<ap_uint<8>, 0>&, hls::stream<ap_uint<8>, 0>&, hls::stream<tagDescOut, 0>&, int, int)' (src/ORB.cpp:241:26)
INFO: [HLS 214-131] Inlining function 'xf::cv::LineBuffer<37, 1920, ap_uint<8>, (_ramtype)6, 1>::LineBuffer()' into 'void process_rBRIEF<8, 1080, 1920>(hls::stream<ap_uint<8>, 0>&, hls::stream<ap_uint<8>, 0>&, hls::stream<ap_uint<8>, 0>&, hls::stream<tagDescOut, 0>&, int, int)' (src/ORB.cpp:201:57)
INFO: [HLS 214-131] Inlining function 'xf::cv::Window<37, 37, ap_uint<8> >::Window()' into 'void process_rBRIEF<8, 1080, 1920>(hls::stream<ap_uint<8>, 0>&, hls::stream<ap_uint<8>, 0>&, hls::stream<ap_uint<8>, 0>&, hls::stream<tagDescOut, 0>&, int, int)' (src/ORB.cpp:202:40)
INFO: [HLS 214-131] Inlining function 'xf::cv::Window<37, 37, ap_uint<8> >::operator()(int, int)' into 'void process_rBRIEF<8, 1080, 1920>(hls::stream<ap_uint<8>, 0>&, hls::stream<ap_uint<8>, 0>&, hls::stream<ap_uint<8>, 0>&, hls::stream<tagDescOut, 0>&, int, int)' (src/ORB.cpp:238:39)
INFO: [HLS 214-131] Inlining function 'ap_uint<1>::ap_uint(int)' into 'void process_rBRIEF<8, 1080, 1920>(hls::stream<ap_uint<8>, 0>&, hls::stream<ap_uint<8>, 0>&, hls::stream<ap_uint<8>, 0>&, hls::stream<tagDescOut, 0>&, int, int)' (src/ORB.cpp:237:36)
INFO: [HLS 214-131] Inlining function 'ap_uint<16>::ap_uint(int)' into 'void process_rBRIEF<8, 1080, 1920>(hls::stream<ap_uint<8>, 0>&, hls::stream<ap_uint<8>, 0>&, hls::stream<ap_uint<8>, 0>&, hls::stream<tagDescOut, 0>&, int, int)' (src/ORB.cpp:236:32)
INFO: [HLS 214-131] Inlining function 'ap_uint<16>::ap_uint(int)' into 'void process_rBRIEF<8, 1080, 1920>(hls::stream<ap_uint<8>, 0>&, hls::stream<ap_uint<8>, 0>&, hls::stream<ap_uint<8>, 0>&, hls::stream<tagDescOut, 0>&, int, int)' (src/ORB.cpp:235:32)
INFO: [HLS 214-131] Inlining function 'ap_int_base<8, false>::operator unsigned long long() const' into 'void process_rBRIEF<8, 1080, 1920>(hls::stream<ap_uint<8>, 0>&, hls::stream<ap_uint<8>, 0>&, hls::stream<ap_uint<8>, 0>&, hls::stream<tagDescOut, 0>&, int, int)' (src/ORB.cpp:234:45)
INFO: [HLS 214-131] Inlining function 'xf::cv::Window<37, 37, ap_uint<8> >::operator()(int, int)' into 'void process_rBRIEF<8, 1080, 1920>(hls::stream<ap_uint<8>, 0>&, hls::stream<ap_uint<8>, 0>&, hls::stream<ap_uint<8>, 0>&, hls::stream<tagDescOut, 0>&, int, int)' (src/ORB.cpp:234:45)
INFO: [HLS 214-131] Inlining function 'xf::cv::Window<37, 37, ap_uint<8> >::insert_pixel(ap_uint<8>, int, int)' into 'void process_rBRIEF<8, 1080, 1920>(hls::stream<ap_uint<8>, 0>&, hls::stream<ap_uint<8>, 0>&, hls::stream<ap_uint<8>, 0>&, hls::stream<tagDescOut, 0>&, int, int)' (src/ORB.cpp:231:29)
INFO: [HLS 214-131] Inlining function 'xf::cv::Window<37, 37, ap_uint<8> >::Window()' into 'void process_rBRIEF<8, 1080, 1920>(hls::stream<ap_uint<8>, 0>&, hls::stream<ap_uint<8>, 0>&, hls::stream<ap_uint<8>, 0>&, hls::stream<tagDescOut, 0>&, int, int)' (src/ORB.cpp:202:52)
INFO: [HLS 214-131] Inlining function 'xf::cv::LineBuffer<37, 1920, ap_uint<8>, (_ramtype)6, 1>::operator()(int, int)' into 'void process_rBRIEF<8, 1080, 1920>(hls::stream<ap_uint<8>, 0>&, hls::stream<ap_uint<8>, 0>&, hls::stream<ap_uint<8>, 0>&, hls::stream<tagDescOut, 0>&, int, int)' (src/ORB.cpp:231:42)
INFO: [HLS 214-131] Inlining function 'xf::cv::LineBuffer<37, 1920, ap_uint<8>, (_ramtype)6, 1>::LineBuffer()' into 'void process_rBRIEF<8, 1080, 1920>(hls::stream<ap_uint<8>, 0>&, hls::stream<ap_uint<8>, 0>&, hls::stream<ap_uint<8>, 0>&, hls::stream<tagDescOut, 0>&, int, int)' (src/ORB.cpp:203:47)
INFO: [HLS 214-131] Inlining function 'xf::cv::Window<37, 37, ap_uint<8> >::insert_pixel(ap_uint<8>, int, int)' into 'void process_rBRIEF<8, 1080, 1920>(hls::stream<ap_uint<8>, 0>&, hls::stream<ap_uint<8>, 0>&, hls::stream<ap_uint<8>, 0>&, hls::stream<tagDescOut, 0>&, int, int)' (src/ORB.cpp:230:29)
INFO: [HLS 214-131] Inlining function 'xf::cv::Window<37, 37, ap_uint<8> >::Window()' into 'void process_rBRIEF<8, 1080, 1920>(hls::stream<ap_uint<8>, 0>&, hls::stream<ap_uint<8>, 0>&, hls::stream<ap_uint<8>, 0>&, hls::stream<tagDescOut, 0>&, int, int)' (src/ORB.cpp:204:40)
INFO: [HLS 214-131] Inlining function 'xf::cv::LineBuffer<37, 1920, ap_uint<8>, (_ramtype)6, 1>::operator()(int, int)' into 'void process_rBRIEF<8, 1080, 1920>(hls::stream<ap_uint<8>, 0>&, hls::stream<ap_uint<8>, 0>&, hls::stream<ap_uint<8>, 0>&, hls::stream<tagDescOut, 0>&, int, int)' (src/ORB.cpp:230:42)
INFO: [HLS 214-131] Inlining function 'hls::stream<ap_uint<8>, 0>::read()' into 'void process_rBRIEF<8, 1080, 1920>(hls::stream<ap_uint<8>, 0>&, hls::stream<ap_uint<8>, 0>&, hls::stream<ap_uint<8>, 0>&, hls::stream<tagDescOut, 0>&, int, int)' (src/ORB.cpp:213:28)
INFO: [HLS 214-131] Inlining function 'xf::cv::Window<37, 37, ap_uint<8> >::insert_pixel(ap_uint<8>, int, int)' into 'void process_rBRIEF<8, 1080, 1920>(hls::stream<ap_uint<8>, 0>&, hls::stream<ap_uint<8>, 0>&, hls::stream<ap_uint<8>, 0>&, hls::stream<tagDescOut, 0>&, int, int)' (src/ORB.cpp:229:28)
INFO: [HLS 214-131] Inlining function 'hls::stream<ap_uint<8>, 0>::read()' into 'void process_rBRIEF<8, 1080, 1920>(hls::stream<ap_uint<8>, 0>&, hls::stream<ap_uint<8>, 0>&, hls::stream<ap_uint<8>, 0>&, hls::stream<tagDescOut, 0>&, int, int)' (src/ORB.cpp:214:32)
INFO: [HLS 214-131] Inlining function 'xf::cv::LineBuffer<37, 1920, ap_uint<8>, (_ramtype)6, 1>::operator()(int, int)' into 'void process_rBRIEF<8, 1080, 1920>(hls::stream<ap_uint<8>, 0>&, hls::stream<ap_uint<8>, 0>&, hls::stream<ap_uint<8>, 0>&, hls::stream<tagDescOut, 0>&, int, int)' (src/ORB.cpp:229:41)
INFO: [HLS 214-131] Inlining function 'hls::stream<ap_uint<8>, 0>::read()' into 'void process_rBRIEF<8, 1080, 1920>(hls::stream<ap_uint<8>, 0>&, hls::stream<ap_uint<8>, 0>&, hls::stream<ap_uint<8>, 0>&, hls::stream<tagDescOut, 0>&, int, int)' (src/ORB.cpp:215:35)
INFO: [HLS 214-131] Inlining function 'xf::cv::Window<37, 37, ap_uint<8> >::shift_pixels_left()' into 'void process_rBRIEF<8, 1080, 1920>(hls::stream<ap_uint<8>, 0>&, hls::stream<ap_uint<8>, 0>&, hls::stream<ap_uint<8>, 0>&, hls::stream<tagDescOut, 0>&, int, int)' (src/ORB.cpp:226:25)
INFO: [HLS 214-131] Inlining function 'xf::cv::Window<37, 37, ap_uint<8> >::shift_pixels_left()' into 'void process_rBRIEF<8, 1080, 1920>(hls::stream<ap_uint<8>, 0>&, hls::stream<ap_uint<8>, 0>&, hls::stream<ap_uint<8>, 0>&, hls::stream<tagDescOut, 0>&, int, int)' (src/ORB.cpp:225:25)
INFO: [HLS 214-131] Inlining function 'xf::cv::Window<37, 37, ap_uint<8> >::shift_pixels_left()' into 'void process_rBRIEF<8, 1080, 1920>(hls::stream<ap_uint<8>, 0>&, hls::stream<ap_uint<8>, 0>&, hls::stream<ap_uint<8>, 0>&, hls::stream<tagDescOut, 0>&, int, int)' (src/ORB.cpp:224:24)
INFO: [HLS 214-131] Inlining function 'xf::cv::LineBuffer<37, 1920, ap_uint<8>, (_ramtype)6, 1>::insert_bottom_row(ap_uint<8>, int)' into 'void process_rBRIEF<8, 1080, 1920>(hls::stream<ap_uint<8>, 0>&, hls::stream<ap_uint<8>, 0>&, hls::stream<ap_uint<8>, 0>&, hls::stream<tagDescOut, 0>&, int, int)' (src/ORB.cpp:222:23)
INFO: [HLS 214-131] Inlining function 'xf::cv::LineBuffer<37, 1920, ap_uint<8>, (_ramtype)6, 1>::shift_pixels_up(int)' into 'void process_rBRIEF<8, 1080, 1920>(hls::stream<ap_uint<8>, 0>&, hls::stream<ap_uint<8>, 0>&, hls::stream<ap_uint<8>, 0>&, hls::stream<tagDescOut, 0>&, int, int)' (src/ORB.cpp:217:22)
INFO: [HLS 214-131] Inlining function 'xf::cv::LineBuffer<37, 1920, ap_uint<8>, (_ramtype)6, 1>::insert_bottom_row(ap_uint<8>, int)' into 'void process_rBRIEF<8, 1080, 1920>(hls::stream<ap_uint<8>, 0>&, hls::stream<ap_uint<8>, 0>&, hls::stream<ap_uint<8>, 0>&, hls::stream<tagDescOut, 0>&, int, int)' (src/ORB.cpp:218:22)
INFO: [HLS 214-131] Inlining function 'xf::cv::LineBuffer<37, 1920, ap_uint<8>, (_ramtype)6, 1>::shift_pixels_up(int)' into 'void process_rBRIEF<8, 1080, 1920>(hls::stream<ap_uint<8>, 0>&, hls::stream<ap_uint<8>, 0>&, hls::stream<ap_uint<8>, 0>&, hls::stream<tagDescOut, 0>&, int, int)' (src/ORB.cpp:219:23)
INFO: [HLS 214-131] Inlining function 'xf::cv::LineBuffer<37, 1920, ap_uint<8>, (_ramtype)6, 1>::insert_bottom_row(ap_uint<8>, int)' into 'void process_rBRIEF<8, 1080, 1920>(hls::stream<ap_uint<8>, 0>&, hls::stream<ap_uint<8>, 0>&, hls::stream<ap_uint<8>, 0>&, hls::stream<tagDescOut, 0>&, int, int)' (src/ORB.cpp:220:23)
INFO: [HLS 214-131] Inlining function 'xf::cv::LineBuffer<37, 1920, ap_uint<8>, (_ramtype)6, 1>::shift_pixels_up(int)' into 'void process_rBRIEF<8, 1080, 1920>(hls::stream<ap_uint<8>, 0>&, hls::stream<ap_uint<8>, 0>&, hls::stream<ap_uint<8>, 0>&, hls::stream<tagDescOut, 0>&, int, int)' (src/ORB.cpp:221:23)
INFO: [HLS 214-131] Inlining function 'hls::stream<tagDescOut, 0>::read(tagDescOut&)' into 'hls::stream<tagDescOut, 0>::read()' (C:/Xilinx/Vitis_HLS/2020.2/common/technology/autopilot/hls_stream_39.h:156:9)
INFO: [HLS 214-131] Inlining function 'ap_range_ref<296, false>::ap_range_ref(ap_int_base<296, false>*, int, int)' into 'ap_int_base<296, false>::range(int, int)' (C:/Xilinx/Vitis_HLS/2020.2/common/technology/autopilot\ap_int_base.h:899:12)
INFO: [HLS 214-131] Inlining function 'ap_int_base<296, false>::ap_int_base<16, false>(ap_int_base<16, false> const&)' into 'ap_range_ref<296, false>& ap_range_ref<296, false>::operator=<16, false>(ap_int_base<16, false> const&)' (C:/Xilinx/Vitis_HLS/2020.2/common/technology/autopilot\ap_int_ref.h:413:31)
INFO: [HLS 214-131] Inlining function 'ap_int_base<296, false>::ap_int_base<8, false>(ap_int_base<8, false> const&)' into 'ap_range_ref<296, false>& ap_range_ref<296, false>::operator=<8, false>(ap_int_base<8, false> const&)' (C:/Xilinx/Vitis_HLS/2020.2/common/technology/autopilot\ap_int_ref.h:413:31)
INFO: [HLS 214-131] Inlining function 'ap_int_base<296, false>::ap_int_base<256, false>(ap_int_base<256, false> const&)' into 'ap_range_ref<296, false>& ap_range_ref<296, false>::operator=<256, false>(ap_int_base<256, false> const&)' (C:/Xilinx/Vitis_HLS/2020.2/common/technology/autopilot\ap_int_ref.h:413:31)
INFO: [HLS 214-131] Inlining function 'hls::axis<ap_uint<296>, 1ul, 1ul, 1ul>::get_user_ptr()' into 'hls::stream<hls::axis<ap_uint<296>, 1ul, 1ul, 1ul>, 0>::write(hls::axis<ap_uint<296>, 1ul, 1ul, 1ul> const&)' (C:/Xilinx/Vitis_HLS/2020.2/common/technology/autopilot\ap_axi_sdata.h:304:51)
INFO: [HLS 214-131] Inlining function 'hls::axis<ap_uint<296>, 1ul, 1ul, 1ul>::get_dest_ptr()' into 'hls::stream<hls::axis<ap_uint<296>, 1ul, 1ul, 1ul>, 0>::write(hls::axis<ap_uint<296>, 1ul, 1ul, 1ul> const&)' (C:/Xilinx/Vitis_HLS/2020.2/common/technology/autopilot\ap_axi_sdata.h:307:26)
INFO: [HLS 214-131] Inlining function 'hls::axis<ap_uint<296>, 1ul, 1ul, 1ul>::get_id_ptr()' into 'hls::stream<hls::axis<ap_uint<296>, 1ul, 1ul, 1ul>, 0>::write(hls::axis<ap_uint<296>, 1ul, 1ul, 1ul> const&)' (C:/Xilinx/Vitis_HLS/2020.2/common/technology/autopilot\ap_axi_sdata.h:306:68)
INFO: [HLS 214-131] Inlining function 'hls::axis<ap_uint<296>, 1ul, 1ul, 1ul>::get_user_ptr()' into 'hls::stream<hls::axis<ap_uint<296>, 1ul, 1ul, 1ul>, 0>::write(hls::axis<ap_uint<296>, 1ul, 1ul, 1ul> const&)' (C:/Xilinx/Vitis_HLS/2020.2/common/technology/autopilot\ap_axi_sdata.h:306:37)
INFO: [HLS 214-131] Inlining function 'hls::axis<ap_uint<296>, 1ul, 1ul, 1ul>::get_dest_ptr()' into 'hls::stream<hls::axis<ap_uint<296>, 1ul, 1ul, 1ul>, 0>::write(hls::axis<ap_uint<296>, 1ul, 1ul, 1ul> const&)' (C:/Xilinx/Vitis_HLS/2020.2/common/technology/autopilot\ap_axi_sdata.h:305:40)
INFO: [HLS 214-131] Inlining function 'hls::axis<ap_uint<296>, 1ul, 1ul, 1ul>::get_id_ptr()' into 'hls::stream<hls::axis<ap_uint<296>, 1ul, 1ul, 1ul>, 0>::write(hls::axis<ap_uint<296>, 1ul, 1ul, 1ul> const&)' (C:/Xilinx/Vitis_HLS/2020.2/common/technology/autopilot\ap_axi_sdata.h:305:24)
INFO: [HLS 214-131] Inlining function 'ap_uint<1>::ap_uint(int)' into 'void process_output<8, 0, 1080, 1920, 1>(hls::stream<tagDescOut, 0>&, hls::stream<hls::axis<ap_uint<296>, 1ul, 1ul, 1ul>, 0>&, int&)' (src/ORB.cpp:257:23)
INFO: [HLS 214-131] Inlining function 'hls::stream<hls::axis<ap_uint<296>, 1ul, 1ul, 1ul>, 0>::write(hls::axis<ap_uint<296>, 1ul, 1ul, 1ul> const&)' into 'void process_output<8, 0, 1080, 1920, 1>(hls::stream<tagDescOut, 0>&, hls::stream<hls::axis<ap_uint<296>, 1ul, 1ul, 1ul>, 0>&, int&)' (src/ORB.cpp:272:17)
INFO: [HLS 214-131] Inlining function 'ap_int_base<8, false>::operator unsigned long long() const' into 'void process_output<8, 0, 1080, 1920, 1>(hls::stream<tagDescOut, 0>&, hls::stream<hls::axis<ap_uint<296>, 1ul, 1ul, 1ul>, 0>&, int&)' (src/ORB.cpp:270:21)
INFO: [HLS 214-131] Inlining function 'ap_int_base<8, false>::operator unsigned long long() const' into 'void process_output<8, 0, 1080, 1920, 1>(hls::stream<tagDescOut, 0>&, hls::stream<hls::axis<ap_uint<296>, 1ul, 1ul, 1ul>, 0>&, int&)' (src/ORB.cpp:269:44)
INFO: [HLS 214-131] Inlining function 'ap_int_base<8, false>::operator unsigned long long() const' into 'void process_output<8, 0, 1080, 1920, 1>(hls::stream<tagDescOut, 0>&, hls::stream<hls::axis<ap_uint<296>, 1ul, 1ul, 1ul>, 0>&, int&)' (src/ORB.cpp:269:21)
INFO: [HLS 214-131] Inlining function 'ap_uint<37>::ap_uint(int)' into 'void process_output<8, 0, 1080, 1920, 1>(hls::stream<tagDescOut, 0>&, hls::stream<hls::axis<ap_uint<296>, 1ul, 1ul, 1ul>, 0>&, int&)' (src/ORB.cpp:268:28)
INFO: [HLS 214-131] Inlining function 'ap_uint<1>::ap_uint(int)' into 'void process_output<8, 0, 1080, 1920, 1>(hls::stream<tagDescOut, 0>&, hls::stream<hls::axis<ap_uint<296>, 1ul, 1ul, 1ul>, 0>&, int&)' (src/ORB.cpp:267:28)
INFO: [HLS 214-131] Inlining function 'ap_range_ref<296, false>& ap_range_ref<296, false>::operator=<256, false>(ap_int_base<256, false> const&)' into 'void process_output<8, 0, 1080, 1920, 1>(hls::stream<tagDescOut, 0>&, hls::stream<hls::axis<ap_uint<296>, 1ul, 1ul, 1ul>, 0>&, int&)' (src/ORB.cpp:266:42)
INFO: [HLS 214-131] Inlining function 'ap_int_base<296, false>::range(int, int)' into 'void process_output<8, 0, 1080, 1920, 1>(hls::stream<tagDescOut, 0>&, hls::stream<hls::axis<ap_uint<296>, 1ul, 1ul, 1ul>, 0>&, int&)' (src/ORB.cpp:266:26)
INFO: [HLS 214-131] Inlining function 'ap_range_ref<296, false>& ap_range_ref<296, false>::operator=<8, false>(ap_int_base<8, false> const&)' into 'void process_output<8, 0, 1080, 1920, 1>(hls::stream<tagDescOut, 0>&, hls::stream<hls::axis<ap_uint<296>, 1ul, 1ul, 1ul>, 0>&, int&)' (src/ORB.cpp:265:46)
INFO: [HLS 214-131] Inlining function 'ap_int_base<296, false>::range(int, int)' into 'void process_output<8, 0, 1080, 1920, 1>(hls::stream<tagDescOut, 0>&, hls::stream<hls::axis<ap_uint<296>, 1ul, 1ul, 1ul>, 0>&, int&)' (src/ORB.cpp:265:26)
INFO: [HLS 214-131] Inlining function 'ap_range_ref<296, false>& ap_range_ref<296, false>::operator=<16, false>(ap_int_base<16, false> const&)' into 'void process_output<8, 0, 1080, 1920, 1>(hls::stream<tagDescOut, 0>&, hls::stream<hls::axis<ap_uint<296>, 1ul, 1ul, 1ul>, 0>&, int&)' (src/ORB.cpp:264:51)
INFO: [HLS 214-131] Inlining function 'ap_int_base<296, false>::range(int, int)' into 'void process_output<8, 0, 1080, 1920, 1>(hls::stream<tagDescOut, 0>&, hls::stream<hls::axis<ap_uint<296>, 1ul, 1ul, 1ul>, 0>&, int&)' (src/ORB.cpp:264:26)
INFO: [HLS 214-131] Inlining function 'ap_range_ref<296, false>& ap_range_ref<296, false>::operator=<16, false>(ap_int_base<16, false> const&)' into 'void process_output<8, 0, 1080, 1920, 1>(hls::stream<tagDescOut, 0>&, hls::stream<hls::axis<ap_uint<296>, 1ul, 1ul, 1ul>, 0>&, int&)' (src/ORB.cpp:263:56)
INFO: [HLS 214-131] Inlining function 'ap_int_base<296, false>::range(int, int)' into 'void process_output<8, 0, 1080, 1920, 1>(hls::stream<tagDescOut, 0>&, hls::stream<hls::axis<ap_uint<296>, 1ul, 1ul, 1ul>, 0>&, int&)' (src/ORB.cpp:263:26)
INFO: [HLS 214-131] Inlining function 'bool operator==<1, false>(ap_int_base<1, false> const&, int)' into 'void process_output<8, 0, 1080, 1920, 1>(hls::stream<tagDescOut, 0>&, hls::stream<hls::axis<ap_uint<296>, 1ul, 1ul, 1ul>, 0>&, int&)' (src/ORB.cpp:262:18)
INFO: [HLS 214-131] Inlining function 'hls::stream<tagDescOut, 0>::read()' into 'void process_output<8, 0, 1080, 1920, 1>(hls::stream<tagDescOut, 0>&, hls::stream<hls::axis<ap_uint<296>, 1ul, 1ul, 1ul>, 0>&, int&)' (src/ORB.cpp:260:20)
INFO: [HLS 214-131] Inlining function 'bool operator==<1, false>(ap_int_base<1, false> const&, int)' into 'void process_output<8, 0, 1080, 1920, 1>(hls::stream<tagDescOut, 0>&, hls::stream<hls::axis<ap_uint<296>, 1ul, 1ul, 1ul>, 0>&, int&)' (src/ORB.cpp:259:35)
INFO: [HLS 214-131] Inlining function 'xf::cv::Mat<0, 1080, 1920, 1, 2>::Mat(int, int)' into 'void process_ORB<8, 0, 1080, 1920, 1>(hls::stream<hls::axis<ap_uint<8>, 1ul, 1ul, 1ul>, 0>&, hls::stream<hls::axis<ap_uint<296>, 1ul, 1ul, 1ul>, 0>&, int, int, int, int, int, int&)' (src/ORB.cpp:289:43)
INFO: [HLS 214-131] Inlining function 'xf::cv::Mat<0, 1080, 1920, 1, 2>::Mat(int, int)' into 'void process_ORB<8, 0, 1080, 1920, 1>(hls::stream<hls::axis<ap_uint<8>, 1ul, 1ul, 1ul>, 0>&, hls::stream<hls::axis<ap_uint<296>, 1ul, 1ul, 1ul>, 0>&, int, int, int, int, int, int&)' (src/ORB.cpp:290:43)
INFO: [HLS 214-131] Inlining function 'hls::stream<ap_uint<8>, 0>::stream()' into 'void process_ORB<8, 0, 1080, 1920, 1>(hls::stream<hls::axis<ap_uint<8>, 1ul, 1ul, 1ul>, 0>&, hls::stream<hls::axis<ap_uint<296>, 1ul, 1ul, 1ul>, 0>&, int, int, int, int, int, int&)' (src/ORB.cpp:291:29)
INFO: [HLS 214-131] Inlining function 'hls::stream<ap_uint<8>, 0>::stream()' into 'void process_ORB<8, 0, 1080, 1920, 1>(hls::stream<hls::axis<ap_uint<8>, 1ul, 1ul, 1ul>, 0>&, hls::stream<hls::axis<ap_uint<296>, 1ul, 1ul, 1ul>, 0>&, int, int, int, int, int, int&)' (src/ORB.cpp:291:34)
INFO: [HLS 214-131] Inlining function 'hls::stream<ap_uint<8>, 0>::stream()' into 'void process_ORB<8, 0, 1080, 1920, 1>(hls::stream<hls::axis<ap_uint<8>, 1ul, 1ul, 1ul>, 0>&, hls::stream<hls::axis<ap_uint<296>, 1ul, 1ul, 1ul>, 0>&, int, int, int, int, int, int&)' (src/ORB.cpp:291:47)
INFO: [HLS 214-131] Inlining function 'hls::stream<ap_uint<8>, 0>::stream()' into 'void process_ORB<8, 0, 1080, 1920, 1>(hls::stream<hls::axis<ap_uint<8>, 1ul, 1ul, 1ul>, 0>&, hls::stream<hls::axis<ap_uint<296>, 1ul, 1ul, 1ul>, 0>&, int, int, int, int, int, int&)' (src/ORB.cpp:291:53)
INFO: [HLS 214-131] Inlining function 'hls::stream<ap_uint<8>, 0>::stream()' into 'void process_ORB<8, 0, 1080, 1920, 1>(hls::stream<hls::axis<ap_uint<8>, 1ul, 1ul, 1ul>, 0>&, hls::stream<hls::axis<ap_uint<296>, 1ul, 1ul, 1ul>, 0>&, int, int, int, int, int, int&)' (src/ORB.cpp:291:59)
INFO: [HLS 214-131] Inlining function 'hls::stream<ap_uint<8>, 0>::stream()' into 'void process_ORB<8, 0, 1080, 1920, 1>(hls::stream<hls::axis<ap_uint<8>, 1ul, 1ul, 1ul>, 0>&, hls::stream<hls::axis<ap_uint<296>, 1ul, 1ul, 1ul>, 0>&, int, int, int, int, int, int&)' (src/ORB.cpp:291:65)
INFO: [HLS 214-131] Inlining function 'hls::stream<ap_uint<8>, 0>::stream()' into 'void process_ORB<8, 0, 1080, 1920, 1>(hls::stream<hls::axis<ap_uint<8>, 1ul, 1ul, 1ul>, 0>&, hls::stream<hls::axis<ap_uint<296>, 1ul, 1ul, 1ul>, 0>&, int, int, int, int, int, int&)' (src/ORB.cpp:291:72)
INFO: [HLS 214-131] Inlining function 'hls::stream<ap_uint<8>, 0>::stream()' into 'void process_ORB<8, 0, 1080, 1920, 1>(hls::stream<hls::axis<ap_uint<8>, 1ul, 1ul, 1ul>, 0>&, hls::stream<hls::axis<ap_uint<296>, 1ul, 1ul, 1ul>, 0>&, int, int, int, int, int, int&)' (src/ORB.cpp:291:79)
INFO: [HLS 214-131] Inlining function 'hls::stream<ap_uint<8>, 0>::stream()' into 'void process_ORB<8, 0, 1080, 1920, 1>(hls::stream<hls::axis<ap_uint<8>, 1ul, 1ul, 1ul>, 0>&, hls::stream<hls::axis<ap_uint<296>, 1ul, 1ul, 1ul>, 0>&, int, int, int, int, int, int&)' (src/ORB.cpp:291:86)
INFO: [HLS 214-131] Inlining function 'hls::stream<ap_uint<8>, 0>::stream()' into 'void process_ORB<8, 0, 1080, 1920, 1>(hls::stream<hls::axis<ap_uint<8>, 1ul, 1ul, 1ul>, 0>&, hls::stream<hls::axis<ap_uint<296>, 1ul, 1ul, 1ul>, 0>&, int, int, int, int, int, int&)' (src/ORB.cpp:291:93)
INFO: [HLS 214-131] Inlining function 'hls::stream<tagDescOut, 0>::stream()' into 'void process_ORB<8, 0, 1080, 1920, 1>(hls::stream<hls::axis<ap_uint<8>, 1ul, 1ul, 1ul>, 0>&, hls::stream<hls::axis<ap_uint<296>, 1ul, 1ul, 1ul>, 0>&, int, int, int, int, int, int&)' (src/ORB.cpp:292:26)
INFO: [HLS 214-131] Inlining function 'ap_uint<296>::ap_uint(int)' into 'ORB_accel(hls::stream<hls::axis<ap_uint<8>, 1ul, 1ul, 1ul>, 0>&, hls::stream<hls::axis<ap_uint<296>, 1ul, 1ul, 1ul>, 0>&, int, int, int, int, int)' (src/ORB.cpp:354:32)
INFO: [HLS 214-131] Inlining function 'hls::stream<hls::axis<ap_uint<296>, 1ul, 1ul, 1ul>, 0>::write(hls::axis<ap_uint<296>, 1ul, 1ul, 1ul> const&)' into 'ORB_accel(hls::stream<hls::axis<ap_uint<8>, 1ul, 1ul, 1ul>, 0>&, hls::stream<hls::axis<ap_uint<296>, 1ul, 1ul, 1ul>, 0>&, int, int, int, int, int)' (src/ORB.cpp:361:21)
INFO: [HLS 214-131] Inlining function 'ap_uint<1>::ap_uint(int)' into 'ORB_accel(hls::stream<hls::axis<ap_uint<8>, 1ul, 1ul, 1ul>, 0>&, hls::stream<hls::axis<ap_uint<296>, 1ul, 1ul, 1ul>, 0>&, int, int, int, int, int)' (src/ORB.cpp:359:36)
INFO: [HLS 214-131] Inlining function 'ap_uint<1>::ap_uint(int)' into 'ORB_accel(hls::stream<hls::axis<ap_uint<8>, 1ul, 1ul, 1ul>, 0>&, hls::stream<hls::axis<ap_uint<296>, 1ul, 1ul, 1ul>, 0>&, int, int, int, int, int)' (src/ORB.cpp:357:36)
INFO: [HLS 214-131] Inlining function 'ap_uint<37>::ap_uint(int)' into 'ORB_accel(hls::stream<hls::axis<ap_uint<8>, 1ul, 1ul, 1ul>, 0>&, hls::stream<hls::axis<ap_uint<296>, 1ul, 1ul, 1ul>, 0>&, int, int, int, int, int)' (src/ORB.cpp:355:32)
INFO: [HLS 214-210] Disaggregating variable 'window'
INFO: [HLS 214-210] Disaggregating variable 'window_buffer'
INFO: [HLS 214-210] Disaggregating variable 'line_buffer'
INFO: [HLS 214-210] Disaggregating variable 'window'
INFO: [HLS 214-210] Disaggregating variable 'line_buffer'
INFO: [HLS 214-210] Disaggregating variable 'window'
INFO: [HLS 214-210] Disaggregating variable 'line_buffer'
INFO: [HLS 214-210] Disaggregating variable 'mask_window'
INFO: [HLS 214-210] Disaggregating variable 'mask_line'
INFO: [HLS 214-210] Disaggregating variable 'blur_window'
INFO: [HLS 214-210] Disaggregating variable 'img_window'
INFO: [HLS 214-210] Disaggregating variable 'blur_line'
INFO: [HLS 214-210] Disaggregating variable 'img_line'
INFO: [HLS 214-186] Unrolling loop 'VITIS_LOOP_659_2' (C:/Xilinx/Vitis_HLS/2020.2/common/technology/autopilot/hls_cordic_apfixed.h:659:23) in function 'cordic_apfixed::generic_atan2<20, 20>' completely with a factor of 21 (C:/Xilinx/Vitis_HLS/2020.2/common/technology/autopilot/hls_cordic_apfixed.h:659:23)
INFO: [HLS 214-186] Unrolling loop 'VITIS_LOOP_655_1' (C:/Xilinx/Vitis_HLS/2020.2/common/technology/autopilot/hls_cordic_apfixed.h:655:23) in function 'cordic_apfixed::generic_atan2<20, 20>' completely with a factor of 21 (C:/Xilinx/Vitis_HLS/2020.2/common/technology/autopilot/hls_cordic_apfixed.h:655:23)
INFO: [HLS 214-186] Unrolling loop 'VITIS_LOOP_867_1' (vitis_library_vision_L1/include\common/xf_video_mem.hpp:867:23) in function 'process_blur<8, 0, 1080, 1920, 1>' completely with a factor of 6 (vitis_library_vision_L1/include\common/xf_video_mem.hpp:867:23)
INFO: [HLS 214-186] Unrolling loop 'VITIS_LOOP_122_1' (vitis_library_vision_L1/include\common/xf_video_mem.hpp:122:23) in function 'process_blur<8, 0, 1080, 1920, 1>' completely with a factor of 7 (vitis_library_vision_L1/include\common/xf_video_mem.hpp:122:23)
INFO: [HLS 214-186] Unrolling loop 'VITIS_LOOP_126_2' (vitis_library_vision_L1/include\common/xf_video_mem.hpp:126:20) in function 'process_blur<8, 0, 1080, 1920, 1>' completely with a factor of 6 (vitis_library_vision_L1/include\common/xf_video_mem.hpp:126:20)
INFO: [HLS 214-186] Unrolling loop 'VITIS_LOOP_126_2' (vitis_library_vision_L1/include\common/xf_video_mem.hpp:126:20) in function 'process_blur<8, 0, 1080, 1920, 1>' completely with a factor of 6 (vitis_library_vision_L1/include\common/xf_video_mem.hpp:126:20)
INFO: [HLS 214-186] Unrolling loop 'VITIS_LOOP_126_2' (vitis_library_vision_L1/include\common/xf_video_mem.hpp:126:20) in function 'process_blur<8, 0, 1080, 1920, 1>' completely with a factor of 6 (vitis_library_vision_L1/include\common/xf_video_mem.hpp:126:20)
INFO: [HLS 214-186] Unrolling loop 'VITIS_LOOP_126_2' (vitis_library_vision_L1/include\common/xf_video_mem.hpp:126:20) in function 'process_blur<8, 0, 1080, 1920, 1>' completely with a factor of 6 (vitis_library_vision_L1/include\common/xf_video_mem.hpp:126:20)
INFO: [HLS 214-186] Unrolling loop 'VITIS_LOOP_126_2' (vitis_library_vision_L1/include\common/xf_video_mem.hpp:126:20) in function 'process_blur<8, 0, 1080, 1920, 1>' completely with a factor of 6 (vitis_library_vision_L1/include\common/xf_video_mem.hpp:126:20)
INFO: [HLS 214-186] Unrolling loop 'VITIS_LOOP_126_2' (vitis_library_vision_L1/include\common/xf_video_mem.hpp:126:20) in function 'process_blur<8, 0, 1080, 1920, 1>' completely with a factor of 6 (vitis_library_vision_L1/include\common/xf_video_mem.hpp:126:20)
INFO: [HLS 214-186] Unrolling loop 'VITIS_LOOP_126_2' (vitis_library_vision_L1/include\common/xf_video_mem.hpp:126:20) in function 'process_blur<8, 0, 1080, 1920, 1>' completely with a factor of 6 (vitis_library_vision_L1/include\common/xf_video_mem.hpp:126:20)
INFO: [HLS 214-186] Unrolling loop 'VITIS_LOOP_122_1' (vitis_library_vision_L1/include\common/xf_video_mem.hpp:122:23) in function 'process_blur<8, 0, 1080, 1920, 1>' completely with a factor of 7 (vitis_library_vision_L1/include\common/xf_video_mem.hpp:122:23)
INFO: [HLS 214-186] Unrolling loop 'VITIS_LOOP_126_2' (vitis_library_vision_L1/include\common/xf_video_mem.hpp:126:20) in function 'process_blur<8, 0, 1080, 1920, 1>' completely with a factor of 6 (vitis_library_vision_L1/include\common/xf_video_mem.hpp:126:20)
INFO: [HLS 214-186] Unrolling loop 'VITIS_LOOP_126_2' (vitis_library_vision_L1/include\common/xf_video_mem.hpp:126:20) in function 'process_blur<8, 0, 1080, 1920, 1>' completely with a factor of 6 (vitis_library_vision_L1/include\common/xf_video_mem.hpp:126:20)
INFO: [HLS 214-186] Unrolling loop 'VITIS_LOOP_126_2' (vitis_library_vision_L1/include\common/xf_video_mem.hpp:126:20) in function 'process_blur<8, 0, 1080, 1920, 1>' completely with a factor of 6 (vitis_library_vision_L1/include\common/xf_video_mem.hpp:126:20)
INFO: [HLS 214-186] Unrolling loop 'VITIS_LOOP_126_2' (vitis_library_vision_L1/include\common/xf_video_mem.hpp:126:20) in function 'process_blur<8, 0, 1080, 1920, 1>' completely with a factor of 6 (vitis_library_vision_L1/include\common/xf_video_mem.hpp:126:20)
INFO: [HLS 214-186] Unrolling loop 'VITIS_LOOP_126_2' (vitis_library_vision_L1/include\common/xf_video_mem.hpp:126:20) in function 'process_blur<8, 0, 1080, 1920, 1>' completely with a factor of 6 (vitis_library_vision_L1/include\common/xf_video_mem.hpp:126:20)
INFO: [HLS 214-186] Unrolling loop 'VITIS_LOOP_126_2' (vitis_library_vision_L1/include\common/xf_video_mem.hpp:126:20) in function 'process_blur<8, 0, 1080, 1920, 1>' completely with a factor of 6 (vitis_library_vision_L1/include\common/xf_video_mem.hpp:126:20)
INFO: [HLS 214-186] Unrolling loop 'VITIS_LOOP_126_2' (vitis_library_vision_L1/include\common/xf_video_mem.hpp:126:20) in function 'process_blur<8, 0, 1080, 1920, 1>' completely with a factor of 6 (vitis_library_vision_L1/include\common/xf_video_mem.hpp:126:20)
INFO: [HLS 214-186] Unrolling loop 'VITIS_LOOP_867_1' (vitis_library_vision_L1/include\common/xf_video_mem.hpp:867:23) in function 'process_fast<8, 1080, 1920, 1>' completely with a factor of 6 (vitis_library_vision_L1/include\common/xf_video_mem.hpp:867:23)
INFO: [HLS 214-186] Unrolling loop 'VITIS_LOOP_122_1' (vitis_library_vision_L1/include\common/xf_video_mem.hpp:122:23) in function 'process_fast<8, 1080, 1920, 1>' completely with a factor of 7 (vitis_library_vision_L1/include\common/xf_video_mem.hpp:122:23)
INFO: [HLS 214-186] Unrolling loop 'VITIS_LOOP_126_2' (vitis_library_vision_L1/include\common/xf_video_mem.hpp:126:20) in function 'process_fast<8, 1080, 1920, 1>' completely with a factor of 6 (vitis_library_vision_L1/include\common/xf_video_mem.hpp:126:20)
INFO: [HLS 214-186] Unrolling loop 'VITIS_LOOP_126_2' (vitis_library_vision_L1/include\common/xf_video_mem.hpp:126:20) in function 'process_fast<8, 1080, 1920, 1>' completely with a factor of 6 (vitis_library_vision_L1/include\common/xf_video_mem.hpp:126:20)
INFO: [HLS 214-186] Unrolling loop 'VITIS_LOOP_126_2' (vitis_library_vision_L1/include\common/xf_video_mem.hpp:126:20) in function 'process_fast<8, 1080, 1920, 1>' completely with a factor of 6 (vitis_library_vision_L1/include\common/xf_video_mem.hpp:126:20)
INFO: [HLS 214-186] Unrolling loop 'VITIS_LOOP_126_2' (vitis_library_vision_L1/include\common/xf_video_mem.hpp:126:20) in function 'process_fast<8, 1080, 1920, 1>' completely with a factor of 6 (vitis_library_vision_L1/include\common/xf_video_mem.hpp:126:20)
INFO: [HLS 214-186] Unrolling loop 'VITIS_LOOP_126_2' (vitis_library_vision_L1/include\common/xf_video_mem.hpp:126:20) in function 'process_fast<8, 1080, 1920, 1>' completely with a factor of 6 (vitis_library_vision_L1/include\common/xf_video_mem.hpp:126:20)
INFO: [HLS 214-186] Unrolling loop 'VITIS_LOOP_126_2' (vitis_library_vision_L1/include\common/xf_video_mem.hpp:126:20) in function 'process_fast<8, 1080, 1920, 1>' completely with a factor of 6 (vitis_library_vision_L1/include\common/xf_video_mem.hpp:126:20)
INFO: [HLS 214-186] Unrolling loop 'VITIS_LOOP_126_2' (vitis_library_vision_L1/include\common/xf_video_mem.hpp:126:20) in function 'process_fast<8, 1080, 1920, 1>' completely with a factor of 6 (vitis_library_vision_L1/include\common/xf_video_mem.hpp:126:20)
INFO: [HLS 214-186] Unrolling loop 'VITIS_LOOP_867_1' (vitis_library_vision_L1/include\common/xf_video_mem.hpp:867:23) in function 'process_nms<8, 1080, 1920, 1>' completely with a factor of 2 (vitis_library_vision_L1/include\common/xf_video_mem.hpp:867:23)
INFO: [HLS 214-186] Unrolling loop 'VITIS_LOOP_122_1' (vitis_library_vision_L1/include\common/xf_video_mem.hpp:122:23) in function 'process_nms<8, 1080, 1920, 1>' completely with a factor of 3 (vitis_library_vision_L1/include\common/xf_video_mem.hpp:122:23)
INFO: [HLS 214-186] Unrolling loop 'VITIS_LOOP_126_2' (vitis_library_vision_L1/include\common/xf_video_mem.hpp:126:20) in function 'process_nms<8, 1080, 1920, 1>' completely with a factor of 2 (vitis_library_vision_L1/include\common/xf_video_mem.hpp:126:20)
INFO: [HLS 214-186] Unrolling loop 'VITIS_LOOP_126_2' (vitis_library_vision_L1/include\common/xf_video_mem.hpp:126:20) in function 'process_nms<8, 1080, 1920, 1>' completely with a factor of 2 (vitis_library_vision_L1/include\common/xf_video_mem.hpp:126:20)
INFO: [HLS 214-186] Unrolling loop 'VITIS_LOOP_126_2' (vitis_library_vision_L1/include\common/xf_video_mem.hpp:126:20) in function 'process_nms<8, 1080, 1920, 1>' completely with a factor of 2 (vitis_library_vision_L1/include\common/xf_video_mem.hpp:126:20)
INFO: [HLS 214-186] Unrolling loop 'VITIS_LOOP_867_1' (vitis_library_vision_L1/include\common/xf_video_mem.hpp:867:23) in function 'process_rBRIEF<8, 1080, 1920>' completely with a factor of 36 (vitis_library_vision_L1/include\common/xf_video_mem.hpp:867:23)
INFO: [HLS 214-186] Unrolling loop 'VITIS_LOOP_867_1' (vitis_library_vision_L1/include\common/xf_video_mem.hpp:867:23) in function 'process_rBRIEF<8, 1080, 1920>' completely with a factor of 36 (vitis_library_vision_L1/include\common/xf_video_mem.hpp:867:23)
INFO: [HLS 214-186] Unrolling loop 'VITIS_LOOP_867_1' (vitis_library_vision_L1/include\common/xf_video_mem.hpp:867:23) in function 'process_rBRIEF<8, 1080, 1920>' completely with a factor of 36 (vitis_library_vision_L1/include\common/xf_video_mem.hpp:867:23)
INFO: [HLS 214-186] Unrolling loop 'VITIS_LOOP_122_1' (vitis_library_vision_L1/include\common/xf_video_mem.hpp:122:23) in function 'process_rBRIEF<8, 1080, 1920>' completely with a factor of 37 (vitis_library_vision_L1/include\common/xf_video_mem.hpp:122:23)
INFO: [HLS 214-186] Unrolling loop 'VITIS_LOOP_126_2' (vitis_library_vision_L1/include\common/xf_video_mem.hpp:126:20) in function 'process_rBRIEF<8, 1080, 1920>' completely with a factor of 36 (vitis_library_vision_L1/include\common/xf_video_mem.hpp:126:20)
INFO: [HLS 214-186] Unrolling loop 'VITIS_LOOP_126_2' (vitis_library_vision_L1/include\common/xf_video_mem.hpp:126:20) in function 'process_rBRIEF<8, 1080, 1920>' completely with a factor of 36 (vitis_library_vision_L1/include\common/xf_video_mem.hpp:126:20)
INFO: [HLS 214-186] Unrolling loop 'VITIS_LOOP_126_2' (vitis_library_vision_L1/include\common/xf_video_mem.hpp:126:20) in function 'process_rBRIEF<8, 1080, 1920>' completely with a factor of 36 (vitis_library_vision_L1/include\common/xf_video_mem.hpp:126:20)
INFO: [HLS 214-186] Unrolling loop 'VITIS_LOOP_126_2' (vitis_library_vision_L1/include\common/xf_video_mem.hpp:126:20) in function 'process_rBRIEF<8, 1080, 1920>' completely with a factor of 36 (vitis_library_vision_L1/include\common/xf_video_mem.hpp:126:20)
INFO: [HLS 214-186] Unrolling loop 'VITIS_LOOP_126_2' (vitis_library_vision_L1/include\common/xf_video_mem.hpp:126:20) in function 'process_rBRIEF<8, 1080, 1920>' completely with a factor of 36 (vitis_library_vision_L1/include\common/xf_video_mem.hpp:126:20)
INFO: [HLS 214-186] Unrolling loop 'VITIS_LOOP_126_2' (vitis_library_vision_L1/include\common/xf_video_mem.hpp:126:20) in function 'process_rBRIEF<8, 1080, 1920>' completely with a factor of 36 (vitis_library_vision_L1/include\common/xf_video_mem.hpp:126:20)
INFO: [HLS 214-186] Unrolling loop 'VITIS_LOOP_126_2' (vitis_library_vision_L1/include\common/xf_video_mem.hpp:126:20) in function 'process_rBRIEF<8, 1080, 1920>' completely with a factor of 36 (vitis_library_vision_L1/include\common/xf_video_mem.hpp:126:20)
INFO: [HLS 214-186] Unrolling loop 'VITIS_LOOP_126_2' (vitis_library_vision_L1/include\common/xf_video_mem.hpp:126:20) in function 'process_rBRIEF<8, 1080, 1920>' completely with a factor of 36 (vitis_library_vision_L1/include\common/xf_video_mem.hpp:126:20)
INFO: [HLS 214-186] Unrolling loop 'VITIS_LOOP_126_2' (vitis_library_vision_L1/include\common/xf_video_mem.hpp:126:20) in function 'process_rBRIEF<8, 1080, 1920>' completely with a factor of 36 (vitis_library_vision_L1/include\common/xf_video_mem.hpp:126:20)
INFO: [HLS 214-186] Unrolling loop 'VITIS_LOOP_126_2' (vitis_library_vision_L1/include\common/xf_video_mem.hpp:126:20) in function 'process_rBRIEF<8, 1080, 1920>' completely with a factor of 36 (vitis_library_vision_L1/include\common/xf_video_mem.hpp:126:20)
INFO: [HLS 214-186] Unrolling loop 'VITIS_LOOP_126_2' (vitis_library_vision_L1/include\common/xf_video_mem.hpp:126:20) in function 'process_rBRIEF<8, 1080, 1920>' completely with a factor of 36 (vitis_library_vision_L1/include\common/xf_video_mem.hpp:126:20)
INFO: [HLS 214-186] Unrolling loop 'VITIS_LOOP_126_2' (vitis_library_vision_L1/include\common/xf_video_mem.hpp:126:20) in function 'process_rBRIEF<8, 1080, 1920>' completely with a factor of 36 (vitis_library_vision_L1/include\common/xf_video_mem.hpp:126:20)
INFO: [HLS 214-186] Unrolling loop 'VITIS_LOOP_126_2' (vitis_library_vision_L1/include\common/xf_video_mem.hpp:126:20) in function 'process_rBRIEF<8, 1080, 1920>' completely with a factor of 36 (vitis_library_vision_L1/include\common/xf_video_mem.hpp:126:20)
INFO: [HLS 214-186] Unrolling loop 'VITIS_LOOP_126_2' (vitis_library_vision_L1/include\common/xf_video_mem.hpp:126:20) in function 'process_rBRIEF<8, 1080, 1920>' completely with a factor of 36 (vitis_library_vision_L1/include\common/xf_video_mem.hpp:126:20)
INFO: [HLS 214-186] Unrolling loop 'VITIS_LOOP_126_2' (vitis_library_vision_L1/include\common/xf_video_mem.hpp:126:20) in function 'process_rBRIEF<8, 1080, 1920>' completely with a factor of 36 (vitis_library_vision_L1/include\common/xf_video_mem.hpp:126:20)
INFO: [HLS 214-186] Unrolling loop 'VITIS_LOOP_126_2' (vitis_library_vision_L1/include\common/xf_video_mem.hpp:126:20) in function 'process_rBRIEF<8, 1080, 1920>' completely with a factor of 36 (vitis_library_vision_L1/include\common/xf_video_mem.hpp:126:20)
INFO: [HLS 214-186] Unrolling loop 'VITIS_LOOP_126_2' (vitis_library_vision_L1/include\common/xf_video_mem.hpp:126:20) in function 'process_rBRIEF<8, 1080, 1920>' completely with a factor of 36 (vitis_library_vision_L1/include\common/xf_video_mem.hpp:126:20)
INFO: [HLS 214-186] Unrolling loop 'VITIS_LOOP_126_2' (vitis_library_vision_L1/include\common/xf_video_mem.hpp:126:20) in function 'process_rBRIEF<8, 1080, 1920>' completely with a factor of 36 (vitis_library_vision_L1/include\common/xf_video_mem.hpp:126:20)
INFO: [HLS 214-186] Unrolling loop 'VITIS_LOOP_126_2' (vitis_library_vision_L1/include\common/xf_video_mem.hpp:126:20) in function 'process_rBRIEF<8, 1080, 1920>' completely with a factor of 36 (vitis_library_vision_L1/include\common/xf_video_mem.hpp:126:20)
INFO: [HLS 214-186] Unrolling loop 'VITIS_LOOP_126_2' (vitis_library_vision_L1/include\common/xf_video_mem.hpp:126:20) in function 'process_rBRIEF<8, 1080, 1920>' completely with a factor of 36 (vitis_library_vision_L1/include\common/xf_video_mem.hpp:126:20)
INFO: [HLS 214-186] Unrolling loop 'VITIS_LOOP_126_2' (vitis_library_vision_L1/include\common/xf_video_mem.hpp:126:20) in function 'process_rBRIEF<8, 1080, 1920>' completely with a factor of 36 (vitis_library_vision_L1/include\common/xf_video_mem.hpp:126:20)
INFO: [HLS 214-186] Unrolling loop 'VITIS_LOOP_126_2' (vitis_library_vision_L1/include\common/xf_video_mem.hpp:126:20) in function 'process_rBRIEF<8, 1080, 1920>' completely with a factor of 36 (vitis_library_vision_L1/include\common/xf_video_mem.hpp:126:20)
INFO: [HLS 214-186] Unrolling loop 'VITIS_LOOP_126_2' (vitis_library_vision_L1/include\common/xf_video_mem.hpp:126:20) in function 'process_rBRIEF<8, 1080, 1920>' completely with a factor of 36 (vitis_library_vision_L1/include\common/xf_video_mem.hpp:126:20)
INFO: [HLS 214-186] Unrolling loop 'VITIS_LOOP_126_2' (vitis_library_vision_L1/include\common/xf_video_mem.hpp:126:20) in function 'process_rBRIEF<8, 1080, 1920>' completely with a factor of 36 (vitis_library_vision_L1/include\common/xf_video_mem.hpp:126:20)
INFO: [HLS 214-186] Unrolling loop 'VITIS_LOOP_126_2' (vitis_library_vision_L1/include\common/xf_video_mem.hpp:126:20) in function 'process_rBRIEF<8, 1080, 1920>' completely with a factor of 36 (vitis_library_vision_L1/include\common/xf_video_mem.hpp:126:20)
INFO: [HLS 214-186] Unrolling loop 'VITIS_LOOP_126_2' (vitis_library_vision_L1/include\common/xf_video_mem.hpp:126:20) in function 'process_rBRIEF<8, 1080, 1920>' completely with a factor of 36 (vitis_library_vision_L1/include\common/xf_video_mem.hpp:126:20)
INFO: [HLS 214-186] Unrolling loop 'VITIS_LOOP_126_2' (vitis_library_vision_L1/include\common/xf_video_mem.hpp:126:20) in function 'process_rBRIEF<8, 1080, 1920>' completely with a factor of 36 (vitis_library_vision_L1/include\common/xf_video_mem.hpp:126:20)
INFO: [HLS 214-186] Unrolling loop 'VITIS_LOOP_126_2' (vitis_library_vision_L1/include\common/xf_video_mem.hpp:126:20) in function 'process_rBRIEF<8, 1080, 1920>' completely with a factor of 36 (vitis_library_vision_L1/include\common/xf_video_mem.hpp:126:20)
INFO: [HLS 214-186] Unrolling loop 'VITIS_LOOP_126_2' (vitis_library_vision_L1/include\common/xf_video_mem.hpp:126:20) in function 'process_rBRIEF<8, 1080, 1920>' completely with a factor of 36 (vitis_library_vision_L1/include\common/xf_video_mem.hpp:126:20)
INFO: [HLS 214-186] Unrolling loop 'VITIS_LOOP_126_2' (vitis_library_vision_L1/include\common/xf_video_mem.hpp:126:20) in function 'process_rBRIEF<8, 1080, 1920>' completely with a factor of 36 (vitis_library_vision_L1/include\common/xf_video_mem.hpp:126:20)
INFO: [HLS 214-186] Unrolling loop 'VITIS_LOOP_126_2' (vitis_library_vision_L1/include\common/xf_video_mem.hpp:126:20) in function 'process_rBRIEF<8, 1080, 1920>' completely with a factor of 36 (vitis_library_vision_L1/include\common/xf_video_mem.hpp:126:20)
INFO: [HLS 214-186] Unrolling loop 'VITIS_LOOP_126_2' (vitis_library_vision_L1/include\common/xf_video_mem.hpp:126:20) in function 'process_rBRIEF<8, 1080, 1920>' completely with a factor of 36 (vitis_library_vision_L1/include\common/xf_video_mem.hpp:126:20)
INFO: [HLS 214-186] Unrolling loop 'VITIS_LOOP_126_2' (vitis_library_vision_L1/include\common/xf_video_mem.hpp:126:20) in function 'process_rBRIEF<8, 1080, 1920>' completely with a factor of 36 (vitis_library_vision_L1/include\common/xf_video_mem.hpp:126:20)
INFO: [HLS 214-186] Unrolling loop 'VITIS_LOOP_126_2' (vitis_library_vision_L1/include\common/xf_video_mem.hpp:126:20) in function 'process_rBRIEF<8, 1080, 1920>' completely with a factor of 36 (vitis_library_vision_L1/include\common/xf_video_mem.hpp:126:20)
INFO: [HLS 214-186] Unrolling loop 'VITIS_LOOP_126_2' (vitis_library_vision_L1/include\common/xf_video_mem.hpp:126:20) in function 'process_rBRIEF<8, 1080, 1920>' completely with a factor of 36 (vitis_library_vision_L1/include\common/xf_video_mem.hpp:126:20)
INFO: [HLS 214-186] Unrolling loop 'VITIS_LOOP_126_2' (vitis_library_vision_L1/include\common/xf_video_mem.hpp:126:20) in function 'process_rBRIEF<8, 1080, 1920>' completely with a factor of 36 (vitis_library_vision_L1/include\common/xf_video_mem.hpp:126:20)
INFO: [HLS 214-186] Unrolling loop 'VITIS_LOOP_126_2' (vitis_library_vision_L1/include\common/xf_video_mem.hpp:126:20) in function 'process_rBRIEF<8, 1080, 1920>' completely with a factor of 36 (vitis_library_vision_L1/include\common/xf_video_mem.hpp:126:20)
INFO: [HLS 214-186] Unrolling loop 'VITIS_LOOP_122_1' (vitis_library_vision_L1/include\common/xf_video_mem.hpp:122:23) in function 'process_rBRIEF<8, 1080, 1920>' completely with a factor of 37 (vitis_library_vision_L1/include\common/xf_video_mem.hpp:122:23)
INFO: [HLS 214-186] Unrolling loop 'VITIS_LOOP_126_2' (vitis_library_vision_L1/include\common/xf_video_mem.hpp:126:20) in function 'process_rBRIEF<8, 1080, 1920>' completely with a factor of 36 (vitis_library_vision_L1/include\common/xf_video_mem.hpp:126:20)
INFO: [HLS 214-186] Unrolling loop 'VITIS_LOOP_126_2' (vitis_library_vision_L1/include\common/xf_video_mem.hpp:126:20) in function 'process_rBRIEF<8, 1080, 1920>' completely with a factor of 36 (vitis_library_vision_L1/include\common/xf_video_mem.hpp:126:20)
INFO: [HLS 214-186] Unrolling loop 'VITIS_LOOP_126_2' (vitis_library_vision_L1/include\common/xf_video_mem.hpp:126:20) in function 'process_rBRIEF<8, 1080, 1920>' completely with a factor of 36 (vitis_library_vision_L1/include\common/xf_video_mem.hpp:126:20)
INFO: [HLS 214-186] Unrolling loop 'VITIS_LOOP_126_2' (vitis_library_vision_L1/include\common/xf_video_mem.hpp:126:20) in function 'process_rBRIEF<8, 1080, 1920>' completely with a factor of 36 (vitis_library_vision_L1/include\common/xf_video_mem.hpp:126:20)
INFO: [HLS 214-186] Unrolling loop 'VITIS_LOOP_126_2' (vitis_library_vision_L1/include\common/xf_video_mem.hpp:126:20) in function 'process_rBRIEF<8, 1080, 1920>' completely with a factor of 36 (vitis_library_vision_L1/include\common/xf_video_mem.hpp:126:20)
INFO: [HLS 214-186] Unrolling loop 'VITIS_LOOP_126_2' (vitis_library_vision_L1/include\common/xf_video_mem.hpp:126:20) in function 'process_rBRIEF<8, 1080, 1920>' completely with a factor of 36 (vitis_library_vision_L1/include\common/xf_video_mem.hpp:126:20)
INFO: [HLS 214-186] Unrolling loop 'VITIS_LOOP_126_2' (vitis_library_vision_L1/include\common/xf_video_mem.hpp:126:20) in function 'process_rBRIEF<8, 1080, 1920>' completely with a factor of 36 (vitis_library_vision_L1/include\common/xf_video_mem.hpp:126:20)
INFO: [HLS 214-186] Unrolling loop 'VITIS_LOOP_126_2' (vitis_library_vision_L1/include\common/xf_video_mem.hpp:126:20) in function 'process_rBRIEF<8, 1080, 1920>' completely with a factor of 36 (vitis_library_vision_L1/include\common/xf_video_mem.hpp:126:20)
INFO: [HLS 214-186] Unrolling loop 'VITIS_LOOP_126_2' (vitis_library_vision_L1/include\common/xf_video_mem.hpp:126:20) in function 'process_rBRIEF<8, 1080, 1920>' completely with a factor of 36 (vitis_library_vision_L1/include\common/xf_video_mem.hpp:126:20)
INFO: [HLS 214-186] Unrolling loop 'VITIS_LOOP_126_2' (vitis_library_vision_L1/include\common/xf_video_mem.hpp:126:20) in function 'process_rBRIEF<8, 1080, 1920>' completely with a factor of 36 (vitis_library_vision_L1/include\common/xf_video_mem.hpp:126:20)
INFO: [HLS 214-186] Unrolling loop 'VITIS_LOOP_126_2' (vitis_library_vision_L1/include\common/xf_video_mem.hpp:126:20) in function 'process_rBRIEF<8, 1080, 1920>' completely with a factor of 36 (vitis_library_vision_L1/include\common/xf_video_mem.hpp:126:20)
INFO: [HLS 214-186] Unrolling loop 'VITIS_LOOP_126_2' (vitis_library_vision_L1/include\common/xf_video_mem.hpp:126:20) in function 'process_rBRIEF<8, 1080, 1920>' completely with a factor of 36 (vitis_library_vision_L1/include\common/xf_video_mem.hpp:126:20)
INFO: [HLS 214-186] Unrolling loop 'VITIS_LOOP_126_2' (vitis_library_vision_L1/include\common/xf_video_mem.hpp:126:20) in function 'process_rBRIEF<8, 1080, 1920>' completely with a factor of 36 (vitis_library_vision_L1/include\common/xf_video_mem.hpp:126:20)
INFO: [HLS 214-186] Unrolling loop 'VITIS_LOOP_126_2' (vitis_library_vision_L1/include\common/xf_video_mem.hpp:126:20) in function 'process_rBRIEF<8, 1080, 1920>' completely with a factor of 36 (vitis_library_vision_L1/include\common/xf_video_mem.hpp:126:20)
INFO: [HLS 214-186] Unrolling loop 'VITIS_LOOP_126_2' (vitis_library_vision_L1/include\common/xf_video_mem.hpp:126:20) in function 'process_rBRIEF<8, 1080, 1920>' completely with a factor of 36 (vitis_library_vision_L1/include\common/xf_video_mem.hpp:126:20)
INFO: [HLS 214-186] Unrolling loop 'VITIS_LOOP_126_2' (vitis_library_vision_L1/include\common/xf_video_mem.hpp:126:20) in function 'process_rBRIEF<8, 1080, 1920>' completely with a factor of 36 (vitis_library_vision_L1/include\common/xf_video_mem.hpp:126:20)
INFO: [HLS 214-186] Unrolling loop 'VITIS_LOOP_126_2' (vitis_library_vision_L1/include\common/xf_video_mem.hpp:126:20) in function 'process_rBRIEF<8, 1080, 1920>' completely with a factor of 36 (vitis_library_vision_L1/include\common/xf_video_mem.hpp:126:20)
INFO: [HLS 214-186] Unrolling loop 'VITIS_LOOP_126_2' (vitis_library_vision_L1/include\common/xf_video_mem.hpp:126:20) in function 'process_rBRIEF<8, 1080, 1920>' completely with a factor of 36 (vitis_library_vision_L1/include\common/xf_video_mem.hpp:126:20)
INFO: [HLS 214-186] Unrolling loop 'VITIS_LOOP_126_2' (vitis_library_vision_L1/include\common/xf_video_mem.hpp:126:20) in function 'process_rBRIEF<8, 1080, 1920>' completely with a factor of 36 (vitis_library_vision_L1/include\common/xf_video_mem.hpp:126:20)
INFO: [HLS 214-186] Unrolling loop 'VITIS_LOOP_126_2' (vitis_library_vision_L1/include\common/xf_video_mem.hpp:126:20) in function 'process_rBRIEF<8, 1080, 1920>' completely with a factor of 36 (vitis_library_vision_L1/include\common/xf_video_mem.hpp:126:20)
INFO: [HLS 214-186] Unrolling loop 'VITIS_LOOP_126_2' (vitis_library_vision_L1/include\common/xf_video_mem.hpp:126:20) in function 'process_rBRIEF<8, 1080, 1920>' completely with a factor of 36 (vitis_library_vision_L1/include\common/xf_video_mem.hpp:126:20)
INFO: [HLS 214-186] Unrolling loop 'VITIS_LOOP_126_2' (vitis_library_vision_L1/include\common/xf_video_mem.hpp:126:20) in function 'process_rBRIEF<8, 1080, 1920>' completely with a factor of 36 (vitis_library_vision_L1/include\common/xf_video_mem.hpp:126:20)
INFO: [HLS 214-186] Unrolling loop 'VITIS_LOOP_126_2' (vitis_library_vision_L1/include\common/xf_video_mem.hpp:126:20) in function 'process_rBRIEF<8, 1080, 1920>' completely with a factor of 36 (vitis_library_vision_L1/include\common/xf_video_mem.hpp:126:20)
INFO: [HLS 214-186] Unrolling loop 'VITIS_LOOP_126_2' (vitis_library_vision_L1/include\common/xf_video_mem.hpp:126:20) in function 'process_rBRIEF<8, 1080, 1920>' completely with a factor of 36 (vitis_library_vision_L1/include\common/xf_video_mem.hpp:126:20)
INFO: [HLS 214-186] Unrolling loop 'VITIS_LOOP_126_2' (vitis_library_vision_L1/include\common/xf_video_mem.hpp:126:20) in function 'process_rBRIEF<8, 1080, 1920>' completely with a factor of 36 (vitis_library_vision_L1/include\common/xf_video_mem.hpp:126:20)
INFO: [HLS 214-186] Unrolling loop 'VITIS_LOOP_126_2' (vitis_library_vision_L1/include\common/xf_video_mem.hpp:126:20) in function 'process_rBRIEF<8, 1080, 1920>' completely with a factor of 36 (vitis_library_vision_L1/include\common/xf_video_mem.hpp:126:20)
INFO: [HLS 214-186] Unrolling loop 'VITIS_LOOP_126_2' (vitis_library_vision_L1/include\common/xf_video_mem.hpp:126:20) in function 'process_rBRIEF<8, 1080, 1920>' completely with a factor of 36 (vitis_library_vision_L1/include\common/xf_video_mem.hpp:126:20)
INFO: [HLS 214-186] Unrolling loop 'VITIS_LOOP_126_2' (vitis_library_vision_L1/include\common/xf_video_mem.hpp:126:20) in function 'process_rBRIEF<8, 1080, 1920>' completely with a factor of 36 (vitis_library_vision_L1/include\common/xf_video_mem.hpp:126:20)
INFO: [HLS 214-186] Unrolling loop 'VITIS_LOOP_126_2' (vitis_library_vision_L1/include\common/xf_video_mem.hpp:126:20) in function 'process_rBRIEF<8, 1080, 1920>' completely with a factor of 36 (vitis_library_vision_L1/include\common/xf_video_mem.hpp:126:20)
INFO: [HLS 214-186] Unrolling loop 'VITIS_LOOP_126_2' (vitis_library_vision_L1/include\common/xf_video_mem.hpp:126:20) in function 'process_rBRIEF<8, 1080, 1920>' completely with a factor of 36 (vitis_library_vision_L1/include\common/xf_video_mem.hpp:126:20)
INFO: [HLS 214-186] Unrolling loop 'VITIS_LOOP_126_2' (vitis_library_vision_L1/include\common/xf_video_mem.hpp:126:20) in function 'process_rBRIEF<8, 1080, 1920>' completely with a factor of 36 (vitis_library_vision_L1/include\common/xf_video_mem.hpp:126:20)
INFO: [HLS 214-186] Unrolling loop 'VITIS_LOOP_126_2' (vitis_library_vision_L1/include\common/xf_video_mem.hpp:126:20) in function 'process_rBRIEF<8, 1080, 1920>' completely with a factor of 36 (vitis_library_vision_L1/include\common/xf_video_mem.hpp:126:20)
INFO: [HLS 214-186] Unrolling loop 'VITIS_LOOP_126_2' (vitis_library_vision_L1/include\common/xf_video_mem.hpp:126:20) in function 'process_rBRIEF<8, 1080, 1920>' completely with a factor of 36 (vitis_library_vision_L1/include\common/xf_video_mem.hpp:126:20)
INFO: [HLS 214-186] Unrolling loop 'VITIS_LOOP_126_2' (vitis_library_vision_L1/include\common/xf_video_mem.hpp:126:20) in function 'process_rBRIEF<8, 1080, 1920>' completely with a factor of 36 (vitis_library_vision_L1/include\common/xf_video_mem.hpp:126:20)
INFO: [HLS 214-186] Unrolling loop 'VITIS_LOOP_126_2' (vitis_library_vision_L1/include\common/xf_video_mem.hpp:126:20) in function 'process_rBRIEF<8, 1080, 1920>' completely with a factor of 36 (vitis_library_vision_L1/include\common/xf_video_mem.hpp:126:20)
INFO: [HLS 214-186] Unrolling loop 'VITIS_LOOP_126_2' (vitis_library_vision_L1/include\common/xf_video_mem.hpp:126:20) in function 'process_rBRIEF<8, 1080, 1920>' completely with a factor of 36 (vitis_library_vision_L1/include\common/xf_video_mem.hpp:126:20)
INFO: [HLS 214-186] Unrolling loop 'VITIS_LOOP_126_2' (vitis_library_vision_L1/include\common/xf_video_mem.hpp:126:20) in function 'process_rBRIEF<8, 1080, 1920>' completely with a factor of 36 (vitis_library_vision_L1/include\common/xf_video_mem.hpp:126:20)
INFO: [HLS 214-186] Unrolling loop 'VITIS_LOOP_122_1' (vitis_library_vision_L1/include\common/xf_video_mem.hpp:122:23) in function 'process_rBRIEF<8, 1080, 1920>' completely with a factor of 37 (vitis_library_vision_L1/include\common/xf_video_mem.hpp:122:23)
INFO: [HLS 214-186] Unrolling loop 'VITIS_LOOP_126_2' (vitis_library_vision_L1/include\common/xf_video_mem.hpp:126:20) in function 'process_rBRIEF<8, 1080, 1920>' completely with a factor of 36 (vitis_library_vision_L1/include\common/xf_video_mem.hpp:126:20)
INFO: [HLS 214-186] Unrolling loop 'VITIS_LOOP_126_2' (vitis_library_vision_L1/include\common/xf_video_mem.hpp:126:20) in function 'process_rBRIEF<8, 1080, 1920>' completely with a factor of 36 (vitis_library_vision_L1/include\common/xf_video_mem.hpp:126:20)
INFO: [HLS 214-186] Unrolling loop 'VITIS_LOOP_126_2' (vitis_library_vision_L1/include\common/xf_video_mem.hpp:126:20) in function 'process_rBRIEF<8, 1080, 1920>' completely with a factor of 36 (vitis_library_vision_L1/include\common/xf_video_mem.hpp:126:20)
INFO: [HLS 214-186] Unrolling loop 'VITIS_LOOP_126_2' (vitis_library_vision_L1/include\common/xf_video_mem.hpp:126:20) in function 'process_rBRIEF<8, 1080, 1920>' completely with a factor of 36 (vitis_library_vision_L1/include\common/xf_video_mem.hpp:126:20)
INFO: [HLS 214-186] Unrolling loop 'VITIS_LOOP_126_2' (vitis_library_vision_L1/include\common/xf_video_mem.hpp:126:20) in function 'process_rBRIEF<8, 1080, 1920>' completely with a factor of 36 (vitis_library_vision_L1/include\common/xf_video_mem.hpp:126:20)
INFO: [HLS 214-186] Unrolling loop 'VITIS_LOOP_126_2' (vitis_library_vision_L1/include\common/xf_video_mem.hpp:126:20) in function 'process_rBRIEF<8, 1080, 1920>' completely with a factor of 36 (vitis_library_vision_L1/include\common/xf_video_mem.hpp:126:20)
INFO: [HLS 214-186] Unrolling loop 'VITIS_LOOP_126_2' (vitis_library_vision_L1/include\common/xf_video_mem.hpp:126:20) in function 'process_rBRIEF<8, 1080, 1920>' completely with a factor of 36 (vitis_library_vision_L1/include\common/xf_video_mem.hpp:126:20)
INFO: [HLS 214-186] Unrolling loop 'VITIS_LOOP_126_2' (vitis_library_vision_L1/include\common/xf_video_mem.hpp:126:20) in function 'process_rBRIEF<8, 1080, 1920>' completely with a factor of 36 (vitis_library_vision_L1/include\common/xf_video_mem.hpp:126:20)
INFO: [HLS 214-186] Unrolling loop 'VITIS_LOOP_126_2' (vitis_library_vision_L1/include\common/xf_video_mem.hpp:126:20) in function 'process_rBRIEF<8, 1080, 1920>' completely with a factor of 36 (vitis_library_vision_L1/include\common/xf_video_mem.hpp:126:20)
INFO: [HLS 214-186] Unrolling loop 'VITIS_LOOP_126_2' (vitis_library_vision_L1/include\common/xf_video_mem.hpp:126:20) in function 'process_rBRIEF<8, 1080, 1920>' completely with a factor of 36 (vitis_library_vision_L1/include\common/xf_video_mem.hpp:126:20)
INFO: [HLS 214-186] Unrolling loop 'VITIS_LOOP_126_2' (vitis_library_vision_L1/include\common/xf_video_mem.hpp:126:20) in function 'process_rBRIEF<8, 1080, 1920>' completely with a factor of 36 (vitis_library_vision_L1/include\common/xf_video_mem.hpp:126:20)
INFO: [HLS 214-186] Unrolling loop 'VITIS_LOOP_126_2' (vitis_library_vision_L1/include\common/xf_video_mem.hpp:126:20) in function 'process_rBRIEF<8, 1080, 1920>' completely with a factor of 36 (vitis_library_vision_L1/include\common/xf_video_mem.hpp:126:20)
INFO: [HLS 214-186] Unrolling loop 'VITIS_LOOP_126_2' (vitis_library_vision_L1/include\common/xf_video_mem.hpp:126:20) in function 'process_rBRIEF<8, 1080, 1920>' completely with a factor of 36 (vitis_library_vision_L1/include\common/xf_video_mem.hpp:126:20)
INFO: [HLS 214-186] Unrolling loop 'VITIS_LOOP_126_2' (vitis_library_vision_L1/include\common/xf_video_mem.hpp:126:20) in function 'process_rBRIEF<8, 1080, 1920>' completely with a factor of 36 (vitis_library_vision_L1/include\common/xf_video_mem.hpp:126:20)
INFO: [HLS 214-186] Unrolling loop 'VITIS_LOOP_126_2' (vitis_library_vision_L1/include\common/xf_video_mem.hpp:126:20) in function 'process_rBRIEF<8, 1080, 1920>' completely with a factor of 36 (vitis_library_vision_L1/include\common/xf_video_mem.hpp:126:20)
INFO: [HLS 214-186] Unrolling loop 'VITIS_LOOP_126_2' (vitis_library_vision_L1/include\common/xf_video_mem.hpp:126:20) in function 'process_rBRIEF<8, 1080, 1920>' completely with a factor of 36 (vitis_library_vision_L1/include\common/xf_video_mem.hpp:126:20)
INFO: [HLS 214-186] Unrolling loop 'VITIS_LOOP_126_2' (vitis_library_vision_L1/include\common/xf_video_mem.hpp:126:20) in function 'process_rBRIEF<8, 1080, 1920>' completely with a factor of 36 (vitis_library_vision_L1/include\common/xf_video_mem.hpp:126:20)
INFO: [HLS 214-186] Unrolling loop 'VITIS_LOOP_126_2' (vitis_library_vision_L1/include\common/xf_video_mem.hpp:126:20) in function 'process_rBRIEF<8, 1080, 1920>' completely with a factor of 36 (vitis_library_vision_L1/include\common/xf_video_mem.hpp:126:20)
INFO: [HLS 214-186] Unrolling loop 'VITIS_LOOP_126_2' (vitis_library_vision_L1/include\common/xf_video_mem.hpp:126:20) in function 'process_rBRIEF<8, 1080, 1920>' completely with a factor of 36 (vitis_library_vision_L1/include\common/xf_video_mem.hpp:126:20)
INFO: [HLS 214-186] Unrolling loop 'VITIS_LOOP_126_2' (vitis_library_vision_L1/include\common/xf_video_mem.hpp:126:20) in function 'process_rBRIEF<8, 1080, 1920>' completely with a factor of 36 (vitis_library_vision_L1/include\common/xf_video_mem.hpp:126:20)
INFO: [HLS 214-186] Unrolling loop 'VITIS_LOOP_126_2' (vitis_library_vision_L1/include\common/xf_video_mem.hpp:126:20) in function 'process_rBRIEF<8, 1080, 1920>' completely with a factor of 36 (vitis_library_vision_L1/include\common/xf_video_mem.hpp:126:20)
INFO: [HLS 214-186] Unrolling loop 'VITIS_LOOP_126_2' (vitis_library_vision_L1/include\common/xf_video_mem.hpp:126:20) in function 'process_rBRIEF<8, 1080, 1920>' completely with a factor of 36 (vitis_library_vision_L1/include\common/xf_video_mem.hpp:126:20)
INFO: [HLS 214-186] Unrolling loop 'VITIS_LOOP_126_2' (vitis_library_vision_L1/include\common/xf_video_mem.hpp:126:20) in function 'process_rBRIEF<8, 1080, 1920>' completely with a factor of 36 (vitis_library_vision_L1/include\common/xf_video_mem.hpp:126:20)
INFO: [HLS 214-186] Unrolling loop 'VITIS_LOOP_126_2' (vitis_library_vision_L1/include\common/xf_video_mem.hpp:126:20) in function 'process_rBRIEF<8, 1080, 1920>' completely with a factor of 36 (vitis_library_vision_L1/include\common/xf_video_mem.hpp:126:20)
INFO: [HLS 214-186] Unrolling loop 'VITIS_LOOP_126_2' (vitis_library_vision_L1/include\common/xf_video_mem.hpp:126:20) in function 'process_rBRIEF<8, 1080, 1920>' completely with a factor of 36 (vitis_library_vision_L1/include\common/xf_video_mem.hpp:126:20)
INFO: [HLS 214-186] Unrolling loop 'VITIS_LOOP_126_2' (vitis_library_vision_L1/include\common/xf_video_mem.hpp:126:20) in function 'process_rBRIEF<8, 1080, 1920>' completely with a factor of 36 (vitis_library_vision_L1/include\common/xf_video_mem.hpp:126:20)
INFO: [HLS 214-186] Unrolling loop 'VITIS_LOOP_126_2' (vitis_library_vision_L1/include\common/xf_video_mem.hpp:126:20) in function 'process_rBRIEF<8, 1080, 1920>' completely with a factor of 36 (vitis_library_vision_L1/include\common/xf_video_mem.hpp:126:20)
INFO: [HLS 214-186] Unrolling loop 'VITIS_LOOP_126_2' (vitis_library_vision_L1/include\common/xf_video_mem.hpp:126:20) in function 'process_rBRIEF<8, 1080, 1920>' completely with a factor of 36 (vitis_library_vision_L1/include\common/xf_video_mem.hpp:126:20)
INFO: [HLS 214-186] Unrolling loop 'VITIS_LOOP_126_2' (vitis_library_vision_L1/include\common/xf_video_mem.hpp:126:20) in function 'process_rBRIEF<8, 1080, 1920>' completely with a factor of 36 (vitis_library_vision_L1/include\common/xf_video_mem.hpp:126:20)
INFO: [HLS 214-186] Unrolling loop 'VITIS_LOOP_126_2' (vitis_library_vision_L1/include\common/xf_video_mem.hpp:126:20) in function 'process_rBRIEF<8, 1080, 1920>' completely with a factor of 36 (vitis_library_vision_L1/include\common/xf_video_mem.hpp:126:20)
INFO: [HLS 214-186] Unrolling loop 'VITIS_LOOP_126_2' (vitis_library_vision_L1/include\common/xf_video_mem.hpp:126:20) in function 'process_rBRIEF<8, 1080, 1920>' completely with a factor of 36 (vitis_library_vision_L1/include\common/xf_video_mem.hpp:126:20)
INFO: [HLS 214-186] Unrolling loop 'VITIS_LOOP_126_2' (vitis_library_vision_L1/include\common/xf_video_mem.hpp:126:20) in function 'process_rBRIEF<8, 1080, 1920>' completely with a factor of 36 (vitis_library_vision_L1/include\common/xf_video_mem.hpp:126:20)
INFO: [HLS 214-186] Unrolling loop 'VITIS_LOOP_126_2' (vitis_library_vision_L1/include\common/xf_video_mem.hpp:126:20) in function 'process_rBRIEF<8, 1080, 1920>' completely with a factor of 36 (vitis_library_vision_L1/include\common/xf_video_mem.hpp:126:20)
INFO: [HLS 214-186] Unrolling loop 'VITIS_LOOP_126_2' (vitis_library_vision_L1/include\common/xf_video_mem.hpp:126:20) in function 'process_rBRIEF<8, 1080, 1920>' completely with a factor of 36 (vitis_library_vision_L1/include\common/xf_video_mem.hpp:126:20)
INFO: [HLS 214-186] Unrolling loop 'VITIS_LOOP_126_2' (vitis_library_vision_L1/include\common/xf_video_mem.hpp:126:20) in function 'process_rBRIEF<8, 1080, 1920>' completely with a factor of 36 (vitis_library_vision_L1/include\common/xf_video_mem.hpp:126:20)
INFO: [HLS 214-186] Unrolling loop 'VITIS_LOOP_126_2' (vitis_library_vision_L1/include\common/xf_video_mem.hpp:126:20) in function 'process_rBRIEF<8, 1080, 1920>' completely with a factor of 36 (vitis_library_vision_L1/include\common/xf_video_mem.hpp:126:20)
INFO: [HLS 214-186] Unrolling loop 'VITIS_LOOP_126_2' (vitis_library_vision_L1/include\common/xf_video_mem.hpp:126:20) in function 'process_rBRIEF<8, 1080, 1920>' completely with a factor of 36 (vitis_library_vision_L1/include\common/xf_video_mem.hpp:126:20)
INFO: [HLS 214-186] Unrolling loop 'VITIS_LOOP_465_10' (vitis_library_vision_L1/include\imgproc/xf_resize_nn_bilinear.hpp:465:36) in function 'resizeNNBilinear<0, 1080, 1920, 1, 1080, 1920, 1, 8>' completely with a factor of 4 (vitis_library_vision_L1/include\imgproc/xf_resize_nn_bilinear.hpp:465:36)
INFO: [HLS 214-186] Unrolling loop 'VITIS_LOOP_478_11' (vitis_library_vision_L1/include\imgproc/xf_resize_nn_bilinear.hpp:478:40) in function 'resizeNNBilinear<0, 1080, 1920, 1, 1080, 1920, 1, 8>' completely with a factor of 4 (vitis_library_vision_L1/include\imgproc/xf_resize_nn_bilinear.hpp:478:40)
INFO: [HLS 214-186] Unrolling loop 'VITIS_LOOP_444_8' (vitis_library_vision_L1/include\imgproc/xf_resize_nn_bilinear.hpp:444:35) in function 'resizeNNBilinear<0, 1080, 1920, 1, 1080, 1920, 1, 8>' completely with a factor of 4 (vitis_library_vision_L1/include\imgproc/xf_resize_nn_bilinear.hpp:444:35)
INFO: [HLS 214-186] Unrolling loop 'VITIS_LOOP_457_9' (vitis_library_vision_L1/include\imgproc/xf_resize_nn_bilinear.hpp:457:39) in function 'resizeNNBilinear<0, 1080, 1920, 1, 1080, 1920, 1, 8>' completely with a factor of 4 (vitis_library_vision_L1/include\imgproc/xf_resize_nn_bilinear.hpp:457:39)
INFO: [HLS 214-186] Unrolling loop 'VITIS_LOOP_423_6' (vitis_library_vision_L1/include\imgproc/xf_resize_nn_bilinear.hpp:423:35) in function 'resizeNNBilinear<0, 1080, 1920, 1, 1080, 1920, 1, 8>' completely with a factor of 4 (vitis_library_vision_L1/include\imgproc/xf_resize_nn_bilinear.hpp:423:35)
INFO: [HLS 214-186] Unrolling loop 'VITIS_LOOP_436_7' (vitis_library_vision_L1/include\imgproc/xf_resize_nn_bilinear.hpp:436:39) in function 'resizeNNBilinear<0, 1080, 1920, 1, 1080, 1920, 1, 8>' completely with a factor of 4 (vitis_library_vision_L1/include\imgproc/xf_resize_nn_bilinear.hpp:436:39)
INFO: [HLS 214-186] Unrolling loop 'VITIS_LOOP_491_12' (vitis_library_vision_L1/include\imgproc/xf_resize_nn_bilinear.hpp:491:44) in function 'resizeNNBilinear<0, 1080, 1920, 1, 1080, 1920, 1, 8>' completely with a factor of 8 (vitis_library_vision_L1/include\imgproc/xf_resize_nn_bilinear.hpp:491:44)
INFO: [HLS 214-186] Unrolling loop 'VITIS_LOOP_99_1' (vitis_library_vision_L1/include\imgproc/xf_resize_nn_bilinear.hpp:99:19) in function 'resizeNNBilinear<0, 1080, 1920, 1, 1080, 1920, 1, 8>' completely with a factor of 8 (vitis_library_vision_L1/include\imgproc/xf_resize_nn_bilinear.hpp:99:19)
INFO: [HLS 214-186] Unrolling loop 'VITIS_LOOP_103_2' (vitis_library_vision_L1/include\imgproc/xf_resize_nn_bilinear.hpp:103:20) in function 'resizeNNBilinear<0, 1080, 1920, 1, 1080, 1920, 1, 8>' completely with a factor of 1 (vitis_library_vision_L1/include\imgproc/xf_resize_nn_bilinear.hpp:103:20)
INFO: [HLS 214-186] Unrolling loop 'VITIS_LOOP_103_2' (vitis_library_vision_L1/include\imgproc/xf_resize_nn_bilinear.hpp:103:20) in function 'resizeNNBilinear<0, 1080, 1920, 1, 1080, 1920, 1, 8>' completely with a factor of 1 (vitis_library_vision_L1/include\imgproc/xf_resize_nn_bilinear.hpp:103:20)
INFO: [HLS 214-186] Unrolling loop 'VITIS_LOOP_103_2' (vitis_library_vision_L1/include\imgproc/xf_resize_nn_bilinear.hpp:103:20) in function 'resizeNNBilinear<0, 1080, 1920, 1, 1080, 1920, 1, 8>' completely with a factor of 1 (vitis_library_vision_L1/include\imgproc/xf_resize_nn_bilinear.hpp:103:20)
INFO: [HLS 214-186] Unrolling loop 'VITIS_LOOP_103_2' (vitis_library_vision_L1/include\imgproc/xf_resize_nn_bilinear.hpp:103:20) in function 'resizeNNBilinear<0, 1080, 1920, 1, 1080, 1920, 1, 8>' completely with a factor of 1 (vitis_library_vision_L1/include\imgproc/xf_resize_nn_bilinear.hpp:103:20)
INFO: [HLS 214-186] Unrolling loop 'VITIS_LOOP_103_2' (vitis_library_vision_L1/include\imgproc/xf_resize_nn_bilinear.hpp:103:20) in function 'resizeNNBilinear<0, 1080, 1920, 1, 1080, 1920, 1, 8>' completely with a factor of 1 (vitis_library_vision_L1/include\imgproc/xf_resize_nn_bilinear.hpp:103:20)
INFO: [HLS 214-186] Unrolling loop 'VITIS_LOOP_103_2' (vitis_library_vision_L1/include\imgproc/xf_resize_nn_bilinear.hpp:103:20) in function 'resizeNNBilinear<0, 1080, 1920, 1, 1080, 1920, 1, 8>' completely with a factor of 1 (vitis_library_vision_L1/include\imgproc/xf_resize_nn_bilinear.hpp:103:20)
INFO: [HLS 214-186] Unrolling loop 'VITIS_LOOP_103_2' (vitis_library_vision_L1/include\imgproc/xf_resize_nn_bilinear.hpp:103:20) in function 'resizeNNBilinear<0, 1080, 1920, 1, 1080, 1920, 1, 8>' completely with a factor of 1 (vitis_library_vision_L1/include\imgproc/xf_resize_nn_bilinear.hpp:103:20)
INFO: [HLS 214-186] Unrolling loop 'VITIS_LOOP_103_2' (vitis_library_vision_L1/include\imgproc/xf_resize_nn_bilinear.hpp:103:20) in function 'resizeNNBilinear<0, 1080, 1920, 1, 1080, 1920, 1, 8>' completely with a factor of 1 (vitis_library_vision_L1/include\imgproc/xf_resize_nn_bilinear.hpp:103:20)
INFO: [HLS 214-186] Unrolling loop 'VITIS_LOOP_115_3' (vitis_library_vision_L1/include\imgproc/xf_resize_nn_bilinear.hpp:115:23) in function 'resizeNNBilinear<0, 1080, 1920, 1, 1080, 1920, 1, 8>' completely with a factor of 1 (vitis_library_vision_L1/include\imgproc/xf_resize_nn_bilinear.hpp:115:23)
INFO: [HLS 214-186] Unrolling loop 'VITIS_LOOP_120_4' (vitis_library_vision_L1/include\imgproc/xf_resize_nn_bilinear.hpp:120:20) in function 'resizeNNBilinear<0, 1080, 1920, 1, 1080, 1920, 1, 8>' completely with a factor of 1 (vitis_library_vision_L1/include\imgproc/xf_resize_nn_bilinear.hpp:120:20)
INFO: [HLS 214-186] Unrolling loop 'VITIS_LOOP_132_5' (vitis_library_vision_L1/include\imgproc/xf_resize_nn_bilinear.hpp:132:20) in function 'resizeNNBilinear<0, 1080, 1920, 1, 1080, 1920, 1, 8>' completely with a factor of 8 (vitis_library_vision_L1/include\imgproc/xf_resize_nn_bilinear.hpp:132:20)
INFO: [HLS 214-186] Unrolling loop 'VITIS_LOOP_148_6' (vitis_library_vision_L1/include\imgproc/xf_resize_nn_bilinear.hpp:148:23) in function 'resizeNNBilinear<0, 1080, 1920, 1, 1080, 1920, 1, 8>' completely with a factor of 1 (vitis_library_vision_L1/include\imgproc/xf_resize_nn_bilinear.hpp:148:23)
INFO: [HLS 214-178] Inlining function 'xf::cv::Mat<0, 1080, 1920, 1, 2>::write(int, ap_uint<8>)' into 'void process_stream2xfMat<8, 0, 1080, 1920, 1>(hls::stream<ap_uint<8>, 0>&, xf::cv::Mat<0, 1080, 1920, 1, 2>&)' (src/ORB.cpp:73:0)
INFO: [HLS 214-178] Inlining function 'ap_fixed_base<42, 20, true, (ap_q_mode)5, (ap_o_mode)3, 0>::ap_fixed_base(double)' into 'void scaleCompute<17, 42, 20, 48, 16, 1>(int, ap_ufixed<48, 16, (ap_q_mode)5, (ap_o_mode)3, 0>, ap_fixed<42, 20, (ap_q_mode)5, (ap_o_mode)3, 0>&)' (vitis_library_vision_L1/include\imgproc/xf_resize_nn_bilinear.hpp:186:0)
INFO: [HLS 214-178] Inlining function 'xf::cv::Mat<0, 1080, 1920, 1, 2>::read(int)' into 'void resizeNNBilinear<0, 1080, 1920, 1, 1080, 1920, 1, 8>(xf::cv::Mat<0, 1080, 1920, 1, 2>&, xf::cv::Mat<0, 1080, 1920, 1, 2>&)' (vitis_library_vision_L1/include\imgproc/xf_resize_nn_bilinear.hpp:277:0)
INFO: [HLS 214-178] Inlining function 'void computeInterpolation<1, 42, 20, 17, 48, 16, 48, 16, 1>(int, int, int, int, ap_ufixed<48, 16, (ap_q_mode)5, (ap_o_mode)3, 0>, ap_fixed<42, 20, (ap_q_mode)5, (ap_o_mode)3, 0>*, ap_ufixed<48, 16, (ap_q_mode)5, (ap_o_mode)3, 0>, ap_uint<17>*, ap_uint<17>&, ap_uint<17>&, ap_ufixed<48, 16, (ap_q_mode)5, (ap_o_mode)3, 0>*, ap_ufixed<48, 16, (ap_q_mode)5, (ap_o_mode)3, 0>&, ap_fixed<42, 20, (ap_q_mode)5, (ap_o_mode)3, 0>, ap_fixed<42, 20, (ap_q_mode)5, (ap_o_mode)3, 0>)' into 'void resizeNNBilinear<0, 1080, 1920, 1, 1080, 1920, 1, 8>(xf::cv::Mat<0, 1080, 1920, 1, 2>&, xf::cv::Mat<0, 1080, 1920, 1, 2>&)' (vitis_library_vision_L1/include\imgproc/xf_resize_nn_bilinear.hpp:277:0)
INFO: [HLS 214-178] Inlining function 'ap_fixed_base<28, 18, false, (ap_q_mode)5, (ap_o_mode)3, 0>::ap_fixed_base(double)' into 'void resizeNNBilinear<0, 1080, 1920, 1, 1080, 1920, 1, 8>(xf::cv::Mat<0, 1080, 1920, 1, 2>&, xf::cv::Mat<0, 1080, 1920, 1, 2>&)' (vitis_library_vision_L1/include\imgproc/xf_resize_nn_bilinear.hpp:277:0)
INFO: [HLS 214-178] Inlining function 'xf::cv::Mat<0, 1080, 1920, 1, 2>::write(int, ap_uint<8>)' into 'void resizeNNBilinear<0, 1080, 1920, 1, 1080, 1920, 1, 8>(xf::cv::Mat<0, 1080, 1920, 1, 2>&, xf::cv::Mat<0, 1080, 1920, 1, 2>&)' (vitis_library_vision_L1/include\imgproc/xf_resize_nn_bilinear.hpp:277:0)
INFO: [HLS 214-178] Inlining function 'xf::cv::Mat<0, 1080, 1920, 1, 2>::read(int)' into 'void process_xfMat2stream<8, 0, 1080, 1920, 1>(xf::cv::Mat<0, 1080, 1920, 1, 2>&, hls::stream<ap_uint<8>, 0>&)' (src/ORB.cpp:83:0)
INFO: [HLS 214-178] Inlining function 'void cordic_apfixed::cordic_circ_apfixed<27, 3, 1>(ap_fixed<27, 3, (ap_q_mode)5, (ap_o_mode)3, 0>&, ap_fixed<27, 3, (ap_q_mode)5, (ap_o_mode)3, 0>&, ap_fixed<27, 3, (ap_q_mode)5, (ap_o_mode)3, 0>&)' into 'ap_fixed<20, 3, (ap_q_mode)5, (ap_o_mode)3, 0> cordic_apfixed::generic_atan2<20, 20>(ap_fixed<20, 20, (ap_q_mode)5, (ap_o_mode)3, 0>, ap_fixed<20, 20, (ap_q_mode)5, (ap_o_mode)3, 0>)' (C:/Xilinx/Vitis_HLS/2020.2/common/technology/autopilot/hls_cordic_apfixed.h:594:0)
INFO: [HLS 214-178] Inlining function 'ap_fixed<20, 3, (ap_q_mode)5, (ap_o_mode)3, 0> hls::atan2<20, 20>(ap_fixed<20, 20, (ap_q_mode)5, (ap_o_mode)3, 0>, ap_fixed<20, 20, (ap_q_mode)5, (ap_o_mode)3, 0>)' into 'IC_Angle_31(xf::cv::Window<37, 37, ap_uint<8> >&)' (src/ORB.cpp:6:0)
INFO: [HLS 214-178] Inlining function 'void cordic_apfixed::circ_range_redux<10, 3, 11>(ap_ufixed<10, 3, (ap_q_mode)5, (ap_o_mode)3, 0>, ap_uint<2>&, ap_ufixed<11, 1, (ap_q_mode)5, (ap_o_mode)3, 0>&)' into 'void cordic_apfixed::generic_sincos<10, 3>(ap_fixed<10, 3, (ap_q_mode)5, (ap_o_mode)3, 0>, ap_fixed<((10) - (3)) + (2), 2, (ap_q_mode)5, (ap_o_mode)3, 0>&, ap_fixed<((10) - (3)) + (2), 2, (ap_q_mode)5, (ap_o_mode)3, 0>&) (.138)' (C:/Xilinx/Vitis_HLS/2020.2/common/technology/autopilot/hls_cordic_apfixed.h:228:0)
INFO: [HLS 214-178] Inlining function 'void cordic_apfixed::cordic_circ_apfixed<12, 3, 0>(ap_fixed<12, 3, (ap_q_mode)5, (ap_o_mode)3, 0>&, ap_fixed<12, 3, (ap_q_mode)5, (ap_o_mode)3, 0>&, ap_fixed<12, 3, (ap_q_mode)5, (ap_o_mode)3, 0>&)' into 'void cordic_apfixed::generic_sincos<10, 3>(ap_fixed<10, 3, (ap_q_mode)5, (ap_o_mode)3, 0>, ap_fixed<((10) - (3)) + (2), 2, (ap_q_mode)5, (ap_o_mode)3, 0>&, ap_fixed<((10) - (3)) + (2), 2, (ap_q_mode)5, (ap_o_mode)3, 0>&) (.138)' (C:/Xilinx/Vitis_HLS/2020.2/common/technology/autopilot/hls_cordic_apfixed.h:228:0)
INFO: [HLS 214-178] Inlining function 'ap_fixed_base<1, 0, false, (ap_q_mode)5, (ap_o_mode)3, 0>::ap_fixed_base(double)' into 'ap_fixed<16, 9, (ap_q_mode)5, (ap_o_mode)3, 0> round_fixed<16, 9>(ap_fixed<16, 9, (ap_q_mode)5, (ap_o_mode)3, 0>) (.188.194.200)' (C:/Xilinx/Vitis_HLS/2020.2/common/technology/autopilot/hls_round_copysign_apfixed.h:202:0)
INFO: [HLS 214-178] Inlining function 'ap_fixed<16, 9, (ap_q_mode)5, (ap_o_mode)3, 0> fabs_fixed<16, 9>(ap_fixed<16, 9, (ap_q_mode)5, (ap_o_mode)3, 0>)' into 'ap_fixed<16, 9, (ap_q_mode)5, (ap_o_mode)3, 0> round_fixed<16, 9>(ap_fixed<16, 9, (ap_q_mode)5, (ap_o_mode)3, 0>) (.188.194.200)' (C:/Xilinx/Vitis_HLS/2020.2/common/technology/autopilot/hls_round_copysign_apfixed.h:202:0)
INFO: [HLS 214-178] Inlining function 'ap_fixed<((10) - (3)) + (2), 2, (ap_q_mode)5, (ap_o_mode)3, 0> hls::cos<10, 3>(ap_fixed<10, 3, (ap_q_mode)5, (ap_o_mode)3, 0>)' into 'descriptor(xf::cv::Window<37, 37, ap_uint<8> >&, ap_fixed<10, 3, (ap_q_mode)5, (ap_o_mode)3, 0>)' (src/ORB.cpp:32:0)
INFO: [HLS 214-178] Inlining function 'ap_fixed<((10) - (3)) + (2), 2, (ap_q_mode)5, (ap_o_mode)3, 0> hls::sin<10, 3>(ap_fixed<10, 3, (ap_q_mode)5, (ap_o_mode)3, 0>)' into 'descriptor(xf::cv::Window<37, 37, ap_uint<8> >&, ap_fixed<10, 3, (ap_q_mode)5, (ap_o_mode)3, 0>)' (src/ORB.cpp:32:0)
INFO: [HLS 214-178] Inlining function 'ap_fixed<16, 9, (ap_q_mode)5, (ap_o_mode)3, 0> hls::round<16, 9>(ap_fixed<16, 9, (ap_q_mode)5, (ap_o_mode)3, 0>)' into 'descriptor(xf::cv::Window<37, 37, ap_uint<8> >&, ap_fixed<10, 3, (ap_q_mode)5, (ap_o_mode)3, 0>)' (src/ORB.cpp:32:0)
INFO: [HLS 214-178] Inlining function 'IC_Angle_31(xf::cv::Window<37, 37, ap_uint<8> >&)' into 'void process_rBRIEF<8, 1080, 1920>(hls::stream<ap_uint<8>, 0>&, hls::stream<ap_uint<8>, 0>&, hls::stream<ap_uint<8>, 0>&, hls::stream<tagDescOut, 0>&, int, int)' (src/ORB.cpp:198:0)
INFO: [HLS 214-131] Inlining function '_llvm.fpga.pack.none.i8.s_struct.ap_uints' into 'void process_input<8, 0, 1080, 1920, 1>(hls::stream<hls::axis<ap_uint<8>, 1ul, 1ul, 1ul>, 0>&, hls::stream<ap_uint<8>, 0>&, int, int) (.1)' (C:/Xilinx/Vitis_HLS/2020.2/common/technology/autopilot/hls_stream_39.h:174:9)
INFO: [HLS 214-131] Inlining function '_llvm.fpga.pack.none.i8.s_struct.ap_uints' into 'void resizeNNBilinear<0, 1080, 1920, 1, 1080, 1920, 1, 8>(xf::cv::Mat<0, 1080, 1920, 1, 2>&, xf::cv::Mat<0, 1080, 1920, 1, 2>&) (.1)' (C:/Xilinx/Vitis_HLS/2020.2/common/technology/autopilot/hls_stream_39.h:174:9)
INFO: [HLS 214-131] Inlining function '_llvm.fpga.pack.none.i8.s_struct.ap_uints' into 'void process_blur<8, 0, 1080, 1920, 1>(hls::stream<ap_uint<8>, 0>&, hls::stream<ap_uint<8>, 0>&, hls::stream<ap_uint<8>, 0>&, int, int) (.1)' (C:/Xilinx/Vitis_HLS/2020.2/common/technology/autopilot/hls_stream_39.h:174:9)
INFO: [HLS 214-131] Inlining function '_llvm.fpga.pack.none.i8.s_struct.ap_uints' into 'void process_fast<8, 1080, 1920, 1>(hls::stream<ap_uint<8>, 0>&, hls::stream<ap_uint<8>, 0>&, hls::stream<ap_uint<8>, 0>&, hls::stream<ap_uint<8>, 0>&, hls::stream<ap_uint<8>, 0>&, int, int, unsigned char) (.1)'
INFO: [HLS 214-131] Inlining function '_llvm.fpga.pack.none.i8.s_struct.ap_uints' into 'void process_nms<8, 1080, 1920, 1>(hls::stream<ap_uint<8>, 0>&, hls::stream<ap_uint<8>, 0>&, hls::stream<ap_uint<8>, 0>&, hls::stream<ap_uint<8>, 0>&, hls::stream<ap_uint<8>, 0>&, hls::stream<ap_uint<8>, 0>&, int, int) (.1)'
INFO: [HLS 214-131] Inlining function '_llvm.fpga.pack.none.i27.s_struct.ap_fixed.65s' into 'ap_fixed<20, 3, (ap_q_mode)5, (ap_o_mode)3, 0> cordic_apfixed::generic_atan2<20, 20>(ap_fixed<20, 20, (ap_q_mode)5, (ap_o_mode)3, 0>, ap_fixed<20, 20, (ap_q_mode)5, (ap_o_mode)3, 0>)'
INFO: [HLS 214-131] Inlining function '_llvm.fpga.pack.none.i27.s_struct.ap_fixed.65s' into 'ap_fixed<20, 3, (ap_q_mode)5, (ap_o_mode)3, 0> cordic_apfixed::generic_atan2<20, 20>(ap_fixed<20, 20, (ap_q_mode)5, (ap_o_mode)3, 0>, ap_fixed<20, 20, (ap_q_mode)5, (ap_o_mode)3, 0>)'
INFO: [HLS 214-131] Inlining function '_llvm.fpga.pack.none.i27.s_struct.ap_fixed.65s' into 'ap_fixed<20, 3, (ap_q_mode)5, (ap_o_mode)3, 0> cordic_apfixed::generic_atan2<20, 20>(ap_fixed<20, 20, (ap_q_mode)5, (ap_o_mode)3, 0>, ap_fixed<20, 20, (ap_q_mode)5, (ap_o_mode)3, 0>)'
INFO: [HLS 214-131] Inlining function '_llvm.fpga.pack.none.i27.s_struct.ap_fixed.65s' into 'ap_fixed<20, 3, (ap_q_mode)5, (ap_o_mode)3, 0> cordic_apfixed::generic_atan2<20, 20>(ap_fixed<20, 20, (ap_q_mode)5, (ap_o_mode)3, 0>, ap_fixed<20, 20, (ap_q_mode)5, (ap_o_mode)3, 0>)'
INFO: [HLS 214-131] Inlining function '_llvm.fpga.pack.none.i27.s_struct.ap_fixed.65s' into 'ap_fixed<20, 3, (ap_q_mode)5, (ap_o_mode)3, 0> cordic_apfixed::generic_atan2<20, 20>(ap_fixed<20, 20, (ap_q_mode)5, (ap_o_mode)3, 0>, ap_fixed<20, 20, (ap_q_mode)5, (ap_o_mode)3, 0>)'
INFO: [HLS 214-131] Inlining function '_llvm.fpga.pack.none.i27.s_struct.ap_fixed.65s' into 'ap_fixed<20, 3, (ap_q_mode)5, (ap_o_mode)3, 0> cordic_apfixed::generic_atan2<20, 20>(ap_fixed<20, 20, (ap_q_mode)5, (ap_o_mode)3, 0>, ap_fixed<20, 20, (ap_q_mode)5, (ap_o_mode)3, 0>)'
INFO: [HLS 214-131] Inlining function '_llvm.fpga.pack.none.i10.s_struct.ap_fixeds' into 'void cordic_apfixed::generic_sincos<10, 3>(ap_fixed<10, 3, (ap_q_mode)5, (ap_o_mode)3, 0>, ap_fixed<((10) - (3)) + (2), 2, (ap_q_mode)5, (ap_o_mode)3, 0>&, ap_fixed<((10) - (3)) + (2), 2, (ap_q_mode)5, (ap_o_mode)3, 0>&) (.138)'
INFO: [HLS 214-131] Inlining function '_llvm.fpga.pack.none.i12.s_struct.ap_fixed.83s' into 'void cordic_apfixed::generic_sincos<10, 3>(ap_fixed<10, 3, (ap_q_mode)5, (ap_o_mode)3, 0>, ap_fixed<((10) - (3)) + (2), 2, (ap_q_mode)5, (ap_o_mode)3, 0>&, ap_fixed<((10) - (3)) + (2), 2, (ap_q_mode)5, (ap_o_mode)3, 0>&) (.138)'
INFO: [HLS 214-131] Inlining function '_llvm.fpga.pack.none.i12.s_struct.ap_fixed.83s' into 'void cordic_apfixed::generic_sincos<10, 3>(ap_fixed<10, 3, (ap_q_mode)5, (ap_o_mode)3, 0>, ap_fixed<((10) - (3)) + (2), 2, (ap_q_mode)5, (ap_o_mode)3, 0>&, ap_fixed<((10) - (3)) + (2), 2, (ap_q_mode)5, (ap_o_mode)3, 0>&) (.138)'
INFO: [HLS 214-131] Inlining function '_llvm.fpga.pack.none.i12.s_struct.ap_fixed.83s' into 'void cordic_apfixed::generic_sincos<10, 3>(ap_fixed<10, 3, (ap_q_mode)5, (ap_o_mode)3, 0>, ap_fixed<((10) - (3)) + (2), 2, (ap_q_mode)5, (ap_o_mode)3, 0>&, ap_fixed<((10) - (3)) + (2), 2, (ap_q_mode)5, (ap_o_mode)3, 0>&) (.138)'
INFO: [HLS 214-131] Inlining function '_llvm.fpga.pack.none.i12.s_struct.ap_fixed.83s' into 'void cordic_apfixed::generic_sincos<10, 3>(ap_fixed<10, 3, (ap_q_mode)5, (ap_o_mode)3, 0>, ap_fixed<((10) - (3)) + (2), 2, (ap_q_mode)5, (ap_o_mode)3, 0>&, ap_fixed<((10) - (3)) + (2), 2, (ap_q_mode)5, (ap_o_mode)3, 0>&) (.138)'
INFO: [HLS 214-131] Inlining function '_llvm.fpga.pack.none.i12.s_struct.ap_fixed.83s' into 'void cordic_apfixed::generic_sincos<10, 3>(ap_fixed<10, 3, (ap_q_mode)5, (ap_o_mode)3, 0>, ap_fixed<((10) - (3)) + (2), 2, (ap_q_mode)5, (ap_o_mode)3, 0>&, ap_fixed<((10) - (3)) + (2), 2, (ap_q_mode)5, (ap_o_mode)3, 0>&) (.138)'
INFO: [HLS 214-131] Inlining function '_llvm.fpga.pack.none.i12.s_struct.ap_fixed.83s' into 'void cordic_apfixed::generic_sincos<10, 3>(ap_fixed<10, 3, (ap_q_mode)5, (ap_o_mode)3, 0>, ap_fixed<((10) - (3)) + (2), 2, (ap_q_mode)5, (ap_o_mode)3, 0>&, ap_fixed<((10) - (3)) + (2), 2, (ap_q_mode)5, (ap_o_mode)3, 0>&) (.138)'
INFO: [HLS 214-131] Inlining function '_llvm.fpga.pack.none.i10.s_struct.ap_fixeds' into 'void cordic_apfixed::generic_sincos<10, 3>(ap_fixed<10, 3, (ap_q_mode)5, (ap_o_mode)3, 0>, ap_fixed<((10) - (3)) + (2), 2, (ap_q_mode)5, (ap_o_mode)3, 0>&, ap_fixed<((10) - (3)) + (2), 2, (ap_q_mode)5, (ap_o_mode)3, 0>&) (.138)'
INFO: [HLS 214-131] Inlining function '_llvm.fpga.pack.none.i512.s_struct.tagDescOuts' into 'void process_rBRIEF<8, 1080, 1920>(hls::stream<ap_uint<8>, 0>&, hls::stream<ap_uint<8>, 0>&, hls::stream<ap_uint<8>, 0>&, hls::stream<tagDescOut, 0>&, int, int) (.1)' (C:/Xilinx/Vitis_HLS/2020.2/common/technology/autopilot/hls_stream_39.h:174:9)
INFO: [HLS 214-131] Inlining function '_llvm.fpga.pack.none.i512.s_struct.tagDescOuts' into 'void process_rBRIEF<8, 1080, 1920>(hls::stream<ap_uint<8>, 0>&, hls::stream<ap_uint<8>, 0>&, hls::stream<ap_uint<8>, 0>&, hls::stream<tagDescOut, 0>&, int, int) (.1)' (C:/Xilinx/Vitis_HLS/2020.2/common/technology/autopilot/hls_stream_39.h:174:9)
INFO-FLOW: DBG:CMD: copy_raw_kernel_xml ap_link_39: kernel.xml not generated: C:/Users/lxl/Documents/vitis_hls_ws/Project/Project/hls_project/solution1/.autopilot/db/kernel.internal.xml
INFO: [HLS 200-111] Finished Compiling Optimization and Transform: CPU user time: 27 seconds. CPU system time: 0 seconds. Elapsed time: 120.963 seconds; current allocated memory: 276.712 MB.
INFO: [HLS 200-111] Finished Checking Pragmas: CPU user time: 0 seconds. CPU system time: 0 seconds. Elapsed time: 0.059 seconds; current allocated memory: 276.713 MB.
Execute         opt_and_import_c a -opt_level=2 -skip_syncheck=0 -ng=0 -keep_printf=0 
Execute           cleanup_all_models 
INFO: [HLS 200-10] Starting code transformations ...
INFO-FLOW: Running Standard Transforms...
Execute           transform -hls -share-std-xform -demangle-name -inline-byval-memcpy -always-inline -promote-dbg-pointer -interface-preproc -mem2reg -scalarrepl -mem2reg -keep-read-access -instcombine -dce -promote-dbg-pointer -bitop-raise -loop-simplify -indvarspre -indvars -loop-simplify -xunroll -constprop -instcombine -simplifycfg -indvars -simplifycfg -dce -globaldce -basicaa -simplifycfg -mem2reg -globalopt -global-constprop -deadargelim -instcombine -simplifycfg -scalarrepl -instcombine -reassociate -licm -simplifycfg -loop-simplify -indvars -instcombine -simplifycfg -mem2reg -loop-simplify -indvars -instcombine -gvn -gvn -instcombine -adce -break-crit-edges -simplifycfg -loop-delete -global-array-opt -dce -dse -adce -find-syn-modules -top ORB_accel -deadargelim -mem2reg -instcombine -dce -presyn-prepare -auto-rom-infer -interface-preproc -syn-check -check-rec-only -find-region -simplifycfg -func-extr -function-inline -globaldce -mem2reg -instcombine -dce -gvn -globaldce -adce -adse -constprop -instcombine -bit-constprop -instcombine -dce -simplifycfg -bitop-raise -simplifycfg -dce -loop-delete -reassociate -globalopt -global-privatize -mem2reg -dce -global-constprop -pointer-simplify -constprop -dce -func-inst -deadargelim -auto-shift-reg-idiom -promote-dbg-pointer -norm-name C:/Users/lxl/Documents/vitis_hls_ws/Project/Project/hls_project/solution1/.autopilot/db/a.g.0.bc -o C:/Users/lxl/Documents/vitis_hls_ws/Project/Project/hls_project/solution1/.autopilot/db/a.g.1.bc -f -phase std-opt 
Command           transform done; 6.21 sec.
INFO: [HLS 200-111] Finished Standard Transforms: CPU user time: 5 seconds. CPU system time: 0 seconds. Elapsed time: 6.321 seconds; current allocated memory: 332.397 MB.
INFO: [HLS 200-10] Checking synthesizability ...
INFO-FLOW: Checking Synthesizability 1/2..
Execute           transform -hls -syn-check -check-rec-only -disaggr -scalarrepl -norm-name -dce -mem2reg -instcombine -function-uniquify -directive-preproc -mem2reg -dse -dce -auto-rom-infer -dce -pag -array-normalize -instcombine -dce -array-seg-normalize -instcombine -dce -data-pack -instcombine -dce -inst-simplify -array-flatten -instcombine -dce -array-burst -dce -deadargelim -promote-global-argument -simplifycfg -mem2reg -globaldce -dce -deadargelim -dce -instcombine -function-inline -globaldce -dce -doublePtrSimplify -doublePtrElim -dce -doublePtrSimplify -promote-dbg-pointer -dce -scalarrepl -dse -adse -instcombine -ptrLegalization -simplifycfg -dce -instcombine -pointer-simplify -ptrArgReplace -dce -instcombine -resolve-double-ptr -disaggr -scalarrepl -norm-name -dce -mem2reg -instcombine -ptrLegalization -simplifycfg -deadargelim -instcombine -dce -inst-simplify -function-uniquify -directive-preproc -mem2reg -dse -dce -globaldce -check-dspbuiltin C:/Users/lxl/Documents/vitis_hls_ws/Project/Project/hls_project/solution1/.autopilot/db/a.g.1.bc -o C:/Users/lxl/Documents/vitis_hls_ws/Project/Project/hls_project/solution1/.autopilot/db/a.g.2.prechk.bc -f 
Command           transform done; 4.496 sec.
INFO-FLOW: Checking Synthesizability 2/2..
Execute           transform -syn-check C:/Users/lxl/Documents/vitis_hls_ws/Project/Project/hls_project/solution1/.autopilot/db/a.g.2.prechk.bc -o C:/Users/lxl/Documents/vitis_hls_ws/Project/Project/hls_project/solution1/.autopilot/db/a.g.2.bc -f -phase syn-check 
WARNING: [SYNCHK 200-23] C:/Xilinx/Vitis_HLS/2020.2/common/technology/autopilot\ap_int_base.h:669: variable-indexed range selection may cause suboptimal QoR.
INFO: [SYNCHK 200-10] 0 error(s), 1 warning(s).
Command           transform done; 0.34 sec.
INFO: [HLS 200-111] Finished Checking Synthesizability: CPU user time: 4 seconds. CPU system time: 0 seconds. Elapsed time: 4.947 seconds; current allocated memory: 400.045 MB.
INFO-FLOW: Compiler optimizing ...
INFO-FLOW: Share syncheck's 1.bc for syn flow: copy C:/Users/lxl/Documents/vitis_hls_ws/Project/Project/hls_project/solution1/.autopilot/db/a.g.1.bc to C:/Users/lxl/Documents/vitis_hls_ws/Project/Project/hls_project/solution1/.autopilot/db/a.o.1.bc
INFO-FLOW: Presyn 1...
Execute           transform -hls -tmp C:/Users/lxl/Documents/vitis_hls_ws/Project/Project/hls_project/solution1/.autopilot/db -interface-port-rename -function-uniquify -directive-preproc -mem2reg -dse -dce -disaggr -scalarrepl -norm-name -deadargelim -mem2reg -instcombine -dce -simplifycfg -auto-rom-infer -dce -function-uniquify -resource-proc -clib-intrinsic-prepare -dce -func-buffer -dce -pag -array-normalize -func-legal -instcombine -gvn -constprop -dce -simplifycfg -mem2reg -globaldce -resolve-double-ptr -dce -deadargelim -dce -instcombine -ptrArgReplace -mem2reg -dce -array-seg-normalize -deadargelim -instcombine -dce -function-uniquify -directive-preproc -mem2reg -dse -dce -pointer-simplify -dce -port-alignment -dce -interface-preproc -data-pack -instcombine -dce -basicaa -aggr-aa -aggrmodref-aa -aggr-aa -gvn -gvn -basicaa -aggr-aa -aggrmodref-aa -aggr-aa -dse -adse -adce -loop-simplify -indvars -instcombine -gvn -loop-simplify -mem2reg -dce -find-region -instcombine -auto-loop-pipeline -inst-simplify -interface-preproc -cfgopt -instcombine -indvars -auto-loop-unroll -loop-simplify -loop-bound -xunroll -constprop -instcombine -simplifycfg -indvars -simplifycfg -dce -globaldce -clean-region -attach-range -gvn -inst-simplify -constprop -simplifycfg -dce -pointer-simplify -dce -globalopt -constprop -dce -array-promote -constprop -dce -ptrArgReplace -mem2reg -simplifycfg -dce -instcombine -dce -array-transform-check -array-reshape -instcombine -simplifycfg -dce -ptrArgReplace -deadargelim -mem2reg -instcombine -simplifycfg -dce -indvars -loop-simplify -loop-bound -xunroll -constprop -instcombine -simplifycfg -indvars -simplifycfg -dce -globaldce -basicaa -aggr-aa -aggrmodref-aa -aggr-aa -dse -duplicate-dataflow-processes -globaldce -instcombine -array-partition -instcombine -simplifycfg -dce -ptrArgReplace -global-constprop -deadargelim -mem2reg -func-legal -dce -global-constprop -deadargelim -mem2reg -simplifycfg -dce -merge-param -deadargelim -globalopt -constprop -dce -array-promote -constprop -dce -ptrArgReplace -mem2reg -simplifycfg -dce -mem-intrinsic-preproc -dce -global-internalize -global-privatize -mem2reg -globaldce -promote-global-argument -ptrArgReplace -mem2reg -dce -globalopt -mergereturn -simplify-global-access -mem2reg -dce -pointer-simplify -dce -functionattrs -basicaa -aggr-aa -aggrmodref-aa -aggr-aa -gvn -gvn -basicaa -aggr-aa -aggrmodref-aa -aggr-aa -dse -adse -adce -dce -norm-name -basicaa -aggr-aa -aggrmodref-aa -aggr-aa -accesses-merge -function-inline -complex-op-raise -inst-simplify -globaldce -func-inst -constprop -instcombine -simplifycfg -dce -func-legal -dce -loop-bound -arraycheck -bitwidthmin2 -bitwidthmin2 -on-by-dataflow -loop-delete -instcombine -simplifycfg -globaldce -dce -gvn -deadargelim -dce -loop-simplify -clean-region -simplifycfg -propagate-stable-arguments -loop-stream -instcombine -simplifycfg -dce -globaldce -duplicate-dataflow-processes -stream-intrinsic-preproc -dce -check-ap-stream -loop-simplify -eliminate-keepreads -extract-dataflow-in-loop -loop-simplify -dce -gvn -deadargelim -dse -check-dataflow-syntax -legalize-stream-variable -legalize-global -extract-subproc -dce -dead-channel-elimination -canonicalize-gep -globaldce -dce -gvn -hls-dead-arg-elim -deadargelim -directive-preproc -annotate-dataflow-channels -scalar-propagation -deadargelim -globaldce -mem2reg -check-dataflow-channels -function-stream -dce -globaldce -prop-fifo-spec -internal-stream-gen -canonicalize-gep -globaldce -dce -gvn -deadargelim -mergereturn -indvars -loop-simplify -instcombine -array-stream -array-seg-normalize -array-partition -func-legal -instcombine -simplifycfg -dce -bundle-memfifo-ops -deadargelim -function-uniquify -directive-preproc -mem2reg -dse -dce -group-axi-access -licm -simplifycfg -dce -loop-delete -norm-name C:/Users/lxl/Documents/vitis_hls_ws/Project/Project/hls_project/solution1/.autopilot/db/a.o.1.bc -o C:/Users/lxl/Documents/vitis_hls_ws/Project/Project/hls_project/solution1/.autopilot/db/a.o.1.tmp.bc -f 
INFO: [XFORM 203-510] Pipelining loop 'loop_descriptor' (src/ORB.cpp:41) in function 'descriptor' automatically.
INFO: [XFORM 203-510] Pipelining loop 'loop_init_window_col' (vitis_library_vision_L1/include\common/xf_video_mem.hpp:57) in function 'process_blur<8, 0, 1080, 1920, 1>' automatically.
INFO: [XFORM 203-510] Pipelining loop 'VITIS_LOOP_141_1' (src/ORB.cpp:141) in function 'process_blur<8, 0, 1080, 1920, 1>' automatically.
INFO: [XFORM 203-510] Pipelining loop 'loop_blur' (src/ORB.cpp:147) in function 'process_blur<8, 0, 1080, 1920, 1>' automatically.
INFO: [XFORM 203-510] Pipelining loop 'loop_buffer_col' (src/fast.hpp:66) in function 'process_fast<8, 1080, 1920, 1>' automatically.
INFO: [XFORM 203-510] Pipelining loop 'VITIS_LOOP_152_4' (src/fast.hpp:152) in function 'process_fast<8, 1080, 1920, 1>' automatically.
INFO: [XFORM 203-510] Pipelining loop 'VITIS_LOOP_64_1' (src/ORB.cpp:64) in function 'process_input<8, 0, 1080, 1920, 1>' automatically.
INFO: [XFORM 203-510] Pipelining loop 'loop_buffer_col' (src/fast.hpp:172) in function 'process_nms<8, 1080, 1920, 1>' automatically.
INFO: [XFORM 203-510] Pipelining loop 'VITIS_LOOP_212_2' (src/fast.hpp:212) in function 'process_nms<8, 1080, 1920, 1>' automatically.
INFO: [XFORM 203-510] Pipelining loop 'VITIS_LOOP_259_1' (C:/Xilinx/Vitis_HLS/2020.2/common/technology/autopilot/hls_stream_39.h:0) in function 'process_output<8, 0, 1080, 1920, 1>' automatically.
INFO: [XFORM 203-510] Pipelining loop 'VITIS_LOOP_18_3' (src/ORB.cpp:7) in function 'process_rBRIEF<8, 1080, 1920>' automatically.
INFO: [XFORM 203-510] Pipelining loop 'VITIS_LOOP_228_1' (vitis_library_vision_L1/include\common/xf_video_mem.hpp:771) in function 'process_rBRIEF<8, 1080, 1920>' automatically.
INFO: [XFORM 203-510] Pipelining loop 'VITIS_LOOP_12_1' (src/ORB.cpp:7) in function 'process_rBRIEF<8, 1080, 1920>' automatically.
INFO: [XFORM 203-510] Pipelining loop 'VITIS_LOOP_74_1' (src/ORB.cpp:74) in function 'process_stream2xfMat<8, 0, 1080, 1920, 1>' automatically.
INFO: [XFORM 203-510] Pipelining loop 'VITIS_LOOP_84_1' (src/ORB.cpp:84) in function 'process_xfMat2stream<8, 0, 1080, 1920, 1>' automatically.
INFO: [XFORM 203-510] Pipelining loop 'VITIS_LOOP_352_2' (src/ORB.cpp:350) in function 'ORB_accel' automatically.
INFO: [XFORM 203-502] Unrolling all sub-loops inside loop 'VITIS_LOOP_337_2' (vitis_library_vision_L1/include\imgproc/xf_resize_nn_bilinear.hpp:337) in function 'resizeNNBilinear<0, 1080, 1920, 1, 1080, 1920, 1, 8>' for pipelining.
INFO: [XFORM 203-502] Unrolling all sub-loops inside loop 'loop_buffer_col' (src/fast.hpp:172) in function 'process_nms<8, 1080, 1920, 1>' for pipelining.
INFO: [XFORM 203-502] Unrolling all sub-loops inside loop 'loop_buffer_col' (src/fast.hpp:66) in function 'process_fast<8, 1080, 1920, 1>' for pipelining.
INFO: [XFORM 203-502] Unrolling all sub-loops inside loop 'loop_blur' (src/ORB.cpp:147) in function 'process_blur<8, 0, 1080, 1920, 1>' for pipelining.
INFO: [XFORM 203-502] Unrolling all loops for pipelining in function 'fast_score' (src/fast.hpp:9:5).
WARNING: [XFORM 203-561] Updating loop lower bound from 1 to 2 for loop 'VITIS_LOOP_332_1' (vitis_library_vision_L1/include\imgproc/xf_resize_nn_bilinear.hpp:330:9) in function 'resizeNNBilinear<0, 1080, 1920, 1, 1080, 1920, 1, 8>'.
INFO: [HLS 200-489] Unrolling loop 'VITIS_LOOP_343_3' (vitis_library_vision_L1/include\imgproc/xf_resize_nn_bilinear.hpp:343) in function 'resizeNNBilinear<0, 1080, 1920, 1, 1080, 1920, 1, 8>' completely with a factor of 4.
INFO: [HLS 200-489] Unrolling loop 'VITIS_LOOP_187_1' (vitis_library_vision_L1/include\common/xf_video_mem.hpp:771) in function 'process_nms<8, 1080, 1920, 1>' completely with a factor of 3.
INFO: [HLS 200-489] Unrolling loop 'VITIS_LOOP_80_1' (vitis_library_vision_L1/include\common/xf_video_mem.hpp:771) in function 'process_fast<8, 1080, 1920, 1>' completely with a factor of 7.
INFO: [HLS 200-489] Unrolling loop 'VITIS_LOOP_112_2' (src/fast.hpp:112) in function 'process_fast<8, 1080, 1920, 1>' completely with a factor of 16.
INFO: [HLS 200-489] Unrolling loop 'VITIS_LOOP_132_3' (src/fast.hpp:130) in function 'process_fast<8, 1080, 1920, 1>' completely with a factor of 24.
INFO: [HLS 200-489] Unrolling loop 'VITIS_LOOP_161_2' (vitis_library_vision_L1/include\common/xf_video_mem.hpp:771) in function 'process_blur<8, 0, 1080, 1920, 1>' completely with a factor of 7.
INFO: [HLS 200-489] Unrolling loop 'VITIS_LOOP_164_3' (vitis_library_vision_L1/include\common/xf_video_mem.hpp:57) in function 'process_blur<8, 0, 1080, 1920, 1>' completely with a factor of 3.
INFO: [HLS 200-489] Unrolling loop 'VITIS_LOOP_167_4' (vitis_library_vision_L1/include\common/xf_video_mem.hpp:65) in function 'process_blur<8, 0, 1080, 1920, 1>' completely with a factor of 4.
INFO: [HLS 200-489] Unrolling loop 'VITIS_LOOP_178_5' (src/ORB.cpp:117) in function 'process_blur<8, 0, 1080, 1920, 1>' completely with a factor of 7.
INFO: [HLS 200-489] Unrolling loop 'VITIS_LOOP_179_6' (vitis_library_vision_L1/include\common/xf_video_mem.hpp:65) in function 'process_blur<8, 0, 1080, 1920, 1>' completely with a factor of 7.
INFO: [HLS 200-489] Unrolling loop 'VITIS_LOOP_16_1' (src/fast.hpp:16) in function 'fast_score' completely with a factor of 24.
INFO: [HLS 200-489] Unrolling loop 'VITIS_LOOP_21_2' (src/fast.hpp:21) in function 'fast_score' completely with a factor of 22.
INFO: [HLS 200-489] Unrolling loop 'VITIS_LOOP_26_3' (src/fast.hpp:26) in function 'fast_score' completely with a factor of 18.
INFO: [HLS 200-489] Unrolling loop 'VITIS_LOOP_33_4' (src/fast.hpp:34) in function 'fast_score' completely with a factor of 8.
INFO: [HLS 200-489] Unrolling loop 'VITIS_LOOP_40_5' (src/fast.hpp:41) in function 'fast_score' completely with a factor of 8.
INFO: [XFORM 203-102] Partitioning array 'flag_d_min2' (src/fast.hpp:9) automatically.
INFO: [XFORM 203-102] Partitioning array 'flag_d_max2' (src/fast.hpp:10) automatically.
INFO: [XFORM 203-102] Partitioning array 'flag_d_min4' (src/fast.hpp:11) automatically.
INFO: [XFORM 203-102] Partitioning array 'flag_d_max4' (src/fast.hpp:12) automatically.
INFO: [XFORM 203-102] Partitioning array 'flag_d_min8' (src/fast.hpp:13) automatically.
INFO: [XFORM 203-102] Partitioning array 'flag_d_max8' (src/fast.hpp:14) automatically.
INFO: [XFORM 203-102] Partitioning array 'flag' (src/fast.hpp:64) automatically.
INFO: [XFORM 203-102] Partitioning array 'diff' (src/fast.hpp:65) automatically.
INFO: [XFORM 203-101] Partitioning array 'scaleXParallel.V' (vitis_library_vision_L1/include\imgproc/xf_resize_nn_bilinear.hpp:318) in dimension 1 completely.
INFO: [XFORM 203-101] Partitioning array 'line_buffer.V' (vitis_library_vision_L1/include\imgproc/xf_resize_nn_bilinear.hpp:324) in dimension 1 completely.
INFO: [XFORM 203-101] Partitioning array 'indexx.V' (vitis_library_vision_L1/include\imgproc/xf_resize_nn_bilinear.hpp:359) in dimension 1 completely.
INFO: [XFORM 203-101] Partitioning array 'WeightX.V' (vitis_library_vision_L1/include\imgproc/xf_resize_nn_bilinear.hpp:365) in dimension 1 completely.
INFO: [XFORM 203-101] Partitioning array 'P0Buf.V' (vitis_library_vision_L1/include\imgproc/xf_resize_nn_bilinear.hpp:370) in dimension 1 completely.
INFO: [XFORM 203-101] Partitioning array 'P1Buf.V' (vitis_library_vision_L1/include\imgproc/xf_resize_nn_bilinear.hpp:374) in dimension 1 completely.
INFO: [XFORM 203-101] Partitioning array 'unpackX1.V' (vitis_library_vision_L1/include\imgproc/xf_resize_nn_bilinear.hpp:87) in dimension 1 completely.
INFO: [XFORM 203-101] Partitioning array 'unpackX2.V' (vitis_library_vision_L1/include\imgproc/xf_resize_nn_bilinear.hpp:91) in dimension 1 completely.
INFO: [XFORM 203-101] Partitioning array 'outputPixel.V' (vitis_library_vision_L1/include\imgproc/xf_resize_nn_bilinear.hpp:95) in dimension 1 completely.
INFO: [XFORM 203-101] Partitioning array 'unpackX1temp.V' (vitis_library_vision_L1/include\imgproc/xf_resize_nn_bilinear.hpp:124) in dimension 1 completely.
INFO: [XFORM 203-101] Partitioning array 'unpackX2temp.V' (vitis_library_vision_L1/include\imgproc/xf_resize_nn_bilinear.hpp:128) in dimension 1 completely.
WARNING: [HLS 200-914] Completely partitioning array 'img_line.val.V' (src/ORB.cpp:201) accessed through non-constant indices on dimension 1 (vitis_library_vision_L1/include\common/xf_video_mem.hpp:984:12), which may result in long runtime and suboptimal QoR due to large multiplexers. Please consider wrapping the array access into a function or using a register file core instead.
INFO: [XFORM 203-101] Partitioning array 'img_line.val.V' (src/ORB.cpp:201) in dimension 1 completely.
WARNING: [HLS 200-914] Completely partitioning array 'blur_line.val.V' (src/ORB.cpp:201) accessed through non-constant indices on dimension 1 (vitis_library_vision_L1/include\common/xf_video_mem.hpp:984:12), which may result in long runtime and suboptimal QoR due to large multiplexers. Please consider wrapping the array access into a function or using a register file core instead.
INFO: [XFORM 203-101] Partitioning array 'blur_line.val.V' (src/ORB.cpp:201) in dimension 1 completely.
WARNING: [HLS 200-914] Completely partitioning array 'img_window.val.V' (src/ORB.cpp:202) accessed through non-constant indices on dimension 1, which may result in long runtime and suboptimal QoR due to large multiplexers. Please consider wrapping the array access into a function or using a register file core instead.
INFO: [XFORM 203-101] Partitioning array 'img_window.val.V' (src/ORB.cpp:202) in dimension 1 completely.
WARNING: [HLS 200-914] Completely partitioning array 'blur_window.val.V' (src/ORB.cpp:202) accessed through non-constant indices on dimension 1 (vitis_library_vision_L1/include\common/xf_video_mem.hpp:297:5), which may result in long runtime and suboptimal QoR due to large multiplexers. Please consider wrapping the array access into a function or using a register file core instead.
INFO: [XFORM 203-101] Partitioning array 'blur_window.val.V' (src/ORB.cpp:202) in dimension 1 completely.
WARNING: [HLS 200-914] Completely partitioning array 'mask_line.val.V' (src/ORB.cpp:203) accessed through non-constant indices on dimension 1 (vitis_library_vision_L1/include\common/xf_video_mem.hpp:984:12), which may result in long runtime and suboptimal QoR due to large multiplexers. Please consider wrapping the array access into a function or using a register file core instead.
INFO: [XFORM 203-101] Partitioning array 'mask_line.val.V' (src/ORB.cpp:203) in dimension 1 completely.
WARNING: [HLS 200-914] Completely partitioning array 'mask_window.val.V' (src/ORB.cpp:204) accessed through non-constant indices on dimension 1 (vitis_library_vision_L1/include\common/xf_video_mem.hpp:297:5), which may result in long runtime and suboptimal QoR due to large multiplexers. Please consider wrapping the array access into a function or using a register file core instead.
INFO: [XFORM 203-101] Partitioning array 'mask_window.val.V' (src/ORB.cpp:204) in dimension 1 completely.
INFO: [XFORM 203-101] Partitioning array 'line_buffer.val.V' (src/fast.hpp:169) in dimension 1 completely.
INFO: [XFORM 203-101] Partitioning array 'window.val.V' (src/fast.hpp:170) in dimension 1 completely.
INFO: [XFORM 203-101] Partitioning array 'line_buffer.val.V' (src/fast.hpp:61) in dimension 1 completely.
INFO: [XFORM 203-101] Partitioning array 'window.val.V' (src/fast.hpp:62) in dimension 1 completely.
INFO: [XFORM 203-101] Partitioning array 'line_buffer.val.V' (src/ORB.cpp:114) in dimension 1 completely.
INFO: [XFORM 203-101] Partitioning array 'window_buffer.val.V' (src/ORB.cpp:115) in dimension 1 completely.
INFO: [XFORM 203-101] Partitioning array 'window.val.V' (src/ORB.cpp:115) in dimension 1 completely.
INFO: [XFORM 203-101] Partitioning array 'line_buffer.V' (vitis_library_vision_L1/include\imgproc/xf_resize_nn_bilinear.hpp:324) in dimension 2 completely.
INFO: [XFORM 203-101] Partitioning array 'img_window.val.V' (src/ORB.cpp:202) in dimension 2 completely.
INFO: [XFORM 203-101] Partitioning array 'blur_window.val.V' (src/ORB.cpp:202) in dimension 2 completely.
INFO: [XFORM 203-101] Partitioning array 'mask_window.val.V' (src/ORB.cpp:204) in dimension 2 completely.
INFO: [XFORM 203-101] Partitioning array 'window.val.V' (src/fast.hpp:170) in dimension 2 completely.
INFO: [XFORM 203-101] Partitioning array 'window.val.V' (src/fast.hpp:62) in dimension 2 completely.
INFO: [XFORM 203-101] Partitioning array 'window_buffer.val.V' (src/ORB.cpp:115) in dimension 2 completely.
INFO: [XFORM 203-101] Partitioning array 'window.val.V' (src/ORB.cpp:115) in dimension 2 completely.
INFO: [XFORM 203-712] Applying dataflow to function 'process_ORB<8, 0, 1080, 1920, 1>' (src/ORB.cpp:282), detected/extracted 11 process function(s): 
	 'process_ORB<8, 0, 1080, 1920, 1>.entry57'
	 'process_ORB<8, 0, 1080, 1920, 1>_Block_.split1_proc'
	 'process_input<8, 0, 1080, 1920, 1>'
	 'process_stream2xfMat<8, 0, 1080, 1920, 1>'
	 'process_resize<8, 0, 1080, 1920, 1>'
	 'process_xfMat2stream<8, 0, 1080, 1920, 1>'
	 'process_blur<8, 0, 1080, 1920, 1>'
	 'process_fast<8, 1080, 1920, 1>'
	 'process_nms<8, 1080, 1920, 1>'
	 'process_rBRIEF<8, 1080, 1920>'
	 'process_output<8, 0, 1080, 1920, 1>'.
Command           transform done; 41.283 sec.
INFO-FLOW: Presyn 2...
Execute           transform -hls -keep-callgraph -scalarrepl -mem2reg -port-alignment -attach-range -dce -pipe-mux-gen -indvars -loop-bound -inst-simplify -instcombine -dce -merge-array-access -mem2reg -dce -clean-region -mergereturn -if-conv -instcombine -dce -constprop -basicaa -aggr-aa -aggrmodref-aa -aggr-aa -gvn -gvn -basicaa -aggr-aa -aggrmodref-aa -aggr-aa -dse -adse -adce -scalarrepl -mem2reg -global-constprop -deadargelim -deadargelim -instcombine -dce -simplifycfg -ptrArgReplace -mem2reg -function-inline -globaldce -mem2reg -instcombine -dce -expr-balance -instcombine -dce -bitwidthmin2 -bitwidthmin2 -interface-preproc -directive-preproc -inst-rectify -instcombine -dce -functionattrs -constprop -instcombine -bit-constprop -simplify-global-access -globalopt -globaldce -inst-simplify -instcombine -elimdeaddata -dce -loop-delete -simplifycfg -loop-simplify -auto-burst -barrier -norm-name C:/Users/lxl/Documents/vitis_hls_ws/Project/Project/hls_project/solution1/.autopilot/db/a.o.1.tmp.bc -o C:/Users/lxl/Documents/vitis_hls_ws/Project/Project/hls_project/solution1/.autopilot/db/a.o.2.bc -f -phase presyn 
INFO: [XFORM 203-401] Performing if-conversion on hyperblock from (vitis_library_vision_L1/include\imgproc/xf_resize_nn_bilinear.hpp:498:61) to (vitis_library_vision_L1/include\imgproc/xf_resize_nn_bilinear.hpp:405:17) in function 'resizeNNBilinear<0, 1080, 1920, 1, 1080, 1920, 1, 8>'... converting 7 basic blocks.
INFO: [XFORM 203-401] Performing if-conversion on hyperblock to (vitis_library_vision_L1/include\imgproc/xf_resize_nn_bilinear.hpp:505:17) in function 'resizeNNBilinear<0, 1080, 1920, 1, 1080, 1920, 1, 8>'... converting 3 basic blocks.
INFO: [XFORM 203-401] Performing if-conversion on hyperblock from (vitis_library_vision_L1/include\imgproc/xf_resize_nn_bilinear.hpp:364:24) in function 'resizeNNBilinear<0, 1080, 1920, 1, 1080, 1920, 1, 8>'... converting 6 basic blocks.
INFO: [XFORM 203-401] Performing if-conversion on hyperblock from (src/fast.hpp:191:30) to (src/fast.hpp:208:13) in function 'process_nms<8, 1080, 1920, 1>'... converting 5 basic blocks.
INFO: [XFORM 203-401] Performing if-conversion on hyperblock to (src/fast.hpp:142:25) in function 'process_fast<8, 1080, 1920, 1>'... converting 65 basic blocks.
INFO: [XFORM 203-401] Performing if-conversion on hyperblock from (vitis_library_vision_L1/include\common/xf_video_mem.hpp:297:19) to (src/ORB.cpp:176:36) in function 'process_blur<8, 0, 1080, 1920, 1>'... converting 15 basic blocks.
INFO: [XFORM 203-401] Performing if-conversion on hyperblock from (src/ORB.cpp:41:14) in function 'descriptor'... converting 9 basic blocks.
INFO: [XFORM 203-401] Performing if-conversion on hyperblock from (C:/Xilinx/Vitis_HLS/2020.2/common/technology/autopilot/hls_cordic_apfixed.h:87:31) in function 'cordic_apfixed::generic_sincos<10, 3>'... converting 4 basic blocks.
INFO: [XFORM 203-401] Performing if-conversion on hyperblock to (C:/Xilinx/Vitis_HLS/2020.2/common/technology/autopilot/hls_cordic_apfixed.h:87:22) in function 'cordic_apfixed::generic_sincos<10, 3>'... converting 3 basic blocks.
INFO: [XFORM 203-401] Performing if-conversion on hyperblock from (C:/Xilinx/Vitis_HLS/2020.2/common/technology/autopilot/hls_cordic_apfixed.h:87:37) to (C:/Xilinx/Vitis_HLS/2020.2/common/technology/autopilot/hls_cordic_apfixed.h:293:3) in function 'cordic_apfixed::generic_sincos<10, 3>'... converting 4 basic blocks.
INFO: [XFORM 203-401] Performing if-conversion on hyperblock from (C:/Xilinx/Vitis_HLS/2020.2/common/technology/autopilot/hls_cordic_apfixed.h:87:31) in function 'cordic_apfixed::generic_atan2<20, 20>'... converting 4 basic blocks.
INFO: [XFORM 203-11] Balancing expressions in function 'process_nms<8, 1080, 1920, 1>' (src/fast.hpp:159)...4 expression(s) balanced.
INFO: [XFORM 203-11] Balancing expressions in function 'process_fast<8, 1080, 1920, 1>' (src/fast.hpp:52)...15 expression(s) balanced.
INFO: [XFORM 203-11] Balancing expressions in function 'process_blur<8, 0, 1080, 1920, 1>' (src/ORB.cpp:108)...48 expression(s) balanced.
Command           transform done; 16.491 sec.
INFO: [HLS 200-111] Finished Loop, function and other optimizations: CPU user time: 49 seconds. CPU system time: 0 seconds. Elapsed time: 57.874 seconds; current allocated memory: 523.568 MB.
Execute           get_config_compile -enable_loop_extract 
Execute           get_config_compile -disable_auto_rewind 
Execute           get_config_compile -enable_auto_rewind 
INFO-FLOW: Building ssdm...
Execute           transform -hls -function-uniquify -auto-function-inline -globaldce -ptrArgReplace -mem2reg -dce -reset-lda -loop-simplify -indvars -aggr-aa -licm -loop-dep -loop-bound -licm -loop-simplify -flattenloopnest -array-flatten -gvn -instcombine -dce -array-map -dce -func-legal -gvn -adce -instcombine -cfgopt -simplifycfg -loop-simplify -array-burst -promote-global-argument -dce -array-seg-normalize -basicaa -aggrmodref-aa -globalsmodref-aa -aggr-aa -gvn -gvn -basicaa -aggrmodref-aa -globalsmodref-aa -aggr-aa -dse -adse -adce -licm -inst-simplify -dce -globaldce -instcombine -array-stream -eliminate-keepreads -instcombine -dce -deadargelim -doublePtrSimplify -doublePtrElim -dce -doublePtrSimplify -promote-dbg-pointer -dce -scalarrepl -mem2reg -disaggr -norm-name -mem2reg -instcombine -dse -adse -adce -ptrLegalization -dce -auto-rom-infer -array-flatten -dce -instcombine -check-doubleptr -loop-rot -constprop -cfgopt -simplifycfg -loop-simplify -indvars -pointer-simplify -dce -loop-bound -loop-simplify -loop-preproc -constprop -global-constprop -gvn -mem2reg -instcombine -dce -loop-bound -loop-merge -dce -bitwidthmin2 -bitwidthmin2 -deadargelim -dce -canonicalize-dataflow -dce -scalar-propagation -deadargelim -globaldce -mem2reg -read-loop-dep -interface-preproc -directive-preproc -interface-gen -bram-byte-enable -deadargelim -inst-simplify -dce -gvn -mem2reg -instcombine -dce -adse -loop-bound -instcombine -cfgopt -simplifycfg -loop-simplify -clean-region -io-protocol -find-region -mem2reg -bitop-raise -complex-op-raise -inst-simplify -inst-rectify -instcombine -adce -deadargelim -loop-simplify -phi-opt -bitop-raise -cfgopt -simplifycfg -strip-dead-prototypes -interface-lower -bitop-lower -intrinsic-lower -auto-function-inline -basicaa -aggrmodref-aa -globalsmodref-aa -aggr-aa -inst-simplify -simplifycfg -loop-simplify -mergereturn -inst-simplify -inst-rectify -dce -load-elim -bitop-lower -float-op-raise -loop-rewind -pointer-simplify -dce -cfgopt -dce -loop-bound -loop-dep -read-loop-dep -dce -dyn-mem-reuse -dce -check-stream -norm-name -legalize -validate-dataflow -inst-clarity -bitwidth -dump-loop-dep-to-ir -check-all-ssdm -cdfg-build C:/Users/lxl/Documents/vitis_hls_ws/Project/Project/hls_project/solution1/.autopilot/db/a.o.2.bc -o C:/Users/lxl/Documents/vitis_hls_ws/Project/Project/hls_project/solution1/.autopilot/db/a.o.3.bc -f -phase build-ssdm 
INFO: [XFORM 203-541] Flattening a loop nest 'VITIS_LOOP_332_1' (vitis_library_vision_L1/include\imgproc/xf_resize_nn_bilinear.hpp:330:9) in function 'resizeNNBilinear<0, 1080, 1920, 1, 1080, 1920, 1, 8>'.
WARNING: [HLS 200-960] Cannot flatten loop 'VITIS_LOOP_382_4' (vitis_library_vision_L1/include\imgproc/xf_resize_nn_bilinear.hpp:364:24) in function 'resizeNNBilinear<0, 1080, 1920, 1, 1080, 1920, 1, 8>' the outer loop is not a perfect loop because there is nontrivial logic before entering the inner loop.
WARNING: [HLS 200-960] Cannot flatten loop 'VITIS_LOOP_15_2' (src/ORB.cpp:7:49) in function 'process_rBRIEF<8, 1080, 1920>' the outer loop is not a perfect loop.
WARNING: [HLS 200-960] Cannot flatten loop 'loop_col' (src/ORB.cpp:207:13) in function 'process_rBRIEF<8, 1080, 1920>' more than one sub loop.
INFO: [XFORM 203-541] Flattening a loop nest 'loop_row' (src/ORB.cpp:207:13) in function 'process_rBRIEF<8, 1080, 1920>'.
WARNING: [HLS 200-960] Cannot flatten loop 'loop_buffer_row' (src/fast.hpp:172:9) in function 'process_nms<8, 1080, 1920, 1>' the outer loop is not a perfect loop because there is nontrivial logic before entering the inner loop.
WARNING: [HLS 200-960] Cannot flatten loop 'loop_buffer_row' (src/fast.hpp:66:9) in function 'process_fast<8, 1080, 1920, 1>' the outer loop is not a perfect loop because there is nontrivial logic before entering the inner loop.
INFO: [XFORM 203-541] Flattening a loop nest 'loop_init_window_row' (src/ORB.cpp:131:14) in function 'process_blur<8, 0, 1080, 1920, 1>'.
INFO: [XFORM 203-541] Flattening a loop nest 'loop_init_line' (src/ORB.cpp:140:14) in function 'process_blur<8, 0, 1080, 1920, 1>'.
WARNING: [HLS 200-960] Cannot flatten loop 'VITIS_LOOP_351_1' (src/ORB.cpp:350:9) in function 'ORB_accel' the outer loop is not a perfect loop because there is nontrivial logic in the loop latch.
WARNING: [ANALYSIS 214-52] Found false inter dependency for variable 'img_line.val.V[10]' (src/ORB.cpp:201).
WARNING: [ANALYSIS 214-52] Found false inter dependency for variable 'img_line.val.V[14]' (src/ORB.cpp:201).
WARNING: [ANALYSIS 214-52] Found false inter dependency for variable 'img_line.val.V[19]' (src/ORB.cpp:201).
WARNING: [ANALYSIS 214-52] Found false inter dependency for variable 'img_line.val.V[26]' (src/ORB.cpp:201).
WARNING: [ANALYSIS 214-52] Found false inter dependency for variable 'img_line.val.V[16]' (src/ORB.cpp:201).
WARNING: [ANALYSIS 214-52] Found false inter dependency for variable 'img_line.val.V[27]' (src/ORB.cpp:201).
WARNING: [ANALYSIS 214-52] Found false inter dependency for variable 'img_line.val.V[11]' (src/ORB.cpp:201).
WARNING: [ANALYSIS 214-52] Found false inter dependency for variable 'img_line.val.V[28]' (src/ORB.cpp:201).
WARNING: [ANALYSIS 214-52] Found false inter dependency for variable 'img_line.val.V[29]' (src/ORB.cpp:201).
WARNING: [ANALYSIS 214-52] Found false inter dependency for variable 'img_line.val.V[2]' (src/ORB.cpp:201).
WARNING: [ANALYSIS 214-52] Found false inter dependency for variable 'img_line.val.V[25]' (src/ORB.cpp:201).
WARNING: [ANALYSIS 214-52] Found false inter dependency for variable 'img_line.val.V[5]' (src/ORB.cpp:201).
WARNING: [ANALYSIS 214-52] Found false inter dependency for variable 'img_line.val.V[7]' (src/ORB.cpp:201).
WARNING: [ANALYSIS 214-52] Found false inter dependency for variable 'img_line.val.V[4]' (src/ORB.cpp:201).
WARNING: [ANALYSIS 214-52] Found false inter dependency for variable 'img_line.val.V[9]' (src/ORB.cpp:201).
WARNING: [ANALYSIS 214-52] Found false inter dependency for variable 'img_line.val.V[3]' (src/ORB.cpp:201).
WARNING: [ANALYSIS 214-52] Found false inter dependency for variable 'img_line.val.V[15]' (src/ORB.cpp:201).
WARNING: [ANALYSIS 214-52] Found false inter dependency for variable 'img_line.val.V[17]' (src/ORB.cpp:201).
WARNING: [ANALYSIS 214-52] Found false inter dependency for variable 'img_line.val.V[18]' (src/ORB.cpp:201).
WARNING: [ANALYSIS 214-52] Found false inter dependency for variable 'img_line.val.V[1]' (src/ORB.cpp:201).
WARNING: [ANALYSIS 214-52] Found false inter dependency for variable 'img_line.val.V[0]' (src/ORB.cpp:201).
WARNING: [ANALYSIS 214-52] Found false inter dependency for variable 'img_line.val.V[6]' (src/ORB.cpp:201).
WARNING: [ANALYSIS 214-52] Found false inter dependency for variable 'img_line.val.V[12]' (src/ORB.cpp:201).
WARNING: [ANALYSIS 214-52] Found false inter dependency for variable 'img_line.val.V[20]' (src/ORB.cpp:201).
WARNING: [ANALYSIS 214-52] Found false inter dependency for variable 'img_line.val.V[21]' (src/ORB.cpp:201).
WARNING: [ANALYSIS 214-52] Found false inter dependency for variable 'img_line.val.V[23]' (src/ORB.cpp:201).
WARNING: [ANALYSIS 214-52] Found false inter dependency for variable 'img_line.val.V[22]' (src/ORB.cpp:201).
WARNING: [ANALYSIS 214-52] Found false inter dependency for variable 'img_line.val.V[24]' (src/ORB.cpp:201).
WARNING: [ANALYSIS 214-52] Found false inter dependency for variable 'img_line.val.V[13]' (src/ORB.cpp:201).
WARNING: [ANALYSIS 214-52] Found false inter dependency for variable 'img_line.val.V[8]' (src/ORB.cpp:201).
WARNING: [ANALYSIS 214-52] Found false inter dependency for variable 'img_line.val.V[33]' (src/ORB.cpp:201).
WARNING: [ANALYSIS 214-52] Found false inter dependency for variable 'img_line.val.V[31]' (src/ORB.cpp:201).
WARNING: [ANALYSIS 214-52] Found false inter dependency for variable 'img_line.val.V[32]' (src/ORB.cpp:201).
WARNING: [ANALYSIS 214-52] Found false inter dependency for variable 'img_line.val.V[34]' (src/ORB.cpp:201).
WARNING: [ANALYSIS 214-52] Found false inter dependency for variable 'img_line.val.V[36]' (src/ORB.cpp:201).
WARNING: [ANALYSIS 214-52] Found false inter dependency for variable 'img_line.val.V[30]' (src/ORB.cpp:201).
WARNING: [ANALYSIS 214-52] Found false inter dependency for variable 'img_line.val.V[35]' (src/ORB.cpp:201).
WARNING: [ANALYSIS 214-52] Found false intra dependency for variable 'img_line.val.V[10]' (src/ORB.cpp:201).
WARNING: [ANALYSIS 214-52] Found false intra dependency for variable 'img_line.val.V[14]' (src/ORB.cpp:201).
WARNING: [ANALYSIS 214-52] Found false intra dependency for variable 'img_line.val.V[19]' (src/ORB.cpp:201).
WARNING: [ANALYSIS 214-52] Found false intra dependency for variable 'img_line.val.V[26]' (src/ORB.cpp:201).
WARNING: [ANALYSIS 214-52] Found false intra dependency for variable 'img_line.val.V[16]' (src/ORB.cpp:201).
WARNING: [ANALYSIS 214-52] Found false intra dependency for variable 'img_line.val.V[27]' (src/ORB.cpp:201).
WARNING: [ANALYSIS 214-52] Found false intra dependency for variable 'img_line.val.V[11]' (src/ORB.cpp:201).
WARNING: [ANALYSIS 214-52] Found false intra dependency for variable 'img_line.val.V[28]' (src/ORB.cpp:201).
WARNING: [ANALYSIS 214-52] Found false intra dependency for variable 'img_line.val.V[29]' (src/ORB.cpp:201).
WARNING: [ANALYSIS 214-52] Found false intra dependency for variable 'img_line.val.V[2]' (src/ORB.cpp:201).
WARNING: [ANALYSIS 214-52] Found false intra dependency for variable 'img_line.val.V[25]' (src/ORB.cpp:201).
WARNING: [ANALYSIS 214-52] Found false intra dependency for variable 'img_line.val.V[5]' (src/ORB.cpp:201).
WARNING: [ANALYSIS 214-52] Found false intra dependency for variable 'img_line.val.V[7]' (src/ORB.cpp:201).
WARNING: [ANALYSIS 214-52] Found false intra dependency for variable 'img_line.val.V[4]' (src/ORB.cpp:201).
WARNING: [ANALYSIS 214-52] Found false intra dependency for variable 'img_line.val.V[9]' (src/ORB.cpp:201).
WARNING: [ANALYSIS 214-52] Found false intra dependency for variable 'img_line.val.V[3]' (src/ORB.cpp:201).
WARNING: [ANALYSIS 214-52] Found false intra dependency for variable 'img_line.val.V[15]' (src/ORB.cpp:201).
WARNING: [ANALYSIS 214-52] Found false intra dependency for variable 'img_line.val.V[17]' (src/ORB.cpp:201).
WARNING: [ANALYSIS 214-52] Found false intra dependency for variable 'img_line.val.V[18]' (src/ORB.cpp:201).
WARNING: [ANALYSIS 214-52] Found false intra dependency for variable 'img_line.val.V[1]' (src/ORB.cpp:201).
WARNING: [ANALYSIS 214-52] Found false intra dependency for variable 'img_line.val.V[0]' (src/ORB.cpp:201).
WARNING: [ANALYSIS 214-52] Found false intra dependency for variable 'img_line.val.V[6]' (src/ORB.cpp:201).
WARNING: [ANALYSIS 214-52] Found false intra dependency for variable 'img_line.val.V[12]' (src/ORB.cpp:201).
WARNING: [ANALYSIS 214-52] Found false intra dependency for variable 'img_line.val.V[20]' (src/ORB.cpp:201).
WARNING: [ANALYSIS 214-52] Found false intra dependency for variable 'img_line.val.V[21]' (src/ORB.cpp:201).
WARNING: [ANALYSIS 214-52] Found false intra dependency for variable 'img_line.val.V[23]' (src/ORB.cpp:201).
WARNING: [ANALYSIS 214-52] Found false intra dependency for variable 'img_line.val.V[22]' (src/ORB.cpp:201).
WARNING: [ANALYSIS 214-52] Found false intra dependency for variable 'img_line.val.V[24]' (src/ORB.cpp:201).
WARNING: [ANALYSIS 214-52] Found false intra dependency for variable 'img_line.val.V[13]' (src/ORB.cpp:201).
WARNING: [ANALYSIS 214-52] Found false intra dependency for variable 'img_line.val.V[8]' (src/ORB.cpp:201).
WARNING: [ANALYSIS 214-52] Found false intra dependency for variable 'img_line.val.V[33]' (src/ORB.cpp:201).
WARNING: [ANALYSIS 214-52] Found false intra dependency for variable 'img_line.val.V[31]' (src/ORB.cpp:201).
WARNING: [ANALYSIS 214-52] Found false intra dependency for variable 'img_line.val.V[32]' (src/ORB.cpp:201).
WARNING: [ANALYSIS 214-52] Found false intra dependency for variable 'img_line.val.V[34]' (src/ORB.cpp:201).
WARNING: [ANALYSIS 214-52] Found false intra dependency for variable 'img_line.val.V[36]' (src/ORB.cpp:201).
WARNING: [ANALYSIS 214-52] Found false intra dependency for variable 'img_line.val.V[30]' (src/ORB.cpp:201).
WARNING: [ANALYSIS 214-52] Found false intra dependency for variable 'img_line.val.V[35]' (src/ORB.cpp:201).
WARNING: [ANALYSIS 214-52] Found false inter dependency for variable 'blur_line.val.V[10]' (src/ORB.cpp:201).
WARNING: [ANALYSIS 214-52] Found false inter dependency for variable 'blur_line.val.V[21]' (src/ORB.cpp:201).
WARNING: [ANALYSIS 214-52] Found false inter dependency for variable 'blur_line.val.V[23]' (src/ORB.cpp:201).
WARNING: [ANALYSIS 214-52] Found false inter dependency for variable 'blur_line.val.V[19]' (src/ORB.cpp:201).
WARNING: [ANALYSIS 214-52] Found false inter dependency for variable 'blur_line.val.V[28]' (src/ORB.cpp:201).
WARNING: [ANALYSIS 214-52] Found false inter dependency for variable 'blur_line.val.V[29]' (src/ORB.cpp:201).
WARNING: [ANALYSIS 214-52] Found false inter dependency for variable 'blur_line.val.V[36]' (src/ORB.cpp:201).
WARNING: [ANALYSIS 214-52] Found false inter dependency for variable 'blur_line.val.V[27]' (src/ORB.cpp:201).
WARNING: [ANALYSIS 214-52] Found false inter dependency for variable 'blur_line.val.V[0]' (src/ORB.cpp:201).
WARNING: [ANALYSIS 214-52] Found false inter dependency for variable 'blur_line.val.V[13]' (src/ORB.cpp:201).
WARNING: [ANALYSIS 214-52] Found false inter dependency for variable 'blur_line.val.V[3]' (src/ORB.cpp:201).
WARNING: [ANALYSIS 214-52] Found false inter dependency for variable 'blur_line.val.V[16]' (src/ORB.cpp:201).
WARNING: [ANALYSIS 214-52] Found false inter dependency for variable 'blur_line.val.V[17]' (src/ORB.cpp:201).
WARNING: [ANALYSIS 214-52] Found false inter dependency for variable 'blur_line.val.V[32]' (src/ORB.cpp:201).
WARNING: [ANALYSIS 214-52] Found false inter dependency for variable 'blur_line.val.V[34]' (src/ORB.cpp:201).
WARNING: [ANALYSIS 214-52] Found false inter dependency for variable 'blur_line.val.V[33]' (src/ORB.cpp:201).
WARNING: [ANALYSIS 214-52] Found false inter dependency for variable 'blur_line.val.V[24]' (src/ORB.cpp:201).
WARNING: [ANALYSIS 214-52] Found false inter dependency for variable 'blur_line.val.V[4]' (src/ORB.cpp:201).
WARNING: [ANALYSIS 214-52] Found false inter dependency for variable 'blur_line.val.V[31]' (src/ORB.cpp:201).
WARNING: [ANALYSIS 214-52] Found false inter dependency for variable 'blur_line.val.V[20]' (src/ORB.cpp:201).
WARNING: [ANALYSIS 214-52] Found false inter dependency for variable 'blur_line.val.V[26]' (src/ORB.cpp:201).
WARNING: [ANALYSIS 214-52] Found false inter dependency for variable 'blur_line.val.V[30]' (src/ORB.cpp:201).
WARNING: [ANALYSIS 214-52] Found false inter dependency for variable 'blur_line.val.V[25]' (src/ORB.cpp:201).
WARNING: [ANALYSIS 214-52] Found false inter dependency for variable 'blur_line.val.V[6]' (src/ORB.cpp:201).
WARNING: [ANALYSIS 214-52] Found false inter dependency for variable 'blur_line.val.V[14]' (src/ORB.cpp:201).
WARNING: [ANALYSIS 214-52] Found false inter dependency for variable 'blur_line.val.V[22]' (src/ORB.cpp:201).
WARNING: [ANALYSIS 214-52] Found false inter dependency for variable 'blur_line.val.V[12]' (src/ORB.cpp:201).
WARNING: [ANALYSIS 214-52] Found false inter dependency for variable 'blur_line.val.V[1]' (src/ORB.cpp:201).
WARNING: [ANALYSIS 214-52] Found false inter dependency for variable 'blur_line.val.V[2]' (src/ORB.cpp:201).
WARNING: [ANALYSIS 214-52] Found false inter dependency for variable 'blur_line.val.V[35]' (src/ORB.cpp:201).
WARNING: [ANALYSIS 214-52] Found false inter dependency for variable 'blur_line.val.V[18]' (src/ORB.cpp:201).
WARNING: [ANALYSIS 214-52] Found false inter dependency for variable 'blur_line.val.V[5]' (src/ORB.cpp:201).
WARNING: [ANALYSIS 214-52] Found false inter dependency for variable 'blur_line.val.V[8]' (src/ORB.cpp:201).
WARNING: [ANALYSIS 214-52] Found false inter dependency for variable 'blur_line.val.V[11]' (src/ORB.cpp:201).
WARNING: [ANALYSIS 214-52] Found false inter dependency for variable 'blur_line.val.V[9]' (src/ORB.cpp:201).
WARNING: [ANALYSIS 214-52] Found false inter dependency for variable 'blur_line.val.V[7]' (src/ORB.cpp:201).
WARNING: [ANALYSIS 214-52] Found false inter dependency for variable 'blur_line.val.V[15]' (src/ORB.cpp:201).
WARNING: [ANALYSIS 214-52] Found false intra dependency for variable 'blur_line.val.V[10]' (src/ORB.cpp:201).
WARNING: [ANALYSIS 214-52] Found false intra dependency for variable 'blur_line.val.V[21]' (src/ORB.cpp:201).
WARNING: [ANALYSIS 214-52] Found false intra dependency for variable 'blur_line.val.V[23]' (src/ORB.cpp:201).
WARNING: [ANALYSIS 214-52] Found false intra dependency for variable 'blur_line.val.V[19]' (src/ORB.cpp:201).
WARNING: [ANALYSIS 214-52] Found false intra dependency for variable 'blur_line.val.V[28]' (src/ORB.cpp:201).
WARNING: [ANALYSIS 214-52] Found false intra dependency for variable 'blur_line.val.V[29]' (src/ORB.cpp:201).
WARNING: [ANALYSIS 214-52] Found false intra dependency for variable 'blur_line.val.V[36]' (src/ORB.cpp:201).
WARNING: [ANALYSIS 214-52] Found false intra dependency for variable 'blur_line.val.V[27]' (src/ORB.cpp:201).
WARNING: [ANALYSIS 214-52] Found false intra dependency for variable 'blur_line.val.V[0]' (src/ORB.cpp:201).
WARNING: [ANALYSIS 214-52] Found false intra dependency for variable 'blur_line.val.V[13]' (src/ORB.cpp:201).
WARNING: [ANALYSIS 214-52] Found false intra dependency for variable 'blur_line.val.V[3]' (src/ORB.cpp:201).
WARNING: [ANALYSIS 214-52] Found false intra dependency for variable 'blur_line.val.V[16]' (src/ORB.cpp:201).
WARNING: [ANALYSIS 214-52] Found false intra dependency for variable 'blur_line.val.V[17]' (src/ORB.cpp:201).
WARNING: [ANALYSIS 214-52] Found false intra dependency for variable 'blur_line.val.V[32]' (src/ORB.cpp:201).
WARNING: [ANALYSIS 214-52] Found false intra dependency for variable 'blur_line.val.V[34]' (src/ORB.cpp:201).
WARNING: [ANALYSIS 214-52] Found false intra dependency for variable 'blur_line.val.V[33]' (src/ORB.cpp:201).
WARNING: [ANALYSIS 214-52] Found false intra dependency for variable 'blur_line.val.V[24]' (src/ORB.cpp:201).
WARNING: [ANALYSIS 214-52] Found false intra dependency for variable 'blur_line.val.V[4]' (src/ORB.cpp:201).
WARNING: [ANALYSIS 214-52] Found false intra dependency for variable 'blur_line.val.V[31]' (src/ORB.cpp:201).
WARNING: [ANALYSIS 214-52] Found false intra dependency for variable 'blur_line.val.V[20]' (src/ORB.cpp:201).
WARNING: [ANALYSIS 214-52] Found false intra dependency for variable 'blur_line.val.V[26]' (src/ORB.cpp:201).
WARNING: [ANALYSIS 214-52] Found false intra dependency for variable 'blur_line.val.V[30]' (src/ORB.cpp:201).
WARNING: [ANALYSIS 214-52] Found false intra dependency for variable 'blur_line.val.V[25]' (src/ORB.cpp:201).
WARNING: [ANALYSIS 214-52] Found false intra dependency for variable 'blur_line.val.V[6]' (src/ORB.cpp:201).
WARNING: [ANALYSIS 214-52] Found false intra dependency for variable 'blur_line.val.V[14]' (src/ORB.cpp:201).
WARNING: [ANALYSIS 214-52] Found false intra dependency for variable 'blur_line.val.V[22]' (src/ORB.cpp:201).
WARNING: [ANALYSIS 214-52] Found false intra dependency for variable 'blur_line.val.V[12]' (src/ORB.cpp:201).
WARNING: [ANALYSIS 214-52] Found false intra dependency for variable 'blur_line.val.V[1]' (src/ORB.cpp:201).
WARNING: [ANALYSIS 214-52] Found false intra dependency for variable 'blur_line.val.V[2]' (src/ORB.cpp:201).
WARNING: [ANALYSIS 214-52] Found false intra dependency for variable 'blur_line.val.V[35]' (src/ORB.cpp:201).
WARNING: [ANALYSIS 214-52] Found false intra dependency for variable 'blur_line.val.V[18]' (src/ORB.cpp:201).
WARNING: [ANALYSIS 214-52] Found false intra dependency for variable 'blur_line.val.V[5]' (src/ORB.cpp:201).
WARNING: [ANALYSIS 214-52] Found false intra dependency for variable 'blur_line.val.V[8]' (src/ORB.cpp:201).
WARNING: [ANALYSIS 214-52] Found false intra dependency for variable 'blur_line.val.V[11]' (src/ORB.cpp:201).
WARNING: [ANALYSIS 214-52] Found false intra dependency for variable 'blur_line.val.V[9]' (src/ORB.cpp:201).
WARNING: [ANALYSIS 214-52] Found false intra dependency for variable 'blur_line.val.V[7]' (src/ORB.cpp:201).
WARNING: [ANALYSIS 214-52] Found false intra dependency for variable 'blur_line.val.V[15]' (src/ORB.cpp:201).
WARNING: [ANALYSIS 214-52] Found false inter dependency for variable 'mask_line.val.V[1]' (src/ORB.cpp:203).
WARNING: [ANALYSIS 214-52] Found false inter dependency for variable 'mask_line.val.V[6]' (src/ORB.cpp:203).
WARNING: [ANALYSIS 214-52] Found false inter dependency for variable 'mask_line.val.V[0]' (src/ORB.cpp:203).
WARNING: [ANALYSIS 214-52] Found false inter dependency for variable 'mask_line.val.V[5]' (src/ORB.cpp:203).
WARNING: [ANALYSIS 214-52] Found false inter dependency for variable 'mask_line.val.V[16]' (src/ORB.cpp:203).
WARNING: [ANALYSIS 214-52] Found false inter dependency for variable 'mask_line.val.V[4]' (src/ORB.cpp:203).
WARNING: [ANALYSIS 214-52] Found false inter dependency for variable 'mask_line.val.V[8]' (src/ORB.cpp:203).
WARNING: [ANALYSIS 214-52] Found false inter dependency for variable 'mask_line.val.V[10]' (src/ORB.cpp:203).
WARNING: [ANALYSIS 214-52] Found false inter dependency for variable 'mask_line.val.V[13]' (src/ORB.cpp:203).
WARNING: [ANALYSIS 214-52] Found false inter dependency for variable 'mask_line.val.V[14]' (src/ORB.cpp:203).
WARNING: [ANALYSIS 214-52] Found false inter dependency for variable 'mask_line.val.V[15]' (src/ORB.cpp:203).
WARNING: [ANALYSIS 214-52] Found false inter dependency for variable 'mask_line.val.V[2]' (src/ORB.cpp:203).
WARNING: [ANALYSIS 214-52] Found false inter dependency for variable 'mask_line.val.V[3]' (src/ORB.cpp:203).
WARNING: [ANALYSIS 214-52] Found false inter dependency for variable 'mask_line.val.V[17]' (src/ORB.cpp:203).
WARNING: [ANALYSIS 214-52] Found false inter dependency for variable 'mask_line.val.V[9]' (src/ORB.cpp:203).
WARNING: [ANALYSIS 214-52] Found false inter dependency for variable 'mask_line.val.V[19]' (src/ORB.cpp:203).
WARNING: [ANALYSIS 214-52] Found false inter dependency for variable 'mask_line.val.V[7]' (src/ORB.cpp:203).
WARNING: [ANALYSIS 214-52] Found false inter dependency for variable 'mask_line.val.V[12]' (src/ORB.cpp:203).
WARNING: [ANALYSIS 214-52] Found false inter dependency for variable 'mask_line.val.V[18]' (src/ORB.cpp:203).
WARNING: [ANALYSIS 214-52] Found false inter dependency for variable 'mask_line.val.V[11]' (src/ORB.cpp:203).
WARNING: [ANALYSIS 214-52] Found false inter dependency for variable 'mask_line.val.V[27]' (src/ORB.cpp:203).
WARNING: [ANALYSIS 214-52] Found false inter dependency for variable 'mask_line.val.V[36]' (src/ORB.cpp:203).
WARNING: [ANALYSIS 214-52] Found false inter dependency for variable 'mask_line.val.V[25]' (src/ORB.cpp:203).
WARNING: [ANALYSIS 214-52] Found false inter dependency for variable 'mask_line.val.V[22]' (src/ORB.cpp:203).
WARNING: [ANALYSIS 214-52] Found false inter dependency for variable 'mask_line.val.V[29]' (src/ORB.cpp:203).
WARNING: [ANALYSIS 214-52] Found false inter dependency for variable 'mask_line.val.V[23]' (src/ORB.cpp:203).
WARNING: [ANALYSIS 214-52] Found false inter dependency for variable 'mask_line.val.V[28]' (src/ORB.cpp:203).
WARNING: [ANALYSIS 214-52] Found false inter dependency for variable 'mask_line.val.V[33]' (src/ORB.cpp:203).
WARNING: [ANALYSIS 214-52] Found false inter dependency for variable 'mask_line.val.V[24]' (src/ORB.cpp:203).
WARNING: [ANALYSIS 214-52] Found false inter dependency for variable 'mask_line.val.V[35]' (src/ORB.cpp:203).
WARNING: [ANALYSIS 214-52] Found false inter dependency for variable 'mask_line.val.V[30]' (src/ORB.cpp:203).
WARNING: [ANALYSIS 214-52] Found false inter dependency for variable 'mask_line.val.V[31]' (src/ORB.cpp:203).
WARNING: [ANALYSIS 214-52] Found false inter dependency for variable 'mask_line.val.V[20]' (src/ORB.cpp:203).
WARNING: [ANALYSIS 214-52] Found false inter dependency for variable 'mask_line.val.V[21]' (src/ORB.cpp:203).
WARNING: [ANALYSIS 214-52] Found false inter dependency for variable 'mask_line.val.V[34]' (src/ORB.cpp:203).
WARNING: [ANALYSIS 214-52] Found false inter dependency for variable 'mask_line.val.V[26]' (src/ORB.cpp:203).
WARNING: [ANALYSIS 214-52] Found false inter dependency for variable 'mask_line.val.V[32]' (src/ORB.cpp:203).
WARNING: [ANALYSIS 214-52] Found false intra dependency for variable 'mask_line.val.V[1]' (src/ORB.cpp:203).
WARNING: [ANALYSIS 214-52] Found false intra dependency for variable 'mask_line.val.V[6]' (src/ORB.cpp:203).
WARNING: [ANALYSIS 214-52] Found false intra dependency for variable 'mask_line.val.V[0]' (src/ORB.cpp:203).
WARNING: [ANALYSIS 214-52] Found false intra dependency for variable 'mask_line.val.V[5]' (src/ORB.cpp:203).
WARNING: [ANALYSIS 214-52] Found false intra dependency for variable 'mask_line.val.V[16]' (src/ORB.cpp:203).
WARNING: [ANALYSIS 214-52] Found false intra dependency for variable 'mask_line.val.V[4]' (src/ORB.cpp:203).
WARNING: [ANALYSIS 214-52] Found false intra dependency for variable 'mask_line.val.V[8]' (src/ORB.cpp:203).
WARNING: [ANALYSIS 214-52] Found false intra dependency for variable 'mask_line.val.V[10]' (src/ORB.cpp:203).
WARNING: [ANALYSIS 214-52] Found false intra dependency for variable 'mask_line.val.V[13]' (src/ORB.cpp:203).
WARNING: [ANALYSIS 214-52] Found false intra dependency for variable 'mask_line.val.V[14]' (src/ORB.cpp:203).
WARNING: [ANALYSIS 214-52] Found false intra dependency for variable 'mask_line.val.V[15]' (src/ORB.cpp:203).
WARNING: [ANALYSIS 214-52] Found false intra dependency for variable 'mask_line.val.V[2]' (src/ORB.cpp:203).
WARNING: [ANALYSIS 214-52] Found false intra dependency for variable 'mask_line.val.V[3]' (src/ORB.cpp:203).
WARNING: [ANALYSIS 214-52] Found false intra dependency for variable 'mask_line.val.V[17]' (src/ORB.cpp:203).
WARNING: [ANALYSIS 214-52] Found false intra dependency for variable 'mask_line.val.V[9]' (src/ORB.cpp:203).
WARNING: [ANALYSIS 214-52] Found false intra dependency for variable 'mask_line.val.V[19]' (src/ORB.cpp:203).
WARNING: [ANALYSIS 214-52] Found false intra dependency for variable 'mask_line.val.V[7]' (src/ORB.cpp:203).
WARNING: [ANALYSIS 214-52] Found false intra dependency for variable 'mask_line.val.V[12]' (src/ORB.cpp:203).
WARNING: [ANALYSIS 214-52] Found false intra dependency for variable 'mask_line.val.V[18]' (src/ORB.cpp:203).
WARNING: [ANALYSIS 214-52] Found false intra dependency for variable 'mask_line.val.V[11]' (src/ORB.cpp:203).
WARNING: [ANALYSIS 214-52] Found false intra dependency for variable 'mask_line.val.V[27]' (src/ORB.cpp:203).
WARNING: [ANALYSIS 214-52] Found false intra dependency for variable 'mask_line.val.V[36]' (src/ORB.cpp:203).
WARNING: [ANALYSIS 214-52] Found false intra dependency for variable 'mask_line.val.V[25]' (src/ORB.cpp:203).
WARNING: [ANALYSIS 214-52] Found false intra dependency for variable 'mask_line.val.V[22]' (src/ORB.cpp:203).
WARNING: [ANALYSIS 214-52] Found false intra dependency for variable 'mask_line.val.V[29]' (src/ORB.cpp:203).
WARNING: [ANALYSIS 214-52] Found false intra dependency for variable 'mask_line.val.V[23]' (src/ORB.cpp:203).
WARNING: [ANALYSIS 214-52] Found false intra dependency for variable 'mask_line.val.V[28]' (src/ORB.cpp:203).
WARNING: [ANALYSIS 214-52] Found false intra dependency for variable 'mask_line.val.V[33]' (src/ORB.cpp:203).
WARNING: [ANALYSIS 214-52] Found false intra dependency for variable 'mask_line.val.V[24]' (src/ORB.cpp:203).
WARNING: [ANALYSIS 214-52] Found false intra dependency for variable 'mask_line.val.V[35]' (src/ORB.cpp:203).
WARNING: [ANALYSIS 214-52] Found false intra dependency for variable 'mask_line.val.V[30]' (src/ORB.cpp:203).
WARNING: [ANALYSIS 214-52] Found false intra dependency for variable 'mask_line.val.V[31]' (src/ORB.cpp:203).
WARNING: [ANALYSIS 214-52] Found false intra dependency for variable 'mask_line.val.V[20]' (src/ORB.cpp:203).
WARNING: [ANALYSIS 214-52] Found false intra dependency for variable 'mask_line.val.V[21]' (src/ORB.cpp:203).
WARNING: [ANALYSIS 214-52] Found false intra dependency for variable 'mask_line.val.V[34]' (src/ORB.cpp:203).
WARNING: [ANALYSIS 214-52] Found false intra dependency for variable 'mask_line.val.V[26]' (src/ORB.cpp:203).
WARNING: [ANALYSIS 214-52] Found false intra dependency for variable 'mask_line.val.V[32]' (src/ORB.cpp:203).
WARNING: [ANALYSIS 214-52] Found false inter dependency for variable 'line_buffer.val.V[1]' (src/fast.hpp:169).
WARNING: [ANALYSIS 214-52] Found false inter dependency for variable 'line_buffer.val.V[2]' (src/fast.hpp:169).
WARNING: [ANALYSIS 214-52] Found false intra dependency for variable 'line_buffer.val.V[1]' (src/fast.hpp:169).
WARNING: [ANALYSIS 214-52] Found false intra dependency for variable 'line_buffer.val.V[2]' (src/fast.hpp:169).
WARNING: [ANALYSIS 214-52] Found false inter dependency for variable 'line_buffer.val.V[1]' (src/fast.hpp:61).
WARNING: [ANALYSIS 214-52] Found false inter dependency for variable 'line_buffer.val.V[2]' (src/fast.hpp:61).
WARNING: [ANALYSIS 214-52] Found false inter dependency for variable 'line_buffer.val.V[5]' (src/fast.hpp:61).
WARNING: [ANALYSIS 214-52] Found false inter dependency for variable 'line_buffer.val.V[3]' (src/fast.hpp:61).
WARNING: [ANALYSIS 214-52] Found false inter dependency for variable 'line_buffer.val.V[4]' (src/fast.hpp:61).
WARNING: [ANALYSIS 214-52] Found false inter dependency for variable 'line_buffer.val.V[6]' (src/fast.hpp:61).
WARNING: [ANALYSIS 214-52] Found false intra dependency for variable 'line_buffer.val.V[1]' (src/fast.hpp:61).
WARNING: [ANALYSIS 214-52] Found false intra dependency for variable 'line_buffer.val.V[2]' (src/fast.hpp:61).
WARNING: [ANALYSIS 214-52] Found false intra dependency for variable 'line_buffer.val.V[5]' (src/fast.hpp:61).
WARNING: [ANALYSIS 214-52] Found false intra dependency for variable 'line_buffer.val.V[3]' (src/fast.hpp:61).
WARNING: [ANALYSIS 214-52] Found false intra dependency for variable 'line_buffer.val.V[4]' (src/fast.hpp:61).
WARNING: [ANALYSIS 214-52] Found false intra dependency for variable 'line_buffer.val.V[6]' (src/fast.hpp:61).
WARNING: [ANALYSIS 214-52] Found false inter dependency for variable 'line_buffer.val.V[1]' (src/ORB.cpp:114).
WARNING: [ANALYSIS 214-52] Found false inter dependency for variable 'line_buffer.val.V[2]' (src/ORB.cpp:114).
WARNING: [ANALYSIS 214-52] Found false inter dependency for variable 'line_buffer.val.V[3]' (src/ORB.cpp:114).
WARNING: [ANALYSIS 214-52] Found false inter dependency for variable 'line_buffer.val.V[4]' (src/ORB.cpp:114).
WARNING: [ANALYSIS 214-52] Found false inter dependency for variable 'line_buffer.val.V[5]' (src/ORB.cpp:114).
WARNING: [ANALYSIS 214-52] Found false inter dependency for variable 'line_buffer.val.V[6]' (src/ORB.cpp:114).
WARNING: [ANALYSIS 214-52] Found false intra dependency for variable 'line_buffer.val.V[1]' (src/ORB.cpp:114).
WARNING: [ANALYSIS 214-52] Found false intra dependency for variable 'line_buffer.val.V[2]' (src/ORB.cpp:114).
WARNING: [ANALYSIS 214-52] Found false intra dependency for variable 'line_buffer.val.V[3]' (src/ORB.cpp:114).
WARNING: [ANALYSIS 214-52] Found false intra dependency for variable 'line_buffer.val.V[4]' (src/ORB.cpp:114).
WARNING: [ANALYSIS 214-52] Found false intra dependency for variable 'line_buffer.val.V[5]' (src/ORB.cpp:114).
WARNING: [ANALYSIS 214-52] Found false intra dependency for variable 'line_buffer.val.V[6]' (src/ORB.cpp:114).
INFO: [HLS 200-472] Inferring partial write operation for 'line_buffer.V[2][0]' (vitis_library_vision_L1/include\imgproc/xf_resize_nn_bilinear.hpp:440:23)
INFO: [HLS 200-472] Inferring partial write operation for 'line_buffer.V[0][0]' (vitis_library_vision_L1/include\imgproc/xf_resize_nn_bilinear.hpp:461:23)
INFO: [HLS 200-472] Inferring partial write operation for 'line_buffer.V[1][0]' (vitis_library_vision_L1/include\imgproc/xf_resize_nn_bilinear.hpp:482:23)
INFO: [HLS 200-472] Inferring partial write operation for 'line_buffer.V[0][0]' (vitis_library_vision_L1/include\imgproc/xf_resize_nn_bilinear.hpp:344:38)
INFO: [HLS 200-472] Inferring partial write operation for 'img_line.val.V[0]' (vitis_library_vision_L1/include\common/xf_video_mem.hpp:871:14)
INFO: [HLS 200-472] Inferring partial write operation for 'img_line.val.V[36]' (vitis_library_vision_L1/include\common/xf_video_mem.hpp:908:24)
INFO: [HLS 200-472] Inferring partial write operation for 'idxTree' (src/ORB.cpp:269:60)
INFO: [HLS 200-472] Inferring partial write operation for 'cntTree' (src/ORB.cpp:270:35)
INFO: [HLS 200-472] Inferring partial write operation for 'line_buffer.val.V[1]' (vitis_library_vision_L1/include\common/xf_video_mem.hpp:871:14)
INFO: [HLS 200-472] Inferring partial write operation for 'line_buffer.val.V[2]' (vitis_library_vision_L1/include\common/xf_video_mem.hpp:908:24)
INFO: [HLS 200-472] Inferring partial write operation for 'line_buffer.val.V[1]' (vitis_library_vision_L1/include\common/xf_video_mem.hpp:871:14)
INFO: [HLS 200-472] Inferring partial write operation for 'line_buffer.val.V[6]' (vitis_library_vision_L1/include\common/xf_video_mem.hpp:908:24)
INFO: [HLS 200-472] Inferring partial write operation for 'line_buffer.val.V[1]' (vitis_library_vision_L1/include\common/xf_video_mem.hpp:871:14)
INFO: [HLS 200-472] Inferring partial write operation for 'line_buffer.val.V[6]' (vitis_library_vision_L1/include\common/xf_video_mem.hpp:908:24)
INFO: [HLS 200-472] Inferring partial write operation for 'line_buffer.val.V[1]' (src/ORB.cpp:142:35)
INFO: [HLS 200-472] Inferring partial write operation for 'cntTree' (src/ORB.cpp:365:26)
WARNING: [XFORM 203-631] Renaming function 'scaleCompute<17, 42, 20, 48, 16, 1>' to 'scaleCompute_17_42_20_48_16_1_s' (vitis_library_vision_L1/include\imgproc/xf_resize_nn_bilinear.hpp:184:1)
WARNING: [HLS 200-1614] Cosimulation may deadlock if process process_input<8, 0, 1080, 1920, 1> has a streamed top-level array input and has predecessor processes. If a deadlock occurs, please consider converting the streamed array into an hls::stream or using '::common::get_param hls.config_cosim.top_streamed_array true' in the TCL script.
WARNING: [HLS 200-1449] Process process_output<8, 0, 1080, 1920, 1> has both a predecessor and reads an input from its caller (see the GUI dataflow viewer). This may lead to lower throughput. Consider copying this input via a predecessor process.
Command           transform done; 70.172 sec.
INFO: [HLS 200-111] Finished Architecture Synthesis: CPU user time: 30 seconds. CPU system time: 0 seconds. Elapsed time: 70.325 seconds; current allocated memory: 793.103 MB.
INFO-FLOW: Finish building internal data model.
Command         opt_and_import_c done; 139.56 sec.
Command       elaborate done; 289.892 sec.
Execute       autosyn -from_csynth_design=1 
INFO: [HLS 200-10] Starting hardware synthesis ...
INFO-FLOW: Synthesizing C/C++ design ...
INFO: [HLS 200-10] Synthesizing 'ORB_accel' ...
Execute         ap_set_top_model ORB_accel 
WARNING: [SYN 201-103] Legalizing function name 'process_ORB<8, 0, 1080, 1920, 1>.entry57' to 'process_ORB_8_0_1080_1920_1_entry57'.
WARNING: [SYN 201-103] Legalizing function name 'process_ORB<8, 0, 1080, 1920, 1>_Block_.split1_proc' to 'process_ORB_8_0_1080_1920_1_Block_split1_proc'.
WARNING: [SYN 201-103] Legalizing function name 'process_input<8, 0, 1080, 1920, 1>' to 'process_input_8_0_1080_1920_1_s'.
WARNING: [SYN 201-103] Legalizing function name 'process_stream2xfMat<8, 0, 1080, 1920, 1>' to 'process_stream2xfMat_8_0_1080_1920_1_s'.
WARNING: [SYN 201-103] Legalizing function name 'scaleCompute<17, 42, 20, 48, 16, 1>' to 'scaleCompute_17_42_20_48_16_1_s'.
WARNING: [SYN 201-103] Legalizing function name 'resizeNNBilinear<0, 1080, 1920, 1, 1080, 1920, 1, 8>' to 'resizeNNBilinear_0_1080_1920_1_1080_1920_1_8_s'.
WARNING: [SYN 201-103] Legalizing function name 'resize<1, 0, 1080, 1920, 1080, 1920, 1, 8>' to 'resize_1_0_1080_1920_1080_1920_1_8_s'.
WARNING: [SYN 201-103] Legalizing function name 'process_resize<8, 0, 1080, 1920, 1>' to 'process_resize_8_0_1080_1920_1_s'.
WARNING: [SYN 201-103] Legalizing function name 'process_xfMat2stream<8, 0, 1080, 1920, 1>' to 'process_xfMat2stream_8_0_1080_1920_1_s'.
WARNING: [SYN 201-103] Legalizing function name 'process_blur<8, 0, 1080, 1920, 1>' to 'process_blur_8_0_1080_1920_1_s'.
WARNING: [SYN 201-103] Legalizing function name 'process_fast<8, 1080, 1920, 1>' to 'process_fast_8_1080_1920_1_s'.
WARNING: [SYN 201-103] Legalizing function name 'process_nms<8, 1080, 1920, 1>' to 'process_nms_8_1080_1920_1_s'.
WARNING: [SYN 201-103] Legalizing function name 'generic_atan2<20, 20>' to 'generic_atan2_20_20_s'.
WARNING: [SYN 201-103] Legalizing function name 'round_fixed<16, 9>' to 'round_fixed_16_9_s'.
WARNING: [SYN 201-103] Legalizing function name 'process_rBRIEF<8, 1080, 1920>' to 'process_rBRIEF_8_1080_1920_s'.
WARNING: [SYN 201-103] Legalizing function name 'process_output<8, 0, 1080, 1920, 1>' to 'process_output_8_0_1080_1920_1_s'.
WARNING: [SYN 201-103] Legalizing function name 'process_ORB<8, 0, 1080, 1920, 1>' to 'process_ORB_8_0_1080_1920_1_s'.
Command         ap_set_top_model done; 0.772 sec.
Execute         get_model_list ORB_accel -filter all-wo-channel -topdown 
Execute         preproc_iomode -model ORB_accel 
Execute         preproc_iomode -model process_ORB<8, 0, 1080, 1920, 1> 
Execute         preproc_iomode -model process_output<8, 0, 1080, 1920, 1> 
Execute         preproc_iomode -model process_rBRIEF<8, 1080, 1920> 
Execute         preproc_iomode -model descriptor 
Execute         preproc_iomode -model round_fixed<16, 9> 
Execute         preproc_iomode -model generic_atan2<20, 20> 
Execute         preproc_iomode -model process_nms<8, 1080, 1920, 1> 
Execute         preproc_iomode -model process_fast<8, 1080, 1920, 1> 
Execute         preproc_iomode -model fast_score 
Execute         preproc_iomode -model process_blur<8, 0, 1080, 1920, 1> 
Execute         preproc_iomode -model process_xfMat2stream<8, 0, 1080, 1920, 1> 
Execute         preproc_iomode -model process_resize<8, 0, 1080, 1920, 1> 
Execute         preproc_iomode -model resize<1, 0, 1080, 1920, 1080, 1920, 1, 8> 
Execute         preproc_iomode -model resizeNNBilinear<0, 1080, 1920, 1, 1080, 1920, 1, 8> 
Execute         preproc_iomode -model scaleCompute<17, 42, 20, 48, 16, 1> 
Execute         preproc_iomode -model xfUDivResize 
Execute         preproc_iomode -model process_stream2xfMat<8, 0, 1080, 1920, 1> 
Execute         preproc_iomode -model process_input<8, 0, 1080, 1920, 1> 
Execute         preproc_iomode -model process_ORB<8, 0, 1080, 1920, 1>_Block_.split1_proc 
Execute         preproc_iomode -model process_ORB<8, 0, 1080, 1920, 1>.entry57 
Execute         get_model_list ORB_accel -filter all-wo-channel 
INFO-FLOW: Model list for configure: {process_ORB<8, 0, 1080, 1920, 1>.entry57} {process_ORB<8, 0, 1080, 1920, 1>_Block_.split1_proc} {process_input<8, 0, 1080, 1920, 1>} {process_stream2xfMat<8, 0, 1080, 1920, 1>} xfUDivResize {scaleCompute<17, 42, 20, 48, 16, 1>} {resizeNNBilinear<0, 1080, 1920, 1, 1080, 1920, 1, 8>} {resize<1, 0, 1080, 1920, 1080, 1920, 1, 8>} {process_resize<8, 0, 1080, 1920, 1>} {process_xfMat2stream<8, 0, 1080, 1920, 1>} {process_blur<8, 0, 1080, 1920, 1>} fast_score {process_fast<8, 1080, 1920, 1>} {process_nms<8, 1080, 1920, 1>} {generic_atan2<20, 20>} {round_fixed<16, 9>} descriptor {process_rBRIEF<8, 1080, 1920>} {process_output<8, 0, 1080, 1920, 1>} {process_ORB<8, 0, 1080, 1920, 1>} ORB_accel
INFO-FLOW: Configuring Module : process_ORB<8, 0, 1080, 1920, 1>.entry57 ...
Execute         set_default_model process_ORB<8, 0, 1080, 1920, 1>.entry57 
Execute         apply_spec_resource_limit process_ORB<8, 0, 1080, 1920, 1>.entry57 
INFO-FLOW: Configuring Module : process_ORB<8, 0, 1080, 1920, 1>_Block_.split1_proc ...
Execute         set_default_model process_ORB<8, 0, 1080, 1920, 1>_Block_.split1_proc 
Execute         apply_spec_resource_limit process_ORB<8, 0, 1080, 1920, 1>_Block_.split1_proc 
INFO-FLOW: Configuring Module : process_input<8, 0, 1080, 1920, 1> ...
Execute         set_default_model process_input<8, 0, 1080, 1920, 1> 
Execute         apply_spec_resource_limit process_input<8, 0, 1080, 1920, 1> 
INFO-FLOW: Configuring Module : process_stream2xfMat<8, 0, 1080, 1920, 1> ...
Execute         set_default_model process_stream2xfMat<8, 0, 1080, 1920, 1> 
Execute         apply_spec_resource_limit process_stream2xfMat<8, 0, 1080, 1920, 1> 
INFO-FLOW: Configuring Module : xfUDivResize ...
Execute         set_default_model xfUDivResize 
Execute         apply_spec_resource_limit xfUDivResize 
INFO-FLOW: Configuring Module : scaleCompute<17, 42, 20, 48, 16, 1> ...
Execute         set_default_model scaleCompute<17, 42, 20, 48, 16, 1> 
Execute         apply_spec_resource_limit scaleCompute<17, 42, 20, 48, 16, 1> 
INFO-FLOW: Configuring Module : resizeNNBilinear<0, 1080, 1920, 1, 1080, 1920, 1, 8> ...
Execute         set_default_model resizeNNBilinear<0, 1080, 1920, 1, 1080, 1920, 1, 8> 
Execute         apply_spec_resource_limit resizeNNBilinear<0, 1080, 1920, 1, 1080, 1920, 1, 8> 
INFO-FLOW: Configuring Module : resize<1, 0, 1080, 1920, 1080, 1920, 1, 8> ...
Execute         set_default_model resize<1, 0, 1080, 1920, 1080, 1920, 1, 8> 
Execute         apply_spec_resource_limit resize<1, 0, 1080, 1920, 1080, 1920, 1, 8> 
INFO-FLOW: Configuring Module : process_resize<8, 0, 1080, 1920, 1> ...
Execute         set_default_model process_resize<8, 0, 1080, 1920, 1> 
Execute         apply_spec_resource_limit process_resize<8, 0, 1080, 1920, 1> 
INFO-FLOW: Configuring Module : process_xfMat2stream<8, 0, 1080, 1920, 1> ...
Execute         set_default_model process_xfMat2stream<8, 0, 1080, 1920, 1> 
Execute         apply_spec_resource_limit process_xfMat2stream<8, 0, 1080, 1920, 1> 
INFO-FLOW: Configuring Module : process_blur<8, 0, 1080, 1920, 1> ...
Execute         set_default_model process_blur<8, 0, 1080, 1920, 1> 
Execute         apply_spec_resource_limit process_blur<8, 0, 1080, 1920, 1> 
INFO-FLOW: Configuring Module : fast_score ...
Execute         set_default_model fast_score 
Execute         apply_spec_resource_limit fast_score 
INFO-FLOW: Configuring Module : process_fast<8, 1080, 1920, 1> ...
Execute         set_default_model process_fast<8, 1080, 1920, 1> 
Execute         apply_spec_resource_limit process_fast<8, 1080, 1920, 1> 
INFO-FLOW: Configuring Module : process_nms<8, 1080, 1920, 1> ...
Execute         set_default_model process_nms<8, 1080, 1920, 1> 
Execute         apply_spec_resource_limit process_nms<8, 1080, 1920, 1> 
INFO-FLOW: Configuring Module : generic_atan2<20, 20> ...
Execute         set_default_model generic_atan2<20, 20> 
Execute         apply_spec_resource_limit generic_atan2<20, 20> 
INFO-FLOW: Configuring Module : round_fixed<16, 9> ...
Execute         set_default_model round_fixed<16, 9> 
Execute         apply_spec_resource_limit round_fixed<16, 9> 
INFO-FLOW: Configuring Module : descriptor ...
Execute         set_default_model descriptor 
Execute         apply_spec_resource_limit descriptor 
INFO-FLOW: Configuring Module : process_rBRIEF<8, 1080, 1920> ...
Execute         set_default_model process_rBRIEF<8, 1080, 1920> 
Execute         apply_spec_resource_limit process_rBRIEF<8, 1080, 1920> 
INFO-FLOW: Configuring Module : process_output<8, 0, 1080, 1920, 1> ...
Execute         set_default_model process_output<8, 0, 1080, 1920, 1> 
Execute         apply_spec_resource_limit process_output<8, 0, 1080, 1920, 1> 
INFO-FLOW: Configuring Module : process_ORB<8, 0, 1080, 1920, 1> ...
Execute         set_default_model process_ORB<8, 0, 1080, 1920, 1> 
Execute         apply_spec_resource_limit process_ORB<8, 0, 1080, 1920, 1> 
INFO-FLOW: Configuring Module : ORB_accel ...
Execute         set_default_model ORB_accel 
Execute         apply_spec_resource_limit ORB_accel 
INFO-FLOW: Model list for preprocess: {process_ORB<8, 0, 1080, 1920, 1>.entry57} {process_ORB<8, 0, 1080, 1920, 1>_Block_.split1_proc} {process_input<8, 0, 1080, 1920, 1>} {process_stream2xfMat<8, 0, 1080, 1920, 1>} xfUDivResize {scaleCompute<17, 42, 20, 48, 16, 1>} {resizeNNBilinear<0, 1080, 1920, 1, 1080, 1920, 1, 8>} {resize<1, 0, 1080, 1920, 1080, 1920, 1, 8>} {process_resize<8, 0, 1080, 1920, 1>} {process_xfMat2stream<8, 0, 1080, 1920, 1>} {process_blur<8, 0, 1080, 1920, 1>} fast_score {process_fast<8, 1080, 1920, 1>} {process_nms<8, 1080, 1920, 1>} {generic_atan2<20, 20>} {round_fixed<16, 9>} descriptor {process_rBRIEF<8, 1080, 1920>} {process_output<8, 0, 1080, 1920, 1>} {process_ORB<8, 0, 1080, 1920, 1>} ORB_accel
INFO-FLOW: Preprocessing Module: process_ORB<8, 0, 1080, 1920, 1>.entry57 ...
Execute         set_default_model process_ORB<8, 0, 1080, 1920, 1>.entry57 
Execute         cdfg_preprocess -model process_ORB<8, 0, 1080, 1920, 1>.entry57 
Execute         rtl_gen_preprocess process_ORB<8, 0, 1080, 1920, 1>.entry57 
INFO-FLOW: Preprocessing Module: process_ORB<8, 0, 1080, 1920, 1>_Block_.split1_proc ...
Execute         set_default_model process_ORB<8, 0, 1080, 1920, 1>_Block_.split1_proc 
Execute         cdfg_preprocess -model process_ORB<8, 0, 1080, 1920, 1>_Block_.split1_proc 
Execute         rtl_gen_preprocess process_ORB<8, 0, 1080, 1920, 1>_Block_.split1_proc 
INFO-FLOW: Preprocessing Module: process_input<8, 0, 1080, 1920, 1> ...
Execute         set_default_model process_input<8, 0, 1080, 1920, 1> 
Execute         cdfg_preprocess -model process_input<8, 0, 1080, 1920, 1> 
Execute         rtl_gen_preprocess process_input<8, 0, 1080, 1920, 1> 
INFO-FLOW: Preprocessing Module: process_stream2xfMat<8, 0, 1080, 1920, 1> ...
Execute         set_default_model process_stream2xfMat<8, 0, 1080, 1920, 1> 
Execute         cdfg_preprocess -model process_stream2xfMat<8, 0, 1080, 1920, 1> 
Execute         rtl_gen_preprocess process_stream2xfMat<8, 0, 1080, 1920, 1> 
INFO-FLOW: Preprocessing Module: xfUDivResize ...
Execute         set_default_model xfUDivResize 
Execute         cdfg_preprocess -model xfUDivResize 
Execute         rtl_gen_preprocess xfUDivResize 
INFO-FLOW: Preprocessing Module: scaleCompute<17, 42, 20, 48, 16, 1> ...
Execute         set_default_model scaleCompute<17, 42, 20, 48, 16, 1> 
Execute         cdfg_preprocess -model scaleCompute<17, 42, 20, 48, 16, 1> 
Execute         rtl_gen_preprocess scaleCompute<17, 42, 20, 48, 16, 1> 
INFO-FLOW: Preprocessing Module: resizeNNBilinear<0, 1080, 1920, 1, 1080, 1920, 1, 8> ...
Execute         set_default_model resizeNNBilinear<0, 1080, 1920, 1, 1080, 1920, 1, 8> 
Execute         cdfg_preprocess -model resizeNNBilinear<0, 1080, 1920, 1, 1080, 1920, 1, 8> 
Execute         rtl_gen_preprocess resizeNNBilinear<0, 1080, 1920, 1, 1080, 1920, 1, 8> 
INFO-FLOW: Preprocessing Module: resize<1, 0, 1080, 1920, 1080, 1920, 1, 8> ...
Execute         set_default_model resize<1, 0, 1080, 1920, 1080, 1920, 1, 8> 
Execute         cdfg_preprocess -model resize<1, 0, 1080, 1920, 1080, 1920, 1, 8> 
Execute         rtl_gen_preprocess resize<1, 0, 1080, 1920, 1080, 1920, 1, 8> 
INFO-FLOW: Preprocessing Module: process_resize<8, 0, 1080, 1920, 1> ...
Execute         set_default_model process_resize<8, 0, 1080, 1920, 1> 
Execute         cdfg_preprocess -model process_resize<8, 0, 1080, 1920, 1> 
Execute         rtl_gen_preprocess process_resize<8, 0, 1080, 1920, 1> 
INFO-FLOW: Preprocessing Module: process_xfMat2stream<8, 0, 1080, 1920, 1> ...
Execute         set_default_model process_xfMat2stream<8, 0, 1080, 1920, 1> 
Execute         cdfg_preprocess -model process_xfMat2stream<8, 0, 1080, 1920, 1> 
Execute         rtl_gen_preprocess process_xfMat2stream<8, 0, 1080, 1920, 1> 
INFO-FLOW: Preprocessing Module: process_blur<8, 0, 1080, 1920, 1> ...
Execute         set_default_model process_blur<8, 0, 1080, 1920, 1> 
Execute         cdfg_preprocess -model process_blur<8, 0, 1080, 1920, 1> 
Execute         rtl_gen_preprocess process_blur<8, 0, 1080, 1920, 1> 
INFO-FLOW: Preprocessing Module: fast_score ...
Execute         set_default_model fast_score 
Execute         cdfg_preprocess -model fast_score 
Execute         rtl_gen_preprocess fast_score 
INFO-FLOW: Preprocessing Module: process_fast<8, 1080, 1920, 1> ...
Execute         set_default_model process_fast<8, 1080, 1920, 1> 
Execute         cdfg_preprocess -model process_fast<8, 1080, 1920, 1> 
Execute         rtl_gen_preprocess process_fast<8, 1080, 1920, 1> 
INFO-FLOW: Preprocessing Module: process_nms<8, 1080, 1920, 1> ...
Execute         set_default_model process_nms<8, 1080, 1920, 1> 
Execute         cdfg_preprocess -model process_nms<8, 1080, 1920, 1> 
Execute         rtl_gen_preprocess process_nms<8, 1080, 1920, 1> 
INFO-FLOW: Preprocessing Module: generic_atan2<20, 20> ...
Execute         set_default_model generic_atan2<20, 20> 
Execute         cdfg_preprocess -model generic_atan2<20, 20> 
Execute         rtl_gen_preprocess generic_atan2<20, 20> 
INFO-FLOW: Preprocessing Module: round_fixed<16, 9> ...
Execute         set_default_model round_fixed<16, 9> 
Execute         cdfg_preprocess -model round_fixed<16, 9> 
Execute         rtl_gen_preprocess round_fixed<16, 9> 
INFO-FLOW: Preprocessing Module: descriptor ...
Execute         set_default_model descriptor 
Execute         cdfg_preprocess -model descriptor 
Execute         rtl_gen_preprocess descriptor 
INFO-FLOW: Preprocessing Module: process_rBRIEF<8, 1080, 1920> ...
Execute         set_default_model process_rBRIEF<8, 1080, 1920> 
Execute         cdfg_preprocess -model process_rBRIEF<8, 1080, 1920> 
Command         cdfg_preprocess done; 4.108 sec.
Execute         rtl_gen_preprocess process_rBRIEF<8, 1080, 1920> 
INFO-FLOW: Preprocessing Module: process_output<8, 0, 1080, 1920, 1> ...
Execute         set_default_model process_output<8, 0, 1080, 1920, 1> 
Execute         cdfg_preprocess -model process_output<8, 0, 1080, 1920, 1> 
Execute         rtl_gen_preprocess process_output<8, 0, 1080, 1920, 1> 
INFO-FLOW: Preprocessing Module: process_ORB<8, 0, 1080, 1920, 1> ...
Execute         set_default_model process_ORB<8, 0, 1080, 1920, 1> 
Execute         cdfg_preprocess -model process_ORB<8, 0, 1080, 1920, 1> 
Execute         rtl_gen_preprocess process_ORB<8, 0, 1080, 1920, 1> 
INFO-FLOW: Preprocessing Module: ORB_accel ...
Execute         set_default_model ORB_accel 
Execute         cdfg_preprocess -model ORB_accel 
Execute         rtl_gen_preprocess ORB_accel 
INFO-FLOW: Model list for synthesis: {process_ORB<8, 0, 1080, 1920, 1>.entry57} {process_ORB<8, 0, 1080, 1920, 1>_Block_.split1_proc} {process_input<8, 0, 1080, 1920, 1>} {process_stream2xfMat<8, 0, 1080, 1920, 1>} xfUDivResize {scaleCompute<17, 42, 20, 48, 16, 1>} {resizeNNBilinear<0, 1080, 1920, 1, 1080, 1920, 1, 8>} {resize<1, 0, 1080, 1920, 1080, 1920, 1, 8>} {process_resize<8, 0, 1080, 1920, 1>} {process_xfMat2stream<8, 0, 1080, 1920, 1>} {process_blur<8, 0, 1080, 1920, 1>} fast_score {process_fast<8, 1080, 1920, 1>} {process_nms<8, 1080, 1920, 1>} {generic_atan2<20, 20>} {round_fixed<16, 9>} descriptor {process_rBRIEF<8, 1080, 1920>} {process_output<8, 0, 1080, 1920, 1>} {process_ORB<8, 0, 1080, 1920, 1>} ORB_accel
INFO: [HLS 200-10] ----------------------------------------------------------------
INFO: [HLS 200-42] -- Implementing module 'process_ORB_8_0_1080_1920_1_entry57' 
INFO: [HLS 200-10] ----------------------------------------------------------------
Execute         set_default_model process_ORB<8, 0, 1080, 1920, 1>.entry57 
Execute         schedule -model process_ORB<8, 0, 1080, 1920, 1>.entry57 
INFO: [SCHED 204-11] Starting scheduling ...
INFO: [SCHED 204-11] Finished scheduling.
INFO: [HLS 200-111] Finished Scheduling: CPU user time: 3 seconds. CPU system time: 0 seconds. Elapsed time: 5.379 seconds; current allocated memory: 795.801 MB.
Execute         syn_report -verbosereport -o C:/Users/lxl/Documents/vitis_hls_ws/Project/Project/hls_project/solution1/.autopilot/db/process_ORB_8_0_1080_1920_1_entry57.verbose.sched.rpt 
Execute           AP::get_flow_target_display_name
Execute             get_solution -flow_target 
Execute         db_write -o C:/Users/lxl/Documents/vitis_hls_ws/Project/Project/hls_project/solution1/.autopilot/db/process_ORB_8_0_1080_1920_1_entry57.sched.adb -f 
INFO-FLOW: Finish scheduling process_ORB<8, 0, 1080, 1920, 1>.entry57.
Execute         set_default_model process_ORB<8, 0, 1080, 1920, 1>.entry57 
Execute         bind -model process_ORB<8, 0, 1080, 1920, 1>.entry57 
INFO: [BIND 205-100] Starting micro-architecture generation ...
INFO: [BIND 205-101] Performing variable lifetime analysis.
INFO: [BIND 205-101] Exploring resource sharing.
INFO: [BIND 205-101] Binding ...
INFO: [BIND 205-100] Finished micro-architecture generation.
Command         bind done; 0.181 sec.
INFO: [HLS 200-111] Finished Binding: CPU user time: 1 seconds. CPU system time: 0 seconds. Elapsed time: 0.335 seconds; current allocated memory: 795.923 MB.
Execute         syn_report -verbosereport -o C:/Users/lxl/Documents/vitis_hls_ws/Project/Project/hls_project/solution1/.autopilot/db/process_ORB_8_0_1080_1920_1_entry57.verbose.bind.rpt 
Execute           AP::get_flow_target_display_name
Execute             get_solution -flow_target 
Execute         db_write -o C:/Users/lxl/Documents/vitis_hls_ws/Project/Project/hls_project/solution1/.autopilot/db/process_ORB_8_0_1080_1920_1_entry57.bind.adb -f 
INFO-FLOW: Finish binding process_ORB<8, 0, 1080, 1920, 1>.entry57.
INFO: [HLS 200-10] ----------------------------------------------------------------
INFO: [HLS 200-42] -- Implementing module 'process_ORB_8_0_1080_1920_1_Block_split1_proc' 
INFO: [HLS 200-10] ----------------------------------------------------------------
Execute         set_default_model process_ORB<8, 0, 1080, 1920, 1>_Block_.split1_proc 
Execute         schedule -model process_ORB<8, 0, 1080, 1920, 1>_Block_.split1_proc 
INFO: [SCHED 204-11] Starting scheduling ...
INFO: [SCHED 204-11] Finished scheduling.
Command         schedule done; 0.144 sec.
INFO: [HLS 200-111] Finished Scheduling: CPU user time: 0 seconds. CPU system time: 0 seconds. Elapsed time: 0.547 seconds; current allocated memory: 795.989 MB.
Execute         syn_report -verbosereport -o C:/Users/lxl/Documents/vitis_hls_ws/Project/Project/hls_project/solution1/.autopilot/db/process_ORB_8_0_1080_1920_1_Block_split1_proc.verbose.sched.rpt 
Execute           AP::get_flow_target_display_name
Execute             get_solution -flow_target 
Execute         db_write -o C:/Users/lxl/Documents/vitis_hls_ws/Project/Project/hls_project/solution1/.autopilot/db/process_ORB_8_0_1080_1920_1_Block_split1_proc.sched.adb -f 
INFO-FLOW: Finish scheduling process_ORB<8, 0, 1080, 1920, 1>_Block_.split1_proc.
Execute         set_default_model process_ORB<8, 0, 1080, 1920, 1>_Block_.split1_proc 
Execute         bind -model process_ORB<8, 0, 1080, 1920, 1>_Block_.split1_proc 
INFO: [BIND 205-100] Starting micro-architecture generation ...
INFO: [BIND 205-101] Performing variable lifetime analysis.
INFO: [BIND 205-101] Exploring resource sharing.
INFO: [BIND 205-101] Binding ...
INFO: [BIND 205-100] Finished micro-architecture generation.
Command         bind done; 0.237 sec.
INFO: [HLS 200-111] Finished Binding: CPU user time: 0 seconds. CPU system time: 0 seconds. Elapsed time: 0.415 seconds; current allocated memory: 796.113 MB.
Execute         syn_report -verbosereport -o C:/Users/lxl/Documents/vitis_hls_ws/Project/Project/hls_project/solution1/.autopilot/db/process_ORB_8_0_1080_1920_1_Block_split1_proc.verbose.bind.rpt 
Execute           AP::get_flow_target_display_name
Execute             get_solution -flow_target 
Execute         db_write -o C:/Users/lxl/Documents/vitis_hls_ws/Project/Project/hls_project/solution1/.autopilot/db/process_ORB_8_0_1080_1920_1_Block_split1_proc.bind.adb -f 
INFO-FLOW: Finish binding process_ORB<8, 0, 1080, 1920, 1>_Block_.split1_proc.
INFO: [HLS 200-10] ----------------------------------------------------------------
INFO: [HLS 200-42] -- Implementing module 'process_input_8_0_1080_1920_1_s' 
INFO: [HLS 200-10] ----------------------------------------------------------------
Execute         set_default_model process_input<8, 0, 1080, 1920, 1> 
Execute         schedule -model process_input<8, 0, 1080, 1920, 1> 
INFO: [SCHED 204-11] Starting scheduling ...
INFO: [HLS 200-486] Changing DSP48 latency (root=mul_ln64) to 3 in order to utilize available DSP registers.
INFO: [SCHED 204-61] Pipelining loop 'VITIS_LOOP_64_1'.
INFO: [HLS 200-1470] Pipelining result : Target II = 1, Final II = 1, Depth = 2, loop 'VITIS_LOOP_64_1'
INFO: [SCHED 204-11] Finished scheduling.
Command         schedule done; 0.209 sec.
INFO: [HLS 200-111] Finished Scheduling: CPU user time: 0 seconds. CPU system time: 0 seconds. Elapsed time: 0.52 seconds; current allocated memory: 796.208 MB.
Execute         syn_report -verbosereport -o C:/Users/lxl/Documents/vitis_hls_ws/Project/Project/hls_project/solution1/.autopilot/db/process_input_8_0_1080_1920_1_s.verbose.sched.rpt 
Execute           AP::get_flow_target_display_name
Execute             get_solution -flow_target 
Execute         db_write -o C:/Users/lxl/Documents/vitis_hls_ws/Project/Project/hls_project/solution1/.autopilot/db/process_input_8_0_1080_1920_1_s.sched.adb -f 
INFO-FLOW: Finish scheduling process_input<8, 0, 1080, 1920, 1>.
Execute         set_default_model process_input<8, 0, 1080, 1920, 1> 
Execute         bind -model process_input<8, 0, 1080, 1920, 1> 
INFO: [BIND 205-100] Starting micro-architecture generation ...
INFO: [BIND 205-101] Performing variable lifetime analysis.
INFO: [BIND 205-101] Exploring resource sharing.
INFO: [BIND 205-101] Binding ...
INFO: [BIND 205-100] Finished micro-architecture generation.
Command         bind done; 0.285 sec.
INFO: [HLS 200-111] Finished Binding: CPU user time: 0 seconds. CPU system time: 0 seconds. Elapsed time: 0.53 seconds; current allocated memory: 796.391 MB.
Execute         syn_report -verbosereport -o C:/Users/lxl/Documents/vitis_hls_ws/Project/Project/hls_project/solution1/.autopilot/db/process_input_8_0_1080_1920_1_s.verbose.bind.rpt 
Execute           AP::get_flow_target_display_name
Execute             get_solution -flow_target 
Execute         db_write -o C:/Users/lxl/Documents/vitis_hls_ws/Project/Project/hls_project/solution1/.autopilot/db/process_input_8_0_1080_1920_1_s.bind.adb -f 
INFO-FLOW: Finish binding process_input<8, 0, 1080, 1920, 1>.
INFO: [HLS 200-10] ----------------------------------------------------------------
INFO: [HLS 200-42] -- Implementing module 'process_stream2xfMat_8_0_1080_1920_1_s' 
INFO: [HLS 200-10] ----------------------------------------------------------------
Execute         set_default_model process_stream2xfMat<8, 0, 1080, 1920, 1> 
Execute         schedule -model process_stream2xfMat<8, 0, 1080, 1920, 1> 
INFO: [SCHED 204-11] Starting scheduling ...
INFO: [HLS 200-486] Changing DSP48 latency (root=mul_ln74) to 3 in order to utilize available DSP registers.
INFO: [SCHED 204-61] Pipelining loop 'VITIS_LOOP_74_1'.
INFO: [HLS 200-1470] Pipelining result : Target II = 1, Final II = 1, Depth = 2, loop 'VITIS_LOOP_74_1'
INFO: [SCHED 204-11] Finished scheduling.
Command         schedule done; 0.259 sec.
INFO: [HLS 200-111] Finished Scheduling: CPU user time: 0 seconds. CPU system time: 0 seconds. Elapsed time: 0.603 seconds; current allocated memory: 796.493 MB.
Execute         syn_report -verbosereport -o C:/Users/lxl/Documents/vitis_hls_ws/Project/Project/hls_project/solution1/.autopilot/db/process_stream2xfMat_8_0_1080_1920_1_s.verbose.sched.rpt 
Execute           AP::get_flow_target_display_name
Execute             get_solution -flow_target 
Execute         db_write -o C:/Users/lxl/Documents/vitis_hls_ws/Project/Project/hls_project/solution1/.autopilot/db/process_stream2xfMat_8_0_1080_1920_1_s.sched.adb -f 
INFO-FLOW: Finish scheduling process_stream2xfMat<8, 0, 1080, 1920, 1>.
Execute         set_default_model process_stream2xfMat<8, 0, 1080, 1920, 1> 
Execute         bind -model process_stream2xfMat<8, 0, 1080, 1920, 1> 
INFO: [BIND 205-100] Starting micro-architecture generation ...
INFO: [BIND 205-101] Performing variable lifetime analysis.
INFO: [BIND 205-101] Exploring resource sharing.
INFO: [BIND 205-101] Binding ...
INFO: [BIND 205-100] Finished micro-architecture generation.
Command         bind done; 0.205 sec.
INFO: [HLS 200-111] Finished Binding: CPU user time: 0 seconds. CPU system time: 0 seconds. Elapsed time: 0.362 seconds; current allocated memory: 796.636 MB.
Execute         syn_report -verbosereport -o C:/Users/lxl/Documents/vitis_hls_ws/Project/Project/hls_project/solution1/.autopilot/db/process_stream2xfMat_8_0_1080_1920_1_s.verbose.bind.rpt 
Execute           AP::get_flow_target_display_name
Execute             get_solution -flow_target 
Execute         db_write -o C:/Users/lxl/Documents/vitis_hls_ws/Project/Project/hls_project/solution1/.autopilot/db/process_stream2xfMat_8_0_1080_1920_1_s.bind.adb -f 
INFO-FLOW: Finish binding process_stream2xfMat<8, 0, 1080, 1920, 1>.
INFO: [HLS 200-10] ----------------------------------------------------------------
INFO: [HLS 200-42] -- Implementing module 'xfUDivResize' 
INFO: [HLS 200-10] ----------------------------------------------------------------
Execute         set_default_model xfUDivResize 
Execute         schedule -model xfUDivResize 
INFO: [SCHED 204-11] Starting scheduling ...
INFO: [SCHED 204-11] Finished scheduling.
Command         schedule done; 0.129 sec.
INFO: [HLS 200-111] Finished Scheduling: CPU user time: 1 seconds. CPU system time: 0 seconds. Elapsed time: 0.397 seconds; current allocated memory: 796.756 MB.
Execute         syn_report -verbosereport -o C:/Users/lxl/Documents/vitis_hls_ws/Project/Project/hls_project/solution1/.autopilot/db/xfUDivResize.verbose.sched.rpt 
Execute           AP::get_flow_target_display_name
Execute             get_solution -flow_target 
Execute         db_write -o C:/Users/lxl/Documents/vitis_hls_ws/Project/Project/hls_project/solution1/.autopilot/db/xfUDivResize.sched.adb -f 
INFO-FLOW: Finish scheduling xfUDivResize.
Execute         set_default_model xfUDivResize 
Execute         bind -model xfUDivResize 
INFO: [BIND 205-100] Starting micro-architecture generation ...
INFO: [BIND 205-101] Performing variable lifetime analysis.
INFO: [BIND 205-101] Exploring resource sharing.
INFO: [BIND 205-101] Binding ...
INFO: [BIND 205-100] Finished micro-architecture generation.
Command         bind done; 0.229 sec.
INFO: [HLS 200-111] Finished Binding: CPU user time: 0 seconds. CPU system time: 0 seconds. Elapsed time: 0.467 seconds; current allocated memory: 796.868 MB.
Execute         syn_report -verbosereport -o C:/Users/lxl/Documents/vitis_hls_ws/Project/Project/hls_project/solution1/.autopilot/db/xfUDivResize.verbose.bind.rpt 
Execute           AP::get_flow_target_display_name
Execute             get_solution -flow_target 
Execute         db_write -o C:/Users/lxl/Documents/vitis_hls_ws/Project/Project/hls_project/solution1/.autopilot/db/xfUDivResize.bind.adb -f 
INFO-FLOW: Finish binding xfUDivResize.
INFO: [HLS 200-10] ----------------------------------------------------------------
INFO: [HLS 200-42] -- Implementing module 'scaleCompute_17_42_20_48_16_1_s' 
INFO: [HLS 200-10] ----------------------------------------------------------------
Execute         set_default_model scaleCompute<17, 42, 20, 48, 16, 1> 
Execute         schedule -model scaleCompute<17, 42, 20, 48, 16, 1> 
INFO: [SCHED 204-11] Starting scheduling ...
INFO: [SCHED 204-61] Pipelining function 'scaleCompute<17, 42, 20, 48, 16, 1>'.
INFO: [HLS 200-1470] Pipelining result : Target II = 1, Final II = 1, Depth = 1, function 'scaleCompute<17, 42, 20, 48, 16, 1>'
INFO: [SCHED 204-11] Finished scheduling.
Command         schedule done; 0.167 sec.
INFO: [HLS 200-111] Finished Scheduling: CPU user time: 0 seconds. CPU system time: 0 seconds. Elapsed time: 0.482 seconds; current allocated memory: 796.928 MB.
Execute         syn_report -verbosereport -o C:/Users/lxl/Documents/vitis_hls_ws/Project/Project/hls_project/solution1/.autopilot/db/scaleCompute_17_42_20_48_16_1_s.verbose.sched.rpt 
Execute           AP::get_flow_target_display_name
Execute             get_solution -flow_target 
Execute         db_write -o C:/Users/lxl/Documents/vitis_hls_ws/Project/Project/hls_project/solution1/.autopilot/db/scaleCompute_17_42_20_48_16_1_s.sched.adb -f 
INFO-FLOW: Finish scheduling scaleCompute<17, 42, 20, 48, 16, 1>.
Execute         set_default_model scaleCompute<17, 42, 20, 48, 16, 1> 
Execute         bind -model scaleCompute<17, 42, 20, 48, 16, 1> 
INFO: [BIND 205-100] Starting micro-architecture generation ...
INFO: [BIND 205-101] Performing variable lifetime analysis.
INFO: [BIND 205-101] Exploring resource sharing.
INFO: [BIND 205-101] Binding ...
INFO: [BIND 205-100] Finished micro-architecture generation.
Command         bind done; 0.199 sec.
INFO: [HLS 200-111] Finished Binding: CPU user time: 0 seconds. CPU system time: 0 seconds. Elapsed time: 0.346 seconds; current allocated memory: 796.986 MB.
Execute         syn_report -verbosereport -o C:/Users/lxl/Documents/vitis_hls_ws/Project/Project/hls_project/solution1/.autopilot/db/scaleCompute_17_42_20_48_16_1_s.verbose.bind.rpt 
Execute           AP::get_flow_target_display_name
Execute             get_solution -flow_target 
Execute         db_write -o C:/Users/lxl/Documents/vitis_hls_ws/Project/Project/hls_project/solution1/.autopilot/db/scaleCompute_17_42_20_48_16_1_s.bind.adb -f 
INFO-FLOW: Finish binding scaleCompute<17, 42, 20, 48, 16, 1>.
INFO: [HLS 200-10] ----------------------------------------------------------------
INFO: [HLS 200-42] -- Implementing module 'resizeNNBilinear_0_1080_1920_1_1080_1920_1_8_s' 
INFO: [HLS 200-10] ----------------------------------------------------------------
Execute         set_default_model resizeNNBilinear<0, 1080, 1920, 1, 1080, 1920, 1, 8> 
Execute         schedule -model resizeNNBilinear<0, 1080, 1920, 1, 1080, 1920, 1, 8> 
INFO: [SCHED 204-11] Starting scheduling ...
INFO: [HLS 200-486] Changing DSP48 latency (root=r_V_7) to 3 in order to utilize available DSP registers.
INFO: [HLS 200-486] Changing DSP48 latency (root=r_V_9) to 3 in order to utilize available DSP registers.
INFO: [HLS 200-486] Changing DSP48 latency (root=r_V_8) to 3 in order to utilize available DSP registers.
INFO: [HLS 200-486] Changing DSP48 latency (root=r_V) to 3 in order to utilize available DSP registers.
INFO: [HLS 200-1457] Automatically inferring 1WnR RAM type for array 'line_buffer_V_1_0'. Use bind_storage pragma to overwrite if needed.
INFO: [HLS 200-1457] Automatically inferring 1WnR RAM type for array 'line_buffer_V_0_0'. Use bind_storage pragma to overwrite if needed.
INFO: [HLS 200-1457] Automatically inferring 1WnR RAM type for array 'line_buffer_V_2_0'. Use bind_storage pragma to overwrite if needed.
INFO: [SCHED 204-61] Pipelining loop 'VITIS_LOOP_332_1_VITIS_LOOP_337_2'.
INFO: [HLS 200-1470] Pipelining result : Target II = 1, Final II = 1, Depth = 2, loop 'VITIS_LOOP_332_1_VITIS_LOOP_337_2'
INFO: [SCHED 204-61] Pipelining loop 'VITIS_LOOP_389_5'.
INFO: [HLS 200-1470] Pipelining result : Target II = 1, Final II = 1, Depth = 9, loop 'VITIS_LOOP_389_5'
INFO: [SCHED 204-11] Finished scheduling.
Command         schedule done; 0.661 sec.
INFO: [HLS 200-111] Finished Scheduling: CPU user time: 0 seconds. CPU system time: 0 seconds. Elapsed time: 0.928 seconds; current allocated memory: 797.850 MB.
Execute         syn_report -verbosereport -o C:/Users/lxl/Documents/vitis_hls_ws/Project/Project/hls_project/solution1/.autopilot/db/resizeNNBilinear_0_1080_1920_1_1080_1920_1_8_s.verbose.sched.rpt 
Execute           AP::get_flow_target_display_name
Execute             get_solution -flow_target 
Execute         db_write -o C:/Users/lxl/Documents/vitis_hls_ws/Project/Project/hls_project/solution1/.autopilot/db/resizeNNBilinear_0_1080_1920_1_1080_1920_1_8_s.sched.adb -f 
INFO-FLOW: Finish scheduling resizeNNBilinear<0, 1080, 1920, 1, 1080, 1920, 1, 8>.
Execute         set_default_model resizeNNBilinear<0, 1080, 1920, 1, 1080, 1920, 1, 8> 
Execute         bind -model resizeNNBilinear<0, 1080, 1920, 1, 1080, 1920, 1, 8> 
INFO: [BIND 205-100] Starting micro-architecture generation ...
INFO: [BIND 205-101] Performing variable lifetime analysis.
INFO: [BIND 205-101] Exploring resource sharing.
INFO: [BIND 205-101] Binding ...
INFO: [BIND 205-100] Starting global binding ...
INFO: [BIND 205-100] Starting global binding ...
INFO: [BIND 205-100] Finished micro-architecture generation.
Command         bind done; 0.354 sec.
INFO: [HLS 200-111] Finished Binding: CPU user time: 1 seconds. CPU system time: 0 seconds. Elapsed time: 0.613 seconds; current allocated memory: 798.930 MB.
Execute         syn_report -verbosereport -o C:/Users/lxl/Documents/vitis_hls_ws/Project/Project/hls_project/solution1/.autopilot/db/resizeNNBilinear_0_1080_1920_1_1080_1920_1_8_s.verbose.bind.rpt 
Execute           AP::get_flow_target_display_name
Execute             get_solution -flow_target 
Command         syn_report done; 0.25 sec.
Execute         db_write -o C:/Users/lxl/Documents/vitis_hls_ws/Project/Project/hls_project/solution1/.autopilot/db/resizeNNBilinear_0_1080_1920_1_1080_1920_1_8_s.bind.adb -f 
INFO-FLOW: Finish binding resizeNNBilinear<0, 1080, 1920, 1, 1080, 1920, 1, 8>.
INFO: [HLS 200-10] ----------------------------------------------------------------
INFO: [HLS 200-42] -- Implementing module 'resize_1_0_1080_1920_1080_1920_1_8_s' 
INFO: [HLS 200-10] ----------------------------------------------------------------
Execute         set_default_model resize<1, 0, 1080, 1920, 1080, 1920, 1, 8> 
Execute         schedule -model resize<1, 0, 1080, 1920, 1080, 1920, 1, 8> 
INFO: [SCHED 204-11] Starting scheduling ...
INFO: [SCHED 204-11] Finished scheduling.
INFO: [HLS 200-111] Finished Scheduling: CPU user time: 0 seconds. CPU system time: 0 seconds. Elapsed time: 0.629 seconds; current allocated memory: 798.976 MB.
Execute         syn_report -verbosereport -o C:/Users/lxl/Documents/vitis_hls_ws/Project/Project/hls_project/solution1/.autopilot/db/resize_1_0_1080_1920_1080_1920_1_8_s.verbose.sched.rpt 
Execute           AP::get_flow_target_display_name
Execute             get_solution -flow_target 
Execute         db_write -o C:/Users/lxl/Documents/vitis_hls_ws/Project/Project/hls_project/solution1/.autopilot/db/resize_1_0_1080_1920_1080_1920_1_8_s.sched.adb -f 
INFO-FLOW: Finish scheduling resize<1, 0, 1080, 1920, 1080, 1920, 1, 8>.
Execute         set_default_model resize<1, 0, 1080, 1920, 1080, 1920, 1, 8> 
Execute         bind -model resize<1, 0, 1080, 1920, 1080, 1920, 1, 8> 
INFO: [BIND 205-100] Starting micro-architecture generation ...
INFO: [BIND 205-101] Performing variable lifetime analysis.
INFO: [BIND 205-101] Exploring resource sharing.
INFO: [BIND 205-101] Binding ...
INFO: [BIND 205-100] Finished micro-architecture generation.
Command         bind done; 0.256 sec.
INFO: [HLS 200-111] Finished Binding: CPU user time: 0 seconds. CPU system time: 0 seconds. Elapsed time: 0.406 seconds; current allocated memory: 799.049 MB.
Execute         syn_report -verbosereport -o C:/Users/lxl/Documents/vitis_hls_ws/Project/Project/hls_project/solution1/.autopilot/db/resize_1_0_1080_1920_1080_1920_1_8_s.verbose.bind.rpt 
Execute           AP::get_flow_target_display_name
Execute             get_solution -flow_target 
Command         syn_report done; 0.195 sec.
Execute         db_write -o C:/Users/lxl/Documents/vitis_hls_ws/Project/Project/hls_project/solution1/.autopilot/db/resize_1_0_1080_1920_1080_1920_1_8_s.bind.adb -f 
INFO-FLOW: Finish binding resize<1, 0, 1080, 1920, 1080, 1920, 1, 8>.
INFO: [HLS 200-10] ----------------------------------------------------------------
INFO: [HLS 200-42] -- Implementing module 'process_resize_8_0_1080_1920_1_s' 
INFO: [HLS 200-10] ----------------------------------------------------------------
Execute         set_default_model process_resize<8, 0, 1080, 1920, 1> 
Execute         schedule -model process_resize<8, 0, 1080, 1920, 1> 
INFO: [SCHED 204-11] Starting scheduling ...
INFO: [SCHED 204-11] Finished scheduling.
Command         schedule done; 0.113 sec.
INFO: [HLS 200-111] Finished Scheduling: CPU user time: 0 seconds. CPU system time: 0 seconds. Elapsed time: 0.584 seconds; current allocated memory: 799.107 MB.
Execute         syn_report -verbosereport -o C:/Users/lxl/Documents/vitis_hls_ws/Project/Project/hls_project/solution1/.autopilot/db/process_resize_8_0_1080_1920_1_s.verbose.sched.rpt 
Execute           AP::get_flow_target_display_name
Execute             get_solution -flow_target 
Execute         db_write -o C:/Users/lxl/Documents/vitis_hls_ws/Project/Project/hls_project/solution1/.autopilot/db/process_resize_8_0_1080_1920_1_s.sched.adb -f 
INFO-FLOW: Finish scheduling process_resize<8, 0, 1080, 1920, 1>.
Execute         set_default_model process_resize<8, 0, 1080, 1920, 1> 
Execute         bind -model process_resize<8, 0, 1080, 1920, 1> 
INFO: [BIND 205-100] Starting micro-architecture generation ...
INFO: [BIND 205-101] Performing variable lifetime analysis.
INFO: [BIND 205-101] Exploring resource sharing.
INFO: [BIND 205-101] Binding ...
INFO: [BIND 205-100] Finished micro-architecture generation.
Command         bind done; 0.347 sec.
INFO: [HLS 200-111] Finished Binding: CPU user time: 1 seconds. CPU system time: 0 seconds. Elapsed time: 0.547 seconds; current allocated memory: 799.233 MB.
Execute         syn_report -verbosereport -o C:/Users/lxl/Documents/vitis_hls_ws/Project/Project/hls_project/solution1/.autopilot/db/process_resize_8_0_1080_1920_1_s.verbose.bind.rpt 
Execute           AP::get_flow_target_display_name
Execute             get_solution -flow_target 
Command         syn_report done; 0.2 sec.
Execute         db_write -o C:/Users/lxl/Documents/vitis_hls_ws/Project/Project/hls_project/solution1/.autopilot/db/process_resize_8_0_1080_1920_1_s.bind.adb -f 
INFO-FLOW: Finish binding process_resize<8, 0, 1080, 1920, 1>.
INFO: [HLS 200-10] ----------------------------------------------------------------
INFO: [HLS 200-42] -- Implementing module 'process_xfMat2stream_8_0_1080_1920_1_s' 
INFO: [HLS 200-10] ----------------------------------------------------------------
Execute         set_default_model process_xfMat2stream<8, 0, 1080, 1920, 1> 
Execute         schedule -model process_xfMat2stream<8, 0, 1080, 1920, 1> 
INFO: [SCHED 204-11] Starting scheduling ...
INFO: [HLS 200-486] Changing DSP48 latency (root=mul_ln84) to 3 in order to utilize available DSP registers.
INFO: [SCHED 204-61] Pipelining loop 'VITIS_LOOP_84_1'.
INFO: [HLS 200-1470] Pipelining result : Target II = 1, Final II = 1, Depth = 2, loop 'VITIS_LOOP_84_1'
INFO: [SCHED 204-11] Finished scheduling.
Command         schedule done; 0.234 sec.
INFO: [HLS 200-111] Finished Scheduling: CPU user time: 0 seconds. CPU system time: 0 seconds. Elapsed time: 0.696 seconds; current allocated memory: 799.313 MB.
Execute         syn_report -verbosereport -o C:/Users/lxl/Documents/vitis_hls_ws/Project/Project/hls_project/solution1/.autopilot/db/process_xfMat2stream_8_0_1080_1920_1_s.verbose.sched.rpt 
Execute           AP::get_flow_target_display_name
Execute             get_solution -flow_target 
Execute         db_write -o C:/Users/lxl/Documents/vitis_hls_ws/Project/Project/hls_project/solution1/.autopilot/db/process_xfMat2stream_8_0_1080_1920_1_s.sched.adb -f 
INFO-FLOW: Finish scheduling process_xfMat2stream<8, 0, 1080, 1920, 1>.
Execute         set_default_model process_xfMat2stream<8, 0, 1080, 1920, 1> 
Execute         bind -model process_xfMat2stream<8, 0, 1080, 1920, 1> 
INFO: [BIND 205-100] Starting micro-architecture generation ...
INFO: [BIND 205-101] Performing variable lifetime analysis.
INFO: [BIND 205-101] Exploring resource sharing.
INFO: [BIND 205-101] Binding ...
INFO: [BIND 205-100] Finished micro-architecture generation.
Command         bind done; 0.215 sec.
INFO: [HLS 200-111] Finished Binding: CPU user time: 0 seconds. CPU system time: 0 seconds. Elapsed time: 0.4 seconds; current allocated memory: 799.436 MB.
Execute         syn_report -verbosereport -o C:/Users/lxl/Documents/vitis_hls_ws/Project/Project/hls_project/solution1/.autopilot/db/process_xfMat2stream_8_0_1080_1920_1_s.verbose.bind.rpt 
Execute           AP::get_flow_target_display_name
Execute             get_solution -flow_target 
Execute         db_write -o C:/Users/lxl/Documents/vitis_hls_ws/Project/Project/hls_project/solution1/.autopilot/db/process_xfMat2stream_8_0_1080_1920_1_s.bind.adb -f 
INFO-FLOW: Finish binding process_xfMat2stream<8, 0, 1080, 1920, 1>.
INFO: [HLS 200-10] ----------------------------------------------------------------
INFO: [HLS 200-42] -- Implementing module 'process_blur_8_0_1080_1920_1_s' 
INFO: [HLS 200-10] ----------------------------------------------------------------
Execute         set_default_model process_blur<8, 0, 1080, 1920, 1> 
Execute         schedule -model process_blur<8, 0, 1080, 1920, 1> 
INFO: [SCHED 204-11] Starting scheduling ...
INFO: [HLS 200-486] Changing DSP48 latency (root=add_ln147) to 3 in order to utilize available DSP registers.
INFO: [HLS 200-486] Changing DSP48 latency (root=mul39_i) to 3 in order to utilize available DSP registers.
INFO: [HLS 200-486] Changing DSP48 latency (root=mul_ln1118_27) to 3 in order to utilize available DSP registers.
INFO: [HLS 200-486] Changing DSP48 latency (root=mul_ln1118_26) to 3 in order to utilize available DSP registers.
INFO: [HLS 200-486] Changing DSP48 latency (root=mul_ln1118_25) to 3 in order to utilize available DSP registers.
INFO: [HLS 200-486] Changing DSP48 latency (root=mul_ln1118_21) to 3 in order to utilize available DSP registers.
INFO: [HLS 200-486] Changing DSP48 latency (root=mul_ln1118_20) to 3 in order to utilize available DSP registers.
INFO: [HLS 200-486] Changing DSP48 latency (root=mul_ln1118_19) to 3 in order to utilize available DSP registers.
INFO: [HLS 200-486] Changing DSP48 latency (root=mul_ln1118_15) to 3 in order to utilize available DSP registers.
INFO: [HLS 200-486] Changing DSP48 latency (root=mul_ln1118_14) to 3 in order to utilize available DSP registers.
INFO: [HLS 200-486] Changing DSP48 latency (root=mul_ln1118_13) to 3 in order to utilize available DSP registers.
INFO: [SCHED 204-61] Pipelining loop 'loop_init_window_row_loop_init_window_col'.
INFO: [HLS 200-1470] Pipelining result : Target II = 1, Final II = 1, Depth = 1, loop 'loop_init_window_row_loop_init_window_col'
INFO: [SCHED 204-61] Pipelining loop 'loop_init_line_VITIS_LOOP_141_1'.
INFO: [HLS 200-1470] Pipelining result : Target II = 1, Final II = 1, Depth = 1, loop 'loop_init_line_VITIS_LOOP_141_1'
INFO: [SCHED 204-61] Pipelining loop 'loop_blur'.
INFO: [HLS 200-1470] Pipelining result : Target II = 1, Final II = 1, Depth = 31, loop 'loop_blur'
INFO: [SCHED 204-11] Finished scheduling.
Command         schedule done; 1.261 sec.
INFO: [HLS 200-111] Finished Scheduling: CPU user time: 1 seconds. CPU system time: 0 seconds. Elapsed time: 1.541 seconds; current allocated memory: 801.714 MB.
Execute         syn_report -verbosereport -o C:/Users/lxl/Documents/vitis_hls_ws/Project/Project/hls_project/solution1/.autopilot/db/process_blur_8_0_1080_1920_1_s.verbose.sched.rpt 
Execute           AP::get_flow_target_display_name
Execute             get_solution -flow_target 
Command         syn_report done; 0.212 sec.
Execute         db_write -o C:/Users/lxl/Documents/vitis_hls_ws/Project/Project/hls_project/solution1/.autopilot/db/process_blur_8_0_1080_1920_1_s.sched.adb -f 
INFO-FLOW: Finish scheduling process_blur<8, 0, 1080, 1920, 1>.
Execute         set_default_model process_blur<8, 0, 1080, 1920, 1> 
Execute         bind -model process_blur<8, 0, 1080, 1920, 1> 
INFO: [BIND 205-100] Starting micro-architecture generation ...
INFO: [BIND 205-101] Performing variable lifetime analysis.
INFO: [BIND 205-101] Exploring resource sharing.
WARNING: [BIND 205-102] The specified resource core for memory 'line_buffer_val_V_1' will be ignored if a simpler one can be used.
WARNING: [BIND 205-102] The specified resource core for memory 'line_buffer_val_V_2' will be ignored if a simpler one can be used.
WARNING: [BIND 205-102] The specified resource core for memory 'line_buffer_val_V_3' will be ignored if a simpler one can be used.
WARNING: [BIND 205-102] The specified resource core for memory 'line_buffer_val_V_4' will be ignored if a simpler one can be used.
WARNING: [BIND 205-102] The specified resource core for memory 'line_buffer_val_V_5' will be ignored if a simpler one can be used.
WARNING: [BIND 205-102] The specified resource core for memory 'line_buffer_val_V_6' will be ignored if a simpler one can be used.
INFO: [BIND 205-101] Binding ...
INFO: [BIND 205-100] Finished micro-architecture generation.
Command         bind done; 0.611 sec.
INFO: [HLS 200-111] Finished Binding: CPU user time: 0 seconds. CPU system time: 0 seconds. Elapsed time: 1.047 seconds; current allocated memory: 804.642 MB.
Execute         syn_report -verbosereport -o C:/Users/lxl/Documents/vitis_hls_ws/Project/Project/hls_project/solution1/.autopilot/db/process_blur_8_0_1080_1920_1_s.verbose.bind.rpt 
Execute           AP::get_flow_target_display_name
Execute             get_solution -flow_target 
Command         syn_report done; 0.449 sec.
Execute         db_write -o C:/Users/lxl/Documents/vitis_hls_ws/Project/Project/hls_project/solution1/.autopilot/db/process_blur_8_0_1080_1920_1_s.bind.adb -f 
Command         db_write done; 0.138 sec.
INFO-FLOW: Finish binding process_blur<8, 0, 1080, 1920, 1>.
INFO: [HLS 200-10] ----------------------------------------------------------------
INFO: [HLS 200-42] -- Implementing module 'fast_score' 
INFO: [HLS 200-10] ----------------------------------------------------------------
Execute         set_default_model fast_score 
Execute         schedule -model fast_score 
INFO: [SCHED 204-11] Starting scheduling ...
INFO: [SCHED 204-61] Pipelining function 'fast_score'.
INFO: [HLS 200-1470] Pipelining result : Target II = 1, Final II = 1, Depth = 4, function 'fast_score'
INFO: [SCHED 204-11] Finished scheduling.
Command         schedule done; 0.337 sec.
INFO: [HLS 200-111] Finished Scheduling: CPU user time: 1 seconds. CPU system time: 0 seconds. Elapsed time: 1.216 seconds; current allocated memory: 805.406 MB.
Execute         syn_report -verbosereport -o C:/Users/lxl/Documents/vitis_hls_ws/Project/Project/hls_project/solution1/.autopilot/db/fast_score.verbose.sched.rpt 
Execute           AP::get_flow_target_display_name
Execute             get_solution -flow_target 
Command         syn_report done; 0.151 sec.
Execute         db_write -o C:/Users/lxl/Documents/vitis_hls_ws/Project/Project/hls_project/solution1/.autopilot/db/fast_score.sched.adb -f 
INFO-FLOW: Finish scheduling fast_score.
Execute         set_default_model fast_score 
Execute         bind -model fast_score 
INFO: [BIND 205-100] Starting micro-architecture generation ...
INFO: [BIND 205-101] Performing variable lifetime analysis.
INFO: [BIND 205-101] Exploring resource sharing.
INFO: [BIND 205-101] Binding ...
INFO: [BIND 205-100] Finished micro-architecture generation.
Command         bind done; 0.441 sec.
INFO: [HLS 200-111] Finished Binding: CPU user time: 0 seconds. CPU system time: 0 seconds. Elapsed time: 0.778 seconds; current allocated memory: 806.344 MB.
Execute         syn_report -verbosereport -o C:/Users/lxl/Documents/vitis_hls_ws/Project/Project/hls_project/solution1/.autopilot/db/fast_score.verbose.bind.rpt 
Execute           AP::get_flow_target_display_name
Execute             get_solution -flow_target 
Command         syn_report done; 0.49 sec.
Execute         db_write -o C:/Users/lxl/Documents/vitis_hls_ws/Project/Project/hls_project/solution1/.autopilot/db/fast_score.bind.adb -f 
INFO-FLOW: Finish binding fast_score.
INFO: [HLS 200-10] ----------------------------------------------------------------
INFO: [HLS 200-42] -- Implementing module 'process_fast_8_1080_1920_1_s' 
INFO: [HLS 200-10] ----------------------------------------------------------------
Execute         set_default_model process_fast<8, 1080, 1920, 1> 
Execute         schedule -model process_fast<8, 1080, 1920, 1> 
INFO: [SCHED 204-11] Starting scheduling ...
INFO: [SCHED 204-61] Pipelining loop 'loop_buffer_col'.
INFO: [HLS 200-1470] Pipelining result : Target II = 1, Final II = 1, Depth = 10, loop 'loop_buffer_col'
INFO: [SCHED 204-61] Pipelining loop 'VITIS_LOOP_152_4'.
INFO: [HLS 200-1470] Pipelining result : Target II = 1, Final II = 1, Depth = 2, loop 'VITIS_LOOP_152_4'
INFO: [SCHED 204-11] Finished scheduling.
Command         schedule done; 0.472 sec.
INFO: [HLS 200-111] Finished Scheduling: CPU user time: 1 seconds. CPU system time: 0 seconds. Elapsed time: 1.264 seconds; current allocated memory: 807.587 MB.
Execute         syn_report -verbosereport -o C:/Users/lxl/Documents/vitis_hls_ws/Project/Project/hls_project/solution1/.autopilot/db/process_fast_8_1080_1920_1_s.verbose.sched.rpt 
Execute           AP::get_flow_target_display_name
Execute             get_solution -flow_target 
Command         syn_report done; 0.128 sec.
Execute         db_write -o C:/Users/lxl/Documents/vitis_hls_ws/Project/Project/hls_project/solution1/.autopilot/db/process_fast_8_1080_1920_1_s.sched.adb -f 
INFO-FLOW: Finish scheduling process_fast<8, 1080, 1920, 1>.
Execute         set_default_model process_fast<8, 1080, 1920, 1> 
Execute         bind -model process_fast<8, 1080, 1920, 1> 
INFO: [BIND 205-100] Starting micro-architecture generation ...
INFO: [BIND 205-101] Performing variable lifetime analysis.
INFO: [BIND 205-101] Exploring resource sharing.
WARNING: [BIND 205-102] The specified resource core for memory 'line_buffer_val_V_1' will be ignored if a simpler one can be used.
WARNING: [BIND 205-102] The specified resource core for memory 'line_buffer_val_V_2' will be ignored if a simpler one can be used.
WARNING: [BIND 205-102] The specified resource core for memory 'line_buffer_val_V_3' will be ignored if a simpler one can be used.
WARNING: [BIND 205-102] The specified resource core for memory 'line_buffer_val_V_4' will be ignored if a simpler one can be used.
WARNING: [BIND 205-102] The specified resource core for memory 'line_buffer_val_V_5' will be ignored if a simpler one can be used.
WARNING: [BIND 205-102] The specified resource core for memory 'line_buffer_val_V_6' will be ignored if a simpler one can be used.
INFO: [BIND 205-101] Binding ...
INFO: [BIND 205-100] Finished micro-architecture generation.
Command         bind done; 0.771 sec.
INFO: [HLS 200-111] Finished Binding: CPU user time: 0 seconds. CPU system time: 0 seconds. Elapsed time: 1.088 seconds; current allocated memory: 809.136 MB.
Execute         syn_report -verbosereport -o C:/Users/lxl/Documents/vitis_hls_ws/Project/Project/hls_project/solution1/.autopilot/db/process_fast_8_1080_1920_1_s.verbose.bind.rpt 
Execute           AP::get_flow_target_display_name
Execute             get_solution -flow_target 
Command         syn_report done; 0.985 sec.
Execute         db_write -o C:/Users/lxl/Documents/vitis_hls_ws/Project/Project/hls_project/solution1/.autopilot/db/process_fast_8_1080_1920_1_s.bind.adb -f 
INFO-FLOW: Finish binding process_fast<8, 1080, 1920, 1>.
INFO: [HLS 200-10] ----------------------------------------------------------------
INFO: [HLS 200-42] -- Implementing module 'process_nms_8_1080_1920_1_s' 
INFO: [HLS 200-10] ----------------------------------------------------------------
Execute         set_default_model process_nms<8, 1080, 1920, 1> 
Execute         schedule -model process_nms<8, 1080, 1920, 1> 
INFO: [SCHED 204-11] Starting scheduling ...
INFO: [SCHED 204-61] Pipelining loop 'loop_buffer_col'.
INFO: [HLS 200-1470] Pipelining result : Target II = 1, Final II = 1, Depth = 2, loop 'loop_buffer_col'
INFO: [SCHED 204-61] Pipelining loop 'VITIS_LOOP_212_2'.
INFO: [HLS 200-1470] Pipelining result : Target II = 1, Final II = 1, Depth = 2, loop 'VITIS_LOOP_212_2'
INFO: [SCHED 204-11] Finished scheduling.
Command         schedule done; 0.281 sec.
INFO: [HLS 200-111] Finished Scheduling: CPU user time: 1 seconds. CPU system time: 0 seconds. Elapsed time: 1.576 seconds; current allocated memory: 809.485 MB.
Execute         syn_report -verbosereport -o C:/Users/lxl/Documents/vitis_hls_ws/Project/Project/hls_project/solution1/.autopilot/db/process_nms_8_1080_1920_1_s.verbose.sched.rpt 
Execute           AP::get_flow_target_display_name
Execute             get_solution -flow_target 
Execute         db_write -o C:/Users/lxl/Documents/vitis_hls_ws/Project/Project/hls_project/solution1/.autopilot/db/process_nms_8_1080_1920_1_s.sched.adb -f 
INFO-FLOW: Finish scheduling process_nms<8, 1080, 1920, 1>.
Execute         set_default_model process_nms<8, 1080, 1920, 1> 
Execute         bind -model process_nms<8, 1080, 1920, 1> 
INFO: [BIND 205-100] Starting micro-architecture generation ...
INFO: [BIND 205-101] Performing variable lifetime analysis.
INFO: [BIND 205-101] Exploring resource sharing.
WARNING: [BIND 205-102] The specified resource core for memory 'line_buffer_val_V_1' will be ignored if a simpler one can be used.
WARNING: [BIND 205-102] The specified resource core for memory 'line_buffer_val_V_2' will be ignored if a simpler one can be used.
INFO: [BIND 205-101] Binding ...
INFO: [BIND 205-100] Finished micro-architecture generation.
Command         bind done; 0.318 sec.
INFO: [HLS 200-111] Finished Binding: CPU user time: 1 seconds. CPU system time: 0 seconds. Elapsed time: 0.543 seconds; current allocated memory: 809.940 MB.
Execute         syn_report -verbosereport -o C:/Users/lxl/Documents/vitis_hls_ws/Project/Project/hls_project/solution1/.autopilot/db/process_nms_8_1080_1920_1_s.verbose.bind.rpt 
Execute           AP::get_flow_target_display_name
Execute             get_solution -flow_target 
Execute         db_write -o C:/Users/lxl/Documents/vitis_hls_ws/Project/Project/hls_project/solution1/.autopilot/db/process_nms_8_1080_1920_1_s.bind.adb -f 
INFO-FLOW: Finish binding process_nms<8, 1080, 1920, 1>.
INFO: [HLS 200-10] ----------------------------------------------------------------
INFO: [HLS 200-42] -- Implementing module 'generic_atan2_20_20_s' 
INFO: [HLS 200-10] ----------------------------------------------------------------
Execute         set_default_model generic_atan2<20, 20> 
Execute         schedule -model generic_atan2<20, 20> 
INFO: [SCHED 204-11] Starting scheduling ...
INFO: [SCHED 204-61] Pipelining loop 'VITIS_LOOP_87_1'.
INFO: [HLS 200-1470] Pipelining result : Target II = 1, Final II = 1, Depth = 2, loop 'VITIS_LOOP_87_1'
INFO: [SCHED 204-11] Finished scheduling.
Command         schedule done; 0.206 sec.
INFO: [HLS 200-111] Finished Scheduling: CPU user time: 0 seconds. CPU system time: 0 seconds. Elapsed time: 0.606 seconds; current allocated memory: 810.237 MB.
Execute         syn_report -verbosereport -o C:/Users/lxl/Documents/vitis_hls_ws/Project/Project/hls_project/solution1/.autopilot/db/generic_atan2_20_20_s.verbose.sched.rpt 
Execute           AP::get_flow_target_display_name
Execute             get_solution -flow_target 
Execute         db_write -o C:/Users/lxl/Documents/vitis_hls_ws/Project/Project/hls_project/solution1/.autopilot/db/generic_atan2_20_20_s.sched.adb -f 
INFO-FLOW: Finish scheduling generic_atan2<20, 20>.
Execute         set_default_model generic_atan2<20, 20> 
Execute         bind -model generic_atan2<20, 20> 
INFO: [BIND 205-100] Starting micro-architecture generation ...
INFO: [BIND 205-101] Performing variable lifetime analysis.
INFO: [BIND 205-101] Exploring resource sharing.
INFO: [BIND 205-101] Binding ...
INFO: [BIND 205-100] Finished micro-architecture generation.
Command         bind done; 0.223 sec.
INFO: [HLS 200-111] Finished Binding: CPU user time: 0 seconds. CPU system time: 0 seconds. Elapsed time: 0.415 seconds; current allocated memory: 810.590 MB.
Execute         syn_report -verbosereport -o C:/Users/lxl/Documents/vitis_hls_ws/Project/Project/hls_project/solution1/.autopilot/db/generic_atan2_20_20_s.verbose.bind.rpt 
Execute           AP::get_flow_target_display_name
Execute             get_solution -flow_target 
Command         syn_report done; 0.113 sec.
Execute         db_write -o C:/Users/lxl/Documents/vitis_hls_ws/Project/Project/hls_project/solution1/.autopilot/db/generic_atan2_20_20_s.bind.adb -f 
INFO-FLOW: Finish binding generic_atan2<20, 20>.
INFO: [HLS 200-10] ----------------------------------------------------------------
INFO: [HLS 200-42] -- Implementing module 'round_fixed_16_9_s' 
INFO: [HLS 200-10] ----------------------------------------------------------------
Execute         set_default_model round_fixed<16, 9> 
Execute         schedule -model round_fixed<16, 9> 
INFO: [SCHED 204-11] Starting scheduling ...
INFO: [SCHED 204-61] Pipelining function 'round_fixed<16, 9>'.
INFO: [HLS 200-1470] Pipelining result : Target II = 1, Final II = 1, Depth = 1, function 'round_fixed<16, 9>'
INFO: [SCHED 204-11] Finished scheduling.
Command         schedule done; 0.173 sec.
INFO: [HLS 200-111] Finished Scheduling: CPU user time: 0 seconds. CPU system time: 0 seconds. Elapsed time: 0.569 seconds; current allocated memory: 810.663 MB.
Execute         syn_report -verbosereport -o C:/Users/lxl/Documents/vitis_hls_ws/Project/Project/hls_project/solution1/.autopilot/db/round_fixed_16_9_s.verbose.sched.rpt 
Execute           AP::get_flow_target_display_name
Execute             get_solution -flow_target 
Execute         db_write -o C:/Users/lxl/Documents/vitis_hls_ws/Project/Project/hls_project/solution1/.autopilot/db/round_fixed_16_9_s.sched.adb -f 
INFO-FLOW: Finish scheduling round_fixed<16, 9>.
Execute         set_default_model round_fixed<16, 9> 
Execute         bind -model round_fixed<16, 9> 
INFO: [BIND 205-100] Starting micro-architecture generation ...
INFO: [BIND 205-101] Performing variable lifetime analysis.
INFO: [BIND 205-101] Exploring resource sharing.
INFO: [BIND 205-101] Binding ...
INFO: [BIND 205-100] Finished micro-architecture generation.
Command         bind done; 0.219 sec.
INFO: [HLS 200-111] Finished Binding: CPU user time: 0 seconds. CPU system time: 0 seconds. Elapsed time: 0.387 seconds; current allocated memory: 810.741 MB.
Execute         syn_report -verbosereport -o C:/Users/lxl/Documents/vitis_hls_ws/Project/Project/hls_project/solution1/.autopilot/db/round_fixed_16_9_s.verbose.bind.rpt 
Execute           AP::get_flow_target_display_name
Execute             get_solution -flow_target 
Execute         db_write -o C:/Users/lxl/Documents/vitis_hls_ws/Project/Project/hls_project/solution1/.autopilot/db/round_fixed_16_9_s.bind.adb -f 
INFO-FLOW: Finish binding round_fixed<16, 9>.
INFO: [HLS 200-10] ----------------------------------------------------------------
INFO: [HLS 200-42] -- Implementing module 'descriptor' 
INFO: [HLS 200-10] ----------------------------------------------------------------
Execute         set_default_model descriptor 
Execute         schedule -model descriptor 
INFO: [SCHED 204-11] Starting scheduling ...
INFO: [HLS 200-486] Changing DSP48 latency (root=mul_ln1193) to 3 in order to utilize available DSP registers.
INFO: [HLS 200-486] Changing DSP48 latency (root=r_V_14) to 3 in order to utilize available DSP registers.
INFO: [HLS 200-486] Changing DSP48 latency (root=mul_ln51) to 3 in order to utilize available DSP registers.
INFO: [HLS 200-486] Changing DSP48 latency (root=mul_ln50) to 3 in order to utilize available DSP registers.
INFO: [HLS 200-486] Changing DSP48 latency (root=r_V_28) to 3 in order to utilize available DSP registers.
INFO: [HLS 200-486] Changing DSP48 latency (root=r_V_27) to 3 in order to utilize available DSP registers.
INFO: [HLS 200-486] Changing DSP48 latency (root=r_V_24) to 3 in order to utilize available DSP registers.
INFO: [HLS 200-486] Changing DSP48 latency (root=r_V_23) to 3 in order to utilize available DSP registers.
INFO: [SCHED 204-61] Pipelining loop 'VITIS_LOOP_87_1'.
INFO: [HLS 200-1470] Pipelining result : Target II = 1, Final II = 1, Depth = 2, loop 'VITIS_LOOP_87_1'
INFO: [SCHED 204-61] Pipelining loop 'loop_descriptor'.
INFO: [HLS 200-1470] Pipelining result : Target II = 1, Final II = 1, Depth = 8, loop 'loop_descriptor'
INFO: [SCHED 204-11] Finished scheduling.
Command         schedule done; 1.306 sec.
INFO: [HLS 200-111] Finished Scheduling: CPU user time: 1 seconds. CPU system time: 0 seconds. Elapsed time: 1.611 seconds; current allocated memory: 815.114 MB.
Execute         syn_report -verbosereport -o C:/Users/lxl/Documents/vitis_hls_ws/Project/Project/hls_project/solution1/.autopilot/db/descriptor.verbose.sched.rpt 
Execute           AP::get_flow_target_display_name
Execute             get_solution -flow_target 
Command         syn_report done; 0.133 sec.
Execute         db_write -o C:/Users/lxl/Documents/vitis_hls_ws/Project/Project/hls_project/solution1/.autopilot/db/descriptor.sched.adb -f 
Command         db_write done; 0.245 sec.
INFO-FLOW: Finish scheduling descriptor.
Execute         set_default_model descriptor 
Execute         bind -model descriptor 
INFO: [BIND 205-100] Starting micro-architecture generation ...
INFO: [BIND 205-101] Performing variable lifetime analysis.
INFO: [BIND 205-101] Exploring resource sharing.
INFO: [BIND 205-101] Binding ...
INFO: [BIND 205-100] Finished micro-architecture generation.
Command         bind done; 0.496 sec.
INFO: [HLS 200-111] Finished Binding: CPU user time: 1 seconds. CPU system time: 0 seconds. Elapsed time: 1.025 seconds; current allocated memory: 823.914 MB.
Execute         syn_report -verbosereport -o C:/Users/lxl/Documents/vitis_hls_ws/Project/Project/hls_project/solution1/.autopilot/db/descriptor.verbose.bind.rpt 
Execute           AP::get_flow_target_display_name
Execute             get_solution -flow_target 
Command         syn_report done; 0.383 sec.
Execute         db_write -o C:/Users/lxl/Documents/vitis_hls_ws/Project/Project/hls_project/solution1/.autopilot/db/descriptor.bind.adb -f 
Command         db_write done; 0.392 sec.
INFO-FLOW: Finish binding descriptor.
INFO: [HLS 200-10] ----------------------------------------------------------------
INFO: [HLS 200-42] -- Implementing module 'process_rBRIEF_8_1080_1920_s' 
INFO: [HLS 200-10] ----------------------------------------------------------------
Execute         set_default_model process_rBRIEF<8, 1080, 1920> 
Execute         schedule -model process_rBRIEF<8, 1080, 1920> 
INFO: [SCHED 204-11] Starting scheduling ...
INFO: [HLS 200-486] Changing DSP48 latency (root=bound) to 3 in order to utilize available DSP registers.
INFO: [HLS 200-486] Changing DSP48 latency (root=mul_ln691) to 3 in order to utilize available DSP registers.
INFO: [HLS 200-486] Changing DSP48 latency (root=mul_ln691_2) to 3 in order to utilize available DSP registers.
INFO: [HLS 200-486] Changing DSP48 latency (root=mul_ln691_1) to 3 in order to utilize available DSP registers.
INFO: [SCHED 204-61] Pipelining loop 'VITIS_LOOP_228_1'.
INFO: [HLS 200-1470] Pipelining result : Target II = 1, Final II = 1, Depth = 1, loop 'VITIS_LOOP_228_1'
INFO: [SCHED 204-61] Pipelining loop 'VITIS_LOOP_12_1'.
INFO: [HLS 200-1470] Pipelining result : Target II = 1, Final II = 1, Depth = 4, loop 'VITIS_LOOP_12_1'
INFO: [SCHED 204-61] Pipelining loop 'VITIS_LOOP_18_3'.
INFO: [HLS 200-1470] Pipelining result : Target II = 1, Final II = 1, Depth = 4, loop 'VITIS_LOOP_18_3'
INFO: [SCHED 204-11] Finished scheduling.
Command         schedule done; 11.373 sec.
INFO: [HLS 200-111] Finished Scheduling: CPU user time: 10 seconds. CPU system time: 1 seconds. Elapsed time: 12.551 seconds; current allocated memory: 838.779 MB.
Execute         syn_report -verbosereport -o C:/Users/lxl/Documents/vitis_hls_ws/Project/Project/hls_project/solution1/.autopilot/db/process_rBRIEF_8_1080_1920_s.verbose.sched.rpt 
Execute           AP::get_flow_target_display_name
Execute             get_solution -flow_target 
Command         syn_report done; 1.542 sec.
Execute         db_write -o C:/Users/lxl/Documents/vitis_hls_ws/Project/Project/hls_project/solution1/.autopilot/db/process_rBRIEF_8_1080_1920_s.sched.adb -f 
Command         db_write done; 1.607 sec.
INFO-FLOW: Finish scheduling process_rBRIEF<8, 1080, 1920>.
Execute         set_default_model process_rBRIEF<8, 1080, 1920> 
Execute         bind -model process_rBRIEF<8, 1080, 1920> 
INFO: [BIND 205-100] Starting micro-architecture generation ...
INFO: [BIND 205-101] Performing variable lifetime analysis.
INFO: [BIND 205-101] Exploring resource sharing.
WARNING: [BIND 205-102] The specified resource core for memory 'img_line_val_V_1' will be ignored if a simpler one can be used.
WARNING: [BIND 205-102] The specified resource core for memory 'img_line_val_V_2' will be ignored if a simpler one can be used.
WARNING: [BIND 205-102] The specified resource core for memory 'img_line_val_V_3' will be ignored if a simpler one can be used.
WARNING: [BIND 205-102] The specified resource core for memory 'img_line_val_V_4' will be ignored if a simpler one can be used.
WARNING: [BIND 205-102] The specified resource core for memory 'img_line_val_V_5' will be ignored if a simpler one can be used.
WARNING: [BIND 205-102] The specified resource core for memory 'img_line_val_V_6' will be ignored if a simpler one can be used.
WARNING: [BIND 205-102] The specified resource core for memory 'img_line_val_V_7' will be ignored if a simpler one can be used.
WARNING: [BIND 205-102] The specified resource core for memory 'img_line_val_V_8' will be ignored if a simpler one can be used.
WARNING: [BIND 205-102] The specified resource core for memory 'img_line_val_V_9' will be ignored if a simpler one can be used.
WARNING: [BIND 205-102] The specified resource core for memory 'img_line_val_V_10' will be ignored if a simpler one can be used.
WARNING: [BIND 205-102] The specified resource core for memory 'img_line_val_V_11' will be ignored if a simpler one can be used.
WARNING: [BIND 205-102] The specified resource core for memory 'img_line_val_V_12' will be ignored if a simpler one can be used.
WARNING: [BIND 205-102] The specified resource core for memory 'img_line_val_V_13' will be ignored if a simpler one can be used.
WARNING: [BIND 205-102] The specified resource core for memory 'img_line_val_V_14' will be ignored if a simpler one can be used.
WARNING: [BIND 205-102] The specified resource core for memory 'img_line_val_V_15' will be ignored if a simpler one can be used.
WARNING: [BIND 205-102] The specified resource core for memory 'img_line_val_V_16' will be ignored if a simpler one can be used.
WARNING: [BIND 205-102] The specified resource core for memory 'img_line_val_V_17' will be ignored if a simpler one can be used.
WARNING: [BIND 205-102] The specified resource core for memory 'img_line_val_V_18' will be ignored if a simpler one can be used.
WARNING: [BIND 205-102] The specified resource core for memory 'img_line_val_V_19' will be ignored if a simpler one can be used.
WARNING: [BIND 205-102] The specified resource core for memory 'img_line_val_V_20' will be ignored if a simpler one can be used.
WARNING: [BIND 205-102] The specified resource core for memory 'img_line_val_V_21' will be ignored if a simpler one can be used.
WARNING: [BIND 205-102] The specified resource core for memory 'img_line_val_V_22' will be ignored if a simpler one can be used.
WARNING: [BIND 205-102] The specified resource core for memory 'img_line_val_V_23' will be ignored if a simpler one can be used.
WARNING: [BIND 205-102] The specified resource core for memory 'img_line_val_V_24' will be ignored if a simpler one can be used.
WARNING: [BIND 205-102] The specified resource core for memory 'img_line_val_V_25' will be ignored if a simpler one can be used.
WARNING: [BIND 205-102] The specified resource core for memory 'img_line_val_V_26' will be ignored if a simpler one can be used.
WARNING: [BIND 205-102] The specified resource core for memory 'img_line_val_V_27' will be ignored if a simpler one can be used.
WARNING: [BIND 205-102] The specified resource core for memory 'img_line_val_V_28' will be ignored if a simpler one can be used.
WARNING: [BIND 205-102] The specified resource core for memory 'img_line_val_V_29' will be ignored if a simpler one can be used.
WARNING: [BIND 205-102] The specified resource core for memory 'img_line_val_V_30' will be ignored if a simpler one can be used.
WARNING: [BIND 205-102] The specified resource core for memory 'img_line_val_V_31' will be ignored if a simpler one can be used.
WARNING: [BIND 205-102] The specified resource core for memory 'img_line_val_V_32' will be ignored if a simpler one can be used.
WARNING: [BIND 205-102] The specified resource core for memory 'img_line_val_V_33' will be ignored if a simpler one can be used.
WARNING: [BIND 205-102] The specified resource core for memory 'img_line_val_V_34' will be ignored if a simpler one can be used.
WARNING: [BIND 205-102] The specified resource core for memory 'img_line_val_V_35' will be ignored if a simpler one can be used.
WARNING: [BIND 205-102] The specified resource core for memory 'img_line_val_V_36' will be ignored if a simpler one can be used.
WARNING: [BIND 205-102] The specified resource core for memory 'blur_line_val_V_1' will be ignored if a simpler one can be used.
WARNING: [BIND 205-102] The specified resource core for memory 'blur_line_val_V_2' will be ignored if a simpler one can be used.
WARNING: [BIND 205-102] The specified resource core for memory 'blur_line_val_V_3' will be ignored if a simpler one can be used.
WARNING: [BIND 205-102] The specified resource core for memory 'blur_line_val_V_4' will be ignored if a simpler one can be used.
WARNING: [BIND 205-102] The specified resource core for memory 'blur_line_val_V_5' will be ignored if a simpler one can be used.
WARNING: [BIND 205-102] The specified resource core for memory 'blur_line_val_V_6' will be ignored if a simpler one can be used.
WARNING: [BIND 205-102] The specified resource core for memory 'blur_line_val_V_7' will be ignored if a simpler one can be used.
WARNING: [BIND 205-102] The specified resource core for memory 'blur_line_val_V_8' will be ignored if a simpler one can be used.
WARNING: [BIND 205-102] The specified resource core for memory 'blur_line_val_V_9' will be ignored if a simpler one can be used.
WARNING: [BIND 205-102] The specified resource core for memory 'blur_line_val_V_10' will be ignored if a simpler one can be used.
WARNING: [BIND 205-102] The specified resource core for memory 'blur_line_val_V_11' will be ignored if a simpler one can be used.
WARNING: [BIND 205-102] The specified resource core for memory 'blur_line_val_V_12' will be ignored if a simpler one can be used.
WARNING: [BIND 205-102] The specified resource core for memory 'blur_line_val_V_13' will be ignored if a simpler one can be used.
WARNING: [BIND 205-102] The specified resource core for memory 'blur_line_val_V_14' will be ignored if a simpler one can be used.
WARNING: [BIND 205-102] The specified resource core for memory 'blur_line_val_V_15' will be ignored if a simpler one can be used.
WARNING: [BIND 205-102] The specified resource core for memory 'blur_line_val_V_16' will be ignored if a simpler one can be used.
WARNING: [BIND 205-102] The specified resource core for memory 'blur_line_val_V_17' will be ignored if a simpler one can be used.
WARNING: [BIND 205-102] The specified resource core for memory 'blur_line_val_V_18' will be ignored if a simpler one can be used.
WARNING: [BIND 205-102] The specified resource core for memory 'blur_line_val_V_19' will be ignored if a simpler one can be used.
WARNING: [BIND 205-102] The specified resource core for memory 'blur_line_val_V_20' will be ignored if a simpler one can be used.
WARNING: [BIND 205-102] The specified resource core for memory 'blur_line_val_V_21' will be ignored if a simpler one can be used.
WARNING: [BIND 205-102] The specified resource core for memory 'blur_line_val_V_22' will be ignored if a simpler one can be used.
WARNING: [BIND 205-102] The specified resource core for memory 'blur_line_val_V_23' will be ignored if a simpler one can be used.
WARNING: [BIND 205-102] The specified resource core for memory 'blur_line_val_V_24' will be ignored if a simpler one can be used.
WARNING: [BIND 205-102] The specified resource core for memory 'blur_line_val_V_25' will be ignored if a simpler one can be used.
WARNING: [BIND 205-102] The specified resource core for memory 'blur_line_val_V_26' will be ignored if a simpler one can be used.
WARNING: [BIND 205-102] The specified resource core for memory 'blur_line_val_V_27' will be ignored if a simpler one can be used.
WARNING: [BIND 205-102] The specified resource core for memory 'blur_line_val_V_28' will be ignored if a simpler one can be used.
WARNING: [BIND 205-102] The specified resource core for memory 'blur_line_val_V_29' will be ignored if a simpler one can be used.
WARNING: [BIND 205-102] The specified resource core for memory 'blur_line_val_V_30' will be ignored if a simpler one can be used.
WARNING: [BIND 205-102] The specified resource core for memory 'blur_line_val_V_31' will be ignored if a simpler one can be used.
WARNING: [BIND 205-102] The specified resource core for memory 'blur_line_val_V_32' will be ignored if a simpler one can be used.
WARNING: [BIND 205-102] The specified resource core for memory 'blur_line_val_V_33' will be ignored if a simpler one can be used.
WARNING: [BIND 205-102] The specified resource core for memory 'blur_line_val_V_34' will be ignored if a simpler one can be used.
WARNING: [BIND 205-102] The specified resource core for memory 'blur_line_val_V_35' will be ignored if a simpler one can be used.
WARNING: [BIND 205-102] The specified resource core for memory 'blur_line_val_V_36' will be ignored if a simpler one can be used.
WARNING: [BIND 205-102] The specified resource core for memory 'mask_line_val_V_1' will be ignored if a simpler one can be used.
WARNING: [BIND 205-102] The specified resource core for memory 'mask_line_val_V_2' will be ignored if a simpler one can be used.
WARNING: [BIND 205-102] The specified resource core for memory 'mask_line_val_V_3' will be ignored if a simpler one can be used.
WARNING: [BIND 205-102] The specified resource core for memory 'mask_line_val_V_4' will be ignored if a simpler one can be used.
WARNING: [BIND 205-102] The specified resource core for memory 'mask_line_val_V_5' will be ignored if a simpler one can be used.
WARNING: [BIND 205-102] The specified resource core for memory 'mask_line_val_V_6' will be ignored if a simpler one can be used.
WARNING: [BIND 205-102] The specified resource core for memory 'mask_line_val_V_7' will be ignored if a simpler one can be used.
WARNING: [BIND 205-102] The specified resource core for memory 'mask_line_val_V_8' will be ignored if a simpler one can be used.
WARNING: [BIND 205-102] The specified resource core for memory 'mask_line_val_V_9' will be ignored if a simpler one can be used.
WARNING: [BIND 205-102] The specified resource core for memory 'mask_line_val_V_10' will be ignored if a simpler one can be used.
WARNING: [BIND 205-102] The specified resource core for memory 'mask_line_val_V_11' will be ignored if a simpler one can be used.
WARNING: [BIND 205-102] The specified resource core for memory 'mask_line_val_V_12' will be ignored if a simpler one can be used.
WARNING: [BIND 205-102] The specified resource core for memory 'mask_line_val_V_13' will be ignored if a simpler one can be used.
WARNING: [BIND 205-102] The specified resource core for memory 'mask_line_val_V_14' will be ignored if a simpler one can be used.
WARNING: [BIND 205-102] The specified resource core for memory 'mask_line_val_V_15' will be ignored if a simpler one can be used.
WARNING: [BIND 205-102] The specified resource core for memory 'mask_line_val_V_16' will be ignored if a simpler one can be used.
WARNING: [BIND 205-102] The specified resource core for memory 'mask_line_val_V_17' will be ignored if a simpler one can be used.
WARNING: [BIND 205-102] The specified resource core for memory 'mask_line_val_V_18' will be ignored if a simpler one can be used.
WARNING: [BIND 205-102] The specified resource core for memory 'mask_line_val_V_19' will be ignored if a simpler one can be used.
WARNING: [BIND 205-102] The specified resource core for memory 'mask_line_val_V_20' will be ignored if a simpler one can be used.
WARNING: [BIND 205-102] The specified resource core for memory 'mask_line_val_V_21' will be ignored if a simpler one can be used.
WARNING: [BIND 205-102] The specified resource core for memory 'mask_line_val_V_22' will be ignored if a simpler one can be used.
WARNING: [BIND 205-102] The specified resource core for memory 'mask_line_val_V_23' will be ignored if a simpler one can be used.
WARNING: [BIND 205-102] The specified resource core for memory 'mask_line_val_V_24' will be ignored if a simpler one can be used.
WARNING: [BIND 205-102] The specified resource core for memory 'mask_line_val_V_25' will be ignored if a simpler one can be used.
WARNING: [BIND 205-102] The specified resource core for memory 'mask_line_val_V_26' will be ignored if a simpler one can be used.
WARNING: [BIND 205-102] The specified resource core for memory 'mask_line_val_V_27' will be ignored if a simpler one can be used.
WARNING: [BIND 205-102] The specified resource core for memory 'mask_line_val_V_28' will be ignored if a simpler one can be used.
WARNING: [BIND 205-102] The specified resource core for memory 'mask_line_val_V_29' will be ignored if a simpler one can be used.
WARNING: [BIND 205-102] The specified resource core for memory 'mask_line_val_V_30' will be ignored if a simpler one can be used.
WARNING: [BIND 205-102] The specified resource core for memory 'mask_line_val_V_31' will be ignored if a simpler one can be used.
WARNING: [BIND 205-102] The specified resource core for memory 'mask_line_val_V_32' will be ignored if a simpler one can be used.
WARNING: [BIND 205-102] The specified resource core for memory 'mask_line_val_V_33' will be ignored if a simpler one can be used.
WARNING: [BIND 205-102] The specified resource core for memory 'mask_line_val_V_34' will be ignored if a simpler one can be used.
WARNING: [BIND 205-102] The specified resource core for memory 'mask_line_val_V_35' will be ignored if a simpler one can be used.
WARNING: [BIND 205-102] The specified resource core for memory 'mask_line_val_V_36' will be ignored if a simpler one can be used.
WARNING: [BIND 205-102] The specified resource core for memory 'img_line_val_V_0' will be ignored if a simpler one can be used.
WARNING: [BIND 205-102] The specified resource core for memory 'blur_line_val_V_0' will be ignored if a simpler one can be used.
WARNING: [BIND 205-102] The specified resource core for memory 'mask_line_val_V_0' will be ignored if a simpler one can be used.
INFO: [BIND 205-101] Binding ...
INFO: [BIND 205-100] Finished micro-architecture generation.
Command         bind done; 9.188 sec.
INFO: [HLS 200-111] Finished Binding: CPU user time: 6 seconds. CPU system time: 0 seconds. Elapsed time: 12.513 seconds; current allocated memory: 891.738 MB.
Execute         syn_report -verbosereport -o C:/Users/lxl/Documents/vitis_hls_ws/Project/Project/hls_project/solution1/.autopilot/db/process_rBRIEF_8_1080_1920_s.verbose.bind.rpt 
Execute           AP::get_flow_target_display_name
Execute             get_solution -flow_target 
Command         syn_report done; 1.765 sec.
Execute         db_write -o C:/Users/lxl/Documents/vitis_hls_ws/Project/Project/hls_project/solution1/.autopilot/db/process_rBRIEF_8_1080_1920_s.bind.adb -f 
Command         db_write done; 2.572 sec.
INFO-FLOW: Finish binding process_rBRIEF<8, 1080, 1920>.
INFO: [HLS 200-10] ----------------------------------------------------------------
INFO: [HLS 200-42] -- Implementing module 'process_output_8_0_1080_1920_1_s' 
INFO: [HLS 200-10] ----------------------------------------------------------------
Execute         set_default_model process_output<8, 0, 1080, 1920, 1> 
Execute         schedule -model process_output<8, 0, 1080, 1920, 1> 
INFO: [SCHED 204-11] Starting scheduling ...
INFO: [HLS 200-486] Changing DSP48 latency (root=mul_ln269) to 3 in order to utilize available DSP registers.
WARNING: [SCHED 204-65] Unable to satisfy pipeline directive for function 'process_output<8, 0, 1080, 1920, 1>': contains subloop(s) that are not unrolled.
WARNING: [SCHED 204-65] Unable to satisfy pipeline directive for function 'process_output<8, 0, 1080, 1920, 1>': contains subloop(s) that are not unrolled.
INFO: [SCHED 204-61] Pipelining loop 'VITIS_LOOP_259_1'.
INFO: [HLS 200-1470] Pipelining result : Target II = 1, Final II = 1, Depth = 4, loop 'VITIS_LOOP_259_1'
INFO: [SCHED 204-11] Finished scheduling.
Command         schedule done; 0.366 sec.
INFO: [HLS 200-111] Finished Scheduling: CPU user time: 3 seconds. CPU system time: 0 seconds. Elapsed time: 5.02 seconds; current allocated memory: 895.302 MB.
Execute         syn_report -verbosereport -o C:/Users/lxl/Documents/vitis_hls_ws/Project/Project/hls_project/solution1/.autopilot/db/process_output_8_0_1080_1920_1_s.verbose.sched.rpt 
Execute           AP::get_flow_target_display_name
Execute             get_solution -flow_target 
Execute         db_write -o C:/Users/lxl/Documents/vitis_hls_ws/Project/Project/hls_project/solution1/.autopilot/db/process_output_8_0_1080_1920_1_s.sched.adb -f 
INFO-FLOW: Finish scheduling process_output<8, 0, 1080, 1920, 1>.
Execute         set_default_model process_output<8, 0, 1080, 1920, 1> 
Execute         bind -model process_output<8, 0, 1080, 1920, 1> 
INFO: [BIND 205-100] Starting micro-architecture generation ...
INFO: [BIND 205-101] Performing variable lifetime analysis.
INFO: [BIND 205-101] Exploring resource sharing.
INFO: [BIND 205-101] Binding ...
INFO: [BIND 205-100] Finished micro-architecture generation.
Command         bind done; 0.223 sec.
INFO: [HLS 200-111] Finished Binding: CPU user time: 0 seconds. CPU system time: 0 seconds. Elapsed time: 0.43 seconds; current allocated memory: 895.511 MB.
Execute         syn_report -verbosereport -o C:/Users/lxl/Documents/vitis_hls_ws/Project/Project/hls_project/solution1/.autopilot/db/process_output_8_0_1080_1920_1_s.verbose.bind.rpt 
Execute           AP::get_flow_target_display_name
Execute             get_solution -flow_target 
Execute         db_write -o C:/Users/lxl/Documents/vitis_hls_ws/Project/Project/hls_project/solution1/.autopilot/db/process_output_8_0_1080_1920_1_s.bind.adb -f 
INFO-FLOW: Finish binding process_output<8, 0, 1080, 1920, 1>.
INFO: [HLS 200-10] ----------------------------------------------------------------
INFO: [HLS 200-42] -- Implementing module 'process_ORB_8_0_1080_1920_1_s' 
INFO: [HLS 200-10] ----------------------------------------------------------------
Execute         set_default_model process_ORB<8, 0, 1080, 1920, 1> 
Execute         schedule -model process_ORB<8, 0, 1080, 1920, 1> 
INFO: [SCHED 204-11] Starting scheduling ...
INFO: [SCHED 204-11] Finished scheduling.
Command         schedule done; 0.124 sec.
INFO: [HLS 200-111] Finished Scheduling: CPU user time: 0 seconds. CPU system time: 0 seconds. Elapsed time: 0.457 seconds; current allocated memory: 895.803 MB.
Execute         syn_report -verbosereport -o C:/Users/lxl/Documents/vitis_hls_ws/Project/Project/hls_project/solution1/.autopilot/db/process_ORB_8_0_1080_1920_1_s.verbose.sched.rpt 
Execute           AP::get_flow_target_display_name
Execute             get_solution -flow_target 
Execute         db_write -o C:/Users/lxl/Documents/vitis_hls_ws/Project/Project/hls_project/solution1/.autopilot/db/process_ORB_8_0_1080_1920_1_s.sched.adb -f 
INFO-FLOW: Finish scheduling process_ORB<8, 0, 1080, 1920, 1>.
Execute         set_default_model process_ORB<8, 0, 1080, 1920, 1> 
Execute         bind -model process_ORB<8, 0, 1080, 1920, 1> 
INFO: [BIND 205-100] Starting micro-architecture generation ...
INFO: [BIND 205-101] Performing variable lifetime analysis.
INFO: [BIND 205-101] Exploring resource sharing.
INFO: [BIND 205-101] Binding ...
INFO: [BIND 205-100] Finished micro-architecture generation.
Command         bind done; 4.452 sec.
INFO: [HLS 200-111] Finished Binding: CPU user time: 4 seconds. CPU system time: 0 seconds. Elapsed time: 4.686 seconds; current allocated memory: 896.521 MB.
Execute         syn_report -verbosereport -o C:/Users/lxl/Documents/vitis_hls_ws/Project/Project/hls_project/solution1/.autopilot/db/process_ORB_8_0_1080_1920_1_s.verbose.bind.rpt 
Execute           AP::get_flow_target_display_name
Execute             get_solution -flow_target 
Command         syn_report done; 2.08 sec.
Execute         db_write -o C:/Users/lxl/Documents/vitis_hls_ws/Project/Project/hls_project/solution1/.autopilot/db/process_ORB_8_0_1080_1920_1_s.bind.adb -f 
INFO-FLOW: Finish binding process_ORB<8, 0, 1080, 1920, 1>.
INFO: [HLS 200-10] ----------------------------------------------------------------
INFO: [HLS 200-42] -- Implementing module 'ORB_accel' 
INFO: [HLS 200-10] ----------------------------------------------------------------
Execute         set_default_model ORB_accel 
Execute         schedule -model ORB_accel 
INFO: [SCHED 204-11] Starting scheduling ...
INFO: [SCHED 204-61] Pipelining loop 'VITIS_LOOP_352_2'.
INFO: [HLS 200-1470] Pipelining result : Target II = 1, Final II = 1, Depth = 3, loop 'VITIS_LOOP_352_2'
INFO: [SCHED 204-11] Finished scheduling.
Command         schedule done; 0.209 sec.
INFO: [HLS 200-111] Finished Scheduling: CPU user time: 1 seconds. CPU system time: 0 seconds. Elapsed time: 2.614 seconds; current allocated memory: 896.735 MB.
Execute         syn_report -verbosereport -o C:/Users/lxl/Documents/vitis_hls_ws/Project/Project/hls_project/solution1/.autopilot/db/ORB_accel.verbose.sched.rpt 
Execute           AP::get_flow_target_display_name
Execute             get_solution -flow_target 
Execute         db_write -o C:/Users/lxl/Documents/vitis_hls_ws/Project/Project/hls_project/solution1/.autopilot/db/ORB_accel.sched.adb -f 
INFO-FLOW: Finish scheduling ORB_accel.
Execute         set_default_model ORB_accel 
Execute         bind -model ORB_accel 
INFO: [BIND 205-100] Starting micro-architecture generation ...
INFO: [BIND 205-101] Performing variable lifetime analysis.
INFO: [BIND 205-101] Exploring resource sharing.
INFO: [BIND 205-101] Binding ...
INFO: [BIND 205-100] Finished micro-architecture generation.
Command         bind done; 0.947 sec.
INFO: [HLS 200-111] Finished Binding: CPU user time: 1 seconds. CPU system time: 0 seconds. Elapsed time: 1.169 seconds; current allocated memory: 897.087 MB.
Execute         syn_report -verbosereport -o C:/Users/lxl/Documents/vitis_hls_ws/Project/Project/hls_project/solution1/.autopilot/db/ORB_accel.verbose.bind.rpt 
Execute           AP::get_flow_target_display_name
Execute             get_solution -flow_target 
Command         syn_report done; 2.048 sec.
Execute         db_write -o C:/Users/lxl/Documents/vitis_hls_ws/Project/Project/hls_project/solution1/.autopilot/db/ORB_accel.bind.adb -f 
INFO-FLOW: Finish binding ORB_accel.
Execute         get_model_list ORB_accel -filter all-wo-channel 
INFO-FLOW: Preprocessing for RTLGen ...
Execute         rtl_gen_preprocess process_ORB<8, 0, 1080, 1920, 1>.entry57 
Execute         rtl_gen_preprocess process_ORB<8, 0, 1080, 1920, 1>_Block_.split1_proc 
Execute         rtl_gen_preprocess process_input<8, 0, 1080, 1920, 1> 
Execute         rtl_gen_preprocess process_stream2xfMat<8, 0, 1080, 1920, 1> 
Execute         rtl_gen_preprocess xfUDivResize 
Execute         rtl_gen_preprocess scaleCompute<17, 42, 20, 48, 16, 1> 
Execute         rtl_gen_preprocess resizeNNBilinear<0, 1080, 1920, 1, 1080, 1920, 1, 8> 
Execute         rtl_gen_preprocess resize<1, 0, 1080, 1920, 1080, 1920, 1, 8> 
Execute         rtl_gen_preprocess process_resize<8, 0, 1080, 1920, 1> 
Execute         rtl_gen_preprocess process_xfMat2stream<8, 0, 1080, 1920, 1> 
Execute         rtl_gen_preprocess process_blur<8, 0, 1080, 1920, 1> 
Execute         rtl_gen_preprocess fast_score 
Execute         rtl_gen_preprocess process_fast<8, 1080, 1920, 1> 
Execute         rtl_gen_preprocess process_nms<8, 1080, 1920, 1> 
Execute         rtl_gen_preprocess generic_atan2<20, 20> 
Execute         rtl_gen_preprocess round_fixed<16, 9> 
Execute         rtl_gen_preprocess descriptor 
Execute         rtl_gen_preprocess process_rBRIEF<8, 1080, 1920> 
Execute         rtl_gen_preprocess process_output<8, 0, 1080, 1920, 1> 
Execute         rtl_gen_preprocess process_ORB<8, 0, 1080, 1920, 1> 
Execute         rtl_gen_preprocess ORB_accel 
INFO-FLOW: Model list for RTL generation: {process_ORB<8, 0, 1080, 1920, 1>.entry57} {process_ORB<8, 0, 1080, 1920, 1>_Block_.split1_proc} {process_input<8, 0, 1080, 1920, 1>} {process_stream2xfMat<8, 0, 1080, 1920, 1>} xfUDivResize {scaleCompute<17, 42, 20, 48, 16, 1>} {resizeNNBilinear<0, 1080, 1920, 1, 1080, 1920, 1, 8>} {resize<1, 0, 1080, 1920, 1080, 1920, 1, 8>} {process_resize<8, 0, 1080, 1920, 1>} {process_xfMat2stream<8, 0, 1080, 1920, 1>} {process_blur<8, 0, 1080, 1920, 1>} fast_score {process_fast<8, 1080, 1920, 1>} {process_nms<8, 1080, 1920, 1>} {generic_atan2<20, 20>} {round_fixed<16, 9>} descriptor {process_rBRIEF<8, 1080, 1920>} {process_output<8, 0, 1080, 1920, 1>} {process_ORB<8, 0, 1080, 1920, 1>} ORB_accel
INFO: [HLS 200-10] ----------------------------------------------------------------
INFO: [HLS 200-10] -- Generating RTL for module 'process_ORB_8_0_1080_1920_1_entry57' 
INFO: [HLS 200-10] ----------------------------------------------------------------
Execute         get_config_rtl -module_prefix 
Execute         get_config_rtl -module_auto_prefix 
Execute         get_config_rtl -module_prefix 
Execute         get_config_rtl -module_auto_prefix 
Execute         create_rtl_model process_ORB<8, 0, 1080, 1920, 1>.entry57 -top_prefix ORB_accel_ -sub_prefix ORB_accel_ -mg_file C:/Users/lxl/Documents/vitis_hls_ws/Project/Project/hls_project/solution1/.autopilot/db/process_ORB_8_0_1080_1920_1_entry57.compgen.tcl 
INFO: [RTGEN 206-100] Finished creating RTL model for 'process_ORB_8_0_1080_1920_1_entry57'.
INFO: [HLS 200-111] Finished Creating RTL model: CPU user time: 2 seconds. CPU system time: 0 seconds. Elapsed time: 2.441 seconds; current allocated memory: 897.250 MB.
Execute         source C:/Users/lxl/Documents/vitis_hls_ws/Project/Project/hls_project/solution1/.autopilot/db/ORB_accel.rtl_wrap.cfg.tcl 
Execute         gen_rtl process_ORB<8, 0, 1080, 1920, 1>.entry57 -style xilinx -f -lang vhdl -o C:/Users/lxl/Documents/vitis_hls_ws/Project/Project/hls_project/solution1/syn/vhdl/ORB_accel_process_ORB_8_0_1080_1920_1_entry57 
Execute         gen_rtl process_ORB<8, 0, 1080, 1920, 1>.entry57 -style xilinx -f -lang vlog -o C:/Users/lxl/Documents/vitis_hls_ws/Project/Project/hls_project/solution1/syn/verilog/ORB_accel_process_ORB_8_0_1080_1920_1_entry57 
Execute         syn_report -csynth -model process_ORB<8, 0, 1080, 1920, 1>.entry57 -o C:/Users/lxl/Documents/vitis_hls_ws/Project/Project/hls_project/solution1/syn/report/process_ORB_8_0_1080_1920_1_entry57_csynth.rpt 
Execute           AP::get_flow_target_display_name
Execute             get_solution -flow_target 
Execute         syn_report -rtlxml -model process_ORB<8, 0, 1080, 1920, 1>.entry57 -o C:/Users/lxl/Documents/vitis_hls_ws/Project/Project/hls_project/solution1/syn/report/process_ORB_8_0_1080_1920_1_entry57_csynth.xml 
Execute           get_solution -flow_target
Execute             get_solution -flow_target 
Execute         syn_report -verbosereport -model process_ORB<8, 0, 1080, 1920, 1>.entry57 -o C:/Users/lxl/Documents/vitis_hls_ws/Project/Project/hls_project/solution1/.autopilot/db/process_ORB_8_0_1080_1920_1_entry57.verbose.rpt 
Execute           AP::get_flow_target_display_name
Execute             get_solution -flow_target 
Execute         db_write -model process_ORB<8, 0, 1080, 1920, 1>.entry57 -f -o C:/Users/lxl/Documents/vitis_hls_ws/Project/Project/hls_project/solution1/.autopilot/db/process_ORB_8_0_1080_1920_1_entry57.adb 
Execute         gen_tb_info process_ORB<8, 0, 1080, 1920, 1>.entry57 -p C:/Users/lxl/Documents/vitis_hls_ws/Project/Project/hls_project/solution1/.autopilot/db -o C:/Users/lxl/Documents/vitis_hls_ws/Project/Project/hls_project/solution1/.autopilot/db/process_ORB_8_0_1080_1920_1_entry57 
INFO: [HLS 200-10] ----------------------------------------------------------------
INFO: [HLS 200-10] -- Generating RTL for module 'process_ORB_8_0_1080_1920_1_Block_split1_proc' 
INFO: [HLS 200-10] ----------------------------------------------------------------
Execute         get_config_rtl -module_prefix 
Execute         get_config_rtl -module_auto_prefix 
Execute         get_config_rtl -module_prefix 
Execute         get_config_rtl -module_auto_prefix 
Execute         create_rtl_model process_ORB<8, 0, 1080, 1920, 1>_Block_.split1_proc -top_prefix ORB_accel_ -sub_prefix ORB_accel_ -mg_file C:/Users/lxl/Documents/vitis_hls_ws/Project/Project/hls_project/solution1/.autopilot/db/process_ORB_8_0_1080_1920_1_Block_split1_proc.compgen.tcl 
INFO: [RTGEN 206-100] Finished creating RTL model for 'process_ORB_8_0_1080_1920_1_Block_split1_proc'.
INFO: [HLS 200-111] Finished Creating RTL model: CPU user time: 0 seconds. CPU system time: 0 seconds. Elapsed time: 0.416 seconds; current allocated memory: 897.669 MB.
Execute         source C:/Users/lxl/Documents/vitis_hls_ws/Project/Project/hls_project/solution1/.autopilot/db/ORB_accel.rtl_wrap.cfg.tcl 
Execute         gen_rtl process_ORB<8, 0, 1080, 1920, 1>_Block_.split1_proc -style xilinx -f -lang vhdl -o C:/Users/lxl/Documents/vitis_hls_ws/Project/Project/hls_project/solution1/syn/vhdl/ORB_accel_process_ORB_8_0_1080_1920_1_Block_split1_proc 
Execute         gen_rtl process_ORB<8, 0, 1080, 1920, 1>_Block_.split1_proc -style xilinx -f -lang vlog -o C:/Users/lxl/Documents/vitis_hls_ws/Project/Project/hls_project/solution1/syn/verilog/ORB_accel_process_ORB_8_0_1080_1920_1_Block_split1_proc 
Execute         syn_report -csynth -model process_ORB<8, 0, 1080, 1920, 1>_Block_.split1_proc -o C:/Users/lxl/Documents/vitis_hls_ws/Project/Project/hls_project/solution1/syn/report/process_ORB_8_0_1080_1920_1_Block_split1_proc_csynth.rpt 
Execute           AP::get_flow_target_display_name
Execute             get_solution -flow_target 
Execute         syn_report -rtlxml -model process_ORB<8, 0, 1080, 1920, 1>_Block_.split1_proc -o C:/Users/lxl/Documents/vitis_hls_ws/Project/Project/hls_project/solution1/syn/report/process_ORB_8_0_1080_1920_1_Block_split1_proc_csynth.xml 
Execute           get_solution -flow_target
Execute             get_solution -flow_target 
Execute         syn_report -verbosereport -model process_ORB<8, 0, 1080, 1920, 1>_Block_.split1_proc -o C:/Users/lxl/Documents/vitis_hls_ws/Project/Project/hls_project/solution1/.autopilot/db/process_ORB_8_0_1080_1920_1_Block_split1_proc.verbose.rpt 
Execute           AP::get_flow_target_display_name
Execute             get_solution -flow_target 
Execute         db_write -model process_ORB<8, 0, 1080, 1920, 1>_Block_.split1_proc -f -o C:/Users/lxl/Documents/vitis_hls_ws/Project/Project/hls_project/solution1/.autopilot/db/process_ORB_8_0_1080_1920_1_Block_split1_proc.adb 
Execute         gen_tb_info process_ORB<8, 0, 1080, 1920, 1>_Block_.split1_proc -p C:/Users/lxl/Documents/vitis_hls_ws/Project/Project/hls_project/solution1/.autopilot/db -o C:/Users/lxl/Documents/vitis_hls_ws/Project/Project/hls_project/solution1/.autopilot/db/process_ORB_8_0_1080_1920_1_Block_split1_proc 
INFO: [HLS 200-10] ----------------------------------------------------------------
INFO: [HLS 200-10] -- Generating RTL for module 'process_input_8_0_1080_1920_1_s' 
INFO: [HLS 200-10] ----------------------------------------------------------------
Execute         get_config_rtl -module_prefix 
Execute         get_config_rtl -module_auto_prefix 
Execute         get_config_rtl -module_prefix 
Execute         get_config_rtl -module_auto_prefix 
Execute         create_rtl_model process_input<8, 0, 1080, 1920, 1> -top_prefix ORB_accel_ -sub_prefix ORB_accel_ -mg_file C:/Users/lxl/Documents/vitis_hls_ws/Project/Project/hls_project/solution1/.autopilot/db/process_input_8_0_1080_1920_1_s.compgen.tcl 
INFO: [RTGEN 206-100] Generating core module 'mul_mul_11ns_11ns_22_4_1': 1 instance(s).
INFO: [RTGEN 206-100] Finished creating RTL model for 'process_input_8_0_1080_1920_1_s'.
Command         create_rtl_model done; 0.107 sec.
INFO: [HLS 200-111] Finished Creating RTL model: CPU user time: 0 seconds. CPU system time: 0 seconds. Elapsed time: 0.494 seconds; current allocated memory: 898.234 MB.
Execute         source C:/Users/lxl/Documents/vitis_hls_ws/Project/Project/hls_project/solution1/.autopilot/db/ORB_accel.rtl_wrap.cfg.tcl 
Execute         gen_rtl process_input<8, 0, 1080, 1920, 1> -style xilinx -f -lang vhdl -o C:/Users/lxl/Documents/vitis_hls_ws/Project/Project/hls_project/solution1/syn/vhdl/ORB_accel_process_input_8_0_1080_1920_1_s 
Execute         gen_rtl process_input<8, 0, 1080, 1920, 1> -style xilinx -f -lang vlog -o C:/Users/lxl/Documents/vitis_hls_ws/Project/Project/hls_project/solution1/syn/verilog/ORB_accel_process_input_8_0_1080_1920_1_s 
Execute         syn_report -csynth -model process_input<8, 0, 1080, 1920, 1> -o C:/Users/lxl/Documents/vitis_hls_ws/Project/Project/hls_project/solution1/syn/report/process_input_8_0_1080_1920_1_s_csynth.rpt 
Execute           AP::get_flow_target_display_name
Execute             get_solution -flow_target 
Execute         syn_report -rtlxml -model process_input<8, 0, 1080, 1920, 1> -o C:/Users/lxl/Documents/vitis_hls_ws/Project/Project/hls_project/solution1/syn/report/process_input_8_0_1080_1920_1_s_csynth.xml 
Execute           get_solution -flow_target
Execute             get_solution -flow_target 
Execute         syn_report -verbosereport -model process_input<8, 0, 1080, 1920, 1> -o C:/Users/lxl/Documents/vitis_hls_ws/Project/Project/hls_project/solution1/.autopilot/db/process_input_8_0_1080_1920_1_s.verbose.rpt 
Execute           AP::get_flow_target_display_name
Execute             get_solution -flow_target 
Execute         db_write -model process_input<8, 0, 1080, 1920, 1> -f -o C:/Users/lxl/Documents/vitis_hls_ws/Project/Project/hls_project/solution1/.autopilot/db/process_input_8_0_1080_1920_1_s.adb 
Execute         gen_tb_info process_input<8, 0, 1080, 1920, 1> -p C:/Users/lxl/Documents/vitis_hls_ws/Project/Project/hls_project/solution1/.autopilot/db -o C:/Users/lxl/Documents/vitis_hls_ws/Project/Project/hls_project/solution1/.autopilot/db/process_input_8_0_1080_1920_1_s 
INFO: [HLS 200-10] ----------------------------------------------------------------
INFO: [HLS 200-10] -- Generating RTL for module 'process_stream2xfMat_8_0_1080_1920_1_s' 
INFO: [HLS 200-10] ----------------------------------------------------------------
Execute         get_config_rtl -module_prefix 
Execute         get_config_rtl -module_auto_prefix 
Execute         get_config_rtl -module_prefix 
Execute         get_config_rtl -module_auto_prefix 
Execute         create_rtl_model process_stream2xfMat<8, 0, 1080, 1920, 1> -top_prefix ORB_accel_ -sub_prefix ORB_accel_ -mg_file C:/Users/lxl/Documents/vitis_hls_ws/Project/Project/hls_project/solution1/.autopilot/db/process_stream2xfMat_8_0_1080_1920_1_s.compgen.tcl 
INFO: [RTGEN 206-100] Generating core module 'mul_mul_11ns_11ns_22_4_1': 1 instance(s).
INFO: [RTGEN 206-100] Finished creating RTL model for 'process_stream2xfMat_8_0_1080_1920_1_s'.
INFO: [HLS 200-111] Finished Creating RTL model: CPU user time: 0 seconds. CPU system time: 0 seconds. Elapsed time: 0.52 seconds; current allocated memory: 898.825 MB.
Execute         source C:/Users/lxl/Documents/vitis_hls_ws/Project/Project/hls_project/solution1/.autopilot/db/ORB_accel.rtl_wrap.cfg.tcl 
Execute         gen_rtl process_stream2xfMat<8, 0, 1080, 1920, 1> -style xilinx -f -lang vhdl -o C:/Users/lxl/Documents/vitis_hls_ws/Project/Project/hls_project/solution1/syn/vhdl/ORB_accel_process_stream2xfMat_8_0_1080_1920_1_s 
Execute         gen_rtl process_stream2xfMat<8, 0, 1080, 1920, 1> -style xilinx -f -lang vlog -o C:/Users/lxl/Documents/vitis_hls_ws/Project/Project/hls_project/solution1/syn/verilog/ORB_accel_process_stream2xfMat_8_0_1080_1920_1_s 
Execute         syn_report -csynth -model process_stream2xfMat<8, 0, 1080, 1920, 1> -o C:/Users/lxl/Documents/vitis_hls_ws/Project/Project/hls_project/solution1/syn/report/process_stream2xfMat_8_0_1080_1920_1_s_csynth.rpt 
Execute           AP::get_flow_target_display_name
Execute             get_solution -flow_target 
Execute         syn_report -rtlxml -model process_stream2xfMat<8, 0, 1080, 1920, 1> -o C:/Users/lxl/Documents/vitis_hls_ws/Project/Project/hls_project/solution1/syn/report/process_stream2xfMat_8_0_1080_1920_1_s_csynth.xml 
Execute           get_solution -flow_target
Execute             get_solution -flow_target 
Execute         syn_report -verbosereport -model process_stream2xfMat<8, 0, 1080, 1920, 1> -o C:/Users/lxl/Documents/vitis_hls_ws/Project/Project/hls_project/solution1/.autopilot/db/process_stream2xfMat_8_0_1080_1920_1_s.verbose.rpt 
Execute           AP::get_flow_target_display_name
Execute             get_solution -flow_target 
Execute         db_write -model process_stream2xfMat<8, 0, 1080, 1920, 1> -f -o C:/Users/lxl/Documents/vitis_hls_ws/Project/Project/hls_project/solution1/.autopilot/db/process_stream2xfMat_8_0_1080_1920_1_s.adb 
Execute         gen_tb_info process_stream2xfMat<8, 0, 1080, 1920, 1> -p C:/Users/lxl/Documents/vitis_hls_ws/Project/Project/hls_project/solution1/.autopilot/db -o C:/Users/lxl/Documents/vitis_hls_ws/Project/Project/hls_project/solution1/.autopilot/db/process_stream2xfMat_8_0_1080_1920_1_s 
INFO: [HLS 200-10] ----------------------------------------------------------------
INFO: [HLS 200-10] -- Generating RTL for module 'xfUDivResize' 
INFO: [HLS 200-10] ----------------------------------------------------------------
Execute         get_config_rtl -module_prefix 
Execute         get_config_rtl -module_auto_prefix 
Execute         get_config_rtl -module_prefix 
Execute         get_config_rtl -module_auto_prefix 
Execute         create_rtl_model xfUDivResize -top_prefix ORB_accel_ -sub_prefix ORB_accel_ -mg_file C:/Users/lxl/Documents/vitis_hls_ws/Project/Project/hls_project/solution1/.autopilot/db/xfUDivResize.compgen.tcl 
INFO: [RTGEN 206-100] Generating core module 'udiv_43ns_16ns_43_47_seq_1': 1 instance(s).
INFO: [RTGEN 206-100] Finished creating RTL model for 'xfUDivResize'.
INFO: [HLS 200-111] Finished Creating RTL model: CPU user time: 0 seconds. CPU system time: 0 seconds. Elapsed time: 0.552 seconds; current allocated memory: 899.529 MB.
Execute         source C:/Users/lxl/Documents/vitis_hls_ws/Project/Project/hls_project/solution1/.autopilot/db/ORB_accel.rtl_wrap.cfg.tcl 
Execute         gen_rtl xfUDivResize -style xilinx -f -lang vhdl -o C:/Users/lxl/Documents/vitis_hls_ws/Project/Project/hls_project/solution1/syn/vhdl/ORB_accel_xfUDivResize 
Execute         gen_rtl xfUDivResize -style xilinx -f -lang vlog -o C:/Users/lxl/Documents/vitis_hls_ws/Project/Project/hls_project/solution1/syn/verilog/ORB_accel_xfUDivResize 
Execute         syn_report -csynth -model xfUDivResize -o C:/Users/lxl/Documents/vitis_hls_ws/Project/Project/hls_project/solution1/syn/report/xfUDivResize_csynth.rpt 
Execute           AP::get_flow_target_display_name
Execute             get_solution -flow_target 
Execute         syn_report -rtlxml -model xfUDivResize -o C:/Users/lxl/Documents/vitis_hls_ws/Project/Project/hls_project/solution1/syn/report/xfUDivResize_csynth.xml 
Execute           get_solution -flow_target
Execute             get_solution -flow_target 
Execute         syn_report -verbosereport -model xfUDivResize -o C:/Users/lxl/Documents/vitis_hls_ws/Project/Project/hls_project/solution1/.autopilot/db/xfUDivResize.verbose.rpt 
Execute           AP::get_flow_target_display_name
Execute             get_solution -flow_target 
Execute         db_write -model xfUDivResize -f -o C:/Users/lxl/Documents/vitis_hls_ws/Project/Project/hls_project/solution1/.autopilot/db/xfUDivResize.adb 
Execute         gen_tb_info xfUDivResize -p C:/Users/lxl/Documents/vitis_hls_ws/Project/Project/hls_project/solution1/.autopilot/db -o C:/Users/lxl/Documents/vitis_hls_ws/Project/Project/hls_project/solution1/.autopilot/db/xfUDivResize 
INFO: [HLS 200-10] ----------------------------------------------------------------
INFO: [HLS 200-10] -- Generating RTL for module 'scaleCompute_17_42_20_48_16_1_s' 
INFO: [HLS 200-10] ----------------------------------------------------------------
Execute         get_config_rtl -module_prefix 
Execute         get_config_rtl -module_auto_prefix 
Execute         get_config_rtl -module_prefix 
Execute         get_config_rtl -module_auto_prefix 
Execute         create_rtl_model scaleCompute<17, 42, 20, 48, 16, 1> -top_prefix ORB_accel_ -sub_prefix ORB_accel_ -mg_file C:/Users/lxl/Documents/vitis_hls_ws/Project/Project/hls_project/solution1/.autopilot/db/scaleCompute_17_42_20_48_16_1_s.compgen.tcl 
INFO: [RTGEN 206-100] Generating core module 'mul_48ns_42s_74_1_1': 1 instance(s).
INFO: [RTGEN 206-100] Finished creating RTL model for 'scaleCompute_17_42_20_48_16_1_s'.
Command         create_rtl_model done; 0.111 sec.
INFO: [HLS 200-111] Finished Creating RTL model: CPU user time: 0 seconds. CPU system time: 0 seconds. Elapsed time: 0.574 seconds; current allocated memory: 899.858 MB.
Execute         source C:/Users/lxl/Documents/vitis_hls_ws/Project/Project/hls_project/solution1/.autopilot/db/ORB_accel.rtl_wrap.cfg.tcl 
Execute         gen_rtl scaleCompute<17, 42, 20, 48, 16, 1> -style xilinx -f -lang vhdl -o C:/Users/lxl/Documents/vitis_hls_ws/Project/Project/hls_project/solution1/syn/vhdl/ORB_accel_scaleCompute_17_42_20_48_16_1_s 
Execute         gen_rtl scaleCompute<17, 42, 20, 48, 16, 1> -style xilinx -f -lang vlog -o C:/Users/lxl/Documents/vitis_hls_ws/Project/Project/hls_project/solution1/syn/verilog/ORB_accel_scaleCompute_17_42_20_48_16_1_s 
Execute         syn_report -csynth -model scaleCompute<17, 42, 20, 48, 16, 1> -o C:/Users/lxl/Documents/vitis_hls_ws/Project/Project/hls_project/solution1/syn/report/scaleCompute_17_42_20_48_16_1_s_csynth.rpt 
Execute           AP::get_flow_target_display_name
Execute             get_solution -flow_target 
Execute         syn_report -rtlxml -model scaleCompute<17, 42, 20, 48, 16, 1> -o C:/Users/lxl/Documents/vitis_hls_ws/Project/Project/hls_project/solution1/syn/report/scaleCompute_17_42_20_48_16_1_s_csynth.xml 
Execute           get_solution -flow_target
Execute             get_solution -flow_target 
Execute         syn_report -verbosereport -model scaleCompute<17, 42, 20, 48, 16, 1> -o C:/Users/lxl/Documents/vitis_hls_ws/Project/Project/hls_project/solution1/.autopilot/db/scaleCompute_17_42_20_48_16_1_s.verbose.rpt 
Execute           AP::get_flow_target_display_name
Execute             get_solution -flow_target 
Execute         db_write -model scaleCompute<17, 42, 20, 48, 16, 1> -f -o C:/Users/lxl/Documents/vitis_hls_ws/Project/Project/hls_project/solution1/.autopilot/db/scaleCompute_17_42_20_48_16_1_s.adb 
Execute         gen_tb_info scaleCompute<17, 42, 20, 48, 16, 1> -p C:/Users/lxl/Documents/vitis_hls_ws/Project/Project/hls_project/solution1/.autopilot/db -o C:/Users/lxl/Documents/vitis_hls_ws/Project/Project/hls_project/solution1/.autopilot/db/scaleCompute_17_42_20_48_16_1_s 
INFO: [HLS 200-10] ----------------------------------------------------------------
INFO: [HLS 200-10] -- Generating RTL for module 'resizeNNBilinear_0_1080_1920_1_1080_1920_1_8_s' 
INFO: [HLS 200-10] ----------------------------------------------------------------
Execute         get_config_rtl -module_prefix 
Execute         get_config_rtl -module_auto_prefix 
Execute         get_config_rtl -module_prefix 
Execute         get_config_rtl -module_auto_prefix 
Execute         create_rtl_model resizeNNBilinear<0, 1080, 1920, 1, 1080, 1920, 1, 8> -top_prefix ORB_accel_ -sub_prefix ORB_accel_ -mg_file C:/Users/lxl/Documents/vitis_hls_ws/Project/Project/hls_project/solution1/.autopilot/db/resizeNNBilinear_0_1080_1920_1_1080_1920_1_8_s.compgen.tcl 
INFO: [RTGEN 206-100] Generating core module 'mac_muladd_12ns_10s_22s_23_4_1': 1 instance(s).
INFO: [RTGEN 206-100] Generating core module 'mac_muladd_12ns_9s_21s_22_4_1': 1 instance(s).
INFO: [RTGEN 206-100] Generating core module 'mul_mul_12ns_12ns_24_4_1': 1 instance(s).
INFO: [RTGEN 206-100] Generating core module 'mul_mul_12ns_9s_21_4_1': 1 instance(s).
INFO: [RTGEN 206-100] Finished creating RTL model for 'resizeNNBilinear_0_1080_1920_1_1080_1920_1_8_s'.
Command         create_rtl_model done; 0.334 sec.
INFO: [HLS 200-111] Finished Creating RTL model: CPU user time: 0 seconds. CPU system time: 0 seconds. Elapsed time: 0.756 seconds; current allocated memory: 902.203 MB.
Execute         source C:/Users/lxl/Documents/vitis_hls_ws/Project/Project/hls_project/solution1/.autopilot/db/ORB_accel.rtl_wrap.cfg.tcl 
Execute         gen_rtl resizeNNBilinear<0, 1080, 1920, 1, 1080, 1920, 1, 8> -style xilinx -f -lang vhdl -o C:/Users/lxl/Documents/vitis_hls_ws/Project/Project/hls_project/solution1/syn/vhdl/ORB_accel_resizeNNBilinear_0_1080_1920_1_1080_1920_1_8_s 
Execute         gen_rtl resizeNNBilinear<0, 1080, 1920, 1, 1080, 1920, 1, 8> -style xilinx -f -lang vlog -o C:/Users/lxl/Documents/vitis_hls_ws/Project/Project/hls_project/solution1/syn/verilog/ORB_accel_resizeNNBilinear_0_1080_1920_1_1080_1920_1_8_s 
Execute         syn_report -csynth -model resizeNNBilinear<0, 1080, 1920, 1, 1080, 1920, 1, 8> -o C:/Users/lxl/Documents/vitis_hls_ws/Project/Project/hls_project/solution1/syn/report/resizeNNBilinear_0_1080_1920_1_1080_1920_1_8_s_csynth.rpt 
Execute           AP::get_flow_target_display_name
Execute             get_solution -flow_target 
Command         syn_report done; 0.158 sec.
Execute         syn_report -rtlxml -model resizeNNBilinear<0, 1080, 1920, 1, 1080, 1920, 1, 8> -o C:/Users/lxl/Documents/vitis_hls_ws/Project/Project/hls_project/solution1/syn/report/resizeNNBilinear_0_1080_1920_1_1080_1920_1_8_s_csynth.xml 
Execute           get_solution -flow_target
Execute             get_solution -flow_target 
Execute         syn_report -verbosereport -model resizeNNBilinear<0, 1080, 1920, 1, 1080, 1920, 1, 8> -o C:/Users/lxl/Documents/vitis_hls_ws/Project/Project/hls_project/solution1/.autopilot/db/resizeNNBilinear_0_1080_1920_1_1080_1920_1_8_s.verbose.rpt 
Execute           AP::get_flow_target_display_name
Execute             get_solution -flow_target 
Command         syn_report done; 0.316 sec.
Execute         db_write -model resizeNNBilinear<0, 1080, 1920, 1, 1080, 1920, 1, 8> -f -o C:/Users/lxl/Documents/vitis_hls_ws/Project/Project/hls_project/solution1/.autopilot/db/resizeNNBilinear_0_1080_1920_1_1080_1920_1_8_s.adb 
Command         db_write done; 0.12 sec.
Execute         gen_tb_info resizeNNBilinear<0, 1080, 1920, 1, 1080, 1920, 1, 8> -p C:/Users/lxl/Documents/vitis_hls_ws/Project/Project/hls_project/solution1/.autopilot/db -o C:/Users/lxl/Documents/vitis_hls_ws/Project/Project/hls_project/solution1/.autopilot/db/resizeNNBilinear_0_1080_1920_1_1080_1920_1_8_s 
INFO: [HLS 200-10] ----------------------------------------------------------------
INFO: [HLS 200-10] -- Generating RTL for module 'resize_1_0_1080_1920_1080_1920_1_8_s' 
INFO: [HLS 200-10] ----------------------------------------------------------------
Execute         get_config_rtl -module_prefix 
Execute         get_config_rtl -module_auto_prefix 
Execute         get_config_rtl -module_prefix 
Execute         get_config_rtl -module_auto_prefix 
Execute         create_rtl_model resize<1, 0, 1080, 1920, 1080, 1920, 1, 8> -top_prefix ORB_accel_ -sub_prefix ORB_accel_ -mg_file C:/Users/lxl/Documents/vitis_hls_ws/Project/Project/hls_project/solution1/.autopilot/db/resize_1_0_1080_1920_1080_1920_1_8_s.compgen.tcl 
INFO: [RTGEN 206-100] Finished creating RTL model for 'resize_1_0_1080_1920_1080_1920_1_8_s'.
INFO: [HLS 200-111] Finished Creating RTL model: CPU user time: 1 seconds. CPU system time: 0 seconds. Elapsed time: 1.369 seconds; current allocated memory: 906.114 MB.
Execute         source C:/Users/lxl/Documents/vitis_hls_ws/Project/Project/hls_project/solution1/.autopilot/db/ORB_accel.rtl_wrap.cfg.tcl 
Execute         gen_rtl resize<1, 0, 1080, 1920, 1080, 1920, 1, 8> -style xilinx -f -lang vhdl -o C:/Users/lxl/Documents/vitis_hls_ws/Project/Project/hls_project/solution1/syn/vhdl/ORB_accel_resize_1_0_1080_1920_1080_1920_1_8_s 
Execute         gen_rtl resize<1, 0, 1080, 1920, 1080, 1920, 1, 8> -style xilinx -f -lang vlog -o C:/Users/lxl/Documents/vitis_hls_ws/Project/Project/hls_project/solution1/syn/verilog/ORB_accel_resize_1_0_1080_1920_1080_1920_1_8_s 
Execute         syn_report -csynth -model resize<1, 0, 1080, 1920, 1080, 1920, 1, 8> -o C:/Users/lxl/Documents/vitis_hls_ws/Project/Project/hls_project/solution1/syn/report/resize_1_0_1080_1920_1080_1920_1_8_s_csynth.rpt 
Execute           AP::get_flow_target_display_name
Execute             get_solution -flow_target 
Execute         syn_report -rtlxml -model resize<1, 0, 1080, 1920, 1080, 1920, 1, 8> -o C:/Users/lxl/Documents/vitis_hls_ws/Project/Project/hls_project/solution1/syn/report/resize_1_0_1080_1920_1080_1920_1_8_s_csynth.xml 
Execute           get_solution -flow_target
Execute             get_solution -flow_target 
Execute         syn_report -verbosereport -model resize<1, 0, 1080, 1920, 1080, 1920, 1, 8> -o C:/Users/lxl/Documents/vitis_hls_ws/Project/Project/hls_project/solution1/.autopilot/db/resize_1_0_1080_1920_1080_1920_1_8_s.verbose.rpt 
Execute           AP::get_flow_target_display_name
Execute             get_solution -flow_target 
Command         syn_report done; 0.18 sec.
Execute         db_write -model resize<1, 0, 1080, 1920, 1080, 1920, 1, 8> -f -o C:/Users/lxl/Documents/vitis_hls_ws/Project/Project/hls_project/solution1/.autopilot/db/resize_1_0_1080_1920_1080_1920_1_8_s.adb 
Execute         gen_tb_info resize<1, 0, 1080, 1920, 1080, 1920, 1, 8> -p C:/Users/lxl/Documents/vitis_hls_ws/Project/Project/hls_project/solution1/.autopilot/db -o C:/Users/lxl/Documents/vitis_hls_ws/Project/Project/hls_project/solution1/.autopilot/db/resize_1_0_1080_1920_1080_1920_1_8_s 
INFO: [HLS 200-10] ----------------------------------------------------------------
INFO: [HLS 200-10] -- Generating RTL for module 'process_resize_8_0_1080_1920_1_s' 
INFO: [HLS 200-10] ----------------------------------------------------------------
Execute         get_config_rtl -module_prefix 
Execute         get_config_rtl -module_auto_prefix 
Execute         get_config_rtl -module_prefix 
Execute         get_config_rtl -module_auto_prefix 
Execute         create_rtl_model process_resize<8, 0, 1080, 1920, 1> -top_prefix ORB_accel_ -sub_prefix ORB_accel_ -mg_file C:/Users/lxl/Documents/vitis_hls_ws/Project/Project/hls_project/solution1/.autopilot/db/process_resize_8_0_1080_1920_1_s.compgen.tcl 
INFO: [RTGEN 206-100] Finished creating RTL model for 'process_resize_8_0_1080_1920_1_s'.
INFO: [HLS 200-111] Finished Creating RTL model: CPU user time: 0 seconds. CPU system time: 0 seconds. Elapsed time: 0.596 seconds; current allocated memory: 906.503 MB.
Execute         source C:/Users/lxl/Documents/vitis_hls_ws/Project/Project/hls_project/solution1/.autopilot/db/ORB_accel.rtl_wrap.cfg.tcl 
Execute         gen_rtl process_resize<8, 0, 1080, 1920, 1> -style xilinx -f -lang vhdl -o C:/Users/lxl/Documents/vitis_hls_ws/Project/Project/hls_project/solution1/syn/vhdl/ORB_accel_process_resize_8_0_1080_1920_1_s 
Execute         gen_rtl process_resize<8, 0, 1080, 1920, 1> -style xilinx -f -lang vlog -o C:/Users/lxl/Documents/vitis_hls_ws/Project/Project/hls_project/solution1/syn/verilog/ORB_accel_process_resize_8_0_1080_1920_1_s 
Execute         syn_report -csynth -model process_resize<8, 0, 1080, 1920, 1> -o C:/Users/lxl/Documents/vitis_hls_ws/Project/Project/hls_project/solution1/syn/report/process_resize_8_0_1080_1920_1_s_csynth.rpt 
Execute           AP::get_flow_target_display_name
Execute             get_solution -flow_target 
Execute         syn_report -rtlxml -model process_resize<8, 0, 1080, 1920, 1> -o C:/Users/lxl/Documents/vitis_hls_ws/Project/Project/hls_project/solution1/syn/report/process_resize_8_0_1080_1920_1_s_csynth.xml 
Execute           get_solution -flow_target
Execute             get_solution -flow_target 
Execute         syn_report -verbosereport -model process_resize<8, 0, 1080, 1920, 1> -o C:/Users/lxl/Documents/vitis_hls_ws/Project/Project/hls_project/solution1/.autopilot/db/process_resize_8_0_1080_1920_1_s.verbose.rpt 
Execute           AP::get_flow_target_display_name
Execute             get_solution -flow_target 
Command         syn_report done; 0.182 sec.
Execute         db_write -model process_resize<8, 0, 1080, 1920, 1> -f -o C:/Users/lxl/Documents/vitis_hls_ws/Project/Project/hls_project/solution1/.autopilot/db/process_resize_8_0_1080_1920_1_s.adb 
Execute         gen_tb_info process_resize<8, 0, 1080, 1920, 1> -p C:/Users/lxl/Documents/vitis_hls_ws/Project/Project/hls_project/solution1/.autopilot/db -o C:/Users/lxl/Documents/vitis_hls_ws/Project/Project/hls_project/solution1/.autopilot/db/process_resize_8_0_1080_1920_1_s 
INFO: [HLS 200-10] ----------------------------------------------------------------
INFO: [HLS 200-10] -- Generating RTL for module 'process_xfMat2stream_8_0_1080_1920_1_s' 
INFO: [HLS 200-10] ----------------------------------------------------------------
Execute         get_config_rtl -module_prefix 
Execute         get_config_rtl -module_auto_prefix 
Execute         get_config_rtl -module_prefix 
Execute         get_config_rtl -module_auto_prefix 
Execute         create_rtl_model process_xfMat2stream<8, 0, 1080, 1920, 1> -top_prefix ORB_accel_ -sub_prefix ORB_accel_ -mg_file C:/Users/lxl/Documents/vitis_hls_ws/Project/Project/hls_project/solution1/.autopilot/db/process_xfMat2stream_8_0_1080_1920_1_s.compgen.tcl 
INFO: [RTGEN 206-100] Generating core module 'mul_mul_11ns_11ns_22_4_1': 1 instance(s).
INFO: [RTGEN 206-100] Finished creating RTL model for 'process_xfMat2stream_8_0_1080_1920_1_s'.
INFO: [HLS 200-111] Finished Creating RTL model: CPU user time: 0 seconds. CPU system time: 0 seconds. Elapsed time: 0.654 seconds; current allocated memory: 906.970 MB.
Execute         source C:/Users/lxl/Documents/vitis_hls_ws/Project/Project/hls_project/solution1/.autopilot/db/ORB_accel.rtl_wrap.cfg.tcl 
Execute         gen_rtl process_xfMat2stream<8, 0, 1080, 1920, 1> -style xilinx -f -lang vhdl -o C:/Users/lxl/Documents/vitis_hls_ws/Project/Project/hls_project/solution1/syn/vhdl/ORB_accel_process_xfMat2stream_8_0_1080_1920_1_s 
Execute         gen_rtl process_xfMat2stream<8, 0, 1080, 1920, 1> -style xilinx -f -lang vlog -o C:/Users/lxl/Documents/vitis_hls_ws/Project/Project/hls_project/solution1/syn/verilog/ORB_accel_process_xfMat2stream_8_0_1080_1920_1_s 
Execute         syn_report -csynth -model process_xfMat2stream<8, 0, 1080, 1920, 1> -o C:/Users/lxl/Documents/vitis_hls_ws/Project/Project/hls_project/solution1/syn/report/process_xfMat2stream_8_0_1080_1920_1_s_csynth.rpt 
Execute           AP::get_flow_target_display_name
Execute             get_solution -flow_target 
Execute         syn_report -rtlxml -model process_xfMat2stream<8, 0, 1080, 1920, 1> -o C:/Users/lxl/Documents/vitis_hls_ws/Project/Project/hls_project/solution1/syn/report/process_xfMat2stream_8_0_1080_1920_1_s_csynth.xml 
Execute           get_solution -flow_target
Execute             get_solution -flow_target 
Execute         syn_report -verbosereport -model process_xfMat2stream<8, 0, 1080, 1920, 1> -o C:/Users/lxl/Documents/vitis_hls_ws/Project/Project/hls_project/solution1/.autopilot/db/process_xfMat2stream_8_0_1080_1920_1_s.verbose.rpt 
Execute           AP::get_flow_target_display_name
Execute             get_solution -flow_target 
Execute         db_write -model process_xfMat2stream<8, 0, 1080, 1920, 1> -f -o C:/Users/lxl/Documents/vitis_hls_ws/Project/Project/hls_project/solution1/.autopilot/db/process_xfMat2stream_8_0_1080_1920_1_s.adb 
Execute         gen_tb_info process_xfMat2stream<8, 0, 1080, 1920, 1> -p C:/Users/lxl/Documents/vitis_hls_ws/Project/Project/hls_project/solution1/.autopilot/db -o C:/Users/lxl/Documents/vitis_hls_ws/Project/Project/hls_project/solution1/.autopilot/db/process_xfMat2stream_8_0_1080_1920_1_s 
INFO: [HLS 200-10] ----------------------------------------------------------------
INFO: [HLS 200-10] -- Generating RTL for module 'process_blur_8_0_1080_1920_1_s' 
INFO: [HLS 200-10] ----------------------------------------------------------------
Execute         get_config_rtl -module_prefix 
Execute         get_config_rtl -module_auto_prefix 
Execute         get_config_rtl -module_prefix 
Execute         get_config_rtl -module_auto_prefix 
Execute         create_rtl_model process_blur<8, 0, 1080, 1920, 1> -top_prefix ORB_accel_ -sub_prefix ORB_accel_ -mg_file C:/Users/lxl/Documents/vitis_hls_ws/Project/Project/hls_project/solution1/.autopilot/db/process_blur_8_0_1080_1920_1_s.compgen.tcl 
INFO: [RTGEN 206-100] Generating core module 'am_addmul_11ns_4ns_11ns_23_4_1': 1 instance(s).
INFO: [RTGEN 206-100] Generating core module 'mul_8ns_10ns_17_1_1': 16 instance(s).
INFO: [RTGEN 206-100] Generating core module 'mul_8ns_9ns_16_1_1': 16 instance(s).
INFO: [RTGEN 206-100] Generating core module 'mul_mul_11ns_11ns_22_4_1': 1 instance(s).
INFO: [RTGEN 206-100] Generating core module 'mul_mul_8ns_11ns_18_4_1': 9 instance(s).
INFO: [RTGEN 206-100] Generating core module 'udiv_23ns_11ns_23_27_1': 1 instance(s).
INFO: [RTGEN 206-100] Generating core module 'urem_23ns_11ns_23_27_1': 1 instance(s).
INFO: [RTGEN 206-100] Finished creating RTL model for 'process_blur_8_0_1080_1920_1_s'.
Command         create_rtl_model done; 0.522 sec.
INFO: [HLS 200-111] Finished Creating RTL model: CPU user time: 1 seconds. CPU system time: 0 seconds. Elapsed time: 0.923 seconds; current allocated memory: 912.108 MB.
Execute         source C:/Users/lxl/Documents/vitis_hls_ws/Project/Project/hls_project/solution1/.autopilot/db/ORB_accel.rtl_wrap.cfg.tcl 
Execute         gen_rtl process_blur<8, 0, 1080, 1920, 1> -style xilinx -f -lang vhdl -o C:/Users/lxl/Documents/vitis_hls_ws/Project/Project/hls_project/solution1/syn/vhdl/ORB_accel_process_blur_8_0_1080_1920_1_s 
Execute         gen_rtl process_blur<8, 0, 1080, 1920, 1> -style xilinx -f -lang vlog -o C:/Users/lxl/Documents/vitis_hls_ws/Project/Project/hls_project/solution1/syn/verilog/ORB_accel_process_blur_8_0_1080_1920_1_s 
Execute         syn_report -csynth -model process_blur<8, 0, 1080, 1920, 1> -o C:/Users/lxl/Documents/vitis_hls_ws/Project/Project/hls_project/solution1/syn/report/process_blur_8_0_1080_1920_1_s_csynth.rpt 
Execute           AP::get_flow_target_display_name
Execute             get_solution -flow_target 
Command         syn_report done; 0.258 sec.
Execute         syn_report -rtlxml -model process_blur<8, 0, 1080, 1920, 1> -o C:/Users/lxl/Documents/vitis_hls_ws/Project/Project/hls_project/solution1/syn/report/process_blur_8_0_1080_1920_1_s_csynth.xml 
Execute           get_solution -flow_target
Execute             get_solution -flow_target 
Command         syn_report done; 0.131 sec.
Execute         syn_report -verbosereport -model process_blur<8, 0, 1080, 1920, 1> -o C:/Users/lxl/Documents/vitis_hls_ws/Project/Project/hls_project/solution1/.autopilot/db/process_blur_8_0_1080_1920_1_s.verbose.rpt 
Execute           AP::get_flow_target_display_name
Execute             get_solution -flow_target 
Command         syn_report done; 0.589 sec.
Execute         db_write -model process_blur<8, 0, 1080, 1920, 1> -f -o C:/Users/lxl/Documents/vitis_hls_ws/Project/Project/hls_project/solution1/.autopilot/db/process_blur_8_0_1080_1920_1_s.adb 
Command         db_write done; 0.276 sec.
Execute         gen_tb_info process_blur<8, 0, 1080, 1920, 1> -p C:/Users/lxl/Documents/vitis_hls_ws/Project/Project/hls_project/solution1/.autopilot/db -o C:/Users/lxl/Documents/vitis_hls_ws/Project/Project/hls_project/solution1/.autopilot/db/process_blur_8_0_1080_1920_1_s 
INFO: [HLS 200-10] ----------------------------------------------------------------
INFO: [HLS 200-10] -- Generating RTL for module 'fast_score' 
INFO: [HLS 200-10] ----------------------------------------------------------------
Execute         get_config_rtl -module_prefix 
Execute         get_config_rtl -module_auto_prefix 
Execute         get_config_rtl -module_prefix 
Execute         get_config_rtl -module_auto_prefix 
Execute         create_rtl_model fast_score -top_prefix ORB_accel_ -sub_prefix ORB_accel_ -mg_file C:/Users/lxl/Documents/vitis_hls_ws/Project/Project/hls_project/solution1/.autopilot/db/fast_score.compgen.tcl 
INFO: [RTGEN 206-100] Finished creating RTL model for 'fast_score'.
INFO: [HLS 200-111] Finished Creating RTL model: CPU user time: 0 seconds. CPU system time: 1 seconds. Elapsed time: 2.509 seconds; current allocated memory: 924.123 MB.
Execute         source C:/Users/lxl/Documents/vitis_hls_ws/Project/Project/hls_project/solution1/.autopilot/db/ORB_accel.rtl_wrap.cfg.tcl 
Execute         gen_rtl fast_score -style xilinx -f -lang vhdl -o C:/Users/lxl/Documents/vitis_hls_ws/Project/Project/hls_project/solution1/syn/vhdl/ORB_accel_fast_score 
Execute         gen_rtl fast_score -style xilinx -f -lang vlog -o C:/Users/lxl/Documents/vitis_hls_ws/Project/Project/hls_project/solution1/syn/verilog/ORB_accel_fast_score 
Execute         syn_report -csynth -model fast_score -o C:/Users/lxl/Documents/vitis_hls_ws/Project/Project/hls_project/solution1/syn/report/fast_score_csynth.rpt 
Execute           AP::get_flow_target_display_name
Execute             get_solution -flow_target 
Command         syn_report done; 0.317 sec.
Execute         syn_report -rtlxml -model fast_score -o C:/Users/lxl/Documents/vitis_hls_ws/Project/Project/hls_project/solution1/syn/report/fast_score_csynth.xml 
Execute           get_solution -flow_target
Execute             get_solution -flow_target 
Command         syn_report done; 0.152 sec.
Execute         syn_report -verbosereport -model fast_score -o C:/Users/lxl/Documents/vitis_hls_ws/Project/Project/hls_project/solution1/.autopilot/db/fast_score.verbose.rpt 
Execute           AP::get_flow_target_display_name
Execute             get_solution -flow_target 
Command         syn_report done; 0.654 sec.
Execute         db_write -model fast_score -f -o C:/Users/lxl/Documents/vitis_hls_ws/Project/Project/hls_project/solution1/.autopilot/db/fast_score.adb 
Command         db_write done; 0.194 sec.
Execute         gen_tb_info fast_score -p C:/Users/lxl/Documents/vitis_hls_ws/Project/Project/hls_project/solution1/.autopilot/db -o C:/Users/lxl/Documents/vitis_hls_ws/Project/Project/hls_project/solution1/.autopilot/db/fast_score 
INFO: [HLS 200-10] ----------------------------------------------------------------
INFO: [HLS 200-10] -- Generating RTL for module 'process_fast_8_1080_1920_1_s' 
INFO: [HLS 200-10] ----------------------------------------------------------------
Execute         get_config_rtl -module_prefix 
Execute         get_config_rtl -module_auto_prefix 
Execute         get_config_rtl -module_prefix 
Execute         get_config_rtl -module_auto_prefix 
Execute         create_rtl_model process_fast<8, 1080, 1920, 1> -top_prefix ORB_accel_ -sub_prefix ORB_accel_ -mg_file C:/Users/lxl/Documents/vitis_hls_ws/Project/Project/hls_project/solution1/.autopilot/db/process_fast_8_1080_1920_1_s.compgen.tcl 
INFO: [RTGEN 206-100] Finished creating RTL model for 'process_fast_8_1080_1920_1_s'.
Command         create_rtl_model done; 0.134 sec.
INFO: [HLS 200-111] Finished Creating RTL model: CPU user time: 1 seconds. CPU system time: 0 seconds. Elapsed time: 2.13 seconds; current allocated memory: 930.806 MB.
Execute         source C:/Users/lxl/Documents/vitis_hls_ws/Project/Project/hls_project/solution1/.autopilot/db/ORB_accel.rtl_wrap.cfg.tcl 
Execute         gen_rtl process_fast<8, 1080, 1920, 1> -style xilinx -f -lang vhdl -o C:/Users/lxl/Documents/vitis_hls_ws/Project/Project/hls_project/solution1/syn/vhdl/ORB_accel_process_fast_8_1080_1920_1_s 
Execute         gen_rtl process_fast<8, 1080, 1920, 1> -style xilinx -f -lang vlog -o C:/Users/lxl/Documents/vitis_hls_ws/Project/Project/hls_project/solution1/syn/verilog/ORB_accel_process_fast_8_1080_1920_1_s 
Execute         syn_report -csynth -model process_fast<8, 1080, 1920, 1> -o C:/Users/lxl/Documents/vitis_hls_ws/Project/Project/hls_project/solution1/syn/report/process_fast_8_1080_1920_1_s_csynth.rpt 
Execute           AP::get_flow_target_display_name
Execute             get_solution -flow_target 
Command         syn_report done; 0.401 sec.
Execute         syn_report -rtlxml -model process_fast<8, 1080, 1920, 1> -o C:/Users/lxl/Documents/vitis_hls_ws/Project/Project/hls_project/solution1/syn/report/process_fast_8_1080_1920_1_s_csynth.xml 
Execute           get_solution -flow_target
Execute             get_solution -flow_target 
Command         syn_report done; 0.176 sec.
Execute         syn_report -verbosereport -model process_fast<8, 1080, 1920, 1> -o C:/Users/lxl/Documents/vitis_hls_ws/Project/Project/hls_project/solution1/.autopilot/db/process_fast_8_1080_1920_1_s.verbose.rpt 
Execute           AP::get_flow_target_display_name
Execute             get_solution -flow_target 
Command         syn_report done; 1.094 sec.
Execute         db_write -model process_fast<8, 1080, 1920, 1> -f -o C:/Users/lxl/Documents/vitis_hls_ws/Project/Project/hls_project/solution1/.autopilot/db/process_fast_8_1080_1920_1_s.adb 
Command         db_write done; 0.231 sec.
Execute         gen_tb_info process_fast<8, 1080, 1920, 1> -p C:/Users/lxl/Documents/vitis_hls_ws/Project/Project/hls_project/solution1/.autopilot/db -o C:/Users/lxl/Documents/vitis_hls_ws/Project/Project/hls_project/solution1/.autopilot/db/process_fast_8_1080_1920_1_s 
INFO: [HLS 200-10] ----------------------------------------------------------------
INFO: [HLS 200-10] -- Generating RTL for module 'process_nms_8_1080_1920_1_s' 
INFO: [HLS 200-10] ----------------------------------------------------------------
Execute         get_config_rtl -module_prefix 
Execute         get_config_rtl -module_auto_prefix 
Execute         get_config_rtl -module_prefix 
Execute         get_config_rtl -module_auto_prefix 
Execute         create_rtl_model process_nms<8, 1080, 1920, 1> -top_prefix ORB_accel_ -sub_prefix ORB_accel_ -mg_file C:/Users/lxl/Documents/vitis_hls_ws/Project/Project/hls_project/solution1/.autopilot/db/process_nms_8_1080_1920_1_s.compgen.tcl 
INFO: [RTGEN 206-100] Finished creating RTL model for 'process_nms_8_1080_1920_1_s'.
INFO: [HLS 200-111] Finished Creating RTL model: CPU user time: 1 seconds. CPU system time: 0 seconds. Elapsed time: 2.753 seconds; current allocated memory: 937.208 MB.
Execute         source C:/Users/lxl/Documents/vitis_hls_ws/Project/Project/hls_project/solution1/.autopilot/db/ORB_accel.rtl_wrap.cfg.tcl 
Execute         gen_rtl process_nms<8, 1080, 1920, 1> -style xilinx -f -lang vhdl -o C:/Users/lxl/Documents/vitis_hls_ws/Project/Project/hls_project/solution1/syn/vhdl/ORB_accel_process_nms_8_1080_1920_1_s 
Execute         gen_rtl process_nms<8, 1080, 1920, 1> -style xilinx -f -lang vlog -o C:/Users/lxl/Documents/vitis_hls_ws/Project/Project/hls_project/solution1/syn/verilog/ORB_accel_process_nms_8_1080_1920_1_s 
Execute         syn_report -csynth -model process_nms<8, 1080, 1920, 1> -o C:/Users/lxl/Documents/vitis_hls_ws/Project/Project/hls_project/solution1/syn/report/process_nms_8_1080_1920_1_s_csynth.rpt 
Execute           AP::get_flow_target_display_name
Execute             get_solution -flow_target 
Execute         syn_report -rtlxml -model process_nms<8, 1080, 1920, 1> -o C:/Users/lxl/Documents/vitis_hls_ws/Project/Project/hls_project/solution1/syn/report/process_nms_8_1080_1920_1_s_csynth.xml 
Execute           get_solution -flow_target
Execute             get_solution -flow_target 
Execute         syn_report -verbosereport -model process_nms<8, 1080, 1920, 1> -o C:/Users/lxl/Documents/vitis_hls_ws/Project/Project/hls_project/solution1/.autopilot/db/process_nms_8_1080_1920_1_s.verbose.rpt 
Execute           AP::get_flow_target_display_name
Execute             get_solution -flow_target 
Command         syn_report done; 0.139 sec.
Execute         db_write -model process_nms<8, 1080, 1920, 1> -f -o C:/Users/lxl/Documents/vitis_hls_ws/Project/Project/hls_project/solution1/.autopilot/db/process_nms_8_1080_1920_1_s.adb 
Execute         gen_tb_info process_nms<8, 1080, 1920, 1> -p C:/Users/lxl/Documents/vitis_hls_ws/Project/Project/hls_project/solution1/.autopilot/db -o C:/Users/lxl/Documents/vitis_hls_ws/Project/Project/hls_project/solution1/.autopilot/db/process_nms_8_1080_1920_1_s 
INFO: [HLS 200-10] ----------------------------------------------------------------
INFO: [HLS 200-10] -- Generating RTL for module 'generic_atan2_20_20_s' 
INFO: [HLS 200-10] ----------------------------------------------------------------
Execute         get_config_rtl -module_prefix 
Execute         get_config_rtl -module_auto_prefix 
Execute         get_config_rtl -module_prefix 
Execute         get_config_rtl -module_auto_prefix 
Execute         create_rtl_model generic_atan2<20, 20> -top_prefix ORB_accel_ -sub_prefix ORB_accel_ -mg_file C:/Users/lxl/Documents/vitis_hls_ws/Project/Project/hls_project/solution1/.autopilot/db/generic_atan2_20_20_s.compgen.tcl 
INFO: [RTGEN 206-100] Finished creating RTL model for 'generic_atan2_20_20_s'.
INFO: [HLS 200-111] Finished Creating RTL model: CPU user time: 0 seconds. CPU system time: 0 seconds. Elapsed time: 0.837 seconds; current allocated memory: 939.401 MB.
Execute         source C:/Users/lxl/Documents/vitis_hls_ws/Project/Project/hls_project/solution1/.autopilot/db/ORB_accel.rtl_wrap.cfg.tcl 
Execute         gen_rtl generic_atan2<20, 20> -style xilinx -f -lang vhdl -o C:/Users/lxl/Documents/vitis_hls_ws/Project/Project/hls_project/solution1/syn/vhdl/ORB_accel_generic_atan2_20_20_s 
Execute         gen_rtl generic_atan2<20, 20> -style xilinx -f -lang vlog -o C:/Users/lxl/Documents/vitis_hls_ws/Project/Project/hls_project/solution1/syn/verilog/ORB_accel_generic_atan2_20_20_s 
Execute         syn_report -csynth -model generic_atan2<20, 20> -o C:/Users/lxl/Documents/vitis_hls_ws/Project/Project/hls_project/solution1/syn/report/generic_atan2_20_20_s_csynth.rpt 
Execute           AP::get_flow_target_display_name
Execute             get_solution -flow_target 
Execute         syn_report -rtlxml -model generic_atan2<20, 20> -o C:/Users/lxl/Documents/vitis_hls_ws/Project/Project/hls_project/solution1/syn/report/generic_atan2_20_20_s_csynth.xml 
Execute           get_solution -flow_target
Execute             get_solution -flow_target 
Execute         syn_report -verbosereport -model generic_atan2<20, 20> -o C:/Users/lxl/Documents/vitis_hls_ws/Project/Project/hls_project/solution1/.autopilot/db/generic_atan2_20_20_s.verbose.rpt 
Execute           AP::get_flow_target_display_name
Execute             get_solution -flow_target 
Command         syn_report done; 0.153 sec.
Execute         db_write -model generic_atan2<20, 20> -f -o C:/Users/lxl/Documents/vitis_hls_ws/Project/Project/hls_project/solution1/.autopilot/db/generic_atan2_20_20_s.adb 
Execute         gen_tb_info generic_atan2<20, 20> -p C:/Users/lxl/Documents/vitis_hls_ws/Project/Project/hls_project/solution1/.autopilot/db -o C:/Users/lxl/Documents/vitis_hls_ws/Project/Project/hls_project/solution1/.autopilot/db/generic_atan2_20_20_s 
INFO: [HLS 200-10] ----------------------------------------------------------------
INFO: [HLS 200-10] -- Generating RTL for module 'round_fixed_16_9_s' 
INFO: [HLS 200-10] ----------------------------------------------------------------
Execute         get_config_rtl -module_prefix 
Execute         get_config_rtl -module_auto_prefix 
Execute         get_config_rtl -module_prefix 
Execute         get_config_rtl -module_auto_prefix 
Execute         create_rtl_model round_fixed<16, 9> -top_prefix ORB_accel_ -sub_prefix ORB_accel_ -mg_file C:/Users/lxl/Documents/vitis_hls_ws/Project/Project/hls_project/solution1/.autopilot/db/round_fixed_16_9_s.compgen.tcl 
INFO: [RTGEN 206-100] Finished creating RTL model for 'round_fixed_16_9_s'.
INFO: [HLS 200-111] Finished Creating RTL model: CPU user time: 1 seconds. CPU system time: 0 seconds. Elapsed time: 0.821 seconds; current allocated memory: 940.847 MB.
Execute         source C:/Users/lxl/Documents/vitis_hls_ws/Project/Project/hls_project/solution1/.autopilot/db/ORB_accel.rtl_wrap.cfg.tcl 
Execute         gen_rtl round_fixed<16, 9> -style xilinx -f -lang vhdl -o C:/Users/lxl/Documents/vitis_hls_ws/Project/Project/hls_project/solution1/syn/vhdl/ORB_accel_round_fixed_16_9_s 
Execute         gen_rtl round_fixed<16, 9> -style xilinx -f -lang vlog -o C:/Users/lxl/Documents/vitis_hls_ws/Project/Project/hls_project/solution1/syn/verilog/ORB_accel_round_fixed_16_9_s 
Execute         syn_report -csynth -model round_fixed<16, 9> -o C:/Users/lxl/Documents/vitis_hls_ws/Project/Project/hls_project/solution1/syn/report/round_fixed_16_9_s_csynth.rpt 
Execute           AP::get_flow_target_display_name
Execute             get_solution -flow_target 
Execute         syn_report -rtlxml -model round_fixed<16, 9> -o C:/Users/lxl/Documents/vitis_hls_ws/Project/Project/hls_project/solution1/syn/report/round_fixed_16_9_s_csynth.xml 
Execute           get_solution -flow_target
Execute             get_solution -flow_target 
Execute         syn_report -verbosereport -model round_fixed<16, 9> -o C:/Users/lxl/Documents/vitis_hls_ws/Project/Project/hls_project/solution1/.autopilot/db/round_fixed_16_9_s.verbose.rpt 
Execute           AP::get_flow_target_display_name
Execute             get_solution -flow_target 
Execute         db_write -model round_fixed<16, 9> -f -o C:/Users/lxl/Documents/vitis_hls_ws/Project/Project/hls_project/solution1/.autopilot/db/round_fixed_16_9_s.adb 
Execute         gen_tb_info round_fixed<16, 9> -p C:/Users/lxl/Documents/vitis_hls_ws/Project/Project/hls_project/solution1/.autopilot/db -o C:/Users/lxl/Documents/vitis_hls_ws/Project/Project/hls_project/solution1/.autopilot/db/round_fixed_16_9_s 
INFO: [HLS 200-10] ----------------------------------------------------------------
INFO: [HLS 200-10] -- Generating RTL for module 'descriptor' 
INFO: [HLS 200-10] ----------------------------------------------------------------
Execute         get_config_rtl -module_prefix 
Execute         get_config_rtl -module_auto_prefix 
Execute         get_config_rtl -module_prefix 
Execute         get_config_rtl -module_auto_prefix 
Execute         create_rtl_model descriptor -top_prefix ORB_accel_ -sub_prefix ORB_accel_ -mg_file C:/Users/lxl/Documents/vitis_hls_ws/Project/Project/hls_project/solution1/.autopilot/db/descriptor.compgen.tcl 
INFO: [RTGEN 206-100] Generating core module 'mac_muladd_3ns_11ns_12ns_12_4_1': 1 instance(s).
INFO: [RTGEN 206-100] Generating core module 'mac_muladd_6ns_7ns_6ns_11_4_1': 2 instance(s).
INFO: [RTGEN 206-100] Generating core module 'mac_muladd_9s_5s_14ns_14_4_1': 2 instance(s).
INFO: [RTGEN 206-100] Generating core module 'mac_mulsub_9s_5s_14ns_14_4_1': 2 instance(s).
INFO: [RTGEN 206-100] Generating core module 'mul_9s_5s_14_1_1': 4 instance(s).
INFO: [RTGEN 206-100] Generating core module 'mul_mul_10ns_15ns_24_4_1': 1 instance(s).
INFO: [RTGEN 206-100] Generating core module 'mux_136911_8_1_1': 2 instance(s).
INFO: [RTGEN 206-100] Finished creating RTL model for 'descriptor'.
Command         create_rtl_model done; 0.802 sec.
INFO: [HLS 200-111] Finished Creating RTL model: CPU user time: 0 seconds. CPU system time: 0 seconds. Elapsed time: 1.231 seconds; current allocated memory: 957.377 MB.
Execute         source C:/Users/lxl/Documents/vitis_hls_ws/Project/Project/hls_project/solution1/.autopilot/db/ORB_accel.rtl_wrap.cfg.tcl 
Execute         gen_rtl descriptor -style xilinx -f -lang vhdl -o C:/Users/lxl/Documents/vitis_hls_ws/Project/Project/hls_project/solution1/syn/vhdl/ORB_accel_descriptor 
Execute         gen_rtl descriptor -style xilinx -f -lang vlog -o C:/Users/lxl/Documents/vitis_hls_ws/Project/Project/hls_project/solution1/syn/verilog/ORB_accel_descriptor 
Execute         syn_report -csynth -model descriptor -o C:/Users/lxl/Documents/vitis_hls_ws/Project/Project/hls_project/solution1/syn/report/descriptor_csynth.rpt 
Execute           AP::get_flow_target_display_name
Execute             get_solution -flow_target 
Command         syn_report done; 0.118 sec.
Execute         syn_report -rtlxml -model descriptor -o C:/Users/lxl/Documents/vitis_hls_ws/Project/Project/hls_project/solution1/syn/report/descriptor_csynth.xml 
Execute           get_solution -flow_target
Execute             get_solution -flow_target 
Execute         syn_report -verbosereport -model descriptor -o C:/Users/lxl/Documents/vitis_hls_ws/Project/Project/hls_project/solution1/.autopilot/db/descriptor.verbose.rpt 
Execute           AP::get_flow_target_display_name
Execute             get_solution -flow_target 
Command         syn_report done; 0.36 sec.
Execute         db_write -model descriptor -f -o C:/Users/lxl/Documents/vitis_hls_ws/Project/Project/hls_project/solution1/.autopilot/db/descriptor.adb 
Command         db_write done; 0.361 sec.
Execute         gen_tb_info descriptor -p C:/Users/lxl/Documents/vitis_hls_ws/Project/Project/hls_project/solution1/.autopilot/db -o C:/Users/lxl/Documents/vitis_hls_ws/Project/Project/hls_project/solution1/.autopilot/db/descriptor 
INFO: [HLS 200-10] ----------------------------------------------------------------
INFO: [HLS 200-10] -- Generating RTL for module 'process_rBRIEF_8_1080_1920_s' 
INFO: [HLS 200-10] ----------------------------------------------------------------
Execute         get_config_rtl -module_prefix 
Execute         get_config_rtl -module_auto_prefix 
Execute         get_config_rtl -module_prefix 
Execute         get_config_rtl -module_auto_prefix 
Execute         create_rtl_model process_rBRIEF<8, 1080, 1920> -top_prefix ORB_accel_ -sub_prefix ORB_accel_ -mg_file C:/Users/lxl/Documents/vitis_hls_ws/Project/Project/hls_project/solution1/.autopilot/db/process_rBRIEF_8_1080_1920_s.compgen.tcl 
INFO: [RTGEN 206-104] Estimated max fanout for 'process_rBRIEF_8_1080_1920_s' is 11893 from HDL expression: (1'b1 == ap_CS_fsm_state5)
INFO: [RTGEN 206-100] Generating core module 'mac_muladd_20s_4ns_20ns_20_4_1': 1 instance(s).
INFO: [RTGEN 206-100] Generating core module 'mac_muladd_20s_9ns_20ns_20_4_1': 1 instance(s).
INFO: [RTGEN 206-100] Generating core module 'mac_muladd_8ns_5s_18s_18_4_1': 1 instance(s).
INFO: [RTGEN 206-100] Generating core module 'mul_mul_11ns_11ns_22_4_1': 1 instance(s).
INFO: [RTGEN 206-100] Generating core module 'mux_376_8_1_1': 3 instance(s).
INFO: [RTGEN 206-100] Finished creating RTL model for 'process_rBRIEF_8_1080_1920_s'.
Command         create_rtl_model done; 28.792 sec.
INFO: [HLS 200-111] Finished Creating RTL model: CPU user time: 8 seconds. CPU system time: 1 seconds. Elapsed time: 32.061 seconds; current allocated memory: 1013.185 MB.
Execute         source C:/Users/lxl/Documents/vitis_hls_ws/Project/Project/hls_project/solution1/.autopilot/db/ORB_accel.rtl_wrap.cfg.tcl 
Execute         gen_rtl process_rBRIEF<8, 1080, 1920> -style xilinx -f -lang vhdl -o C:/Users/lxl/Documents/vitis_hls_ws/Project/Project/hls_project/solution1/syn/vhdl/ORB_accel_process_rBRIEF_8_1080_1920_s 
Execute         gen_rtl process_rBRIEF<8, 1080, 1920> -style xilinx -f -lang vlog -o C:/Users/lxl/Documents/vitis_hls_ws/Project/Project/hls_project/solution1/syn/verilog/ORB_accel_process_rBRIEF_8_1080_1920_s 
Command         gen_rtl done; 0.119 sec.
Execute         syn_report -csynth -model process_rBRIEF<8, 1080, 1920> -o C:/Users/lxl/Documents/vitis_hls_ws/Project/Project/hls_project/solution1/syn/report/process_rBRIEF_8_1080_1920_s_csynth.rpt 
Execute           AP::get_flow_target_display_name
Execute             get_solution -flow_target 
Command         syn_report done; 1.677 sec.
Execute         syn_report -rtlxml -model process_rBRIEF<8, 1080, 1920> -o C:/Users/lxl/Documents/vitis_hls_ws/Project/Project/hls_project/solution1/syn/report/process_rBRIEF_8_1080_1920_s_csynth.xml 
Execute           get_solution -flow_target
Execute             get_solution -flow_target 
Command         syn_report done; 0.839 sec.
Execute         syn_report -verbosereport -model process_rBRIEF<8, 1080, 1920> -o C:/Users/lxl/Documents/vitis_hls_ws/Project/Project/hls_project/solution1/.autopilot/db/process_rBRIEF_8_1080_1920_s.verbose.rpt 
Execute           AP::get_flow_target_display_name
Execute             get_solution -flow_target 
Command         syn_report done; 2.665 sec.
Execute         db_write -model process_rBRIEF<8, 1080, 1920> -f -o C:/Users/lxl/Documents/vitis_hls_ws/Project/Project/hls_project/solution1/.autopilot/db/process_rBRIEF_8_1080_1920_s.adb 
Command         db_write done; 3.796 sec.
Execute         gen_tb_info process_rBRIEF<8, 1080, 1920> -p C:/Users/lxl/Documents/vitis_hls_ws/Project/Project/hls_project/solution1/.autopilot/db -o C:/Users/lxl/Documents/vitis_hls_ws/Project/Project/hls_project/solution1/.autopilot/db/process_rBRIEF_8_1080_1920_s 
INFO: [HLS 200-10] ----------------------------------------------------------------
INFO: [HLS 200-10] -- Generating RTL for module 'process_output_8_0_1080_1920_1_s' 
INFO: [HLS 200-10] ----------------------------------------------------------------
Execute         get_config_rtl -module_prefix 
Execute         get_config_rtl -module_auto_prefix 
Execute         get_config_rtl -module_prefix 
Execute         get_config_rtl -module_auto_prefix 
Execute         create_rtl_model process_output<8, 0, 1080, 1920, 1> -top_prefix ORB_accel_ -sub_prefix ORB_accel_ -mg_file C:/Users/lxl/Documents/vitis_hls_ws/Project/Project/hls_project/solution1/.autopilot/db/process_output_8_0_1080_1920_1_s.compgen.tcl 
INFO: [RTGEN 206-100] Generating core module 'mac_muladd_8ns_8ns_15ns_15_4_1': 1 instance(s).
INFO: [RTGEN 206-100] Finished creating RTL model for 'process_output_8_0_1080_1920_1_s'.
INFO: [HLS 200-111] Finished Creating RTL model: CPU user time: 2 seconds. CPU system time: 0 seconds. Elapsed time: 12.675 seconds; current allocated memory: 1.072 GB.
Execute         source C:/Users/lxl/Documents/vitis_hls_ws/Project/Project/hls_project/solution1/.autopilot/db/ORB_accel.rtl_wrap.cfg.tcl 
Execute         gen_rtl process_output<8, 0, 1080, 1920, 1> -style xilinx -f -lang vhdl -o C:/Users/lxl/Documents/vitis_hls_ws/Project/Project/hls_project/solution1/syn/vhdl/ORB_accel_process_output_8_0_1080_1920_1_s 
Execute         gen_rtl process_output<8, 0, 1080, 1920, 1> -style xilinx -f -lang vlog -o C:/Users/lxl/Documents/vitis_hls_ws/Project/Project/hls_project/solution1/syn/verilog/ORB_accel_process_output_8_0_1080_1920_1_s 
Execute         syn_report -csynth -model process_output<8, 0, 1080, 1920, 1> -o C:/Users/lxl/Documents/vitis_hls_ws/Project/Project/hls_project/solution1/syn/report/process_output_8_0_1080_1920_1_s_csynth.rpt 
Execute           AP::get_flow_target_display_name
Execute             get_solution -flow_target 
Execute         syn_report -rtlxml -model process_output<8, 0, 1080, 1920, 1> -o C:/Users/lxl/Documents/vitis_hls_ws/Project/Project/hls_project/solution1/syn/report/process_output_8_0_1080_1920_1_s_csynth.xml 
Execute           get_solution -flow_target
Execute             get_solution -flow_target 
Execute         syn_report -verbosereport -model process_output<8, 0, 1080, 1920, 1> -o C:/Users/lxl/Documents/vitis_hls_ws/Project/Project/hls_project/solution1/.autopilot/db/process_output_8_0_1080_1920_1_s.verbose.rpt 
Execute           AP::get_flow_target_display_name
Execute             get_solution -flow_target 
Execute         db_write -model process_output<8, 0, 1080, 1920, 1> -f -o C:/Users/lxl/Documents/vitis_hls_ws/Project/Project/hls_project/solution1/.autopilot/db/process_output_8_0_1080_1920_1_s.adb 
Execute         gen_tb_info process_output<8, 0, 1080, 1920, 1> -p C:/Users/lxl/Documents/vitis_hls_ws/Project/Project/hls_project/solution1/.autopilot/db -o C:/Users/lxl/Documents/vitis_hls_ws/Project/Project/hls_project/solution1/.autopilot/db/process_output_8_0_1080_1920_1_s 
INFO: [HLS 200-10] ----------------------------------------------------------------
INFO: [HLS 200-10] -- Generating RTL for module 'process_ORB_8_0_1080_1920_1_s' 
INFO: [HLS 200-10] ----------------------------------------------------------------
Execute         get_config_rtl -module_prefix 
Execute         get_config_rtl -module_auto_prefix 
Execute         get_config_rtl -module_prefix 
Execute         get_config_rtl -module_auto_prefix 
Execute         create_rtl_model process_ORB<8, 0, 1080, 1920, 1> -top_prefix ORB_accel_ -sub_prefix ORB_accel_ -mg_file C:/Users/lxl/Documents/vitis_hls_ws/Project/Project/hls_project/solution1/.autopilot/db/process_ORB_8_0_1080_1920_1_s.compgen.tcl 
INFO: [RTGEN 206-100] Finished creating RTL model for 'process_ORB_8_0_1080_1920_1_s'.
INFO: [HLS 200-111] Finished Creating RTL model: CPU user time: 1 seconds. CPU system time: 0 seconds. Elapsed time: 0.667 seconds; current allocated memory: 1.074 GB.
Execute         source C:/Users/lxl/Documents/vitis_hls_ws/Project/Project/hls_project/solution1/.autopilot/db/ORB_accel.rtl_wrap.cfg.tcl 
Execute         gen_rtl process_ORB<8, 0, 1080, 1920, 1> -style xilinx -f -lang vhdl -o C:/Users/lxl/Documents/vitis_hls_ws/Project/Project/hls_project/solution1/syn/vhdl/ORB_accel_process_ORB_8_0_1080_1920_1_s 
Execute         gen_rtl process_ORB<8, 0, 1080, 1920, 1> -style xilinx -f -lang vlog -o C:/Users/lxl/Documents/vitis_hls_ws/Project/Project/hls_project/solution1/syn/verilog/ORB_accel_process_ORB_8_0_1080_1920_1_s 
Execute         syn_report -csynth -model process_ORB<8, 0, 1080, 1920, 1> -o C:/Users/lxl/Documents/vitis_hls_ws/Project/Project/hls_project/solution1/syn/report/process_ORB_8_0_1080_1920_1_s_csynth.rpt 
Execute           AP::get_flow_target_display_name
Execute             get_solution -flow_target 
Execute         syn_report -rtlxml -model process_ORB<8, 0, 1080, 1920, 1> -o C:/Users/lxl/Documents/vitis_hls_ws/Project/Project/hls_project/solution1/syn/report/process_ORB_8_0_1080_1920_1_s_csynth.xml 
Execute           get_solution -flow_target
Execute             get_solution -flow_target 
Execute         syn_report -verbosereport -model process_ORB<8, 0, 1080, 1920, 1> -o C:/Users/lxl/Documents/vitis_hls_ws/Project/Project/hls_project/solution1/.autopilot/db/process_ORB_8_0_1080_1920_1_s.verbose.rpt 
Execute           AP::get_flow_target_display_name
Execute             get_solution -flow_target 
Command         syn_report done; 2.138 sec.
Execute         db_write -model process_ORB<8, 0, 1080, 1920, 1> -f -o C:/Users/lxl/Documents/vitis_hls_ws/Project/Project/hls_project/solution1/.autopilot/db/process_ORB_8_0_1080_1920_1_s.adb 
Execute         gen_tb_info process_ORB<8, 0, 1080, 1920, 1> -p C:/Users/lxl/Documents/vitis_hls_ws/Project/Project/hls_project/solution1/.autopilot/db -o C:/Users/lxl/Documents/vitis_hls_ws/Project/Project/hls_project/solution1/.autopilot/db/process_ORB_8_0_1080_1920_1_s 
INFO: [HLS 200-10] ----------------------------------------------------------------
INFO: [HLS 200-10] -- Generating RTL for module 'ORB_accel' 
INFO: [HLS 200-10] ----------------------------------------------------------------
Execute         get_config_rtl -module_prefix 
Execute         get_config_rtl -module_prefix 
Execute         get_config_rtl -module_auto_prefix 
Execute         create_rtl_model ORB_accel -top_prefix  -sub_prefix ORB_accel_ -mg_file C:/Users/lxl/Documents/vitis_hls_ws/Project/Project/hls_project/solution1/.autopilot/db/ORB_accel.compgen.tcl 
WARNING: [RTGEN 206-101] Design contains AXI ports. Reset is fixed to synchronous and active low.
INFO: [RTGEN 206-500] Setting interface mode on port 'ORB_accel/src_V_data_V' to 'axis' (register, both mode).
INFO: [RTGEN 206-500] Setting interface mode on port 'ORB_accel/src_V_keep_V' to 'axis' (register, both mode).
INFO: [RTGEN 206-500] Setting interface mode on port 'ORB_accel/src_V_strb_V' to 'axis' (register, both mode).
INFO: [RTGEN 206-500] Setting interface mode on port 'ORB_accel/src_V_user_V' to 'axis' (register, both mode).
INFO: [RTGEN 206-500] Setting interface mode on port 'ORB_accel/src_V_last_V' to 'axis' (register, both mode).
INFO: [RTGEN 206-500] Setting interface mode on port 'ORB_accel/src_V_id_V' to 'axis' (register, both mode).
INFO: [RTGEN 206-500] Setting interface mode on port 'ORB_accel/src_V_dest_V' to 'axis' (register, both mode).
INFO: [RTGEN 206-500] Setting interface mode on port 'ORB_accel/dst_V_data_V' to 'axis' (register, both mode).
INFO: [RTGEN 206-500] Setting interface mode on port 'ORB_accel/dst_V_keep_V' to 'axis' (register, both mode).
INFO: [RTGEN 206-500] Setting interface mode on port 'ORB_accel/dst_V_strb_V' to 'axis' (register, both mode).
INFO: [RTGEN 206-500] Setting interface mode on port 'ORB_accel/dst_V_user_V' to 'axis' (register, both mode).
INFO: [RTGEN 206-500] Setting interface mode on port 'ORB_accel/dst_V_last_V' to 'axis' (register, both mode).
INFO: [RTGEN 206-500] Setting interface mode on port 'ORB_accel/dst_V_id_V' to 'axis' (register, both mode).
INFO: [RTGEN 206-500] Setting interface mode on port 'ORB_accel/dst_V_dest_V' to 'axis' (register, both mode).
INFO: [RTGEN 206-500] Setting interface mode on port 'ORB_accel/height' to 's_axilite & ap_none'.
INFO: [RTGEN 206-500] Setting interface mode on port 'ORB_accel/width' to 's_axilite & ap_none'.
INFO: [RTGEN 206-500] Setting interface mode on port 'ORB_accel/height_new' to 's_axilite & ap_none'.
INFO: [RTGEN 206-500] Setting interface mode on port 'ORB_accel/width_new' to 's_axilite & ap_none'.
INFO: [RTGEN 206-500] Setting interface mode on port 'ORB_accel/threshold' to 's_axilite & ap_none'.
INFO: [RTGEN 206-500] Setting interface mode on function 'ORB_accel' to 's_axilite & ap_ctrl_hs'.
WARNING: [RTGEN 206-101] Global array 'IC_Angle_31_Window_37_37_ap_uint_8_umax' will not be exposed as RTL port.
INFO: [RTGEN 206-100] Bundling port 'return', 'height', 'width', 'height_new', 'width_new' and 'threshold' to AXI-Lite port control.
INFO: [RTGEN 206-100] Generating core module 'mul_8ns_8ns_15_1_1': 1 instance(s).
INFO: [RTGEN 206-100] Finished creating RTL model for 'ORB_accel'.
Command         create_rtl_model done; 1.353 sec.
INFO: [HLS 200-111] Finished Creating RTL model: CPU user time: 0 seconds. CPU system time: 0 seconds. Elapsed time: 4.091 seconds; current allocated memory: 1.077 GB.
Execute         source C:/Users/lxl/Documents/vitis_hls_ws/Project/Project/hls_project/solution1/.autopilot/db/ORB_accel.rtl_wrap.cfg.tcl 
Execute         gen_rtl ORB_accel -istop -style xilinx -f -lang vhdl -o C:/Users/lxl/Documents/vitis_hls_ws/Project/Project/hls_project/solution1/syn/vhdl/ORB_accel 
Execute         gen_rtl ORB_accel -istop -style xilinx -f -lang vlog -o C:/Users/lxl/Documents/vitis_hls_ws/Project/Project/hls_project/solution1/syn/verilog/ORB_accel 
Execute         syn_report -csynth -model ORB_accel -o C:/Users/lxl/Documents/vitis_hls_ws/Project/Project/hls_project/solution1/syn/report/ORB_accel_csynth.rpt 
Execute           AP::get_flow_target_display_name
Execute             get_solution -flow_target 
Execute         syn_report -rtlxml -model ORB_accel -o C:/Users/lxl/Documents/vitis_hls_ws/Project/Project/hls_project/solution1/syn/report/ORB_accel_csynth.xml 
Execute           get_solution -flow_target
Execute             get_solution -flow_target 
Execute         syn_report -verbosereport -model ORB_accel -o C:/Users/lxl/Documents/vitis_hls_ws/Project/Project/hls_project/solution1/.autopilot/db/ORB_accel.verbose.rpt 
Execute           AP::get_flow_target_display_name
Execute             get_solution -flow_target 
Command         syn_report done; 2.378 sec.
Execute         db_write -model ORB_accel -f -o C:/Users/lxl/Documents/vitis_hls_ws/Project/Project/hls_project/solution1/.autopilot/db/ORB_accel.adb 
Execute         gen_tb_info ORB_accel -p C:/Users/lxl/Documents/vitis_hls_ws/Project/Project/hls_project/solution1/.autopilot/db -o C:/Users/lxl/Documents/vitis_hls_ws/Project/Project/hls_project/solution1/.autopilot/db/ORB_accel 
Execute         export_constraint_db -f -tool general -o C:/Users/lxl/Documents/vitis_hls_ws/Project/Project/hls_project/solution1/.autopilot/db/ORB_accel.constraint.tcl 
Execute         syn_report -designview -model ORB_accel -o C:/Users/lxl/Documents/vitis_hls_ws/Project/Project/hls_project/solution1/.autopilot/db/ORB_accel.design.xml 
Command         syn_report done; 3.277 sec.
Execute         syn_report -csynthDesign -model ORB_accel -o C:/Users/lxl/Documents/vitis_hls_ws/Project/Project/hls_project/solution1/syn/report/csynth.rpt 
Execute           AP::get_flow_target_display_name
Execute             get_solution -flow_target 
Execute         get_config_rtl -disable_wave_debug 
Execute         syn_report -wcfg -model ORB_accel -o C:/Users/lxl/Documents/vitis_hls_ws/Project/Project/hls_project/solution1/.autopilot/db/ORB_accel_dataflow_ana.wcfg 
Execute         syn_report -protoinst -model ORB_accel -o C:/Users/lxl/Documents/vitis_hls_ws/Project/Project/hls_project/solution1/.autopilot/db/ORB_accel.protoinst 
Execute         get_config_debug -directory 
Execute         sc_get_clocks ORB_accel 
Execute         get_config_export -vivado_clock 
Execute         get_config_rtl -module_prefix 
Execute         get_config_rtl -module_prefix 
Execute         get_config_rtl -module_auto_prefix 
Execute         sc_get_portdomain ORB_accel 
INFO-FLOW: Model list for RTL component generation: {process_ORB<8, 0, 1080, 1920, 1>.entry57} {process_ORB<8, 0, 1080, 1920, 1>_Block_.split1_proc} {process_input<8, 0, 1080, 1920, 1>} {process_stream2xfMat<8, 0, 1080, 1920, 1>} xfUDivResize {scaleCompute<17, 42, 20, 48, 16, 1>} {resizeNNBilinear<0, 1080, 1920, 1, 1080, 1920, 1, 8>} {resize<1, 0, 1080, 1920, 1080, 1920, 1, 8>} {process_resize<8, 0, 1080, 1920, 1>} {process_xfMat2stream<8, 0, 1080, 1920, 1>} {process_blur<8, 0, 1080, 1920, 1>} fast_score {process_fast<8, 1080, 1920, 1>} {process_nms<8, 1080, 1920, 1>} {generic_atan2<20, 20>} {round_fixed<16, 9>} descriptor {process_rBRIEF<8, 1080, 1920>} {process_output<8, 0, 1080, 1920, 1>} {process_ORB<8, 0, 1080, 1920, 1>} ORB_accel
INFO-FLOW: Handling components in module [process_ORB_8_0_1080_1920_1_entry57] ... 
Execute         source C:/Users/lxl/Documents/vitis_hls_ws/Project/Project/hls_project/solution1/.autopilot/db/process_ORB_8_0_1080_1920_1_entry57.compgen.tcl 
INFO-FLOW: Handling components in module [process_ORB_8_0_1080_1920_1_Block_split1_proc] ... 
Execute         source C:/Users/lxl/Documents/vitis_hls_ws/Project/Project/hls_project/solution1/.autopilot/db/process_ORB_8_0_1080_1920_1_Block_split1_proc.compgen.tcl 
INFO-FLOW: Handling components in module [process_input_8_0_1080_1920_1_s] ... 
Execute         source C:/Users/lxl/Documents/vitis_hls_ws/Project/Project/hls_project/solution1/.autopilot/db/process_input_8_0_1080_1920_1_s.compgen.tcl 
INFO-FLOW: Found component ORB_accel_mul_mul_11ns_11ns_22_4_1.
INFO-FLOW: Append model ORB_accel_mul_mul_11ns_11ns_22_4_1
INFO-FLOW: Handling components in module [process_stream2xfMat_8_0_1080_1920_1_s] ... 
Execute         source C:/Users/lxl/Documents/vitis_hls_ws/Project/Project/hls_project/solution1/.autopilot/db/process_stream2xfMat_8_0_1080_1920_1_s.compgen.tcl 
INFO-FLOW: Handling components in module [xfUDivResize] ... 
Execute         source C:/Users/lxl/Documents/vitis_hls_ws/Project/Project/hls_project/solution1/.autopilot/db/xfUDivResize.compgen.tcl 
INFO-FLOW: Found component ORB_accel_udiv_43ns_16ns_43_47_seq_1.
INFO-FLOW: Append model ORB_accel_udiv_43ns_16ns_43_47_seq_1
INFO-FLOW: Handling components in module [scaleCompute_17_42_20_48_16_1_s] ... 
Execute         source C:/Users/lxl/Documents/vitis_hls_ws/Project/Project/hls_project/solution1/.autopilot/db/scaleCompute_17_42_20_48_16_1_s.compgen.tcl 
INFO-FLOW: Found component ORB_accel_mul_48ns_42s_74_1_1.
INFO-FLOW: Append model ORB_accel_mul_48ns_42s_74_1_1
INFO-FLOW: Handling components in module [resizeNNBilinear_0_1080_1920_1_1080_1920_1_8_s] ... 
Execute         source C:/Users/lxl/Documents/vitis_hls_ws/Project/Project/hls_project/solution1/.autopilot/db/resizeNNBilinear_0_1080_1920_1_1080_1920_1_8_s.compgen.tcl 
INFO-FLOW: Found component ORB_accel_mul_mul_12ns_12ns_24_4_1.
INFO-FLOW: Append model ORB_accel_mul_mul_12ns_12ns_24_4_1
INFO-FLOW: Found component ORB_accel_mul_mul_12ns_9s_21_4_1.
INFO-FLOW: Append model ORB_accel_mul_mul_12ns_9s_21_4_1
INFO-FLOW: Found component ORB_accel_mac_muladd_12ns_9s_21s_22_4_1.
INFO-FLOW: Append model ORB_accel_mac_muladd_12ns_9s_21s_22_4_1
INFO-FLOW: Found component ORB_accel_mac_muladd_12ns_10s_22s_23_4_1.
INFO-FLOW: Append model ORB_accel_mac_muladd_12ns_10s_22s_23_4_1
INFO-FLOW: Found component ORB_accel_resizeNNBilinear_0_1080_1920_1_1080_1920_1_8_s_line_buffer_V_0_0.
INFO-FLOW: Append model ORB_accel_resizeNNBilinear_0_1080_1920_1_1080_1920_1_8_s_line_buffer_V_0_0
INFO-FLOW: Handling components in module [resize_1_0_1080_1920_1080_1920_1_8_s] ... 
Execute         source C:/Users/lxl/Documents/vitis_hls_ws/Project/Project/hls_project/solution1/.autopilot/db/resize_1_0_1080_1920_1080_1920_1_8_s.compgen.tcl 
INFO-FLOW: Handling components in module [process_resize_8_0_1080_1920_1_s] ... 
Execute         source C:/Users/lxl/Documents/vitis_hls_ws/Project/Project/hls_project/solution1/.autopilot/db/process_resize_8_0_1080_1920_1_s.compgen.tcl 
INFO-FLOW: Handling components in module [process_xfMat2stream_8_0_1080_1920_1_s] ... 
Execute         source C:/Users/lxl/Documents/vitis_hls_ws/Project/Project/hls_project/solution1/.autopilot/db/process_xfMat2stream_8_0_1080_1920_1_s.compgen.tcl 
INFO-FLOW: Handling components in module [process_blur_8_0_1080_1920_1_s] ... 
Execute         source C:/Users/lxl/Documents/vitis_hls_ws/Project/Project/hls_project/solution1/.autopilot/db/process_blur_8_0_1080_1920_1_s.compgen.tcl 
INFO-FLOW: Found component ORB_accel_udiv_23ns_11ns_23_27_1.
INFO-FLOW: Append model ORB_accel_udiv_23ns_11ns_23_27_1
INFO-FLOW: Found component ORB_accel_urem_23ns_11ns_23_27_1.
INFO-FLOW: Append model ORB_accel_urem_23ns_11ns_23_27_1
INFO-FLOW: Found component ORB_accel_mul_8ns_9ns_16_1_1.
INFO-FLOW: Append model ORB_accel_mul_8ns_9ns_16_1_1
INFO-FLOW: Found component ORB_accel_mul_8ns_10ns_17_1_1.
INFO-FLOW: Append model ORB_accel_mul_8ns_10ns_17_1_1
INFO-FLOW: Found component ORB_accel_am_addmul_11ns_4ns_11ns_23_4_1.
INFO-FLOW: Append model ORB_accel_am_addmul_11ns_4ns_11ns_23_4_1
INFO-FLOW: Found component ORB_accel_mul_mul_8ns_11ns_18_4_1.
INFO-FLOW: Append model ORB_accel_mul_mul_8ns_11ns_18_4_1
INFO-FLOW: Found component ORB_accel_process_blur_8_0_1080_1920_1_s_line_buffer_val_V_1.
INFO-FLOW: Append model ORB_accel_process_blur_8_0_1080_1920_1_s_line_buffer_val_V_1
INFO-FLOW: Handling components in module [fast_score] ... 
Execute         source C:/Users/lxl/Documents/vitis_hls_ws/Project/Project/hls_project/solution1/.autopilot/db/fast_score.compgen.tcl 
INFO-FLOW: Handling components in module [process_fast_8_1080_1920_1_s] ... 
Execute         source C:/Users/lxl/Documents/vitis_hls_ws/Project/Project/hls_project/solution1/.autopilot/db/process_fast_8_1080_1920_1_s.compgen.tcl 
INFO-FLOW: Handling components in module [process_nms_8_1080_1920_1_s] ... 
Execute         source C:/Users/lxl/Documents/vitis_hls_ws/Project/Project/hls_project/solution1/.autopilot/db/process_nms_8_1080_1920_1_s.compgen.tcl 
INFO-FLOW: Handling components in module [generic_atan2_20_20_s] ... 
Execute         source C:/Users/lxl/Documents/vitis_hls_ws/Project/Project/hls_project/solution1/.autopilot/db/generic_atan2_20_20_s.compgen.tcl 
INFO-FLOW: Found component ORB_accel_generic_atan2_20_20_s_circ_table_arctan_128_V56.
INFO-FLOW: Append model ORB_accel_generic_atan2_20_20_s_circ_table_arctan_128_V56
INFO-FLOW: Handling components in module [round_fixed_16_9_s] ... 
Execute         source C:/Users/lxl/Documents/vitis_hls_ws/Project/Project/hls_project/solution1/.autopilot/db/round_fixed_16_9_s.compgen.tcl 
INFO-FLOW: Handling components in module [descriptor] ... 
Execute         source C:/Users/lxl/Documents/vitis_hls_ws/Project/Project/hls_project/solution1/.autopilot/db/descriptor.compgen.tcl 
INFO-FLOW: Found component ORB_accel_mul_9s_5s_14_1_1.
INFO-FLOW: Append model ORB_accel_mul_9s_5s_14_1_1
INFO-FLOW: Found component ORB_accel_mux_136911_8_1_1.
INFO-FLOW: Append model ORB_accel_mux_136911_8_1_1
INFO-FLOW: Found component ORB_accel_mul_mul_10ns_15ns_24_4_1.
INFO-FLOW: Append model ORB_accel_mul_mul_10ns_15ns_24_4_1
INFO-FLOW: Found component ORB_accel_mac_muladd_3ns_11ns_12ns_12_4_1.
INFO-FLOW: Append model ORB_accel_mac_muladd_3ns_11ns_12ns_12_4_1
INFO-FLOW: Found component ORB_accel_mac_muladd_9s_5s_14ns_14_4_1.
INFO-FLOW: Append model ORB_accel_mac_muladd_9s_5s_14ns_14_4_1
INFO-FLOW: Found component ORB_accel_mac_mulsub_9s_5s_14ns_14_4_1.
INFO-FLOW: Append model ORB_accel_mac_mulsub_9s_5s_14ns_14_4_1
INFO-FLOW: Found component ORB_accel_mac_muladd_6ns_7ns_6ns_11_4_1.
INFO-FLOW: Append model ORB_accel_mac_muladd_6ns_7ns_6ns_11_4_1
INFO-FLOW: Found component ORB_accel_descriptor_bit_pattern_31.
INFO-FLOW: Append model ORB_accel_descriptor_bit_pattern_31
INFO-FLOW: Handling components in module [process_rBRIEF_8_1080_1920_s] ... 
Execute         source C:/Users/lxl/Documents/vitis_hls_ws/Project/Project/hls_project/solution1/.autopilot/db/process_rBRIEF_8_1080_1920_s.compgen.tcl 
INFO-FLOW: Found component ORB_accel_mux_376_8_1_1.
INFO-FLOW: Append model ORB_accel_mux_376_8_1_1
INFO-FLOW: Found component ORB_accel_mac_muladd_8ns_5s_18s_18_4_1.
INFO-FLOW: Append model ORB_accel_mac_muladd_8ns_5s_18s_18_4_1
INFO-FLOW: Found component ORB_accel_mac_muladd_20s_9ns_20ns_20_4_1.
INFO-FLOW: Append model ORB_accel_mac_muladd_20s_9ns_20ns_20_4_1
INFO-FLOW: Found component ORB_accel_mac_muladd_20s_4ns_20ns_20_4_1.
INFO-FLOW: Append model ORB_accel_mac_muladd_20s_4ns_20ns_20_4_1
INFO-FLOW: Found component ORB_accel_process_rBRIEF_8_1080_1920_s_IC_Angle_31_Window_37_37_ap_uint_8_umax.
INFO-FLOW: Append model ORB_accel_process_rBRIEF_8_1080_1920_s_IC_Angle_31_Window_37_37_ap_uint_8_umax
INFO-FLOW: Found component ORB_accel_process_rBRIEF_8_1080_1920_s_img_line_val_V_0.
INFO-FLOW: Append model ORB_accel_process_rBRIEF_8_1080_1920_s_img_line_val_V_0
INFO-FLOW: Handling components in module [process_output_8_0_1080_1920_1_s] ... 
Execute         source C:/Users/lxl/Documents/vitis_hls_ws/Project/Project/hls_project/solution1/.autopilot/db/process_output_8_0_1080_1920_1_s.compgen.tcl 
INFO-FLOW: Found component ORB_accel_mac_muladd_8ns_8ns_15ns_15_4_1.
INFO-FLOW: Append model ORB_accel_mac_muladd_8ns_8ns_15ns_15_4_1
INFO-FLOW: Handling components in module [process_ORB_8_0_1080_1920_1_s] ... 
Execute         source C:/Users/lxl/Documents/vitis_hls_ws/Project/Project/hls_project/solution1/.autopilot/db/process_ORB_8_0_1080_1920_1_s.compgen.tcl 
INFO-FLOW: Found component ORB_accel_fifo_w11_d2_S.
INFO-FLOW: Append model ORB_accel_fifo_w11_d2_S
INFO-FLOW: Found component ORB_accel_fifo_w11_d2_S.
INFO-FLOW: Append model ORB_accel_fifo_w11_d2_S
INFO-FLOW: Found component ORB_accel_fifo_w11_d2_S.
INFO-FLOW: Append model ORB_accel_fifo_w11_d2_S
INFO-FLOW: Found component ORB_accel_fifo_w11_d2_S.
INFO-FLOW: Append model ORB_accel_fifo_w11_d2_S
INFO-FLOW: Found component ORB_accel_fifo_w11_d2_S.
INFO-FLOW: Append model ORB_accel_fifo_w11_d2_S
INFO-FLOW: Found component ORB_accel_fifo_w11_d2_S.
INFO-FLOW: Append model ORB_accel_fifo_w11_d2_S
INFO-FLOW: Found component ORB_accel_fifo_w8_d7_S.
INFO-FLOW: Append model ORB_accel_fifo_w8_d7_S
INFO-FLOW: Found component ORB_accel_fifo_w11_d2_S.
INFO-FLOW: Append model ORB_accel_fifo_w11_d2_S
INFO-FLOW: Found component ORB_accel_fifo_w11_d2_S.
INFO-FLOW: Append model ORB_accel_fifo_w11_d2_S
INFO-FLOW: Found component ORB_accel_fifo_w11_d5_S.
INFO-FLOW: Append model ORB_accel_fifo_w11_d5_S
INFO-FLOW: Found component ORB_accel_fifo_w11_d3_S.
INFO-FLOW: Append model ORB_accel_fifo_w11_d3_S
INFO-FLOW: Found component ORB_accel_fifo_w11_d5_S.
INFO-FLOW: Append model ORB_accel_fifo_w11_d5_S
INFO-FLOW: Found component ORB_accel_fifo_w11_d3_S.
INFO-FLOW: Append model ORB_accel_fifo_w11_d3_S
INFO-FLOW: Found component ORB_accel_fifo_w8_d2_S.
INFO-FLOW: Append model ORB_accel_fifo_w8_d2_S
INFO-FLOW: Found component ORB_accel_fifo_w8_d2_S.
INFO-FLOW: Append model ORB_accel_fifo_w8_d2_S
INFO-FLOW: Found component ORB_accel_fifo_w11_d2_S.
INFO-FLOW: Append model ORB_accel_fifo_w11_d2_S
INFO-FLOW: Found component ORB_accel_fifo_w11_d2_S.
INFO-FLOW: Append model ORB_accel_fifo_w11_d2_S
INFO-FLOW: Found component ORB_accel_fifo_w8_d2_S.
INFO-FLOW: Append model ORB_accel_fifo_w8_d2_S
INFO-FLOW: Found component ORB_accel_fifo_w11_d2_S.
INFO-FLOW: Append model ORB_accel_fifo_w11_d2_S
INFO-FLOW: Found component ORB_accel_fifo_w11_d2_S.
INFO-FLOW: Append model ORB_accel_fifo_w11_d2_S
INFO-FLOW: Found component ORB_accel_fifo_w8_d2_S.
INFO-FLOW: Append model ORB_accel_fifo_w8_d2_S
INFO-FLOW: Found component ORB_accel_fifo_w8_d7680_A.
INFO-FLOW: Append model ORB_accel_fifo_w8_d7680_A
INFO-FLOW: Found component ORB_accel_fifo_w8_d2_S.
INFO-FLOW: Append model ORB_accel_fifo_w8_d2_S
INFO-FLOW: Found component ORB_accel_fifo_w11_d2_S.
INFO-FLOW: Append model ORB_accel_fifo_w11_d2_S
INFO-FLOW: Found component ORB_accel_fifo_w11_d2_S.
INFO-FLOW: Append model ORB_accel_fifo_w11_d2_S
INFO-FLOW: Found component ORB_accel_fifo_w8_d7680_A.
INFO-FLOW: Append model ORB_accel_fifo_w8_d7680_A
INFO-FLOW: Found component ORB_accel_fifo_w8_d7680_A.
INFO-FLOW: Append model ORB_accel_fifo_w8_d7680_A
INFO-FLOW: Found component ORB_accel_fifo_w8_d2_S.
INFO-FLOW: Append model ORB_accel_fifo_w8_d2_S
INFO-FLOW: Found component ORB_accel_fifo_w11_d2_S.
INFO-FLOW: Append model ORB_accel_fifo_w11_d2_S
INFO-FLOW: Found component ORB_accel_fifo_w11_d2_S.
INFO-FLOW: Append model ORB_accel_fifo_w11_d2_S
INFO-FLOW: Found component ORB_accel_fifo_w8_d7680_A.
INFO-FLOW: Append model ORB_accel_fifo_w8_d7680_A
INFO-FLOW: Found component ORB_accel_fifo_w8_d7680_A.
INFO-FLOW: Append model ORB_accel_fifo_w8_d7680_A
INFO-FLOW: Found component ORB_accel_fifo_w8_d2_S.
INFO-FLOW: Append model ORB_accel_fifo_w8_d2_S
INFO-FLOW: Found component ORB_accel_fifo_w11_d2_S.
INFO-FLOW: Append model ORB_accel_fifo_w11_d2_S
INFO-FLOW: Found component ORB_accel_fifo_w11_d2_S.
INFO-FLOW: Append model ORB_accel_fifo_w11_d2_S
INFO-FLOW: Found component ORB_accel_fifo_w512_d2_S.
INFO-FLOW: Append model ORB_accel_fifo_w512_d2_S
INFO-FLOW: Found component ORB_accel_start_for_process_ORB_8_0_1080_1920_1_Block_split1_proc_U0.
INFO-FLOW: Append model ORB_accel_start_for_process_ORB_8_0_1080_1920_1_Block_split1_proc_U0
INFO-FLOW: Found component ORB_accel_start_for_process_input_8_0_1080_1920_1_U0.
INFO-FLOW: Append model ORB_accel_start_for_process_input_8_0_1080_1920_1_U0
INFO-FLOW: Found component ORB_accel_start_for_process_fast_8_1080_1920_1_U0.
INFO-FLOW: Append model ORB_accel_start_for_process_fast_8_1080_1920_1_U0
INFO-FLOW: Found component ORB_accel_start_for_process_stream2xfMat_8_0_1080_1920_1_U0.
INFO-FLOW: Append model ORB_accel_start_for_process_stream2xfMat_8_0_1080_1920_1_U0
INFO-FLOW: Found component ORB_accel_start_for_process_resize_8_0_1080_1920_1_U0.
INFO-FLOW: Append model ORB_accel_start_for_process_resize_8_0_1080_1920_1_U0
INFO-FLOW: Found component ORB_accel_start_for_process_blur_8_0_1080_1920_1_U0.
INFO-FLOW: Append model ORB_accel_start_for_process_blur_8_0_1080_1920_1_U0
INFO-FLOW: Found component ORB_accel_start_for_process_xfMat2stream_8_0_1080_1920_1_U0.
INFO-FLOW: Append model ORB_accel_start_for_process_xfMat2stream_8_0_1080_1920_1_U0
INFO-FLOW: Found component ORB_accel_start_for_process_nms_8_1080_1920_1_U0.
INFO-FLOW: Append model ORB_accel_start_for_process_nms_8_1080_1920_1_U0
INFO-FLOW: Found component ORB_accel_start_for_process_rBRIEF_8_1080_1920_U0.
INFO-FLOW: Append model ORB_accel_start_for_process_rBRIEF_8_1080_1920_U0
INFO-FLOW: Handling components in module [ORB_accel] ... 
Execute         source C:/Users/lxl/Documents/vitis_hls_ws/Project/Project/hls_project/solution1/.autopilot/db/ORB_accel.compgen.tcl 
INFO-FLOW: Found component ORB_accel_mul_8ns_8ns_15_1_1.
INFO-FLOW: Append model ORB_accel_mul_8ns_8ns_15_1_1
INFO-FLOW: Found component ORB_accel_cntTree.
INFO-FLOW: Append model ORB_accel_cntTree
INFO-FLOW: Found component ORB_accel_idxTree.
INFO-FLOW: Append model ORB_accel_idxTree
INFO-FLOW: Found component ORB_accel_control_s_axi.
INFO-FLOW: Append model ORB_accel_control_s_axi
INFO-FLOW: Found component ORB_accel_regslice_both.
INFO-FLOW: Append model ORB_accel_regslice_both
INFO-FLOW: Found component ORB_accel_regslice_both.
INFO-FLOW: Append model ORB_accel_regslice_both
INFO-FLOW: Found component ORB_accel_regslice_both.
INFO-FLOW: Append model ORB_accel_regslice_both
INFO-FLOW: Found component ORB_accel_regslice_both.
INFO-FLOW: Append model ORB_accel_regslice_both
INFO-FLOW: Found component ORB_accel_regslice_both.
INFO-FLOW: Append model ORB_accel_regslice_both
INFO-FLOW: Found component ORB_accel_regslice_both.
INFO-FLOW: Append model ORB_accel_regslice_both
INFO-FLOW: Found component ORB_accel_regslice_both.
INFO-FLOW: Append model ORB_accel_regslice_both
INFO-FLOW: Found component ORB_accel_regslice_both.
INFO-FLOW: Append model ORB_accel_regslice_both
INFO-FLOW: Found component ORB_accel_regslice_both.
INFO-FLOW: Append model ORB_accel_regslice_both
INFO-FLOW: Found component ORB_accel_regslice_both.
INFO-FLOW: Append model ORB_accel_regslice_both
INFO-FLOW: Found component ORB_accel_regslice_both.
INFO-FLOW: Append model ORB_accel_regslice_both
INFO-FLOW: Found component ORB_accel_regslice_both.
INFO-FLOW: Append model ORB_accel_regslice_both
INFO-FLOW: Found component ORB_accel_regslice_both.
INFO-FLOW: Append model ORB_accel_regslice_both
INFO-FLOW: Found component ORB_accel_regslice_both.
INFO-FLOW: Append model ORB_accel_regslice_both
INFO-FLOW: Append model process_ORB_8_0_1080_1920_1_entry57
INFO-FLOW: Append model process_ORB_8_0_1080_1920_1_Block_split1_proc
INFO-FLOW: Append model process_input_8_0_1080_1920_1_s
INFO-FLOW: Append model process_stream2xfMat_8_0_1080_1920_1_s
INFO-FLOW: Append model xfUDivResize
INFO-FLOW: Append model scaleCompute_17_42_20_48_16_1_s
INFO-FLOW: Append model resizeNNBilinear_0_1080_1920_1_1080_1920_1_8_s
INFO-FLOW: Append model resize_1_0_1080_1920_1080_1920_1_8_s
INFO-FLOW: Append model process_resize_8_0_1080_1920_1_s
INFO-FLOW: Append model process_xfMat2stream_8_0_1080_1920_1_s
INFO-FLOW: Append model process_blur_8_0_1080_1920_1_s
INFO-FLOW: Append model fast_score
INFO-FLOW: Append model process_fast_8_1080_1920_1_s
INFO-FLOW: Append model process_nms_8_1080_1920_1_s
INFO-FLOW: Append model generic_atan2_20_20_s
INFO-FLOW: Append model round_fixed_16_9_s
INFO-FLOW: Append model descriptor
INFO-FLOW: Append model process_rBRIEF_8_1080_1920_s
INFO-FLOW: Append model process_output_8_0_1080_1920_1_s
INFO-FLOW: Append model process_ORB_8_0_1080_1920_1_s
INFO-FLOW: Append model ORB_accel
INFO-FLOW: Generating RTL model list ...
INFO-FLOW: All models in this session: ORB_accel_mul_mul_11ns_11ns_22_4_1 ORB_accel_udiv_43ns_16ns_43_47_seq_1 ORB_accel_mul_48ns_42s_74_1_1 ORB_accel_mul_mul_12ns_12ns_24_4_1 ORB_accel_mul_mul_12ns_9s_21_4_1 ORB_accel_mac_muladd_12ns_9s_21s_22_4_1 ORB_accel_mac_muladd_12ns_10s_22s_23_4_1 ORB_accel_resizeNNBilinear_0_1080_1920_1_1080_1920_1_8_s_line_buffer_V_0_0 ORB_accel_udiv_23ns_11ns_23_27_1 ORB_accel_urem_23ns_11ns_23_27_1 ORB_accel_mul_8ns_9ns_16_1_1 ORB_accel_mul_8ns_10ns_17_1_1 ORB_accel_am_addmul_11ns_4ns_11ns_23_4_1 ORB_accel_mul_mul_8ns_11ns_18_4_1 ORB_accel_process_blur_8_0_1080_1920_1_s_line_buffer_val_V_1 ORB_accel_generic_atan2_20_20_s_circ_table_arctan_128_V56 ORB_accel_mul_9s_5s_14_1_1 ORB_accel_mux_136911_8_1_1 ORB_accel_mul_mul_10ns_15ns_24_4_1 ORB_accel_mac_muladd_3ns_11ns_12ns_12_4_1 ORB_accel_mac_muladd_9s_5s_14ns_14_4_1 ORB_accel_mac_mulsub_9s_5s_14ns_14_4_1 ORB_accel_mac_muladd_6ns_7ns_6ns_11_4_1 ORB_accel_descriptor_bit_pattern_31 ORB_accel_mux_376_8_1_1 ORB_accel_mac_muladd_8ns_5s_18s_18_4_1 ORB_accel_mac_muladd_20s_9ns_20ns_20_4_1 ORB_accel_mac_muladd_20s_4ns_20ns_20_4_1 ORB_accel_process_rBRIEF_8_1080_1920_s_IC_Angle_31_Window_37_37_ap_uint_8_umax ORB_accel_process_rBRIEF_8_1080_1920_s_img_line_val_V_0 ORB_accel_mac_muladd_8ns_8ns_15ns_15_4_1 ORB_accel_fifo_w11_d2_S ORB_accel_fifo_w11_d2_S ORB_accel_fifo_w11_d2_S ORB_accel_fifo_w11_d2_S ORB_accel_fifo_w11_d2_S ORB_accel_fifo_w11_d2_S ORB_accel_fifo_w8_d7_S ORB_accel_fifo_w11_d2_S ORB_accel_fifo_w11_d2_S ORB_accel_fifo_w11_d5_S ORB_accel_fifo_w11_d3_S ORB_accel_fifo_w11_d5_S ORB_accel_fifo_w11_d3_S ORB_accel_fifo_w8_d2_S ORB_accel_fifo_w8_d2_S ORB_accel_fifo_w11_d2_S ORB_accel_fifo_w11_d2_S ORB_accel_fifo_w8_d2_S ORB_accel_fifo_w11_d2_S ORB_accel_fifo_w11_d2_S ORB_accel_fifo_w8_d2_S ORB_accel_fifo_w8_d7680_A ORB_accel_fifo_w8_d2_S ORB_accel_fifo_w11_d2_S ORB_accel_fifo_w11_d2_S ORB_accel_fifo_w8_d7680_A ORB_accel_fifo_w8_d7680_A ORB_accel_fifo_w8_d2_S ORB_accel_fifo_w11_d2_S ORB_accel_fifo_w11_d2_S ORB_accel_fifo_w8_d7680_A ORB_accel_fifo_w8_d7680_A ORB_accel_fifo_w8_d2_S ORB_accel_fifo_w11_d2_S ORB_accel_fifo_w11_d2_S ORB_accel_fifo_w512_d2_S ORB_accel_start_for_process_ORB_8_0_1080_1920_1_Block_split1_proc_U0 ORB_accel_start_for_process_input_8_0_1080_1920_1_U0 ORB_accel_start_for_process_fast_8_1080_1920_1_U0 ORB_accel_start_for_process_stream2xfMat_8_0_1080_1920_1_U0 ORB_accel_start_for_process_resize_8_0_1080_1920_1_U0 ORB_accel_start_for_process_blur_8_0_1080_1920_1_U0 ORB_accel_start_for_process_xfMat2stream_8_0_1080_1920_1_U0 ORB_accel_start_for_process_nms_8_1080_1920_1_U0 ORB_accel_start_for_process_rBRIEF_8_1080_1920_U0 ORB_accel_mul_8ns_8ns_15_1_1 ORB_accel_cntTree ORB_accel_idxTree ORB_accel_control_s_axi ORB_accel_regslice_both ORB_accel_regslice_both ORB_accel_regslice_both ORB_accel_regslice_both ORB_accel_regslice_both ORB_accel_regslice_both ORB_accel_regslice_both ORB_accel_regslice_both ORB_accel_regslice_both ORB_accel_regslice_both ORB_accel_regslice_both ORB_accel_regslice_both ORB_accel_regslice_both ORB_accel_regslice_both process_ORB_8_0_1080_1920_1_entry57 process_ORB_8_0_1080_1920_1_Block_split1_proc process_input_8_0_1080_1920_1_s process_stream2xfMat_8_0_1080_1920_1_s xfUDivResize scaleCompute_17_42_20_48_16_1_s resizeNNBilinear_0_1080_1920_1_1080_1920_1_8_s resize_1_0_1080_1920_1080_1920_1_8_s process_resize_8_0_1080_1920_1_s process_xfMat2stream_8_0_1080_1920_1_s process_blur_8_0_1080_1920_1_s fast_score process_fast_8_1080_1920_1_s process_nms_8_1080_1920_1_s generic_atan2_20_20_s round_fixed_16_9_s descriptor process_rBRIEF_8_1080_1920_s process_output_8_0_1080_1920_1_s process_ORB_8_0_1080_1920_1_s ORB_accel
INFO-FLOW: To file: write model ORB_accel_mul_mul_11ns_11ns_22_4_1
INFO-FLOW: To file: write model ORB_accel_udiv_43ns_16ns_43_47_seq_1
INFO-FLOW: To file: write model ORB_accel_mul_48ns_42s_74_1_1
INFO-FLOW: To file: write model ORB_accel_mul_mul_12ns_12ns_24_4_1
INFO-FLOW: To file: write model ORB_accel_mul_mul_12ns_9s_21_4_1
INFO-FLOW: To file: write model ORB_accel_mac_muladd_12ns_9s_21s_22_4_1
INFO-FLOW: To file: write model ORB_accel_mac_muladd_12ns_10s_22s_23_4_1
INFO-FLOW: To file: write model ORB_accel_resizeNNBilinear_0_1080_1920_1_1080_1920_1_8_s_line_buffer_V_0_0
INFO-FLOW: To file: write model ORB_accel_udiv_23ns_11ns_23_27_1
INFO-FLOW: To file: write model ORB_accel_urem_23ns_11ns_23_27_1
INFO-FLOW: To file: write model ORB_accel_mul_8ns_9ns_16_1_1
INFO-FLOW: To file: write model ORB_accel_mul_8ns_10ns_17_1_1
INFO-FLOW: To file: write model ORB_accel_am_addmul_11ns_4ns_11ns_23_4_1
INFO-FLOW: To file: write model ORB_accel_mul_mul_8ns_11ns_18_4_1
INFO-FLOW: To file: write model ORB_accel_process_blur_8_0_1080_1920_1_s_line_buffer_val_V_1
INFO-FLOW: To file: write model ORB_accel_generic_atan2_20_20_s_circ_table_arctan_128_V56
INFO-FLOW: To file: write model ORB_accel_mul_9s_5s_14_1_1
INFO-FLOW: To file: write model ORB_accel_mux_136911_8_1_1
INFO-FLOW: To file: write model ORB_accel_mul_mul_10ns_15ns_24_4_1
INFO-FLOW: To file: write model ORB_accel_mac_muladd_3ns_11ns_12ns_12_4_1
INFO-FLOW: To file: write model ORB_accel_mac_muladd_9s_5s_14ns_14_4_1
INFO-FLOW: To file: write model ORB_accel_mac_mulsub_9s_5s_14ns_14_4_1
INFO-FLOW: To file: write model ORB_accel_mac_muladd_6ns_7ns_6ns_11_4_1
INFO-FLOW: To file: write model ORB_accel_descriptor_bit_pattern_31
INFO-FLOW: To file: write model ORB_accel_mux_376_8_1_1
INFO-FLOW: To file: write model ORB_accel_mac_muladd_8ns_5s_18s_18_4_1
INFO-FLOW: To file: write model ORB_accel_mac_muladd_20s_9ns_20ns_20_4_1
INFO-FLOW: To file: write model ORB_accel_mac_muladd_20s_4ns_20ns_20_4_1
INFO-FLOW: To file: write model ORB_accel_process_rBRIEF_8_1080_1920_s_IC_Angle_31_Window_37_37_ap_uint_8_umax
INFO-FLOW: To file: write model ORB_accel_process_rBRIEF_8_1080_1920_s_img_line_val_V_0
INFO-FLOW: To file: write model ORB_accel_mac_muladd_8ns_8ns_15ns_15_4_1
INFO-FLOW: To file: write model ORB_accel_fifo_w11_d2_S
INFO-FLOW: To file: write model ORB_accel_fifo_w11_d2_S
INFO-FLOW: To file: write model ORB_accel_fifo_w11_d2_S
INFO-FLOW: To file: write model ORB_accel_fifo_w11_d2_S
INFO-FLOW: To file: write model ORB_accel_fifo_w11_d2_S
INFO-FLOW: To file: write model ORB_accel_fifo_w11_d2_S
INFO-FLOW: To file: write model ORB_accel_fifo_w8_d7_S
INFO-FLOW: To file: write model ORB_accel_fifo_w11_d2_S
INFO-FLOW: To file: write model ORB_accel_fifo_w11_d2_S
INFO-FLOW: To file: write model ORB_accel_fifo_w11_d5_S
INFO-FLOW: To file: write model ORB_accel_fifo_w11_d3_S
INFO-FLOW: To file: write model ORB_accel_fifo_w11_d5_S
INFO-FLOW: To file: write model ORB_accel_fifo_w11_d3_S
INFO-FLOW: To file: write model ORB_accel_fifo_w8_d2_S
INFO-FLOW: To file: write model ORB_accel_fifo_w8_d2_S
INFO-FLOW: To file: write model ORB_accel_fifo_w11_d2_S
INFO-FLOW: To file: write model ORB_accel_fifo_w11_d2_S
INFO-FLOW: To file: write model ORB_accel_fifo_w8_d2_S
INFO-FLOW: To file: write model ORB_accel_fifo_w11_d2_S
INFO-FLOW: To file: write model ORB_accel_fifo_w11_d2_S
INFO-FLOW: To file: write model ORB_accel_fifo_w8_d2_S
INFO-FLOW: To file: write model ORB_accel_fifo_w8_d7680_A
INFO-FLOW: To file: write model ORB_accel_fifo_w8_d2_S
INFO-FLOW: To file: write model ORB_accel_fifo_w11_d2_S
INFO-FLOW: To file: write model ORB_accel_fifo_w11_d2_S
INFO-FLOW: To file: write model ORB_accel_fifo_w8_d7680_A
INFO-FLOW: To file: write model ORB_accel_fifo_w8_d7680_A
INFO-FLOW: To file: write model ORB_accel_fifo_w8_d2_S
INFO-FLOW: To file: write model ORB_accel_fifo_w11_d2_S
INFO-FLOW: To file: write model ORB_accel_fifo_w11_d2_S
INFO-FLOW: To file: write model ORB_accel_fifo_w8_d7680_A
INFO-FLOW: To file: write model ORB_accel_fifo_w8_d7680_A
INFO-FLOW: To file: write model ORB_accel_fifo_w8_d2_S
INFO-FLOW: To file: write model ORB_accel_fifo_w11_d2_S
INFO-FLOW: To file: write model ORB_accel_fifo_w11_d2_S
INFO-FLOW: To file: write model ORB_accel_fifo_w512_d2_S
INFO-FLOW: To file: write model ORB_accel_start_for_process_ORB_8_0_1080_1920_1_Block_split1_proc_U0
INFO-FLOW: To file: write model ORB_accel_start_for_process_input_8_0_1080_1920_1_U0
INFO-FLOW: To file: write model ORB_accel_start_for_process_fast_8_1080_1920_1_U0
INFO-FLOW: To file: write model ORB_accel_start_for_process_stream2xfMat_8_0_1080_1920_1_U0
INFO-FLOW: To file: write model ORB_accel_start_for_process_resize_8_0_1080_1920_1_U0
INFO-FLOW: To file: write model ORB_accel_start_for_process_blur_8_0_1080_1920_1_U0
INFO-FLOW: To file: write model ORB_accel_start_for_process_xfMat2stream_8_0_1080_1920_1_U0
INFO-FLOW: To file: write model ORB_accel_start_for_process_nms_8_1080_1920_1_U0
INFO-FLOW: To file: write model ORB_accel_start_for_process_rBRIEF_8_1080_1920_U0
INFO-FLOW: To file: write model ORB_accel_mul_8ns_8ns_15_1_1
INFO-FLOW: To file: write model ORB_accel_cntTree
INFO-FLOW: To file: write model ORB_accel_idxTree
INFO-FLOW: To file: write model ORB_accel_control_s_axi
INFO-FLOW: To file: write model ORB_accel_regslice_both
INFO-FLOW: To file: write model ORB_accel_regslice_both
INFO-FLOW: To file: write model ORB_accel_regslice_both
INFO-FLOW: To file: write model ORB_accel_regslice_both
INFO-FLOW: To file: write model ORB_accel_regslice_both
INFO-FLOW: To file: write model ORB_accel_regslice_both
INFO-FLOW: To file: write model ORB_accel_regslice_both
INFO-FLOW: To file: write model ORB_accel_regslice_both
INFO-FLOW: To file: write model ORB_accel_regslice_both
INFO-FLOW: To file: write model ORB_accel_regslice_both
INFO-FLOW: To file: write model ORB_accel_regslice_both
INFO-FLOW: To file: write model ORB_accel_regslice_both
INFO-FLOW: To file: write model ORB_accel_regslice_both
INFO-FLOW: To file: write model ORB_accel_regslice_both
INFO-FLOW: To file: write model process_ORB_8_0_1080_1920_1_entry57
INFO-FLOW: To file: write model process_ORB_8_0_1080_1920_1_Block_split1_proc
INFO-FLOW: To file: write model process_input_8_0_1080_1920_1_s
INFO-FLOW: To file: write model process_stream2xfMat_8_0_1080_1920_1_s
INFO-FLOW: To file: write model xfUDivResize
INFO-FLOW: To file: write model scaleCompute_17_42_20_48_16_1_s
INFO-FLOW: To file: write model resizeNNBilinear_0_1080_1920_1_1080_1920_1_8_s
INFO-FLOW: To file: write model resize_1_0_1080_1920_1080_1920_1_8_s
INFO-FLOW: To file: write model process_resize_8_0_1080_1920_1_s
INFO-FLOW: To file: write model process_xfMat2stream_8_0_1080_1920_1_s
INFO-FLOW: To file: write model process_blur_8_0_1080_1920_1_s
INFO-FLOW: To file: write model fast_score
INFO-FLOW: To file: write model process_fast_8_1080_1920_1_s
INFO-FLOW: To file: write model process_nms_8_1080_1920_1_s
INFO-FLOW: To file: write model generic_atan2_20_20_s
INFO-FLOW: To file: write model round_fixed_16_9_s
INFO-FLOW: To file: write model descriptor
INFO-FLOW: To file: write model process_rBRIEF_8_1080_1920_s
INFO-FLOW: To file: write model process_output_8_0_1080_1920_1_s
INFO-FLOW: To file: write model process_ORB_8_0_1080_1920_1_s
INFO-FLOW: To file: write model ORB_accel
INFO-FLOW: Finished generating RTL model list.


INFO-FLOW: RTL Generation done.
INFO-FLOW: CAS Generation done.
INFO-FLOW: CBC Generation done.
Execute         get_top 
Execute         get_config_export -ipname 
Execute         get_config_export -xo 
Execute         get_config_export -format 
Execute         get_config_rtl -module_auto_prefix 
INFO-FLOW: DBG:CMD:   auto_impl: set ipname to top (module_auto_prefix): ORB_accel
INFO-FLOW: DBG:CMD: auto_generate_csynth_design
INFO-FLOW: DBG:CMD:     auto_generate --sim-model -phase csynth_design -d C:/Users/lxl/Documents/vitis_hls_ws/Project/Project/hls_project/solution1
Execute         get_solution -flow_target 
Execute         get_config_export -xo 
Execute         get_config_export -format 
Execute         source C:/Users/lxl/Documents/vitis_hls_ws/Project/Project/hls_project/solution1/.autopilot/db/global.setting.tcl 
INFO-FLOW: DBG:CMD: read_platform_lib C:/Users/lxl/Documents/vitis_hls_ws/Project/Project/hls_project/solution1/.autopilot/db/global.setting.tcl
Execute         source C:/Xilinx/Vitis_HLS/2020.2/common/technology/generic/autopilot/common.gen 
Execute           source C:/Xilinx/Vitis_HLS/2020.2/common/technology/generic/autopilot/APCoreGen.gen 
Execute         source C:/Xilinx/Vitis_HLS/2020.2/common/technology/generic/autopilot/op.gen 
Execute         source C:/Xilinx/Vitis_HLS/2020.2/common/technology/generic/autopilot/op_simcore.gen 
Execute         source C:/Xilinx/Vitis_HLS/2020.2/common/technology/generic/autopilot/interface.gen 
Execute         source C:/Users/lxl/Documents/vitis_hls_ws/Project/Project/hls_project/solution1/.autopilot/db/global.setting.tcl 
Execute         source C:/Xilinx/Vitis_HLS/2020.2/common/technology/xilinx/common/xilinx.gen 
Execute           source C:/Xilinx/Vitis_HLS/2020.2/common/technology/xilinx/interface/plb46.gen 
Execute           source C:/Xilinx/Vitis_HLS/2020.2/common/technology/xilinx/interface/axi4.gen 
Execute           source C:/Xilinx/Vitis_HLS/2020.2/common/technology/xilinx/interface/nativeAXI4.gen 
Execute             source C:/Xilinx/Vitis_HLS/2020.2/common/technology/xilinx/interface/saxilite.gen 
Execute             source C:/Xilinx/Vitis_HLS/2020.2/common/technology/xilinx/interface/maxi.gen 
Execute           source C:/Xilinx/Vitis_HLS/2020.2/common/technology/xilinx/scripts/xilinxcoregen.gen 
Execute           source C:/Xilinx/Vitis_HLS/2020.2/common/technology/xilinx/interface/XilEDKCoreGen.gen 
Execute           source C:/Xilinx/Vitis_HLS/2020.2/common/technology/xilinx/ip/dds_compiler.gen 
Execute           source C:/Xilinx/Vitis_HLS/2020.2/common/technology/xilinx/ip/util.gen 
Execute           source C:/Xilinx/Vitis_HLS/2020.2/common/technology/xilinx/ip/xfft.gen 
Execute           source C:/Xilinx/Vitis_HLS/2020.2/common/technology/xilinx/ip/xfir.gen 
Execute           source C:/Xilinx/Vitis_HLS/2020.2/common/technology/xilinx/DSP48/dsp48.gen 
INFO-FLOW: DBG:CMD:   using AESL_AUTOCG::g_clock_period=10.000 (was NA)
INFO-FLOW: DBG:CMD:       generate_ip_cores sim=1 export=0 expOnly=0 dstVlogDir=syn/verilog
Execute         source C:/Users/lxl/Documents/vitis_hls_ws/Project/Project/hls_project/solution1/.autopilot/db/global.setting.tcl 
Execute         ap_part_info -name xczu7ev-ffvc1156-2-e -data names -quiet 
Execute         ap_part_info -name xczu7ev-ffvc1156-2-e -data info -quiet 
Execute         source C:/Users/lxl/Documents/vitis_hls_ws/Project/Project/hls_project/solution1/.autopilot/db/global.setting.tcl 
Execute         source C:/Users/lxl/Documents/vitis_hls_ws/Project/Project/hls_project/solution1/.autopilot/db/global.setting.tcl 
Execute         source C:/Users/lxl/Documents/vitis_hls_ws/Project/Project/hls_project/solution1/.autopilot/db/process_ORB_8_0_1080_1920_1_entry57.compgen.tcl 
Execute         source C:/Users/lxl/Documents/vitis_hls_ws/Project/Project/hls_project/solution1/.autopilot/db/process_ORB_8_0_1080_1920_1_Block_split1_proc.compgen.tcl 
Execute         source C:/Users/lxl/Documents/vitis_hls_ws/Project/Project/hls_project/solution1/.autopilot/db/process_input_8_0_1080_1920_1_s.compgen.tcl 
Execute           ap_part_info -name xczu7ev-ffvc1156-2-e -data names -quiet 
Execute           ap_part_info -name xczu7ev-ffvc1156-2-e -data info -quiet 
Execute         source C:/Users/lxl/Documents/vitis_hls_ws/Project/Project/hls_project/solution1/.autopilot/db/process_stream2xfMat_8_0_1080_1920_1_s.compgen.tcl 
Execute         source C:/Users/lxl/Documents/vitis_hls_ws/Project/Project/hls_project/solution1/.autopilot/db/xfUDivResize.compgen.tcl 
Execute           ap_part_info -name xczu7ev-ffvc1156-2-e -data names -quiet 
Execute           ap_part_info -name xczu7ev-ffvc1156-2-e -data info -quiet 
INFO: [RTMG 210-282] Generating pipelined core: 'ORB_accel_udiv_43ns_16ns_43_47_seq_1_div'
Command         ap_source done; 0.156 sec.
Execute         source C:/Users/lxl/Documents/vitis_hls_ws/Project/Project/hls_project/solution1/.autopilot/db/scaleCompute_17_42_20_48_16_1_s.compgen.tcl 
Execute           ap_part_info -name xczu7ev-ffvc1156-2-e -data names -quiet 
Execute           ap_part_info -name xczu7ev-ffvc1156-2-e -data info -quiet 
Execute           ap_part_info -name xczu7ev-ffvc1156-2-e -data names -quiet 
Execute           ap_part_info -name xczu7ev-ffvc1156-2-e -data info -quiet 
INFO: [RTMG 210-282] Generating pipelined core: 'ORB_accel_mul_48ns_42s_74_1_1_Multiplier_0'
Command         ap_source done; 0.16 sec.
Execute         source C:/Users/lxl/Documents/vitis_hls_ws/Project/Project/hls_project/solution1/.autopilot/db/resizeNNBilinear_0_1080_1920_1_1080_1920_1_8_s.compgen.tcl 
Execute           ap_part_info -name xczu7ev-ffvc1156-2-e -data names -quiet 
Execute           ap_part_info -name xczu7ev-ffvc1156-2-e -data info -quiet 
Execute           ap_part_info -name xczu7ev-ffvc1156-2-e -data names -quiet 
Execute           ap_part_info -name xczu7ev-ffvc1156-2-e -data info -quiet 
Execute           ap_part_info -name xczu7ev-ffvc1156-2-e -data names -quiet 
Execute           ap_part_info -name xczu7ev-ffvc1156-2-e -data info -quiet 
Execute           ap_part_info -name xczu7ev-ffvc1156-2-e -data info 
Execute           ap_part_info -name xczu7ev-ffvc1156-2-e -data names -quiet 
Execute           ap_part_info -name xczu7ev-ffvc1156-2-e -data info -quiet 
Execute           ap_part_info -name xczu7ev-ffvc1156-2-e -data info 
INFO: [RTMG 210-278] Implementing memory 'ORB_accel_resizeNNBilinear_0_1080_1920_1_1080_1920_1_8_s_line_buffer_V_0_0_ram (RAM_1WnR)' using auto RAMs.
Execute           ap_part_info -name xczu7ev-ffvc1156-2-e -data names -quiet 
Execute           ap_part_info -name xczu7ev-ffvc1156-2-e -data info -quiet 
Command         ap_source done; 0.45 sec.
Execute         source C:/Users/lxl/Documents/vitis_hls_ws/Project/Project/hls_project/solution1/.autopilot/db/resize_1_0_1080_1920_1080_1920_1_8_s.compgen.tcl 
Execute         source C:/Users/lxl/Documents/vitis_hls_ws/Project/Project/hls_project/solution1/.autopilot/db/process_resize_8_0_1080_1920_1_s.compgen.tcl 
Execute         source C:/Users/lxl/Documents/vitis_hls_ws/Project/Project/hls_project/solution1/.autopilot/db/process_xfMat2stream_8_0_1080_1920_1_s.compgen.tcl 
Execute         source C:/Users/lxl/Documents/vitis_hls_ws/Project/Project/hls_project/solution1/.autopilot/db/process_blur_8_0_1080_1920_1_s.compgen.tcl 
Execute           ap_part_info -name xczu7ev-ffvc1156-2-e -data names -quiet 
Execute           ap_part_info -name xczu7ev-ffvc1156-2-e -data info -quiet 
INFO: [RTMG 210-282] Generating pipelined core: 'ORB_accel_udiv_23ns_11ns_23_27_1_div'
Execute           ap_part_info -name xczu7ev-ffvc1156-2-e -data names -quiet 
Execute           ap_part_info -name xczu7ev-ffvc1156-2-e -data info -quiet 
INFO: [RTMG 210-282] Generating pipelined core: 'ORB_accel_urem_23ns_11ns_23_27_1_div'
Execute           ap_part_info -name xczu7ev-ffvc1156-2-e -data names -quiet 
Execute           ap_part_info -name xczu7ev-ffvc1156-2-e -data info -quiet 
Execute           ap_part_info -name xczu7ev-ffvc1156-2-e -data names -quiet 
Execute           ap_part_info -name xczu7ev-ffvc1156-2-e -data info -quiet 
INFO: [RTMG 210-282] Generating pipelined core: 'ORB_accel_mul_8ns_9ns_16_1_1_Multiplier_1'
Execute           ap_part_info -name xczu7ev-ffvc1156-2-e -data names -quiet 
Execute           ap_part_info -name xczu7ev-ffvc1156-2-e -data info -quiet 
Execute           ap_part_info -name xczu7ev-ffvc1156-2-e -data names -quiet 
Execute           ap_part_info -name xczu7ev-ffvc1156-2-e -data info -quiet 
INFO: [RTMG 210-282] Generating pipelined core: 'ORB_accel_mul_8ns_10ns_17_1_1_Multiplier_2'
Execute           ap_part_info -name xczu7ev-ffvc1156-2-e -data names -quiet 
Execute           ap_part_info -name xczu7ev-ffvc1156-2-e -data info -quiet 
Execute           ap_part_info -name xczu7ev-ffvc1156-2-e -data info 
Execute           ap_part_info -name xczu7ev-ffvc1156-2-e -data names -quiet 
Execute           ap_part_info -name xczu7ev-ffvc1156-2-e -data info -quiet 
INFO: [RTMG 210-278] Implementing memory 'ORB_accel_process_blur_8_0_1080_1920_1_s_line_buffer_val_V_1_ram (RAM_S2P_BRAM)' using block RAMs.
Execute           ap_part_info -name xczu7ev-ffvc1156-2-e -data names -quiet 
Execute           ap_part_info -name xczu7ev-ffvc1156-2-e -data info -quiet 
Command         ap_source done; 0.785 sec.
Execute         source C:/Users/lxl/Documents/vitis_hls_ws/Project/Project/hls_project/solution1/.autopilot/db/fast_score.compgen.tcl 
Execute         source C:/Users/lxl/Documents/vitis_hls_ws/Project/Project/hls_project/solution1/.autopilot/db/process_fast_8_1080_1920_1_s.compgen.tcl 
Execute         source C:/Users/lxl/Documents/vitis_hls_ws/Project/Project/hls_project/solution1/.autopilot/db/process_nms_8_1080_1920_1_s.compgen.tcl 
Execute         source C:/Users/lxl/Documents/vitis_hls_ws/Project/Project/hls_project/solution1/.autopilot/db/generic_atan2_20_20_s.compgen.tcl 
Execute           ap_part_info -name xczu7ev-ffvc1156-2-e -data names -quiet 
Execute           ap_part_info -name xczu7ev-ffvc1156-2-e -data info -quiet 
INFO: [RTMG 210-279] Implementing memory 'ORB_accel_generic_atan2_20_20_s_circ_table_arctan_128_V56_rom' using auto ROMs.
Execute           ap_part_info -name xczu7ev-ffvc1156-2-e -data names -quiet 
Execute           ap_part_info -name xczu7ev-ffvc1156-2-e -data info -quiet 
Execute           ap_part_info -name xczu7ev-ffvc1156-2-e -data names -quiet 
Execute           ap_part_info -name xczu7ev-ffvc1156-2-e -data info -quiet 
Command         ap_source done; 0.228 sec.
Execute         source C:/Users/lxl/Documents/vitis_hls_ws/Project/Project/hls_project/solution1/.autopilot/db/round_fixed_16_9_s.compgen.tcl 
Execute         source C:/Users/lxl/Documents/vitis_hls_ws/Project/Project/hls_project/solution1/.autopilot/db/descriptor.compgen.tcl 
Execute           ap_part_info -name xczu7ev-ffvc1156-2-e -data names -quiet 
Execute           ap_part_info -name xczu7ev-ffvc1156-2-e -data info -quiet 
Execute           ap_part_info -name xczu7ev-ffvc1156-2-e -data names -quiet 
Execute           ap_part_info -name xczu7ev-ffvc1156-2-e -data info -quiet 
INFO: [RTMG 210-282] Generating pipelined core: 'ORB_accel_mul_9s_5s_14_1_1_Multiplier_3'
Execute           ap_part_info -name xczu7ev-ffvc1156-2-e -data names -quiet 
Execute           ap_part_info -name xczu7ev-ffvc1156-2-e -data info -quiet 
Execute           ap_part_info -name xczu7ev-ffvc1156-2-e -data names -quiet 
Execute           ap_part_info -name xczu7ev-ffvc1156-2-e -data info -quiet 
Execute           ap_part_info -name xczu7ev-ffvc1156-2-e -data names -quiet 
Execute           ap_part_info -name xczu7ev-ffvc1156-2-e -data info -quiet 
Execute           ap_part_info -name xczu7ev-ffvc1156-2-e -data info 
Execute           ap_part_info -name xczu7ev-ffvc1156-2-e -data names -quiet 
Execute           ap_part_info -name xczu7ev-ffvc1156-2-e -data info -quiet 
Execute           ap_part_info -name xczu7ev-ffvc1156-2-e -data info 
Execute           ap_part_info -name xczu7ev-ffvc1156-2-e -data names -quiet 
Execute           ap_part_info -name xczu7ev-ffvc1156-2-e -data info -quiet 
Execute           ap_part_info -name xczu7ev-ffvc1156-2-e -data info 
Execute           ap_part_info -name xczu7ev-ffvc1156-2-e -data names -quiet 
Execute           ap_part_info -name xczu7ev-ffvc1156-2-e -data info -quiet 
Execute           ap_part_info -name xczu7ev-ffvc1156-2-e -data info 
Execute           ap_part_info -name xczu7ev-ffvc1156-2-e -data names -quiet 
Execute           ap_part_info -name xczu7ev-ffvc1156-2-e -data info -quiet 
INFO: [RTMG 210-279] Implementing memory 'ORB_accel_descriptor_bit_pattern_31_rom' using auto ROMs.
Execute           ap_part_info -name xczu7ev-ffvc1156-2-e -data names -quiet 
Execute           ap_part_info -name xczu7ev-ffvc1156-2-e -data info -quiet 
Execute           ap_part_info -name xczu7ev-ffvc1156-2-e -data names -quiet 
Execute           ap_part_info -name xczu7ev-ffvc1156-2-e -data info -quiet 
Execute           ap_part_info -name xczu7ev-ffvc1156-2-e -data names -quiet 
Execute           ap_part_info -name xczu7ev-ffvc1156-2-e -data info -quiet 
Execute           ap_part_info -name xczu7ev-ffvc1156-2-e -data names -quiet 
Execute           ap_part_info -name xczu7ev-ffvc1156-2-e -data info -quiet 
Execute           ap_part_info -name xczu7ev-ffvc1156-2-e -data names -quiet 
Execute           ap_part_info -name xczu7ev-ffvc1156-2-e -data info -quiet 
Command         ap_source done; 1.326 sec.
Execute         source C:/Users/lxl/Documents/vitis_hls_ws/Project/Project/hls_project/solution1/.autopilot/db/process_rBRIEF_8_1080_1920_s.compgen.tcl 
Execute           ap_part_info -name xczu7ev-ffvc1156-2-e -data names -quiet 
Execute           ap_part_info -name xczu7ev-ffvc1156-2-e -data info -quiet 
Execute           ap_part_info -name xczu7ev-ffvc1156-2-e -data names -quiet 
Execute           ap_part_info -name xczu7ev-ffvc1156-2-e -data info -quiet 
Execute           ap_part_info -name xczu7ev-ffvc1156-2-e -data info 
Execute           ap_part_info -name xczu7ev-ffvc1156-2-e -data names -quiet 
Execute           ap_part_info -name xczu7ev-ffvc1156-2-e -data info -quiet 
Execute           ap_part_info -name xczu7ev-ffvc1156-2-e -data info 
Execute           ap_part_info -name xczu7ev-ffvc1156-2-e -data names -quiet 
Execute           ap_part_info -name xczu7ev-ffvc1156-2-e -data info -quiet 
Execute           ap_part_info -name xczu7ev-ffvc1156-2-e -data info 
Execute           ap_part_info -name xczu7ev-ffvc1156-2-e -data names -quiet 
Execute           ap_part_info -name xczu7ev-ffvc1156-2-e -data info -quiet 
INFO: [RTMG 210-279] Implementing memory 'ORB_accel_process_rBRIEF_8_1080_1920_s_IC_Angle_31_Window_37_37_ap_uint_8_umax_rom' using auto ROMs.
Execute           ap_part_info -name xczu7ev-ffvc1156-2-e -data names -quiet 
Execute           ap_part_info -name xczu7ev-ffvc1156-2-e -data info -quiet 
Execute           ap_part_info -name xczu7ev-ffvc1156-2-e -data names -quiet 
Execute           ap_part_info -name xczu7ev-ffvc1156-2-e -data info -quiet 
INFO: [RTMG 210-278] Implementing memory 'ORB_accel_process_rBRIEF_8_1080_1920_s_img_line_val_V_0_ram (RAM_S2P_BRAM)' using block RAMs.
Execute           ap_part_info -name xczu7ev-ffvc1156-2-e -data names -quiet 
Execute           ap_part_info -name xczu7ev-ffvc1156-2-e -data info -quiet 
Command         ap_source done; 0.662 sec.
Execute         source C:/Users/lxl/Documents/vitis_hls_ws/Project/Project/hls_project/solution1/.autopilot/db/process_output_8_0_1080_1920_1_s.compgen.tcl 
Execute           ap_part_info -name xczu7ev-ffvc1156-2-e -data names -quiet 
Execute           ap_part_info -name xczu7ev-ffvc1156-2-e -data info -quiet 
Execute           ap_part_info -name xczu7ev-ffvc1156-2-e -data info 
Command         ap_source done; 0.129 sec.
Execute         source C:/Users/lxl/Documents/vitis_hls_ws/Project/Project/hls_project/solution1/.autopilot/db/process_ORB_8_0_1080_1920_1_s.compgen.tcl 
Execute           ap_part_info -name xczu7ev-ffvc1156-2-e -data names -quiet 
Execute           ap_part_info -name xczu7ev-ffvc1156-2-e -data info -quiet 
INFO: [RTMG 210-285] Implementing FIFO 'height_c_U(ORB_accel_fifo_w11_d2_S)' using Shift Registers.
Execute           ap_part_info -name xczu7ev-ffvc1156-2-e -data names -quiet 
Execute           ap_part_info -name xczu7ev-ffvc1156-2-e -data info -quiet 
INFO: [RTMG 210-285] Implementing FIFO 'height_c21_U(ORB_accel_fifo_w11_d2_S)' using Shift Registers.
Execute           ap_part_info -name xczu7ev-ffvc1156-2-e -data names -quiet 
Execute           ap_part_info -name xczu7ev-ffvc1156-2-e -data info -quiet 
INFO: [RTMG 210-285] Implementing FIFO 'width_c_U(ORB_accel_fifo_w11_d2_S)' using Shift Registers.
Execute           ap_part_info -name xczu7ev-ffvc1156-2-e -data names -quiet 
Execute           ap_part_info -name xczu7ev-ffvc1156-2-e -data info -quiet 
INFO: [RTMG 210-285] Implementing FIFO 'width_c22_U(ORB_accel_fifo_w11_d2_S)' using Shift Registers.
Execute           ap_part_info -name xczu7ev-ffvc1156-2-e -data names -quiet 
Execute           ap_part_info -name xczu7ev-ffvc1156-2-e -data info -quiet 
INFO: [RTMG 210-285] Implementing FIFO 'height_new_c_U(ORB_accel_fifo_w11_d2_S)' using Shift Registers.
Execute           ap_part_info -name xczu7ev-ffvc1156-2-e -data names -quiet 
Execute           ap_part_info -name xczu7ev-ffvc1156-2-e -data info -quiet 
INFO: [RTMG 210-285] Implementing FIFO 'width_new_c_U(ORB_accel_fifo_w11_d2_S)' using Shift Registers.
Execute           ap_part_info -name xczu7ev-ffvc1156-2-e -data names -quiet 
Execute           ap_part_info -name xczu7ev-ffvc1156-2-e -data info -quiet 
INFO: [RTMG 210-285] Implementing FIFO 'threshold_c_U(ORB_accel_fifo_w8_d7_S)' using Shift Registers.
Execute           ap_part_info -name xczu7ev-ffvc1156-2-e -data names -quiet 
Execute           ap_part_info -name xczu7ev-ffvc1156-2-e -data info -quiet 
INFO: [RTMG 210-285] Implementing FIFO 'img_mat_rows_c_U(ORB_accel_fifo_w11_d2_S)' using Shift Registers.
Execute           ap_part_info -name xczu7ev-ffvc1156-2-e -data names -quiet 
Execute           ap_part_info -name xczu7ev-ffvc1156-2-e -data info -quiet 
INFO: [RTMG 210-285] Implementing FIFO 'img_mat_cols_c_U(ORB_accel_fifo_w11_d2_S)' using Shift Registers.
Execute           ap_part_info -name xczu7ev-ffvc1156-2-e -data names -quiet 
Execute           ap_part_info -name xczu7ev-ffvc1156-2-e -data info -quiet 
INFO: [RTMG 210-285] Implementing FIFO 'height_new_c23_U(ORB_accel_fifo_w11_d5_S)' using Shift Registers.
Execute           ap_part_info -name xczu7ev-ffvc1156-2-e -data names -quiet 
Execute           ap_part_info -name xczu7ev-ffvc1156-2-e -data info -quiet 
INFO: [RTMG 210-285] Implementing FIFO 'resized_mat_rows_c_U(ORB_accel_fifo_w11_d3_S)' using Shift Registers.
Execute           ap_part_info -name xczu7ev-ffvc1156-2-e -data names -quiet 
Execute           ap_part_info -name xczu7ev-ffvc1156-2-e -data info -quiet 
INFO: [RTMG 210-285] Implementing FIFO 'width_new_c24_U(ORB_accel_fifo_w11_d5_S)' using Shift Registers.
Execute           ap_part_info -name xczu7ev-ffvc1156-2-e -data names -quiet 
Execute           ap_part_info -name xczu7ev-ffvc1156-2-e -data info -quiet 
INFO: [RTMG 210-285] Implementing FIFO 'resized_mat_cols_c_U(ORB_accel_fifo_w11_d3_S)' using Shift Registers.
Execute           ap_part_info -name xczu7ev-ffvc1156-2-e -data names -quiet 
Execute           ap_part_info -name xczu7ev-ffvc1156-2-e -data info -quiet 
INFO: [RTMG 210-285] Implementing FIFO 'img_U(ORB_accel_fifo_w8_d2_S)' using Shift Registers.
Execute           ap_part_info -name xczu7ev-ffvc1156-2-e -data names -quiet 
Execute           ap_part_info -name xczu7ev-ffvc1156-2-e -data info -quiet 
INFO: [RTMG 210-285] Implementing FIFO 'img_mat_data_U(ORB_accel_fifo_w8_d2_S)' using Shift Registers.
Execute           ap_part_info -name xczu7ev-ffvc1156-2-e -data names -quiet 
Execute           ap_part_info -name xczu7ev-ffvc1156-2-e -data info -quiet 
INFO: [RTMG 210-285] Implementing FIFO 'img_mat_rows_c25_U(ORB_accel_fifo_w11_d2_S)' using Shift Registers.
Execute           ap_part_info -name xczu7ev-ffvc1156-2-e -data names -quiet 
Execute           ap_part_info -name xczu7ev-ffvc1156-2-e -data info -quiet 
INFO: [RTMG 210-285] Implementing FIFO 'img_mat_cols_c26_U(ORB_accel_fifo_w11_d2_S)' using Shift Registers.
Execute           ap_part_info -name xczu7ev-ffvc1156-2-e -data names -quiet 
Execute           ap_part_info -name xczu7ev-ffvc1156-2-e -data info -quiet 
INFO: [RTMG 210-285] Implementing FIFO 'resized_mat_data_U(ORB_accel_fifo_w8_d2_S)' using Shift Registers.
Execute           ap_part_info -name xczu7ev-ffvc1156-2-e -data names -quiet 
Execute           ap_part_info -name xczu7ev-ffvc1156-2-e -data info -quiet 
INFO: [RTMG 210-285] Implementing FIFO 'resized_mat_rows_c27_U(ORB_accel_fifo_w11_d2_S)' using Shift Registers.
Execute           ap_part_info -name xczu7ev-ffvc1156-2-e -data names -quiet 
Execute           ap_part_info -name xczu7ev-ffvc1156-2-e -data info -quiet 
INFO: [RTMG 210-285] Implementing FIFO 'resized_mat_cols_c28_U(ORB_accel_fifo_w11_d2_S)' using Shift Registers.
Execute           ap_part_info -name xczu7ev-ffvc1156-2-e -data names -quiet 
Execute           ap_part_info -name xczu7ev-ffvc1156-2-e -data info -quiet 
INFO: [RTMG 210-285] Implementing FIFO 'resized_img_U(ORB_accel_fifo_w8_d2_S)' using Shift Registers.
Execute           ap_part_info -name xczu7ev-ffvc1156-2-e -data names -quiet 
Execute           ap_part_info -name xczu7ev-ffvc1156-2-e -data info -quiet 
INFO: [RTMG 210-285] Implementing FIFO 'img1_U(ORB_accel_fifo_w8_d7680_A)' using Vivado Default RAMs.
Execute           ap_part_info -name xczu7ev-ffvc1156-2-e -data names -quiet 
Execute           ap_part_info -name xczu7ev-ffvc1156-2-e -data info -quiet 
INFO: [RTMG 210-285] Implementing FIFO 'blur1_U(ORB_accel_fifo_w8_d2_S)' using Shift Registers.
Execute           ap_part_info -name xczu7ev-ffvc1156-2-e -data names -quiet 
Execute           ap_part_info -name xczu7ev-ffvc1156-2-e -data info -quiet 
INFO: [RTMG 210-285] Implementing FIFO 'height_new_c29_U(ORB_accel_fifo_w11_d2_S)' using Shift Registers.
Execute           ap_part_info -name xczu7ev-ffvc1156-2-e -data names -quiet 
Execute           ap_part_info -name xczu7ev-ffvc1156-2-e -data info -quiet 
INFO: [RTMG 210-285] Implementing FIFO 'width_new_c30_U(ORB_accel_fifo_w11_d2_S)' using Shift Registers.
Execute           ap_part_info -name xczu7ev-ffvc1156-2-e -data names -quiet 
Execute           ap_part_info -name xczu7ev-ffvc1156-2-e -data info -quiet 
INFO: [RTMG 210-285] Implementing FIFO 'img2_U(ORB_accel_fifo_w8_d7680_A)' using Vivado Default RAMs.
Execute           ap_part_info -name xczu7ev-ffvc1156-2-e -data names -quiet 
Execute           ap_part_info -name xczu7ev-ffvc1156-2-e -data info -quiet 
INFO: [RTMG 210-285] Implementing FIFO 'blur2_U(ORB_accel_fifo_w8_d7680_A)' using Vivado Default RAMs.
Execute           ap_part_info -name xczu7ev-ffvc1156-2-e -data names -quiet 
Execute           ap_part_info -name xczu7ev-ffvc1156-2-e -data info -quiet 
INFO: [RTMG 210-285] Implementing FIFO 'mask2_U(ORB_accel_fifo_w8_d2_S)' using Shift Registers.
Execute           ap_part_info -name xczu7ev-ffvc1156-2-e -data names -quiet 
Execute           ap_part_info -name xczu7ev-ffvc1156-2-e -data info -quiet 
INFO: [RTMG 210-285] Implementing FIFO 'height_new_c31_U(ORB_accel_fifo_w11_d2_S)' using Shift Registers.
Execute           ap_part_info -name xczu7ev-ffvc1156-2-e -data names -quiet 
Execute           ap_part_info -name xczu7ev-ffvc1156-2-e -data info -quiet 
INFO: [RTMG 210-285] Implementing FIFO 'width_new_c32_U(ORB_accel_fifo_w11_d2_S)' using Shift Registers.
Execute           ap_part_info -name xczu7ev-ffvc1156-2-e -data names -quiet 
Execute           ap_part_info -name xczu7ev-ffvc1156-2-e -data info -quiet 
INFO: [RTMG 210-285] Implementing FIFO 'img3_U(ORB_accel_fifo_w8_d7680_A)' using Vivado Default RAMs.
Execute           ap_part_info -name xczu7ev-ffvc1156-2-e -data names -quiet 
Execute           ap_part_info -name xczu7ev-ffvc1156-2-e -data info -quiet 
INFO: [RTMG 210-285] Implementing FIFO 'blur3_U(ORB_accel_fifo_w8_d7680_A)' using Vivado Default RAMs.
Execute           ap_part_info -name xczu7ev-ffvc1156-2-e -data names -quiet 
Execute           ap_part_info -name xczu7ev-ffvc1156-2-e -data info -quiet 
INFO: [RTMG 210-285] Implementing FIFO 'mask3_U(ORB_accel_fifo_w8_d2_S)' using Shift Registers.
Execute           ap_part_info -name xczu7ev-ffvc1156-2-e -data names -quiet 
Execute           ap_part_info -name xczu7ev-ffvc1156-2-e -data info -quiet 
INFO: [RTMG 210-285] Implementing FIFO 'height_new_c33_U(ORB_accel_fifo_w11_d2_S)' using Shift Registers.
Execute           ap_part_info -name xczu7ev-ffvc1156-2-e -data names -quiet 
Execute           ap_part_info -name xczu7ev-ffvc1156-2-e -data info -quiet 
INFO: [RTMG 210-285] Implementing FIFO 'width_new_c34_U(ORB_accel_fifo_w11_d2_S)' using Shift Registers.
Execute           ap_part_info -name xczu7ev-ffvc1156-2-e -data names -quiet 
Execute           ap_part_info -name xczu7ev-ffvc1156-2-e -data info -quiet 
INFO: [RTMG 210-285] Implementing FIFO 'desc_U(ORB_accel_fifo_w512_d2_S)' using Shift Registers.
Execute           ap_part_info -name xczu7ev-ffvc1156-2-e -data names -quiet 
Execute           ap_part_info -name xczu7ev-ffvc1156-2-e -data info -quiet 
INFO: [RTMG 210-285] Implementing FIFO 'start_for_process_ORB_8_0_1080_1920_1_Block_split1_proc_U0_U(ORB_accel_start_for_process_ORB_8_0_1080_1920_1_Block_split1_proc_U0)' using Shift Registers.
Execute           ap_part_info -name xczu7ev-ffvc1156-2-e -data names -quiet 
Execute           ap_part_info -name xczu7ev-ffvc1156-2-e -data info -quiet 
INFO: [RTMG 210-285] Implementing FIFO 'start_for_process_input_8_0_1080_1920_1_U0_U(ORB_accel_start_for_process_input_8_0_1080_1920_1_U0)' using Shift Registers.
Execute           ap_part_info -name xczu7ev-ffvc1156-2-e -data names -quiet 
Execute           ap_part_info -name xczu7ev-ffvc1156-2-e -data info -quiet 
INFO: [RTMG 210-285] Implementing FIFO 'start_for_process_fast_8_1080_1920_1_U0_U(ORB_accel_start_for_process_fast_8_1080_1920_1_U0)' using Shift Registers.
Execute           ap_part_info -name xczu7ev-ffvc1156-2-e -data names -quiet 
Execute           ap_part_info -name xczu7ev-ffvc1156-2-e -data info -quiet 
INFO: [RTMG 210-285] Implementing FIFO 'start_for_process_stream2xfMat_8_0_1080_1920_1_U0_U(ORB_accel_start_for_process_stream2xfMat_8_0_1080_1920_1_U0)' using Shift Registers.
Execute           ap_part_info -name xczu7ev-ffvc1156-2-e -data names -quiet 
Execute           ap_part_info -name xczu7ev-ffvc1156-2-e -data info -quiet 
INFO: [RTMG 210-285] Implementing FIFO 'start_for_process_resize_8_0_1080_1920_1_U0_U(ORB_accel_start_for_process_resize_8_0_1080_1920_1_U0)' using Shift Registers.
Execute           ap_part_info -name xczu7ev-ffvc1156-2-e -data names -quiet 
Execute           ap_part_info -name xczu7ev-ffvc1156-2-e -data info -quiet 
INFO: [RTMG 210-285] Implementing FIFO 'start_for_process_blur_8_0_1080_1920_1_U0_U(ORB_accel_start_for_process_blur_8_0_1080_1920_1_U0)' using Shift Registers.
Execute           ap_part_info -name xczu7ev-ffvc1156-2-e -data names -quiet 
Execute           ap_part_info -name xczu7ev-ffvc1156-2-e -data info -quiet 
INFO: [RTMG 210-285] Implementing FIFO 'start_for_process_xfMat2stream_8_0_1080_1920_1_U0_U(ORB_accel_start_for_process_xfMat2stream_8_0_1080_1920_1_U0)' using Shift Registers.
Execute           ap_part_info -name xczu7ev-ffvc1156-2-e -data names -quiet 
Execute           ap_part_info -name xczu7ev-ffvc1156-2-e -data info -quiet 
INFO: [RTMG 210-285] Implementing FIFO 'start_for_process_nms_8_1080_1920_1_U0_U(ORB_accel_start_for_process_nms_8_1080_1920_1_U0)' using Shift Registers.
Execute           ap_part_info -name xczu7ev-ffvc1156-2-e -data names -quiet 
Execute           ap_part_info -name xczu7ev-ffvc1156-2-e -data info -quiet 
INFO: [RTMG 210-285] Implementing FIFO 'start_for_process_rBRIEF_8_1080_1920_U0_U(ORB_accel_start_for_process_rBRIEF_8_1080_1920_U0)' using Shift Registers.
Command         ap_source done; 4.765 sec.
Execute         source C:/Users/lxl/Documents/vitis_hls_ws/Project/Project/hls_project/solution1/.autopilot/db/ORB_accel.compgen.tcl 
Execute           ap_part_info -name xczu7ev-ffvc1156-2-e -data names -quiet 
Execute           ap_part_info -name xczu7ev-ffvc1156-2-e -data info -quiet 
Execute           ap_part_info -name xczu7ev-ffvc1156-2-e -data names -quiet 
Execute           ap_part_info -name xczu7ev-ffvc1156-2-e -data info -quiet 
INFO: [RTMG 210-282] Generating pipelined core: 'ORB_accel_mul_8ns_8ns_15_1_1_Multiplier_4'
INFO: [RTMG 210-278] Implementing memory 'ORB_accel_cntTree_ram (RAM)' using auto RAMs with power-on initialization.
Execute           ap_part_info -name xczu7ev-ffvc1156-2-e -data names -quiet 
Execute           ap_part_info -name xczu7ev-ffvc1156-2-e -data info -quiet 
INFO: [RTMG 210-278] Implementing memory 'ORB_accel_idxTree_ram (RAM)' using auto RAMs with power-on initialization.
Execute           ap_part_info -name xczu7ev-ffvc1156-2-e -data names -quiet 
Execute           ap_part_info -name xczu7ev-ffvc1156-2-e -data info -quiet 
Execute           source ./control.slave.tcl 
Command         ap_source done; 0.631 sec.
INFO-FLOW: DBG:CMD:     auto_generate -export -impltomg_flag -rtl both -tool Vivado -pcore_version 1.00.a -phase csynth_design -d C:/Users/lxl/Documents/vitis_hls_ws/Project/Project/hls_project/solution1
Execute         get_solution -flow_target 
Execute         get_config_export -xo 
Execute         get_config_export -format 
Execute         source C:/Users/lxl/Documents/vitis_hls_ws/Project/Project/hls_project/solution1/.autopilot/db/global.setting.tcl 
INFO-FLOW: DBG:CMD: read_platform_lib C:/Users/lxl/Documents/vitis_hls_ws/Project/Project/hls_project/solution1/.autopilot/db/global.setting.tcl
Execute         source C:/Xilinx/Vitis_HLS/2020.2/common/technology/generic/autopilot/common.gen 
Execute           source C:/Xilinx/Vitis_HLS/2020.2/common/technology/generic/autopilot/APCoreGen.gen 
Execute         source C:/Xilinx/Vitis_HLS/2020.2/common/technology/generic/autopilot/op.gen 
Execute         source C:/Xilinx/Vitis_HLS/2020.2/common/technology/generic/autopilot/op_simcore.gen 
Execute         source C:/Xilinx/Vitis_HLS/2020.2/common/technology/generic/autopilot/interface.gen 
Execute         source C:/Users/lxl/Documents/vitis_hls_ws/Project/Project/hls_project/solution1/.autopilot/db/global.setting.tcl 
Execute         source C:/Xilinx/Vitis_HLS/2020.2/common/technology/xilinx/common/xilinx.gen 
Execute           source C:/Xilinx/Vitis_HLS/2020.2/common/technology/xilinx/interface/plb46.gen 
Execute           source C:/Xilinx/Vitis_HLS/2020.2/common/technology/xilinx/interface/axi4.gen 
Execute           source C:/Xilinx/Vitis_HLS/2020.2/common/technology/xilinx/interface/nativeAXI4.gen 
Execute             source C:/Xilinx/Vitis_HLS/2020.2/common/technology/xilinx/interface/saxilite.gen 
Execute             source C:/Xilinx/Vitis_HLS/2020.2/common/technology/xilinx/interface/maxi.gen 
Execute           source C:/Xilinx/Vitis_HLS/2020.2/common/technology/xilinx/scripts/xilinxcoregen.gen 
Execute           source C:/Xilinx/Vitis_HLS/2020.2/common/technology/xilinx/interface/XilEDKCoreGen.gen 
Execute           source C:/Xilinx/Vitis_HLS/2020.2/common/technology/xilinx/ip/dds_compiler.gen 
Execute           source C:/Xilinx/Vitis_HLS/2020.2/common/technology/xilinx/ip/util.gen 
Execute           source C:/Xilinx/Vitis_HLS/2020.2/common/technology/xilinx/ip/xfft.gen 
Execute           source C:/Xilinx/Vitis_HLS/2020.2/common/technology/xilinx/ip/xfir.gen 
Execute           source C:/Xilinx/Vitis_HLS/2020.2/common/technology/xilinx/DSP48/dsp48.gen 
Command         ap_source done; 0.108 sec.
INFO-FLOW: DBG:CMD:       initCTypeInfo top_module=ORB_accel xml_exists=0
Execute         source C:/Users/lxl/Documents/vitis_hls_ws/Project/Project/hls_project/solution1/.autopilot/db/ORB_accel.rtl_wrap.cfg.tcl 
Execute         source C:/Users/lxl/Documents/vitis_hls_ws/Project/Project/hls_project/solution1/.autopilot/db/ORB_accel.rtl_wrap.cfg.tcl 
Execute         source C:/Users/lxl/Documents/vitis_hls_ws/Project/Project/hls_project/solution1/.autopilot/db/ORB_accel.rtl_wrap.cfg.tcl 
Execute         source C:/Users/lxl/Documents/vitis_hls_ws/Project/Project/hls_project/solution1/.autopilot/db/ORB_accel.tbgen.tcl 
Execute         source C:/Users/lxl/Documents/vitis_hls_ws/Project/Project/hls_project/solution1/.autopilot/db/ORB_accel.tbgen.tcl 
INFO-FLOW: DBG:CMD:       export_impl_rtl
INFO-FLOW: DBG:CMD:       generate_ip_cores sim=0 export=0 expOnly=0 dstVlogDir=impl/.verilog
Execute         source C:/Users/lxl/Documents/vitis_hls_ws/Project/Project/hls_project/solution1/.autopilot/db/global.setting.tcl 
Execute         source C:/Users/lxl/Documents/vitis_hls_ws/Project/Project/hls_project/solution1/.autopilot/db/process_ORB_8_0_1080_1920_1_entry57.compgen.tcl 
Execute         source C:/Users/lxl/Documents/vitis_hls_ws/Project/Project/hls_project/solution1/.autopilot/db/process_ORB_8_0_1080_1920_1_Block_split1_proc.compgen.tcl 
Execute         source C:/Users/lxl/Documents/vitis_hls_ws/Project/Project/hls_project/solution1/.autopilot/db/process_input_8_0_1080_1920_1_s.compgen.tcl 
Execute         source C:/Users/lxl/Documents/vitis_hls_ws/Project/Project/hls_project/solution1/.autopilot/db/process_stream2xfMat_8_0_1080_1920_1_s.compgen.tcl 
Execute         source C:/Users/lxl/Documents/vitis_hls_ws/Project/Project/hls_project/solution1/.autopilot/db/xfUDivResize.compgen.tcl 
Execute         source C:/Users/lxl/Documents/vitis_hls_ws/Project/Project/hls_project/solution1/.autopilot/db/scaleCompute_17_42_20_48_16_1_s.compgen.tcl 
Execute         source C:/Users/lxl/Documents/vitis_hls_ws/Project/Project/hls_project/solution1/.autopilot/db/resizeNNBilinear_0_1080_1920_1_1080_1920_1_8_s.compgen.tcl 
Execute         source C:/Users/lxl/Documents/vitis_hls_ws/Project/Project/hls_project/solution1/.autopilot/db/resize_1_0_1080_1920_1080_1920_1_8_s.compgen.tcl 
Execute         source C:/Users/lxl/Documents/vitis_hls_ws/Project/Project/hls_project/solution1/.autopilot/db/process_resize_8_0_1080_1920_1_s.compgen.tcl 
Execute         source C:/Users/lxl/Documents/vitis_hls_ws/Project/Project/hls_project/solution1/.autopilot/db/process_xfMat2stream_8_0_1080_1920_1_s.compgen.tcl 
Execute         source C:/Users/lxl/Documents/vitis_hls_ws/Project/Project/hls_project/solution1/.autopilot/db/process_blur_8_0_1080_1920_1_s.compgen.tcl 
Execute         source C:/Users/lxl/Documents/vitis_hls_ws/Project/Project/hls_project/solution1/.autopilot/db/fast_score.compgen.tcl 
Execute         source C:/Users/lxl/Documents/vitis_hls_ws/Project/Project/hls_project/solution1/.autopilot/db/process_fast_8_1080_1920_1_s.compgen.tcl 
Execute         source C:/Users/lxl/Documents/vitis_hls_ws/Project/Project/hls_project/solution1/.autopilot/db/process_nms_8_1080_1920_1_s.compgen.tcl 
Execute         source C:/Users/lxl/Documents/vitis_hls_ws/Project/Project/hls_project/solution1/.autopilot/db/generic_atan2_20_20_s.compgen.tcl 
Execute         source C:/Users/lxl/Documents/vitis_hls_ws/Project/Project/hls_project/solution1/.autopilot/db/round_fixed_16_9_s.compgen.tcl 
Execute         source C:/Users/lxl/Documents/vitis_hls_ws/Project/Project/hls_project/solution1/.autopilot/db/descriptor.compgen.tcl 
Execute         source C:/Users/lxl/Documents/vitis_hls_ws/Project/Project/hls_project/solution1/.autopilot/db/process_rBRIEF_8_1080_1920_s.compgen.tcl 
Execute         source C:/Users/lxl/Documents/vitis_hls_ws/Project/Project/hls_project/solution1/.autopilot/db/process_output_8_0_1080_1920_1_s.compgen.tcl 
Execute         source C:/Users/lxl/Documents/vitis_hls_ws/Project/Project/hls_project/solution1/.autopilot/db/process_ORB_8_0_1080_1920_1_s.compgen.tcl 
Execute         source C:/Users/lxl/Documents/vitis_hls_ws/Project/Project/hls_project/solution1/.autopilot/db/ORB_accel.compgen.tcl 
INFO-FLOW: DBG:CMD:       generate_ip_cores sim=0 export=1 expOnly=1 dstVlogDir=impl/.pcores/verilog
Execute         source C:/Users/lxl/Documents/vitis_hls_ws/Project/Project/hls_project/solution1/.autopilot/db/global.setting.tcl 
Execute         source C:/Users/lxl/Documents/vitis_hls_ws/Project/Project/hls_project/solution1/.autopilot/db/process_ORB_8_0_1080_1920_1_entry57.compgen.tcl 
Execute         source C:/Users/lxl/Documents/vitis_hls_ws/Project/Project/hls_project/solution1/.autopilot/db/process_ORB_8_0_1080_1920_1_Block_split1_proc.compgen.tcl 
Execute         source C:/Users/lxl/Documents/vitis_hls_ws/Project/Project/hls_project/solution1/.autopilot/db/process_input_8_0_1080_1920_1_s.compgen.tcl 
Execute         source C:/Users/lxl/Documents/vitis_hls_ws/Project/Project/hls_project/solution1/.autopilot/db/process_stream2xfMat_8_0_1080_1920_1_s.compgen.tcl 
Execute         source C:/Users/lxl/Documents/vitis_hls_ws/Project/Project/hls_project/solution1/.autopilot/db/xfUDivResize.compgen.tcl 
Execute         source C:/Users/lxl/Documents/vitis_hls_ws/Project/Project/hls_project/solution1/.autopilot/db/scaleCompute_17_42_20_48_16_1_s.compgen.tcl 
Execute         source C:/Users/lxl/Documents/vitis_hls_ws/Project/Project/hls_project/solution1/.autopilot/db/resizeNNBilinear_0_1080_1920_1_1080_1920_1_8_s.compgen.tcl 
Execute         source C:/Users/lxl/Documents/vitis_hls_ws/Project/Project/hls_project/solution1/.autopilot/db/resize_1_0_1080_1920_1080_1920_1_8_s.compgen.tcl 
Execute         source C:/Users/lxl/Documents/vitis_hls_ws/Project/Project/hls_project/solution1/.autopilot/db/process_resize_8_0_1080_1920_1_s.compgen.tcl 
Execute         source C:/Users/lxl/Documents/vitis_hls_ws/Project/Project/hls_project/solution1/.autopilot/db/process_xfMat2stream_8_0_1080_1920_1_s.compgen.tcl 
Execute         source C:/Users/lxl/Documents/vitis_hls_ws/Project/Project/hls_project/solution1/.autopilot/db/process_blur_8_0_1080_1920_1_s.compgen.tcl 
Execute         source C:/Users/lxl/Documents/vitis_hls_ws/Project/Project/hls_project/solution1/.autopilot/db/fast_score.compgen.tcl 
Execute         source C:/Users/lxl/Documents/vitis_hls_ws/Project/Project/hls_project/solution1/.autopilot/db/process_fast_8_1080_1920_1_s.compgen.tcl 
Execute         source C:/Users/lxl/Documents/vitis_hls_ws/Project/Project/hls_project/solution1/.autopilot/db/process_nms_8_1080_1920_1_s.compgen.tcl 
Execute         source C:/Users/lxl/Documents/vitis_hls_ws/Project/Project/hls_project/solution1/.autopilot/db/generic_atan2_20_20_s.compgen.tcl 
Execute         source C:/Users/lxl/Documents/vitis_hls_ws/Project/Project/hls_project/solution1/.autopilot/db/round_fixed_16_9_s.compgen.tcl 
Execute         source C:/Users/lxl/Documents/vitis_hls_ws/Project/Project/hls_project/solution1/.autopilot/db/descriptor.compgen.tcl 
Execute         source C:/Users/lxl/Documents/vitis_hls_ws/Project/Project/hls_project/solution1/.autopilot/db/process_rBRIEF_8_1080_1920_s.compgen.tcl 
Execute         source C:/Users/lxl/Documents/vitis_hls_ws/Project/Project/hls_project/solution1/.autopilot/db/process_output_8_0_1080_1920_1_s.compgen.tcl 
Execute         source C:/Users/lxl/Documents/vitis_hls_ws/Project/Project/hls_project/solution1/.autopilot/db/process_ORB_8_0_1080_1920_1_s.compgen.tcl 
Execute         source C:/Users/lxl/Documents/vitis_hls_ws/Project/Project/hls_project/solution1/.autopilot/db/ORB_accel.compgen.tcl 
Execute           ap_part_info -name xczu7ev-ffvc1156-2-e -data names -quiet 
Execute           ap_part_info -name xczu7ev-ffvc1156-2-e -data info -quiet 
Execute           ap_part_info -name xczu7ev-ffvc1156-2-e -data names -quiet 
Execute           ap_part_info -name xczu7ev-ffvc1156-2-e -data info -quiet 
Execute           ap_part_info -name xczu7ev-ffvc1156-2-e -data names -quiet 
Execute           ap_part_info -name xczu7ev-ffvc1156-2-e -data info -quiet 
Execute           ap_part_info -name xczu7ev-ffvc1156-2-e -data names -quiet 
Execute           ap_part_info -name xczu7ev-ffvc1156-2-e -data info -quiet 
Execute           ap_part_info -name xczu7ev-ffvc1156-2-e -data names -quiet 
Execute           ap_part_info -name xczu7ev-ffvc1156-2-e -data info -quiet 
Execute           ap_part_info -name xczu7ev-ffvc1156-2-e -data names -quiet 
Execute           ap_part_info -name xczu7ev-ffvc1156-2-e -data info -quiet 
Execute           ap_part_info -name xczu7ev-ffvc1156-2-e -data names -quiet 
Execute           ap_part_info -name xczu7ev-ffvc1156-2-e -data info -quiet 
Command         ap_source done; 0.367 sec.
Execute         ap_part_info -name xczu7ev-ffvc1156-2-e -data names -quiet 
Execute         ap_part_info -name xczu7ev-ffvc1156-2-e -data info -quiet 
INFO-FLOW: DBG:CMD:       generate_ip_cores sim=0 export=0 expOnly=0 dstVlogDir=impl/.pcores/verilog_sim
Execute         source C:/Users/lxl/Documents/vitis_hls_ws/Project/Project/hls_project/solution1/.autopilot/db/global.setting.tcl 
Execute         source C:/Users/lxl/Documents/vitis_hls_ws/Project/Project/hls_project/solution1/.autopilot/db/process_ORB_8_0_1080_1920_1_entry57.compgen.tcl 
Execute         source C:/Users/lxl/Documents/vitis_hls_ws/Project/Project/hls_project/solution1/.autopilot/db/process_ORB_8_0_1080_1920_1_Block_split1_proc.compgen.tcl 
Execute         source C:/Users/lxl/Documents/vitis_hls_ws/Project/Project/hls_project/solution1/.autopilot/db/process_input_8_0_1080_1920_1_s.compgen.tcl 
Execute         source C:/Users/lxl/Documents/vitis_hls_ws/Project/Project/hls_project/solution1/.autopilot/db/process_stream2xfMat_8_0_1080_1920_1_s.compgen.tcl 
Execute         source C:/Users/lxl/Documents/vitis_hls_ws/Project/Project/hls_project/solution1/.autopilot/db/xfUDivResize.compgen.tcl 
Execute         source C:/Users/lxl/Documents/vitis_hls_ws/Project/Project/hls_project/solution1/.autopilot/db/scaleCompute_17_42_20_48_16_1_s.compgen.tcl 
Execute         source C:/Users/lxl/Documents/vitis_hls_ws/Project/Project/hls_project/solution1/.autopilot/db/resizeNNBilinear_0_1080_1920_1_1080_1920_1_8_s.compgen.tcl 
Execute         source C:/Users/lxl/Documents/vitis_hls_ws/Project/Project/hls_project/solution1/.autopilot/db/resize_1_0_1080_1920_1080_1920_1_8_s.compgen.tcl 
Execute         source C:/Users/lxl/Documents/vitis_hls_ws/Project/Project/hls_project/solution1/.autopilot/db/process_resize_8_0_1080_1920_1_s.compgen.tcl 
Execute         source C:/Users/lxl/Documents/vitis_hls_ws/Project/Project/hls_project/solution1/.autopilot/db/process_xfMat2stream_8_0_1080_1920_1_s.compgen.tcl 
Execute         source C:/Users/lxl/Documents/vitis_hls_ws/Project/Project/hls_project/solution1/.autopilot/db/process_blur_8_0_1080_1920_1_s.compgen.tcl 
Execute         source C:/Users/lxl/Documents/vitis_hls_ws/Project/Project/hls_project/solution1/.autopilot/db/fast_score.compgen.tcl 
Execute         source C:/Users/lxl/Documents/vitis_hls_ws/Project/Project/hls_project/solution1/.autopilot/db/process_fast_8_1080_1920_1_s.compgen.tcl 
Execute         source C:/Users/lxl/Documents/vitis_hls_ws/Project/Project/hls_project/solution1/.autopilot/db/process_nms_8_1080_1920_1_s.compgen.tcl 
Execute         source C:/Users/lxl/Documents/vitis_hls_ws/Project/Project/hls_project/solution1/.autopilot/db/generic_atan2_20_20_s.compgen.tcl 
Execute         source C:/Users/lxl/Documents/vitis_hls_ws/Project/Project/hls_project/solution1/.autopilot/db/round_fixed_16_9_s.compgen.tcl 
Execute         source C:/Users/lxl/Documents/vitis_hls_ws/Project/Project/hls_project/solution1/.autopilot/db/descriptor.compgen.tcl 
Execute         source C:/Users/lxl/Documents/vitis_hls_ws/Project/Project/hls_project/solution1/.autopilot/db/process_rBRIEF_8_1080_1920_s.compgen.tcl 
Execute         source C:/Users/lxl/Documents/vitis_hls_ws/Project/Project/hls_project/solution1/.autopilot/db/process_output_8_0_1080_1920_1_s.compgen.tcl 
Execute         source C:/Users/lxl/Documents/vitis_hls_ws/Project/Project/hls_project/solution1/.autopilot/db/process_ORB_8_0_1080_1920_1_s.compgen.tcl 
Execute         source C:/Users/lxl/Documents/vitis_hls_ws/Project/Project/hls_project/solution1/.autopilot/db/ORB_accel.compgen.tcl 
Execute         ap_part_info -name xczu7ev-ffvc1156-2-e -data names -quiet 
Execute         ap_part_info -name xczu7ev-ffvc1156-2-e -data info -quiet 
Execute         ap_part_info -name xczu7ev-ffvc1156-2-e -data names -quiet 
Execute         ap_part_info -name xczu7ev-ffvc1156-2-e -data info -quiet 
Execute         source C:/Users/lxl/Documents/vitis_hls_ws/Project/Project/hls_project/solution1/.autopilot/db/global.setting.tcl 
Execute         ap_part_info -name xczu7ev-ffvc1156-2-e -data names -quiet 
Execute         ap_part_info -name xczu7ev-ffvc1156-2-e -data info -quiet 
Execute         source C:/Users/lxl/Documents/vitis_hls_ws/Project/Project/hls_project/solution1/.autopilot/db/ORB_accel.constraint.tcl 
Execute         source C:/Users/lxl/Documents/vitis_hls_ws/Project/Project/hls_project/solution1/.autopilot/db/ORB_accel.tbgen.tcl 
INFO-FLOW: DBG:CMD:       hasPcoreIpAdapter=false #gSsdmPorts=30
INFO-FLOW: DBG:CMD: Skipping loadAnalyze_DB, #g_database=20
INFO-FLOW: DBG:CMD:       generate_json is_phase_csynth=1 g_has_adaptors=false generate_bd_files=1 #modelList=115 #gSsdmPorts=30
Execute         source C:/Xilinx/Vitis_HLS/2020.2/tps/tcl/tcllib1.11.1/fileutil/fileutil.tcl 
Execute         source C:/Users/lxl/Documents/vitis_hls_ws/Project/Project/hls_project/solution1/.autopilot/db/global.setting.tcl 
Execute         source C:/Users/lxl/Documents/vitis_hls_ws/Project/Project/hls_project/solution1/.autopilot/db/global.setting.tcl 
Execute         source C:/Users/lxl/Documents/vitis_hls_ws/Project/Project/hls_project/solution1/.autopilot/db/top-io-be.tcl 
Execute         source C:/Users/lxl/Documents/vitis_hls_ws/Project/Project/hls_project/solution1/.autopilot/db/ORB_accel.tbgen.tcl 
Execute         source C:/Users/lxl/Documents/vitis_hls_ws/Project/Project/hls_project/solution1/.autopilot/db/ORB_accel.compgen.dataonly.tcl 
Execute         source C:/Users/lxl/Documents/vitis_hls_ws/Project/Project/hls_project/solution1/.autopilot/db/ORB_accel.compgen.dataonly.tcl 
Execute         source C:/Users/lxl/Documents/vitis_hls_ws/Project/Project/hls_project/solution1/.autopilot/db/ORB_accel.rtl_wrap.cfg.tcl 
Execute         source C:/Users/lxl/Documents/vitis_hls_ws/Project/Project/hls_project/solution1/.autopilot/db/ORB_accel.compgen.dataonly.tcl 
Execute         get_config_export -format 
Execute         ap_part_info -name xczu7ev-ffvc1156-2-e -data names -quiet 
Execute         ap_part_info -name xczu7ev-ffvc1156-2-e -data info -quiet 
Execute         source C:/Users/lxl/Documents/vitis_hls_ws/Project/Project/hls_project/solution1/.autopilot/db/process_ORB_8_0_1080_1920_1_entry57.tbgen.tcl 
Execute         source C:/Users/lxl/Documents/vitis_hls_ws/Project/Project/hls_project/solution1/.autopilot/db/process_ORB_8_0_1080_1920_1_Block_split1_proc.tbgen.tcl 
Execute         source C:/Users/lxl/Documents/vitis_hls_ws/Project/Project/hls_project/solution1/.autopilot/db/process_input_8_0_1080_1920_1_s.tbgen.tcl 
Execute         source C:/Users/lxl/Documents/vitis_hls_ws/Project/Project/hls_project/solution1/.autopilot/db/process_stream2xfMat_8_0_1080_1920_1_s.tbgen.tcl 
Execute         source C:/Users/lxl/Documents/vitis_hls_ws/Project/Project/hls_project/solution1/.autopilot/db/xfUDivResize.tbgen.tcl 
Execute         source C:/Users/lxl/Documents/vitis_hls_ws/Project/Project/hls_project/solution1/.autopilot/db/scaleCompute_17_42_20_48_16_1_s.tbgen.tcl 
Execute         source C:/Users/lxl/Documents/vitis_hls_ws/Project/Project/hls_project/solution1/.autopilot/db/resizeNNBilinear_0_1080_1920_1_1080_1920_1_8_s.tbgen.tcl 
Execute         source C:/Users/lxl/Documents/vitis_hls_ws/Project/Project/hls_project/solution1/.autopilot/db/resize_1_0_1080_1920_1080_1920_1_8_s.tbgen.tcl 
Execute         source C:/Users/lxl/Documents/vitis_hls_ws/Project/Project/hls_project/solution1/.autopilot/db/process_resize_8_0_1080_1920_1_s.tbgen.tcl 
Execute         source C:/Users/lxl/Documents/vitis_hls_ws/Project/Project/hls_project/solution1/.autopilot/db/process_xfMat2stream_8_0_1080_1920_1_s.tbgen.tcl 
Execute         source C:/Users/lxl/Documents/vitis_hls_ws/Project/Project/hls_project/solution1/.autopilot/db/process_blur_8_0_1080_1920_1_s.tbgen.tcl 
Execute         source C:/Users/lxl/Documents/vitis_hls_ws/Project/Project/hls_project/solution1/.autopilot/db/fast_score.tbgen.tcl 
Execute         source C:/Users/lxl/Documents/vitis_hls_ws/Project/Project/hls_project/solution1/.autopilot/db/process_fast_8_1080_1920_1_s.tbgen.tcl 
Execute         source C:/Users/lxl/Documents/vitis_hls_ws/Project/Project/hls_project/solution1/.autopilot/db/process_nms_8_1080_1920_1_s.tbgen.tcl 
Execute         source C:/Users/lxl/Documents/vitis_hls_ws/Project/Project/hls_project/solution1/.autopilot/db/generic_atan2_20_20_s.tbgen.tcl 
Execute         source C:/Users/lxl/Documents/vitis_hls_ws/Project/Project/hls_project/solution1/.autopilot/db/round_fixed_16_9_s.tbgen.tcl 
Execute         source C:/Users/lxl/Documents/vitis_hls_ws/Project/Project/hls_project/solution1/.autopilot/db/descriptor.tbgen.tcl 
Execute         source C:/Users/lxl/Documents/vitis_hls_ws/Project/Project/hls_project/solution1/.autopilot/db/process_rBRIEF_8_1080_1920_s.tbgen.tcl 
Execute         source C:/Users/lxl/Documents/vitis_hls_ws/Project/Project/hls_project/solution1/.autopilot/db/process_output_8_0_1080_1920_1_s.tbgen.tcl 
Execute         source C:/Users/lxl/Documents/vitis_hls_ws/Project/Project/hls_project/solution1/.autopilot/db/process_ORB_8_0_1080_1920_1_s.tbgen.tcl 
Execute         source C:/Users/lxl/Documents/vitis_hls_ws/Project/Project/hls_project/solution1/.autopilot/db/ORB_accel.tbgen.tcl 
Execute         source C:/Users/lxl/Documents/vitis_hls_ws/Project/Project/hls_project/solution1/.autopilot/db/global.setting.tcl 
Execute         ap_part_info -name xczu7ev-ffvc1156-2-e -data names -quiet 
Execute         ap_part_info -name xczu7ev-ffvc1156-2-e -data info -quiet 
Execute         get_solution -flow_target 
Execute         get_config_rtl -kernel_profile 
Execute         get_config_rtl -kernel_profile 
Execute         get_config_rtl -stall_sig_gen 
Execute         get_config_rtl -profile 
Execute         source C:/Users/lxl/Documents/vitis_hls_ws/Project/Project/hls_project/solution1/.autopilot/db/ORB_accel.constraint.tcl 
Execute         sc_get_clocks ORB_accel 
Execute         source C:/Users/lxl/Documents/vitis_hls_ws/Project/Project/hls_project/solution1/.autopilot/db/global.setting.tcl 
Execute         get_config_debug -directory 
INFO-FLOW: DBG:CMD:       delete-temp-dirs (skipped for debug)
INFO: [HLS 200-111] Finished Generating all RTL models: CPU user time: 9 seconds. CPU system time: 1 seconds. Elapsed time: 24.599 seconds; current allocated memory: 1.082 GB.
INFO: [VHDL 208-304] Generating VHDL RTL for ORB_accel.
INFO: [VLOG 209-307] Generating Verilog RTL for ORB_accel.
INFO-FLOW: DBG:CMD:       update_csynth_xml_report append design.xml content design_xml=C:/Users/lxl/Documents/vitis_hls_ws/Project/Project/hls_project/solution1/.autopilot/db/ORB_accel.design.xml
INFO-FLOW: DBG:CMD:       update_csynth_xml_report json2reportxml
INFO-FLOW: DBG:CMD:       update_csynth_xml_report done
Execute         syn_report -model ORB_accel -printsummary 
INFO: [HLS 200-790] **** Loop Constraint Status: All loop constraints were satisfied.
INFO: [HLS 200-789] **** Estimated Fmax: 137.48 MHz
Command       autosyn done; 164.702 sec.
Command     csynth_design done; 454.601 sec.
INFO: [HLS 200-111] Finished Command csynth_design CPU user time: 181 seconds. CPU system time: 4 seconds. Elapsed time: 454.887 seconds; current allocated memory: 1.092 GB.
Execute     export_design 
INFO: [HLS 200-1510] Running: export_design 
Execute       get_config_export -clock_margin 
Execute       get_config_export -custom_script 
Execute       get_config_export -description 
Execute       get_config_export -display_name 
Execute       get_config_export -driver_input_dir 
Execute       get_config_export -format 
Execute       get_config_export -ipname 
Execute       get_config_export -library 
Execute       get_config_export -output 
Execute       get_config_export -qor_test 
Execute       get_config_export -rtl 
Execute       get_config_export -sim 
Execute       get_config_export -taxonomy 
Execute       get_config_export -use_ip 
Execute       get_config_export -use_netlist 
Execute       get_config_export -vendor 
Execute       get_config_export -version 
Execute       get_config_export -xo 
INFO-FLOW: DBG:CMD: export_design_wrap: -format ip_catalog -rtl verilog
Execute       source C:/Users/lxl/Documents/vitis_hls_ws/Project/Project/hls_project/solution1/.autopilot/db/global.setting.tcl 
Execute       get_config_export -vivado_clock 
Execute       get_top 
Execute       get_config_export -ipname 
Execute       get_config_export -xo 
Execute       get_config_export -format 
Execute       get_config_rtl -module_auto_prefix 
INFO-FLOW: DBG:CMD:   auto_impl: set ipname to top (module_auto_prefix): ORB_accel
Execute       get_solution -flow_target 
Execute       get_config_export -xo 
Execute       get_config_export -format 
INFO-FLOW: DBG:CMD:   auto_impl: pack: -export -rtl verilog
Execute       source C:/Users/lxl/Documents/vitis_hls_ws/Project/Project/hls_project/solution1/.autopilot/db/global.setting.tcl 
INFO: [IMPL 213-8] Exporting RTL as a Vivado IP.
Execute       source C:/Users/lxl/Documents/vitis_hls_ws/Project/Project/hls_project/solution1/.autopilot/db/global.setting.tcl 
INFO-FLOW: DBG:CMD: automg_wrap -export -pcore_version 1.00.a -rtl vlog -tool Vivado -impltomg_flag
INFO-FLOW: DBG:CMD:     auto_generate -export -pcore_version 1.00.a -rtl vlog -tool Vivado -impltomg_flag
Execute       get_solution -flow_target 
Execute       get_config_export -xo 
Execute       get_config_export -format 
Execute       source C:/Users/lxl/Documents/vitis_hls_ws/Project/Project/hls_project/solution1/.autopilot/db/global.setting.tcl 
INFO-FLOW: DBG:CMD: read_platform_lib C:/Users/lxl/Documents/vitis_hls_ws/Project/Project/hls_project/solution1/.autopilot/db/global.setting.tcl
Execute       source C:/Xilinx/Vitis_HLS/2020.2/common/technology/generic/autopilot/common.gen 
Execute         source C:/Xilinx/Vitis_HLS/2020.2/common/technology/generic/autopilot/APCoreGen.gen 
Execute       source C:/Xilinx/Vitis_HLS/2020.2/common/technology/generic/autopilot/op.gen 
Execute       source C:/Xilinx/Vitis_HLS/2020.2/common/technology/generic/autopilot/op_simcore.gen 
Execute       source C:/Xilinx/Vitis_HLS/2020.2/common/technology/generic/autopilot/interface.gen 
Execute       source C:/Users/lxl/Documents/vitis_hls_ws/Project/Project/hls_project/solution1/.autopilot/db/global.setting.tcl 
Execute       source C:/Xilinx/Vitis_HLS/2020.2/common/technology/xilinx/common/xilinx.gen 
Execute         source C:/Xilinx/Vitis_HLS/2020.2/common/technology/xilinx/interface/plb46.gen 
Execute         source C:/Xilinx/Vitis_HLS/2020.2/common/technology/xilinx/interface/axi4.gen 
Execute         source C:/Xilinx/Vitis_HLS/2020.2/common/technology/xilinx/interface/nativeAXI4.gen 
Execute           source C:/Xilinx/Vitis_HLS/2020.2/common/technology/xilinx/interface/saxilite.gen 
Execute           source C:/Xilinx/Vitis_HLS/2020.2/common/technology/xilinx/interface/maxi.gen 
Execute         source C:/Xilinx/Vitis_HLS/2020.2/common/technology/xilinx/scripts/xilinxcoregen.gen 
Execute         source C:/Xilinx/Vitis_HLS/2020.2/common/technology/xilinx/interface/XilEDKCoreGen.gen 
Execute         source C:/Xilinx/Vitis_HLS/2020.2/common/technology/xilinx/ip/dds_compiler.gen 
Execute         source C:/Xilinx/Vitis_HLS/2020.2/common/technology/xilinx/ip/util.gen 
Execute         source C:/Xilinx/Vitis_HLS/2020.2/common/technology/xilinx/ip/xfft.gen 
Execute         source C:/Xilinx/Vitis_HLS/2020.2/common/technology/xilinx/ip/xfir.gen 
Execute         source C:/Xilinx/Vitis_HLS/2020.2/common/technology/xilinx/DSP48/dsp48.gen 
Command       ap_source done; 0.101 sec.
INFO-FLOW: DBG:CMD:       export_impl_rtl
INFO-FLOW: DBG:CMD:       generate_ip_cores sim=0 export=0 expOnly=0 dstVlogDir=impl/.verilog
Execute       source C:/Users/lxl/Documents/vitis_hls_ws/Project/Project/hls_project/solution1/.autopilot/db/global.setting.tcl 
Execute       source C:/Users/lxl/Documents/vitis_hls_ws/Project/Project/hls_project/solution1/.autopilot/db/process_ORB_8_0_1080_1920_1_entry57.compgen.tcl 
Execute       source C:/Users/lxl/Documents/vitis_hls_ws/Project/Project/hls_project/solution1/.autopilot/db/process_ORB_8_0_1080_1920_1_Block_split1_proc.compgen.tcl 
Execute       source C:/Users/lxl/Documents/vitis_hls_ws/Project/Project/hls_project/solution1/.autopilot/db/process_input_8_0_1080_1920_1_s.compgen.tcl 
Execute       source C:/Users/lxl/Documents/vitis_hls_ws/Project/Project/hls_project/solution1/.autopilot/db/process_stream2xfMat_8_0_1080_1920_1_s.compgen.tcl 
Execute       source C:/Users/lxl/Documents/vitis_hls_ws/Project/Project/hls_project/solution1/.autopilot/db/xfUDivResize.compgen.tcl 
Execute       source C:/Users/lxl/Documents/vitis_hls_ws/Project/Project/hls_project/solution1/.autopilot/db/scaleCompute_17_42_20_48_16_1_s.compgen.tcl 
Execute       source C:/Users/lxl/Documents/vitis_hls_ws/Project/Project/hls_project/solution1/.autopilot/db/resizeNNBilinear_0_1080_1920_1_1080_1920_1_8_s.compgen.tcl 
Execute       source C:/Users/lxl/Documents/vitis_hls_ws/Project/Project/hls_project/solution1/.autopilot/db/resize_1_0_1080_1920_1080_1920_1_8_s.compgen.tcl 
Execute       source C:/Users/lxl/Documents/vitis_hls_ws/Project/Project/hls_project/solution1/.autopilot/db/process_resize_8_0_1080_1920_1_s.compgen.tcl 
Execute       source C:/Users/lxl/Documents/vitis_hls_ws/Project/Project/hls_project/solution1/.autopilot/db/process_xfMat2stream_8_0_1080_1920_1_s.compgen.tcl 
Execute       source C:/Users/lxl/Documents/vitis_hls_ws/Project/Project/hls_project/solution1/.autopilot/db/process_blur_8_0_1080_1920_1_s.compgen.tcl 
Execute       source C:/Users/lxl/Documents/vitis_hls_ws/Project/Project/hls_project/solution1/.autopilot/db/fast_score.compgen.tcl 
Execute       source C:/Users/lxl/Documents/vitis_hls_ws/Project/Project/hls_project/solution1/.autopilot/db/process_fast_8_1080_1920_1_s.compgen.tcl 
Execute       source C:/Users/lxl/Documents/vitis_hls_ws/Project/Project/hls_project/solution1/.autopilot/db/process_nms_8_1080_1920_1_s.compgen.tcl 
Execute       source C:/Users/lxl/Documents/vitis_hls_ws/Project/Project/hls_project/solution1/.autopilot/db/generic_atan2_20_20_s.compgen.tcl 
Execute       source C:/Users/lxl/Documents/vitis_hls_ws/Project/Project/hls_project/solution1/.autopilot/db/round_fixed_16_9_s.compgen.tcl 
Execute       source C:/Users/lxl/Documents/vitis_hls_ws/Project/Project/hls_project/solution1/.autopilot/db/descriptor.compgen.tcl 
Execute       source C:/Users/lxl/Documents/vitis_hls_ws/Project/Project/hls_project/solution1/.autopilot/db/process_rBRIEF_8_1080_1920_s.compgen.tcl 
Execute       source C:/Users/lxl/Documents/vitis_hls_ws/Project/Project/hls_project/solution1/.autopilot/db/process_output_8_0_1080_1920_1_s.compgen.tcl 
Execute       source C:/Users/lxl/Documents/vitis_hls_ws/Project/Project/hls_project/solution1/.autopilot/db/process_ORB_8_0_1080_1920_1_s.compgen.tcl 
Execute       source C:/Users/lxl/Documents/vitis_hls_ws/Project/Project/hls_project/solution1/.autopilot/db/ORB_accel.compgen.tcl 
Execute       get_config_export -disable_deadlock_detection 
Execute       source C:/Users/lxl/Documents/vitis_hls_ws/Project/Project/hls_project/solution1/.autopilot/db/global.setting.tcl 
Execute       source C:/Users/lxl/Documents/vitis_hls_ws/Project/Project/hls_project/solution1/.autopilot/db/ORB_accel.tbgen.tcl 
Execute       get_config_rtl -module_prefix 
INFO-FLOW: DBG:CMD:       cosim_export_main adding deadlock detection to ORB_accel
INFO-FLOW: DBG:CMD:       generate_ip_cores sim=0 export=1 expOnly=1 dstVlogDir=impl/.pcores/verilog
Execute       source C:/Users/lxl/Documents/vitis_hls_ws/Project/Project/hls_project/solution1/.autopilot/db/global.setting.tcl 
Execute       source C:/Users/lxl/Documents/vitis_hls_ws/Project/Project/hls_project/solution1/.autopilot/db/process_ORB_8_0_1080_1920_1_entry57.compgen.tcl 
Execute       source C:/Users/lxl/Documents/vitis_hls_ws/Project/Project/hls_project/solution1/.autopilot/db/process_ORB_8_0_1080_1920_1_Block_split1_proc.compgen.tcl 
Execute       source C:/Users/lxl/Documents/vitis_hls_ws/Project/Project/hls_project/solution1/.autopilot/db/process_input_8_0_1080_1920_1_s.compgen.tcl 
Execute       source C:/Users/lxl/Documents/vitis_hls_ws/Project/Project/hls_project/solution1/.autopilot/db/process_stream2xfMat_8_0_1080_1920_1_s.compgen.tcl 
Execute       source C:/Users/lxl/Documents/vitis_hls_ws/Project/Project/hls_project/solution1/.autopilot/db/xfUDivResize.compgen.tcl 
Execute       source C:/Users/lxl/Documents/vitis_hls_ws/Project/Project/hls_project/solution1/.autopilot/db/scaleCompute_17_42_20_48_16_1_s.compgen.tcl 
Execute       source C:/Users/lxl/Documents/vitis_hls_ws/Project/Project/hls_project/solution1/.autopilot/db/resizeNNBilinear_0_1080_1920_1_1080_1920_1_8_s.compgen.tcl 
Execute       source C:/Users/lxl/Documents/vitis_hls_ws/Project/Project/hls_project/solution1/.autopilot/db/resize_1_0_1080_1920_1080_1920_1_8_s.compgen.tcl 
Execute       source C:/Users/lxl/Documents/vitis_hls_ws/Project/Project/hls_project/solution1/.autopilot/db/process_resize_8_0_1080_1920_1_s.compgen.tcl 
Execute       source C:/Users/lxl/Documents/vitis_hls_ws/Project/Project/hls_project/solution1/.autopilot/db/process_xfMat2stream_8_0_1080_1920_1_s.compgen.tcl 
Execute       source C:/Users/lxl/Documents/vitis_hls_ws/Project/Project/hls_project/solution1/.autopilot/db/process_blur_8_0_1080_1920_1_s.compgen.tcl 
Execute       source C:/Users/lxl/Documents/vitis_hls_ws/Project/Project/hls_project/solution1/.autopilot/db/fast_score.compgen.tcl 
Execute       source C:/Users/lxl/Documents/vitis_hls_ws/Project/Project/hls_project/solution1/.autopilot/db/process_fast_8_1080_1920_1_s.compgen.tcl 
Execute       source C:/Users/lxl/Documents/vitis_hls_ws/Project/Project/hls_project/solution1/.autopilot/db/process_nms_8_1080_1920_1_s.compgen.tcl 
Execute       source C:/Users/lxl/Documents/vitis_hls_ws/Project/Project/hls_project/solution1/.autopilot/db/generic_atan2_20_20_s.compgen.tcl 
Execute       source C:/Users/lxl/Documents/vitis_hls_ws/Project/Project/hls_project/solution1/.autopilot/db/round_fixed_16_9_s.compgen.tcl 
Execute       source C:/Users/lxl/Documents/vitis_hls_ws/Project/Project/hls_project/solution1/.autopilot/db/descriptor.compgen.tcl 
Execute       source C:/Users/lxl/Documents/vitis_hls_ws/Project/Project/hls_project/solution1/.autopilot/db/process_rBRIEF_8_1080_1920_s.compgen.tcl 
Execute       source C:/Users/lxl/Documents/vitis_hls_ws/Project/Project/hls_project/solution1/.autopilot/db/process_output_8_0_1080_1920_1_s.compgen.tcl 
Execute       source C:/Users/lxl/Documents/vitis_hls_ws/Project/Project/hls_project/solution1/.autopilot/db/process_ORB_8_0_1080_1920_1_s.compgen.tcl 
Execute       source C:/Users/lxl/Documents/vitis_hls_ws/Project/Project/hls_project/solution1/.autopilot/db/ORB_accel.compgen.tcl 
Execute         ap_part_info -name xczu7ev-ffvc1156-2-e -data names -quiet 
Execute         ap_part_info -name xczu7ev-ffvc1156-2-e -data info -quiet 
Execute         ap_part_info -name xczu7ev-ffvc1156-2-e -data names -quiet 
Execute         ap_part_info -name xczu7ev-ffvc1156-2-e -data info -quiet 
Execute         ap_part_info -name xczu7ev-ffvc1156-2-e -data names -quiet 
Execute         ap_part_info -name xczu7ev-ffvc1156-2-e -data info -quiet 
Execute         ap_part_info -name xczu7ev-ffvc1156-2-e -data names -quiet 
Execute         ap_part_info -name xczu7ev-ffvc1156-2-e -data info -quiet 
Execute         ap_part_info -name xczu7ev-ffvc1156-2-e -data names -quiet 
Execute         ap_part_info -name xczu7ev-ffvc1156-2-e -data info -quiet 
Execute         ap_part_info -name xczu7ev-ffvc1156-2-e -data names -quiet 
Execute         ap_part_info -name xczu7ev-ffvc1156-2-e -data info -quiet 
Execute         ap_part_info -name xczu7ev-ffvc1156-2-e -data names -quiet 
Execute         ap_part_info -name xczu7ev-ffvc1156-2-e -data info -quiet 
Command       ap_source done; 0.254 sec.
Execute       ap_part_info -name xczu7ev-ffvc1156-2-e -data names -quiet 
Execute       ap_part_info -name xczu7ev-ffvc1156-2-e -data info -quiet 
INFO-FLOW: DBG:CMD:       generate_ip_cores sim=0 export=0 expOnly=0 dstVlogDir=impl/.pcores/verilog_sim
Execute       source C:/Users/lxl/Documents/vitis_hls_ws/Project/Project/hls_project/solution1/.autopilot/db/global.setting.tcl 
Execute       source C:/Users/lxl/Documents/vitis_hls_ws/Project/Project/hls_project/solution1/.autopilot/db/process_ORB_8_0_1080_1920_1_entry57.compgen.tcl 
Execute       source C:/Users/lxl/Documents/vitis_hls_ws/Project/Project/hls_project/solution1/.autopilot/db/process_ORB_8_0_1080_1920_1_Block_split1_proc.compgen.tcl 
Execute       source C:/Users/lxl/Documents/vitis_hls_ws/Project/Project/hls_project/solution1/.autopilot/db/process_input_8_0_1080_1920_1_s.compgen.tcl 
Execute       source C:/Users/lxl/Documents/vitis_hls_ws/Project/Project/hls_project/solution1/.autopilot/db/process_stream2xfMat_8_0_1080_1920_1_s.compgen.tcl 
Execute       source C:/Users/lxl/Documents/vitis_hls_ws/Project/Project/hls_project/solution1/.autopilot/db/xfUDivResize.compgen.tcl 
Execute       source C:/Users/lxl/Documents/vitis_hls_ws/Project/Project/hls_project/solution1/.autopilot/db/scaleCompute_17_42_20_48_16_1_s.compgen.tcl 
Execute       source C:/Users/lxl/Documents/vitis_hls_ws/Project/Project/hls_project/solution1/.autopilot/db/resizeNNBilinear_0_1080_1920_1_1080_1920_1_8_s.compgen.tcl 
Execute       source C:/Users/lxl/Documents/vitis_hls_ws/Project/Project/hls_project/solution1/.autopilot/db/resize_1_0_1080_1920_1080_1920_1_8_s.compgen.tcl 
Execute       source C:/Users/lxl/Documents/vitis_hls_ws/Project/Project/hls_project/solution1/.autopilot/db/process_resize_8_0_1080_1920_1_s.compgen.tcl 
Execute       source C:/Users/lxl/Documents/vitis_hls_ws/Project/Project/hls_project/solution1/.autopilot/db/process_xfMat2stream_8_0_1080_1920_1_s.compgen.tcl 
Execute       source C:/Users/lxl/Documents/vitis_hls_ws/Project/Project/hls_project/solution1/.autopilot/db/process_blur_8_0_1080_1920_1_s.compgen.tcl 
Execute       source C:/Users/lxl/Documents/vitis_hls_ws/Project/Project/hls_project/solution1/.autopilot/db/fast_score.compgen.tcl 
Execute       source C:/Users/lxl/Documents/vitis_hls_ws/Project/Project/hls_project/solution1/.autopilot/db/process_fast_8_1080_1920_1_s.compgen.tcl 
Execute       source C:/Users/lxl/Documents/vitis_hls_ws/Project/Project/hls_project/solution1/.autopilot/db/process_nms_8_1080_1920_1_s.compgen.tcl 
Execute       source C:/Users/lxl/Documents/vitis_hls_ws/Project/Project/hls_project/solution1/.autopilot/db/generic_atan2_20_20_s.compgen.tcl 
Execute       source C:/Users/lxl/Documents/vitis_hls_ws/Project/Project/hls_project/solution1/.autopilot/db/round_fixed_16_9_s.compgen.tcl 
Execute       source C:/Users/lxl/Documents/vitis_hls_ws/Project/Project/hls_project/solution1/.autopilot/db/descriptor.compgen.tcl 
Execute       source C:/Users/lxl/Documents/vitis_hls_ws/Project/Project/hls_project/solution1/.autopilot/db/process_rBRIEF_8_1080_1920_s.compgen.tcl 
Execute       source C:/Users/lxl/Documents/vitis_hls_ws/Project/Project/hls_project/solution1/.autopilot/db/process_output_8_0_1080_1920_1_s.compgen.tcl 
Execute       source C:/Users/lxl/Documents/vitis_hls_ws/Project/Project/hls_project/solution1/.autopilot/db/process_ORB_8_0_1080_1920_1_s.compgen.tcl 
Execute       source C:/Users/lxl/Documents/vitis_hls_ws/Project/Project/hls_project/solution1/.autopilot/db/ORB_accel.compgen.tcl 
Execute       get_config_export -disable_deadlock_detection 
Execute       source C:/Users/lxl/Documents/vitis_hls_ws/Project/Project/hls_project/solution1/.autopilot/db/global.setting.tcl 
Execute       source C:/Users/lxl/Documents/vitis_hls_ws/Project/Project/hls_project/solution1/.autopilot/db/ORB_accel.tbgen.tcl 
Execute       get_config_rtl -module_prefix 
INFO-FLOW: DBG:CMD:       cosim_export_main adding deadlock detection to ORB_accel
Execute       ap_part_info -name xczu7ev-ffvc1156-2-e -data names -quiet 
Execute       ap_part_info -name xczu7ev-ffvc1156-2-e -data info -quiet 
Execute       ap_part_info -name xczu7ev-ffvc1156-2-e -data names -quiet 
Execute       ap_part_info -name xczu7ev-ffvc1156-2-e -data info -quiet 
Execute       source C:/Users/lxl/Documents/vitis_hls_ws/Project/Project/hls_project/solution1/.autopilot/db/global.setting.tcl 
Execute       ap_part_info -name xczu7ev-ffvc1156-2-e -data names -quiet 
Execute       ap_part_info -name xczu7ev-ffvc1156-2-e -data info -quiet 
Execute       source C:/Users/lxl/Documents/vitis_hls_ws/Project/Project/hls_project/solution1/.autopilot/db/ORB_accel.constraint.tcl 
Execute       source C:/Users/lxl/Documents/vitis_hls_ws/Project/Project/hls_project/solution1/.autopilot/db/ORB_accel.tbgen.tcl 
INFO-FLOW: DBG:CMD:       hasPcoreIpAdapter=false #gSsdmPorts=30
INFO-FLOW: DBG:CMD:       copying IP vlog from C:/Users/lxl/Documents/vitis_hls_ws/Project/Project/hls_project/solution1/impl/verilog
INFO-FLOW: DBG:CMD:       copying IP vhdl from C:/Users/lxl/Documents/vitis_hls_ws/Project/Project/hls_project/solution1/impl/vhdl
INFO-FLOW: DBG:CMD:       copy ip_driver_dir 1_0 C:/Users/lxl/Documents/vitis_hls_ws/Project/Project/hls_project/solution1/.autopilot/db/driver
Execute       get_config_export -format 
INFO-FLOW: DBG:CMD:       generate_ip_script #gSsdmPorts=30 g_lang=vlog is_sdaccel=false is_sdsoc=true xo_file=
Execute       ap_part_info -name xczu7ev-ffvc1156-2-e -data names -quiet 
Execute       ap_part_info -name xczu7ev-ffvc1156-2-e -data info -quiet 
Execute       ap_part_info -name xczu7ev-ffvc1156-2-e -data names -quiet 
Execute       ap_part_info -name xczu7ev-ffvc1156-2-e -data info -quiet 
Execute       source C:/Users/lxl/Documents/vitis_hls_ws/Project/Project/hls_project/solution1/.autopilot/db/ORB_accel.compgen.dataonly.tcl 
Execute       source C:/Users/lxl/Documents/vitis_hls_ws/Project/Project/hls_project/solution1/.autopilot/db/ORB_accel.compgen.dataonly.tcl 
Execute       source C:/Users/lxl/Documents/vitis_hls_ws/Project/Project/hls_project/solution1/.autopilot/db/ORB_accel.tbgen.tcl 
Execute       source C:/Users/lxl/Documents/vitis_hls_ws/Project/Project/hls_project/solution1/.autopilot/db/ORB_accel.tbgen.tcl 
Execute       source C:/Users/lxl/Documents/vitis_hls_ws/Project/Project/hls_project/solution1/.autopilot/db/ORB_accel.tbgen.tcl 
Execute       source C:/Users/lxl/Documents/vitis_hls_ws/Project/Project/hls_project/solution1/.autopilot/db/ORB_accel.tbgen.tcl 
Execute       source C:/Users/lxl/Documents/vitis_hls_ws/Project/Project/hls_project/solution1/.autopilot/db/ORB_accel.tbgen.tcl 
Execute       source C:/Users/lxl/Documents/vitis_hls_ws/Project/Project/hls_project/solution1/.autopilot/db/ORB_accel.tbgen.tcl 
Execute       source C:/Users/lxl/Documents/vitis_hls_ws/Project/Project/hls_project/solution1/.autopilot/db/ORB_accel.tbgen.tcl 
Execute       source C:/Users/lxl/Documents/vitis_hls_ws/Project/Project/hls_project/solution1/.autopilot/db/ORB_accel.tbgen.tcl 
Execute       source C:/Users/lxl/Documents/vitis_hls_ws/Project/Project/hls_project/solution1/.autopilot/db/global.setting.tcl 
Execute       get_config_debug -directory 
INFO-FLOW: DBG:CMD:       generate_ip_auxiliary
Execute       ap_part_info -name xczu7ev-ffvc1156-2-e -data names -quiet 
Execute       ap_part_info -name xczu7ev-ffvc1156-2-e -data info -quiet 
Execute       source C:/Users/lxl/Documents/vitis_hls_ws/Project/Project/hls_project/solution1/.autopilot/db/global.setting.tcl 
INFO-FLOW: DBG:CMD:       prepArgInfo -> loadAnalyze_DB top_module=ORB_accel
Execute       source C:/Users/lxl/Documents/vitis_hls_ws/Project/Project/hls_project/solution1/.autopilot/db/ORB_accel.rtl_wrap.cfg.tcl 
Execute       source C:/Users/lxl/Documents/vitis_hls_ws/Project/Project/hls_project/solution1/.autopilot/db/ORB_accel.rtl_wrap.cfg.tcl 
Execute       source C:/Users/lxl/Documents/vitis_hls_ws/Project/Project/hls_project/solution1/.autopilot/db/ORB_accel.rtl_wrap.cfg.tcl 
Execute       source C:/Users/lxl/Documents/vitis_hls_ws/Project/Project/hls_project/solution1/.autopilot/db/ORB_accel.tbgen.tcl 
Execute       source C:/Users/lxl/Documents/vitis_hls_ws/Project/Project/hls_project/solution1/.autopilot/db/ORB_accel.tbgen.tcl 
Execute       source C:/Users/lxl/Documents/vitis_hls_ws/Project/Project/hls_project/solution1/.autopilot/db/ORB_accel.tbgen.tcl 
INFO-FLOW: DBG:CMD:       generate_top_info
INFO-FLOW: DBG:CMD:       prepArgInfo -> loadAnalyze_DB top_module=ORB_accel
Execute       source C:/Users/lxl/Documents/vitis_hls_ws/Project/Project/hls_project/solution1/.autopilot/db/ORB_accel.rtl_wrap.cfg.tcl 
Execute       source C:/Users/lxl/Documents/vitis_hls_ws/Project/Project/hls_project/solution1/.autopilot/db/ORB_accel.rtl_wrap.cfg.tcl 
Execute       source C:/Users/lxl/Documents/vitis_hls_ws/Project/Project/hls_project/solution1/.autopilot/db/ORB_accel.rtl_wrap.cfg.tcl 
Execute       source C:/Users/lxl/Documents/vitis_hls_ws/Project/Project/hls_project/solution1/.autopilot/db/ORB_accel.tbgen.tcl 
Execute       source C:/Users/lxl/Documents/vitis_hls_ws/Project/Project/hls_project/solution1/.autopilot/db/ORB_accel.tbgen.tcl 
Execute       ap_part_info -name xczu7ev-ffvc1156-2-e -data names -quiet 
Execute       ap_part_info -name xczu7ev-ffvc1156-2-e -data info -quiet 
Execute       source C:/Users/lxl/Documents/vitis_hls_ws/Project/Project/hls_project/solution1/.autopilot/db/global.setting.tcl 
Execute       ap_part_info -name xczu7ev-ffvc1156-2-e -data names -quiet 
Execute       ap_part_info -name xczu7ev-ffvc1156-2-e -data info -quiet 
INFO-FLOW: DBG:CMD:       generate_ip_bd_script
Execute       ap_part_info -name xczu7ev-ffvc1156-2-e -data names -quiet 
Execute       ap_part_info -name xczu7ev-ffvc1156-2-e -data info -quiet 
Execute       ap_part_info -name xczu7ev-ffvc1156-2-e -data names -quiet 
Execute       ap_part_info -name xczu7ev-ffvc1156-2-e -data info -quiet 
Execute       source C:/Users/lxl/Documents/vitis_hls_ws/Project/Project/hls_project/solution1/.autopilot/db/ORB_accel.tbgen.tcl 
Execute       source C:/Users/lxl/Documents/vitis_hls_ws/Project/Project/hls_project/solution1/.autopilot/db/global.setting.tcl 
Execute       source C:/Users/lxl/Documents/vitis_hls_ws/Project/Project/hls_project/solution1/.autopilot/db/ORB_accel.constraint.tcl 
INFO-FLOW: DBG:CMD:       generate_ipi_example_script
Execute       ap_part_info -name xczu7ev-ffvc1156-2-e -data names -quiet 
Execute       ap_part_info -name xczu7ev-ffvc1156-2-e -data info -quiet 
Execute       ap_part_info -name xczu7ev-ffvc1156-2-e -data names -quiet 
Execute       ap_part_info -name xczu7ev-ffvc1156-2-e -data info -quiet 
INFO-FLOW: DBG:CMD:       generate_syn_sh
Execute       ap_part_info -name xczu7ev-ffvc1156-2-e -data names -quiet 
Execute       ap_part_info -name xczu7ev-ffvc1156-2-e -data info -quiet 
Execute       source C:/Users/lxl/Documents/vitis_hls_ws/Project/Project/hls_project/solution1/.autopilot/db/global.setting.tcl 
INFO-FLOW: DBG:CMD:       generate_imp_constraints
Execute       ap_part_info -name xczu7ev-ffvc1156-2-e -data names -quiet 
Execute       ap_part_info -name xczu7ev-ffvc1156-2-e -data info -quiet 
Execute       source C:/Users/lxl/Documents/vitis_hls_ws/Project/Project/hls_project/solution1/.autopilot/db/ORB_accel.constraint.tcl 
Execute       source C:/Users/lxl/Documents/vitis_hls_ws/Project/Project/hls_project/solution1/.autopilot/db/ORB_accel.tbgen.tcl 
INFO-FLOW: DBG:CMD:       delete-temp-dirs (skipped for debug)
Execute       ap_part_info -name xczu7ev-ffvc1156-2-e -data names -quiet 
Execute       ap_part_info -name xczu7ev-ffvc1156-2-e -data info -quiet 
INFO-FLOW: DBG:CMD: read_platform_lib C:/Users/lxl/Documents/vitis_hls_ws/Project/Project/hls_project/solution1/.autopilot/db/global.setting.tcl
Execute       source C:/Xilinx/Vitis_HLS/2020.2/common/technology/generic/autopilot/common.gen 
Execute         source C:/Xilinx/Vitis_HLS/2020.2/common/technology/generic/autopilot/APCoreGen.gen 
Execute       source C:/Xilinx/Vitis_HLS/2020.2/common/technology/generic/autopilot/op.gen 
Execute       source C:/Xilinx/Vitis_HLS/2020.2/common/technology/generic/autopilot/op_simcore.gen 
Execute       source C:/Xilinx/Vitis_HLS/2020.2/common/technology/generic/autopilot/interface.gen 
Execute       source C:/Users/lxl/Documents/vitis_hls_ws/Project/Project/hls_project/solution1/.autopilot/db/global.setting.tcl 
Execute       source C:/Xilinx/Vitis_HLS/2020.2/common/technology/xilinx/common/xilinx.gen 
Execute         source C:/Xilinx/Vitis_HLS/2020.2/common/technology/xilinx/interface/plb46.gen 
Execute         source C:/Xilinx/Vitis_HLS/2020.2/common/technology/xilinx/interface/axi4.gen 
Execute         source C:/Xilinx/Vitis_HLS/2020.2/common/technology/xilinx/interface/nativeAXI4.gen 
Execute           source C:/Xilinx/Vitis_HLS/2020.2/common/technology/xilinx/interface/saxilite.gen 
Execute           source C:/Xilinx/Vitis_HLS/2020.2/common/technology/xilinx/interface/maxi.gen 
Execute         source C:/Xilinx/Vitis_HLS/2020.2/common/technology/xilinx/scripts/xilinxcoregen.gen 
Execute         source C:/Xilinx/Vitis_HLS/2020.2/common/technology/xilinx/interface/XilEDKCoreGen.gen 
Execute         source C:/Xilinx/Vitis_HLS/2020.2/common/technology/xilinx/ip/dds_compiler.gen 
Execute         source C:/Xilinx/Vitis_HLS/2020.2/common/technology/xilinx/ip/util.gen 
Execute         source C:/Xilinx/Vitis_HLS/2020.2/common/technology/xilinx/ip/xfft.gen 
Execute         source C:/Xilinx/Vitis_HLS/2020.2/common/technology/xilinx/ip/xfir.gen 
Execute         source C:/Xilinx/Vitis_HLS/2020.2/common/technology/xilinx/DSP48/dsp48.gen 
Execute       ap_part_info -name xczu7ev-ffvc1156-2-e -data names -quiet 
Execute       ap_part_info -name xczu7ev-ffvc1156-2-e -data info -quiet 
INFO-FLOW: DBG:CMD:     exec C:/Users/lxl/Documents/vitis_hls_ws/Project/Project/hls_project/solution1/impl/ip/pack.bat
Execute       get_config_export -output 
Execute       send_msg_by_id INFO @200-802@%s hls_project/solution1/impl/export.zip 
INFO: [HLS 200-802] Generated output file hls_project/solution1/impl/export.zip
Command     export_design done; 19.613 sec.
INFO: [HLS 200-111] Finished Command export_design CPU user time: 4 seconds. CPU system time: 0 seconds. Elapsed time: 19.93 seconds; current allocated memory: 1.096 GB.
Execute     cleanup_all 
Command     cleanup_all done; 0.233 sec.
INFO-FLOW: Workspace C:/Users/lxl/Documents/vitis_hls_ws/Project/Project/hls_project/solution1 opened at Wed Jan 17 17:02:16 +0800 2024
Execute       ap_set_clock -name default -period 10 -unit ns -default=false 
INFO: [SYN 201-201] Setting up clock 'default' with a period of 10ns.
Execute       import_lib C:/Xilinx/Vitis_HLS/2020.2/common/technology/xilinx/zynquplus/zynquplus 
Execute         source C:/Xilinx/Vitis_HLS/2020.2/common/technology/xilinx/interface/xilinx_interface.hlp 
Execute           source C:/Xilinx/Vitis_HLS/2020.2/common/technology/xilinx/interface/maxi.hlp 
Execute           source C:/Xilinx/Vitis_HLS/2020.2/common/technology/xilinx/interface/saxilite.hlp 
Execute         source C:/Xilinx/Vitis_HLS/2020.2/common/technology/xilinx/DSP48/dsp48.hlp 
Execute       source C:/Xilinx/Vitis_HLS/2020.2/common/technology/xilinx/common/xilinx.gen 
Execute         source C:/Xilinx/Vitis_HLS/2020.2/common/technology/xilinx/interface/plb46.gen 
Execute         source C:/Xilinx/Vitis_HLS/2020.2/common/technology/xilinx/interface/axi4.gen 
Execute         source C:/Xilinx/Vitis_HLS/2020.2/common/technology/xilinx/interface/nativeAXI4.gen 
Execute           source C:/Xilinx/Vitis_HLS/2020.2/common/technology/xilinx/interface/saxilite.gen 
Execute           source C:/Xilinx/Vitis_HLS/2020.2/common/technology/xilinx/interface/maxi.gen 
Execute         source C:/Xilinx/Vitis_HLS/2020.2/common/technology/xilinx/scripts/xilinxcoregen.gen 
Execute         source C:/Xilinx/Vitis_HLS/2020.2/common/technology/xilinx/interface/XilEDKCoreGen.gen 
Execute         source C:/Xilinx/Vitis_HLS/2020.2/common/technology/xilinx/ip/dds_compiler.gen 
Execute         source C:/Xilinx/Vitis_HLS/2020.2/common/technology/xilinx/ip/util.gen 
Execute         source C:/Xilinx/Vitis_HLS/2020.2/common/technology/xilinx/ip/xfft.gen 
Execute         source C:/Xilinx/Vitis_HLS/2020.2/common/technology/xilinx/ip/xfir.gen 
Execute         source C:/Xilinx/Vitis_HLS/2020.2/common/technology/xilinx/DSP48/dsp48.gen 
Execute       set_part xczu7ev-ffvc1156-2-e 
INFO-FLOW: DBG:set_part: XILINX_VIVADO=C:\Xilinx\Vivado\2020.2
INFO-FLOW: DBG:set_part: RDI_DATADIR=C:\Xilinx\Vivado\2020.2/data;C:/Xilinx/Vitis_HLS/2020.2/data
Execute         ap_part_info -name xczu7ev-ffvc1156-2-e -data single -quiet 
DBG:HLSDevice: Trying to load device library: C:/Xilinx/Vitis_HLS/2020.2\lib\win64.o\librdi_hlsvwrap.dll
DBG:HLSDevice: first parts/arch.xml in RDI_DATADIR: C:\Xilinx\Vivado\2020.2/data/parts/arch.xml
Command         ap_part_info done; 1.145 sec.
Execute         ap_part_info -name xczu7ev-ffvc1156-2-e -data info 
Execute         add_library xilinx/zynquplus/zynquplus:xczu7ev:-ffvc1156:-2-e 
Execute           get_default_platform 
Execute           open_platform DefaultPlatform 
Execute           ap_part_info -data single -name xczu7ev-ffvc1156-2-e 
Execute           ap_part_info -name xczu7ev-ffvc1156-2-e -data resources 
Execute           config_chip_info -resource {SLICE 28800} {LUT 230400} {FF 460800} {DSP 1728} {BRAM 624} {URAM 96} 
Execute           ap_part_info -name xczu7ev-ffvc1156-2-e -data info 
Execute           config_chip_info -speed medium 
Execute           ap_part_info -name xczu7ev-ffvc1156-2-e -data info 
Execute           config_library_info -library zynquplus_medium 
Execute           config_library_info -family zynquplus 
Execute           config_library_info -part xczu7ev:-ffvc1156:-2-e 
Execute           import_lib C:/Xilinx/Vitis_HLS/2020.2/common/technology/xilinx/zynquplus/zynquplus 
Execute             source C:/Xilinx/Vitis_HLS/2020.2/common/technology/xilinx/interface/xilinx_interface.hlp 
Execute               source C:/Xilinx/Vitis_HLS/2020.2/common/technology/xilinx/interface/maxi.hlp 
Execute               source C:/Xilinx/Vitis_HLS/2020.2/common/technology/xilinx/interface/saxilite.hlp 
Execute             source C:/Xilinx/Vitis_HLS/2020.2/common/technology/xilinx/DSP48/dsp48.hlp 
Execute             source C:/Xilinx/Vitis_HLS/2020.2/common/technology/xilinx/DSP48/zynquplus_dsp48e2.hlp 
Execute           source C:/Xilinx/Vitis_HLS/2020.2/common/technology/xilinx/common/xilinx.gen 
Execute             source C:/Xilinx/Vitis_HLS/2020.2/common/technology/xilinx/interface/plb46.gen 
Execute             source C:/Xilinx/Vitis_HLS/2020.2/common/technology/xilinx/interface/axi4.gen 
Execute             source C:/Xilinx/Vitis_HLS/2020.2/common/technology/xilinx/interface/nativeAXI4.gen 
Execute               source C:/Xilinx/Vitis_HLS/2020.2/common/technology/xilinx/interface/saxilite.gen 
Execute               source C:/Xilinx/Vitis_HLS/2020.2/common/technology/xilinx/interface/maxi.gen 
Execute             source C:/Xilinx/Vitis_HLS/2020.2/common/technology/xilinx/scripts/xilinxcoregen.gen 
Execute             source C:/Xilinx/Vitis_HLS/2020.2/common/technology/xilinx/interface/XilEDKCoreGen.gen 
Execute             source C:/Xilinx/Vitis_HLS/2020.2/common/technology/xilinx/ip/dds_compiler.gen 
Execute             source C:/Xilinx/Vitis_HLS/2020.2/common/technology/xilinx/ip/util.gen 
Execute             source C:/Xilinx/Vitis_HLS/2020.2/common/technology/xilinx/ip/xfft.gen 
Execute             source C:/Xilinx/Vitis_HLS/2020.2/common/technology/xilinx/ip/xfir.gen 
Execute             source C:/Xilinx/Vitis_HLS/2020.2/common/technology/xilinx/DSP48/dsp48.gen 
Command         add_library done; 0.184 sec.
INFO: [HLS 200-10] Setting target device to 'xczu7ev-ffvc1156-2-e'
Execute         ap_part_info -name xczu7ev-ffvc1156-2-e -data info 
Execute         config_compile -quiet -complex-mul-dsp=0 
Command       set_part done; 1.385 sec.
Execute       ap_part_info -data single -name xczu7ev-ffvc1156-2-e 
Execute       ap_part_info -name xczu7ev-ffvc1156-2-e -data resources 
Execute       config_chip_info -resource {SLICE 28800} {LUT 230400} {FF 460800} {DSP 1728} {BRAM 624} {URAM 96} 
Execute       ap_part_info -name xczu7ev-ffvc1156-2-e -data info 
Execute       config_chip_info -speed medium 
Execute       send_msg_by_id INFO @200-1505@%s%s  vivado 
INFO: [HLS 200-1505] Using flow_target 'vivado'
Execute       get_config_interface -m_axi_latency 
Execute       get_config_interface -m_axi_alignment_byte_size 
Execute       get_config_interface -m_axi_max_widen_bitwidth 
Execute       get_config_interface -default_interface 
Execute       get_config_interface -m_axi_offset 
Execute       get_config_rtl -register_reset_num 
Execute       send_msg_by_id INFO @200-1464@%s config_export -format=ip_catalog 
INFO: [HLS 200-1464] Running solution command: config_export -format=ip_catalog
Execute       config_export -format=ip_catalog 
Execute       send_msg_by_id INFO @200-1464@%s config_export -rtl=verilog 
INFO: [HLS 200-1464] Running solution command: config_export -rtl=verilog
Execute       config_export -rtl=verilog 
Command     open_solution done; 1.575 sec.
Execute     set_part xczu7ev-ffvc1156-2-e 
INFO: [HLS 200-1510] Running: set_part xczu7ev-ffvc1156-2-e 
INFO-FLOW: DBG:set_part: XILINX_VIVADO=C:\Xilinx\Vivado\2020.2
INFO-FLOW: DBG:set_part: RDI_DATADIR=C:\Xilinx\Vivado\2020.2/data;C:/Xilinx/Vitis_HLS/2020.2/data
Execute       ap_part_info -name xczu7ev-ffvc1156-2-e -data single -quiet 
Execute       ap_part_info -name xczu7ev-ffvc1156-2-e -data info 
Command       ap_part_info done; 0.105 sec.
Execute       add_library xilinx/zynquplus/zynquplus:xczu7ev:-ffvc1156:-2-e 
Execute         get_default_platform 
Execute         open_platform DefaultPlatform 
Execute         ap_part_info -data single -name xczu7ev-ffvc1156-2-e 
Execute         ap_part_info -name xczu7ev-ffvc1156-2-e -data resources 
Execute         config_chip_info -resource {SLICE 28800} {LUT 230400} {FF 460800} {DSP 1728} {BRAM 624} {URAM 96} 
Execute         ap_part_info -name xczu7ev-ffvc1156-2-e -data info 
Execute         config_chip_info -speed medium 
Execute         ap_part_info -name xczu7ev-ffvc1156-2-e -data info 
Execute         config_library_info -library zynquplus_medium 
Execute         config_library_info -family zynquplus 
Execute         config_library_info -part xczu7ev:-ffvc1156:-2-e 
Execute         import_lib C:/Xilinx/Vitis_HLS/2020.2/common/technology/xilinx/zynquplus/zynquplus 
Execute           source C:/Xilinx/Vitis_HLS/2020.2/common/technology/xilinx/interface/xilinx_interface.hlp 
Execute             source C:/Xilinx/Vitis_HLS/2020.2/common/technology/xilinx/interface/maxi.hlp 
Execute             source C:/Xilinx/Vitis_HLS/2020.2/common/technology/xilinx/interface/saxilite.hlp 
Execute           source C:/Xilinx/Vitis_HLS/2020.2/common/technology/xilinx/DSP48/dsp48.hlp 
Execute           source C:/Xilinx/Vitis_HLS/2020.2/common/technology/xilinx/DSP48/zynquplus_dsp48e2.hlp 
Execute         source C:/Xilinx/Vitis_HLS/2020.2/common/technology/xilinx/common/xilinx.gen 
Execute           source C:/Xilinx/Vitis_HLS/2020.2/common/technology/xilinx/interface/plb46.gen 
Execute           source C:/Xilinx/Vitis_HLS/2020.2/common/technology/xilinx/interface/axi4.gen 
Execute           source C:/Xilinx/Vitis_HLS/2020.2/common/technology/xilinx/interface/nativeAXI4.gen 
Execute             source C:/Xilinx/Vitis_HLS/2020.2/common/technology/xilinx/interface/saxilite.gen 
Execute             source C:/Xilinx/Vitis_HLS/2020.2/common/technology/xilinx/interface/maxi.gen 
Execute           source C:/Xilinx/Vitis_HLS/2020.2/common/technology/xilinx/scripts/xilinxcoregen.gen 
Execute           source C:/Xilinx/Vitis_HLS/2020.2/common/technology/xilinx/interface/XilEDKCoreGen.gen 
Execute           source C:/Xilinx/Vitis_HLS/2020.2/common/technology/xilinx/ip/dds_compiler.gen 
Execute           source C:/Xilinx/Vitis_HLS/2020.2/common/technology/xilinx/ip/util.gen 
Execute           source C:/Xilinx/Vitis_HLS/2020.2/common/technology/xilinx/ip/xfft.gen 
Execute           source C:/Xilinx/Vitis_HLS/2020.2/common/technology/xilinx/ip/xfir.gen 
Execute           source C:/Xilinx/Vitis_HLS/2020.2/common/technology/xilinx/DSP48/dsp48.gen 
Command       add_library done; 0.142 sec.
Execute       ap_part_info -name xczu7ev-ffvc1156-2-e -data info 
Execute       config_compile -quiet -complex-mul-dsp=0 
Command     set_part done; 0.277 sec.
Execute     create_clock -period 100MHz 
INFO: [HLS 200-1510] Running: create_clock -period 100MHz 
Execute     config_export -format ip_catalog -rtl verilog 
INFO: [HLS 200-1510] Running: config_export -format ip_catalog -rtl verilog 
Execute     cosim_design 
INFO: [HLS 200-1510] Running: cosim_design 
Execute       source C:/Users/lxl/Documents/vitis_hls_ws/Project/Project/hls_project/solution1/.autopilot/db/global.setting.tcl 
Execute       source C:/Users/lxl/Documents/vitis_hls_ws/Project/Project/hls_project/solution1/.autopilot/db/global.setting.tcl 
Execute       source C:/Users/lxl/Documents/vitis_hls_ws/Project/Project/hls_project/solution1/.autopilot/db/global.setting.tcl 
INFO-FLOW: DBG:CMD: read_platform_lib C:/Users/lxl/Documents/vitis_hls_ws/Project/Project/hls_project/solution1/.autopilot/db/global.setting.tcl
Execute       source C:/Xilinx/Vitis_HLS/2020.2/common/technology/generic/autopilot/common.gen 
Execute         source C:/Xilinx/Vitis_HLS/2020.2/common/technology/generic/autopilot/APCoreGen.gen 
Execute       source C:/Xilinx/Vitis_HLS/2020.2/common/technology/generic/autopilot/op.gen 
Execute       source C:/Xilinx/Vitis_HLS/2020.2/common/technology/generic/autopilot/op_simcore.gen 
Execute       source C:/Xilinx/Vitis_HLS/2020.2/common/technology/generic/autopilot/interface.gen 
Execute       source C:/Users/lxl/Documents/vitis_hls_ws/Project/Project/hls_project/solution1/.autopilot/db/global.setting.tcl 
Execute       source C:/Xilinx/Vitis_HLS/2020.2/common/technology/xilinx/common/xilinx.gen 
Execute         source C:/Xilinx/Vitis_HLS/2020.2/common/technology/xilinx/interface/plb46.gen 
Execute         source C:/Xilinx/Vitis_HLS/2020.2/common/technology/xilinx/interface/axi4.gen 
Execute         source C:/Xilinx/Vitis_HLS/2020.2/common/technology/xilinx/interface/nativeAXI4.gen 
Execute           source C:/Xilinx/Vitis_HLS/2020.2/common/technology/xilinx/interface/saxilite.gen 
Execute           source C:/Xilinx/Vitis_HLS/2020.2/common/technology/xilinx/interface/maxi.gen 
Execute         source C:/Xilinx/Vitis_HLS/2020.2/common/technology/xilinx/scripts/xilinxcoregen.gen 
Execute         source C:/Xilinx/Vitis_HLS/2020.2/common/technology/xilinx/interface/XilEDKCoreGen.gen 
Execute         source C:/Xilinx/Vitis_HLS/2020.2/common/technology/xilinx/ip/dds_compiler.gen 
Execute         source C:/Xilinx/Vitis_HLS/2020.2/common/technology/xilinx/ip/util.gen 
Execute         source C:/Xilinx/Vitis_HLS/2020.2/common/technology/xilinx/ip/xfft.gen 
Execute         source C:/Xilinx/Vitis_HLS/2020.2/common/technology/xilinx/ip/xfir.gen 
Execute         source C:/Xilinx/Vitis_HLS/2020.2/common/technology/xilinx/DSP48/dsp48.gen 
INFO-FLOW: DBG:CMD:   using AESL_AUTOCG::g_clock_period=10.000 (was NA)
Execute       ap_part_info -name xczu7ev-ffvc1156-2-e -data names -quiet 
Execute       ap_part_info -name xczu7ev-ffvc1156-2-e -data info -quiet 
Execute       source C:/Users/lxl/Documents/vitis_hls_ws/Project/Project/hls_project/solution1/.autopilot/db/global.setting.tcl 
Execute       source C:/Users/lxl/Documents/vitis_hls_ws/Project/Project/hls_project/solution1/.autopilot/db/ORB_accel.rtl_wrap.cfg.tcl 
Execute       source C:/Users/lxl/Documents/vitis_hls_ws/Project/Project/hls_project/solution1/.autopilot/db/ORB_accel.tbgen.tcl 
Execute       source C:/Users/lxl/Documents/vitis_hls_ws/Project/Project/hls_project/solution1/.autopilot/db/ORB_accel.tbgen.tcl 
Execute       source C:/Users/lxl/Documents/vitis_hls_ws/Project/Project/hls_project/solution1/.autopilot/db/ORB_accel.tbgen.tcl 
INFO: [COSIM 212-47] Using XSIM for RTL simulation.
INFO: [COSIM 212-14] Instrumenting C test bench ...
Execute       ap_part_info -name xczu7ev-ffvc1156-2-e -data info 
INFO-FLOW: TB processing: C:/Users/lxl/Documents/vitis_hls_ws/Project/Project/src/testbench.cpp C:/Users/lxl/Documents/vitis_hls_ws/Project/Project/hls_project/solution1/./sim/autowrap/testbench/testbench.cpp_pre.cpp
Execute       clang_tidy xilinx-tb-process C:/Users/lxl/Documents/vitis_hls_ws/Project/Project/hls_project/solution1/./sim/autowrap/testbench/testbench.cpp_pre.cpp.tb.cpp std=c++11 
INFO-FLOW: exec C:/Xilinx/Vitis_HLS/2020.2/win64/tools/clang-3.9-csynth/bin/clang-tidy -header-filter=.* --checks=-*,xilinx-tb-process -fix-errors C:/Users/lxl/Documents/vitis_hls_ws/Project/Project/hls_project/solution1/./sim/autowrap/testbench/testbench.cpp_pre.cpp.tb.cpp -- -std=c++11 -fhls -ferror-limit=0
Command       clang_tidy done; 3.441 sec.
Execute       ap_part_info -name xczu7ev-ffvc1156-2-e -data info 
INFO-FLOW: TB processing: C:/Users/lxl/Documents/vitis_hls_ws/Project/Project/src/ORB.cpp C:/Users/lxl/Documents/vitis_hls_ws/Project/Project/hls_project/solution1/./sim/autowrap/testbench/ORB.cpp_pre.cpp
Execute       clang_tidy xilinx-tb-process C:/Users/lxl/Documents/vitis_hls_ws/Project/Project/hls_project/solution1/./sim/autowrap/testbench/ORB.cpp_pre.cpp.tb.cpp std=c++11 
INFO-FLOW: exec C:/Xilinx/Vitis_HLS/2020.2/win64/tools/clang-3.9-csynth/bin/clang-tidy -header-filter=.* --checks=-*,xilinx-tb-process -fix-errors C:/Users/lxl/Documents/vitis_hls_ws/Project/Project/hls_project/solution1/./sim/autowrap/testbench/ORB.cpp_pre.cpp.tb.cpp -- -std=c++11 -fhls -ferror-limit=0
Command       clang_tidy done; 7.46 sec.
Execute       source C:/Users/lxl/Documents/vitis_hls_ws/Project/Project/hls_project/solution1/.autopilot/db/global.setting.tcl 
Execute       source C:/Users/lxl/Documents/vitis_hls_ws/Project/Project/hls_project/solution1/.autopilot/db/ORB_accel.rtl_wrap.cfg.tcl 
Execute       source C:/Users/lxl/Documents/vitis_hls_ws/Project/Project/hls_project/solution1/.autopilot/db/ORB_accel.rtl_wrap.cfg.tcl 
Execute       source C:/Users/lxl/Documents/vitis_hls_ws/Project/Project/hls_project/solution1/.autopilot/db/ORB_accel.rtl_wrap.cfg.tcl 
Execute       source C:/Users/lxl/Documents/vitis_hls_ws/Project/Project/hls_project/solution1/.autopilot/db/ORB_accel.tbgen.tcl 
Execute       source C:/Users/lxl/Documents/vitis_hls_ws/Project/Project/hls_project/solution1/.autopilot/db/ORB_accel.tbgen.tcl 
Execute       ap_part_info -name xczu7ev-ffvc1156-2-e -data info 
Execute       source .run_sim.tcl 
INFO: [COSIM 212-302] Starting C TB testing ... 
Command       ap_source done; 3.858 sec.
INFO: [COSIM 212-333] Generating C post check test bench ...
Execute       ap_part_info -name xczu7ev-ffvc1156-2-e -data info 
INFO: [COSIM 212-12] Generating RTL test bench ...
Execute       source ../tv/cdatafile/ref.tcl 
Execute       source C:/Users/lxl/Documents/vitis_hls_ws/Project/Project/hls_project/solution1/.autopilot/db/ORB_accel.tbgen.tcl 
Execute       source C:/Users/lxl/Documents/vitis_hls_ws/Project/Project/hls_project/solution1/.autopilot/db/ORB_accel.tbgen.tcl 
Execute       source C:/Users/lxl/Documents/vitis_hls_ws/Project/Project/hls_project/solution1/.autopilot/db/ORB_accel.tbgen.tcl 
Execute       source C:/Users/lxl/Documents/vitis_hls_ws/Project/Project/hls_project/solution1/.autopilot/db/ORB_accel.tbgen.tcl 
Execute       source ../tv/cdatafile/ref.tcl 
Execute       source C:/Users/lxl/Documents/vitis_hls_ws/Project/Project/hls_project/solution1/.autopilot/db/ORB_accel.tbgen.tcl 
Execute       source C:/Users/lxl/Documents/vitis_hls_ws/Project/Project/hls_project/solution1/.autopilot/db/ORB_accel.tbgen.tcl 
Execute       source C:/Users/lxl/Documents/vitis_hls_ws/Project/Project/hls_project/solution1/.autopilot/db/ORB_accel.tbgen.tcl 
Execute       source C:/Users/lxl/Documents/vitis_hls_ws/Project/Project/hls_project/solution1/.autopilot/db/ORB_accel.tbgen.tcl 
Execute       source C:/Users/lxl/Documents/vitis_hls_ws/Project/Project/hls_project/solution1/.autopilot/db/ORB_accel.tbgen.tcl 
Execute       source C:/Users/lxl/Documents/vitis_hls_ws/Project/Project/hls_project/solution1/.autopilot/db/ORB_accel.tbgen.tcl 
Execute       source C:/Users/lxl/Documents/vitis_hls_ws/Project/Project/hls_project/solution1/.autopilot/db/ORB_accel.tbgen.tcl 
Execute       source C:/Users/lxl/Documents/vitis_hls_ws/Project/Project/hls_project/solution1/.autopilot/db/ORB_accel.tbgen.tcl 
Execute       source C:/Users/lxl/Documents/vitis_hls_ws/Project/Project/hls_project/solution1/.autopilot/db/ORB_accel.tbgen.tcl 
Execute       source C:/Users/lxl/Documents/vitis_hls_ws/Project/Project/hls_project/solution1/.autopilot/db/ORB_accel.tbgen.tcl 
Execute       source C:/Users/lxl/Documents/vitis_hls_ws/Project/Project/hls_project/solution1/.autopilot/db/ORB_accel.tbgen.tcl 
Execute       source C:/Users/lxl/Documents/vitis_hls_ws/Project/Project/hls_project/solution1/.autopilot/db/ORB_accel.tbgen.tcl 
Execute       source C:/Users/lxl/Documents/vitis_hls_ws/Project/Project/hls_project/solution1/.autopilot/db/ORB_accel.tbgen.tcl 
Execute       source C:/Users/lxl/Documents/vitis_hls_ws/Project/Project/hls_project/solution1/.autopilot/db/ORB_accel.tbgen.tcl 
Execute       source C:/Users/lxl/Documents/vitis_hls_ws/Project/Project/hls_project/solution1/.autopilot/db/ORB_accel.tbgen.tcl 
Execute       source C:/Users/lxl/Documents/vitis_hls_ws/Project/Project/hls_project/solution1/.autopilot/db/ORB_accel.tbgen.tcl 
Execute       source ../tv/cdatafile/ref.tcl 
Execute       source C:/Users/lxl/Documents/vitis_hls_ws/Project/Project/hls_project/solution1/.autopilot/db/ORB_accel.tbgen.tcl 
Execute       source C:/Users/lxl/Documents/vitis_hls_ws/Project/Project/hls_project/solution1/.autopilot/db/ORB_accel.tbgen.tcl 
Execute       source C:/Users/lxl/Documents/vitis_hls_ws/Project/Project/hls_project/solution1/.autopilot/db/ORB_accel.tbgen.tcl 
Execute       source C:/Users/lxl/Documents/vitis_hls_ws/Project/Project/hls_project/solution1/.autopilot/db/ORB_accel.tbgen.tcl 
Execute       source C:/Users/lxl/Documents/vitis_hls_ws/Project/Project/hls_project/solution1/.autopilot/db/ORB_accel.tbgen.tcl 
Execute       source C:/Users/lxl/Documents/vitis_hls_ws/Project/Project/hls_project/solution1/.autopilot/db/ORB_accel.tbgen.tcl 
Execute       source C:/Users/lxl/Documents/vitis_hls_ws/Project/Project/hls_project/solution1/.autopilot/db/ORB_accel.tbgen.tcl 
Execute       source C:/Users/lxl/Documents/vitis_hls_ws/Project/Project/hls_project/solution1/.autopilot/db/ORB_accel.tbgen.tcl 
Execute       source C:/Users/lxl/Documents/vitis_hls_ws/Project/Project/hls_project/solution1/.autopilot/db/ORB_accel.tbgen.tcl 
Execute       source C:/Users/lxl/Documents/vitis_hls_ws/Project/Project/hls_project/solution1/.autopilot/db/ORB_accel.tbgen.tcl 
Execute       source C:/Users/lxl/Documents/vitis_hls_ws/Project/Project/hls_project/solution1/.autopilot/db/ORB_accel.tbgen.tcl 
INFO: [COSIM 212-1] *** C/RTL co-simulation file generation completed. ***
Execute       source .run_sim.tcl 
Execute         source check_sim.tcl 
Execute         source dataflow_monitor_API.tcl 
Execute         source .sim.status.tcl 
INFO: [COSIM 212-323] Starting verilog simulation. 
INFO: [COSIM 212-15] Starting XSIM ...
INFO: [COSIM 212-316] Starting C post checking ...
Command       ap_source done; 61.621 sec.
INFO: [COSIM 212-1000] *** C/RTL co-simulation finished: PASS ***
INFO: [COSIM 212-211] II is measurable only when transaction number is greater than 1 in RTL simulation. Otherwise, they will be marked as all NA. If user wants to calculate them, please make sure there are at least 2 transactions in RTL simulation.
Command     cosim_design done; 131.731 sec.
INFO: [HLS 200-111] Finished Command cosim_design CPU user time: 2 seconds. CPU system time: 0 seconds. Elapsed time: 131.796 seconds; current allocated memory: 182.804 MB.
Execute     cleanup_all 
