

================================================================
== Vitis HLS Report for 'descriptor'
================================================================
* Date:           Sun Jan 21 17:42:52 2024

* Version:        2020.2 (Build 3064766 on Wed Nov 18 09:12:45 MST 2020)
* Project:        hls_project
* Solution:       solution1 (Vivado IP Flow Target)
* Product family: zynquplus
* Target device:  xczu7ev-ffvc1156-2-e


================================================================
== Performance Estimates
================================================================
+ Timing: 
    * Summary: 
    +--------+----------+----------+------------+
    |  Clock |  Target  | Estimated| Uncertainty|
    +--------+----------+----------+------------+
    |ap_clk  |  10.00 ns|  6.133 ns|     2.70 ns|
    +--------+----------+----------+------------+

+ Latency: 
    * Summary: 
    +---------+---------+----------+----------+-----+-----+---------+
    |  Latency (cycles) |  Latency (absolute) |  Interval | Pipeline|
    |   min   |   max   |    min   |    max   | min | max |   Type  |
    +---------+---------+----------+----------+-----+-----+---------+
    |       60|       60|  0.600 us|  0.600 us|   60|   60|     none|
    +---------+---------+----------+----------+-----+-----+---------+

    + Detail: 
        * Instance: 
        N/A

        * Loop: 
        +-------------------+---------+---------+----------+-----------+-----------+------+----------+
        |                   |  Latency (cycles) | Iteration|  Initiation Interval  | Trip |          |
        |     Loop Name     |   min   |   max   |  Latency |  achieved |   target  | Count| Pipelined|
        +-------------------+---------+---------+----------+-----------+-----------+------+----------+
        |- VITIS_LOOP_87_1  |       12|       12|         2|          1|          1|    12|       yes|
        |- loop_descriptor  |       38|       38|         8|          1|          1|    32|       yes|
        +-------------------+---------+---------+----------+-----------+-----------+------+----------+

============================================================
+ Verbose Summary: Synthesis Manager
============================================================
InlineROM: 1
ExposeGlobal: 0
============================================================
+ Verbose Summary: CDFG Model
============================================================
IsTopModel: 0
ResetActiveHigh: 1
IsCombinational: 0
IsDatapathOnly: 0
HasWiredReturn: 1
HasMFsm: 0
HasVarLatency: 1
IsPipeline: 0
IsRtlPipelined: 0
IsInstanceOverlapped: 0
IsDontTouch: 0
HasImplIP: 0
IsGatedGlobalClock: 0

+ Individual pipeline summary: 
  * Pipeline-0: initiation interval (II) = 1, depth = 2
  * Pipeline-1: initiation interval (II) = 1, depth = 8


============================================================
+ Verbose Summary: Schedule
============================================================
* Number of FSM states : 19
* Pipeline : 2
  Pipeline-0 : II = 1, D = 2, States = { 8 9 }
  Pipeline-1 : II = 1, D = 8, States = { 11 12 13 14 15 16 17 18 }
* Dataflow Pipeline: 0

* FSM state transitions: 
1 --> 2 
2 --> 3 
3 --> 4 
4 --> 5 
5 --> 6 
6 --> 7 
7 --> 8 
8 --> 10 9 
9 --> 8 
10 --> 11 
11 --> 12 
12 --> 13 
13 --> 14 
14 --> 15 
15 --> 16 
16 --> 17 
17 --> 19 18 
18 --> 11 
19 --> 

* FSM state operations: 

State 1 <SV = 0> <Delay = 1.85>
ST_1 : Operation 20 [1/1] (0.00ns)   --->   "%angle_read = read i10 @_ssdm_op_Read.ap_auto.i10, i10 %angle" [src/ORB.cpp:41]   --->   Operation 20 'read' 'angle_read' <Predicate = true> <Delay = 0.00>
ST_1 : Operation 21 [1/1] (0.91ns)   --->   "%sign0 = icmp_sgt  i10 %angle_read, i10 0"   --->   Operation 21 'icmp' 'sign0' <Predicate = true> <Delay = 0.91> <CoreInst = "Cmp">   --->   Core 9 'Cmp' <Latency = 0> <II = 1> <Delay = 0.44> <FuncUnit> <Opcode : 'icmp'> <InPorts = 2> <OutPorts = 1>
ST_1 : Operation 22 [1/1] (0.78ns)   --->   "%sub_ln703 = sub i10 0, i10 %angle_read"   --->   Operation 22 'sub' 'sub_ln703' <Predicate = true> <Delay = 0.78> <CoreInst = "Adder">   --->   Core 1 'Adder' <Latency = 0> <II = 1> <Delay = 0.77> <FuncUnit> <Opcode : 'add' 'sub'> <InPorts = 2> <OutPorts = 1>
ST_1 : Operation 23 [1/1] (0.40ns)   --->   "%inabs = select i1 %sign0, i10 %angle_read, i10 %sub_ln703" [C:/Xilinx/Vitis_HLS/2020.2/common/technology/autopilot/hls_cordic_apfixed.h:234->C:/Xilinx/Vitis_HLS/2020.2/common/technology/autopilot\hls_math.h:1956]   --->   Operation 23 'select' 'inabs' <Predicate = true> <Delay = 0.40> <CoreInst = "Sel">   --->   Core 73 'Sel' <Latency = 0> <II = 1> <Delay = 0.39> <FuncUnit> <Opcode : 'select'> <InPorts = 3> <OutPorts = 1>
ST_1 : Operation 24 [1/1] (0.00ns)   --->   "%zext_ln1116 = zext i10 %inabs"   --->   Operation 24 'zext' 'zext_ln1116' <Predicate = true> <Delay = 0.00>
ST_1 : Operation 25 [4/4] (0.53ns) (root node of the DSP)   --->   "%r_V_12 = mul i24 %zext_ln1116, i24 10430"   --->   Operation 25 'mul' 'r_V_12' <Predicate = true> <Delay = 0.53> <CoreInst = "DSP48">   --->   Core 127 'DSP48' <Latency = 3> <II = 1> <Delay = 0.53> <IPBlock> <Opcode : 'mul' 'add' 'sub' 'select'> <InPorts = 0> <OutPorts = 1> <Sync> <CReg>
ST_1 : Operation 26 [1/1] (0.00ns)   --->   "%trunc_ln728 = trunc i10 %inabs"   --->   Operation 26 'trunc' 'trunc_ln728' <Predicate = true> <Delay = 0.00>

State 2 <SV = 1> <Delay = 0.53>
ST_2 : Operation 27 [3/4] (0.53ns) (root node of the DSP)   --->   "%r_V_12 = mul i24 %zext_ln1116, i24 10430"   --->   Operation 27 'mul' 'r_V_12' <Predicate = true> <Delay = 0.53> <CoreInst = "DSP48">   --->   Core 127 'DSP48' <Latency = 3> <II = 1> <Delay = 0.53> <IPBlock> <Opcode : 'mul' 'add' 'sub' 'select'> <InPorts = 0> <OutPorts = 1> <Sync> <CReg>

State 3 <SV = 2> <Delay = 0.53>
ST_3 : Operation 28 [2/4] (0.53ns) (root node of the DSP)   --->   "%r_V_12 = mul i24 %zext_ln1116, i24 10430"   --->   Operation 28 'mul' 'r_V_12' <Predicate = true> <Delay = 0.53> <CoreInst = "DSP48">   --->   Core 127 'DSP48' <Latency = 3> <II = 1> <Delay = 0.53> <IPBlock> <Opcode : 'mul' 'add' 'sub' 'select'> <InPorts = 0> <OutPorts = 1> <Sync> <CReg>

State 4 <SV = 3> <Delay = 0.99>
ST_4 : Operation 29 [1/4] (0.00ns) (root node of the DSP)   --->   "%r_V_12 = mul i24 %zext_ln1116, i24 10430"   --->   Operation 29 'mul' 'r_V_12' <Predicate = true> <Delay = 0.00> <CoreInst = "DSP48">   --->   Core 127 'DSP48' <Latency = 3> <II = 1> <Delay = 0.53> <IPBlock> <Opcode : 'mul' 'add' 'sub' 'select'> <InPorts = 0> <OutPorts = 1> <Sync> <CReg>
ST_4 : Operation 30 [1/1] (0.00ns)   --->   "%ret = partselect i3 @_ssdm_op_PartSelect.i3.i24.i32.i32, i24 %r_V_12, i32 21, i32 23"   --->   Operation 30 'partselect' 'ret' <Predicate = true> <Delay = 0.00>
ST_4 : Operation 31 [1/1] (0.00ns)   --->   "%k_V = partselect i2 @_ssdm_op_PartSelect.i2.i24.i32.i32, i24 %r_V_12, i32 21, i32 22"   --->   Operation 31 'partselect' 'k_V' <Predicate = true> <Delay = 0.00>
ST_4 : Operation 32 [1/1] (0.00ns)   --->   "%zext_ln1193 = zext i3 %ret"   --->   Operation 32 'zext' 'zext_ln1193' <Predicate = true> <Delay = 0.00>
ST_4 : Operation 33 [3/3] (0.99ns) (grouped into DSP with root node ret_V_21)   --->   "%mul_ln1193 = mul i12 %zext_ln1193, i12 880"   --->   Operation 33 'mul' 'mul_ln1193' <Predicate = true> <Delay = 0.99> <CoreInst = "DSP48">   --->   Core 127 'DSP48' <Latency = 3> <II = 1> <Delay = 0.53> <IPBlock> <Opcode : 'mul' 'add' 'sub' 'select'> <InPorts = 0> <OutPorts = 1> <Sync> <CReg>

State 5 <SV = 4> <Delay = 0.99>
ST_5 : Operation 34 [2/3] (0.99ns) (grouped into DSP with root node ret_V_21)   --->   "%mul_ln1193 = mul i12 %zext_ln1193, i12 880"   --->   Operation 34 'mul' 'mul_ln1193' <Predicate = true> <Delay = 0.99> <CoreInst = "DSP48">   --->   Core 127 'DSP48' <Latency = 3> <II = 1> <Delay = 0.53> <IPBlock> <Opcode : 'mul' 'add' 'sub' 'select'> <InPorts = 0> <OutPorts = 1> <Sync> <CReg>

State 6 <SV = 5> <Delay = 0.64>
ST_6 : Operation 35 [1/1] (0.00ns)   --->   "%lhs_2 = bitconcatenate i12 @_ssdm_op_BitConcatenate.i12.i8.i4, i8 %trunc_ln728, i4 0"   --->   Operation 35 'bitconcatenate' 'lhs_2' <Predicate = true> <Delay = 0.00>
ST_6 : Operation 36 [1/3] (0.00ns) (grouped into DSP with root node ret_V_21)   --->   "%mul_ln1193 = mul i12 %zext_ln1193, i12 880"   --->   Operation 36 'mul' 'mul_ln1193' <Predicate = true> <Delay = 0.00> <CoreInst = "DSP48">   --->   Core 127 'DSP48' <Latency = 3> <II = 1> <Delay = 0.53> <IPBlock> <Opcode : 'mul' 'add' 'sub' 'select'> <InPorts = 0> <OutPorts = 1> <Sync> <CReg>
ST_6 : Operation 37 [2/2] (0.64ns) (root node of the DSP)   --->   "%ret_V_21 = add i12 %lhs_2, i12 %mul_ln1193"   --->   Operation 37 'add' 'ret_V_21' <Predicate = true> <Delay = 0.64> <CoreInst = "DSP48">   --->   Core 127 'DSP48' <Latency = 3> <II = 1> <Delay = 0.53> <IPBlock> <Opcode : 'mul' 'add' 'sub' 'select'> <InPorts = 0> <OutPorts = 1> <Sync> <CReg>

State 7 <SV = 6> <Delay = 1.84>
ST_7 : Operation 38 [1/1] (0.00ns)   --->   "%p_read_15 = read i8 @_ssdm_op_Read.ap_auto.i8, i8 %p_read1369" [src/ORB.cpp:41]   --->   Operation 38 'read' 'p_read_15' <Predicate = true> <Delay = 0.00>
ST_7 : Operation 39 [1/1] (0.00ns)   --->   "%p_read_16 = read i8 @_ssdm_op_Read.ap_auto.i8, i8 %p_read1368" [src/ORB.cpp:41]   --->   Operation 39 'read' 'p_read_16' <Predicate = true> <Delay = 0.00>
ST_7 : Operation 40 [1/1] (0.00ns)   --->   "%p_read_17 = read i8 @_ssdm_op_Read.ap_auto.i8, i8 %p_read1367" [src/ORB.cpp:41]   --->   Operation 40 'read' 'p_read_17' <Predicate = true> <Delay = 0.00>
ST_7 : Operation 41 [1/1] (0.00ns)   --->   "%p_read_18 = read i8 @_ssdm_op_Read.ap_auto.i8, i8 %p_read1366" [src/ORB.cpp:41]   --->   Operation 41 'read' 'p_read_18' <Predicate = true> <Delay = 0.00>
ST_7 : Operation 42 [1/1] (0.00ns)   --->   "%p_read_19 = read i8 @_ssdm_op_Read.ap_auto.i8, i8 %p_read1365" [src/ORB.cpp:41]   --->   Operation 42 'read' 'p_read_19' <Predicate = true> <Delay = 0.00>
ST_7 : Operation 43 [1/1] (0.00ns)   --->   "%p_read_20 = read i8 @_ssdm_op_Read.ap_auto.i8, i8 %p_read1364" [src/ORB.cpp:41]   --->   Operation 43 'read' 'p_read_20' <Predicate = true> <Delay = 0.00>
ST_7 : Operation 44 [1/1] (0.00ns)   --->   "%p_read_21 = read i8 @_ssdm_op_Read.ap_auto.i8, i8 %p_read1363" [src/ORB.cpp:41]   --->   Operation 44 'read' 'p_read_21' <Predicate = true> <Delay = 0.00>
ST_7 : Operation 45 [1/1] (0.00ns)   --->   "%p_read_22 = read i8 @_ssdm_op_Read.ap_auto.i8, i8 %p_read1362" [src/ORB.cpp:41]   --->   Operation 45 'read' 'p_read_22' <Predicate = true> <Delay = 0.00>
ST_7 : Operation 46 [1/1] (0.00ns)   --->   "%p_read_23 = read i8 @_ssdm_op_Read.ap_auto.i8, i8 %p_read1361" [src/ORB.cpp:41]   --->   Operation 46 'read' 'p_read_23' <Predicate = true> <Delay = 0.00>
ST_7 : Operation 47 [1/1] (0.00ns)   --->   "%p_read_24 = read i8 @_ssdm_op_Read.ap_auto.i8, i8 %p_read1360" [src/ORB.cpp:41]   --->   Operation 47 'read' 'p_read_24' <Predicate = true> <Delay = 0.00>
ST_7 : Operation 48 [1/1] (0.00ns)   --->   "%p_read_25 = read i8 @_ssdm_op_Read.ap_auto.i8, i8 %p_read1359" [src/ORB.cpp:41]   --->   Operation 48 'read' 'p_read_25' <Predicate = true> <Delay = 0.00>
ST_7 : Operation 49 [1/1] (0.00ns)   --->   "%p_read_26 = read i8 @_ssdm_op_Read.ap_auto.i8, i8 %p_read1358" [src/ORB.cpp:41]   --->   Operation 49 'read' 'p_read_26' <Predicate = true> <Delay = 0.00>
ST_7 : Operation 50 [1/1] (0.00ns)   --->   "%p_read_27 = read i8 @_ssdm_op_Read.ap_auto.i8, i8 %p_read1357" [src/ORB.cpp:41]   --->   Operation 50 'read' 'p_read_27' <Predicate = true> <Delay = 0.00>
ST_7 : Operation 51 [1/1] (0.00ns)   --->   "%p_read_28 = read i8 @_ssdm_op_Read.ap_auto.i8, i8 %p_read1356" [src/ORB.cpp:41]   --->   Operation 51 'read' 'p_read_28' <Predicate = true> <Delay = 0.00>
ST_7 : Operation 52 [1/1] (0.00ns)   --->   "%p_read_29 = read i8 @_ssdm_op_Read.ap_auto.i8, i8 %p_read1355" [src/ORB.cpp:41]   --->   Operation 52 'read' 'p_read_29' <Predicate = true> <Delay = 0.00>
ST_7 : Operation 53 [1/1] (0.00ns)   --->   "%p_read_30 = read i8 @_ssdm_op_Read.ap_auto.i8, i8 %p_read1354" [src/ORB.cpp:41]   --->   Operation 53 'read' 'p_read_30' <Predicate = true> <Delay = 0.00>
ST_7 : Operation 54 [1/1] (0.00ns)   --->   "%p_read_31 = read i8 @_ssdm_op_Read.ap_auto.i8, i8 %p_read1353" [src/ORB.cpp:41]   --->   Operation 54 'read' 'p_read_31' <Predicate = true> <Delay = 0.00>
ST_7 : Operation 55 [1/1] (0.00ns)   --->   "%p_read_32 = read i8 @_ssdm_op_Read.ap_auto.i8, i8 %p_read1352" [src/ORB.cpp:41]   --->   Operation 55 'read' 'p_read_32' <Predicate = true> <Delay = 0.00>
ST_7 : Operation 56 [1/1] (0.00ns)   --->   "%p_read_33 = read i8 @_ssdm_op_Read.ap_auto.i8, i8 %p_read1351" [src/ORB.cpp:41]   --->   Operation 56 'read' 'p_read_33' <Predicate = true> <Delay = 0.00>
ST_7 : Operation 57 [1/1] (0.00ns)   --->   "%p_read_34 = read i8 @_ssdm_op_Read.ap_auto.i8, i8 %p_read1350" [src/ORB.cpp:41]   --->   Operation 57 'read' 'p_read_34' <Predicate = true> <Delay = 0.00>
ST_7 : Operation 58 [1/1] (0.00ns)   --->   "%p_read_35 = read i8 @_ssdm_op_Read.ap_auto.i8, i8 %p_read1349" [src/ORB.cpp:41]   --->   Operation 58 'read' 'p_read_35' <Predicate = true> <Delay = 0.00>
ST_7 : Operation 59 [1/1] (0.00ns)   --->   "%p_read_36 = read i8 @_ssdm_op_Read.ap_auto.i8, i8 %p_read1348" [src/ORB.cpp:41]   --->   Operation 59 'read' 'p_read_36' <Predicate = true> <Delay = 0.00>
ST_7 : Operation 60 [1/1] (0.00ns)   --->   "%p_read_37 = read i8 @_ssdm_op_Read.ap_auto.i8, i8 %p_read1347" [src/ORB.cpp:41]   --->   Operation 60 'read' 'p_read_37' <Predicate = true> <Delay = 0.00>
ST_7 : Operation 61 [1/1] (0.00ns)   --->   "%p_read_38 = read i8 @_ssdm_op_Read.ap_auto.i8, i8 %p_read1346" [src/ORB.cpp:41]   --->   Operation 61 'read' 'p_read_38' <Predicate = true> <Delay = 0.00>
ST_7 : Operation 62 [1/1] (0.00ns)   --->   "%p_read_39 = read i8 @_ssdm_op_Read.ap_auto.i8, i8 %p_read1345" [src/ORB.cpp:41]   --->   Operation 62 'read' 'p_read_39' <Predicate = true> <Delay = 0.00>
ST_7 : Operation 63 [1/1] (0.00ns)   --->   "%p_read_40 = read i8 @_ssdm_op_Read.ap_auto.i8, i8 %p_read1344" [src/ORB.cpp:41]   --->   Operation 63 'read' 'p_read_40' <Predicate = true> <Delay = 0.00>
ST_7 : Operation 64 [1/1] (0.00ns)   --->   "%p_read_41 = read i8 @_ssdm_op_Read.ap_auto.i8, i8 %p_read1343" [src/ORB.cpp:41]   --->   Operation 64 'read' 'p_read_41' <Predicate = true> <Delay = 0.00>
ST_7 : Operation 65 [1/1] (0.00ns)   --->   "%p_read_42 = read i8 @_ssdm_op_Read.ap_auto.i8, i8 %p_read1342" [src/ORB.cpp:41]   --->   Operation 65 'read' 'p_read_42' <Predicate = true> <Delay = 0.00>
ST_7 : Operation 66 [1/1] (0.00ns)   --->   "%p_read_43 = read i8 @_ssdm_op_Read.ap_auto.i8, i8 %p_read1341" [src/ORB.cpp:41]   --->   Operation 66 'read' 'p_read_43' <Predicate = true> <Delay = 0.00>
ST_7 : Operation 67 [1/1] (0.00ns)   --->   "%p_read_44 = read i8 @_ssdm_op_Read.ap_auto.i8, i8 %p_read1340" [src/ORB.cpp:41]   --->   Operation 67 'read' 'p_read_44' <Predicate = true> <Delay = 0.00>
ST_7 : Operation 68 [1/1] (0.00ns)   --->   "%p_read_45 = read i8 @_ssdm_op_Read.ap_auto.i8, i8 %p_read1339" [src/ORB.cpp:41]   --->   Operation 68 'read' 'p_read_45' <Predicate = true> <Delay = 0.00>
ST_7 : Operation 69 [1/1] (0.00ns)   --->   "%p_read_46 = read i8 @_ssdm_op_Read.ap_auto.i8, i8 %p_read1338" [src/ORB.cpp:41]   --->   Operation 69 'read' 'p_read_46' <Predicate = true> <Delay = 0.00>
ST_7 : Operation 70 [1/1] (0.00ns)   --->   "%p_read_47 = read i8 @_ssdm_op_Read.ap_auto.i8, i8 %p_read1337" [src/ORB.cpp:41]   --->   Operation 70 'read' 'p_read_47' <Predicate = true> <Delay = 0.00>
ST_7 : Operation 71 [1/1] (0.00ns)   --->   "%p_read_48 = read i8 @_ssdm_op_Read.ap_auto.i8, i8 %p_read1336" [src/ORB.cpp:41]   --->   Operation 71 'read' 'p_read_48' <Predicate = true> <Delay = 0.00>
ST_7 : Operation 72 [1/1] (0.00ns)   --->   "%p_read_49 = read i8 @_ssdm_op_Read.ap_auto.i8, i8 %p_read1335" [src/ORB.cpp:41]   --->   Operation 72 'read' 'p_read_49' <Predicate = true> <Delay = 0.00>
ST_7 : Operation 73 [1/1] (0.00ns)   --->   "%p_read_50 = read i8 @_ssdm_op_Read.ap_auto.i8, i8 %p_read1334" [src/ORB.cpp:41]   --->   Operation 73 'read' 'p_read_50' <Predicate = true> <Delay = 0.00>
ST_7 : Operation 74 [1/1] (0.00ns)   --->   "%p_read_51 = read i8 @_ssdm_op_Read.ap_auto.i8, i8 %p_read1333" [src/ORB.cpp:41]   --->   Operation 74 'read' 'p_read_51' <Predicate = true> <Delay = 0.00>
ST_7 : Operation 75 [1/1] (0.00ns)   --->   "%p_read_52 = read i8 @_ssdm_op_Read.ap_auto.i8, i8 %p_read1332" [src/ORB.cpp:41]   --->   Operation 75 'read' 'p_read_52' <Predicate = true> <Delay = 0.00>
ST_7 : Operation 76 [1/1] (0.00ns)   --->   "%p_read_53 = read i8 @_ssdm_op_Read.ap_auto.i8, i8 %p_read1331" [src/ORB.cpp:41]   --->   Operation 76 'read' 'p_read_53' <Predicate = true> <Delay = 0.00>
ST_7 : Operation 77 [1/1] (0.00ns)   --->   "%p_read_54 = read i8 @_ssdm_op_Read.ap_auto.i8, i8 %p_read1330" [src/ORB.cpp:41]   --->   Operation 77 'read' 'p_read_54' <Predicate = true> <Delay = 0.00>
ST_7 : Operation 78 [1/1] (0.00ns)   --->   "%p_read_55 = read i8 @_ssdm_op_Read.ap_auto.i8, i8 %p_read1329" [src/ORB.cpp:41]   --->   Operation 78 'read' 'p_read_55' <Predicate = true> <Delay = 0.00>
ST_7 : Operation 79 [1/1] (0.00ns)   --->   "%p_read_56 = read i8 @_ssdm_op_Read.ap_auto.i8, i8 %p_read1328" [src/ORB.cpp:41]   --->   Operation 79 'read' 'p_read_56' <Predicate = true> <Delay = 0.00>
ST_7 : Operation 80 [1/1] (0.00ns)   --->   "%p_read_57 = read i8 @_ssdm_op_Read.ap_auto.i8, i8 %p_read1327" [src/ORB.cpp:41]   --->   Operation 80 'read' 'p_read_57' <Predicate = true> <Delay = 0.00>
ST_7 : Operation 81 [1/1] (0.00ns)   --->   "%p_read_58 = read i8 @_ssdm_op_Read.ap_auto.i8, i8 %p_read1326" [src/ORB.cpp:41]   --->   Operation 81 'read' 'p_read_58' <Predicate = true> <Delay = 0.00>
ST_7 : Operation 82 [1/1] (0.00ns)   --->   "%p_read_59 = read i8 @_ssdm_op_Read.ap_auto.i8, i8 %p_read1325" [src/ORB.cpp:41]   --->   Operation 82 'read' 'p_read_59' <Predicate = true> <Delay = 0.00>
ST_7 : Operation 83 [1/1] (0.00ns)   --->   "%p_read_60 = read i8 @_ssdm_op_Read.ap_auto.i8, i8 %p_read1324" [src/ORB.cpp:41]   --->   Operation 83 'read' 'p_read_60' <Predicate = true> <Delay = 0.00>
ST_7 : Operation 84 [1/1] (0.00ns)   --->   "%p_read_61 = read i8 @_ssdm_op_Read.ap_auto.i8, i8 %p_read1323" [src/ORB.cpp:41]   --->   Operation 84 'read' 'p_read_61' <Predicate = true> <Delay = 0.00>
ST_7 : Operation 85 [1/1] (0.00ns)   --->   "%p_read_62 = read i8 @_ssdm_op_Read.ap_auto.i8, i8 %p_read1322" [src/ORB.cpp:41]   --->   Operation 85 'read' 'p_read_62' <Predicate = true> <Delay = 0.00>
ST_7 : Operation 86 [1/1] (0.00ns)   --->   "%p_read_63 = read i8 @_ssdm_op_Read.ap_auto.i8, i8 %p_read1321" [src/ORB.cpp:41]   --->   Operation 86 'read' 'p_read_63' <Predicate = true> <Delay = 0.00>
ST_7 : Operation 87 [1/1] (0.00ns)   --->   "%p_read_64 = read i8 @_ssdm_op_Read.ap_auto.i8, i8 %p_read1320" [src/ORB.cpp:41]   --->   Operation 87 'read' 'p_read_64' <Predicate = true> <Delay = 0.00>
ST_7 : Operation 88 [1/1] (0.00ns)   --->   "%p_read_65 = read i8 @_ssdm_op_Read.ap_auto.i8, i8 %p_read1319" [src/ORB.cpp:41]   --->   Operation 88 'read' 'p_read_65' <Predicate = true> <Delay = 0.00>
ST_7 : Operation 89 [1/1] (0.00ns)   --->   "%p_read_66 = read i8 @_ssdm_op_Read.ap_auto.i8, i8 %p_read1318" [src/ORB.cpp:41]   --->   Operation 89 'read' 'p_read_66' <Predicate = true> <Delay = 0.00>
ST_7 : Operation 90 [1/1] (0.00ns)   --->   "%p_read_67 = read i8 @_ssdm_op_Read.ap_auto.i8, i8 %p_read1317" [src/ORB.cpp:41]   --->   Operation 90 'read' 'p_read_67' <Predicate = true> <Delay = 0.00>
ST_7 : Operation 91 [1/1] (0.00ns)   --->   "%p_read_68 = read i8 @_ssdm_op_Read.ap_auto.i8, i8 %p_read1316" [src/ORB.cpp:41]   --->   Operation 91 'read' 'p_read_68' <Predicate = true> <Delay = 0.00>
ST_7 : Operation 92 [1/1] (0.00ns)   --->   "%p_read_69 = read i8 @_ssdm_op_Read.ap_auto.i8, i8 %p_read1315" [src/ORB.cpp:41]   --->   Operation 92 'read' 'p_read_69' <Predicate = true> <Delay = 0.00>
ST_7 : Operation 93 [1/1] (0.00ns)   --->   "%p_read_70 = read i8 @_ssdm_op_Read.ap_auto.i8, i8 %p_read1314" [src/ORB.cpp:41]   --->   Operation 93 'read' 'p_read_70' <Predicate = true> <Delay = 0.00>
ST_7 : Operation 94 [1/1] (0.00ns)   --->   "%p_read_71 = read i8 @_ssdm_op_Read.ap_auto.i8, i8 %p_read1313" [src/ORB.cpp:41]   --->   Operation 94 'read' 'p_read_71' <Predicate = true> <Delay = 0.00>
ST_7 : Operation 95 [1/1] (0.00ns)   --->   "%p_read_72 = read i8 @_ssdm_op_Read.ap_auto.i8, i8 %p_read1312" [src/ORB.cpp:41]   --->   Operation 95 'read' 'p_read_72' <Predicate = true> <Delay = 0.00>
ST_7 : Operation 96 [1/1] (0.00ns)   --->   "%p_read_73 = read i8 @_ssdm_op_Read.ap_auto.i8, i8 %p_read1311" [src/ORB.cpp:41]   --->   Operation 96 'read' 'p_read_73' <Predicate = true> <Delay = 0.00>
ST_7 : Operation 97 [1/1] (0.00ns)   --->   "%p_read_74 = read i8 @_ssdm_op_Read.ap_auto.i8, i8 %p_read1310" [src/ORB.cpp:41]   --->   Operation 97 'read' 'p_read_74' <Predicate = true> <Delay = 0.00>
ST_7 : Operation 98 [1/1] (0.00ns)   --->   "%p_read_75 = read i8 @_ssdm_op_Read.ap_auto.i8, i8 %p_read1309" [src/ORB.cpp:41]   --->   Operation 98 'read' 'p_read_75' <Predicate = true> <Delay = 0.00>
ST_7 : Operation 99 [1/1] (0.00ns)   --->   "%p_read_76 = read i8 @_ssdm_op_Read.ap_auto.i8, i8 %p_read1308" [src/ORB.cpp:41]   --->   Operation 99 'read' 'p_read_76' <Predicate = true> <Delay = 0.00>
ST_7 : Operation 100 [1/1] (0.00ns)   --->   "%p_read_77 = read i8 @_ssdm_op_Read.ap_auto.i8, i8 %p_read1307" [src/ORB.cpp:41]   --->   Operation 100 'read' 'p_read_77' <Predicate = true> <Delay = 0.00>
ST_7 : Operation 101 [1/1] (0.00ns)   --->   "%p_read_78 = read i8 @_ssdm_op_Read.ap_auto.i8, i8 %p_read1306" [src/ORB.cpp:41]   --->   Operation 101 'read' 'p_read_78' <Predicate = true> <Delay = 0.00>
ST_7 : Operation 102 [1/1] (0.00ns)   --->   "%p_read_79 = read i8 @_ssdm_op_Read.ap_auto.i8, i8 %p_read1305" [src/ORB.cpp:41]   --->   Operation 102 'read' 'p_read_79' <Predicate = true> <Delay = 0.00>
ST_7 : Operation 103 [1/1] (0.00ns)   --->   "%p_read_80 = read i8 @_ssdm_op_Read.ap_auto.i8, i8 %p_read1304" [src/ORB.cpp:41]   --->   Operation 103 'read' 'p_read_80' <Predicate = true> <Delay = 0.00>
ST_7 : Operation 104 [1/1] (0.00ns)   --->   "%p_read_81 = read i8 @_ssdm_op_Read.ap_auto.i8, i8 %p_read1303" [src/ORB.cpp:41]   --->   Operation 104 'read' 'p_read_81' <Predicate = true> <Delay = 0.00>
ST_7 : Operation 105 [1/1] (0.00ns)   --->   "%p_read_82 = read i8 @_ssdm_op_Read.ap_auto.i8, i8 %p_read1302" [src/ORB.cpp:41]   --->   Operation 105 'read' 'p_read_82' <Predicate = true> <Delay = 0.00>
ST_7 : Operation 106 [1/1] (0.00ns)   --->   "%p_read_83 = read i8 @_ssdm_op_Read.ap_auto.i8, i8 %p_read1301" [src/ORB.cpp:41]   --->   Operation 106 'read' 'p_read_83' <Predicate = true> <Delay = 0.00>
ST_7 : Operation 107 [1/1] (0.00ns)   --->   "%p_read_84 = read i8 @_ssdm_op_Read.ap_auto.i8, i8 %p_read1300" [src/ORB.cpp:41]   --->   Operation 107 'read' 'p_read_84' <Predicate = true> <Delay = 0.00>
ST_7 : Operation 108 [1/1] (0.00ns)   --->   "%p_read_85 = read i8 @_ssdm_op_Read.ap_auto.i8, i8 %p_read1299" [src/ORB.cpp:41]   --->   Operation 108 'read' 'p_read_85' <Predicate = true> <Delay = 0.00>
ST_7 : Operation 109 [1/1] (0.00ns)   --->   "%p_read_86 = read i8 @_ssdm_op_Read.ap_auto.i8, i8 %p_read1298" [src/ORB.cpp:41]   --->   Operation 109 'read' 'p_read_86' <Predicate = true> <Delay = 0.00>
ST_7 : Operation 110 [1/1] (0.00ns)   --->   "%p_read_87 = read i8 @_ssdm_op_Read.ap_auto.i8, i8 %p_read1297" [src/ORB.cpp:41]   --->   Operation 110 'read' 'p_read_87' <Predicate = true> <Delay = 0.00>
ST_7 : Operation 111 [1/1] (0.00ns)   --->   "%p_read_88 = read i8 @_ssdm_op_Read.ap_auto.i8, i8 %p_read1296" [src/ORB.cpp:41]   --->   Operation 111 'read' 'p_read_88' <Predicate = true> <Delay = 0.00>
ST_7 : Operation 112 [1/1] (0.00ns)   --->   "%p_read_89 = read i8 @_ssdm_op_Read.ap_auto.i8, i8 %p_read1295" [src/ORB.cpp:41]   --->   Operation 112 'read' 'p_read_89' <Predicate = true> <Delay = 0.00>
ST_7 : Operation 113 [1/1] (0.00ns)   --->   "%p_read_90 = read i8 @_ssdm_op_Read.ap_auto.i8, i8 %p_read1294" [src/ORB.cpp:41]   --->   Operation 113 'read' 'p_read_90' <Predicate = true> <Delay = 0.00>
ST_7 : Operation 114 [1/1] (0.00ns)   --->   "%p_read_91 = read i8 @_ssdm_op_Read.ap_auto.i8, i8 %p_read1293" [src/ORB.cpp:41]   --->   Operation 114 'read' 'p_read_91' <Predicate = true> <Delay = 0.00>
ST_7 : Operation 115 [1/1] (0.00ns)   --->   "%p_read_92 = read i8 @_ssdm_op_Read.ap_auto.i8, i8 %p_read1292" [src/ORB.cpp:41]   --->   Operation 115 'read' 'p_read_92' <Predicate = true> <Delay = 0.00>
ST_7 : Operation 116 [1/1] (0.00ns)   --->   "%p_read_93 = read i8 @_ssdm_op_Read.ap_auto.i8, i8 %p_read1291" [src/ORB.cpp:41]   --->   Operation 116 'read' 'p_read_93' <Predicate = true> <Delay = 0.00>
ST_7 : Operation 117 [1/1] (0.00ns)   --->   "%p_read_94 = read i8 @_ssdm_op_Read.ap_auto.i8, i8 %p_read1290" [src/ORB.cpp:41]   --->   Operation 117 'read' 'p_read_94' <Predicate = true> <Delay = 0.00>
ST_7 : Operation 118 [1/1] (0.00ns)   --->   "%p_read_95 = read i8 @_ssdm_op_Read.ap_auto.i8, i8 %p_read1289" [src/ORB.cpp:41]   --->   Operation 118 'read' 'p_read_95' <Predicate = true> <Delay = 0.00>
ST_7 : Operation 119 [1/1] (0.00ns)   --->   "%p_read_96 = read i8 @_ssdm_op_Read.ap_auto.i8, i8 %p_read1288" [src/ORB.cpp:41]   --->   Operation 119 'read' 'p_read_96' <Predicate = true> <Delay = 0.00>
ST_7 : Operation 120 [1/1] (0.00ns)   --->   "%p_read_97 = read i8 @_ssdm_op_Read.ap_auto.i8, i8 %p_read1287" [src/ORB.cpp:41]   --->   Operation 120 'read' 'p_read_97' <Predicate = true> <Delay = 0.00>
ST_7 : Operation 121 [1/1] (0.00ns)   --->   "%p_read_98 = read i8 @_ssdm_op_Read.ap_auto.i8, i8 %p_read1286" [src/ORB.cpp:41]   --->   Operation 121 'read' 'p_read_98' <Predicate = true> <Delay = 0.00>
ST_7 : Operation 122 [1/1] (0.00ns)   --->   "%p_read_99 = read i8 @_ssdm_op_Read.ap_auto.i8, i8 %p_read1285" [src/ORB.cpp:41]   --->   Operation 122 'read' 'p_read_99' <Predicate = true> <Delay = 0.00>
ST_7 : Operation 123 [1/1] (0.00ns)   --->   "%p_read_100 = read i8 @_ssdm_op_Read.ap_auto.i8, i8 %p_read1284" [src/ORB.cpp:41]   --->   Operation 123 'read' 'p_read_100' <Predicate = true> <Delay = 0.00>
ST_7 : Operation 124 [1/1] (0.00ns)   --->   "%p_read_101 = read i8 @_ssdm_op_Read.ap_auto.i8, i8 %p_read1283" [src/ORB.cpp:41]   --->   Operation 124 'read' 'p_read_101' <Predicate = true> <Delay = 0.00>
ST_7 : Operation 125 [1/1] (0.00ns)   --->   "%p_read_102 = read i8 @_ssdm_op_Read.ap_auto.i8, i8 %p_read1282" [src/ORB.cpp:41]   --->   Operation 125 'read' 'p_read_102' <Predicate = true> <Delay = 0.00>
ST_7 : Operation 126 [1/1] (0.00ns)   --->   "%p_read_103 = read i8 @_ssdm_op_Read.ap_auto.i8, i8 %p_read1281" [src/ORB.cpp:41]   --->   Operation 126 'read' 'p_read_103' <Predicate = true> <Delay = 0.00>
ST_7 : Operation 127 [1/1] (0.00ns)   --->   "%p_read_104 = read i8 @_ssdm_op_Read.ap_auto.i8, i8 %p_read1280" [src/ORB.cpp:41]   --->   Operation 127 'read' 'p_read_104' <Predicate = true> <Delay = 0.00>
ST_7 : Operation 128 [1/1] (0.00ns)   --->   "%p_read_105 = read i8 @_ssdm_op_Read.ap_auto.i8, i8 %p_read1279" [src/ORB.cpp:41]   --->   Operation 128 'read' 'p_read_105' <Predicate = true> <Delay = 0.00>
ST_7 : Operation 129 [1/1] (0.00ns)   --->   "%p_read_106 = read i8 @_ssdm_op_Read.ap_auto.i8, i8 %p_read1278" [src/ORB.cpp:41]   --->   Operation 129 'read' 'p_read_106' <Predicate = true> <Delay = 0.00>
ST_7 : Operation 130 [1/1] (0.00ns)   --->   "%p_read_107 = read i8 @_ssdm_op_Read.ap_auto.i8, i8 %p_read1277" [src/ORB.cpp:41]   --->   Operation 130 'read' 'p_read_107' <Predicate = true> <Delay = 0.00>
ST_7 : Operation 131 [1/1] (0.00ns)   --->   "%p_read_108 = read i8 @_ssdm_op_Read.ap_auto.i8, i8 %p_read1276" [src/ORB.cpp:41]   --->   Operation 131 'read' 'p_read_108' <Predicate = true> <Delay = 0.00>
ST_7 : Operation 132 [1/1] (0.00ns)   --->   "%p_read_109 = read i8 @_ssdm_op_Read.ap_auto.i8, i8 %p_read1275" [src/ORB.cpp:41]   --->   Operation 132 'read' 'p_read_109' <Predicate = true> <Delay = 0.00>
ST_7 : Operation 133 [1/1] (0.00ns)   --->   "%p_read_110 = read i8 @_ssdm_op_Read.ap_auto.i8, i8 %p_read1274" [src/ORB.cpp:41]   --->   Operation 133 'read' 'p_read_110' <Predicate = true> <Delay = 0.00>
ST_7 : Operation 134 [1/1] (0.00ns)   --->   "%p_read_111 = read i8 @_ssdm_op_Read.ap_auto.i8, i8 %p_read1273" [src/ORB.cpp:41]   --->   Operation 134 'read' 'p_read_111' <Predicate = true> <Delay = 0.00>
ST_7 : Operation 135 [1/1] (0.00ns)   --->   "%p_read_112 = read i8 @_ssdm_op_Read.ap_auto.i8, i8 %p_read1272" [src/ORB.cpp:41]   --->   Operation 135 'read' 'p_read_112' <Predicate = true> <Delay = 0.00>
ST_7 : Operation 136 [1/1] (0.00ns)   --->   "%p_read_113 = read i8 @_ssdm_op_Read.ap_auto.i8, i8 %p_read1271" [src/ORB.cpp:41]   --->   Operation 136 'read' 'p_read_113' <Predicate = true> <Delay = 0.00>
ST_7 : Operation 137 [1/1] (0.00ns)   --->   "%p_read_114 = read i8 @_ssdm_op_Read.ap_auto.i8, i8 %p_read1270" [src/ORB.cpp:41]   --->   Operation 137 'read' 'p_read_114' <Predicate = true> <Delay = 0.00>
ST_7 : Operation 138 [1/1] (0.00ns)   --->   "%p_read_115 = read i8 @_ssdm_op_Read.ap_auto.i8, i8 %p_read1269" [src/ORB.cpp:41]   --->   Operation 138 'read' 'p_read_115' <Predicate = true> <Delay = 0.00>
ST_7 : Operation 139 [1/1] (0.00ns)   --->   "%p_read_116 = read i8 @_ssdm_op_Read.ap_auto.i8, i8 %p_read1268" [src/ORB.cpp:41]   --->   Operation 139 'read' 'p_read_116' <Predicate = true> <Delay = 0.00>
ST_7 : Operation 140 [1/1] (0.00ns)   --->   "%p_read_117 = read i8 @_ssdm_op_Read.ap_auto.i8, i8 %p_read1267" [src/ORB.cpp:41]   --->   Operation 140 'read' 'p_read_117' <Predicate = true> <Delay = 0.00>
ST_7 : Operation 141 [1/1] (0.00ns)   --->   "%p_read_118 = read i8 @_ssdm_op_Read.ap_auto.i8, i8 %p_read1266" [src/ORB.cpp:41]   --->   Operation 141 'read' 'p_read_118' <Predicate = true> <Delay = 0.00>
ST_7 : Operation 142 [1/1] (0.00ns)   --->   "%p_read_119 = read i8 @_ssdm_op_Read.ap_auto.i8, i8 %p_read1265" [src/ORB.cpp:41]   --->   Operation 142 'read' 'p_read_119' <Predicate = true> <Delay = 0.00>
ST_7 : Operation 143 [1/1] (0.00ns)   --->   "%p_read_120 = read i8 @_ssdm_op_Read.ap_auto.i8, i8 %p_read1264" [src/ORB.cpp:41]   --->   Operation 143 'read' 'p_read_120' <Predicate = true> <Delay = 0.00>
ST_7 : Operation 144 [1/1] (0.00ns)   --->   "%p_read_121 = read i8 @_ssdm_op_Read.ap_auto.i8, i8 %p_read1263" [src/ORB.cpp:41]   --->   Operation 144 'read' 'p_read_121' <Predicate = true> <Delay = 0.00>
ST_7 : Operation 145 [1/1] (0.00ns)   --->   "%p_read_122 = read i8 @_ssdm_op_Read.ap_auto.i8, i8 %p_read1262" [src/ORB.cpp:41]   --->   Operation 145 'read' 'p_read_122' <Predicate = true> <Delay = 0.00>
ST_7 : Operation 146 [1/1] (0.00ns)   --->   "%p_read_123 = read i8 @_ssdm_op_Read.ap_auto.i8, i8 %p_read1261" [src/ORB.cpp:41]   --->   Operation 146 'read' 'p_read_123' <Predicate = true> <Delay = 0.00>
ST_7 : Operation 147 [1/1] (0.00ns)   --->   "%p_read_124 = read i8 @_ssdm_op_Read.ap_auto.i8, i8 %p_read1260" [src/ORB.cpp:41]   --->   Operation 147 'read' 'p_read_124' <Predicate = true> <Delay = 0.00>
ST_7 : Operation 148 [1/1] (0.00ns)   --->   "%p_read_125 = read i8 @_ssdm_op_Read.ap_auto.i8, i8 %p_read1259" [src/ORB.cpp:41]   --->   Operation 148 'read' 'p_read_125' <Predicate = true> <Delay = 0.00>
ST_7 : Operation 149 [1/1] (0.00ns)   --->   "%p_read_126 = read i8 @_ssdm_op_Read.ap_auto.i8, i8 %p_read1258" [src/ORB.cpp:41]   --->   Operation 149 'read' 'p_read_126' <Predicate = true> <Delay = 0.00>
ST_7 : Operation 150 [1/1] (0.00ns)   --->   "%p_read_127 = read i8 @_ssdm_op_Read.ap_auto.i8, i8 %p_read1257" [src/ORB.cpp:41]   --->   Operation 150 'read' 'p_read_127' <Predicate = true> <Delay = 0.00>
ST_7 : Operation 151 [1/1] (0.00ns)   --->   "%p_read_128 = read i8 @_ssdm_op_Read.ap_auto.i8, i8 %p_read1256" [src/ORB.cpp:41]   --->   Operation 151 'read' 'p_read_128' <Predicate = true> <Delay = 0.00>
ST_7 : Operation 152 [1/1] (0.00ns)   --->   "%p_read_129 = read i8 @_ssdm_op_Read.ap_auto.i8, i8 %p_read1255" [src/ORB.cpp:41]   --->   Operation 152 'read' 'p_read_129' <Predicate = true> <Delay = 0.00>
ST_7 : Operation 153 [1/1] (0.00ns)   --->   "%p_read_130 = read i8 @_ssdm_op_Read.ap_auto.i8, i8 %p_read1254" [src/ORB.cpp:41]   --->   Operation 153 'read' 'p_read_130' <Predicate = true> <Delay = 0.00>
ST_7 : Operation 154 [1/1] (0.00ns)   --->   "%p_read_131 = read i8 @_ssdm_op_Read.ap_auto.i8, i8 %p_read1253" [src/ORB.cpp:41]   --->   Operation 154 'read' 'p_read_131' <Predicate = true> <Delay = 0.00>
ST_7 : Operation 155 [1/1] (0.00ns)   --->   "%p_read_132 = read i8 @_ssdm_op_Read.ap_auto.i8, i8 %p_read1252" [src/ORB.cpp:41]   --->   Operation 155 'read' 'p_read_132' <Predicate = true> <Delay = 0.00>
ST_7 : Operation 156 [1/1] (0.00ns)   --->   "%p_read_133 = read i8 @_ssdm_op_Read.ap_auto.i8, i8 %p_read1251" [src/ORB.cpp:41]   --->   Operation 156 'read' 'p_read_133' <Predicate = true> <Delay = 0.00>
ST_7 : Operation 157 [1/1] (0.00ns)   --->   "%p_read_134 = read i8 @_ssdm_op_Read.ap_auto.i8, i8 %p_read1250" [src/ORB.cpp:41]   --->   Operation 157 'read' 'p_read_134' <Predicate = true> <Delay = 0.00>
ST_7 : Operation 158 [1/1] (0.00ns)   --->   "%p_read_135 = read i8 @_ssdm_op_Read.ap_auto.i8, i8 %p_read1249" [src/ORB.cpp:41]   --->   Operation 158 'read' 'p_read_135' <Predicate = true> <Delay = 0.00>
ST_7 : Operation 159 [1/1] (0.00ns)   --->   "%p_read_136 = read i8 @_ssdm_op_Read.ap_auto.i8, i8 %p_read1248" [src/ORB.cpp:41]   --->   Operation 159 'read' 'p_read_136' <Predicate = true> <Delay = 0.00>
ST_7 : Operation 160 [1/1] (0.00ns)   --->   "%p_read_137 = read i8 @_ssdm_op_Read.ap_auto.i8, i8 %p_read1247" [src/ORB.cpp:41]   --->   Operation 160 'read' 'p_read_137' <Predicate = true> <Delay = 0.00>
ST_7 : Operation 161 [1/1] (0.00ns)   --->   "%p_read_138 = read i8 @_ssdm_op_Read.ap_auto.i8, i8 %p_read1246" [src/ORB.cpp:41]   --->   Operation 161 'read' 'p_read_138' <Predicate = true> <Delay = 0.00>
ST_7 : Operation 162 [1/1] (0.00ns)   --->   "%p_read_139 = read i8 @_ssdm_op_Read.ap_auto.i8, i8 %p_read1245" [src/ORB.cpp:41]   --->   Operation 162 'read' 'p_read_139' <Predicate = true> <Delay = 0.00>
ST_7 : Operation 163 [1/1] (0.00ns)   --->   "%p_read_140 = read i8 @_ssdm_op_Read.ap_auto.i8, i8 %p_read1244" [src/ORB.cpp:41]   --->   Operation 163 'read' 'p_read_140' <Predicate = true> <Delay = 0.00>
ST_7 : Operation 164 [1/1] (0.00ns)   --->   "%p_read_141 = read i8 @_ssdm_op_Read.ap_auto.i8, i8 %p_read1243" [src/ORB.cpp:41]   --->   Operation 164 'read' 'p_read_141' <Predicate = true> <Delay = 0.00>
ST_7 : Operation 165 [1/1] (0.00ns)   --->   "%p_read_142 = read i8 @_ssdm_op_Read.ap_auto.i8, i8 %p_read1242" [src/ORB.cpp:41]   --->   Operation 165 'read' 'p_read_142' <Predicate = true> <Delay = 0.00>
ST_7 : Operation 166 [1/1] (0.00ns)   --->   "%p_read_143 = read i8 @_ssdm_op_Read.ap_auto.i8, i8 %p_read1241" [src/ORB.cpp:41]   --->   Operation 166 'read' 'p_read_143' <Predicate = true> <Delay = 0.00>
ST_7 : Operation 167 [1/1] (0.00ns)   --->   "%p_read_144 = read i8 @_ssdm_op_Read.ap_auto.i8, i8 %p_read1240" [src/ORB.cpp:41]   --->   Operation 167 'read' 'p_read_144' <Predicate = true> <Delay = 0.00>
ST_7 : Operation 168 [1/1] (0.00ns)   --->   "%p_read_145 = read i8 @_ssdm_op_Read.ap_auto.i8, i8 %p_read1239" [src/ORB.cpp:41]   --->   Operation 168 'read' 'p_read_145' <Predicate = true> <Delay = 0.00>
ST_7 : Operation 169 [1/1] (0.00ns)   --->   "%p_read_146 = read i8 @_ssdm_op_Read.ap_auto.i8, i8 %p_read1238" [src/ORB.cpp:41]   --->   Operation 169 'read' 'p_read_146' <Predicate = true> <Delay = 0.00>
ST_7 : Operation 170 [1/1] (0.00ns)   --->   "%p_read_147 = read i8 @_ssdm_op_Read.ap_auto.i8, i8 %p_read1237" [src/ORB.cpp:41]   --->   Operation 170 'read' 'p_read_147' <Predicate = true> <Delay = 0.00>
ST_7 : Operation 171 [1/1] (0.00ns)   --->   "%p_read_148 = read i8 @_ssdm_op_Read.ap_auto.i8, i8 %p_read1236" [src/ORB.cpp:41]   --->   Operation 171 'read' 'p_read_148' <Predicate = true> <Delay = 0.00>
ST_7 : Operation 172 [1/1] (0.00ns)   --->   "%p_read_149 = read i8 @_ssdm_op_Read.ap_auto.i8, i8 %p_read1235" [src/ORB.cpp:41]   --->   Operation 172 'read' 'p_read_149' <Predicate = true> <Delay = 0.00>
ST_7 : Operation 173 [1/1] (0.00ns)   --->   "%p_read_150 = read i8 @_ssdm_op_Read.ap_auto.i8, i8 %p_read1234" [src/ORB.cpp:41]   --->   Operation 173 'read' 'p_read_150' <Predicate = true> <Delay = 0.00>
ST_7 : Operation 174 [1/1] (0.00ns)   --->   "%p_read_151 = read i8 @_ssdm_op_Read.ap_auto.i8, i8 %p_read1233" [src/ORB.cpp:41]   --->   Operation 174 'read' 'p_read_151' <Predicate = true> <Delay = 0.00>
ST_7 : Operation 175 [1/1] (0.00ns)   --->   "%p_read_152 = read i8 @_ssdm_op_Read.ap_auto.i8, i8 %p_read1232" [src/ORB.cpp:41]   --->   Operation 175 'read' 'p_read_152' <Predicate = true> <Delay = 0.00>
ST_7 : Operation 176 [1/1] (0.00ns)   --->   "%p_read_153 = read i8 @_ssdm_op_Read.ap_auto.i8, i8 %p_read1231" [src/ORB.cpp:41]   --->   Operation 176 'read' 'p_read_153' <Predicate = true> <Delay = 0.00>
ST_7 : Operation 177 [1/1] (0.00ns)   --->   "%p_read_154 = read i8 @_ssdm_op_Read.ap_auto.i8, i8 %p_read1230" [src/ORB.cpp:41]   --->   Operation 177 'read' 'p_read_154' <Predicate = true> <Delay = 0.00>
ST_7 : Operation 178 [1/1] (0.00ns)   --->   "%p_read_155 = read i8 @_ssdm_op_Read.ap_auto.i8, i8 %p_read1229" [src/ORB.cpp:41]   --->   Operation 178 'read' 'p_read_155' <Predicate = true> <Delay = 0.00>
ST_7 : Operation 179 [1/1] (0.00ns)   --->   "%p_read_156 = read i8 @_ssdm_op_Read.ap_auto.i8, i8 %p_read1228" [src/ORB.cpp:41]   --->   Operation 179 'read' 'p_read_156' <Predicate = true> <Delay = 0.00>
ST_7 : Operation 180 [1/1] (0.00ns)   --->   "%p_read_157 = read i8 @_ssdm_op_Read.ap_auto.i8, i8 %p_read1227" [src/ORB.cpp:41]   --->   Operation 180 'read' 'p_read_157' <Predicate = true> <Delay = 0.00>
ST_7 : Operation 181 [1/1] (0.00ns)   --->   "%p_read_158 = read i8 @_ssdm_op_Read.ap_auto.i8, i8 %p_read1226" [src/ORB.cpp:41]   --->   Operation 181 'read' 'p_read_158' <Predicate = true> <Delay = 0.00>
ST_7 : Operation 182 [1/1] (0.00ns)   --->   "%p_read_159 = read i8 @_ssdm_op_Read.ap_auto.i8, i8 %p_read1225" [src/ORB.cpp:41]   --->   Operation 182 'read' 'p_read_159' <Predicate = true> <Delay = 0.00>
ST_7 : Operation 183 [1/1] (0.00ns)   --->   "%p_read_160 = read i8 @_ssdm_op_Read.ap_auto.i8, i8 %p_read1224" [src/ORB.cpp:41]   --->   Operation 183 'read' 'p_read_160' <Predicate = true> <Delay = 0.00>
ST_7 : Operation 184 [1/1] (0.00ns)   --->   "%p_read_161 = read i8 @_ssdm_op_Read.ap_auto.i8, i8 %p_read1223" [src/ORB.cpp:41]   --->   Operation 184 'read' 'p_read_161' <Predicate = true> <Delay = 0.00>
ST_7 : Operation 185 [1/1] (0.00ns)   --->   "%p_read_162 = read i8 @_ssdm_op_Read.ap_auto.i8, i8 %p_read1222" [src/ORB.cpp:41]   --->   Operation 185 'read' 'p_read_162' <Predicate = true> <Delay = 0.00>
ST_7 : Operation 186 [1/1] (0.00ns)   --->   "%p_read_163 = read i8 @_ssdm_op_Read.ap_auto.i8, i8 %p_read1221" [src/ORB.cpp:41]   --->   Operation 186 'read' 'p_read_163' <Predicate = true> <Delay = 0.00>
ST_7 : Operation 187 [1/1] (0.00ns)   --->   "%p_read_164 = read i8 @_ssdm_op_Read.ap_auto.i8, i8 %p_read1220" [src/ORB.cpp:41]   --->   Operation 187 'read' 'p_read_164' <Predicate = true> <Delay = 0.00>
ST_7 : Operation 188 [1/1] (0.00ns)   --->   "%p_read_165 = read i8 @_ssdm_op_Read.ap_auto.i8, i8 %p_read1219" [src/ORB.cpp:41]   --->   Operation 188 'read' 'p_read_165' <Predicate = true> <Delay = 0.00>
ST_7 : Operation 189 [1/1] (0.00ns)   --->   "%p_read_166 = read i8 @_ssdm_op_Read.ap_auto.i8, i8 %p_read1218" [src/ORB.cpp:41]   --->   Operation 189 'read' 'p_read_166' <Predicate = true> <Delay = 0.00>
ST_7 : Operation 190 [1/1] (0.00ns)   --->   "%p_read_167 = read i8 @_ssdm_op_Read.ap_auto.i8, i8 %p_read1217" [src/ORB.cpp:41]   --->   Operation 190 'read' 'p_read_167' <Predicate = true> <Delay = 0.00>
ST_7 : Operation 191 [1/1] (0.00ns)   --->   "%p_read_168 = read i8 @_ssdm_op_Read.ap_auto.i8, i8 %p_read1216" [src/ORB.cpp:41]   --->   Operation 191 'read' 'p_read_168' <Predicate = true> <Delay = 0.00>
ST_7 : Operation 192 [1/1] (0.00ns)   --->   "%p_read_169 = read i8 @_ssdm_op_Read.ap_auto.i8, i8 %p_read1215" [src/ORB.cpp:41]   --->   Operation 192 'read' 'p_read_169' <Predicate = true> <Delay = 0.00>
ST_7 : Operation 193 [1/1] (0.00ns)   --->   "%p_read_170 = read i8 @_ssdm_op_Read.ap_auto.i8, i8 %p_read1214" [src/ORB.cpp:41]   --->   Operation 193 'read' 'p_read_170' <Predicate = true> <Delay = 0.00>
ST_7 : Operation 194 [1/1] (0.00ns)   --->   "%p_read_171 = read i8 @_ssdm_op_Read.ap_auto.i8, i8 %p_read1213" [src/ORB.cpp:41]   --->   Operation 194 'read' 'p_read_171' <Predicate = true> <Delay = 0.00>
ST_7 : Operation 195 [1/1] (0.00ns)   --->   "%p_read_172 = read i8 @_ssdm_op_Read.ap_auto.i8, i8 %p_read1212" [src/ORB.cpp:41]   --->   Operation 195 'read' 'p_read_172' <Predicate = true> <Delay = 0.00>
ST_7 : Operation 196 [1/1] (0.00ns)   --->   "%p_read_173 = read i8 @_ssdm_op_Read.ap_auto.i8, i8 %p_read1211" [src/ORB.cpp:41]   --->   Operation 196 'read' 'p_read_173' <Predicate = true> <Delay = 0.00>
ST_7 : Operation 197 [1/1] (0.00ns)   --->   "%p_read_174 = read i8 @_ssdm_op_Read.ap_auto.i8, i8 %p_read1210" [src/ORB.cpp:41]   --->   Operation 197 'read' 'p_read_174' <Predicate = true> <Delay = 0.00>
ST_7 : Operation 198 [1/1] (0.00ns)   --->   "%p_read_175 = read i8 @_ssdm_op_Read.ap_auto.i8, i8 %p_read1209" [src/ORB.cpp:41]   --->   Operation 198 'read' 'p_read_175' <Predicate = true> <Delay = 0.00>
ST_7 : Operation 199 [1/1] (0.00ns)   --->   "%p_read_176 = read i8 @_ssdm_op_Read.ap_auto.i8, i8 %p_read1208" [src/ORB.cpp:41]   --->   Operation 199 'read' 'p_read_176' <Predicate = true> <Delay = 0.00>
ST_7 : Operation 200 [1/1] (0.00ns)   --->   "%p_read_177 = read i8 @_ssdm_op_Read.ap_auto.i8, i8 %p_read1207" [src/ORB.cpp:41]   --->   Operation 200 'read' 'p_read_177' <Predicate = true> <Delay = 0.00>
ST_7 : Operation 201 [1/1] (0.00ns)   --->   "%p_read_178 = read i8 @_ssdm_op_Read.ap_auto.i8, i8 %p_read1206" [src/ORB.cpp:41]   --->   Operation 201 'read' 'p_read_178' <Predicate = true> <Delay = 0.00>
ST_7 : Operation 202 [1/1] (0.00ns)   --->   "%p_read_179 = read i8 @_ssdm_op_Read.ap_auto.i8, i8 %p_read1205" [src/ORB.cpp:41]   --->   Operation 202 'read' 'p_read_179' <Predicate = true> <Delay = 0.00>
ST_7 : Operation 203 [1/1] (0.00ns)   --->   "%p_read_180 = read i8 @_ssdm_op_Read.ap_auto.i8, i8 %p_read1204" [src/ORB.cpp:41]   --->   Operation 203 'read' 'p_read_180' <Predicate = true> <Delay = 0.00>
ST_7 : Operation 204 [1/1] (0.00ns)   --->   "%p_read_181 = read i8 @_ssdm_op_Read.ap_auto.i8, i8 %p_read1203" [src/ORB.cpp:41]   --->   Operation 204 'read' 'p_read_181' <Predicate = true> <Delay = 0.00>
ST_7 : Operation 205 [1/1] (0.00ns)   --->   "%p_read_182 = read i8 @_ssdm_op_Read.ap_auto.i8, i8 %p_read1202" [src/ORB.cpp:41]   --->   Operation 205 'read' 'p_read_182' <Predicate = true> <Delay = 0.00>
ST_7 : Operation 206 [1/1] (0.00ns)   --->   "%p_read_183 = read i8 @_ssdm_op_Read.ap_auto.i8, i8 %p_read1201" [src/ORB.cpp:41]   --->   Operation 206 'read' 'p_read_183' <Predicate = true> <Delay = 0.00>
ST_7 : Operation 207 [1/1] (0.00ns)   --->   "%p_read_184 = read i8 @_ssdm_op_Read.ap_auto.i8, i8 %p_read1200" [src/ORB.cpp:41]   --->   Operation 207 'read' 'p_read_184' <Predicate = true> <Delay = 0.00>
ST_7 : Operation 208 [1/1] (0.00ns)   --->   "%p_read_185 = read i8 @_ssdm_op_Read.ap_auto.i8, i8 %p_read1199" [src/ORB.cpp:41]   --->   Operation 208 'read' 'p_read_185' <Predicate = true> <Delay = 0.00>
ST_7 : Operation 209 [1/1] (0.00ns)   --->   "%p_read_186 = read i8 @_ssdm_op_Read.ap_auto.i8, i8 %p_read1198" [src/ORB.cpp:41]   --->   Operation 209 'read' 'p_read_186' <Predicate = true> <Delay = 0.00>
ST_7 : Operation 210 [1/1] (0.00ns)   --->   "%p_read_187 = read i8 @_ssdm_op_Read.ap_auto.i8, i8 %p_read1197" [src/ORB.cpp:41]   --->   Operation 210 'read' 'p_read_187' <Predicate = true> <Delay = 0.00>
ST_7 : Operation 211 [1/1] (0.00ns)   --->   "%p_read_188 = read i8 @_ssdm_op_Read.ap_auto.i8, i8 %p_read1196" [src/ORB.cpp:41]   --->   Operation 211 'read' 'p_read_188' <Predicate = true> <Delay = 0.00>
ST_7 : Operation 212 [1/1] (0.00ns)   --->   "%p_read_189 = read i8 @_ssdm_op_Read.ap_auto.i8, i8 %p_read1195" [src/ORB.cpp:41]   --->   Operation 212 'read' 'p_read_189' <Predicate = true> <Delay = 0.00>
ST_7 : Operation 213 [1/1] (0.00ns)   --->   "%p_read_190 = read i8 @_ssdm_op_Read.ap_auto.i8, i8 %p_read1194" [src/ORB.cpp:41]   --->   Operation 213 'read' 'p_read_190' <Predicate = true> <Delay = 0.00>
ST_7 : Operation 214 [1/1] (0.00ns)   --->   "%p_read_191 = read i8 @_ssdm_op_Read.ap_auto.i8, i8 %p_read1193" [src/ORB.cpp:41]   --->   Operation 214 'read' 'p_read_191' <Predicate = true> <Delay = 0.00>
ST_7 : Operation 215 [1/1] (0.00ns)   --->   "%p_read_192 = read i8 @_ssdm_op_Read.ap_auto.i8, i8 %p_read1192" [src/ORB.cpp:41]   --->   Operation 215 'read' 'p_read_192' <Predicate = true> <Delay = 0.00>
ST_7 : Operation 216 [1/1] (0.00ns)   --->   "%p_read_193 = read i8 @_ssdm_op_Read.ap_auto.i8, i8 %p_read1191" [src/ORB.cpp:41]   --->   Operation 216 'read' 'p_read_193' <Predicate = true> <Delay = 0.00>
ST_7 : Operation 217 [1/1] (0.00ns)   --->   "%p_read_194 = read i8 @_ssdm_op_Read.ap_auto.i8, i8 %p_read1190" [src/ORB.cpp:41]   --->   Operation 217 'read' 'p_read_194' <Predicate = true> <Delay = 0.00>
ST_7 : Operation 218 [1/1] (0.00ns)   --->   "%p_read_195 = read i8 @_ssdm_op_Read.ap_auto.i8, i8 %p_read1189" [src/ORB.cpp:41]   --->   Operation 218 'read' 'p_read_195' <Predicate = true> <Delay = 0.00>
ST_7 : Operation 219 [1/1] (0.00ns)   --->   "%p_read_196 = read i8 @_ssdm_op_Read.ap_auto.i8, i8 %p_read1188" [src/ORB.cpp:41]   --->   Operation 219 'read' 'p_read_196' <Predicate = true> <Delay = 0.00>
ST_7 : Operation 220 [1/1] (0.00ns)   --->   "%p_read_197 = read i8 @_ssdm_op_Read.ap_auto.i8, i8 %p_read1187" [src/ORB.cpp:41]   --->   Operation 220 'read' 'p_read_197' <Predicate = true> <Delay = 0.00>
ST_7 : Operation 221 [1/1] (0.00ns)   --->   "%p_read_198 = read i8 @_ssdm_op_Read.ap_auto.i8, i8 %p_read1186" [src/ORB.cpp:41]   --->   Operation 221 'read' 'p_read_198' <Predicate = true> <Delay = 0.00>
ST_7 : Operation 222 [1/1] (0.00ns)   --->   "%p_read_199 = read i8 @_ssdm_op_Read.ap_auto.i8, i8 %p_read1185" [src/ORB.cpp:41]   --->   Operation 222 'read' 'p_read_199' <Predicate = true> <Delay = 0.00>
ST_7 : Operation 223 [1/1] (0.00ns)   --->   "%p_read_200 = read i8 @_ssdm_op_Read.ap_auto.i8, i8 %p_read1184" [src/ORB.cpp:41]   --->   Operation 223 'read' 'p_read_200' <Predicate = true> <Delay = 0.00>
ST_7 : Operation 224 [1/1] (0.00ns)   --->   "%p_read_201 = read i8 @_ssdm_op_Read.ap_auto.i8, i8 %p_read1183" [src/ORB.cpp:41]   --->   Operation 224 'read' 'p_read_201' <Predicate = true> <Delay = 0.00>
ST_7 : Operation 225 [1/1] (0.00ns)   --->   "%p_read_202 = read i8 @_ssdm_op_Read.ap_auto.i8, i8 %p_read1182" [src/ORB.cpp:41]   --->   Operation 225 'read' 'p_read_202' <Predicate = true> <Delay = 0.00>
ST_7 : Operation 226 [1/1] (0.00ns)   --->   "%p_read_203 = read i8 @_ssdm_op_Read.ap_auto.i8, i8 %p_read1181" [src/ORB.cpp:41]   --->   Operation 226 'read' 'p_read_203' <Predicate = true> <Delay = 0.00>
ST_7 : Operation 227 [1/1] (0.00ns)   --->   "%p_read_204 = read i8 @_ssdm_op_Read.ap_auto.i8, i8 %p_read1180" [src/ORB.cpp:41]   --->   Operation 227 'read' 'p_read_204' <Predicate = true> <Delay = 0.00>
ST_7 : Operation 228 [1/1] (0.00ns)   --->   "%p_read_205 = read i8 @_ssdm_op_Read.ap_auto.i8, i8 %p_read1179" [src/ORB.cpp:41]   --->   Operation 228 'read' 'p_read_205' <Predicate = true> <Delay = 0.00>
ST_7 : Operation 229 [1/1] (0.00ns)   --->   "%p_read_206 = read i8 @_ssdm_op_Read.ap_auto.i8, i8 %p_read1178" [src/ORB.cpp:41]   --->   Operation 229 'read' 'p_read_206' <Predicate = true> <Delay = 0.00>
ST_7 : Operation 230 [1/1] (0.00ns)   --->   "%p_read_207 = read i8 @_ssdm_op_Read.ap_auto.i8, i8 %p_read1177" [src/ORB.cpp:41]   --->   Operation 230 'read' 'p_read_207' <Predicate = true> <Delay = 0.00>
ST_7 : Operation 231 [1/1] (0.00ns)   --->   "%p_read_208 = read i8 @_ssdm_op_Read.ap_auto.i8, i8 %p_read1176" [src/ORB.cpp:41]   --->   Operation 231 'read' 'p_read_208' <Predicate = true> <Delay = 0.00>
ST_7 : Operation 232 [1/1] (0.00ns)   --->   "%p_read_209 = read i8 @_ssdm_op_Read.ap_auto.i8, i8 %p_read1175" [src/ORB.cpp:41]   --->   Operation 232 'read' 'p_read_209' <Predicate = true> <Delay = 0.00>
ST_7 : Operation 233 [1/1] (0.00ns)   --->   "%p_read_210 = read i8 @_ssdm_op_Read.ap_auto.i8, i8 %p_read1174" [src/ORB.cpp:41]   --->   Operation 233 'read' 'p_read_210' <Predicate = true> <Delay = 0.00>
ST_7 : Operation 234 [1/1] (0.00ns)   --->   "%p_read_211 = read i8 @_ssdm_op_Read.ap_auto.i8, i8 %p_read1173" [src/ORB.cpp:41]   --->   Operation 234 'read' 'p_read_211' <Predicate = true> <Delay = 0.00>
ST_7 : Operation 235 [1/1] (0.00ns)   --->   "%p_read_212 = read i8 @_ssdm_op_Read.ap_auto.i8, i8 %p_read1172" [src/ORB.cpp:41]   --->   Operation 235 'read' 'p_read_212' <Predicate = true> <Delay = 0.00>
ST_7 : Operation 236 [1/1] (0.00ns)   --->   "%p_read_213 = read i8 @_ssdm_op_Read.ap_auto.i8, i8 %p_read1171" [src/ORB.cpp:41]   --->   Operation 236 'read' 'p_read_213' <Predicate = true> <Delay = 0.00>
ST_7 : Operation 237 [1/1] (0.00ns)   --->   "%p_read_214 = read i8 @_ssdm_op_Read.ap_auto.i8, i8 %p_read1170" [src/ORB.cpp:41]   --->   Operation 237 'read' 'p_read_214' <Predicate = true> <Delay = 0.00>
ST_7 : Operation 238 [1/1] (0.00ns)   --->   "%p_read_215 = read i8 @_ssdm_op_Read.ap_auto.i8, i8 %p_read1169" [src/ORB.cpp:41]   --->   Operation 238 'read' 'p_read_215' <Predicate = true> <Delay = 0.00>
ST_7 : Operation 239 [1/1] (0.00ns)   --->   "%p_read_216 = read i8 @_ssdm_op_Read.ap_auto.i8, i8 %p_read1168" [src/ORB.cpp:41]   --->   Operation 239 'read' 'p_read_216' <Predicate = true> <Delay = 0.00>
ST_7 : Operation 240 [1/1] (0.00ns)   --->   "%p_read_217 = read i8 @_ssdm_op_Read.ap_auto.i8, i8 %p_read1167" [src/ORB.cpp:41]   --->   Operation 240 'read' 'p_read_217' <Predicate = true> <Delay = 0.00>
ST_7 : Operation 241 [1/1] (0.00ns)   --->   "%p_read_218 = read i8 @_ssdm_op_Read.ap_auto.i8, i8 %p_read1166" [src/ORB.cpp:41]   --->   Operation 241 'read' 'p_read_218' <Predicate = true> <Delay = 0.00>
ST_7 : Operation 242 [1/1] (0.00ns)   --->   "%p_read_219 = read i8 @_ssdm_op_Read.ap_auto.i8, i8 %p_read1165" [src/ORB.cpp:41]   --->   Operation 242 'read' 'p_read_219' <Predicate = true> <Delay = 0.00>
ST_7 : Operation 243 [1/1] (0.00ns)   --->   "%p_read_220 = read i8 @_ssdm_op_Read.ap_auto.i8, i8 %p_read1164" [src/ORB.cpp:41]   --->   Operation 243 'read' 'p_read_220' <Predicate = true> <Delay = 0.00>
ST_7 : Operation 244 [1/1] (0.00ns)   --->   "%p_read_221 = read i8 @_ssdm_op_Read.ap_auto.i8, i8 %p_read1163" [src/ORB.cpp:41]   --->   Operation 244 'read' 'p_read_221' <Predicate = true> <Delay = 0.00>
ST_7 : Operation 245 [1/1] (0.00ns)   --->   "%p_read_222 = read i8 @_ssdm_op_Read.ap_auto.i8, i8 %p_read1162" [src/ORB.cpp:41]   --->   Operation 245 'read' 'p_read_222' <Predicate = true> <Delay = 0.00>
ST_7 : Operation 246 [1/1] (0.00ns)   --->   "%p_read_223 = read i8 @_ssdm_op_Read.ap_auto.i8, i8 %p_read1161" [src/ORB.cpp:41]   --->   Operation 246 'read' 'p_read_223' <Predicate = true> <Delay = 0.00>
ST_7 : Operation 247 [1/1] (0.00ns)   --->   "%p_read_224 = read i8 @_ssdm_op_Read.ap_auto.i8, i8 %p_read1160" [src/ORB.cpp:41]   --->   Operation 247 'read' 'p_read_224' <Predicate = true> <Delay = 0.00>
ST_7 : Operation 248 [1/1] (0.00ns)   --->   "%p_read_225 = read i8 @_ssdm_op_Read.ap_auto.i8, i8 %p_read1159" [src/ORB.cpp:41]   --->   Operation 248 'read' 'p_read_225' <Predicate = true> <Delay = 0.00>
ST_7 : Operation 249 [1/1] (0.00ns)   --->   "%p_read_226 = read i8 @_ssdm_op_Read.ap_auto.i8, i8 %p_read1158" [src/ORB.cpp:41]   --->   Operation 249 'read' 'p_read_226' <Predicate = true> <Delay = 0.00>
ST_7 : Operation 250 [1/1] (0.00ns)   --->   "%p_read_227 = read i8 @_ssdm_op_Read.ap_auto.i8, i8 %p_read1157" [src/ORB.cpp:41]   --->   Operation 250 'read' 'p_read_227' <Predicate = true> <Delay = 0.00>
ST_7 : Operation 251 [1/1] (0.00ns)   --->   "%p_read_228 = read i8 @_ssdm_op_Read.ap_auto.i8, i8 %p_read1156" [src/ORB.cpp:41]   --->   Operation 251 'read' 'p_read_228' <Predicate = true> <Delay = 0.00>
ST_7 : Operation 252 [1/1] (0.00ns)   --->   "%p_read_229 = read i8 @_ssdm_op_Read.ap_auto.i8, i8 %p_read1155" [src/ORB.cpp:41]   --->   Operation 252 'read' 'p_read_229' <Predicate = true> <Delay = 0.00>
ST_7 : Operation 253 [1/1] (0.00ns)   --->   "%p_read_230 = read i8 @_ssdm_op_Read.ap_auto.i8, i8 %p_read1154" [src/ORB.cpp:41]   --->   Operation 253 'read' 'p_read_230' <Predicate = true> <Delay = 0.00>
ST_7 : Operation 254 [1/1] (0.00ns)   --->   "%p_read_231 = read i8 @_ssdm_op_Read.ap_auto.i8, i8 %p_read1153" [src/ORB.cpp:41]   --->   Operation 254 'read' 'p_read_231' <Predicate = true> <Delay = 0.00>
ST_7 : Operation 255 [1/1] (0.00ns)   --->   "%p_read_232 = read i8 @_ssdm_op_Read.ap_auto.i8, i8 %p_read1152" [src/ORB.cpp:41]   --->   Operation 255 'read' 'p_read_232' <Predicate = true> <Delay = 0.00>
ST_7 : Operation 256 [1/1] (0.00ns)   --->   "%p_read_233 = read i8 @_ssdm_op_Read.ap_auto.i8, i8 %p_read1151" [src/ORB.cpp:41]   --->   Operation 256 'read' 'p_read_233' <Predicate = true> <Delay = 0.00>
ST_7 : Operation 257 [1/1] (0.00ns)   --->   "%p_read_234 = read i8 @_ssdm_op_Read.ap_auto.i8, i8 %p_read1150" [src/ORB.cpp:41]   --->   Operation 257 'read' 'p_read_234' <Predicate = true> <Delay = 0.00>
ST_7 : Operation 258 [1/1] (0.00ns)   --->   "%p_read_235 = read i8 @_ssdm_op_Read.ap_auto.i8, i8 %p_read1149" [src/ORB.cpp:41]   --->   Operation 258 'read' 'p_read_235' <Predicate = true> <Delay = 0.00>
ST_7 : Operation 259 [1/1] (0.00ns)   --->   "%p_read_236 = read i8 @_ssdm_op_Read.ap_auto.i8, i8 %p_read1148" [src/ORB.cpp:41]   --->   Operation 259 'read' 'p_read_236' <Predicate = true> <Delay = 0.00>
ST_7 : Operation 260 [1/1] (0.00ns)   --->   "%p_read_237 = read i8 @_ssdm_op_Read.ap_auto.i8, i8 %p_read1147" [src/ORB.cpp:41]   --->   Operation 260 'read' 'p_read_237' <Predicate = true> <Delay = 0.00>
ST_7 : Operation 261 [1/1] (0.00ns)   --->   "%p_read_238 = read i8 @_ssdm_op_Read.ap_auto.i8, i8 %p_read1146" [src/ORB.cpp:41]   --->   Operation 261 'read' 'p_read_238' <Predicate = true> <Delay = 0.00>
ST_7 : Operation 262 [1/1] (0.00ns)   --->   "%p_read_239 = read i8 @_ssdm_op_Read.ap_auto.i8, i8 %p_read1145" [src/ORB.cpp:41]   --->   Operation 262 'read' 'p_read_239' <Predicate = true> <Delay = 0.00>
ST_7 : Operation 263 [1/1] (0.00ns)   --->   "%p_read_240 = read i8 @_ssdm_op_Read.ap_auto.i8, i8 %p_read1144" [src/ORB.cpp:41]   --->   Operation 263 'read' 'p_read_240' <Predicate = true> <Delay = 0.00>
ST_7 : Operation 264 [1/1] (0.00ns)   --->   "%p_read_241 = read i8 @_ssdm_op_Read.ap_auto.i8, i8 %p_read1143" [src/ORB.cpp:41]   --->   Operation 264 'read' 'p_read_241' <Predicate = true> <Delay = 0.00>
ST_7 : Operation 265 [1/1] (0.00ns)   --->   "%p_read_242 = read i8 @_ssdm_op_Read.ap_auto.i8, i8 %p_read1142" [src/ORB.cpp:41]   --->   Operation 265 'read' 'p_read_242' <Predicate = true> <Delay = 0.00>
ST_7 : Operation 266 [1/1] (0.00ns)   --->   "%p_read_243 = read i8 @_ssdm_op_Read.ap_auto.i8, i8 %p_read1141" [src/ORB.cpp:41]   --->   Operation 266 'read' 'p_read_243' <Predicate = true> <Delay = 0.00>
ST_7 : Operation 267 [1/1] (0.00ns)   --->   "%p_read_244 = read i8 @_ssdm_op_Read.ap_auto.i8, i8 %p_read1140" [src/ORB.cpp:41]   --->   Operation 267 'read' 'p_read_244' <Predicate = true> <Delay = 0.00>
ST_7 : Operation 268 [1/1] (0.00ns)   --->   "%p_read_245 = read i8 @_ssdm_op_Read.ap_auto.i8, i8 %p_read1139" [src/ORB.cpp:41]   --->   Operation 268 'read' 'p_read_245' <Predicate = true> <Delay = 0.00>
ST_7 : Operation 269 [1/1] (0.00ns)   --->   "%p_read_246 = read i8 @_ssdm_op_Read.ap_auto.i8, i8 %p_read1138" [src/ORB.cpp:41]   --->   Operation 269 'read' 'p_read_246' <Predicate = true> <Delay = 0.00>
ST_7 : Operation 270 [1/1] (0.00ns)   --->   "%p_read_247 = read i8 @_ssdm_op_Read.ap_auto.i8, i8 %p_read1137" [src/ORB.cpp:41]   --->   Operation 270 'read' 'p_read_247' <Predicate = true> <Delay = 0.00>
ST_7 : Operation 271 [1/1] (0.00ns)   --->   "%p_read_248 = read i8 @_ssdm_op_Read.ap_auto.i8, i8 %p_read1136" [src/ORB.cpp:41]   --->   Operation 271 'read' 'p_read_248' <Predicate = true> <Delay = 0.00>
ST_7 : Operation 272 [1/1] (0.00ns)   --->   "%p_read_249 = read i8 @_ssdm_op_Read.ap_auto.i8, i8 %p_read1135" [src/ORB.cpp:41]   --->   Operation 272 'read' 'p_read_249' <Predicate = true> <Delay = 0.00>
ST_7 : Operation 273 [1/1] (0.00ns)   --->   "%p_read_250 = read i8 @_ssdm_op_Read.ap_auto.i8, i8 %p_read1134" [src/ORB.cpp:41]   --->   Operation 273 'read' 'p_read_250' <Predicate = true> <Delay = 0.00>
ST_7 : Operation 274 [1/1] (0.00ns)   --->   "%p_read_251 = read i8 @_ssdm_op_Read.ap_auto.i8, i8 %p_read1133" [src/ORB.cpp:41]   --->   Operation 274 'read' 'p_read_251' <Predicate = true> <Delay = 0.00>
ST_7 : Operation 275 [1/1] (0.00ns)   --->   "%p_read_252 = read i8 @_ssdm_op_Read.ap_auto.i8, i8 %p_read1132" [src/ORB.cpp:41]   --->   Operation 275 'read' 'p_read_252' <Predicate = true> <Delay = 0.00>
ST_7 : Operation 276 [1/1] (0.00ns)   --->   "%p_read_253 = read i8 @_ssdm_op_Read.ap_auto.i8, i8 %p_read1131" [src/ORB.cpp:41]   --->   Operation 276 'read' 'p_read_253' <Predicate = true> <Delay = 0.00>
ST_7 : Operation 277 [1/1] (0.00ns)   --->   "%p_read_254 = read i8 @_ssdm_op_Read.ap_auto.i8, i8 %p_read1130" [src/ORB.cpp:41]   --->   Operation 277 'read' 'p_read_254' <Predicate = true> <Delay = 0.00>
ST_7 : Operation 278 [1/1] (0.00ns)   --->   "%p_read_255 = read i8 @_ssdm_op_Read.ap_auto.i8, i8 %p_read1129" [src/ORB.cpp:41]   --->   Operation 278 'read' 'p_read_255' <Predicate = true> <Delay = 0.00>
ST_7 : Operation 279 [1/1] (0.00ns)   --->   "%p_read_256 = read i8 @_ssdm_op_Read.ap_auto.i8, i8 %p_read1128" [src/ORB.cpp:41]   --->   Operation 279 'read' 'p_read_256' <Predicate = true> <Delay = 0.00>
ST_7 : Operation 280 [1/1] (0.00ns)   --->   "%p_read_257 = read i8 @_ssdm_op_Read.ap_auto.i8, i8 %p_read1127" [src/ORB.cpp:41]   --->   Operation 280 'read' 'p_read_257' <Predicate = true> <Delay = 0.00>
ST_7 : Operation 281 [1/1] (0.00ns)   --->   "%p_read_258 = read i8 @_ssdm_op_Read.ap_auto.i8, i8 %p_read1126" [src/ORB.cpp:41]   --->   Operation 281 'read' 'p_read_258' <Predicate = true> <Delay = 0.00>
ST_7 : Operation 282 [1/1] (0.00ns)   --->   "%p_read_259 = read i8 @_ssdm_op_Read.ap_auto.i8, i8 %p_read1125" [src/ORB.cpp:41]   --->   Operation 282 'read' 'p_read_259' <Predicate = true> <Delay = 0.00>
ST_7 : Operation 283 [1/1] (0.00ns)   --->   "%p_read_260 = read i8 @_ssdm_op_Read.ap_auto.i8, i8 %p_read1124" [src/ORB.cpp:41]   --->   Operation 283 'read' 'p_read_260' <Predicate = true> <Delay = 0.00>
ST_7 : Operation 284 [1/1] (0.00ns)   --->   "%p_read_261 = read i8 @_ssdm_op_Read.ap_auto.i8, i8 %p_read1123" [src/ORB.cpp:41]   --->   Operation 284 'read' 'p_read_261' <Predicate = true> <Delay = 0.00>
ST_7 : Operation 285 [1/1] (0.00ns)   --->   "%p_read_262 = read i8 @_ssdm_op_Read.ap_auto.i8, i8 %p_read1122" [src/ORB.cpp:41]   --->   Operation 285 'read' 'p_read_262' <Predicate = true> <Delay = 0.00>
ST_7 : Operation 286 [1/1] (0.00ns)   --->   "%p_read_263 = read i8 @_ssdm_op_Read.ap_auto.i8, i8 %p_read1121" [src/ORB.cpp:41]   --->   Operation 286 'read' 'p_read_263' <Predicate = true> <Delay = 0.00>
ST_7 : Operation 287 [1/1] (0.00ns)   --->   "%p_read_264 = read i8 @_ssdm_op_Read.ap_auto.i8, i8 %p_read1120" [src/ORB.cpp:41]   --->   Operation 287 'read' 'p_read_264' <Predicate = true> <Delay = 0.00>
ST_7 : Operation 288 [1/1] (0.00ns)   --->   "%p_read_265 = read i8 @_ssdm_op_Read.ap_auto.i8, i8 %p_read1119" [src/ORB.cpp:41]   --->   Operation 288 'read' 'p_read_265' <Predicate = true> <Delay = 0.00>
ST_7 : Operation 289 [1/1] (0.00ns)   --->   "%p_read_266 = read i8 @_ssdm_op_Read.ap_auto.i8, i8 %p_read1118" [src/ORB.cpp:41]   --->   Operation 289 'read' 'p_read_266' <Predicate = true> <Delay = 0.00>
ST_7 : Operation 290 [1/1] (0.00ns)   --->   "%p_read_267 = read i8 @_ssdm_op_Read.ap_auto.i8, i8 %p_read1117" [src/ORB.cpp:41]   --->   Operation 290 'read' 'p_read_267' <Predicate = true> <Delay = 0.00>
ST_7 : Operation 291 [1/1] (0.00ns)   --->   "%p_read_268 = read i8 @_ssdm_op_Read.ap_auto.i8, i8 %p_read1116" [src/ORB.cpp:41]   --->   Operation 291 'read' 'p_read_268' <Predicate = true> <Delay = 0.00>
ST_7 : Operation 292 [1/1] (0.00ns)   --->   "%p_read_269 = read i8 @_ssdm_op_Read.ap_auto.i8, i8 %p_read1115" [src/ORB.cpp:41]   --->   Operation 292 'read' 'p_read_269' <Predicate = true> <Delay = 0.00>
ST_7 : Operation 293 [1/1] (0.00ns)   --->   "%p_read_270 = read i8 @_ssdm_op_Read.ap_auto.i8, i8 %p_read1114" [src/ORB.cpp:41]   --->   Operation 293 'read' 'p_read_270' <Predicate = true> <Delay = 0.00>
ST_7 : Operation 294 [1/1] (0.00ns)   --->   "%p_read_271 = read i8 @_ssdm_op_Read.ap_auto.i8, i8 %p_read1113" [src/ORB.cpp:41]   --->   Operation 294 'read' 'p_read_271' <Predicate = true> <Delay = 0.00>
ST_7 : Operation 295 [1/1] (0.00ns)   --->   "%p_read_272 = read i8 @_ssdm_op_Read.ap_auto.i8, i8 %p_read1112" [src/ORB.cpp:41]   --->   Operation 295 'read' 'p_read_272' <Predicate = true> <Delay = 0.00>
ST_7 : Operation 296 [1/1] (0.00ns)   --->   "%p_read_273 = read i8 @_ssdm_op_Read.ap_auto.i8, i8 %p_read1111" [src/ORB.cpp:41]   --->   Operation 296 'read' 'p_read_273' <Predicate = true> <Delay = 0.00>
ST_7 : Operation 297 [1/1] (0.00ns)   --->   "%p_read_274 = read i8 @_ssdm_op_Read.ap_auto.i8, i8 %p_read1110" [src/ORB.cpp:41]   --->   Operation 297 'read' 'p_read_274' <Predicate = true> <Delay = 0.00>
ST_7 : Operation 298 [1/1] (0.00ns)   --->   "%p_read_275 = read i8 @_ssdm_op_Read.ap_auto.i8, i8 %p_read1109" [src/ORB.cpp:41]   --->   Operation 298 'read' 'p_read_275' <Predicate = true> <Delay = 0.00>
ST_7 : Operation 299 [1/1] (0.00ns)   --->   "%p_read_276 = read i8 @_ssdm_op_Read.ap_auto.i8, i8 %p_read1108" [src/ORB.cpp:41]   --->   Operation 299 'read' 'p_read_276' <Predicate = true> <Delay = 0.00>
ST_7 : Operation 300 [1/1] (0.00ns)   --->   "%p_read_277 = read i8 @_ssdm_op_Read.ap_auto.i8, i8 %p_read1107" [src/ORB.cpp:41]   --->   Operation 300 'read' 'p_read_277' <Predicate = true> <Delay = 0.00>
ST_7 : Operation 301 [1/1] (0.00ns)   --->   "%p_read_278 = read i8 @_ssdm_op_Read.ap_auto.i8, i8 %p_read1106" [src/ORB.cpp:41]   --->   Operation 301 'read' 'p_read_278' <Predicate = true> <Delay = 0.00>
ST_7 : Operation 302 [1/1] (0.00ns)   --->   "%p_read_279 = read i8 @_ssdm_op_Read.ap_auto.i8, i8 %p_read1105" [src/ORB.cpp:41]   --->   Operation 302 'read' 'p_read_279' <Predicate = true> <Delay = 0.00>
ST_7 : Operation 303 [1/1] (0.00ns)   --->   "%p_read_280 = read i8 @_ssdm_op_Read.ap_auto.i8, i8 %p_read1104" [src/ORB.cpp:41]   --->   Operation 303 'read' 'p_read_280' <Predicate = true> <Delay = 0.00>
ST_7 : Operation 304 [1/1] (0.00ns)   --->   "%p_read_281 = read i8 @_ssdm_op_Read.ap_auto.i8, i8 %p_read1103" [src/ORB.cpp:41]   --->   Operation 304 'read' 'p_read_281' <Predicate = true> <Delay = 0.00>
ST_7 : Operation 305 [1/1] (0.00ns)   --->   "%p_read_282 = read i8 @_ssdm_op_Read.ap_auto.i8, i8 %p_read1102" [src/ORB.cpp:41]   --->   Operation 305 'read' 'p_read_282' <Predicate = true> <Delay = 0.00>
ST_7 : Operation 306 [1/1] (0.00ns)   --->   "%p_read_283 = read i8 @_ssdm_op_Read.ap_auto.i8, i8 %p_read1101" [src/ORB.cpp:41]   --->   Operation 306 'read' 'p_read_283' <Predicate = true> <Delay = 0.00>
ST_7 : Operation 307 [1/1] (0.00ns)   --->   "%p_read_284 = read i8 @_ssdm_op_Read.ap_auto.i8, i8 %p_read1100" [src/ORB.cpp:41]   --->   Operation 307 'read' 'p_read_284' <Predicate = true> <Delay = 0.00>
ST_7 : Operation 308 [1/1] (0.00ns)   --->   "%p_read_285 = read i8 @_ssdm_op_Read.ap_auto.i8, i8 %p_read1099" [src/ORB.cpp:41]   --->   Operation 308 'read' 'p_read_285' <Predicate = true> <Delay = 0.00>
ST_7 : Operation 309 [1/1] (0.00ns)   --->   "%p_read_286 = read i8 @_ssdm_op_Read.ap_auto.i8, i8 %p_read1098" [src/ORB.cpp:41]   --->   Operation 309 'read' 'p_read_286' <Predicate = true> <Delay = 0.00>
ST_7 : Operation 310 [1/1] (0.00ns)   --->   "%p_read_287 = read i8 @_ssdm_op_Read.ap_auto.i8, i8 %p_read1097" [src/ORB.cpp:41]   --->   Operation 310 'read' 'p_read_287' <Predicate = true> <Delay = 0.00>
ST_7 : Operation 311 [1/1] (0.00ns)   --->   "%p_read_288 = read i8 @_ssdm_op_Read.ap_auto.i8, i8 %p_read1096" [src/ORB.cpp:41]   --->   Operation 311 'read' 'p_read_288' <Predicate = true> <Delay = 0.00>
ST_7 : Operation 312 [1/1] (0.00ns)   --->   "%p_read_289 = read i8 @_ssdm_op_Read.ap_auto.i8, i8 %p_read1095" [src/ORB.cpp:41]   --->   Operation 312 'read' 'p_read_289' <Predicate = true> <Delay = 0.00>
ST_7 : Operation 313 [1/1] (0.00ns)   --->   "%p_read_290 = read i8 @_ssdm_op_Read.ap_auto.i8, i8 %p_read1094" [src/ORB.cpp:41]   --->   Operation 313 'read' 'p_read_290' <Predicate = true> <Delay = 0.00>
ST_7 : Operation 314 [1/1] (0.00ns)   --->   "%p_read_291 = read i8 @_ssdm_op_Read.ap_auto.i8, i8 %p_read1093" [src/ORB.cpp:41]   --->   Operation 314 'read' 'p_read_291' <Predicate = true> <Delay = 0.00>
ST_7 : Operation 315 [1/1] (0.00ns)   --->   "%p_read_292 = read i8 @_ssdm_op_Read.ap_auto.i8, i8 %p_read1092" [src/ORB.cpp:41]   --->   Operation 315 'read' 'p_read_292' <Predicate = true> <Delay = 0.00>
ST_7 : Operation 316 [1/1] (0.00ns)   --->   "%p_read_293 = read i8 @_ssdm_op_Read.ap_auto.i8, i8 %p_read1091" [src/ORB.cpp:41]   --->   Operation 316 'read' 'p_read_293' <Predicate = true> <Delay = 0.00>
ST_7 : Operation 317 [1/1] (0.00ns)   --->   "%p_read_294 = read i8 @_ssdm_op_Read.ap_auto.i8, i8 %p_read1090" [src/ORB.cpp:41]   --->   Operation 317 'read' 'p_read_294' <Predicate = true> <Delay = 0.00>
ST_7 : Operation 318 [1/1] (0.00ns)   --->   "%p_read_295 = read i8 @_ssdm_op_Read.ap_auto.i8, i8 %p_read1089" [src/ORB.cpp:41]   --->   Operation 318 'read' 'p_read_295' <Predicate = true> <Delay = 0.00>
ST_7 : Operation 319 [1/1] (0.00ns)   --->   "%p_read_296 = read i8 @_ssdm_op_Read.ap_auto.i8, i8 %p_read1088" [src/ORB.cpp:41]   --->   Operation 319 'read' 'p_read_296' <Predicate = true> <Delay = 0.00>
ST_7 : Operation 320 [1/1] (0.00ns)   --->   "%p_read_297 = read i8 @_ssdm_op_Read.ap_auto.i8, i8 %p_read1087" [src/ORB.cpp:41]   --->   Operation 320 'read' 'p_read_297' <Predicate = true> <Delay = 0.00>
ST_7 : Operation 321 [1/1] (0.00ns)   --->   "%p_read_298 = read i8 @_ssdm_op_Read.ap_auto.i8, i8 %p_read1086" [src/ORB.cpp:41]   --->   Operation 321 'read' 'p_read_298' <Predicate = true> <Delay = 0.00>
ST_7 : Operation 322 [1/1] (0.00ns)   --->   "%p_read_299 = read i8 @_ssdm_op_Read.ap_auto.i8, i8 %p_read1085" [src/ORB.cpp:41]   --->   Operation 322 'read' 'p_read_299' <Predicate = true> <Delay = 0.00>
ST_7 : Operation 323 [1/1] (0.00ns)   --->   "%p_read_300 = read i8 @_ssdm_op_Read.ap_auto.i8, i8 %p_read1084" [src/ORB.cpp:41]   --->   Operation 323 'read' 'p_read_300' <Predicate = true> <Delay = 0.00>
ST_7 : Operation 324 [1/1] (0.00ns)   --->   "%p_read_301 = read i8 @_ssdm_op_Read.ap_auto.i8, i8 %p_read1083" [src/ORB.cpp:41]   --->   Operation 324 'read' 'p_read_301' <Predicate = true> <Delay = 0.00>
ST_7 : Operation 325 [1/1] (0.00ns)   --->   "%p_read_302 = read i8 @_ssdm_op_Read.ap_auto.i8, i8 %p_read1082" [src/ORB.cpp:41]   --->   Operation 325 'read' 'p_read_302' <Predicate = true> <Delay = 0.00>
ST_7 : Operation 326 [1/1] (0.00ns)   --->   "%p_read_303 = read i8 @_ssdm_op_Read.ap_auto.i8, i8 %p_read1081" [src/ORB.cpp:41]   --->   Operation 326 'read' 'p_read_303' <Predicate = true> <Delay = 0.00>
ST_7 : Operation 327 [1/1] (0.00ns)   --->   "%p_read_304 = read i8 @_ssdm_op_Read.ap_auto.i8, i8 %p_read1080" [src/ORB.cpp:41]   --->   Operation 327 'read' 'p_read_304' <Predicate = true> <Delay = 0.00>
ST_7 : Operation 328 [1/1] (0.00ns)   --->   "%p_read_305 = read i8 @_ssdm_op_Read.ap_auto.i8, i8 %p_read1079" [src/ORB.cpp:41]   --->   Operation 328 'read' 'p_read_305' <Predicate = true> <Delay = 0.00>
ST_7 : Operation 329 [1/1] (0.00ns)   --->   "%p_read_306 = read i8 @_ssdm_op_Read.ap_auto.i8, i8 %p_read1078" [src/ORB.cpp:41]   --->   Operation 329 'read' 'p_read_306' <Predicate = true> <Delay = 0.00>
ST_7 : Operation 330 [1/1] (0.00ns)   --->   "%p_read_307 = read i8 @_ssdm_op_Read.ap_auto.i8, i8 %p_read1077" [src/ORB.cpp:41]   --->   Operation 330 'read' 'p_read_307' <Predicate = true> <Delay = 0.00>
ST_7 : Operation 331 [1/1] (0.00ns)   --->   "%p_read_308 = read i8 @_ssdm_op_Read.ap_auto.i8, i8 %p_read1076" [src/ORB.cpp:41]   --->   Operation 331 'read' 'p_read_308' <Predicate = true> <Delay = 0.00>
ST_7 : Operation 332 [1/1] (0.00ns)   --->   "%p_read_309 = read i8 @_ssdm_op_Read.ap_auto.i8, i8 %p_read1075" [src/ORB.cpp:41]   --->   Operation 332 'read' 'p_read_309' <Predicate = true> <Delay = 0.00>
ST_7 : Operation 333 [1/1] (0.00ns)   --->   "%p_read_310 = read i8 @_ssdm_op_Read.ap_auto.i8, i8 %p_read1074" [src/ORB.cpp:41]   --->   Operation 333 'read' 'p_read_310' <Predicate = true> <Delay = 0.00>
ST_7 : Operation 334 [1/1] (0.00ns)   --->   "%p_read_311 = read i8 @_ssdm_op_Read.ap_auto.i8, i8 %p_read1073" [src/ORB.cpp:41]   --->   Operation 334 'read' 'p_read_311' <Predicate = true> <Delay = 0.00>
ST_7 : Operation 335 [1/1] (0.00ns)   --->   "%p_read_312 = read i8 @_ssdm_op_Read.ap_auto.i8, i8 %p_read1072" [src/ORB.cpp:41]   --->   Operation 335 'read' 'p_read_312' <Predicate = true> <Delay = 0.00>
ST_7 : Operation 336 [1/1] (0.00ns)   --->   "%p_read_313 = read i8 @_ssdm_op_Read.ap_auto.i8, i8 %p_read1071" [src/ORB.cpp:41]   --->   Operation 336 'read' 'p_read_313' <Predicate = true> <Delay = 0.00>
ST_7 : Operation 337 [1/1] (0.00ns)   --->   "%p_read_314 = read i8 @_ssdm_op_Read.ap_auto.i8, i8 %p_read1070" [src/ORB.cpp:41]   --->   Operation 337 'read' 'p_read_314' <Predicate = true> <Delay = 0.00>
ST_7 : Operation 338 [1/1] (0.00ns)   --->   "%p_read_315 = read i8 @_ssdm_op_Read.ap_auto.i8, i8 %p_read1069" [src/ORB.cpp:41]   --->   Operation 338 'read' 'p_read_315' <Predicate = true> <Delay = 0.00>
ST_7 : Operation 339 [1/1] (0.00ns)   --->   "%p_read_316 = read i8 @_ssdm_op_Read.ap_auto.i8, i8 %p_read1068" [src/ORB.cpp:41]   --->   Operation 339 'read' 'p_read_316' <Predicate = true> <Delay = 0.00>
ST_7 : Operation 340 [1/1] (0.00ns)   --->   "%p_read_317 = read i8 @_ssdm_op_Read.ap_auto.i8, i8 %p_read1067" [src/ORB.cpp:41]   --->   Operation 340 'read' 'p_read_317' <Predicate = true> <Delay = 0.00>
ST_7 : Operation 341 [1/1] (0.00ns)   --->   "%p_read_318 = read i8 @_ssdm_op_Read.ap_auto.i8, i8 %p_read1066" [src/ORB.cpp:41]   --->   Operation 341 'read' 'p_read_318' <Predicate = true> <Delay = 0.00>
ST_7 : Operation 342 [1/1] (0.00ns)   --->   "%p_read_319 = read i8 @_ssdm_op_Read.ap_auto.i8, i8 %p_read1065" [src/ORB.cpp:41]   --->   Operation 342 'read' 'p_read_319' <Predicate = true> <Delay = 0.00>
ST_7 : Operation 343 [1/1] (0.00ns)   --->   "%p_read_320 = read i8 @_ssdm_op_Read.ap_auto.i8, i8 %p_read1064" [src/ORB.cpp:41]   --->   Operation 343 'read' 'p_read_320' <Predicate = true> <Delay = 0.00>
ST_7 : Operation 344 [1/1] (0.00ns)   --->   "%p_read_321 = read i8 @_ssdm_op_Read.ap_auto.i8, i8 %p_read1063" [src/ORB.cpp:41]   --->   Operation 344 'read' 'p_read_321' <Predicate = true> <Delay = 0.00>
ST_7 : Operation 345 [1/1] (0.00ns)   --->   "%p_read_322 = read i8 @_ssdm_op_Read.ap_auto.i8, i8 %p_read1062" [src/ORB.cpp:41]   --->   Operation 345 'read' 'p_read_322' <Predicate = true> <Delay = 0.00>
ST_7 : Operation 346 [1/1] (0.00ns)   --->   "%p_read_323 = read i8 @_ssdm_op_Read.ap_auto.i8, i8 %p_read1061" [src/ORB.cpp:41]   --->   Operation 346 'read' 'p_read_323' <Predicate = true> <Delay = 0.00>
ST_7 : Operation 347 [1/1] (0.00ns)   --->   "%p_read_324 = read i8 @_ssdm_op_Read.ap_auto.i8, i8 %p_read1060" [src/ORB.cpp:41]   --->   Operation 347 'read' 'p_read_324' <Predicate = true> <Delay = 0.00>
ST_7 : Operation 348 [1/1] (0.00ns)   --->   "%p_read_325 = read i8 @_ssdm_op_Read.ap_auto.i8, i8 %p_read1059" [src/ORB.cpp:41]   --->   Operation 348 'read' 'p_read_325' <Predicate = true> <Delay = 0.00>
ST_7 : Operation 349 [1/1] (0.00ns)   --->   "%p_read_326 = read i8 @_ssdm_op_Read.ap_auto.i8, i8 %p_read1058" [src/ORB.cpp:41]   --->   Operation 349 'read' 'p_read_326' <Predicate = true> <Delay = 0.00>
ST_7 : Operation 350 [1/1] (0.00ns)   --->   "%p_read_327 = read i8 @_ssdm_op_Read.ap_auto.i8, i8 %p_read1057" [src/ORB.cpp:41]   --->   Operation 350 'read' 'p_read_327' <Predicate = true> <Delay = 0.00>
ST_7 : Operation 351 [1/1] (0.00ns)   --->   "%p_read_328 = read i8 @_ssdm_op_Read.ap_auto.i8, i8 %p_read1056" [src/ORB.cpp:41]   --->   Operation 351 'read' 'p_read_328' <Predicate = true> <Delay = 0.00>
ST_7 : Operation 352 [1/1] (0.00ns)   --->   "%p_read_329 = read i8 @_ssdm_op_Read.ap_auto.i8, i8 %p_read1055" [src/ORB.cpp:41]   --->   Operation 352 'read' 'p_read_329' <Predicate = true> <Delay = 0.00>
ST_7 : Operation 353 [1/1] (0.00ns)   --->   "%p_read_330 = read i8 @_ssdm_op_Read.ap_auto.i8, i8 %p_read1054" [src/ORB.cpp:41]   --->   Operation 353 'read' 'p_read_330' <Predicate = true> <Delay = 0.00>
ST_7 : Operation 354 [1/1] (0.00ns)   --->   "%p_read_331 = read i8 @_ssdm_op_Read.ap_auto.i8, i8 %p_read1053" [src/ORB.cpp:41]   --->   Operation 354 'read' 'p_read_331' <Predicate = true> <Delay = 0.00>
ST_7 : Operation 355 [1/1] (0.00ns)   --->   "%p_read_332 = read i8 @_ssdm_op_Read.ap_auto.i8, i8 %p_read1052" [src/ORB.cpp:41]   --->   Operation 355 'read' 'p_read_332' <Predicate = true> <Delay = 0.00>
ST_7 : Operation 356 [1/1] (0.00ns)   --->   "%p_read_333 = read i8 @_ssdm_op_Read.ap_auto.i8, i8 %p_read1051" [src/ORB.cpp:41]   --->   Operation 356 'read' 'p_read_333' <Predicate = true> <Delay = 0.00>
ST_7 : Operation 357 [1/1] (0.00ns)   --->   "%p_read_334 = read i8 @_ssdm_op_Read.ap_auto.i8, i8 %p_read1050" [src/ORB.cpp:41]   --->   Operation 357 'read' 'p_read_334' <Predicate = true> <Delay = 0.00>
ST_7 : Operation 358 [1/1] (0.00ns)   --->   "%p_read_335 = read i8 @_ssdm_op_Read.ap_auto.i8, i8 %p_read1049" [src/ORB.cpp:41]   --->   Operation 358 'read' 'p_read_335' <Predicate = true> <Delay = 0.00>
ST_7 : Operation 359 [1/1] (0.00ns)   --->   "%p_read_336 = read i8 @_ssdm_op_Read.ap_auto.i8, i8 %p_read1048" [src/ORB.cpp:41]   --->   Operation 359 'read' 'p_read_336' <Predicate = true> <Delay = 0.00>
ST_7 : Operation 360 [1/1] (0.00ns)   --->   "%p_read_337 = read i8 @_ssdm_op_Read.ap_auto.i8, i8 %p_read1047" [src/ORB.cpp:41]   --->   Operation 360 'read' 'p_read_337' <Predicate = true> <Delay = 0.00>
ST_7 : Operation 361 [1/1] (0.00ns)   --->   "%p_read_338 = read i8 @_ssdm_op_Read.ap_auto.i8, i8 %p_read1046" [src/ORB.cpp:41]   --->   Operation 361 'read' 'p_read_338' <Predicate = true> <Delay = 0.00>
ST_7 : Operation 362 [1/1] (0.00ns)   --->   "%p_read_339 = read i8 @_ssdm_op_Read.ap_auto.i8, i8 %p_read1045" [src/ORB.cpp:41]   --->   Operation 362 'read' 'p_read_339' <Predicate = true> <Delay = 0.00>
ST_7 : Operation 363 [1/1] (0.00ns)   --->   "%p_read_340 = read i8 @_ssdm_op_Read.ap_auto.i8, i8 %p_read1044" [src/ORB.cpp:41]   --->   Operation 363 'read' 'p_read_340' <Predicate = true> <Delay = 0.00>
ST_7 : Operation 364 [1/1] (0.00ns)   --->   "%p_read_341 = read i8 @_ssdm_op_Read.ap_auto.i8, i8 %p_read1043" [src/ORB.cpp:41]   --->   Operation 364 'read' 'p_read_341' <Predicate = true> <Delay = 0.00>
ST_7 : Operation 365 [1/1] (0.00ns)   --->   "%p_read_342 = read i8 @_ssdm_op_Read.ap_auto.i8, i8 %p_read1042" [src/ORB.cpp:41]   --->   Operation 365 'read' 'p_read_342' <Predicate = true> <Delay = 0.00>
ST_7 : Operation 366 [1/1] (0.00ns)   --->   "%p_read_343 = read i8 @_ssdm_op_Read.ap_auto.i8, i8 %p_read1041" [src/ORB.cpp:41]   --->   Operation 366 'read' 'p_read_343' <Predicate = true> <Delay = 0.00>
ST_7 : Operation 367 [1/1] (0.00ns)   --->   "%p_read_344 = read i8 @_ssdm_op_Read.ap_auto.i8, i8 %p_read1040" [src/ORB.cpp:41]   --->   Operation 367 'read' 'p_read_344' <Predicate = true> <Delay = 0.00>
ST_7 : Operation 368 [1/1] (0.00ns)   --->   "%p_read_345 = read i8 @_ssdm_op_Read.ap_auto.i8, i8 %p_read1039" [src/ORB.cpp:41]   --->   Operation 368 'read' 'p_read_345' <Predicate = true> <Delay = 0.00>
ST_7 : Operation 369 [1/1] (0.00ns)   --->   "%p_read_346 = read i8 @_ssdm_op_Read.ap_auto.i8, i8 %p_read1038" [src/ORB.cpp:41]   --->   Operation 369 'read' 'p_read_346' <Predicate = true> <Delay = 0.00>
ST_7 : Operation 370 [1/1] (0.00ns)   --->   "%p_read_347 = read i8 @_ssdm_op_Read.ap_auto.i8, i8 %p_read1037" [src/ORB.cpp:41]   --->   Operation 370 'read' 'p_read_347' <Predicate = true> <Delay = 0.00>
ST_7 : Operation 371 [1/1] (0.00ns)   --->   "%p_read_348 = read i8 @_ssdm_op_Read.ap_auto.i8, i8 %p_read1036" [src/ORB.cpp:41]   --->   Operation 371 'read' 'p_read_348' <Predicate = true> <Delay = 0.00>
ST_7 : Operation 372 [1/1] (0.00ns)   --->   "%p_read_349 = read i8 @_ssdm_op_Read.ap_auto.i8, i8 %p_read1035" [src/ORB.cpp:41]   --->   Operation 372 'read' 'p_read_349' <Predicate = true> <Delay = 0.00>
ST_7 : Operation 373 [1/1] (0.00ns)   --->   "%p_read_350 = read i8 @_ssdm_op_Read.ap_auto.i8, i8 %p_read1034" [src/ORB.cpp:41]   --->   Operation 373 'read' 'p_read_350' <Predicate = true> <Delay = 0.00>
ST_7 : Operation 374 [1/1] (0.00ns)   --->   "%p_read_351 = read i8 @_ssdm_op_Read.ap_auto.i8, i8 %p_read1033" [src/ORB.cpp:41]   --->   Operation 374 'read' 'p_read_351' <Predicate = true> <Delay = 0.00>
ST_7 : Operation 375 [1/1] (0.00ns)   --->   "%p_read_352 = read i8 @_ssdm_op_Read.ap_auto.i8, i8 %p_read1032" [src/ORB.cpp:41]   --->   Operation 375 'read' 'p_read_352' <Predicate = true> <Delay = 0.00>
ST_7 : Operation 376 [1/1] (0.00ns)   --->   "%p_read_353 = read i8 @_ssdm_op_Read.ap_auto.i8, i8 %p_read1031" [src/ORB.cpp:41]   --->   Operation 376 'read' 'p_read_353' <Predicate = true> <Delay = 0.00>
ST_7 : Operation 377 [1/1] (0.00ns)   --->   "%p_read_354 = read i8 @_ssdm_op_Read.ap_auto.i8, i8 %p_read1030" [src/ORB.cpp:41]   --->   Operation 377 'read' 'p_read_354' <Predicate = true> <Delay = 0.00>
ST_7 : Operation 378 [1/1] (0.00ns)   --->   "%p_read_355 = read i8 @_ssdm_op_Read.ap_auto.i8, i8 %p_read1029" [src/ORB.cpp:41]   --->   Operation 378 'read' 'p_read_355' <Predicate = true> <Delay = 0.00>
ST_7 : Operation 379 [1/1] (0.00ns)   --->   "%p_read_356 = read i8 @_ssdm_op_Read.ap_auto.i8, i8 %p_read1028" [src/ORB.cpp:41]   --->   Operation 379 'read' 'p_read_356' <Predicate = true> <Delay = 0.00>
ST_7 : Operation 380 [1/1] (0.00ns)   --->   "%p_read_357 = read i8 @_ssdm_op_Read.ap_auto.i8, i8 %p_read1027" [src/ORB.cpp:41]   --->   Operation 380 'read' 'p_read_357' <Predicate = true> <Delay = 0.00>
ST_7 : Operation 381 [1/1] (0.00ns)   --->   "%p_read_358 = read i8 @_ssdm_op_Read.ap_auto.i8, i8 %p_read1026" [src/ORB.cpp:41]   --->   Operation 381 'read' 'p_read_358' <Predicate = true> <Delay = 0.00>
ST_7 : Operation 382 [1/1] (0.00ns)   --->   "%p_read_359 = read i8 @_ssdm_op_Read.ap_auto.i8, i8 %p_read1025" [src/ORB.cpp:41]   --->   Operation 382 'read' 'p_read_359' <Predicate = true> <Delay = 0.00>
ST_7 : Operation 383 [1/1] (0.00ns)   --->   "%p_read_360 = read i8 @_ssdm_op_Read.ap_auto.i8, i8 %p_read1024" [src/ORB.cpp:41]   --->   Operation 383 'read' 'p_read_360' <Predicate = true> <Delay = 0.00>
ST_7 : Operation 384 [1/1] (0.00ns)   --->   "%p_read_361 = read i8 @_ssdm_op_Read.ap_auto.i8, i8 %p_read1023" [src/ORB.cpp:41]   --->   Operation 384 'read' 'p_read_361' <Predicate = true> <Delay = 0.00>
ST_7 : Operation 385 [1/1] (0.00ns)   --->   "%p_read_362 = read i8 @_ssdm_op_Read.ap_auto.i8, i8 %p_read1022" [src/ORB.cpp:41]   --->   Operation 385 'read' 'p_read_362' <Predicate = true> <Delay = 0.00>
ST_7 : Operation 386 [1/1] (0.00ns)   --->   "%p_read_363 = read i8 @_ssdm_op_Read.ap_auto.i8, i8 %p_read1021" [src/ORB.cpp:41]   --->   Operation 386 'read' 'p_read_363' <Predicate = true> <Delay = 0.00>
ST_7 : Operation 387 [1/1] (0.00ns)   --->   "%p_read_364 = read i8 @_ssdm_op_Read.ap_auto.i8, i8 %p_read1020" [src/ORB.cpp:41]   --->   Operation 387 'read' 'p_read_364' <Predicate = true> <Delay = 0.00>
ST_7 : Operation 388 [1/1] (0.00ns)   --->   "%p_read_365 = read i8 @_ssdm_op_Read.ap_auto.i8, i8 %p_read1019" [src/ORB.cpp:41]   --->   Operation 388 'read' 'p_read_365' <Predicate = true> <Delay = 0.00>
ST_7 : Operation 389 [1/1] (0.00ns)   --->   "%p_read_366 = read i8 @_ssdm_op_Read.ap_auto.i8, i8 %p_read1018" [src/ORB.cpp:41]   --->   Operation 389 'read' 'p_read_366' <Predicate = true> <Delay = 0.00>
ST_7 : Operation 390 [1/1] (0.00ns)   --->   "%p_read_367 = read i8 @_ssdm_op_Read.ap_auto.i8, i8 %p_read1017" [src/ORB.cpp:41]   --->   Operation 390 'read' 'p_read_367' <Predicate = true> <Delay = 0.00>
ST_7 : Operation 391 [1/1] (0.00ns)   --->   "%p_read_368 = read i8 @_ssdm_op_Read.ap_auto.i8, i8 %p_read1016" [src/ORB.cpp:41]   --->   Operation 391 'read' 'p_read_368' <Predicate = true> <Delay = 0.00>
ST_7 : Operation 392 [1/1] (0.00ns)   --->   "%p_read_369 = read i8 @_ssdm_op_Read.ap_auto.i8, i8 %p_read1015" [src/ORB.cpp:41]   --->   Operation 392 'read' 'p_read_369' <Predicate = true> <Delay = 0.00>
ST_7 : Operation 393 [1/1] (0.00ns)   --->   "%p_read_370 = read i8 @_ssdm_op_Read.ap_auto.i8, i8 %p_read1014" [src/ORB.cpp:41]   --->   Operation 393 'read' 'p_read_370' <Predicate = true> <Delay = 0.00>
ST_7 : Operation 394 [1/1] (0.00ns)   --->   "%p_read_371 = read i8 @_ssdm_op_Read.ap_auto.i8, i8 %p_read1013" [src/ORB.cpp:41]   --->   Operation 394 'read' 'p_read_371' <Predicate = true> <Delay = 0.00>
ST_7 : Operation 395 [1/1] (0.00ns)   --->   "%p_read_372 = read i8 @_ssdm_op_Read.ap_auto.i8, i8 %p_read1012" [src/ORB.cpp:41]   --->   Operation 395 'read' 'p_read_372' <Predicate = true> <Delay = 0.00>
ST_7 : Operation 396 [1/1] (0.00ns)   --->   "%p_read_373 = read i8 @_ssdm_op_Read.ap_auto.i8, i8 %p_read1011" [src/ORB.cpp:41]   --->   Operation 396 'read' 'p_read_373' <Predicate = true> <Delay = 0.00>
ST_7 : Operation 397 [1/1] (0.00ns)   --->   "%p_read_374 = read i8 @_ssdm_op_Read.ap_auto.i8, i8 %p_read1010" [src/ORB.cpp:41]   --->   Operation 397 'read' 'p_read_374' <Predicate = true> <Delay = 0.00>
ST_7 : Operation 398 [1/1] (0.00ns)   --->   "%p_read_375 = read i8 @_ssdm_op_Read.ap_auto.i8, i8 %p_read1009" [src/ORB.cpp:41]   --->   Operation 398 'read' 'p_read_375' <Predicate = true> <Delay = 0.00>
ST_7 : Operation 399 [1/1] (0.00ns)   --->   "%p_read_376 = read i8 @_ssdm_op_Read.ap_auto.i8, i8 %p_read1008" [src/ORB.cpp:41]   --->   Operation 399 'read' 'p_read_376' <Predicate = true> <Delay = 0.00>
ST_7 : Operation 400 [1/1] (0.00ns)   --->   "%p_read_377 = read i8 @_ssdm_op_Read.ap_auto.i8, i8 %p_read1007" [src/ORB.cpp:41]   --->   Operation 400 'read' 'p_read_377' <Predicate = true> <Delay = 0.00>
ST_7 : Operation 401 [1/1] (0.00ns)   --->   "%p_read_378 = read i8 @_ssdm_op_Read.ap_auto.i8, i8 %p_read1006" [src/ORB.cpp:41]   --->   Operation 401 'read' 'p_read_378' <Predicate = true> <Delay = 0.00>
ST_7 : Operation 402 [1/1] (0.00ns)   --->   "%p_read_379 = read i8 @_ssdm_op_Read.ap_auto.i8, i8 %p_read1005" [src/ORB.cpp:41]   --->   Operation 402 'read' 'p_read_379' <Predicate = true> <Delay = 0.00>
ST_7 : Operation 403 [1/1] (0.00ns)   --->   "%p_read_380 = read i8 @_ssdm_op_Read.ap_auto.i8, i8 %p_read1004" [src/ORB.cpp:41]   --->   Operation 403 'read' 'p_read_380' <Predicate = true> <Delay = 0.00>
ST_7 : Operation 404 [1/1] (0.00ns)   --->   "%p_read_381 = read i8 @_ssdm_op_Read.ap_auto.i8, i8 %p_read1003" [src/ORB.cpp:41]   --->   Operation 404 'read' 'p_read_381' <Predicate = true> <Delay = 0.00>
ST_7 : Operation 405 [1/1] (0.00ns)   --->   "%p_read_382 = read i8 @_ssdm_op_Read.ap_auto.i8, i8 %p_read1002" [src/ORB.cpp:41]   --->   Operation 405 'read' 'p_read_382' <Predicate = true> <Delay = 0.00>
ST_7 : Operation 406 [1/1] (0.00ns)   --->   "%p_read_383 = read i8 @_ssdm_op_Read.ap_auto.i8, i8 %p_read1001" [src/ORB.cpp:41]   --->   Operation 406 'read' 'p_read_383' <Predicate = true> <Delay = 0.00>
ST_7 : Operation 407 [1/1] (0.00ns)   --->   "%p_read_384 = read i8 @_ssdm_op_Read.ap_auto.i8, i8 %p_read1000" [src/ORB.cpp:41]   --->   Operation 407 'read' 'p_read_384' <Predicate = true> <Delay = 0.00>
ST_7 : Operation 408 [1/1] (0.00ns)   --->   "%p_read_385 = read i8 @_ssdm_op_Read.ap_auto.i8, i8 %p_read999" [src/ORB.cpp:41]   --->   Operation 408 'read' 'p_read_385' <Predicate = true> <Delay = 0.00>
ST_7 : Operation 409 [1/1] (0.00ns)   --->   "%p_read_386 = read i8 @_ssdm_op_Read.ap_auto.i8, i8 %p_read998" [src/ORB.cpp:41]   --->   Operation 409 'read' 'p_read_386' <Predicate = true> <Delay = 0.00>
ST_7 : Operation 410 [1/1] (0.00ns)   --->   "%p_read_387 = read i8 @_ssdm_op_Read.ap_auto.i8, i8 %p_read997" [src/ORB.cpp:41]   --->   Operation 410 'read' 'p_read_387' <Predicate = true> <Delay = 0.00>
ST_7 : Operation 411 [1/1] (0.00ns)   --->   "%p_read_388 = read i8 @_ssdm_op_Read.ap_auto.i8, i8 %p_read996" [src/ORB.cpp:41]   --->   Operation 411 'read' 'p_read_388' <Predicate = true> <Delay = 0.00>
ST_7 : Operation 412 [1/1] (0.00ns)   --->   "%p_read_389 = read i8 @_ssdm_op_Read.ap_auto.i8, i8 %p_read995" [src/ORB.cpp:41]   --->   Operation 412 'read' 'p_read_389' <Predicate = true> <Delay = 0.00>
ST_7 : Operation 413 [1/1] (0.00ns)   --->   "%p_read_390 = read i8 @_ssdm_op_Read.ap_auto.i8, i8 %p_read994" [src/ORB.cpp:41]   --->   Operation 413 'read' 'p_read_390' <Predicate = true> <Delay = 0.00>
ST_7 : Operation 414 [1/1] (0.00ns)   --->   "%p_read_391 = read i8 @_ssdm_op_Read.ap_auto.i8, i8 %p_read993" [src/ORB.cpp:41]   --->   Operation 414 'read' 'p_read_391' <Predicate = true> <Delay = 0.00>
ST_7 : Operation 415 [1/1] (0.00ns)   --->   "%p_read_392 = read i8 @_ssdm_op_Read.ap_auto.i8, i8 %p_read992" [src/ORB.cpp:41]   --->   Operation 415 'read' 'p_read_392' <Predicate = true> <Delay = 0.00>
ST_7 : Operation 416 [1/1] (0.00ns)   --->   "%p_read_393 = read i8 @_ssdm_op_Read.ap_auto.i8, i8 %p_read991" [src/ORB.cpp:41]   --->   Operation 416 'read' 'p_read_393' <Predicate = true> <Delay = 0.00>
ST_7 : Operation 417 [1/1] (0.00ns)   --->   "%p_read_394 = read i8 @_ssdm_op_Read.ap_auto.i8, i8 %p_read990" [src/ORB.cpp:41]   --->   Operation 417 'read' 'p_read_394' <Predicate = true> <Delay = 0.00>
ST_7 : Operation 418 [1/1] (0.00ns)   --->   "%p_read_395 = read i8 @_ssdm_op_Read.ap_auto.i8, i8 %p_read989" [src/ORB.cpp:41]   --->   Operation 418 'read' 'p_read_395' <Predicate = true> <Delay = 0.00>
ST_7 : Operation 419 [1/1] (0.00ns)   --->   "%p_read_396 = read i8 @_ssdm_op_Read.ap_auto.i8, i8 %p_read988" [src/ORB.cpp:41]   --->   Operation 419 'read' 'p_read_396' <Predicate = true> <Delay = 0.00>
ST_7 : Operation 420 [1/1] (0.00ns)   --->   "%p_read_397 = read i8 @_ssdm_op_Read.ap_auto.i8, i8 %p_read987" [src/ORB.cpp:41]   --->   Operation 420 'read' 'p_read_397' <Predicate = true> <Delay = 0.00>
ST_7 : Operation 421 [1/1] (0.00ns)   --->   "%p_read_398 = read i8 @_ssdm_op_Read.ap_auto.i8, i8 %p_read986" [src/ORB.cpp:41]   --->   Operation 421 'read' 'p_read_398' <Predicate = true> <Delay = 0.00>
ST_7 : Operation 422 [1/1] (0.00ns)   --->   "%p_read_399 = read i8 @_ssdm_op_Read.ap_auto.i8, i8 %p_read985" [src/ORB.cpp:41]   --->   Operation 422 'read' 'p_read_399' <Predicate = true> <Delay = 0.00>
ST_7 : Operation 423 [1/1] (0.00ns)   --->   "%p_read_400 = read i8 @_ssdm_op_Read.ap_auto.i8, i8 %p_read984" [src/ORB.cpp:41]   --->   Operation 423 'read' 'p_read_400' <Predicate = true> <Delay = 0.00>
ST_7 : Operation 424 [1/1] (0.00ns)   --->   "%p_read_401 = read i8 @_ssdm_op_Read.ap_auto.i8, i8 %p_read983" [src/ORB.cpp:41]   --->   Operation 424 'read' 'p_read_401' <Predicate = true> <Delay = 0.00>
ST_7 : Operation 425 [1/1] (0.00ns)   --->   "%p_read_402 = read i8 @_ssdm_op_Read.ap_auto.i8, i8 %p_read982" [src/ORB.cpp:41]   --->   Operation 425 'read' 'p_read_402' <Predicate = true> <Delay = 0.00>
ST_7 : Operation 426 [1/1] (0.00ns)   --->   "%p_read_403 = read i8 @_ssdm_op_Read.ap_auto.i8, i8 %p_read981" [src/ORB.cpp:41]   --->   Operation 426 'read' 'p_read_403' <Predicate = true> <Delay = 0.00>
ST_7 : Operation 427 [1/1] (0.00ns)   --->   "%p_read_404 = read i8 @_ssdm_op_Read.ap_auto.i8, i8 %p_read980" [src/ORB.cpp:41]   --->   Operation 427 'read' 'p_read_404' <Predicate = true> <Delay = 0.00>
ST_7 : Operation 428 [1/1] (0.00ns)   --->   "%p_read_405 = read i8 @_ssdm_op_Read.ap_auto.i8, i8 %p_read979" [src/ORB.cpp:41]   --->   Operation 428 'read' 'p_read_405' <Predicate = true> <Delay = 0.00>
ST_7 : Operation 429 [1/1] (0.00ns)   --->   "%p_read_406 = read i8 @_ssdm_op_Read.ap_auto.i8, i8 %p_read978" [src/ORB.cpp:41]   --->   Operation 429 'read' 'p_read_406' <Predicate = true> <Delay = 0.00>
ST_7 : Operation 430 [1/1] (0.00ns)   --->   "%p_read_407 = read i8 @_ssdm_op_Read.ap_auto.i8, i8 %p_read977" [src/ORB.cpp:41]   --->   Operation 430 'read' 'p_read_407' <Predicate = true> <Delay = 0.00>
ST_7 : Operation 431 [1/1] (0.00ns)   --->   "%p_read_408 = read i8 @_ssdm_op_Read.ap_auto.i8, i8 %p_read976" [src/ORB.cpp:41]   --->   Operation 431 'read' 'p_read_408' <Predicate = true> <Delay = 0.00>
ST_7 : Operation 432 [1/1] (0.00ns)   --->   "%p_read_409 = read i8 @_ssdm_op_Read.ap_auto.i8, i8 %p_read975" [src/ORB.cpp:41]   --->   Operation 432 'read' 'p_read_409' <Predicate = true> <Delay = 0.00>
ST_7 : Operation 433 [1/1] (0.00ns)   --->   "%p_read_410 = read i8 @_ssdm_op_Read.ap_auto.i8, i8 %p_read974" [src/ORB.cpp:41]   --->   Operation 433 'read' 'p_read_410' <Predicate = true> <Delay = 0.00>
ST_7 : Operation 434 [1/1] (0.00ns)   --->   "%p_read_411 = read i8 @_ssdm_op_Read.ap_auto.i8, i8 %p_read973" [src/ORB.cpp:41]   --->   Operation 434 'read' 'p_read_411' <Predicate = true> <Delay = 0.00>
ST_7 : Operation 435 [1/1] (0.00ns)   --->   "%p_read_412 = read i8 @_ssdm_op_Read.ap_auto.i8, i8 %p_read972" [src/ORB.cpp:41]   --->   Operation 435 'read' 'p_read_412' <Predicate = true> <Delay = 0.00>
ST_7 : Operation 436 [1/1] (0.00ns)   --->   "%p_read_413 = read i8 @_ssdm_op_Read.ap_auto.i8, i8 %p_read971" [src/ORB.cpp:41]   --->   Operation 436 'read' 'p_read_413' <Predicate = true> <Delay = 0.00>
ST_7 : Operation 437 [1/1] (0.00ns)   --->   "%p_read_414 = read i8 @_ssdm_op_Read.ap_auto.i8, i8 %p_read970" [src/ORB.cpp:41]   --->   Operation 437 'read' 'p_read_414' <Predicate = true> <Delay = 0.00>
ST_7 : Operation 438 [1/1] (0.00ns)   --->   "%p_read_415 = read i8 @_ssdm_op_Read.ap_auto.i8, i8 %p_read969" [src/ORB.cpp:41]   --->   Operation 438 'read' 'p_read_415' <Predicate = true> <Delay = 0.00>
ST_7 : Operation 439 [1/1] (0.00ns)   --->   "%p_read_416 = read i8 @_ssdm_op_Read.ap_auto.i8, i8 %p_read968" [src/ORB.cpp:41]   --->   Operation 439 'read' 'p_read_416' <Predicate = true> <Delay = 0.00>
ST_7 : Operation 440 [1/1] (0.00ns)   --->   "%p_read_417 = read i8 @_ssdm_op_Read.ap_auto.i8, i8 %p_read967" [src/ORB.cpp:41]   --->   Operation 440 'read' 'p_read_417' <Predicate = true> <Delay = 0.00>
ST_7 : Operation 441 [1/1] (0.00ns)   --->   "%p_read_418 = read i8 @_ssdm_op_Read.ap_auto.i8, i8 %p_read966" [src/ORB.cpp:41]   --->   Operation 441 'read' 'p_read_418' <Predicate = true> <Delay = 0.00>
ST_7 : Operation 442 [1/1] (0.00ns)   --->   "%p_read_419 = read i8 @_ssdm_op_Read.ap_auto.i8, i8 %p_read965" [src/ORB.cpp:41]   --->   Operation 442 'read' 'p_read_419' <Predicate = true> <Delay = 0.00>
ST_7 : Operation 443 [1/1] (0.00ns)   --->   "%p_read_420 = read i8 @_ssdm_op_Read.ap_auto.i8, i8 %p_read964" [src/ORB.cpp:41]   --->   Operation 443 'read' 'p_read_420' <Predicate = true> <Delay = 0.00>
ST_7 : Operation 444 [1/1] (0.00ns)   --->   "%p_read_421 = read i8 @_ssdm_op_Read.ap_auto.i8, i8 %p_read963" [src/ORB.cpp:41]   --->   Operation 444 'read' 'p_read_421' <Predicate = true> <Delay = 0.00>
ST_7 : Operation 445 [1/1] (0.00ns)   --->   "%p_read_422 = read i8 @_ssdm_op_Read.ap_auto.i8, i8 %p_read962" [src/ORB.cpp:41]   --->   Operation 445 'read' 'p_read_422' <Predicate = true> <Delay = 0.00>
ST_7 : Operation 446 [1/1] (0.00ns)   --->   "%p_read_423 = read i8 @_ssdm_op_Read.ap_auto.i8, i8 %p_read961" [src/ORB.cpp:41]   --->   Operation 446 'read' 'p_read_423' <Predicate = true> <Delay = 0.00>
ST_7 : Operation 447 [1/1] (0.00ns)   --->   "%p_read_424 = read i8 @_ssdm_op_Read.ap_auto.i8, i8 %p_read960" [src/ORB.cpp:41]   --->   Operation 447 'read' 'p_read_424' <Predicate = true> <Delay = 0.00>
ST_7 : Operation 448 [1/1] (0.00ns)   --->   "%p_read_425 = read i8 @_ssdm_op_Read.ap_auto.i8, i8 %p_read959" [src/ORB.cpp:41]   --->   Operation 448 'read' 'p_read_425' <Predicate = true> <Delay = 0.00>
ST_7 : Operation 449 [1/1] (0.00ns)   --->   "%p_read_426 = read i8 @_ssdm_op_Read.ap_auto.i8, i8 %p_read958" [src/ORB.cpp:41]   --->   Operation 449 'read' 'p_read_426' <Predicate = true> <Delay = 0.00>
ST_7 : Operation 450 [1/1] (0.00ns)   --->   "%p_read_427 = read i8 @_ssdm_op_Read.ap_auto.i8, i8 %p_read957" [src/ORB.cpp:41]   --->   Operation 450 'read' 'p_read_427' <Predicate = true> <Delay = 0.00>
ST_7 : Operation 451 [1/1] (0.00ns)   --->   "%p_read_428 = read i8 @_ssdm_op_Read.ap_auto.i8, i8 %p_read956" [src/ORB.cpp:41]   --->   Operation 451 'read' 'p_read_428' <Predicate = true> <Delay = 0.00>
ST_7 : Operation 452 [1/1] (0.00ns)   --->   "%p_read_429 = read i8 @_ssdm_op_Read.ap_auto.i8, i8 %p_read955" [src/ORB.cpp:41]   --->   Operation 452 'read' 'p_read_429' <Predicate = true> <Delay = 0.00>
ST_7 : Operation 453 [1/1] (0.00ns)   --->   "%p_read_430 = read i8 @_ssdm_op_Read.ap_auto.i8, i8 %p_read954" [src/ORB.cpp:41]   --->   Operation 453 'read' 'p_read_430' <Predicate = true> <Delay = 0.00>
ST_7 : Operation 454 [1/1] (0.00ns)   --->   "%p_read_431 = read i8 @_ssdm_op_Read.ap_auto.i8, i8 %p_read953" [src/ORB.cpp:41]   --->   Operation 454 'read' 'p_read_431' <Predicate = true> <Delay = 0.00>
ST_7 : Operation 455 [1/1] (0.00ns)   --->   "%p_read_432 = read i8 @_ssdm_op_Read.ap_auto.i8, i8 %p_read952" [src/ORB.cpp:41]   --->   Operation 455 'read' 'p_read_432' <Predicate = true> <Delay = 0.00>
ST_7 : Operation 456 [1/1] (0.00ns)   --->   "%p_read_433 = read i8 @_ssdm_op_Read.ap_auto.i8, i8 %p_read951" [src/ORB.cpp:41]   --->   Operation 456 'read' 'p_read_433' <Predicate = true> <Delay = 0.00>
ST_7 : Operation 457 [1/1] (0.00ns)   --->   "%p_read_434 = read i8 @_ssdm_op_Read.ap_auto.i8, i8 %p_read950" [src/ORB.cpp:41]   --->   Operation 457 'read' 'p_read_434' <Predicate = true> <Delay = 0.00>
ST_7 : Operation 458 [1/1] (0.00ns)   --->   "%p_read_435 = read i8 @_ssdm_op_Read.ap_auto.i8, i8 %p_read949" [src/ORB.cpp:41]   --->   Operation 458 'read' 'p_read_435' <Predicate = true> <Delay = 0.00>
ST_7 : Operation 459 [1/1] (0.00ns)   --->   "%p_read_436 = read i8 @_ssdm_op_Read.ap_auto.i8, i8 %p_read948" [src/ORB.cpp:41]   --->   Operation 459 'read' 'p_read_436' <Predicate = true> <Delay = 0.00>
ST_7 : Operation 460 [1/1] (0.00ns)   --->   "%p_read_437 = read i8 @_ssdm_op_Read.ap_auto.i8, i8 %p_read947" [src/ORB.cpp:41]   --->   Operation 460 'read' 'p_read_437' <Predicate = true> <Delay = 0.00>
ST_7 : Operation 461 [1/1] (0.00ns)   --->   "%p_read_438 = read i8 @_ssdm_op_Read.ap_auto.i8, i8 %p_read946" [src/ORB.cpp:41]   --->   Operation 461 'read' 'p_read_438' <Predicate = true> <Delay = 0.00>
ST_7 : Operation 462 [1/1] (0.00ns)   --->   "%p_read_439 = read i8 @_ssdm_op_Read.ap_auto.i8, i8 %p_read945" [src/ORB.cpp:41]   --->   Operation 462 'read' 'p_read_439' <Predicate = true> <Delay = 0.00>
ST_7 : Operation 463 [1/1] (0.00ns)   --->   "%p_read_440 = read i8 @_ssdm_op_Read.ap_auto.i8, i8 %p_read944" [src/ORB.cpp:41]   --->   Operation 463 'read' 'p_read_440' <Predicate = true> <Delay = 0.00>
ST_7 : Operation 464 [1/1] (0.00ns)   --->   "%p_read_441 = read i8 @_ssdm_op_Read.ap_auto.i8, i8 %p_read943" [src/ORB.cpp:41]   --->   Operation 464 'read' 'p_read_441' <Predicate = true> <Delay = 0.00>
ST_7 : Operation 465 [1/1] (0.00ns)   --->   "%p_read_442 = read i8 @_ssdm_op_Read.ap_auto.i8, i8 %p_read942" [src/ORB.cpp:41]   --->   Operation 465 'read' 'p_read_442' <Predicate = true> <Delay = 0.00>
ST_7 : Operation 466 [1/1] (0.00ns)   --->   "%p_read_443 = read i8 @_ssdm_op_Read.ap_auto.i8, i8 %p_read941" [src/ORB.cpp:41]   --->   Operation 466 'read' 'p_read_443' <Predicate = true> <Delay = 0.00>
ST_7 : Operation 467 [1/1] (0.00ns)   --->   "%p_read_444 = read i8 @_ssdm_op_Read.ap_auto.i8, i8 %p_read940" [src/ORB.cpp:41]   --->   Operation 467 'read' 'p_read_444' <Predicate = true> <Delay = 0.00>
ST_7 : Operation 468 [1/1] (0.00ns)   --->   "%p_read_445 = read i8 @_ssdm_op_Read.ap_auto.i8, i8 %p_read939" [src/ORB.cpp:41]   --->   Operation 468 'read' 'p_read_445' <Predicate = true> <Delay = 0.00>
ST_7 : Operation 469 [1/1] (0.00ns)   --->   "%p_read_446 = read i8 @_ssdm_op_Read.ap_auto.i8, i8 %p_read938" [src/ORB.cpp:41]   --->   Operation 469 'read' 'p_read_446' <Predicate = true> <Delay = 0.00>
ST_7 : Operation 470 [1/1] (0.00ns)   --->   "%p_read_447 = read i8 @_ssdm_op_Read.ap_auto.i8, i8 %p_read937" [src/ORB.cpp:41]   --->   Operation 470 'read' 'p_read_447' <Predicate = true> <Delay = 0.00>
ST_7 : Operation 471 [1/1] (0.00ns)   --->   "%p_read_448 = read i8 @_ssdm_op_Read.ap_auto.i8, i8 %p_read936" [src/ORB.cpp:41]   --->   Operation 471 'read' 'p_read_448' <Predicate = true> <Delay = 0.00>
ST_7 : Operation 472 [1/1] (0.00ns)   --->   "%p_read_449 = read i8 @_ssdm_op_Read.ap_auto.i8, i8 %p_read935" [src/ORB.cpp:41]   --->   Operation 472 'read' 'p_read_449' <Predicate = true> <Delay = 0.00>
ST_7 : Operation 473 [1/1] (0.00ns)   --->   "%p_read_450 = read i8 @_ssdm_op_Read.ap_auto.i8, i8 %p_read934" [src/ORB.cpp:41]   --->   Operation 473 'read' 'p_read_450' <Predicate = true> <Delay = 0.00>
ST_7 : Operation 474 [1/1] (0.00ns)   --->   "%p_read_451 = read i8 @_ssdm_op_Read.ap_auto.i8, i8 %p_read933" [src/ORB.cpp:41]   --->   Operation 474 'read' 'p_read_451' <Predicate = true> <Delay = 0.00>
ST_7 : Operation 475 [1/1] (0.00ns)   --->   "%p_read_452 = read i8 @_ssdm_op_Read.ap_auto.i8, i8 %p_read932" [src/ORB.cpp:41]   --->   Operation 475 'read' 'p_read_452' <Predicate = true> <Delay = 0.00>
ST_7 : Operation 476 [1/1] (0.00ns)   --->   "%p_read_453 = read i8 @_ssdm_op_Read.ap_auto.i8, i8 %p_read931" [src/ORB.cpp:41]   --->   Operation 476 'read' 'p_read_453' <Predicate = true> <Delay = 0.00>
ST_7 : Operation 477 [1/1] (0.00ns)   --->   "%p_read_454 = read i8 @_ssdm_op_Read.ap_auto.i8, i8 %p_read930" [src/ORB.cpp:41]   --->   Operation 477 'read' 'p_read_454' <Predicate = true> <Delay = 0.00>
ST_7 : Operation 478 [1/1] (0.00ns)   --->   "%p_read_455 = read i8 @_ssdm_op_Read.ap_auto.i8, i8 %p_read929" [src/ORB.cpp:41]   --->   Operation 478 'read' 'p_read_455' <Predicate = true> <Delay = 0.00>
ST_7 : Operation 479 [1/1] (0.00ns)   --->   "%p_read_456 = read i8 @_ssdm_op_Read.ap_auto.i8, i8 %p_read928" [src/ORB.cpp:41]   --->   Operation 479 'read' 'p_read_456' <Predicate = true> <Delay = 0.00>
ST_7 : Operation 480 [1/1] (0.00ns)   --->   "%p_read_457 = read i8 @_ssdm_op_Read.ap_auto.i8, i8 %p_read927" [src/ORB.cpp:41]   --->   Operation 480 'read' 'p_read_457' <Predicate = true> <Delay = 0.00>
ST_7 : Operation 481 [1/1] (0.00ns)   --->   "%p_read_458 = read i8 @_ssdm_op_Read.ap_auto.i8, i8 %p_read926" [src/ORB.cpp:41]   --->   Operation 481 'read' 'p_read_458' <Predicate = true> <Delay = 0.00>
ST_7 : Operation 482 [1/1] (0.00ns)   --->   "%p_read_459 = read i8 @_ssdm_op_Read.ap_auto.i8, i8 %p_read925" [src/ORB.cpp:41]   --->   Operation 482 'read' 'p_read_459' <Predicate = true> <Delay = 0.00>
ST_7 : Operation 483 [1/1] (0.00ns)   --->   "%p_read_460 = read i8 @_ssdm_op_Read.ap_auto.i8, i8 %p_read924" [src/ORB.cpp:41]   --->   Operation 483 'read' 'p_read_460' <Predicate = true> <Delay = 0.00>
ST_7 : Operation 484 [1/1] (0.00ns)   --->   "%p_read_461 = read i8 @_ssdm_op_Read.ap_auto.i8, i8 %p_read923" [src/ORB.cpp:41]   --->   Operation 484 'read' 'p_read_461' <Predicate = true> <Delay = 0.00>
ST_7 : Operation 485 [1/1] (0.00ns)   --->   "%p_read_462 = read i8 @_ssdm_op_Read.ap_auto.i8, i8 %p_read922" [src/ORB.cpp:41]   --->   Operation 485 'read' 'p_read_462' <Predicate = true> <Delay = 0.00>
ST_7 : Operation 486 [1/1] (0.00ns)   --->   "%p_read_463 = read i8 @_ssdm_op_Read.ap_auto.i8, i8 %p_read921" [src/ORB.cpp:41]   --->   Operation 486 'read' 'p_read_463' <Predicate = true> <Delay = 0.00>
ST_7 : Operation 487 [1/1] (0.00ns)   --->   "%p_read_464 = read i8 @_ssdm_op_Read.ap_auto.i8, i8 %p_read920" [src/ORB.cpp:41]   --->   Operation 487 'read' 'p_read_464' <Predicate = true> <Delay = 0.00>
ST_7 : Operation 488 [1/1] (0.00ns)   --->   "%p_read_465 = read i8 @_ssdm_op_Read.ap_auto.i8, i8 %p_read919" [src/ORB.cpp:41]   --->   Operation 488 'read' 'p_read_465' <Predicate = true> <Delay = 0.00>
ST_7 : Operation 489 [1/1] (0.00ns)   --->   "%p_read_466 = read i8 @_ssdm_op_Read.ap_auto.i8, i8 %p_read918" [src/ORB.cpp:41]   --->   Operation 489 'read' 'p_read_466' <Predicate = true> <Delay = 0.00>
ST_7 : Operation 490 [1/1] (0.00ns)   --->   "%p_read_467 = read i8 @_ssdm_op_Read.ap_auto.i8, i8 %p_read917" [src/ORB.cpp:41]   --->   Operation 490 'read' 'p_read_467' <Predicate = true> <Delay = 0.00>
ST_7 : Operation 491 [1/1] (0.00ns)   --->   "%p_read_468 = read i8 @_ssdm_op_Read.ap_auto.i8, i8 %p_read916" [src/ORB.cpp:41]   --->   Operation 491 'read' 'p_read_468' <Predicate = true> <Delay = 0.00>
ST_7 : Operation 492 [1/1] (0.00ns)   --->   "%p_read_469 = read i8 @_ssdm_op_Read.ap_auto.i8, i8 %p_read915" [src/ORB.cpp:41]   --->   Operation 492 'read' 'p_read_469' <Predicate = true> <Delay = 0.00>
ST_7 : Operation 493 [1/1] (0.00ns)   --->   "%p_read_470 = read i8 @_ssdm_op_Read.ap_auto.i8, i8 %p_read914" [src/ORB.cpp:41]   --->   Operation 493 'read' 'p_read_470' <Predicate = true> <Delay = 0.00>
ST_7 : Operation 494 [1/1] (0.00ns)   --->   "%p_read_471 = read i8 @_ssdm_op_Read.ap_auto.i8, i8 %p_read913" [src/ORB.cpp:41]   --->   Operation 494 'read' 'p_read_471' <Predicate = true> <Delay = 0.00>
ST_7 : Operation 495 [1/1] (0.00ns)   --->   "%p_read_472 = read i8 @_ssdm_op_Read.ap_auto.i8, i8 %p_read912" [src/ORB.cpp:41]   --->   Operation 495 'read' 'p_read_472' <Predicate = true> <Delay = 0.00>
ST_7 : Operation 496 [1/1] (0.00ns)   --->   "%p_read_473 = read i8 @_ssdm_op_Read.ap_auto.i8, i8 %p_read911" [src/ORB.cpp:41]   --->   Operation 496 'read' 'p_read_473' <Predicate = true> <Delay = 0.00>
ST_7 : Operation 497 [1/1] (0.00ns)   --->   "%p_read_474 = read i8 @_ssdm_op_Read.ap_auto.i8, i8 %p_read910" [src/ORB.cpp:41]   --->   Operation 497 'read' 'p_read_474' <Predicate = true> <Delay = 0.00>
ST_7 : Operation 498 [1/1] (0.00ns)   --->   "%p_read_475 = read i8 @_ssdm_op_Read.ap_auto.i8, i8 %p_read909" [src/ORB.cpp:41]   --->   Operation 498 'read' 'p_read_475' <Predicate = true> <Delay = 0.00>
ST_7 : Operation 499 [1/1] (0.00ns)   --->   "%p_read_476 = read i8 @_ssdm_op_Read.ap_auto.i8, i8 %p_read908" [src/ORB.cpp:41]   --->   Operation 499 'read' 'p_read_476' <Predicate = true> <Delay = 0.00>
ST_7 : Operation 500 [1/1] (0.00ns)   --->   "%p_read_477 = read i8 @_ssdm_op_Read.ap_auto.i8, i8 %p_read907" [src/ORB.cpp:41]   --->   Operation 500 'read' 'p_read_477' <Predicate = true> <Delay = 0.00>
ST_7 : Operation 501 [1/1] (0.00ns)   --->   "%p_read_478 = read i8 @_ssdm_op_Read.ap_auto.i8, i8 %p_read906" [src/ORB.cpp:41]   --->   Operation 501 'read' 'p_read_478' <Predicate = true> <Delay = 0.00>
ST_7 : Operation 502 [1/1] (0.00ns)   --->   "%p_read_479 = read i8 @_ssdm_op_Read.ap_auto.i8, i8 %p_read905" [src/ORB.cpp:41]   --->   Operation 502 'read' 'p_read_479' <Predicate = true> <Delay = 0.00>
ST_7 : Operation 503 [1/1] (0.00ns)   --->   "%p_read_480 = read i8 @_ssdm_op_Read.ap_auto.i8, i8 %p_read904" [src/ORB.cpp:41]   --->   Operation 503 'read' 'p_read_480' <Predicate = true> <Delay = 0.00>
ST_7 : Operation 504 [1/1] (0.00ns)   --->   "%p_read_481 = read i8 @_ssdm_op_Read.ap_auto.i8, i8 %p_read903" [src/ORB.cpp:41]   --->   Operation 504 'read' 'p_read_481' <Predicate = true> <Delay = 0.00>
ST_7 : Operation 505 [1/1] (0.00ns)   --->   "%p_read_482 = read i8 @_ssdm_op_Read.ap_auto.i8, i8 %p_read902" [src/ORB.cpp:41]   --->   Operation 505 'read' 'p_read_482' <Predicate = true> <Delay = 0.00>
ST_7 : Operation 506 [1/1] (0.00ns)   --->   "%p_read_483 = read i8 @_ssdm_op_Read.ap_auto.i8, i8 %p_read901" [src/ORB.cpp:41]   --->   Operation 506 'read' 'p_read_483' <Predicate = true> <Delay = 0.00>
ST_7 : Operation 507 [1/1] (0.00ns)   --->   "%p_read_484 = read i8 @_ssdm_op_Read.ap_auto.i8, i8 %p_read900" [src/ORB.cpp:41]   --->   Operation 507 'read' 'p_read_484' <Predicate = true> <Delay = 0.00>
ST_7 : Operation 508 [1/1] (0.00ns)   --->   "%p_read_485 = read i8 @_ssdm_op_Read.ap_auto.i8, i8 %p_read899" [src/ORB.cpp:41]   --->   Operation 508 'read' 'p_read_485' <Predicate = true> <Delay = 0.00>
ST_7 : Operation 509 [1/1] (0.00ns)   --->   "%p_read_486 = read i8 @_ssdm_op_Read.ap_auto.i8, i8 %p_read898" [src/ORB.cpp:41]   --->   Operation 509 'read' 'p_read_486' <Predicate = true> <Delay = 0.00>
ST_7 : Operation 510 [1/1] (0.00ns)   --->   "%p_read_487 = read i8 @_ssdm_op_Read.ap_auto.i8, i8 %p_read897" [src/ORB.cpp:41]   --->   Operation 510 'read' 'p_read_487' <Predicate = true> <Delay = 0.00>
ST_7 : Operation 511 [1/1] (0.00ns)   --->   "%p_read_488 = read i8 @_ssdm_op_Read.ap_auto.i8, i8 %p_read896" [src/ORB.cpp:41]   --->   Operation 511 'read' 'p_read_488' <Predicate = true> <Delay = 0.00>
ST_7 : Operation 512 [1/1] (0.00ns)   --->   "%p_read_489 = read i8 @_ssdm_op_Read.ap_auto.i8, i8 %p_read895" [src/ORB.cpp:41]   --->   Operation 512 'read' 'p_read_489' <Predicate = true> <Delay = 0.00>
ST_7 : Operation 513 [1/1] (0.00ns)   --->   "%p_read_490 = read i8 @_ssdm_op_Read.ap_auto.i8, i8 %p_read894" [src/ORB.cpp:41]   --->   Operation 513 'read' 'p_read_490' <Predicate = true> <Delay = 0.00>
ST_7 : Operation 514 [1/1] (0.00ns)   --->   "%p_read_491 = read i8 @_ssdm_op_Read.ap_auto.i8, i8 %p_read893" [src/ORB.cpp:41]   --->   Operation 514 'read' 'p_read_491' <Predicate = true> <Delay = 0.00>
ST_7 : Operation 515 [1/1] (0.00ns)   --->   "%p_read_492 = read i8 @_ssdm_op_Read.ap_auto.i8, i8 %p_read892" [src/ORB.cpp:41]   --->   Operation 515 'read' 'p_read_492' <Predicate = true> <Delay = 0.00>
ST_7 : Operation 516 [1/1] (0.00ns)   --->   "%p_read_493 = read i8 @_ssdm_op_Read.ap_auto.i8, i8 %p_read891" [src/ORB.cpp:41]   --->   Operation 516 'read' 'p_read_493' <Predicate = true> <Delay = 0.00>
ST_7 : Operation 517 [1/1] (0.00ns)   --->   "%p_read_494 = read i8 @_ssdm_op_Read.ap_auto.i8, i8 %p_read890" [src/ORB.cpp:41]   --->   Operation 517 'read' 'p_read_494' <Predicate = true> <Delay = 0.00>
ST_7 : Operation 518 [1/1] (0.00ns)   --->   "%p_read_495 = read i8 @_ssdm_op_Read.ap_auto.i8, i8 %p_read889" [src/ORB.cpp:41]   --->   Operation 518 'read' 'p_read_495' <Predicate = true> <Delay = 0.00>
ST_7 : Operation 519 [1/1] (0.00ns)   --->   "%p_read_496 = read i8 @_ssdm_op_Read.ap_auto.i8, i8 %p_read888" [src/ORB.cpp:41]   --->   Operation 519 'read' 'p_read_496' <Predicate = true> <Delay = 0.00>
ST_7 : Operation 520 [1/1] (0.00ns)   --->   "%p_read_497 = read i8 @_ssdm_op_Read.ap_auto.i8, i8 %p_read887" [src/ORB.cpp:41]   --->   Operation 520 'read' 'p_read_497' <Predicate = true> <Delay = 0.00>
ST_7 : Operation 521 [1/1] (0.00ns)   --->   "%p_read_498 = read i8 @_ssdm_op_Read.ap_auto.i8, i8 %p_read886" [src/ORB.cpp:41]   --->   Operation 521 'read' 'p_read_498' <Predicate = true> <Delay = 0.00>
ST_7 : Operation 522 [1/1] (0.00ns)   --->   "%p_read_499 = read i8 @_ssdm_op_Read.ap_auto.i8, i8 %p_read885" [src/ORB.cpp:41]   --->   Operation 522 'read' 'p_read_499' <Predicate = true> <Delay = 0.00>
ST_7 : Operation 523 [1/1] (0.00ns)   --->   "%p_read_500 = read i8 @_ssdm_op_Read.ap_auto.i8, i8 %p_read884" [src/ORB.cpp:41]   --->   Operation 523 'read' 'p_read_500' <Predicate = true> <Delay = 0.00>
ST_7 : Operation 524 [1/1] (0.00ns)   --->   "%p_read_501 = read i8 @_ssdm_op_Read.ap_auto.i8, i8 %p_read883" [src/ORB.cpp:41]   --->   Operation 524 'read' 'p_read_501' <Predicate = true> <Delay = 0.00>
ST_7 : Operation 525 [1/1] (0.00ns)   --->   "%p_read_502 = read i8 @_ssdm_op_Read.ap_auto.i8, i8 %p_read882" [src/ORB.cpp:41]   --->   Operation 525 'read' 'p_read_502' <Predicate = true> <Delay = 0.00>
ST_7 : Operation 526 [1/1] (0.00ns)   --->   "%p_read_503 = read i8 @_ssdm_op_Read.ap_auto.i8, i8 %p_read881" [src/ORB.cpp:41]   --->   Operation 526 'read' 'p_read_503' <Predicate = true> <Delay = 0.00>
ST_7 : Operation 527 [1/1] (0.00ns)   --->   "%p_read_504 = read i8 @_ssdm_op_Read.ap_auto.i8, i8 %p_read880" [src/ORB.cpp:41]   --->   Operation 527 'read' 'p_read_504' <Predicate = true> <Delay = 0.00>
ST_7 : Operation 528 [1/1] (0.00ns)   --->   "%p_read_505 = read i8 @_ssdm_op_Read.ap_auto.i8, i8 %p_read879" [src/ORB.cpp:41]   --->   Operation 528 'read' 'p_read_505' <Predicate = true> <Delay = 0.00>
ST_7 : Operation 529 [1/1] (0.00ns)   --->   "%p_read_506 = read i8 @_ssdm_op_Read.ap_auto.i8, i8 %p_read878" [src/ORB.cpp:41]   --->   Operation 529 'read' 'p_read_506' <Predicate = true> <Delay = 0.00>
ST_7 : Operation 530 [1/1] (0.00ns)   --->   "%p_read_507 = read i8 @_ssdm_op_Read.ap_auto.i8, i8 %p_read877" [src/ORB.cpp:41]   --->   Operation 530 'read' 'p_read_507' <Predicate = true> <Delay = 0.00>
ST_7 : Operation 531 [1/1] (0.00ns)   --->   "%p_read_508 = read i8 @_ssdm_op_Read.ap_auto.i8, i8 %p_read876" [src/ORB.cpp:41]   --->   Operation 531 'read' 'p_read_508' <Predicate = true> <Delay = 0.00>
ST_7 : Operation 532 [1/1] (0.00ns)   --->   "%p_read_509 = read i8 @_ssdm_op_Read.ap_auto.i8, i8 %p_read875" [src/ORB.cpp:41]   --->   Operation 532 'read' 'p_read_509' <Predicate = true> <Delay = 0.00>
ST_7 : Operation 533 [1/1] (0.00ns)   --->   "%p_read_510 = read i8 @_ssdm_op_Read.ap_auto.i8, i8 %p_read874" [src/ORB.cpp:41]   --->   Operation 533 'read' 'p_read_510' <Predicate = true> <Delay = 0.00>
ST_7 : Operation 534 [1/1] (0.00ns)   --->   "%p_read_511 = read i8 @_ssdm_op_Read.ap_auto.i8, i8 %p_read873" [src/ORB.cpp:41]   --->   Operation 534 'read' 'p_read_511' <Predicate = true> <Delay = 0.00>
ST_7 : Operation 535 [1/1] (0.00ns)   --->   "%p_read_512 = read i8 @_ssdm_op_Read.ap_auto.i8, i8 %p_read872" [src/ORB.cpp:41]   --->   Operation 535 'read' 'p_read_512' <Predicate = true> <Delay = 0.00>
ST_7 : Operation 536 [1/1] (0.00ns)   --->   "%p_read_513 = read i8 @_ssdm_op_Read.ap_auto.i8, i8 %p_read871" [src/ORB.cpp:41]   --->   Operation 536 'read' 'p_read_513' <Predicate = true> <Delay = 0.00>
ST_7 : Operation 537 [1/1] (0.00ns)   --->   "%p_read_514 = read i8 @_ssdm_op_Read.ap_auto.i8, i8 %p_read870" [src/ORB.cpp:41]   --->   Operation 537 'read' 'p_read_514' <Predicate = true> <Delay = 0.00>
ST_7 : Operation 538 [1/1] (0.00ns)   --->   "%p_read_515 = read i8 @_ssdm_op_Read.ap_auto.i8, i8 %p_read869" [src/ORB.cpp:41]   --->   Operation 538 'read' 'p_read_515' <Predicate = true> <Delay = 0.00>
ST_7 : Operation 539 [1/1] (0.00ns)   --->   "%p_read_516 = read i8 @_ssdm_op_Read.ap_auto.i8, i8 %p_read868" [src/ORB.cpp:41]   --->   Operation 539 'read' 'p_read_516' <Predicate = true> <Delay = 0.00>
ST_7 : Operation 540 [1/1] (0.00ns)   --->   "%p_read_517 = read i8 @_ssdm_op_Read.ap_auto.i8, i8 %p_read867" [src/ORB.cpp:41]   --->   Operation 540 'read' 'p_read_517' <Predicate = true> <Delay = 0.00>
ST_7 : Operation 541 [1/1] (0.00ns)   --->   "%p_read_518 = read i8 @_ssdm_op_Read.ap_auto.i8, i8 %p_read866" [src/ORB.cpp:41]   --->   Operation 541 'read' 'p_read_518' <Predicate = true> <Delay = 0.00>
ST_7 : Operation 542 [1/1] (0.00ns)   --->   "%p_read_519 = read i8 @_ssdm_op_Read.ap_auto.i8, i8 %p_read865" [src/ORB.cpp:41]   --->   Operation 542 'read' 'p_read_519' <Predicate = true> <Delay = 0.00>
ST_7 : Operation 543 [1/1] (0.00ns)   --->   "%p_read_520 = read i8 @_ssdm_op_Read.ap_auto.i8, i8 %p_read864" [src/ORB.cpp:41]   --->   Operation 543 'read' 'p_read_520' <Predicate = true> <Delay = 0.00>
ST_7 : Operation 544 [1/1] (0.00ns)   --->   "%p_read_521 = read i8 @_ssdm_op_Read.ap_auto.i8, i8 %p_read863" [src/ORB.cpp:41]   --->   Operation 544 'read' 'p_read_521' <Predicate = true> <Delay = 0.00>
ST_7 : Operation 545 [1/1] (0.00ns)   --->   "%p_read_522 = read i8 @_ssdm_op_Read.ap_auto.i8, i8 %p_read862" [src/ORB.cpp:41]   --->   Operation 545 'read' 'p_read_522' <Predicate = true> <Delay = 0.00>
ST_7 : Operation 546 [1/1] (0.00ns)   --->   "%p_read_523 = read i8 @_ssdm_op_Read.ap_auto.i8, i8 %p_read861" [src/ORB.cpp:41]   --->   Operation 546 'read' 'p_read_523' <Predicate = true> <Delay = 0.00>
ST_7 : Operation 547 [1/1] (0.00ns)   --->   "%p_read_524 = read i8 @_ssdm_op_Read.ap_auto.i8, i8 %p_read860" [src/ORB.cpp:41]   --->   Operation 547 'read' 'p_read_524' <Predicate = true> <Delay = 0.00>
ST_7 : Operation 548 [1/1] (0.00ns)   --->   "%p_read_525 = read i8 @_ssdm_op_Read.ap_auto.i8, i8 %p_read859" [src/ORB.cpp:41]   --->   Operation 548 'read' 'p_read_525' <Predicate = true> <Delay = 0.00>
ST_7 : Operation 549 [1/1] (0.00ns)   --->   "%p_read_526 = read i8 @_ssdm_op_Read.ap_auto.i8, i8 %p_read858" [src/ORB.cpp:41]   --->   Operation 549 'read' 'p_read_526' <Predicate = true> <Delay = 0.00>
ST_7 : Operation 550 [1/1] (0.00ns)   --->   "%p_read_527 = read i8 @_ssdm_op_Read.ap_auto.i8, i8 %p_read857" [src/ORB.cpp:41]   --->   Operation 550 'read' 'p_read_527' <Predicate = true> <Delay = 0.00>
ST_7 : Operation 551 [1/1] (0.00ns)   --->   "%p_read_528 = read i8 @_ssdm_op_Read.ap_auto.i8, i8 %p_read856" [src/ORB.cpp:41]   --->   Operation 551 'read' 'p_read_528' <Predicate = true> <Delay = 0.00>
ST_7 : Operation 552 [1/1] (0.00ns)   --->   "%p_read_529 = read i8 @_ssdm_op_Read.ap_auto.i8, i8 %p_read855" [src/ORB.cpp:41]   --->   Operation 552 'read' 'p_read_529' <Predicate = true> <Delay = 0.00>
ST_7 : Operation 553 [1/1] (0.00ns)   --->   "%p_read_530 = read i8 @_ssdm_op_Read.ap_auto.i8, i8 %p_read854" [src/ORB.cpp:41]   --->   Operation 553 'read' 'p_read_530' <Predicate = true> <Delay = 0.00>
ST_7 : Operation 554 [1/1] (0.00ns)   --->   "%p_read_531 = read i8 @_ssdm_op_Read.ap_auto.i8, i8 %p_read853" [src/ORB.cpp:41]   --->   Operation 554 'read' 'p_read_531' <Predicate = true> <Delay = 0.00>
ST_7 : Operation 555 [1/1] (0.00ns)   --->   "%p_read_532 = read i8 @_ssdm_op_Read.ap_auto.i8, i8 %p_read852" [src/ORB.cpp:41]   --->   Operation 555 'read' 'p_read_532' <Predicate = true> <Delay = 0.00>
ST_7 : Operation 556 [1/1] (0.00ns)   --->   "%p_read_533 = read i8 @_ssdm_op_Read.ap_auto.i8, i8 %p_read851" [src/ORB.cpp:41]   --->   Operation 556 'read' 'p_read_533' <Predicate = true> <Delay = 0.00>
ST_7 : Operation 557 [1/1] (0.00ns)   --->   "%p_read_534 = read i8 @_ssdm_op_Read.ap_auto.i8, i8 %p_read850" [src/ORB.cpp:41]   --->   Operation 557 'read' 'p_read_534' <Predicate = true> <Delay = 0.00>
ST_7 : Operation 558 [1/1] (0.00ns)   --->   "%p_read_535 = read i8 @_ssdm_op_Read.ap_auto.i8, i8 %p_read849" [src/ORB.cpp:41]   --->   Operation 558 'read' 'p_read_535' <Predicate = true> <Delay = 0.00>
ST_7 : Operation 559 [1/1] (0.00ns)   --->   "%p_read_536 = read i8 @_ssdm_op_Read.ap_auto.i8, i8 %p_read848" [src/ORB.cpp:41]   --->   Operation 559 'read' 'p_read_536' <Predicate = true> <Delay = 0.00>
ST_7 : Operation 560 [1/1] (0.00ns)   --->   "%p_read_537 = read i8 @_ssdm_op_Read.ap_auto.i8, i8 %p_read847" [src/ORB.cpp:41]   --->   Operation 560 'read' 'p_read_537' <Predicate = true> <Delay = 0.00>
ST_7 : Operation 561 [1/1] (0.00ns)   --->   "%p_read_538 = read i8 @_ssdm_op_Read.ap_auto.i8, i8 %p_read846" [src/ORB.cpp:41]   --->   Operation 561 'read' 'p_read_538' <Predicate = true> <Delay = 0.00>
ST_7 : Operation 562 [1/1] (0.00ns)   --->   "%p_read_539 = read i8 @_ssdm_op_Read.ap_auto.i8, i8 %p_read845" [src/ORB.cpp:41]   --->   Operation 562 'read' 'p_read_539' <Predicate = true> <Delay = 0.00>
ST_7 : Operation 563 [1/1] (0.00ns)   --->   "%p_read_540 = read i8 @_ssdm_op_Read.ap_auto.i8, i8 %p_read844" [src/ORB.cpp:41]   --->   Operation 563 'read' 'p_read_540' <Predicate = true> <Delay = 0.00>
ST_7 : Operation 564 [1/1] (0.00ns)   --->   "%p_read_541 = read i8 @_ssdm_op_Read.ap_auto.i8, i8 %p_read843" [src/ORB.cpp:41]   --->   Operation 564 'read' 'p_read_541' <Predicate = true> <Delay = 0.00>
ST_7 : Operation 565 [1/1] (0.00ns)   --->   "%p_read_542 = read i8 @_ssdm_op_Read.ap_auto.i8, i8 %p_read842" [src/ORB.cpp:41]   --->   Operation 565 'read' 'p_read_542' <Predicate = true> <Delay = 0.00>
ST_7 : Operation 566 [1/1] (0.00ns)   --->   "%p_read_543 = read i8 @_ssdm_op_Read.ap_auto.i8, i8 %p_read841" [src/ORB.cpp:41]   --->   Operation 566 'read' 'p_read_543' <Predicate = true> <Delay = 0.00>
ST_7 : Operation 567 [1/1] (0.00ns)   --->   "%p_read_544 = read i8 @_ssdm_op_Read.ap_auto.i8, i8 %p_read840" [src/ORB.cpp:41]   --->   Operation 567 'read' 'p_read_544' <Predicate = true> <Delay = 0.00>
ST_7 : Operation 568 [1/1] (0.00ns)   --->   "%p_read_545 = read i8 @_ssdm_op_Read.ap_auto.i8, i8 %p_read839" [src/ORB.cpp:41]   --->   Operation 568 'read' 'p_read_545' <Predicate = true> <Delay = 0.00>
ST_7 : Operation 569 [1/1] (0.00ns)   --->   "%p_read_546 = read i8 @_ssdm_op_Read.ap_auto.i8, i8 %p_read838" [src/ORB.cpp:41]   --->   Operation 569 'read' 'p_read_546' <Predicate = true> <Delay = 0.00>
ST_7 : Operation 570 [1/1] (0.00ns)   --->   "%p_read_547 = read i8 @_ssdm_op_Read.ap_auto.i8, i8 %p_read837" [src/ORB.cpp:41]   --->   Operation 570 'read' 'p_read_547' <Predicate = true> <Delay = 0.00>
ST_7 : Operation 571 [1/1] (0.00ns)   --->   "%p_read_548 = read i8 @_ssdm_op_Read.ap_auto.i8, i8 %p_read836" [src/ORB.cpp:41]   --->   Operation 571 'read' 'p_read_548' <Predicate = true> <Delay = 0.00>
ST_7 : Operation 572 [1/1] (0.00ns)   --->   "%p_read_549 = read i8 @_ssdm_op_Read.ap_auto.i8, i8 %p_read835" [src/ORB.cpp:41]   --->   Operation 572 'read' 'p_read_549' <Predicate = true> <Delay = 0.00>
ST_7 : Operation 573 [1/1] (0.00ns)   --->   "%p_read_550 = read i8 @_ssdm_op_Read.ap_auto.i8, i8 %p_read834" [src/ORB.cpp:41]   --->   Operation 573 'read' 'p_read_550' <Predicate = true> <Delay = 0.00>
ST_7 : Operation 574 [1/1] (0.00ns)   --->   "%p_read_551 = read i8 @_ssdm_op_Read.ap_auto.i8, i8 %p_read833" [src/ORB.cpp:41]   --->   Operation 574 'read' 'p_read_551' <Predicate = true> <Delay = 0.00>
ST_7 : Operation 575 [1/1] (0.00ns)   --->   "%p_read_552 = read i8 @_ssdm_op_Read.ap_auto.i8, i8 %p_read832" [src/ORB.cpp:41]   --->   Operation 575 'read' 'p_read_552' <Predicate = true> <Delay = 0.00>
ST_7 : Operation 576 [1/1] (0.00ns)   --->   "%p_read_553 = read i8 @_ssdm_op_Read.ap_auto.i8, i8 %p_read831" [src/ORB.cpp:41]   --->   Operation 576 'read' 'p_read_553' <Predicate = true> <Delay = 0.00>
ST_7 : Operation 577 [1/1] (0.00ns)   --->   "%p_read_554 = read i8 @_ssdm_op_Read.ap_auto.i8, i8 %p_read830" [src/ORB.cpp:41]   --->   Operation 577 'read' 'p_read_554' <Predicate = true> <Delay = 0.00>
ST_7 : Operation 578 [1/1] (0.00ns)   --->   "%p_read_555 = read i8 @_ssdm_op_Read.ap_auto.i8, i8 %p_read829" [src/ORB.cpp:41]   --->   Operation 578 'read' 'p_read_555' <Predicate = true> <Delay = 0.00>
ST_7 : Operation 579 [1/1] (0.00ns)   --->   "%p_read_556 = read i8 @_ssdm_op_Read.ap_auto.i8, i8 %p_read828" [src/ORB.cpp:41]   --->   Operation 579 'read' 'p_read_556' <Predicate = true> <Delay = 0.00>
ST_7 : Operation 580 [1/1] (0.00ns)   --->   "%p_read_557 = read i8 @_ssdm_op_Read.ap_auto.i8, i8 %p_read827" [src/ORB.cpp:41]   --->   Operation 580 'read' 'p_read_557' <Predicate = true> <Delay = 0.00>
ST_7 : Operation 581 [1/1] (0.00ns)   --->   "%p_read_558 = read i8 @_ssdm_op_Read.ap_auto.i8, i8 %p_read826" [src/ORB.cpp:41]   --->   Operation 581 'read' 'p_read_558' <Predicate = true> <Delay = 0.00>
ST_7 : Operation 582 [1/1] (0.00ns)   --->   "%p_read_559 = read i8 @_ssdm_op_Read.ap_auto.i8, i8 %p_read825" [src/ORB.cpp:41]   --->   Operation 582 'read' 'p_read_559' <Predicate = true> <Delay = 0.00>
ST_7 : Operation 583 [1/1] (0.00ns)   --->   "%p_read_560 = read i8 @_ssdm_op_Read.ap_auto.i8, i8 %p_read824" [src/ORB.cpp:41]   --->   Operation 583 'read' 'p_read_560' <Predicate = true> <Delay = 0.00>
ST_7 : Operation 584 [1/1] (0.00ns)   --->   "%p_read_561 = read i8 @_ssdm_op_Read.ap_auto.i8, i8 %p_read823" [src/ORB.cpp:41]   --->   Operation 584 'read' 'p_read_561' <Predicate = true> <Delay = 0.00>
ST_7 : Operation 585 [1/1] (0.00ns)   --->   "%p_read_562 = read i8 @_ssdm_op_Read.ap_auto.i8, i8 %p_read822" [src/ORB.cpp:41]   --->   Operation 585 'read' 'p_read_562' <Predicate = true> <Delay = 0.00>
ST_7 : Operation 586 [1/1] (0.00ns)   --->   "%p_read_563 = read i8 @_ssdm_op_Read.ap_auto.i8, i8 %p_read821" [src/ORB.cpp:41]   --->   Operation 586 'read' 'p_read_563' <Predicate = true> <Delay = 0.00>
ST_7 : Operation 587 [1/1] (0.00ns)   --->   "%p_read_564 = read i8 @_ssdm_op_Read.ap_auto.i8, i8 %p_read820" [src/ORB.cpp:41]   --->   Operation 587 'read' 'p_read_564' <Predicate = true> <Delay = 0.00>
ST_7 : Operation 588 [1/1] (0.00ns)   --->   "%p_read_565 = read i8 @_ssdm_op_Read.ap_auto.i8, i8 %p_read819" [src/ORB.cpp:41]   --->   Operation 588 'read' 'p_read_565' <Predicate = true> <Delay = 0.00>
ST_7 : Operation 589 [1/1] (0.00ns)   --->   "%p_read_566 = read i8 @_ssdm_op_Read.ap_auto.i8, i8 %p_read818" [src/ORB.cpp:41]   --->   Operation 589 'read' 'p_read_566' <Predicate = true> <Delay = 0.00>
ST_7 : Operation 590 [1/1] (0.00ns)   --->   "%p_read_567 = read i8 @_ssdm_op_Read.ap_auto.i8, i8 %p_read817" [src/ORB.cpp:41]   --->   Operation 590 'read' 'p_read_567' <Predicate = true> <Delay = 0.00>
ST_7 : Operation 591 [1/1] (0.00ns)   --->   "%p_read_568 = read i8 @_ssdm_op_Read.ap_auto.i8, i8 %p_read816" [src/ORB.cpp:41]   --->   Operation 591 'read' 'p_read_568' <Predicate = true> <Delay = 0.00>
ST_7 : Operation 592 [1/1] (0.00ns)   --->   "%p_read_569 = read i8 @_ssdm_op_Read.ap_auto.i8, i8 %p_read815" [src/ORB.cpp:41]   --->   Operation 592 'read' 'p_read_569' <Predicate = true> <Delay = 0.00>
ST_7 : Operation 593 [1/1] (0.00ns)   --->   "%p_read_570 = read i8 @_ssdm_op_Read.ap_auto.i8, i8 %p_read814" [src/ORB.cpp:41]   --->   Operation 593 'read' 'p_read_570' <Predicate = true> <Delay = 0.00>
ST_7 : Operation 594 [1/1] (0.00ns)   --->   "%p_read_571 = read i8 @_ssdm_op_Read.ap_auto.i8, i8 %p_read813" [src/ORB.cpp:41]   --->   Operation 594 'read' 'p_read_571' <Predicate = true> <Delay = 0.00>
ST_7 : Operation 595 [1/1] (0.00ns)   --->   "%p_read_572 = read i8 @_ssdm_op_Read.ap_auto.i8, i8 %p_read812" [src/ORB.cpp:41]   --->   Operation 595 'read' 'p_read_572' <Predicate = true> <Delay = 0.00>
ST_7 : Operation 596 [1/1] (0.00ns)   --->   "%p_read_573 = read i8 @_ssdm_op_Read.ap_auto.i8, i8 %p_read811" [src/ORB.cpp:41]   --->   Operation 596 'read' 'p_read_573' <Predicate = true> <Delay = 0.00>
ST_7 : Operation 597 [1/1] (0.00ns)   --->   "%p_read_574 = read i8 @_ssdm_op_Read.ap_auto.i8, i8 %p_read810" [src/ORB.cpp:41]   --->   Operation 597 'read' 'p_read_574' <Predicate = true> <Delay = 0.00>
ST_7 : Operation 598 [1/1] (0.00ns)   --->   "%p_read_575 = read i8 @_ssdm_op_Read.ap_auto.i8, i8 %p_read809" [src/ORB.cpp:41]   --->   Operation 598 'read' 'p_read_575' <Predicate = true> <Delay = 0.00>
ST_7 : Operation 599 [1/1] (0.00ns)   --->   "%p_read_576 = read i8 @_ssdm_op_Read.ap_auto.i8, i8 %p_read808" [src/ORB.cpp:41]   --->   Operation 599 'read' 'p_read_576' <Predicate = true> <Delay = 0.00>
ST_7 : Operation 600 [1/1] (0.00ns)   --->   "%p_read_577 = read i8 @_ssdm_op_Read.ap_auto.i8, i8 %p_read807" [src/ORB.cpp:41]   --->   Operation 600 'read' 'p_read_577' <Predicate = true> <Delay = 0.00>
ST_7 : Operation 601 [1/1] (0.00ns)   --->   "%p_read_578 = read i8 @_ssdm_op_Read.ap_auto.i8, i8 %p_read806" [src/ORB.cpp:41]   --->   Operation 601 'read' 'p_read_578' <Predicate = true> <Delay = 0.00>
ST_7 : Operation 602 [1/1] (0.00ns)   --->   "%p_read_579 = read i8 @_ssdm_op_Read.ap_auto.i8, i8 %p_read805" [src/ORB.cpp:41]   --->   Operation 602 'read' 'p_read_579' <Predicate = true> <Delay = 0.00>
ST_7 : Operation 603 [1/1] (0.00ns)   --->   "%p_read_580 = read i8 @_ssdm_op_Read.ap_auto.i8, i8 %p_read804" [src/ORB.cpp:41]   --->   Operation 603 'read' 'p_read_580' <Predicate = true> <Delay = 0.00>
ST_7 : Operation 604 [1/1] (0.00ns)   --->   "%p_read_581 = read i8 @_ssdm_op_Read.ap_auto.i8, i8 %p_read803" [src/ORB.cpp:41]   --->   Operation 604 'read' 'p_read_581' <Predicate = true> <Delay = 0.00>
ST_7 : Operation 605 [1/1] (0.00ns)   --->   "%p_read_582 = read i8 @_ssdm_op_Read.ap_auto.i8, i8 %p_read802" [src/ORB.cpp:41]   --->   Operation 605 'read' 'p_read_582' <Predicate = true> <Delay = 0.00>
ST_7 : Operation 606 [1/1] (0.00ns)   --->   "%p_read_583 = read i8 @_ssdm_op_Read.ap_auto.i8, i8 %p_read801" [src/ORB.cpp:41]   --->   Operation 606 'read' 'p_read_583' <Predicate = true> <Delay = 0.00>
ST_7 : Operation 607 [1/1] (0.00ns)   --->   "%p_read_584 = read i8 @_ssdm_op_Read.ap_auto.i8, i8 %p_read800" [src/ORB.cpp:41]   --->   Operation 607 'read' 'p_read_584' <Predicate = true> <Delay = 0.00>
ST_7 : Operation 608 [1/1] (0.00ns)   --->   "%p_read_585 = read i8 @_ssdm_op_Read.ap_auto.i8, i8 %p_read799" [src/ORB.cpp:41]   --->   Operation 608 'read' 'p_read_585' <Predicate = true> <Delay = 0.00>
ST_7 : Operation 609 [1/1] (0.00ns)   --->   "%p_read_586 = read i8 @_ssdm_op_Read.ap_auto.i8, i8 %p_read798" [src/ORB.cpp:41]   --->   Operation 609 'read' 'p_read_586' <Predicate = true> <Delay = 0.00>
ST_7 : Operation 610 [1/1] (0.00ns)   --->   "%p_read_587 = read i8 @_ssdm_op_Read.ap_auto.i8, i8 %p_read797" [src/ORB.cpp:41]   --->   Operation 610 'read' 'p_read_587' <Predicate = true> <Delay = 0.00>
ST_7 : Operation 611 [1/1] (0.00ns)   --->   "%p_read_588 = read i8 @_ssdm_op_Read.ap_auto.i8, i8 %p_read796" [src/ORB.cpp:41]   --->   Operation 611 'read' 'p_read_588' <Predicate = true> <Delay = 0.00>
ST_7 : Operation 612 [1/1] (0.00ns)   --->   "%p_read_589 = read i8 @_ssdm_op_Read.ap_auto.i8, i8 %p_read795" [src/ORB.cpp:41]   --->   Operation 612 'read' 'p_read_589' <Predicate = true> <Delay = 0.00>
ST_7 : Operation 613 [1/1] (0.00ns)   --->   "%p_read_590 = read i8 @_ssdm_op_Read.ap_auto.i8, i8 %p_read794" [src/ORB.cpp:41]   --->   Operation 613 'read' 'p_read_590' <Predicate = true> <Delay = 0.00>
ST_7 : Operation 614 [1/1] (0.00ns)   --->   "%p_read_591 = read i8 @_ssdm_op_Read.ap_auto.i8, i8 %p_read793" [src/ORB.cpp:41]   --->   Operation 614 'read' 'p_read_591' <Predicate = true> <Delay = 0.00>
ST_7 : Operation 615 [1/1] (0.00ns)   --->   "%p_read_592 = read i8 @_ssdm_op_Read.ap_auto.i8, i8 %p_read792" [src/ORB.cpp:41]   --->   Operation 615 'read' 'p_read_592' <Predicate = true> <Delay = 0.00>
ST_7 : Operation 616 [1/1] (0.00ns)   --->   "%p_read_593 = read i8 @_ssdm_op_Read.ap_auto.i8, i8 %p_read791" [src/ORB.cpp:41]   --->   Operation 616 'read' 'p_read_593' <Predicate = true> <Delay = 0.00>
ST_7 : Operation 617 [1/1] (0.00ns)   --->   "%p_read_594 = read i8 @_ssdm_op_Read.ap_auto.i8, i8 %p_read790" [src/ORB.cpp:41]   --->   Operation 617 'read' 'p_read_594' <Predicate = true> <Delay = 0.00>
ST_7 : Operation 618 [1/1] (0.00ns)   --->   "%p_read_595 = read i8 @_ssdm_op_Read.ap_auto.i8, i8 %p_read789" [src/ORB.cpp:41]   --->   Operation 618 'read' 'p_read_595' <Predicate = true> <Delay = 0.00>
ST_7 : Operation 619 [1/1] (0.00ns)   --->   "%p_read_596 = read i8 @_ssdm_op_Read.ap_auto.i8, i8 %p_read788" [src/ORB.cpp:41]   --->   Operation 619 'read' 'p_read_596' <Predicate = true> <Delay = 0.00>
ST_7 : Operation 620 [1/1] (0.00ns)   --->   "%p_read_597 = read i8 @_ssdm_op_Read.ap_auto.i8, i8 %p_read787" [src/ORB.cpp:41]   --->   Operation 620 'read' 'p_read_597' <Predicate = true> <Delay = 0.00>
ST_7 : Operation 621 [1/1] (0.00ns)   --->   "%p_read_598 = read i8 @_ssdm_op_Read.ap_auto.i8, i8 %p_read786" [src/ORB.cpp:41]   --->   Operation 621 'read' 'p_read_598' <Predicate = true> <Delay = 0.00>
ST_7 : Operation 622 [1/1] (0.00ns)   --->   "%p_read_599 = read i8 @_ssdm_op_Read.ap_auto.i8, i8 %p_read785" [src/ORB.cpp:41]   --->   Operation 622 'read' 'p_read_599' <Predicate = true> <Delay = 0.00>
ST_7 : Operation 623 [1/1] (0.00ns)   --->   "%p_read_600 = read i8 @_ssdm_op_Read.ap_auto.i8, i8 %p_read784" [src/ORB.cpp:41]   --->   Operation 623 'read' 'p_read_600' <Predicate = true> <Delay = 0.00>
ST_7 : Operation 624 [1/1] (0.00ns)   --->   "%p_read_601 = read i8 @_ssdm_op_Read.ap_auto.i8, i8 %p_read783" [src/ORB.cpp:41]   --->   Operation 624 'read' 'p_read_601' <Predicate = true> <Delay = 0.00>
ST_7 : Operation 625 [1/1] (0.00ns)   --->   "%p_read_602 = read i8 @_ssdm_op_Read.ap_auto.i8, i8 %p_read782" [src/ORB.cpp:41]   --->   Operation 625 'read' 'p_read_602' <Predicate = true> <Delay = 0.00>
ST_7 : Operation 626 [1/1] (0.00ns)   --->   "%p_read_603 = read i8 @_ssdm_op_Read.ap_auto.i8, i8 %p_read781" [src/ORB.cpp:41]   --->   Operation 626 'read' 'p_read_603' <Predicate = true> <Delay = 0.00>
ST_7 : Operation 627 [1/1] (0.00ns)   --->   "%p_read_604 = read i8 @_ssdm_op_Read.ap_auto.i8, i8 %p_read780" [src/ORB.cpp:41]   --->   Operation 627 'read' 'p_read_604' <Predicate = true> <Delay = 0.00>
ST_7 : Operation 628 [1/1] (0.00ns)   --->   "%p_read_605 = read i8 @_ssdm_op_Read.ap_auto.i8, i8 %p_read779" [src/ORB.cpp:41]   --->   Operation 628 'read' 'p_read_605' <Predicate = true> <Delay = 0.00>
ST_7 : Operation 629 [1/1] (0.00ns)   --->   "%p_read_606 = read i8 @_ssdm_op_Read.ap_auto.i8, i8 %p_read778" [src/ORB.cpp:41]   --->   Operation 629 'read' 'p_read_606' <Predicate = true> <Delay = 0.00>
ST_7 : Operation 630 [1/1] (0.00ns)   --->   "%p_read_607 = read i8 @_ssdm_op_Read.ap_auto.i8, i8 %p_read777" [src/ORB.cpp:41]   --->   Operation 630 'read' 'p_read_607' <Predicate = true> <Delay = 0.00>
ST_7 : Operation 631 [1/1] (0.00ns)   --->   "%p_read_608 = read i8 @_ssdm_op_Read.ap_auto.i8, i8 %p_read776" [src/ORB.cpp:41]   --->   Operation 631 'read' 'p_read_608' <Predicate = true> <Delay = 0.00>
ST_7 : Operation 632 [1/1] (0.00ns)   --->   "%p_read_609 = read i8 @_ssdm_op_Read.ap_auto.i8, i8 %p_read775" [src/ORB.cpp:41]   --->   Operation 632 'read' 'p_read_609' <Predicate = true> <Delay = 0.00>
ST_7 : Operation 633 [1/1] (0.00ns)   --->   "%p_read_610 = read i8 @_ssdm_op_Read.ap_auto.i8, i8 %p_read774" [src/ORB.cpp:41]   --->   Operation 633 'read' 'p_read_610' <Predicate = true> <Delay = 0.00>
ST_7 : Operation 634 [1/1] (0.00ns)   --->   "%p_read_611 = read i8 @_ssdm_op_Read.ap_auto.i8, i8 %p_read773" [src/ORB.cpp:41]   --->   Operation 634 'read' 'p_read_611' <Predicate = true> <Delay = 0.00>
ST_7 : Operation 635 [1/1] (0.00ns)   --->   "%p_read_612 = read i8 @_ssdm_op_Read.ap_auto.i8, i8 %p_read772" [src/ORB.cpp:41]   --->   Operation 635 'read' 'p_read_612' <Predicate = true> <Delay = 0.00>
ST_7 : Operation 636 [1/1] (0.00ns)   --->   "%p_read_613 = read i8 @_ssdm_op_Read.ap_auto.i8, i8 %p_read771" [src/ORB.cpp:41]   --->   Operation 636 'read' 'p_read_613' <Predicate = true> <Delay = 0.00>
ST_7 : Operation 637 [1/1] (0.00ns)   --->   "%p_read_614 = read i8 @_ssdm_op_Read.ap_auto.i8, i8 %p_read770" [src/ORB.cpp:41]   --->   Operation 637 'read' 'p_read_614' <Predicate = true> <Delay = 0.00>
ST_7 : Operation 638 [1/1] (0.00ns)   --->   "%p_read_615 = read i8 @_ssdm_op_Read.ap_auto.i8, i8 %p_read769" [src/ORB.cpp:41]   --->   Operation 638 'read' 'p_read_615' <Predicate = true> <Delay = 0.00>
ST_7 : Operation 639 [1/1] (0.00ns)   --->   "%p_read_616 = read i8 @_ssdm_op_Read.ap_auto.i8, i8 %p_read768" [src/ORB.cpp:41]   --->   Operation 639 'read' 'p_read_616' <Predicate = true> <Delay = 0.00>
ST_7 : Operation 640 [1/1] (0.00ns)   --->   "%p_read_617 = read i8 @_ssdm_op_Read.ap_auto.i8, i8 %p_read767" [src/ORB.cpp:41]   --->   Operation 640 'read' 'p_read_617' <Predicate = true> <Delay = 0.00>
ST_7 : Operation 641 [1/1] (0.00ns)   --->   "%p_read_618 = read i8 @_ssdm_op_Read.ap_auto.i8, i8 %p_read766" [src/ORB.cpp:41]   --->   Operation 641 'read' 'p_read_618' <Predicate = true> <Delay = 0.00>
ST_7 : Operation 642 [1/1] (0.00ns)   --->   "%p_read_619 = read i8 @_ssdm_op_Read.ap_auto.i8, i8 %p_read765" [src/ORB.cpp:41]   --->   Operation 642 'read' 'p_read_619' <Predicate = true> <Delay = 0.00>
ST_7 : Operation 643 [1/1] (0.00ns)   --->   "%p_read_620 = read i8 @_ssdm_op_Read.ap_auto.i8, i8 %p_read764" [src/ORB.cpp:41]   --->   Operation 643 'read' 'p_read_620' <Predicate = true> <Delay = 0.00>
ST_7 : Operation 644 [1/1] (0.00ns)   --->   "%p_read_621 = read i8 @_ssdm_op_Read.ap_auto.i8, i8 %p_read763" [src/ORB.cpp:41]   --->   Operation 644 'read' 'p_read_621' <Predicate = true> <Delay = 0.00>
ST_7 : Operation 645 [1/1] (0.00ns)   --->   "%p_read_622 = read i8 @_ssdm_op_Read.ap_auto.i8, i8 %p_read762" [src/ORB.cpp:41]   --->   Operation 645 'read' 'p_read_622' <Predicate = true> <Delay = 0.00>
ST_7 : Operation 646 [1/1] (0.00ns)   --->   "%p_read_623 = read i8 @_ssdm_op_Read.ap_auto.i8, i8 %p_read761" [src/ORB.cpp:41]   --->   Operation 646 'read' 'p_read_623' <Predicate = true> <Delay = 0.00>
ST_7 : Operation 647 [1/1] (0.00ns)   --->   "%p_read_624 = read i8 @_ssdm_op_Read.ap_auto.i8, i8 %p_read760" [src/ORB.cpp:41]   --->   Operation 647 'read' 'p_read_624' <Predicate = true> <Delay = 0.00>
ST_7 : Operation 648 [1/1] (0.00ns)   --->   "%p_read_625 = read i8 @_ssdm_op_Read.ap_auto.i8, i8 %p_read759" [src/ORB.cpp:41]   --->   Operation 648 'read' 'p_read_625' <Predicate = true> <Delay = 0.00>
ST_7 : Operation 649 [1/1] (0.00ns)   --->   "%p_read_626 = read i8 @_ssdm_op_Read.ap_auto.i8, i8 %p_read758" [src/ORB.cpp:41]   --->   Operation 649 'read' 'p_read_626' <Predicate = true> <Delay = 0.00>
ST_7 : Operation 650 [1/1] (0.00ns)   --->   "%p_read_627 = read i8 @_ssdm_op_Read.ap_auto.i8, i8 %p_read757" [src/ORB.cpp:41]   --->   Operation 650 'read' 'p_read_627' <Predicate = true> <Delay = 0.00>
ST_7 : Operation 651 [1/1] (0.00ns)   --->   "%p_read_628 = read i8 @_ssdm_op_Read.ap_auto.i8, i8 %p_read756" [src/ORB.cpp:41]   --->   Operation 651 'read' 'p_read_628' <Predicate = true> <Delay = 0.00>
ST_7 : Operation 652 [1/1] (0.00ns)   --->   "%p_read_629 = read i8 @_ssdm_op_Read.ap_auto.i8, i8 %p_read755" [src/ORB.cpp:41]   --->   Operation 652 'read' 'p_read_629' <Predicate = true> <Delay = 0.00>
ST_7 : Operation 653 [1/1] (0.00ns)   --->   "%p_read_630 = read i8 @_ssdm_op_Read.ap_auto.i8, i8 %p_read754" [src/ORB.cpp:41]   --->   Operation 653 'read' 'p_read_630' <Predicate = true> <Delay = 0.00>
ST_7 : Operation 654 [1/1] (0.00ns)   --->   "%p_read_631 = read i8 @_ssdm_op_Read.ap_auto.i8, i8 %p_read753" [src/ORB.cpp:41]   --->   Operation 654 'read' 'p_read_631' <Predicate = true> <Delay = 0.00>
ST_7 : Operation 655 [1/1] (0.00ns)   --->   "%p_read_632 = read i8 @_ssdm_op_Read.ap_auto.i8, i8 %p_read752" [src/ORB.cpp:41]   --->   Operation 655 'read' 'p_read_632' <Predicate = true> <Delay = 0.00>
ST_7 : Operation 656 [1/1] (0.00ns)   --->   "%p_read_633 = read i8 @_ssdm_op_Read.ap_auto.i8, i8 %p_read751" [src/ORB.cpp:41]   --->   Operation 656 'read' 'p_read_633' <Predicate = true> <Delay = 0.00>
ST_7 : Operation 657 [1/1] (0.00ns)   --->   "%p_read_634 = read i8 @_ssdm_op_Read.ap_auto.i8, i8 %p_read750" [src/ORB.cpp:41]   --->   Operation 657 'read' 'p_read_634' <Predicate = true> <Delay = 0.00>
ST_7 : Operation 658 [1/1] (0.00ns)   --->   "%p_read_635 = read i8 @_ssdm_op_Read.ap_auto.i8, i8 %p_read749" [src/ORB.cpp:41]   --->   Operation 658 'read' 'p_read_635' <Predicate = true> <Delay = 0.00>
ST_7 : Operation 659 [1/1] (0.00ns)   --->   "%p_read_636 = read i8 @_ssdm_op_Read.ap_auto.i8, i8 %p_read748" [src/ORB.cpp:41]   --->   Operation 659 'read' 'p_read_636' <Predicate = true> <Delay = 0.00>
ST_7 : Operation 660 [1/1] (0.00ns)   --->   "%p_read_637 = read i8 @_ssdm_op_Read.ap_auto.i8, i8 %p_read747" [src/ORB.cpp:41]   --->   Operation 660 'read' 'p_read_637' <Predicate = true> <Delay = 0.00>
ST_7 : Operation 661 [1/1] (0.00ns)   --->   "%p_read_638 = read i8 @_ssdm_op_Read.ap_auto.i8, i8 %p_read746" [src/ORB.cpp:41]   --->   Operation 661 'read' 'p_read_638' <Predicate = true> <Delay = 0.00>
ST_7 : Operation 662 [1/1] (0.00ns)   --->   "%p_read_639 = read i8 @_ssdm_op_Read.ap_auto.i8, i8 %p_read745" [src/ORB.cpp:41]   --->   Operation 662 'read' 'p_read_639' <Predicate = true> <Delay = 0.00>
ST_7 : Operation 663 [1/1] (0.00ns)   --->   "%p_read_640 = read i8 @_ssdm_op_Read.ap_auto.i8, i8 %p_read744" [src/ORB.cpp:41]   --->   Operation 663 'read' 'p_read_640' <Predicate = true> <Delay = 0.00>
ST_7 : Operation 664 [1/1] (0.00ns)   --->   "%p_read_641 = read i8 @_ssdm_op_Read.ap_auto.i8, i8 %p_read743" [src/ORB.cpp:41]   --->   Operation 664 'read' 'p_read_641' <Predicate = true> <Delay = 0.00>
ST_7 : Operation 665 [1/1] (0.00ns)   --->   "%p_read_642 = read i8 @_ssdm_op_Read.ap_auto.i8, i8 %p_read742" [src/ORB.cpp:41]   --->   Operation 665 'read' 'p_read_642' <Predicate = true> <Delay = 0.00>
ST_7 : Operation 666 [1/1] (0.00ns)   --->   "%p_read_643 = read i8 @_ssdm_op_Read.ap_auto.i8, i8 %p_read741" [src/ORB.cpp:41]   --->   Operation 666 'read' 'p_read_643' <Predicate = true> <Delay = 0.00>
ST_7 : Operation 667 [1/1] (0.00ns)   --->   "%p_read_644 = read i8 @_ssdm_op_Read.ap_auto.i8, i8 %p_read740" [src/ORB.cpp:41]   --->   Operation 667 'read' 'p_read_644' <Predicate = true> <Delay = 0.00>
ST_7 : Operation 668 [1/1] (0.00ns)   --->   "%p_read_645 = read i8 @_ssdm_op_Read.ap_auto.i8, i8 %p_read739" [src/ORB.cpp:41]   --->   Operation 668 'read' 'p_read_645' <Predicate = true> <Delay = 0.00>
ST_7 : Operation 669 [1/1] (0.00ns)   --->   "%p_read_646 = read i8 @_ssdm_op_Read.ap_auto.i8, i8 %p_read738" [src/ORB.cpp:41]   --->   Operation 669 'read' 'p_read_646' <Predicate = true> <Delay = 0.00>
ST_7 : Operation 670 [1/1] (0.00ns)   --->   "%p_read_647 = read i8 @_ssdm_op_Read.ap_auto.i8, i8 %p_read737" [src/ORB.cpp:41]   --->   Operation 670 'read' 'p_read_647' <Predicate = true> <Delay = 0.00>
ST_7 : Operation 671 [1/1] (0.00ns)   --->   "%p_read_648 = read i8 @_ssdm_op_Read.ap_auto.i8, i8 %p_read736" [src/ORB.cpp:41]   --->   Operation 671 'read' 'p_read_648' <Predicate = true> <Delay = 0.00>
ST_7 : Operation 672 [1/1] (0.00ns)   --->   "%p_read_649 = read i8 @_ssdm_op_Read.ap_auto.i8, i8 %p_read735" [src/ORB.cpp:41]   --->   Operation 672 'read' 'p_read_649' <Predicate = true> <Delay = 0.00>
ST_7 : Operation 673 [1/1] (0.00ns)   --->   "%p_read_650 = read i8 @_ssdm_op_Read.ap_auto.i8, i8 %p_read734" [src/ORB.cpp:41]   --->   Operation 673 'read' 'p_read_650' <Predicate = true> <Delay = 0.00>
ST_7 : Operation 674 [1/1] (0.00ns)   --->   "%p_read_651 = read i8 @_ssdm_op_Read.ap_auto.i8, i8 %p_read733" [src/ORB.cpp:41]   --->   Operation 674 'read' 'p_read_651' <Predicate = true> <Delay = 0.00>
ST_7 : Operation 675 [1/1] (0.00ns)   --->   "%p_read_652 = read i8 @_ssdm_op_Read.ap_auto.i8, i8 %p_read732" [src/ORB.cpp:41]   --->   Operation 675 'read' 'p_read_652' <Predicate = true> <Delay = 0.00>
ST_7 : Operation 676 [1/1] (0.00ns)   --->   "%p_read_653 = read i8 @_ssdm_op_Read.ap_auto.i8, i8 %p_read731" [src/ORB.cpp:41]   --->   Operation 676 'read' 'p_read_653' <Predicate = true> <Delay = 0.00>
ST_7 : Operation 677 [1/1] (0.00ns)   --->   "%p_read_654 = read i8 @_ssdm_op_Read.ap_auto.i8, i8 %p_read730" [src/ORB.cpp:41]   --->   Operation 677 'read' 'p_read_654' <Predicate = true> <Delay = 0.00>
ST_7 : Operation 678 [1/1] (0.00ns)   --->   "%p_read_655 = read i8 @_ssdm_op_Read.ap_auto.i8, i8 %p_read729" [src/ORB.cpp:41]   --->   Operation 678 'read' 'p_read_655' <Predicate = true> <Delay = 0.00>
ST_7 : Operation 679 [1/1] (0.00ns)   --->   "%p_read_656 = read i8 @_ssdm_op_Read.ap_auto.i8, i8 %p_read728" [src/ORB.cpp:41]   --->   Operation 679 'read' 'p_read_656' <Predicate = true> <Delay = 0.00>
ST_7 : Operation 680 [1/1] (0.00ns)   --->   "%p_read_657 = read i8 @_ssdm_op_Read.ap_auto.i8, i8 %p_read727" [src/ORB.cpp:41]   --->   Operation 680 'read' 'p_read_657' <Predicate = true> <Delay = 0.00>
ST_7 : Operation 681 [1/1] (0.00ns)   --->   "%p_read_658 = read i8 @_ssdm_op_Read.ap_auto.i8, i8 %p_read726" [src/ORB.cpp:41]   --->   Operation 681 'read' 'p_read_658' <Predicate = true> <Delay = 0.00>
ST_7 : Operation 682 [1/1] (0.00ns)   --->   "%p_read_659 = read i8 @_ssdm_op_Read.ap_auto.i8, i8 %p_read725" [src/ORB.cpp:41]   --->   Operation 682 'read' 'p_read_659' <Predicate = true> <Delay = 0.00>
ST_7 : Operation 683 [1/1] (0.00ns)   --->   "%p_read_660 = read i8 @_ssdm_op_Read.ap_auto.i8, i8 %p_read724" [src/ORB.cpp:41]   --->   Operation 683 'read' 'p_read_660' <Predicate = true> <Delay = 0.00>
ST_7 : Operation 684 [1/1] (0.00ns)   --->   "%p_read_661 = read i8 @_ssdm_op_Read.ap_auto.i8, i8 %p_read723" [src/ORB.cpp:41]   --->   Operation 684 'read' 'p_read_661' <Predicate = true> <Delay = 0.00>
ST_7 : Operation 685 [1/1] (0.00ns)   --->   "%p_read_662 = read i8 @_ssdm_op_Read.ap_auto.i8, i8 %p_read722" [src/ORB.cpp:41]   --->   Operation 685 'read' 'p_read_662' <Predicate = true> <Delay = 0.00>
ST_7 : Operation 686 [1/1] (0.00ns)   --->   "%p_read_663 = read i8 @_ssdm_op_Read.ap_auto.i8, i8 %p_read721" [src/ORB.cpp:41]   --->   Operation 686 'read' 'p_read_663' <Predicate = true> <Delay = 0.00>
ST_7 : Operation 687 [1/1] (0.00ns)   --->   "%p_read_664 = read i8 @_ssdm_op_Read.ap_auto.i8, i8 %p_read720" [src/ORB.cpp:41]   --->   Operation 687 'read' 'p_read_664' <Predicate = true> <Delay = 0.00>
ST_7 : Operation 688 [1/1] (0.00ns)   --->   "%p_read_665 = read i8 @_ssdm_op_Read.ap_auto.i8, i8 %p_read719" [src/ORB.cpp:41]   --->   Operation 688 'read' 'p_read_665' <Predicate = true> <Delay = 0.00>
ST_7 : Operation 689 [1/1] (0.00ns)   --->   "%p_read_666 = read i8 @_ssdm_op_Read.ap_auto.i8, i8 %p_read718" [src/ORB.cpp:41]   --->   Operation 689 'read' 'p_read_666' <Predicate = true> <Delay = 0.00>
ST_7 : Operation 690 [1/1] (0.00ns)   --->   "%p_read_667 = read i8 @_ssdm_op_Read.ap_auto.i8, i8 %p_read717" [src/ORB.cpp:41]   --->   Operation 690 'read' 'p_read_667' <Predicate = true> <Delay = 0.00>
ST_7 : Operation 691 [1/1] (0.00ns)   --->   "%p_read_668 = read i8 @_ssdm_op_Read.ap_auto.i8, i8 %p_read716" [src/ORB.cpp:41]   --->   Operation 691 'read' 'p_read_668' <Predicate = true> <Delay = 0.00>
ST_7 : Operation 692 [1/1] (0.00ns)   --->   "%p_read_669 = read i8 @_ssdm_op_Read.ap_auto.i8, i8 %p_read715" [src/ORB.cpp:41]   --->   Operation 692 'read' 'p_read_669' <Predicate = true> <Delay = 0.00>
ST_7 : Operation 693 [1/1] (0.00ns)   --->   "%p_read_670 = read i8 @_ssdm_op_Read.ap_auto.i8, i8 %p_read714" [src/ORB.cpp:41]   --->   Operation 693 'read' 'p_read_670' <Predicate = true> <Delay = 0.00>
ST_7 : Operation 694 [1/1] (0.00ns)   --->   "%p_read_671 = read i8 @_ssdm_op_Read.ap_auto.i8, i8 %p_read713" [src/ORB.cpp:41]   --->   Operation 694 'read' 'p_read_671' <Predicate = true> <Delay = 0.00>
ST_7 : Operation 695 [1/1] (0.00ns)   --->   "%p_read_672 = read i8 @_ssdm_op_Read.ap_auto.i8, i8 %p_read712" [src/ORB.cpp:41]   --->   Operation 695 'read' 'p_read_672' <Predicate = true> <Delay = 0.00>
ST_7 : Operation 696 [1/1] (0.00ns)   --->   "%p_read_673 = read i8 @_ssdm_op_Read.ap_auto.i8, i8 %p_read711" [src/ORB.cpp:41]   --->   Operation 696 'read' 'p_read_673' <Predicate = true> <Delay = 0.00>
ST_7 : Operation 697 [1/1] (0.00ns)   --->   "%p_read_674 = read i8 @_ssdm_op_Read.ap_auto.i8, i8 %p_read710" [src/ORB.cpp:41]   --->   Operation 697 'read' 'p_read_674' <Predicate = true> <Delay = 0.00>
ST_7 : Operation 698 [1/1] (0.00ns)   --->   "%p_read_675 = read i8 @_ssdm_op_Read.ap_auto.i8, i8 %p_read709" [src/ORB.cpp:41]   --->   Operation 698 'read' 'p_read_675' <Predicate = true> <Delay = 0.00>
ST_7 : Operation 699 [1/1] (0.00ns)   --->   "%p_read_676 = read i8 @_ssdm_op_Read.ap_auto.i8, i8 %p_read708" [src/ORB.cpp:41]   --->   Operation 699 'read' 'p_read_676' <Predicate = true> <Delay = 0.00>
ST_7 : Operation 700 [1/1] (0.00ns)   --->   "%p_read_677 = read i8 @_ssdm_op_Read.ap_auto.i8, i8 %p_read707" [src/ORB.cpp:41]   --->   Operation 700 'read' 'p_read_677' <Predicate = true> <Delay = 0.00>
ST_7 : Operation 701 [1/1] (0.00ns)   --->   "%p_read_678 = read i8 @_ssdm_op_Read.ap_auto.i8, i8 %p_read706" [src/ORB.cpp:41]   --->   Operation 701 'read' 'p_read_678' <Predicate = true> <Delay = 0.00>
ST_7 : Operation 702 [1/1] (0.00ns)   --->   "%p_read_679 = read i8 @_ssdm_op_Read.ap_auto.i8, i8 %p_read705" [src/ORB.cpp:41]   --->   Operation 702 'read' 'p_read_679' <Predicate = true> <Delay = 0.00>
ST_7 : Operation 703 [1/1] (0.00ns)   --->   "%p_read_680 = read i8 @_ssdm_op_Read.ap_auto.i8, i8 %p_read704" [src/ORB.cpp:41]   --->   Operation 703 'read' 'p_read_680' <Predicate = true> <Delay = 0.00>
ST_7 : Operation 704 [1/1] (0.00ns)   --->   "%p_read_681 = read i8 @_ssdm_op_Read.ap_auto.i8, i8 %p_read703" [src/ORB.cpp:41]   --->   Operation 704 'read' 'p_read_681' <Predicate = true> <Delay = 0.00>
ST_7 : Operation 705 [1/1] (0.00ns)   --->   "%p_read_682 = read i8 @_ssdm_op_Read.ap_auto.i8, i8 %p_read702" [src/ORB.cpp:41]   --->   Operation 705 'read' 'p_read_682' <Predicate = true> <Delay = 0.00>
ST_7 : Operation 706 [1/1] (0.00ns)   --->   "%p_read_683 = read i8 @_ssdm_op_Read.ap_auto.i8, i8 %p_read701" [src/ORB.cpp:41]   --->   Operation 706 'read' 'p_read_683' <Predicate = true> <Delay = 0.00>
ST_7 : Operation 707 [1/1] (0.00ns)   --->   "%p_read_684 = read i8 @_ssdm_op_Read.ap_auto.i8, i8 %p_read700" [src/ORB.cpp:41]   --->   Operation 707 'read' 'p_read_684' <Predicate = true> <Delay = 0.00>
ST_7 : Operation 708 [1/1] (0.00ns)   --->   "%p_read_685 = read i8 @_ssdm_op_Read.ap_auto.i8, i8 %p_read699" [src/ORB.cpp:41]   --->   Operation 708 'read' 'p_read_685' <Predicate = true> <Delay = 0.00>
ST_7 : Operation 709 [1/1] (0.00ns)   --->   "%p_read_686 = read i8 @_ssdm_op_Read.ap_auto.i8, i8 %p_read698" [src/ORB.cpp:41]   --->   Operation 709 'read' 'p_read_686' <Predicate = true> <Delay = 0.00>
ST_7 : Operation 710 [1/1] (0.00ns)   --->   "%p_read_687 = read i8 @_ssdm_op_Read.ap_auto.i8, i8 %p_read697" [src/ORB.cpp:41]   --->   Operation 710 'read' 'p_read_687' <Predicate = true> <Delay = 0.00>
ST_7 : Operation 711 [1/1] (0.00ns)   --->   "%p_read_688 = read i8 @_ssdm_op_Read.ap_auto.i8, i8 %p_read696" [src/ORB.cpp:41]   --->   Operation 711 'read' 'p_read_688' <Predicate = true> <Delay = 0.00>
ST_7 : Operation 712 [1/1] (0.00ns)   --->   "%p_read_689 = read i8 @_ssdm_op_Read.ap_auto.i8, i8 %p_read695" [src/ORB.cpp:41]   --->   Operation 712 'read' 'p_read_689' <Predicate = true> <Delay = 0.00>
ST_7 : Operation 713 [1/1] (0.00ns)   --->   "%p_read_690 = read i8 @_ssdm_op_Read.ap_auto.i8, i8 %p_read694" [src/ORB.cpp:41]   --->   Operation 713 'read' 'p_read_690' <Predicate = true> <Delay = 0.00>
ST_7 : Operation 714 [1/1] (0.00ns)   --->   "%p_read_691 = read i8 @_ssdm_op_Read.ap_auto.i8, i8 %p_read693" [src/ORB.cpp:41]   --->   Operation 714 'read' 'p_read_691' <Predicate = true> <Delay = 0.00>
ST_7 : Operation 715 [1/1] (0.00ns)   --->   "%p_read_692 = read i8 @_ssdm_op_Read.ap_auto.i8, i8 %p_read692" [src/ORB.cpp:41]   --->   Operation 715 'read' 'p_read_692' <Predicate = true> <Delay = 0.00>
ST_7 : Operation 716 [1/1] (0.00ns)   --->   "%p_read_693 = read i8 @_ssdm_op_Read.ap_auto.i8, i8 %p_read691" [src/ORB.cpp:41]   --->   Operation 716 'read' 'p_read_693' <Predicate = true> <Delay = 0.00>
ST_7 : Operation 717 [1/1] (0.00ns)   --->   "%p_read_694 = read i8 @_ssdm_op_Read.ap_auto.i8, i8 %p_read690" [src/ORB.cpp:41]   --->   Operation 717 'read' 'p_read_694' <Predicate = true> <Delay = 0.00>
ST_7 : Operation 718 [1/1] (0.00ns)   --->   "%p_read_695 = read i8 @_ssdm_op_Read.ap_auto.i8, i8 %p_read689" [src/ORB.cpp:41]   --->   Operation 718 'read' 'p_read_695' <Predicate = true> <Delay = 0.00>
ST_7 : Operation 719 [1/1] (0.00ns)   --->   "%p_read_696 = read i8 @_ssdm_op_Read.ap_auto.i8, i8 %p_read688" [src/ORB.cpp:41]   --->   Operation 719 'read' 'p_read_696' <Predicate = true> <Delay = 0.00>
ST_7 : Operation 720 [1/1] (0.00ns)   --->   "%p_read_697 = read i8 @_ssdm_op_Read.ap_auto.i8, i8 %p_read687" [src/ORB.cpp:41]   --->   Operation 720 'read' 'p_read_697' <Predicate = true> <Delay = 0.00>
ST_7 : Operation 721 [1/1] (0.00ns)   --->   "%p_read_698 = read i8 @_ssdm_op_Read.ap_auto.i8, i8 %p_read686" [src/ORB.cpp:41]   --->   Operation 721 'read' 'p_read_698' <Predicate = true> <Delay = 0.00>
ST_7 : Operation 722 [1/1] (0.00ns)   --->   "%p_read_699 = read i8 @_ssdm_op_Read.ap_auto.i8, i8 %p_read685" [src/ORB.cpp:41]   --->   Operation 722 'read' 'p_read_699' <Predicate = true> <Delay = 0.00>
ST_7 : Operation 723 [1/1] (0.00ns)   --->   "%p_read_700 = read i8 @_ssdm_op_Read.ap_auto.i8, i8 %p_read684" [src/ORB.cpp:41]   --->   Operation 723 'read' 'p_read_700' <Predicate = true> <Delay = 0.00>
ST_7 : Operation 724 [1/1] (0.00ns)   --->   "%p_read_701 = read i8 @_ssdm_op_Read.ap_auto.i8, i8 %p_read683" [src/ORB.cpp:41]   --->   Operation 724 'read' 'p_read_701' <Predicate = true> <Delay = 0.00>
ST_7 : Operation 725 [1/1] (0.00ns)   --->   "%p_read_702 = read i8 @_ssdm_op_Read.ap_auto.i8, i8 %p_read682" [src/ORB.cpp:41]   --->   Operation 725 'read' 'p_read_702' <Predicate = true> <Delay = 0.00>
ST_7 : Operation 726 [1/1] (0.00ns)   --->   "%p_read_703 = read i8 @_ssdm_op_Read.ap_auto.i8, i8 %p_read681" [src/ORB.cpp:41]   --->   Operation 726 'read' 'p_read_703' <Predicate = true> <Delay = 0.00>
ST_7 : Operation 727 [1/1] (0.00ns)   --->   "%p_read_704 = read i8 @_ssdm_op_Read.ap_auto.i8, i8 %p_read680" [src/ORB.cpp:41]   --->   Operation 727 'read' 'p_read_704' <Predicate = true> <Delay = 0.00>
ST_7 : Operation 728 [1/1] (0.00ns)   --->   "%p_read_705 = read i8 @_ssdm_op_Read.ap_auto.i8, i8 %p_read679" [src/ORB.cpp:41]   --->   Operation 728 'read' 'p_read_705' <Predicate = true> <Delay = 0.00>
ST_7 : Operation 729 [1/1] (0.00ns)   --->   "%p_read_706 = read i8 @_ssdm_op_Read.ap_auto.i8, i8 %p_read678" [src/ORB.cpp:41]   --->   Operation 729 'read' 'p_read_706' <Predicate = true> <Delay = 0.00>
ST_7 : Operation 730 [1/1] (0.00ns)   --->   "%p_read_707 = read i8 @_ssdm_op_Read.ap_auto.i8, i8 %p_read677" [src/ORB.cpp:41]   --->   Operation 730 'read' 'p_read_707' <Predicate = true> <Delay = 0.00>
ST_7 : Operation 731 [1/1] (0.00ns)   --->   "%p_read_708 = read i8 @_ssdm_op_Read.ap_auto.i8, i8 %p_read676" [src/ORB.cpp:41]   --->   Operation 731 'read' 'p_read_708' <Predicate = true> <Delay = 0.00>
ST_7 : Operation 732 [1/1] (0.00ns)   --->   "%p_read_709 = read i8 @_ssdm_op_Read.ap_auto.i8, i8 %p_read675" [src/ORB.cpp:41]   --->   Operation 732 'read' 'p_read_709' <Predicate = true> <Delay = 0.00>
ST_7 : Operation 733 [1/1] (0.00ns)   --->   "%p_read_710 = read i8 @_ssdm_op_Read.ap_auto.i8, i8 %p_read674" [src/ORB.cpp:41]   --->   Operation 733 'read' 'p_read_710' <Predicate = true> <Delay = 0.00>
ST_7 : Operation 734 [1/1] (0.00ns)   --->   "%p_read_711 = read i8 @_ssdm_op_Read.ap_auto.i8, i8 %p_read673" [src/ORB.cpp:41]   --->   Operation 734 'read' 'p_read_711' <Predicate = true> <Delay = 0.00>
ST_7 : Operation 735 [1/1] (0.00ns)   --->   "%p_read_712 = read i8 @_ssdm_op_Read.ap_auto.i8, i8 %p_read672" [src/ORB.cpp:41]   --->   Operation 735 'read' 'p_read_712' <Predicate = true> <Delay = 0.00>
ST_7 : Operation 736 [1/1] (0.00ns)   --->   "%p_read_713 = read i8 @_ssdm_op_Read.ap_auto.i8, i8 %p_read671" [src/ORB.cpp:41]   --->   Operation 736 'read' 'p_read_713' <Predicate = true> <Delay = 0.00>
ST_7 : Operation 737 [1/1] (0.00ns)   --->   "%p_read_714 = read i8 @_ssdm_op_Read.ap_auto.i8, i8 %p_read670" [src/ORB.cpp:41]   --->   Operation 737 'read' 'p_read_714' <Predicate = true> <Delay = 0.00>
ST_7 : Operation 738 [1/1] (0.00ns)   --->   "%p_read_715 = read i8 @_ssdm_op_Read.ap_auto.i8, i8 %p_read669" [src/ORB.cpp:41]   --->   Operation 738 'read' 'p_read_715' <Predicate = true> <Delay = 0.00>
ST_7 : Operation 739 [1/1] (0.00ns)   --->   "%p_read_716 = read i8 @_ssdm_op_Read.ap_auto.i8, i8 %p_read668" [src/ORB.cpp:41]   --->   Operation 739 'read' 'p_read_716' <Predicate = true> <Delay = 0.00>
ST_7 : Operation 740 [1/1] (0.00ns)   --->   "%p_read_717 = read i8 @_ssdm_op_Read.ap_auto.i8, i8 %p_read667" [src/ORB.cpp:41]   --->   Operation 740 'read' 'p_read_717' <Predicate = true> <Delay = 0.00>
ST_7 : Operation 741 [1/1] (0.00ns)   --->   "%p_read_718 = read i8 @_ssdm_op_Read.ap_auto.i8, i8 %p_read666" [src/ORB.cpp:41]   --->   Operation 741 'read' 'p_read_718' <Predicate = true> <Delay = 0.00>
ST_7 : Operation 742 [1/1] (0.00ns)   --->   "%p_read_719 = read i8 @_ssdm_op_Read.ap_auto.i8, i8 %p_read665" [src/ORB.cpp:41]   --->   Operation 742 'read' 'p_read_719' <Predicate = true> <Delay = 0.00>
ST_7 : Operation 743 [1/1] (0.00ns)   --->   "%p_read_720 = read i8 @_ssdm_op_Read.ap_auto.i8, i8 %p_read664" [src/ORB.cpp:41]   --->   Operation 743 'read' 'p_read_720' <Predicate = true> <Delay = 0.00>
ST_7 : Operation 744 [1/1] (0.00ns)   --->   "%p_read_721 = read i8 @_ssdm_op_Read.ap_auto.i8, i8 %p_read663" [src/ORB.cpp:41]   --->   Operation 744 'read' 'p_read_721' <Predicate = true> <Delay = 0.00>
ST_7 : Operation 745 [1/1] (0.00ns)   --->   "%p_read_722 = read i8 @_ssdm_op_Read.ap_auto.i8, i8 %p_read662" [src/ORB.cpp:41]   --->   Operation 745 'read' 'p_read_722' <Predicate = true> <Delay = 0.00>
ST_7 : Operation 746 [1/1] (0.00ns)   --->   "%p_read_723 = read i8 @_ssdm_op_Read.ap_auto.i8, i8 %p_read661" [src/ORB.cpp:41]   --->   Operation 746 'read' 'p_read_723' <Predicate = true> <Delay = 0.00>
ST_7 : Operation 747 [1/1] (0.00ns)   --->   "%p_read_724 = read i8 @_ssdm_op_Read.ap_auto.i8, i8 %p_read660" [src/ORB.cpp:41]   --->   Operation 747 'read' 'p_read_724' <Predicate = true> <Delay = 0.00>
ST_7 : Operation 748 [1/1] (0.00ns)   --->   "%p_read_725 = read i8 @_ssdm_op_Read.ap_auto.i8, i8 %p_read659" [src/ORB.cpp:41]   --->   Operation 748 'read' 'p_read_725' <Predicate = true> <Delay = 0.00>
ST_7 : Operation 749 [1/1] (0.00ns)   --->   "%p_read_726 = read i8 @_ssdm_op_Read.ap_auto.i8, i8 %p_read658" [src/ORB.cpp:41]   --->   Operation 749 'read' 'p_read_726' <Predicate = true> <Delay = 0.00>
ST_7 : Operation 750 [1/1] (0.00ns)   --->   "%p_read_727 = read i8 @_ssdm_op_Read.ap_auto.i8, i8 %p_read657" [src/ORB.cpp:41]   --->   Operation 750 'read' 'p_read_727' <Predicate = true> <Delay = 0.00>
ST_7 : Operation 751 [1/1] (0.00ns)   --->   "%p_read_728 = read i8 @_ssdm_op_Read.ap_auto.i8, i8 %p_read656" [src/ORB.cpp:41]   --->   Operation 751 'read' 'p_read_728' <Predicate = true> <Delay = 0.00>
ST_7 : Operation 752 [1/1] (0.00ns)   --->   "%p_read_729 = read i8 @_ssdm_op_Read.ap_auto.i8, i8 %p_read655" [src/ORB.cpp:41]   --->   Operation 752 'read' 'p_read_729' <Predicate = true> <Delay = 0.00>
ST_7 : Operation 753 [1/1] (0.00ns)   --->   "%p_read_730 = read i8 @_ssdm_op_Read.ap_auto.i8, i8 %p_read654" [src/ORB.cpp:41]   --->   Operation 753 'read' 'p_read_730' <Predicate = true> <Delay = 0.00>
ST_7 : Operation 754 [1/1] (0.00ns)   --->   "%p_read_731 = read i8 @_ssdm_op_Read.ap_auto.i8, i8 %p_read653" [src/ORB.cpp:41]   --->   Operation 754 'read' 'p_read_731' <Predicate = true> <Delay = 0.00>
ST_7 : Operation 755 [1/1] (0.00ns)   --->   "%p_read_732 = read i8 @_ssdm_op_Read.ap_auto.i8, i8 %p_read652" [src/ORB.cpp:41]   --->   Operation 755 'read' 'p_read_732' <Predicate = true> <Delay = 0.00>
ST_7 : Operation 756 [1/1] (0.00ns)   --->   "%p_read_733 = read i8 @_ssdm_op_Read.ap_auto.i8, i8 %p_read651" [src/ORB.cpp:41]   --->   Operation 756 'read' 'p_read_733' <Predicate = true> <Delay = 0.00>
ST_7 : Operation 757 [1/1] (0.00ns)   --->   "%p_read_734 = read i8 @_ssdm_op_Read.ap_auto.i8, i8 %p_read650" [src/ORB.cpp:41]   --->   Operation 757 'read' 'p_read_734' <Predicate = true> <Delay = 0.00>
ST_7 : Operation 758 [1/1] (0.00ns)   --->   "%p_read_735 = read i8 @_ssdm_op_Read.ap_auto.i8, i8 %p_read649" [src/ORB.cpp:41]   --->   Operation 758 'read' 'p_read_735' <Predicate = true> <Delay = 0.00>
ST_7 : Operation 759 [1/1] (0.00ns)   --->   "%p_read_736 = read i8 @_ssdm_op_Read.ap_auto.i8, i8 %p_read648" [src/ORB.cpp:41]   --->   Operation 759 'read' 'p_read_736' <Predicate = true> <Delay = 0.00>
ST_7 : Operation 760 [1/1] (0.00ns)   --->   "%p_read_737 = read i8 @_ssdm_op_Read.ap_auto.i8, i8 %p_read647" [src/ORB.cpp:41]   --->   Operation 760 'read' 'p_read_737' <Predicate = true> <Delay = 0.00>
ST_7 : Operation 761 [1/1] (0.00ns)   --->   "%p_read_738 = read i8 @_ssdm_op_Read.ap_auto.i8, i8 %p_read646" [src/ORB.cpp:41]   --->   Operation 761 'read' 'p_read_738' <Predicate = true> <Delay = 0.00>
ST_7 : Operation 762 [1/1] (0.00ns)   --->   "%p_read_739 = read i8 @_ssdm_op_Read.ap_auto.i8, i8 %p_read645" [src/ORB.cpp:41]   --->   Operation 762 'read' 'p_read_739' <Predicate = true> <Delay = 0.00>
ST_7 : Operation 763 [1/1] (0.00ns)   --->   "%p_read_740 = read i8 @_ssdm_op_Read.ap_auto.i8, i8 %p_read644" [src/ORB.cpp:41]   --->   Operation 763 'read' 'p_read_740' <Predicate = true> <Delay = 0.00>
ST_7 : Operation 764 [1/1] (0.00ns)   --->   "%p_read_741 = read i8 @_ssdm_op_Read.ap_auto.i8, i8 %p_read643" [src/ORB.cpp:41]   --->   Operation 764 'read' 'p_read_741' <Predicate = true> <Delay = 0.00>
ST_7 : Operation 765 [1/1] (0.00ns)   --->   "%p_read_742 = read i8 @_ssdm_op_Read.ap_auto.i8, i8 %p_read642" [src/ORB.cpp:41]   --->   Operation 765 'read' 'p_read_742' <Predicate = true> <Delay = 0.00>
ST_7 : Operation 766 [1/1] (0.00ns)   --->   "%p_read_743 = read i8 @_ssdm_op_Read.ap_auto.i8, i8 %p_read641" [src/ORB.cpp:41]   --->   Operation 766 'read' 'p_read_743' <Predicate = true> <Delay = 0.00>
ST_7 : Operation 767 [1/1] (0.00ns)   --->   "%p_read_744 = read i8 @_ssdm_op_Read.ap_auto.i8, i8 %p_read640" [src/ORB.cpp:41]   --->   Operation 767 'read' 'p_read_744' <Predicate = true> <Delay = 0.00>
ST_7 : Operation 768 [1/1] (0.00ns)   --->   "%p_read_745 = read i8 @_ssdm_op_Read.ap_auto.i8, i8 %p_read639" [src/ORB.cpp:41]   --->   Operation 768 'read' 'p_read_745' <Predicate = true> <Delay = 0.00>
ST_7 : Operation 769 [1/1] (0.00ns)   --->   "%p_read_746 = read i8 @_ssdm_op_Read.ap_auto.i8, i8 %p_read638" [src/ORB.cpp:41]   --->   Operation 769 'read' 'p_read_746' <Predicate = true> <Delay = 0.00>
ST_7 : Operation 770 [1/1] (0.00ns)   --->   "%p_read_747 = read i8 @_ssdm_op_Read.ap_auto.i8, i8 %p_read637" [src/ORB.cpp:41]   --->   Operation 770 'read' 'p_read_747' <Predicate = true> <Delay = 0.00>
ST_7 : Operation 771 [1/1] (0.00ns)   --->   "%p_read_748 = read i8 @_ssdm_op_Read.ap_auto.i8, i8 %p_read636" [src/ORB.cpp:41]   --->   Operation 771 'read' 'p_read_748' <Predicate = true> <Delay = 0.00>
ST_7 : Operation 772 [1/1] (0.00ns)   --->   "%p_read_749 = read i8 @_ssdm_op_Read.ap_auto.i8, i8 %p_read635" [src/ORB.cpp:41]   --->   Operation 772 'read' 'p_read_749' <Predicate = true> <Delay = 0.00>
ST_7 : Operation 773 [1/1] (0.00ns)   --->   "%p_read_750 = read i8 @_ssdm_op_Read.ap_auto.i8, i8 %p_read634" [src/ORB.cpp:41]   --->   Operation 773 'read' 'p_read_750' <Predicate = true> <Delay = 0.00>
ST_7 : Operation 774 [1/1] (0.00ns)   --->   "%p_read_751 = read i8 @_ssdm_op_Read.ap_auto.i8, i8 %p_read633" [src/ORB.cpp:41]   --->   Operation 774 'read' 'p_read_751' <Predicate = true> <Delay = 0.00>
ST_7 : Operation 775 [1/1] (0.00ns)   --->   "%p_read_752 = read i8 @_ssdm_op_Read.ap_auto.i8, i8 %p_read632" [src/ORB.cpp:41]   --->   Operation 775 'read' 'p_read_752' <Predicate = true> <Delay = 0.00>
ST_7 : Operation 776 [1/1] (0.00ns)   --->   "%p_read_753 = read i8 @_ssdm_op_Read.ap_auto.i8, i8 %p_read631" [src/ORB.cpp:41]   --->   Operation 776 'read' 'p_read_753' <Predicate = true> <Delay = 0.00>
ST_7 : Operation 777 [1/1] (0.00ns)   --->   "%p_read_754 = read i8 @_ssdm_op_Read.ap_auto.i8, i8 %p_read630" [src/ORB.cpp:41]   --->   Operation 777 'read' 'p_read_754' <Predicate = true> <Delay = 0.00>
ST_7 : Operation 778 [1/1] (0.00ns)   --->   "%p_read_755 = read i8 @_ssdm_op_Read.ap_auto.i8, i8 %p_read629" [src/ORB.cpp:41]   --->   Operation 778 'read' 'p_read_755' <Predicate = true> <Delay = 0.00>
ST_7 : Operation 779 [1/1] (0.00ns)   --->   "%p_read_756 = read i8 @_ssdm_op_Read.ap_auto.i8, i8 %p_read628" [src/ORB.cpp:41]   --->   Operation 779 'read' 'p_read_756' <Predicate = true> <Delay = 0.00>
ST_7 : Operation 780 [1/1] (0.00ns)   --->   "%p_read_757 = read i8 @_ssdm_op_Read.ap_auto.i8, i8 %p_read627" [src/ORB.cpp:41]   --->   Operation 780 'read' 'p_read_757' <Predicate = true> <Delay = 0.00>
ST_7 : Operation 781 [1/1] (0.00ns)   --->   "%p_read_758 = read i8 @_ssdm_op_Read.ap_auto.i8, i8 %p_read626" [src/ORB.cpp:41]   --->   Operation 781 'read' 'p_read_758' <Predicate = true> <Delay = 0.00>
ST_7 : Operation 782 [1/1] (0.00ns)   --->   "%p_read_759 = read i8 @_ssdm_op_Read.ap_auto.i8, i8 %p_read625" [src/ORB.cpp:41]   --->   Operation 782 'read' 'p_read_759' <Predicate = true> <Delay = 0.00>
ST_7 : Operation 783 [1/1] (0.00ns)   --->   "%p_read_760 = read i8 @_ssdm_op_Read.ap_auto.i8, i8 %p_read624" [src/ORB.cpp:41]   --->   Operation 783 'read' 'p_read_760' <Predicate = true> <Delay = 0.00>
ST_7 : Operation 784 [1/1] (0.00ns)   --->   "%p_read_761 = read i8 @_ssdm_op_Read.ap_auto.i8, i8 %p_read623" [src/ORB.cpp:41]   --->   Operation 784 'read' 'p_read_761' <Predicate = true> <Delay = 0.00>
ST_7 : Operation 785 [1/1] (0.00ns)   --->   "%p_read_762 = read i8 @_ssdm_op_Read.ap_auto.i8, i8 %p_read622" [src/ORB.cpp:41]   --->   Operation 785 'read' 'p_read_762' <Predicate = true> <Delay = 0.00>
ST_7 : Operation 786 [1/1] (0.00ns)   --->   "%p_read_763 = read i8 @_ssdm_op_Read.ap_auto.i8, i8 %p_read621" [src/ORB.cpp:41]   --->   Operation 786 'read' 'p_read_763' <Predicate = true> <Delay = 0.00>
ST_7 : Operation 787 [1/1] (0.00ns)   --->   "%p_read_764 = read i8 @_ssdm_op_Read.ap_auto.i8, i8 %p_read620" [src/ORB.cpp:41]   --->   Operation 787 'read' 'p_read_764' <Predicate = true> <Delay = 0.00>
ST_7 : Operation 788 [1/1] (0.00ns)   --->   "%p_read_765 = read i8 @_ssdm_op_Read.ap_auto.i8, i8 %p_read619" [src/ORB.cpp:41]   --->   Operation 788 'read' 'p_read_765' <Predicate = true> <Delay = 0.00>
ST_7 : Operation 789 [1/1] (0.00ns)   --->   "%p_read_766 = read i8 @_ssdm_op_Read.ap_auto.i8, i8 %p_read618" [src/ORB.cpp:41]   --->   Operation 789 'read' 'p_read_766' <Predicate = true> <Delay = 0.00>
ST_7 : Operation 790 [1/1] (0.00ns)   --->   "%p_read_767 = read i8 @_ssdm_op_Read.ap_auto.i8, i8 %p_read617" [src/ORB.cpp:41]   --->   Operation 790 'read' 'p_read_767' <Predicate = true> <Delay = 0.00>
ST_7 : Operation 791 [1/1] (0.00ns)   --->   "%p_read_768 = read i8 @_ssdm_op_Read.ap_auto.i8, i8 %p_read616" [src/ORB.cpp:41]   --->   Operation 791 'read' 'p_read_768' <Predicate = true> <Delay = 0.00>
ST_7 : Operation 792 [1/1] (0.00ns)   --->   "%p_read_769 = read i8 @_ssdm_op_Read.ap_auto.i8, i8 %p_read615" [src/ORB.cpp:41]   --->   Operation 792 'read' 'p_read_769' <Predicate = true> <Delay = 0.00>
ST_7 : Operation 793 [1/1] (0.00ns)   --->   "%p_read_770 = read i8 @_ssdm_op_Read.ap_auto.i8, i8 %p_read614" [src/ORB.cpp:41]   --->   Operation 793 'read' 'p_read_770' <Predicate = true> <Delay = 0.00>
ST_7 : Operation 794 [1/1] (0.00ns)   --->   "%p_read_771 = read i8 @_ssdm_op_Read.ap_auto.i8, i8 %p_read613" [src/ORB.cpp:41]   --->   Operation 794 'read' 'p_read_771' <Predicate = true> <Delay = 0.00>
ST_7 : Operation 795 [1/1] (0.00ns)   --->   "%p_read_772 = read i8 @_ssdm_op_Read.ap_auto.i8, i8 %p_read612" [src/ORB.cpp:41]   --->   Operation 795 'read' 'p_read_772' <Predicate = true> <Delay = 0.00>
ST_7 : Operation 796 [1/1] (0.00ns)   --->   "%p_read_773 = read i8 @_ssdm_op_Read.ap_auto.i8, i8 %p_read611" [src/ORB.cpp:41]   --->   Operation 796 'read' 'p_read_773' <Predicate = true> <Delay = 0.00>
ST_7 : Operation 797 [1/1] (0.00ns)   --->   "%p_read_774 = read i8 @_ssdm_op_Read.ap_auto.i8, i8 %p_read610" [src/ORB.cpp:41]   --->   Operation 797 'read' 'p_read_774' <Predicate = true> <Delay = 0.00>
ST_7 : Operation 798 [1/1] (0.00ns)   --->   "%p_read_775 = read i8 @_ssdm_op_Read.ap_auto.i8, i8 %p_read609" [src/ORB.cpp:41]   --->   Operation 798 'read' 'p_read_775' <Predicate = true> <Delay = 0.00>
ST_7 : Operation 799 [1/1] (0.00ns)   --->   "%p_read_776 = read i8 @_ssdm_op_Read.ap_auto.i8, i8 %p_read608" [src/ORB.cpp:41]   --->   Operation 799 'read' 'p_read_776' <Predicate = true> <Delay = 0.00>
ST_7 : Operation 800 [1/1] (0.00ns)   --->   "%p_read_777 = read i8 @_ssdm_op_Read.ap_auto.i8, i8 %p_read607" [src/ORB.cpp:41]   --->   Operation 800 'read' 'p_read_777' <Predicate = true> <Delay = 0.00>
ST_7 : Operation 801 [1/1] (0.00ns)   --->   "%p_read_778 = read i8 @_ssdm_op_Read.ap_auto.i8, i8 %p_read606" [src/ORB.cpp:41]   --->   Operation 801 'read' 'p_read_778' <Predicate = true> <Delay = 0.00>
ST_7 : Operation 802 [1/1] (0.00ns)   --->   "%p_read_779 = read i8 @_ssdm_op_Read.ap_auto.i8, i8 %p_read605" [src/ORB.cpp:41]   --->   Operation 802 'read' 'p_read_779' <Predicate = true> <Delay = 0.00>
ST_7 : Operation 803 [1/1] (0.00ns)   --->   "%p_read_780 = read i8 @_ssdm_op_Read.ap_auto.i8, i8 %p_read604" [src/ORB.cpp:41]   --->   Operation 803 'read' 'p_read_780' <Predicate = true> <Delay = 0.00>
ST_7 : Operation 804 [1/1] (0.00ns)   --->   "%p_read_781 = read i8 @_ssdm_op_Read.ap_auto.i8, i8 %p_read603" [src/ORB.cpp:41]   --->   Operation 804 'read' 'p_read_781' <Predicate = true> <Delay = 0.00>
ST_7 : Operation 805 [1/1] (0.00ns)   --->   "%p_read_782 = read i8 @_ssdm_op_Read.ap_auto.i8, i8 %p_read602" [src/ORB.cpp:41]   --->   Operation 805 'read' 'p_read_782' <Predicate = true> <Delay = 0.00>
ST_7 : Operation 806 [1/1] (0.00ns)   --->   "%p_read_783 = read i8 @_ssdm_op_Read.ap_auto.i8, i8 %p_read601" [src/ORB.cpp:41]   --->   Operation 806 'read' 'p_read_783' <Predicate = true> <Delay = 0.00>
ST_7 : Operation 807 [1/1] (0.00ns)   --->   "%p_read_784 = read i8 @_ssdm_op_Read.ap_auto.i8, i8 %p_read600" [src/ORB.cpp:41]   --->   Operation 807 'read' 'p_read_784' <Predicate = true> <Delay = 0.00>
ST_7 : Operation 808 [1/1] (0.00ns)   --->   "%p_read_785 = read i8 @_ssdm_op_Read.ap_auto.i8, i8 %p_read599" [src/ORB.cpp:41]   --->   Operation 808 'read' 'p_read_785' <Predicate = true> <Delay = 0.00>
ST_7 : Operation 809 [1/1] (0.00ns)   --->   "%p_read_786 = read i8 @_ssdm_op_Read.ap_auto.i8, i8 %p_read598" [src/ORB.cpp:41]   --->   Operation 809 'read' 'p_read_786' <Predicate = true> <Delay = 0.00>
ST_7 : Operation 810 [1/1] (0.00ns)   --->   "%p_read_787 = read i8 @_ssdm_op_Read.ap_auto.i8, i8 %p_read597" [src/ORB.cpp:41]   --->   Operation 810 'read' 'p_read_787' <Predicate = true> <Delay = 0.00>
ST_7 : Operation 811 [1/1] (0.00ns)   --->   "%p_read_788 = read i8 @_ssdm_op_Read.ap_auto.i8, i8 %p_read596" [src/ORB.cpp:41]   --->   Operation 811 'read' 'p_read_788' <Predicate = true> <Delay = 0.00>
ST_7 : Operation 812 [1/1] (0.00ns)   --->   "%p_read_789 = read i8 @_ssdm_op_Read.ap_auto.i8, i8 %p_read595" [src/ORB.cpp:41]   --->   Operation 812 'read' 'p_read_789' <Predicate = true> <Delay = 0.00>
ST_7 : Operation 813 [1/1] (0.00ns)   --->   "%p_read_790 = read i8 @_ssdm_op_Read.ap_auto.i8, i8 %p_read594" [src/ORB.cpp:41]   --->   Operation 813 'read' 'p_read_790' <Predicate = true> <Delay = 0.00>
ST_7 : Operation 814 [1/1] (0.00ns)   --->   "%p_read_791 = read i8 @_ssdm_op_Read.ap_auto.i8, i8 %p_read593" [src/ORB.cpp:41]   --->   Operation 814 'read' 'p_read_791' <Predicate = true> <Delay = 0.00>
ST_7 : Operation 815 [1/1] (0.00ns)   --->   "%p_read_792 = read i8 @_ssdm_op_Read.ap_auto.i8, i8 %p_read592" [src/ORB.cpp:41]   --->   Operation 815 'read' 'p_read_792' <Predicate = true> <Delay = 0.00>
ST_7 : Operation 816 [1/1] (0.00ns)   --->   "%p_read_793 = read i8 @_ssdm_op_Read.ap_auto.i8, i8 %p_read591" [src/ORB.cpp:41]   --->   Operation 816 'read' 'p_read_793' <Predicate = true> <Delay = 0.00>
ST_7 : Operation 817 [1/1] (0.00ns)   --->   "%p_read_794 = read i8 @_ssdm_op_Read.ap_auto.i8, i8 %p_read590" [src/ORB.cpp:41]   --->   Operation 817 'read' 'p_read_794' <Predicate = true> <Delay = 0.00>
ST_7 : Operation 818 [1/1] (0.00ns)   --->   "%p_read_795 = read i8 @_ssdm_op_Read.ap_auto.i8, i8 %p_read589" [src/ORB.cpp:41]   --->   Operation 818 'read' 'p_read_795' <Predicate = true> <Delay = 0.00>
ST_7 : Operation 819 [1/1] (0.00ns)   --->   "%p_read_796 = read i8 @_ssdm_op_Read.ap_auto.i8, i8 %p_read588" [src/ORB.cpp:41]   --->   Operation 819 'read' 'p_read_796' <Predicate = true> <Delay = 0.00>
ST_7 : Operation 820 [1/1] (0.00ns)   --->   "%p_read_797 = read i8 @_ssdm_op_Read.ap_auto.i8, i8 %p_read587" [src/ORB.cpp:41]   --->   Operation 820 'read' 'p_read_797' <Predicate = true> <Delay = 0.00>
ST_7 : Operation 821 [1/1] (0.00ns)   --->   "%p_read_798 = read i8 @_ssdm_op_Read.ap_auto.i8, i8 %p_read586" [src/ORB.cpp:41]   --->   Operation 821 'read' 'p_read_798' <Predicate = true> <Delay = 0.00>
ST_7 : Operation 822 [1/1] (0.00ns)   --->   "%p_read_799 = read i8 @_ssdm_op_Read.ap_auto.i8, i8 %p_read585" [src/ORB.cpp:41]   --->   Operation 822 'read' 'p_read_799' <Predicate = true> <Delay = 0.00>
ST_7 : Operation 823 [1/1] (0.00ns)   --->   "%p_read_800 = read i8 @_ssdm_op_Read.ap_auto.i8, i8 %p_read584" [src/ORB.cpp:41]   --->   Operation 823 'read' 'p_read_800' <Predicate = true> <Delay = 0.00>
ST_7 : Operation 824 [1/1] (0.00ns)   --->   "%p_read_801 = read i8 @_ssdm_op_Read.ap_auto.i8, i8 %p_read583" [src/ORB.cpp:41]   --->   Operation 824 'read' 'p_read_801' <Predicate = true> <Delay = 0.00>
ST_7 : Operation 825 [1/1] (0.00ns)   --->   "%p_read_802 = read i8 @_ssdm_op_Read.ap_auto.i8, i8 %p_read582" [src/ORB.cpp:41]   --->   Operation 825 'read' 'p_read_802' <Predicate = true> <Delay = 0.00>
ST_7 : Operation 826 [1/1] (0.00ns)   --->   "%p_read_803 = read i8 @_ssdm_op_Read.ap_auto.i8, i8 %p_read581" [src/ORB.cpp:41]   --->   Operation 826 'read' 'p_read_803' <Predicate = true> <Delay = 0.00>
ST_7 : Operation 827 [1/1] (0.00ns)   --->   "%p_read_804 = read i8 @_ssdm_op_Read.ap_auto.i8, i8 %p_read580" [src/ORB.cpp:41]   --->   Operation 827 'read' 'p_read_804' <Predicate = true> <Delay = 0.00>
ST_7 : Operation 828 [1/1] (0.00ns)   --->   "%p_read_805 = read i8 @_ssdm_op_Read.ap_auto.i8, i8 %p_read579" [src/ORB.cpp:41]   --->   Operation 828 'read' 'p_read_805' <Predicate = true> <Delay = 0.00>
ST_7 : Operation 829 [1/1] (0.00ns)   --->   "%p_read_806 = read i8 @_ssdm_op_Read.ap_auto.i8, i8 %p_read578" [src/ORB.cpp:41]   --->   Operation 829 'read' 'p_read_806' <Predicate = true> <Delay = 0.00>
ST_7 : Operation 830 [1/1] (0.00ns)   --->   "%p_read_807 = read i8 @_ssdm_op_Read.ap_auto.i8, i8 %p_read577" [src/ORB.cpp:41]   --->   Operation 830 'read' 'p_read_807' <Predicate = true> <Delay = 0.00>
ST_7 : Operation 831 [1/1] (0.00ns)   --->   "%p_read_808 = read i8 @_ssdm_op_Read.ap_auto.i8, i8 %p_read576" [src/ORB.cpp:41]   --->   Operation 831 'read' 'p_read_808' <Predicate = true> <Delay = 0.00>
ST_7 : Operation 832 [1/1] (0.00ns)   --->   "%p_read_809 = read i8 @_ssdm_op_Read.ap_auto.i8, i8 %p_read575" [src/ORB.cpp:41]   --->   Operation 832 'read' 'p_read_809' <Predicate = true> <Delay = 0.00>
ST_7 : Operation 833 [1/1] (0.00ns)   --->   "%p_read_810 = read i8 @_ssdm_op_Read.ap_auto.i8, i8 %p_read574" [src/ORB.cpp:41]   --->   Operation 833 'read' 'p_read_810' <Predicate = true> <Delay = 0.00>
ST_7 : Operation 834 [1/1] (0.00ns)   --->   "%p_read_811 = read i8 @_ssdm_op_Read.ap_auto.i8, i8 %p_read573" [src/ORB.cpp:41]   --->   Operation 834 'read' 'p_read_811' <Predicate = true> <Delay = 0.00>
ST_7 : Operation 835 [1/1] (0.00ns)   --->   "%p_read_812 = read i8 @_ssdm_op_Read.ap_auto.i8, i8 %p_read572" [src/ORB.cpp:41]   --->   Operation 835 'read' 'p_read_812' <Predicate = true> <Delay = 0.00>
ST_7 : Operation 836 [1/1] (0.00ns)   --->   "%p_read_813 = read i8 @_ssdm_op_Read.ap_auto.i8, i8 %p_read571" [src/ORB.cpp:41]   --->   Operation 836 'read' 'p_read_813' <Predicate = true> <Delay = 0.00>
ST_7 : Operation 837 [1/1] (0.00ns)   --->   "%p_read_814 = read i8 @_ssdm_op_Read.ap_auto.i8, i8 %p_read570" [src/ORB.cpp:41]   --->   Operation 837 'read' 'p_read_814' <Predicate = true> <Delay = 0.00>
ST_7 : Operation 838 [1/1] (0.00ns)   --->   "%p_read_815 = read i8 @_ssdm_op_Read.ap_auto.i8, i8 %p_read569" [src/ORB.cpp:41]   --->   Operation 838 'read' 'p_read_815' <Predicate = true> <Delay = 0.00>
ST_7 : Operation 839 [1/1] (0.00ns)   --->   "%p_read_816 = read i8 @_ssdm_op_Read.ap_auto.i8, i8 %p_read568" [src/ORB.cpp:41]   --->   Operation 839 'read' 'p_read_816' <Predicate = true> <Delay = 0.00>
ST_7 : Operation 840 [1/1] (0.00ns)   --->   "%p_read_817 = read i8 @_ssdm_op_Read.ap_auto.i8, i8 %p_read567" [src/ORB.cpp:41]   --->   Operation 840 'read' 'p_read_817' <Predicate = true> <Delay = 0.00>
ST_7 : Operation 841 [1/1] (0.00ns)   --->   "%p_read_818 = read i8 @_ssdm_op_Read.ap_auto.i8, i8 %p_read566" [src/ORB.cpp:41]   --->   Operation 841 'read' 'p_read_818' <Predicate = true> <Delay = 0.00>
ST_7 : Operation 842 [1/1] (0.00ns)   --->   "%p_read_819 = read i8 @_ssdm_op_Read.ap_auto.i8, i8 %p_read565" [src/ORB.cpp:41]   --->   Operation 842 'read' 'p_read_819' <Predicate = true> <Delay = 0.00>
ST_7 : Operation 843 [1/1] (0.00ns)   --->   "%p_read_820 = read i8 @_ssdm_op_Read.ap_auto.i8, i8 %p_read564" [src/ORB.cpp:41]   --->   Operation 843 'read' 'p_read_820' <Predicate = true> <Delay = 0.00>
ST_7 : Operation 844 [1/1] (0.00ns)   --->   "%p_read_821 = read i8 @_ssdm_op_Read.ap_auto.i8, i8 %p_read563" [src/ORB.cpp:41]   --->   Operation 844 'read' 'p_read_821' <Predicate = true> <Delay = 0.00>
ST_7 : Operation 845 [1/1] (0.00ns)   --->   "%p_read_822 = read i8 @_ssdm_op_Read.ap_auto.i8, i8 %p_read562" [src/ORB.cpp:41]   --->   Operation 845 'read' 'p_read_822' <Predicate = true> <Delay = 0.00>
ST_7 : Operation 846 [1/1] (0.00ns)   --->   "%p_read_823 = read i8 @_ssdm_op_Read.ap_auto.i8, i8 %p_read561" [src/ORB.cpp:41]   --->   Operation 846 'read' 'p_read_823' <Predicate = true> <Delay = 0.00>
ST_7 : Operation 847 [1/1] (0.00ns)   --->   "%p_read_824 = read i8 @_ssdm_op_Read.ap_auto.i8, i8 %p_read560" [src/ORB.cpp:41]   --->   Operation 847 'read' 'p_read_824' <Predicate = true> <Delay = 0.00>
ST_7 : Operation 848 [1/1] (0.00ns)   --->   "%p_read_825 = read i8 @_ssdm_op_Read.ap_auto.i8, i8 %p_read559" [src/ORB.cpp:41]   --->   Operation 848 'read' 'p_read_825' <Predicate = true> <Delay = 0.00>
ST_7 : Operation 849 [1/1] (0.00ns)   --->   "%p_read_826 = read i8 @_ssdm_op_Read.ap_auto.i8, i8 %p_read558" [src/ORB.cpp:41]   --->   Operation 849 'read' 'p_read_826' <Predicate = true> <Delay = 0.00>
ST_7 : Operation 850 [1/1] (0.00ns)   --->   "%p_read_827 = read i8 @_ssdm_op_Read.ap_auto.i8, i8 %p_read557" [src/ORB.cpp:41]   --->   Operation 850 'read' 'p_read_827' <Predicate = true> <Delay = 0.00>
ST_7 : Operation 851 [1/1] (0.00ns)   --->   "%p_read_828 = read i8 @_ssdm_op_Read.ap_auto.i8, i8 %p_read556" [src/ORB.cpp:41]   --->   Operation 851 'read' 'p_read_828' <Predicate = true> <Delay = 0.00>
ST_7 : Operation 852 [1/1] (0.00ns)   --->   "%p_read_829 = read i8 @_ssdm_op_Read.ap_auto.i8, i8 %p_read555" [src/ORB.cpp:41]   --->   Operation 852 'read' 'p_read_829' <Predicate = true> <Delay = 0.00>
ST_7 : Operation 853 [1/1] (0.00ns)   --->   "%p_read_830 = read i8 @_ssdm_op_Read.ap_auto.i8, i8 %p_read554" [src/ORB.cpp:41]   --->   Operation 853 'read' 'p_read_830' <Predicate = true> <Delay = 0.00>
ST_7 : Operation 854 [1/1] (0.00ns)   --->   "%p_read_831 = read i8 @_ssdm_op_Read.ap_auto.i8, i8 %p_read553" [src/ORB.cpp:41]   --->   Operation 854 'read' 'p_read_831' <Predicate = true> <Delay = 0.00>
ST_7 : Operation 855 [1/1] (0.00ns)   --->   "%p_read_832 = read i8 @_ssdm_op_Read.ap_auto.i8, i8 %p_read552" [src/ORB.cpp:41]   --->   Operation 855 'read' 'p_read_832' <Predicate = true> <Delay = 0.00>
ST_7 : Operation 856 [1/1] (0.00ns)   --->   "%p_read_833 = read i8 @_ssdm_op_Read.ap_auto.i8, i8 %p_read551" [src/ORB.cpp:41]   --->   Operation 856 'read' 'p_read_833' <Predicate = true> <Delay = 0.00>
ST_7 : Operation 857 [1/1] (0.00ns)   --->   "%p_read_834 = read i8 @_ssdm_op_Read.ap_auto.i8, i8 %p_read550" [src/ORB.cpp:41]   --->   Operation 857 'read' 'p_read_834' <Predicate = true> <Delay = 0.00>
ST_7 : Operation 858 [1/1] (0.00ns)   --->   "%p_read_835 = read i8 @_ssdm_op_Read.ap_auto.i8, i8 %p_read549" [src/ORB.cpp:41]   --->   Operation 858 'read' 'p_read_835' <Predicate = true> <Delay = 0.00>
ST_7 : Operation 859 [1/1] (0.00ns)   --->   "%p_read_836 = read i8 @_ssdm_op_Read.ap_auto.i8, i8 %p_read548" [src/ORB.cpp:41]   --->   Operation 859 'read' 'p_read_836' <Predicate = true> <Delay = 0.00>
ST_7 : Operation 860 [1/1] (0.00ns)   --->   "%p_read_837 = read i8 @_ssdm_op_Read.ap_auto.i8, i8 %p_read547" [src/ORB.cpp:41]   --->   Operation 860 'read' 'p_read_837' <Predicate = true> <Delay = 0.00>
ST_7 : Operation 861 [1/1] (0.00ns)   --->   "%p_read_838 = read i8 @_ssdm_op_Read.ap_auto.i8, i8 %p_read546" [src/ORB.cpp:41]   --->   Operation 861 'read' 'p_read_838' <Predicate = true> <Delay = 0.00>
ST_7 : Operation 862 [1/1] (0.00ns)   --->   "%p_read_839 = read i8 @_ssdm_op_Read.ap_auto.i8, i8 %p_read545" [src/ORB.cpp:41]   --->   Operation 862 'read' 'p_read_839' <Predicate = true> <Delay = 0.00>
ST_7 : Operation 863 [1/1] (0.00ns)   --->   "%p_read_840 = read i8 @_ssdm_op_Read.ap_auto.i8, i8 %p_read544" [src/ORB.cpp:41]   --->   Operation 863 'read' 'p_read_840' <Predicate = true> <Delay = 0.00>
ST_7 : Operation 864 [1/1] (0.00ns)   --->   "%p_read_841 = read i8 @_ssdm_op_Read.ap_auto.i8, i8 %p_read543" [src/ORB.cpp:41]   --->   Operation 864 'read' 'p_read_841' <Predicate = true> <Delay = 0.00>
ST_7 : Operation 865 [1/1] (0.00ns)   --->   "%p_read_842 = read i8 @_ssdm_op_Read.ap_auto.i8, i8 %p_read542" [src/ORB.cpp:41]   --->   Operation 865 'read' 'p_read_842' <Predicate = true> <Delay = 0.00>
ST_7 : Operation 866 [1/1] (0.00ns)   --->   "%p_read_843 = read i8 @_ssdm_op_Read.ap_auto.i8, i8 %p_read541" [src/ORB.cpp:41]   --->   Operation 866 'read' 'p_read_843' <Predicate = true> <Delay = 0.00>
ST_7 : Operation 867 [1/1] (0.00ns)   --->   "%p_read_844 = read i8 @_ssdm_op_Read.ap_auto.i8, i8 %p_read540" [src/ORB.cpp:41]   --->   Operation 867 'read' 'p_read_844' <Predicate = true> <Delay = 0.00>
ST_7 : Operation 868 [1/1] (0.00ns)   --->   "%p_read_845 = read i8 @_ssdm_op_Read.ap_auto.i8, i8 %p_read539" [src/ORB.cpp:41]   --->   Operation 868 'read' 'p_read_845' <Predicate = true> <Delay = 0.00>
ST_7 : Operation 869 [1/1] (0.00ns)   --->   "%p_read_846 = read i8 @_ssdm_op_Read.ap_auto.i8, i8 %p_read538" [src/ORB.cpp:41]   --->   Operation 869 'read' 'p_read_846' <Predicate = true> <Delay = 0.00>
ST_7 : Operation 870 [1/1] (0.00ns)   --->   "%p_read_847 = read i8 @_ssdm_op_Read.ap_auto.i8, i8 %p_read537" [src/ORB.cpp:41]   --->   Operation 870 'read' 'p_read_847' <Predicate = true> <Delay = 0.00>
ST_7 : Operation 871 [1/1] (0.00ns)   --->   "%p_read_848 = read i8 @_ssdm_op_Read.ap_auto.i8, i8 %p_read536" [src/ORB.cpp:41]   --->   Operation 871 'read' 'p_read_848' <Predicate = true> <Delay = 0.00>
ST_7 : Operation 872 [1/1] (0.00ns)   --->   "%p_read_849 = read i8 @_ssdm_op_Read.ap_auto.i8, i8 %p_read535" [src/ORB.cpp:41]   --->   Operation 872 'read' 'p_read_849' <Predicate = true> <Delay = 0.00>
ST_7 : Operation 873 [1/1] (0.00ns)   --->   "%p_read_850 = read i8 @_ssdm_op_Read.ap_auto.i8, i8 %p_read534" [src/ORB.cpp:41]   --->   Operation 873 'read' 'p_read_850' <Predicate = true> <Delay = 0.00>
ST_7 : Operation 874 [1/1] (0.00ns)   --->   "%p_read_851 = read i8 @_ssdm_op_Read.ap_auto.i8, i8 %p_read533" [src/ORB.cpp:41]   --->   Operation 874 'read' 'p_read_851' <Predicate = true> <Delay = 0.00>
ST_7 : Operation 875 [1/1] (0.00ns)   --->   "%p_read_852 = read i8 @_ssdm_op_Read.ap_auto.i8, i8 %p_read532" [src/ORB.cpp:41]   --->   Operation 875 'read' 'p_read_852' <Predicate = true> <Delay = 0.00>
ST_7 : Operation 876 [1/1] (0.00ns)   --->   "%p_read_853 = read i8 @_ssdm_op_Read.ap_auto.i8, i8 %p_read531" [src/ORB.cpp:41]   --->   Operation 876 'read' 'p_read_853' <Predicate = true> <Delay = 0.00>
ST_7 : Operation 877 [1/1] (0.00ns)   --->   "%p_read_854 = read i8 @_ssdm_op_Read.ap_auto.i8, i8 %p_read530" [src/ORB.cpp:41]   --->   Operation 877 'read' 'p_read_854' <Predicate = true> <Delay = 0.00>
ST_7 : Operation 878 [1/1] (0.00ns)   --->   "%p_read_855 = read i8 @_ssdm_op_Read.ap_auto.i8, i8 %p_read529" [src/ORB.cpp:41]   --->   Operation 878 'read' 'p_read_855' <Predicate = true> <Delay = 0.00>
ST_7 : Operation 879 [1/1] (0.00ns)   --->   "%p_read_856 = read i8 @_ssdm_op_Read.ap_auto.i8, i8 %p_read528" [src/ORB.cpp:41]   --->   Operation 879 'read' 'p_read_856' <Predicate = true> <Delay = 0.00>
ST_7 : Operation 880 [1/1] (0.00ns)   --->   "%p_read_857 = read i8 @_ssdm_op_Read.ap_auto.i8, i8 %p_read527" [src/ORB.cpp:41]   --->   Operation 880 'read' 'p_read_857' <Predicate = true> <Delay = 0.00>
ST_7 : Operation 881 [1/1] (0.00ns)   --->   "%p_read_858 = read i8 @_ssdm_op_Read.ap_auto.i8, i8 %p_read526" [src/ORB.cpp:41]   --->   Operation 881 'read' 'p_read_858' <Predicate = true> <Delay = 0.00>
ST_7 : Operation 882 [1/1] (0.00ns)   --->   "%p_read_859 = read i8 @_ssdm_op_Read.ap_auto.i8, i8 %p_read525" [src/ORB.cpp:41]   --->   Operation 882 'read' 'p_read_859' <Predicate = true> <Delay = 0.00>
ST_7 : Operation 883 [1/1] (0.00ns)   --->   "%p_read_860 = read i8 @_ssdm_op_Read.ap_auto.i8, i8 %p_read524" [src/ORB.cpp:41]   --->   Operation 883 'read' 'p_read_860' <Predicate = true> <Delay = 0.00>
ST_7 : Operation 884 [1/1] (0.00ns)   --->   "%p_read_861 = read i8 @_ssdm_op_Read.ap_auto.i8, i8 %p_read523" [src/ORB.cpp:41]   --->   Operation 884 'read' 'p_read_861' <Predicate = true> <Delay = 0.00>
ST_7 : Operation 885 [1/1] (0.00ns)   --->   "%p_read_862 = read i8 @_ssdm_op_Read.ap_auto.i8, i8 %p_read522" [src/ORB.cpp:41]   --->   Operation 885 'read' 'p_read_862' <Predicate = true> <Delay = 0.00>
ST_7 : Operation 886 [1/1] (0.00ns)   --->   "%p_read_863 = read i8 @_ssdm_op_Read.ap_auto.i8, i8 %p_read521" [src/ORB.cpp:41]   --->   Operation 886 'read' 'p_read_863' <Predicate = true> <Delay = 0.00>
ST_7 : Operation 887 [1/1] (0.00ns)   --->   "%p_read_864 = read i8 @_ssdm_op_Read.ap_auto.i8, i8 %p_read520" [src/ORB.cpp:41]   --->   Operation 887 'read' 'p_read_864' <Predicate = true> <Delay = 0.00>
ST_7 : Operation 888 [1/1] (0.00ns)   --->   "%p_read_865 = read i8 @_ssdm_op_Read.ap_auto.i8, i8 %p_read519" [src/ORB.cpp:41]   --->   Operation 888 'read' 'p_read_865' <Predicate = true> <Delay = 0.00>
ST_7 : Operation 889 [1/1] (0.00ns)   --->   "%p_read_866 = read i8 @_ssdm_op_Read.ap_auto.i8, i8 %p_read518" [src/ORB.cpp:41]   --->   Operation 889 'read' 'p_read_866' <Predicate = true> <Delay = 0.00>
ST_7 : Operation 890 [1/1] (0.00ns)   --->   "%p_read_867 = read i8 @_ssdm_op_Read.ap_auto.i8, i8 %p_read517" [src/ORB.cpp:41]   --->   Operation 890 'read' 'p_read_867' <Predicate = true> <Delay = 0.00>
ST_7 : Operation 891 [1/1] (0.00ns)   --->   "%p_read_868 = read i8 @_ssdm_op_Read.ap_auto.i8, i8 %p_read516" [src/ORB.cpp:41]   --->   Operation 891 'read' 'p_read_868' <Predicate = true> <Delay = 0.00>
ST_7 : Operation 892 [1/1] (0.00ns)   --->   "%p_read_869 = read i8 @_ssdm_op_Read.ap_auto.i8, i8 %p_read515" [src/ORB.cpp:41]   --->   Operation 892 'read' 'p_read_869' <Predicate = true> <Delay = 0.00>
ST_7 : Operation 893 [1/1] (0.00ns)   --->   "%p_read_870 = read i8 @_ssdm_op_Read.ap_auto.i8, i8 %p_read514" [src/ORB.cpp:41]   --->   Operation 893 'read' 'p_read_870' <Predicate = true> <Delay = 0.00>
ST_7 : Operation 894 [1/1] (0.00ns)   --->   "%p_read_871 = read i8 @_ssdm_op_Read.ap_auto.i8, i8 %p_read513" [src/ORB.cpp:41]   --->   Operation 894 'read' 'p_read_871' <Predicate = true> <Delay = 0.00>
ST_7 : Operation 895 [1/1] (0.00ns)   --->   "%p_read_872 = read i8 @_ssdm_op_Read.ap_auto.i8, i8 %p_read512" [src/ORB.cpp:41]   --->   Operation 895 'read' 'p_read_872' <Predicate = true> <Delay = 0.00>
ST_7 : Operation 896 [1/1] (0.00ns)   --->   "%p_read_873 = read i8 @_ssdm_op_Read.ap_auto.i8, i8 %p_read511" [src/ORB.cpp:41]   --->   Operation 896 'read' 'p_read_873' <Predicate = true> <Delay = 0.00>
ST_7 : Operation 897 [1/1] (0.00ns)   --->   "%p_read_874 = read i8 @_ssdm_op_Read.ap_auto.i8, i8 %p_read510" [src/ORB.cpp:41]   --->   Operation 897 'read' 'p_read_874' <Predicate = true> <Delay = 0.00>
ST_7 : Operation 898 [1/1] (0.00ns)   --->   "%p_read_875 = read i8 @_ssdm_op_Read.ap_auto.i8, i8 %p_read509" [src/ORB.cpp:41]   --->   Operation 898 'read' 'p_read_875' <Predicate = true> <Delay = 0.00>
ST_7 : Operation 899 [1/1] (0.00ns)   --->   "%p_read_876 = read i8 @_ssdm_op_Read.ap_auto.i8, i8 %p_read508" [src/ORB.cpp:41]   --->   Operation 899 'read' 'p_read_876' <Predicate = true> <Delay = 0.00>
ST_7 : Operation 900 [1/1] (0.00ns)   --->   "%p_read_877 = read i8 @_ssdm_op_Read.ap_auto.i8, i8 %p_read507" [src/ORB.cpp:41]   --->   Operation 900 'read' 'p_read_877' <Predicate = true> <Delay = 0.00>
ST_7 : Operation 901 [1/1] (0.00ns)   --->   "%p_read_878 = read i8 @_ssdm_op_Read.ap_auto.i8, i8 %p_read506" [src/ORB.cpp:41]   --->   Operation 901 'read' 'p_read_878' <Predicate = true> <Delay = 0.00>
ST_7 : Operation 902 [1/1] (0.00ns)   --->   "%p_read_879 = read i8 @_ssdm_op_Read.ap_auto.i8, i8 %p_read505" [src/ORB.cpp:41]   --->   Operation 902 'read' 'p_read_879' <Predicate = true> <Delay = 0.00>
ST_7 : Operation 903 [1/1] (0.00ns)   --->   "%p_read_880 = read i8 @_ssdm_op_Read.ap_auto.i8, i8 %p_read504" [src/ORB.cpp:41]   --->   Operation 903 'read' 'p_read_880' <Predicate = true> <Delay = 0.00>
ST_7 : Operation 904 [1/1] (0.00ns)   --->   "%p_read_881 = read i8 @_ssdm_op_Read.ap_auto.i8, i8 %p_read503" [src/ORB.cpp:41]   --->   Operation 904 'read' 'p_read_881' <Predicate = true> <Delay = 0.00>
ST_7 : Operation 905 [1/1] (0.00ns)   --->   "%p_read_882 = read i8 @_ssdm_op_Read.ap_auto.i8, i8 %p_read502" [src/ORB.cpp:41]   --->   Operation 905 'read' 'p_read_882' <Predicate = true> <Delay = 0.00>
ST_7 : Operation 906 [1/1] (0.00ns)   --->   "%p_read_883 = read i8 @_ssdm_op_Read.ap_auto.i8, i8 %p_read501" [src/ORB.cpp:41]   --->   Operation 906 'read' 'p_read_883' <Predicate = true> <Delay = 0.00>
ST_7 : Operation 907 [1/1] (0.00ns)   --->   "%p_read_884 = read i8 @_ssdm_op_Read.ap_auto.i8, i8 %p_read500" [src/ORB.cpp:41]   --->   Operation 907 'read' 'p_read_884' <Predicate = true> <Delay = 0.00>
ST_7 : Operation 908 [1/1] (0.00ns)   --->   "%p_read_885 = read i8 @_ssdm_op_Read.ap_auto.i8, i8 %p_read499" [src/ORB.cpp:41]   --->   Operation 908 'read' 'p_read_885' <Predicate = true> <Delay = 0.00>
ST_7 : Operation 909 [1/1] (0.00ns)   --->   "%p_read_886 = read i8 @_ssdm_op_Read.ap_auto.i8, i8 %p_read498" [src/ORB.cpp:41]   --->   Operation 909 'read' 'p_read_886' <Predicate = true> <Delay = 0.00>
ST_7 : Operation 910 [1/1] (0.00ns)   --->   "%p_read_887 = read i8 @_ssdm_op_Read.ap_auto.i8, i8 %p_read497" [src/ORB.cpp:41]   --->   Operation 910 'read' 'p_read_887' <Predicate = true> <Delay = 0.00>
ST_7 : Operation 911 [1/1] (0.00ns)   --->   "%p_read_888 = read i8 @_ssdm_op_Read.ap_auto.i8, i8 %p_read496" [src/ORB.cpp:41]   --->   Operation 911 'read' 'p_read_888' <Predicate = true> <Delay = 0.00>
ST_7 : Operation 912 [1/1] (0.00ns)   --->   "%p_read_889 = read i8 @_ssdm_op_Read.ap_auto.i8, i8 %p_read495" [src/ORB.cpp:41]   --->   Operation 912 'read' 'p_read_889' <Predicate = true> <Delay = 0.00>
ST_7 : Operation 913 [1/1] (0.00ns)   --->   "%p_read_890 = read i8 @_ssdm_op_Read.ap_auto.i8, i8 %p_read494" [src/ORB.cpp:41]   --->   Operation 913 'read' 'p_read_890' <Predicate = true> <Delay = 0.00>
ST_7 : Operation 914 [1/1] (0.00ns)   --->   "%p_read_891 = read i8 @_ssdm_op_Read.ap_auto.i8, i8 %p_read493" [src/ORB.cpp:41]   --->   Operation 914 'read' 'p_read_891' <Predicate = true> <Delay = 0.00>
ST_7 : Operation 915 [1/1] (0.00ns)   --->   "%p_read_892 = read i8 @_ssdm_op_Read.ap_auto.i8, i8 %p_read492" [src/ORB.cpp:41]   --->   Operation 915 'read' 'p_read_892' <Predicate = true> <Delay = 0.00>
ST_7 : Operation 916 [1/1] (0.00ns)   --->   "%p_read_893 = read i8 @_ssdm_op_Read.ap_auto.i8, i8 %p_read491" [src/ORB.cpp:41]   --->   Operation 916 'read' 'p_read_893' <Predicate = true> <Delay = 0.00>
ST_7 : Operation 917 [1/1] (0.00ns)   --->   "%p_read_894 = read i8 @_ssdm_op_Read.ap_auto.i8, i8 %p_read490" [src/ORB.cpp:41]   --->   Operation 917 'read' 'p_read_894' <Predicate = true> <Delay = 0.00>
ST_7 : Operation 918 [1/1] (0.00ns)   --->   "%p_read_895 = read i8 @_ssdm_op_Read.ap_auto.i8, i8 %p_read489" [src/ORB.cpp:41]   --->   Operation 918 'read' 'p_read_895' <Predicate = true> <Delay = 0.00>
ST_7 : Operation 919 [1/1] (0.00ns)   --->   "%p_read_896 = read i8 @_ssdm_op_Read.ap_auto.i8, i8 %p_read488" [src/ORB.cpp:41]   --->   Operation 919 'read' 'p_read_896' <Predicate = true> <Delay = 0.00>
ST_7 : Operation 920 [1/1] (0.00ns)   --->   "%p_read_897 = read i8 @_ssdm_op_Read.ap_auto.i8, i8 %p_read487" [src/ORB.cpp:41]   --->   Operation 920 'read' 'p_read_897' <Predicate = true> <Delay = 0.00>
ST_7 : Operation 921 [1/1] (0.00ns)   --->   "%p_read_898 = read i8 @_ssdm_op_Read.ap_auto.i8, i8 %p_read486" [src/ORB.cpp:41]   --->   Operation 921 'read' 'p_read_898' <Predicate = true> <Delay = 0.00>
ST_7 : Operation 922 [1/1] (0.00ns)   --->   "%p_read_899 = read i8 @_ssdm_op_Read.ap_auto.i8, i8 %p_read485" [src/ORB.cpp:41]   --->   Operation 922 'read' 'p_read_899' <Predicate = true> <Delay = 0.00>
ST_7 : Operation 923 [1/1] (0.00ns)   --->   "%p_read_900 = read i8 @_ssdm_op_Read.ap_auto.i8, i8 %p_read484" [src/ORB.cpp:41]   --->   Operation 923 'read' 'p_read_900' <Predicate = true> <Delay = 0.00>
ST_7 : Operation 924 [1/1] (0.00ns)   --->   "%p_read_901 = read i8 @_ssdm_op_Read.ap_auto.i8, i8 %p_read483" [src/ORB.cpp:41]   --->   Operation 924 'read' 'p_read_901' <Predicate = true> <Delay = 0.00>
ST_7 : Operation 925 [1/1] (0.00ns)   --->   "%p_read_902 = read i8 @_ssdm_op_Read.ap_auto.i8, i8 %p_read482" [src/ORB.cpp:41]   --->   Operation 925 'read' 'p_read_902' <Predicate = true> <Delay = 0.00>
ST_7 : Operation 926 [1/1] (0.00ns)   --->   "%p_read_903 = read i8 @_ssdm_op_Read.ap_auto.i8, i8 %p_read481" [src/ORB.cpp:41]   --->   Operation 926 'read' 'p_read_903' <Predicate = true> <Delay = 0.00>
ST_7 : Operation 927 [1/1] (0.00ns)   --->   "%p_read_904 = read i8 @_ssdm_op_Read.ap_auto.i8, i8 %p_read480" [src/ORB.cpp:41]   --->   Operation 927 'read' 'p_read_904' <Predicate = true> <Delay = 0.00>
ST_7 : Operation 928 [1/1] (0.00ns)   --->   "%p_read_905 = read i8 @_ssdm_op_Read.ap_auto.i8, i8 %p_read479" [src/ORB.cpp:41]   --->   Operation 928 'read' 'p_read_905' <Predicate = true> <Delay = 0.00>
ST_7 : Operation 929 [1/1] (0.00ns)   --->   "%p_read_906 = read i8 @_ssdm_op_Read.ap_auto.i8, i8 %p_read478" [src/ORB.cpp:41]   --->   Operation 929 'read' 'p_read_906' <Predicate = true> <Delay = 0.00>
ST_7 : Operation 930 [1/1] (0.00ns)   --->   "%p_read_907 = read i8 @_ssdm_op_Read.ap_auto.i8, i8 %p_read477" [src/ORB.cpp:41]   --->   Operation 930 'read' 'p_read_907' <Predicate = true> <Delay = 0.00>
ST_7 : Operation 931 [1/1] (0.00ns)   --->   "%p_read_908 = read i8 @_ssdm_op_Read.ap_auto.i8, i8 %p_read476" [src/ORB.cpp:41]   --->   Operation 931 'read' 'p_read_908' <Predicate = true> <Delay = 0.00>
ST_7 : Operation 932 [1/1] (0.00ns)   --->   "%p_read_909 = read i8 @_ssdm_op_Read.ap_auto.i8, i8 %p_read475" [src/ORB.cpp:41]   --->   Operation 932 'read' 'p_read_909' <Predicate = true> <Delay = 0.00>
ST_7 : Operation 933 [1/1] (0.00ns)   --->   "%p_read_910 = read i8 @_ssdm_op_Read.ap_auto.i8, i8 %p_read474" [src/ORB.cpp:41]   --->   Operation 933 'read' 'p_read_910' <Predicate = true> <Delay = 0.00>
ST_7 : Operation 934 [1/1] (0.00ns)   --->   "%p_read_911 = read i8 @_ssdm_op_Read.ap_auto.i8, i8 %p_read473" [src/ORB.cpp:41]   --->   Operation 934 'read' 'p_read_911' <Predicate = true> <Delay = 0.00>
ST_7 : Operation 935 [1/1] (0.00ns)   --->   "%p_read_912 = read i8 @_ssdm_op_Read.ap_auto.i8, i8 %p_read472" [src/ORB.cpp:41]   --->   Operation 935 'read' 'p_read_912' <Predicate = true> <Delay = 0.00>
ST_7 : Operation 936 [1/1] (0.00ns)   --->   "%p_read_913 = read i8 @_ssdm_op_Read.ap_auto.i8, i8 %p_read471" [src/ORB.cpp:41]   --->   Operation 936 'read' 'p_read_913' <Predicate = true> <Delay = 0.00>
ST_7 : Operation 937 [1/1] (0.00ns)   --->   "%p_read_914 = read i8 @_ssdm_op_Read.ap_auto.i8, i8 %p_read470" [src/ORB.cpp:41]   --->   Operation 937 'read' 'p_read_914' <Predicate = true> <Delay = 0.00>
ST_7 : Operation 938 [1/1] (0.00ns)   --->   "%p_read_915 = read i8 @_ssdm_op_Read.ap_auto.i8, i8 %p_read469" [src/ORB.cpp:41]   --->   Operation 938 'read' 'p_read_915' <Predicate = true> <Delay = 0.00>
ST_7 : Operation 939 [1/1] (0.00ns)   --->   "%p_read_916 = read i8 @_ssdm_op_Read.ap_auto.i8, i8 %p_read468" [src/ORB.cpp:41]   --->   Operation 939 'read' 'p_read_916' <Predicate = true> <Delay = 0.00>
ST_7 : Operation 940 [1/1] (0.00ns)   --->   "%p_read_917 = read i8 @_ssdm_op_Read.ap_auto.i8, i8 %p_read467" [src/ORB.cpp:41]   --->   Operation 940 'read' 'p_read_917' <Predicate = true> <Delay = 0.00>
ST_7 : Operation 941 [1/1] (0.00ns)   --->   "%p_read_918 = read i8 @_ssdm_op_Read.ap_auto.i8, i8 %p_read466" [src/ORB.cpp:41]   --->   Operation 941 'read' 'p_read_918' <Predicate = true> <Delay = 0.00>
ST_7 : Operation 942 [1/1] (0.00ns)   --->   "%p_read_919 = read i8 @_ssdm_op_Read.ap_auto.i8, i8 %p_read465" [src/ORB.cpp:41]   --->   Operation 942 'read' 'p_read_919' <Predicate = true> <Delay = 0.00>
ST_7 : Operation 943 [1/1] (0.00ns)   --->   "%p_read_920 = read i8 @_ssdm_op_Read.ap_auto.i8, i8 %p_read464" [src/ORB.cpp:41]   --->   Operation 943 'read' 'p_read_920' <Predicate = true> <Delay = 0.00>
ST_7 : Operation 944 [1/1] (0.00ns)   --->   "%p_read_921 = read i8 @_ssdm_op_Read.ap_auto.i8, i8 %p_read463" [src/ORB.cpp:41]   --->   Operation 944 'read' 'p_read_921' <Predicate = true> <Delay = 0.00>
ST_7 : Operation 945 [1/1] (0.00ns)   --->   "%p_read_922 = read i8 @_ssdm_op_Read.ap_auto.i8, i8 %p_read462" [src/ORB.cpp:41]   --->   Operation 945 'read' 'p_read_922' <Predicate = true> <Delay = 0.00>
ST_7 : Operation 946 [1/1] (0.00ns)   --->   "%p_read_923 = read i8 @_ssdm_op_Read.ap_auto.i8, i8 %p_read461" [src/ORB.cpp:41]   --->   Operation 946 'read' 'p_read_923' <Predicate = true> <Delay = 0.00>
ST_7 : Operation 947 [1/1] (0.00ns)   --->   "%p_read_924 = read i8 @_ssdm_op_Read.ap_auto.i8, i8 %p_read460" [src/ORB.cpp:41]   --->   Operation 947 'read' 'p_read_924' <Predicate = true> <Delay = 0.00>
ST_7 : Operation 948 [1/1] (0.00ns)   --->   "%p_read_925 = read i8 @_ssdm_op_Read.ap_auto.i8, i8 %p_read459" [src/ORB.cpp:41]   --->   Operation 948 'read' 'p_read_925' <Predicate = true> <Delay = 0.00>
ST_7 : Operation 949 [1/1] (0.00ns)   --->   "%p_read_926 = read i8 @_ssdm_op_Read.ap_auto.i8, i8 %p_read458" [src/ORB.cpp:41]   --->   Operation 949 'read' 'p_read_926' <Predicate = true> <Delay = 0.00>
ST_7 : Operation 950 [1/1] (0.00ns)   --->   "%p_read_927 = read i8 @_ssdm_op_Read.ap_auto.i8, i8 %p_read457" [src/ORB.cpp:41]   --->   Operation 950 'read' 'p_read_927' <Predicate = true> <Delay = 0.00>
ST_7 : Operation 951 [1/1] (0.00ns)   --->   "%p_read_928 = read i8 @_ssdm_op_Read.ap_auto.i8, i8 %p_read456" [src/ORB.cpp:41]   --->   Operation 951 'read' 'p_read_928' <Predicate = true> <Delay = 0.00>
ST_7 : Operation 952 [1/1] (0.00ns)   --->   "%p_read_929 = read i8 @_ssdm_op_Read.ap_auto.i8, i8 %p_read455" [src/ORB.cpp:41]   --->   Operation 952 'read' 'p_read_929' <Predicate = true> <Delay = 0.00>
ST_7 : Operation 953 [1/1] (0.00ns)   --->   "%p_read_930 = read i8 @_ssdm_op_Read.ap_auto.i8, i8 %p_read454" [src/ORB.cpp:41]   --->   Operation 953 'read' 'p_read_930' <Predicate = true> <Delay = 0.00>
ST_7 : Operation 954 [1/1] (0.00ns)   --->   "%p_read_931 = read i8 @_ssdm_op_Read.ap_auto.i8, i8 %p_read453" [src/ORB.cpp:41]   --->   Operation 954 'read' 'p_read_931' <Predicate = true> <Delay = 0.00>
ST_7 : Operation 955 [1/1] (0.00ns)   --->   "%p_read_932 = read i8 @_ssdm_op_Read.ap_auto.i8, i8 %p_read452" [src/ORB.cpp:41]   --->   Operation 955 'read' 'p_read_932' <Predicate = true> <Delay = 0.00>
ST_7 : Operation 956 [1/1] (0.00ns)   --->   "%p_read_933 = read i8 @_ssdm_op_Read.ap_auto.i8, i8 %p_read451" [src/ORB.cpp:41]   --->   Operation 956 'read' 'p_read_933' <Predicate = true> <Delay = 0.00>
ST_7 : Operation 957 [1/1] (0.00ns)   --->   "%p_read_934 = read i8 @_ssdm_op_Read.ap_auto.i8, i8 %p_read450" [src/ORB.cpp:41]   --->   Operation 957 'read' 'p_read_934' <Predicate = true> <Delay = 0.00>
ST_7 : Operation 958 [1/1] (0.00ns)   --->   "%p_read_935 = read i8 @_ssdm_op_Read.ap_auto.i8, i8 %p_read449" [src/ORB.cpp:41]   --->   Operation 958 'read' 'p_read_935' <Predicate = true> <Delay = 0.00>
ST_7 : Operation 959 [1/1] (0.00ns)   --->   "%p_read_936 = read i8 @_ssdm_op_Read.ap_auto.i8, i8 %p_read448" [src/ORB.cpp:41]   --->   Operation 959 'read' 'p_read_936' <Predicate = true> <Delay = 0.00>
ST_7 : Operation 960 [1/1] (0.00ns)   --->   "%p_read_937 = read i8 @_ssdm_op_Read.ap_auto.i8, i8 %p_read447" [src/ORB.cpp:41]   --->   Operation 960 'read' 'p_read_937' <Predicate = true> <Delay = 0.00>
ST_7 : Operation 961 [1/1] (0.00ns)   --->   "%p_read_938 = read i8 @_ssdm_op_Read.ap_auto.i8, i8 %p_read446" [src/ORB.cpp:41]   --->   Operation 961 'read' 'p_read_938' <Predicate = true> <Delay = 0.00>
ST_7 : Operation 962 [1/1] (0.00ns)   --->   "%p_read_939 = read i8 @_ssdm_op_Read.ap_auto.i8, i8 %p_read445" [src/ORB.cpp:41]   --->   Operation 962 'read' 'p_read_939' <Predicate = true> <Delay = 0.00>
ST_7 : Operation 963 [1/1] (0.00ns)   --->   "%p_read_940 = read i8 @_ssdm_op_Read.ap_auto.i8, i8 %p_read444" [src/ORB.cpp:41]   --->   Operation 963 'read' 'p_read_940' <Predicate = true> <Delay = 0.00>
ST_7 : Operation 964 [1/1] (0.00ns)   --->   "%p_read_941 = read i8 @_ssdm_op_Read.ap_auto.i8, i8 %p_read443" [src/ORB.cpp:41]   --->   Operation 964 'read' 'p_read_941' <Predicate = true> <Delay = 0.00>
ST_7 : Operation 965 [1/1] (0.00ns)   --->   "%p_read_942 = read i8 @_ssdm_op_Read.ap_auto.i8, i8 %p_read442" [src/ORB.cpp:41]   --->   Operation 965 'read' 'p_read_942' <Predicate = true> <Delay = 0.00>
ST_7 : Operation 966 [1/1] (0.00ns)   --->   "%p_read_943 = read i8 @_ssdm_op_Read.ap_auto.i8, i8 %p_read441" [src/ORB.cpp:41]   --->   Operation 966 'read' 'p_read_943' <Predicate = true> <Delay = 0.00>
ST_7 : Operation 967 [1/1] (0.00ns)   --->   "%p_read_944 = read i8 @_ssdm_op_Read.ap_auto.i8, i8 %p_read440" [src/ORB.cpp:41]   --->   Operation 967 'read' 'p_read_944' <Predicate = true> <Delay = 0.00>
ST_7 : Operation 968 [1/1] (0.00ns)   --->   "%p_read_945 = read i8 @_ssdm_op_Read.ap_auto.i8, i8 %p_read439" [src/ORB.cpp:41]   --->   Operation 968 'read' 'p_read_945' <Predicate = true> <Delay = 0.00>
ST_7 : Operation 969 [1/1] (0.00ns)   --->   "%p_read_946 = read i8 @_ssdm_op_Read.ap_auto.i8, i8 %p_read438" [src/ORB.cpp:41]   --->   Operation 969 'read' 'p_read_946' <Predicate = true> <Delay = 0.00>
ST_7 : Operation 970 [1/1] (0.00ns)   --->   "%p_read_947 = read i8 @_ssdm_op_Read.ap_auto.i8, i8 %p_read437" [src/ORB.cpp:41]   --->   Operation 970 'read' 'p_read_947' <Predicate = true> <Delay = 0.00>
ST_7 : Operation 971 [1/1] (0.00ns)   --->   "%p_read_948 = read i8 @_ssdm_op_Read.ap_auto.i8, i8 %p_read436" [src/ORB.cpp:41]   --->   Operation 971 'read' 'p_read_948' <Predicate = true> <Delay = 0.00>
ST_7 : Operation 972 [1/1] (0.00ns)   --->   "%p_read_949 = read i8 @_ssdm_op_Read.ap_auto.i8, i8 %p_read435" [src/ORB.cpp:41]   --->   Operation 972 'read' 'p_read_949' <Predicate = true> <Delay = 0.00>
ST_7 : Operation 973 [1/1] (0.00ns)   --->   "%p_read_950 = read i8 @_ssdm_op_Read.ap_auto.i8, i8 %p_read434" [src/ORB.cpp:41]   --->   Operation 973 'read' 'p_read_950' <Predicate = true> <Delay = 0.00>
ST_7 : Operation 974 [1/1] (0.00ns)   --->   "%p_read_951 = read i8 @_ssdm_op_Read.ap_auto.i8, i8 %p_read433" [src/ORB.cpp:41]   --->   Operation 974 'read' 'p_read_951' <Predicate = true> <Delay = 0.00>
ST_7 : Operation 975 [1/1] (0.00ns)   --->   "%p_read_952 = read i8 @_ssdm_op_Read.ap_auto.i8, i8 %p_read432" [src/ORB.cpp:41]   --->   Operation 975 'read' 'p_read_952' <Predicate = true> <Delay = 0.00>
ST_7 : Operation 976 [1/1] (0.00ns)   --->   "%p_read_953 = read i8 @_ssdm_op_Read.ap_auto.i8, i8 %p_read431" [src/ORB.cpp:41]   --->   Operation 976 'read' 'p_read_953' <Predicate = true> <Delay = 0.00>
ST_7 : Operation 977 [1/1] (0.00ns)   --->   "%p_read_954 = read i8 @_ssdm_op_Read.ap_auto.i8, i8 %p_read430" [src/ORB.cpp:41]   --->   Operation 977 'read' 'p_read_954' <Predicate = true> <Delay = 0.00>
ST_7 : Operation 978 [1/1] (0.00ns)   --->   "%p_read_955 = read i8 @_ssdm_op_Read.ap_auto.i8, i8 %p_read429" [src/ORB.cpp:41]   --->   Operation 978 'read' 'p_read_955' <Predicate = true> <Delay = 0.00>
ST_7 : Operation 979 [1/1] (0.00ns)   --->   "%p_read_956 = read i8 @_ssdm_op_Read.ap_auto.i8, i8 %p_read428" [src/ORB.cpp:41]   --->   Operation 979 'read' 'p_read_956' <Predicate = true> <Delay = 0.00>
ST_7 : Operation 980 [1/1] (0.00ns)   --->   "%p_read_957 = read i8 @_ssdm_op_Read.ap_auto.i8, i8 %p_read427" [src/ORB.cpp:41]   --->   Operation 980 'read' 'p_read_957' <Predicate = true> <Delay = 0.00>
ST_7 : Operation 981 [1/1] (0.00ns)   --->   "%p_read_958 = read i8 @_ssdm_op_Read.ap_auto.i8, i8 %p_read426" [src/ORB.cpp:41]   --->   Operation 981 'read' 'p_read_958' <Predicate = true> <Delay = 0.00>
ST_7 : Operation 982 [1/1] (0.00ns)   --->   "%p_read_959 = read i8 @_ssdm_op_Read.ap_auto.i8, i8 %p_read425" [src/ORB.cpp:41]   --->   Operation 982 'read' 'p_read_959' <Predicate = true> <Delay = 0.00>
ST_7 : Operation 983 [1/1] (0.00ns)   --->   "%p_read_960 = read i8 @_ssdm_op_Read.ap_auto.i8, i8 %p_read424" [src/ORB.cpp:41]   --->   Operation 983 'read' 'p_read_960' <Predicate = true> <Delay = 0.00>
ST_7 : Operation 984 [1/1] (0.00ns)   --->   "%p_read_961 = read i8 @_ssdm_op_Read.ap_auto.i8, i8 %p_read423" [src/ORB.cpp:41]   --->   Operation 984 'read' 'p_read_961' <Predicate = true> <Delay = 0.00>
ST_7 : Operation 985 [1/1] (0.00ns)   --->   "%p_read_962 = read i8 @_ssdm_op_Read.ap_auto.i8, i8 %p_read422" [src/ORB.cpp:41]   --->   Operation 985 'read' 'p_read_962' <Predicate = true> <Delay = 0.00>
ST_7 : Operation 986 [1/1] (0.00ns)   --->   "%p_read_963 = read i8 @_ssdm_op_Read.ap_auto.i8, i8 %p_read421" [src/ORB.cpp:41]   --->   Operation 986 'read' 'p_read_963' <Predicate = true> <Delay = 0.00>
ST_7 : Operation 987 [1/1] (0.00ns)   --->   "%p_read_964 = read i8 @_ssdm_op_Read.ap_auto.i8, i8 %p_read420" [src/ORB.cpp:41]   --->   Operation 987 'read' 'p_read_964' <Predicate = true> <Delay = 0.00>
ST_7 : Operation 988 [1/1] (0.00ns)   --->   "%p_read_965 = read i8 @_ssdm_op_Read.ap_auto.i8, i8 %p_read419" [src/ORB.cpp:41]   --->   Operation 988 'read' 'p_read_965' <Predicate = true> <Delay = 0.00>
ST_7 : Operation 989 [1/1] (0.00ns)   --->   "%p_read_966 = read i8 @_ssdm_op_Read.ap_auto.i8, i8 %p_read418" [src/ORB.cpp:41]   --->   Operation 989 'read' 'p_read_966' <Predicate = true> <Delay = 0.00>
ST_7 : Operation 990 [1/1] (0.00ns)   --->   "%p_read_967 = read i8 @_ssdm_op_Read.ap_auto.i8, i8 %p_read417" [src/ORB.cpp:41]   --->   Operation 990 'read' 'p_read_967' <Predicate = true> <Delay = 0.00>
ST_7 : Operation 991 [1/1] (0.00ns)   --->   "%p_read_968 = read i8 @_ssdm_op_Read.ap_auto.i8, i8 %p_read416" [src/ORB.cpp:41]   --->   Operation 991 'read' 'p_read_968' <Predicate = true> <Delay = 0.00>
ST_7 : Operation 992 [1/1] (0.00ns)   --->   "%p_read_969 = read i8 @_ssdm_op_Read.ap_auto.i8, i8 %p_read415" [src/ORB.cpp:41]   --->   Operation 992 'read' 'p_read_969' <Predicate = true> <Delay = 0.00>
ST_7 : Operation 993 [1/1] (0.00ns)   --->   "%p_read_970 = read i8 @_ssdm_op_Read.ap_auto.i8, i8 %p_read414" [src/ORB.cpp:41]   --->   Operation 993 'read' 'p_read_970' <Predicate = true> <Delay = 0.00>
ST_7 : Operation 994 [1/1] (0.00ns)   --->   "%p_read_971 = read i8 @_ssdm_op_Read.ap_auto.i8, i8 %p_read413" [src/ORB.cpp:41]   --->   Operation 994 'read' 'p_read_971' <Predicate = true> <Delay = 0.00>
ST_7 : Operation 995 [1/1] (0.00ns)   --->   "%p_read_972 = read i8 @_ssdm_op_Read.ap_auto.i8, i8 %p_read412" [src/ORB.cpp:41]   --->   Operation 995 'read' 'p_read_972' <Predicate = true> <Delay = 0.00>
ST_7 : Operation 996 [1/1] (0.00ns)   --->   "%p_read_973 = read i8 @_ssdm_op_Read.ap_auto.i8, i8 %p_read411" [src/ORB.cpp:41]   --->   Operation 996 'read' 'p_read_973' <Predicate = true> <Delay = 0.00>
ST_7 : Operation 997 [1/1] (0.00ns)   --->   "%p_read_974 = read i8 @_ssdm_op_Read.ap_auto.i8, i8 %p_read410" [src/ORB.cpp:41]   --->   Operation 997 'read' 'p_read_974' <Predicate = true> <Delay = 0.00>
ST_7 : Operation 998 [1/1] (0.00ns)   --->   "%p_read_975 = read i8 @_ssdm_op_Read.ap_auto.i8, i8 %p_read409" [src/ORB.cpp:41]   --->   Operation 998 'read' 'p_read_975' <Predicate = true> <Delay = 0.00>
ST_7 : Operation 999 [1/1] (0.00ns)   --->   "%p_read_976 = read i8 @_ssdm_op_Read.ap_auto.i8, i8 %p_read408" [src/ORB.cpp:41]   --->   Operation 999 'read' 'p_read_976' <Predicate = true> <Delay = 0.00>
ST_7 : Operation 1000 [1/1] (0.00ns)   --->   "%p_read_977 = read i8 @_ssdm_op_Read.ap_auto.i8, i8 %p_read407" [src/ORB.cpp:41]   --->   Operation 1000 'read' 'p_read_977' <Predicate = true> <Delay = 0.00>
ST_7 : Operation 1001 [1/1] (0.00ns)   --->   "%p_read_978 = read i8 @_ssdm_op_Read.ap_auto.i8, i8 %p_read406" [src/ORB.cpp:41]   --->   Operation 1001 'read' 'p_read_978' <Predicate = true> <Delay = 0.00>
ST_7 : Operation 1002 [1/1] (0.00ns)   --->   "%p_read_979 = read i8 @_ssdm_op_Read.ap_auto.i8, i8 %p_read405" [src/ORB.cpp:41]   --->   Operation 1002 'read' 'p_read_979' <Predicate = true> <Delay = 0.00>
ST_7 : Operation 1003 [1/1] (0.00ns)   --->   "%p_read_980 = read i8 @_ssdm_op_Read.ap_auto.i8, i8 %p_read404" [src/ORB.cpp:41]   --->   Operation 1003 'read' 'p_read_980' <Predicate = true> <Delay = 0.00>
ST_7 : Operation 1004 [1/1] (0.00ns)   --->   "%p_read_981 = read i8 @_ssdm_op_Read.ap_auto.i8, i8 %p_read403" [src/ORB.cpp:41]   --->   Operation 1004 'read' 'p_read_981' <Predicate = true> <Delay = 0.00>
ST_7 : Operation 1005 [1/1] (0.00ns)   --->   "%p_read_982 = read i8 @_ssdm_op_Read.ap_auto.i8, i8 %p_read402" [src/ORB.cpp:41]   --->   Operation 1005 'read' 'p_read_982' <Predicate = true> <Delay = 0.00>
ST_7 : Operation 1006 [1/1] (0.00ns)   --->   "%p_read_983 = read i8 @_ssdm_op_Read.ap_auto.i8, i8 %p_read401" [src/ORB.cpp:41]   --->   Operation 1006 'read' 'p_read_983' <Predicate = true> <Delay = 0.00>
ST_7 : Operation 1007 [1/1] (0.00ns)   --->   "%p_read_984 = read i8 @_ssdm_op_Read.ap_auto.i8, i8 %p_read400" [src/ORB.cpp:41]   --->   Operation 1007 'read' 'p_read_984' <Predicate = true> <Delay = 0.00>
ST_7 : Operation 1008 [1/1] (0.00ns)   --->   "%p_read_985 = read i8 @_ssdm_op_Read.ap_auto.i8, i8 %p_read399" [src/ORB.cpp:41]   --->   Operation 1008 'read' 'p_read_985' <Predicate = true> <Delay = 0.00>
ST_7 : Operation 1009 [1/1] (0.00ns)   --->   "%p_read_986 = read i8 @_ssdm_op_Read.ap_auto.i8, i8 %p_read398" [src/ORB.cpp:41]   --->   Operation 1009 'read' 'p_read_986' <Predicate = true> <Delay = 0.00>
ST_7 : Operation 1010 [1/1] (0.00ns)   --->   "%p_read_987 = read i8 @_ssdm_op_Read.ap_auto.i8, i8 %p_read397" [src/ORB.cpp:41]   --->   Operation 1010 'read' 'p_read_987' <Predicate = true> <Delay = 0.00>
ST_7 : Operation 1011 [1/1] (0.00ns)   --->   "%p_read_988 = read i8 @_ssdm_op_Read.ap_auto.i8, i8 %p_read396" [src/ORB.cpp:41]   --->   Operation 1011 'read' 'p_read_988' <Predicate = true> <Delay = 0.00>
ST_7 : Operation 1012 [1/1] (0.00ns)   --->   "%p_read_989 = read i8 @_ssdm_op_Read.ap_auto.i8, i8 %p_read395" [src/ORB.cpp:41]   --->   Operation 1012 'read' 'p_read_989' <Predicate = true> <Delay = 0.00>
ST_7 : Operation 1013 [1/1] (0.00ns)   --->   "%p_read_990 = read i8 @_ssdm_op_Read.ap_auto.i8, i8 %p_read394" [src/ORB.cpp:41]   --->   Operation 1013 'read' 'p_read_990' <Predicate = true> <Delay = 0.00>
ST_7 : Operation 1014 [1/1] (0.00ns)   --->   "%p_read_991 = read i8 @_ssdm_op_Read.ap_auto.i8, i8 %p_read393" [src/ORB.cpp:41]   --->   Operation 1014 'read' 'p_read_991' <Predicate = true> <Delay = 0.00>
ST_7 : Operation 1015 [1/1] (0.00ns)   --->   "%p_read_992 = read i8 @_ssdm_op_Read.ap_auto.i8, i8 %p_read392" [src/ORB.cpp:41]   --->   Operation 1015 'read' 'p_read_992' <Predicate = true> <Delay = 0.00>
ST_7 : Operation 1016 [1/1] (0.00ns)   --->   "%p_read_993 = read i8 @_ssdm_op_Read.ap_auto.i8, i8 %p_read391" [src/ORB.cpp:41]   --->   Operation 1016 'read' 'p_read_993' <Predicate = true> <Delay = 0.00>
ST_7 : Operation 1017 [1/1] (0.00ns)   --->   "%p_read_994 = read i8 @_ssdm_op_Read.ap_auto.i8, i8 %p_read390" [src/ORB.cpp:41]   --->   Operation 1017 'read' 'p_read_994' <Predicate = true> <Delay = 0.00>
ST_7 : Operation 1018 [1/1] (0.00ns)   --->   "%p_read_995 = read i8 @_ssdm_op_Read.ap_auto.i8, i8 %p_read389" [src/ORB.cpp:41]   --->   Operation 1018 'read' 'p_read_995' <Predicate = true> <Delay = 0.00>
ST_7 : Operation 1019 [1/1] (0.00ns)   --->   "%p_read_996 = read i8 @_ssdm_op_Read.ap_auto.i8, i8 %p_read388" [src/ORB.cpp:41]   --->   Operation 1019 'read' 'p_read_996' <Predicate = true> <Delay = 0.00>
ST_7 : Operation 1020 [1/1] (0.00ns)   --->   "%p_read_997 = read i8 @_ssdm_op_Read.ap_auto.i8, i8 %p_read387" [src/ORB.cpp:41]   --->   Operation 1020 'read' 'p_read_997' <Predicate = true> <Delay = 0.00>
ST_7 : Operation 1021 [1/1] (0.00ns)   --->   "%p_read_998 = read i8 @_ssdm_op_Read.ap_auto.i8, i8 %p_read386" [src/ORB.cpp:41]   --->   Operation 1021 'read' 'p_read_998' <Predicate = true> <Delay = 0.00>
ST_7 : Operation 1022 [1/1] (0.00ns)   --->   "%p_read_999 = read i8 @_ssdm_op_Read.ap_auto.i8, i8 %p_read385" [src/ORB.cpp:41]   --->   Operation 1022 'read' 'p_read_999' <Predicate = true> <Delay = 0.00>
ST_7 : Operation 1023 [1/1] (0.00ns)   --->   "%p_read_1000 = read i8 @_ssdm_op_Read.ap_auto.i8, i8 %p_read384" [src/ORB.cpp:41]   --->   Operation 1023 'read' 'p_read_1000' <Predicate = true> <Delay = 0.00>
ST_7 : Operation 1024 [1/1] (0.00ns)   --->   "%p_read_1001 = read i8 @_ssdm_op_Read.ap_auto.i8, i8 %p_read383" [src/ORB.cpp:41]   --->   Operation 1024 'read' 'p_read_1001' <Predicate = true> <Delay = 0.00>
ST_7 : Operation 1025 [1/1] (0.00ns)   --->   "%p_read_1002 = read i8 @_ssdm_op_Read.ap_auto.i8, i8 %p_read382" [src/ORB.cpp:41]   --->   Operation 1025 'read' 'p_read_1002' <Predicate = true> <Delay = 0.00>
ST_7 : Operation 1026 [1/1] (0.00ns)   --->   "%p_read_1003 = read i8 @_ssdm_op_Read.ap_auto.i8, i8 %p_read381" [src/ORB.cpp:41]   --->   Operation 1026 'read' 'p_read_1003' <Predicate = true> <Delay = 0.00>
ST_7 : Operation 1027 [1/1] (0.00ns)   --->   "%p_read_1004 = read i8 @_ssdm_op_Read.ap_auto.i8, i8 %p_read380" [src/ORB.cpp:41]   --->   Operation 1027 'read' 'p_read_1004' <Predicate = true> <Delay = 0.00>
ST_7 : Operation 1028 [1/1] (0.00ns)   --->   "%p_read_1005 = read i8 @_ssdm_op_Read.ap_auto.i8, i8 %p_read379" [src/ORB.cpp:41]   --->   Operation 1028 'read' 'p_read_1005' <Predicate = true> <Delay = 0.00>
ST_7 : Operation 1029 [1/1] (0.00ns)   --->   "%p_read_1006 = read i8 @_ssdm_op_Read.ap_auto.i8, i8 %p_read378" [src/ORB.cpp:41]   --->   Operation 1029 'read' 'p_read_1006' <Predicate = true> <Delay = 0.00>
ST_7 : Operation 1030 [1/1] (0.00ns)   --->   "%p_read_1007 = read i8 @_ssdm_op_Read.ap_auto.i8, i8 %p_read377" [src/ORB.cpp:41]   --->   Operation 1030 'read' 'p_read_1007' <Predicate = true> <Delay = 0.00>
ST_7 : Operation 1031 [1/1] (0.00ns)   --->   "%p_read_1008 = read i8 @_ssdm_op_Read.ap_auto.i8, i8 %p_read376" [src/ORB.cpp:41]   --->   Operation 1031 'read' 'p_read_1008' <Predicate = true> <Delay = 0.00>
ST_7 : Operation 1032 [1/1] (0.00ns)   --->   "%p_read_1009 = read i8 @_ssdm_op_Read.ap_auto.i8, i8 %p_read375" [src/ORB.cpp:41]   --->   Operation 1032 'read' 'p_read_1009' <Predicate = true> <Delay = 0.00>
ST_7 : Operation 1033 [1/1] (0.00ns)   --->   "%p_read_1010 = read i8 @_ssdm_op_Read.ap_auto.i8, i8 %p_read374" [src/ORB.cpp:41]   --->   Operation 1033 'read' 'p_read_1010' <Predicate = true> <Delay = 0.00>
ST_7 : Operation 1034 [1/1] (0.00ns)   --->   "%p_read_1011 = read i8 @_ssdm_op_Read.ap_auto.i8, i8 %p_read373" [src/ORB.cpp:41]   --->   Operation 1034 'read' 'p_read_1011' <Predicate = true> <Delay = 0.00>
ST_7 : Operation 1035 [1/1] (0.00ns)   --->   "%p_read_1012 = read i8 @_ssdm_op_Read.ap_auto.i8, i8 %p_read372" [src/ORB.cpp:41]   --->   Operation 1035 'read' 'p_read_1012' <Predicate = true> <Delay = 0.00>
ST_7 : Operation 1036 [1/1] (0.00ns)   --->   "%p_read_1013 = read i8 @_ssdm_op_Read.ap_auto.i8, i8 %p_read371" [src/ORB.cpp:41]   --->   Operation 1036 'read' 'p_read_1013' <Predicate = true> <Delay = 0.00>
ST_7 : Operation 1037 [1/1] (0.00ns)   --->   "%p_read_1014 = read i8 @_ssdm_op_Read.ap_auto.i8, i8 %p_read370" [src/ORB.cpp:41]   --->   Operation 1037 'read' 'p_read_1014' <Predicate = true> <Delay = 0.00>
ST_7 : Operation 1038 [1/1] (0.00ns)   --->   "%p_read_1015 = read i8 @_ssdm_op_Read.ap_auto.i8, i8 %p_read369" [src/ORB.cpp:41]   --->   Operation 1038 'read' 'p_read_1015' <Predicate = true> <Delay = 0.00>
ST_7 : Operation 1039 [1/1] (0.00ns)   --->   "%p_read_1016 = read i8 @_ssdm_op_Read.ap_auto.i8, i8 %p_read368" [src/ORB.cpp:41]   --->   Operation 1039 'read' 'p_read_1016' <Predicate = true> <Delay = 0.00>
ST_7 : Operation 1040 [1/1] (0.00ns)   --->   "%p_read_1017 = read i8 @_ssdm_op_Read.ap_auto.i8, i8 %p_read367" [src/ORB.cpp:41]   --->   Operation 1040 'read' 'p_read_1017' <Predicate = true> <Delay = 0.00>
ST_7 : Operation 1041 [1/1] (0.00ns)   --->   "%p_read_1018 = read i8 @_ssdm_op_Read.ap_auto.i8, i8 %p_read366" [src/ORB.cpp:41]   --->   Operation 1041 'read' 'p_read_1018' <Predicate = true> <Delay = 0.00>
ST_7 : Operation 1042 [1/1] (0.00ns)   --->   "%p_read_1019 = read i8 @_ssdm_op_Read.ap_auto.i8, i8 %p_read365" [src/ORB.cpp:41]   --->   Operation 1042 'read' 'p_read_1019' <Predicate = true> <Delay = 0.00>
ST_7 : Operation 1043 [1/1] (0.00ns)   --->   "%p_read_1020 = read i8 @_ssdm_op_Read.ap_auto.i8, i8 %p_read364" [src/ORB.cpp:41]   --->   Operation 1043 'read' 'p_read_1020' <Predicate = true> <Delay = 0.00>
ST_7 : Operation 1044 [1/1] (0.00ns)   --->   "%p_read_1021 = read i8 @_ssdm_op_Read.ap_auto.i8, i8 %p_read363" [src/ORB.cpp:41]   --->   Operation 1044 'read' 'p_read_1021' <Predicate = true> <Delay = 0.00>
ST_7 : Operation 1045 [1/1] (0.00ns)   --->   "%p_read_1022 = read i8 @_ssdm_op_Read.ap_auto.i8, i8 %p_read362" [src/ORB.cpp:41]   --->   Operation 1045 'read' 'p_read_1022' <Predicate = true> <Delay = 0.00>
ST_7 : Operation 1046 [1/1] (0.00ns)   --->   "%p_read_1023 = read i8 @_ssdm_op_Read.ap_auto.i8, i8 %p_read361" [src/ORB.cpp:41]   --->   Operation 1046 'read' 'p_read_1023' <Predicate = true> <Delay = 0.00>
ST_7 : Operation 1047 [1/1] (0.00ns)   --->   "%p_read_1024 = read i8 @_ssdm_op_Read.ap_auto.i8, i8 %p_read360" [src/ORB.cpp:41]   --->   Operation 1047 'read' 'p_read_1024' <Predicate = true> <Delay = 0.00>
ST_7 : Operation 1048 [1/1] (0.00ns)   --->   "%p_read_1025 = read i8 @_ssdm_op_Read.ap_auto.i8, i8 %p_read359" [src/ORB.cpp:41]   --->   Operation 1048 'read' 'p_read_1025' <Predicate = true> <Delay = 0.00>
ST_7 : Operation 1049 [1/1] (0.00ns)   --->   "%p_read_1026 = read i8 @_ssdm_op_Read.ap_auto.i8, i8 %p_read358" [src/ORB.cpp:41]   --->   Operation 1049 'read' 'p_read_1026' <Predicate = true> <Delay = 0.00>
ST_7 : Operation 1050 [1/1] (0.00ns)   --->   "%p_read_1027 = read i8 @_ssdm_op_Read.ap_auto.i8, i8 %p_read357" [src/ORB.cpp:41]   --->   Operation 1050 'read' 'p_read_1027' <Predicate = true> <Delay = 0.00>
ST_7 : Operation 1051 [1/1] (0.00ns)   --->   "%p_read_1028 = read i8 @_ssdm_op_Read.ap_auto.i8, i8 %p_read356" [src/ORB.cpp:41]   --->   Operation 1051 'read' 'p_read_1028' <Predicate = true> <Delay = 0.00>
ST_7 : Operation 1052 [1/1] (0.00ns)   --->   "%p_read_1029 = read i8 @_ssdm_op_Read.ap_auto.i8, i8 %p_read355" [src/ORB.cpp:41]   --->   Operation 1052 'read' 'p_read_1029' <Predicate = true> <Delay = 0.00>
ST_7 : Operation 1053 [1/1] (0.00ns)   --->   "%p_read_1030 = read i8 @_ssdm_op_Read.ap_auto.i8, i8 %p_read354" [src/ORB.cpp:41]   --->   Operation 1053 'read' 'p_read_1030' <Predicate = true> <Delay = 0.00>
ST_7 : Operation 1054 [1/1] (0.00ns)   --->   "%p_read_1031 = read i8 @_ssdm_op_Read.ap_auto.i8, i8 %p_read353" [src/ORB.cpp:41]   --->   Operation 1054 'read' 'p_read_1031' <Predicate = true> <Delay = 0.00>
ST_7 : Operation 1055 [1/1] (0.00ns)   --->   "%p_read_1032 = read i8 @_ssdm_op_Read.ap_auto.i8, i8 %p_read352" [src/ORB.cpp:41]   --->   Operation 1055 'read' 'p_read_1032' <Predicate = true> <Delay = 0.00>
ST_7 : Operation 1056 [1/1] (0.00ns)   --->   "%p_read_1033 = read i8 @_ssdm_op_Read.ap_auto.i8, i8 %p_read351" [src/ORB.cpp:41]   --->   Operation 1056 'read' 'p_read_1033' <Predicate = true> <Delay = 0.00>
ST_7 : Operation 1057 [1/1] (0.00ns)   --->   "%p_read_1034 = read i8 @_ssdm_op_Read.ap_auto.i8, i8 %p_read350" [src/ORB.cpp:41]   --->   Operation 1057 'read' 'p_read_1034' <Predicate = true> <Delay = 0.00>
ST_7 : Operation 1058 [1/1] (0.00ns)   --->   "%p_read_1035 = read i8 @_ssdm_op_Read.ap_auto.i8, i8 %p_read349" [src/ORB.cpp:41]   --->   Operation 1058 'read' 'p_read_1035' <Predicate = true> <Delay = 0.00>
ST_7 : Operation 1059 [1/1] (0.00ns)   --->   "%p_read_1036 = read i8 @_ssdm_op_Read.ap_auto.i8, i8 %p_read348" [src/ORB.cpp:41]   --->   Operation 1059 'read' 'p_read_1036' <Predicate = true> <Delay = 0.00>
ST_7 : Operation 1060 [1/1] (0.00ns)   --->   "%p_read_1037 = read i8 @_ssdm_op_Read.ap_auto.i8, i8 %p_read347" [src/ORB.cpp:41]   --->   Operation 1060 'read' 'p_read_1037' <Predicate = true> <Delay = 0.00>
ST_7 : Operation 1061 [1/1] (0.00ns)   --->   "%p_read_1038 = read i8 @_ssdm_op_Read.ap_auto.i8, i8 %p_read346" [src/ORB.cpp:41]   --->   Operation 1061 'read' 'p_read_1038' <Predicate = true> <Delay = 0.00>
ST_7 : Operation 1062 [1/1] (0.00ns)   --->   "%p_read_1039 = read i8 @_ssdm_op_Read.ap_auto.i8, i8 %p_read345" [src/ORB.cpp:41]   --->   Operation 1062 'read' 'p_read_1039' <Predicate = true> <Delay = 0.00>
ST_7 : Operation 1063 [1/1] (0.00ns)   --->   "%p_read_1040 = read i8 @_ssdm_op_Read.ap_auto.i8, i8 %p_read344" [src/ORB.cpp:41]   --->   Operation 1063 'read' 'p_read_1040' <Predicate = true> <Delay = 0.00>
ST_7 : Operation 1064 [1/1] (0.00ns)   --->   "%p_read_1041 = read i8 @_ssdm_op_Read.ap_auto.i8, i8 %p_read343" [src/ORB.cpp:41]   --->   Operation 1064 'read' 'p_read_1041' <Predicate = true> <Delay = 0.00>
ST_7 : Operation 1065 [1/1] (0.00ns)   --->   "%p_read_1042 = read i8 @_ssdm_op_Read.ap_auto.i8, i8 %p_read342" [src/ORB.cpp:41]   --->   Operation 1065 'read' 'p_read_1042' <Predicate = true> <Delay = 0.00>
ST_7 : Operation 1066 [1/1] (0.00ns)   --->   "%p_read_1043 = read i8 @_ssdm_op_Read.ap_auto.i8, i8 %p_read341" [src/ORB.cpp:41]   --->   Operation 1066 'read' 'p_read_1043' <Predicate = true> <Delay = 0.00>
ST_7 : Operation 1067 [1/1] (0.00ns)   --->   "%p_read_1044 = read i8 @_ssdm_op_Read.ap_auto.i8, i8 %p_read340" [src/ORB.cpp:41]   --->   Operation 1067 'read' 'p_read_1044' <Predicate = true> <Delay = 0.00>
ST_7 : Operation 1068 [1/1] (0.00ns)   --->   "%p_read_1045 = read i8 @_ssdm_op_Read.ap_auto.i8, i8 %p_read339" [src/ORB.cpp:41]   --->   Operation 1068 'read' 'p_read_1045' <Predicate = true> <Delay = 0.00>
ST_7 : Operation 1069 [1/1] (0.00ns)   --->   "%p_read_1046 = read i8 @_ssdm_op_Read.ap_auto.i8, i8 %p_read338" [src/ORB.cpp:41]   --->   Operation 1069 'read' 'p_read_1046' <Predicate = true> <Delay = 0.00>
ST_7 : Operation 1070 [1/1] (0.00ns)   --->   "%p_read_1047 = read i8 @_ssdm_op_Read.ap_auto.i8, i8 %p_read337" [src/ORB.cpp:41]   --->   Operation 1070 'read' 'p_read_1047' <Predicate = true> <Delay = 0.00>
ST_7 : Operation 1071 [1/1] (0.00ns)   --->   "%p_read_1048 = read i8 @_ssdm_op_Read.ap_auto.i8, i8 %p_read336" [src/ORB.cpp:41]   --->   Operation 1071 'read' 'p_read_1048' <Predicate = true> <Delay = 0.00>
ST_7 : Operation 1072 [1/1] (0.00ns)   --->   "%p_read_1049 = read i8 @_ssdm_op_Read.ap_auto.i8, i8 %p_read335" [src/ORB.cpp:41]   --->   Operation 1072 'read' 'p_read_1049' <Predicate = true> <Delay = 0.00>
ST_7 : Operation 1073 [1/1] (0.00ns)   --->   "%p_read_1050 = read i8 @_ssdm_op_Read.ap_auto.i8, i8 %p_read334" [src/ORB.cpp:41]   --->   Operation 1073 'read' 'p_read_1050' <Predicate = true> <Delay = 0.00>
ST_7 : Operation 1074 [1/1] (0.00ns)   --->   "%p_read_1051 = read i8 @_ssdm_op_Read.ap_auto.i8, i8 %p_read333" [src/ORB.cpp:41]   --->   Operation 1074 'read' 'p_read_1051' <Predicate = true> <Delay = 0.00>
ST_7 : Operation 1075 [1/1] (0.00ns)   --->   "%p_read_1052 = read i8 @_ssdm_op_Read.ap_auto.i8, i8 %p_read332" [src/ORB.cpp:41]   --->   Operation 1075 'read' 'p_read_1052' <Predicate = true> <Delay = 0.00>
ST_7 : Operation 1076 [1/1] (0.00ns)   --->   "%p_read_1053 = read i8 @_ssdm_op_Read.ap_auto.i8, i8 %p_read331" [src/ORB.cpp:41]   --->   Operation 1076 'read' 'p_read_1053' <Predicate = true> <Delay = 0.00>
ST_7 : Operation 1077 [1/1] (0.00ns)   --->   "%p_read_1054 = read i8 @_ssdm_op_Read.ap_auto.i8, i8 %p_read330" [src/ORB.cpp:41]   --->   Operation 1077 'read' 'p_read_1054' <Predicate = true> <Delay = 0.00>
ST_7 : Operation 1078 [1/1] (0.00ns)   --->   "%p_read_1055 = read i8 @_ssdm_op_Read.ap_auto.i8, i8 %p_read329" [src/ORB.cpp:41]   --->   Operation 1078 'read' 'p_read_1055' <Predicate = true> <Delay = 0.00>
ST_7 : Operation 1079 [1/1] (0.00ns)   --->   "%p_read_1056 = read i8 @_ssdm_op_Read.ap_auto.i8, i8 %p_read328" [src/ORB.cpp:41]   --->   Operation 1079 'read' 'p_read_1056' <Predicate = true> <Delay = 0.00>
ST_7 : Operation 1080 [1/1] (0.00ns)   --->   "%p_read_1057 = read i8 @_ssdm_op_Read.ap_auto.i8, i8 %p_read327" [src/ORB.cpp:41]   --->   Operation 1080 'read' 'p_read_1057' <Predicate = true> <Delay = 0.00>
ST_7 : Operation 1081 [1/1] (0.00ns)   --->   "%p_read_1058 = read i8 @_ssdm_op_Read.ap_auto.i8, i8 %p_read326" [src/ORB.cpp:41]   --->   Operation 1081 'read' 'p_read_1058' <Predicate = true> <Delay = 0.00>
ST_7 : Operation 1082 [1/1] (0.00ns)   --->   "%p_read_1059 = read i8 @_ssdm_op_Read.ap_auto.i8, i8 %p_read325" [src/ORB.cpp:41]   --->   Operation 1082 'read' 'p_read_1059' <Predicate = true> <Delay = 0.00>
ST_7 : Operation 1083 [1/1] (0.00ns)   --->   "%p_read_1060 = read i8 @_ssdm_op_Read.ap_auto.i8, i8 %p_read324" [src/ORB.cpp:41]   --->   Operation 1083 'read' 'p_read_1060' <Predicate = true> <Delay = 0.00>
ST_7 : Operation 1084 [1/1] (0.00ns)   --->   "%p_read_1061 = read i8 @_ssdm_op_Read.ap_auto.i8, i8 %p_read323" [src/ORB.cpp:41]   --->   Operation 1084 'read' 'p_read_1061' <Predicate = true> <Delay = 0.00>
ST_7 : Operation 1085 [1/1] (0.00ns)   --->   "%p_read_1062 = read i8 @_ssdm_op_Read.ap_auto.i8, i8 %p_read322" [src/ORB.cpp:41]   --->   Operation 1085 'read' 'p_read_1062' <Predicate = true> <Delay = 0.00>
ST_7 : Operation 1086 [1/1] (0.00ns)   --->   "%p_read_1063 = read i8 @_ssdm_op_Read.ap_auto.i8, i8 %p_read321" [src/ORB.cpp:41]   --->   Operation 1086 'read' 'p_read_1063' <Predicate = true> <Delay = 0.00>
ST_7 : Operation 1087 [1/1] (0.00ns)   --->   "%p_read_1064 = read i8 @_ssdm_op_Read.ap_auto.i8, i8 %p_read320" [src/ORB.cpp:41]   --->   Operation 1087 'read' 'p_read_1064' <Predicate = true> <Delay = 0.00>
ST_7 : Operation 1088 [1/1] (0.00ns)   --->   "%p_read_1065 = read i8 @_ssdm_op_Read.ap_auto.i8, i8 %p_read319" [src/ORB.cpp:41]   --->   Operation 1088 'read' 'p_read_1065' <Predicate = true> <Delay = 0.00>
ST_7 : Operation 1089 [1/1] (0.00ns)   --->   "%p_read_1066 = read i8 @_ssdm_op_Read.ap_auto.i8, i8 %p_read318" [src/ORB.cpp:41]   --->   Operation 1089 'read' 'p_read_1066' <Predicate = true> <Delay = 0.00>
ST_7 : Operation 1090 [1/1] (0.00ns)   --->   "%p_read_1067 = read i8 @_ssdm_op_Read.ap_auto.i8, i8 %p_read317" [src/ORB.cpp:41]   --->   Operation 1090 'read' 'p_read_1067' <Predicate = true> <Delay = 0.00>
ST_7 : Operation 1091 [1/1] (0.00ns)   --->   "%p_read_1068 = read i8 @_ssdm_op_Read.ap_auto.i8, i8 %p_read316" [src/ORB.cpp:41]   --->   Operation 1091 'read' 'p_read_1068' <Predicate = true> <Delay = 0.00>
ST_7 : Operation 1092 [1/1] (0.00ns)   --->   "%p_read_1069 = read i8 @_ssdm_op_Read.ap_auto.i8, i8 %p_read315" [src/ORB.cpp:41]   --->   Operation 1092 'read' 'p_read_1069' <Predicate = true> <Delay = 0.00>
ST_7 : Operation 1093 [1/1] (0.00ns)   --->   "%p_read_1070 = read i8 @_ssdm_op_Read.ap_auto.i8, i8 %p_read314" [src/ORB.cpp:41]   --->   Operation 1093 'read' 'p_read_1070' <Predicate = true> <Delay = 0.00>
ST_7 : Operation 1094 [1/1] (0.00ns)   --->   "%p_read_1071 = read i8 @_ssdm_op_Read.ap_auto.i8, i8 %p_read313" [src/ORB.cpp:41]   --->   Operation 1094 'read' 'p_read_1071' <Predicate = true> <Delay = 0.00>
ST_7 : Operation 1095 [1/1] (0.00ns)   --->   "%p_read_1072 = read i8 @_ssdm_op_Read.ap_auto.i8, i8 %p_read312" [src/ORB.cpp:41]   --->   Operation 1095 'read' 'p_read_1072' <Predicate = true> <Delay = 0.00>
ST_7 : Operation 1096 [1/1] (0.00ns)   --->   "%p_read_1073 = read i8 @_ssdm_op_Read.ap_auto.i8, i8 %p_read311" [src/ORB.cpp:41]   --->   Operation 1096 'read' 'p_read_1073' <Predicate = true> <Delay = 0.00>
ST_7 : Operation 1097 [1/1] (0.00ns)   --->   "%p_read_1074 = read i8 @_ssdm_op_Read.ap_auto.i8, i8 %p_read310" [src/ORB.cpp:41]   --->   Operation 1097 'read' 'p_read_1074' <Predicate = true> <Delay = 0.00>
ST_7 : Operation 1098 [1/1] (0.00ns)   --->   "%p_read_1075 = read i8 @_ssdm_op_Read.ap_auto.i8, i8 %p_read309" [src/ORB.cpp:41]   --->   Operation 1098 'read' 'p_read_1075' <Predicate = true> <Delay = 0.00>
ST_7 : Operation 1099 [1/1] (0.00ns)   --->   "%p_read_1076 = read i8 @_ssdm_op_Read.ap_auto.i8, i8 %p_read308" [src/ORB.cpp:41]   --->   Operation 1099 'read' 'p_read_1076' <Predicate = true> <Delay = 0.00>
ST_7 : Operation 1100 [1/1] (0.00ns)   --->   "%p_read_1077 = read i8 @_ssdm_op_Read.ap_auto.i8, i8 %p_read307" [src/ORB.cpp:41]   --->   Operation 1100 'read' 'p_read_1077' <Predicate = true> <Delay = 0.00>
ST_7 : Operation 1101 [1/1] (0.00ns)   --->   "%p_read_1078 = read i8 @_ssdm_op_Read.ap_auto.i8, i8 %p_read306" [src/ORB.cpp:41]   --->   Operation 1101 'read' 'p_read_1078' <Predicate = true> <Delay = 0.00>
ST_7 : Operation 1102 [1/1] (0.00ns)   --->   "%p_read_1079 = read i8 @_ssdm_op_Read.ap_auto.i8, i8 %p_read305" [src/ORB.cpp:41]   --->   Operation 1102 'read' 'p_read_1079' <Predicate = true> <Delay = 0.00>
ST_7 : Operation 1103 [1/1] (0.00ns)   --->   "%p_read_1080 = read i8 @_ssdm_op_Read.ap_auto.i8, i8 %p_read304" [src/ORB.cpp:41]   --->   Operation 1103 'read' 'p_read_1080' <Predicate = true> <Delay = 0.00>
ST_7 : Operation 1104 [1/1] (0.00ns)   --->   "%p_read_1081 = read i8 @_ssdm_op_Read.ap_auto.i8, i8 %p_read303" [src/ORB.cpp:41]   --->   Operation 1104 'read' 'p_read_1081' <Predicate = true> <Delay = 0.00>
ST_7 : Operation 1105 [1/1] (0.00ns)   --->   "%p_read_1082 = read i8 @_ssdm_op_Read.ap_auto.i8, i8 %p_read302" [src/ORB.cpp:41]   --->   Operation 1105 'read' 'p_read_1082' <Predicate = true> <Delay = 0.00>
ST_7 : Operation 1106 [1/1] (0.00ns)   --->   "%p_read_1083 = read i8 @_ssdm_op_Read.ap_auto.i8, i8 %p_read301" [src/ORB.cpp:41]   --->   Operation 1106 'read' 'p_read_1083' <Predicate = true> <Delay = 0.00>
ST_7 : Operation 1107 [1/1] (0.00ns)   --->   "%p_read_1084 = read i8 @_ssdm_op_Read.ap_auto.i8, i8 %p_read300" [src/ORB.cpp:41]   --->   Operation 1107 'read' 'p_read_1084' <Predicate = true> <Delay = 0.00>
ST_7 : Operation 1108 [1/1] (0.00ns)   --->   "%p_read_1085 = read i8 @_ssdm_op_Read.ap_auto.i8, i8 %p_read299" [src/ORB.cpp:41]   --->   Operation 1108 'read' 'p_read_1085' <Predicate = true> <Delay = 0.00>
ST_7 : Operation 1109 [1/1] (0.00ns)   --->   "%p_read_1086 = read i8 @_ssdm_op_Read.ap_auto.i8, i8 %p_read298" [src/ORB.cpp:41]   --->   Operation 1109 'read' 'p_read_1086' <Predicate = true> <Delay = 0.00>
ST_7 : Operation 1110 [1/1] (0.00ns)   --->   "%p_read_1087 = read i8 @_ssdm_op_Read.ap_auto.i8, i8 %p_read297" [src/ORB.cpp:41]   --->   Operation 1110 'read' 'p_read_1087' <Predicate = true> <Delay = 0.00>
ST_7 : Operation 1111 [1/1] (0.00ns)   --->   "%p_read_1088 = read i8 @_ssdm_op_Read.ap_auto.i8, i8 %p_read296" [src/ORB.cpp:41]   --->   Operation 1111 'read' 'p_read_1088' <Predicate = true> <Delay = 0.00>
ST_7 : Operation 1112 [1/1] (0.00ns)   --->   "%p_read_1089 = read i8 @_ssdm_op_Read.ap_auto.i8, i8 %p_read295" [src/ORB.cpp:41]   --->   Operation 1112 'read' 'p_read_1089' <Predicate = true> <Delay = 0.00>
ST_7 : Operation 1113 [1/1] (0.00ns)   --->   "%p_read_1090 = read i8 @_ssdm_op_Read.ap_auto.i8, i8 %p_read294" [src/ORB.cpp:41]   --->   Operation 1113 'read' 'p_read_1090' <Predicate = true> <Delay = 0.00>
ST_7 : Operation 1114 [1/1] (0.00ns)   --->   "%p_read_1091 = read i8 @_ssdm_op_Read.ap_auto.i8, i8 %p_read293" [src/ORB.cpp:41]   --->   Operation 1114 'read' 'p_read_1091' <Predicate = true> <Delay = 0.00>
ST_7 : Operation 1115 [1/1] (0.00ns)   --->   "%p_read_1092 = read i8 @_ssdm_op_Read.ap_auto.i8, i8 %p_read292" [src/ORB.cpp:41]   --->   Operation 1115 'read' 'p_read_1092' <Predicate = true> <Delay = 0.00>
ST_7 : Operation 1116 [1/1] (0.00ns)   --->   "%p_read_1093 = read i8 @_ssdm_op_Read.ap_auto.i8, i8 %p_read291" [src/ORB.cpp:41]   --->   Operation 1116 'read' 'p_read_1093' <Predicate = true> <Delay = 0.00>
ST_7 : Operation 1117 [1/1] (0.00ns)   --->   "%p_read_1094 = read i8 @_ssdm_op_Read.ap_auto.i8, i8 %p_read290" [src/ORB.cpp:41]   --->   Operation 1117 'read' 'p_read_1094' <Predicate = true> <Delay = 0.00>
ST_7 : Operation 1118 [1/1] (0.00ns)   --->   "%p_read_1095 = read i8 @_ssdm_op_Read.ap_auto.i8, i8 %p_read289" [src/ORB.cpp:41]   --->   Operation 1118 'read' 'p_read_1095' <Predicate = true> <Delay = 0.00>
ST_7 : Operation 1119 [1/1] (0.00ns)   --->   "%p_read_1096 = read i8 @_ssdm_op_Read.ap_auto.i8, i8 %p_read288" [src/ORB.cpp:41]   --->   Operation 1119 'read' 'p_read_1096' <Predicate = true> <Delay = 0.00>
ST_7 : Operation 1120 [1/1] (0.00ns)   --->   "%p_read_1097 = read i8 @_ssdm_op_Read.ap_auto.i8, i8 %p_read287" [src/ORB.cpp:41]   --->   Operation 1120 'read' 'p_read_1097' <Predicate = true> <Delay = 0.00>
ST_7 : Operation 1121 [1/1] (0.00ns)   --->   "%p_read_1098 = read i8 @_ssdm_op_Read.ap_auto.i8, i8 %p_read286" [src/ORB.cpp:41]   --->   Operation 1121 'read' 'p_read_1098' <Predicate = true> <Delay = 0.00>
ST_7 : Operation 1122 [1/1] (0.00ns)   --->   "%p_read_1099 = read i8 @_ssdm_op_Read.ap_auto.i8, i8 %p_read285" [src/ORB.cpp:41]   --->   Operation 1122 'read' 'p_read_1099' <Predicate = true> <Delay = 0.00>
ST_7 : Operation 1123 [1/1] (0.00ns)   --->   "%p_read_1100 = read i8 @_ssdm_op_Read.ap_auto.i8, i8 %p_read284" [src/ORB.cpp:41]   --->   Operation 1123 'read' 'p_read_1100' <Predicate = true> <Delay = 0.00>
ST_7 : Operation 1124 [1/1] (0.00ns)   --->   "%p_read_1101 = read i8 @_ssdm_op_Read.ap_auto.i8, i8 %p_read283" [src/ORB.cpp:41]   --->   Operation 1124 'read' 'p_read_1101' <Predicate = true> <Delay = 0.00>
ST_7 : Operation 1125 [1/1] (0.00ns)   --->   "%p_read_1102 = read i8 @_ssdm_op_Read.ap_auto.i8, i8 %p_read282" [src/ORB.cpp:41]   --->   Operation 1125 'read' 'p_read_1102' <Predicate = true> <Delay = 0.00>
ST_7 : Operation 1126 [1/1] (0.00ns)   --->   "%p_read_1103 = read i8 @_ssdm_op_Read.ap_auto.i8, i8 %p_read281" [src/ORB.cpp:41]   --->   Operation 1126 'read' 'p_read_1103' <Predicate = true> <Delay = 0.00>
ST_7 : Operation 1127 [1/1] (0.00ns)   --->   "%p_read_1104 = read i8 @_ssdm_op_Read.ap_auto.i8, i8 %p_read280" [src/ORB.cpp:41]   --->   Operation 1127 'read' 'p_read_1104' <Predicate = true> <Delay = 0.00>
ST_7 : Operation 1128 [1/1] (0.00ns)   --->   "%p_read_1105 = read i8 @_ssdm_op_Read.ap_auto.i8, i8 %p_read279" [src/ORB.cpp:41]   --->   Operation 1128 'read' 'p_read_1105' <Predicate = true> <Delay = 0.00>
ST_7 : Operation 1129 [1/1] (0.00ns)   --->   "%p_read_1106 = read i8 @_ssdm_op_Read.ap_auto.i8, i8 %p_read278" [src/ORB.cpp:41]   --->   Operation 1129 'read' 'p_read_1106' <Predicate = true> <Delay = 0.00>
ST_7 : Operation 1130 [1/1] (0.00ns)   --->   "%p_read_1107 = read i8 @_ssdm_op_Read.ap_auto.i8, i8 %p_read277" [src/ORB.cpp:41]   --->   Operation 1130 'read' 'p_read_1107' <Predicate = true> <Delay = 0.00>
ST_7 : Operation 1131 [1/1] (0.00ns)   --->   "%p_read_1108 = read i8 @_ssdm_op_Read.ap_auto.i8, i8 %p_read276" [src/ORB.cpp:41]   --->   Operation 1131 'read' 'p_read_1108' <Predicate = true> <Delay = 0.00>
ST_7 : Operation 1132 [1/1] (0.00ns)   --->   "%p_read_1109 = read i8 @_ssdm_op_Read.ap_auto.i8, i8 %p_read275" [src/ORB.cpp:41]   --->   Operation 1132 'read' 'p_read_1109' <Predicate = true> <Delay = 0.00>
ST_7 : Operation 1133 [1/1] (0.00ns)   --->   "%p_read_1110 = read i8 @_ssdm_op_Read.ap_auto.i8, i8 %p_read274" [src/ORB.cpp:41]   --->   Operation 1133 'read' 'p_read_1110' <Predicate = true> <Delay = 0.00>
ST_7 : Operation 1134 [1/1] (0.00ns)   --->   "%p_read_1111 = read i8 @_ssdm_op_Read.ap_auto.i8, i8 %p_read273" [src/ORB.cpp:41]   --->   Operation 1134 'read' 'p_read_1111' <Predicate = true> <Delay = 0.00>
ST_7 : Operation 1135 [1/1] (0.00ns)   --->   "%p_read_1112 = read i8 @_ssdm_op_Read.ap_auto.i8, i8 %p_read272" [src/ORB.cpp:41]   --->   Operation 1135 'read' 'p_read_1112' <Predicate = true> <Delay = 0.00>
ST_7 : Operation 1136 [1/1] (0.00ns)   --->   "%p_read_1113 = read i8 @_ssdm_op_Read.ap_auto.i8, i8 %p_read271" [src/ORB.cpp:41]   --->   Operation 1136 'read' 'p_read_1113' <Predicate = true> <Delay = 0.00>
ST_7 : Operation 1137 [1/1] (0.00ns)   --->   "%p_read_1114 = read i8 @_ssdm_op_Read.ap_auto.i8, i8 %p_read270" [src/ORB.cpp:41]   --->   Operation 1137 'read' 'p_read_1114' <Predicate = true> <Delay = 0.00>
ST_7 : Operation 1138 [1/1] (0.00ns)   --->   "%p_read_1115 = read i8 @_ssdm_op_Read.ap_auto.i8, i8 %p_read269" [src/ORB.cpp:41]   --->   Operation 1138 'read' 'p_read_1115' <Predicate = true> <Delay = 0.00>
ST_7 : Operation 1139 [1/1] (0.00ns)   --->   "%p_read_1116 = read i8 @_ssdm_op_Read.ap_auto.i8, i8 %p_read268" [src/ORB.cpp:41]   --->   Operation 1139 'read' 'p_read_1116' <Predicate = true> <Delay = 0.00>
ST_7 : Operation 1140 [1/1] (0.00ns)   --->   "%p_read_1117 = read i8 @_ssdm_op_Read.ap_auto.i8, i8 %p_read267" [src/ORB.cpp:41]   --->   Operation 1140 'read' 'p_read_1117' <Predicate = true> <Delay = 0.00>
ST_7 : Operation 1141 [1/1] (0.00ns)   --->   "%p_read_1118 = read i8 @_ssdm_op_Read.ap_auto.i8, i8 %p_read266" [src/ORB.cpp:41]   --->   Operation 1141 'read' 'p_read_1118' <Predicate = true> <Delay = 0.00>
ST_7 : Operation 1142 [1/1] (0.00ns)   --->   "%p_read_1119 = read i8 @_ssdm_op_Read.ap_auto.i8, i8 %p_read265" [src/ORB.cpp:41]   --->   Operation 1142 'read' 'p_read_1119' <Predicate = true> <Delay = 0.00>
ST_7 : Operation 1143 [1/1] (0.00ns)   --->   "%p_read_1120 = read i8 @_ssdm_op_Read.ap_auto.i8, i8 %p_read264" [src/ORB.cpp:41]   --->   Operation 1143 'read' 'p_read_1120' <Predicate = true> <Delay = 0.00>
ST_7 : Operation 1144 [1/1] (0.00ns)   --->   "%p_read_1121 = read i8 @_ssdm_op_Read.ap_auto.i8, i8 %p_read263" [src/ORB.cpp:41]   --->   Operation 1144 'read' 'p_read_1121' <Predicate = true> <Delay = 0.00>
ST_7 : Operation 1145 [1/1] (0.00ns)   --->   "%p_read_1122 = read i8 @_ssdm_op_Read.ap_auto.i8, i8 %p_read262" [src/ORB.cpp:41]   --->   Operation 1145 'read' 'p_read_1122' <Predicate = true> <Delay = 0.00>
ST_7 : Operation 1146 [1/1] (0.00ns)   --->   "%p_read_1123 = read i8 @_ssdm_op_Read.ap_auto.i8, i8 %p_read261" [src/ORB.cpp:41]   --->   Operation 1146 'read' 'p_read_1123' <Predicate = true> <Delay = 0.00>
ST_7 : Operation 1147 [1/1] (0.00ns)   --->   "%p_read_1124 = read i8 @_ssdm_op_Read.ap_auto.i8, i8 %p_read260" [src/ORB.cpp:41]   --->   Operation 1147 'read' 'p_read_1124' <Predicate = true> <Delay = 0.00>
ST_7 : Operation 1148 [1/1] (0.00ns)   --->   "%p_read_1125 = read i8 @_ssdm_op_Read.ap_auto.i8, i8 %p_read259" [src/ORB.cpp:41]   --->   Operation 1148 'read' 'p_read_1125' <Predicate = true> <Delay = 0.00>
ST_7 : Operation 1149 [1/1] (0.00ns)   --->   "%p_read_1126 = read i8 @_ssdm_op_Read.ap_auto.i8, i8 %p_read258" [src/ORB.cpp:41]   --->   Operation 1149 'read' 'p_read_1126' <Predicate = true> <Delay = 0.00>
ST_7 : Operation 1150 [1/1] (0.00ns)   --->   "%p_read_1127 = read i8 @_ssdm_op_Read.ap_auto.i8, i8 %p_read257" [src/ORB.cpp:41]   --->   Operation 1150 'read' 'p_read_1127' <Predicate = true> <Delay = 0.00>
ST_7 : Operation 1151 [1/1] (0.00ns)   --->   "%p_read_1128 = read i8 @_ssdm_op_Read.ap_auto.i8, i8 %p_read256" [src/ORB.cpp:41]   --->   Operation 1151 'read' 'p_read_1128' <Predicate = true> <Delay = 0.00>
ST_7 : Operation 1152 [1/1] (0.00ns)   --->   "%p_read_1129 = read i8 @_ssdm_op_Read.ap_auto.i8, i8 %p_read255" [src/ORB.cpp:41]   --->   Operation 1152 'read' 'p_read_1129' <Predicate = true> <Delay = 0.00>
ST_7 : Operation 1153 [1/1] (0.00ns)   --->   "%p_read_1130 = read i8 @_ssdm_op_Read.ap_auto.i8, i8 %p_read254" [src/ORB.cpp:41]   --->   Operation 1153 'read' 'p_read_1130' <Predicate = true> <Delay = 0.00>
ST_7 : Operation 1154 [1/1] (0.00ns)   --->   "%p_read_1131 = read i8 @_ssdm_op_Read.ap_auto.i8, i8 %p_read253" [src/ORB.cpp:41]   --->   Operation 1154 'read' 'p_read_1131' <Predicate = true> <Delay = 0.00>
ST_7 : Operation 1155 [1/1] (0.00ns)   --->   "%p_read_1132 = read i8 @_ssdm_op_Read.ap_auto.i8, i8 %p_read252" [src/ORB.cpp:41]   --->   Operation 1155 'read' 'p_read_1132' <Predicate = true> <Delay = 0.00>
ST_7 : Operation 1156 [1/1] (0.00ns)   --->   "%p_read_1133 = read i8 @_ssdm_op_Read.ap_auto.i8, i8 %p_read251" [src/ORB.cpp:41]   --->   Operation 1156 'read' 'p_read_1133' <Predicate = true> <Delay = 0.00>
ST_7 : Operation 1157 [1/1] (0.00ns)   --->   "%p_read_1134 = read i8 @_ssdm_op_Read.ap_auto.i8, i8 %p_read250" [src/ORB.cpp:41]   --->   Operation 1157 'read' 'p_read_1134' <Predicate = true> <Delay = 0.00>
ST_7 : Operation 1158 [1/1] (0.00ns)   --->   "%p_read_1135 = read i8 @_ssdm_op_Read.ap_auto.i8, i8 %p_read249" [src/ORB.cpp:41]   --->   Operation 1158 'read' 'p_read_1135' <Predicate = true> <Delay = 0.00>
ST_7 : Operation 1159 [1/1] (0.00ns)   --->   "%p_read_1136 = read i8 @_ssdm_op_Read.ap_auto.i8, i8 %p_read248" [src/ORB.cpp:41]   --->   Operation 1159 'read' 'p_read_1136' <Predicate = true> <Delay = 0.00>
ST_7 : Operation 1160 [1/1] (0.00ns)   --->   "%p_read_1137 = read i8 @_ssdm_op_Read.ap_auto.i8, i8 %p_read247" [src/ORB.cpp:41]   --->   Operation 1160 'read' 'p_read_1137' <Predicate = true> <Delay = 0.00>
ST_7 : Operation 1161 [1/1] (0.00ns)   --->   "%p_read_1138 = read i8 @_ssdm_op_Read.ap_auto.i8, i8 %p_read246" [src/ORB.cpp:41]   --->   Operation 1161 'read' 'p_read_1138' <Predicate = true> <Delay = 0.00>
ST_7 : Operation 1162 [1/1] (0.00ns)   --->   "%p_read_1139 = read i8 @_ssdm_op_Read.ap_auto.i8, i8 %p_read245" [src/ORB.cpp:41]   --->   Operation 1162 'read' 'p_read_1139' <Predicate = true> <Delay = 0.00>
ST_7 : Operation 1163 [1/1] (0.00ns)   --->   "%p_read_1140 = read i8 @_ssdm_op_Read.ap_auto.i8, i8 %p_read244" [src/ORB.cpp:41]   --->   Operation 1163 'read' 'p_read_1140' <Predicate = true> <Delay = 0.00>
ST_7 : Operation 1164 [1/1] (0.00ns)   --->   "%p_read_1141 = read i8 @_ssdm_op_Read.ap_auto.i8, i8 %p_read243" [src/ORB.cpp:41]   --->   Operation 1164 'read' 'p_read_1141' <Predicate = true> <Delay = 0.00>
ST_7 : Operation 1165 [1/1] (0.00ns)   --->   "%p_read_1142 = read i8 @_ssdm_op_Read.ap_auto.i8, i8 %p_read242" [src/ORB.cpp:41]   --->   Operation 1165 'read' 'p_read_1142' <Predicate = true> <Delay = 0.00>
ST_7 : Operation 1166 [1/1] (0.00ns)   --->   "%p_read_1143 = read i8 @_ssdm_op_Read.ap_auto.i8, i8 %p_read241" [src/ORB.cpp:41]   --->   Operation 1166 'read' 'p_read_1143' <Predicate = true> <Delay = 0.00>
ST_7 : Operation 1167 [1/1] (0.00ns)   --->   "%p_read_1144 = read i8 @_ssdm_op_Read.ap_auto.i8, i8 %p_read240" [src/ORB.cpp:41]   --->   Operation 1167 'read' 'p_read_1144' <Predicate = true> <Delay = 0.00>
ST_7 : Operation 1168 [1/1] (0.00ns)   --->   "%p_read_1145 = read i8 @_ssdm_op_Read.ap_auto.i8, i8 %p_read239" [src/ORB.cpp:41]   --->   Operation 1168 'read' 'p_read_1145' <Predicate = true> <Delay = 0.00>
ST_7 : Operation 1169 [1/1] (0.00ns)   --->   "%p_read_1146 = read i8 @_ssdm_op_Read.ap_auto.i8, i8 %p_read238" [src/ORB.cpp:41]   --->   Operation 1169 'read' 'p_read_1146' <Predicate = true> <Delay = 0.00>
ST_7 : Operation 1170 [1/1] (0.00ns)   --->   "%p_read_1147 = read i8 @_ssdm_op_Read.ap_auto.i8, i8 %p_read237" [src/ORB.cpp:41]   --->   Operation 1170 'read' 'p_read_1147' <Predicate = true> <Delay = 0.00>
ST_7 : Operation 1171 [1/1] (0.00ns)   --->   "%p_read_1148 = read i8 @_ssdm_op_Read.ap_auto.i8, i8 %p_read236" [src/ORB.cpp:41]   --->   Operation 1171 'read' 'p_read_1148' <Predicate = true> <Delay = 0.00>
ST_7 : Operation 1172 [1/1] (0.00ns)   --->   "%p_read_1149 = read i8 @_ssdm_op_Read.ap_auto.i8, i8 %p_read235" [src/ORB.cpp:41]   --->   Operation 1172 'read' 'p_read_1149' <Predicate = true> <Delay = 0.00>
ST_7 : Operation 1173 [1/1] (0.00ns)   --->   "%p_read_1150 = read i8 @_ssdm_op_Read.ap_auto.i8, i8 %p_read234" [src/ORB.cpp:41]   --->   Operation 1173 'read' 'p_read_1150' <Predicate = true> <Delay = 0.00>
ST_7 : Operation 1174 [1/1] (0.00ns)   --->   "%p_read_1151 = read i8 @_ssdm_op_Read.ap_auto.i8, i8 %p_read233" [src/ORB.cpp:41]   --->   Operation 1174 'read' 'p_read_1151' <Predicate = true> <Delay = 0.00>
ST_7 : Operation 1175 [1/1] (0.00ns)   --->   "%p_read_1152 = read i8 @_ssdm_op_Read.ap_auto.i8, i8 %p_read232" [src/ORB.cpp:41]   --->   Operation 1175 'read' 'p_read_1152' <Predicate = true> <Delay = 0.00>
ST_7 : Operation 1176 [1/1] (0.00ns)   --->   "%p_read_1153 = read i8 @_ssdm_op_Read.ap_auto.i8, i8 %p_read231" [src/ORB.cpp:41]   --->   Operation 1176 'read' 'p_read_1153' <Predicate = true> <Delay = 0.00>
ST_7 : Operation 1177 [1/1] (0.00ns)   --->   "%p_read_1154 = read i8 @_ssdm_op_Read.ap_auto.i8, i8 %p_read230" [src/ORB.cpp:41]   --->   Operation 1177 'read' 'p_read_1154' <Predicate = true> <Delay = 0.00>
ST_7 : Operation 1178 [1/1] (0.00ns)   --->   "%p_read_1155 = read i8 @_ssdm_op_Read.ap_auto.i8, i8 %p_read229" [src/ORB.cpp:41]   --->   Operation 1178 'read' 'p_read_1155' <Predicate = true> <Delay = 0.00>
ST_7 : Operation 1179 [1/1] (0.00ns)   --->   "%p_read_1156 = read i8 @_ssdm_op_Read.ap_auto.i8, i8 %p_read228" [src/ORB.cpp:41]   --->   Operation 1179 'read' 'p_read_1156' <Predicate = true> <Delay = 0.00>
ST_7 : Operation 1180 [1/1] (0.00ns)   --->   "%p_read_1157 = read i8 @_ssdm_op_Read.ap_auto.i8, i8 %p_read227" [src/ORB.cpp:41]   --->   Operation 1180 'read' 'p_read_1157' <Predicate = true> <Delay = 0.00>
ST_7 : Operation 1181 [1/1] (0.00ns)   --->   "%p_read_1158 = read i8 @_ssdm_op_Read.ap_auto.i8, i8 %p_read226" [src/ORB.cpp:41]   --->   Operation 1181 'read' 'p_read_1158' <Predicate = true> <Delay = 0.00>
ST_7 : Operation 1182 [1/1] (0.00ns)   --->   "%p_read_1159 = read i8 @_ssdm_op_Read.ap_auto.i8, i8 %p_read225" [src/ORB.cpp:41]   --->   Operation 1182 'read' 'p_read_1159' <Predicate = true> <Delay = 0.00>
ST_7 : Operation 1183 [1/1] (0.00ns)   --->   "%p_read_1160 = read i8 @_ssdm_op_Read.ap_auto.i8, i8 %p_read224" [src/ORB.cpp:41]   --->   Operation 1183 'read' 'p_read_1160' <Predicate = true> <Delay = 0.00>
ST_7 : Operation 1184 [1/1] (0.00ns)   --->   "%p_read_1161 = read i8 @_ssdm_op_Read.ap_auto.i8, i8 %p_read223" [src/ORB.cpp:41]   --->   Operation 1184 'read' 'p_read_1161' <Predicate = true> <Delay = 0.00>
ST_7 : Operation 1185 [1/1] (0.00ns)   --->   "%p_read_1162 = read i8 @_ssdm_op_Read.ap_auto.i8, i8 %p_read222" [src/ORB.cpp:41]   --->   Operation 1185 'read' 'p_read_1162' <Predicate = true> <Delay = 0.00>
ST_7 : Operation 1186 [1/1] (0.00ns)   --->   "%p_read_1163 = read i8 @_ssdm_op_Read.ap_auto.i8, i8 %p_read221" [src/ORB.cpp:41]   --->   Operation 1186 'read' 'p_read_1163' <Predicate = true> <Delay = 0.00>
ST_7 : Operation 1187 [1/1] (0.00ns)   --->   "%p_read_1164 = read i8 @_ssdm_op_Read.ap_auto.i8, i8 %p_read220" [src/ORB.cpp:41]   --->   Operation 1187 'read' 'p_read_1164' <Predicate = true> <Delay = 0.00>
ST_7 : Operation 1188 [1/1] (0.00ns)   --->   "%p_read_1165 = read i8 @_ssdm_op_Read.ap_auto.i8, i8 %p_read219" [src/ORB.cpp:41]   --->   Operation 1188 'read' 'p_read_1165' <Predicate = true> <Delay = 0.00>
ST_7 : Operation 1189 [1/1] (0.00ns)   --->   "%p_read_1166 = read i8 @_ssdm_op_Read.ap_auto.i8, i8 %p_read218" [src/ORB.cpp:41]   --->   Operation 1189 'read' 'p_read_1166' <Predicate = true> <Delay = 0.00>
ST_7 : Operation 1190 [1/1] (0.00ns)   --->   "%p_read_1167 = read i8 @_ssdm_op_Read.ap_auto.i8, i8 %p_read217" [src/ORB.cpp:41]   --->   Operation 1190 'read' 'p_read_1167' <Predicate = true> <Delay = 0.00>
ST_7 : Operation 1191 [1/1] (0.00ns)   --->   "%p_read_1168 = read i8 @_ssdm_op_Read.ap_auto.i8, i8 %p_read216" [src/ORB.cpp:41]   --->   Operation 1191 'read' 'p_read_1168' <Predicate = true> <Delay = 0.00>
ST_7 : Operation 1192 [1/1] (0.00ns)   --->   "%p_read_1169 = read i8 @_ssdm_op_Read.ap_auto.i8, i8 %p_read215" [src/ORB.cpp:41]   --->   Operation 1192 'read' 'p_read_1169' <Predicate = true> <Delay = 0.00>
ST_7 : Operation 1193 [1/1] (0.00ns)   --->   "%p_read_1170 = read i8 @_ssdm_op_Read.ap_auto.i8, i8 %p_read214" [src/ORB.cpp:41]   --->   Operation 1193 'read' 'p_read_1170' <Predicate = true> <Delay = 0.00>
ST_7 : Operation 1194 [1/1] (0.00ns)   --->   "%p_read_1171 = read i8 @_ssdm_op_Read.ap_auto.i8, i8 %p_read213" [src/ORB.cpp:41]   --->   Operation 1194 'read' 'p_read_1171' <Predicate = true> <Delay = 0.00>
ST_7 : Operation 1195 [1/1] (0.00ns)   --->   "%p_read_1172 = read i8 @_ssdm_op_Read.ap_auto.i8, i8 %p_read212" [src/ORB.cpp:41]   --->   Operation 1195 'read' 'p_read_1172' <Predicate = true> <Delay = 0.00>
ST_7 : Operation 1196 [1/1] (0.00ns)   --->   "%p_read_1173 = read i8 @_ssdm_op_Read.ap_auto.i8, i8 %p_read211" [src/ORB.cpp:41]   --->   Operation 1196 'read' 'p_read_1173' <Predicate = true> <Delay = 0.00>
ST_7 : Operation 1197 [1/1] (0.00ns)   --->   "%p_read_1174 = read i8 @_ssdm_op_Read.ap_auto.i8, i8 %p_read210" [src/ORB.cpp:41]   --->   Operation 1197 'read' 'p_read_1174' <Predicate = true> <Delay = 0.00>
ST_7 : Operation 1198 [1/1] (0.00ns)   --->   "%p_read_1175 = read i8 @_ssdm_op_Read.ap_auto.i8, i8 %p_read209" [src/ORB.cpp:41]   --->   Operation 1198 'read' 'p_read_1175' <Predicate = true> <Delay = 0.00>
ST_7 : Operation 1199 [1/1] (0.00ns)   --->   "%p_read_1176 = read i8 @_ssdm_op_Read.ap_auto.i8, i8 %p_read208" [src/ORB.cpp:41]   --->   Operation 1199 'read' 'p_read_1176' <Predicate = true> <Delay = 0.00>
ST_7 : Operation 1200 [1/1] (0.00ns)   --->   "%p_read_1177 = read i8 @_ssdm_op_Read.ap_auto.i8, i8 %p_read207" [src/ORB.cpp:41]   --->   Operation 1200 'read' 'p_read_1177' <Predicate = true> <Delay = 0.00>
ST_7 : Operation 1201 [1/1] (0.00ns)   --->   "%p_read_1178 = read i8 @_ssdm_op_Read.ap_auto.i8, i8 %p_read206" [src/ORB.cpp:41]   --->   Operation 1201 'read' 'p_read_1178' <Predicate = true> <Delay = 0.00>
ST_7 : Operation 1202 [1/1] (0.00ns)   --->   "%p_read_1179 = read i8 @_ssdm_op_Read.ap_auto.i8, i8 %p_read205" [src/ORB.cpp:41]   --->   Operation 1202 'read' 'p_read_1179' <Predicate = true> <Delay = 0.00>
ST_7 : Operation 1203 [1/1] (0.00ns)   --->   "%p_read_1180 = read i8 @_ssdm_op_Read.ap_auto.i8, i8 %p_read204" [src/ORB.cpp:41]   --->   Operation 1203 'read' 'p_read_1180' <Predicate = true> <Delay = 0.00>
ST_7 : Operation 1204 [1/1] (0.00ns)   --->   "%p_read_1181 = read i8 @_ssdm_op_Read.ap_auto.i8, i8 %p_read203" [src/ORB.cpp:41]   --->   Operation 1204 'read' 'p_read_1181' <Predicate = true> <Delay = 0.00>
ST_7 : Operation 1205 [1/1] (0.00ns)   --->   "%p_read_1182 = read i8 @_ssdm_op_Read.ap_auto.i8, i8 %p_read202" [src/ORB.cpp:41]   --->   Operation 1205 'read' 'p_read_1182' <Predicate = true> <Delay = 0.00>
ST_7 : Operation 1206 [1/1] (0.00ns)   --->   "%p_read_1183 = read i8 @_ssdm_op_Read.ap_auto.i8, i8 %p_read201" [src/ORB.cpp:41]   --->   Operation 1206 'read' 'p_read_1183' <Predicate = true> <Delay = 0.00>
ST_7 : Operation 1207 [1/1] (0.00ns)   --->   "%p_read_1184 = read i8 @_ssdm_op_Read.ap_auto.i8, i8 %p_read200" [src/ORB.cpp:41]   --->   Operation 1207 'read' 'p_read_1184' <Predicate = true> <Delay = 0.00>
ST_7 : Operation 1208 [1/1] (0.00ns)   --->   "%p_read_1185 = read i8 @_ssdm_op_Read.ap_auto.i8, i8 %p_read199" [src/ORB.cpp:41]   --->   Operation 1208 'read' 'p_read_1185' <Predicate = true> <Delay = 0.00>
ST_7 : Operation 1209 [1/1] (0.00ns)   --->   "%p_read_1186 = read i8 @_ssdm_op_Read.ap_auto.i8, i8 %p_read198" [src/ORB.cpp:41]   --->   Operation 1209 'read' 'p_read_1186' <Predicate = true> <Delay = 0.00>
ST_7 : Operation 1210 [1/1] (0.00ns)   --->   "%p_read_1187 = read i8 @_ssdm_op_Read.ap_auto.i8, i8 %p_read197" [src/ORB.cpp:41]   --->   Operation 1210 'read' 'p_read_1187' <Predicate = true> <Delay = 0.00>
ST_7 : Operation 1211 [1/1] (0.00ns)   --->   "%p_read_1188 = read i8 @_ssdm_op_Read.ap_auto.i8, i8 %p_read196" [src/ORB.cpp:41]   --->   Operation 1211 'read' 'p_read_1188' <Predicate = true> <Delay = 0.00>
ST_7 : Operation 1212 [1/1] (0.00ns)   --->   "%p_read_1189 = read i8 @_ssdm_op_Read.ap_auto.i8, i8 %p_read195" [src/ORB.cpp:41]   --->   Operation 1212 'read' 'p_read_1189' <Predicate = true> <Delay = 0.00>
ST_7 : Operation 1213 [1/1] (0.00ns)   --->   "%p_read_1190 = read i8 @_ssdm_op_Read.ap_auto.i8, i8 %p_read194" [src/ORB.cpp:41]   --->   Operation 1213 'read' 'p_read_1190' <Predicate = true> <Delay = 0.00>
ST_7 : Operation 1214 [1/1] (0.00ns)   --->   "%p_read_1191 = read i8 @_ssdm_op_Read.ap_auto.i8, i8 %p_read193" [src/ORB.cpp:41]   --->   Operation 1214 'read' 'p_read_1191' <Predicate = true> <Delay = 0.00>
ST_7 : Operation 1215 [1/1] (0.00ns)   --->   "%p_read_1192 = read i8 @_ssdm_op_Read.ap_auto.i8, i8 %p_read192" [src/ORB.cpp:41]   --->   Operation 1215 'read' 'p_read_1192' <Predicate = true> <Delay = 0.00>
ST_7 : Operation 1216 [1/1] (0.00ns)   --->   "%p_read_1193 = read i8 @_ssdm_op_Read.ap_auto.i8, i8 %p_read191" [src/ORB.cpp:41]   --->   Operation 1216 'read' 'p_read_1193' <Predicate = true> <Delay = 0.00>
ST_7 : Operation 1217 [1/1] (0.00ns)   --->   "%p_read_1194 = read i8 @_ssdm_op_Read.ap_auto.i8, i8 %p_read190" [src/ORB.cpp:41]   --->   Operation 1217 'read' 'p_read_1194' <Predicate = true> <Delay = 0.00>
ST_7 : Operation 1218 [1/1] (0.00ns)   --->   "%p_read_1195 = read i8 @_ssdm_op_Read.ap_auto.i8, i8 %p_read189" [src/ORB.cpp:41]   --->   Operation 1218 'read' 'p_read_1195' <Predicate = true> <Delay = 0.00>
ST_7 : Operation 1219 [1/1] (0.00ns)   --->   "%p_read_1196 = read i8 @_ssdm_op_Read.ap_auto.i8, i8 %p_read188" [src/ORB.cpp:41]   --->   Operation 1219 'read' 'p_read_1196' <Predicate = true> <Delay = 0.00>
ST_7 : Operation 1220 [1/1] (0.00ns)   --->   "%p_read_1197 = read i8 @_ssdm_op_Read.ap_auto.i8, i8 %p_read187" [src/ORB.cpp:41]   --->   Operation 1220 'read' 'p_read_1197' <Predicate = true> <Delay = 0.00>
ST_7 : Operation 1221 [1/1] (0.00ns)   --->   "%p_read_1198 = read i8 @_ssdm_op_Read.ap_auto.i8, i8 %p_read186" [src/ORB.cpp:41]   --->   Operation 1221 'read' 'p_read_1198' <Predicate = true> <Delay = 0.00>
ST_7 : Operation 1222 [1/1] (0.00ns)   --->   "%p_read_1199 = read i8 @_ssdm_op_Read.ap_auto.i8, i8 %p_read185" [src/ORB.cpp:41]   --->   Operation 1222 'read' 'p_read_1199' <Predicate = true> <Delay = 0.00>
ST_7 : Operation 1223 [1/1] (0.00ns)   --->   "%p_read_1200 = read i8 @_ssdm_op_Read.ap_auto.i8, i8 %p_read184" [src/ORB.cpp:41]   --->   Operation 1223 'read' 'p_read_1200' <Predicate = true> <Delay = 0.00>
ST_7 : Operation 1224 [1/1] (0.00ns)   --->   "%p_read_1201 = read i8 @_ssdm_op_Read.ap_auto.i8, i8 %p_read183" [src/ORB.cpp:41]   --->   Operation 1224 'read' 'p_read_1201' <Predicate = true> <Delay = 0.00>
ST_7 : Operation 1225 [1/1] (0.00ns)   --->   "%p_read_1202 = read i8 @_ssdm_op_Read.ap_auto.i8, i8 %p_read182" [src/ORB.cpp:41]   --->   Operation 1225 'read' 'p_read_1202' <Predicate = true> <Delay = 0.00>
ST_7 : Operation 1226 [1/1] (0.00ns)   --->   "%p_read_1203 = read i8 @_ssdm_op_Read.ap_auto.i8, i8 %p_read181" [src/ORB.cpp:41]   --->   Operation 1226 'read' 'p_read_1203' <Predicate = true> <Delay = 0.00>
ST_7 : Operation 1227 [1/1] (0.00ns)   --->   "%p_read_1204 = read i8 @_ssdm_op_Read.ap_auto.i8, i8 %p_read180" [src/ORB.cpp:41]   --->   Operation 1227 'read' 'p_read_1204' <Predicate = true> <Delay = 0.00>
ST_7 : Operation 1228 [1/1] (0.00ns)   --->   "%p_read_1205 = read i8 @_ssdm_op_Read.ap_auto.i8, i8 %p_read179" [src/ORB.cpp:41]   --->   Operation 1228 'read' 'p_read_1205' <Predicate = true> <Delay = 0.00>
ST_7 : Operation 1229 [1/1] (0.00ns)   --->   "%p_read_1206 = read i8 @_ssdm_op_Read.ap_auto.i8, i8 %p_read178" [src/ORB.cpp:41]   --->   Operation 1229 'read' 'p_read_1206' <Predicate = true> <Delay = 0.00>
ST_7 : Operation 1230 [1/1] (0.00ns)   --->   "%p_read_1207 = read i8 @_ssdm_op_Read.ap_auto.i8, i8 %p_read177" [src/ORB.cpp:41]   --->   Operation 1230 'read' 'p_read_1207' <Predicate = true> <Delay = 0.00>
ST_7 : Operation 1231 [1/1] (0.00ns)   --->   "%p_read_1208 = read i8 @_ssdm_op_Read.ap_auto.i8, i8 %p_read176" [src/ORB.cpp:41]   --->   Operation 1231 'read' 'p_read_1208' <Predicate = true> <Delay = 0.00>
ST_7 : Operation 1232 [1/1] (0.00ns)   --->   "%p_read_1209 = read i8 @_ssdm_op_Read.ap_auto.i8, i8 %p_read175" [src/ORB.cpp:41]   --->   Operation 1232 'read' 'p_read_1209' <Predicate = true> <Delay = 0.00>
ST_7 : Operation 1233 [1/1] (0.00ns)   --->   "%p_read_1210 = read i8 @_ssdm_op_Read.ap_auto.i8, i8 %p_read174" [src/ORB.cpp:41]   --->   Operation 1233 'read' 'p_read_1210' <Predicate = true> <Delay = 0.00>
ST_7 : Operation 1234 [1/1] (0.00ns)   --->   "%p_read_1211 = read i8 @_ssdm_op_Read.ap_auto.i8, i8 %p_read173" [src/ORB.cpp:41]   --->   Operation 1234 'read' 'p_read_1211' <Predicate = true> <Delay = 0.00>
ST_7 : Operation 1235 [1/1] (0.00ns)   --->   "%p_read_1212 = read i8 @_ssdm_op_Read.ap_auto.i8, i8 %p_read172" [src/ORB.cpp:41]   --->   Operation 1235 'read' 'p_read_1212' <Predicate = true> <Delay = 0.00>
ST_7 : Operation 1236 [1/1] (0.00ns)   --->   "%p_read_1213 = read i8 @_ssdm_op_Read.ap_auto.i8, i8 %p_read171" [src/ORB.cpp:41]   --->   Operation 1236 'read' 'p_read_1213' <Predicate = true> <Delay = 0.00>
ST_7 : Operation 1237 [1/1] (0.00ns)   --->   "%p_read_1214 = read i8 @_ssdm_op_Read.ap_auto.i8, i8 %p_read170" [src/ORB.cpp:41]   --->   Operation 1237 'read' 'p_read_1214' <Predicate = true> <Delay = 0.00>
ST_7 : Operation 1238 [1/1] (0.00ns)   --->   "%p_read_1215 = read i8 @_ssdm_op_Read.ap_auto.i8, i8 %p_read169" [src/ORB.cpp:41]   --->   Operation 1238 'read' 'p_read_1215' <Predicate = true> <Delay = 0.00>
ST_7 : Operation 1239 [1/1] (0.00ns)   --->   "%p_read_1216 = read i8 @_ssdm_op_Read.ap_auto.i8, i8 %p_read168" [src/ORB.cpp:41]   --->   Operation 1239 'read' 'p_read_1216' <Predicate = true> <Delay = 0.00>
ST_7 : Operation 1240 [1/1] (0.00ns)   --->   "%p_read_1217 = read i8 @_ssdm_op_Read.ap_auto.i8, i8 %p_read167" [src/ORB.cpp:41]   --->   Operation 1240 'read' 'p_read_1217' <Predicate = true> <Delay = 0.00>
ST_7 : Operation 1241 [1/1] (0.00ns)   --->   "%p_read_1218 = read i8 @_ssdm_op_Read.ap_auto.i8, i8 %p_read166" [src/ORB.cpp:41]   --->   Operation 1241 'read' 'p_read_1218' <Predicate = true> <Delay = 0.00>
ST_7 : Operation 1242 [1/1] (0.00ns)   --->   "%p_read_1219 = read i8 @_ssdm_op_Read.ap_auto.i8, i8 %p_read165" [src/ORB.cpp:41]   --->   Operation 1242 'read' 'p_read_1219' <Predicate = true> <Delay = 0.00>
ST_7 : Operation 1243 [1/1] (0.00ns)   --->   "%p_read_1220 = read i8 @_ssdm_op_Read.ap_auto.i8, i8 %p_read164" [src/ORB.cpp:41]   --->   Operation 1243 'read' 'p_read_1220' <Predicate = true> <Delay = 0.00>
ST_7 : Operation 1244 [1/1] (0.00ns)   --->   "%p_read_1221 = read i8 @_ssdm_op_Read.ap_auto.i8, i8 %p_read163" [src/ORB.cpp:41]   --->   Operation 1244 'read' 'p_read_1221' <Predicate = true> <Delay = 0.00>
ST_7 : Operation 1245 [1/1] (0.00ns)   --->   "%p_read_1222 = read i8 @_ssdm_op_Read.ap_auto.i8, i8 %p_read162" [src/ORB.cpp:41]   --->   Operation 1245 'read' 'p_read_1222' <Predicate = true> <Delay = 0.00>
ST_7 : Operation 1246 [1/1] (0.00ns)   --->   "%p_read_1223 = read i8 @_ssdm_op_Read.ap_auto.i8, i8 %p_read161" [src/ORB.cpp:41]   --->   Operation 1246 'read' 'p_read_1223' <Predicate = true> <Delay = 0.00>
ST_7 : Operation 1247 [1/1] (0.00ns)   --->   "%p_read_1224 = read i8 @_ssdm_op_Read.ap_auto.i8, i8 %p_read160" [src/ORB.cpp:41]   --->   Operation 1247 'read' 'p_read_1224' <Predicate = true> <Delay = 0.00>
ST_7 : Operation 1248 [1/1] (0.00ns)   --->   "%p_read_1225 = read i8 @_ssdm_op_Read.ap_auto.i8, i8 %p_read159" [src/ORB.cpp:41]   --->   Operation 1248 'read' 'p_read_1225' <Predicate = true> <Delay = 0.00>
ST_7 : Operation 1249 [1/1] (0.00ns)   --->   "%p_read_1226 = read i8 @_ssdm_op_Read.ap_auto.i8, i8 %p_read158" [src/ORB.cpp:41]   --->   Operation 1249 'read' 'p_read_1226' <Predicate = true> <Delay = 0.00>
ST_7 : Operation 1250 [1/1] (0.00ns)   --->   "%p_read_1227 = read i8 @_ssdm_op_Read.ap_auto.i8, i8 %p_read157" [src/ORB.cpp:41]   --->   Operation 1250 'read' 'p_read_1227' <Predicate = true> <Delay = 0.00>
ST_7 : Operation 1251 [1/1] (0.00ns)   --->   "%p_read_1228 = read i8 @_ssdm_op_Read.ap_auto.i8, i8 %p_read156" [src/ORB.cpp:41]   --->   Operation 1251 'read' 'p_read_1228' <Predicate = true> <Delay = 0.00>
ST_7 : Operation 1252 [1/1] (0.00ns)   --->   "%p_read_1229 = read i8 @_ssdm_op_Read.ap_auto.i8, i8 %p_read155" [src/ORB.cpp:41]   --->   Operation 1252 'read' 'p_read_1229' <Predicate = true> <Delay = 0.00>
ST_7 : Operation 1253 [1/1] (0.00ns)   --->   "%p_read_1230 = read i8 @_ssdm_op_Read.ap_auto.i8, i8 %p_read154" [src/ORB.cpp:41]   --->   Operation 1253 'read' 'p_read_1230' <Predicate = true> <Delay = 0.00>
ST_7 : Operation 1254 [1/1] (0.00ns)   --->   "%p_read_1231 = read i8 @_ssdm_op_Read.ap_auto.i8, i8 %p_read153" [src/ORB.cpp:41]   --->   Operation 1254 'read' 'p_read_1231' <Predicate = true> <Delay = 0.00>
ST_7 : Operation 1255 [1/1] (0.00ns)   --->   "%p_read_1232 = read i8 @_ssdm_op_Read.ap_auto.i8, i8 %p_read152" [src/ORB.cpp:41]   --->   Operation 1255 'read' 'p_read_1232' <Predicate = true> <Delay = 0.00>
ST_7 : Operation 1256 [1/1] (0.00ns)   --->   "%p_read_1233 = read i8 @_ssdm_op_Read.ap_auto.i8, i8 %p_read151" [src/ORB.cpp:41]   --->   Operation 1256 'read' 'p_read_1233' <Predicate = true> <Delay = 0.00>
ST_7 : Operation 1257 [1/1] (0.00ns)   --->   "%p_read_1234 = read i8 @_ssdm_op_Read.ap_auto.i8, i8 %p_read150" [src/ORB.cpp:41]   --->   Operation 1257 'read' 'p_read_1234' <Predicate = true> <Delay = 0.00>
ST_7 : Operation 1258 [1/1] (0.00ns)   --->   "%p_read_1235 = read i8 @_ssdm_op_Read.ap_auto.i8, i8 %p_read149" [src/ORB.cpp:41]   --->   Operation 1258 'read' 'p_read_1235' <Predicate = true> <Delay = 0.00>
ST_7 : Operation 1259 [1/1] (0.00ns)   --->   "%p_read_1236 = read i8 @_ssdm_op_Read.ap_auto.i8, i8 %p_read148" [src/ORB.cpp:41]   --->   Operation 1259 'read' 'p_read_1236' <Predicate = true> <Delay = 0.00>
ST_7 : Operation 1260 [1/1] (0.00ns)   --->   "%p_read_1237 = read i8 @_ssdm_op_Read.ap_auto.i8, i8 %p_read147" [src/ORB.cpp:41]   --->   Operation 1260 'read' 'p_read_1237' <Predicate = true> <Delay = 0.00>
ST_7 : Operation 1261 [1/1] (0.00ns)   --->   "%p_read_1238 = read i8 @_ssdm_op_Read.ap_auto.i8, i8 %p_read146" [src/ORB.cpp:41]   --->   Operation 1261 'read' 'p_read_1238' <Predicate = true> <Delay = 0.00>
ST_7 : Operation 1262 [1/1] (0.00ns)   --->   "%p_read_1239 = read i8 @_ssdm_op_Read.ap_auto.i8, i8 %p_read145" [src/ORB.cpp:41]   --->   Operation 1262 'read' 'p_read_1239' <Predicate = true> <Delay = 0.00>
ST_7 : Operation 1263 [1/1] (0.00ns)   --->   "%p_read_1240 = read i8 @_ssdm_op_Read.ap_auto.i8, i8 %p_read144" [src/ORB.cpp:41]   --->   Operation 1263 'read' 'p_read_1240' <Predicate = true> <Delay = 0.00>
ST_7 : Operation 1264 [1/1] (0.00ns)   --->   "%p_read_1241 = read i8 @_ssdm_op_Read.ap_auto.i8, i8 %p_read143" [src/ORB.cpp:41]   --->   Operation 1264 'read' 'p_read_1241' <Predicate = true> <Delay = 0.00>
ST_7 : Operation 1265 [1/1] (0.00ns)   --->   "%p_read_1242 = read i8 @_ssdm_op_Read.ap_auto.i8, i8 %p_read142" [src/ORB.cpp:41]   --->   Operation 1265 'read' 'p_read_1242' <Predicate = true> <Delay = 0.00>
ST_7 : Operation 1266 [1/1] (0.00ns)   --->   "%p_read_1243 = read i8 @_ssdm_op_Read.ap_auto.i8, i8 %p_read141" [src/ORB.cpp:41]   --->   Operation 1266 'read' 'p_read_1243' <Predicate = true> <Delay = 0.00>
ST_7 : Operation 1267 [1/1] (0.00ns)   --->   "%p_read_1244 = read i8 @_ssdm_op_Read.ap_auto.i8, i8 %p_read140" [src/ORB.cpp:41]   --->   Operation 1267 'read' 'p_read_1244' <Predicate = true> <Delay = 0.00>
ST_7 : Operation 1268 [1/1] (0.00ns)   --->   "%p_read_1245 = read i8 @_ssdm_op_Read.ap_auto.i8, i8 %p_read139" [src/ORB.cpp:41]   --->   Operation 1268 'read' 'p_read_1245' <Predicate = true> <Delay = 0.00>
ST_7 : Operation 1269 [1/1] (0.00ns)   --->   "%p_read_1246 = read i8 @_ssdm_op_Read.ap_auto.i8, i8 %p_read138" [src/ORB.cpp:41]   --->   Operation 1269 'read' 'p_read_1246' <Predicate = true> <Delay = 0.00>
ST_7 : Operation 1270 [1/1] (0.00ns)   --->   "%p_read_1247 = read i8 @_ssdm_op_Read.ap_auto.i8, i8 %p_read137" [src/ORB.cpp:41]   --->   Operation 1270 'read' 'p_read_1247' <Predicate = true> <Delay = 0.00>
ST_7 : Operation 1271 [1/1] (0.00ns)   --->   "%p_read_1248 = read i8 @_ssdm_op_Read.ap_auto.i8, i8 %p_read136" [src/ORB.cpp:41]   --->   Operation 1271 'read' 'p_read_1248' <Predicate = true> <Delay = 0.00>
ST_7 : Operation 1272 [1/1] (0.00ns)   --->   "%p_read_1249 = read i8 @_ssdm_op_Read.ap_auto.i8, i8 %p_read135" [src/ORB.cpp:41]   --->   Operation 1272 'read' 'p_read_1249' <Predicate = true> <Delay = 0.00>
ST_7 : Operation 1273 [1/1] (0.00ns)   --->   "%p_read_1250 = read i8 @_ssdm_op_Read.ap_auto.i8, i8 %p_read134" [src/ORB.cpp:41]   --->   Operation 1273 'read' 'p_read_1250' <Predicate = true> <Delay = 0.00>
ST_7 : Operation 1274 [1/1] (0.00ns)   --->   "%p_read_1251 = read i8 @_ssdm_op_Read.ap_auto.i8, i8 %p_read133" [src/ORB.cpp:41]   --->   Operation 1274 'read' 'p_read_1251' <Predicate = true> <Delay = 0.00>
ST_7 : Operation 1275 [1/1] (0.00ns)   --->   "%p_read_1252 = read i8 @_ssdm_op_Read.ap_auto.i8, i8 %p_read132" [src/ORB.cpp:41]   --->   Operation 1275 'read' 'p_read_1252' <Predicate = true> <Delay = 0.00>
ST_7 : Operation 1276 [1/1] (0.00ns)   --->   "%p_read_1253 = read i8 @_ssdm_op_Read.ap_auto.i8, i8 %p_read131" [src/ORB.cpp:41]   --->   Operation 1276 'read' 'p_read_1253' <Predicate = true> <Delay = 0.00>
ST_7 : Operation 1277 [1/1] (0.00ns)   --->   "%p_read_1254 = read i8 @_ssdm_op_Read.ap_auto.i8, i8 %p_read130" [src/ORB.cpp:41]   --->   Operation 1277 'read' 'p_read_1254' <Predicate = true> <Delay = 0.00>
ST_7 : Operation 1278 [1/1] (0.00ns)   --->   "%p_read_1255 = read i8 @_ssdm_op_Read.ap_auto.i8, i8 %p_read129" [src/ORB.cpp:41]   --->   Operation 1278 'read' 'p_read_1255' <Predicate = true> <Delay = 0.00>
ST_7 : Operation 1279 [1/1] (0.00ns)   --->   "%p_read_1256 = read i8 @_ssdm_op_Read.ap_auto.i8, i8 %p_read128" [src/ORB.cpp:41]   --->   Operation 1279 'read' 'p_read_1256' <Predicate = true> <Delay = 0.00>
ST_7 : Operation 1280 [1/1] (0.00ns)   --->   "%p_read_1257 = read i8 @_ssdm_op_Read.ap_auto.i8, i8 %p_read127" [src/ORB.cpp:41]   --->   Operation 1280 'read' 'p_read_1257' <Predicate = true> <Delay = 0.00>
ST_7 : Operation 1281 [1/1] (0.00ns)   --->   "%p_read_1258 = read i8 @_ssdm_op_Read.ap_auto.i8, i8 %p_read126" [src/ORB.cpp:41]   --->   Operation 1281 'read' 'p_read_1258' <Predicate = true> <Delay = 0.00>
ST_7 : Operation 1282 [1/1] (0.00ns)   --->   "%p_read_1259 = read i8 @_ssdm_op_Read.ap_auto.i8, i8 %p_read125" [src/ORB.cpp:41]   --->   Operation 1282 'read' 'p_read_1259' <Predicate = true> <Delay = 0.00>
ST_7 : Operation 1283 [1/1] (0.00ns)   --->   "%p_read_1260 = read i8 @_ssdm_op_Read.ap_auto.i8, i8 %p_read124" [src/ORB.cpp:41]   --->   Operation 1283 'read' 'p_read_1260' <Predicate = true> <Delay = 0.00>
ST_7 : Operation 1284 [1/1] (0.00ns)   --->   "%p_read_1261 = read i8 @_ssdm_op_Read.ap_auto.i8, i8 %p_read123" [src/ORB.cpp:41]   --->   Operation 1284 'read' 'p_read_1261' <Predicate = true> <Delay = 0.00>
ST_7 : Operation 1285 [1/1] (0.00ns)   --->   "%p_read_1262 = read i8 @_ssdm_op_Read.ap_auto.i8, i8 %p_read122" [src/ORB.cpp:41]   --->   Operation 1285 'read' 'p_read_1262' <Predicate = true> <Delay = 0.00>
ST_7 : Operation 1286 [1/1] (0.00ns)   --->   "%p_read_1263 = read i8 @_ssdm_op_Read.ap_auto.i8, i8 %p_read121" [src/ORB.cpp:41]   --->   Operation 1286 'read' 'p_read_1263' <Predicate = true> <Delay = 0.00>
ST_7 : Operation 1287 [1/1] (0.00ns)   --->   "%p_read_1264 = read i8 @_ssdm_op_Read.ap_auto.i8, i8 %p_read120" [src/ORB.cpp:41]   --->   Operation 1287 'read' 'p_read_1264' <Predicate = true> <Delay = 0.00>
ST_7 : Operation 1288 [1/1] (0.00ns)   --->   "%p_read_1265 = read i8 @_ssdm_op_Read.ap_auto.i8, i8 %p_read119" [src/ORB.cpp:41]   --->   Operation 1288 'read' 'p_read_1265' <Predicate = true> <Delay = 0.00>
ST_7 : Operation 1289 [1/1] (0.00ns)   --->   "%p_read_1266 = read i8 @_ssdm_op_Read.ap_auto.i8, i8 %p_read118" [src/ORB.cpp:41]   --->   Operation 1289 'read' 'p_read_1266' <Predicate = true> <Delay = 0.00>
ST_7 : Operation 1290 [1/1] (0.00ns)   --->   "%p_read_1267 = read i8 @_ssdm_op_Read.ap_auto.i8, i8 %p_read117" [src/ORB.cpp:41]   --->   Operation 1290 'read' 'p_read_1267' <Predicate = true> <Delay = 0.00>
ST_7 : Operation 1291 [1/1] (0.00ns)   --->   "%p_read_1268 = read i8 @_ssdm_op_Read.ap_auto.i8, i8 %p_read116" [src/ORB.cpp:41]   --->   Operation 1291 'read' 'p_read_1268' <Predicate = true> <Delay = 0.00>
ST_7 : Operation 1292 [1/1] (0.00ns)   --->   "%p_read_1269 = read i8 @_ssdm_op_Read.ap_auto.i8, i8 %p_read115" [src/ORB.cpp:41]   --->   Operation 1292 'read' 'p_read_1269' <Predicate = true> <Delay = 0.00>
ST_7 : Operation 1293 [1/1] (0.00ns)   --->   "%p_read_1270 = read i8 @_ssdm_op_Read.ap_auto.i8, i8 %p_read114" [src/ORB.cpp:41]   --->   Operation 1293 'read' 'p_read_1270' <Predicate = true> <Delay = 0.00>
ST_7 : Operation 1294 [1/1] (0.00ns)   --->   "%p_read_1271 = read i8 @_ssdm_op_Read.ap_auto.i8, i8 %p_read113" [src/ORB.cpp:41]   --->   Operation 1294 'read' 'p_read_1271' <Predicate = true> <Delay = 0.00>
ST_7 : Operation 1295 [1/1] (0.00ns)   --->   "%p_read_1272 = read i8 @_ssdm_op_Read.ap_auto.i8, i8 %p_read112" [src/ORB.cpp:41]   --->   Operation 1295 'read' 'p_read_1272' <Predicate = true> <Delay = 0.00>
ST_7 : Operation 1296 [1/1] (0.00ns)   --->   "%p_read_1273 = read i8 @_ssdm_op_Read.ap_auto.i8, i8 %p_read111" [src/ORB.cpp:41]   --->   Operation 1296 'read' 'p_read_1273' <Predicate = true> <Delay = 0.00>
ST_7 : Operation 1297 [1/1] (0.00ns)   --->   "%p_read_1274 = read i8 @_ssdm_op_Read.ap_auto.i8, i8 %p_read110" [src/ORB.cpp:41]   --->   Operation 1297 'read' 'p_read_1274' <Predicate = true> <Delay = 0.00>
ST_7 : Operation 1298 [1/1] (0.00ns)   --->   "%p_read_1275 = read i8 @_ssdm_op_Read.ap_auto.i8, i8 %p_read109" [src/ORB.cpp:41]   --->   Operation 1298 'read' 'p_read_1275' <Predicate = true> <Delay = 0.00>
ST_7 : Operation 1299 [1/1] (0.00ns)   --->   "%p_read_1276 = read i8 @_ssdm_op_Read.ap_auto.i8, i8 %p_read108" [src/ORB.cpp:41]   --->   Operation 1299 'read' 'p_read_1276' <Predicate = true> <Delay = 0.00>
ST_7 : Operation 1300 [1/1] (0.00ns)   --->   "%p_read_1277 = read i8 @_ssdm_op_Read.ap_auto.i8, i8 %p_read107" [src/ORB.cpp:41]   --->   Operation 1300 'read' 'p_read_1277' <Predicate = true> <Delay = 0.00>
ST_7 : Operation 1301 [1/1] (0.00ns)   --->   "%p_read_1278 = read i8 @_ssdm_op_Read.ap_auto.i8, i8 %p_read106" [src/ORB.cpp:41]   --->   Operation 1301 'read' 'p_read_1278' <Predicate = true> <Delay = 0.00>
ST_7 : Operation 1302 [1/1] (0.00ns)   --->   "%p_read_1279 = read i8 @_ssdm_op_Read.ap_auto.i8, i8 %p_read105" [src/ORB.cpp:41]   --->   Operation 1302 'read' 'p_read_1279' <Predicate = true> <Delay = 0.00>
ST_7 : Operation 1303 [1/1] (0.00ns)   --->   "%p_read_1280 = read i8 @_ssdm_op_Read.ap_auto.i8, i8 %p_read104" [src/ORB.cpp:41]   --->   Operation 1303 'read' 'p_read_1280' <Predicate = true> <Delay = 0.00>
ST_7 : Operation 1304 [1/1] (0.00ns)   --->   "%p_read_1281 = read i8 @_ssdm_op_Read.ap_auto.i8, i8 %p_read103" [src/ORB.cpp:41]   --->   Operation 1304 'read' 'p_read_1281' <Predicate = true> <Delay = 0.00>
ST_7 : Operation 1305 [1/1] (0.00ns)   --->   "%p_read_1282 = read i8 @_ssdm_op_Read.ap_auto.i8, i8 %p_read102" [src/ORB.cpp:41]   --->   Operation 1305 'read' 'p_read_1282' <Predicate = true> <Delay = 0.00>
ST_7 : Operation 1306 [1/1] (0.00ns)   --->   "%p_read_1283 = read i8 @_ssdm_op_Read.ap_auto.i8, i8 %p_read101" [src/ORB.cpp:41]   --->   Operation 1306 'read' 'p_read_1283' <Predicate = true> <Delay = 0.00>
ST_7 : Operation 1307 [1/1] (0.00ns)   --->   "%p_read_1284 = read i8 @_ssdm_op_Read.ap_auto.i8, i8 %p_read100" [src/ORB.cpp:41]   --->   Operation 1307 'read' 'p_read_1284' <Predicate = true> <Delay = 0.00>
ST_7 : Operation 1308 [1/1] (0.00ns)   --->   "%p_read_1285 = read i8 @_ssdm_op_Read.ap_auto.i8, i8 %p_read99" [src/ORB.cpp:41]   --->   Operation 1308 'read' 'p_read_1285' <Predicate = true> <Delay = 0.00>
ST_7 : Operation 1309 [1/1] (0.00ns)   --->   "%p_read_1286 = read i8 @_ssdm_op_Read.ap_auto.i8, i8 %p_read98" [src/ORB.cpp:41]   --->   Operation 1309 'read' 'p_read_1286' <Predicate = true> <Delay = 0.00>
ST_7 : Operation 1310 [1/1] (0.00ns)   --->   "%p_read_1287 = read i8 @_ssdm_op_Read.ap_auto.i8, i8 %p_read97" [src/ORB.cpp:41]   --->   Operation 1310 'read' 'p_read_1287' <Predicate = true> <Delay = 0.00>
ST_7 : Operation 1311 [1/1] (0.00ns)   --->   "%p_read_1288 = read i8 @_ssdm_op_Read.ap_auto.i8, i8 %p_read96" [src/ORB.cpp:41]   --->   Operation 1311 'read' 'p_read_1288' <Predicate = true> <Delay = 0.00>
ST_7 : Operation 1312 [1/1] (0.00ns)   --->   "%p_read_1289 = read i8 @_ssdm_op_Read.ap_auto.i8, i8 %p_read95" [src/ORB.cpp:41]   --->   Operation 1312 'read' 'p_read_1289' <Predicate = true> <Delay = 0.00>
ST_7 : Operation 1313 [1/1] (0.00ns)   --->   "%p_read_1290 = read i8 @_ssdm_op_Read.ap_auto.i8, i8 %p_read94" [src/ORB.cpp:41]   --->   Operation 1313 'read' 'p_read_1290' <Predicate = true> <Delay = 0.00>
ST_7 : Operation 1314 [1/1] (0.00ns)   --->   "%p_read_1291 = read i8 @_ssdm_op_Read.ap_auto.i8, i8 %p_read93" [src/ORB.cpp:41]   --->   Operation 1314 'read' 'p_read_1291' <Predicate = true> <Delay = 0.00>
ST_7 : Operation 1315 [1/1] (0.00ns)   --->   "%p_read_1292 = read i8 @_ssdm_op_Read.ap_auto.i8, i8 %p_read92" [src/ORB.cpp:41]   --->   Operation 1315 'read' 'p_read_1292' <Predicate = true> <Delay = 0.00>
ST_7 : Operation 1316 [1/1] (0.00ns)   --->   "%p_read_1293 = read i8 @_ssdm_op_Read.ap_auto.i8, i8 %p_read91" [src/ORB.cpp:41]   --->   Operation 1316 'read' 'p_read_1293' <Predicate = true> <Delay = 0.00>
ST_7 : Operation 1317 [1/1] (0.00ns)   --->   "%p_read_1294 = read i8 @_ssdm_op_Read.ap_auto.i8, i8 %p_read90" [src/ORB.cpp:41]   --->   Operation 1317 'read' 'p_read_1294' <Predicate = true> <Delay = 0.00>
ST_7 : Operation 1318 [1/1] (0.00ns)   --->   "%p_read_1295 = read i8 @_ssdm_op_Read.ap_auto.i8, i8 %p_read89" [src/ORB.cpp:41]   --->   Operation 1318 'read' 'p_read_1295' <Predicate = true> <Delay = 0.00>
ST_7 : Operation 1319 [1/1] (0.00ns)   --->   "%p_read_1296 = read i8 @_ssdm_op_Read.ap_auto.i8, i8 %p_read88" [src/ORB.cpp:41]   --->   Operation 1319 'read' 'p_read_1296' <Predicate = true> <Delay = 0.00>
ST_7 : Operation 1320 [1/1] (0.00ns)   --->   "%p_read_1297 = read i8 @_ssdm_op_Read.ap_auto.i8, i8 %p_read87" [src/ORB.cpp:41]   --->   Operation 1320 'read' 'p_read_1297' <Predicate = true> <Delay = 0.00>
ST_7 : Operation 1321 [1/1] (0.00ns)   --->   "%p_read_1298 = read i8 @_ssdm_op_Read.ap_auto.i8, i8 %p_read86" [src/ORB.cpp:41]   --->   Operation 1321 'read' 'p_read_1298' <Predicate = true> <Delay = 0.00>
ST_7 : Operation 1322 [1/1] (0.00ns)   --->   "%p_read_1299 = read i8 @_ssdm_op_Read.ap_auto.i8, i8 %p_read85" [src/ORB.cpp:41]   --->   Operation 1322 'read' 'p_read_1299' <Predicate = true> <Delay = 0.00>
ST_7 : Operation 1323 [1/1] (0.00ns)   --->   "%p_read_1300 = read i8 @_ssdm_op_Read.ap_auto.i8, i8 %p_read84" [src/ORB.cpp:41]   --->   Operation 1323 'read' 'p_read_1300' <Predicate = true> <Delay = 0.00>
ST_7 : Operation 1324 [1/1] (0.00ns)   --->   "%p_read_1301 = read i8 @_ssdm_op_Read.ap_auto.i8, i8 %p_read83" [src/ORB.cpp:41]   --->   Operation 1324 'read' 'p_read_1301' <Predicate = true> <Delay = 0.00>
ST_7 : Operation 1325 [1/1] (0.00ns)   --->   "%p_read_1302 = read i8 @_ssdm_op_Read.ap_auto.i8, i8 %p_read82" [src/ORB.cpp:41]   --->   Operation 1325 'read' 'p_read_1302' <Predicate = true> <Delay = 0.00>
ST_7 : Operation 1326 [1/1] (0.00ns)   --->   "%p_read_1303 = read i8 @_ssdm_op_Read.ap_auto.i8, i8 %p_read81" [src/ORB.cpp:41]   --->   Operation 1326 'read' 'p_read_1303' <Predicate = true> <Delay = 0.00>
ST_7 : Operation 1327 [1/1] (0.00ns)   --->   "%p_read_1304 = read i8 @_ssdm_op_Read.ap_auto.i8, i8 %p_read80" [src/ORB.cpp:41]   --->   Operation 1327 'read' 'p_read_1304' <Predicate = true> <Delay = 0.00>
ST_7 : Operation 1328 [1/1] (0.00ns)   --->   "%p_read_1305 = read i8 @_ssdm_op_Read.ap_auto.i8, i8 %p_read79" [src/ORB.cpp:41]   --->   Operation 1328 'read' 'p_read_1305' <Predicate = true> <Delay = 0.00>
ST_7 : Operation 1329 [1/1] (0.00ns)   --->   "%p_read_1306 = read i8 @_ssdm_op_Read.ap_auto.i8, i8 %p_read78" [src/ORB.cpp:41]   --->   Operation 1329 'read' 'p_read_1306' <Predicate = true> <Delay = 0.00>
ST_7 : Operation 1330 [1/1] (0.00ns)   --->   "%p_read_1307 = read i8 @_ssdm_op_Read.ap_auto.i8, i8 %p_read77" [src/ORB.cpp:41]   --->   Operation 1330 'read' 'p_read_1307' <Predicate = true> <Delay = 0.00>
ST_7 : Operation 1331 [1/1] (0.00ns)   --->   "%p_read_1308 = read i8 @_ssdm_op_Read.ap_auto.i8, i8 %p_read76" [src/ORB.cpp:41]   --->   Operation 1331 'read' 'p_read_1308' <Predicate = true> <Delay = 0.00>
ST_7 : Operation 1332 [1/1] (0.00ns)   --->   "%p_read_1309 = read i8 @_ssdm_op_Read.ap_auto.i8, i8 %p_read75" [src/ORB.cpp:41]   --->   Operation 1332 'read' 'p_read_1309' <Predicate = true> <Delay = 0.00>
ST_7 : Operation 1333 [1/1] (0.00ns)   --->   "%p_read_1310 = read i8 @_ssdm_op_Read.ap_auto.i8, i8 %p_read74" [src/ORB.cpp:41]   --->   Operation 1333 'read' 'p_read_1310' <Predicate = true> <Delay = 0.00>
ST_7 : Operation 1334 [1/1] (0.00ns)   --->   "%p_read_1311 = read i8 @_ssdm_op_Read.ap_auto.i8, i8 %p_read73" [src/ORB.cpp:41]   --->   Operation 1334 'read' 'p_read_1311' <Predicate = true> <Delay = 0.00>
ST_7 : Operation 1335 [1/1] (0.00ns)   --->   "%p_read_1312 = read i8 @_ssdm_op_Read.ap_auto.i8, i8 %p_read72" [src/ORB.cpp:41]   --->   Operation 1335 'read' 'p_read_1312' <Predicate = true> <Delay = 0.00>
ST_7 : Operation 1336 [1/1] (0.00ns)   --->   "%p_read_1313 = read i8 @_ssdm_op_Read.ap_auto.i8, i8 %p_read71" [src/ORB.cpp:41]   --->   Operation 1336 'read' 'p_read_1313' <Predicate = true> <Delay = 0.00>
ST_7 : Operation 1337 [1/1] (0.00ns)   --->   "%p_read_1314 = read i8 @_ssdm_op_Read.ap_auto.i8, i8 %p_read70" [src/ORB.cpp:41]   --->   Operation 1337 'read' 'p_read_1314' <Predicate = true> <Delay = 0.00>
ST_7 : Operation 1338 [1/1] (0.00ns)   --->   "%p_read_1315 = read i8 @_ssdm_op_Read.ap_auto.i8, i8 %p_read69" [src/ORB.cpp:41]   --->   Operation 1338 'read' 'p_read_1315' <Predicate = true> <Delay = 0.00>
ST_7 : Operation 1339 [1/1] (0.00ns)   --->   "%p_read_1316 = read i8 @_ssdm_op_Read.ap_auto.i8, i8 %p_read68" [src/ORB.cpp:41]   --->   Operation 1339 'read' 'p_read_1316' <Predicate = true> <Delay = 0.00>
ST_7 : Operation 1340 [1/1] (0.00ns)   --->   "%p_read_1317 = read i8 @_ssdm_op_Read.ap_auto.i8, i8 %p_read67" [src/ORB.cpp:41]   --->   Operation 1340 'read' 'p_read_1317' <Predicate = true> <Delay = 0.00>
ST_7 : Operation 1341 [1/1] (0.00ns)   --->   "%p_read_1318 = read i8 @_ssdm_op_Read.ap_auto.i8, i8 %p_read66" [src/ORB.cpp:41]   --->   Operation 1341 'read' 'p_read_1318' <Predicate = true> <Delay = 0.00>
ST_7 : Operation 1342 [1/1] (0.00ns)   --->   "%p_read_1319 = read i8 @_ssdm_op_Read.ap_auto.i8, i8 %p_read65" [src/ORB.cpp:41]   --->   Operation 1342 'read' 'p_read_1319' <Predicate = true> <Delay = 0.00>
ST_7 : Operation 1343 [1/1] (0.00ns)   --->   "%p_read_1320 = read i8 @_ssdm_op_Read.ap_auto.i8, i8 %p_read64" [src/ORB.cpp:41]   --->   Operation 1343 'read' 'p_read_1320' <Predicate = true> <Delay = 0.00>
ST_7 : Operation 1344 [1/1] (0.00ns)   --->   "%p_read_1321 = read i8 @_ssdm_op_Read.ap_auto.i8, i8 %p_read63" [src/ORB.cpp:41]   --->   Operation 1344 'read' 'p_read_1321' <Predicate = true> <Delay = 0.00>
ST_7 : Operation 1345 [1/1] (0.00ns)   --->   "%p_read_1322 = read i8 @_ssdm_op_Read.ap_auto.i8, i8 %p_read62" [src/ORB.cpp:41]   --->   Operation 1345 'read' 'p_read_1322' <Predicate = true> <Delay = 0.00>
ST_7 : Operation 1346 [1/1] (0.00ns)   --->   "%p_read_1323 = read i8 @_ssdm_op_Read.ap_auto.i8, i8 %p_read61" [src/ORB.cpp:41]   --->   Operation 1346 'read' 'p_read_1323' <Predicate = true> <Delay = 0.00>
ST_7 : Operation 1347 [1/1] (0.00ns)   --->   "%p_read_1324 = read i8 @_ssdm_op_Read.ap_auto.i8, i8 %p_read60" [src/ORB.cpp:41]   --->   Operation 1347 'read' 'p_read_1324' <Predicate = true> <Delay = 0.00>
ST_7 : Operation 1348 [1/1] (0.00ns)   --->   "%p_read_1325 = read i8 @_ssdm_op_Read.ap_auto.i8, i8 %p_read59" [src/ORB.cpp:41]   --->   Operation 1348 'read' 'p_read_1325' <Predicate = true> <Delay = 0.00>
ST_7 : Operation 1349 [1/1] (0.00ns)   --->   "%p_read_1326 = read i8 @_ssdm_op_Read.ap_auto.i8, i8 %p_read58" [src/ORB.cpp:41]   --->   Operation 1349 'read' 'p_read_1326' <Predicate = true> <Delay = 0.00>
ST_7 : Operation 1350 [1/1] (0.00ns)   --->   "%p_read_1327 = read i8 @_ssdm_op_Read.ap_auto.i8, i8 %p_read57" [src/ORB.cpp:41]   --->   Operation 1350 'read' 'p_read_1327' <Predicate = true> <Delay = 0.00>
ST_7 : Operation 1351 [1/1] (0.00ns)   --->   "%p_read_1328 = read i8 @_ssdm_op_Read.ap_auto.i8, i8 %p_read56" [src/ORB.cpp:41]   --->   Operation 1351 'read' 'p_read_1328' <Predicate = true> <Delay = 0.00>
ST_7 : Operation 1352 [1/1] (0.00ns)   --->   "%p_read_1329 = read i8 @_ssdm_op_Read.ap_auto.i8, i8 %p_read55" [src/ORB.cpp:41]   --->   Operation 1352 'read' 'p_read_1329' <Predicate = true> <Delay = 0.00>
ST_7 : Operation 1353 [1/1] (0.00ns)   --->   "%p_read_1330 = read i8 @_ssdm_op_Read.ap_auto.i8, i8 %p_read54" [src/ORB.cpp:41]   --->   Operation 1353 'read' 'p_read_1330' <Predicate = true> <Delay = 0.00>
ST_7 : Operation 1354 [1/1] (0.00ns)   --->   "%p_read_1331 = read i8 @_ssdm_op_Read.ap_auto.i8, i8 %p_read53" [src/ORB.cpp:41]   --->   Operation 1354 'read' 'p_read_1331' <Predicate = true> <Delay = 0.00>
ST_7 : Operation 1355 [1/1] (0.00ns)   --->   "%p_read_1332 = read i8 @_ssdm_op_Read.ap_auto.i8, i8 %p_read52" [src/ORB.cpp:41]   --->   Operation 1355 'read' 'p_read_1332' <Predicate = true> <Delay = 0.00>
ST_7 : Operation 1356 [1/1] (0.00ns)   --->   "%p_read_1333 = read i8 @_ssdm_op_Read.ap_auto.i8, i8 %p_read51" [src/ORB.cpp:41]   --->   Operation 1356 'read' 'p_read_1333' <Predicate = true> <Delay = 0.00>
ST_7 : Operation 1357 [1/1] (0.00ns)   --->   "%p_read_1334 = read i8 @_ssdm_op_Read.ap_auto.i8, i8 %p_read50" [src/ORB.cpp:41]   --->   Operation 1357 'read' 'p_read_1334' <Predicate = true> <Delay = 0.00>
ST_7 : Operation 1358 [1/1] (0.00ns)   --->   "%p_read_1335 = read i8 @_ssdm_op_Read.ap_auto.i8, i8 %p_read49" [src/ORB.cpp:41]   --->   Operation 1358 'read' 'p_read_1335' <Predicate = true> <Delay = 0.00>
ST_7 : Operation 1359 [1/1] (0.00ns)   --->   "%p_read_1336 = read i8 @_ssdm_op_Read.ap_auto.i8, i8 %p_read48" [src/ORB.cpp:41]   --->   Operation 1359 'read' 'p_read_1336' <Predicate = true> <Delay = 0.00>
ST_7 : Operation 1360 [1/1] (0.00ns)   --->   "%p_read_1337 = read i8 @_ssdm_op_Read.ap_auto.i8, i8 %p_read47" [src/ORB.cpp:41]   --->   Operation 1360 'read' 'p_read_1337' <Predicate = true> <Delay = 0.00>
ST_7 : Operation 1361 [1/1] (0.00ns)   --->   "%p_read_1338 = read i8 @_ssdm_op_Read.ap_auto.i8, i8 %p_read46" [src/ORB.cpp:41]   --->   Operation 1361 'read' 'p_read_1338' <Predicate = true> <Delay = 0.00>
ST_7 : Operation 1362 [1/1] (0.00ns)   --->   "%p_read_1339 = read i8 @_ssdm_op_Read.ap_auto.i8, i8 %p_read45" [src/ORB.cpp:41]   --->   Operation 1362 'read' 'p_read_1339' <Predicate = true> <Delay = 0.00>
ST_7 : Operation 1363 [1/1] (0.00ns)   --->   "%p_read_1340 = read i8 @_ssdm_op_Read.ap_auto.i8, i8 %p_read44" [src/ORB.cpp:41]   --->   Operation 1363 'read' 'p_read_1340' <Predicate = true> <Delay = 0.00>
ST_7 : Operation 1364 [1/1] (0.00ns)   --->   "%p_read_1341 = read i8 @_ssdm_op_Read.ap_auto.i8, i8 %p_read43" [src/ORB.cpp:41]   --->   Operation 1364 'read' 'p_read_1341' <Predicate = true> <Delay = 0.00>
ST_7 : Operation 1365 [1/1] (0.00ns)   --->   "%p_read_1342 = read i8 @_ssdm_op_Read.ap_auto.i8, i8 %p_read42" [src/ORB.cpp:41]   --->   Operation 1365 'read' 'p_read_1342' <Predicate = true> <Delay = 0.00>
ST_7 : Operation 1366 [1/1] (0.00ns)   --->   "%p_read_1343 = read i8 @_ssdm_op_Read.ap_auto.i8, i8 %p_read41" [src/ORB.cpp:41]   --->   Operation 1366 'read' 'p_read_1343' <Predicate = true> <Delay = 0.00>
ST_7 : Operation 1367 [1/1] (0.00ns)   --->   "%p_read_1344 = read i8 @_ssdm_op_Read.ap_auto.i8, i8 %p_read40" [src/ORB.cpp:41]   --->   Operation 1367 'read' 'p_read_1344' <Predicate = true> <Delay = 0.00>
ST_7 : Operation 1368 [1/1] (0.00ns)   --->   "%p_read_1345 = read i8 @_ssdm_op_Read.ap_auto.i8, i8 %p_read39" [src/ORB.cpp:41]   --->   Operation 1368 'read' 'p_read_1345' <Predicate = true> <Delay = 0.00>
ST_7 : Operation 1369 [1/1] (0.00ns)   --->   "%p_read_1346 = read i8 @_ssdm_op_Read.ap_auto.i8, i8 %p_read38" [src/ORB.cpp:41]   --->   Operation 1369 'read' 'p_read_1346' <Predicate = true> <Delay = 0.00>
ST_7 : Operation 1370 [1/1] (0.00ns)   --->   "%p_read_1347 = read i8 @_ssdm_op_Read.ap_auto.i8, i8 %p_read37" [src/ORB.cpp:41]   --->   Operation 1370 'read' 'p_read_1347' <Predicate = true> <Delay = 0.00>
ST_7 : Operation 1371 [1/1] (0.00ns)   --->   "%p_read_1348 = read i8 @_ssdm_op_Read.ap_auto.i8, i8 %p_read36" [src/ORB.cpp:41]   --->   Operation 1371 'read' 'p_read_1348' <Predicate = true> <Delay = 0.00>
ST_7 : Operation 1372 [1/1] (0.00ns)   --->   "%p_read_1349 = read i8 @_ssdm_op_Read.ap_auto.i8, i8 %p_read35" [src/ORB.cpp:41]   --->   Operation 1372 'read' 'p_read_1349' <Predicate = true> <Delay = 0.00>
ST_7 : Operation 1373 [1/1] (0.00ns)   --->   "%p_read_1350 = read i8 @_ssdm_op_Read.ap_auto.i8, i8 %p_read34" [src/ORB.cpp:41]   --->   Operation 1373 'read' 'p_read_1350' <Predicate = true> <Delay = 0.00>
ST_7 : Operation 1374 [1/1] (0.00ns)   --->   "%p_read_1351 = read i8 @_ssdm_op_Read.ap_auto.i8, i8 %p_read33" [src/ORB.cpp:41]   --->   Operation 1374 'read' 'p_read_1351' <Predicate = true> <Delay = 0.00>
ST_7 : Operation 1375 [1/1] (0.00ns)   --->   "%p_read_1352 = read i8 @_ssdm_op_Read.ap_auto.i8, i8 %p_read32" [src/ORB.cpp:41]   --->   Operation 1375 'read' 'p_read_1352' <Predicate = true> <Delay = 0.00>
ST_7 : Operation 1376 [1/1] (0.00ns)   --->   "%p_read_1353 = read i8 @_ssdm_op_Read.ap_auto.i8, i8 %p_read31" [src/ORB.cpp:41]   --->   Operation 1376 'read' 'p_read_1353' <Predicate = true> <Delay = 0.00>
ST_7 : Operation 1377 [1/1] (0.00ns)   --->   "%p_read_1354 = read i8 @_ssdm_op_Read.ap_auto.i8, i8 %p_read30" [src/ORB.cpp:41]   --->   Operation 1377 'read' 'p_read_1354' <Predicate = true> <Delay = 0.00>
ST_7 : Operation 1378 [1/1] (0.00ns)   --->   "%p_read_1355 = read i8 @_ssdm_op_Read.ap_auto.i8, i8 %p_read29" [src/ORB.cpp:41]   --->   Operation 1378 'read' 'p_read_1355' <Predicate = true> <Delay = 0.00>
ST_7 : Operation 1379 [1/1] (0.00ns)   --->   "%p_read_1356 = read i8 @_ssdm_op_Read.ap_auto.i8, i8 %p_read28" [src/ORB.cpp:41]   --->   Operation 1379 'read' 'p_read_1356' <Predicate = true> <Delay = 0.00>
ST_7 : Operation 1380 [1/1] (0.00ns)   --->   "%p_read_1357 = read i8 @_ssdm_op_Read.ap_auto.i8, i8 %p_read27" [src/ORB.cpp:41]   --->   Operation 1380 'read' 'p_read_1357' <Predicate = true> <Delay = 0.00>
ST_7 : Operation 1381 [1/1] (0.00ns)   --->   "%p_read_1358 = read i8 @_ssdm_op_Read.ap_auto.i8, i8 %p_read26" [src/ORB.cpp:41]   --->   Operation 1381 'read' 'p_read_1358' <Predicate = true> <Delay = 0.00>
ST_7 : Operation 1382 [1/1] (0.00ns)   --->   "%p_read_1359 = read i8 @_ssdm_op_Read.ap_auto.i8, i8 %p_read25" [src/ORB.cpp:41]   --->   Operation 1382 'read' 'p_read_1359' <Predicate = true> <Delay = 0.00>
ST_7 : Operation 1383 [1/1] (0.00ns)   --->   "%p_read_1360 = read i8 @_ssdm_op_Read.ap_auto.i8, i8 %p_read24" [src/ORB.cpp:41]   --->   Operation 1383 'read' 'p_read_1360' <Predicate = true> <Delay = 0.00>
ST_7 : Operation 1384 [1/1] (0.00ns)   --->   "%p_read_1361 = read i8 @_ssdm_op_Read.ap_auto.i8, i8 %p_read23" [src/ORB.cpp:41]   --->   Operation 1384 'read' 'p_read_1361' <Predicate = true> <Delay = 0.00>
ST_7 : Operation 1385 [1/1] (0.00ns)   --->   "%p_read_1362 = read i8 @_ssdm_op_Read.ap_auto.i8, i8 %p_read22" [src/ORB.cpp:41]   --->   Operation 1385 'read' 'p_read_1362' <Predicate = true> <Delay = 0.00>
ST_7 : Operation 1386 [1/1] (0.00ns)   --->   "%p_read_1363 = read i8 @_ssdm_op_Read.ap_auto.i8, i8 %p_read21" [src/ORB.cpp:41]   --->   Operation 1386 'read' 'p_read_1363' <Predicate = true> <Delay = 0.00>
ST_7 : Operation 1387 [1/1] (0.00ns)   --->   "%p_read_1364 = read i8 @_ssdm_op_Read.ap_auto.i8, i8 %p_read20" [src/ORB.cpp:41]   --->   Operation 1387 'read' 'p_read_1364' <Predicate = true> <Delay = 0.00>
ST_7 : Operation 1388 [1/1] (0.00ns)   --->   "%p_read_1365 = read i8 @_ssdm_op_Read.ap_auto.i8, i8 %p_read19" [src/ORB.cpp:41]   --->   Operation 1388 'read' 'p_read_1365' <Predicate = true> <Delay = 0.00>
ST_7 : Operation 1389 [1/1] (0.00ns)   --->   "%p_read_1366 = read i8 @_ssdm_op_Read.ap_auto.i8, i8 %p_read18" [src/ORB.cpp:41]   --->   Operation 1389 'read' 'p_read_1366' <Predicate = true> <Delay = 0.00>
ST_7 : Operation 1390 [1/1] (0.00ns)   --->   "%p_read_1367 = read i8 @_ssdm_op_Read.ap_auto.i8, i8 %p_read17" [src/ORB.cpp:41]   --->   Operation 1390 'read' 'p_read_1367' <Predicate = true> <Delay = 0.00>
ST_7 : Operation 1391 [1/1] (0.00ns)   --->   "%p_read_1368 = read i8 @_ssdm_op_Read.ap_auto.i8, i8 %p_read16" [src/ORB.cpp:41]   --->   Operation 1391 'read' 'p_read_1368' <Predicate = true> <Delay = 0.00>
ST_7 : Operation 1392 [1/1] (0.00ns)   --->   "%p_read_1369 = read i8 @_ssdm_op_Read.ap_auto.i8, i8 %p_read15" [src/ORB.cpp:41]   --->   Operation 1392 'read' 'p_read_1369' <Predicate = true> <Delay = 0.00>
ST_7 : Operation 1393 [1/1] (0.00ns)   --->   "%p_read_1370 = read i8 @_ssdm_op_Read.ap_auto.i8, i8 %p_read14" [src/ORB.cpp:41]   --->   Operation 1393 'read' 'p_read_1370' <Predicate = true> <Delay = 0.00>
ST_7 : Operation 1394 [1/1] (0.00ns)   --->   "%p_read_1371 = read i8 @_ssdm_op_Read.ap_auto.i8, i8 %p_read13" [src/ORB.cpp:41]   --->   Operation 1394 'read' 'p_read_1371' <Predicate = true> <Delay = 0.00>
ST_7 : Operation 1395 [1/1] (0.00ns)   --->   "%p_read_1372 = read i8 @_ssdm_op_Read.ap_auto.i8, i8 %p_read12" [src/ORB.cpp:41]   --->   Operation 1395 'read' 'p_read_1372' <Predicate = true> <Delay = 0.00>
ST_7 : Operation 1396 [1/1] (0.00ns)   --->   "%p_read_1373 = read i8 @_ssdm_op_Read.ap_auto.i8, i8 %p_read11" [src/ORB.cpp:41]   --->   Operation 1396 'read' 'p_read_1373' <Predicate = true> <Delay = 0.00>
ST_7 : Operation 1397 [1/1] (0.00ns)   --->   "%p_read_1374 = read i8 @_ssdm_op_Read.ap_auto.i8, i8 %p_read10" [src/ORB.cpp:41]   --->   Operation 1397 'read' 'p_read_1374' <Predicate = true> <Delay = 0.00>
ST_7 : Operation 1398 [1/1] (0.00ns)   --->   "%p_read_1375 = read i8 @_ssdm_op_Read.ap_auto.i8, i8 %p_read9" [src/ORB.cpp:41]   --->   Operation 1398 'read' 'p_read_1375' <Predicate = true> <Delay = 0.00>
ST_7 : Operation 1399 [1/1] (0.00ns)   --->   "%p_read_1376 = read i8 @_ssdm_op_Read.ap_auto.i8, i8 %p_read8" [src/ORB.cpp:41]   --->   Operation 1399 'read' 'p_read_1376' <Predicate = true> <Delay = 0.00>
ST_7 : Operation 1400 [1/1] (0.00ns)   --->   "%p_read_1377 = read i8 @_ssdm_op_Read.ap_auto.i8, i8 %p_read7" [src/ORB.cpp:41]   --->   Operation 1400 'read' 'p_read_1377' <Predicate = true> <Delay = 0.00>
ST_7 : Operation 1401 [1/1] (0.00ns)   --->   "%p_read61376 = read i8 @_ssdm_op_Read.ap_auto.i8, i8 %p_read6" [src/ORB.cpp:41]   --->   Operation 1401 'read' 'p_read61376' <Predicate = true> <Delay = 0.00>
ST_7 : Operation 1402 [1/1] (0.00ns)   --->   "%p_read51375 = read i8 @_ssdm_op_Read.ap_auto.i8, i8 %p_read5" [src/ORB.cpp:41]   --->   Operation 1402 'read' 'p_read51375' <Predicate = true> <Delay = 0.00>
ST_7 : Operation 1403 [1/1] (0.00ns)   --->   "%p_read41374 = read i8 @_ssdm_op_Read.ap_auto.i8, i8 %p_read4" [src/ORB.cpp:41]   --->   Operation 1403 'read' 'p_read41374' <Predicate = true> <Delay = 0.00>
ST_7 : Operation 1404 [1/1] (0.00ns)   --->   "%p_read31373 = read i8 @_ssdm_op_Read.ap_auto.i8, i8 %p_read3" [src/ORB.cpp:41]   --->   Operation 1404 'read' 'p_read31373' <Predicate = true> <Delay = 0.00>
ST_7 : Operation 1405 [1/1] (0.00ns)   --->   "%p_read21372 = read i8 @_ssdm_op_Read.ap_auto.i8, i8 %p_read2" [src/ORB.cpp:41]   --->   Operation 1405 'read' 'p_read21372' <Predicate = true> <Delay = 0.00>
ST_7 : Operation 1406 [1/1] (0.00ns)   --->   "%p_read11371 = read i8 @_ssdm_op_Read.ap_auto.i8, i8 %p_read1" [src/ORB.cpp:41]   --->   Operation 1406 'read' 'p_read11371' <Predicate = true> <Delay = 0.00>
ST_7 : Operation 1407 [1/1] (0.00ns)   --->   "%p_read1370 = read i256 @_ssdm_op_Read.ap_auto.i256, i256 %p_read" [src/ORB.cpp:41]   --->   Operation 1407 'read' 'p_read1370' <Predicate = true> <Delay = 0.00>
ST_7 : Operation 1408 [1/2] (0.64ns) (root node of the DSP)   --->   "%ret_V_21 = add i12 %lhs_2, i12 %mul_ln1193"   --->   Operation 1408 'add' 'ret_V_21' <Predicate = true> <Delay = 0.64> <CoreInst = "DSP48">   --->   Core 127 'DSP48' <Latency = 3> <II = 1> <Delay = 0.53> <IPBlock> <Opcode : 'mul' 'add' 'sub' 'select'> <InPorts = 0> <OutPorts = 1> <Sync> <CReg>
ST_7 : Operation 1409 [1/1] (0.00ns)   --->   "%r_V = partselect i11 @_ssdm_op_PartSelect.i11.i12.i32.i32, i12 %ret_V_21, i32 1, i32 11"   --->   Operation 1409 'partselect' 'r_V' <Predicate = true> <Delay = 0.00>
ST_7 : Operation 1410 [1/1] (0.00ns)   --->   "%zext_ln708_2 = zext i11 %r_V"   --->   Operation 1410 'zext' 'zext_ln708_2' <Predicate = true> <Delay = 0.00>
ST_7 : Operation 1411 [1/1] (0.80ns)   --->   "%ret_V_22 = sub i12 1608, i12 %zext_ln708_2"   --->   Operation 1411 'sub' 'ret_V_22' <Predicate = true> <Delay = 0.80> <CoreInst = "Adder">   --->   Core 1 'Adder' <Latency = 0> <II = 1> <Delay = 0.77> <FuncUnit> <Opcode : 'add' 'sub'> <InPorts = 2> <OutPorts = 1>
ST_7 : Operation 1412 [1/1] (0.44ns)   --->   "%icmp_ln251 = icmp_eq  i2 %k_V, i2 3" [C:/Xilinx/Vitis_HLS/2020.2/common/technology/autopilot/hls_cordic_apfixed.h:251->C:/Xilinx/Vitis_HLS/2020.2/common/technology/autopilot\hls_math.h:1956]   --->   Operation 1412 'icmp' 'icmp_ln251' <Predicate = true> <Delay = 0.44> <CoreInst = "Cmp">   --->   Core 9 'Cmp' <Latency = 0> <II = 1> <Delay = 0.44> <FuncUnit> <Opcode : 'icmp'> <InPorts = 2> <OutPorts = 1>
ST_7 : Operation 1413 [1/1] (0.44ns)   --->   "%icmp_ln251_1 = icmp_eq  i2 %k_V, i2 1" [C:/Xilinx/Vitis_HLS/2020.2/common/technology/autopilot/hls_cordic_apfixed.h:251->C:/Xilinx/Vitis_HLS/2020.2/common/technology/autopilot\hls_math.h:1956]   --->   Operation 1413 'icmp' 'icmp_ln251_1' <Predicate = true> <Delay = 0.44> <CoreInst = "Cmp">   --->   Core 9 'Cmp' <Latency = 0> <II = 1> <Delay = 0.44> <FuncUnit> <Opcode : 'icmp'> <InPorts = 2> <OutPorts = 1>
ST_7 : Operation 1414 [1/1] (0.00ns) (grouped into LUT with out node z_V)   --->   "%or_ln251 = or i1 %icmp_ln251, i1 %icmp_ln251_1" [C:/Xilinx/Vitis_HLS/2020.2/common/technology/autopilot/hls_cordic_apfixed.h:251->C:/Xilinx/Vitis_HLS/2020.2/common/technology/autopilot\hls_math.h:1956]   --->   Operation 1414 'or' 'or_ln251' <Predicate = true> <Delay = 0.00> <CoreInst = "LogicGate">   --->   Core 74 'LogicGate' <Latency = 0> <II = 1> <Delay = 0.28> <FuncUnit> <Opcode : 'and' 'or' 'xor'> <InPorts = 2> <OutPorts = 1>
ST_7 : Operation 1415 [1/1] (0.00ns) (grouped into LUT with out node z_V)   --->   "%tmp_s = partselect i10 @_ssdm_op_PartSelect.i10.i12.i32.i32, i12 %ret_V_21, i32 2, i32 11"   --->   Operation 1415 'partselect' 'tmp_s' <Predicate = true> <Delay = 0.00>
ST_7 : Operation 1416 [1/1] (0.00ns) (grouped into LUT with out node z_V)   --->   "%zext_ln708 = zext i10 %tmp_s"   --->   Operation 1416 'zext' 'zext_ln708' <Predicate = true> <Delay = 0.00>
ST_7 : Operation 1417 [1/1] (0.00ns) (grouped into LUT with out node z_V)   --->   "%tmp_50 = partselect i11 @_ssdm_op_PartSelect.i11.i12.i32.i32, i12 %ret_V_22, i32 1, i32 11"   --->   Operation 1417 'partselect' 'tmp_50' <Predicate = true> <Delay = 0.00>
ST_7 : Operation 1418 [1/1] (0.38ns) (out node of the LUT)   --->   "%z_V = select i1 %or_ln251, i11 %tmp_50, i11 %zext_ln708" [C:/Xilinx/Vitis_HLS/2020.2/common/technology/autopilot/hls_cordic_apfixed.h:251->C:/Xilinx/Vitis_HLS/2020.2/common/technology/autopilot\hls_math.h:1956]   --->   Operation 1418 'select' 'z_V' <Predicate = true> <Delay = 0.38> <CoreInst = "Sel">   --->   Core 73 'Sel' <Latency = 0> <II = 1> <Delay = 0.39> <FuncUnit> <Opcode : 'select'> <InPorts = 3> <OutPorts = 1>
ST_7 : Operation 1419 [1/1] (0.00ns)   --->   "%sext_ln708 = sext i11 %z_V"   --->   Operation 1419 'sext' 'sext_ln708' <Predicate = true> <Delay = 0.00>
ST_7 : Operation 1420 [1/1] (0.42ns)   --->   "%br_ln87 = br void %_ZN8ap_fixedILi12ELi3EL9ap_q_mode5EL9ap_o_mode3ELi0EEC2ILi128ELi2ELb0ELS0_5ELS1_3ELi0EEERK13ap_fixed_baseIXT_EXT0_EXT1_EXT2_EXT3_EXT4_EE.exit.i.i" [C:/Xilinx/Vitis_HLS/2020.2/common/technology/autopilot/hls_cordic_apfixed.h:87]   --->   Operation 1420 'br' 'br_ln87' <Predicate = true> <Delay = 0.42>

State 8 <SV = 7> <Delay = 1.23>
ST_8 : Operation 1421 [1/1] (0.00ns)   --->   "%n = phi i4 %add_ln87, void %_ZN8ap_fixedILi12ELi3EL9ap_q_mode5EL9ap_o_mode3ELi0EEC2ILi128ELi2ELb0ELS0_5ELS1_3ELi0EEERK13ap_fixed_baseIXT_EXT0_EXT1_EXT2_EXT3_EXT4_EE.exit.i.split_ifconv.i, i4 0, void"   --->   Operation 1421 'phi' 'n' <Predicate = true> <Delay = 0.00>
ST_8 : Operation 1422 [1/1] (0.00ns)   --->   "%empty = phi i12 %ty, void %_ZN8ap_fixedILi12ELi3EL9ap_q_mode5EL9ap_o_mode3ELi0EEC2ILi128ELi2ELb0ELS0_5ELS1_3ELi0EEERK13ap_fixed_baseIXT_EXT0_EXT1_EXT2_EXT3_EXT4_EE.exit.i.split_ifconv.i, i12 0, void"   --->   Operation 1422 'phi' 'empty' <Predicate = true> <Delay = 0.00>
ST_8 : Operation 1423 [1/1] (0.00ns)   --->   "%empty_116 = phi i12 %tx, void %_ZN8ap_fixedILi12ELi3EL9ap_q_mode5EL9ap_o_mode3ELi0EEC2ILi128ELi2ELb0ELS0_5ELS1_3ELi0EEERK13ap_fixed_baseIXT_EXT0_EXT1_EXT2_EXT3_EXT4_EE.exit.i.split_ifconv.i, i12 310, void"   --->   Operation 1423 'phi' 'empty_116' <Predicate = true> <Delay = 0.00>
ST_8 : Operation 1424 [1/1] (0.00ns)   --->   "%p_Val2_10 = phi i12 %tz, void %_ZN8ap_fixedILi12ELi3EL9ap_q_mode5EL9ap_o_mode3ELi0EEC2ILi128ELi2ELb0ELS0_5ELS1_3ELi0EEERK13ap_fixed_baseIXT_EXT0_EXT1_EXT2_EXT3_EXT4_EE.exit.i.split_ifconv.i, i12 %sext_ln708, void"   --->   Operation 1424 'phi' 'p_Val2_10' <Predicate = true> <Delay = 0.00>
ST_8 : Operation 1425 [1/1] (0.79ns)   --->   "%add_ln87 = add i4 %n, i4 1" [C:/Xilinx/Vitis_HLS/2020.2/common/technology/autopilot/hls_cordic_apfixed.h:87]   --->   Operation 1425 'add' 'add_ln87' <Predicate = true> <Delay = 0.79> <CoreInst = "Adder">   --->   Core 1 'Adder' <Latency = 0> <II = 1> <Delay = 0.77> <FuncUnit> <Opcode : 'add' 'sub'> <InPorts = 2> <OutPorts = 1>
ST_8 : Operation 1426 [1/1] (0.72ns)   --->   "%icmp_ln87 = icmp_eq  i4 %n, i4 12" [C:/Xilinx/Vitis_HLS/2020.2/common/technology/autopilot/hls_cordic_apfixed.h:87]   --->   Operation 1426 'icmp' 'icmp_ln87' <Predicate = true> <Delay = 0.72> <CoreInst = "Cmp">   --->   Core 9 'Cmp' <Latency = 0> <II = 1> <Delay = 0.44> <FuncUnit> <Opcode : 'icmp'> <InPorts = 2> <OutPorts = 1>
ST_8 : Operation 1427 [1/1] (0.00ns)   --->   "%speclooptripcount_ln0 = speclooptripcount void @_ssdm_op_SpecLoopTripCount, i64 12, i64 12, i64 12"   --->   Operation 1427 'speclooptripcount' 'speclooptripcount_ln0' <Predicate = true> <Delay = 0.00>
ST_8 : Operation 1428 [1/1] (0.00ns)   --->   "%br_ln87 = br i1 %icmp_ln87, void %_ZN8ap_fixedILi12ELi3EL9ap_q_mode5EL9ap_o_mode3ELi0EEC2ILi128ELi2ELb0ELS0_5ELS1_3ELi0EEERK13ap_fixed_baseIXT_EXT0_EXT1_EXT2_EXT3_EXT4_EE.exit.i.split_ifconv.i, void %generic_sincos<10, 3>.exit" [C:/Xilinx/Vitis_HLS/2020.2/common/technology/autopilot/hls_cordic_apfixed.h:87]   --->   Operation 1428 'br' 'br_ln87' <Predicate = true> <Delay = 0.00>
ST_8 : Operation 1429 [1/1] (0.00ns)   --->   "%zext_ln87 = zext i4 %n" [C:/Xilinx/Vitis_HLS/2020.2/common/technology/autopilot/hls_cordic_apfixed.h:87]   --->   Operation 1429 'zext' 'zext_ln87' <Predicate = (!icmp_ln87)> <Delay = 0.00>
ST_8 : Operation 1430 [1/1] (0.00ns)   --->   "%cordic_apfixed_circ_table_arctan_128_V_addr = getelementptr i126 %cordic_apfixed_circ_table_arctan_128_V, i64 0, i64 %zext_ln87"   --->   Operation 1430 'getelementptr' 'cordic_apfixed_circ_table_arctan_128_V_addr' <Predicate = (!icmp_ln87)> <Delay = 0.00>
ST_8 : Operation 1431 [2/2] (1.23ns)   --->   "%cordic_apfixed_circ_table_arctan_128_V_load = load i7 %cordic_apfixed_circ_table_arctan_128_V_addr"   --->   Operation 1431 'load' 'cordic_apfixed_circ_table_arctan_128_V_load' <Predicate = (!icmp_ln87)> <Delay = 1.23> <CoreInst = "ROM">   --->   Core 101 'ROM' <Latency = 1> <II = 1> <Delay = 1.23> <Storage> <Opcode : 'load'> <Ports = 0> <Width = 126> <Depth = 128> <ROM>

State 9 <SV = 8> <Delay = 2.42>
ST_9 : Operation 1432 [1/1] (0.00ns)   --->   "%specpipeline_ln87 = specpipeline void @_ssdm_op_SpecPipeline, i32 4294967295, i32 0, i32 0, i32 0, void @empty_24" [C:/Xilinx/Vitis_HLS/2020.2/common/technology/autopilot/hls_cordic_apfixed.h:87]   --->   Operation 1432 'specpipeline' 'specpipeline_ln87' <Predicate = (!icmp_ln87)> <Delay = 0.00>
ST_9 : Operation 1433 [1/1] (0.00ns)   --->   "%specloopname_ln87 = specloopname void @_ssdm_op_SpecLoopName, void @empty_14" [C:/Xilinx/Vitis_HLS/2020.2/common/technology/autopilot/hls_cordic_apfixed.h:87]   --->   Operation 1433 'specloopname' 'specloopname_ln87' <Predicate = (!icmp_ln87)> <Delay = 0.00>
ST_9 : Operation 1434 [1/1] (0.00ns)   --->   "%p_Result_50 = bitselect i1 @_ssdm_op_BitSelect.i1.i12.i32, i12 %p_Val2_10, i32 11"   --->   Operation 1434 'bitselect' 'p_Result_50' <Predicate = (!icmp_ln87)> <Delay = 0.00>
ST_9 : Operation 1435 [1/1] (0.00ns)   --->   "%zext_ln1333 = zext i4 %n"   --->   Operation 1435 'zext' 'zext_ln1333' <Predicate = (!icmp_ln87)> <Delay = 0.00>
ST_9 : Operation 1436 [1/1] (0.98ns)   --->   "%r_V_46 = ashr i12 %empty_116, i12 %zext_ln1333"   --->   Operation 1436 'ashr' 'r_V_46' <Predicate = (!icmp_ln87)> <Delay = 0.98> <CoreInst = "Shifter">   --->   Core 75 'Shifter' <Latency = 0> <II = 1> <Delay = 0.98> <FuncUnit> <Opcode : 'shl' 'lshr' 'ashr'> <InPorts = 2> <OutPorts = 1>
ST_9 : Operation 1437 [1/1] (0.98ns)   --->   "%r_V_47 = ashr i12 %empty, i12 %zext_ln1333"   --->   Operation 1437 'ashr' 'r_V_47' <Predicate = (!icmp_ln87)> <Delay = 0.98> <CoreInst = "Shifter">   --->   Core 75 'Shifter' <Latency = 0> <II = 1> <Delay = 0.98> <FuncUnit> <Opcode : 'shl' 'lshr' 'ashr'> <InPorts = 2> <OutPorts = 1>
ST_9 : Operation 1438 [1/2] (1.23ns)   --->   "%cordic_apfixed_circ_table_arctan_128_V_load = load i7 %cordic_apfixed_circ_table_arctan_128_V_addr"   --->   Operation 1438 'load' 'cordic_apfixed_circ_table_arctan_128_V_load' <Predicate = (!icmp_ln87)> <Delay = 1.23> <CoreInst = "ROM">   --->   Core 101 'ROM' <Latency = 1> <II = 1> <Delay = 1.23> <Storage> <Opcode : 'load'> <Ports = 0> <Width = 126> <Depth = 128> <ROM>
ST_9 : Operation 1439 [1/1] (0.00ns)   --->   "%tmp_55 = partselect i9 @_ssdm_op_PartSelect.i9.i126.i32.i32, i126 %cordic_apfixed_circ_table_arctan_128_V_load, i32 117, i32 125"   --->   Operation 1439 'partselect' 'tmp_55' <Predicate = (!icmp_ln87)> <Delay = 0.00>
ST_9 : Operation 1440 [1/1] (0.00ns)   --->   "%zext_ln708_1 = zext i9 %tmp_55"   --->   Operation 1440 'zext' 'zext_ln708_1' <Predicate = (!icmp_ln87)> <Delay = 0.00>
ST_9 : Operation 1441 [1/1] (0.80ns)   --->   "%add_ln703 = add i12 %r_V_47, i12 %empty_116"   --->   Operation 1441 'add' 'add_ln703' <Predicate = (!icmp_ln87)> <Delay = 0.80> <CoreInst = "Adder">   --->   Core 1 'Adder' <Latency = 0> <II = 1> <Delay = 0.77> <FuncUnit> <Opcode : 'add' 'sub'> <InPorts = 2> <OutPorts = 1>
ST_9 : Operation 1442 [1/1] (0.80ns)   --->   "%sub_ln703_3 = sub i12 %empty, i12 %r_V_46"   --->   Operation 1442 'sub' 'sub_ln703_3' <Predicate = (!icmp_ln87)> <Delay = 0.80> <CoreInst = "Adder">   --->   Core 1 'Adder' <Latency = 0> <II = 1> <Delay = 0.77> <FuncUnit> <Opcode : 'add' 'sub'> <InPorts = 2> <OutPorts = 1>
ST_9 : Operation 1443 [1/1] (0.80ns)   --->   "%add_ln703_1 = add i12 %zext_ln708_1, i12 %p_Val2_10"   --->   Operation 1443 'add' 'add_ln703_1' <Predicate = (!icmp_ln87)> <Delay = 0.80> <CoreInst = "Adder">   --->   Core 1 'Adder' <Latency = 0> <II = 1> <Delay = 0.77> <FuncUnit> <Opcode : 'add' 'sub'> <InPorts = 2> <OutPorts = 1>
ST_9 : Operation 1444 [1/1] (0.80ns)   --->   "%sub_ln703_4 = sub i12 %empty_116, i12 %r_V_47"   --->   Operation 1444 'sub' 'sub_ln703_4' <Predicate = (!icmp_ln87)> <Delay = 0.80> <CoreInst = "Adder">   --->   Core 1 'Adder' <Latency = 0> <II = 1> <Delay = 0.77> <FuncUnit> <Opcode : 'add' 'sub'> <InPorts = 2> <OutPorts = 1>
ST_9 : Operation 1445 [1/1] (0.80ns)   --->   "%add_ln703_2 = add i12 %r_V_46, i12 %empty"   --->   Operation 1445 'add' 'add_ln703_2' <Predicate = (!icmp_ln87)> <Delay = 0.80> <CoreInst = "Adder">   --->   Core 1 'Adder' <Latency = 0> <II = 1> <Delay = 0.77> <FuncUnit> <Opcode : 'add' 'sub'> <InPorts = 2> <OutPorts = 1>
ST_9 : Operation 1446 [1/1] (0.80ns)   --->   "%sub_ln703_5 = sub i12 %p_Val2_10, i12 %zext_ln708_1"   --->   Operation 1446 'sub' 'sub_ln703_5' <Predicate = (!icmp_ln87)> <Delay = 0.80> <CoreInst = "Adder">   --->   Core 1 'Adder' <Latency = 0> <II = 1> <Delay = 0.77> <FuncUnit> <Opcode : 'add' 'sub'> <InPorts = 2> <OutPorts = 1>
ST_9 : Operation 1447 [1/1] (0.37ns)   --->   "%tz = select i1 %p_Result_50, i12 %add_ln703_1, i12 %sub_ln703_5"   --->   Operation 1447 'select' 'tz' <Predicate = (!icmp_ln87)> <Delay = 0.37> <CoreInst = "Sel">   --->   Core 73 'Sel' <Latency = 0> <II = 1> <Delay = 0.39> <FuncUnit> <Opcode : 'select'> <InPorts = 3> <OutPorts = 1>
ST_9 : Operation 1448 [1/1] (0.37ns)   --->   "%ty = select i1 %p_Result_50, i12 %sub_ln703_3, i12 %add_ln703_2"   --->   Operation 1448 'select' 'ty' <Predicate = (!icmp_ln87)> <Delay = 0.37> <CoreInst = "Sel">   --->   Core 73 'Sel' <Latency = 0> <II = 1> <Delay = 0.39> <FuncUnit> <Opcode : 'select'> <InPorts = 3> <OutPorts = 1>
ST_9 : Operation 1449 [1/1] (0.37ns)   --->   "%tx = select i1 %p_Result_50, i12 %add_ln703, i12 %sub_ln703_4"   --->   Operation 1449 'select' 'tx' <Predicate = (!icmp_ln87)> <Delay = 0.37> <CoreInst = "Sel">   --->   Core 73 'Sel' <Latency = 0> <II = 1> <Delay = 0.39> <FuncUnit> <Opcode : 'select'> <InPorts = 3> <OutPorts = 1>
ST_9 : Operation 1450 [1/1] (0.00ns)   --->   "%br_ln0 = br void %_ZN8ap_fixedILi12ELi3EL9ap_q_mode5EL9ap_o_mode3ELi0EEC2ILi128ELi2ELb0ELS0_5ELS1_3ELi0EEERK13ap_fixed_baseIXT_EXT0_EXT1_EXT2_EXT3_EXT4_EE.exit.i.i"   --->   Operation 1450 'br' 'br_ln0' <Predicate = (!icmp_ln87)> <Delay = 0.00>

State 10 <SV = 8> <Delay = 2.37>
ST_10 : Operation 1451 [1/1] (0.00ns)   --->   "%trunc_ln87 = trunc i12 %empty_116" [C:/Xilinx/Vitis_HLS/2020.2/common/technology/autopilot/hls_cordic_apfixed.h:87]   --->   Operation 1451 'trunc' 'trunc_ln87' <Predicate = true> <Delay = 0.00>
ST_10 : Operation 1452 [1/1] (0.00ns)   --->   "%trunc_ln87_1 = trunc i12 %empty" [C:/Xilinx/Vitis_HLS/2020.2/common/technology/autopilot/hls_cordic_apfixed.h:87]   --->   Operation 1452 'trunc' 'trunc_ln87_1' <Predicate = (!icmp_ln251_1)> <Delay = 0.00>
ST_10 : Operation 1453 [1/1] (0.44ns)   --->   "%icmp_ln870 = icmp_eq  i2 %k_V, i2 2"   --->   Operation 1453 'icmp' 'icmp_ln870' <Predicate = true> <Delay = 0.44> <CoreInst = "Cmp">   --->   Core 9 'Cmp' <Latency = 0> <II = 1> <Delay = 0.44> <FuncUnit> <Opcode : 'icmp'> <InPorts = 2> <OutPorts = 1>
ST_10 : Operation 1454 [1/1] (0.79ns)   --->   "%r = sub i11 0, i11 %trunc_ln87_1"   --->   Operation 1454 'sub' 'r' <Predicate = (!icmp_ln251_1)> <Delay = 0.79> <CoreInst = "Adder">   --->   Core 1 'Adder' <Latency = 0> <II = 1> <Delay = 0.77> <FuncUnit> <Opcode : 'add' 'sub'> <InPorts = 2> <OutPorts = 1>
ST_10 : Operation 1455 [1/1] (0.79ns)   --->   "%r_1 = sub i11 0, i11 %trunc_ln87"   --->   Operation 1455 'sub' 'r_1' <Predicate = true> <Delay = 0.79> <CoreInst = "Adder">   --->   Core 1 'Adder' <Latency = 0> <II = 1> <Delay = 0.77> <FuncUnit> <Opcode : 'add' 'sub'> <InPorts = 2> <OutPorts = 1>
ST_10 : Operation 1456 [1/1] (0.44ns)   --->   "%icmp_ln274 = icmp_eq  i2 %k_V, i2 0" [C:/Xilinx/Vitis_HLS/2020.2/common/technology/autopilot/hls_cordic_apfixed.h:274->C:/Xilinx/Vitis_HLS/2020.2/common/technology/autopilot\hls_math.h:1956]   --->   Operation 1456 'icmp' 'icmp_ln274' <Predicate = true> <Delay = 0.44> <CoreInst = "Cmp">   --->   Core 9 'Cmp' <Latency = 0> <II = 1> <Delay = 0.44> <FuncUnit> <Opcode : 'icmp'> <InPorts = 2> <OutPorts = 1>
ST_10 : Operation 1457 [1/1] (0.00ns) (grouped into LUT with out node cosine_V)   --->   "%or_ln274 = or i1 %icmp_ln274, i1 %icmp_ln251_1" [C:/Xilinx/Vitis_HLS/2020.2/common/technology/autopilot/hls_cordic_apfixed.h:274->C:/Xilinx/Vitis_HLS/2020.2/common/technology/autopilot\hls_math.h:1956]   --->   Operation 1457 'or' 'or_ln274' <Predicate = true> <Delay = 0.00> <CoreInst = "LogicGate">   --->   Core 74 'LogicGate' <Latency = 0> <II = 1> <Delay = 0.28> <FuncUnit> <Opcode : 'and' 'or' 'xor'> <InPorts = 2> <OutPorts = 1>
ST_10 : Operation 1458 [1/1] (0.00ns)   --->   "%tmp_51 = partselect i9 @_ssdm_op_PartSelect.i9.i12.i32.i32, i12 %empty, i32 2, i32 10"   --->   Operation 1458 'partselect' 'tmp_51' <Predicate = true> <Delay = 0.00>
ST_10 : Operation 1459 [1/1] (0.00ns) (grouped into LUT with out node select_ln274_1)   --->   "%tmp_52 = partselect i9 @_ssdm_op_PartSelect.i9.i11.i32.i32, i11 %r, i32 2, i32 10"   --->   Operation 1459 'partselect' 'tmp_52' <Predicate = (!icmp_ln251_1)> <Delay = 0.00>
ST_10 : Operation 1460 [1/1] (0.00ns) (grouped into LUT with out node select_ln274_1)   --->   "%select_ln274 = select i1 %icmp_ln251_1, i9 %tmp_51, i9 %tmp_52" [C:/Xilinx/Vitis_HLS/2020.2/common/technology/autopilot/hls_cordic_apfixed.h:274->C:/Xilinx/Vitis_HLS/2020.2/common/technology/autopilot\hls_math.h:1956]   --->   Operation 1460 'select' 'select_ln274' <Predicate = true> <Delay = 0.00> <CoreInst = "Sel">   --->   Core 73 'Sel' <Latency = 0> <II = 1> <Delay = 0.39> <FuncUnit> <Opcode : 'select'> <InPorts = 3> <OutPorts = 1>
ST_10 : Operation 1461 [1/1] (0.39ns) (out node of the LUT)   --->   "%select_ln274_1 = select i1 %icmp_ln274, i9 %tmp_51, i9 %select_ln274" [C:/Xilinx/Vitis_HLS/2020.2/common/technology/autopilot/hls_cordic_apfixed.h:274->C:/Xilinx/Vitis_HLS/2020.2/common/technology/autopilot\hls_math.h:1956]   --->   Operation 1461 'select' 'select_ln274_1' <Predicate = true> <Delay = 0.39> <CoreInst = "Sel">   --->   Core 73 'Sel' <Latency = 0> <II = 1> <Delay = 0.39> <FuncUnit> <Opcode : 'select'> <InPorts = 3> <OutPorts = 1>
ST_10 : Operation 1462 [1/1] (0.00ns)   --->   "%tmp_53 = partselect i9 @_ssdm_op_PartSelect.i9.i12.i32.i32, i12 %empty_116, i32 2, i32 10"   --->   Operation 1462 'partselect' 'tmp_53' <Predicate = true> <Delay = 0.00>
ST_10 : Operation 1463 [1/1] (0.00ns)   --->   "%tmp_54 = partselect i9 @_ssdm_op_PartSelect.i9.i11.i32.i32, i11 %r_1, i32 2, i32 10"   --->   Operation 1463 'partselect' 'tmp_54' <Predicate = true> <Delay = 0.00>
ST_10 : Operation 1464 [1/1] (0.00ns) (grouped into LUT with out node cosine_V)   --->   "%select_ln274_2 = select i1 %icmp_ln274, i9 %tmp_53, i9 %tmp_54" [C:/Xilinx/Vitis_HLS/2020.2/common/technology/autopilot/hls_cordic_apfixed.h:274->C:/Xilinx/Vitis_HLS/2020.2/common/technology/autopilot\hls_math.h:1956]   --->   Operation 1464 'select' 'select_ln274_2' <Predicate = true> <Delay = 0.00> <CoreInst = "Sel">   --->   Core 73 'Sel' <Latency = 0> <II = 1> <Delay = 0.39> <FuncUnit> <Opcode : 'select'> <InPorts = 3> <OutPorts = 1>
ST_10 : Operation 1465 [1/1] (0.39ns) (out node of the LUT)   --->   "%select_ln274_3 = select i1 %icmp_ln870, i9 %tmp_54, i9 %tmp_53" [C:/Xilinx/Vitis_HLS/2020.2/common/technology/autopilot/hls_cordic_apfixed.h:274->C:/Xilinx/Vitis_HLS/2020.2/common/technology/autopilot\hls_math.h:1956]   --->   Operation 1465 'select' 'select_ln274_3' <Predicate = true> <Delay = 0.39> <CoreInst = "Sel">   --->   Core 73 'Sel' <Latency = 0> <II = 1> <Delay = 0.39> <FuncUnit> <Opcode : 'select'> <InPorts = 3> <OutPorts = 1>
ST_10 : Operation 1466 [1/1] (0.39ns) (out node of the LUT)   --->   "%cosine_V = select i1 %or_ln274, i9 %select_ln274_2, i9 %select_ln274_3" [C:/Xilinx/Vitis_HLS/2020.2/common/technology/autopilot/hls_cordic_apfixed.h:274->C:/Xilinx/Vitis_HLS/2020.2/common/technology/autopilot\hls_math.h:1956]   --->   Operation 1466 'select' 'cosine_V' <Predicate = true> <Delay = 0.39> <CoreInst = "Sel">   --->   Core 73 'Sel' <Latency = 0> <II = 1> <Delay = 0.39> <FuncUnit> <Opcode : 'select'> <InPorts = 3> <OutPorts = 1>
ST_10 : Operation 1467 [1/1] (0.77ns)   --->   "%sub_ln703_2 = sub i9 0, i9 %select_ln274_1"   --->   Operation 1467 'sub' 'sub_ln703_2' <Predicate = (!sign0)> <Delay = 0.77> <CoreInst = "Adder">   --->   Core 1 'Adder' <Latency = 0> <II = 1> <Delay = 0.77> <FuncUnit> <Opcode : 'add' 'sub'> <InPorts = 2> <OutPorts = 1>
ST_10 : Operation 1468 [1/1] (0.39ns)   --->   "%sine_V = select i1 %sign0, i9 %select_ln274_1, i9 %sub_ln703_2" [C:/Xilinx/Vitis_HLS/2020.2/common/technology/autopilot/hls_cordic_apfixed.h:291->C:/Xilinx/Vitis_HLS/2020.2/common/technology/autopilot\hls_math.h:1956]   --->   Operation 1468 'select' 'sine_V' <Predicate = true> <Delay = 0.39> <CoreInst = "Sel">   --->   Core 73 'Sel' <Latency = 0> <II = 1> <Delay = 0.39> <FuncUnit> <Opcode : 'select'> <InPorts = 3> <OutPorts = 1>
ST_10 : Operation 1469 [1/1] (0.00ns)   --->   "%sext_ln1118 = sext i9 %cosine_V"   --->   Operation 1469 'sext' 'sext_ln1118' <Predicate = true> <Delay = 0.00>
ST_10 : Operation 1470 [1/1] (0.00ns)   --->   "%sext_ln50 = sext i9 %sine_V" [src/ORB.cpp:50]   --->   Operation 1470 'sext' 'sext_ln50' <Predicate = true> <Delay = 0.00>
ST_10 : Operation 1471 [1/1] (0.42ns)   --->   "%br_ln50 = br void %_ZmlILi9ELi2ELb1EL9ap_q_mode5EL9ap_o_mode3ELi0ELi6ELb1EEN13ap_fixed_baseIXT5_EXT5_EXT6_ELS0_5ELS1_3ELi0EE5RTypeIXT_EXT0_EXT1_EE4multERK11ap_int_baseIXT5_EXT6_EERKS2_IXT_EXT0_EXT1_EXT2_EXT3_EXT4_EE.exit170" [src/ORB.cpp:50]   --->   Operation 1471 'br' 'br_ln50' <Predicate = true> <Delay = 0.42>

State 11 <SV = 9> <Delay = 1.23>
ST_11 : Operation 1472 [1/1] (0.00ns)   --->   "%i = phi i9 0, void %generic_sincos<10, 3>.exit, i9 %add_ln50, void %_ZmlILi9ELi2ELb1EL9ap_q_mode5EL9ap_o_mode3ELi0ELi6ELb1EEN13ap_fixed_baseIXT5_EXT5_EXT6_ELS0_5ELS1_3ELi0EE5RTypeIXT_EXT0_EXT1_EE4multERK11ap_int_baseIXT5_EXT6_EERKS2_IXT_EXT0_EXT1_EXT2_EXT3_EXT4_EE.exit170.split_ifconv" [src/ORB.cpp:50]   --->   Operation 1472 'phi' 'i' <Predicate = true> <Delay = 0.00>
ST_11 : Operation 1473 [1/1] (0.00ns)   --->   "%tmp = bitselect i1 @_ssdm_op_BitSelect.i1.i9.i32, i9 %i, i32 8" [src/ORB.cpp:50]   --->   Operation 1473 'bitselect' 'tmp' <Predicate = true> <Delay = 0.00>
ST_11 : Operation 1474 [1/1] (0.00ns)   --->   "%br_ln50 = br i1 %tmp, void %_ZmlILi9ELi2ELb1EL9ap_q_mode5EL9ap_o_mode3ELi0ELi6ELb1EEN13ap_fixed_baseIXT5_EXT5_EXT6_ELS0_5ELS1_3ELi0EE5RTypeIXT_EXT0_EXT1_EE4multERK11ap_int_baseIXT5_EXT6_EERKS2_IXT_EXT0_EXT1_EXT2_EXT3_EXT4_EE.exit170.split_ifconv, void" [src/ORB.cpp:50]   --->   Operation 1474 'br' 'br_ln50' <Predicate = true> <Delay = 0.00>
ST_11 : Operation 1475 [1/1] (0.77ns)   --->   "%add_ln50 = add i9 %i, i9 8" [src/ORB.cpp:50]   --->   Operation 1475 'add' 'add_ln50' <Predicate = (!tmp)> <Delay = 0.77> <CoreInst = "Adder">   --->   Core 1 'Adder' <Latency = 0> <II = 1> <Delay = 0.77> <FuncUnit> <Opcode : 'add' 'sub'> <InPorts = 2> <OutPorts = 1>
ST_11 : Operation 1476 [1/1] (0.00ns)   --->   "%trunc_ln52 = trunc i9 %i" [src/ORB.cpp:52]   --->   Operation 1476 'trunc' 'trunc_ln52' <Predicate = (!tmp)> <Delay = 0.00>
ST_11 : Operation 1477 [1/1] (0.00ns)   --->   "%shl_ln = bitconcatenate i10 @_ssdm_op_BitConcatenate.i10.i8.i2, i8 %trunc_ln52, i2 0" [src/ORB.cpp:52]   --->   Operation 1477 'bitconcatenate' 'shl_ln' <Predicate = (!tmp)> <Delay = 0.00>
ST_11 : Operation 1478 [1/1] (0.00ns)   --->   "%zext_ln52 = zext i10 %shl_ln" [src/ORB.cpp:52]   --->   Operation 1478 'zext' 'zext_ln52' <Predicate = (!tmp)> <Delay = 0.00>
ST_11 : Operation 1479 [1/1] (0.00ns)   --->   "%bit_pattern_31_addr = getelementptr i5 %bit_pattern_31, i64 0, i64 %zext_ln52" [src/ORB.cpp:52]   --->   Operation 1479 'getelementptr' 'bit_pattern_31_addr' <Predicate = (!tmp)> <Delay = 0.00>
ST_11 : Operation 1480 [2/2] (1.23ns)   --->   "%x0_V = load i10 %bit_pattern_31_addr" [src/ORB.cpp:52]   --->   Operation 1480 'load' 'x0_V' <Predicate = (!tmp)> <Delay = 1.23> <CoreInst = "ROM">   --->   Core 101 'ROM' <Latency = 1> <II = 1> <Delay = 1.23> <Storage> <Opcode : 'load'> <Ports = 0> <Width = 5> <Depth = 1024> <ROM>
ST_11 : Operation 1481 [1/1] (0.00ns)   --->   "%or_ln54 = or i10 %shl_ln, i10 2" [src/ORB.cpp:54]   --->   Operation 1481 'or' 'or_ln54' <Predicate = (!tmp)> <Delay = 0.00>
ST_11 : Operation 1482 [1/1] (0.00ns)   --->   "%zext_ln54 = zext i10 %or_ln54" [src/ORB.cpp:54]   --->   Operation 1482 'zext' 'zext_ln54' <Predicate = (!tmp)> <Delay = 0.00>
ST_11 : Operation 1483 [1/1] (0.00ns)   --->   "%bit_pattern_31_addr_2 = getelementptr i5 %bit_pattern_31, i64 0, i64 %zext_ln54" [src/ORB.cpp:54]   --->   Operation 1483 'getelementptr' 'bit_pattern_31_addr_2' <Predicate = (!tmp)> <Delay = 0.00>
ST_11 : Operation 1484 [2/2] (1.23ns)   --->   "%x1_V = load i10 %bit_pattern_31_addr_2" [src/ORB.cpp:54]   --->   Operation 1484 'load' 'x1_V' <Predicate = (!tmp)> <Delay = 1.23> <CoreInst = "ROM">   --->   Core 101 'ROM' <Latency = 1> <II = 1> <Delay = 1.23> <Storage> <Opcode : 'load'> <Ports = 0> <Width = 5> <Depth = 1024> <ROM>
ST_11 : Operation 1485 [1/1] (0.00ns)   --->   "%or_ln52 = or i10 %shl_ln, i10 4" [src/ORB.cpp:52]   --->   Operation 1485 'or' 'or_ln52' <Predicate = (!tmp)> <Delay = 0.00>
ST_11 : Operation 1486 [1/1] (0.00ns)   --->   "%zext_ln52_1 = zext i10 %or_ln52" [src/ORB.cpp:52]   --->   Operation 1486 'zext' 'zext_ln52_1' <Predicate = (!tmp)> <Delay = 0.00>
ST_11 : Operation 1487 [1/1] (0.00ns)   --->   "%bit_pattern_31_addr_4 = getelementptr i5 %bit_pattern_31, i64 0, i64 %zext_ln52_1" [src/ORB.cpp:52]   --->   Operation 1487 'getelementptr' 'bit_pattern_31_addr_4' <Predicate = (!tmp)> <Delay = 0.00>
ST_11 : Operation 1488 [2/2] (1.23ns)   --->   "%x0_V_1 = load i10 %bit_pattern_31_addr_4" [src/ORB.cpp:52]   --->   Operation 1488 'load' 'x0_V_1' <Predicate = (!tmp)> <Delay = 1.23> <CoreInst = "ROM">   --->   Core 101 'ROM' <Latency = 1> <II = 1> <Delay = 1.23> <Storage> <Opcode : 'load'> <Ports = 0> <Width = 5> <Depth = 1024> <ROM>
ST_11 : Operation 1489 [1/1] (0.00ns)   --->   "%or_ln54_1 = or i10 %shl_ln, i10 6" [src/ORB.cpp:54]   --->   Operation 1489 'or' 'or_ln54_1' <Predicate = (!tmp)> <Delay = 0.00>
ST_11 : Operation 1490 [1/1] (0.00ns)   --->   "%zext_ln54_1 = zext i10 %or_ln54_1" [src/ORB.cpp:54]   --->   Operation 1490 'zext' 'zext_ln54_1' <Predicate = (!tmp)> <Delay = 0.00>
ST_11 : Operation 1491 [1/1] (0.00ns)   --->   "%bit_pattern_31_addr_6 = getelementptr i5 %bit_pattern_31, i64 0, i64 %zext_ln54_1" [src/ORB.cpp:54]   --->   Operation 1491 'getelementptr' 'bit_pattern_31_addr_6' <Predicate = (!tmp)> <Delay = 0.00>
ST_11 : Operation 1492 [2/2] (1.23ns)   --->   "%x1_V_1 = load i10 %bit_pattern_31_addr_6" [src/ORB.cpp:54]   --->   Operation 1492 'load' 'x1_V_1' <Predicate = (!tmp)> <Delay = 1.23> <CoreInst = "ROM">   --->   Core 101 'ROM' <Latency = 1> <II = 1> <Delay = 1.23> <Storage> <Opcode : 'load'> <Ports = 0> <Width = 5> <Depth = 1024> <ROM>
ST_11 : Operation 1493 [1/1] (0.00ns)   --->   "%or_ln52_1 = or i10 %shl_ln, i10 8" [src/ORB.cpp:52]   --->   Operation 1493 'or' 'or_ln52_1' <Predicate = (!tmp)> <Delay = 0.00>
ST_11 : Operation 1494 [1/1] (0.00ns)   --->   "%zext_ln52_2 = zext i10 %or_ln52_1" [src/ORB.cpp:52]   --->   Operation 1494 'zext' 'zext_ln52_2' <Predicate = (!tmp)> <Delay = 0.00>
ST_11 : Operation 1495 [1/1] (0.00ns)   --->   "%bit_pattern_31_addr_8 = getelementptr i5 %bit_pattern_31, i64 0, i64 %zext_ln52_2" [src/ORB.cpp:52]   --->   Operation 1495 'getelementptr' 'bit_pattern_31_addr_8' <Predicate = (!tmp)> <Delay = 0.00>
ST_11 : Operation 1496 [2/2] (1.23ns)   --->   "%x0_V_2 = load i10 %bit_pattern_31_addr_8" [src/ORB.cpp:52]   --->   Operation 1496 'load' 'x0_V_2' <Predicate = (!tmp)> <Delay = 1.23> <CoreInst = "ROM">   --->   Core 101 'ROM' <Latency = 1> <II = 1> <Delay = 1.23> <Storage> <Opcode : 'load'> <Ports = 0> <Width = 5> <Depth = 1024> <ROM>
ST_11 : Operation 1497 [1/1] (0.00ns)   --->   "%or_ln54_2 = or i10 %shl_ln, i10 10" [src/ORB.cpp:54]   --->   Operation 1497 'or' 'or_ln54_2' <Predicate = (!tmp)> <Delay = 0.00>
ST_11 : Operation 1498 [1/1] (0.00ns)   --->   "%zext_ln54_2 = zext i10 %or_ln54_2" [src/ORB.cpp:54]   --->   Operation 1498 'zext' 'zext_ln54_2' <Predicate = (!tmp)> <Delay = 0.00>
ST_11 : Operation 1499 [1/1] (0.00ns)   --->   "%bit_pattern_31_addr_10 = getelementptr i5 %bit_pattern_31, i64 0, i64 %zext_ln54_2" [src/ORB.cpp:54]   --->   Operation 1499 'getelementptr' 'bit_pattern_31_addr_10' <Predicate = (!tmp)> <Delay = 0.00>
ST_11 : Operation 1500 [2/2] (1.23ns)   --->   "%x1_V_2 = load i10 %bit_pattern_31_addr_10" [src/ORB.cpp:54]   --->   Operation 1500 'load' 'x1_V_2' <Predicate = (!tmp)> <Delay = 1.23> <CoreInst = "ROM">   --->   Core 101 'ROM' <Latency = 1> <II = 1> <Delay = 1.23> <Storage> <Opcode : 'load'> <Ports = 0> <Width = 5> <Depth = 1024> <ROM>
ST_11 : Operation 1501 [1/1] (0.00ns)   --->   "%or_ln52_2 = or i10 %shl_ln, i10 12" [src/ORB.cpp:52]   --->   Operation 1501 'or' 'or_ln52_2' <Predicate = (!tmp)> <Delay = 0.00>
ST_11 : Operation 1502 [1/1] (0.00ns)   --->   "%zext_ln52_3 = zext i10 %or_ln52_2" [src/ORB.cpp:52]   --->   Operation 1502 'zext' 'zext_ln52_3' <Predicate = (!tmp)> <Delay = 0.00>
ST_11 : Operation 1503 [1/1] (0.00ns)   --->   "%bit_pattern_31_addr_12 = getelementptr i5 %bit_pattern_31, i64 0, i64 %zext_ln52_3" [src/ORB.cpp:52]   --->   Operation 1503 'getelementptr' 'bit_pattern_31_addr_12' <Predicate = (!tmp)> <Delay = 0.00>
ST_11 : Operation 1504 [2/2] (1.23ns)   --->   "%x0_V_3 = load i10 %bit_pattern_31_addr_12" [src/ORB.cpp:52]   --->   Operation 1504 'load' 'x0_V_3' <Predicate = (!tmp)> <Delay = 1.23> <CoreInst = "ROM">   --->   Core 101 'ROM' <Latency = 1> <II = 1> <Delay = 1.23> <Storage> <Opcode : 'load'> <Ports = 0> <Width = 5> <Depth = 1024> <ROM>
ST_11 : Operation 1505 [1/1] (0.00ns)   --->   "%or_ln54_3 = or i10 %shl_ln, i10 14" [src/ORB.cpp:54]   --->   Operation 1505 'or' 'or_ln54_3' <Predicate = (!tmp)> <Delay = 0.00>
ST_11 : Operation 1506 [1/1] (0.00ns)   --->   "%zext_ln54_3 = zext i10 %or_ln54_3" [src/ORB.cpp:54]   --->   Operation 1506 'zext' 'zext_ln54_3' <Predicate = (!tmp)> <Delay = 0.00>
ST_11 : Operation 1507 [1/1] (0.00ns)   --->   "%bit_pattern_31_addr_14 = getelementptr i5 %bit_pattern_31, i64 0, i64 %zext_ln54_3" [src/ORB.cpp:54]   --->   Operation 1507 'getelementptr' 'bit_pattern_31_addr_14' <Predicate = (!tmp)> <Delay = 0.00>
ST_11 : Operation 1508 [2/2] (1.23ns)   --->   "%x1_V_3 = load i10 %bit_pattern_31_addr_14" [src/ORB.cpp:54]   --->   Operation 1508 'load' 'x1_V_3' <Predicate = (!tmp)> <Delay = 1.23> <CoreInst = "ROM">   --->   Core 101 'ROM' <Latency = 1> <II = 1> <Delay = 1.23> <Storage> <Opcode : 'load'> <Ports = 0> <Width = 5> <Depth = 1024> <ROM>
ST_11 : Operation 1509 [1/1] (0.00ns)   --->   "%or_ln52_3 = or i10 %shl_ln, i10 16" [src/ORB.cpp:52]   --->   Operation 1509 'or' 'or_ln52_3' <Predicate = (!tmp)> <Delay = 0.00>
ST_11 : Operation 1510 [1/1] (0.00ns)   --->   "%zext_ln52_4 = zext i10 %or_ln52_3" [src/ORB.cpp:52]   --->   Operation 1510 'zext' 'zext_ln52_4' <Predicate = (!tmp)> <Delay = 0.00>
ST_11 : Operation 1511 [1/1] (0.00ns)   --->   "%bit_pattern_31_addr_16 = getelementptr i5 %bit_pattern_31, i64 0, i64 %zext_ln52_4" [src/ORB.cpp:52]   --->   Operation 1511 'getelementptr' 'bit_pattern_31_addr_16' <Predicate = (!tmp)> <Delay = 0.00>
ST_11 : Operation 1512 [2/2] (1.23ns)   --->   "%x0_V_4 = load i10 %bit_pattern_31_addr_16" [src/ORB.cpp:52]   --->   Operation 1512 'load' 'x0_V_4' <Predicate = (!tmp)> <Delay = 1.23> <CoreInst = "ROM">   --->   Core 101 'ROM' <Latency = 1> <II = 1> <Delay = 1.23> <Storage> <Opcode : 'load'> <Ports = 0> <Width = 5> <Depth = 1024> <ROM>
ST_11 : Operation 1513 [1/1] (0.00ns)   --->   "%or_ln54_4 = or i10 %shl_ln, i10 18" [src/ORB.cpp:54]   --->   Operation 1513 'or' 'or_ln54_4' <Predicate = (!tmp)> <Delay = 0.00>
ST_11 : Operation 1514 [1/1] (0.00ns)   --->   "%zext_ln54_4 = zext i10 %or_ln54_4" [src/ORB.cpp:54]   --->   Operation 1514 'zext' 'zext_ln54_4' <Predicate = (!tmp)> <Delay = 0.00>
ST_11 : Operation 1515 [1/1] (0.00ns)   --->   "%bit_pattern_31_addr_18 = getelementptr i5 %bit_pattern_31, i64 0, i64 %zext_ln54_4" [src/ORB.cpp:54]   --->   Operation 1515 'getelementptr' 'bit_pattern_31_addr_18' <Predicate = (!tmp)> <Delay = 0.00>
ST_11 : Operation 1516 [2/2] (1.23ns)   --->   "%x1_V_4 = load i10 %bit_pattern_31_addr_18" [src/ORB.cpp:54]   --->   Operation 1516 'load' 'x1_V_4' <Predicate = (!tmp)> <Delay = 1.23> <CoreInst = "ROM">   --->   Core 101 'ROM' <Latency = 1> <II = 1> <Delay = 1.23> <Storage> <Opcode : 'load'> <Ports = 0> <Width = 5> <Depth = 1024> <ROM>
ST_11 : Operation 1517 [1/1] (0.00ns)   --->   "%or_ln52_4 = or i10 %shl_ln, i10 20" [src/ORB.cpp:52]   --->   Operation 1517 'or' 'or_ln52_4' <Predicate = (!tmp)> <Delay = 0.00>
ST_11 : Operation 1518 [1/1] (0.00ns)   --->   "%zext_ln52_5 = zext i10 %or_ln52_4" [src/ORB.cpp:52]   --->   Operation 1518 'zext' 'zext_ln52_5' <Predicate = (!tmp)> <Delay = 0.00>
ST_11 : Operation 1519 [1/1] (0.00ns)   --->   "%bit_pattern_31_addr_20 = getelementptr i5 %bit_pattern_31, i64 0, i64 %zext_ln52_5" [src/ORB.cpp:52]   --->   Operation 1519 'getelementptr' 'bit_pattern_31_addr_20' <Predicate = (!tmp)> <Delay = 0.00>
ST_11 : Operation 1520 [2/2] (1.23ns)   --->   "%x0_V_5 = load i10 %bit_pattern_31_addr_20" [src/ORB.cpp:52]   --->   Operation 1520 'load' 'x0_V_5' <Predicate = (!tmp)> <Delay = 1.23> <CoreInst = "ROM">   --->   Core 101 'ROM' <Latency = 1> <II = 1> <Delay = 1.23> <Storage> <Opcode : 'load'> <Ports = 0> <Width = 5> <Depth = 1024> <ROM>
ST_11 : Operation 1521 [1/1] (0.00ns)   --->   "%or_ln54_5 = or i10 %shl_ln, i10 22" [src/ORB.cpp:54]   --->   Operation 1521 'or' 'or_ln54_5' <Predicate = (!tmp)> <Delay = 0.00>
ST_11 : Operation 1522 [1/1] (0.00ns)   --->   "%zext_ln54_5 = zext i10 %or_ln54_5" [src/ORB.cpp:54]   --->   Operation 1522 'zext' 'zext_ln54_5' <Predicate = (!tmp)> <Delay = 0.00>
ST_11 : Operation 1523 [1/1] (0.00ns)   --->   "%bit_pattern_31_addr_22 = getelementptr i5 %bit_pattern_31, i64 0, i64 %zext_ln54_5" [src/ORB.cpp:54]   --->   Operation 1523 'getelementptr' 'bit_pattern_31_addr_22' <Predicate = (!tmp)> <Delay = 0.00>
ST_11 : Operation 1524 [2/2] (1.23ns)   --->   "%x1_V_5 = load i10 %bit_pattern_31_addr_22" [src/ORB.cpp:54]   --->   Operation 1524 'load' 'x1_V_5' <Predicate = (!tmp)> <Delay = 1.23> <CoreInst = "ROM">   --->   Core 101 'ROM' <Latency = 1> <II = 1> <Delay = 1.23> <Storage> <Opcode : 'load'> <Ports = 0> <Width = 5> <Depth = 1024> <ROM>
ST_11 : Operation 1525 [1/1] (0.00ns)   --->   "%or_ln52_5 = or i10 %shl_ln, i10 24" [src/ORB.cpp:52]   --->   Operation 1525 'or' 'or_ln52_5' <Predicate = (!tmp)> <Delay = 0.00>
ST_11 : Operation 1526 [1/1] (0.00ns)   --->   "%zext_ln52_6 = zext i10 %or_ln52_5" [src/ORB.cpp:52]   --->   Operation 1526 'zext' 'zext_ln52_6' <Predicate = (!tmp)> <Delay = 0.00>
ST_11 : Operation 1527 [1/1] (0.00ns)   --->   "%bit_pattern_31_addr_24 = getelementptr i5 %bit_pattern_31, i64 0, i64 %zext_ln52_6" [src/ORB.cpp:52]   --->   Operation 1527 'getelementptr' 'bit_pattern_31_addr_24' <Predicate = (!tmp)> <Delay = 0.00>
ST_11 : Operation 1528 [2/2] (1.23ns)   --->   "%x0_V_6 = load i10 %bit_pattern_31_addr_24" [src/ORB.cpp:52]   --->   Operation 1528 'load' 'x0_V_6' <Predicate = (!tmp)> <Delay = 1.23> <CoreInst = "ROM">   --->   Core 101 'ROM' <Latency = 1> <II = 1> <Delay = 1.23> <Storage> <Opcode : 'load'> <Ports = 0> <Width = 5> <Depth = 1024> <ROM>
ST_11 : Operation 1529 [1/1] (0.00ns)   --->   "%or_ln54_6 = or i10 %shl_ln, i10 26" [src/ORB.cpp:54]   --->   Operation 1529 'or' 'or_ln54_6' <Predicate = (!tmp)> <Delay = 0.00>
ST_11 : Operation 1530 [1/1] (0.00ns)   --->   "%zext_ln54_6 = zext i10 %or_ln54_6" [src/ORB.cpp:54]   --->   Operation 1530 'zext' 'zext_ln54_6' <Predicate = (!tmp)> <Delay = 0.00>
ST_11 : Operation 1531 [1/1] (0.00ns)   --->   "%bit_pattern_31_addr_26 = getelementptr i5 %bit_pattern_31, i64 0, i64 %zext_ln54_6" [src/ORB.cpp:54]   --->   Operation 1531 'getelementptr' 'bit_pattern_31_addr_26' <Predicate = (!tmp)> <Delay = 0.00>
ST_11 : Operation 1532 [2/2] (1.23ns)   --->   "%x1_V_6 = load i10 %bit_pattern_31_addr_26" [src/ORB.cpp:54]   --->   Operation 1532 'load' 'x1_V_6' <Predicate = (!tmp)> <Delay = 1.23> <CoreInst = "ROM">   --->   Core 101 'ROM' <Latency = 1> <II = 1> <Delay = 1.23> <Storage> <Opcode : 'load'> <Ports = 0> <Width = 5> <Depth = 1024> <ROM>
ST_11 : Operation 1533 [1/1] (0.00ns)   --->   "%or_ln52_6 = or i10 %shl_ln, i10 28" [src/ORB.cpp:52]   --->   Operation 1533 'or' 'or_ln52_6' <Predicate = (!tmp)> <Delay = 0.00>
ST_11 : Operation 1534 [1/1] (0.00ns)   --->   "%zext_ln52_7 = zext i10 %or_ln52_6" [src/ORB.cpp:52]   --->   Operation 1534 'zext' 'zext_ln52_7' <Predicate = (!tmp)> <Delay = 0.00>
ST_11 : Operation 1535 [1/1] (0.00ns)   --->   "%bit_pattern_31_addr_28 = getelementptr i5 %bit_pattern_31, i64 0, i64 %zext_ln52_7" [src/ORB.cpp:52]   --->   Operation 1535 'getelementptr' 'bit_pattern_31_addr_28' <Predicate = (!tmp)> <Delay = 0.00>
ST_11 : Operation 1536 [2/2] (1.23ns)   --->   "%x0_V_7 = load i10 %bit_pattern_31_addr_28" [src/ORB.cpp:52]   --->   Operation 1536 'load' 'x0_V_7' <Predicate = (!tmp)> <Delay = 1.23> <CoreInst = "ROM">   --->   Core 101 'ROM' <Latency = 1> <II = 1> <Delay = 1.23> <Storage> <Opcode : 'load'> <Ports = 0> <Width = 5> <Depth = 1024> <ROM>
ST_11 : Operation 1537 [1/1] (0.00ns)   --->   "%or_ln54_7 = or i10 %shl_ln, i10 30" [src/ORB.cpp:54]   --->   Operation 1537 'or' 'or_ln54_7' <Predicate = (!tmp)> <Delay = 0.00>
ST_11 : Operation 1538 [1/1] (0.00ns)   --->   "%zext_ln54_7 = zext i10 %or_ln54_7" [src/ORB.cpp:54]   --->   Operation 1538 'zext' 'zext_ln54_7' <Predicate = (!tmp)> <Delay = 0.00>
ST_11 : Operation 1539 [1/1] (0.00ns)   --->   "%bit_pattern_31_addr_30 = getelementptr i5 %bit_pattern_31, i64 0, i64 %zext_ln54_7" [src/ORB.cpp:54]   --->   Operation 1539 'getelementptr' 'bit_pattern_31_addr_30' <Predicate = (!tmp)> <Delay = 0.00>
ST_11 : Operation 1540 [2/2] (1.23ns)   --->   "%x1_V_7 = load i10 %bit_pattern_31_addr_30" [src/ORB.cpp:54]   --->   Operation 1540 'load' 'x1_V_7' <Predicate = (!tmp)> <Delay = 1.23> <CoreInst = "ROM">   --->   Core 101 'ROM' <Latency = 1> <II = 1> <Delay = 1.23> <Storage> <Opcode : 'load'> <Ports = 0> <Width = 5> <Depth = 1024> <ROM>

State 12 <SV = 10> <Delay = 2.23>
ST_12 : Operation 1541 [1/2] (1.23ns)   --->   "%x0_V = load i10 %bit_pattern_31_addr" [src/ORB.cpp:52]   --->   Operation 1541 'load' 'x0_V' <Predicate = (!tmp)> <Delay = 1.23> <CoreInst = "ROM">   --->   Core 101 'ROM' <Latency = 1> <II = 1> <Delay = 1.23> <Storage> <Opcode : 'load'> <Ports = 0> <Width = 5> <Depth = 1024> <ROM>
ST_12 : Operation 1542 [1/2] (1.23ns)   --->   "%x1_V = load i10 %bit_pattern_31_addr_2" [src/ORB.cpp:54]   --->   Operation 1542 'load' 'x1_V' <Predicate = (!tmp)> <Delay = 1.23> <CoreInst = "ROM">   --->   Core 101 'ROM' <Latency = 1> <II = 1> <Delay = 1.23> <Storage> <Opcode : 'load'> <Ports = 0> <Width = 5> <Depth = 1024> <ROM>
ST_12 : Operation 1543 [1/1] (0.00ns)   --->   "%sext_ln1118_1 = sext i5 %x0_V"   --->   Operation 1543 'sext' 'sext_ln1118_1' <Predicate = (!tmp)> <Delay = 0.00>
ST_12 : Operation 1544 [3/3] (0.99ns) (grouped into DSP with root node ret_V_25)   --->   "%r_V_50 = mul i14 %sext_ln50, i14 %sext_ln1118_1"   --->   Operation 1544 'mul' 'r_V_50' <Predicate = (!tmp)> <Delay = 0.99> <CoreInst = "DSP48">   --->   Core 127 'DSP48' <Latency = 3> <II = 1> <Delay = 0.53> <IPBlock> <Opcode : 'mul' 'add' 'sub' 'select'> <InPorts = 0> <OutPorts = 1> <Sync> <CReg>
ST_12 : Operation 1545 [1/1] (0.00ns)   --->   "%sext_ln1118_3 = sext i5 %x1_V"   --->   Operation 1545 'sext' 'sext_ln1118_3' <Predicate = (!tmp)> <Delay = 0.00>
ST_12 : Operation 1546 [3/3] (0.99ns) (grouped into DSP with root node ret_V_31)   --->   "%r_V_54 = mul i14 %sext_ln50, i14 %sext_ln1118_3"   --->   Operation 1546 'mul' 'r_V_54' <Predicate = (!tmp)> <Delay = 0.99> <CoreInst = "DSP48">   --->   Core 127 'DSP48' <Latency = 3> <II = 1> <Delay = 0.53> <IPBlock> <Opcode : 'mul' 'add' 'sub' 'select'> <InPorts = 0> <OutPorts = 1> <Sync> <CReg>
ST_12 : Operation 1547 [1/2] (1.23ns)   --->   "%x0_V_1 = load i10 %bit_pattern_31_addr_4" [src/ORB.cpp:52]   --->   Operation 1547 'load' 'x0_V_1' <Predicate = (!tmp)> <Delay = 1.23> <CoreInst = "ROM">   --->   Core 101 'ROM' <Latency = 1> <II = 1> <Delay = 1.23> <Storage> <Opcode : 'load'> <Ports = 0> <Width = 5> <Depth = 1024> <ROM>
ST_12 : Operation 1548 [1/2] (1.23ns)   --->   "%x1_V_1 = load i10 %bit_pattern_31_addr_6" [src/ORB.cpp:54]   --->   Operation 1548 'load' 'x1_V_1' <Predicate = (!tmp)> <Delay = 1.23> <CoreInst = "ROM">   --->   Core 101 'ROM' <Latency = 1> <II = 1> <Delay = 1.23> <Storage> <Opcode : 'load'> <Ports = 0> <Width = 5> <Depth = 1024> <ROM>
ST_12 : Operation 1549 [1/1] (0.00ns)   --->   "%sext_ln1118_5 = sext i5 %x0_V_1"   --->   Operation 1549 'sext' 'sext_ln1118_5' <Predicate = (!tmp)> <Delay = 0.00>
ST_12 : Operation 1550 [3/3] (0.99ns) (grouped into DSP with root node ret_V_37)   --->   "%r_V_58 = mul i14 %sext_ln50, i14 %sext_ln1118_5"   --->   Operation 1550 'mul' 'r_V_58' <Predicate = (!tmp)> <Delay = 0.99> <CoreInst = "DSP48">   --->   Core 127 'DSP48' <Latency = 3> <II = 1> <Delay = 0.53> <IPBlock> <Opcode : 'mul' 'add' 'sub' 'select'> <InPorts = 0> <OutPorts = 1> <Sync> <CReg>
ST_12 : Operation 1551 [1/1] (0.00ns)   --->   "%sext_ln1118_7 = sext i5 %x1_V_1"   --->   Operation 1551 'sext' 'sext_ln1118_7' <Predicate = (!tmp)> <Delay = 0.00>
ST_12 : Operation 1552 [3/3] (0.99ns) (grouped into DSP with root node ret_V_43)   --->   "%r_V_62 = mul i14 %sext_ln50, i14 %sext_ln1118_7"   --->   Operation 1552 'mul' 'r_V_62' <Predicate = (!tmp)> <Delay = 0.99> <CoreInst = "DSP48">   --->   Core 127 'DSP48' <Latency = 3> <II = 1> <Delay = 0.53> <IPBlock> <Opcode : 'mul' 'add' 'sub' 'select'> <InPorts = 0> <OutPorts = 1> <Sync> <CReg>
ST_12 : Operation 1553 [1/2] (1.23ns)   --->   "%x0_V_2 = load i10 %bit_pattern_31_addr_8" [src/ORB.cpp:52]   --->   Operation 1553 'load' 'x0_V_2' <Predicate = (!tmp)> <Delay = 1.23> <CoreInst = "ROM">   --->   Core 101 'ROM' <Latency = 1> <II = 1> <Delay = 1.23> <Storage> <Opcode : 'load'> <Ports = 0> <Width = 5> <Depth = 1024> <ROM>
ST_12 : Operation 1554 [1/2] (1.23ns)   --->   "%x1_V_2 = load i10 %bit_pattern_31_addr_10" [src/ORB.cpp:54]   --->   Operation 1554 'load' 'x1_V_2' <Predicate = (!tmp)> <Delay = 1.23> <CoreInst = "ROM">   --->   Core 101 'ROM' <Latency = 1> <II = 1> <Delay = 1.23> <Storage> <Opcode : 'load'> <Ports = 0> <Width = 5> <Depth = 1024> <ROM>
ST_12 : Operation 1555 [1/1] (0.00ns)   --->   "%sext_ln1118_9 = sext i5 %x0_V_2"   --->   Operation 1555 'sext' 'sext_ln1118_9' <Predicate = (!tmp)> <Delay = 0.00>
ST_12 : Operation 1556 [3/3] (0.99ns) (grouped into DSP with root node ret_V_49)   --->   "%r_V_66 = mul i14 %sext_ln50, i14 %sext_ln1118_9"   --->   Operation 1556 'mul' 'r_V_66' <Predicate = (!tmp)> <Delay = 0.99> <CoreInst = "DSP48">   --->   Core 127 'DSP48' <Latency = 3> <II = 1> <Delay = 0.53> <IPBlock> <Opcode : 'mul' 'add' 'sub' 'select'> <InPorts = 0> <OutPorts = 1> <Sync> <CReg>
ST_12 : Operation 1557 [1/1] (0.00ns)   --->   "%sext_ln1118_11 = sext i5 %x1_V_2"   --->   Operation 1557 'sext' 'sext_ln1118_11' <Predicate = (!tmp)> <Delay = 0.00>
ST_12 : Operation 1558 [3/3] (0.99ns) (grouped into DSP with root node ret_V_55)   --->   "%r_V_70 = mul i14 %sext_ln50, i14 %sext_ln1118_11"   --->   Operation 1558 'mul' 'r_V_70' <Predicate = (!tmp)> <Delay = 0.99> <CoreInst = "DSP48">   --->   Core 127 'DSP48' <Latency = 3> <II = 1> <Delay = 0.53> <IPBlock> <Opcode : 'mul' 'add' 'sub' 'select'> <InPorts = 0> <OutPorts = 1> <Sync> <CReg>
ST_12 : Operation 1559 [1/2] (1.23ns)   --->   "%x0_V_3 = load i10 %bit_pattern_31_addr_12" [src/ORB.cpp:52]   --->   Operation 1559 'load' 'x0_V_3' <Predicate = (!tmp)> <Delay = 1.23> <CoreInst = "ROM">   --->   Core 101 'ROM' <Latency = 1> <II = 1> <Delay = 1.23> <Storage> <Opcode : 'load'> <Ports = 0> <Width = 5> <Depth = 1024> <ROM>
ST_12 : Operation 1560 [1/2] (1.23ns)   --->   "%x1_V_3 = load i10 %bit_pattern_31_addr_14" [src/ORB.cpp:54]   --->   Operation 1560 'load' 'x1_V_3' <Predicate = (!tmp)> <Delay = 1.23> <CoreInst = "ROM">   --->   Core 101 'ROM' <Latency = 1> <II = 1> <Delay = 1.23> <Storage> <Opcode : 'load'> <Ports = 0> <Width = 5> <Depth = 1024> <ROM>
ST_12 : Operation 1561 [1/1] (0.00ns)   --->   "%sext_ln1118_13 = sext i5 %x0_V_3"   --->   Operation 1561 'sext' 'sext_ln1118_13' <Predicate = (!tmp)> <Delay = 0.00>
ST_12 : Operation 1562 [3/3] (0.99ns) (grouped into DSP with root node ret_V_61)   --->   "%r_V_74 = mul i14 %sext_ln50, i14 %sext_ln1118_13"   --->   Operation 1562 'mul' 'r_V_74' <Predicate = (!tmp)> <Delay = 0.99> <CoreInst = "DSP48">   --->   Core 127 'DSP48' <Latency = 3> <II = 1> <Delay = 0.53> <IPBlock> <Opcode : 'mul' 'add' 'sub' 'select'> <InPorts = 0> <OutPorts = 1> <Sync> <CReg>
ST_12 : Operation 1563 [1/1] (0.00ns)   --->   "%sext_ln1118_15 = sext i5 %x1_V_3"   --->   Operation 1563 'sext' 'sext_ln1118_15' <Predicate = (!tmp)> <Delay = 0.00>
ST_12 : Operation 1564 [3/3] (0.99ns) (grouped into DSP with root node ret_V_67)   --->   "%r_V_78 = mul i14 %sext_ln50, i14 %sext_ln1118_15"   --->   Operation 1564 'mul' 'r_V_78' <Predicate = (!tmp)> <Delay = 0.99> <CoreInst = "DSP48">   --->   Core 127 'DSP48' <Latency = 3> <II = 1> <Delay = 0.53> <IPBlock> <Opcode : 'mul' 'add' 'sub' 'select'> <InPorts = 0> <OutPorts = 1> <Sync> <CReg>
ST_12 : Operation 1565 [1/2] (1.23ns)   --->   "%x0_V_4 = load i10 %bit_pattern_31_addr_16" [src/ORB.cpp:52]   --->   Operation 1565 'load' 'x0_V_4' <Predicate = (!tmp)> <Delay = 1.23> <CoreInst = "ROM">   --->   Core 101 'ROM' <Latency = 1> <II = 1> <Delay = 1.23> <Storage> <Opcode : 'load'> <Ports = 0> <Width = 5> <Depth = 1024> <ROM>
ST_12 : Operation 1566 [1/2] (1.23ns)   --->   "%x1_V_4 = load i10 %bit_pattern_31_addr_18" [src/ORB.cpp:54]   --->   Operation 1566 'load' 'x1_V_4' <Predicate = (!tmp)> <Delay = 1.23> <CoreInst = "ROM">   --->   Core 101 'ROM' <Latency = 1> <II = 1> <Delay = 1.23> <Storage> <Opcode : 'load'> <Ports = 0> <Width = 5> <Depth = 1024> <ROM>
ST_12 : Operation 1567 [1/1] (0.00ns)   --->   "%sext_ln1118_17 = sext i5 %x0_V_4"   --->   Operation 1567 'sext' 'sext_ln1118_17' <Predicate = (!tmp)> <Delay = 0.00>
ST_12 : Operation 1568 [3/3] (0.99ns) (grouped into DSP with root node ret_V_73)   --->   "%r_V_82 = mul i14 %sext_ln50, i14 %sext_ln1118_17"   --->   Operation 1568 'mul' 'r_V_82' <Predicate = (!tmp)> <Delay = 0.99> <CoreInst = "DSP48">   --->   Core 127 'DSP48' <Latency = 3> <II = 1> <Delay = 0.53> <IPBlock> <Opcode : 'mul' 'add' 'sub' 'select'> <InPorts = 0> <OutPorts = 1> <Sync> <CReg>
ST_12 : Operation 1569 [1/1] (0.00ns)   --->   "%sext_ln1118_19 = sext i5 %x1_V_4"   --->   Operation 1569 'sext' 'sext_ln1118_19' <Predicate = (!tmp)> <Delay = 0.00>
ST_12 : Operation 1570 [3/3] (0.99ns) (grouped into DSP with root node ret_V_79)   --->   "%r_V_86 = mul i14 %sext_ln50, i14 %sext_ln1118_19"   --->   Operation 1570 'mul' 'r_V_86' <Predicate = (!tmp)> <Delay = 0.99> <CoreInst = "DSP48">   --->   Core 127 'DSP48' <Latency = 3> <II = 1> <Delay = 0.53> <IPBlock> <Opcode : 'mul' 'add' 'sub' 'select'> <InPorts = 0> <OutPorts = 1> <Sync> <CReg>
ST_12 : Operation 1571 [1/2] (1.23ns)   --->   "%x0_V_5 = load i10 %bit_pattern_31_addr_20" [src/ORB.cpp:52]   --->   Operation 1571 'load' 'x0_V_5' <Predicate = (!tmp)> <Delay = 1.23> <CoreInst = "ROM">   --->   Core 101 'ROM' <Latency = 1> <II = 1> <Delay = 1.23> <Storage> <Opcode : 'load'> <Ports = 0> <Width = 5> <Depth = 1024> <ROM>
ST_12 : Operation 1572 [1/2] (1.23ns)   --->   "%x1_V_5 = load i10 %bit_pattern_31_addr_22" [src/ORB.cpp:54]   --->   Operation 1572 'load' 'x1_V_5' <Predicate = (!tmp)> <Delay = 1.23> <CoreInst = "ROM">   --->   Core 101 'ROM' <Latency = 1> <II = 1> <Delay = 1.23> <Storage> <Opcode : 'load'> <Ports = 0> <Width = 5> <Depth = 1024> <ROM>
ST_12 : Operation 1573 [1/1] (0.00ns)   --->   "%sext_ln1118_21 = sext i5 %x0_V_5"   --->   Operation 1573 'sext' 'sext_ln1118_21' <Predicate = (!tmp)> <Delay = 0.00>
ST_12 : Operation 1574 [3/3] (0.99ns) (grouped into DSP with root node ret_V_85)   --->   "%r_V_90 = mul i14 %sext_ln50, i14 %sext_ln1118_21"   --->   Operation 1574 'mul' 'r_V_90' <Predicate = (!tmp)> <Delay = 0.99> <CoreInst = "DSP48">   --->   Core 127 'DSP48' <Latency = 3> <II = 1> <Delay = 0.53> <IPBlock> <Opcode : 'mul' 'add' 'sub' 'select'> <InPorts = 0> <OutPorts = 1> <Sync> <CReg>
ST_12 : Operation 1575 [1/1] (0.00ns)   --->   "%sext_ln1118_23 = sext i5 %x1_V_5"   --->   Operation 1575 'sext' 'sext_ln1118_23' <Predicate = (!tmp)> <Delay = 0.00>
ST_12 : Operation 1576 [3/3] (0.99ns) (grouped into DSP with root node ret_V_91)   --->   "%r_V_94 = mul i14 %sext_ln50, i14 %sext_ln1118_23"   --->   Operation 1576 'mul' 'r_V_94' <Predicate = (!tmp)> <Delay = 0.99> <CoreInst = "DSP48">   --->   Core 127 'DSP48' <Latency = 3> <II = 1> <Delay = 0.53> <IPBlock> <Opcode : 'mul' 'add' 'sub' 'select'> <InPorts = 0> <OutPorts = 1> <Sync> <CReg>
ST_12 : Operation 1577 [1/2] (1.23ns)   --->   "%x0_V_6 = load i10 %bit_pattern_31_addr_24" [src/ORB.cpp:52]   --->   Operation 1577 'load' 'x0_V_6' <Predicate = (!tmp)> <Delay = 1.23> <CoreInst = "ROM">   --->   Core 101 'ROM' <Latency = 1> <II = 1> <Delay = 1.23> <Storage> <Opcode : 'load'> <Ports = 0> <Width = 5> <Depth = 1024> <ROM>
ST_12 : Operation 1578 [1/2] (1.23ns)   --->   "%x1_V_6 = load i10 %bit_pattern_31_addr_26" [src/ORB.cpp:54]   --->   Operation 1578 'load' 'x1_V_6' <Predicate = (!tmp)> <Delay = 1.23> <CoreInst = "ROM">   --->   Core 101 'ROM' <Latency = 1> <II = 1> <Delay = 1.23> <Storage> <Opcode : 'load'> <Ports = 0> <Width = 5> <Depth = 1024> <ROM>
ST_12 : Operation 1579 [1/1] (0.00ns)   --->   "%sext_ln1118_25 = sext i5 %x0_V_6"   --->   Operation 1579 'sext' 'sext_ln1118_25' <Predicate = (!tmp)> <Delay = 0.00>
ST_12 : Operation 1580 [3/3] (0.99ns) (grouped into DSP with root node ret_V_97)   --->   "%r_V_98 = mul i14 %sext_ln50, i14 %sext_ln1118_25"   --->   Operation 1580 'mul' 'r_V_98' <Predicate = (!tmp)> <Delay = 0.99> <CoreInst = "DSP48">   --->   Core 127 'DSP48' <Latency = 3> <II = 1> <Delay = 0.53> <IPBlock> <Opcode : 'mul' 'add' 'sub' 'select'> <InPorts = 0> <OutPorts = 1> <Sync> <CReg>
ST_12 : Operation 1581 [1/1] (0.00ns)   --->   "%sext_ln1118_27 = sext i5 %x1_V_6"   --->   Operation 1581 'sext' 'sext_ln1118_27' <Predicate = (!tmp)> <Delay = 0.00>
ST_12 : Operation 1582 [3/3] (0.99ns) (grouped into DSP with root node ret_V_103)   --->   "%r_V_102 = mul i14 %sext_ln50, i14 %sext_ln1118_27"   --->   Operation 1582 'mul' 'r_V_102' <Predicate = (!tmp)> <Delay = 0.99> <CoreInst = "DSP48">   --->   Core 127 'DSP48' <Latency = 3> <II = 1> <Delay = 0.53> <IPBlock> <Opcode : 'mul' 'add' 'sub' 'select'> <InPorts = 0> <OutPorts = 1> <Sync> <CReg>
ST_12 : Operation 1583 [1/2] (1.23ns)   --->   "%x0_V_7 = load i10 %bit_pattern_31_addr_28" [src/ORB.cpp:52]   --->   Operation 1583 'load' 'x0_V_7' <Predicate = (!tmp)> <Delay = 1.23> <CoreInst = "ROM">   --->   Core 101 'ROM' <Latency = 1> <II = 1> <Delay = 1.23> <Storage> <Opcode : 'load'> <Ports = 0> <Width = 5> <Depth = 1024> <ROM>
ST_12 : Operation 1584 [1/2] (1.23ns)   --->   "%x1_V_7 = load i10 %bit_pattern_31_addr_30" [src/ORB.cpp:54]   --->   Operation 1584 'load' 'x1_V_7' <Predicate = (!tmp)> <Delay = 1.23> <CoreInst = "ROM">   --->   Core 101 'ROM' <Latency = 1> <II = 1> <Delay = 1.23> <Storage> <Opcode : 'load'> <Ports = 0> <Width = 5> <Depth = 1024> <ROM>
ST_12 : Operation 1585 [1/1] (0.00ns)   --->   "%sext_ln1118_29 = sext i5 %x0_V_7"   --->   Operation 1585 'sext' 'sext_ln1118_29' <Predicate = (!tmp)> <Delay = 0.00>
ST_12 : Operation 1586 [3/3] (0.99ns) (grouped into DSP with root node ret_V_109)   --->   "%r_V_106 = mul i14 %sext_ln50, i14 %sext_ln1118_29"   --->   Operation 1586 'mul' 'r_V_106' <Predicate = (!tmp)> <Delay = 0.99> <CoreInst = "DSP48">   --->   Core 127 'DSP48' <Latency = 3> <II = 1> <Delay = 0.53> <IPBlock> <Opcode : 'mul' 'add' 'sub' 'select'> <InPorts = 0> <OutPorts = 1> <Sync> <CReg>
ST_12 : Operation 1587 [1/1] (0.00ns)   --->   "%sext_ln1118_31 = sext i5 %x1_V_7"   --->   Operation 1587 'sext' 'sext_ln1118_31' <Predicate = (!tmp)> <Delay = 0.00>
ST_12 : Operation 1588 [3/3] (0.99ns) (grouped into DSP with root node ret_V_115)   --->   "%r_V_110 = mul i14 %sext_ln50, i14 %sext_ln1118_31"   --->   Operation 1588 'mul' 'r_V_110' <Predicate = (!tmp)> <Delay = 0.99> <CoreInst = "DSP48">   --->   Core 127 'DSP48' <Latency = 3> <II = 1> <Delay = 0.53> <IPBlock> <Opcode : 'mul' 'add' 'sub' 'select'> <InPorts = 0> <OutPorts = 1> <Sync> <CReg>

State 13 <SV = 11> <Delay = 1.23>
ST_13 : Operation 1589 [1/1] (0.00ns)   --->   "%or_ln53 = or i10 %shl_ln, i10 1" [src/ORB.cpp:53]   --->   Operation 1589 'or' 'or_ln53' <Predicate = (!tmp)> <Delay = 0.00>
ST_13 : Operation 1590 [1/1] (0.00ns)   --->   "%zext_ln53 = zext i10 %or_ln53" [src/ORB.cpp:53]   --->   Operation 1590 'zext' 'zext_ln53' <Predicate = (!tmp)> <Delay = 0.00>
ST_13 : Operation 1591 [1/1] (0.00ns)   --->   "%bit_pattern_31_addr_1 = getelementptr i5 %bit_pattern_31, i64 0, i64 %zext_ln53" [src/ORB.cpp:53]   --->   Operation 1591 'getelementptr' 'bit_pattern_31_addr_1' <Predicate = (!tmp)> <Delay = 0.00>
ST_13 : Operation 1592 [2/2] (1.23ns)   --->   "%y0_V = load i10 %bit_pattern_31_addr_1" [src/ORB.cpp:53]   --->   Operation 1592 'load' 'y0_V' <Predicate = (!tmp)> <Delay = 1.23> <CoreInst = "ROM">   --->   Core 101 'ROM' <Latency = 1> <II = 1> <Delay = 1.23> <Storage> <Opcode : 'load'> <Ports = 0> <Width = 5> <Depth = 1024> <ROM>
ST_13 : Operation 1593 [1/1] (0.00ns)   --->   "%or_ln55 = or i10 %shl_ln, i10 3" [src/ORB.cpp:55]   --->   Operation 1593 'or' 'or_ln55' <Predicate = (!tmp)> <Delay = 0.00>
ST_13 : Operation 1594 [1/1] (0.00ns)   --->   "%zext_ln55 = zext i10 %or_ln55" [src/ORB.cpp:55]   --->   Operation 1594 'zext' 'zext_ln55' <Predicate = (!tmp)> <Delay = 0.00>
ST_13 : Operation 1595 [1/1] (0.00ns)   --->   "%bit_pattern_31_addr_3 = getelementptr i5 %bit_pattern_31, i64 0, i64 %zext_ln55" [src/ORB.cpp:55]   --->   Operation 1595 'getelementptr' 'bit_pattern_31_addr_3' <Predicate = (!tmp)> <Delay = 0.00>
ST_13 : Operation 1596 [2/2] (1.23ns)   --->   "%y1_V = load i10 %bit_pattern_31_addr_3" [src/ORB.cpp:55]   --->   Operation 1596 'load' 'y1_V' <Predicate = (!tmp)> <Delay = 1.23> <CoreInst = "ROM">   --->   Core 101 'ROM' <Latency = 1> <II = 1> <Delay = 1.23> <Storage> <Opcode : 'load'> <Ports = 0> <Width = 5> <Depth = 1024> <ROM>
ST_13 : Operation 1597 [2/3] (0.99ns) (grouped into DSP with root node ret_V_25)   --->   "%r_V_50 = mul i14 %sext_ln50, i14 %sext_ln1118_1"   --->   Operation 1597 'mul' 'r_V_50' <Predicate = (!tmp)> <Delay = 0.99> <CoreInst = "DSP48">   --->   Core 127 'DSP48' <Latency = 3> <II = 1> <Delay = 0.53> <IPBlock> <Opcode : 'mul' 'add' 'sub' 'select'> <InPorts = 0> <OutPorts = 1> <Sync> <CReg>
ST_13 : Operation 1598 [2/3] (0.99ns) (grouped into DSP with root node ret_V_31)   --->   "%r_V_54 = mul i14 %sext_ln50, i14 %sext_ln1118_3"   --->   Operation 1598 'mul' 'r_V_54' <Predicate = (!tmp)> <Delay = 0.99> <CoreInst = "DSP48">   --->   Core 127 'DSP48' <Latency = 3> <II = 1> <Delay = 0.53> <IPBlock> <Opcode : 'mul' 'add' 'sub' 'select'> <InPorts = 0> <OutPorts = 1> <Sync> <CReg>
ST_13 : Operation 1599 [1/1] (0.00ns)   --->   "%or_ln53_1 = or i10 %shl_ln, i10 5" [src/ORB.cpp:53]   --->   Operation 1599 'or' 'or_ln53_1' <Predicate = (!tmp)> <Delay = 0.00>
ST_13 : Operation 1600 [1/1] (0.00ns)   --->   "%zext_ln53_1 = zext i10 %or_ln53_1" [src/ORB.cpp:53]   --->   Operation 1600 'zext' 'zext_ln53_1' <Predicate = (!tmp)> <Delay = 0.00>
ST_13 : Operation 1601 [1/1] (0.00ns)   --->   "%bit_pattern_31_addr_5 = getelementptr i5 %bit_pattern_31, i64 0, i64 %zext_ln53_1" [src/ORB.cpp:53]   --->   Operation 1601 'getelementptr' 'bit_pattern_31_addr_5' <Predicate = (!tmp)> <Delay = 0.00>
ST_13 : Operation 1602 [2/2] (1.23ns)   --->   "%y0_V_1 = load i10 %bit_pattern_31_addr_5" [src/ORB.cpp:53]   --->   Operation 1602 'load' 'y0_V_1' <Predicate = (!tmp)> <Delay = 1.23> <CoreInst = "ROM">   --->   Core 101 'ROM' <Latency = 1> <II = 1> <Delay = 1.23> <Storage> <Opcode : 'load'> <Ports = 0> <Width = 5> <Depth = 1024> <ROM>
ST_13 : Operation 1603 [1/1] (0.00ns)   --->   "%or_ln55_1 = or i10 %shl_ln, i10 7" [src/ORB.cpp:55]   --->   Operation 1603 'or' 'or_ln55_1' <Predicate = (!tmp)> <Delay = 0.00>
ST_13 : Operation 1604 [1/1] (0.00ns)   --->   "%zext_ln55_1 = zext i10 %or_ln55_1" [src/ORB.cpp:55]   --->   Operation 1604 'zext' 'zext_ln55_1' <Predicate = (!tmp)> <Delay = 0.00>
ST_13 : Operation 1605 [1/1] (0.00ns)   --->   "%bit_pattern_31_addr_7 = getelementptr i5 %bit_pattern_31, i64 0, i64 %zext_ln55_1" [src/ORB.cpp:55]   --->   Operation 1605 'getelementptr' 'bit_pattern_31_addr_7' <Predicate = (!tmp)> <Delay = 0.00>
ST_13 : Operation 1606 [2/2] (1.23ns)   --->   "%y1_V_1 = load i10 %bit_pattern_31_addr_7" [src/ORB.cpp:55]   --->   Operation 1606 'load' 'y1_V_1' <Predicate = (!tmp)> <Delay = 1.23> <CoreInst = "ROM">   --->   Core 101 'ROM' <Latency = 1> <II = 1> <Delay = 1.23> <Storage> <Opcode : 'load'> <Ports = 0> <Width = 5> <Depth = 1024> <ROM>
ST_13 : Operation 1607 [2/3] (0.99ns) (grouped into DSP with root node ret_V_37)   --->   "%r_V_58 = mul i14 %sext_ln50, i14 %sext_ln1118_5"   --->   Operation 1607 'mul' 'r_V_58' <Predicate = (!tmp)> <Delay = 0.99> <CoreInst = "DSP48">   --->   Core 127 'DSP48' <Latency = 3> <II = 1> <Delay = 0.53> <IPBlock> <Opcode : 'mul' 'add' 'sub' 'select'> <InPorts = 0> <OutPorts = 1> <Sync> <CReg>
ST_13 : Operation 1608 [2/3] (0.99ns) (grouped into DSP with root node ret_V_43)   --->   "%r_V_62 = mul i14 %sext_ln50, i14 %sext_ln1118_7"   --->   Operation 1608 'mul' 'r_V_62' <Predicate = (!tmp)> <Delay = 0.99> <CoreInst = "DSP48">   --->   Core 127 'DSP48' <Latency = 3> <II = 1> <Delay = 0.53> <IPBlock> <Opcode : 'mul' 'add' 'sub' 'select'> <InPorts = 0> <OutPorts = 1> <Sync> <CReg>
ST_13 : Operation 1609 [1/1] (0.00ns)   --->   "%or_ln53_2 = or i10 %shl_ln, i10 9" [src/ORB.cpp:53]   --->   Operation 1609 'or' 'or_ln53_2' <Predicate = (!tmp)> <Delay = 0.00>
ST_13 : Operation 1610 [1/1] (0.00ns)   --->   "%zext_ln53_2 = zext i10 %or_ln53_2" [src/ORB.cpp:53]   --->   Operation 1610 'zext' 'zext_ln53_2' <Predicate = (!tmp)> <Delay = 0.00>
ST_13 : Operation 1611 [1/1] (0.00ns)   --->   "%bit_pattern_31_addr_9 = getelementptr i5 %bit_pattern_31, i64 0, i64 %zext_ln53_2" [src/ORB.cpp:53]   --->   Operation 1611 'getelementptr' 'bit_pattern_31_addr_9' <Predicate = (!tmp)> <Delay = 0.00>
ST_13 : Operation 1612 [2/2] (1.23ns)   --->   "%y0_V_2 = load i10 %bit_pattern_31_addr_9" [src/ORB.cpp:53]   --->   Operation 1612 'load' 'y0_V_2' <Predicate = (!tmp)> <Delay = 1.23> <CoreInst = "ROM">   --->   Core 101 'ROM' <Latency = 1> <II = 1> <Delay = 1.23> <Storage> <Opcode : 'load'> <Ports = 0> <Width = 5> <Depth = 1024> <ROM>
ST_13 : Operation 1613 [1/1] (0.00ns)   --->   "%or_ln55_2 = or i10 %shl_ln, i10 11" [src/ORB.cpp:55]   --->   Operation 1613 'or' 'or_ln55_2' <Predicate = (!tmp)> <Delay = 0.00>
ST_13 : Operation 1614 [1/1] (0.00ns)   --->   "%zext_ln55_2 = zext i10 %or_ln55_2" [src/ORB.cpp:55]   --->   Operation 1614 'zext' 'zext_ln55_2' <Predicate = (!tmp)> <Delay = 0.00>
ST_13 : Operation 1615 [1/1] (0.00ns)   --->   "%bit_pattern_31_addr_11 = getelementptr i5 %bit_pattern_31, i64 0, i64 %zext_ln55_2" [src/ORB.cpp:55]   --->   Operation 1615 'getelementptr' 'bit_pattern_31_addr_11' <Predicate = (!tmp)> <Delay = 0.00>
ST_13 : Operation 1616 [2/2] (1.23ns)   --->   "%y1_V_2 = load i10 %bit_pattern_31_addr_11" [src/ORB.cpp:55]   --->   Operation 1616 'load' 'y1_V_2' <Predicate = (!tmp)> <Delay = 1.23> <CoreInst = "ROM">   --->   Core 101 'ROM' <Latency = 1> <II = 1> <Delay = 1.23> <Storage> <Opcode : 'load'> <Ports = 0> <Width = 5> <Depth = 1024> <ROM>
ST_13 : Operation 1617 [2/3] (0.99ns) (grouped into DSP with root node ret_V_49)   --->   "%r_V_66 = mul i14 %sext_ln50, i14 %sext_ln1118_9"   --->   Operation 1617 'mul' 'r_V_66' <Predicate = (!tmp)> <Delay = 0.99> <CoreInst = "DSP48">   --->   Core 127 'DSP48' <Latency = 3> <II = 1> <Delay = 0.53> <IPBlock> <Opcode : 'mul' 'add' 'sub' 'select'> <InPorts = 0> <OutPorts = 1> <Sync> <CReg>
ST_13 : Operation 1618 [2/3] (0.99ns) (grouped into DSP with root node ret_V_55)   --->   "%r_V_70 = mul i14 %sext_ln50, i14 %sext_ln1118_11"   --->   Operation 1618 'mul' 'r_V_70' <Predicate = (!tmp)> <Delay = 0.99> <CoreInst = "DSP48">   --->   Core 127 'DSP48' <Latency = 3> <II = 1> <Delay = 0.53> <IPBlock> <Opcode : 'mul' 'add' 'sub' 'select'> <InPorts = 0> <OutPorts = 1> <Sync> <CReg>
ST_13 : Operation 1619 [1/1] (0.00ns)   --->   "%or_ln53_3 = or i10 %shl_ln, i10 13" [src/ORB.cpp:53]   --->   Operation 1619 'or' 'or_ln53_3' <Predicate = (!tmp)> <Delay = 0.00>
ST_13 : Operation 1620 [1/1] (0.00ns)   --->   "%zext_ln53_3 = zext i10 %or_ln53_3" [src/ORB.cpp:53]   --->   Operation 1620 'zext' 'zext_ln53_3' <Predicate = (!tmp)> <Delay = 0.00>
ST_13 : Operation 1621 [1/1] (0.00ns)   --->   "%bit_pattern_31_addr_13 = getelementptr i5 %bit_pattern_31, i64 0, i64 %zext_ln53_3" [src/ORB.cpp:53]   --->   Operation 1621 'getelementptr' 'bit_pattern_31_addr_13' <Predicate = (!tmp)> <Delay = 0.00>
ST_13 : Operation 1622 [2/2] (1.23ns)   --->   "%y0_V_3 = load i10 %bit_pattern_31_addr_13" [src/ORB.cpp:53]   --->   Operation 1622 'load' 'y0_V_3' <Predicate = (!tmp)> <Delay = 1.23> <CoreInst = "ROM">   --->   Core 101 'ROM' <Latency = 1> <II = 1> <Delay = 1.23> <Storage> <Opcode : 'load'> <Ports = 0> <Width = 5> <Depth = 1024> <ROM>
ST_13 : Operation 1623 [1/1] (0.00ns)   --->   "%or_ln55_3 = or i10 %shl_ln, i10 15" [src/ORB.cpp:55]   --->   Operation 1623 'or' 'or_ln55_3' <Predicate = (!tmp)> <Delay = 0.00>
ST_13 : Operation 1624 [1/1] (0.00ns)   --->   "%zext_ln55_3 = zext i10 %or_ln55_3" [src/ORB.cpp:55]   --->   Operation 1624 'zext' 'zext_ln55_3' <Predicate = (!tmp)> <Delay = 0.00>
ST_13 : Operation 1625 [1/1] (0.00ns)   --->   "%bit_pattern_31_addr_15 = getelementptr i5 %bit_pattern_31, i64 0, i64 %zext_ln55_3" [src/ORB.cpp:55]   --->   Operation 1625 'getelementptr' 'bit_pattern_31_addr_15' <Predicate = (!tmp)> <Delay = 0.00>
ST_13 : Operation 1626 [2/2] (1.23ns)   --->   "%y1_V_3 = load i10 %bit_pattern_31_addr_15" [src/ORB.cpp:55]   --->   Operation 1626 'load' 'y1_V_3' <Predicate = (!tmp)> <Delay = 1.23> <CoreInst = "ROM">   --->   Core 101 'ROM' <Latency = 1> <II = 1> <Delay = 1.23> <Storage> <Opcode : 'load'> <Ports = 0> <Width = 5> <Depth = 1024> <ROM>
ST_13 : Operation 1627 [2/3] (0.99ns) (grouped into DSP with root node ret_V_61)   --->   "%r_V_74 = mul i14 %sext_ln50, i14 %sext_ln1118_13"   --->   Operation 1627 'mul' 'r_V_74' <Predicate = (!tmp)> <Delay = 0.99> <CoreInst = "DSP48">   --->   Core 127 'DSP48' <Latency = 3> <II = 1> <Delay = 0.53> <IPBlock> <Opcode : 'mul' 'add' 'sub' 'select'> <InPorts = 0> <OutPorts = 1> <Sync> <CReg>
ST_13 : Operation 1628 [2/3] (0.99ns) (grouped into DSP with root node ret_V_67)   --->   "%r_V_78 = mul i14 %sext_ln50, i14 %sext_ln1118_15"   --->   Operation 1628 'mul' 'r_V_78' <Predicate = (!tmp)> <Delay = 0.99> <CoreInst = "DSP48">   --->   Core 127 'DSP48' <Latency = 3> <II = 1> <Delay = 0.53> <IPBlock> <Opcode : 'mul' 'add' 'sub' 'select'> <InPorts = 0> <OutPorts = 1> <Sync> <CReg>
ST_13 : Operation 1629 [1/1] (0.00ns)   --->   "%or_ln53_4 = or i10 %shl_ln, i10 17" [src/ORB.cpp:53]   --->   Operation 1629 'or' 'or_ln53_4' <Predicate = (!tmp)> <Delay = 0.00>
ST_13 : Operation 1630 [1/1] (0.00ns)   --->   "%zext_ln53_4 = zext i10 %or_ln53_4" [src/ORB.cpp:53]   --->   Operation 1630 'zext' 'zext_ln53_4' <Predicate = (!tmp)> <Delay = 0.00>
ST_13 : Operation 1631 [1/1] (0.00ns)   --->   "%bit_pattern_31_addr_17 = getelementptr i5 %bit_pattern_31, i64 0, i64 %zext_ln53_4" [src/ORB.cpp:53]   --->   Operation 1631 'getelementptr' 'bit_pattern_31_addr_17' <Predicate = (!tmp)> <Delay = 0.00>
ST_13 : Operation 1632 [2/2] (1.23ns)   --->   "%y0_V_4 = load i10 %bit_pattern_31_addr_17" [src/ORB.cpp:53]   --->   Operation 1632 'load' 'y0_V_4' <Predicate = (!tmp)> <Delay = 1.23> <CoreInst = "ROM">   --->   Core 101 'ROM' <Latency = 1> <II = 1> <Delay = 1.23> <Storage> <Opcode : 'load'> <Ports = 0> <Width = 5> <Depth = 1024> <ROM>
ST_13 : Operation 1633 [1/1] (0.00ns)   --->   "%or_ln55_4 = or i10 %shl_ln, i10 19" [src/ORB.cpp:55]   --->   Operation 1633 'or' 'or_ln55_4' <Predicate = (!tmp)> <Delay = 0.00>
ST_13 : Operation 1634 [1/1] (0.00ns)   --->   "%zext_ln55_4 = zext i10 %or_ln55_4" [src/ORB.cpp:55]   --->   Operation 1634 'zext' 'zext_ln55_4' <Predicate = (!tmp)> <Delay = 0.00>
ST_13 : Operation 1635 [1/1] (0.00ns)   --->   "%bit_pattern_31_addr_19 = getelementptr i5 %bit_pattern_31, i64 0, i64 %zext_ln55_4" [src/ORB.cpp:55]   --->   Operation 1635 'getelementptr' 'bit_pattern_31_addr_19' <Predicate = (!tmp)> <Delay = 0.00>
ST_13 : Operation 1636 [2/2] (1.23ns)   --->   "%y1_V_4 = load i10 %bit_pattern_31_addr_19" [src/ORB.cpp:55]   --->   Operation 1636 'load' 'y1_V_4' <Predicate = (!tmp)> <Delay = 1.23> <CoreInst = "ROM">   --->   Core 101 'ROM' <Latency = 1> <II = 1> <Delay = 1.23> <Storage> <Opcode : 'load'> <Ports = 0> <Width = 5> <Depth = 1024> <ROM>
ST_13 : Operation 1637 [2/3] (0.99ns) (grouped into DSP with root node ret_V_73)   --->   "%r_V_82 = mul i14 %sext_ln50, i14 %sext_ln1118_17"   --->   Operation 1637 'mul' 'r_V_82' <Predicate = (!tmp)> <Delay = 0.99> <CoreInst = "DSP48">   --->   Core 127 'DSP48' <Latency = 3> <II = 1> <Delay = 0.53> <IPBlock> <Opcode : 'mul' 'add' 'sub' 'select'> <InPorts = 0> <OutPorts = 1> <Sync> <CReg>
ST_13 : Operation 1638 [2/3] (0.99ns) (grouped into DSP with root node ret_V_79)   --->   "%r_V_86 = mul i14 %sext_ln50, i14 %sext_ln1118_19"   --->   Operation 1638 'mul' 'r_V_86' <Predicate = (!tmp)> <Delay = 0.99> <CoreInst = "DSP48">   --->   Core 127 'DSP48' <Latency = 3> <II = 1> <Delay = 0.53> <IPBlock> <Opcode : 'mul' 'add' 'sub' 'select'> <InPorts = 0> <OutPorts = 1> <Sync> <CReg>
ST_13 : Operation 1639 [1/1] (0.00ns)   --->   "%or_ln53_5 = or i10 %shl_ln, i10 21" [src/ORB.cpp:53]   --->   Operation 1639 'or' 'or_ln53_5' <Predicate = (!tmp)> <Delay = 0.00>
ST_13 : Operation 1640 [1/1] (0.00ns)   --->   "%zext_ln53_5 = zext i10 %or_ln53_5" [src/ORB.cpp:53]   --->   Operation 1640 'zext' 'zext_ln53_5' <Predicate = (!tmp)> <Delay = 0.00>
ST_13 : Operation 1641 [1/1] (0.00ns)   --->   "%bit_pattern_31_addr_21 = getelementptr i5 %bit_pattern_31, i64 0, i64 %zext_ln53_5" [src/ORB.cpp:53]   --->   Operation 1641 'getelementptr' 'bit_pattern_31_addr_21' <Predicate = (!tmp)> <Delay = 0.00>
ST_13 : Operation 1642 [2/2] (1.23ns)   --->   "%y0_V_5 = load i10 %bit_pattern_31_addr_21" [src/ORB.cpp:53]   --->   Operation 1642 'load' 'y0_V_5' <Predicate = (!tmp)> <Delay = 1.23> <CoreInst = "ROM">   --->   Core 101 'ROM' <Latency = 1> <II = 1> <Delay = 1.23> <Storage> <Opcode : 'load'> <Ports = 0> <Width = 5> <Depth = 1024> <ROM>
ST_13 : Operation 1643 [1/1] (0.00ns)   --->   "%or_ln55_5 = or i10 %shl_ln, i10 23" [src/ORB.cpp:55]   --->   Operation 1643 'or' 'or_ln55_5' <Predicate = (!tmp)> <Delay = 0.00>
ST_13 : Operation 1644 [1/1] (0.00ns)   --->   "%zext_ln55_5 = zext i10 %or_ln55_5" [src/ORB.cpp:55]   --->   Operation 1644 'zext' 'zext_ln55_5' <Predicate = (!tmp)> <Delay = 0.00>
ST_13 : Operation 1645 [1/1] (0.00ns)   --->   "%bit_pattern_31_addr_23 = getelementptr i5 %bit_pattern_31, i64 0, i64 %zext_ln55_5" [src/ORB.cpp:55]   --->   Operation 1645 'getelementptr' 'bit_pattern_31_addr_23' <Predicate = (!tmp)> <Delay = 0.00>
ST_13 : Operation 1646 [2/2] (1.23ns)   --->   "%y1_V_5 = load i10 %bit_pattern_31_addr_23" [src/ORB.cpp:55]   --->   Operation 1646 'load' 'y1_V_5' <Predicate = (!tmp)> <Delay = 1.23> <CoreInst = "ROM">   --->   Core 101 'ROM' <Latency = 1> <II = 1> <Delay = 1.23> <Storage> <Opcode : 'load'> <Ports = 0> <Width = 5> <Depth = 1024> <ROM>
ST_13 : Operation 1647 [2/3] (0.99ns) (grouped into DSP with root node ret_V_85)   --->   "%r_V_90 = mul i14 %sext_ln50, i14 %sext_ln1118_21"   --->   Operation 1647 'mul' 'r_V_90' <Predicate = (!tmp)> <Delay = 0.99> <CoreInst = "DSP48">   --->   Core 127 'DSP48' <Latency = 3> <II = 1> <Delay = 0.53> <IPBlock> <Opcode : 'mul' 'add' 'sub' 'select'> <InPorts = 0> <OutPorts = 1> <Sync> <CReg>
ST_13 : Operation 1648 [2/3] (0.99ns) (grouped into DSP with root node ret_V_91)   --->   "%r_V_94 = mul i14 %sext_ln50, i14 %sext_ln1118_23"   --->   Operation 1648 'mul' 'r_V_94' <Predicate = (!tmp)> <Delay = 0.99> <CoreInst = "DSP48">   --->   Core 127 'DSP48' <Latency = 3> <II = 1> <Delay = 0.53> <IPBlock> <Opcode : 'mul' 'add' 'sub' 'select'> <InPorts = 0> <OutPorts = 1> <Sync> <CReg>
ST_13 : Operation 1649 [1/1] (0.00ns)   --->   "%or_ln53_6 = or i10 %shl_ln, i10 25" [src/ORB.cpp:53]   --->   Operation 1649 'or' 'or_ln53_6' <Predicate = (!tmp)> <Delay = 0.00>
ST_13 : Operation 1650 [1/1] (0.00ns)   --->   "%zext_ln53_6 = zext i10 %or_ln53_6" [src/ORB.cpp:53]   --->   Operation 1650 'zext' 'zext_ln53_6' <Predicate = (!tmp)> <Delay = 0.00>
ST_13 : Operation 1651 [1/1] (0.00ns)   --->   "%bit_pattern_31_addr_25 = getelementptr i5 %bit_pattern_31, i64 0, i64 %zext_ln53_6" [src/ORB.cpp:53]   --->   Operation 1651 'getelementptr' 'bit_pattern_31_addr_25' <Predicate = (!tmp)> <Delay = 0.00>
ST_13 : Operation 1652 [2/2] (1.23ns)   --->   "%y0_V_6 = load i10 %bit_pattern_31_addr_25" [src/ORB.cpp:53]   --->   Operation 1652 'load' 'y0_V_6' <Predicate = (!tmp)> <Delay = 1.23> <CoreInst = "ROM">   --->   Core 101 'ROM' <Latency = 1> <II = 1> <Delay = 1.23> <Storage> <Opcode : 'load'> <Ports = 0> <Width = 5> <Depth = 1024> <ROM>
ST_13 : Operation 1653 [1/1] (0.00ns)   --->   "%or_ln55_6 = or i10 %shl_ln, i10 27" [src/ORB.cpp:55]   --->   Operation 1653 'or' 'or_ln55_6' <Predicate = (!tmp)> <Delay = 0.00>
ST_13 : Operation 1654 [1/1] (0.00ns)   --->   "%zext_ln55_6 = zext i10 %or_ln55_6" [src/ORB.cpp:55]   --->   Operation 1654 'zext' 'zext_ln55_6' <Predicate = (!tmp)> <Delay = 0.00>
ST_13 : Operation 1655 [1/1] (0.00ns)   --->   "%bit_pattern_31_addr_27 = getelementptr i5 %bit_pattern_31, i64 0, i64 %zext_ln55_6" [src/ORB.cpp:55]   --->   Operation 1655 'getelementptr' 'bit_pattern_31_addr_27' <Predicate = (!tmp)> <Delay = 0.00>
ST_13 : Operation 1656 [2/2] (1.23ns)   --->   "%y1_V_6 = load i10 %bit_pattern_31_addr_27" [src/ORB.cpp:55]   --->   Operation 1656 'load' 'y1_V_6' <Predicate = (!tmp)> <Delay = 1.23> <CoreInst = "ROM">   --->   Core 101 'ROM' <Latency = 1> <II = 1> <Delay = 1.23> <Storage> <Opcode : 'load'> <Ports = 0> <Width = 5> <Depth = 1024> <ROM>
ST_13 : Operation 1657 [2/3] (0.99ns) (grouped into DSP with root node ret_V_97)   --->   "%r_V_98 = mul i14 %sext_ln50, i14 %sext_ln1118_25"   --->   Operation 1657 'mul' 'r_V_98' <Predicate = (!tmp)> <Delay = 0.99> <CoreInst = "DSP48">   --->   Core 127 'DSP48' <Latency = 3> <II = 1> <Delay = 0.53> <IPBlock> <Opcode : 'mul' 'add' 'sub' 'select'> <InPorts = 0> <OutPorts = 1> <Sync> <CReg>
ST_13 : Operation 1658 [2/3] (0.99ns) (grouped into DSP with root node ret_V_103)   --->   "%r_V_102 = mul i14 %sext_ln50, i14 %sext_ln1118_27"   --->   Operation 1658 'mul' 'r_V_102' <Predicate = (!tmp)> <Delay = 0.99> <CoreInst = "DSP48">   --->   Core 127 'DSP48' <Latency = 3> <II = 1> <Delay = 0.53> <IPBlock> <Opcode : 'mul' 'add' 'sub' 'select'> <InPorts = 0> <OutPorts = 1> <Sync> <CReg>
ST_13 : Operation 1659 [1/1] (0.00ns)   --->   "%or_ln53_7 = or i10 %shl_ln, i10 29" [src/ORB.cpp:53]   --->   Operation 1659 'or' 'or_ln53_7' <Predicate = (!tmp)> <Delay = 0.00>
ST_13 : Operation 1660 [1/1] (0.00ns)   --->   "%zext_ln53_7 = zext i10 %or_ln53_7" [src/ORB.cpp:53]   --->   Operation 1660 'zext' 'zext_ln53_7' <Predicate = (!tmp)> <Delay = 0.00>
ST_13 : Operation 1661 [1/1] (0.00ns)   --->   "%bit_pattern_31_addr_29 = getelementptr i5 %bit_pattern_31, i64 0, i64 %zext_ln53_7" [src/ORB.cpp:53]   --->   Operation 1661 'getelementptr' 'bit_pattern_31_addr_29' <Predicate = (!tmp)> <Delay = 0.00>
ST_13 : Operation 1662 [2/2] (1.23ns)   --->   "%y0_V_7 = load i10 %bit_pattern_31_addr_29" [src/ORB.cpp:53]   --->   Operation 1662 'load' 'y0_V_7' <Predicate = (!tmp)> <Delay = 1.23> <CoreInst = "ROM">   --->   Core 101 'ROM' <Latency = 1> <II = 1> <Delay = 1.23> <Storage> <Opcode : 'load'> <Ports = 0> <Width = 5> <Depth = 1024> <ROM>
ST_13 : Operation 1663 [1/1] (0.00ns)   --->   "%or_ln55_7 = or i10 %shl_ln, i10 31" [src/ORB.cpp:55]   --->   Operation 1663 'or' 'or_ln55_7' <Predicate = (!tmp)> <Delay = 0.00>
ST_13 : Operation 1664 [1/1] (0.00ns)   --->   "%zext_ln55_7 = zext i10 %or_ln55_7" [src/ORB.cpp:55]   --->   Operation 1664 'zext' 'zext_ln55_7' <Predicate = (!tmp)> <Delay = 0.00>
ST_13 : Operation 1665 [1/1] (0.00ns)   --->   "%bit_pattern_31_addr_31 = getelementptr i5 %bit_pattern_31, i64 0, i64 %zext_ln55_7" [src/ORB.cpp:55]   --->   Operation 1665 'getelementptr' 'bit_pattern_31_addr_31' <Predicate = (!tmp)> <Delay = 0.00>
ST_13 : Operation 1666 [2/2] (1.23ns)   --->   "%y1_V_7 = load i10 %bit_pattern_31_addr_31" [src/ORB.cpp:55]   --->   Operation 1666 'load' 'y1_V_7' <Predicate = (!tmp)> <Delay = 1.23> <CoreInst = "ROM">   --->   Core 101 'ROM' <Latency = 1> <II = 1> <Delay = 1.23> <Storage> <Opcode : 'load'> <Ports = 0> <Width = 5> <Depth = 1024> <ROM>
ST_13 : Operation 1667 [2/3] (0.99ns) (grouped into DSP with root node ret_V_109)   --->   "%r_V_106 = mul i14 %sext_ln50, i14 %sext_ln1118_29"   --->   Operation 1667 'mul' 'r_V_106' <Predicate = (!tmp)> <Delay = 0.99> <CoreInst = "DSP48">   --->   Core 127 'DSP48' <Latency = 3> <II = 1> <Delay = 0.53> <IPBlock> <Opcode : 'mul' 'add' 'sub' 'select'> <InPorts = 0> <OutPorts = 1> <Sync> <CReg>
ST_13 : Operation 1668 [2/3] (0.99ns) (grouped into DSP with root node ret_V_115)   --->   "%r_V_110 = mul i14 %sext_ln50, i14 %sext_ln1118_31"   --->   Operation 1668 'mul' 'r_V_110' <Predicate = (!tmp)> <Delay = 0.99> <CoreInst = "DSP48">   --->   Core 127 'DSP48' <Latency = 3> <II = 1> <Delay = 0.53> <IPBlock> <Opcode : 'mul' 'add' 'sub' 'select'> <InPorts = 0> <OutPorts = 1> <Sync> <CReg>

State 14 <SV = 12> <Delay = 3.62>
ST_14 : Operation 1669 [1/2] (1.23ns)   --->   "%y0_V = load i10 %bit_pattern_31_addr_1" [src/ORB.cpp:53]   --->   Operation 1669 'load' 'y0_V' <Predicate = (!tmp)> <Delay = 1.23> <CoreInst = "ROM">   --->   Core 101 'ROM' <Latency = 1> <II = 1> <Delay = 1.23> <Storage> <Opcode : 'load'> <Ports = 0> <Width = 5> <Depth = 1024> <ROM>
ST_14 : Operation 1670 [1/2] (1.23ns)   --->   "%y1_V = load i10 %bit_pattern_31_addr_3" [src/ORB.cpp:55]   --->   Operation 1670 'load' 'y1_V' <Predicate = (!tmp)> <Delay = 1.23> <CoreInst = "ROM">   --->   Core 101 'ROM' <Latency = 1> <II = 1> <Delay = 1.23> <Storage> <Opcode : 'load'> <Ports = 0> <Width = 5> <Depth = 1024> <ROM>
ST_14 : Operation 1671 [1/1] (1.74ns)   --->   "%r_V_48 = mul i14 %sext_ln1118, i14 %sext_ln1118_1"   --->   Operation 1671 'mul' 'r_V_48' <Predicate = (!tmp)> <Delay = 1.74> <CoreInst = "Multiplier">   --->   Core 3 'Multiplier' <Latency = 0> <II = 1> <Delay = 1.74> <FuncUnit> <Opcode : 'mul'> <InPorts = 2> <OutPorts = 1>
ST_14 : Operation 1672 [1/1] (0.00ns)   --->   "%sext_ln1118_2 = sext i5 %y0_V"   --->   Operation 1672 'sext' 'sext_ln1118_2' <Predicate = (!tmp)> <Delay = 0.00>
ST_14 : Operation 1673 [3/3] (0.99ns) (grouped into DSP with root node ret_V)   --->   "%r_V_49 = mul i14 %sext_ln50, i14 %sext_ln1118_2"   --->   Operation 1673 'mul' 'r_V_49' <Predicate = (!tmp)> <Delay = 0.99> <CoreInst = "DSP48">   --->   Core 127 'DSP48' <Latency = 3> <II = 1> <Delay = 0.53> <IPBlock> <Opcode : 'mul' 'add' 'sub' 'select'> <InPorts = 0> <OutPorts = 1> <Sync> <CReg>
ST_14 : Operation 1674 [1/3] (0.00ns) (grouped into DSP with root node ret_V_25)   --->   "%r_V_50 = mul i14 %sext_ln50, i14 %sext_ln1118_1"   --->   Operation 1674 'mul' 'r_V_50' <Predicate = (!tmp)> <Delay = 0.00> <CoreInst = "DSP48">   --->   Core 127 'DSP48' <Latency = 3> <II = 1> <Delay = 0.53> <IPBlock> <Opcode : 'mul' 'add' 'sub' 'select'> <InPorts = 0> <OutPorts = 1> <Sync> <CReg>
ST_14 : Operation 1675 [1/1] (1.74ns)   --->   "%r_V_51 = mul i14 %sext_ln1118, i14 %sext_ln1118_2"   --->   Operation 1675 'mul' 'r_V_51' <Predicate = (!tmp)> <Delay = 1.74> <CoreInst = "Multiplier">   --->   Core 3 'Multiplier' <Latency = 0> <II = 1> <Delay = 1.74> <FuncUnit> <Opcode : 'mul'> <InPorts = 2> <OutPorts = 1>
ST_14 : Operation 1676 [2/2] (0.64ns) (root node of the DSP)   --->   "%ret_V_25 = add i14 %r_V_51, i14 %r_V_50"   --->   Operation 1676 'add' 'ret_V_25' <Predicate = (!tmp)> <Delay = 0.64> <CoreInst = "DSP48">   --->   Core 127 'DSP48' <Latency = 3> <II = 1> <Delay = 0.53> <IPBlock> <Opcode : 'mul' 'add' 'sub' 'select'> <InPorts = 0> <OutPorts = 1> <Sync> <CReg>
ST_14 : Operation 1677 [1/1] (1.74ns)   --->   "%r_V_52 = mul i14 %sext_ln1118, i14 %sext_ln1118_3"   --->   Operation 1677 'mul' 'r_V_52' <Predicate = (!tmp)> <Delay = 1.74> <CoreInst = "Multiplier">   --->   Core 3 'Multiplier' <Latency = 0> <II = 1> <Delay = 1.74> <FuncUnit> <Opcode : 'mul'> <InPorts = 2> <OutPorts = 1>
ST_14 : Operation 1678 [1/1] (0.00ns)   --->   "%sext_ln1118_4 = sext i5 %y1_V"   --->   Operation 1678 'sext' 'sext_ln1118_4' <Predicate = (!tmp)> <Delay = 0.00>
ST_14 : Operation 1679 [3/3] (0.99ns) (grouped into DSP with root node ret_V_28)   --->   "%r_V_53 = mul i14 %sext_ln50, i14 %sext_ln1118_4"   --->   Operation 1679 'mul' 'r_V_53' <Predicate = (!tmp)> <Delay = 0.99> <CoreInst = "DSP48">   --->   Core 127 'DSP48' <Latency = 3> <II = 1> <Delay = 0.53> <IPBlock> <Opcode : 'mul' 'add' 'sub' 'select'> <InPorts = 0> <OutPorts = 1> <Sync> <CReg>
ST_14 : Operation 1680 [1/3] (0.00ns) (grouped into DSP with root node ret_V_31)   --->   "%r_V_54 = mul i14 %sext_ln50, i14 %sext_ln1118_3"   --->   Operation 1680 'mul' 'r_V_54' <Predicate = (!tmp)> <Delay = 0.00> <CoreInst = "DSP48">   --->   Core 127 'DSP48' <Latency = 3> <II = 1> <Delay = 0.53> <IPBlock> <Opcode : 'mul' 'add' 'sub' 'select'> <InPorts = 0> <OutPorts = 1> <Sync> <CReg>
ST_14 : Operation 1681 [1/1] (1.74ns)   --->   "%r_V_55 = mul i14 %sext_ln1118, i14 %sext_ln1118_4"   --->   Operation 1681 'mul' 'r_V_55' <Predicate = (!tmp)> <Delay = 1.74> <CoreInst = "Multiplier">   --->   Core 3 'Multiplier' <Latency = 0> <II = 1> <Delay = 1.74> <FuncUnit> <Opcode : 'mul'> <InPorts = 2> <OutPorts = 1>
ST_14 : Operation 1682 [2/2] (0.64ns) (root node of the DSP)   --->   "%ret_V_31 = add i14 %r_V_55, i14 %r_V_54"   --->   Operation 1682 'add' 'ret_V_31' <Predicate = (!tmp)> <Delay = 0.64> <CoreInst = "DSP48">   --->   Core 127 'DSP48' <Latency = 3> <II = 1> <Delay = 0.53> <IPBlock> <Opcode : 'mul' 'add' 'sub' 'select'> <InPorts = 0> <OutPorts = 1> <Sync> <CReg>
ST_14 : Operation 1683 [1/2] (1.23ns)   --->   "%y0_V_1 = load i10 %bit_pattern_31_addr_5" [src/ORB.cpp:53]   --->   Operation 1683 'load' 'y0_V_1' <Predicate = (!tmp)> <Delay = 1.23> <CoreInst = "ROM">   --->   Core 101 'ROM' <Latency = 1> <II = 1> <Delay = 1.23> <Storage> <Opcode : 'load'> <Ports = 0> <Width = 5> <Depth = 1024> <ROM>
ST_14 : Operation 1684 [1/2] (1.23ns)   --->   "%y1_V_1 = load i10 %bit_pattern_31_addr_7" [src/ORB.cpp:55]   --->   Operation 1684 'load' 'y1_V_1' <Predicate = (!tmp)> <Delay = 1.23> <CoreInst = "ROM">   --->   Core 101 'ROM' <Latency = 1> <II = 1> <Delay = 1.23> <Storage> <Opcode : 'load'> <Ports = 0> <Width = 5> <Depth = 1024> <ROM>
ST_14 : Operation 1685 [1/1] (1.74ns)   --->   "%r_V_56 = mul i14 %sext_ln1118, i14 %sext_ln1118_5"   --->   Operation 1685 'mul' 'r_V_56' <Predicate = (!tmp)> <Delay = 1.74> <CoreInst = "Multiplier">   --->   Core 3 'Multiplier' <Latency = 0> <II = 1> <Delay = 1.74> <FuncUnit> <Opcode : 'mul'> <InPorts = 2> <OutPorts = 1>
ST_14 : Operation 1686 [1/1] (0.00ns)   --->   "%sext_ln1118_6 = sext i5 %y0_V_1"   --->   Operation 1686 'sext' 'sext_ln1118_6' <Predicate = (!tmp)> <Delay = 0.00>
ST_14 : Operation 1687 [3/3] (0.99ns) (grouped into DSP with root node ret_V_34)   --->   "%r_V_57 = mul i14 %sext_ln50, i14 %sext_ln1118_6"   --->   Operation 1687 'mul' 'r_V_57' <Predicate = (!tmp)> <Delay = 0.99> <CoreInst = "DSP48">   --->   Core 127 'DSP48' <Latency = 3> <II = 1> <Delay = 0.53> <IPBlock> <Opcode : 'mul' 'add' 'sub' 'select'> <InPorts = 0> <OutPorts = 1> <Sync> <CReg>
ST_14 : Operation 1688 [1/3] (0.00ns) (grouped into DSP with root node ret_V_37)   --->   "%r_V_58 = mul i14 %sext_ln50, i14 %sext_ln1118_5"   --->   Operation 1688 'mul' 'r_V_58' <Predicate = (!tmp)> <Delay = 0.00> <CoreInst = "DSP48">   --->   Core 127 'DSP48' <Latency = 3> <II = 1> <Delay = 0.53> <IPBlock> <Opcode : 'mul' 'add' 'sub' 'select'> <InPorts = 0> <OutPorts = 1> <Sync> <CReg>
ST_14 : Operation 1689 [1/1] (1.74ns)   --->   "%r_V_59 = mul i14 %sext_ln1118, i14 %sext_ln1118_6"   --->   Operation 1689 'mul' 'r_V_59' <Predicate = (!tmp)> <Delay = 1.74> <CoreInst = "Multiplier">   --->   Core 3 'Multiplier' <Latency = 0> <II = 1> <Delay = 1.74> <FuncUnit> <Opcode : 'mul'> <InPorts = 2> <OutPorts = 1>
ST_14 : Operation 1690 [2/2] (0.64ns) (root node of the DSP)   --->   "%ret_V_37 = add i14 %r_V_59, i14 %r_V_58"   --->   Operation 1690 'add' 'ret_V_37' <Predicate = (!tmp)> <Delay = 0.64> <CoreInst = "DSP48">   --->   Core 127 'DSP48' <Latency = 3> <II = 1> <Delay = 0.53> <IPBlock> <Opcode : 'mul' 'add' 'sub' 'select'> <InPorts = 0> <OutPorts = 1> <Sync> <CReg>
ST_14 : Operation 1691 [1/1] (1.74ns)   --->   "%r_V_60 = mul i14 %sext_ln1118, i14 %sext_ln1118_7"   --->   Operation 1691 'mul' 'r_V_60' <Predicate = (!tmp)> <Delay = 1.74> <CoreInst = "Multiplier">   --->   Core 3 'Multiplier' <Latency = 0> <II = 1> <Delay = 1.74> <FuncUnit> <Opcode : 'mul'> <InPorts = 2> <OutPorts = 1>
ST_14 : Operation 1692 [1/1] (0.00ns)   --->   "%sext_ln1118_8 = sext i5 %y1_V_1"   --->   Operation 1692 'sext' 'sext_ln1118_8' <Predicate = (!tmp)> <Delay = 0.00>
ST_14 : Operation 1693 [3/3] (0.99ns) (grouped into DSP with root node ret_V_40)   --->   "%r_V_61 = mul i14 %sext_ln50, i14 %sext_ln1118_8"   --->   Operation 1693 'mul' 'r_V_61' <Predicate = (!tmp)> <Delay = 0.99> <CoreInst = "DSP48">   --->   Core 127 'DSP48' <Latency = 3> <II = 1> <Delay = 0.53> <IPBlock> <Opcode : 'mul' 'add' 'sub' 'select'> <InPorts = 0> <OutPorts = 1> <Sync> <CReg>
ST_14 : Operation 1694 [1/3] (0.00ns) (grouped into DSP with root node ret_V_43)   --->   "%r_V_62 = mul i14 %sext_ln50, i14 %sext_ln1118_7"   --->   Operation 1694 'mul' 'r_V_62' <Predicate = (!tmp)> <Delay = 0.00> <CoreInst = "DSP48">   --->   Core 127 'DSP48' <Latency = 3> <II = 1> <Delay = 0.53> <IPBlock> <Opcode : 'mul' 'add' 'sub' 'select'> <InPorts = 0> <OutPorts = 1> <Sync> <CReg>
ST_14 : Operation 1695 [1/1] (1.74ns)   --->   "%r_V_63 = mul i14 %sext_ln1118, i14 %sext_ln1118_8"   --->   Operation 1695 'mul' 'r_V_63' <Predicate = (!tmp)> <Delay = 1.74> <CoreInst = "Multiplier">   --->   Core 3 'Multiplier' <Latency = 0> <II = 1> <Delay = 1.74> <FuncUnit> <Opcode : 'mul'> <InPorts = 2> <OutPorts = 1>
ST_14 : Operation 1696 [2/2] (0.64ns) (root node of the DSP)   --->   "%ret_V_43 = add i14 %r_V_63, i14 %r_V_62"   --->   Operation 1696 'add' 'ret_V_43' <Predicate = (!tmp)> <Delay = 0.64> <CoreInst = "DSP48">   --->   Core 127 'DSP48' <Latency = 3> <II = 1> <Delay = 0.53> <IPBlock> <Opcode : 'mul' 'add' 'sub' 'select'> <InPorts = 0> <OutPorts = 1> <Sync> <CReg>
ST_14 : Operation 1697 [1/2] (1.23ns)   --->   "%y0_V_2 = load i10 %bit_pattern_31_addr_9" [src/ORB.cpp:53]   --->   Operation 1697 'load' 'y0_V_2' <Predicate = (!tmp)> <Delay = 1.23> <CoreInst = "ROM">   --->   Core 101 'ROM' <Latency = 1> <II = 1> <Delay = 1.23> <Storage> <Opcode : 'load'> <Ports = 0> <Width = 5> <Depth = 1024> <ROM>
ST_14 : Operation 1698 [1/2] (1.23ns)   --->   "%y1_V_2 = load i10 %bit_pattern_31_addr_11" [src/ORB.cpp:55]   --->   Operation 1698 'load' 'y1_V_2' <Predicate = (!tmp)> <Delay = 1.23> <CoreInst = "ROM">   --->   Core 101 'ROM' <Latency = 1> <II = 1> <Delay = 1.23> <Storage> <Opcode : 'load'> <Ports = 0> <Width = 5> <Depth = 1024> <ROM>
ST_14 : Operation 1699 [1/1] (1.74ns)   --->   "%r_V_64 = mul i14 %sext_ln1118, i14 %sext_ln1118_9"   --->   Operation 1699 'mul' 'r_V_64' <Predicate = (!tmp)> <Delay = 1.74> <CoreInst = "Multiplier">   --->   Core 3 'Multiplier' <Latency = 0> <II = 1> <Delay = 1.74> <FuncUnit> <Opcode : 'mul'> <InPorts = 2> <OutPorts = 1>
ST_14 : Operation 1700 [1/1] (0.00ns)   --->   "%sext_ln1118_10 = sext i5 %y0_V_2"   --->   Operation 1700 'sext' 'sext_ln1118_10' <Predicate = (!tmp)> <Delay = 0.00>
ST_14 : Operation 1701 [3/3] (0.99ns) (grouped into DSP with root node ret_V_46)   --->   "%r_V_65 = mul i14 %sext_ln50, i14 %sext_ln1118_10"   --->   Operation 1701 'mul' 'r_V_65' <Predicate = (!tmp)> <Delay = 0.99> <CoreInst = "DSP48">   --->   Core 127 'DSP48' <Latency = 3> <II = 1> <Delay = 0.53> <IPBlock> <Opcode : 'mul' 'add' 'sub' 'select'> <InPorts = 0> <OutPorts = 1> <Sync> <CReg>
ST_14 : Operation 1702 [1/3] (0.00ns) (grouped into DSP with root node ret_V_49)   --->   "%r_V_66 = mul i14 %sext_ln50, i14 %sext_ln1118_9"   --->   Operation 1702 'mul' 'r_V_66' <Predicate = (!tmp)> <Delay = 0.00> <CoreInst = "DSP48">   --->   Core 127 'DSP48' <Latency = 3> <II = 1> <Delay = 0.53> <IPBlock> <Opcode : 'mul' 'add' 'sub' 'select'> <InPorts = 0> <OutPorts = 1> <Sync> <CReg>
ST_14 : Operation 1703 [1/1] (1.74ns)   --->   "%r_V_67 = mul i14 %sext_ln1118, i14 %sext_ln1118_10"   --->   Operation 1703 'mul' 'r_V_67' <Predicate = (!tmp)> <Delay = 1.74> <CoreInst = "Multiplier">   --->   Core 3 'Multiplier' <Latency = 0> <II = 1> <Delay = 1.74> <FuncUnit> <Opcode : 'mul'> <InPorts = 2> <OutPorts = 1>
ST_14 : Operation 1704 [2/2] (0.64ns) (root node of the DSP)   --->   "%ret_V_49 = add i14 %r_V_67, i14 %r_V_66"   --->   Operation 1704 'add' 'ret_V_49' <Predicate = (!tmp)> <Delay = 0.64> <CoreInst = "DSP48">   --->   Core 127 'DSP48' <Latency = 3> <II = 1> <Delay = 0.53> <IPBlock> <Opcode : 'mul' 'add' 'sub' 'select'> <InPorts = 0> <OutPorts = 1> <Sync> <CReg>
ST_14 : Operation 1705 [1/1] (1.74ns)   --->   "%r_V_68 = mul i14 %sext_ln1118, i14 %sext_ln1118_11"   --->   Operation 1705 'mul' 'r_V_68' <Predicate = (!tmp)> <Delay = 1.74> <CoreInst = "Multiplier">   --->   Core 3 'Multiplier' <Latency = 0> <II = 1> <Delay = 1.74> <FuncUnit> <Opcode : 'mul'> <InPorts = 2> <OutPorts = 1>
ST_14 : Operation 1706 [1/1] (0.00ns)   --->   "%sext_ln1118_12 = sext i5 %y1_V_2"   --->   Operation 1706 'sext' 'sext_ln1118_12' <Predicate = (!tmp)> <Delay = 0.00>
ST_14 : Operation 1707 [3/3] (0.99ns) (grouped into DSP with root node ret_V_52)   --->   "%r_V_69 = mul i14 %sext_ln50, i14 %sext_ln1118_12"   --->   Operation 1707 'mul' 'r_V_69' <Predicate = (!tmp)> <Delay = 0.99> <CoreInst = "DSP48">   --->   Core 127 'DSP48' <Latency = 3> <II = 1> <Delay = 0.53> <IPBlock> <Opcode : 'mul' 'add' 'sub' 'select'> <InPorts = 0> <OutPorts = 1> <Sync> <CReg>
ST_14 : Operation 1708 [1/3] (0.00ns) (grouped into DSP with root node ret_V_55)   --->   "%r_V_70 = mul i14 %sext_ln50, i14 %sext_ln1118_11"   --->   Operation 1708 'mul' 'r_V_70' <Predicate = (!tmp)> <Delay = 0.00> <CoreInst = "DSP48">   --->   Core 127 'DSP48' <Latency = 3> <II = 1> <Delay = 0.53> <IPBlock> <Opcode : 'mul' 'add' 'sub' 'select'> <InPorts = 0> <OutPorts = 1> <Sync> <CReg>
ST_14 : Operation 1709 [1/1] (1.74ns)   --->   "%r_V_71 = mul i14 %sext_ln1118, i14 %sext_ln1118_12"   --->   Operation 1709 'mul' 'r_V_71' <Predicate = (!tmp)> <Delay = 1.74> <CoreInst = "Multiplier">   --->   Core 3 'Multiplier' <Latency = 0> <II = 1> <Delay = 1.74> <FuncUnit> <Opcode : 'mul'> <InPorts = 2> <OutPorts = 1>
ST_14 : Operation 1710 [2/2] (0.64ns) (root node of the DSP)   --->   "%ret_V_55 = add i14 %r_V_71, i14 %r_V_70"   --->   Operation 1710 'add' 'ret_V_55' <Predicate = (!tmp)> <Delay = 0.64> <CoreInst = "DSP48">   --->   Core 127 'DSP48' <Latency = 3> <II = 1> <Delay = 0.53> <IPBlock> <Opcode : 'mul' 'add' 'sub' 'select'> <InPorts = 0> <OutPorts = 1> <Sync> <CReg>
ST_14 : Operation 1711 [1/2] (1.23ns)   --->   "%y0_V_3 = load i10 %bit_pattern_31_addr_13" [src/ORB.cpp:53]   --->   Operation 1711 'load' 'y0_V_3' <Predicate = (!tmp)> <Delay = 1.23> <CoreInst = "ROM">   --->   Core 101 'ROM' <Latency = 1> <II = 1> <Delay = 1.23> <Storage> <Opcode : 'load'> <Ports = 0> <Width = 5> <Depth = 1024> <ROM>
ST_14 : Operation 1712 [1/2] (1.23ns)   --->   "%y1_V_3 = load i10 %bit_pattern_31_addr_15" [src/ORB.cpp:55]   --->   Operation 1712 'load' 'y1_V_3' <Predicate = (!tmp)> <Delay = 1.23> <CoreInst = "ROM">   --->   Core 101 'ROM' <Latency = 1> <II = 1> <Delay = 1.23> <Storage> <Opcode : 'load'> <Ports = 0> <Width = 5> <Depth = 1024> <ROM>
ST_14 : Operation 1713 [1/1] (1.74ns)   --->   "%r_V_72 = mul i14 %sext_ln1118, i14 %sext_ln1118_13"   --->   Operation 1713 'mul' 'r_V_72' <Predicate = (!tmp)> <Delay = 1.74> <CoreInst = "Multiplier">   --->   Core 3 'Multiplier' <Latency = 0> <II = 1> <Delay = 1.74> <FuncUnit> <Opcode : 'mul'> <InPorts = 2> <OutPorts = 1>
ST_14 : Operation 1714 [1/1] (0.00ns)   --->   "%sext_ln1118_14 = sext i5 %y0_V_3"   --->   Operation 1714 'sext' 'sext_ln1118_14' <Predicate = (!tmp)> <Delay = 0.00>
ST_14 : Operation 1715 [3/3] (0.99ns) (grouped into DSP with root node ret_V_58)   --->   "%r_V_73 = mul i14 %sext_ln50, i14 %sext_ln1118_14"   --->   Operation 1715 'mul' 'r_V_73' <Predicate = (!tmp)> <Delay = 0.99> <CoreInst = "DSP48">   --->   Core 127 'DSP48' <Latency = 3> <II = 1> <Delay = 0.53> <IPBlock> <Opcode : 'mul' 'add' 'sub' 'select'> <InPorts = 0> <OutPorts = 1> <Sync> <CReg>
ST_14 : Operation 1716 [1/3] (0.00ns) (grouped into DSP with root node ret_V_61)   --->   "%r_V_74 = mul i14 %sext_ln50, i14 %sext_ln1118_13"   --->   Operation 1716 'mul' 'r_V_74' <Predicate = (!tmp)> <Delay = 0.00> <CoreInst = "DSP48">   --->   Core 127 'DSP48' <Latency = 3> <II = 1> <Delay = 0.53> <IPBlock> <Opcode : 'mul' 'add' 'sub' 'select'> <InPorts = 0> <OutPorts = 1> <Sync> <CReg>
ST_14 : Operation 1717 [1/1] (1.74ns)   --->   "%r_V_75 = mul i14 %sext_ln1118, i14 %sext_ln1118_14"   --->   Operation 1717 'mul' 'r_V_75' <Predicate = (!tmp)> <Delay = 1.74> <CoreInst = "Multiplier">   --->   Core 3 'Multiplier' <Latency = 0> <II = 1> <Delay = 1.74> <FuncUnit> <Opcode : 'mul'> <InPorts = 2> <OutPorts = 1>
ST_14 : Operation 1718 [2/2] (0.64ns) (root node of the DSP)   --->   "%ret_V_61 = add i14 %r_V_75, i14 %r_V_74"   --->   Operation 1718 'add' 'ret_V_61' <Predicate = (!tmp)> <Delay = 0.64> <CoreInst = "DSP48">   --->   Core 127 'DSP48' <Latency = 3> <II = 1> <Delay = 0.53> <IPBlock> <Opcode : 'mul' 'add' 'sub' 'select'> <InPorts = 0> <OutPorts = 1> <Sync> <CReg>
ST_14 : Operation 1719 [1/1] (1.74ns)   --->   "%r_V_76 = mul i14 %sext_ln1118, i14 %sext_ln1118_15"   --->   Operation 1719 'mul' 'r_V_76' <Predicate = (!tmp)> <Delay = 1.74> <CoreInst = "Multiplier">   --->   Core 3 'Multiplier' <Latency = 0> <II = 1> <Delay = 1.74> <FuncUnit> <Opcode : 'mul'> <InPorts = 2> <OutPorts = 1>
ST_14 : Operation 1720 [1/1] (0.00ns)   --->   "%sext_ln1118_16 = sext i5 %y1_V_3"   --->   Operation 1720 'sext' 'sext_ln1118_16' <Predicate = (!tmp)> <Delay = 0.00>
ST_14 : Operation 1721 [3/3] (0.99ns) (grouped into DSP with root node ret_V_64)   --->   "%r_V_77 = mul i14 %sext_ln50, i14 %sext_ln1118_16"   --->   Operation 1721 'mul' 'r_V_77' <Predicate = (!tmp)> <Delay = 0.99> <CoreInst = "DSP48">   --->   Core 127 'DSP48' <Latency = 3> <II = 1> <Delay = 0.53> <IPBlock> <Opcode : 'mul' 'add' 'sub' 'select'> <InPorts = 0> <OutPorts = 1> <Sync> <CReg>
ST_14 : Operation 1722 [1/3] (0.00ns) (grouped into DSP with root node ret_V_67)   --->   "%r_V_78 = mul i14 %sext_ln50, i14 %sext_ln1118_15"   --->   Operation 1722 'mul' 'r_V_78' <Predicate = (!tmp)> <Delay = 0.00> <CoreInst = "DSP48">   --->   Core 127 'DSP48' <Latency = 3> <II = 1> <Delay = 0.53> <IPBlock> <Opcode : 'mul' 'add' 'sub' 'select'> <InPorts = 0> <OutPorts = 1> <Sync> <CReg>
ST_14 : Operation 1723 [1/1] (1.74ns)   --->   "%r_V_79 = mul i14 %sext_ln1118, i14 %sext_ln1118_16"   --->   Operation 1723 'mul' 'r_V_79' <Predicate = (!tmp)> <Delay = 1.74> <CoreInst = "Multiplier">   --->   Core 3 'Multiplier' <Latency = 0> <II = 1> <Delay = 1.74> <FuncUnit> <Opcode : 'mul'> <InPorts = 2> <OutPorts = 1>
ST_14 : Operation 1724 [2/2] (0.64ns) (root node of the DSP)   --->   "%ret_V_67 = add i14 %r_V_79, i14 %r_V_78"   --->   Operation 1724 'add' 'ret_V_67' <Predicate = (!tmp)> <Delay = 0.64> <CoreInst = "DSP48">   --->   Core 127 'DSP48' <Latency = 3> <II = 1> <Delay = 0.53> <IPBlock> <Opcode : 'mul' 'add' 'sub' 'select'> <InPorts = 0> <OutPorts = 1> <Sync> <CReg>
ST_14 : Operation 1725 [1/2] (1.23ns)   --->   "%y0_V_4 = load i10 %bit_pattern_31_addr_17" [src/ORB.cpp:53]   --->   Operation 1725 'load' 'y0_V_4' <Predicate = (!tmp)> <Delay = 1.23> <CoreInst = "ROM">   --->   Core 101 'ROM' <Latency = 1> <II = 1> <Delay = 1.23> <Storage> <Opcode : 'load'> <Ports = 0> <Width = 5> <Depth = 1024> <ROM>
ST_14 : Operation 1726 [1/2] (1.23ns)   --->   "%y1_V_4 = load i10 %bit_pattern_31_addr_19" [src/ORB.cpp:55]   --->   Operation 1726 'load' 'y1_V_4' <Predicate = (!tmp)> <Delay = 1.23> <CoreInst = "ROM">   --->   Core 101 'ROM' <Latency = 1> <II = 1> <Delay = 1.23> <Storage> <Opcode : 'load'> <Ports = 0> <Width = 5> <Depth = 1024> <ROM>
ST_14 : Operation 1727 [1/1] (1.74ns)   --->   "%r_V_80 = mul i14 %sext_ln1118, i14 %sext_ln1118_17"   --->   Operation 1727 'mul' 'r_V_80' <Predicate = (!tmp)> <Delay = 1.74> <CoreInst = "Multiplier">   --->   Core 3 'Multiplier' <Latency = 0> <II = 1> <Delay = 1.74> <FuncUnit> <Opcode : 'mul'> <InPorts = 2> <OutPorts = 1>
ST_14 : Operation 1728 [1/1] (0.00ns)   --->   "%sext_ln1118_18 = sext i5 %y0_V_4"   --->   Operation 1728 'sext' 'sext_ln1118_18' <Predicate = (!tmp)> <Delay = 0.00>
ST_14 : Operation 1729 [3/3] (0.99ns) (grouped into DSP with root node ret_V_70)   --->   "%r_V_81 = mul i14 %sext_ln50, i14 %sext_ln1118_18"   --->   Operation 1729 'mul' 'r_V_81' <Predicate = (!tmp)> <Delay = 0.99> <CoreInst = "DSP48">   --->   Core 127 'DSP48' <Latency = 3> <II = 1> <Delay = 0.53> <IPBlock> <Opcode : 'mul' 'add' 'sub' 'select'> <InPorts = 0> <OutPorts = 1> <Sync> <CReg>
ST_14 : Operation 1730 [1/3] (0.00ns) (grouped into DSP with root node ret_V_73)   --->   "%r_V_82 = mul i14 %sext_ln50, i14 %sext_ln1118_17"   --->   Operation 1730 'mul' 'r_V_82' <Predicate = (!tmp)> <Delay = 0.00> <CoreInst = "DSP48">   --->   Core 127 'DSP48' <Latency = 3> <II = 1> <Delay = 0.53> <IPBlock> <Opcode : 'mul' 'add' 'sub' 'select'> <InPorts = 0> <OutPorts = 1> <Sync> <CReg>
ST_14 : Operation 1731 [1/1] (1.74ns)   --->   "%r_V_83 = mul i14 %sext_ln1118, i14 %sext_ln1118_18"   --->   Operation 1731 'mul' 'r_V_83' <Predicate = (!tmp)> <Delay = 1.74> <CoreInst = "Multiplier">   --->   Core 3 'Multiplier' <Latency = 0> <II = 1> <Delay = 1.74> <FuncUnit> <Opcode : 'mul'> <InPorts = 2> <OutPorts = 1>
ST_14 : Operation 1732 [2/2] (0.64ns) (root node of the DSP)   --->   "%ret_V_73 = add i14 %r_V_83, i14 %r_V_82"   --->   Operation 1732 'add' 'ret_V_73' <Predicate = (!tmp)> <Delay = 0.64> <CoreInst = "DSP48">   --->   Core 127 'DSP48' <Latency = 3> <II = 1> <Delay = 0.53> <IPBlock> <Opcode : 'mul' 'add' 'sub' 'select'> <InPorts = 0> <OutPorts = 1> <Sync> <CReg>
ST_14 : Operation 1733 [1/1] (1.74ns)   --->   "%r_V_84 = mul i14 %sext_ln1118, i14 %sext_ln1118_19"   --->   Operation 1733 'mul' 'r_V_84' <Predicate = (!tmp)> <Delay = 1.74> <CoreInst = "Multiplier">   --->   Core 3 'Multiplier' <Latency = 0> <II = 1> <Delay = 1.74> <FuncUnit> <Opcode : 'mul'> <InPorts = 2> <OutPorts = 1>
ST_14 : Operation 1734 [1/1] (0.00ns)   --->   "%sext_ln1118_20 = sext i5 %y1_V_4"   --->   Operation 1734 'sext' 'sext_ln1118_20' <Predicate = (!tmp)> <Delay = 0.00>
ST_14 : Operation 1735 [3/3] (0.99ns) (grouped into DSP with root node ret_V_76)   --->   "%r_V_85 = mul i14 %sext_ln50, i14 %sext_ln1118_20"   --->   Operation 1735 'mul' 'r_V_85' <Predicate = (!tmp)> <Delay = 0.99> <CoreInst = "DSP48">   --->   Core 127 'DSP48' <Latency = 3> <II = 1> <Delay = 0.53> <IPBlock> <Opcode : 'mul' 'add' 'sub' 'select'> <InPorts = 0> <OutPorts = 1> <Sync> <CReg>
ST_14 : Operation 1736 [1/3] (0.00ns) (grouped into DSP with root node ret_V_79)   --->   "%r_V_86 = mul i14 %sext_ln50, i14 %sext_ln1118_19"   --->   Operation 1736 'mul' 'r_V_86' <Predicate = (!tmp)> <Delay = 0.00> <CoreInst = "DSP48">   --->   Core 127 'DSP48' <Latency = 3> <II = 1> <Delay = 0.53> <IPBlock> <Opcode : 'mul' 'add' 'sub' 'select'> <InPorts = 0> <OutPorts = 1> <Sync> <CReg>
ST_14 : Operation 1737 [1/1] (1.74ns)   --->   "%r_V_87 = mul i14 %sext_ln1118, i14 %sext_ln1118_20"   --->   Operation 1737 'mul' 'r_V_87' <Predicate = (!tmp)> <Delay = 1.74> <CoreInst = "Multiplier">   --->   Core 3 'Multiplier' <Latency = 0> <II = 1> <Delay = 1.74> <FuncUnit> <Opcode : 'mul'> <InPorts = 2> <OutPorts = 1>
ST_14 : Operation 1738 [2/2] (0.64ns) (root node of the DSP)   --->   "%ret_V_79 = add i14 %r_V_87, i14 %r_V_86"   --->   Operation 1738 'add' 'ret_V_79' <Predicate = (!tmp)> <Delay = 0.64> <CoreInst = "DSP48">   --->   Core 127 'DSP48' <Latency = 3> <II = 1> <Delay = 0.53> <IPBlock> <Opcode : 'mul' 'add' 'sub' 'select'> <InPorts = 0> <OutPorts = 1> <Sync> <CReg>
ST_14 : Operation 1739 [1/2] (1.23ns)   --->   "%y0_V_5 = load i10 %bit_pattern_31_addr_21" [src/ORB.cpp:53]   --->   Operation 1739 'load' 'y0_V_5' <Predicate = (!tmp)> <Delay = 1.23> <CoreInst = "ROM">   --->   Core 101 'ROM' <Latency = 1> <II = 1> <Delay = 1.23> <Storage> <Opcode : 'load'> <Ports = 0> <Width = 5> <Depth = 1024> <ROM>
ST_14 : Operation 1740 [1/2] (1.23ns)   --->   "%y1_V_5 = load i10 %bit_pattern_31_addr_23" [src/ORB.cpp:55]   --->   Operation 1740 'load' 'y1_V_5' <Predicate = (!tmp)> <Delay = 1.23> <CoreInst = "ROM">   --->   Core 101 'ROM' <Latency = 1> <II = 1> <Delay = 1.23> <Storage> <Opcode : 'load'> <Ports = 0> <Width = 5> <Depth = 1024> <ROM>
ST_14 : Operation 1741 [1/1] (1.74ns)   --->   "%r_V_88 = mul i14 %sext_ln1118, i14 %sext_ln1118_21"   --->   Operation 1741 'mul' 'r_V_88' <Predicate = (!tmp)> <Delay = 1.74> <CoreInst = "Multiplier">   --->   Core 3 'Multiplier' <Latency = 0> <II = 1> <Delay = 1.74> <FuncUnit> <Opcode : 'mul'> <InPorts = 2> <OutPorts = 1>
ST_14 : Operation 1742 [1/1] (0.00ns)   --->   "%sext_ln1118_22 = sext i5 %y0_V_5"   --->   Operation 1742 'sext' 'sext_ln1118_22' <Predicate = (!tmp)> <Delay = 0.00>
ST_14 : Operation 1743 [3/3] (0.99ns) (grouped into DSP with root node ret_V_82)   --->   "%r_V_89 = mul i14 %sext_ln50, i14 %sext_ln1118_22"   --->   Operation 1743 'mul' 'r_V_89' <Predicate = (!tmp)> <Delay = 0.99> <CoreInst = "DSP48">   --->   Core 127 'DSP48' <Latency = 3> <II = 1> <Delay = 0.53> <IPBlock> <Opcode : 'mul' 'add' 'sub' 'select'> <InPorts = 0> <OutPorts = 1> <Sync> <CReg>
ST_14 : Operation 1744 [1/3] (0.00ns) (grouped into DSP with root node ret_V_85)   --->   "%r_V_90 = mul i14 %sext_ln50, i14 %sext_ln1118_21"   --->   Operation 1744 'mul' 'r_V_90' <Predicate = (!tmp)> <Delay = 0.00> <CoreInst = "DSP48">   --->   Core 127 'DSP48' <Latency = 3> <II = 1> <Delay = 0.53> <IPBlock> <Opcode : 'mul' 'add' 'sub' 'select'> <InPorts = 0> <OutPorts = 1> <Sync> <CReg>
ST_14 : Operation 1745 [1/1] (1.74ns)   --->   "%r_V_91 = mul i14 %sext_ln1118, i14 %sext_ln1118_22"   --->   Operation 1745 'mul' 'r_V_91' <Predicate = (!tmp)> <Delay = 1.74> <CoreInst = "Multiplier">   --->   Core 3 'Multiplier' <Latency = 0> <II = 1> <Delay = 1.74> <FuncUnit> <Opcode : 'mul'> <InPorts = 2> <OutPorts = 1>
ST_14 : Operation 1746 [2/2] (0.64ns) (root node of the DSP)   --->   "%ret_V_85 = add i14 %r_V_91, i14 %r_V_90"   --->   Operation 1746 'add' 'ret_V_85' <Predicate = (!tmp)> <Delay = 0.64> <CoreInst = "DSP48">   --->   Core 127 'DSP48' <Latency = 3> <II = 1> <Delay = 0.53> <IPBlock> <Opcode : 'mul' 'add' 'sub' 'select'> <InPorts = 0> <OutPorts = 1> <Sync> <CReg>
ST_14 : Operation 1747 [1/1] (1.74ns)   --->   "%r_V_92 = mul i14 %sext_ln1118, i14 %sext_ln1118_23"   --->   Operation 1747 'mul' 'r_V_92' <Predicate = (!tmp)> <Delay = 1.74> <CoreInst = "Multiplier">   --->   Core 3 'Multiplier' <Latency = 0> <II = 1> <Delay = 1.74> <FuncUnit> <Opcode : 'mul'> <InPorts = 2> <OutPorts = 1>
ST_14 : Operation 1748 [1/1] (0.00ns)   --->   "%sext_ln1118_24 = sext i5 %y1_V_5"   --->   Operation 1748 'sext' 'sext_ln1118_24' <Predicate = (!tmp)> <Delay = 0.00>
ST_14 : Operation 1749 [3/3] (0.99ns) (grouped into DSP with root node ret_V_88)   --->   "%r_V_93 = mul i14 %sext_ln50, i14 %sext_ln1118_24"   --->   Operation 1749 'mul' 'r_V_93' <Predicate = (!tmp)> <Delay = 0.99> <CoreInst = "DSP48">   --->   Core 127 'DSP48' <Latency = 3> <II = 1> <Delay = 0.53> <IPBlock> <Opcode : 'mul' 'add' 'sub' 'select'> <InPorts = 0> <OutPorts = 1> <Sync> <CReg>
ST_14 : Operation 1750 [1/3] (0.00ns) (grouped into DSP with root node ret_V_91)   --->   "%r_V_94 = mul i14 %sext_ln50, i14 %sext_ln1118_23"   --->   Operation 1750 'mul' 'r_V_94' <Predicate = (!tmp)> <Delay = 0.00> <CoreInst = "DSP48">   --->   Core 127 'DSP48' <Latency = 3> <II = 1> <Delay = 0.53> <IPBlock> <Opcode : 'mul' 'add' 'sub' 'select'> <InPorts = 0> <OutPorts = 1> <Sync> <CReg>
ST_14 : Operation 1751 [1/1] (1.74ns)   --->   "%r_V_95 = mul i14 %sext_ln1118, i14 %sext_ln1118_24"   --->   Operation 1751 'mul' 'r_V_95' <Predicate = (!tmp)> <Delay = 1.74> <CoreInst = "Multiplier">   --->   Core 3 'Multiplier' <Latency = 0> <II = 1> <Delay = 1.74> <FuncUnit> <Opcode : 'mul'> <InPorts = 2> <OutPorts = 1>
ST_14 : Operation 1752 [2/2] (0.64ns) (root node of the DSP)   --->   "%ret_V_91 = add i14 %r_V_95, i14 %r_V_94"   --->   Operation 1752 'add' 'ret_V_91' <Predicate = (!tmp)> <Delay = 0.64> <CoreInst = "DSP48">   --->   Core 127 'DSP48' <Latency = 3> <II = 1> <Delay = 0.53> <IPBlock> <Opcode : 'mul' 'add' 'sub' 'select'> <InPorts = 0> <OutPorts = 1> <Sync> <CReg>
ST_14 : Operation 1753 [1/2] (1.23ns)   --->   "%y0_V_6 = load i10 %bit_pattern_31_addr_25" [src/ORB.cpp:53]   --->   Operation 1753 'load' 'y0_V_6' <Predicate = (!tmp)> <Delay = 1.23> <CoreInst = "ROM">   --->   Core 101 'ROM' <Latency = 1> <II = 1> <Delay = 1.23> <Storage> <Opcode : 'load'> <Ports = 0> <Width = 5> <Depth = 1024> <ROM>
ST_14 : Operation 1754 [1/2] (1.23ns)   --->   "%y1_V_6 = load i10 %bit_pattern_31_addr_27" [src/ORB.cpp:55]   --->   Operation 1754 'load' 'y1_V_6' <Predicate = (!tmp)> <Delay = 1.23> <CoreInst = "ROM">   --->   Core 101 'ROM' <Latency = 1> <II = 1> <Delay = 1.23> <Storage> <Opcode : 'load'> <Ports = 0> <Width = 5> <Depth = 1024> <ROM>
ST_14 : Operation 1755 [1/1] (1.74ns)   --->   "%r_V_96 = mul i14 %sext_ln1118, i14 %sext_ln1118_25"   --->   Operation 1755 'mul' 'r_V_96' <Predicate = (!tmp)> <Delay = 1.74> <CoreInst = "Multiplier">   --->   Core 3 'Multiplier' <Latency = 0> <II = 1> <Delay = 1.74> <FuncUnit> <Opcode : 'mul'> <InPorts = 2> <OutPorts = 1>
ST_14 : Operation 1756 [1/1] (0.00ns)   --->   "%sext_ln1118_26 = sext i5 %y0_V_6"   --->   Operation 1756 'sext' 'sext_ln1118_26' <Predicate = (!tmp)> <Delay = 0.00>
ST_14 : Operation 1757 [3/3] (0.99ns) (grouped into DSP with root node ret_V_94)   --->   "%r_V_97 = mul i14 %sext_ln50, i14 %sext_ln1118_26"   --->   Operation 1757 'mul' 'r_V_97' <Predicate = (!tmp)> <Delay = 0.99> <CoreInst = "DSP48">   --->   Core 127 'DSP48' <Latency = 3> <II = 1> <Delay = 0.53> <IPBlock> <Opcode : 'mul' 'add' 'sub' 'select'> <InPorts = 0> <OutPorts = 1> <Sync> <CReg>
ST_14 : Operation 1758 [1/3] (0.00ns) (grouped into DSP with root node ret_V_97)   --->   "%r_V_98 = mul i14 %sext_ln50, i14 %sext_ln1118_25"   --->   Operation 1758 'mul' 'r_V_98' <Predicate = (!tmp)> <Delay = 0.00> <CoreInst = "DSP48">   --->   Core 127 'DSP48' <Latency = 3> <II = 1> <Delay = 0.53> <IPBlock> <Opcode : 'mul' 'add' 'sub' 'select'> <InPorts = 0> <OutPorts = 1> <Sync> <CReg>
ST_14 : Operation 1759 [1/1] (1.74ns)   --->   "%r_V_99 = mul i14 %sext_ln1118, i14 %sext_ln1118_26"   --->   Operation 1759 'mul' 'r_V_99' <Predicate = (!tmp)> <Delay = 1.74> <CoreInst = "Multiplier">   --->   Core 3 'Multiplier' <Latency = 0> <II = 1> <Delay = 1.74> <FuncUnit> <Opcode : 'mul'> <InPorts = 2> <OutPorts = 1>
ST_14 : Operation 1760 [2/2] (0.64ns) (root node of the DSP)   --->   "%ret_V_97 = add i14 %r_V_99, i14 %r_V_98"   --->   Operation 1760 'add' 'ret_V_97' <Predicate = (!tmp)> <Delay = 0.64> <CoreInst = "DSP48">   --->   Core 127 'DSP48' <Latency = 3> <II = 1> <Delay = 0.53> <IPBlock> <Opcode : 'mul' 'add' 'sub' 'select'> <InPorts = 0> <OutPorts = 1> <Sync> <CReg>
ST_14 : Operation 1761 [1/1] (1.74ns)   --->   "%r_V_100 = mul i14 %sext_ln1118, i14 %sext_ln1118_27"   --->   Operation 1761 'mul' 'r_V_100' <Predicate = (!tmp)> <Delay = 1.74> <CoreInst = "Multiplier">   --->   Core 3 'Multiplier' <Latency = 0> <II = 1> <Delay = 1.74> <FuncUnit> <Opcode : 'mul'> <InPorts = 2> <OutPorts = 1>
ST_14 : Operation 1762 [1/1] (0.00ns)   --->   "%sext_ln1118_28 = sext i5 %y1_V_6"   --->   Operation 1762 'sext' 'sext_ln1118_28' <Predicate = (!tmp)> <Delay = 0.00>
ST_14 : Operation 1763 [3/3] (0.99ns) (grouped into DSP with root node ret_V_100)   --->   "%r_V_101 = mul i14 %sext_ln50, i14 %sext_ln1118_28"   --->   Operation 1763 'mul' 'r_V_101' <Predicate = (!tmp)> <Delay = 0.99> <CoreInst = "DSP48">   --->   Core 127 'DSP48' <Latency = 3> <II = 1> <Delay = 0.53> <IPBlock> <Opcode : 'mul' 'add' 'sub' 'select'> <InPorts = 0> <OutPorts = 1> <Sync> <CReg>
ST_14 : Operation 1764 [1/3] (0.00ns) (grouped into DSP with root node ret_V_103)   --->   "%r_V_102 = mul i14 %sext_ln50, i14 %sext_ln1118_27"   --->   Operation 1764 'mul' 'r_V_102' <Predicate = (!tmp)> <Delay = 0.00> <CoreInst = "DSP48">   --->   Core 127 'DSP48' <Latency = 3> <II = 1> <Delay = 0.53> <IPBlock> <Opcode : 'mul' 'add' 'sub' 'select'> <InPorts = 0> <OutPorts = 1> <Sync> <CReg>
ST_14 : Operation 1765 [1/1] (1.74ns)   --->   "%r_V_103 = mul i14 %sext_ln1118, i14 %sext_ln1118_28"   --->   Operation 1765 'mul' 'r_V_103' <Predicate = (!tmp)> <Delay = 1.74> <CoreInst = "Multiplier">   --->   Core 3 'Multiplier' <Latency = 0> <II = 1> <Delay = 1.74> <FuncUnit> <Opcode : 'mul'> <InPorts = 2> <OutPorts = 1>
ST_14 : Operation 1766 [2/2] (0.64ns) (root node of the DSP)   --->   "%ret_V_103 = add i14 %r_V_103, i14 %r_V_102"   --->   Operation 1766 'add' 'ret_V_103' <Predicate = (!tmp)> <Delay = 0.64> <CoreInst = "DSP48">   --->   Core 127 'DSP48' <Latency = 3> <II = 1> <Delay = 0.53> <IPBlock> <Opcode : 'mul' 'add' 'sub' 'select'> <InPorts = 0> <OutPorts = 1> <Sync> <CReg>
ST_14 : Operation 1767 [1/2] (1.23ns)   --->   "%y0_V_7 = load i10 %bit_pattern_31_addr_29" [src/ORB.cpp:53]   --->   Operation 1767 'load' 'y0_V_7' <Predicate = (!tmp)> <Delay = 1.23> <CoreInst = "ROM">   --->   Core 101 'ROM' <Latency = 1> <II = 1> <Delay = 1.23> <Storage> <Opcode : 'load'> <Ports = 0> <Width = 5> <Depth = 1024> <ROM>
ST_14 : Operation 1768 [1/2] (1.23ns)   --->   "%y1_V_7 = load i10 %bit_pattern_31_addr_31" [src/ORB.cpp:55]   --->   Operation 1768 'load' 'y1_V_7' <Predicate = (!tmp)> <Delay = 1.23> <CoreInst = "ROM">   --->   Core 101 'ROM' <Latency = 1> <II = 1> <Delay = 1.23> <Storage> <Opcode : 'load'> <Ports = 0> <Width = 5> <Depth = 1024> <ROM>
ST_14 : Operation 1769 [1/1] (1.74ns)   --->   "%r_V_104 = mul i14 %sext_ln1118, i14 %sext_ln1118_29"   --->   Operation 1769 'mul' 'r_V_104' <Predicate = (!tmp)> <Delay = 1.74> <CoreInst = "Multiplier">   --->   Core 3 'Multiplier' <Latency = 0> <II = 1> <Delay = 1.74> <FuncUnit> <Opcode : 'mul'> <InPorts = 2> <OutPorts = 1>
ST_14 : Operation 1770 [1/1] (0.00ns)   --->   "%sext_ln1118_30 = sext i5 %y0_V_7"   --->   Operation 1770 'sext' 'sext_ln1118_30' <Predicate = (!tmp)> <Delay = 0.00>
ST_14 : Operation 1771 [3/3] (0.99ns) (grouped into DSP with root node ret_V_106)   --->   "%r_V_105 = mul i14 %sext_ln50, i14 %sext_ln1118_30"   --->   Operation 1771 'mul' 'r_V_105' <Predicate = (!tmp)> <Delay = 0.99> <CoreInst = "DSP48">   --->   Core 127 'DSP48' <Latency = 3> <II = 1> <Delay = 0.53> <IPBlock> <Opcode : 'mul' 'add' 'sub' 'select'> <InPorts = 0> <OutPorts = 1> <Sync> <CReg>
ST_14 : Operation 1772 [1/3] (0.00ns) (grouped into DSP with root node ret_V_109)   --->   "%r_V_106 = mul i14 %sext_ln50, i14 %sext_ln1118_29"   --->   Operation 1772 'mul' 'r_V_106' <Predicate = (!tmp)> <Delay = 0.00> <CoreInst = "DSP48">   --->   Core 127 'DSP48' <Latency = 3> <II = 1> <Delay = 0.53> <IPBlock> <Opcode : 'mul' 'add' 'sub' 'select'> <InPorts = 0> <OutPorts = 1> <Sync> <CReg>
ST_14 : Operation 1773 [1/1] (1.74ns)   --->   "%r_V_107 = mul i14 %sext_ln1118, i14 %sext_ln1118_30"   --->   Operation 1773 'mul' 'r_V_107' <Predicate = (!tmp)> <Delay = 1.74> <CoreInst = "Multiplier">   --->   Core 3 'Multiplier' <Latency = 0> <II = 1> <Delay = 1.74> <FuncUnit> <Opcode : 'mul'> <InPorts = 2> <OutPorts = 1>
ST_14 : Operation 1774 [2/2] (0.64ns) (root node of the DSP)   --->   "%ret_V_109 = add i14 %r_V_107, i14 %r_V_106"   --->   Operation 1774 'add' 'ret_V_109' <Predicate = (!tmp)> <Delay = 0.64> <CoreInst = "DSP48">   --->   Core 127 'DSP48' <Latency = 3> <II = 1> <Delay = 0.53> <IPBlock> <Opcode : 'mul' 'add' 'sub' 'select'> <InPorts = 0> <OutPorts = 1> <Sync> <CReg>
ST_14 : Operation 1775 [1/1] (1.74ns)   --->   "%r_V_108 = mul i14 %sext_ln1118, i14 %sext_ln1118_31"   --->   Operation 1775 'mul' 'r_V_108' <Predicate = (!tmp)> <Delay = 1.74> <CoreInst = "Multiplier">   --->   Core 3 'Multiplier' <Latency = 0> <II = 1> <Delay = 1.74> <FuncUnit> <Opcode : 'mul'> <InPorts = 2> <OutPorts = 1>
ST_14 : Operation 1776 [1/1] (0.00ns)   --->   "%sext_ln1118_32 = sext i5 %y1_V_7"   --->   Operation 1776 'sext' 'sext_ln1118_32' <Predicate = (!tmp)> <Delay = 0.00>
ST_14 : Operation 1777 [3/3] (0.99ns) (grouped into DSP with root node ret_V_112)   --->   "%r_V_109 = mul i14 %sext_ln50, i14 %sext_ln1118_32"   --->   Operation 1777 'mul' 'r_V_109' <Predicate = (!tmp)> <Delay = 0.99> <CoreInst = "DSP48">   --->   Core 127 'DSP48' <Latency = 3> <II = 1> <Delay = 0.53> <IPBlock> <Opcode : 'mul' 'add' 'sub' 'select'> <InPorts = 0> <OutPorts = 1> <Sync> <CReg>
ST_14 : Operation 1778 [1/3] (0.00ns) (grouped into DSP with root node ret_V_115)   --->   "%r_V_110 = mul i14 %sext_ln50, i14 %sext_ln1118_31"   --->   Operation 1778 'mul' 'r_V_110' <Predicate = (!tmp)> <Delay = 0.00> <CoreInst = "DSP48">   --->   Core 127 'DSP48' <Latency = 3> <II = 1> <Delay = 0.53> <IPBlock> <Opcode : 'mul' 'add' 'sub' 'select'> <InPorts = 0> <OutPorts = 1> <Sync> <CReg>
ST_14 : Operation 1779 [1/1] (1.74ns)   --->   "%r_V_111 = mul i14 %sext_ln1118, i14 %sext_ln1118_32"   --->   Operation 1779 'mul' 'r_V_111' <Predicate = (!tmp)> <Delay = 1.74> <CoreInst = "Multiplier">   --->   Core 3 'Multiplier' <Latency = 0> <II = 1> <Delay = 1.74> <FuncUnit> <Opcode : 'mul'> <InPorts = 2> <OutPorts = 1>
ST_14 : Operation 1780 [2/2] (0.64ns) (root node of the DSP)   --->   "%ret_V_115 = add i14 %r_V_111, i14 %r_V_110"   --->   Operation 1780 'add' 'ret_V_115' <Predicate = (!tmp)> <Delay = 0.64> <CoreInst = "DSP48">   --->   Core 127 'DSP48' <Latency = 3> <II = 1> <Delay = 0.53> <IPBlock> <Opcode : 'mul' 'add' 'sub' 'select'> <InPorts = 0> <OutPorts = 1> <Sync> <CReg>

State 15 <SV = 13> <Delay = 6.13>
ST_15 : Operation 1781 [2/3] (0.99ns) (grouped into DSP with root node ret_V)   --->   "%r_V_49 = mul i14 %sext_ln50, i14 %sext_ln1118_2"   --->   Operation 1781 'mul' 'r_V_49' <Predicate = (!tmp)> <Delay = 0.99> <CoreInst = "DSP48">   --->   Core 127 'DSP48' <Latency = 3> <II = 1> <Delay = 0.53> <IPBlock> <Opcode : 'mul' 'add' 'sub' 'select'> <InPorts = 0> <OutPorts = 1> <Sync> <CReg>
ST_15 : Operation 1782 [1/2] (0.64ns) (root node of the DSP)   --->   "%ret_V_25 = add i14 %r_V_51, i14 %r_V_50"   --->   Operation 1782 'add' 'ret_V_25' <Predicate = (!tmp)> <Delay = 0.64> <CoreInst = "DSP48">   --->   Core 127 'DSP48' <Latency = 3> <II = 1> <Delay = 0.53> <IPBlock> <Opcode : 'mul' 'add' 'sub' 'select'> <InPorts = 0> <OutPorts = 1> <Sync> <CReg>
ST_15 : Operation 1783 [1/1] (2.89ns)   --->   "%p_Val2_6 = call i16 @round_fixed<16, 9>, i14 %ret_V_25" [C:/Xilinx/Vitis_HLS/2020.2/common/technology/autopilot\hls_math.h:2171->src/ORB.cpp:57]   --->   Operation 1783 'call' 'p_Val2_6' <Predicate = (!tmp)> <Delay = 2.89> <CoreType = "Generic">   --->   Core 0 '' <Latency = 0> <II = 1> <Delay = 1.00> <Generic> <Opcode : >
ST_15 : Operation 1784 [1/1] (0.00ns)   --->   "%trunc_ln831_3 = partselect i6 @_ssdm_op_PartSelect.i6.i16.i32.i32, i16 %p_Val2_6, i32 7, i32 12"   --->   Operation 1784 'partselect' 'trunc_ln831_3' <Predicate = (!tmp)> <Delay = 0.00>
ST_15 : Operation 1785 [1/1] (0.00ns) (grouped into LUT with out node add_ln533)   --->   "%p_Result_11 = bitselect i1 @_ssdm_op_BitSelect.i1.i16.i32, i16 %p_Val2_6, i32 15"   --->   Operation 1785 'bitselect' 'p_Result_11' <Predicate = (!tmp)> <Delay = 0.00>
ST_15 : Operation 1786 [1/1] (0.00ns)   --->   "%trunc_ln851_3 = trunc i16 %p_Val2_6"   --->   Operation 1786 'trunc' 'trunc_ln851_3' <Predicate = (!tmp)> <Delay = 0.00>
ST_15 : Operation 1787 [1/1] (0.81ns)   --->   "%icmp_ln851_4 = icmp_eq  i7 %trunc_ln851_3, i7 0"   --->   Operation 1787 'icmp' 'icmp_ln851_4' <Predicate = (!tmp)> <Delay = 0.81> <CoreInst = "Cmp">   --->   Core 9 'Cmp' <Latency = 0> <II = 1> <Delay = 0.44> <FuncUnit> <Opcode : 'icmp'> <InPorts = 2> <OutPorts = 1>
ST_15 : Operation 1788 [1/1] (0.78ns)   --->   "%ret_V_26 = add i6 %trunc_ln831_3, i6 1"   --->   Operation 1788 'add' 'ret_V_26' <Predicate = (!tmp)> <Delay = 0.78> <CoreInst = "Adder">   --->   Core 1 'Adder' <Latency = 0> <II = 1> <Delay = 0.77> <FuncUnit> <Opcode : 'add' 'sub'> <InPorts = 2> <OutPorts = 1>
ST_15 : Operation 1789 [1/1] (0.00ns) (grouped into LUT with out node add_ln533)   --->   "%select_ln850_4 = select i1 %icmp_ln851_4, i6 %trunc_ln831_3, i6 %ret_V_26"   --->   Operation 1789 'select' 'select_ln850_4' <Predicate = (!tmp)> <Delay = 0.00> <CoreInst = "Sel">   --->   Core 73 'Sel' <Latency = 0> <II = 1> <Delay = 0.39> <FuncUnit> <Opcode : 'select'> <InPorts = 3> <OutPorts = 1>
ST_15 : Operation 1790 [1/1] (0.00ns) (grouped into LUT with out node add_ln533)   --->   "%ret_V_119 = select i1 %p_Result_11, i6 %select_ln850_4, i6 %trunc_ln831_3"   --->   Operation 1790 'select' 'ret_V_119' <Predicate = (!tmp)> <Delay = 0.00> <CoreInst = "Sel">   --->   Core 73 'Sel' <Latency = 0> <II = 1> <Delay = 0.39> <FuncUnit> <Opcode : 'select'> <InPorts = 3> <OutPorts = 1>
ST_15 : Operation 1791 [2/3] (0.99ns) (grouped into DSP with root node ret_V_28)   --->   "%r_V_53 = mul i14 %sext_ln50, i14 %sext_ln1118_4"   --->   Operation 1791 'mul' 'r_V_53' <Predicate = (!tmp)> <Delay = 0.99> <CoreInst = "DSP48">   --->   Core 127 'DSP48' <Latency = 3> <II = 1> <Delay = 0.53> <IPBlock> <Opcode : 'mul' 'add' 'sub' 'select'> <InPorts = 0> <OutPorts = 1> <Sync> <CReg>
ST_15 : Operation 1792 [1/2] (0.64ns) (root node of the DSP)   --->   "%ret_V_31 = add i14 %r_V_55, i14 %r_V_54"   --->   Operation 1792 'add' 'ret_V_31' <Predicate = (!tmp)> <Delay = 0.64> <CoreInst = "DSP48">   --->   Core 127 'DSP48' <Latency = 3> <II = 1> <Delay = 0.53> <IPBlock> <Opcode : 'mul' 'add' 'sub' 'select'> <InPorts = 0> <OutPorts = 1> <Sync> <CReg>
ST_15 : Operation 1793 [1/1] (2.89ns)   --->   "%p_Val2_8 = call i16 @round_fixed<16, 9>, i14 %ret_V_31" [C:/Xilinx/Vitis_HLS/2020.2/common/technology/autopilot\hls_math.h:2171->src/ORB.cpp:59]   --->   Operation 1793 'call' 'p_Val2_8' <Predicate = (!tmp)> <Delay = 2.89> <CoreType = "Generic">   --->   Core 0 '' <Latency = 0> <II = 1> <Delay = 1.00> <Generic> <Opcode : >
ST_15 : Operation 1794 [1/1] (0.00ns)   --->   "%trunc_ln831_5 = partselect i6 @_ssdm_op_PartSelect.i6.i16.i32.i32, i16 %p_Val2_8, i32 7, i32 12"   --->   Operation 1794 'partselect' 'trunc_ln831_5' <Predicate = (!tmp)> <Delay = 0.00>
ST_15 : Operation 1795 [1/1] (0.00ns) (grouped into LUT with out node add_ln533_1)   --->   "%p_Result_13 = bitselect i1 @_ssdm_op_BitSelect.i1.i16.i32, i16 %p_Val2_8, i32 15"   --->   Operation 1795 'bitselect' 'p_Result_13' <Predicate = (!tmp)> <Delay = 0.00>
ST_15 : Operation 1796 [1/1] (0.00ns)   --->   "%trunc_ln851_5 = trunc i16 %p_Val2_8"   --->   Operation 1796 'trunc' 'trunc_ln851_5' <Predicate = (!tmp)> <Delay = 0.00>
ST_15 : Operation 1797 [1/1] (0.81ns)   --->   "%icmp_ln851_6 = icmp_eq  i7 %trunc_ln851_5, i7 0"   --->   Operation 1797 'icmp' 'icmp_ln851_6' <Predicate = (!tmp)> <Delay = 0.81> <CoreInst = "Cmp">   --->   Core 9 'Cmp' <Latency = 0> <II = 1> <Delay = 0.44> <FuncUnit> <Opcode : 'icmp'> <InPorts = 2> <OutPorts = 1>
ST_15 : Operation 1798 [1/1] (0.78ns)   --->   "%ret_V_32 = add i6 %trunc_ln831_5, i6 1"   --->   Operation 1798 'add' 'ret_V_32' <Predicate = (!tmp)> <Delay = 0.78> <CoreInst = "Adder">   --->   Core 1 'Adder' <Latency = 0> <II = 1> <Delay = 0.77> <FuncUnit> <Opcode : 'add' 'sub'> <InPorts = 2> <OutPorts = 1>
ST_15 : Operation 1799 [1/1] (0.00ns) (grouped into LUT with out node add_ln533_1)   --->   "%select_ln850_6 = select i1 %icmp_ln851_6, i6 %trunc_ln831_5, i6 %ret_V_32"   --->   Operation 1799 'select' 'select_ln850_6' <Predicate = (!tmp)> <Delay = 0.00> <CoreInst = "Sel">   --->   Core 73 'Sel' <Latency = 0> <II = 1> <Delay = 0.39> <FuncUnit> <Opcode : 'select'> <InPorts = 3> <OutPorts = 1>
ST_15 : Operation 1800 [1/1] (0.00ns) (grouped into LUT with out node add_ln533_1)   --->   "%ret_V_121 = select i1 %p_Result_13, i6 %select_ln850_6, i6 %trunc_ln831_5"   --->   Operation 1800 'select' 'ret_V_121' <Predicate = (!tmp)> <Delay = 0.00> <CoreInst = "Sel">   --->   Core 73 'Sel' <Latency = 0> <II = 1> <Delay = 0.39> <FuncUnit> <Opcode : 'select'> <InPorts = 3> <OutPorts = 1>
ST_15 : Operation 1801 [1/1] (0.78ns) (out node of the LUT)   --->   "%add_ln533 = add i6 %ret_V_119, i6 18" [vitis_library_vision_L1/include\common/xf_video_mem.hpp:533]   --->   Operation 1801 'add' 'add_ln533' <Predicate = (!tmp)> <Delay = 0.78> <CoreInst = "Adder">   --->   Core 1 'Adder' <Latency = 0> <II = 1> <Delay = 0.77> <FuncUnit> <Opcode : 'add' 'sub'> <InPorts = 2> <OutPorts = 1>
ST_15 : Operation 1802 [1/1] (0.00ns)   --->   "%zext_ln60 = zext i6 %add_ln533" [src/ORB.cpp:60]   --->   Operation 1802 'zext' 'zext_ln60' <Predicate = (!tmp)> <Delay = 0.00>
ST_15 : Operation 1803 [3/3] (0.99ns) (grouped into DSP with root node add_ln60)   --->   "%mul_ln60 = mul i11 %zext_ln60, i11 37" [src/ORB.cpp:60]   --->   Operation 1803 'mul' 'mul_ln60' <Predicate = (!tmp)> <Delay = 0.99> <CoreInst = "DSP48">   --->   Core 127 'DSP48' <Latency = 3> <II = 1> <Delay = 0.53> <IPBlock> <Opcode : 'mul' 'add' 'sub' 'select'> <InPorts = 0> <OutPorts = 1> <Sync> <CReg>
ST_15 : Operation 1804 [1/1] (0.78ns) (out node of the LUT)   --->   "%add_ln533_1 = add i6 %ret_V_121, i6 18" [vitis_library_vision_L1/include\common/xf_video_mem.hpp:533]   --->   Operation 1804 'add' 'add_ln533_1' <Predicate = (!tmp)> <Delay = 0.78> <CoreInst = "Adder">   --->   Core 1 'Adder' <Latency = 0> <II = 1> <Delay = 0.77> <FuncUnit> <Opcode : 'add' 'sub'> <InPorts = 2> <OutPorts = 1>
ST_15 : Operation 1805 [1/1] (0.00ns)   --->   "%zext_ln61 = zext i6 %add_ln533_1" [src/ORB.cpp:61]   --->   Operation 1805 'zext' 'zext_ln61' <Predicate = (!tmp)> <Delay = 0.00>
ST_15 : Operation 1806 [3/3] (0.99ns) (grouped into DSP with root node add_ln61)   --->   "%mul_ln61 = mul i11 %zext_ln61, i11 37" [src/ORB.cpp:61]   --->   Operation 1806 'mul' 'mul_ln61' <Predicate = (!tmp)> <Delay = 0.99> <CoreInst = "DSP48">   --->   Core 127 'DSP48' <Latency = 3> <II = 1> <Delay = 0.53> <IPBlock> <Opcode : 'mul' 'add' 'sub' 'select'> <InPorts = 0> <OutPorts = 1> <Sync> <CReg>
ST_15 : Operation 1807 [2/3] (0.99ns) (grouped into DSP with root node ret_V_34)   --->   "%r_V_57 = mul i14 %sext_ln50, i14 %sext_ln1118_6"   --->   Operation 1807 'mul' 'r_V_57' <Predicate = (!tmp)> <Delay = 0.99> <CoreInst = "DSP48">   --->   Core 127 'DSP48' <Latency = 3> <II = 1> <Delay = 0.53> <IPBlock> <Opcode : 'mul' 'add' 'sub' 'select'> <InPorts = 0> <OutPorts = 1> <Sync> <CReg>
ST_15 : Operation 1808 [1/2] (0.64ns) (root node of the DSP)   --->   "%ret_V_37 = add i14 %r_V_59, i14 %r_V_58"   --->   Operation 1808 'add' 'ret_V_37' <Predicate = (!tmp)> <Delay = 0.64> <CoreInst = "DSP48">   --->   Core 127 'DSP48' <Latency = 3> <II = 1> <Delay = 0.53> <IPBlock> <Opcode : 'mul' 'add' 'sub' 'select'> <InPorts = 0> <OutPorts = 1> <Sync> <CReg>
ST_15 : Operation 1809 [1/1] (2.89ns)   --->   "%p_Val2_12 = call i16 @round_fixed<16, 9>, i14 %ret_V_37" [C:/Xilinx/Vitis_HLS/2020.2/common/technology/autopilot\hls_math.h:2171->src/ORB.cpp:57]   --->   Operation 1809 'call' 'p_Val2_12' <Predicate = (!tmp)> <Delay = 2.89> <CoreType = "Generic">   --->   Core 0 '' <Latency = 0> <II = 1> <Delay = 1.00> <Generic> <Opcode : >
ST_15 : Operation 1810 [1/1] (0.00ns)   --->   "%trunc_ln831_7 = partselect i6 @_ssdm_op_PartSelect.i6.i16.i32.i32, i16 %p_Val2_12, i32 7, i32 12"   --->   Operation 1810 'partselect' 'trunc_ln831_7' <Predicate = (!tmp)> <Delay = 0.00>
ST_15 : Operation 1811 [1/1] (0.00ns) (grouped into LUT with out node add_ln533_2)   --->   "%p_Result_16 = bitselect i1 @_ssdm_op_BitSelect.i1.i16.i32, i16 %p_Val2_12, i32 15"   --->   Operation 1811 'bitselect' 'p_Result_16' <Predicate = (!tmp)> <Delay = 0.00>
ST_15 : Operation 1812 [1/1] (0.00ns)   --->   "%trunc_ln851_7 = trunc i16 %p_Val2_12"   --->   Operation 1812 'trunc' 'trunc_ln851_7' <Predicate = (!tmp)> <Delay = 0.00>
ST_15 : Operation 1813 [1/1] (0.81ns)   --->   "%icmp_ln851_8 = icmp_eq  i7 %trunc_ln851_7, i7 0"   --->   Operation 1813 'icmp' 'icmp_ln851_8' <Predicate = (!tmp)> <Delay = 0.81> <CoreInst = "Cmp">   --->   Core 9 'Cmp' <Latency = 0> <II = 1> <Delay = 0.44> <FuncUnit> <Opcode : 'icmp'> <InPorts = 2> <OutPorts = 1>
ST_15 : Operation 1814 [1/1] (0.78ns)   --->   "%ret_V_38 = add i6 %trunc_ln831_7, i6 1"   --->   Operation 1814 'add' 'ret_V_38' <Predicate = (!tmp)> <Delay = 0.78> <CoreInst = "Adder">   --->   Core 1 'Adder' <Latency = 0> <II = 1> <Delay = 0.77> <FuncUnit> <Opcode : 'add' 'sub'> <InPorts = 2> <OutPorts = 1>
ST_15 : Operation 1815 [1/1] (0.00ns) (grouped into LUT with out node add_ln533_2)   --->   "%select_ln850_8 = select i1 %icmp_ln851_8, i6 %trunc_ln831_7, i6 %ret_V_38"   --->   Operation 1815 'select' 'select_ln850_8' <Predicate = (!tmp)> <Delay = 0.00> <CoreInst = "Sel">   --->   Core 73 'Sel' <Latency = 0> <II = 1> <Delay = 0.39> <FuncUnit> <Opcode : 'select'> <InPorts = 3> <OutPorts = 1>
ST_15 : Operation 1816 [1/1] (0.00ns) (grouped into LUT with out node add_ln533_2)   --->   "%ret_V_123 = select i1 %p_Result_16, i6 %select_ln850_8, i6 %trunc_ln831_7"   --->   Operation 1816 'select' 'ret_V_123' <Predicate = (!tmp)> <Delay = 0.00> <CoreInst = "Sel">   --->   Core 73 'Sel' <Latency = 0> <II = 1> <Delay = 0.39> <FuncUnit> <Opcode : 'select'> <InPorts = 3> <OutPorts = 1>
ST_15 : Operation 1817 [2/3] (0.99ns) (grouped into DSP with root node ret_V_40)   --->   "%r_V_61 = mul i14 %sext_ln50, i14 %sext_ln1118_8"   --->   Operation 1817 'mul' 'r_V_61' <Predicate = (!tmp)> <Delay = 0.99> <CoreInst = "DSP48">   --->   Core 127 'DSP48' <Latency = 3> <II = 1> <Delay = 0.53> <IPBlock> <Opcode : 'mul' 'add' 'sub' 'select'> <InPorts = 0> <OutPorts = 1> <Sync> <CReg>
ST_15 : Operation 1818 [1/2] (0.64ns) (root node of the DSP)   --->   "%ret_V_43 = add i14 %r_V_63, i14 %r_V_62"   --->   Operation 1818 'add' 'ret_V_43' <Predicate = (!tmp)> <Delay = 0.64> <CoreInst = "DSP48">   --->   Core 127 'DSP48' <Latency = 3> <II = 1> <Delay = 0.53> <IPBlock> <Opcode : 'mul' 'add' 'sub' 'select'> <InPorts = 0> <OutPorts = 1> <Sync> <CReg>
ST_15 : Operation 1819 [1/1] (2.89ns)   --->   "%p_Val2_14 = call i16 @round_fixed<16, 9>, i14 %ret_V_43" [C:/Xilinx/Vitis_HLS/2020.2/common/technology/autopilot\hls_math.h:2171->src/ORB.cpp:59]   --->   Operation 1819 'call' 'p_Val2_14' <Predicate = (!tmp)> <Delay = 2.89> <CoreType = "Generic">   --->   Core 0 '' <Latency = 0> <II = 1> <Delay = 1.00> <Generic> <Opcode : >
ST_15 : Operation 1820 [1/1] (0.00ns)   --->   "%trunc_ln831_9 = partselect i6 @_ssdm_op_PartSelect.i6.i16.i32.i32, i16 %p_Val2_14, i32 7, i32 12"   --->   Operation 1820 'partselect' 'trunc_ln831_9' <Predicate = (!tmp)> <Delay = 0.00>
ST_15 : Operation 1821 [1/1] (0.00ns) (grouped into LUT with out node add_ln533_3)   --->   "%p_Result_18 = bitselect i1 @_ssdm_op_BitSelect.i1.i16.i32, i16 %p_Val2_14, i32 15"   --->   Operation 1821 'bitselect' 'p_Result_18' <Predicate = (!tmp)> <Delay = 0.00>
ST_15 : Operation 1822 [1/1] (0.00ns)   --->   "%trunc_ln851_9 = trunc i16 %p_Val2_14"   --->   Operation 1822 'trunc' 'trunc_ln851_9' <Predicate = (!tmp)> <Delay = 0.00>
ST_15 : Operation 1823 [1/1] (0.81ns)   --->   "%icmp_ln851_10 = icmp_eq  i7 %trunc_ln851_9, i7 0"   --->   Operation 1823 'icmp' 'icmp_ln851_10' <Predicate = (!tmp)> <Delay = 0.81> <CoreInst = "Cmp">   --->   Core 9 'Cmp' <Latency = 0> <II = 1> <Delay = 0.44> <FuncUnit> <Opcode : 'icmp'> <InPorts = 2> <OutPorts = 1>
ST_15 : Operation 1824 [1/1] (0.78ns)   --->   "%ret_V_44 = add i6 %trunc_ln831_9, i6 1"   --->   Operation 1824 'add' 'ret_V_44' <Predicate = (!tmp)> <Delay = 0.78> <CoreInst = "Adder">   --->   Core 1 'Adder' <Latency = 0> <II = 1> <Delay = 0.77> <FuncUnit> <Opcode : 'add' 'sub'> <InPorts = 2> <OutPorts = 1>
ST_15 : Operation 1825 [1/1] (0.00ns) (grouped into LUT with out node add_ln533_3)   --->   "%select_ln850_10 = select i1 %icmp_ln851_10, i6 %trunc_ln831_9, i6 %ret_V_44"   --->   Operation 1825 'select' 'select_ln850_10' <Predicate = (!tmp)> <Delay = 0.00> <CoreInst = "Sel">   --->   Core 73 'Sel' <Latency = 0> <II = 1> <Delay = 0.39> <FuncUnit> <Opcode : 'select'> <InPorts = 3> <OutPorts = 1>
ST_15 : Operation 1826 [1/1] (0.00ns) (grouped into LUT with out node add_ln533_3)   --->   "%ret_V_125 = select i1 %p_Result_18, i6 %select_ln850_10, i6 %trunc_ln831_9"   --->   Operation 1826 'select' 'ret_V_125' <Predicate = (!tmp)> <Delay = 0.00> <CoreInst = "Sel">   --->   Core 73 'Sel' <Latency = 0> <II = 1> <Delay = 0.39> <FuncUnit> <Opcode : 'select'> <InPorts = 3> <OutPorts = 1>
ST_15 : Operation 1827 [1/1] (0.78ns) (out node of the LUT)   --->   "%add_ln533_2 = add i6 %ret_V_123, i6 18" [vitis_library_vision_L1/include\common/xf_video_mem.hpp:533]   --->   Operation 1827 'add' 'add_ln533_2' <Predicate = (!tmp)> <Delay = 0.78> <CoreInst = "Adder">   --->   Core 1 'Adder' <Latency = 0> <II = 1> <Delay = 0.77> <FuncUnit> <Opcode : 'add' 'sub'> <InPorts = 2> <OutPorts = 1>
ST_15 : Operation 1828 [1/1] (0.00ns)   --->   "%zext_ln60_2 = zext i6 %add_ln533_2" [src/ORB.cpp:60]   --->   Operation 1828 'zext' 'zext_ln60_2' <Predicate = (!tmp)> <Delay = 0.00>
ST_15 : Operation 1829 [3/3] (0.99ns) (grouped into DSP with root node add_ln60_3)   --->   "%mul_ln60_1 = mul i11 %zext_ln60_2, i11 37" [src/ORB.cpp:60]   --->   Operation 1829 'mul' 'mul_ln60_1' <Predicate = (!tmp)> <Delay = 0.99> <CoreInst = "DSP48">   --->   Core 127 'DSP48' <Latency = 3> <II = 1> <Delay = 0.53> <IPBlock> <Opcode : 'mul' 'add' 'sub' 'select'> <InPorts = 0> <OutPorts = 1> <Sync> <CReg>
ST_15 : Operation 1830 [1/1] (0.78ns) (out node of the LUT)   --->   "%add_ln533_3 = add i6 %ret_V_125, i6 18" [vitis_library_vision_L1/include\common/xf_video_mem.hpp:533]   --->   Operation 1830 'add' 'add_ln533_3' <Predicate = (!tmp)> <Delay = 0.78> <CoreInst = "Adder">   --->   Core 1 'Adder' <Latency = 0> <II = 1> <Delay = 0.77> <FuncUnit> <Opcode : 'add' 'sub'> <InPorts = 2> <OutPorts = 1>
ST_15 : Operation 1831 [1/1] (0.00ns)   --->   "%zext_ln61_2 = zext i6 %add_ln533_3" [src/ORB.cpp:61]   --->   Operation 1831 'zext' 'zext_ln61_2' <Predicate = (!tmp)> <Delay = 0.00>
ST_15 : Operation 1832 [3/3] (0.99ns) (grouped into DSP with root node add_ln61_3)   --->   "%mul_ln61_1 = mul i11 %zext_ln61_2, i11 37" [src/ORB.cpp:61]   --->   Operation 1832 'mul' 'mul_ln61_1' <Predicate = (!tmp)> <Delay = 0.99> <CoreInst = "DSP48">   --->   Core 127 'DSP48' <Latency = 3> <II = 1> <Delay = 0.53> <IPBlock> <Opcode : 'mul' 'add' 'sub' 'select'> <InPorts = 0> <OutPorts = 1> <Sync> <CReg>
ST_15 : Operation 1833 [2/3] (0.99ns) (grouped into DSP with root node ret_V_46)   --->   "%r_V_65 = mul i14 %sext_ln50, i14 %sext_ln1118_10"   --->   Operation 1833 'mul' 'r_V_65' <Predicate = (!tmp)> <Delay = 0.99> <CoreInst = "DSP48">   --->   Core 127 'DSP48' <Latency = 3> <II = 1> <Delay = 0.53> <IPBlock> <Opcode : 'mul' 'add' 'sub' 'select'> <InPorts = 0> <OutPorts = 1> <Sync> <CReg>
ST_15 : Operation 1834 [1/2] (0.64ns) (root node of the DSP)   --->   "%ret_V_49 = add i14 %r_V_67, i14 %r_V_66"   --->   Operation 1834 'add' 'ret_V_49' <Predicate = (!tmp)> <Delay = 0.64> <CoreInst = "DSP48">   --->   Core 127 'DSP48' <Latency = 3> <II = 1> <Delay = 0.53> <IPBlock> <Opcode : 'mul' 'add' 'sub' 'select'> <InPorts = 0> <OutPorts = 1> <Sync> <CReg>
ST_15 : Operation 1835 [1/1] (2.89ns)   --->   "%p_Val2_17 = call i16 @round_fixed<16, 9>, i14 %ret_V_49" [C:/Xilinx/Vitis_HLS/2020.2/common/technology/autopilot\hls_math.h:2171->src/ORB.cpp:57]   --->   Operation 1835 'call' 'p_Val2_17' <Predicate = (!tmp)> <Delay = 2.89> <CoreType = "Generic">   --->   Core 0 '' <Latency = 0> <II = 1> <Delay = 1.00> <Generic> <Opcode : >
ST_15 : Operation 1836 [1/1] (0.00ns)   --->   "%trunc_ln831_1 = partselect i6 @_ssdm_op_PartSelect.i6.i16.i32.i32, i16 %p_Val2_17, i32 7, i32 12"   --->   Operation 1836 'partselect' 'trunc_ln831_1' <Predicate = (!tmp)> <Delay = 0.00>
ST_15 : Operation 1837 [1/1] (0.00ns) (grouped into LUT with out node add_ln533_4)   --->   "%p_Result_21 = bitselect i1 @_ssdm_op_BitSelect.i1.i16.i32, i16 %p_Val2_17, i32 15"   --->   Operation 1837 'bitselect' 'p_Result_21' <Predicate = (!tmp)> <Delay = 0.00>
ST_15 : Operation 1838 [1/1] (0.00ns)   --->   "%trunc_ln851_11 = trunc i16 %p_Val2_17"   --->   Operation 1838 'trunc' 'trunc_ln851_11' <Predicate = (!tmp)> <Delay = 0.00>
ST_15 : Operation 1839 [1/1] (0.81ns)   --->   "%icmp_ln851_12 = icmp_eq  i7 %trunc_ln851_11, i7 0"   --->   Operation 1839 'icmp' 'icmp_ln851_12' <Predicate = (!tmp)> <Delay = 0.81> <CoreInst = "Cmp">   --->   Core 9 'Cmp' <Latency = 0> <II = 1> <Delay = 0.44> <FuncUnit> <Opcode : 'icmp'> <InPorts = 2> <OutPorts = 1>
ST_15 : Operation 1840 [1/1] (0.78ns)   --->   "%ret_V_50 = add i6 %trunc_ln831_1, i6 1"   --->   Operation 1840 'add' 'ret_V_50' <Predicate = (!tmp)> <Delay = 0.78> <CoreInst = "Adder">   --->   Core 1 'Adder' <Latency = 0> <II = 1> <Delay = 0.77> <FuncUnit> <Opcode : 'add' 'sub'> <InPorts = 2> <OutPorts = 1>
ST_15 : Operation 1841 [1/1] (0.00ns) (grouped into LUT with out node add_ln533_4)   --->   "%select_ln850_12 = select i1 %icmp_ln851_12, i6 %trunc_ln831_1, i6 %ret_V_50"   --->   Operation 1841 'select' 'select_ln850_12' <Predicate = (!tmp)> <Delay = 0.00> <CoreInst = "Sel">   --->   Core 73 'Sel' <Latency = 0> <II = 1> <Delay = 0.39> <FuncUnit> <Opcode : 'select'> <InPorts = 3> <OutPorts = 1>
ST_15 : Operation 1842 [1/1] (0.00ns) (grouped into LUT with out node add_ln533_4)   --->   "%ret_V_127 = select i1 %p_Result_21, i6 %select_ln850_12, i6 %trunc_ln831_1"   --->   Operation 1842 'select' 'ret_V_127' <Predicate = (!tmp)> <Delay = 0.00> <CoreInst = "Sel">   --->   Core 73 'Sel' <Latency = 0> <II = 1> <Delay = 0.39> <FuncUnit> <Opcode : 'select'> <InPorts = 3> <OutPorts = 1>
ST_15 : Operation 1843 [2/3] (0.99ns) (grouped into DSP with root node ret_V_52)   --->   "%r_V_69 = mul i14 %sext_ln50, i14 %sext_ln1118_12"   --->   Operation 1843 'mul' 'r_V_69' <Predicate = (!tmp)> <Delay = 0.99> <CoreInst = "DSP48">   --->   Core 127 'DSP48' <Latency = 3> <II = 1> <Delay = 0.53> <IPBlock> <Opcode : 'mul' 'add' 'sub' 'select'> <InPorts = 0> <OutPorts = 1> <Sync> <CReg>
ST_15 : Operation 1844 [1/2] (0.64ns) (root node of the DSP)   --->   "%ret_V_55 = add i14 %r_V_71, i14 %r_V_70"   --->   Operation 1844 'add' 'ret_V_55' <Predicate = (!tmp)> <Delay = 0.64> <CoreInst = "DSP48">   --->   Core 127 'DSP48' <Latency = 3> <II = 1> <Delay = 0.53> <IPBlock> <Opcode : 'mul' 'add' 'sub' 'select'> <InPorts = 0> <OutPorts = 1> <Sync> <CReg>
ST_15 : Operation 1845 [1/1] (2.89ns)   --->   "%p_Val2_19 = call i16 @round_fixed<16, 9>, i14 %ret_V_55" [C:/Xilinx/Vitis_HLS/2020.2/common/technology/autopilot\hls_math.h:2171->src/ORB.cpp:59]   --->   Operation 1845 'call' 'p_Val2_19' <Predicate = (!tmp)> <Delay = 2.89> <CoreType = "Generic">   --->   Core 0 '' <Latency = 0> <II = 1> <Delay = 1.00> <Generic> <Opcode : >
ST_15 : Operation 1846 [1/1] (0.00ns)   --->   "%trunc_ln831_10 = partselect i6 @_ssdm_op_PartSelect.i6.i16.i32.i32, i16 %p_Val2_19, i32 7, i32 12"   --->   Operation 1846 'partselect' 'trunc_ln831_10' <Predicate = (!tmp)> <Delay = 0.00>
ST_15 : Operation 1847 [1/1] (0.00ns) (grouped into LUT with out node add_ln533_5)   --->   "%p_Result_23 = bitselect i1 @_ssdm_op_BitSelect.i1.i16.i32, i16 %p_Val2_19, i32 15"   --->   Operation 1847 'bitselect' 'p_Result_23' <Predicate = (!tmp)> <Delay = 0.00>
ST_15 : Operation 1848 [1/1] (0.00ns)   --->   "%trunc_ln851_13 = trunc i16 %p_Val2_19"   --->   Operation 1848 'trunc' 'trunc_ln851_13' <Predicate = (!tmp)> <Delay = 0.00>
ST_15 : Operation 1849 [1/1] (0.81ns)   --->   "%icmp_ln851_14 = icmp_eq  i7 %trunc_ln851_13, i7 0"   --->   Operation 1849 'icmp' 'icmp_ln851_14' <Predicate = (!tmp)> <Delay = 0.81> <CoreInst = "Cmp">   --->   Core 9 'Cmp' <Latency = 0> <II = 1> <Delay = 0.44> <FuncUnit> <Opcode : 'icmp'> <InPorts = 2> <OutPorts = 1>
ST_15 : Operation 1850 [1/1] (0.78ns)   --->   "%ret_V_56 = add i6 %trunc_ln831_10, i6 1"   --->   Operation 1850 'add' 'ret_V_56' <Predicate = (!tmp)> <Delay = 0.78> <CoreInst = "Adder">   --->   Core 1 'Adder' <Latency = 0> <II = 1> <Delay = 0.77> <FuncUnit> <Opcode : 'add' 'sub'> <InPorts = 2> <OutPorts = 1>
ST_15 : Operation 1851 [1/1] (0.00ns) (grouped into LUT with out node add_ln533_5)   --->   "%select_ln850_14 = select i1 %icmp_ln851_14, i6 %trunc_ln831_10, i6 %ret_V_56"   --->   Operation 1851 'select' 'select_ln850_14' <Predicate = (!tmp)> <Delay = 0.00> <CoreInst = "Sel">   --->   Core 73 'Sel' <Latency = 0> <II = 1> <Delay = 0.39> <FuncUnit> <Opcode : 'select'> <InPorts = 3> <OutPorts = 1>
ST_15 : Operation 1852 [1/1] (0.00ns) (grouped into LUT with out node add_ln533_5)   --->   "%ret_V_129 = select i1 %p_Result_23, i6 %select_ln850_14, i6 %trunc_ln831_10"   --->   Operation 1852 'select' 'ret_V_129' <Predicate = (!tmp)> <Delay = 0.00> <CoreInst = "Sel">   --->   Core 73 'Sel' <Latency = 0> <II = 1> <Delay = 0.39> <FuncUnit> <Opcode : 'select'> <InPorts = 3> <OutPorts = 1>
ST_15 : Operation 1853 [1/1] (0.78ns) (out node of the LUT)   --->   "%add_ln533_4 = add i6 %ret_V_127, i6 18" [vitis_library_vision_L1/include\common/xf_video_mem.hpp:533]   --->   Operation 1853 'add' 'add_ln533_4' <Predicate = (!tmp)> <Delay = 0.78> <CoreInst = "Adder">   --->   Core 1 'Adder' <Latency = 0> <II = 1> <Delay = 0.77> <FuncUnit> <Opcode : 'add' 'sub'> <InPorts = 2> <OutPorts = 1>
ST_15 : Operation 1854 [1/1] (0.00ns)   --->   "%zext_ln60_4 = zext i6 %add_ln533_4" [src/ORB.cpp:60]   --->   Operation 1854 'zext' 'zext_ln60_4' <Predicate = (!tmp)> <Delay = 0.00>
ST_15 : Operation 1855 [3/3] (0.99ns) (grouped into DSP with root node add_ln60_5)   --->   "%mul_ln60_2 = mul i11 %zext_ln60_4, i11 37" [src/ORB.cpp:60]   --->   Operation 1855 'mul' 'mul_ln60_2' <Predicate = (!tmp)> <Delay = 0.99> <CoreInst = "DSP48">   --->   Core 127 'DSP48' <Latency = 3> <II = 1> <Delay = 0.53> <IPBlock> <Opcode : 'mul' 'add' 'sub' 'select'> <InPorts = 0> <OutPorts = 1> <Sync> <CReg>
ST_15 : Operation 1856 [1/1] (0.78ns) (out node of the LUT)   --->   "%add_ln533_5 = add i6 %ret_V_129, i6 18" [vitis_library_vision_L1/include\common/xf_video_mem.hpp:533]   --->   Operation 1856 'add' 'add_ln533_5' <Predicate = (!tmp)> <Delay = 0.78> <CoreInst = "Adder">   --->   Core 1 'Adder' <Latency = 0> <II = 1> <Delay = 0.77> <FuncUnit> <Opcode : 'add' 'sub'> <InPorts = 2> <OutPorts = 1>
ST_15 : Operation 1857 [1/1] (0.00ns)   --->   "%zext_ln61_4 = zext i6 %add_ln533_5" [src/ORB.cpp:61]   --->   Operation 1857 'zext' 'zext_ln61_4' <Predicate = (!tmp)> <Delay = 0.00>
ST_15 : Operation 1858 [3/3] (0.99ns) (grouped into DSP with root node add_ln61_5)   --->   "%mul_ln61_2 = mul i11 %zext_ln61_4, i11 37" [src/ORB.cpp:61]   --->   Operation 1858 'mul' 'mul_ln61_2' <Predicate = (!tmp)> <Delay = 0.99> <CoreInst = "DSP48">   --->   Core 127 'DSP48' <Latency = 3> <II = 1> <Delay = 0.53> <IPBlock> <Opcode : 'mul' 'add' 'sub' 'select'> <InPorts = 0> <OutPorts = 1> <Sync> <CReg>
ST_15 : Operation 1859 [2/3] (0.99ns) (grouped into DSP with root node ret_V_58)   --->   "%r_V_73 = mul i14 %sext_ln50, i14 %sext_ln1118_14"   --->   Operation 1859 'mul' 'r_V_73' <Predicate = (!tmp)> <Delay = 0.99> <CoreInst = "DSP48">   --->   Core 127 'DSP48' <Latency = 3> <II = 1> <Delay = 0.53> <IPBlock> <Opcode : 'mul' 'add' 'sub' 'select'> <InPorts = 0> <OutPorts = 1> <Sync> <CReg>
ST_15 : Operation 1860 [1/2] (0.64ns) (root node of the DSP)   --->   "%ret_V_61 = add i14 %r_V_75, i14 %r_V_74"   --->   Operation 1860 'add' 'ret_V_61' <Predicate = (!tmp)> <Delay = 0.64> <CoreInst = "DSP48">   --->   Core 127 'DSP48' <Latency = 3> <II = 1> <Delay = 0.53> <IPBlock> <Opcode : 'mul' 'add' 'sub' 'select'> <InPorts = 0> <OutPorts = 1> <Sync> <CReg>
ST_15 : Operation 1861 [1/1] (2.89ns)   --->   "%p_Val2_22 = call i16 @round_fixed<16, 9>, i14 %ret_V_61" [C:/Xilinx/Vitis_HLS/2020.2/common/technology/autopilot\hls_math.h:2171->src/ORB.cpp:57]   --->   Operation 1861 'call' 'p_Val2_22' <Predicate = (!tmp)> <Delay = 2.89> <CoreType = "Generic">   --->   Core 0 '' <Latency = 0> <II = 1> <Delay = 1.00> <Generic> <Opcode : >
ST_15 : Operation 1862 [1/1] (0.00ns)   --->   "%trunc_ln831_12 = partselect i6 @_ssdm_op_PartSelect.i6.i16.i32.i32, i16 %p_Val2_22, i32 7, i32 12"   --->   Operation 1862 'partselect' 'trunc_ln831_12' <Predicate = (!tmp)> <Delay = 0.00>
ST_15 : Operation 1863 [1/1] (0.00ns) (grouped into LUT with out node add_ln533_6)   --->   "%p_Result_26 = bitselect i1 @_ssdm_op_BitSelect.i1.i16.i32, i16 %p_Val2_22, i32 15"   --->   Operation 1863 'bitselect' 'p_Result_26' <Predicate = (!tmp)> <Delay = 0.00>
ST_15 : Operation 1864 [1/1] (0.00ns)   --->   "%trunc_ln851_15 = trunc i16 %p_Val2_22"   --->   Operation 1864 'trunc' 'trunc_ln851_15' <Predicate = (!tmp)> <Delay = 0.00>
ST_15 : Operation 1865 [1/1] (0.81ns)   --->   "%icmp_ln851_16 = icmp_eq  i7 %trunc_ln851_15, i7 0"   --->   Operation 1865 'icmp' 'icmp_ln851_16' <Predicate = (!tmp)> <Delay = 0.81> <CoreInst = "Cmp">   --->   Core 9 'Cmp' <Latency = 0> <II = 1> <Delay = 0.44> <FuncUnit> <Opcode : 'icmp'> <InPorts = 2> <OutPorts = 1>
ST_15 : Operation 1866 [1/1] (0.78ns)   --->   "%ret_V_62 = add i6 %trunc_ln831_12, i6 1"   --->   Operation 1866 'add' 'ret_V_62' <Predicate = (!tmp)> <Delay = 0.78> <CoreInst = "Adder">   --->   Core 1 'Adder' <Latency = 0> <II = 1> <Delay = 0.77> <FuncUnit> <Opcode : 'add' 'sub'> <InPorts = 2> <OutPorts = 1>
ST_15 : Operation 1867 [1/1] (0.00ns) (grouped into LUT with out node add_ln533_6)   --->   "%select_ln850_16 = select i1 %icmp_ln851_16, i6 %trunc_ln831_12, i6 %ret_V_62"   --->   Operation 1867 'select' 'select_ln850_16' <Predicate = (!tmp)> <Delay = 0.00> <CoreInst = "Sel">   --->   Core 73 'Sel' <Latency = 0> <II = 1> <Delay = 0.39> <FuncUnit> <Opcode : 'select'> <InPorts = 3> <OutPorts = 1>
ST_15 : Operation 1868 [1/1] (0.00ns) (grouped into LUT with out node add_ln533_6)   --->   "%ret_V_131 = select i1 %p_Result_26, i6 %select_ln850_16, i6 %trunc_ln831_12"   --->   Operation 1868 'select' 'ret_V_131' <Predicate = (!tmp)> <Delay = 0.00> <CoreInst = "Sel">   --->   Core 73 'Sel' <Latency = 0> <II = 1> <Delay = 0.39> <FuncUnit> <Opcode : 'select'> <InPorts = 3> <OutPorts = 1>
ST_15 : Operation 1869 [2/3] (0.99ns) (grouped into DSP with root node ret_V_64)   --->   "%r_V_77 = mul i14 %sext_ln50, i14 %sext_ln1118_16"   --->   Operation 1869 'mul' 'r_V_77' <Predicate = (!tmp)> <Delay = 0.99> <CoreInst = "DSP48">   --->   Core 127 'DSP48' <Latency = 3> <II = 1> <Delay = 0.53> <IPBlock> <Opcode : 'mul' 'add' 'sub' 'select'> <InPorts = 0> <OutPorts = 1> <Sync> <CReg>
ST_15 : Operation 1870 [1/2] (0.64ns) (root node of the DSP)   --->   "%ret_V_67 = add i14 %r_V_79, i14 %r_V_78"   --->   Operation 1870 'add' 'ret_V_67' <Predicate = (!tmp)> <Delay = 0.64> <CoreInst = "DSP48">   --->   Core 127 'DSP48' <Latency = 3> <II = 1> <Delay = 0.53> <IPBlock> <Opcode : 'mul' 'add' 'sub' 'select'> <InPorts = 0> <OutPorts = 1> <Sync> <CReg>
ST_15 : Operation 1871 [1/1] (2.89ns)   --->   "%p_Val2_24 = call i16 @round_fixed<16, 9>, i14 %ret_V_67" [C:/Xilinx/Vitis_HLS/2020.2/common/technology/autopilot\hls_math.h:2171->src/ORB.cpp:59]   --->   Operation 1871 'call' 'p_Val2_24' <Predicate = (!tmp)> <Delay = 2.89> <CoreType = "Generic">   --->   Core 0 '' <Latency = 0> <II = 1> <Delay = 1.00> <Generic> <Opcode : >
ST_15 : Operation 1872 [1/1] (0.00ns)   --->   "%trunc_ln831_14 = partselect i6 @_ssdm_op_PartSelect.i6.i16.i32.i32, i16 %p_Val2_24, i32 7, i32 12"   --->   Operation 1872 'partselect' 'trunc_ln831_14' <Predicate = (!tmp)> <Delay = 0.00>
ST_15 : Operation 1873 [1/1] (0.00ns) (grouped into LUT with out node add_ln533_7)   --->   "%p_Result_28 = bitselect i1 @_ssdm_op_BitSelect.i1.i16.i32, i16 %p_Val2_24, i32 15"   --->   Operation 1873 'bitselect' 'p_Result_28' <Predicate = (!tmp)> <Delay = 0.00>
ST_15 : Operation 1874 [1/1] (0.00ns)   --->   "%trunc_ln851_17 = trunc i16 %p_Val2_24"   --->   Operation 1874 'trunc' 'trunc_ln851_17' <Predicate = (!tmp)> <Delay = 0.00>
ST_15 : Operation 1875 [1/1] (0.81ns)   --->   "%icmp_ln851_18 = icmp_eq  i7 %trunc_ln851_17, i7 0"   --->   Operation 1875 'icmp' 'icmp_ln851_18' <Predicate = (!tmp)> <Delay = 0.81> <CoreInst = "Cmp">   --->   Core 9 'Cmp' <Latency = 0> <II = 1> <Delay = 0.44> <FuncUnit> <Opcode : 'icmp'> <InPorts = 2> <OutPorts = 1>
ST_15 : Operation 1876 [1/1] (0.78ns)   --->   "%ret_V_68 = add i6 %trunc_ln831_14, i6 1"   --->   Operation 1876 'add' 'ret_V_68' <Predicate = (!tmp)> <Delay = 0.78> <CoreInst = "Adder">   --->   Core 1 'Adder' <Latency = 0> <II = 1> <Delay = 0.77> <FuncUnit> <Opcode : 'add' 'sub'> <InPorts = 2> <OutPorts = 1>
ST_15 : Operation 1877 [1/1] (0.00ns) (grouped into LUT with out node add_ln533_7)   --->   "%select_ln850_18 = select i1 %icmp_ln851_18, i6 %trunc_ln831_14, i6 %ret_V_68"   --->   Operation 1877 'select' 'select_ln850_18' <Predicate = (!tmp)> <Delay = 0.00> <CoreInst = "Sel">   --->   Core 73 'Sel' <Latency = 0> <II = 1> <Delay = 0.39> <FuncUnit> <Opcode : 'select'> <InPorts = 3> <OutPorts = 1>
ST_15 : Operation 1878 [1/1] (0.00ns) (grouped into LUT with out node add_ln533_7)   --->   "%ret_V_133 = select i1 %p_Result_28, i6 %select_ln850_18, i6 %trunc_ln831_14"   --->   Operation 1878 'select' 'ret_V_133' <Predicate = (!tmp)> <Delay = 0.00> <CoreInst = "Sel">   --->   Core 73 'Sel' <Latency = 0> <II = 1> <Delay = 0.39> <FuncUnit> <Opcode : 'select'> <InPorts = 3> <OutPorts = 1>
ST_15 : Operation 1879 [1/1] (0.78ns) (out node of the LUT)   --->   "%add_ln533_6 = add i6 %ret_V_131, i6 18" [vitis_library_vision_L1/include\common/xf_video_mem.hpp:533]   --->   Operation 1879 'add' 'add_ln533_6' <Predicate = (!tmp)> <Delay = 0.78> <CoreInst = "Adder">   --->   Core 1 'Adder' <Latency = 0> <II = 1> <Delay = 0.77> <FuncUnit> <Opcode : 'add' 'sub'> <InPorts = 2> <OutPorts = 1>
ST_15 : Operation 1880 [1/1] (0.00ns)   --->   "%zext_ln60_6 = zext i6 %add_ln533_6" [src/ORB.cpp:60]   --->   Operation 1880 'zext' 'zext_ln60_6' <Predicate = (!tmp)> <Delay = 0.00>
ST_15 : Operation 1881 [3/3] (0.99ns) (grouped into DSP with root node add_ln60_7)   --->   "%mul_ln60_3 = mul i11 %zext_ln60_6, i11 37" [src/ORB.cpp:60]   --->   Operation 1881 'mul' 'mul_ln60_3' <Predicate = (!tmp)> <Delay = 0.99> <CoreInst = "DSP48">   --->   Core 127 'DSP48' <Latency = 3> <II = 1> <Delay = 0.53> <IPBlock> <Opcode : 'mul' 'add' 'sub' 'select'> <InPorts = 0> <OutPorts = 1> <Sync> <CReg>
ST_15 : Operation 1882 [1/1] (0.78ns) (out node of the LUT)   --->   "%add_ln533_7 = add i6 %ret_V_133, i6 18" [vitis_library_vision_L1/include\common/xf_video_mem.hpp:533]   --->   Operation 1882 'add' 'add_ln533_7' <Predicate = (!tmp)> <Delay = 0.78> <CoreInst = "Adder">   --->   Core 1 'Adder' <Latency = 0> <II = 1> <Delay = 0.77> <FuncUnit> <Opcode : 'add' 'sub'> <InPorts = 2> <OutPorts = 1>
ST_15 : Operation 1883 [1/1] (0.00ns)   --->   "%zext_ln61_6 = zext i6 %add_ln533_7" [src/ORB.cpp:61]   --->   Operation 1883 'zext' 'zext_ln61_6' <Predicate = (!tmp)> <Delay = 0.00>
ST_15 : Operation 1884 [3/3] (0.99ns) (grouped into DSP with root node add_ln61_7)   --->   "%mul_ln61_3 = mul i11 %zext_ln61_6, i11 37" [src/ORB.cpp:61]   --->   Operation 1884 'mul' 'mul_ln61_3' <Predicate = (!tmp)> <Delay = 0.99> <CoreInst = "DSP48">   --->   Core 127 'DSP48' <Latency = 3> <II = 1> <Delay = 0.53> <IPBlock> <Opcode : 'mul' 'add' 'sub' 'select'> <InPorts = 0> <OutPorts = 1> <Sync> <CReg>
ST_15 : Operation 1885 [2/3] (0.99ns) (grouped into DSP with root node ret_V_70)   --->   "%r_V_81 = mul i14 %sext_ln50, i14 %sext_ln1118_18"   --->   Operation 1885 'mul' 'r_V_81' <Predicate = (!tmp)> <Delay = 0.99> <CoreInst = "DSP48">   --->   Core 127 'DSP48' <Latency = 3> <II = 1> <Delay = 0.53> <IPBlock> <Opcode : 'mul' 'add' 'sub' 'select'> <InPorts = 0> <OutPorts = 1> <Sync> <CReg>
ST_15 : Operation 1886 [1/2] (0.64ns) (root node of the DSP)   --->   "%ret_V_73 = add i14 %r_V_83, i14 %r_V_82"   --->   Operation 1886 'add' 'ret_V_73' <Predicate = (!tmp)> <Delay = 0.64> <CoreInst = "DSP48">   --->   Core 127 'DSP48' <Latency = 3> <II = 1> <Delay = 0.53> <IPBlock> <Opcode : 'mul' 'add' 'sub' 'select'> <InPorts = 0> <OutPorts = 1> <Sync> <CReg>
ST_15 : Operation 1887 [1/1] (2.89ns)   --->   "%p_Val2_27 = call i16 @round_fixed<16, 9>, i14 %ret_V_73" [C:/Xilinx/Vitis_HLS/2020.2/common/technology/autopilot\hls_math.h:2171->src/ORB.cpp:57]   --->   Operation 1887 'call' 'p_Val2_27' <Predicate = (!tmp)> <Delay = 2.89> <CoreType = "Generic">   --->   Core 0 '' <Latency = 0> <II = 1> <Delay = 1.00> <Generic> <Opcode : >
ST_15 : Operation 1888 [1/1] (0.00ns)   --->   "%trunc_ln831_16 = partselect i6 @_ssdm_op_PartSelect.i6.i16.i32.i32, i16 %p_Val2_27, i32 7, i32 12"   --->   Operation 1888 'partselect' 'trunc_ln831_16' <Predicate = (!tmp)> <Delay = 0.00>
ST_15 : Operation 1889 [1/1] (0.00ns) (grouped into LUT with out node add_ln533_8)   --->   "%p_Result_31 = bitselect i1 @_ssdm_op_BitSelect.i1.i16.i32, i16 %p_Val2_27, i32 15"   --->   Operation 1889 'bitselect' 'p_Result_31' <Predicate = (!tmp)> <Delay = 0.00>
ST_15 : Operation 1890 [1/1] (0.00ns)   --->   "%trunc_ln851_19 = trunc i16 %p_Val2_27"   --->   Operation 1890 'trunc' 'trunc_ln851_19' <Predicate = (!tmp)> <Delay = 0.00>
ST_15 : Operation 1891 [1/1] (0.81ns)   --->   "%icmp_ln851_20 = icmp_eq  i7 %trunc_ln851_19, i7 0"   --->   Operation 1891 'icmp' 'icmp_ln851_20' <Predicate = (!tmp)> <Delay = 0.81> <CoreInst = "Cmp">   --->   Core 9 'Cmp' <Latency = 0> <II = 1> <Delay = 0.44> <FuncUnit> <Opcode : 'icmp'> <InPorts = 2> <OutPorts = 1>
ST_15 : Operation 1892 [1/1] (0.78ns)   --->   "%ret_V_74 = add i6 %trunc_ln831_16, i6 1"   --->   Operation 1892 'add' 'ret_V_74' <Predicate = (!tmp)> <Delay = 0.78> <CoreInst = "Adder">   --->   Core 1 'Adder' <Latency = 0> <II = 1> <Delay = 0.77> <FuncUnit> <Opcode : 'add' 'sub'> <InPorts = 2> <OutPorts = 1>
ST_15 : Operation 1893 [1/1] (0.00ns) (grouped into LUT with out node add_ln533_8)   --->   "%select_ln850_20 = select i1 %icmp_ln851_20, i6 %trunc_ln831_16, i6 %ret_V_74"   --->   Operation 1893 'select' 'select_ln850_20' <Predicate = (!tmp)> <Delay = 0.00> <CoreInst = "Sel">   --->   Core 73 'Sel' <Latency = 0> <II = 1> <Delay = 0.39> <FuncUnit> <Opcode : 'select'> <InPorts = 3> <OutPorts = 1>
ST_15 : Operation 1894 [1/1] (0.00ns) (grouped into LUT with out node add_ln533_8)   --->   "%ret_V_135 = select i1 %p_Result_31, i6 %select_ln850_20, i6 %trunc_ln831_16"   --->   Operation 1894 'select' 'ret_V_135' <Predicate = (!tmp)> <Delay = 0.00> <CoreInst = "Sel">   --->   Core 73 'Sel' <Latency = 0> <II = 1> <Delay = 0.39> <FuncUnit> <Opcode : 'select'> <InPorts = 3> <OutPorts = 1>
ST_15 : Operation 1895 [2/3] (0.99ns) (grouped into DSP with root node ret_V_76)   --->   "%r_V_85 = mul i14 %sext_ln50, i14 %sext_ln1118_20"   --->   Operation 1895 'mul' 'r_V_85' <Predicate = (!tmp)> <Delay = 0.99> <CoreInst = "DSP48">   --->   Core 127 'DSP48' <Latency = 3> <II = 1> <Delay = 0.53> <IPBlock> <Opcode : 'mul' 'add' 'sub' 'select'> <InPorts = 0> <OutPorts = 1> <Sync> <CReg>
ST_15 : Operation 1896 [1/2] (0.64ns) (root node of the DSP)   --->   "%ret_V_79 = add i14 %r_V_87, i14 %r_V_86"   --->   Operation 1896 'add' 'ret_V_79' <Predicate = (!tmp)> <Delay = 0.64> <CoreInst = "DSP48">   --->   Core 127 'DSP48' <Latency = 3> <II = 1> <Delay = 0.53> <IPBlock> <Opcode : 'mul' 'add' 'sub' 'select'> <InPorts = 0> <OutPorts = 1> <Sync> <CReg>
ST_15 : Operation 1897 [1/1] (2.89ns)   --->   "%p_Val2_29 = call i16 @round_fixed<16, 9>, i14 %ret_V_79" [C:/Xilinx/Vitis_HLS/2020.2/common/technology/autopilot\hls_math.h:2171->src/ORB.cpp:59]   --->   Operation 1897 'call' 'p_Val2_29' <Predicate = (!tmp)> <Delay = 2.89> <CoreType = "Generic">   --->   Core 0 '' <Latency = 0> <II = 1> <Delay = 1.00> <Generic> <Opcode : >
ST_15 : Operation 1898 [1/1] (0.00ns)   --->   "%trunc_ln831_18 = partselect i6 @_ssdm_op_PartSelect.i6.i16.i32.i32, i16 %p_Val2_29, i32 7, i32 12"   --->   Operation 1898 'partselect' 'trunc_ln831_18' <Predicate = (!tmp)> <Delay = 0.00>
ST_15 : Operation 1899 [1/1] (0.00ns) (grouped into LUT with out node add_ln533_9)   --->   "%p_Result_33 = bitselect i1 @_ssdm_op_BitSelect.i1.i16.i32, i16 %p_Val2_29, i32 15"   --->   Operation 1899 'bitselect' 'p_Result_33' <Predicate = (!tmp)> <Delay = 0.00>
ST_15 : Operation 1900 [1/1] (0.00ns)   --->   "%trunc_ln851_21 = trunc i16 %p_Val2_29"   --->   Operation 1900 'trunc' 'trunc_ln851_21' <Predicate = (!tmp)> <Delay = 0.00>
ST_15 : Operation 1901 [1/1] (0.81ns)   --->   "%icmp_ln851_22 = icmp_eq  i7 %trunc_ln851_21, i7 0"   --->   Operation 1901 'icmp' 'icmp_ln851_22' <Predicate = (!tmp)> <Delay = 0.81> <CoreInst = "Cmp">   --->   Core 9 'Cmp' <Latency = 0> <II = 1> <Delay = 0.44> <FuncUnit> <Opcode : 'icmp'> <InPorts = 2> <OutPorts = 1>
ST_15 : Operation 1902 [1/1] (0.78ns)   --->   "%ret_V_80 = add i6 %trunc_ln831_18, i6 1"   --->   Operation 1902 'add' 'ret_V_80' <Predicate = (!tmp)> <Delay = 0.78> <CoreInst = "Adder">   --->   Core 1 'Adder' <Latency = 0> <II = 1> <Delay = 0.77> <FuncUnit> <Opcode : 'add' 'sub'> <InPorts = 2> <OutPorts = 1>
ST_15 : Operation 1903 [1/1] (0.00ns) (grouped into LUT with out node add_ln533_9)   --->   "%select_ln850_22 = select i1 %icmp_ln851_22, i6 %trunc_ln831_18, i6 %ret_V_80"   --->   Operation 1903 'select' 'select_ln850_22' <Predicate = (!tmp)> <Delay = 0.00> <CoreInst = "Sel">   --->   Core 73 'Sel' <Latency = 0> <II = 1> <Delay = 0.39> <FuncUnit> <Opcode : 'select'> <InPorts = 3> <OutPorts = 1>
ST_15 : Operation 1904 [1/1] (0.00ns) (grouped into LUT with out node add_ln533_9)   --->   "%ret_V_137 = select i1 %p_Result_33, i6 %select_ln850_22, i6 %trunc_ln831_18"   --->   Operation 1904 'select' 'ret_V_137' <Predicate = (!tmp)> <Delay = 0.00> <CoreInst = "Sel">   --->   Core 73 'Sel' <Latency = 0> <II = 1> <Delay = 0.39> <FuncUnit> <Opcode : 'select'> <InPorts = 3> <OutPorts = 1>
ST_15 : Operation 1905 [1/1] (0.78ns) (out node of the LUT)   --->   "%add_ln533_8 = add i6 %ret_V_135, i6 18" [vitis_library_vision_L1/include\common/xf_video_mem.hpp:533]   --->   Operation 1905 'add' 'add_ln533_8' <Predicate = (!tmp)> <Delay = 0.78> <CoreInst = "Adder">   --->   Core 1 'Adder' <Latency = 0> <II = 1> <Delay = 0.77> <FuncUnit> <Opcode : 'add' 'sub'> <InPorts = 2> <OutPorts = 1>
ST_15 : Operation 1906 [1/1] (0.00ns)   --->   "%zext_ln60_8 = zext i6 %add_ln533_8" [src/ORB.cpp:60]   --->   Operation 1906 'zext' 'zext_ln60_8' <Predicate = (!tmp)> <Delay = 0.00>
ST_15 : Operation 1907 [3/3] (0.99ns) (grouped into DSP with root node add_ln60_9)   --->   "%mul_ln60_4 = mul i11 %zext_ln60_8, i11 37" [src/ORB.cpp:60]   --->   Operation 1907 'mul' 'mul_ln60_4' <Predicate = (!tmp)> <Delay = 0.99> <CoreInst = "DSP48">   --->   Core 127 'DSP48' <Latency = 3> <II = 1> <Delay = 0.53> <IPBlock> <Opcode : 'mul' 'add' 'sub' 'select'> <InPorts = 0> <OutPorts = 1> <Sync> <CReg>
ST_15 : Operation 1908 [1/1] (0.78ns) (out node of the LUT)   --->   "%add_ln533_9 = add i6 %ret_V_137, i6 18" [vitis_library_vision_L1/include\common/xf_video_mem.hpp:533]   --->   Operation 1908 'add' 'add_ln533_9' <Predicate = (!tmp)> <Delay = 0.78> <CoreInst = "Adder">   --->   Core 1 'Adder' <Latency = 0> <II = 1> <Delay = 0.77> <FuncUnit> <Opcode : 'add' 'sub'> <InPorts = 2> <OutPorts = 1>
ST_15 : Operation 1909 [1/1] (0.00ns)   --->   "%zext_ln61_8 = zext i6 %add_ln533_9" [src/ORB.cpp:61]   --->   Operation 1909 'zext' 'zext_ln61_8' <Predicate = (!tmp)> <Delay = 0.00>
ST_15 : Operation 1910 [3/3] (0.99ns) (grouped into DSP with root node add_ln61_9)   --->   "%mul_ln61_4 = mul i11 %zext_ln61_8, i11 37" [src/ORB.cpp:61]   --->   Operation 1910 'mul' 'mul_ln61_4' <Predicate = (!tmp)> <Delay = 0.99> <CoreInst = "DSP48">   --->   Core 127 'DSP48' <Latency = 3> <II = 1> <Delay = 0.53> <IPBlock> <Opcode : 'mul' 'add' 'sub' 'select'> <InPorts = 0> <OutPorts = 1> <Sync> <CReg>
ST_15 : Operation 1911 [2/3] (0.99ns) (grouped into DSP with root node ret_V_82)   --->   "%r_V_89 = mul i14 %sext_ln50, i14 %sext_ln1118_22"   --->   Operation 1911 'mul' 'r_V_89' <Predicate = (!tmp)> <Delay = 0.99> <CoreInst = "DSP48">   --->   Core 127 'DSP48' <Latency = 3> <II = 1> <Delay = 0.53> <IPBlock> <Opcode : 'mul' 'add' 'sub' 'select'> <InPorts = 0> <OutPorts = 1> <Sync> <CReg>
ST_15 : Operation 1912 [1/2] (0.64ns) (root node of the DSP)   --->   "%ret_V_85 = add i14 %r_V_91, i14 %r_V_90"   --->   Operation 1912 'add' 'ret_V_85' <Predicate = (!tmp)> <Delay = 0.64> <CoreInst = "DSP48">   --->   Core 127 'DSP48' <Latency = 3> <II = 1> <Delay = 0.53> <IPBlock> <Opcode : 'mul' 'add' 'sub' 'select'> <InPorts = 0> <OutPorts = 1> <Sync> <CReg>
ST_15 : Operation 1913 [1/1] (2.89ns)   --->   "%p_Val2_32 = call i16 @round_fixed<16, 9>, i14 %ret_V_85" [C:/Xilinx/Vitis_HLS/2020.2/common/technology/autopilot\hls_math.h:2171->src/ORB.cpp:57]   --->   Operation 1913 'call' 'p_Val2_32' <Predicate = (!tmp)> <Delay = 2.89> <CoreType = "Generic">   --->   Core 0 '' <Latency = 0> <II = 1> <Delay = 1.00> <Generic> <Opcode : >
ST_15 : Operation 1914 [1/1] (0.00ns)   --->   "%trunc_ln831_20 = partselect i6 @_ssdm_op_PartSelect.i6.i16.i32.i32, i16 %p_Val2_32, i32 7, i32 12"   --->   Operation 1914 'partselect' 'trunc_ln831_20' <Predicate = (!tmp)> <Delay = 0.00>
ST_15 : Operation 1915 [1/1] (0.00ns) (grouped into LUT with out node add_ln533_10)   --->   "%p_Result_36 = bitselect i1 @_ssdm_op_BitSelect.i1.i16.i32, i16 %p_Val2_32, i32 15"   --->   Operation 1915 'bitselect' 'p_Result_36' <Predicate = (!tmp)> <Delay = 0.00>
ST_15 : Operation 1916 [1/1] (0.00ns)   --->   "%trunc_ln851_23 = trunc i16 %p_Val2_32"   --->   Operation 1916 'trunc' 'trunc_ln851_23' <Predicate = (!tmp)> <Delay = 0.00>
ST_15 : Operation 1917 [1/1] (0.81ns)   --->   "%icmp_ln851_24 = icmp_eq  i7 %trunc_ln851_23, i7 0"   --->   Operation 1917 'icmp' 'icmp_ln851_24' <Predicate = (!tmp)> <Delay = 0.81> <CoreInst = "Cmp">   --->   Core 9 'Cmp' <Latency = 0> <II = 1> <Delay = 0.44> <FuncUnit> <Opcode : 'icmp'> <InPorts = 2> <OutPorts = 1>
ST_15 : Operation 1918 [1/1] (0.78ns)   --->   "%ret_V_86 = add i6 %trunc_ln831_20, i6 1"   --->   Operation 1918 'add' 'ret_V_86' <Predicate = (!tmp)> <Delay = 0.78> <CoreInst = "Adder">   --->   Core 1 'Adder' <Latency = 0> <II = 1> <Delay = 0.77> <FuncUnit> <Opcode : 'add' 'sub'> <InPorts = 2> <OutPorts = 1>
ST_15 : Operation 1919 [1/1] (0.00ns) (grouped into LUT with out node add_ln533_10)   --->   "%select_ln850_24 = select i1 %icmp_ln851_24, i6 %trunc_ln831_20, i6 %ret_V_86"   --->   Operation 1919 'select' 'select_ln850_24' <Predicate = (!tmp)> <Delay = 0.00> <CoreInst = "Sel">   --->   Core 73 'Sel' <Latency = 0> <II = 1> <Delay = 0.39> <FuncUnit> <Opcode : 'select'> <InPorts = 3> <OutPorts = 1>
ST_15 : Operation 1920 [1/1] (0.00ns) (grouped into LUT with out node add_ln533_10)   --->   "%ret_V_139 = select i1 %p_Result_36, i6 %select_ln850_24, i6 %trunc_ln831_20"   --->   Operation 1920 'select' 'ret_V_139' <Predicate = (!tmp)> <Delay = 0.00> <CoreInst = "Sel">   --->   Core 73 'Sel' <Latency = 0> <II = 1> <Delay = 0.39> <FuncUnit> <Opcode : 'select'> <InPorts = 3> <OutPorts = 1>
ST_15 : Operation 1921 [2/3] (0.99ns) (grouped into DSP with root node ret_V_88)   --->   "%r_V_93 = mul i14 %sext_ln50, i14 %sext_ln1118_24"   --->   Operation 1921 'mul' 'r_V_93' <Predicate = (!tmp)> <Delay = 0.99> <CoreInst = "DSP48">   --->   Core 127 'DSP48' <Latency = 3> <II = 1> <Delay = 0.53> <IPBlock> <Opcode : 'mul' 'add' 'sub' 'select'> <InPorts = 0> <OutPorts = 1> <Sync> <CReg>
ST_15 : Operation 1922 [1/2] (0.64ns) (root node of the DSP)   --->   "%ret_V_91 = add i14 %r_V_95, i14 %r_V_94"   --->   Operation 1922 'add' 'ret_V_91' <Predicate = (!tmp)> <Delay = 0.64> <CoreInst = "DSP48">   --->   Core 127 'DSP48' <Latency = 3> <II = 1> <Delay = 0.53> <IPBlock> <Opcode : 'mul' 'add' 'sub' 'select'> <InPorts = 0> <OutPorts = 1> <Sync> <CReg>
ST_15 : Operation 1923 [1/1] (2.89ns)   --->   "%p_Val2_34 = call i16 @round_fixed<16, 9>, i14 %ret_V_91" [C:/Xilinx/Vitis_HLS/2020.2/common/technology/autopilot\hls_math.h:2171->src/ORB.cpp:59]   --->   Operation 1923 'call' 'p_Val2_34' <Predicate = (!tmp)> <Delay = 2.89> <CoreType = "Generic">   --->   Core 0 '' <Latency = 0> <II = 1> <Delay = 1.00> <Generic> <Opcode : >
ST_15 : Operation 1924 [1/1] (0.00ns)   --->   "%trunc_ln831_22 = partselect i6 @_ssdm_op_PartSelect.i6.i16.i32.i32, i16 %p_Val2_34, i32 7, i32 12"   --->   Operation 1924 'partselect' 'trunc_ln831_22' <Predicate = (!tmp)> <Delay = 0.00>
ST_15 : Operation 1925 [1/1] (0.00ns) (grouped into LUT with out node add_ln533_11)   --->   "%p_Result_38 = bitselect i1 @_ssdm_op_BitSelect.i1.i16.i32, i16 %p_Val2_34, i32 15"   --->   Operation 1925 'bitselect' 'p_Result_38' <Predicate = (!tmp)> <Delay = 0.00>
ST_15 : Operation 1926 [1/1] (0.00ns)   --->   "%trunc_ln851_25 = trunc i16 %p_Val2_34"   --->   Operation 1926 'trunc' 'trunc_ln851_25' <Predicate = (!tmp)> <Delay = 0.00>
ST_15 : Operation 1927 [1/1] (0.81ns)   --->   "%icmp_ln851_26 = icmp_eq  i7 %trunc_ln851_25, i7 0"   --->   Operation 1927 'icmp' 'icmp_ln851_26' <Predicate = (!tmp)> <Delay = 0.81> <CoreInst = "Cmp">   --->   Core 9 'Cmp' <Latency = 0> <II = 1> <Delay = 0.44> <FuncUnit> <Opcode : 'icmp'> <InPorts = 2> <OutPorts = 1>
ST_15 : Operation 1928 [1/1] (0.78ns)   --->   "%ret_V_92 = add i6 %trunc_ln831_22, i6 1"   --->   Operation 1928 'add' 'ret_V_92' <Predicate = (!tmp)> <Delay = 0.78> <CoreInst = "Adder">   --->   Core 1 'Adder' <Latency = 0> <II = 1> <Delay = 0.77> <FuncUnit> <Opcode : 'add' 'sub'> <InPorts = 2> <OutPorts = 1>
ST_15 : Operation 1929 [1/1] (0.00ns) (grouped into LUT with out node add_ln533_11)   --->   "%select_ln850_26 = select i1 %icmp_ln851_26, i6 %trunc_ln831_22, i6 %ret_V_92"   --->   Operation 1929 'select' 'select_ln850_26' <Predicate = (!tmp)> <Delay = 0.00> <CoreInst = "Sel">   --->   Core 73 'Sel' <Latency = 0> <II = 1> <Delay = 0.39> <FuncUnit> <Opcode : 'select'> <InPorts = 3> <OutPorts = 1>
ST_15 : Operation 1930 [1/1] (0.00ns) (grouped into LUT with out node add_ln533_11)   --->   "%ret_V_141 = select i1 %p_Result_38, i6 %select_ln850_26, i6 %trunc_ln831_22"   --->   Operation 1930 'select' 'ret_V_141' <Predicate = (!tmp)> <Delay = 0.00> <CoreInst = "Sel">   --->   Core 73 'Sel' <Latency = 0> <II = 1> <Delay = 0.39> <FuncUnit> <Opcode : 'select'> <InPorts = 3> <OutPorts = 1>
ST_15 : Operation 1931 [1/1] (0.78ns) (out node of the LUT)   --->   "%add_ln533_10 = add i6 %ret_V_139, i6 18" [vitis_library_vision_L1/include\common/xf_video_mem.hpp:533]   --->   Operation 1931 'add' 'add_ln533_10' <Predicate = (!tmp)> <Delay = 0.78> <CoreInst = "Adder">   --->   Core 1 'Adder' <Latency = 0> <II = 1> <Delay = 0.77> <FuncUnit> <Opcode : 'add' 'sub'> <InPorts = 2> <OutPorts = 1>
ST_15 : Operation 1932 [1/1] (0.00ns)   --->   "%zext_ln60_10 = zext i6 %add_ln533_10" [src/ORB.cpp:60]   --->   Operation 1932 'zext' 'zext_ln60_10' <Predicate = (!tmp)> <Delay = 0.00>
ST_15 : Operation 1933 [3/3] (0.99ns) (grouped into DSP with root node add_ln60_11)   --->   "%mul_ln60_5 = mul i11 %zext_ln60_10, i11 37" [src/ORB.cpp:60]   --->   Operation 1933 'mul' 'mul_ln60_5' <Predicate = (!tmp)> <Delay = 0.99> <CoreInst = "DSP48">   --->   Core 127 'DSP48' <Latency = 3> <II = 1> <Delay = 0.53> <IPBlock> <Opcode : 'mul' 'add' 'sub' 'select'> <InPorts = 0> <OutPorts = 1> <Sync> <CReg>
ST_15 : Operation 1934 [1/1] (0.78ns) (out node of the LUT)   --->   "%add_ln533_11 = add i6 %ret_V_141, i6 18" [vitis_library_vision_L1/include\common/xf_video_mem.hpp:533]   --->   Operation 1934 'add' 'add_ln533_11' <Predicate = (!tmp)> <Delay = 0.78> <CoreInst = "Adder">   --->   Core 1 'Adder' <Latency = 0> <II = 1> <Delay = 0.77> <FuncUnit> <Opcode : 'add' 'sub'> <InPorts = 2> <OutPorts = 1>
ST_15 : Operation 1935 [1/1] (0.00ns)   --->   "%zext_ln61_10 = zext i6 %add_ln533_11" [src/ORB.cpp:61]   --->   Operation 1935 'zext' 'zext_ln61_10' <Predicate = (!tmp)> <Delay = 0.00>
ST_15 : Operation 1936 [3/3] (0.99ns) (grouped into DSP with root node add_ln61_11)   --->   "%mul_ln61_5 = mul i11 %zext_ln61_10, i11 37" [src/ORB.cpp:61]   --->   Operation 1936 'mul' 'mul_ln61_5' <Predicate = (!tmp)> <Delay = 0.99> <CoreInst = "DSP48">   --->   Core 127 'DSP48' <Latency = 3> <II = 1> <Delay = 0.53> <IPBlock> <Opcode : 'mul' 'add' 'sub' 'select'> <InPorts = 0> <OutPorts = 1> <Sync> <CReg>
ST_15 : Operation 1937 [2/3] (0.99ns) (grouped into DSP with root node ret_V_94)   --->   "%r_V_97 = mul i14 %sext_ln50, i14 %sext_ln1118_26"   --->   Operation 1937 'mul' 'r_V_97' <Predicate = (!tmp)> <Delay = 0.99> <CoreInst = "DSP48">   --->   Core 127 'DSP48' <Latency = 3> <II = 1> <Delay = 0.53> <IPBlock> <Opcode : 'mul' 'add' 'sub' 'select'> <InPorts = 0> <OutPorts = 1> <Sync> <CReg>
ST_15 : Operation 1938 [1/2] (0.64ns) (root node of the DSP)   --->   "%ret_V_97 = add i14 %r_V_99, i14 %r_V_98"   --->   Operation 1938 'add' 'ret_V_97' <Predicate = (!tmp)> <Delay = 0.64> <CoreInst = "DSP48">   --->   Core 127 'DSP48' <Latency = 3> <II = 1> <Delay = 0.53> <IPBlock> <Opcode : 'mul' 'add' 'sub' 'select'> <InPorts = 0> <OutPorts = 1> <Sync> <CReg>
ST_15 : Operation 1939 [1/1] (2.89ns)   --->   "%p_Val2_37 = call i16 @round_fixed<16, 9>, i14 %ret_V_97" [C:/Xilinx/Vitis_HLS/2020.2/common/technology/autopilot\hls_math.h:2171->src/ORB.cpp:57]   --->   Operation 1939 'call' 'p_Val2_37' <Predicate = (!tmp)> <Delay = 2.89> <CoreType = "Generic">   --->   Core 0 '' <Latency = 0> <II = 1> <Delay = 1.00> <Generic> <Opcode : >
ST_15 : Operation 1940 [1/1] (0.00ns)   --->   "%trunc_ln831_24 = partselect i6 @_ssdm_op_PartSelect.i6.i16.i32.i32, i16 %p_Val2_37, i32 7, i32 12"   --->   Operation 1940 'partselect' 'trunc_ln831_24' <Predicate = (!tmp)> <Delay = 0.00>
ST_15 : Operation 1941 [1/1] (0.00ns) (grouped into LUT with out node add_ln533_12)   --->   "%p_Result_41 = bitselect i1 @_ssdm_op_BitSelect.i1.i16.i32, i16 %p_Val2_37, i32 15"   --->   Operation 1941 'bitselect' 'p_Result_41' <Predicate = (!tmp)> <Delay = 0.00>
ST_15 : Operation 1942 [1/1] (0.00ns)   --->   "%trunc_ln851_27 = trunc i16 %p_Val2_37"   --->   Operation 1942 'trunc' 'trunc_ln851_27' <Predicate = (!tmp)> <Delay = 0.00>
ST_15 : Operation 1943 [1/1] (0.81ns)   --->   "%icmp_ln851_28 = icmp_eq  i7 %trunc_ln851_27, i7 0"   --->   Operation 1943 'icmp' 'icmp_ln851_28' <Predicate = (!tmp)> <Delay = 0.81> <CoreInst = "Cmp">   --->   Core 9 'Cmp' <Latency = 0> <II = 1> <Delay = 0.44> <FuncUnit> <Opcode : 'icmp'> <InPorts = 2> <OutPorts = 1>
ST_15 : Operation 1944 [1/1] (0.78ns)   --->   "%ret_V_98 = add i6 %trunc_ln831_24, i6 1"   --->   Operation 1944 'add' 'ret_V_98' <Predicate = (!tmp)> <Delay = 0.78> <CoreInst = "Adder">   --->   Core 1 'Adder' <Latency = 0> <II = 1> <Delay = 0.77> <FuncUnit> <Opcode : 'add' 'sub'> <InPorts = 2> <OutPorts = 1>
ST_15 : Operation 1945 [1/1] (0.00ns) (grouped into LUT with out node add_ln533_12)   --->   "%select_ln850_28 = select i1 %icmp_ln851_28, i6 %trunc_ln831_24, i6 %ret_V_98"   --->   Operation 1945 'select' 'select_ln850_28' <Predicate = (!tmp)> <Delay = 0.00> <CoreInst = "Sel">   --->   Core 73 'Sel' <Latency = 0> <II = 1> <Delay = 0.39> <FuncUnit> <Opcode : 'select'> <InPorts = 3> <OutPorts = 1>
ST_15 : Operation 1946 [1/1] (0.00ns) (grouped into LUT with out node add_ln533_12)   --->   "%ret_V_143 = select i1 %p_Result_41, i6 %select_ln850_28, i6 %trunc_ln831_24"   --->   Operation 1946 'select' 'ret_V_143' <Predicate = (!tmp)> <Delay = 0.00> <CoreInst = "Sel">   --->   Core 73 'Sel' <Latency = 0> <II = 1> <Delay = 0.39> <FuncUnit> <Opcode : 'select'> <InPorts = 3> <OutPorts = 1>
ST_15 : Operation 1947 [2/3] (0.99ns) (grouped into DSP with root node ret_V_100)   --->   "%r_V_101 = mul i14 %sext_ln50, i14 %sext_ln1118_28"   --->   Operation 1947 'mul' 'r_V_101' <Predicate = (!tmp)> <Delay = 0.99> <CoreInst = "DSP48">   --->   Core 127 'DSP48' <Latency = 3> <II = 1> <Delay = 0.53> <IPBlock> <Opcode : 'mul' 'add' 'sub' 'select'> <InPorts = 0> <OutPorts = 1> <Sync> <CReg>
ST_15 : Operation 1948 [1/2] (0.64ns) (root node of the DSP)   --->   "%ret_V_103 = add i14 %r_V_103, i14 %r_V_102"   --->   Operation 1948 'add' 'ret_V_103' <Predicate = (!tmp)> <Delay = 0.64> <CoreInst = "DSP48">   --->   Core 127 'DSP48' <Latency = 3> <II = 1> <Delay = 0.53> <IPBlock> <Opcode : 'mul' 'add' 'sub' 'select'> <InPorts = 0> <OutPorts = 1> <Sync> <CReg>
ST_15 : Operation 1949 [1/1] (2.89ns)   --->   "%p_Val2_39 = call i16 @round_fixed<16, 9>, i14 %ret_V_103" [C:/Xilinx/Vitis_HLS/2020.2/common/technology/autopilot\hls_math.h:2171->src/ORB.cpp:59]   --->   Operation 1949 'call' 'p_Val2_39' <Predicate = (!tmp)> <Delay = 2.89> <CoreType = "Generic">   --->   Core 0 '' <Latency = 0> <II = 1> <Delay = 1.00> <Generic> <Opcode : >
ST_15 : Operation 1950 [1/1] (0.00ns)   --->   "%trunc_ln831_26 = partselect i6 @_ssdm_op_PartSelect.i6.i16.i32.i32, i16 %p_Val2_39, i32 7, i32 12"   --->   Operation 1950 'partselect' 'trunc_ln831_26' <Predicate = (!tmp)> <Delay = 0.00>
ST_15 : Operation 1951 [1/1] (0.00ns) (grouped into LUT with out node add_ln533_13)   --->   "%p_Result_43 = bitselect i1 @_ssdm_op_BitSelect.i1.i16.i32, i16 %p_Val2_39, i32 15"   --->   Operation 1951 'bitselect' 'p_Result_43' <Predicate = (!tmp)> <Delay = 0.00>
ST_15 : Operation 1952 [1/1] (0.00ns)   --->   "%trunc_ln851_29 = trunc i16 %p_Val2_39"   --->   Operation 1952 'trunc' 'trunc_ln851_29' <Predicate = (!tmp)> <Delay = 0.00>
ST_15 : Operation 1953 [1/1] (0.81ns)   --->   "%icmp_ln851_30 = icmp_eq  i7 %trunc_ln851_29, i7 0"   --->   Operation 1953 'icmp' 'icmp_ln851_30' <Predicate = (!tmp)> <Delay = 0.81> <CoreInst = "Cmp">   --->   Core 9 'Cmp' <Latency = 0> <II = 1> <Delay = 0.44> <FuncUnit> <Opcode : 'icmp'> <InPorts = 2> <OutPorts = 1>
ST_15 : Operation 1954 [1/1] (0.78ns)   --->   "%ret_V_104 = add i6 %trunc_ln831_26, i6 1"   --->   Operation 1954 'add' 'ret_V_104' <Predicate = (!tmp)> <Delay = 0.78> <CoreInst = "Adder">   --->   Core 1 'Adder' <Latency = 0> <II = 1> <Delay = 0.77> <FuncUnit> <Opcode : 'add' 'sub'> <InPorts = 2> <OutPorts = 1>
ST_15 : Operation 1955 [1/1] (0.00ns) (grouped into LUT with out node add_ln533_13)   --->   "%select_ln850_30 = select i1 %icmp_ln851_30, i6 %trunc_ln831_26, i6 %ret_V_104"   --->   Operation 1955 'select' 'select_ln850_30' <Predicate = (!tmp)> <Delay = 0.00> <CoreInst = "Sel">   --->   Core 73 'Sel' <Latency = 0> <II = 1> <Delay = 0.39> <FuncUnit> <Opcode : 'select'> <InPorts = 3> <OutPorts = 1>
ST_15 : Operation 1956 [1/1] (0.00ns) (grouped into LUT with out node add_ln533_13)   --->   "%ret_V_145 = select i1 %p_Result_43, i6 %select_ln850_30, i6 %trunc_ln831_26"   --->   Operation 1956 'select' 'ret_V_145' <Predicate = (!tmp)> <Delay = 0.00> <CoreInst = "Sel">   --->   Core 73 'Sel' <Latency = 0> <II = 1> <Delay = 0.39> <FuncUnit> <Opcode : 'select'> <InPorts = 3> <OutPorts = 1>
ST_15 : Operation 1957 [1/1] (0.78ns) (out node of the LUT)   --->   "%add_ln533_12 = add i6 %ret_V_143, i6 18" [vitis_library_vision_L1/include\common/xf_video_mem.hpp:533]   --->   Operation 1957 'add' 'add_ln533_12' <Predicate = (!tmp)> <Delay = 0.78> <CoreInst = "Adder">   --->   Core 1 'Adder' <Latency = 0> <II = 1> <Delay = 0.77> <FuncUnit> <Opcode : 'add' 'sub'> <InPorts = 2> <OutPorts = 1>
ST_15 : Operation 1958 [1/1] (0.00ns)   --->   "%zext_ln60_12 = zext i6 %add_ln533_12" [src/ORB.cpp:60]   --->   Operation 1958 'zext' 'zext_ln60_12' <Predicate = (!tmp)> <Delay = 0.00>
ST_15 : Operation 1959 [3/3] (0.99ns) (grouped into DSP with root node add_ln60_13)   --->   "%mul_ln60_6 = mul i11 %zext_ln60_12, i11 37" [src/ORB.cpp:60]   --->   Operation 1959 'mul' 'mul_ln60_6' <Predicate = (!tmp)> <Delay = 0.99> <CoreInst = "DSP48">   --->   Core 127 'DSP48' <Latency = 3> <II = 1> <Delay = 0.53> <IPBlock> <Opcode : 'mul' 'add' 'sub' 'select'> <InPorts = 0> <OutPorts = 1> <Sync> <CReg>
ST_15 : Operation 1960 [1/1] (0.78ns) (out node of the LUT)   --->   "%add_ln533_13 = add i6 %ret_V_145, i6 18" [vitis_library_vision_L1/include\common/xf_video_mem.hpp:533]   --->   Operation 1960 'add' 'add_ln533_13' <Predicate = (!tmp)> <Delay = 0.78> <CoreInst = "Adder">   --->   Core 1 'Adder' <Latency = 0> <II = 1> <Delay = 0.77> <FuncUnit> <Opcode : 'add' 'sub'> <InPorts = 2> <OutPorts = 1>
ST_15 : Operation 1961 [1/1] (0.00ns)   --->   "%zext_ln61_12 = zext i6 %add_ln533_13" [src/ORB.cpp:61]   --->   Operation 1961 'zext' 'zext_ln61_12' <Predicate = (!tmp)> <Delay = 0.00>
ST_15 : Operation 1962 [3/3] (0.99ns) (grouped into DSP with root node add_ln61_13)   --->   "%mul_ln61_6 = mul i11 %zext_ln61_12, i11 37" [src/ORB.cpp:61]   --->   Operation 1962 'mul' 'mul_ln61_6' <Predicate = (!tmp)> <Delay = 0.99> <CoreInst = "DSP48">   --->   Core 127 'DSP48' <Latency = 3> <II = 1> <Delay = 0.53> <IPBlock> <Opcode : 'mul' 'add' 'sub' 'select'> <InPorts = 0> <OutPorts = 1> <Sync> <CReg>
ST_15 : Operation 1963 [2/3] (0.99ns) (grouped into DSP with root node ret_V_106)   --->   "%r_V_105 = mul i14 %sext_ln50, i14 %sext_ln1118_30"   --->   Operation 1963 'mul' 'r_V_105' <Predicate = (!tmp)> <Delay = 0.99> <CoreInst = "DSP48">   --->   Core 127 'DSP48' <Latency = 3> <II = 1> <Delay = 0.53> <IPBlock> <Opcode : 'mul' 'add' 'sub' 'select'> <InPorts = 0> <OutPorts = 1> <Sync> <CReg>
ST_15 : Operation 1964 [1/2] (0.64ns) (root node of the DSP)   --->   "%ret_V_109 = add i14 %r_V_107, i14 %r_V_106"   --->   Operation 1964 'add' 'ret_V_109' <Predicate = (!tmp)> <Delay = 0.64> <CoreInst = "DSP48">   --->   Core 127 'DSP48' <Latency = 3> <II = 1> <Delay = 0.53> <IPBlock> <Opcode : 'mul' 'add' 'sub' 'select'> <InPorts = 0> <OutPorts = 1> <Sync> <CReg>
ST_15 : Operation 1965 [1/1] (2.89ns)   --->   "%p_Val2_42 = call i16 @round_fixed<16, 9>, i14 %ret_V_109" [C:/Xilinx/Vitis_HLS/2020.2/common/technology/autopilot\hls_math.h:2171->src/ORB.cpp:57]   --->   Operation 1965 'call' 'p_Val2_42' <Predicate = (!tmp)> <Delay = 2.89> <CoreType = "Generic">   --->   Core 0 '' <Latency = 0> <II = 1> <Delay = 1.00> <Generic> <Opcode : >
ST_15 : Operation 1966 [1/1] (0.00ns)   --->   "%trunc_ln831_28 = partselect i6 @_ssdm_op_PartSelect.i6.i16.i32.i32, i16 %p_Val2_42, i32 7, i32 12"   --->   Operation 1966 'partselect' 'trunc_ln831_28' <Predicate = (!tmp)> <Delay = 0.00>
ST_15 : Operation 1967 [1/1] (0.00ns) (grouped into LUT with out node add_ln533_14)   --->   "%p_Result_46 = bitselect i1 @_ssdm_op_BitSelect.i1.i16.i32, i16 %p_Val2_42, i32 15"   --->   Operation 1967 'bitselect' 'p_Result_46' <Predicate = (!tmp)> <Delay = 0.00>
ST_15 : Operation 1968 [1/1] (0.00ns)   --->   "%trunc_ln851_31 = trunc i16 %p_Val2_42"   --->   Operation 1968 'trunc' 'trunc_ln851_31' <Predicate = (!tmp)> <Delay = 0.00>
ST_15 : Operation 1969 [1/1] (0.81ns)   --->   "%icmp_ln851_32 = icmp_eq  i7 %trunc_ln851_31, i7 0"   --->   Operation 1969 'icmp' 'icmp_ln851_32' <Predicate = (!tmp)> <Delay = 0.81> <CoreInst = "Cmp">   --->   Core 9 'Cmp' <Latency = 0> <II = 1> <Delay = 0.44> <FuncUnit> <Opcode : 'icmp'> <InPorts = 2> <OutPorts = 1>
ST_15 : Operation 1970 [1/1] (0.78ns)   --->   "%ret_V_110 = add i6 %trunc_ln831_28, i6 1"   --->   Operation 1970 'add' 'ret_V_110' <Predicate = (!tmp)> <Delay = 0.78> <CoreInst = "Adder">   --->   Core 1 'Adder' <Latency = 0> <II = 1> <Delay = 0.77> <FuncUnit> <Opcode : 'add' 'sub'> <InPorts = 2> <OutPorts = 1>
ST_15 : Operation 1971 [1/1] (0.00ns) (grouped into LUT with out node add_ln533_14)   --->   "%select_ln850_32 = select i1 %icmp_ln851_32, i6 %trunc_ln831_28, i6 %ret_V_110"   --->   Operation 1971 'select' 'select_ln850_32' <Predicate = (!tmp)> <Delay = 0.00> <CoreInst = "Sel">   --->   Core 73 'Sel' <Latency = 0> <II = 1> <Delay = 0.39> <FuncUnit> <Opcode : 'select'> <InPorts = 3> <OutPorts = 1>
ST_15 : Operation 1972 [1/1] (0.00ns) (grouped into LUT with out node add_ln533_14)   --->   "%ret_V_147 = select i1 %p_Result_46, i6 %select_ln850_32, i6 %trunc_ln831_28"   --->   Operation 1972 'select' 'ret_V_147' <Predicate = (!tmp)> <Delay = 0.00> <CoreInst = "Sel">   --->   Core 73 'Sel' <Latency = 0> <II = 1> <Delay = 0.39> <FuncUnit> <Opcode : 'select'> <InPorts = 3> <OutPorts = 1>
ST_15 : Operation 1973 [2/3] (0.99ns) (grouped into DSP with root node ret_V_112)   --->   "%r_V_109 = mul i14 %sext_ln50, i14 %sext_ln1118_32"   --->   Operation 1973 'mul' 'r_V_109' <Predicate = (!tmp)> <Delay = 0.99> <CoreInst = "DSP48">   --->   Core 127 'DSP48' <Latency = 3> <II = 1> <Delay = 0.53> <IPBlock> <Opcode : 'mul' 'add' 'sub' 'select'> <InPorts = 0> <OutPorts = 1> <Sync> <CReg>
ST_15 : Operation 1974 [1/2] (0.64ns) (root node of the DSP)   --->   "%ret_V_115 = add i14 %r_V_111, i14 %r_V_110"   --->   Operation 1974 'add' 'ret_V_115' <Predicate = (!tmp)> <Delay = 0.64> <CoreInst = "DSP48">   --->   Core 127 'DSP48' <Latency = 3> <II = 1> <Delay = 0.53> <IPBlock> <Opcode : 'mul' 'add' 'sub' 'select'> <InPorts = 0> <OutPorts = 1> <Sync> <CReg>
ST_15 : Operation 1975 [1/1] (2.89ns)   --->   "%p_Val2_44 = call i16 @round_fixed<16, 9>, i14 %ret_V_115" [C:/Xilinx/Vitis_HLS/2020.2/common/technology/autopilot\hls_math.h:2171->src/ORB.cpp:59]   --->   Operation 1975 'call' 'p_Val2_44' <Predicate = (!tmp)> <Delay = 2.89> <CoreType = "Generic">   --->   Core 0 '' <Latency = 0> <II = 1> <Delay = 1.00> <Generic> <Opcode : >
ST_15 : Operation 1976 [1/1] (0.00ns)   --->   "%trunc_ln831_30 = partselect i6 @_ssdm_op_PartSelect.i6.i16.i32.i32, i16 %p_Val2_44, i32 7, i32 12"   --->   Operation 1976 'partselect' 'trunc_ln831_30' <Predicate = (!tmp)> <Delay = 0.00>
ST_15 : Operation 1977 [1/1] (0.00ns) (grouped into LUT with out node add_ln533_15)   --->   "%p_Result_48 = bitselect i1 @_ssdm_op_BitSelect.i1.i16.i32, i16 %p_Val2_44, i32 15"   --->   Operation 1977 'bitselect' 'p_Result_48' <Predicate = (!tmp)> <Delay = 0.00>
ST_15 : Operation 1978 [1/1] (0.00ns)   --->   "%trunc_ln851_33 = trunc i16 %p_Val2_44"   --->   Operation 1978 'trunc' 'trunc_ln851_33' <Predicate = (!tmp)> <Delay = 0.00>
ST_15 : Operation 1979 [1/1] (0.81ns)   --->   "%icmp_ln851_34 = icmp_eq  i7 %trunc_ln851_33, i7 0"   --->   Operation 1979 'icmp' 'icmp_ln851_34' <Predicate = (!tmp)> <Delay = 0.81> <CoreInst = "Cmp">   --->   Core 9 'Cmp' <Latency = 0> <II = 1> <Delay = 0.44> <FuncUnit> <Opcode : 'icmp'> <InPorts = 2> <OutPorts = 1>
ST_15 : Operation 1980 [1/1] (0.78ns)   --->   "%ret_V_116 = add i6 %trunc_ln831_30, i6 1"   --->   Operation 1980 'add' 'ret_V_116' <Predicate = (!tmp)> <Delay = 0.78> <CoreInst = "Adder">   --->   Core 1 'Adder' <Latency = 0> <II = 1> <Delay = 0.77> <FuncUnit> <Opcode : 'add' 'sub'> <InPorts = 2> <OutPorts = 1>
ST_15 : Operation 1981 [1/1] (0.00ns) (grouped into LUT with out node add_ln533_15)   --->   "%select_ln850_34 = select i1 %icmp_ln851_34, i6 %trunc_ln831_30, i6 %ret_V_116"   --->   Operation 1981 'select' 'select_ln850_34' <Predicate = (!tmp)> <Delay = 0.00> <CoreInst = "Sel">   --->   Core 73 'Sel' <Latency = 0> <II = 1> <Delay = 0.39> <FuncUnit> <Opcode : 'select'> <InPorts = 3> <OutPorts = 1>
ST_15 : Operation 1982 [1/1] (0.00ns) (grouped into LUT with out node add_ln533_15)   --->   "%ret_V_149 = select i1 %p_Result_48, i6 %select_ln850_34, i6 %trunc_ln831_30"   --->   Operation 1982 'select' 'ret_V_149' <Predicate = (!tmp)> <Delay = 0.00> <CoreInst = "Sel">   --->   Core 73 'Sel' <Latency = 0> <II = 1> <Delay = 0.39> <FuncUnit> <Opcode : 'select'> <InPorts = 3> <OutPorts = 1>
ST_15 : Operation 1983 [1/1] (0.78ns) (out node of the LUT)   --->   "%add_ln533_14 = add i6 %ret_V_147, i6 18" [vitis_library_vision_L1/include\common/xf_video_mem.hpp:533]   --->   Operation 1983 'add' 'add_ln533_14' <Predicate = (!tmp)> <Delay = 0.78> <CoreInst = "Adder">   --->   Core 1 'Adder' <Latency = 0> <II = 1> <Delay = 0.77> <FuncUnit> <Opcode : 'add' 'sub'> <InPorts = 2> <OutPorts = 1>
ST_15 : Operation 1984 [1/1] (0.00ns)   --->   "%zext_ln60_14 = zext i6 %add_ln533_14" [src/ORB.cpp:60]   --->   Operation 1984 'zext' 'zext_ln60_14' <Predicate = (!tmp)> <Delay = 0.00>
ST_15 : Operation 1985 [3/3] (0.99ns) (grouped into DSP with root node add_ln60_15)   --->   "%mul_ln60_7 = mul i11 %zext_ln60_14, i11 37" [src/ORB.cpp:60]   --->   Operation 1985 'mul' 'mul_ln60_7' <Predicate = (!tmp)> <Delay = 0.99> <CoreInst = "DSP48">   --->   Core 127 'DSP48' <Latency = 3> <II = 1> <Delay = 0.53> <IPBlock> <Opcode : 'mul' 'add' 'sub' 'select'> <InPorts = 0> <OutPorts = 1> <Sync> <CReg>
ST_15 : Operation 1986 [1/1] (0.78ns) (out node of the LUT)   --->   "%add_ln533_15 = add i6 %ret_V_149, i6 18" [vitis_library_vision_L1/include\common/xf_video_mem.hpp:533]   --->   Operation 1986 'add' 'add_ln533_15' <Predicate = (!tmp)> <Delay = 0.78> <CoreInst = "Adder">   --->   Core 1 'Adder' <Latency = 0> <II = 1> <Delay = 0.77> <FuncUnit> <Opcode : 'add' 'sub'> <InPorts = 2> <OutPorts = 1>
ST_15 : Operation 1987 [1/1] (0.00ns)   --->   "%zext_ln61_14 = zext i6 %add_ln533_15" [src/ORB.cpp:61]   --->   Operation 1987 'zext' 'zext_ln61_14' <Predicate = (!tmp)> <Delay = 0.00>
ST_15 : Operation 1988 [3/3] (0.99ns) (grouped into DSP with root node add_ln61_15)   --->   "%mul_ln61_7 = mul i11 %zext_ln61_14, i11 37" [src/ORB.cpp:61]   --->   Operation 1988 'mul' 'mul_ln61_7' <Predicate = (!tmp)> <Delay = 0.99> <CoreInst = "DSP48">   --->   Core 127 'DSP48' <Latency = 3> <II = 1> <Delay = 0.53> <IPBlock> <Opcode : 'mul' 'add' 'sub' 'select'> <InPorts = 0> <OutPorts = 1> <Sync> <CReg>

State 16 <SV = 14> <Delay = 0.99>
ST_16 : Operation 1989 [1/3] (0.00ns) (grouped into DSP with root node ret_V)   --->   "%r_V_49 = mul i14 %sext_ln50, i14 %sext_ln1118_2"   --->   Operation 1989 'mul' 'r_V_49' <Predicate = (!tmp)> <Delay = 0.00> <CoreInst = "DSP48">   --->   Core 127 'DSP48' <Latency = 3> <II = 1> <Delay = 0.53> <IPBlock> <Opcode : 'mul' 'add' 'sub' 'select'> <InPorts = 0> <OutPorts = 1> <Sync> <CReg>
ST_16 : Operation 1990 [2/2] (0.64ns) (root node of the DSP)   --->   "%ret_V = sub i14 %r_V_48, i14 %r_V_49"   --->   Operation 1990 'sub' 'ret_V' <Predicate = (!tmp)> <Delay = 0.64> <CoreInst = "DSP48">   --->   Core 127 'DSP48' <Latency = 3> <II = 1> <Delay = 0.53> <IPBlock> <Opcode : 'mul' 'add' 'sub' 'select'> <InPorts = 0> <OutPorts = 1> <Sync> <CReg>
ST_16 : Operation 1991 [1/3] (0.00ns) (grouped into DSP with root node ret_V_28)   --->   "%r_V_53 = mul i14 %sext_ln50, i14 %sext_ln1118_4"   --->   Operation 1991 'mul' 'r_V_53' <Predicate = (!tmp)> <Delay = 0.00> <CoreInst = "DSP48">   --->   Core 127 'DSP48' <Latency = 3> <II = 1> <Delay = 0.53> <IPBlock> <Opcode : 'mul' 'add' 'sub' 'select'> <InPorts = 0> <OutPorts = 1> <Sync> <CReg>
ST_16 : Operation 1992 [2/2] (0.64ns) (root node of the DSP)   --->   "%ret_V_28 = sub i14 %r_V_52, i14 %r_V_53"   --->   Operation 1992 'sub' 'ret_V_28' <Predicate = (!tmp)> <Delay = 0.64> <CoreInst = "DSP48">   --->   Core 127 'DSP48' <Latency = 3> <II = 1> <Delay = 0.53> <IPBlock> <Opcode : 'mul' 'add' 'sub' 'select'> <InPorts = 0> <OutPorts = 1> <Sync> <CReg>
ST_16 : Operation 1993 [2/3] (0.99ns) (grouped into DSP with root node add_ln60)   --->   "%mul_ln60 = mul i11 %zext_ln60, i11 37" [src/ORB.cpp:60]   --->   Operation 1993 'mul' 'mul_ln60' <Predicate = (!tmp)> <Delay = 0.99> <CoreInst = "DSP48">   --->   Core 127 'DSP48' <Latency = 3> <II = 1> <Delay = 0.53> <IPBlock> <Opcode : 'mul' 'add' 'sub' 'select'> <InPorts = 0> <OutPorts = 1> <Sync> <CReg>
ST_16 : Operation 1994 [2/3] (0.99ns) (grouped into DSP with root node add_ln61)   --->   "%mul_ln61 = mul i11 %zext_ln61, i11 37" [src/ORB.cpp:61]   --->   Operation 1994 'mul' 'mul_ln61' <Predicate = (!tmp)> <Delay = 0.99> <CoreInst = "DSP48">   --->   Core 127 'DSP48' <Latency = 3> <II = 1> <Delay = 0.53> <IPBlock> <Opcode : 'mul' 'add' 'sub' 'select'> <InPorts = 0> <OutPorts = 1> <Sync> <CReg>
ST_16 : Operation 1995 [1/3] (0.00ns) (grouped into DSP with root node ret_V_34)   --->   "%r_V_57 = mul i14 %sext_ln50, i14 %sext_ln1118_6"   --->   Operation 1995 'mul' 'r_V_57' <Predicate = (!tmp)> <Delay = 0.00> <CoreInst = "DSP48">   --->   Core 127 'DSP48' <Latency = 3> <II = 1> <Delay = 0.53> <IPBlock> <Opcode : 'mul' 'add' 'sub' 'select'> <InPorts = 0> <OutPorts = 1> <Sync> <CReg>
ST_16 : Operation 1996 [2/2] (0.64ns) (root node of the DSP)   --->   "%ret_V_34 = sub i14 %r_V_56, i14 %r_V_57"   --->   Operation 1996 'sub' 'ret_V_34' <Predicate = (!tmp)> <Delay = 0.64> <CoreInst = "DSP48">   --->   Core 127 'DSP48' <Latency = 3> <II = 1> <Delay = 0.53> <IPBlock> <Opcode : 'mul' 'add' 'sub' 'select'> <InPorts = 0> <OutPorts = 1> <Sync> <CReg>
ST_16 : Operation 1997 [1/3] (0.00ns) (grouped into DSP with root node ret_V_40)   --->   "%r_V_61 = mul i14 %sext_ln50, i14 %sext_ln1118_8"   --->   Operation 1997 'mul' 'r_V_61' <Predicate = (!tmp)> <Delay = 0.00> <CoreInst = "DSP48">   --->   Core 127 'DSP48' <Latency = 3> <II = 1> <Delay = 0.53> <IPBlock> <Opcode : 'mul' 'add' 'sub' 'select'> <InPorts = 0> <OutPorts = 1> <Sync> <CReg>
ST_16 : Operation 1998 [2/2] (0.64ns) (root node of the DSP)   --->   "%ret_V_40 = sub i14 %r_V_60, i14 %r_V_61"   --->   Operation 1998 'sub' 'ret_V_40' <Predicate = (!tmp)> <Delay = 0.64> <CoreInst = "DSP48">   --->   Core 127 'DSP48' <Latency = 3> <II = 1> <Delay = 0.53> <IPBlock> <Opcode : 'mul' 'add' 'sub' 'select'> <InPorts = 0> <OutPorts = 1> <Sync> <CReg>
ST_16 : Operation 1999 [2/3] (0.99ns) (grouped into DSP with root node add_ln60_3)   --->   "%mul_ln60_1 = mul i11 %zext_ln60_2, i11 37" [src/ORB.cpp:60]   --->   Operation 1999 'mul' 'mul_ln60_1' <Predicate = (!tmp)> <Delay = 0.99> <CoreInst = "DSP48">   --->   Core 127 'DSP48' <Latency = 3> <II = 1> <Delay = 0.53> <IPBlock> <Opcode : 'mul' 'add' 'sub' 'select'> <InPorts = 0> <OutPorts = 1> <Sync> <CReg>
ST_16 : Operation 2000 [2/3] (0.99ns) (grouped into DSP with root node add_ln61_3)   --->   "%mul_ln61_1 = mul i11 %zext_ln61_2, i11 37" [src/ORB.cpp:61]   --->   Operation 2000 'mul' 'mul_ln61_1' <Predicate = (!tmp)> <Delay = 0.99> <CoreInst = "DSP48">   --->   Core 127 'DSP48' <Latency = 3> <II = 1> <Delay = 0.53> <IPBlock> <Opcode : 'mul' 'add' 'sub' 'select'> <InPorts = 0> <OutPorts = 1> <Sync> <CReg>
ST_16 : Operation 2001 [1/3] (0.00ns) (grouped into DSP with root node ret_V_46)   --->   "%r_V_65 = mul i14 %sext_ln50, i14 %sext_ln1118_10"   --->   Operation 2001 'mul' 'r_V_65' <Predicate = (!tmp)> <Delay = 0.00> <CoreInst = "DSP48">   --->   Core 127 'DSP48' <Latency = 3> <II = 1> <Delay = 0.53> <IPBlock> <Opcode : 'mul' 'add' 'sub' 'select'> <InPorts = 0> <OutPorts = 1> <Sync> <CReg>
ST_16 : Operation 2002 [2/2] (0.64ns) (root node of the DSP)   --->   "%ret_V_46 = sub i14 %r_V_64, i14 %r_V_65"   --->   Operation 2002 'sub' 'ret_V_46' <Predicate = (!tmp)> <Delay = 0.64> <CoreInst = "DSP48">   --->   Core 127 'DSP48' <Latency = 3> <II = 1> <Delay = 0.53> <IPBlock> <Opcode : 'mul' 'add' 'sub' 'select'> <InPorts = 0> <OutPorts = 1> <Sync> <CReg>
ST_16 : Operation 2003 [1/3] (0.00ns) (grouped into DSP with root node ret_V_52)   --->   "%r_V_69 = mul i14 %sext_ln50, i14 %sext_ln1118_12"   --->   Operation 2003 'mul' 'r_V_69' <Predicate = (!tmp)> <Delay = 0.00> <CoreInst = "DSP48">   --->   Core 127 'DSP48' <Latency = 3> <II = 1> <Delay = 0.53> <IPBlock> <Opcode : 'mul' 'add' 'sub' 'select'> <InPorts = 0> <OutPorts = 1> <Sync> <CReg>
ST_16 : Operation 2004 [2/2] (0.64ns) (root node of the DSP)   --->   "%ret_V_52 = sub i14 %r_V_68, i14 %r_V_69"   --->   Operation 2004 'sub' 'ret_V_52' <Predicate = (!tmp)> <Delay = 0.64> <CoreInst = "DSP48">   --->   Core 127 'DSP48' <Latency = 3> <II = 1> <Delay = 0.53> <IPBlock> <Opcode : 'mul' 'add' 'sub' 'select'> <InPorts = 0> <OutPorts = 1> <Sync> <CReg>
ST_16 : Operation 2005 [2/3] (0.99ns) (grouped into DSP with root node add_ln60_5)   --->   "%mul_ln60_2 = mul i11 %zext_ln60_4, i11 37" [src/ORB.cpp:60]   --->   Operation 2005 'mul' 'mul_ln60_2' <Predicate = (!tmp)> <Delay = 0.99> <CoreInst = "DSP48">   --->   Core 127 'DSP48' <Latency = 3> <II = 1> <Delay = 0.53> <IPBlock> <Opcode : 'mul' 'add' 'sub' 'select'> <InPorts = 0> <OutPorts = 1> <Sync> <CReg>
ST_16 : Operation 2006 [2/3] (0.99ns) (grouped into DSP with root node add_ln61_5)   --->   "%mul_ln61_2 = mul i11 %zext_ln61_4, i11 37" [src/ORB.cpp:61]   --->   Operation 2006 'mul' 'mul_ln61_2' <Predicate = (!tmp)> <Delay = 0.99> <CoreInst = "DSP48">   --->   Core 127 'DSP48' <Latency = 3> <II = 1> <Delay = 0.53> <IPBlock> <Opcode : 'mul' 'add' 'sub' 'select'> <InPorts = 0> <OutPorts = 1> <Sync> <CReg>
ST_16 : Operation 2007 [1/3] (0.00ns) (grouped into DSP with root node ret_V_58)   --->   "%r_V_73 = mul i14 %sext_ln50, i14 %sext_ln1118_14"   --->   Operation 2007 'mul' 'r_V_73' <Predicate = (!tmp)> <Delay = 0.00> <CoreInst = "DSP48">   --->   Core 127 'DSP48' <Latency = 3> <II = 1> <Delay = 0.53> <IPBlock> <Opcode : 'mul' 'add' 'sub' 'select'> <InPorts = 0> <OutPorts = 1> <Sync> <CReg>
ST_16 : Operation 2008 [2/2] (0.64ns) (root node of the DSP)   --->   "%ret_V_58 = sub i14 %r_V_72, i14 %r_V_73"   --->   Operation 2008 'sub' 'ret_V_58' <Predicate = (!tmp)> <Delay = 0.64> <CoreInst = "DSP48">   --->   Core 127 'DSP48' <Latency = 3> <II = 1> <Delay = 0.53> <IPBlock> <Opcode : 'mul' 'add' 'sub' 'select'> <InPorts = 0> <OutPorts = 1> <Sync> <CReg>
ST_16 : Operation 2009 [1/3] (0.00ns) (grouped into DSP with root node ret_V_64)   --->   "%r_V_77 = mul i14 %sext_ln50, i14 %sext_ln1118_16"   --->   Operation 2009 'mul' 'r_V_77' <Predicate = (!tmp)> <Delay = 0.00> <CoreInst = "DSP48">   --->   Core 127 'DSP48' <Latency = 3> <II = 1> <Delay = 0.53> <IPBlock> <Opcode : 'mul' 'add' 'sub' 'select'> <InPorts = 0> <OutPorts = 1> <Sync> <CReg>
ST_16 : Operation 2010 [2/2] (0.64ns) (root node of the DSP)   --->   "%ret_V_64 = sub i14 %r_V_76, i14 %r_V_77"   --->   Operation 2010 'sub' 'ret_V_64' <Predicate = (!tmp)> <Delay = 0.64> <CoreInst = "DSP48">   --->   Core 127 'DSP48' <Latency = 3> <II = 1> <Delay = 0.53> <IPBlock> <Opcode : 'mul' 'add' 'sub' 'select'> <InPorts = 0> <OutPorts = 1> <Sync> <CReg>
ST_16 : Operation 2011 [2/3] (0.99ns) (grouped into DSP with root node add_ln60_7)   --->   "%mul_ln60_3 = mul i11 %zext_ln60_6, i11 37" [src/ORB.cpp:60]   --->   Operation 2011 'mul' 'mul_ln60_3' <Predicate = (!tmp)> <Delay = 0.99> <CoreInst = "DSP48">   --->   Core 127 'DSP48' <Latency = 3> <II = 1> <Delay = 0.53> <IPBlock> <Opcode : 'mul' 'add' 'sub' 'select'> <InPorts = 0> <OutPorts = 1> <Sync> <CReg>
ST_16 : Operation 2012 [2/3] (0.99ns) (grouped into DSP with root node add_ln61_7)   --->   "%mul_ln61_3 = mul i11 %zext_ln61_6, i11 37" [src/ORB.cpp:61]   --->   Operation 2012 'mul' 'mul_ln61_3' <Predicate = (!tmp)> <Delay = 0.99> <CoreInst = "DSP48">   --->   Core 127 'DSP48' <Latency = 3> <II = 1> <Delay = 0.53> <IPBlock> <Opcode : 'mul' 'add' 'sub' 'select'> <InPorts = 0> <OutPorts = 1> <Sync> <CReg>
ST_16 : Operation 2013 [1/3] (0.00ns) (grouped into DSP with root node ret_V_70)   --->   "%r_V_81 = mul i14 %sext_ln50, i14 %sext_ln1118_18"   --->   Operation 2013 'mul' 'r_V_81' <Predicate = (!tmp)> <Delay = 0.00> <CoreInst = "DSP48">   --->   Core 127 'DSP48' <Latency = 3> <II = 1> <Delay = 0.53> <IPBlock> <Opcode : 'mul' 'add' 'sub' 'select'> <InPorts = 0> <OutPorts = 1> <Sync> <CReg>
ST_16 : Operation 2014 [2/2] (0.64ns) (root node of the DSP)   --->   "%ret_V_70 = sub i14 %r_V_80, i14 %r_V_81"   --->   Operation 2014 'sub' 'ret_V_70' <Predicate = (!tmp)> <Delay = 0.64> <CoreInst = "DSP48">   --->   Core 127 'DSP48' <Latency = 3> <II = 1> <Delay = 0.53> <IPBlock> <Opcode : 'mul' 'add' 'sub' 'select'> <InPorts = 0> <OutPorts = 1> <Sync> <CReg>
ST_16 : Operation 2015 [1/3] (0.00ns) (grouped into DSP with root node ret_V_76)   --->   "%r_V_85 = mul i14 %sext_ln50, i14 %sext_ln1118_20"   --->   Operation 2015 'mul' 'r_V_85' <Predicate = (!tmp)> <Delay = 0.00> <CoreInst = "DSP48">   --->   Core 127 'DSP48' <Latency = 3> <II = 1> <Delay = 0.53> <IPBlock> <Opcode : 'mul' 'add' 'sub' 'select'> <InPorts = 0> <OutPorts = 1> <Sync> <CReg>
ST_16 : Operation 2016 [2/2] (0.64ns) (root node of the DSP)   --->   "%ret_V_76 = sub i14 %r_V_84, i14 %r_V_85"   --->   Operation 2016 'sub' 'ret_V_76' <Predicate = (!tmp)> <Delay = 0.64> <CoreInst = "DSP48">   --->   Core 127 'DSP48' <Latency = 3> <II = 1> <Delay = 0.53> <IPBlock> <Opcode : 'mul' 'add' 'sub' 'select'> <InPorts = 0> <OutPorts = 1> <Sync> <CReg>
ST_16 : Operation 2017 [2/3] (0.99ns) (grouped into DSP with root node add_ln60_9)   --->   "%mul_ln60_4 = mul i11 %zext_ln60_8, i11 37" [src/ORB.cpp:60]   --->   Operation 2017 'mul' 'mul_ln60_4' <Predicate = (!tmp)> <Delay = 0.99> <CoreInst = "DSP48">   --->   Core 127 'DSP48' <Latency = 3> <II = 1> <Delay = 0.53> <IPBlock> <Opcode : 'mul' 'add' 'sub' 'select'> <InPorts = 0> <OutPorts = 1> <Sync> <CReg>
ST_16 : Operation 2018 [2/3] (0.99ns) (grouped into DSP with root node add_ln61_9)   --->   "%mul_ln61_4 = mul i11 %zext_ln61_8, i11 37" [src/ORB.cpp:61]   --->   Operation 2018 'mul' 'mul_ln61_4' <Predicate = (!tmp)> <Delay = 0.99> <CoreInst = "DSP48">   --->   Core 127 'DSP48' <Latency = 3> <II = 1> <Delay = 0.53> <IPBlock> <Opcode : 'mul' 'add' 'sub' 'select'> <InPorts = 0> <OutPorts = 1> <Sync> <CReg>
ST_16 : Operation 2019 [1/3] (0.00ns) (grouped into DSP with root node ret_V_82)   --->   "%r_V_89 = mul i14 %sext_ln50, i14 %sext_ln1118_22"   --->   Operation 2019 'mul' 'r_V_89' <Predicate = (!tmp)> <Delay = 0.00> <CoreInst = "DSP48">   --->   Core 127 'DSP48' <Latency = 3> <II = 1> <Delay = 0.53> <IPBlock> <Opcode : 'mul' 'add' 'sub' 'select'> <InPorts = 0> <OutPorts = 1> <Sync> <CReg>
ST_16 : Operation 2020 [2/2] (0.64ns) (root node of the DSP)   --->   "%ret_V_82 = sub i14 %r_V_88, i14 %r_V_89"   --->   Operation 2020 'sub' 'ret_V_82' <Predicate = (!tmp)> <Delay = 0.64> <CoreInst = "DSP48">   --->   Core 127 'DSP48' <Latency = 3> <II = 1> <Delay = 0.53> <IPBlock> <Opcode : 'mul' 'add' 'sub' 'select'> <InPorts = 0> <OutPorts = 1> <Sync> <CReg>
ST_16 : Operation 2021 [1/3] (0.00ns) (grouped into DSP with root node ret_V_88)   --->   "%r_V_93 = mul i14 %sext_ln50, i14 %sext_ln1118_24"   --->   Operation 2021 'mul' 'r_V_93' <Predicate = (!tmp)> <Delay = 0.00> <CoreInst = "DSP48">   --->   Core 127 'DSP48' <Latency = 3> <II = 1> <Delay = 0.53> <IPBlock> <Opcode : 'mul' 'add' 'sub' 'select'> <InPorts = 0> <OutPorts = 1> <Sync> <CReg>
ST_16 : Operation 2022 [2/2] (0.64ns) (root node of the DSP)   --->   "%ret_V_88 = sub i14 %r_V_92, i14 %r_V_93"   --->   Operation 2022 'sub' 'ret_V_88' <Predicate = (!tmp)> <Delay = 0.64> <CoreInst = "DSP48">   --->   Core 127 'DSP48' <Latency = 3> <II = 1> <Delay = 0.53> <IPBlock> <Opcode : 'mul' 'add' 'sub' 'select'> <InPorts = 0> <OutPorts = 1> <Sync> <CReg>
ST_16 : Operation 2023 [2/3] (0.99ns) (grouped into DSP with root node add_ln60_11)   --->   "%mul_ln60_5 = mul i11 %zext_ln60_10, i11 37" [src/ORB.cpp:60]   --->   Operation 2023 'mul' 'mul_ln60_5' <Predicate = (!tmp)> <Delay = 0.99> <CoreInst = "DSP48">   --->   Core 127 'DSP48' <Latency = 3> <II = 1> <Delay = 0.53> <IPBlock> <Opcode : 'mul' 'add' 'sub' 'select'> <InPorts = 0> <OutPorts = 1> <Sync> <CReg>
ST_16 : Operation 2024 [2/3] (0.99ns) (grouped into DSP with root node add_ln61_11)   --->   "%mul_ln61_5 = mul i11 %zext_ln61_10, i11 37" [src/ORB.cpp:61]   --->   Operation 2024 'mul' 'mul_ln61_5' <Predicate = (!tmp)> <Delay = 0.99> <CoreInst = "DSP48">   --->   Core 127 'DSP48' <Latency = 3> <II = 1> <Delay = 0.53> <IPBlock> <Opcode : 'mul' 'add' 'sub' 'select'> <InPorts = 0> <OutPorts = 1> <Sync> <CReg>
ST_16 : Operation 2025 [1/3] (0.00ns) (grouped into DSP with root node ret_V_94)   --->   "%r_V_97 = mul i14 %sext_ln50, i14 %sext_ln1118_26"   --->   Operation 2025 'mul' 'r_V_97' <Predicate = (!tmp)> <Delay = 0.00> <CoreInst = "DSP48">   --->   Core 127 'DSP48' <Latency = 3> <II = 1> <Delay = 0.53> <IPBlock> <Opcode : 'mul' 'add' 'sub' 'select'> <InPorts = 0> <OutPorts = 1> <Sync> <CReg>
ST_16 : Operation 2026 [2/2] (0.64ns) (root node of the DSP)   --->   "%ret_V_94 = sub i14 %r_V_96, i14 %r_V_97"   --->   Operation 2026 'sub' 'ret_V_94' <Predicate = (!tmp)> <Delay = 0.64> <CoreInst = "DSP48">   --->   Core 127 'DSP48' <Latency = 3> <II = 1> <Delay = 0.53> <IPBlock> <Opcode : 'mul' 'add' 'sub' 'select'> <InPorts = 0> <OutPorts = 1> <Sync> <CReg>
ST_16 : Operation 2027 [1/3] (0.00ns) (grouped into DSP with root node ret_V_100)   --->   "%r_V_101 = mul i14 %sext_ln50, i14 %sext_ln1118_28"   --->   Operation 2027 'mul' 'r_V_101' <Predicate = (!tmp)> <Delay = 0.00> <CoreInst = "DSP48">   --->   Core 127 'DSP48' <Latency = 3> <II = 1> <Delay = 0.53> <IPBlock> <Opcode : 'mul' 'add' 'sub' 'select'> <InPorts = 0> <OutPorts = 1> <Sync> <CReg>
ST_16 : Operation 2028 [2/2] (0.64ns) (root node of the DSP)   --->   "%ret_V_100 = sub i14 %r_V_100, i14 %r_V_101"   --->   Operation 2028 'sub' 'ret_V_100' <Predicate = (!tmp)> <Delay = 0.64> <CoreInst = "DSP48">   --->   Core 127 'DSP48' <Latency = 3> <II = 1> <Delay = 0.53> <IPBlock> <Opcode : 'mul' 'add' 'sub' 'select'> <InPorts = 0> <OutPorts = 1> <Sync> <CReg>
ST_16 : Operation 2029 [2/3] (0.99ns) (grouped into DSP with root node add_ln60_13)   --->   "%mul_ln60_6 = mul i11 %zext_ln60_12, i11 37" [src/ORB.cpp:60]   --->   Operation 2029 'mul' 'mul_ln60_6' <Predicate = (!tmp)> <Delay = 0.99> <CoreInst = "DSP48">   --->   Core 127 'DSP48' <Latency = 3> <II = 1> <Delay = 0.53> <IPBlock> <Opcode : 'mul' 'add' 'sub' 'select'> <InPorts = 0> <OutPorts = 1> <Sync> <CReg>
ST_16 : Operation 2030 [2/3] (0.99ns) (grouped into DSP with root node add_ln61_13)   --->   "%mul_ln61_6 = mul i11 %zext_ln61_12, i11 37" [src/ORB.cpp:61]   --->   Operation 2030 'mul' 'mul_ln61_6' <Predicate = (!tmp)> <Delay = 0.99> <CoreInst = "DSP48">   --->   Core 127 'DSP48' <Latency = 3> <II = 1> <Delay = 0.53> <IPBlock> <Opcode : 'mul' 'add' 'sub' 'select'> <InPorts = 0> <OutPorts = 1> <Sync> <CReg>
ST_16 : Operation 2031 [1/3] (0.00ns) (grouped into DSP with root node ret_V_106)   --->   "%r_V_105 = mul i14 %sext_ln50, i14 %sext_ln1118_30"   --->   Operation 2031 'mul' 'r_V_105' <Predicate = (!tmp)> <Delay = 0.00> <CoreInst = "DSP48">   --->   Core 127 'DSP48' <Latency = 3> <II = 1> <Delay = 0.53> <IPBlock> <Opcode : 'mul' 'add' 'sub' 'select'> <InPorts = 0> <OutPorts = 1> <Sync> <CReg>
ST_16 : Operation 2032 [2/2] (0.64ns) (root node of the DSP)   --->   "%ret_V_106 = sub i14 %r_V_104, i14 %r_V_105"   --->   Operation 2032 'sub' 'ret_V_106' <Predicate = (!tmp)> <Delay = 0.64> <CoreInst = "DSP48">   --->   Core 127 'DSP48' <Latency = 3> <II = 1> <Delay = 0.53> <IPBlock> <Opcode : 'mul' 'add' 'sub' 'select'> <InPorts = 0> <OutPorts = 1> <Sync> <CReg>
ST_16 : Operation 2033 [1/3] (0.00ns) (grouped into DSP with root node ret_V_112)   --->   "%r_V_109 = mul i14 %sext_ln50, i14 %sext_ln1118_32"   --->   Operation 2033 'mul' 'r_V_109' <Predicate = (!tmp)> <Delay = 0.00> <CoreInst = "DSP48">   --->   Core 127 'DSP48' <Latency = 3> <II = 1> <Delay = 0.53> <IPBlock> <Opcode : 'mul' 'add' 'sub' 'select'> <InPorts = 0> <OutPorts = 1> <Sync> <CReg>
ST_16 : Operation 2034 [2/2] (0.64ns) (root node of the DSP)   --->   "%ret_V_112 = sub i14 %r_V_108, i14 %r_V_109"   --->   Operation 2034 'sub' 'ret_V_112' <Predicate = (!tmp)> <Delay = 0.64> <CoreInst = "DSP48">   --->   Core 127 'DSP48' <Latency = 3> <II = 1> <Delay = 0.53> <IPBlock> <Opcode : 'mul' 'add' 'sub' 'select'> <InPorts = 0> <OutPorts = 1> <Sync> <CReg>
ST_16 : Operation 2035 [2/3] (0.99ns) (grouped into DSP with root node add_ln60_15)   --->   "%mul_ln60_7 = mul i11 %zext_ln60_14, i11 37" [src/ORB.cpp:60]   --->   Operation 2035 'mul' 'mul_ln60_7' <Predicate = (!tmp)> <Delay = 0.99> <CoreInst = "DSP48">   --->   Core 127 'DSP48' <Latency = 3> <II = 1> <Delay = 0.53> <IPBlock> <Opcode : 'mul' 'add' 'sub' 'select'> <InPorts = 0> <OutPorts = 1> <Sync> <CReg>
ST_16 : Operation 2036 [2/3] (0.99ns) (grouped into DSP with root node add_ln61_15)   --->   "%mul_ln61_7 = mul i11 %zext_ln61_14, i11 37" [src/ORB.cpp:61]   --->   Operation 2036 'mul' 'mul_ln61_7' <Predicate = (!tmp)> <Delay = 0.99> <CoreInst = "DSP48">   --->   Core 127 'DSP48' <Latency = 3> <II = 1> <Delay = 0.53> <IPBlock> <Opcode : 'mul' 'add' 'sub' 'select'> <InPorts = 0> <OutPorts = 1> <Sync> <CReg>

State 17 <SV = 15> <Delay = 5.78>
ST_17 : Operation 2037 [1/1] (0.00ns)   --->   "%p_Val2_9 = phi i256 %p_read1370, void %generic_sincos<10, 3>.exit, i256 %p_Result_58, void %_ZmlILi9ELi2ELb1EL9ap_q_mode5EL9ap_o_mode3ELi0ELi6ELb1EEN13ap_fixed_baseIXT5_EXT5_EXT6_ELS0_5ELS1_3ELi0EE5RTypeIXT_EXT0_EXT1_EE4multERK11ap_int_baseIXT5_EXT6_EERKS2_IXT_EXT0_EXT1_EXT2_EXT3_EXT4_EE.exit170.split_ifconv"   --->   Operation 2037 'phi' 'p_Val2_9' <Predicate = true> <Delay = 0.00>
ST_17 : Operation 2038 [1/1] (0.00ns)   --->   "%specpipeline_ln0 = specpipeline void @_ssdm_op_SpecPipeline, i32 4294967295, i32 0, i32 1, i32 0, void @p_str26"   --->   Operation 2038 'specpipeline' 'specpipeline_ln0' <Predicate = true> <Delay = 0.00>
ST_17 : Operation 2039 [1/1] (0.00ns)   --->   "%speclooptripcount_ln0 = speclooptripcount void @_ssdm_op_SpecLoopTripCount, i64 32, i64 32, i64 32"   --->   Operation 2039 'speclooptripcount' 'speclooptripcount_ln0' <Predicate = true> <Delay = 0.00>
ST_17 : Operation 2040 [1/2] (0.64ns) (root node of the DSP)   --->   "%ret_V = sub i14 %r_V_48, i14 %r_V_49"   --->   Operation 2040 'sub' 'ret_V' <Predicate = (!tmp)> <Delay = 0.64> <CoreInst = "DSP48">   --->   Core 127 'DSP48' <Latency = 3> <II = 1> <Delay = 0.53> <IPBlock> <Opcode : 'mul' 'add' 'sub' 'select'> <InPorts = 0> <OutPorts = 1> <Sync> <CReg>
ST_17 : Operation 2041 [1/1] (2.89ns)   --->   "%p_Val2_s = call i16 @round_fixed<16, 9>, i14 %ret_V" [C:/Xilinx/Vitis_HLS/2020.2/common/technology/autopilot\hls_math.h:2171->src/ORB.cpp:56]   --->   Operation 2041 'call' 'p_Val2_s' <Predicate = (!tmp)> <Delay = 2.89> <CoreType = "Generic">   --->   Core 0 '' <Latency = 0> <II = 1> <Delay = 1.00> <Generic> <Opcode : >
ST_17 : Operation 2042 [1/1] (0.00ns)   --->   "%trunc_ln = partselect i6 @_ssdm_op_PartSelect.i6.i16.i32.i32, i16 %p_Val2_s, i32 7, i32 12"   --->   Operation 2042 'partselect' 'trunc_ln' <Predicate = (!tmp)> <Delay = 0.00>
ST_17 : Operation 2043 [1/1] (0.00ns) (grouped into LUT with out node add_ln60_1)   --->   "%p_Result_s = bitselect i1 @_ssdm_op_BitSelect.i1.i16.i32, i16 %p_Val2_s, i32 15"   --->   Operation 2043 'bitselect' 'p_Result_s' <Predicate = (!tmp)> <Delay = 0.00>
ST_17 : Operation 2044 [1/1] (0.00ns)   --->   "%trunc_ln851 = trunc i16 %p_Val2_s"   --->   Operation 2044 'trunc' 'trunc_ln851' <Predicate = (!tmp)> <Delay = 0.00>
ST_17 : Operation 2045 [1/1] (0.81ns)   --->   "%icmp_ln851 = icmp_eq  i7 %trunc_ln851, i7 0"   --->   Operation 2045 'icmp' 'icmp_ln851' <Predicate = (!tmp)> <Delay = 0.81> <CoreInst = "Cmp">   --->   Core 9 'Cmp' <Latency = 0> <II = 1> <Delay = 0.44> <FuncUnit> <Opcode : 'icmp'> <InPorts = 2> <OutPorts = 1>
ST_17 : Operation 2046 [1/1] (0.78ns)   --->   "%ret_V_23 = add i6 %trunc_ln, i6 1"   --->   Operation 2046 'add' 'ret_V_23' <Predicate = (!tmp)> <Delay = 0.78> <CoreInst = "Adder">   --->   Core 1 'Adder' <Latency = 0> <II = 1> <Delay = 0.77> <FuncUnit> <Opcode : 'add' 'sub'> <InPorts = 2> <OutPorts = 1>
ST_17 : Operation 2047 [1/1] (0.00ns) (grouped into LUT with out node add_ln60_1)   --->   "%select_ln850 = select i1 %icmp_ln851, i6 %trunc_ln, i6 %ret_V_23"   --->   Operation 2047 'select' 'select_ln850' <Predicate = (!tmp)> <Delay = 0.00> <CoreInst = "Sel">   --->   Core 73 'Sel' <Latency = 0> <II = 1> <Delay = 0.39> <FuncUnit> <Opcode : 'select'> <InPorts = 3> <OutPorts = 1>
ST_17 : Operation 2048 [1/1] (0.00ns) (grouped into LUT with out node add_ln60_1)   --->   "%ret_V_118 = select i1 %p_Result_s, i6 %select_ln850, i6 %trunc_ln"   --->   Operation 2048 'select' 'ret_V_118' <Predicate = (!tmp)> <Delay = 0.00> <CoreInst = "Sel">   --->   Core 73 'Sel' <Latency = 0> <II = 1> <Delay = 0.39> <FuncUnit> <Opcode : 'select'> <InPorts = 3> <OutPorts = 1>
ST_17 : Operation 2049 [1/2] (0.64ns) (root node of the DSP)   --->   "%ret_V_28 = sub i14 %r_V_52, i14 %r_V_53"   --->   Operation 2049 'sub' 'ret_V_28' <Predicate = (!tmp)> <Delay = 0.64> <CoreInst = "DSP48">   --->   Core 127 'DSP48' <Latency = 3> <II = 1> <Delay = 0.53> <IPBlock> <Opcode : 'mul' 'add' 'sub' 'select'> <InPorts = 0> <OutPorts = 1> <Sync> <CReg>
ST_17 : Operation 2050 [1/1] (2.89ns)   --->   "%p_Val2_7 = call i16 @round_fixed<16, 9>, i14 %ret_V_28" [C:/Xilinx/Vitis_HLS/2020.2/common/technology/autopilot\hls_math.h:2171->src/ORB.cpp:58]   --->   Operation 2050 'call' 'p_Val2_7' <Predicate = (!tmp)> <Delay = 2.89> <CoreType = "Generic">   --->   Core 0 '' <Latency = 0> <II = 1> <Delay = 1.00> <Generic> <Opcode : >
ST_17 : Operation 2051 [1/1] (0.00ns)   --->   "%trunc_ln831_4 = partselect i6 @_ssdm_op_PartSelect.i6.i16.i32.i32, i16 %p_Val2_7, i32 7, i32 12"   --->   Operation 2051 'partselect' 'trunc_ln831_4' <Predicate = (!tmp)> <Delay = 0.00>
ST_17 : Operation 2052 [1/1] (0.00ns) (grouped into LUT with out node add_ln61_1)   --->   "%p_Result_12 = bitselect i1 @_ssdm_op_BitSelect.i1.i16.i32, i16 %p_Val2_7, i32 15"   --->   Operation 2052 'bitselect' 'p_Result_12' <Predicate = (!tmp)> <Delay = 0.00>
ST_17 : Operation 2053 [1/1] (0.00ns)   --->   "%trunc_ln851_4 = trunc i16 %p_Val2_7"   --->   Operation 2053 'trunc' 'trunc_ln851_4' <Predicate = (!tmp)> <Delay = 0.00>
ST_17 : Operation 2054 [1/1] (0.81ns)   --->   "%icmp_ln851_5 = icmp_eq  i7 %trunc_ln851_4, i7 0"   --->   Operation 2054 'icmp' 'icmp_ln851_5' <Predicate = (!tmp)> <Delay = 0.81> <CoreInst = "Cmp">   --->   Core 9 'Cmp' <Latency = 0> <II = 1> <Delay = 0.44> <FuncUnit> <Opcode : 'icmp'> <InPorts = 2> <OutPorts = 1>
ST_17 : Operation 2055 [1/1] (0.78ns)   --->   "%ret_V_29 = add i6 %trunc_ln831_4, i6 1"   --->   Operation 2055 'add' 'ret_V_29' <Predicate = (!tmp)> <Delay = 0.78> <CoreInst = "Adder">   --->   Core 1 'Adder' <Latency = 0> <II = 1> <Delay = 0.77> <FuncUnit> <Opcode : 'add' 'sub'> <InPorts = 2> <OutPorts = 1>
ST_17 : Operation 2056 [1/1] (0.00ns) (grouped into LUT with out node add_ln61_1)   --->   "%select_ln850_5 = select i1 %icmp_ln851_5, i6 %trunc_ln831_4, i6 %ret_V_29"   --->   Operation 2056 'select' 'select_ln850_5' <Predicate = (!tmp)> <Delay = 0.00> <CoreInst = "Sel">   --->   Core 73 'Sel' <Latency = 0> <II = 1> <Delay = 0.39> <FuncUnit> <Opcode : 'select'> <InPorts = 3> <OutPorts = 1>
ST_17 : Operation 2057 [1/1] (0.00ns) (grouped into LUT with out node add_ln61_1)   --->   "%ret_V_120 = select i1 %p_Result_12, i6 %select_ln850_5, i6 %trunc_ln831_4"   --->   Operation 2057 'select' 'ret_V_120' <Predicate = (!tmp)> <Delay = 0.00> <CoreInst = "Sel">   --->   Core 73 'Sel' <Latency = 0> <II = 1> <Delay = 0.39> <FuncUnit> <Opcode : 'select'> <InPorts = 3> <OutPorts = 1>
ST_17 : Operation 2058 [1/1] (0.78ns) (out node of the LUT)   --->   "%add_ln60_1 = add i6 %ret_V_118, i6 18" [src/ORB.cpp:60]   --->   Operation 2058 'add' 'add_ln60_1' <Predicate = (!tmp)> <Delay = 0.78> <CoreInst = "Adder">   --->   Core 1 'Adder' <Latency = 0> <II = 1> <Delay = 0.77> <FuncUnit> <Opcode : 'add' 'sub'> <InPorts = 2> <OutPorts = 1>
ST_17 : Operation 2059 [1/3] (0.00ns) (grouped into DSP with root node add_ln60)   --->   "%mul_ln60 = mul i11 %zext_ln60, i11 37" [src/ORB.cpp:60]   --->   Operation 2059 'mul' 'mul_ln60' <Predicate = (!tmp)> <Delay = 0.00> <CoreInst = "DSP48">   --->   Core 127 'DSP48' <Latency = 3> <II = 1> <Delay = 0.53> <IPBlock> <Opcode : 'mul' 'add' 'sub' 'select'> <InPorts = 0> <OutPorts = 1> <Sync> <CReg>
ST_17 : Operation 2060 [1/1] (0.00ns)   --->   "%zext_ln60_1 = zext i6 %add_ln60_1" [src/ORB.cpp:60]   --->   Operation 2060 'zext' 'zext_ln60_1' <Predicate = (!tmp)> <Delay = 0.00>
ST_17 : Operation 2061 [2/2] (0.64ns) (root node of the DSP)   --->   "%add_ln60 = add i11 %mul_ln60, i11 %zext_ln60_1" [src/ORB.cpp:60]   --->   Operation 2061 'add' 'add_ln60' <Predicate = (!tmp)> <Delay = 0.64> <CoreInst = "DSP48">   --->   Core 127 'DSP48' <Latency = 3> <II = 1> <Delay = 0.53> <IPBlock> <Opcode : 'mul' 'add' 'sub' 'select'> <InPorts = 0> <OutPorts = 1> <Sync> <CReg>
ST_17 : Operation 2062 [1/1] (0.78ns) (out node of the LUT)   --->   "%add_ln61_1 = add i6 %ret_V_120, i6 18" [src/ORB.cpp:61]   --->   Operation 2062 'add' 'add_ln61_1' <Predicate = (!tmp)> <Delay = 0.78> <CoreInst = "Adder">   --->   Core 1 'Adder' <Latency = 0> <II = 1> <Delay = 0.77> <FuncUnit> <Opcode : 'add' 'sub'> <InPorts = 2> <OutPorts = 1>
ST_17 : Operation 2063 [1/3] (0.00ns) (grouped into DSP with root node add_ln61)   --->   "%mul_ln61 = mul i11 %zext_ln61, i11 37" [src/ORB.cpp:61]   --->   Operation 2063 'mul' 'mul_ln61' <Predicate = (!tmp)> <Delay = 0.00> <CoreInst = "DSP48">   --->   Core 127 'DSP48' <Latency = 3> <II = 1> <Delay = 0.53> <IPBlock> <Opcode : 'mul' 'add' 'sub' 'select'> <InPorts = 0> <OutPorts = 1> <Sync> <CReg>
ST_17 : Operation 2064 [1/1] (0.00ns)   --->   "%zext_ln61_1 = zext i6 %add_ln61_1" [src/ORB.cpp:61]   --->   Operation 2064 'zext' 'zext_ln61_1' <Predicate = (!tmp)> <Delay = 0.00>
ST_17 : Operation 2065 [2/2] (0.64ns) (root node of the DSP)   --->   "%add_ln61 = add i11 %mul_ln61, i11 %zext_ln61_1" [src/ORB.cpp:61]   --->   Operation 2065 'add' 'add_ln61' <Predicate = (!tmp)> <Delay = 0.64> <CoreInst = "DSP48">   --->   Core 127 'DSP48' <Latency = 3> <II = 1> <Delay = 0.53> <IPBlock> <Opcode : 'mul' 'add' 'sub' 'select'> <InPorts = 0> <OutPorts = 1> <Sync> <CReg>
ST_17 : Operation 2066 [1/2] (0.64ns) (root node of the DSP)   --->   "%ret_V_34 = sub i14 %r_V_56, i14 %r_V_57"   --->   Operation 2066 'sub' 'ret_V_34' <Predicate = (!tmp)> <Delay = 0.64> <CoreInst = "DSP48">   --->   Core 127 'DSP48' <Latency = 3> <II = 1> <Delay = 0.53> <IPBlock> <Opcode : 'mul' 'add' 'sub' 'select'> <InPorts = 0> <OutPorts = 1> <Sync> <CReg>
ST_17 : Operation 2067 [1/1] (2.89ns)   --->   "%p_Val2_11 = call i16 @round_fixed<16, 9>, i14 %ret_V_34" [C:/Xilinx/Vitis_HLS/2020.2/common/technology/autopilot\hls_math.h:2171->src/ORB.cpp:56]   --->   Operation 2067 'call' 'p_Val2_11' <Predicate = (!tmp)> <Delay = 2.89> <CoreType = "Generic">   --->   Core 0 '' <Latency = 0> <II = 1> <Delay = 1.00> <Generic> <Opcode : >
ST_17 : Operation 2068 [1/1] (0.00ns)   --->   "%trunc_ln831_6 = partselect i6 @_ssdm_op_PartSelect.i6.i16.i32.i32, i16 %p_Val2_11, i32 7, i32 12"   --->   Operation 2068 'partselect' 'trunc_ln831_6' <Predicate = (!tmp)> <Delay = 0.00>
ST_17 : Operation 2069 [1/1] (0.00ns) (grouped into LUT with out node add_ln60_2)   --->   "%p_Result_15 = bitselect i1 @_ssdm_op_BitSelect.i1.i16.i32, i16 %p_Val2_11, i32 15"   --->   Operation 2069 'bitselect' 'p_Result_15' <Predicate = (!tmp)> <Delay = 0.00>
ST_17 : Operation 2070 [1/1] (0.00ns)   --->   "%trunc_ln851_6 = trunc i16 %p_Val2_11"   --->   Operation 2070 'trunc' 'trunc_ln851_6' <Predicate = (!tmp)> <Delay = 0.00>
ST_17 : Operation 2071 [1/1] (0.81ns)   --->   "%icmp_ln851_7 = icmp_eq  i7 %trunc_ln851_6, i7 0"   --->   Operation 2071 'icmp' 'icmp_ln851_7' <Predicate = (!tmp)> <Delay = 0.81> <CoreInst = "Cmp">   --->   Core 9 'Cmp' <Latency = 0> <II = 1> <Delay = 0.44> <FuncUnit> <Opcode : 'icmp'> <InPorts = 2> <OutPorts = 1>
ST_17 : Operation 2072 [1/1] (0.78ns)   --->   "%ret_V_35 = add i6 %trunc_ln831_6, i6 1"   --->   Operation 2072 'add' 'ret_V_35' <Predicate = (!tmp)> <Delay = 0.78> <CoreInst = "Adder">   --->   Core 1 'Adder' <Latency = 0> <II = 1> <Delay = 0.77> <FuncUnit> <Opcode : 'add' 'sub'> <InPorts = 2> <OutPorts = 1>
ST_17 : Operation 2073 [1/1] (0.00ns) (grouped into LUT with out node add_ln60_2)   --->   "%select_ln850_7 = select i1 %icmp_ln851_7, i6 %trunc_ln831_6, i6 %ret_V_35"   --->   Operation 2073 'select' 'select_ln850_7' <Predicate = (!tmp)> <Delay = 0.00> <CoreInst = "Sel">   --->   Core 73 'Sel' <Latency = 0> <II = 1> <Delay = 0.39> <FuncUnit> <Opcode : 'select'> <InPorts = 3> <OutPorts = 1>
ST_17 : Operation 2074 [1/1] (0.00ns) (grouped into LUT with out node add_ln60_2)   --->   "%ret_V_122 = select i1 %p_Result_15, i6 %select_ln850_7, i6 %trunc_ln831_6"   --->   Operation 2074 'select' 'ret_V_122' <Predicate = (!tmp)> <Delay = 0.00> <CoreInst = "Sel">   --->   Core 73 'Sel' <Latency = 0> <II = 1> <Delay = 0.39> <FuncUnit> <Opcode : 'select'> <InPorts = 3> <OutPorts = 1>
ST_17 : Operation 2075 [1/2] (0.64ns) (root node of the DSP)   --->   "%ret_V_40 = sub i14 %r_V_60, i14 %r_V_61"   --->   Operation 2075 'sub' 'ret_V_40' <Predicate = (!tmp)> <Delay = 0.64> <CoreInst = "DSP48">   --->   Core 127 'DSP48' <Latency = 3> <II = 1> <Delay = 0.53> <IPBlock> <Opcode : 'mul' 'add' 'sub' 'select'> <InPorts = 0> <OutPorts = 1> <Sync> <CReg>
ST_17 : Operation 2076 [1/1] (2.89ns)   --->   "%p_Val2_13 = call i16 @round_fixed<16, 9>, i14 %ret_V_40" [C:/Xilinx/Vitis_HLS/2020.2/common/technology/autopilot\hls_math.h:2171->src/ORB.cpp:58]   --->   Operation 2076 'call' 'p_Val2_13' <Predicate = (!tmp)> <Delay = 2.89> <CoreType = "Generic">   --->   Core 0 '' <Latency = 0> <II = 1> <Delay = 1.00> <Generic> <Opcode : >
ST_17 : Operation 2077 [1/1] (0.00ns)   --->   "%trunc_ln831_8 = partselect i6 @_ssdm_op_PartSelect.i6.i16.i32.i32, i16 %p_Val2_13, i32 7, i32 12"   --->   Operation 2077 'partselect' 'trunc_ln831_8' <Predicate = (!tmp)> <Delay = 0.00>
ST_17 : Operation 2078 [1/1] (0.00ns) (grouped into LUT with out node add_ln61_2)   --->   "%p_Result_17 = bitselect i1 @_ssdm_op_BitSelect.i1.i16.i32, i16 %p_Val2_13, i32 15"   --->   Operation 2078 'bitselect' 'p_Result_17' <Predicate = (!tmp)> <Delay = 0.00>
ST_17 : Operation 2079 [1/1] (0.00ns)   --->   "%trunc_ln851_8 = trunc i16 %p_Val2_13"   --->   Operation 2079 'trunc' 'trunc_ln851_8' <Predicate = (!tmp)> <Delay = 0.00>
ST_17 : Operation 2080 [1/1] (0.81ns)   --->   "%icmp_ln851_9 = icmp_eq  i7 %trunc_ln851_8, i7 0"   --->   Operation 2080 'icmp' 'icmp_ln851_9' <Predicate = (!tmp)> <Delay = 0.81> <CoreInst = "Cmp">   --->   Core 9 'Cmp' <Latency = 0> <II = 1> <Delay = 0.44> <FuncUnit> <Opcode : 'icmp'> <InPorts = 2> <OutPorts = 1>
ST_17 : Operation 2081 [1/1] (0.78ns)   --->   "%ret_V_41 = add i6 %trunc_ln831_8, i6 1"   --->   Operation 2081 'add' 'ret_V_41' <Predicate = (!tmp)> <Delay = 0.78> <CoreInst = "Adder">   --->   Core 1 'Adder' <Latency = 0> <II = 1> <Delay = 0.77> <FuncUnit> <Opcode : 'add' 'sub'> <InPorts = 2> <OutPorts = 1>
ST_17 : Operation 2082 [1/1] (0.00ns) (grouped into LUT with out node add_ln61_2)   --->   "%select_ln850_9 = select i1 %icmp_ln851_9, i6 %trunc_ln831_8, i6 %ret_V_41"   --->   Operation 2082 'select' 'select_ln850_9' <Predicate = (!tmp)> <Delay = 0.00> <CoreInst = "Sel">   --->   Core 73 'Sel' <Latency = 0> <II = 1> <Delay = 0.39> <FuncUnit> <Opcode : 'select'> <InPorts = 3> <OutPorts = 1>
ST_17 : Operation 2083 [1/1] (0.00ns) (grouped into LUT with out node add_ln61_2)   --->   "%ret_V_124 = select i1 %p_Result_17, i6 %select_ln850_9, i6 %trunc_ln831_8"   --->   Operation 2083 'select' 'ret_V_124' <Predicate = (!tmp)> <Delay = 0.00> <CoreInst = "Sel">   --->   Core 73 'Sel' <Latency = 0> <II = 1> <Delay = 0.39> <FuncUnit> <Opcode : 'select'> <InPorts = 3> <OutPorts = 1>
ST_17 : Operation 2084 [1/1] (0.78ns) (out node of the LUT)   --->   "%add_ln60_2 = add i6 %ret_V_122, i6 18" [src/ORB.cpp:60]   --->   Operation 2084 'add' 'add_ln60_2' <Predicate = (!tmp)> <Delay = 0.78> <CoreInst = "Adder">   --->   Core 1 'Adder' <Latency = 0> <II = 1> <Delay = 0.77> <FuncUnit> <Opcode : 'add' 'sub'> <InPorts = 2> <OutPorts = 1>
ST_17 : Operation 2085 [1/3] (0.00ns) (grouped into DSP with root node add_ln60_3)   --->   "%mul_ln60_1 = mul i11 %zext_ln60_2, i11 37" [src/ORB.cpp:60]   --->   Operation 2085 'mul' 'mul_ln60_1' <Predicate = (!tmp)> <Delay = 0.00> <CoreInst = "DSP48">   --->   Core 127 'DSP48' <Latency = 3> <II = 1> <Delay = 0.53> <IPBlock> <Opcode : 'mul' 'add' 'sub' 'select'> <InPorts = 0> <OutPorts = 1> <Sync> <CReg>
ST_17 : Operation 2086 [1/1] (0.00ns)   --->   "%zext_ln60_3 = zext i6 %add_ln60_2" [src/ORB.cpp:60]   --->   Operation 2086 'zext' 'zext_ln60_3' <Predicate = (!tmp)> <Delay = 0.00>
ST_17 : Operation 2087 [2/2] (0.64ns) (root node of the DSP)   --->   "%add_ln60_3 = add i11 %mul_ln60_1, i11 %zext_ln60_3" [src/ORB.cpp:60]   --->   Operation 2087 'add' 'add_ln60_3' <Predicate = (!tmp)> <Delay = 0.64> <CoreInst = "DSP48">   --->   Core 127 'DSP48' <Latency = 3> <II = 1> <Delay = 0.53> <IPBlock> <Opcode : 'mul' 'add' 'sub' 'select'> <InPorts = 0> <OutPorts = 1> <Sync> <CReg>
ST_17 : Operation 2088 [1/1] (0.78ns) (out node of the LUT)   --->   "%add_ln61_2 = add i6 %ret_V_124, i6 18" [src/ORB.cpp:61]   --->   Operation 2088 'add' 'add_ln61_2' <Predicate = (!tmp)> <Delay = 0.78> <CoreInst = "Adder">   --->   Core 1 'Adder' <Latency = 0> <II = 1> <Delay = 0.77> <FuncUnit> <Opcode : 'add' 'sub'> <InPorts = 2> <OutPorts = 1>
ST_17 : Operation 2089 [1/3] (0.00ns) (grouped into DSP with root node add_ln61_3)   --->   "%mul_ln61_1 = mul i11 %zext_ln61_2, i11 37" [src/ORB.cpp:61]   --->   Operation 2089 'mul' 'mul_ln61_1' <Predicate = (!tmp)> <Delay = 0.00> <CoreInst = "DSP48">   --->   Core 127 'DSP48' <Latency = 3> <II = 1> <Delay = 0.53> <IPBlock> <Opcode : 'mul' 'add' 'sub' 'select'> <InPorts = 0> <OutPorts = 1> <Sync> <CReg>
ST_17 : Operation 2090 [1/1] (0.00ns)   --->   "%zext_ln61_3 = zext i6 %add_ln61_2" [src/ORB.cpp:61]   --->   Operation 2090 'zext' 'zext_ln61_3' <Predicate = (!tmp)> <Delay = 0.00>
ST_17 : Operation 2091 [2/2] (0.64ns) (root node of the DSP)   --->   "%add_ln61_3 = add i11 %mul_ln61_1, i11 %zext_ln61_3" [src/ORB.cpp:61]   --->   Operation 2091 'add' 'add_ln61_3' <Predicate = (!tmp)> <Delay = 0.64> <CoreInst = "DSP48">   --->   Core 127 'DSP48' <Latency = 3> <II = 1> <Delay = 0.53> <IPBlock> <Opcode : 'mul' 'add' 'sub' 'select'> <InPorts = 0> <OutPorts = 1> <Sync> <CReg>
ST_17 : Operation 2092 [1/2] (0.64ns) (root node of the DSP)   --->   "%ret_V_46 = sub i14 %r_V_64, i14 %r_V_65"   --->   Operation 2092 'sub' 'ret_V_46' <Predicate = (!tmp)> <Delay = 0.64> <CoreInst = "DSP48">   --->   Core 127 'DSP48' <Latency = 3> <II = 1> <Delay = 0.53> <IPBlock> <Opcode : 'mul' 'add' 'sub' 'select'> <InPorts = 0> <OutPorts = 1> <Sync> <CReg>
ST_17 : Operation 2093 [1/1] (2.89ns)   --->   "%p_Val2_16 = call i16 @round_fixed<16, 9>, i14 %ret_V_46" [C:/Xilinx/Vitis_HLS/2020.2/common/technology/autopilot\hls_math.h:2171->src/ORB.cpp:56]   --->   Operation 2093 'call' 'p_Val2_16' <Predicate = (!tmp)> <Delay = 2.89> <CoreType = "Generic">   --->   Core 0 '' <Latency = 0> <II = 1> <Delay = 1.00> <Generic> <Opcode : >
ST_17 : Operation 2094 [1/1] (0.00ns)   --->   "%trunc_ln831_s = partselect i6 @_ssdm_op_PartSelect.i6.i16.i32.i32, i16 %p_Val2_16, i32 7, i32 12"   --->   Operation 2094 'partselect' 'trunc_ln831_s' <Predicate = (!tmp)> <Delay = 0.00>
ST_17 : Operation 2095 [1/1] (0.00ns) (grouped into LUT with out node add_ln60_4)   --->   "%p_Result_20 = bitselect i1 @_ssdm_op_BitSelect.i1.i16.i32, i16 %p_Val2_16, i32 15"   --->   Operation 2095 'bitselect' 'p_Result_20' <Predicate = (!tmp)> <Delay = 0.00>
ST_17 : Operation 2096 [1/1] (0.00ns)   --->   "%trunc_ln851_10 = trunc i16 %p_Val2_16"   --->   Operation 2096 'trunc' 'trunc_ln851_10' <Predicate = (!tmp)> <Delay = 0.00>
ST_17 : Operation 2097 [1/1] (0.81ns)   --->   "%icmp_ln851_11 = icmp_eq  i7 %trunc_ln851_10, i7 0"   --->   Operation 2097 'icmp' 'icmp_ln851_11' <Predicate = (!tmp)> <Delay = 0.81> <CoreInst = "Cmp">   --->   Core 9 'Cmp' <Latency = 0> <II = 1> <Delay = 0.44> <FuncUnit> <Opcode : 'icmp'> <InPorts = 2> <OutPorts = 1>
ST_17 : Operation 2098 [1/1] (0.78ns)   --->   "%ret_V_47 = add i6 %trunc_ln831_s, i6 1"   --->   Operation 2098 'add' 'ret_V_47' <Predicate = (!tmp)> <Delay = 0.78> <CoreInst = "Adder">   --->   Core 1 'Adder' <Latency = 0> <II = 1> <Delay = 0.77> <FuncUnit> <Opcode : 'add' 'sub'> <InPorts = 2> <OutPorts = 1>
ST_17 : Operation 2099 [1/1] (0.00ns) (grouped into LUT with out node add_ln60_4)   --->   "%select_ln850_11 = select i1 %icmp_ln851_11, i6 %trunc_ln831_s, i6 %ret_V_47"   --->   Operation 2099 'select' 'select_ln850_11' <Predicate = (!tmp)> <Delay = 0.00> <CoreInst = "Sel">   --->   Core 73 'Sel' <Latency = 0> <II = 1> <Delay = 0.39> <FuncUnit> <Opcode : 'select'> <InPorts = 3> <OutPorts = 1>
ST_17 : Operation 2100 [1/1] (0.00ns) (grouped into LUT with out node add_ln60_4)   --->   "%ret_V_126 = select i1 %p_Result_20, i6 %select_ln850_11, i6 %trunc_ln831_s"   --->   Operation 2100 'select' 'ret_V_126' <Predicate = (!tmp)> <Delay = 0.00> <CoreInst = "Sel">   --->   Core 73 'Sel' <Latency = 0> <II = 1> <Delay = 0.39> <FuncUnit> <Opcode : 'select'> <InPorts = 3> <OutPorts = 1>
ST_17 : Operation 2101 [1/2] (0.64ns) (root node of the DSP)   --->   "%ret_V_52 = sub i14 %r_V_68, i14 %r_V_69"   --->   Operation 2101 'sub' 'ret_V_52' <Predicate = (!tmp)> <Delay = 0.64> <CoreInst = "DSP48">   --->   Core 127 'DSP48' <Latency = 3> <II = 1> <Delay = 0.53> <IPBlock> <Opcode : 'mul' 'add' 'sub' 'select'> <InPorts = 0> <OutPorts = 1> <Sync> <CReg>
ST_17 : Operation 2102 [1/1] (2.89ns)   --->   "%p_Val2_18 = call i16 @round_fixed<16, 9>, i14 %ret_V_52" [C:/Xilinx/Vitis_HLS/2020.2/common/technology/autopilot\hls_math.h:2171->src/ORB.cpp:58]   --->   Operation 2102 'call' 'p_Val2_18' <Predicate = (!tmp)> <Delay = 2.89> <CoreType = "Generic">   --->   Core 0 '' <Latency = 0> <II = 1> <Delay = 1.00> <Generic> <Opcode : >
ST_17 : Operation 2103 [1/1] (0.00ns)   --->   "%trunc_ln831_2 = partselect i6 @_ssdm_op_PartSelect.i6.i16.i32.i32, i16 %p_Val2_18, i32 7, i32 12"   --->   Operation 2103 'partselect' 'trunc_ln831_2' <Predicate = (!tmp)> <Delay = 0.00>
ST_17 : Operation 2104 [1/1] (0.00ns) (grouped into LUT with out node add_ln61_4)   --->   "%p_Result_22 = bitselect i1 @_ssdm_op_BitSelect.i1.i16.i32, i16 %p_Val2_18, i32 15"   --->   Operation 2104 'bitselect' 'p_Result_22' <Predicate = (!tmp)> <Delay = 0.00>
ST_17 : Operation 2105 [1/1] (0.00ns)   --->   "%trunc_ln851_12 = trunc i16 %p_Val2_18"   --->   Operation 2105 'trunc' 'trunc_ln851_12' <Predicate = (!tmp)> <Delay = 0.00>
ST_17 : Operation 2106 [1/1] (0.81ns)   --->   "%icmp_ln851_13 = icmp_eq  i7 %trunc_ln851_12, i7 0"   --->   Operation 2106 'icmp' 'icmp_ln851_13' <Predicate = (!tmp)> <Delay = 0.81> <CoreInst = "Cmp">   --->   Core 9 'Cmp' <Latency = 0> <II = 1> <Delay = 0.44> <FuncUnit> <Opcode : 'icmp'> <InPorts = 2> <OutPorts = 1>
ST_17 : Operation 2107 [1/1] (0.78ns)   --->   "%ret_V_53 = add i6 %trunc_ln831_2, i6 1"   --->   Operation 2107 'add' 'ret_V_53' <Predicate = (!tmp)> <Delay = 0.78> <CoreInst = "Adder">   --->   Core 1 'Adder' <Latency = 0> <II = 1> <Delay = 0.77> <FuncUnit> <Opcode : 'add' 'sub'> <InPorts = 2> <OutPorts = 1>
ST_17 : Operation 2108 [1/1] (0.00ns) (grouped into LUT with out node add_ln61_4)   --->   "%select_ln850_13 = select i1 %icmp_ln851_13, i6 %trunc_ln831_2, i6 %ret_V_53"   --->   Operation 2108 'select' 'select_ln850_13' <Predicate = (!tmp)> <Delay = 0.00> <CoreInst = "Sel">   --->   Core 73 'Sel' <Latency = 0> <II = 1> <Delay = 0.39> <FuncUnit> <Opcode : 'select'> <InPorts = 3> <OutPorts = 1>
ST_17 : Operation 2109 [1/1] (0.00ns) (grouped into LUT with out node add_ln61_4)   --->   "%ret_V_128 = select i1 %p_Result_22, i6 %select_ln850_13, i6 %trunc_ln831_2"   --->   Operation 2109 'select' 'ret_V_128' <Predicate = (!tmp)> <Delay = 0.00> <CoreInst = "Sel">   --->   Core 73 'Sel' <Latency = 0> <II = 1> <Delay = 0.39> <FuncUnit> <Opcode : 'select'> <InPorts = 3> <OutPorts = 1>
ST_17 : Operation 2110 [1/1] (0.78ns) (out node of the LUT)   --->   "%add_ln60_4 = add i6 %ret_V_126, i6 18" [src/ORB.cpp:60]   --->   Operation 2110 'add' 'add_ln60_4' <Predicate = (!tmp)> <Delay = 0.78> <CoreInst = "Adder">   --->   Core 1 'Adder' <Latency = 0> <II = 1> <Delay = 0.77> <FuncUnit> <Opcode : 'add' 'sub'> <InPorts = 2> <OutPorts = 1>
ST_17 : Operation 2111 [1/3] (0.00ns) (grouped into DSP with root node add_ln60_5)   --->   "%mul_ln60_2 = mul i11 %zext_ln60_4, i11 37" [src/ORB.cpp:60]   --->   Operation 2111 'mul' 'mul_ln60_2' <Predicate = (!tmp)> <Delay = 0.00> <CoreInst = "DSP48">   --->   Core 127 'DSP48' <Latency = 3> <II = 1> <Delay = 0.53> <IPBlock> <Opcode : 'mul' 'add' 'sub' 'select'> <InPorts = 0> <OutPorts = 1> <Sync> <CReg>
ST_17 : Operation 2112 [1/1] (0.00ns)   --->   "%zext_ln60_5 = zext i6 %add_ln60_4" [src/ORB.cpp:60]   --->   Operation 2112 'zext' 'zext_ln60_5' <Predicate = (!tmp)> <Delay = 0.00>
ST_17 : Operation 2113 [2/2] (0.64ns) (root node of the DSP)   --->   "%add_ln60_5 = add i11 %mul_ln60_2, i11 %zext_ln60_5" [src/ORB.cpp:60]   --->   Operation 2113 'add' 'add_ln60_5' <Predicate = (!tmp)> <Delay = 0.64> <CoreInst = "DSP48">   --->   Core 127 'DSP48' <Latency = 3> <II = 1> <Delay = 0.53> <IPBlock> <Opcode : 'mul' 'add' 'sub' 'select'> <InPorts = 0> <OutPorts = 1> <Sync> <CReg>
ST_17 : Operation 2114 [1/1] (0.78ns) (out node of the LUT)   --->   "%add_ln61_4 = add i6 %ret_V_128, i6 18" [src/ORB.cpp:61]   --->   Operation 2114 'add' 'add_ln61_4' <Predicate = (!tmp)> <Delay = 0.78> <CoreInst = "Adder">   --->   Core 1 'Adder' <Latency = 0> <II = 1> <Delay = 0.77> <FuncUnit> <Opcode : 'add' 'sub'> <InPorts = 2> <OutPorts = 1>
ST_17 : Operation 2115 [1/3] (0.00ns) (grouped into DSP with root node add_ln61_5)   --->   "%mul_ln61_2 = mul i11 %zext_ln61_4, i11 37" [src/ORB.cpp:61]   --->   Operation 2115 'mul' 'mul_ln61_2' <Predicate = (!tmp)> <Delay = 0.00> <CoreInst = "DSP48">   --->   Core 127 'DSP48' <Latency = 3> <II = 1> <Delay = 0.53> <IPBlock> <Opcode : 'mul' 'add' 'sub' 'select'> <InPorts = 0> <OutPorts = 1> <Sync> <CReg>
ST_17 : Operation 2116 [1/1] (0.00ns)   --->   "%zext_ln61_5 = zext i6 %add_ln61_4" [src/ORB.cpp:61]   --->   Operation 2116 'zext' 'zext_ln61_5' <Predicate = (!tmp)> <Delay = 0.00>
ST_17 : Operation 2117 [2/2] (0.64ns) (root node of the DSP)   --->   "%add_ln61_5 = add i11 %mul_ln61_2, i11 %zext_ln61_5" [src/ORB.cpp:61]   --->   Operation 2117 'add' 'add_ln61_5' <Predicate = (!tmp)> <Delay = 0.64> <CoreInst = "DSP48">   --->   Core 127 'DSP48' <Latency = 3> <II = 1> <Delay = 0.53> <IPBlock> <Opcode : 'mul' 'add' 'sub' 'select'> <InPorts = 0> <OutPorts = 1> <Sync> <CReg>
ST_17 : Operation 2118 [1/2] (0.64ns) (root node of the DSP)   --->   "%ret_V_58 = sub i14 %r_V_72, i14 %r_V_73"   --->   Operation 2118 'sub' 'ret_V_58' <Predicate = (!tmp)> <Delay = 0.64> <CoreInst = "DSP48">   --->   Core 127 'DSP48' <Latency = 3> <II = 1> <Delay = 0.53> <IPBlock> <Opcode : 'mul' 'add' 'sub' 'select'> <InPorts = 0> <OutPorts = 1> <Sync> <CReg>
ST_17 : Operation 2119 [1/1] (2.89ns)   --->   "%p_Val2_21 = call i16 @round_fixed<16, 9>, i14 %ret_V_58" [C:/Xilinx/Vitis_HLS/2020.2/common/technology/autopilot\hls_math.h:2171->src/ORB.cpp:56]   --->   Operation 2119 'call' 'p_Val2_21' <Predicate = (!tmp)> <Delay = 2.89> <CoreType = "Generic">   --->   Core 0 '' <Latency = 0> <II = 1> <Delay = 1.00> <Generic> <Opcode : >
ST_17 : Operation 2120 [1/1] (0.00ns)   --->   "%trunc_ln831_11 = partselect i6 @_ssdm_op_PartSelect.i6.i16.i32.i32, i16 %p_Val2_21, i32 7, i32 12"   --->   Operation 2120 'partselect' 'trunc_ln831_11' <Predicate = (!tmp)> <Delay = 0.00>
ST_17 : Operation 2121 [1/1] (0.00ns) (grouped into LUT with out node add_ln60_6)   --->   "%p_Result_25 = bitselect i1 @_ssdm_op_BitSelect.i1.i16.i32, i16 %p_Val2_21, i32 15"   --->   Operation 2121 'bitselect' 'p_Result_25' <Predicate = (!tmp)> <Delay = 0.00>
ST_17 : Operation 2122 [1/1] (0.00ns)   --->   "%trunc_ln851_14 = trunc i16 %p_Val2_21"   --->   Operation 2122 'trunc' 'trunc_ln851_14' <Predicate = (!tmp)> <Delay = 0.00>
ST_17 : Operation 2123 [1/1] (0.81ns)   --->   "%icmp_ln851_15 = icmp_eq  i7 %trunc_ln851_14, i7 0"   --->   Operation 2123 'icmp' 'icmp_ln851_15' <Predicate = (!tmp)> <Delay = 0.81> <CoreInst = "Cmp">   --->   Core 9 'Cmp' <Latency = 0> <II = 1> <Delay = 0.44> <FuncUnit> <Opcode : 'icmp'> <InPorts = 2> <OutPorts = 1>
ST_17 : Operation 2124 [1/1] (0.78ns)   --->   "%ret_V_59 = add i6 %trunc_ln831_11, i6 1"   --->   Operation 2124 'add' 'ret_V_59' <Predicate = (!tmp)> <Delay = 0.78> <CoreInst = "Adder">   --->   Core 1 'Adder' <Latency = 0> <II = 1> <Delay = 0.77> <FuncUnit> <Opcode : 'add' 'sub'> <InPorts = 2> <OutPorts = 1>
ST_17 : Operation 2125 [1/1] (0.00ns) (grouped into LUT with out node add_ln60_6)   --->   "%select_ln850_15 = select i1 %icmp_ln851_15, i6 %trunc_ln831_11, i6 %ret_V_59"   --->   Operation 2125 'select' 'select_ln850_15' <Predicate = (!tmp)> <Delay = 0.00> <CoreInst = "Sel">   --->   Core 73 'Sel' <Latency = 0> <II = 1> <Delay = 0.39> <FuncUnit> <Opcode : 'select'> <InPorts = 3> <OutPorts = 1>
ST_17 : Operation 2126 [1/1] (0.00ns) (grouped into LUT with out node add_ln60_6)   --->   "%ret_V_130 = select i1 %p_Result_25, i6 %select_ln850_15, i6 %trunc_ln831_11"   --->   Operation 2126 'select' 'ret_V_130' <Predicate = (!tmp)> <Delay = 0.00> <CoreInst = "Sel">   --->   Core 73 'Sel' <Latency = 0> <II = 1> <Delay = 0.39> <FuncUnit> <Opcode : 'select'> <InPorts = 3> <OutPorts = 1>
ST_17 : Operation 2127 [1/2] (0.64ns) (root node of the DSP)   --->   "%ret_V_64 = sub i14 %r_V_76, i14 %r_V_77"   --->   Operation 2127 'sub' 'ret_V_64' <Predicate = (!tmp)> <Delay = 0.64> <CoreInst = "DSP48">   --->   Core 127 'DSP48' <Latency = 3> <II = 1> <Delay = 0.53> <IPBlock> <Opcode : 'mul' 'add' 'sub' 'select'> <InPorts = 0> <OutPorts = 1> <Sync> <CReg>
ST_17 : Operation 2128 [1/1] (2.89ns)   --->   "%p_Val2_23 = call i16 @round_fixed<16, 9>, i14 %ret_V_64" [C:/Xilinx/Vitis_HLS/2020.2/common/technology/autopilot\hls_math.h:2171->src/ORB.cpp:58]   --->   Operation 2128 'call' 'p_Val2_23' <Predicate = (!tmp)> <Delay = 2.89> <CoreType = "Generic">   --->   Core 0 '' <Latency = 0> <II = 1> <Delay = 1.00> <Generic> <Opcode : >
ST_17 : Operation 2129 [1/1] (0.00ns)   --->   "%trunc_ln831_13 = partselect i6 @_ssdm_op_PartSelect.i6.i16.i32.i32, i16 %p_Val2_23, i32 7, i32 12"   --->   Operation 2129 'partselect' 'trunc_ln831_13' <Predicate = (!tmp)> <Delay = 0.00>
ST_17 : Operation 2130 [1/1] (0.00ns) (grouped into LUT with out node add_ln61_6)   --->   "%p_Result_27 = bitselect i1 @_ssdm_op_BitSelect.i1.i16.i32, i16 %p_Val2_23, i32 15"   --->   Operation 2130 'bitselect' 'p_Result_27' <Predicate = (!tmp)> <Delay = 0.00>
ST_17 : Operation 2131 [1/1] (0.00ns)   --->   "%trunc_ln851_16 = trunc i16 %p_Val2_23"   --->   Operation 2131 'trunc' 'trunc_ln851_16' <Predicate = (!tmp)> <Delay = 0.00>
ST_17 : Operation 2132 [1/1] (0.81ns)   --->   "%icmp_ln851_17 = icmp_eq  i7 %trunc_ln851_16, i7 0"   --->   Operation 2132 'icmp' 'icmp_ln851_17' <Predicate = (!tmp)> <Delay = 0.81> <CoreInst = "Cmp">   --->   Core 9 'Cmp' <Latency = 0> <II = 1> <Delay = 0.44> <FuncUnit> <Opcode : 'icmp'> <InPorts = 2> <OutPorts = 1>
ST_17 : Operation 2133 [1/1] (0.78ns)   --->   "%ret_V_65 = add i6 %trunc_ln831_13, i6 1"   --->   Operation 2133 'add' 'ret_V_65' <Predicate = (!tmp)> <Delay = 0.78> <CoreInst = "Adder">   --->   Core 1 'Adder' <Latency = 0> <II = 1> <Delay = 0.77> <FuncUnit> <Opcode : 'add' 'sub'> <InPorts = 2> <OutPorts = 1>
ST_17 : Operation 2134 [1/1] (0.00ns) (grouped into LUT with out node add_ln61_6)   --->   "%select_ln850_17 = select i1 %icmp_ln851_17, i6 %trunc_ln831_13, i6 %ret_V_65"   --->   Operation 2134 'select' 'select_ln850_17' <Predicate = (!tmp)> <Delay = 0.00> <CoreInst = "Sel">   --->   Core 73 'Sel' <Latency = 0> <II = 1> <Delay = 0.39> <FuncUnit> <Opcode : 'select'> <InPorts = 3> <OutPorts = 1>
ST_17 : Operation 2135 [1/1] (0.00ns) (grouped into LUT with out node add_ln61_6)   --->   "%ret_V_132 = select i1 %p_Result_27, i6 %select_ln850_17, i6 %trunc_ln831_13"   --->   Operation 2135 'select' 'ret_V_132' <Predicate = (!tmp)> <Delay = 0.00> <CoreInst = "Sel">   --->   Core 73 'Sel' <Latency = 0> <II = 1> <Delay = 0.39> <FuncUnit> <Opcode : 'select'> <InPorts = 3> <OutPorts = 1>
ST_17 : Operation 2136 [1/1] (0.78ns) (out node of the LUT)   --->   "%add_ln60_6 = add i6 %ret_V_130, i6 18" [src/ORB.cpp:60]   --->   Operation 2136 'add' 'add_ln60_6' <Predicate = (!tmp)> <Delay = 0.78> <CoreInst = "Adder">   --->   Core 1 'Adder' <Latency = 0> <II = 1> <Delay = 0.77> <FuncUnit> <Opcode : 'add' 'sub'> <InPorts = 2> <OutPorts = 1>
ST_17 : Operation 2137 [1/3] (0.00ns) (grouped into DSP with root node add_ln60_7)   --->   "%mul_ln60_3 = mul i11 %zext_ln60_6, i11 37" [src/ORB.cpp:60]   --->   Operation 2137 'mul' 'mul_ln60_3' <Predicate = (!tmp)> <Delay = 0.00> <CoreInst = "DSP48">   --->   Core 127 'DSP48' <Latency = 3> <II = 1> <Delay = 0.53> <IPBlock> <Opcode : 'mul' 'add' 'sub' 'select'> <InPorts = 0> <OutPorts = 1> <Sync> <CReg>
ST_17 : Operation 2138 [1/1] (0.00ns)   --->   "%zext_ln60_7 = zext i6 %add_ln60_6" [src/ORB.cpp:60]   --->   Operation 2138 'zext' 'zext_ln60_7' <Predicate = (!tmp)> <Delay = 0.00>
ST_17 : Operation 2139 [2/2] (0.64ns) (root node of the DSP)   --->   "%add_ln60_7 = add i11 %mul_ln60_3, i11 %zext_ln60_7" [src/ORB.cpp:60]   --->   Operation 2139 'add' 'add_ln60_7' <Predicate = (!tmp)> <Delay = 0.64> <CoreInst = "DSP48">   --->   Core 127 'DSP48' <Latency = 3> <II = 1> <Delay = 0.53> <IPBlock> <Opcode : 'mul' 'add' 'sub' 'select'> <InPorts = 0> <OutPorts = 1> <Sync> <CReg>
ST_17 : Operation 2140 [1/1] (0.78ns) (out node of the LUT)   --->   "%add_ln61_6 = add i6 %ret_V_132, i6 18" [src/ORB.cpp:61]   --->   Operation 2140 'add' 'add_ln61_6' <Predicate = (!tmp)> <Delay = 0.78> <CoreInst = "Adder">   --->   Core 1 'Adder' <Latency = 0> <II = 1> <Delay = 0.77> <FuncUnit> <Opcode : 'add' 'sub'> <InPorts = 2> <OutPorts = 1>
ST_17 : Operation 2141 [1/3] (0.00ns) (grouped into DSP with root node add_ln61_7)   --->   "%mul_ln61_3 = mul i11 %zext_ln61_6, i11 37" [src/ORB.cpp:61]   --->   Operation 2141 'mul' 'mul_ln61_3' <Predicate = (!tmp)> <Delay = 0.00> <CoreInst = "DSP48">   --->   Core 127 'DSP48' <Latency = 3> <II = 1> <Delay = 0.53> <IPBlock> <Opcode : 'mul' 'add' 'sub' 'select'> <InPorts = 0> <OutPorts = 1> <Sync> <CReg>
ST_17 : Operation 2142 [1/1] (0.00ns)   --->   "%zext_ln61_7 = zext i6 %add_ln61_6" [src/ORB.cpp:61]   --->   Operation 2142 'zext' 'zext_ln61_7' <Predicate = (!tmp)> <Delay = 0.00>
ST_17 : Operation 2143 [2/2] (0.64ns) (root node of the DSP)   --->   "%add_ln61_7 = add i11 %mul_ln61_3, i11 %zext_ln61_7" [src/ORB.cpp:61]   --->   Operation 2143 'add' 'add_ln61_7' <Predicate = (!tmp)> <Delay = 0.64> <CoreInst = "DSP48">   --->   Core 127 'DSP48' <Latency = 3> <II = 1> <Delay = 0.53> <IPBlock> <Opcode : 'mul' 'add' 'sub' 'select'> <InPorts = 0> <OutPorts = 1> <Sync> <CReg>
ST_17 : Operation 2144 [1/2] (0.64ns) (root node of the DSP)   --->   "%ret_V_70 = sub i14 %r_V_80, i14 %r_V_81"   --->   Operation 2144 'sub' 'ret_V_70' <Predicate = (!tmp)> <Delay = 0.64> <CoreInst = "DSP48">   --->   Core 127 'DSP48' <Latency = 3> <II = 1> <Delay = 0.53> <IPBlock> <Opcode : 'mul' 'add' 'sub' 'select'> <InPorts = 0> <OutPorts = 1> <Sync> <CReg>
ST_17 : Operation 2145 [1/1] (2.89ns)   --->   "%p_Val2_26 = call i16 @round_fixed<16, 9>, i14 %ret_V_70" [C:/Xilinx/Vitis_HLS/2020.2/common/technology/autopilot\hls_math.h:2171->src/ORB.cpp:56]   --->   Operation 2145 'call' 'p_Val2_26' <Predicate = (!tmp)> <Delay = 2.89> <CoreType = "Generic">   --->   Core 0 '' <Latency = 0> <II = 1> <Delay = 1.00> <Generic> <Opcode : >
ST_17 : Operation 2146 [1/1] (0.00ns)   --->   "%trunc_ln831_15 = partselect i6 @_ssdm_op_PartSelect.i6.i16.i32.i32, i16 %p_Val2_26, i32 7, i32 12"   --->   Operation 2146 'partselect' 'trunc_ln831_15' <Predicate = (!tmp)> <Delay = 0.00>
ST_17 : Operation 2147 [1/1] (0.00ns) (grouped into LUT with out node add_ln60_8)   --->   "%p_Result_30 = bitselect i1 @_ssdm_op_BitSelect.i1.i16.i32, i16 %p_Val2_26, i32 15"   --->   Operation 2147 'bitselect' 'p_Result_30' <Predicate = (!tmp)> <Delay = 0.00>
ST_17 : Operation 2148 [1/1] (0.00ns)   --->   "%trunc_ln851_18 = trunc i16 %p_Val2_26"   --->   Operation 2148 'trunc' 'trunc_ln851_18' <Predicate = (!tmp)> <Delay = 0.00>
ST_17 : Operation 2149 [1/1] (0.81ns)   --->   "%icmp_ln851_19 = icmp_eq  i7 %trunc_ln851_18, i7 0"   --->   Operation 2149 'icmp' 'icmp_ln851_19' <Predicate = (!tmp)> <Delay = 0.81> <CoreInst = "Cmp">   --->   Core 9 'Cmp' <Latency = 0> <II = 1> <Delay = 0.44> <FuncUnit> <Opcode : 'icmp'> <InPorts = 2> <OutPorts = 1>
ST_17 : Operation 2150 [1/1] (0.78ns)   --->   "%ret_V_71 = add i6 %trunc_ln831_15, i6 1"   --->   Operation 2150 'add' 'ret_V_71' <Predicate = (!tmp)> <Delay = 0.78> <CoreInst = "Adder">   --->   Core 1 'Adder' <Latency = 0> <II = 1> <Delay = 0.77> <FuncUnit> <Opcode : 'add' 'sub'> <InPorts = 2> <OutPorts = 1>
ST_17 : Operation 2151 [1/1] (0.00ns) (grouped into LUT with out node add_ln60_8)   --->   "%select_ln850_19 = select i1 %icmp_ln851_19, i6 %trunc_ln831_15, i6 %ret_V_71"   --->   Operation 2151 'select' 'select_ln850_19' <Predicate = (!tmp)> <Delay = 0.00> <CoreInst = "Sel">   --->   Core 73 'Sel' <Latency = 0> <II = 1> <Delay = 0.39> <FuncUnit> <Opcode : 'select'> <InPorts = 3> <OutPorts = 1>
ST_17 : Operation 2152 [1/1] (0.00ns) (grouped into LUT with out node add_ln60_8)   --->   "%ret_V_134 = select i1 %p_Result_30, i6 %select_ln850_19, i6 %trunc_ln831_15"   --->   Operation 2152 'select' 'ret_V_134' <Predicate = (!tmp)> <Delay = 0.00> <CoreInst = "Sel">   --->   Core 73 'Sel' <Latency = 0> <II = 1> <Delay = 0.39> <FuncUnit> <Opcode : 'select'> <InPorts = 3> <OutPorts = 1>
ST_17 : Operation 2153 [1/2] (0.64ns) (root node of the DSP)   --->   "%ret_V_76 = sub i14 %r_V_84, i14 %r_V_85"   --->   Operation 2153 'sub' 'ret_V_76' <Predicate = (!tmp)> <Delay = 0.64> <CoreInst = "DSP48">   --->   Core 127 'DSP48' <Latency = 3> <II = 1> <Delay = 0.53> <IPBlock> <Opcode : 'mul' 'add' 'sub' 'select'> <InPorts = 0> <OutPorts = 1> <Sync> <CReg>
ST_17 : Operation 2154 [1/1] (2.89ns)   --->   "%p_Val2_28 = call i16 @round_fixed<16, 9>, i14 %ret_V_76" [C:/Xilinx/Vitis_HLS/2020.2/common/technology/autopilot\hls_math.h:2171->src/ORB.cpp:58]   --->   Operation 2154 'call' 'p_Val2_28' <Predicate = (!tmp)> <Delay = 2.89> <CoreType = "Generic">   --->   Core 0 '' <Latency = 0> <II = 1> <Delay = 1.00> <Generic> <Opcode : >
ST_17 : Operation 2155 [1/1] (0.00ns)   --->   "%trunc_ln831_17 = partselect i6 @_ssdm_op_PartSelect.i6.i16.i32.i32, i16 %p_Val2_28, i32 7, i32 12"   --->   Operation 2155 'partselect' 'trunc_ln831_17' <Predicate = (!tmp)> <Delay = 0.00>
ST_17 : Operation 2156 [1/1] (0.00ns) (grouped into LUT with out node add_ln61_8)   --->   "%p_Result_32 = bitselect i1 @_ssdm_op_BitSelect.i1.i16.i32, i16 %p_Val2_28, i32 15"   --->   Operation 2156 'bitselect' 'p_Result_32' <Predicate = (!tmp)> <Delay = 0.00>
ST_17 : Operation 2157 [1/1] (0.00ns)   --->   "%trunc_ln851_20 = trunc i16 %p_Val2_28"   --->   Operation 2157 'trunc' 'trunc_ln851_20' <Predicate = (!tmp)> <Delay = 0.00>
ST_17 : Operation 2158 [1/1] (0.81ns)   --->   "%icmp_ln851_21 = icmp_eq  i7 %trunc_ln851_20, i7 0"   --->   Operation 2158 'icmp' 'icmp_ln851_21' <Predicate = (!tmp)> <Delay = 0.81> <CoreInst = "Cmp">   --->   Core 9 'Cmp' <Latency = 0> <II = 1> <Delay = 0.44> <FuncUnit> <Opcode : 'icmp'> <InPorts = 2> <OutPorts = 1>
ST_17 : Operation 2159 [1/1] (0.78ns)   --->   "%ret_V_77 = add i6 %trunc_ln831_17, i6 1"   --->   Operation 2159 'add' 'ret_V_77' <Predicate = (!tmp)> <Delay = 0.78> <CoreInst = "Adder">   --->   Core 1 'Adder' <Latency = 0> <II = 1> <Delay = 0.77> <FuncUnit> <Opcode : 'add' 'sub'> <InPorts = 2> <OutPorts = 1>
ST_17 : Operation 2160 [1/1] (0.00ns) (grouped into LUT with out node add_ln61_8)   --->   "%select_ln850_21 = select i1 %icmp_ln851_21, i6 %trunc_ln831_17, i6 %ret_V_77"   --->   Operation 2160 'select' 'select_ln850_21' <Predicate = (!tmp)> <Delay = 0.00> <CoreInst = "Sel">   --->   Core 73 'Sel' <Latency = 0> <II = 1> <Delay = 0.39> <FuncUnit> <Opcode : 'select'> <InPorts = 3> <OutPorts = 1>
ST_17 : Operation 2161 [1/1] (0.00ns) (grouped into LUT with out node add_ln61_8)   --->   "%ret_V_136 = select i1 %p_Result_32, i6 %select_ln850_21, i6 %trunc_ln831_17"   --->   Operation 2161 'select' 'ret_V_136' <Predicate = (!tmp)> <Delay = 0.00> <CoreInst = "Sel">   --->   Core 73 'Sel' <Latency = 0> <II = 1> <Delay = 0.39> <FuncUnit> <Opcode : 'select'> <InPorts = 3> <OutPorts = 1>
ST_17 : Operation 2162 [1/1] (0.78ns) (out node of the LUT)   --->   "%add_ln60_8 = add i6 %ret_V_134, i6 18" [src/ORB.cpp:60]   --->   Operation 2162 'add' 'add_ln60_8' <Predicate = (!tmp)> <Delay = 0.78> <CoreInst = "Adder">   --->   Core 1 'Adder' <Latency = 0> <II = 1> <Delay = 0.77> <FuncUnit> <Opcode : 'add' 'sub'> <InPorts = 2> <OutPorts = 1>
ST_17 : Operation 2163 [1/3] (0.00ns) (grouped into DSP with root node add_ln60_9)   --->   "%mul_ln60_4 = mul i11 %zext_ln60_8, i11 37" [src/ORB.cpp:60]   --->   Operation 2163 'mul' 'mul_ln60_4' <Predicate = (!tmp)> <Delay = 0.00> <CoreInst = "DSP48">   --->   Core 127 'DSP48' <Latency = 3> <II = 1> <Delay = 0.53> <IPBlock> <Opcode : 'mul' 'add' 'sub' 'select'> <InPorts = 0> <OutPorts = 1> <Sync> <CReg>
ST_17 : Operation 2164 [1/1] (0.00ns)   --->   "%zext_ln60_9 = zext i6 %add_ln60_8" [src/ORB.cpp:60]   --->   Operation 2164 'zext' 'zext_ln60_9' <Predicate = (!tmp)> <Delay = 0.00>
ST_17 : Operation 2165 [2/2] (0.64ns) (root node of the DSP)   --->   "%add_ln60_9 = add i11 %mul_ln60_4, i11 %zext_ln60_9" [src/ORB.cpp:60]   --->   Operation 2165 'add' 'add_ln60_9' <Predicate = (!tmp)> <Delay = 0.64> <CoreInst = "DSP48">   --->   Core 127 'DSP48' <Latency = 3> <II = 1> <Delay = 0.53> <IPBlock> <Opcode : 'mul' 'add' 'sub' 'select'> <InPorts = 0> <OutPorts = 1> <Sync> <CReg>
ST_17 : Operation 2166 [1/1] (0.78ns) (out node of the LUT)   --->   "%add_ln61_8 = add i6 %ret_V_136, i6 18" [src/ORB.cpp:61]   --->   Operation 2166 'add' 'add_ln61_8' <Predicate = (!tmp)> <Delay = 0.78> <CoreInst = "Adder">   --->   Core 1 'Adder' <Latency = 0> <II = 1> <Delay = 0.77> <FuncUnit> <Opcode : 'add' 'sub'> <InPorts = 2> <OutPorts = 1>
ST_17 : Operation 2167 [1/3] (0.00ns) (grouped into DSP with root node add_ln61_9)   --->   "%mul_ln61_4 = mul i11 %zext_ln61_8, i11 37" [src/ORB.cpp:61]   --->   Operation 2167 'mul' 'mul_ln61_4' <Predicate = (!tmp)> <Delay = 0.00> <CoreInst = "DSP48">   --->   Core 127 'DSP48' <Latency = 3> <II = 1> <Delay = 0.53> <IPBlock> <Opcode : 'mul' 'add' 'sub' 'select'> <InPorts = 0> <OutPorts = 1> <Sync> <CReg>
ST_17 : Operation 2168 [1/1] (0.00ns)   --->   "%zext_ln61_9 = zext i6 %add_ln61_8" [src/ORB.cpp:61]   --->   Operation 2168 'zext' 'zext_ln61_9' <Predicate = (!tmp)> <Delay = 0.00>
ST_17 : Operation 2169 [2/2] (0.64ns) (root node of the DSP)   --->   "%add_ln61_9 = add i11 %mul_ln61_4, i11 %zext_ln61_9" [src/ORB.cpp:61]   --->   Operation 2169 'add' 'add_ln61_9' <Predicate = (!tmp)> <Delay = 0.64> <CoreInst = "DSP48">   --->   Core 127 'DSP48' <Latency = 3> <II = 1> <Delay = 0.53> <IPBlock> <Opcode : 'mul' 'add' 'sub' 'select'> <InPorts = 0> <OutPorts = 1> <Sync> <CReg>
ST_17 : Operation 2170 [1/2] (0.64ns) (root node of the DSP)   --->   "%ret_V_82 = sub i14 %r_V_88, i14 %r_V_89"   --->   Operation 2170 'sub' 'ret_V_82' <Predicate = (!tmp)> <Delay = 0.64> <CoreInst = "DSP48">   --->   Core 127 'DSP48' <Latency = 3> <II = 1> <Delay = 0.53> <IPBlock> <Opcode : 'mul' 'add' 'sub' 'select'> <InPorts = 0> <OutPorts = 1> <Sync> <CReg>
ST_17 : Operation 2171 [1/1] (2.89ns)   --->   "%p_Val2_31 = call i16 @round_fixed<16, 9>, i14 %ret_V_82" [C:/Xilinx/Vitis_HLS/2020.2/common/technology/autopilot\hls_math.h:2171->src/ORB.cpp:56]   --->   Operation 2171 'call' 'p_Val2_31' <Predicate = (!tmp)> <Delay = 2.89> <CoreType = "Generic">   --->   Core 0 '' <Latency = 0> <II = 1> <Delay = 1.00> <Generic> <Opcode : >
ST_17 : Operation 2172 [1/1] (0.00ns)   --->   "%trunc_ln831_19 = partselect i6 @_ssdm_op_PartSelect.i6.i16.i32.i32, i16 %p_Val2_31, i32 7, i32 12"   --->   Operation 2172 'partselect' 'trunc_ln831_19' <Predicate = (!tmp)> <Delay = 0.00>
ST_17 : Operation 2173 [1/1] (0.00ns) (grouped into LUT with out node add_ln60_10)   --->   "%p_Result_35 = bitselect i1 @_ssdm_op_BitSelect.i1.i16.i32, i16 %p_Val2_31, i32 15"   --->   Operation 2173 'bitselect' 'p_Result_35' <Predicate = (!tmp)> <Delay = 0.00>
ST_17 : Operation 2174 [1/1] (0.00ns)   --->   "%trunc_ln851_22 = trunc i16 %p_Val2_31"   --->   Operation 2174 'trunc' 'trunc_ln851_22' <Predicate = (!tmp)> <Delay = 0.00>
ST_17 : Operation 2175 [1/1] (0.81ns)   --->   "%icmp_ln851_23 = icmp_eq  i7 %trunc_ln851_22, i7 0"   --->   Operation 2175 'icmp' 'icmp_ln851_23' <Predicate = (!tmp)> <Delay = 0.81> <CoreInst = "Cmp">   --->   Core 9 'Cmp' <Latency = 0> <II = 1> <Delay = 0.44> <FuncUnit> <Opcode : 'icmp'> <InPorts = 2> <OutPorts = 1>
ST_17 : Operation 2176 [1/1] (0.78ns)   --->   "%ret_V_83 = add i6 %trunc_ln831_19, i6 1"   --->   Operation 2176 'add' 'ret_V_83' <Predicate = (!tmp)> <Delay = 0.78> <CoreInst = "Adder">   --->   Core 1 'Adder' <Latency = 0> <II = 1> <Delay = 0.77> <FuncUnit> <Opcode : 'add' 'sub'> <InPorts = 2> <OutPorts = 1>
ST_17 : Operation 2177 [1/1] (0.00ns) (grouped into LUT with out node add_ln60_10)   --->   "%select_ln850_23 = select i1 %icmp_ln851_23, i6 %trunc_ln831_19, i6 %ret_V_83"   --->   Operation 2177 'select' 'select_ln850_23' <Predicate = (!tmp)> <Delay = 0.00> <CoreInst = "Sel">   --->   Core 73 'Sel' <Latency = 0> <II = 1> <Delay = 0.39> <FuncUnit> <Opcode : 'select'> <InPorts = 3> <OutPorts = 1>
ST_17 : Operation 2178 [1/1] (0.00ns) (grouped into LUT with out node add_ln60_10)   --->   "%ret_V_138 = select i1 %p_Result_35, i6 %select_ln850_23, i6 %trunc_ln831_19"   --->   Operation 2178 'select' 'ret_V_138' <Predicate = (!tmp)> <Delay = 0.00> <CoreInst = "Sel">   --->   Core 73 'Sel' <Latency = 0> <II = 1> <Delay = 0.39> <FuncUnit> <Opcode : 'select'> <InPorts = 3> <OutPorts = 1>
ST_17 : Operation 2179 [1/2] (0.64ns) (root node of the DSP)   --->   "%ret_V_88 = sub i14 %r_V_92, i14 %r_V_93"   --->   Operation 2179 'sub' 'ret_V_88' <Predicate = (!tmp)> <Delay = 0.64> <CoreInst = "DSP48">   --->   Core 127 'DSP48' <Latency = 3> <II = 1> <Delay = 0.53> <IPBlock> <Opcode : 'mul' 'add' 'sub' 'select'> <InPorts = 0> <OutPorts = 1> <Sync> <CReg>
ST_17 : Operation 2180 [1/1] (2.89ns)   --->   "%p_Val2_33 = call i16 @round_fixed<16, 9>, i14 %ret_V_88" [C:/Xilinx/Vitis_HLS/2020.2/common/technology/autopilot\hls_math.h:2171->src/ORB.cpp:58]   --->   Operation 2180 'call' 'p_Val2_33' <Predicate = (!tmp)> <Delay = 2.89> <CoreType = "Generic">   --->   Core 0 '' <Latency = 0> <II = 1> <Delay = 1.00> <Generic> <Opcode : >
ST_17 : Operation 2181 [1/1] (0.00ns)   --->   "%trunc_ln831_21 = partselect i6 @_ssdm_op_PartSelect.i6.i16.i32.i32, i16 %p_Val2_33, i32 7, i32 12"   --->   Operation 2181 'partselect' 'trunc_ln831_21' <Predicate = (!tmp)> <Delay = 0.00>
ST_17 : Operation 2182 [1/1] (0.00ns) (grouped into LUT with out node add_ln61_10)   --->   "%p_Result_37 = bitselect i1 @_ssdm_op_BitSelect.i1.i16.i32, i16 %p_Val2_33, i32 15"   --->   Operation 2182 'bitselect' 'p_Result_37' <Predicate = (!tmp)> <Delay = 0.00>
ST_17 : Operation 2183 [1/1] (0.00ns)   --->   "%trunc_ln851_24 = trunc i16 %p_Val2_33"   --->   Operation 2183 'trunc' 'trunc_ln851_24' <Predicate = (!tmp)> <Delay = 0.00>
ST_17 : Operation 2184 [1/1] (0.81ns)   --->   "%icmp_ln851_25 = icmp_eq  i7 %trunc_ln851_24, i7 0"   --->   Operation 2184 'icmp' 'icmp_ln851_25' <Predicate = (!tmp)> <Delay = 0.81> <CoreInst = "Cmp">   --->   Core 9 'Cmp' <Latency = 0> <II = 1> <Delay = 0.44> <FuncUnit> <Opcode : 'icmp'> <InPorts = 2> <OutPorts = 1>
ST_17 : Operation 2185 [1/1] (0.78ns)   --->   "%ret_V_89 = add i6 %trunc_ln831_21, i6 1"   --->   Operation 2185 'add' 'ret_V_89' <Predicate = (!tmp)> <Delay = 0.78> <CoreInst = "Adder">   --->   Core 1 'Adder' <Latency = 0> <II = 1> <Delay = 0.77> <FuncUnit> <Opcode : 'add' 'sub'> <InPorts = 2> <OutPorts = 1>
ST_17 : Operation 2186 [1/1] (0.00ns) (grouped into LUT with out node add_ln61_10)   --->   "%select_ln850_25 = select i1 %icmp_ln851_25, i6 %trunc_ln831_21, i6 %ret_V_89"   --->   Operation 2186 'select' 'select_ln850_25' <Predicate = (!tmp)> <Delay = 0.00> <CoreInst = "Sel">   --->   Core 73 'Sel' <Latency = 0> <II = 1> <Delay = 0.39> <FuncUnit> <Opcode : 'select'> <InPorts = 3> <OutPorts = 1>
ST_17 : Operation 2187 [1/1] (0.00ns) (grouped into LUT with out node add_ln61_10)   --->   "%ret_V_140 = select i1 %p_Result_37, i6 %select_ln850_25, i6 %trunc_ln831_21"   --->   Operation 2187 'select' 'ret_V_140' <Predicate = (!tmp)> <Delay = 0.00> <CoreInst = "Sel">   --->   Core 73 'Sel' <Latency = 0> <II = 1> <Delay = 0.39> <FuncUnit> <Opcode : 'select'> <InPorts = 3> <OutPorts = 1>
ST_17 : Operation 2188 [1/1] (0.78ns) (out node of the LUT)   --->   "%add_ln60_10 = add i6 %ret_V_138, i6 18" [src/ORB.cpp:60]   --->   Operation 2188 'add' 'add_ln60_10' <Predicate = (!tmp)> <Delay = 0.78> <CoreInst = "Adder">   --->   Core 1 'Adder' <Latency = 0> <II = 1> <Delay = 0.77> <FuncUnit> <Opcode : 'add' 'sub'> <InPorts = 2> <OutPorts = 1>
ST_17 : Operation 2189 [1/3] (0.00ns) (grouped into DSP with root node add_ln60_11)   --->   "%mul_ln60_5 = mul i11 %zext_ln60_10, i11 37" [src/ORB.cpp:60]   --->   Operation 2189 'mul' 'mul_ln60_5' <Predicate = (!tmp)> <Delay = 0.00> <CoreInst = "DSP48">   --->   Core 127 'DSP48' <Latency = 3> <II = 1> <Delay = 0.53> <IPBlock> <Opcode : 'mul' 'add' 'sub' 'select'> <InPorts = 0> <OutPorts = 1> <Sync> <CReg>
ST_17 : Operation 2190 [1/1] (0.00ns)   --->   "%zext_ln60_11 = zext i6 %add_ln60_10" [src/ORB.cpp:60]   --->   Operation 2190 'zext' 'zext_ln60_11' <Predicate = (!tmp)> <Delay = 0.00>
ST_17 : Operation 2191 [2/2] (0.64ns) (root node of the DSP)   --->   "%add_ln60_11 = add i11 %mul_ln60_5, i11 %zext_ln60_11" [src/ORB.cpp:60]   --->   Operation 2191 'add' 'add_ln60_11' <Predicate = (!tmp)> <Delay = 0.64> <CoreInst = "DSP48">   --->   Core 127 'DSP48' <Latency = 3> <II = 1> <Delay = 0.53> <IPBlock> <Opcode : 'mul' 'add' 'sub' 'select'> <InPorts = 0> <OutPorts = 1> <Sync> <CReg>
ST_17 : Operation 2192 [1/1] (0.78ns) (out node of the LUT)   --->   "%add_ln61_10 = add i6 %ret_V_140, i6 18" [src/ORB.cpp:61]   --->   Operation 2192 'add' 'add_ln61_10' <Predicate = (!tmp)> <Delay = 0.78> <CoreInst = "Adder">   --->   Core 1 'Adder' <Latency = 0> <II = 1> <Delay = 0.77> <FuncUnit> <Opcode : 'add' 'sub'> <InPorts = 2> <OutPorts = 1>
ST_17 : Operation 2193 [1/3] (0.00ns) (grouped into DSP with root node add_ln61_11)   --->   "%mul_ln61_5 = mul i11 %zext_ln61_10, i11 37" [src/ORB.cpp:61]   --->   Operation 2193 'mul' 'mul_ln61_5' <Predicate = (!tmp)> <Delay = 0.00> <CoreInst = "DSP48">   --->   Core 127 'DSP48' <Latency = 3> <II = 1> <Delay = 0.53> <IPBlock> <Opcode : 'mul' 'add' 'sub' 'select'> <InPorts = 0> <OutPorts = 1> <Sync> <CReg>
ST_17 : Operation 2194 [1/1] (0.00ns)   --->   "%zext_ln61_11 = zext i6 %add_ln61_10" [src/ORB.cpp:61]   --->   Operation 2194 'zext' 'zext_ln61_11' <Predicate = (!tmp)> <Delay = 0.00>
ST_17 : Operation 2195 [2/2] (0.64ns) (root node of the DSP)   --->   "%add_ln61_11 = add i11 %mul_ln61_5, i11 %zext_ln61_11" [src/ORB.cpp:61]   --->   Operation 2195 'add' 'add_ln61_11' <Predicate = (!tmp)> <Delay = 0.64> <CoreInst = "DSP48">   --->   Core 127 'DSP48' <Latency = 3> <II = 1> <Delay = 0.53> <IPBlock> <Opcode : 'mul' 'add' 'sub' 'select'> <InPorts = 0> <OutPorts = 1> <Sync> <CReg>
ST_17 : Operation 2196 [1/2] (0.64ns) (root node of the DSP)   --->   "%ret_V_94 = sub i14 %r_V_96, i14 %r_V_97"   --->   Operation 2196 'sub' 'ret_V_94' <Predicate = (!tmp)> <Delay = 0.64> <CoreInst = "DSP48">   --->   Core 127 'DSP48' <Latency = 3> <II = 1> <Delay = 0.53> <IPBlock> <Opcode : 'mul' 'add' 'sub' 'select'> <InPorts = 0> <OutPorts = 1> <Sync> <CReg>
ST_17 : Operation 2197 [1/1] (2.89ns)   --->   "%p_Val2_36 = call i16 @round_fixed<16, 9>, i14 %ret_V_94" [C:/Xilinx/Vitis_HLS/2020.2/common/technology/autopilot\hls_math.h:2171->src/ORB.cpp:56]   --->   Operation 2197 'call' 'p_Val2_36' <Predicate = (!tmp)> <Delay = 2.89> <CoreType = "Generic">   --->   Core 0 '' <Latency = 0> <II = 1> <Delay = 1.00> <Generic> <Opcode : >
ST_17 : Operation 2198 [1/1] (0.00ns)   --->   "%trunc_ln831_23 = partselect i6 @_ssdm_op_PartSelect.i6.i16.i32.i32, i16 %p_Val2_36, i32 7, i32 12"   --->   Operation 2198 'partselect' 'trunc_ln831_23' <Predicate = (!tmp)> <Delay = 0.00>
ST_17 : Operation 2199 [1/1] (0.00ns) (grouped into LUT with out node add_ln60_12)   --->   "%p_Result_40 = bitselect i1 @_ssdm_op_BitSelect.i1.i16.i32, i16 %p_Val2_36, i32 15"   --->   Operation 2199 'bitselect' 'p_Result_40' <Predicate = (!tmp)> <Delay = 0.00>
ST_17 : Operation 2200 [1/1] (0.00ns)   --->   "%trunc_ln851_26 = trunc i16 %p_Val2_36"   --->   Operation 2200 'trunc' 'trunc_ln851_26' <Predicate = (!tmp)> <Delay = 0.00>
ST_17 : Operation 2201 [1/1] (0.81ns)   --->   "%icmp_ln851_27 = icmp_eq  i7 %trunc_ln851_26, i7 0"   --->   Operation 2201 'icmp' 'icmp_ln851_27' <Predicate = (!tmp)> <Delay = 0.81> <CoreInst = "Cmp">   --->   Core 9 'Cmp' <Latency = 0> <II = 1> <Delay = 0.44> <FuncUnit> <Opcode : 'icmp'> <InPorts = 2> <OutPorts = 1>
ST_17 : Operation 2202 [1/1] (0.78ns)   --->   "%ret_V_95 = add i6 %trunc_ln831_23, i6 1"   --->   Operation 2202 'add' 'ret_V_95' <Predicate = (!tmp)> <Delay = 0.78> <CoreInst = "Adder">   --->   Core 1 'Adder' <Latency = 0> <II = 1> <Delay = 0.77> <FuncUnit> <Opcode : 'add' 'sub'> <InPorts = 2> <OutPorts = 1>
ST_17 : Operation 2203 [1/1] (0.00ns) (grouped into LUT with out node add_ln60_12)   --->   "%select_ln850_27 = select i1 %icmp_ln851_27, i6 %trunc_ln831_23, i6 %ret_V_95"   --->   Operation 2203 'select' 'select_ln850_27' <Predicate = (!tmp)> <Delay = 0.00> <CoreInst = "Sel">   --->   Core 73 'Sel' <Latency = 0> <II = 1> <Delay = 0.39> <FuncUnit> <Opcode : 'select'> <InPorts = 3> <OutPorts = 1>
ST_17 : Operation 2204 [1/1] (0.00ns) (grouped into LUT with out node add_ln60_12)   --->   "%ret_V_142 = select i1 %p_Result_40, i6 %select_ln850_27, i6 %trunc_ln831_23"   --->   Operation 2204 'select' 'ret_V_142' <Predicate = (!tmp)> <Delay = 0.00> <CoreInst = "Sel">   --->   Core 73 'Sel' <Latency = 0> <II = 1> <Delay = 0.39> <FuncUnit> <Opcode : 'select'> <InPorts = 3> <OutPorts = 1>
ST_17 : Operation 2205 [1/2] (0.64ns) (root node of the DSP)   --->   "%ret_V_100 = sub i14 %r_V_100, i14 %r_V_101"   --->   Operation 2205 'sub' 'ret_V_100' <Predicate = (!tmp)> <Delay = 0.64> <CoreInst = "DSP48">   --->   Core 127 'DSP48' <Latency = 3> <II = 1> <Delay = 0.53> <IPBlock> <Opcode : 'mul' 'add' 'sub' 'select'> <InPorts = 0> <OutPorts = 1> <Sync> <CReg>
ST_17 : Operation 2206 [1/1] (2.89ns)   --->   "%p_Val2_38 = call i16 @round_fixed<16, 9>, i14 %ret_V_100" [C:/Xilinx/Vitis_HLS/2020.2/common/technology/autopilot\hls_math.h:2171->src/ORB.cpp:58]   --->   Operation 2206 'call' 'p_Val2_38' <Predicate = (!tmp)> <Delay = 2.89> <CoreType = "Generic">   --->   Core 0 '' <Latency = 0> <II = 1> <Delay = 1.00> <Generic> <Opcode : >
ST_17 : Operation 2207 [1/1] (0.00ns)   --->   "%trunc_ln831_25 = partselect i6 @_ssdm_op_PartSelect.i6.i16.i32.i32, i16 %p_Val2_38, i32 7, i32 12"   --->   Operation 2207 'partselect' 'trunc_ln831_25' <Predicate = (!tmp)> <Delay = 0.00>
ST_17 : Operation 2208 [1/1] (0.00ns) (grouped into LUT with out node add_ln61_12)   --->   "%p_Result_42 = bitselect i1 @_ssdm_op_BitSelect.i1.i16.i32, i16 %p_Val2_38, i32 15"   --->   Operation 2208 'bitselect' 'p_Result_42' <Predicate = (!tmp)> <Delay = 0.00>
ST_17 : Operation 2209 [1/1] (0.00ns)   --->   "%trunc_ln851_28 = trunc i16 %p_Val2_38"   --->   Operation 2209 'trunc' 'trunc_ln851_28' <Predicate = (!tmp)> <Delay = 0.00>
ST_17 : Operation 2210 [1/1] (0.81ns)   --->   "%icmp_ln851_29 = icmp_eq  i7 %trunc_ln851_28, i7 0"   --->   Operation 2210 'icmp' 'icmp_ln851_29' <Predicate = (!tmp)> <Delay = 0.81> <CoreInst = "Cmp">   --->   Core 9 'Cmp' <Latency = 0> <II = 1> <Delay = 0.44> <FuncUnit> <Opcode : 'icmp'> <InPorts = 2> <OutPorts = 1>
ST_17 : Operation 2211 [1/1] (0.78ns)   --->   "%ret_V_101 = add i6 %trunc_ln831_25, i6 1"   --->   Operation 2211 'add' 'ret_V_101' <Predicate = (!tmp)> <Delay = 0.78> <CoreInst = "Adder">   --->   Core 1 'Adder' <Latency = 0> <II = 1> <Delay = 0.77> <FuncUnit> <Opcode : 'add' 'sub'> <InPorts = 2> <OutPorts = 1>
ST_17 : Operation 2212 [1/1] (0.00ns) (grouped into LUT with out node add_ln61_12)   --->   "%select_ln850_29 = select i1 %icmp_ln851_29, i6 %trunc_ln831_25, i6 %ret_V_101"   --->   Operation 2212 'select' 'select_ln850_29' <Predicate = (!tmp)> <Delay = 0.00> <CoreInst = "Sel">   --->   Core 73 'Sel' <Latency = 0> <II = 1> <Delay = 0.39> <FuncUnit> <Opcode : 'select'> <InPorts = 3> <OutPorts = 1>
ST_17 : Operation 2213 [1/1] (0.00ns) (grouped into LUT with out node add_ln61_12)   --->   "%ret_V_144 = select i1 %p_Result_42, i6 %select_ln850_29, i6 %trunc_ln831_25"   --->   Operation 2213 'select' 'ret_V_144' <Predicate = (!tmp)> <Delay = 0.00> <CoreInst = "Sel">   --->   Core 73 'Sel' <Latency = 0> <II = 1> <Delay = 0.39> <FuncUnit> <Opcode : 'select'> <InPorts = 3> <OutPorts = 1>
ST_17 : Operation 2214 [1/1] (0.78ns) (out node of the LUT)   --->   "%add_ln60_12 = add i6 %ret_V_142, i6 18" [src/ORB.cpp:60]   --->   Operation 2214 'add' 'add_ln60_12' <Predicate = (!tmp)> <Delay = 0.78> <CoreInst = "Adder">   --->   Core 1 'Adder' <Latency = 0> <II = 1> <Delay = 0.77> <FuncUnit> <Opcode : 'add' 'sub'> <InPorts = 2> <OutPorts = 1>
ST_17 : Operation 2215 [1/3] (0.00ns) (grouped into DSP with root node add_ln60_13)   --->   "%mul_ln60_6 = mul i11 %zext_ln60_12, i11 37" [src/ORB.cpp:60]   --->   Operation 2215 'mul' 'mul_ln60_6' <Predicate = (!tmp)> <Delay = 0.00> <CoreInst = "DSP48">   --->   Core 127 'DSP48' <Latency = 3> <II = 1> <Delay = 0.53> <IPBlock> <Opcode : 'mul' 'add' 'sub' 'select'> <InPorts = 0> <OutPorts = 1> <Sync> <CReg>
ST_17 : Operation 2216 [1/1] (0.00ns)   --->   "%zext_ln60_13 = zext i6 %add_ln60_12" [src/ORB.cpp:60]   --->   Operation 2216 'zext' 'zext_ln60_13' <Predicate = (!tmp)> <Delay = 0.00>
ST_17 : Operation 2217 [2/2] (0.64ns) (root node of the DSP)   --->   "%add_ln60_13 = add i11 %mul_ln60_6, i11 %zext_ln60_13" [src/ORB.cpp:60]   --->   Operation 2217 'add' 'add_ln60_13' <Predicate = (!tmp)> <Delay = 0.64> <CoreInst = "DSP48">   --->   Core 127 'DSP48' <Latency = 3> <II = 1> <Delay = 0.53> <IPBlock> <Opcode : 'mul' 'add' 'sub' 'select'> <InPorts = 0> <OutPorts = 1> <Sync> <CReg>
ST_17 : Operation 2218 [1/1] (0.78ns) (out node of the LUT)   --->   "%add_ln61_12 = add i6 %ret_V_144, i6 18" [src/ORB.cpp:61]   --->   Operation 2218 'add' 'add_ln61_12' <Predicate = (!tmp)> <Delay = 0.78> <CoreInst = "Adder">   --->   Core 1 'Adder' <Latency = 0> <II = 1> <Delay = 0.77> <FuncUnit> <Opcode : 'add' 'sub'> <InPorts = 2> <OutPorts = 1>
ST_17 : Operation 2219 [1/3] (0.00ns) (grouped into DSP with root node add_ln61_13)   --->   "%mul_ln61_6 = mul i11 %zext_ln61_12, i11 37" [src/ORB.cpp:61]   --->   Operation 2219 'mul' 'mul_ln61_6' <Predicate = (!tmp)> <Delay = 0.00> <CoreInst = "DSP48">   --->   Core 127 'DSP48' <Latency = 3> <II = 1> <Delay = 0.53> <IPBlock> <Opcode : 'mul' 'add' 'sub' 'select'> <InPorts = 0> <OutPorts = 1> <Sync> <CReg>
ST_17 : Operation 2220 [1/1] (0.00ns)   --->   "%zext_ln61_13 = zext i6 %add_ln61_12" [src/ORB.cpp:61]   --->   Operation 2220 'zext' 'zext_ln61_13' <Predicate = (!tmp)> <Delay = 0.00>
ST_17 : Operation 2221 [2/2] (0.64ns) (root node of the DSP)   --->   "%add_ln61_13 = add i11 %mul_ln61_6, i11 %zext_ln61_13" [src/ORB.cpp:61]   --->   Operation 2221 'add' 'add_ln61_13' <Predicate = (!tmp)> <Delay = 0.64> <CoreInst = "DSP48">   --->   Core 127 'DSP48' <Latency = 3> <II = 1> <Delay = 0.53> <IPBlock> <Opcode : 'mul' 'add' 'sub' 'select'> <InPorts = 0> <OutPorts = 1> <Sync> <CReg>
ST_17 : Operation 2222 [1/2] (0.64ns) (root node of the DSP)   --->   "%ret_V_106 = sub i14 %r_V_104, i14 %r_V_105"   --->   Operation 2222 'sub' 'ret_V_106' <Predicate = (!tmp)> <Delay = 0.64> <CoreInst = "DSP48">   --->   Core 127 'DSP48' <Latency = 3> <II = 1> <Delay = 0.53> <IPBlock> <Opcode : 'mul' 'add' 'sub' 'select'> <InPorts = 0> <OutPorts = 1> <Sync> <CReg>
ST_17 : Operation 2223 [1/1] (2.89ns)   --->   "%p_Val2_41 = call i16 @round_fixed<16, 9>, i14 %ret_V_106" [C:/Xilinx/Vitis_HLS/2020.2/common/technology/autopilot\hls_math.h:2171->src/ORB.cpp:56]   --->   Operation 2223 'call' 'p_Val2_41' <Predicate = (!tmp)> <Delay = 2.89> <CoreType = "Generic">   --->   Core 0 '' <Latency = 0> <II = 1> <Delay = 1.00> <Generic> <Opcode : >
ST_17 : Operation 2224 [1/1] (0.00ns)   --->   "%trunc_ln831_27 = partselect i6 @_ssdm_op_PartSelect.i6.i16.i32.i32, i16 %p_Val2_41, i32 7, i32 12"   --->   Operation 2224 'partselect' 'trunc_ln831_27' <Predicate = (!tmp)> <Delay = 0.00>
ST_17 : Operation 2225 [1/1] (0.00ns) (grouped into LUT with out node add_ln60_14)   --->   "%p_Result_45 = bitselect i1 @_ssdm_op_BitSelect.i1.i16.i32, i16 %p_Val2_41, i32 15"   --->   Operation 2225 'bitselect' 'p_Result_45' <Predicate = (!tmp)> <Delay = 0.00>
ST_17 : Operation 2226 [1/1] (0.00ns)   --->   "%trunc_ln851_30 = trunc i16 %p_Val2_41"   --->   Operation 2226 'trunc' 'trunc_ln851_30' <Predicate = (!tmp)> <Delay = 0.00>
ST_17 : Operation 2227 [1/1] (0.81ns)   --->   "%icmp_ln851_31 = icmp_eq  i7 %trunc_ln851_30, i7 0"   --->   Operation 2227 'icmp' 'icmp_ln851_31' <Predicate = (!tmp)> <Delay = 0.81> <CoreInst = "Cmp">   --->   Core 9 'Cmp' <Latency = 0> <II = 1> <Delay = 0.44> <FuncUnit> <Opcode : 'icmp'> <InPorts = 2> <OutPorts = 1>
ST_17 : Operation 2228 [1/1] (0.78ns)   --->   "%ret_V_107 = add i6 %trunc_ln831_27, i6 1"   --->   Operation 2228 'add' 'ret_V_107' <Predicate = (!tmp)> <Delay = 0.78> <CoreInst = "Adder">   --->   Core 1 'Adder' <Latency = 0> <II = 1> <Delay = 0.77> <FuncUnit> <Opcode : 'add' 'sub'> <InPorts = 2> <OutPorts = 1>
ST_17 : Operation 2229 [1/1] (0.00ns) (grouped into LUT with out node add_ln60_14)   --->   "%select_ln850_31 = select i1 %icmp_ln851_31, i6 %trunc_ln831_27, i6 %ret_V_107"   --->   Operation 2229 'select' 'select_ln850_31' <Predicate = (!tmp)> <Delay = 0.00> <CoreInst = "Sel">   --->   Core 73 'Sel' <Latency = 0> <II = 1> <Delay = 0.39> <FuncUnit> <Opcode : 'select'> <InPorts = 3> <OutPorts = 1>
ST_17 : Operation 2230 [1/1] (0.00ns) (grouped into LUT with out node add_ln60_14)   --->   "%ret_V_146 = select i1 %p_Result_45, i6 %select_ln850_31, i6 %trunc_ln831_27"   --->   Operation 2230 'select' 'ret_V_146' <Predicate = (!tmp)> <Delay = 0.00> <CoreInst = "Sel">   --->   Core 73 'Sel' <Latency = 0> <II = 1> <Delay = 0.39> <FuncUnit> <Opcode : 'select'> <InPorts = 3> <OutPorts = 1>
ST_17 : Operation 2231 [1/2] (0.64ns) (root node of the DSP)   --->   "%ret_V_112 = sub i14 %r_V_108, i14 %r_V_109"   --->   Operation 2231 'sub' 'ret_V_112' <Predicate = (!tmp)> <Delay = 0.64> <CoreInst = "DSP48">   --->   Core 127 'DSP48' <Latency = 3> <II = 1> <Delay = 0.53> <IPBlock> <Opcode : 'mul' 'add' 'sub' 'select'> <InPorts = 0> <OutPorts = 1> <Sync> <CReg>
ST_17 : Operation 2232 [1/1] (2.89ns)   --->   "%p_Val2_43 = call i16 @round_fixed<16, 9>, i14 %ret_V_112" [C:/Xilinx/Vitis_HLS/2020.2/common/technology/autopilot\hls_math.h:2171->src/ORB.cpp:58]   --->   Operation 2232 'call' 'p_Val2_43' <Predicate = (!tmp)> <Delay = 2.89> <CoreType = "Generic">   --->   Core 0 '' <Latency = 0> <II = 1> <Delay = 1.00> <Generic> <Opcode : >
ST_17 : Operation 2233 [1/1] (0.00ns)   --->   "%trunc_ln831_29 = partselect i6 @_ssdm_op_PartSelect.i6.i16.i32.i32, i16 %p_Val2_43, i32 7, i32 12"   --->   Operation 2233 'partselect' 'trunc_ln831_29' <Predicate = (!tmp)> <Delay = 0.00>
ST_17 : Operation 2234 [1/1] (0.00ns) (grouped into LUT with out node add_ln61_14)   --->   "%p_Result_47 = bitselect i1 @_ssdm_op_BitSelect.i1.i16.i32, i16 %p_Val2_43, i32 15"   --->   Operation 2234 'bitselect' 'p_Result_47' <Predicate = (!tmp)> <Delay = 0.00>
ST_17 : Operation 2235 [1/1] (0.00ns)   --->   "%trunc_ln851_32 = trunc i16 %p_Val2_43"   --->   Operation 2235 'trunc' 'trunc_ln851_32' <Predicate = (!tmp)> <Delay = 0.00>
ST_17 : Operation 2236 [1/1] (0.81ns)   --->   "%icmp_ln851_33 = icmp_eq  i7 %trunc_ln851_32, i7 0"   --->   Operation 2236 'icmp' 'icmp_ln851_33' <Predicate = (!tmp)> <Delay = 0.81> <CoreInst = "Cmp">   --->   Core 9 'Cmp' <Latency = 0> <II = 1> <Delay = 0.44> <FuncUnit> <Opcode : 'icmp'> <InPorts = 2> <OutPorts = 1>
ST_17 : Operation 2237 [1/1] (0.78ns)   --->   "%ret_V_113 = add i6 %trunc_ln831_29, i6 1"   --->   Operation 2237 'add' 'ret_V_113' <Predicate = (!tmp)> <Delay = 0.78> <CoreInst = "Adder">   --->   Core 1 'Adder' <Latency = 0> <II = 1> <Delay = 0.77> <FuncUnit> <Opcode : 'add' 'sub'> <InPorts = 2> <OutPorts = 1>
ST_17 : Operation 2238 [1/1] (0.00ns) (grouped into LUT with out node add_ln61_14)   --->   "%select_ln850_33 = select i1 %icmp_ln851_33, i6 %trunc_ln831_29, i6 %ret_V_113"   --->   Operation 2238 'select' 'select_ln850_33' <Predicate = (!tmp)> <Delay = 0.00> <CoreInst = "Sel">   --->   Core 73 'Sel' <Latency = 0> <II = 1> <Delay = 0.39> <FuncUnit> <Opcode : 'select'> <InPorts = 3> <OutPorts = 1>
ST_17 : Operation 2239 [1/1] (0.00ns) (grouped into LUT with out node add_ln61_14)   --->   "%ret_V_148 = select i1 %p_Result_47, i6 %select_ln850_33, i6 %trunc_ln831_29"   --->   Operation 2239 'select' 'ret_V_148' <Predicate = (!tmp)> <Delay = 0.00> <CoreInst = "Sel">   --->   Core 73 'Sel' <Latency = 0> <II = 1> <Delay = 0.39> <FuncUnit> <Opcode : 'select'> <InPorts = 3> <OutPorts = 1>
ST_17 : Operation 2240 [1/1] (0.78ns) (out node of the LUT)   --->   "%add_ln60_14 = add i6 %ret_V_146, i6 18" [src/ORB.cpp:60]   --->   Operation 2240 'add' 'add_ln60_14' <Predicate = (!tmp)> <Delay = 0.78> <CoreInst = "Adder">   --->   Core 1 'Adder' <Latency = 0> <II = 1> <Delay = 0.77> <FuncUnit> <Opcode : 'add' 'sub'> <InPorts = 2> <OutPorts = 1>
ST_17 : Operation 2241 [1/3] (0.00ns) (grouped into DSP with root node add_ln60_15)   --->   "%mul_ln60_7 = mul i11 %zext_ln60_14, i11 37" [src/ORB.cpp:60]   --->   Operation 2241 'mul' 'mul_ln60_7' <Predicate = (!tmp)> <Delay = 0.00> <CoreInst = "DSP48">   --->   Core 127 'DSP48' <Latency = 3> <II = 1> <Delay = 0.53> <IPBlock> <Opcode : 'mul' 'add' 'sub' 'select'> <InPorts = 0> <OutPorts = 1> <Sync> <CReg>
ST_17 : Operation 2242 [1/1] (0.00ns)   --->   "%zext_ln60_15 = zext i6 %add_ln60_14" [src/ORB.cpp:60]   --->   Operation 2242 'zext' 'zext_ln60_15' <Predicate = (!tmp)> <Delay = 0.00>
ST_17 : Operation 2243 [2/2] (0.64ns) (root node of the DSP)   --->   "%add_ln60_15 = add i11 %mul_ln60_7, i11 %zext_ln60_15" [src/ORB.cpp:60]   --->   Operation 2243 'add' 'add_ln60_15' <Predicate = (!tmp)> <Delay = 0.64> <CoreInst = "DSP48">   --->   Core 127 'DSP48' <Latency = 3> <II = 1> <Delay = 0.53> <IPBlock> <Opcode : 'mul' 'add' 'sub' 'select'> <InPorts = 0> <OutPorts = 1> <Sync> <CReg>
ST_17 : Operation 2244 [1/1] (0.78ns) (out node of the LUT)   --->   "%add_ln61_14 = add i6 %ret_V_148, i6 18" [src/ORB.cpp:61]   --->   Operation 2244 'add' 'add_ln61_14' <Predicate = (!tmp)> <Delay = 0.78> <CoreInst = "Adder">   --->   Core 1 'Adder' <Latency = 0> <II = 1> <Delay = 0.77> <FuncUnit> <Opcode : 'add' 'sub'> <InPorts = 2> <OutPorts = 1>
ST_17 : Operation 2245 [1/3] (0.00ns) (grouped into DSP with root node add_ln61_15)   --->   "%mul_ln61_7 = mul i11 %zext_ln61_14, i11 37" [src/ORB.cpp:61]   --->   Operation 2245 'mul' 'mul_ln61_7' <Predicate = (!tmp)> <Delay = 0.00> <CoreInst = "DSP48">   --->   Core 127 'DSP48' <Latency = 3> <II = 1> <Delay = 0.53> <IPBlock> <Opcode : 'mul' 'add' 'sub' 'select'> <InPorts = 0> <OutPorts = 1> <Sync> <CReg>
ST_17 : Operation 2246 [1/1] (0.00ns)   --->   "%zext_ln61_15 = zext i6 %add_ln61_14" [src/ORB.cpp:61]   --->   Operation 2246 'zext' 'zext_ln61_15' <Predicate = (!tmp)> <Delay = 0.00>
ST_17 : Operation 2247 [2/2] (0.64ns) (root node of the DSP)   --->   "%add_ln61_15 = add i11 %mul_ln61_7, i11 %zext_ln61_15" [src/ORB.cpp:61]   --->   Operation 2247 'add' 'add_ln61_15' <Predicate = (!tmp)> <Delay = 0.64> <CoreInst = "DSP48">   --->   Core 127 'DSP48' <Latency = 3> <II = 1> <Delay = 0.53> <IPBlock> <Opcode : 'mul' 'add' 'sub' 'select'> <InPorts = 0> <OutPorts = 1> <Sync> <CReg>

State 18 <SV = 16> <Delay = 3.25>
ST_18 : Operation 2248 [1/1] (0.00ns)   --->   "%specloopname_ln50 = specloopname void @_ssdm_op_SpecLoopName, void @empty_30" [src/ORB.cpp:50]   --->   Operation 2248 'specloopname' 'specloopname_ln50' <Predicate = (!tmp)> <Delay = 0.00>
ST_18 : Operation 2249 [1/2] (0.64ns) (root node of the DSP)   --->   "%add_ln60 = add i11 %mul_ln60, i11 %zext_ln60_1" [src/ORB.cpp:60]   --->   Operation 2249 'add' 'add_ln60' <Predicate = (!tmp)> <Delay = 0.64> <CoreInst = "DSP48">   --->   Core 127 'DSP48' <Latency = 3> <II = 1> <Delay = 0.53> <IPBlock> <Opcode : 'mul' 'add' 'sub' 'select'> <InPorts = 0> <OutPorts = 1> <Sync> <CReg>
ST_18 : Operation 2250 [1/1] (1.76ns)   --->   "%t0_V = mux i8 @_ssdm_op_Mux.ap_auto.1369i8.i11, i8 %p_read11371, i8 %p_read21372, i8 %p_read31373, i8 %p_read41374, i8 %p_read51375, i8 %p_read61376, i8 %p_read_1377, i8 %p_read_1376, i8 %p_read_1375, i8 %p_read_1374, i8 %p_read_1373, i8 %p_read_1372, i8 %p_read_1371, i8 %p_read_1370, i8 %p_read_1369, i8 %p_read_1368, i8 %p_read_1367, i8 %p_read_1366, i8 %p_read_1365, i8 %p_read_1364, i8 %p_read_1363, i8 %p_read_1362, i8 %p_read_1361, i8 %p_read_1360, i8 %p_read_1359, i8 %p_read_1358, i8 %p_read_1357, i8 %p_read_1356, i8 %p_read_1355, i8 %p_read_1354, i8 %p_read_1353, i8 %p_read_1352, i8 %p_read_1351, i8 %p_read_1350, i8 %p_read_1349, i8 %p_read_1348, i8 %p_read_1347, i8 %p_read_1346, i8 %p_read_1345, i8 %p_read_1344, i8 %p_read_1343, i8 %p_read_1342, i8 %p_read_1341, i8 %p_read_1340, i8 %p_read_1339, i8 %p_read_1338, i8 %p_read_1337, i8 %p_read_1336, i8 %p_read_1335, i8 %p_read_1334, i8 %p_read_1333, i8 %p_read_1332, i8 %p_read_1331, i8 %p_read_1330, i8 %p_read_1329, i8 %p_read_1328, i8 %p_read_1327, i8 %p_read_1326, i8 %p_read_1325, i8 %p_read_1324, i8 %p_read_1323, i8 %p_read_1322, i8 %p_read_1321, i8 %p_read_1320, i8 %p_read_1319, i8 %p_read_1318, i8 %p_read_1317, i8 %p_read_1316, i8 %p_read_1315, i8 %p_read_1314, i8 %p_read_1313, i8 %p_read_1312, i8 %p_read_1311, i8 %p_read_1310, i8 %p_read_1309, i8 %p_read_1308, i8 %p_read_1307, i8 %p_read_1306, i8 %p_read_1305, i8 %p_read_1304, i8 %p_read_1303, i8 %p_read_1302, i8 %p_read_1301, i8 %p_read_1300, i8 %p_read_1299, i8 %p_read_1298, i8 %p_read_1297, i8 %p_read_1296, i8 %p_read_1295, i8 %p_read_1294, i8 %p_read_1293, i8 %p_read_1292, i8 %p_read_1291, i8 %p_read_1290, i8 %p_read_1289, i8 %p_read_1288, i8 %p_read_1287, i8 %p_read_1286, i8 %p_read_1285, i8 %p_read_1284, i8 %p_read_1283, i8 %p_read_1282, i8 %p_read_1281, i8 %p_read_1280, i8 %p_read_1279, i8 %p_read_1278, i8 %p_read_1277, i8 %p_read_1276, i8 %p_read_1275, i8 %p_read_1274, i8 %p_read_1273, i8 %p_read_1272, i8 %p_read_1271, i8 %p_read_1270, i8 %p_read_1269, i8 %p_read_1268, i8 %p_read_1267, i8 %p_read_1266, i8 %p_read_1265, i8 %p_read_1264, i8 %p_read_1263, i8 %p_read_1262, i8 %p_read_1261, i8 %p_read_1260, i8 %p_read_1259, i8 %p_read_1258, i8 %p_read_1257, i8 %p_read_1256, i8 %p_read_1255, i8 %p_read_1254, i8 %p_read_1253, i8 %p_read_1252, i8 %p_read_1251, i8 %p_read_1250, i8 %p_read_1249, i8 %p_read_1248, i8 %p_read_1247, i8 %p_read_1246, i8 %p_read_1245, i8 %p_read_1244, i8 %p_read_1243, i8 %p_read_1242, i8 %p_read_1241, i8 %p_read_1240, i8 %p_read_1239, i8 %p_read_1238, i8 %p_read_1237, i8 %p_read_1236, i8 %p_read_1235, i8 %p_read_1234, i8 %p_read_1233, i8 %p_read_1232, i8 %p_read_1231, i8 %p_read_1230, i8 %p_read_1229, i8 %p_read_1228, i8 %p_read_1227, i8 %p_read_1226, i8 %p_read_1225, i8 %p_read_1224, i8 %p_read_1223, i8 %p_read_1222, i8 %p_read_1221, i8 %p_read_1220, i8 %p_read_1219, i8 %p_read_1218, i8 %p_read_1217, i8 %p_read_1216, i8 %p_read_1215, i8 %p_read_1214, i8 %p_read_1213, i8 %p_read_1212, i8 %p_read_1211, i8 %p_read_1210, i8 %p_read_1209, i8 %p_read_1208, i8 %p_read_1207, i8 %p_read_1206, i8 %p_read_1205, i8 %p_read_1204, i8 %p_read_1203, i8 %p_read_1202, i8 %p_read_1201, i8 %p_read_1200, i8 %p_read_1199, i8 %p_read_1198, i8 %p_read_1197, i8 %p_read_1196, i8 %p_read_1195, i8 %p_read_1194, i8 %p_read_1193, i8 %p_read_1192, i8 %p_read_1191, i8 %p_read_1190, i8 %p_read_1189, i8 %p_read_1188, i8 %p_read_1187, i8 %p_read_1186, i8 %p_read_1185, i8 %p_read_1184, i8 %p_read_1183, i8 %p_read_1182, i8 %p_read_1181, i8 %p_read_1180, i8 %p_read_1179, i8 %p_read_1178, i8 %p_read_1177, i8 %p_read_1176, i8 %p_read_1175, i8 %p_read_1174, i8 %p_read_1173, i8 %p_read_1172, i8 %p_read_1171, i8 %p_read_1170, i8 %p_read_1169, i8 %p_read_1168, i8 %p_read_1167, i8 %p_read_1166, i8 %p_read_1165, i8 %p_read_1164, i8 %p_read_1163, i8 %p_read_1162, i8 %p_read_1161, i8 %p_read_1160, i8 %p_read_1159, i8 %p_read_1158, i8 %p_read_1157, i8 %p_read_1156, i8 %p_read_1155, i8 %p_read_1154, i8 %p_read_1153, i8 %p_read_1152, i8 %p_read_1151, i8 %p_read_1150, i8 %p_read_1149, i8 %p_read_1148, i8 %p_read_1147, i8 %p_read_1146, i8 %p_read_1145, i8 %p_read_1144, i8 %p_read_1143, i8 %p_read_1142, i8 %p_read_1141, i8 %p_read_1140, i8 %p_read_1139, i8 %p_read_1138, i8 %p_read_1137, i8 %p_read_1136, i8 %p_read_1135, i8 %p_read_1134, i8 %p_read_1133, i8 %p_read_1132, i8 %p_read_1131, i8 %p_read_1130, i8 %p_read_1129, i8 %p_read_1128, i8 %p_read_1127, i8 %p_read_1126, i8 %p_read_1125, i8 %p_read_1124, i8 %p_read_1123, i8 %p_read_1122, i8 %p_read_1121, i8 %p_read_1120, i8 %p_read_1119, i8 %p_read_1118, i8 %p_read_1117, i8 %p_read_1116, i8 %p_read_1115, i8 %p_read_1114, i8 %p_read_1113, i8 %p_read_1112, i8 %p_read_1111, i8 %p_read_1110, i8 %p_read_1109, i8 %p_read_1108, i8 %p_read_1107, i8 %p_read_1106, i8 %p_read_1105, i8 %p_read_1104, i8 %p_read_1103, i8 %p_read_1102, i8 %p_read_1101, i8 %p_read_1100, i8 %p_read_1099, i8 %p_read_1098, i8 %p_read_1097, i8 %p_read_1096, i8 %p_read_1095, i8 %p_read_1094, i8 %p_read_1093, i8 %p_read_1092, i8 %p_read_1091, i8 %p_read_1090, i8 %p_read_1089, i8 %p_read_1088, i8 %p_read_1087, i8 %p_read_1086, i8 %p_read_1085, i8 %p_read_1084, i8 %p_read_1083, i8 %p_read_1082, i8 %p_read_1081, i8 %p_read_1080, i8 %p_read_1079, i8 %p_read_1078, i8 %p_read_1077, i8 %p_read_1076, i8 %p_read_1075, i8 %p_read_1074, i8 %p_read_1073, i8 %p_read_1072, i8 %p_read_1071, i8 %p_read_1070, i8 %p_read_1069, i8 %p_read_1068, i8 %p_read_1067, i8 %p_read_1066, i8 %p_read_1065, i8 %p_read_1064, i8 %p_read_1063, i8 %p_read_1062, i8 %p_read_1061, i8 %p_read_1060, i8 %p_read_1059, i8 %p_read_1058, i8 %p_read_1057, i8 %p_read_1056, i8 %p_read_1055, i8 %p_read_1054, i8 %p_read_1053, i8 %p_read_1052, i8 %p_read_1051, i8 %p_read_1050, i8 %p_read_1049, i8 %p_read_1048, i8 %p_read_1047, i8 %p_read_1046, i8 %p_read_1045, i8 %p_read_1044, i8 %p_read_1043, i8 %p_read_1042, i8 %p_read_1041, i8 %p_read_1040, i8 %p_read_1039, i8 %p_read_1038, i8 %p_read_1037, i8 %p_read_1036, i8 %p_read_1035, i8 %p_read_1034, i8 %p_read_1033, i8 %p_read_1032, i8 %p_read_1031, i8 %p_read_1030, i8 %p_read_1029, i8 %p_read_1028, i8 %p_read_1027, i8 %p_read_1026, i8 %p_read_1025, i8 %p_read_1024, i8 %p_read_1023, i8 %p_read_1022, i8 %p_read_1021, i8 %p_read_1020, i8 %p_read_1019, i8 %p_read_1018, i8 %p_read_1017, i8 %p_read_1016, i8 %p_read_1015, i8 %p_read_1014, i8 %p_read_1013, i8 %p_read_1012, i8 %p_read_1011, i8 %p_read_1010, i8 %p_read_1009, i8 %p_read_1008, i8 %p_read_1007, i8 %p_read_1006, i8 %p_read_1005, i8 %p_read_1004, i8 %p_read_1003, i8 %p_read_1002, i8 %p_read_1001, i8 %p_read_1000, i8 %p_read_999, i8 %p_read_998, i8 %p_read_997, i8 %p_read_996, i8 %p_read_995, i8 %p_read_994, i8 %p_read_993, i8 %p_read_992, i8 %p_read_991, i8 %p_read_990, i8 %p_read_989, i8 %p_read_988, i8 %p_read_987, i8 %p_read_986, i8 %p_read_985, i8 %p_read_984, i8 %p_read_983, i8 %p_read_982, i8 %p_read_981, i8 %p_read_980, i8 %p_read_979, i8 %p_read_978, i8 %p_read_977, i8 %p_read_976, i8 %p_read_975, i8 %p_read_974, i8 %p_read_973, i8 %p_read_972, i8 %p_read_971, i8 %p_read_970, i8 %p_read_969, i8 %p_read_968, i8 %p_read_967, i8 %p_read_966, i8 %p_read_965, i8 %p_read_964, i8 %p_read_963, i8 %p_read_962, i8 %p_read_961, i8 %p_read_960, i8 %p_read_959, i8 %p_read_958, i8 %p_read_957, i8 %p_read_956, i8 %p_read_955, i8 %p_read_954, i8 %p_read_953, i8 %p_read_952, i8 %p_read_951, i8 %p_read_950, i8 %p_read_949, i8 %p_read_948, i8 %p_read_947, i8 %p_read_946, i8 %p_read_945, i8 %p_read_944, i8 %p_read_943, i8 %p_read_942, i8 %p_read_941, i8 %p_read_940, i8 %p_read_939, i8 %p_read_938, i8 %p_read_937, i8 %p_read_936, i8 %p_read_935, i8 %p_read_934, i8 %p_read_933, i8 %p_read_932, i8 %p_read_931, i8 %p_read_930, i8 %p_read_929, i8 %p_read_928, i8 %p_read_927, i8 %p_read_926, i8 %p_read_925, i8 %p_read_924, i8 %p_read_923, i8 %p_read_922, i8 %p_read_921, i8 %p_read_920, i8 %p_read_919, i8 %p_read_918, i8 %p_read_917, i8 %p_read_916, i8 %p_read_915, i8 %p_read_914, i8 %p_read_913, i8 %p_read_912, i8 %p_read_911, i8 %p_read_910, i8 %p_read_909, i8 %p_read_908, i8 %p_read_907, i8 %p_read_906, i8 %p_read_905, i8 %p_read_904, i8 %p_read_903, i8 %p_read_902, i8 %p_read_901, i8 %p_read_900, i8 %p_read_899, i8 %p_read_898, i8 %p_read_897, i8 %p_read_896, i8 %p_read_895, i8 %p_read_894, i8 %p_read_893, i8 %p_read_892, i8 %p_read_891, i8 %p_read_890, i8 %p_read_889, i8 %p_read_888, i8 %p_read_887, i8 %p_read_886, i8 %p_read_885, i8 %p_read_884, i8 %p_read_883, i8 %p_read_882, i8 %p_read_881, i8 %p_read_880, i8 %p_read_879, i8 %p_read_878, i8 %p_read_877, i8 %p_read_876, i8 %p_read_875, i8 %p_read_874, i8 %p_read_873, i8 %p_read_872, i8 %p_read_871, i8 %p_read_870, i8 %p_read_869, i8 %p_read_868, i8 %p_read_867, i8 %p_read_866, i8 %p_read_865, i8 %p_read_864, i8 %p_read_863, i8 %p_read_862, i8 %p_read_861, i8 %p_read_860, i8 %p_read_859, i8 %p_read_858, i8 %p_read_857, i8 %p_read_856, i8 %p_read_855, i8 %p_read_854, i8 %p_read_853, i8 %p_read_852, i8 %p_read_851, i8 %p_read_850, i8 %p_read_849, i8 %p_read_848, i8 %p_read_847, i8 %p_read_846, i8 %p_read_845, i8 %p_read_844, i8 %p_read_843, i8 %p_read_842, i8 %p_read_841, i8 %p_read_840, i8 %p_read_839, i8 %p_read_838, i8 %p_read_837, i8 %p_read_836, i8 %p_read_835, i8 %p_read_834, i8 %p_read_833, i8 %p_read_832, i8 %p_read_831, i8 %p_read_830, i8 %p_read_829, i8 %p_read_828, i8 %p_read_827, i8 %p_read_826, i8 %p_read_825, i8 %p_read_824, i8 %p_read_823, i8 %p_read_822, i8 %p_read_821, i8 %p_read_820, i8 %p_read_819, i8 %p_read_818, i8 %p_read_817, i8 %p_read_816, i8 %p_read_815, i8 %p_read_814, i8 %p_read_813, i8 %p_read_812, i8 %p_read_811, i8 %p_read_810, i8 %p_read_809, i8 %p_read_808, i8 %p_read_807, i8 %p_read_806, i8 %p_read_805, i8 %p_read_804, i8 %p_read_803, i8 %p_read_802, i8 %p_read_801, i8 %p_read_800, i8 %p_read_799, i8 %p_read_798, i8 %p_read_797, i8 %p_read_796, i8 %p_read_795, i8 %p_read_794, i8 %p_read_793, i8 %p_read_792, i8 %p_read_791, i8 %p_read_790, i8 %p_read_789, i8 %p_read_788, i8 %p_read_787, i8 %p_read_786, i8 %p_read_785, i8 %p_read_784, i8 %p_read_783, i8 %p_read_782, i8 %p_read_781, i8 %p_read_780, i8 %p_read_779, i8 %p_read_778, i8 %p_read_777, i8 %p_read_776, i8 %p_read_775, i8 %p_read_774, i8 %p_read_773, i8 %p_read_772, i8 %p_read_771, i8 %p_read_770, i8 %p_read_769, i8 %p_read_768, i8 %p_read_767, i8 %p_read_766, i8 %p_read_765, i8 %p_read_764, i8 %p_read_763, i8 %p_read_762, i8 %p_read_761, i8 %p_read_760, i8 %p_read_759, i8 %p_read_758, i8 %p_read_757, i8 %p_read_756, i8 %p_read_755, i8 %p_read_754, i8 %p_read_753, i8 %p_read_752, i8 %p_read_751, i8 %p_read_750, i8 %p_read_749, i8 %p_read_748, i8 %p_read_747, i8 %p_read_746, i8 %p_read_745, i8 %p_read_744, i8 %p_read_743, i8 %p_read_742, i8 %p_read_741, i8 %p_read_740, i8 %p_read_739, i8 %p_read_738, i8 %p_read_737, i8 %p_read_736, i8 %p_read_735, i8 %p_read_734, i8 %p_read_733, i8 %p_read_732, i8 %p_read_731, i8 %p_read_730, i8 %p_read_729, i8 %p_read_728, i8 %p_read_727, i8 %p_read_726, i8 %p_read_725, i8 %p_read_724, i8 %p_read_723, i8 %p_read_722, i8 %p_read_721, i8 %p_read_720, i8 %p_read_719, i8 %p_read_718, i8 %p_read_717, i8 %p_read_716, i8 %p_read_715, i8 %p_read_714, i8 %p_read_713, i8 %p_read_712, i8 %p_read_711, i8 %p_read_710, i8 %p_read_709, i8 %p_read_708, i8 %p_read_707, i8 %p_read_706, i8 %p_read_705, i8 %p_read_704, i8 %p_read_703, i8 %p_read_702, i8 %p_read_701, i8 %p_read_700, i8 %p_read_699, i8 %p_read_698, i8 %p_read_697, i8 %p_read_696, i8 %p_read_695, i8 %p_read_694, i8 %p_read_693, i8 %p_read_692, i8 %p_read_691, i8 %p_read_690, i8 %p_read_689, i8 %p_read_688, i8 %p_read_687, i8 %p_read_686, i8 %p_read_685, i8 %p_read_684, i8 %p_read_683, i8 %p_read_682, i8 %p_read_681, i8 %p_read_680, i8 %p_read_679, i8 %p_read_678, i8 %p_read_677, i8 %p_read_676, i8 %p_read_675, i8 %p_read_674, i8 %p_read_673, i8 %p_read_672, i8 %p_read_671, i8 %p_read_670, i8 %p_read_669, i8 %p_read_668, i8 %p_read_667, i8 %p_read_666, i8 %p_read_665, i8 %p_read_664, i8 %p_read_663, i8 %p_read_662, i8 %p_read_661, i8 %p_read_660, i8 %p_read_659, i8 %p_read_658, i8 %p_read_657, i8 %p_read_656, i8 %p_read_655, i8 %p_read_654, i8 %p_read_653, i8 %p_read_652, i8 %p_read_651, i8 %p_read_650, i8 %p_read_649, i8 %p_read_648, i8 %p_read_647, i8 %p_read_646, i8 %p_read_645, i8 %p_read_644, i8 %p_read_643, i8 %p_read_642, i8 %p_read_641, i8 %p_read_640, i8 %p_read_639, i8 %p_read_638, i8 %p_read_637, i8 %p_read_636, i8 %p_read_635, i8 %p_read_634, i8 %p_read_633, i8 %p_read_632, i8 %p_read_631, i8 %p_read_630, i8 %p_read_629, i8 %p_read_628, i8 %p_read_627, i8 %p_read_626, i8 %p_read_625, i8 %p_read_624, i8 %p_read_623, i8 %p_read_622, i8 %p_read_621, i8 %p_read_620, i8 %p_read_619, i8 %p_read_618, i8 %p_read_617, i8 %p_read_616, i8 %p_read_615, i8 %p_read_614, i8 %p_read_613, i8 %p_read_612, i8 %p_read_611, i8 %p_read_610, i8 %p_read_609, i8 %p_read_608, i8 %p_read_607, i8 %p_read_606, i8 %p_read_605, i8 %p_read_604, i8 %p_read_603, i8 %p_read_602, i8 %p_read_601, i8 %p_read_600, i8 %p_read_599, i8 %p_read_598, i8 %p_read_597, i8 %p_read_596, i8 %p_read_595, i8 %p_read_594, i8 %p_read_593, i8 %p_read_592, i8 %p_read_591, i8 %p_read_590, i8 %p_read_589, i8 %p_read_588, i8 %p_read_587, i8 %p_read_586, i8 %p_read_585, i8 %p_read_584, i8 %p_read_583, i8 %p_read_582, i8 %p_read_581, i8 %p_read_580, i8 %p_read_579, i8 %p_read_578, i8 %p_read_577, i8 %p_read_576, i8 %p_read_575, i8 %p_read_574, i8 %p_read_573, i8 %p_read_572, i8 %p_read_571, i8 %p_read_570, i8 %p_read_569, i8 %p_read_568, i8 %p_read_567, i8 %p_read_566, i8 %p_read_565, i8 %p_read_564, i8 %p_read_563, i8 %p_read_562, i8 %p_read_561, i8 %p_read_560, i8 %p_read_559, i8 %p_read_558, i8 %p_read_557, i8 %p_read_556, i8 %p_read_555, i8 %p_read_554, i8 %p_read_553, i8 %p_read_552, i8 %p_read_551, i8 %p_read_550, i8 %p_read_549, i8 %p_read_548, i8 %p_read_547, i8 %p_read_546, i8 %p_read_545, i8 %p_read_544, i8 %p_read_543, i8 %p_read_542, i8 %p_read_541, i8 %p_read_540, i8 %p_read_539, i8 %p_read_538, i8 %p_read_537, i8 %p_read_536, i8 %p_read_535, i8 %p_read_534, i8 %p_read_533, i8 %p_read_532, i8 %p_read_531, i8 %p_read_530, i8 %p_read_529, i8 %p_read_528, i8 %p_read_527, i8 %p_read_526, i8 %p_read_525, i8 %p_read_524, i8 %p_read_523, i8 %p_read_522, i8 %p_read_521, i8 %p_read_520, i8 %p_read_519, i8 %p_read_518, i8 %p_read_517, i8 %p_read_516, i8 %p_read_515, i8 %p_read_514, i8 %p_read_513, i8 %p_read_512, i8 %p_read_511, i8 %p_read_510, i8 %p_read_509, i8 %p_read_508, i8 %p_read_507, i8 %p_read_506, i8 %p_read_505, i8 %p_read_504, i8 %p_read_503, i8 %p_read_502, i8 %p_read_501, i8 %p_read_500, i8 %p_read_499, i8 %p_read_498, i8 %p_read_497, i8 %p_read_496, i8 %p_read_495, i8 %p_read_494, i8 %p_read_493, i8 %p_read_492, i8 %p_read_491, i8 %p_read_490, i8 %p_read_489, i8 %p_read_488, i8 %p_read_487, i8 %p_read_486, i8 %p_read_485, i8 %p_read_484, i8 %p_read_483, i8 %p_read_482, i8 %p_read_481, i8 %p_read_480, i8 %p_read_479, i8 %p_read_478, i8 %p_read_477, i8 %p_read_476, i8 %p_read_475, i8 %p_read_474, i8 %p_read_473, i8 %p_read_472, i8 %p_read_471, i8 %p_read_470, i8 %p_read_469, i8 %p_read_468, i8 %p_read_467, i8 %p_read_466, i8 %p_read_465, i8 %p_read_464, i8 %p_read_463, i8 %p_read_462, i8 %p_read_461, i8 %p_read_460, i8 %p_read_459, i8 %p_read_458, i8 %p_read_457, i8 %p_read_456, i8 %p_read_455, i8 %p_read_454, i8 %p_read_453, i8 %p_read_452, i8 %p_read_451, i8 %p_read_450, i8 %p_read_449, i8 %p_read_448, i8 %p_read_447, i8 %p_read_446, i8 %p_read_445, i8 %p_read_444, i8 %p_read_443, i8 %p_read_442, i8 %p_read_441, i8 %p_read_440, i8 %p_read_439, i8 %p_read_438, i8 %p_read_437, i8 %p_read_436, i8 %p_read_435, i8 %p_read_434, i8 %p_read_433, i8 %p_read_432, i8 %p_read_431, i8 %p_read_430, i8 %p_read_429, i8 %p_read_428, i8 %p_read_427, i8 %p_read_426, i8 %p_read_425, i8 %p_read_424, i8 %p_read_423, i8 %p_read_422, i8 %p_read_421, i8 %p_read_420, i8 %p_read_419, i8 %p_read_418, i8 %p_read_417, i8 %p_read_416, i8 %p_read_415, i8 %p_read_414, i8 %p_read_413, i8 %p_read_412, i8 %p_read_411, i8 %p_read_410, i8 %p_read_409, i8 %p_read_408, i8 %p_read_407, i8 %p_read_406, i8 %p_read_405, i8 %p_read_404, i8 %p_read_403, i8 %p_read_402, i8 %p_read_401, i8 %p_read_400, i8 %p_read_399, i8 %p_read_398, i8 %p_read_397, i8 %p_read_396, i8 %p_read_395, i8 %p_read_394, i8 %p_read_393, i8 %p_read_392, i8 %p_read_391, i8 %p_read_390, i8 %p_read_389, i8 %p_read_388, i8 %p_read_387, i8 %p_read_386, i8 %p_read_385, i8 %p_read_384, i8 %p_read_383, i8 %p_read_382, i8 %p_read_381, i8 %p_read_380, i8 %p_read_379, i8 %p_read_378, i8 %p_read_377, i8 %p_read_376, i8 %p_read_375, i8 %p_read_374, i8 %p_read_373, i8 %p_read_372, i8 %p_read_371, i8 %p_read_370, i8 %p_read_369, i8 %p_read_368, i8 %p_read_367, i8 %p_read_366, i8 %p_read_365, i8 %p_read_364, i8 %p_read_363, i8 %p_read_362, i8 %p_read_361, i8 %p_read_360, i8 %p_read_359, i8 %p_read_358, i8 %p_read_357, i8 %p_read_356, i8 %p_read_355, i8 %p_read_354, i8 %p_read_353, i8 %p_read_352, i8 %p_read_351, i8 %p_read_350, i8 %p_read_349, i8 %p_read_348, i8 %p_read_347, i8 %p_read_346, i8 %p_read_345, i8 %p_read_344, i8 %p_read_343, i8 %p_read_342, i8 %p_read_341, i8 %p_read_340, i8 %p_read_339, i8 %p_read_338, i8 %p_read_337, i8 %p_read_336, i8 %p_read_335, i8 %p_read_334, i8 %p_read_333, i8 %p_read_332, i8 %p_read_331, i8 %p_read_330, i8 %p_read_329, i8 %p_read_328, i8 %p_read_327, i8 %p_read_326, i8 %p_read_325, i8 %p_read_324, i8 %p_read_323, i8 %p_read_322, i8 %p_read_321, i8 %p_read_320, i8 %p_read_319, i8 %p_read_318, i8 %p_read_317, i8 %p_read_316, i8 %p_read_315, i8 %p_read_314, i8 %p_read_313, i8 %p_read_312, i8 %p_read_311, i8 %p_read_310, i8 %p_read_309, i8 %p_read_308, i8 %p_read_307, i8 %p_read_306, i8 %p_read_305, i8 %p_read_304, i8 %p_read_303, i8 %p_read_302, i8 %p_read_301, i8 %p_read_300, i8 %p_read_299, i8 %p_read_298, i8 %p_read_297, i8 %p_read_296, i8 %p_read_295, i8 %p_read_294, i8 %p_read_293, i8 %p_read_292, i8 %p_read_291, i8 %p_read_290, i8 %p_read_289, i8 %p_read_288, i8 %p_read_287, i8 %p_read_286, i8 %p_read_285, i8 %p_read_284, i8 %p_read_283, i8 %p_read_282, i8 %p_read_281, i8 %p_read_280, i8 %p_read_279, i8 %p_read_278, i8 %p_read_277, i8 %p_read_276, i8 %p_read_275, i8 %p_read_274, i8 %p_read_273, i8 %p_read_272, i8 %p_read_271, i8 %p_read_270, i8 %p_read_269, i8 %p_read_268, i8 %p_read_267, i8 %p_read_266, i8 %p_read_265, i8 %p_read_264, i8 %p_read_263, i8 %p_read_262, i8 %p_read_261, i8 %p_read_260, i8 %p_read_259, i8 %p_read_258, i8 %p_read_257, i8 %p_read_256, i8 %p_read_255, i8 %p_read_254, i8 %p_read_253, i8 %p_read_252, i8 %p_read_251, i8 %p_read_250, i8 %p_read_249, i8 %p_read_248, i8 %p_read_247, i8 %p_read_246, i8 %p_read_245, i8 %p_read_244, i8 %p_read_243, i8 %p_read_242, i8 %p_read_241, i8 %p_read_240, i8 %p_read_239, i8 %p_read_238, i8 %p_read_237, i8 %p_read_236, i8 %p_read_235, i8 %p_read_234, i8 %p_read_233, i8 %p_read_232, i8 %p_read_231, i8 %p_read_230, i8 %p_read_229, i8 %p_read_228, i8 %p_read_227, i8 %p_read_226, i8 %p_read_225, i8 %p_read_224, i8 %p_read_223, i8 %p_read_222, i8 %p_read_221, i8 %p_read_220, i8 %p_read_219, i8 %p_read_218, i8 %p_read_217, i8 %p_read_216, i8 %p_read_215, i8 %p_read_214, i8 %p_read_213, i8 %p_read_212, i8 %p_read_211, i8 %p_read_210, i8 %p_read_209, i8 %p_read_208, i8 %p_read_207, i8 %p_read_206, i8 %p_read_205, i8 %p_read_204, i8 %p_read_203, i8 %p_read_202, i8 %p_read_201, i8 %p_read_200, i8 %p_read_199, i8 %p_read_198, i8 %p_read_197, i8 %p_read_196, i8 %p_read_195, i8 %p_read_194, i8 %p_read_193, i8 %p_read_192, i8 %p_read_191, i8 %p_read_190, i8 %p_read_189, i8 %p_read_188, i8 %p_read_187, i8 %p_read_186, i8 %p_read_185, i8 %p_read_184, i8 %p_read_183, i8 %p_read_182, i8 %p_read_181, i8 %p_read_180, i8 %p_read_179, i8 %p_read_178, i8 %p_read_177, i8 %p_read_176, i8 %p_read_175, i8 %p_read_174, i8 %p_read_173, i8 %p_read_172, i8 %p_read_171, i8 %p_read_170, i8 %p_read_169, i8 %p_read_168, i8 %p_read_167, i8 %p_read_166, i8 %p_read_165, i8 %p_read_164, i8 %p_read_163, i8 %p_read_162, i8 %p_read_161, i8 %p_read_160, i8 %p_read_159, i8 %p_read_158, i8 %p_read_157, i8 %p_read_156, i8 %p_read_155, i8 %p_read_154, i8 %p_read_153, i8 %p_read_152, i8 %p_read_151, i8 %p_read_150, i8 %p_read_149, i8 %p_read_148, i8 %p_read_147, i8 %p_read_146, i8 %p_read_145, i8 %p_read_144, i8 %p_read_143, i8 %p_read_142, i8 %p_read_141, i8 %p_read_140, i8 %p_read_139, i8 %p_read_138, i8 %p_read_137, i8 %p_read_136, i8 %p_read_135, i8 %p_read_134, i8 %p_read_133, i8 %p_read_132, i8 %p_read_131, i8 %p_read_130, i8 %p_read_129, i8 %p_read_128, i8 %p_read_127, i8 %p_read_126, i8 %p_read_125, i8 %p_read_124, i8 %p_read_123, i8 %p_read_122, i8 %p_read_121, i8 %p_read_120, i8 %p_read_119, i8 %p_read_118, i8 %p_read_117, i8 %p_read_116, i8 %p_read_115, i8 %p_read_114, i8 %p_read_113, i8 %p_read_112, i8 %p_read_111, i8 %p_read_110, i8 %p_read_109, i8 %p_read_108, i8 %p_read_107, i8 %p_read_106, i8 %p_read_105, i8 %p_read_104, i8 %p_read_103, i8 %p_read_102, i8 %p_read_101, i8 %p_read_100, i8 %p_read_99, i8 %p_read_98, i8 %p_read_97, i8 %p_read_96, i8 %p_read_95, i8 %p_read_94, i8 %p_read_93, i8 %p_read_92, i8 %p_read_91, i8 %p_read_90, i8 %p_read_89, i8 %p_read_88, i8 %p_read_87, i8 %p_read_86, i8 %p_read_85, i8 %p_read_84, i8 %p_read_83, i8 %p_read_82, i8 %p_read_81, i8 %p_read_80, i8 %p_read_79, i8 %p_read_78, i8 %p_read_77, i8 %p_read_76, i8 %p_read_75, i8 %p_read_74, i8 %p_read_73, i8 %p_read_72, i8 %p_read_71, i8 %p_read_70, i8 %p_read_69, i8 %p_read_68, i8 %p_read_67, i8 %p_read_66, i8 %p_read_65, i8 %p_read_64, i8 %p_read_63, i8 %p_read_62, i8 %p_read_61, i8 %p_read_60, i8 %p_read_59, i8 %p_read_58, i8 %p_read_57, i8 %p_read_56, i8 %p_read_55, i8 %p_read_54, i8 %p_read_53, i8 %p_read_52, i8 %p_read_51, i8 %p_read_50, i8 %p_read_49, i8 %p_read_48, i8 %p_read_47, i8 %p_read_46, i8 %p_read_45, i8 %p_read_44, i8 %p_read_43, i8 %p_read_42, i8 %p_read_41, i8 %p_read_40, i8 %p_read_39, i8 %p_read_38, i8 %p_read_37, i8 %p_read_36, i8 %p_read_35, i8 %p_read_34, i8 %p_read_33, i8 %p_read_32, i8 %p_read_31, i8 %p_read_30, i8 %p_read_29, i8 %p_read_28, i8 %p_read_27, i8 %p_read_26, i8 %p_read_25, i8 %p_read_24, i8 %p_read_23, i8 %p_read_22, i8 %p_read_21, i8 %p_read_20, i8 %p_read_19, i8 %p_read_18, i8 %p_read_17, i8 %p_read_16, i8 %p_read_15, i11 %add_ln60" [src/ORB.cpp:60]   --->   Operation 2250 'mux' 't0_V' <Predicate = (!tmp)> <Delay = 1.76> <CoreInst = "Multiplexer">   --->   Core 76 'Multiplexer' <Latency = 0> <II = 1> <Delay = 1.76> <FuncUnit> <Opcode : 'mux'> <InPorts = 2> <OutPorts = 1>
ST_18 : Operation 2251 [1/2] (0.64ns) (root node of the DSP)   --->   "%add_ln61 = add i11 %mul_ln61, i11 %zext_ln61_1" [src/ORB.cpp:61]   --->   Operation 2251 'add' 'add_ln61' <Predicate = (!tmp)> <Delay = 0.64> <CoreInst = "DSP48">   --->   Core 127 'DSP48' <Latency = 3> <II = 1> <Delay = 0.53> <IPBlock> <Opcode : 'mul' 'add' 'sub' 'select'> <InPorts = 0> <OutPorts = 1> <Sync> <CReg>
ST_18 : Operation 2252 [1/1] (1.76ns)   --->   "%t1_V = mux i8 @_ssdm_op_Mux.ap_auto.1369i8.i11, i8 %p_read11371, i8 %p_read21372, i8 %p_read31373, i8 %p_read41374, i8 %p_read51375, i8 %p_read61376, i8 %p_read_1377, i8 %p_read_1376, i8 %p_read_1375, i8 %p_read_1374, i8 %p_read_1373, i8 %p_read_1372, i8 %p_read_1371, i8 %p_read_1370, i8 %p_read_1369, i8 %p_read_1368, i8 %p_read_1367, i8 %p_read_1366, i8 %p_read_1365, i8 %p_read_1364, i8 %p_read_1363, i8 %p_read_1362, i8 %p_read_1361, i8 %p_read_1360, i8 %p_read_1359, i8 %p_read_1358, i8 %p_read_1357, i8 %p_read_1356, i8 %p_read_1355, i8 %p_read_1354, i8 %p_read_1353, i8 %p_read_1352, i8 %p_read_1351, i8 %p_read_1350, i8 %p_read_1349, i8 %p_read_1348, i8 %p_read_1347, i8 %p_read_1346, i8 %p_read_1345, i8 %p_read_1344, i8 %p_read_1343, i8 %p_read_1342, i8 %p_read_1341, i8 %p_read_1340, i8 %p_read_1339, i8 %p_read_1338, i8 %p_read_1337, i8 %p_read_1336, i8 %p_read_1335, i8 %p_read_1334, i8 %p_read_1333, i8 %p_read_1332, i8 %p_read_1331, i8 %p_read_1330, i8 %p_read_1329, i8 %p_read_1328, i8 %p_read_1327, i8 %p_read_1326, i8 %p_read_1325, i8 %p_read_1324, i8 %p_read_1323, i8 %p_read_1322, i8 %p_read_1321, i8 %p_read_1320, i8 %p_read_1319, i8 %p_read_1318, i8 %p_read_1317, i8 %p_read_1316, i8 %p_read_1315, i8 %p_read_1314, i8 %p_read_1313, i8 %p_read_1312, i8 %p_read_1311, i8 %p_read_1310, i8 %p_read_1309, i8 %p_read_1308, i8 %p_read_1307, i8 %p_read_1306, i8 %p_read_1305, i8 %p_read_1304, i8 %p_read_1303, i8 %p_read_1302, i8 %p_read_1301, i8 %p_read_1300, i8 %p_read_1299, i8 %p_read_1298, i8 %p_read_1297, i8 %p_read_1296, i8 %p_read_1295, i8 %p_read_1294, i8 %p_read_1293, i8 %p_read_1292, i8 %p_read_1291, i8 %p_read_1290, i8 %p_read_1289, i8 %p_read_1288, i8 %p_read_1287, i8 %p_read_1286, i8 %p_read_1285, i8 %p_read_1284, i8 %p_read_1283, i8 %p_read_1282, i8 %p_read_1281, i8 %p_read_1280, i8 %p_read_1279, i8 %p_read_1278, i8 %p_read_1277, i8 %p_read_1276, i8 %p_read_1275, i8 %p_read_1274, i8 %p_read_1273, i8 %p_read_1272, i8 %p_read_1271, i8 %p_read_1270, i8 %p_read_1269, i8 %p_read_1268, i8 %p_read_1267, i8 %p_read_1266, i8 %p_read_1265, i8 %p_read_1264, i8 %p_read_1263, i8 %p_read_1262, i8 %p_read_1261, i8 %p_read_1260, i8 %p_read_1259, i8 %p_read_1258, i8 %p_read_1257, i8 %p_read_1256, i8 %p_read_1255, i8 %p_read_1254, i8 %p_read_1253, i8 %p_read_1252, i8 %p_read_1251, i8 %p_read_1250, i8 %p_read_1249, i8 %p_read_1248, i8 %p_read_1247, i8 %p_read_1246, i8 %p_read_1245, i8 %p_read_1244, i8 %p_read_1243, i8 %p_read_1242, i8 %p_read_1241, i8 %p_read_1240, i8 %p_read_1239, i8 %p_read_1238, i8 %p_read_1237, i8 %p_read_1236, i8 %p_read_1235, i8 %p_read_1234, i8 %p_read_1233, i8 %p_read_1232, i8 %p_read_1231, i8 %p_read_1230, i8 %p_read_1229, i8 %p_read_1228, i8 %p_read_1227, i8 %p_read_1226, i8 %p_read_1225, i8 %p_read_1224, i8 %p_read_1223, i8 %p_read_1222, i8 %p_read_1221, i8 %p_read_1220, i8 %p_read_1219, i8 %p_read_1218, i8 %p_read_1217, i8 %p_read_1216, i8 %p_read_1215, i8 %p_read_1214, i8 %p_read_1213, i8 %p_read_1212, i8 %p_read_1211, i8 %p_read_1210, i8 %p_read_1209, i8 %p_read_1208, i8 %p_read_1207, i8 %p_read_1206, i8 %p_read_1205, i8 %p_read_1204, i8 %p_read_1203, i8 %p_read_1202, i8 %p_read_1201, i8 %p_read_1200, i8 %p_read_1199, i8 %p_read_1198, i8 %p_read_1197, i8 %p_read_1196, i8 %p_read_1195, i8 %p_read_1194, i8 %p_read_1193, i8 %p_read_1192, i8 %p_read_1191, i8 %p_read_1190, i8 %p_read_1189, i8 %p_read_1188, i8 %p_read_1187, i8 %p_read_1186, i8 %p_read_1185, i8 %p_read_1184, i8 %p_read_1183, i8 %p_read_1182, i8 %p_read_1181, i8 %p_read_1180, i8 %p_read_1179, i8 %p_read_1178, i8 %p_read_1177, i8 %p_read_1176, i8 %p_read_1175, i8 %p_read_1174, i8 %p_read_1173, i8 %p_read_1172, i8 %p_read_1171, i8 %p_read_1170, i8 %p_read_1169, i8 %p_read_1168, i8 %p_read_1167, i8 %p_read_1166, i8 %p_read_1165, i8 %p_read_1164, i8 %p_read_1163, i8 %p_read_1162, i8 %p_read_1161, i8 %p_read_1160, i8 %p_read_1159, i8 %p_read_1158, i8 %p_read_1157, i8 %p_read_1156, i8 %p_read_1155, i8 %p_read_1154, i8 %p_read_1153, i8 %p_read_1152, i8 %p_read_1151, i8 %p_read_1150, i8 %p_read_1149, i8 %p_read_1148, i8 %p_read_1147, i8 %p_read_1146, i8 %p_read_1145, i8 %p_read_1144, i8 %p_read_1143, i8 %p_read_1142, i8 %p_read_1141, i8 %p_read_1140, i8 %p_read_1139, i8 %p_read_1138, i8 %p_read_1137, i8 %p_read_1136, i8 %p_read_1135, i8 %p_read_1134, i8 %p_read_1133, i8 %p_read_1132, i8 %p_read_1131, i8 %p_read_1130, i8 %p_read_1129, i8 %p_read_1128, i8 %p_read_1127, i8 %p_read_1126, i8 %p_read_1125, i8 %p_read_1124, i8 %p_read_1123, i8 %p_read_1122, i8 %p_read_1121, i8 %p_read_1120, i8 %p_read_1119, i8 %p_read_1118, i8 %p_read_1117, i8 %p_read_1116, i8 %p_read_1115, i8 %p_read_1114, i8 %p_read_1113, i8 %p_read_1112, i8 %p_read_1111, i8 %p_read_1110, i8 %p_read_1109, i8 %p_read_1108, i8 %p_read_1107, i8 %p_read_1106, i8 %p_read_1105, i8 %p_read_1104, i8 %p_read_1103, i8 %p_read_1102, i8 %p_read_1101, i8 %p_read_1100, i8 %p_read_1099, i8 %p_read_1098, i8 %p_read_1097, i8 %p_read_1096, i8 %p_read_1095, i8 %p_read_1094, i8 %p_read_1093, i8 %p_read_1092, i8 %p_read_1091, i8 %p_read_1090, i8 %p_read_1089, i8 %p_read_1088, i8 %p_read_1087, i8 %p_read_1086, i8 %p_read_1085, i8 %p_read_1084, i8 %p_read_1083, i8 %p_read_1082, i8 %p_read_1081, i8 %p_read_1080, i8 %p_read_1079, i8 %p_read_1078, i8 %p_read_1077, i8 %p_read_1076, i8 %p_read_1075, i8 %p_read_1074, i8 %p_read_1073, i8 %p_read_1072, i8 %p_read_1071, i8 %p_read_1070, i8 %p_read_1069, i8 %p_read_1068, i8 %p_read_1067, i8 %p_read_1066, i8 %p_read_1065, i8 %p_read_1064, i8 %p_read_1063, i8 %p_read_1062, i8 %p_read_1061, i8 %p_read_1060, i8 %p_read_1059, i8 %p_read_1058, i8 %p_read_1057, i8 %p_read_1056, i8 %p_read_1055, i8 %p_read_1054, i8 %p_read_1053, i8 %p_read_1052, i8 %p_read_1051, i8 %p_read_1050, i8 %p_read_1049, i8 %p_read_1048, i8 %p_read_1047, i8 %p_read_1046, i8 %p_read_1045, i8 %p_read_1044, i8 %p_read_1043, i8 %p_read_1042, i8 %p_read_1041, i8 %p_read_1040, i8 %p_read_1039, i8 %p_read_1038, i8 %p_read_1037, i8 %p_read_1036, i8 %p_read_1035, i8 %p_read_1034, i8 %p_read_1033, i8 %p_read_1032, i8 %p_read_1031, i8 %p_read_1030, i8 %p_read_1029, i8 %p_read_1028, i8 %p_read_1027, i8 %p_read_1026, i8 %p_read_1025, i8 %p_read_1024, i8 %p_read_1023, i8 %p_read_1022, i8 %p_read_1021, i8 %p_read_1020, i8 %p_read_1019, i8 %p_read_1018, i8 %p_read_1017, i8 %p_read_1016, i8 %p_read_1015, i8 %p_read_1014, i8 %p_read_1013, i8 %p_read_1012, i8 %p_read_1011, i8 %p_read_1010, i8 %p_read_1009, i8 %p_read_1008, i8 %p_read_1007, i8 %p_read_1006, i8 %p_read_1005, i8 %p_read_1004, i8 %p_read_1003, i8 %p_read_1002, i8 %p_read_1001, i8 %p_read_1000, i8 %p_read_999, i8 %p_read_998, i8 %p_read_997, i8 %p_read_996, i8 %p_read_995, i8 %p_read_994, i8 %p_read_993, i8 %p_read_992, i8 %p_read_991, i8 %p_read_990, i8 %p_read_989, i8 %p_read_988, i8 %p_read_987, i8 %p_read_986, i8 %p_read_985, i8 %p_read_984, i8 %p_read_983, i8 %p_read_982, i8 %p_read_981, i8 %p_read_980, i8 %p_read_979, i8 %p_read_978, i8 %p_read_977, i8 %p_read_976, i8 %p_read_975, i8 %p_read_974, i8 %p_read_973, i8 %p_read_972, i8 %p_read_971, i8 %p_read_970, i8 %p_read_969, i8 %p_read_968, i8 %p_read_967, i8 %p_read_966, i8 %p_read_965, i8 %p_read_964, i8 %p_read_963, i8 %p_read_962, i8 %p_read_961, i8 %p_read_960, i8 %p_read_959, i8 %p_read_958, i8 %p_read_957, i8 %p_read_956, i8 %p_read_955, i8 %p_read_954, i8 %p_read_953, i8 %p_read_952, i8 %p_read_951, i8 %p_read_950, i8 %p_read_949, i8 %p_read_948, i8 %p_read_947, i8 %p_read_946, i8 %p_read_945, i8 %p_read_944, i8 %p_read_943, i8 %p_read_942, i8 %p_read_941, i8 %p_read_940, i8 %p_read_939, i8 %p_read_938, i8 %p_read_937, i8 %p_read_936, i8 %p_read_935, i8 %p_read_934, i8 %p_read_933, i8 %p_read_932, i8 %p_read_931, i8 %p_read_930, i8 %p_read_929, i8 %p_read_928, i8 %p_read_927, i8 %p_read_926, i8 %p_read_925, i8 %p_read_924, i8 %p_read_923, i8 %p_read_922, i8 %p_read_921, i8 %p_read_920, i8 %p_read_919, i8 %p_read_918, i8 %p_read_917, i8 %p_read_916, i8 %p_read_915, i8 %p_read_914, i8 %p_read_913, i8 %p_read_912, i8 %p_read_911, i8 %p_read_910, i8 %p_read_909, i8 %p_read_908, i8 %p_read_907, i8 %p_read_906, i8 %p_read_905, i8 %p_read_904, i8 %p_read_903, i8 %p_read_902, i8 %p_read_901, i8 %p_read_900, i8 %p_read_899, i8 %p_read_898, i8 %p_read_897, i8 %p_read_896, i8 %p_read_895, i8 %p_read_894, i8 %p_read_893, i8 %p_read_892, i8 %p_read_891, i8 %p_read_890, i8 %p_read_889, i8 %p_read_888, i8 %p_read_887, i8 %p_read_886, i8 %p_read_885, i8 %p_read_884, i8 %p_read_883, i8 %p_read_882, i8 %p_read_881, i8 %p_read_880, i8 %p_read_879, i8 %p_read_878, i8 %p_read_877, i8 %p_read_876, i8 %p_read_875, i8 %p_read_874, i8 %p_read_873, i8 %p_read_872, i8 %p_read_871, i8 %p_read_870, i8 %p_read_869, i8 %p_read_868, i8 %p_read_867, i8 %p_read_866, i8 %p_read_865, i8 %p_read_864, i8 %p_read_863, i8 %p_read_862, i8 %p_read_861, i8 %p_read_860, i8 %p_read_859, i8 %p_read_858, i8 %p_read_857, i8 %p_read_856, i8 %p_read_855, i8 %p_read_854, i8 %p_read_853, i8 %p_read_852, i8 %p_read_851, i8 %p_read_850, i8 %p_read_849, i8 %p_read_848, i8 %p_read_847, i8 %p_read_846, i8 %p_read_845, i8 %p_read_844, i8 %p_read_843, i8 %p_read_842, i8 %p_read_841, i8 %p_read_840, i8 %p_read_839, i8 %p_read_838, i8 %p_read_837, i8 %p_read_836, i8 %p_read_835, i8 %p_read_834, i8 %p_read_833, i8 %p_read_832, i8 %p_read_831, i8 %p_read_830, i8 %p_read_829, i8 %p_read_828, i8 %p_read_827, i8 %p_read_826, i8 %p_read_825, i8 %p_read_824, i8 %p_read_823, i8 %p_read_822, i8 %p_read_821, i8 %p_read_820, i8 %p_read_819, i8 %p_read_818, i8 %p_read_817, i8 %p_read_816, i8 %p_read_815, i8 %p_read_814, i8 %p_read_813, i8 %p_read_812, i8 %p_read_811, i8 %p_read_810, i8 %p_read_809, i8 %p_read_808, i8 %p_read_807, i8 %p_read_806, i8 %p_read_805, i8 %p_read_804, i8 %p_read_803, i8 %p_read_802, i8 %p_read_801, i8 %p_read_800, i8 %p_read_799, i8 %p_read_798, i8 %p_read_797, i8 %p_read_796, i8 %p_read_795, i8 %p_read_794, i8 %p_read_793, i8 %p_read_792, i8 %p_read_791, i8 %p_read_790, i8 %p_read_789, i8 %p_read_788, i8 %p_read_787, i8 %p_read_786, i8 %p_read_785, i8 %p_read_784, i8 %p_read_783, i8 %p_read_782, i8 %p_read_781, i8 %p_read_780, i8 %p_read_779, i8 %p_read_778, i8 %p_read_777, i8 %p_read_776, i8 %p_read_775, i8 %p_read_774, i8 %p_read_773, i8 %p_read_772, i8 %p_read_771, i8 %p_read_770, i8 %p_read_769, i8 %p_read_768, i8 %p_read_767, i8 %p_read_766, i8 %p_read_765, i8 %p_read_764, i8 %p_read_763, i8 %p_read_762, i8 %p_read_761, i8 %p_read_760, i8 %p_read_759, i8 %p_read_758, i8 %p_read_757, i8 %p_read_756, i8 %p_read_755, i8 %p_read_754, i8 %p_read_753, i8 %p_read_752, i8 %p_read_751, i8 %p_read_750, i8 %p_read_749, i8 %p_read_748, i8 %p_read_747, i8 %p_read_746, i8 %p_read_745, i8 %p_read_744, i8 %p_read_743, i8 %p_read_742, i8 %p_read_741, i8 %p_read_740, i8 %p_read_739, i8 %p_read_738, i8 %p_read_737, i8 %p_read_736, i8 %p_read_735, i8 %p_read_734, i8 %p_read_733, i8 %p_read_732, i8 %p_read_731, i8 %p_read_730, i8 %p_read_729, i8 %p_read_728, i8 %p_read_727, i8 %p_read_726, i8 %p_read_725, i8 %p_read_724, i8 %p_read_723, i8 %p_read_722, i8 %p_read_721, i8 %p_read_720, i8 %p_read_719, i8 %p_read_718, i8 %p_read_717, i8 %p_read_716, i8 %p_read_715, i8 %p_read_714, i8 %p_read_713, i8 %p_read_712, i8 %p_read_711, i8 %p_read_710, i8 %p_read_709, i8 %p_read_708, i8 %p_read_707, i8 %p_read_706, i8 %p_read_705, i8 %p_read_704, i8 %p_read_703, i8 %p_read_702, i8 %p_read_701, i8 %p_read_700, i8 %p_read_699, i8 %p_read_698, i8 %p_read_697, i8 %p_read_696, i8 %p_read_695, i8 %p_read_694, i8 %p_read_693, i8 %p_read_692, i8 %p_read_691, i8 %p_read_690, i8 %p_read_689, i8 %p_read_688, i8 %p_read_687, i8 %p_read_686, i8 %p_read_685, i8 %p_read_684, i8 %p_read_683, i8 %p_read_682, i8 %p_read_681, i8 %p_read_680, i8 %p_read_679, i8 %p_read_678, i8 %p_read_677, i8 %p_read_676, i8 %p_read_675, i8 %p_read_674, i8 %p_read_673, i8 %p_read_672, i8 %p_read_671, i8 %p_read_670, i8 %p_read_669, i8 %p_read_668, i8 %p_read_667, i8 %p_read_666, i8 %p_read_665, i8 %p_read_664, i8 %p_read_663, i8 %p_read_662, i8 %p_read_661, i8 %p_read_660, i8 %p_read_659, i8 %p_read_658, i8 %p_read_657, i8 %p_read_656, i8 %p_read_655, i8 %p_read_654, i8 %p_read_653, i8 %p_read_652, i8 %p_read_651, i8 %p_read_650, i8 %p_read_649, i8 %p_read_648, i8 %p_read_647, i8 %p_read_646, i8 %p_read_645, i8 %p_read_644, i8 %p_read_643, i8 %p_read_642, i8 %p_read_641, i8 %p_read_640, i8 %p_read_639, i8 %p_read_638, i8 %p_read_637, i8 %p_read_636, i8 %p_read_635, i8 %p_read_634, i8 %p_read_633, i8 %p_read_632, i8 %p_read_631, i8 %p_read_630, i8 %p_read_629, i8 %p_read_628, i8 %p_read_627, i8 %p_read_626, i8 %p_read_625, i8 %p_read_624, i8 %p_read_623, i8 %p_read_622, i8 %p_read_621, i8 %p_read_620, i8 %p_read_619, i8 %p_read_618, i8 %p_read_617, i8 %p_read_616, i8 %p_read_615, i8 %p_read_614, i8 %p_read_613, i8 %p_read_612, i8 %p_read_611, i8 %p_read_610, i8 %p_read_609, i8 %p_read_608, i8 %p_read_607, i8 %p_read_606, i8 %p_read_605, i8 %p_read_604, i8 %p_read_603, i8 %p_read_602, i8 %p_read_601, i8 %p_read_600, i8 %p_read_599, i8 %p_read_598, i8 %p_read_597, i8 %p_read_596, i8 %p_read_595, i8 %p_read_594, i8 %p_read_593, i8 %p_read_592, i8 %p_read_591, i8 %p_read_590, i8 %p_read_589, i8 %p_read_588, i8 %p_read_587, i8 %p_read_586, i8 %p_read_585, i8 %p_read_584, i8 %p_read_583, i8 %p_read_582, i8 %p_read_581, i8 %p_read_580, i8 %p_read_579, i8 %p_read_578, i8 %p_read_577, i8 %p_read_576, i8 %p_read_575, i8 %p_read_574, i8 %p_read_573, i8 %p_read_572, i8 %p_read_571, i8 %p_read_570, i8 %p_read_569, i8 %p_read_568, i8 %p_read_567, i8 %p_read_566, i8 %p_read_565, i8 %p_read_564, i8 %p_read_563, i8 %p_read_562, i8 %p_read_561, i8 %p_read_560, i8 %p_read_559, i8 %p_read_558, i8 %p_read_557, i8 %p_read_556, i8 %p_read_555, i8 %p_read_554, i8 %p_read_553, i8 %p_read_552, i8 %p_read_551, i8 %p_read_550, i8 %p_read_549, i8 %p_read_548, i8 %p_read_547, i8 %p_read_546, i8 %p_read_545, i8 %p_read_544, i8 %p_read_543, i8 %p_read_542, i8 %p_read_541, i8 %p_read_540, i8 %p_read_539, i8 %p_read_538, i8 %p_read_537, i8 %p_read_536, i8 %p_read_535, i8 %p_read_534, i8 %p_read_533, i8 %p_read_532, i8 %p_read_531, i8 %p_read_530, i8 %p_read_529, i8 %p_read_528, i8 %p_read_527, i8 %p_read_526, i8 %p_read_525, i8 %p_read_524, i8 %p_read_523, i8 %p_read_522, i8 %p_read_521, i8 %p_read_520, i8 %p_read_519, i8 %p_read_518, i8 %p_read_517, i8 %p_read_516, i8 %p_read_515, i8 %p_read_514, i8 %p_read_513, i8 %p_read_512, i8 %p_read_511, i8 %p_read_510, i8 %p_read_509, i8 %p_read_508, i8 %p_read_507, i8 %p_read_506, i8 %p_read_505, i8 %p_read_504, i8 %p_read_503, i8 %p_read_502, i8 %p_read_501, i8 %p_read_500, i8 %p_read_499, i8 %p_read_498, i8 %p_read_497, i8 %p_read_496, i8 %p_read_495, i8 %p_read_494, i8 %p_read_493, i8 %p_read_492, i8 %p_read_491, i8 %p_read_490, i8 %p_read_489, i8 %p_read_488, i8 %p_read_487, i8 %p_read_486, i8 %p_read_485, i8 %p_read_484, i8 %p_read_483, i8 %p_read_482, i8 %p_read_481, i8 %p_read_480, i8 %p_read_479, i8 %p_read_478, i8 %p_read_477, i8 %p_read_476, i8 %p_read_475, i8 %p_read_474, i8 %p_read_473, i8 %p_read_472, i8 %p_read_471, i8 %p_read_470, i8 %p_read_469, i8 %p_read_468, i8 %p_read_467, i8 %p_read_466, i8 %p_read_465, i8 %p_read_464, i8 %p_read_463, i8 %p_read_462, i8 %p_read_461, i8 %p_read_460, i8 %p_read_459, i8 %p_read_458, i8 %p_read_457, i8 %p_read_456, i8 %p_read_455, i8 %p_read_454, i8 %p_read_453, i8 %p_read_452, i8 %p_read_451, i8 %p_read_450, i8 %p_read_449, i8 %p_read_448, i8 %p_read_447, i8 %p_read_446, i8 %p_read_445, i8 %p_read_444, i8 %p_read_443, i8 %p_read_442, i8 %p_read_441, i8 %p_read_440, i8 %p_read_439, i8 %p_read_438, i8 %p_read_437, i8 %p_read_436, i8 %p_read_435, i8 %p_read_434, i8 %p_read_433, i8 %p_read_432, i8 %p_read_431, i8 %p_read_430, i8 %p_read_429, i8 %p_read_428, i8 %p_read_427, i8 %p_read_426, i8 %p_read_425, i8 %p_read_424, i8 %p_read_423, i8 %p_read_422, i8 %p_read_421, i8 %p_read_420, i8 %p_read_419, i8 %p_read_418, i8 %p_read_417, i8 %p_read_416, i8 %p_read_415, i8 %p_read_414, i8 %p_read_413, i8 %p_read_412, i8 %p_read_411, i8 %p_read_410, i8 %p_read_409, i8 %p_read_408, i8 %p_read_407, i8 %p_read_406, i8 %p_read_405, i8 %p_read_404, i8 %p_read_403, i8 %p_read_402, i8 %p_read_401, i8 %p_read_400, i8 %p_read_399, i8 %p_read_398, i8 %p_read_397, i8 %p_read_396, i8 %p_read_395, i8 %p_read_394, i8 %p_read_393, i8 %p_read_392, i8 %p_read_391, i8 %p_read_390, i8 %p_read_389, i8 %p_read_388, i8 %p_read_387, i8 %p_read_386, i8 %p_read_385, i8 %p_read_384, i8 %p_read_383, i8 %p_read_382, i8 %p_read_381, i8 %p_read_380, i8 %p_read_379, i8 %p_read_378, i8 %p_read_377, i8 %p_read_376, i8 %p_read_375, i8 %p_read_374, i8 %p_read_373, i8 %p_read_372, i8 %p_read_371, i8 %p_read_370, i8 %p_read_369, i8 %p_read_368, i8 %p_read_367, i8 %p_read_366, i8 %p_read_365, i8 %p_read_364, i8 %p_read_363, i8 %p_read_362, i8 %p_read_361, i8 %p_read_360, i8 %p_read_359, i8 %p_read_358, i8 %p_read_357, i8 %p_read_356, i8 %p_read_355, i8 %p_read_354, i8 %p_read_353, i8 %p_read_352, i8 %p_read_351, i8 %p_read_350, i8 %p_read_349, i8 %p_read_348, i8 %p_read_347, i8 %p_read_346, i8 %p_read_345, i8 %p_read_344, i8 %p_read_343, i8 %p_read_342, i8 %p_read_341, i8 %p_read_340, i8 %p_read_339, i8 %p_read_338, i8 %p_read_337, i8 %p_read_336, i8 %p_read_335, i8 %p_read_334, i8 %p_read_333, i8 %p_read_332, i8 %p_read_331, i8 %p_read_330, i8 %p_read_329, i8 %p_read_328, i8 %p_read_327, i8 %p_read_326, i8 %p_read_325, i8 %p_read_324, i8 %p_read_323, i8 %p_read_322, i8 %p_read_321, i8 %p_read_320, i8 %p_read_319, i8 %p_read_318, i8 %p_read_317, i8 %p_read_316, i8 %p_read_315, i8 %p_read_314, i8 %p_read_313, i8 %p_read_312, i8 %p_read_311, i8 %p_read_310, i8 %p_read_309, i8 %p_read_308, i8 %p_read_307, i8 %p_read_306, i8 %p_read_305, i8 %p_read_304, i8 %p_read_303, i8 %p_read_302, i8 %p_read_301, i8 %p_read_300, i8 %p_read_299, i8 %p_read_298, i8 %p_read_297, i8 %p_read_296, i8 %p_read_295, i8 %p_read_294, i8 %p_read_293, i8 %p_read_292, i8 %p_read_291, i8 %p_read_290, i8 %p_read_289, i8 %p_read_288, i8 %p_read_287, i8 %p_read_286, i8 %p_read_285, i8 %p_read_284, i8 %p_read_283, i8 %p_read_282, i8 %p_read_281, i8 %p_read_280, i8 %p_read_279, i8 %p_read_278, i8 %p_read_277, i8 %p_read_276, i8 %p_read_275, i8 %p_read_274, i8 %p_read_273, i8 %p_read_272, i8 %p_read_271, i8 %p_read_270, i8 %p_read_269, i8 %p_read_268, i8 %p_read_267, i8 %p_read_266, i8 %p_read_265, i8 %p_read_264, i8 %p_read_263, i8 %p_read_262, i8 %p_read_261, i8 %p_read_260, i8 %p_read_259, i8 %p_read_258, i8 %p_read_257, i8 %p_read_256, i8 %p_read_255, i8 %p_read_254, i8 %p_read_253, i8 %p_read_252, i8 %p_read_251, i8 %p_read_250, i8 %p_read_249, i8 %p_read_248, i8 %p_read_247, i8 %p_read_246, i8 %p_read_245, i8 %p_read_244, i8 %p_read_243, i8 %p_read_242, i8 %p_read_241, i8 %p_read_240, i8 %p_read_239, i8 %p_read_238, i8 %p_read_237, i8 %p_read_236, i8 %p_read_235, i8 %p_read_234, i8 %p_read_233, i8 %p_read_232, i8 %p_read_231, i8 %p_read_230, i8 %p_read_229, i8 %p_read_228, i8 %p_read_227, i8 %p_read_226, i8 %p_read_225, i8 %p_read_224, i8 %p_read_223, i8 %p_read_222, i8 %p_read_221, i8 %p_read_220, i8 %p_read_219, i8 %p_read_218, i8 %p_read_217, i8 %p_read_216, i8 %p_read_215, i8 %p_read_214, i8 %p_read_213, i8 %p_read_212, i8 %p_read_211, i8 %p_read_210, i8 %p_read_209, i8 %p_read_208, i8 %p_read_207, i8 %p_read_206, i8 %p_read_205, i8 %p_read_204, i8 %p_read_203, i8 %p_read_202, i8 %p_read_201, i8 %p_read_200, i8 %p_read_199, i8 %p_read_198, i8 %p_read_197, i8 %p_read_196, i8 %p_read_195, i8 %p_read_194, i8 %p_read_193, i8 %p_read_192, i8 %p_read_191, i8 %p_read_190, i8 %p_read_189, i8 %p_read_188, i8 %p_read_187, i8 %p_read_186, i8 %p_read_185, i8 %p_read_184, i8 %p_read_183, i8 %p_read_182, i8 %p_read_181, i8 %p_read_180, i8 %p_read_179, i8 %p_read_178, i8 %p_read_177, i8 %p_read_176, i8 %p_read_175, i8 %p_read_174, i8 %p_read_173, i8 %p_read_172, i8 %p_read_171, i8 %p_read_170, i8 %p_read_169, i8 %p_read_168, i8 %p_read_167, i8 %p_read_166, i8 %p_read_165, i8 %p_read_164, i8 %p_read_163, i8 %p_read_162, i8 %p_read_161, i8 %p_read_160, i8 %p_read_159, i8 %p_read_158, i8 %p_read_157, i8 %p_read_156, i8 %p_read_155, i8 %p_read_154, i8 %p_read_153, i8 %p_read_152, i8 %p_read_151, i8 %p_read_150, i8 %p_read_149, i8 %p_read_148, i8 %p_read_147, i8 %p_read_146, i8 %p_read_145, i8 %p_read_144, i8 %p_read_143, i8 %p_read_142, i8 %p_read_141, i8 %p_read_140, i8 %p_read_139, i8 %p_read_138, i8 %p_read_137, i8 %p_read_136, i8 %p_read_135, i8 %p_read_134, i8 %p_read_133, i8 %p_read_132, i8 %p_read_131, i8 %p_read_130, i8 %p_read_129, i8 %p_read_128, i8 %p_read_127, i8 %p_read_126, i8 %p_read_125, i8 %p_read_124, i8 %p_read_123, i8 %p_read_122, i8 %p_read_121, i8 %p_read_120, i8 %p_read_119, i8 %p_read_118, i8 %p_read_117, i8 %p_read_116, i8 %p_read_115, i8 %p_read_114, i8 %p_read_113, i8 %p_read_112, i8 %p_read_111, i8 %p_read_110, i8 %p_read_109, i8 %p_read_108, i8 %p_read_107, i8 %p_read_106, i8 %p_read_105, i8 %p_read_104, i8 %p_read_103, i8 %p_read_102, i8 %p_read_101, i8 %p_read_100, i8 %p_read_99, i8 %p_read_98, i8 %p_read_97, i8 %p_read_96, i8 %p_read_95, i8 %p_read_94, i8 %p_read_93, i8 %p_read_92, i8 %p_read_91, i8 %p_read_90, i8 %p_read_89, i8 %p_read_88, i8 %p_read_87, i8 %p_read_86, i8 %p_read_85, i8 %p_read_84, i8 %p_read_83, i8 %p_read_82, i8 %p_read_81, i8 %p_read_80, i8 %p_read_79, i8 %p_read_78, i8 %p_read_77, i8 %p_read_76, i8 %p_read_75, i8 %p_read_74, i8 %p_read_73, i8 %p_read_72, i8 %p_read_71, i8 %p_read_70, i8 %p_read_69, i8 %p_read_68, i8 %p_read_67, i8 %p_read_66, i8 %p_read_65, i8 %p_read_64, i8 %p_read_63, i8 %p_read_62, i8 %p_read_61, i8 %p_read_60, i8 %p_read_59, i8 %p_read_58, i8 %p_read_57, i8 %p_read_56, i8 %p_read_55, i8 %p_read_54, i8 %p_read_53, i8 %p_read_52, i8 %p_read_51, i8 %p_read_50, i8 %p_read_49, i8 %p_read_48, i8 %p_read_47, i8 %p_read_46, i8 %p_read_45, i8 %p_read_44, i8 %p_read_43, i8 %p_read_42, i8 %p_read_41, i8 %p_read_40, i8 %p_read_39, i8 %p_read_38, i8 %p_read_37, i8 %p_read_36, i8 %p_read_35, i8 %p_read_34, i8 %p_read_33, i8 %p_read_32, i8 %p_read_31, i8 %p_read_30, i8 %p_read_29, i8 %p_read_28, i8 %p_read_27, i8 %p_read_26, i8 %p_read_25, i8 %p_read_24, i8 %p_read_23, i8 %p_read_22, i8 %p_read_21, i8 %p_read_20, i8 %p_read_19, i8 %p_read_18, i8 %p_read_17, i8 %p_read_16, i8 %p_read_15, i11 %add_ln61" [src/ORB.cpp:61]   --->   Operation 2252 'mux' 't1_V' <Predicate = (!tmp)> <Delay = 1.76> <CoreInst = "Multiplexer">   --->   Core 76 'Multiplexer' <Latency = 0> <II = 1> <Delay = 1.76> <FuncUnit> <Opcode : 'mux'> <InPorts = 2> <OutPorts = 1>
ST_18 : Operation 2253 [1/1] (0.84ns)   --->   "%p_Repl2_s = icmp_ult  i8 %t0_V, i8 %t1_V"   --->   Operation 2253 'icmp' 'p_Repl2_s' <Predicate = (!tmp)> <Delay = 0.84> <CoreInst = "Cmp">   --->   Core 9 'Cmp' <Latency = 0> <II = 1> <Delay = 0.44> <FuncUnit> <Opcode : 'icmp'> <InPorts = 2> <OutPorts = 1>
ST_18 : Operation 2254 [1/1] (0.00ns)   --->   "%zext_ln669 = zext i8 %trunc_ln52"   --->   Operation 2254 'zext' 'zext_ln669' <Predicate = (!tmp)> <Delay = 0.00>
ST_18 : Operation 2255 [1/1] (0.00ns)   --->   "%p_Result_51 = bitset i256 @_ssdm_op_BitSet.i256.i256.i32.i1, i256 %p_Val2_9, i32 %zext_ln669, i1 %p_Repl2_s"   --->   Operation 2255 'bitset' 'p_Result_51' <Predicate = (!tmp)> <Delay = 0.00>
ST_18 : Operation 2256 [1/2] (0.64ns) (root node of the DSP)   --->   "%add_ln60_3 = add i11 %mul_ln60_1, i11 %zext_ln60_3" [src/ORB.cpp:60]   --->   Operation 2256 'add' 'add_ln60_3' <Predicate = (!tmp)> <Delay = 0.64> <CoreInst = "DSP48">   --->   Core 127 'DSP48' <Latency = 3> <II = 1> <Delay = 0.53> <IPBlock> <Opcode : 'mul' 'add' 'sub' 'select'> <InPorts = 0> <OutPorts = 1> <Sync> <CReg>
ST_18 : Operation 2257 [1/1] (1.76ns)   --->   "%t0_V_1 = mux i8 @_ssdm_op_Mux.ap_auto.1369i8.i11, i8 %p_read11371, i8 %p_read21372, i8 %p_read31373, i8 %p_read41374, i8 %p_read51375, i8 %p_read61376, i8 %p_read_1377, i8 %p_read_1376, i8 %p_read_1375, i8 %p_read_1374, i8 %p_read_1373, i8 %p_read_1372, i8 %p_read_1371, i8 %p_read_1370, i8 %p_read_1369, i8 %p_read_1368, i8 %p_read_1367, i8 %p_read_1366, i8 %p_read_1365, i8 %p_read_1364, i8 %p_read_1363, i8 %p_read_1362, i8 %p_read_1361, i8 %p_read_1360, i8 %p_read_1359, i8 %p_read_1358, i8 %p_read_1357, i8 %p_read_1356, i8 %p_read_1355, i8 %p_read_1354, i8 %p_read_1353, i8 %p_read_1352, i8 %p_read_1351, i8 %p_read_1350, i8 %p_read_1349, i8 %p_read_1348, i8 %p_read_1347, i8 %p_read_1346, i8 %p_read_1345, i8 %p_read_1344, i8 %p_read_1343, i8 %p_read_1342, i8 %p_read_1341, i8 %p_read_1340, i8 %p_read_1339, i8 %p_read_1338, i8 %p_read_1337, i8 %p_read_1336, i8 %p_read_1335, i8 %p_read_1334, i8 %p_read_1333, i8 %p_read_1332, i8 %p_read_1331, i8 %p_read_1330, i8 %p_read_1329, i8 %p_read_1328, i8 %p_read_1327, i8 %p_read_1326, i8 %p_read_1325, i8 %p_read_1324, i8 %p_read_1323, i8 %p_read_1322, i8 %p_read_1321, i8 %p_read_1320, i8 %p_read_1319, i8 %p_read_1318, i8 %p_read_1317, i8 %p_read_1316, i8 %p_read_1315, i8 %p_read_1314, i8 %p_read_1313, i8 %p_read_1312, i8 %p_read_1311, i8 %p_read_1310, i8 %p_read_1309, i8 %p_read_1308, i8 %p_read_1307, i8 %p_read_1306, i8 %p_read_1305, i8 %p_read_1304, i8 %p_read_1303, i8 %p_read_1302, i8 %p_read_1301, i8 %p_read_1300, i8 %p_read_1299, i8 %p_read_1298, i8 %p_read_1297, i8 %p_read_1296, i8 %p_read_1295, i8 %p_read_1294, i8 %p_read_1293, i8 %p_read_1292, i8 %p_read_1291, i8 %p_read_1290, i8 %p_read_1289, i8 %p_read_1288, i8 %p_read_1287, i8 %p_read_1286, i8 %p_read_1285, i8 %p_read_1284, i8 %p_read_1283, i8 %p_read_1282, i8 %p_read_1281, i8 %p_read_1280, i8 %p_read_1279, i8 %p_read_1278, i8 %p_read_1277, i8 %p_read_1276, i8 %p_read_1275, i8 %p_read_1274, i8 %p_read_1273, i8 %p_read_1272, i8 %p_read_1271, i8 %p_read_1270, i8 %p_read_1269, i8 %p_read_1268, i8 %p_read_1267, i8 %p_read_1266, i8 %p_read_1265, i8 %p_read_1264, i8 %p_read_1263, i8 %p_read_1262, i8 %p_read_1261, i8 %p_read_1260, i8 %p_read_1259, i8 %p_read_1258, i8 %p_read_1257, i8 %p_read_1256, i8 %p_read_1255, i8 %p_read_1254, i8 %p_read_1253, i8 %p_read_1252, i8 %p_read_1251, i8 %p_read_1250, i8 %p_read_1249, i8 %p_read_1248, i8 %p_read_1247, i8 %p_read_1246, i8 %p_read_1245, i8 %p_read_1244, i8 %p_read_1243, i8 %p_read_1242, i8 %p_read_1241, i8 %p_read_1240, i8 %p_read_1239, i8 %p_read_1238, i8 %p_read_1237, i8 %p_read_1236, i8 %p_read_1235, i8 %p_read_1234, i8 %p_read_1233, i8 %p_read_1232, i8 %p_read_1231, i8 %p_read_1230, i8 %p_read_1229, i8 %p_read_1228, i8 %p_read_1227, i8 %p_read_1226, i8 %p_read_1225, i8 %p_read_1224, i8 %p_read_1223, i8 %p_read_1222, i8 %p_read_1221, i8 %p_read_1220, i8 %p_read_1219, i8 %p_read_1218, i8 %p_read_1217, i8 %p_read_1216, i8 %p_read_1215, i8 %p_read_1214, i8 %p_read_1213, i8 %p_read_1212, i8 %p_read_1211, i8 %p_read_1210, i8 %p_read_1209, i8 %p_read_1208, i8 %p_read_1207, i8 %p_read_1206, i8 %p_read_1205, i8 %p_read_1204, i8 %p_read_1203, i8 %p_read_1202, i8 %p_read_1201, i8 %p_read_1200, i8 %p_read_1199, i8 %p_read_1198, i8 %p_read_1197, i8 %p_read_1196, i8 %p_read_1195, i8 %p_read_1194, i8 %p_read_1193, i8 %p_read_1192, i8 %p_read_1191, i8 %p_read_1190, i8 %p_read_1189, i8 %p_read_1188, i8 %p_read_1187, i8 %p_read_1186, i8 %p_read_1185, i8 %p_read_1184, i8 %p_read_1183, i8 %p_read_1182, i8 %p_read_1181, i8 %p_read_1180, i8 %p_read_1179, i8 %p_read_1178, i8 %p_read_1177, i8 %p_read_1176, i8 %p_read_1175, i8 %p_read_1174, i8 %p_read_1173, i8 %p_read_1172, i8 %p_read_1171, i8 %p_read_1170, i8 %p_read_1169, i8 %p_read_1168, i8 %p_read_1167, i8 %p_read_1166, i8 %p_read_1165, i8 %p_read_1164, i8 %p_read_1163, i8 %p_read_1162, i8 %p_read_1161, i8 %p_read_1160, i8 %p_read_1159, i8 %p_read_1158, i8 %p_read_1157, i8 %p_read_1156, i8 %p_read_1155, i8 %p_read_1154, i8 %p_read_1153, i8 %p_read_1152, i8 %p_read_1151, i8 %p_read_1150, i8 %p_read_1149, i8 %p_read_1148, i8 %p_read_1147, i8 %p_read_1146, i8 %p_read_1145, i8 %p_read_1144, i8 %p_read_1143, i8 %p_read_1142, i8 %p_read_1141, i8 %p_read_1140, i8 %p_read_1139, i8 %p_read_1138, i8 %p_read_1137, i8 %p_read_1136, i8 %p_read_1135, i8 %p_read_1134, i8 %p_read_1133, i8 %p_read_1132, i8 %p_read_1131, i8 %p_read_1130, i8 %p_read_1129, i8 %p_read_1128, i8 %p_read_1127, i8 %p_read_1126, i8 %p_read_1125, i8 %p_read_1124, i8 %p_read_1123, i8 %p_read_1122, i8 %p_read_1121, i8 %p_read_1120, i8 %p_read_1119, i8 %p_read_1118, i8 %p_read_1117, i8 %p_read_1116, i8 %p_read_1115, i8 %p_read_1114, i8 %p_read_1113, i8 %p_read_1112, i8 %p_read_1111, i8 %p_read_1110, i8 %p_read_1109, i8 %p_read_1108, i8 %p_read_1107, i8 %p_read_1106, i8 %p_read_1105, i8 %p_read_1104, i8 %p_read_1103, i8 %p_read_1102, i8 %p_read_1101, i8 %p_read_1100, i8 %p_read_1099, i8 %p_read_1098, i8 %p_read_1097, i8 %p_read_1096, i8 %p_read_1095, i8 %p_read_1094, i8 %p_read_1093, i8 %p_read_1092, i8 %p_read_1091, i8 %p_read_1090, i8 %p_read_1089, i8 %p_read_1088, i8 %p_read_1087, i8 %p_read_1086, i8 %p_read_1085, i8 %p_read_1084, i8 %p_read_1083, i8 %p_read_1082, i8 %p_read_1081, i8 %p_read_1080, i8 %p_read_1079, i8 %p_read_1078, i8 %p_read_1077, i8 %p_read_1076, i8 %p_read_1075, i8 %p_read_1074, i8 %p_read_1073, i8 %p_read_1072, i8 %p_read_1071, i8 %p_read_1070, i8 %p_read_1069, i8 %p_read_1068, i8 %p_read_1067, i8 %p_read_1066, i8 %p_read_1065, i8 %p_read_1064, i8 %p_read_1063, i8 %p_read_1062, i8 %p_read_1061, i8 %p_read_1060, i8 %p_read_1059, i8 %p_read_1058, i8 %p_read_1057, i8 %p_read_1056, i8 %p_read_1055, i8 %p_read_1054, i8 %p_read_1053, i8 %p_read_1052, i8 %p_read_1051, i8 %p_read_1050, i8 %p_read_1049, i8 %p_read_1048, i8 %p_read_1047, i8 %p_read_1046, i8 %p_read_1045, i8 %p_read_1044, i8 %p_read_1043, i8 %p_read_1042, i8 %p_read_1041, i8 %p_read_1040, i8 %p_read_1039, i8 %p_read_1038, i8 %p_read_1037, i8 %p_read_1036, i8 %p_read_1035, i8 %p_read_1034, i8 %p_read_1033, i8 %p_read_1032, i8 %p_read_1031, i8 %p_read_1030, i8 %p_read_1029, i8 %p_read_1028, i8 %p_read_1027, i8 %p_read_1026, i8 %p_read_1025, i8 %p_read_1024, i8 %p_read_1023, i8 %p_read_1022, i8 %p_read_1021, i8 %p_read_1020, i8 %p_read_1019, i8 %p_read_1018, i8 %p_read_1017, i8 %p_read_1016, i8 %p_read_1015, i8 %p_read_1014, i8 %p_read_1013, i8 %p_read_1012, i8 %p_read_1011, i8 %p_read_1010, i8 %p_read_1009, i8 %p_read_1008, i8 %p_read_1007, i8 %p_read_1006, i8 %p_read_1005, i8 %p_read_1004, i8 %p_read_1003, i8 %p_read_1002, i8 %p_read_1001, i8 %p_read_1000, i8 %p_read_999, i8 %p_read_998, i8 %p_read_997, i8 %p_read_996, i8 %p_read_995, i8 %p_read_994, i8 %p_read_993, i8 %p_read_992, i8 %p_read_991, i8 %p_read_990, i8 %p_read_989, i8 %p_read_988, i8 %p_read_987, i8 %p_read_986, i8 %p_read_985, i8 %p_read_984, i8 %p_read_983, i8 %p_read_982, i8 %p_read_981, i8 %p_read_980, i8 %p_read_979, i8 %p_read_978, i8 %p_read_977, i8 %p_read_976, i8 %p_read_975, i8 %p_read_974, i8 %p_read_973, i8 %p_read_972, i8 %p_read_971, i8 %p_read_970, i8 %p_read_969, i8 %p_read_968, i8 %p_read_967, i8 %p_read_966, i8 %p_read_965, i8 %p_read_964, i8 %p_read_963, i8 %p_read_962, i8 %p_read_961, i8 %p_read_960, i8 %p_read_959, i8 %p_read_958, i8 %p_read_957, i8 %p_read_956, i8 %p_read_955, i8 %p_read_954, i8 %p_read_953, i8 %p_read_952, i8 %p_read_951, i8 %p_read_950, i8 %p_read_949, i8 %p_read_948, i8 %p_read_947, i8 %p_read_946, i8 %p_read_945, i8 %p_read_944, i8 %p_read_943, i8 %p_read_942, i8 %p_read_941, i8 %p_read_940, i8 %p_read_939, i8 %p_read_938, i8 %p_read_937, i8 %p_read_936, i8 %p_read_935, i8 %p_read_934, i8 %p_read_933, i8 %p_read_932, i8 %p_read_931, i8 %p_read_930, i8 %p_read_929, i8 %p_read_928, i8 %p_read_927, i8 %p_read_926, i8 %p_read_925, i8 %p_read_924, i8 %p_read_923, i8 %p_read_922, i8 %p_read_921, i8 %p_read_920, i8 %p_read_919, i8 %p_read_918, i8 %p_read_917, i8 %p_read_916, i8 %p_read_915, i8 %p_read_914, i8 %p_read_913, i8 %p_read_912, i8 %p_read_911, i8 %p_read_910, i8 %p_read_909, i8 %p_read_908, i8 %p_read_907, i8 %p_read_906, i8 %p_read_905, i8 %p_read_904, i8 %p_read_903, i8 %p_read_902, i8 %p_read_901, i8 %p_read_900, i8 %p_read_899, i8 %p_read_898, i8 %p_read_897, i8 %p_read_896, i8 %p_read_895, i8 %p_read_894, i8 %p_read_893, i8 %p_read_892, i8 %p_read_891, i8 %p_read_890, i8 %p_read_889, i8 %p_read_888, i8 %p_read_887, i8 %p_read_886, i8 %p_read_885, i8 %p_read_884, i8 %p_read_883, i8 %p_read_882, i8 %p_read_881, i8 %p_read_880, i8 %p_read_879, i8 %p_read_878, i8 %p_read_877, i8 %p_read_876, i8 %p_read_875, i8 %p_read_874, i8 %p_read_873, i8 %p_read_872, i8 %p_read_871, i8 %p_read_870, i8 %p_read_869, i8 %p_read_868, i8 %p_read_867, i8 %p_read_866, i8 %p_read_865, i8 %p_read_864, i8 %p_read_863, i8 %p_read_862, i8 %p_read_861, i8 %p_read_860, i8 %p_read_859, i8 %p_read_858, i8 %p_read_857, i8 %p_read_856, i8 %p_read_855, i8 %p_read_854, i8 %p_read_853, i8 %p_read_852, i8 %p_read_851, i8 %p_read_850, i8 %p_read_849, i8 %p_read_848, i8 %p_read_847, i8 %p_read_846, i8 %p_read_845, i8 %p_read_844, i8 %p_read_843, i8 %p_read_842, i8 %p_read_841, i8 %p_read_840, i8 %p_read_839, i8 %p_read_838, i8 %p_read_837, i8 %p_read_836, i8 %p_read_835, i8 %p_read_834, i8 %p_read_833, i8 %p_read_832, i8 %p_read_831, i8 %p_read_830, i8 %p_read_829, i8 %p_read_828, i8 %p_read_827, i8 %p_read_826, i8 %p_read_825, i8 %p_read_824, i8 %p_read_823, i8 %p_read_822, i8 %p_read_821, i8 %p_read_820, i8 %p_read_819, i8 %p_read_818, i8 %p_read_817, i8 %p_read_816, i8 %p_read_815, i8 %p_read_814, i8 %p_read_813, i8 %p_read_812, i8 %p_read_811, i8 %p_read_810, i8 %p_read_809, i8 %p_read_808, i8 %p_read_807, i8 %p_read_806, i8 %p_read_805, i8 %p_read_804, i8 %p_read_803, i8 %p_read_802, i8 %p_read_801, i8 %p_read_800, i8 %p_read_799, i8 %p_read_798, i8 %p_read_797, i8 %p_read_796, i8 %p_read_795, i8 %p_read_794, i8 %p_read_793, i8 %p_read_792, i8 %p_read_791, i8 %p_read_790, i8 %p_read_789, i8 %p_read_788, i8 %p_read_787, i8 %p_read_786, i8 %p_read_785, i8 %p_read_784, i8 %p_read_783, i8 %p_read_782, i8 %p_read_781, i8 %p_read_780, i8 %p_read_779, i8 %p_read_778, i8 %p_read_777, i8 %p_read_776, i8 %p_read_775, i8 %p_read_774, i8 %p_read_773, i8 %p_read_772, i8 %p_read_771, i8 %p_read_770, i8 %p_read_769, i8 %p_read_768, i8 %p_read_767, i8 %p_read_766, i8 %p_read_765, i8 %p_read_764, i8 %p_read_763, i8 %p_read_762, i8 %p_read_761, i8 %p_read_760, i8 %p_read_759, i8 %p_read_758, i8 %p_read_757, i8 %p_read_756, i8 %p_read_755, i8 %p_read_754, i8 %p_read_753, i8 %p_read_752, i8 %p_read_751, i8 %p_read_750, i8 %p_read_749, i8 %p_read_748, i8 %p_read_747, i8 %p_read_746, i8 %p_read_745, i8 %p_read_744, i8 %p_read_743, i8 %p_read_742, i8 %p_read_741, i8 %p_read_740, i8 %p_read_739, i8 %p_read_738, i8 %p_read_737, i8 %p_read_736, i8 %p_read_735, i8 %p_read_734, i8 %p_read_733, i8 %p_read_732, i8 %p_read_731, i8 %p_read_730, i8 %p_read_729, i8 %p_read_728, i8 %p_read_727, i8 %p_read_726, i8 %p_read_725, i8 %p_read_724, i8 %p_read_723, i8 %p_read_722, i8 %p_read_721, i8 %p_read_720, i8 %p_read_719, i8 %p_read_718, i8 %p_read_717, i8 %p_read_716, i8 %p_read_715, i8 %p_read_714, i8 %p_read_713, i8 %p_read_712, i8 %p_read_711, i8 %p_read_710, i8 %p_read_709, i8 %p_read_708, i8 %p_read_707, i8 %p_read_706, i8 %p_read_705, i8 %p_read_704, i8 %p_read_703, i8 %p_read_702, i8 %p_read_701, i8 %p_read_700, i8 %p_read_699, i8 %p_read_698, i8 %p_read_697, i8 %p_read_696, i8 %p_read_695, i8 %p_read_694, i8 %p_read_693, i8 %p_read_692, i8 %p_read_691, i8 %p_read_690, i8 %p_read_689, i8 %p_read_688, i8 %p_read_687, i8 %p_read_686, i8 %p_read_685, i8 %p_read_684, i8 %p_read_683, i8 %p_read_682, i8 %p_read_681, i8 %p_read_680, i8 %p_read_679, i8 %p_read_678, i8 %p_read_677, i8 %p_read_676, i8 %p_read_675, i8 %p_read_674, i8 %p_read_673, i8 %p_read_672, i8 %p_read_671, i8 %p_read_670, i8 %p_read_669, i8 %p_read_668, i8 %p_read_667, i8 %p_read_666, i8 %p_read_665, i8 %p_read_664, i8 %p_read_663, i8 %p_read_662, i8 %p_read_661, i8 %p_read_660, i8 %p_read_659, i8 %p_read_658, i8 %p_read_657, i8 %p_read_656, i8 %p_read_655, i8 %p_read_654, i8 %p_read_653, i8 %p_read_652, i8 %p_read_651, i8 %p_read_650, i8 %p_read_649, i8 %p_read_648, i8 %p_read_647, i8 %p_read_646, i8 %p_read_645, i8 %p_read_644, i8 %p_read_643, i8 %p_read_642, i8 %p_read_641, i8 %p_read_640, i8 %p_read_639, i8 %p_read_638, i8 %p_read_637, i8 %p_read_636, i8 %p_read_635, i8 %p_read_634, i8 %p_read_633, i8 %p_read_632, i8 %p_read_631, i8 %p_read_630, i8 %p_read_629, i8 %p_read_628, i8 %p_read_627, i8 %p_read_626, i8 %p_read_625, i8 %p_read_624, i8 %p_read_623, i8 %p_read_622, i8 %p_read_621, i8 %p_read_620, i8 %p_read_619, i8 %p_read_618, i8 %p_read_617, i8 %p_read_616, i8 %p_read_615, i8 %p_read_614, i8 %p_read_613, i8 %p_read_612, i8 %p_read_611, i8 %p_read_610, i8 %p_read_609, i8 %p_read_608, i8 %p_read_607, i8 %p_read_606, i8 %p_read_605, i8 %p_read_604, i8 %p_read_603, i8 %p_read_602, i8 %p_read_601, i8 %p_read_600, i8 %p_read_599, i8 %p_read_598, i8 %p_read_597, i8 %p_read_596, i8 %p_read_595, i8 %p_read_594, i8 %p_read_593, i8 %p_read_592, i8 %p_read_591, i8 %p_read_590, i8 %p_read_589, i8 %p_read_588, i8 %p_read_587, i8 %p_read_586, i8 %p_read_585, i8 %p_read_584, i8 %p_read_583, i8 %p_read_582, i8 %p_read_581, i8 %p_read_580, i8 %p_read_579, i8 %p_read_578, i8 %p_read_577, i8 %p_read_576, i8 %p_read_575, i8 %p_read_574, i8 %p_read_573, i8 %p_read_572, i8 %p_read_571, i8 %p_read_570, i8 %p_read_569, i8 %p_read_568, i8 %p_read_567, i8 %p_read_566, i8 %p_read_565, i8 %p_read_564, i8 %p_read_563, i8 %p_read_562, i8 %p_read_561, i8 %p_read_560, i8 %p_read_559, i8 %p_read_558, i8 %p_read_557, i8 %p_read_556, i8 %p_read_555, i8 %p_read_554, i8 %p_read_553, i8 %p_read_552, i8 %p_read_551, i8 %p_read_550, i8 %p_read_549, i8 %p_read_548, i8 %p_read_547, i8 %p_read_546, i8 %p_read_545, i8 %p_read_544, i8 %p_read_543, i8 %p_read_542, i8 %p_read_541, i8 %p_read_540, i8 %p_read_539, i8 %p_read_538, i8 %p_read_537, i8 %p_read_536, i8 %p_read_535, i8 %p_read_534, i8 %p_read_533, i8 %p_read_532, i8 %p_read_531, i8 %p_read_530, i8 %p_read_529, i8 %p_read_528, i8 %p_read_527, i8 %p_read_526, i8 %p_read_525, i8 %p_read_524, i8 %p_read_523, i8 %p_read_522, i8 %p_read_521, i8 %p_read_520, i8 %p_read_519, i8 %p_read_518, i8 %p_read_517, i8 %p_read_516, i8 %p_read_515, i8 %p_read_514, i8 %p_read_513, i8 %p_read_512, i8 %p_read_511, i8 %p_read_510, i8 %p_read_509, i8 %p_read_508, i8 %p_read_507, i8 %p_read_506, i8 %p_read_505, i8 %p_read_504, i8 %p_read_503, i8 %p_read_502, i8 %p_read_501, i8 %p_read_500, i8 %p_read_499, i8 %p_read_498, i8 %p_read_497, i8 %p_read_496, i8 %p_read_495, i8 %p_read_494, i8 %p_read_493, i8 %p_read_492, i8 %p_read_491, i8 %p_read_490, i8 %p_read_489, i8 %p_read_488, i8 %p_read_487, i8 %p_read_486, i8 %p_read_485, i8 %p_read_484, i8 %p_read_483, i8 %p_read_482, i8 %p_read_481, i8 %p_read_480, i8 %p_read_479, i8 %p_read_478, i8 %p_read_477, i8 %p_read_476, i8 %p_read_475, i8 %p_read_474, i8 %p_read_473, i8 %p_read_472, i8 %p_read_471, i8 %p_read_470, i8 %p_read_469, i8 %p_read_468, i8 %p_read_467, i8 %p_read_466, i8 %p_read_465, i8 %p_read_464, i8 %p_read_463, i8 %p_read_462, i8 %p_read_461, i8 %p_read_460, i8 %p_read_459, i8 %p_read_458, i8 %p_read_457, i8 %p_read_456, i8 %p_read_455, i8 %p_read_454, i8 %p_read_453, i8 %p_read_452, i8 %p_read_451, i8 %p_read_450, i8 %p_read_449, i8 %p_read_448, i8 %p_read_447, i8 %p_read_446, i8 %p_read_445, i8 %p_read_444, i8 %p_read_443, i8 %p_read_442, i8 %p_read_441, i8 %p_read_440, i8 %p_read_439, i8 %p_read_438, i8 %p_read_437, i8 %p_read_436, i8 %p_read_435, i8 %p_read_434, i8 %p_read_433, i8 %p_read_432, i8 %p_read_431, i8 %p_read_430, i8 %p_read_429, i8 %p_read_428, i8 %p_read_427, i8 %p_read_426, i8 %p_read_425, i8 %p_read_424, i8 %p_read_423, i8 %p_read_422, i8 %p_read_421, i8 %p_read_420, i8 %p_read_419, i8 %p_read_418, i8 %p_read_417, i8 %p_read_416, i8 %p_read_415, i8 %p_read_414, i8 %p_read_413, i8 %p_read_412, i8 %p_read_411, i8 %p_read_410, i8 %p_read_409, i8 %p_read_408, i8 %p_read_407, i8 %p_read_406, i8 %p_read_405, i8 %p_read_404, i8 %p_read_403, i8 %p_read_402, i8 %p_read_401, i8 %p_read_400, i8 %p_read_399, i8 %p_read_398, i8 %p_read_397, i8 %p_read_396, i8 %p_read_395, i8 %p_read_394, i8 %p_read_393, i8 %p_read_392, i8 %p_read_391, i8 %p_read_390, i8 %p_read_389, i8 %p_read_388, i8 %p_read_387, i8 %p_read_386, i8 %p_read_385, i8 %p_read_384, i8 %p_read_383, i8 %p_read_382, i8 %p_read_381, i8 %p_read_380, i8 %p_read_379, i8 %p_read_378, i8 %p_read_377, i8 %p_read_376, i8 %p_read_375, i8 %p_read_374, i8 %p_read_373, i8 %p_read_372, i8 %p_read_371, i8 %p_read_370, i8 %p_read_369, i8 %p_read_368, i8 %p_read_367, i8 %p_read_366, i8 %p_read_365, i8 %p_read_364, i8 %p_read_363, i8 %p_read_362, i8 %p_read_361, i8 %p_read_360, i8 %p_read_359, i8 %p_read_358, i8 %p_read_357, i8 %p_read_356, i8 %p_read_355, i8 %p_read_354, i8 %p_read_353, i8 %p_read_352, i8 %p_read_351, i8 %p_read_350, i8 %p_read_349, i8 %p_read_348, i8 %p_read_347, i8 %p_read_346, i8 %p_read_345, i8 %p_read_344, i8 %p_read_343, i8 %p_read_342, i8 %p_read_341, i8 %p_read_340, i8 %p_read_339, i8 %p_read_338, i8 %p_read_337, i8 %p_read_336, i8 %p_read_335, i8 %p_read_334, i8 %p_read_333, i8 %p_read_332, i8 %p_read_331, i8 %p_read_330, i8 %p_read_329, i8 %p_read_328, i8 %p_read_327, i8 %p_read_326, i8 %p_read_325, i8 %p_read_324, i8 %p_read_323, i8 %p_read_322, i8 %p_read_321, i8 %p_read_320, i8 %p_read_319, i8 %p_read_318, i8 %p_read_317, i8 %p_read_316, i8 %p_read_315, i8 %p_read_314, i8 %p_read_313, i8 %p_read_312, i8 %p_read_311, i8 %p_read_310, i8 %p_read_309, i8 %p_read_308, i8 %p_read_307, i8 %p_read_306, i8 %p_read_305, i8 %p_read_304, i8 %p_read_303, i8 %p_read_302, i8 %p_read_301, i8 %p_read_300, i8 %p_read_299, i8 %p_read_298, i8 %p_read_297, i8 %p_read_296, i8 %p_read_295, i8 %p_read_294, i8 %p_read_293, i8 %p_read_292, i8 %p_read_291, i8 %p_read_290, i8 %p_read_289, i8 %p_read_288, i8 %p_read_287, i8 %p_read_286, i8 %p_read_285, i8 %p_read_284, i8 %p_read_283, i8 %p_read_282, i8 %p_read_281, i8 %p_read_280, i8 %p_read_279, i8 %p_read_278, i8 %p_read_277, i8 %p_read_276, i8 %p_read_275, i8 %p_read_274, i8 %p_read_273, i8 %p_read_272, i8 %p_read_271, i8 %p_read_270, i8 %p_read_269, i8 %p_read_268, i8 %p_read_267, i8 %p_read_266, i8 %p_read_265, i8 %p_read_264, i8 %p_read_263, i8 %p_read_262, i8 %p_read_261, i8 %p_read_260, i8 %p_read_259, i8 %p_read_258, i8 %p_read_257, i8 %p_read_256, i8 %p_read_255, i8 %p_read_254, i8 %p_read_253, i8 %p_read_252, i8 %p_read_251, i8 %p_read_250, i8 %p_read_249, i8 %p_read_248, i8 %p_read_247, i8 %p_read_246, i8 %p_read_245, i8 %p_read_244, i8 %p_read_243, i8 %p_read_242, i8 %p_read_241, i8 %p_read_240, i8 %p_read_239, i8 %p_read_238, i8 %p_read_237, i8 %p_read_236, i8 %p_read_235, i8 %p_read_234, i8 %p_read_233, i8 %p_read_232, i8 %p_read_231, i8 %p_read_230, i8 %p_read_229, i8 %p_read_228, i8 %p_read_227, i8 %p_read_226, i8 %p_read_225, i8 %p_read_224, i8 %p_read_223, i8 %p_read_222, i8 %p_read_221, i8 %p_read_220, i8 %p_read_219, i8 %p_read_218, i8 %p_read_217, i8 %p_read_216, i8 %p_read_215, i8 %p_read_214, i8 %p_read_213, i8 %p_read_212, i8 %p_read_211, i8 %p_read_210, i8 %p_read_209, i8 %p_read_208, i8 %p_read_207, i8 %p_read_206, i8 %p_read_205, i8 %p_read_204, i8 %p_read_203, i8 %p_read_202, i8 %p_read_201, i8 %p_read_200, i8 %p_read_199, i8 %p_read_198, i8 %p_read_197, i8 %p_read_196, i8 %p_read_195, i8 %p_read_194, i8 %p_read_193, i8 %p_read_192, i8 %p_read_191, i8 %p_read_190, i8 %p_read_189, i8 %p_read_188, i8 %p_read_187, i8 %p_read_186, i8 %p_read_185, i8 %p_read_184, i8 %p_read_183, i8 %p_read_182, i8 %p_read_181, i8 %p_read_180, i8 %p_read_179, i8 %p_read_178, i8 %p_read_177, i8 %p_read_176, i8 %p_read_175, i8 %p_read_174, i8 %p_read_173, i8 %p_read_172, i8 %p_read_171, i8 %p_read_170, i8 %p_read_169, i8 %p_read_168, i8 %p_read_167, i8 %p_read_166, i8 %p_read_165, i8 %p_read_164, i8 %p_read_163, i8 %p_read_162, i8 %p_read_161, i8 %p_read_160, i8 %p_read_159, i8 %p_read_158, i8 %p_read_157, i8 %p_read_156, i8 %p_read_155, i8 %p_read_154, i8 %p_read_153, i8 %p_read_152, i8 %p_read_151, i8 %p_read_150, i8 %p_read_149, i8 %p_read_148, i8 %p_read_147, i8 %p_read_146, i8 %p_read_145, i8 %p_read_144, i8 %p_read_143, i8 %p_read_142, i8 %p_read_141, i8 %p_read_140, i8 %p_read_139, i8 %p_read_138, i8 %p_read_137, i8 %p_read_136, i8 %p_read_135, i8 %p_read_134, i8 %p_read_133, i8 %p_read_132, i8 %p_read_131, i8 %p_read_130, i8 %p_read_129, i8 %p_read_128, i8 %p_read_127, i8 %p_read_126, i8 %p_read_125, i8 %p_read_124, i8 %p_read_123, i8 %p_read_122, i8 %p_read_121, i8 %p_read_120, i8 %p_read_119, i8 %p_read_118, i8 %p_read_117, i8 %p_read_116, i8 %p_read_115, i8 %p_read_114, i8 %p_read_113, i8 %p_read_112, i8 %p_read_111, i8 %p_read_110, i8 %p_read_109, i8 %p_read_108, i8 %p_read_107, i8 %p_read_106, i8 %p_read_105, i8 %p_read_104, i8 %p_read_103, i8 %p_read_102, i8 %p_read_101, i8 %p_read_100, i8 %p_read_99, i8 %p_read_98, i8 %p_read_97, i8 %p_read_96, i8 %p_read_95, i8 %p_read_94, i8 %p_read_93, i8 %p_read_92, i8 %p_read_91, i8 %p_read_90, i8 %p_read_89, i8 %p_read_88, i8 %p_read_87, i8 %p_read_86, i8 %p_read_85, i8 %p_read_84, i8 %p_read_83, i8 %p_read_82, i8 %p_read_81, i8 %p_read_80, i8 %p_read_79, i8 %p_read_78, i8 %p_read_77, i8 %p_read_76, i8 %p_read_75, i8 %p_read_74, i8 %p_read_73, i8 %p_read_72, i8 %p_read_71, i8 %p_read_70, i8 %p_read_69, i8 %p_read_68, i8 %p_read_67, i8 %p_read_66, i8 %p_read_65, i8 %p_read_64, i8 %p_read_63, i8 %p_read_62, i8 %p_read_61, i8 %p_read_60, i8 %p_read_59, i8 %p_read_58, i8 %p_read_57, i8 %p_read_56, i8 %p_read_55, i8 %p_read_54, i8 %p_read_53, i8 %p_read_52, i8 %p_read_51, i8 %p_read_50, i8 %p_read_49, i8 %p_read_48, i8 %p_read_47, i8 %p_read_46, i8 %p_read_45, i8 %p_read_44, i8 %p_read_43, i8 %p_read_42, i8 %p_read_41, i8 %p_read_40, i8 %p_read_39, i8 %p_read_38, i8 %p_read_37, i8 %p_read_36, i8 %p_read_35, i8 %p_read_34, i8 %p_read_33, i8 %p_read_32, i8 %p_read_31, i8 %p_read_30, i8 %p_read_29, i8 %p_read_28, i8 %p_read_27, i8 %p_read_26, i8 %p_read_25, i8 %p_read_24, i8 %p_read_23, i8 %p_read_22, i8 %p_read_21, i8 %p_read_20, i8 %p_read_19, i8 %p_read_18, i8 %p_read_17, i8 %p_read_16, i8 %p_read_15, i11 %add_ln60_3" [src/ORB.cpp:60]   --->   Operation 2257 'mux' 't0_V_1' <Predicate = (!tmp)> <Delay = 1.76> <CoreInst = "Multiplexer">   --->   Core 76 'Multiplexer' <Latency = 0> <II = 1> <Delay = 1.76> <FuncUnit> <Opcode : 'mux'> <InPorts = 2> <OutPorts = 1>
ST_18 : Operation 2258 [1/2] (0.64ns) (root node of the DSP)   --->   "%add_ln61_3 = add i11 %mul_ln61_1, i11 %zext_ln61_3" [src/ORB.cpp:61]   --->   Operation 2258 'add' 'add_ln61_3' <Predicate = (!tmp)> <Delay = 0.64> <CoreInst = "DSP48">   --->   Core 127 'DSP48' <Latency = 3> <II = 1> <Delay = 0.53> <IPBlock> <Opcode : 'mul' 'add' 'sub' 'select'> <InPorts = 0> <OutPorts = 1> <Sync> <CReg>
ST_18 : Operation 2259 [1/1] (1.76ns)   --->   "%t1_V_1 = mux i8 @_ssdm_op_Mux.ap_auto.1369i8.i11, i8 %p_read11371, i8 %p_read21372, i8 %p_read31373, i8 %p_read41374, i8 %p_read51375, i8 %p_read61376, i8 %p_read_1377, i8 %p_read_1376, i8 %p_read_1375, i8 %p_read_1374, i8 %p_read_1373, i8 %p_read_1372, i8 %p_read_1371, i8 %p_read_1370, i8 %p_read_1369, i8 %p_read_1368, i8 %p_read_1367, i8 %p_read_1366, i8 %p_read_1365, i8 %p_read_1364, i8 %p_read_1363, i8 %p_read_1362, i8 %p_read_1361, i8 %p_read_1360, i8 %p_read_1359, i8 %p_read_1358, i8 %p_read_1357, i8 %p_read_1356, i8 %p_read_1355, i8 %p_read_1354, i8 %p_read_1353, i8 %p_read_1352, i8 %p_read_1351, i8 %p_read_1350, i8 %p_read_1349, i8 %p_read_1348, i8 %p_read_1347, i8 %p_read_1346, i8 %p_read_1345, i8 %p_read_1344, i8 %p_read_1343, i8 %p_read_1342, i8 %p_read_1341, i8 %p_read_1340, i8 %p_read_1339, i8 %p_read_1338, i8 %p_read_1337, i8 %p_read_1336, i8 %p_read_1335, i8 %p_read_1334, i8 %p_read_1333, i8 %p_read_1332, i8 %p_read_1331, i8 %p_read_1330, i8 %p_read_1329, i8 %p_read_1328, i8 %p_read_1327, i8 %p_read_1326, i8 %p_read_1325, i8 %p_read_1324, i8 %p_read_1323, i8 %p_read_1322, i8 %p_read_1321, i8 %p_read_1320, i8 %p_read_1319, i8 %p_read_1318, i8 %p_read_1317, i8 %p_read_1316, i8 %p_read_1315, i8 %p_read_1314, i8 %p_read_1313, i8 %p_read_1312, i8 %p_read_1311, i8 %p_read_1310, i8 %p_read_1309, i8 %p_read_1308, i8 %p_read_1307, i8 %p_read_1306, i8 %p_read_1305, i8 %p_read_1304, i8 %p_read_1303, i8 %p_read_1302, i8 %p_read_1301, i8 %p_read_1300, i8 %p_read_1299, i8 %p_read_1298, i8 %p_read_1297, i8 %p_read_1296, i8 %p_read_1295, i8 %p_read_1294, i8 %p_read_1293, i8 %p_read_1292, i8 %p_read_1291, i8 %p_read_1290, i8 %p_read_1289, i8 %p_read_1288, i8 %p_read_1287, i8 %p_read_1286, i8 %p_read_1285, i8 %p_read_1284, i8 %p_read_1283, i8 %p_read_1282, i8 %p_read_1281, i8 %p_read_1280, i8 %p_read_1279, i8 %p_read_1278, i8 %p_read_1277, i8 %p_read_1276, i8 %p_read_1275, i8 %p_read_1274, i8 %p_read_1273, i8 %p_read_1272, i8 %p_read_1271, i8 %p_read_1270, i8 %p_read_1269, i8 %p_read_1268, i8 %p_read_1267, i8 %p_read_1266, i8 %p_read_1265, i8 %p_read_1264, i8 %p_read_1263, i8 %p_read_1262, i8 %p_read_1261, i8 %p_read_1260, i8 %p_read_1259, i8 %p_read_1258, i8 %p_read_1257, i8 %p_read_1256, i8 %p_read_1255, i8 %p_read_1254, i8 %p_read_1253, i8 %p_read_1252, i8 %p_read_1251, i8 %p_read_1250, i8 %p_read_1249, i8 %p_read_1248, i8 %p_read_1247, i8 %p_read_1246, i8 %p_read_1245, i8 %p_read_1244, i8 %p_read_1243, i8 %p_read_1242, i8 %p_read_1241, i8 %p_read_1240, i8 %p_read_1239, i8 %p_read_1238, i8 %p_read_1237, i8 %p_read_1236, i8 %p_read_1235, i8 %p_read_1234, i8 %p_read_1233, i8 %p_read_1232, i8 %p_read_1231, i8 %p_read_1230, i8 %p_read_1229, i8 %p_read_1228, i8 %p_read_1227, i8 %p_read_1226, i8 %p_read_1225, i8 %p_read_1224, i8 %p_read_1223, i8 %p_read_1222, i8 %p_read_1221, i8 %p_read_1220, i8 %p_read_1219, i8 %p_read_1218, i8 %p_read_1217, i8 %p_read_1216, i8 %p_read_1215, i8 %p_read_1214, i8 %p_read_1213, i8 %p_read_1212, i8 %p_read_1211, i8 %p_read_1210, i8 %p_read_1209, i8 %p_read_1208, i8 %p_read_1207, i8 %p_read_1206, i8 %p_read_1205, i8 %p_read_1204, i8 %p_read_1203, i8 %p_read_1202, i8 %p_read_1201, i8 %p_read_1200, i8 %p_read_1199, i8 %p_read_1198, i8 %p_read_1197, i8 %p_read_1196, i8 %p_read_1195, i8 %p_read_1194, i8 %p_read_1193, i8 %p_read_1192, i8 %p_read_1191, i8 %p_read_1190, i8 %p_read_1189, i8 %p_read_1188, i8 %p_read_1187, i8 %p_read_1186, i8 %p_read_1185, i8 %p_read_1184, i8 %p_read_1183, i8 %p_read_1182, i8 %p_read_1181, i8 %p_read_1180, i8 %p_read_1179, i8 %p_read_1178, i8 %p_read_1177, i8 %p_read_1176, i8 %p_read_1175, i8 %p_read_1174, i8 %p_read_1173, i8 %p_read_1172, i8 %p_read_1171, i8 %p_read_1170, i8 %p_read_1169, i8 %p_read_1168, i8 %p_read_1167, i8 %p_read_1166, i8 %p_read_1165, i8 %p_read_1164, i8 %p_read_1163, i8 %p_read_1162, i8 %p_read_1161, i8 %p_read_1160, i8 %p_read_1159, i8 %p_read_1158, i8 %p_read_1157, i8 %p_read_1156, i8 %p_read_1155, i8 %p_read_1154, i8 %p_read_1153, i8 %p_read_1152, i8 %p_read_1151, i8 %p_read_1150, i8 %p_read_1149, i8 %p_read_1148, i8 %p_read_1147, i8 %p_read_1146, i8 %p_read_1145, i8 %p_read_1144, i8 %p_read_1143, i8 %p_read_1142, i8 %p_read_1141, i8 %p_read_1140, i8 %p_read_1139, i8 %p_read_1138, i8 %p_read_1137, i8 %p_read_1136, i8 %p_read_1135, i8 %p_read_1134, i8 %p_read_1133, i8 %p_read_1132, i8 %p_read_1131, i8 %p_read_1130, i8 %p_read_1129, i8 %p_read_1128, i8 %p_read_1127, i8 %p_read_1126, i8 %p_read_1125, i8 %p_read_1124, i8 %p_read_1123, i8 %p_read_1122, i8 %p_read_1121, i8 %p_read_1120, i8 %p_read_1119, i8 %p_read_1118, i8 %p_read_1117, i8 %p_read_1116, i8 %p_read_1115, i8 %p_read_1114, i8 %p_read_1113, i8 %p_read_1112, i8 %p_read_1111, i8 %p_read_1110, i8 %p_read_1109, i8 %p_read_1108, i8 %p_read_1107, i8 %p_read_1106, i8 %p_read_1105, i8 %p_read_1104, i8 %p_read_1103, i8 %p_read_1102, i8 %p_read_1101, i8 %p_read_1100, i8 %p_read_1099, i8 %p_read_1098, i8 %p_read_1097, i8 %p_read_1096, i8 %p_read_1095, i8 %p_read_1094, i8 %p_read_1093, i8 %p_read_1092, i8 %p_read_1091, i8 %p_read_1090, i8 %p_read_1089, i8 %p_read_1088, i8 %p_read_1087, i8 %p_read_1086, i8 %p_read_1085, i8 %p_read_1084, i8 %p_read_1083, i8 %p_read_1082, i8 %p_read_1081, i8 %p_read_1080, i8 %p_read_1079, i8 %p_read_1078, i8 %p_read_1077, i8 %p_read_1076, i8 %p_read_1075, i8 %p_read_1074, i8 %p_read_1073, i8 %p_read_1072, i8 %p_read_1071, i8 %p_read_1070, i8 %p_read_1069, i8 %p_read_1068, i8 %p_read_1067, i8 %p_read_1066, i8 %p_read_1065, i8 %p_read_1064, i8 %p_read_1063, i8 %p_read_1062, i8 %p_read_1061, i8 %p_read_1060, i8 %p_read_1059, i8 %p_read_1058, i8 %p_read_1057, i8 %p_read_1056, i8 %p_read_1055, i8 %p_read_1054, i8 %p_read_1053, i8 %p_read_1052, i8 %p_read_1051, i8 %p_read_1050, i8 %p_read_1049, i8 %p_read_1048, i8 %p_read_1047, i8 %p_read_1046, i8 %p_read_1045, i8 %p_read_1044, i8 %p_read_1043, i8 %p_read_1042, i8 %p_read_1041, i8 %p_read_1040, i8 %p_read_1039, i8 %p_read_1038, i8 %p_read_1037, i8 %p_read_1036, i8 %p_read_1035, i8 %p_read_1034, i8 %p_read_1033, i8 %p_read_1032, i8 %p_read_1031, i8 %p_read_1030, i8 %p_read_1029, i8 %p_read_1028, i8 %p_read_1027, i8 %p_read_1026, i8 %p_read_1025, i8 %p_read_1024, i8 %p_read_1023, i8 %p_read_1022, i8 %p_read_1021, i8 %p_read_1020, i8 %p_read_1019, i8 %p_read_1018, i8 %p_read_1017, i8 %p_read_1016, i8 %p_read_1015, i8 %p_read_1014, i8 %p_read_1013, i8 %p_read_1012, i8 %p_read_1011, i8 %p_read_1010, i8 %p_read_1009, i8 %p_read_1008, i8 %p_read_1007, i8 %p_read_1006, i8 %p_read_1005, i8 %p_read_1004, i8 %p_read_1003, i8 %p_read_1002, i8 %p_read_1001, i8 %p_read_1000, i8 %p_read_999, i8 %p_read_998, i8 %p_read_997, i8 %p_read_996, i8 %p_read_995, i8 %p_read_994, i8 %p_read_993, i8 %p_read_992, i8 %p_read_991, i8 %p_read_990, i8 %p_read_989, i8 %p_read_988, i8 %p_read_987, i8 %p_read_986, i8 %p_read_985, i8 %p_read_984, i8 %p_read_983, i8 %p_read_982, i8 %p_read_981, i8 %p_read_980, i8 %p_read_979, i8 %p_read_978, i8 %p_read_977, i8 %p_read_976, i8 %p_read_975, i8 %p_read_974, i8 %p_read_973, i8 %p_read_972, i8 %p_read_971, i8 %p_read_970, i8 %p_read_969, i8 %p_read_968, i8 %p_read_967, i8 %p_read_966, i8 %p_read_965, i8 %p_read_964, i8 %p_read_963, i8 %p_read_962, i8 %p_read_961, i8 %p_read_960, i8 %p_read_959, i8 %p_read_958, i8 %p_read_957, i8 %p_read_956, i8 %p_read_955, i8 %p_read_954, i8 %p_read_953, i8 %p_read_952, i8 %p_read_951, i8 %p_read_950, i8 %p_read_949, i8 %p_read_948, i8 %p_read_947, i8 %p_read_946, i8 %p_read_945, i8 %p_read_944, i8 %p_read_943, i8 %p_read_942, i8 %p_read_941, i8 %p_read_940, i8 %p_read_939, i8 %p_read_938, i8 %p_read_937, i8 %p_read_936, i8 %p_read_935, i8 %p_read_934, i8 %p_read_933, i8 %p_read_932, i8 %p_read_931, i8 %p_read_930, i8 %p_read_929, i8 %p_read_928, i8 %p_read_927, i8 %p_read_926, i8 %p_read_925, i8 %p_read_924, i8 %p_read_923, i8 %p_read_922, i8 %p_read_921, i8 %p_read_920, i8 %p_read_919, i8 %p_read_918, i8 %p_read_917, i8 %p_read_916, i8 %p_read_915, i8 %p_read_914, i8 %p_read_913, i8 %p_read_912, i8 %p_read_911, i8 %p_read_910, i8 %p_read_909, i8 %p_read_908, i8 %p_read_907, i8 %p_read_906, i8 %p_read_905, i8 %p_read_904, i8 %p_read_903, i8 %p_read_902, i8 %p_read_901, i8 %p_read_900, i8 %p_read_899, i8 %p_read_898, i8 %p_read_897, i8 %p_read_896, i8 %p_read_895, i8 %p_read_894, i8 %p_read_893, i8 %p_read_892, i8 %p_read_891, i8 %p_read_890, i8 %p_read_889, i8 %p_read_888, i8 %p_read_887, i8 %p_read_886, i8 %p_read_885, i8 %p_read_884, i8 %p_read_883, i8 %p_read_882, i8 %p_read_881, i8 %p_read_880, i8 %p_read_879, i8 %p_read_878, i8 %p_read_877, i8 %p_read_876, i8 %p_read_875, i8 %p_read_874, i8 %p_read_873, i8 %p_read_872, i8 %p_read_871, i8 %p_read_870, i8 %p_read_869, i8 %p_read_868, i8 %p_read_867, i8 %p_read_866, i8 %p_read_865, i8 %p_read_864, i8 %p_read_863, i8 %p_read_862, i8 %p_read_861, i8 %p_read_860, i8 %p_read_859, i8 %p_read_858, i8 %p_read_857, i8 %p_read_856, i8 %p_read_855, i8 %p_read_854, i8 %p_read_853, i8 %p_read_852, i8 %p_read_851, i8 %p_read_850, i8 %p_read_849, i8 %p_read_848, i8 %p_read_847, i8 %p_read_846, i8 %p_read_845, i8 %p_read_844, i8 %p_read_843, i8 %p_read_842, i8 %p_read_841, i8 %p_read_840, i8 %p_read_839, i8 %p_read_838, i8 %p_read_837, i8 %p_read_836, i8 %p_read_835, i8 %p_read_834, i8 %p_read_833, i8 %p_read_832, i8 %p_read_831, i8 %p_read_830, i8 %p_read_829, i8 %p_read_828, i8 %p_read_827, i8 %p_read_826, i8 %p_read_825, i8 %p_read_824, i8 %p_read_823, i8 %p_read_822, i8 %p_read_821, i8 %p_read_820, i8 %p_read_819, i8 %p_read_818, i8 %p_read_817, i8 %p_read_816, i8 %p_read_815, i8 %p_read_814, i8 %p_read_813, i8 %p_read_812, i8 %p_read_811, i8 %p_read_810, i8 %p_read_809, i8 %p_read_808, i8 %p_read_807, i8 %p_read_806, i8 %p_read_805, i8 %p_read_804, i8 %p_read_803, i8 %p_read_802, i8 %p_read_801, i8 %p_read_800, i8 %p_read_799, i8 %p_read_798, i8 %p_read_797, i8 %p_read_796, i8 %p_read_795, i8 %p_read_794, i8 %p_read_793, i8 %p_read_792, i8 %p_read_791, i8 %p_read_790, i8 %p_read_789, i8 %p_read_788, i8 %p_read_787, i8 %p_read_786, i8 %p_read_785, i8 %p_read_784, i8 %p_read_783, i8 %p_read_782, i8 %p_read_781, i8 %p_read_780, i8 %p_read_779, i8 %p_read_778, i8 %p_read_777, i8 %p_read_776, i8 %p_read_775, i8 %p_read_774, i8 %p_read_773, i8 %p_read_772, i8 %p_read_771, i8 %p_read_770, i8 %p_read_769, i8 %p_read_768, i8 %p_read_767, i8 %p_read_766, i8 %p_read_765, i8 %p_read_764, i8 %p_read_763, i8 %p_read_762, i8 %p_read_761, i8 %p_read_760, i8 %p_read_759, i8 %p_read_758, i8 %p_read_757, i8 %p_read_756, i8 %p_read_755, i8 %p_read_754, i8 %p_read_753, i8 %p_read_752, i8 %p_read_751, i8 %p_read_750, i8 %p_read_749, i8 %p_read_748, i8 %p_read_747, i8 %p_read_746, i8 %p_read_745, i8 %p_read_744, i8 %p_read_743, i8 %p_read_742, i8 %p_read_741, i8 %p_read_740, i8 %p_read_739, i8 %p_read_738, i8 %p_read_737, i8 %p_read_736, i8 %p_read_735, i8 %p_read_734, i8 %p_read_733, i8 %p_read_732, i8 %p_read_731, i8 %p_read_730, i8 %p_read_729, i8 %p_read_728, i8 %p_read_727, i8 %p_read_726, i8 %p_read_725, i8 %p_read_724, i8 %p_read_723, i8 %p_read_722, i8 %p_read_721, i8 %p_read_720, i8 %p_read_719, i8 %p_read_718, i8 %p_read_717, i8 %p_read_716, i8 %p_read_715, i8 %p_read_714, i8 %p_read_713, i8 %p_read_712, i8 %p_read_711, i8 %p_read_710, i8 %p_read_709, i8 %p_read_708, i8 %p_read_707, i8 %p_read_706, i8 %p_read_705, i8 %p_read_704, i8 %p_read_703, i8 %p_read_702, i8 %p_read_701, i8 %p_read_700, i8 %p_read_699, i8 %p_read_698, i8 %p_read_697, i8 %p_read_696, i8 %p_read_695, i8 %p_read_694, i8 %p_read_693, i8 %p_read_692, i8 %p_read_691, i8 %p_read_690, i8 %p_read_689, i8 %p_read_688, i8 %p_read_687, i8 %p_read_686, i8 %p_read_685, i8 %p_read_684, i8 %p_read_683, i8 %p_read_682, i8 %p_read_681, i8 %p_read_680, i8 %p_read_679, i8 %p_read_678, i8 %p_read_677, i8 %p_read_676, i8 %p_read_675, i8 %p_read_674, i8 %p_read_673, i8 %p_read_672, i8 %p_read_671, i8 %p_read_670, i8 %p_read_669, i8 %p_read_668, i8 %p_read_667, i8 %p_read_666, i8 %p_read_665, i8 %p_read_664, i8 %p_read_663, i8 %p_read_662, i8 %p_read_661, i8 %p_read_660, i8 %p_read_659, i8 %p_read_658, i8 %p_read_657, i8 %p_read_656, i8 %p_read_655, i8 %p_read_654, i8 %p_read_653, i8 %p_read_652, i8 %p_read_651, i8 %p_read_650, i8 %p_read_649, i8 %p_read_648, i8 %p_read_647, i8 %p_read_646, i8 %p_read_645, i8 %p_read_644, i8 %p_read_643, i8 %p_read_642, i8 %p_read_641, i8 %p_read_640, i8 %p_read_639, i8 %p_read_638, i8 %p_read_637, i8 %p_read_636, i8 %p_read_635, i8 %p_read_634, i8 %p_read_633, i8 %p_read_632, i8 %p_read_631, i8 %p_read_630, i8 %p_read_629, i8 %p_read_628, i8 %p_read_627, i8 %p_read_626, i8 %p_read_625, i8 %p_read_624, i8 %p_read_623, i8 %p_read_622, i8 %p_read_621, i8 %p_read_620, i8 %p_read_619, i8 %p_read_618, i8 %p_read_617, i8 %p_read_616, i8 %p_read_615, i8 %p_read_614, i8 %p_read_613, i8 %p_read_612, i8 %p_read_611, i8 %p_read_610, i8 %p_read_609, i8 %p_read_608, i8 %p_read_607, i8 %p_read_606, i8 %p_read_605, i8 %p_read_604, i8 %p_read_603, i8 %p_read_602, i8 %p_read_601, i8 %p_read_600, i8 %p_read_599, i8 %p_read_598, i8 %p_read_597, i8 %p_read_596, i8 %p_read_595, i8 %p_read_594, i8 %p_read_593, i8 %p_read_592, i8 %p_read_591, i8 %p_read_590, i8 %p_read_589, i8 %p_read_588, i8 %p_read_587, i8 %p_read_586, i8 %p_read_585, i8 %p_read_584, i8 %p_read_583, i8 %p_read_582, i8 %p_read_581, i8 %p_read_580, i8 %p_read_579, i8 %p_read_578, i8 %p_read_577, i8 %p_read_576, i8 %p_read_575, i8 %p_read_574, i8 %p_read_573, i8 %p_read_572, i8 %p_read_571, i8 %p_read_570, i8 %p_read_569, i8 %p_read_568, i8 %p_read_567, i8 %p_read_566, i8 %p_read_565, i8 %p_read_564, i8 %p_read_563, i8 %p_read_562, i8 %p_read_561, i8 %p_read_560, i8 %p_read_559, i8 %p_read_558, i8 %p_read_557, i8 %p_read_556, i8 %p_read_555, i8 %p_read_554, i8 %p_read_553, i8 %p_read_552, i8 %p_read_551, i8 %p_read_550, i8 %p_read_549, i8 %p_read_548, i8 %p_read_547, i8 %p_read_546, i8 %p_read_545, i8 %p_read_544, i8 %p_read_543, i8 %p_read_542, i8 %p_read_541, i8 %p_read_540, i8 %p_read_539, i8 %p_read_538, i8 %p_read_537, i8 %p_read_536, i8 %p_read_535, i8 %p_read_534, i8 %p_read_533, i8 %p_read_532, i8 %p_read_531, i8 %p_read_530, i8 %p_read_529, i8 %p_read_528, i8 %p_read_527, i8 %p_read_526, i8 %p_read_525, i8 %p_read_524, i8 %p_read_523, i8 %p_read_522, i8 %p_read_521, i8 %p_read_520, i8 %p_read_519, i8 %p_read_518, i8 %p_read_517, i8 %p_read_516, i8 %p_read_515, i8 %p_read_514, i8 %p_read_513, i8 %p_read_512, i8 %p_read_511, i8 %p_read_510, i8 %p_read_509, i8 %p_read_508, i8 %p_read_507, i8 %p_read_506, i8 %p_read_505, i8 %p_read_504, i8 %p_read_503, i8 %p_read_502, i8 %p_read_501, i8 %p_read_500, i8 %p_read_499, i8 %p_read_498, i8 %p_read_497, i8 %p_read_496, i8 %p_read_495, i8 %p_read_494, i8 %p_read_493, i8 %p_read_492, i8 %p_read_491, i8 %p_read_490, i8 %p_read_489, i8 %p_read_488, i8 %p_read_487, i8 %p_read_486, i8 %p_read_485, i8 %p_read_484, i8 %p_read_483, i8 %p_read_482, i8 %p_read_481, i8 %p_read_480, i8 %p_read_479, i8 %p_read_478, i8 %p_read_477, i8 %p_read_476, i8 %p_read_475, i8 %p_read_474, i8 %p_read_473, i8 %p_read_472, i8 %p_read_471, i8 %p_read_470, i8 %p_read_469, i8 %p_read_468, i8 %p_read_467, i8 %p_read_466, i8 %p_read_465, i8 %p_read_464, i8 %p_read_463, i8 %p_read_462, i8 %p_read_461, i8 %p_read_460, i8 %p_read_459, i8 %p_read_458, i8 %p_read_457, i8 %p_read_456, i8 %p_read_455, i8 %p_read_454, i8 %p_read_453, i8 %p_read_452, i8 %p_read_451, i8 %p_read_450, i8 %p_read_449, i8 %p_read_448, i8 %p_read_447, i8 %p_read_446, i8 %p_read_445, i8 %p_read_444, i8 %p_read_443, i8 %p_read_442, i8 %p_read_441, i8 %p_read_440, i8 %p_read_439, i8 %p_read_438, i8 %p_read_437, i8 %p_read_436, i8 %p_read_435, i8 %p_read_434, i8 %p_read_433, i8 %p_read_432, i8 %p_read_431, i8 %p_read_430, i8 %p_read_429, i8 %p_read_428, i8 %p_read_427, i8 %p_read_426, i8 %p_read_425, i8 %p_read_424, i8 %p_read_423, i8 %p_read_422, i8 %p_read_421, i8 %p_read_420, i8 %p_read_419, i8 %p_read_418, i8 %p_read_417, i8 %p_read_416, i8 %p_read_415, i8 %p_read_414, i8 %p_read_413, i8 %p_read_412, i8 %p_read_411, i8 %p_read_410, i8 %p_read_409, i8 %p_read_408, i8 %p_read_407, i8 %p_read_406, i8 %p_read_405, i8 %p_read_404, i8 %p_read_403, i8 %p_read_402, i8 %p_read_401, i8 %p_read_400, i8 %p_read_399, i8 %p_read_398, i8 %p_read_397, i8 %p_read_396, i8 %p_read_395, i8 %p_read_394, i8 %p_read_393, i8 %p_read_392, i8 %p_read_391, i8 %p_read_390, i8 %p_read_389, i8 %p_read_388, i8 %p_read_387, i8 %p_read_386, i8 %p_read_385, i8 %p_read_384, i8 %p_read_383, i8 %p_read_382, i8 %p_read_381, i8 %p_read_380, i8 %p_read_379, i8 %p_read_378, i8 %p_read_377, i8 %p_read_376, i8 %p_read_375, i8 %p_read_374, i8 %p_read_373, i8 %p_read_372, i8 %p_read_371, i8 %p_read_370, i8 %p_read_369, i8 %p_read_368, i8 %p_read_367, i8 %p_read_366, i8 %p_read_365, i8 %p_read_364, i8 %p_read_363, i8 %p_read_362, i8 %p_read_361, i8 %p_read_360, i8 %p_read_359, i8 %p_read_358, i8 %p_read_357, i8 %p_read_356, i8 %p_read_355, i8 %p_read_354, i8 %p_read_353, i8 %p_read_352, i8 %p_read_351, i8 %p_read_350, i8 %p_read_349, i8 %p_read_348, i8 %p_read_347, i8 %p_read_346, i8 %p_read_345, i8 %p_read_344, i8 %p_read_343, i8 %p_read_342, i8 %p_read_341, i8 %p_read_340, i8 %p_read_339, i8 %p_read_338, i8 %p_read_337, i8 %p_read_336, i8 %p_read_335, i8 %p_read_334, i8 %p_read_333, i8 %p_read_332, i8 %p_read_331, i8 %p_read_330, i8 %p_read_329, i8 %p_read_328, i8 %p_read_327, i8 %p_read_326, i8 %p_read_325, i8 %p_read_324, i8 %p_read_323, i8 %p_read_322, i8 %p_read_321, i8 %p_read_320, i8 %p_read_319, i8 %p_read_318, i8 %p_read_317, i8 %p_read_316, i8 %p_read_315, i8 %p_read_314, i8 %p_read_313, i8 %p_read_312, i8 %p_read_311, i8 %p_read_310, i8 %p_read_309, i8 %p_read_308, i8 %p_read_307, i8 %p_read_306, i8 %p_read_305, i8 %p_read_304, i8 %p_read_303, i8 %p_read_302, i8 %p_read_301, i8 %p_read_300, i8 %p_read_299, i8 %p_read_298, i8 %p_read_297, i8 %p_read_296, i8 %p_read_295, i8 %p_read_294, i8 %p_read_293, i8 %p_read_292, i8 %p_read_291, i8 %p_read_290, i8 %p_read_289, i8 %p_read_288, i8 %p_read_287, i8 %p_read_286, i8 %p_read_285, i8 %p_read_284, i8 %p_read_283, i8 %p_read_282, i8 %p_read_281, i8 %p_read_280, i8 %p_read_279, i8 %p_read_278, i8 %p_read_277, i8 %p_read_276, i8 %p_read_275, i8 %p_read_274, i8 %p_read_273, i8 %p_read_272, i8 %p_read_271, i8 %p_read_270, i8 %p_read_269, i8 %p_read_268, i8 %p_read_267, i8 %p_read_266, i8 %p_read_265, i8 %p_read_264, i8 %p_read_263, i8 %p_read_262, i8 %p_read_261, i8 %p_read_260, i8 %p_read_259, i8 %p_read_258, i8 %p_read_257, i8 %p_read_256, i8 %p_read_255, i8 %p_read_254, i8 %p_read_253, i8 %p_read_252, i8 %p_read_251, i8 %p_read_250, i8 %p_read_249, i8 %p_read_248, i8 %p_read_247, i8 %p_read_246, i8 %p_read_245, i8 %p_read_244, i8 %p_read_243, i8 %p_read_242, i8 %p_read_241, i8 %p_read_240, i8 %p_read_239, i8 %p_read_238, i8 %p_read_237, i8 %p_read_236, i8 %p_read_235, i8 %p_read_234, i8 %p_read_233, i8 %p_read_232, i8 %p_read_231, i8 %p_read_230, i8 %p_read_229, i8 %p_read_228, i8 %p_read_227, i8 %p_read_226, i8 %p_read_225, i8 %p_read_224, i8 %p_read_223, i8 %p_read_222, i8 %p_read_221, i8 %p_read_220, i8 %p_read_219, i8 %p_read_218, i8 %p_read_217, i8 %p_read_216, i8 %p_read_215, i8 %p_read_214, i8 %p_read_213, i8 %p_read_212, i8 %p_read_211, i8 %p_read_210, i8 %p_read_209, i8 %p_read_208, i8 %p_read_207, i8 %p_read_206, i8 %p_read_205, i8 %p_read_204, i8 %p_read_203, i8 %p_read_202, i8 %p_read_201, i8 %p_read_200, i8 %p_read_199, i8 %p_read_198, i8 %p_read_197, i8 %p_read_196, i8 %p_read_195, i8 %p_read_194, i8 %p_read_193, i8 %p_read_192, i8 %p_read_191, i8 %p_read_190, i8 %p_read_189, i8 %p_read_188, i8 %p_read_187, i8 %p_read_186, i8 %p_read_185, i8 %p_read_184, i8 %p_read_183, i8 %p_read_182, i8 %p_read_181, i8 %p_read_180, i8 %p_read_179, i8 %p_read_178, i8 %p_read_177, i8 %p_read_176, i8 %p_read_175, i8 %p_read_174, i8 %p_read_173, i8 %p_read_172, i8 %p_read_171, i8 %p_read_170, i8 %p_read_169, i8 %p_read_168, i8 %p_read_167, i8 %p_read_166, i8 %p_read_165, i8 %p_read_164, i8 %p_read_163, i8 %p_read_162, i8 %p_read_161, i8 %p_read_160, i8 %p_read_159, i8 %p_read_158, i8 %p_read_157, i8 %p_read_156, i8 %p_read_155, i8 %p_read_154, i8 %p_read_153, i8 %p_read_152, i8 %p_read_151, i8 %p_read_150, i8 %p_read_149, i8 %p_read_148, i8 %p_read_147, i8 %p_read_146, i8 %p_read_145, i8 %p_read_144, i8 %p_read_143, i8 %p_read_142, i8 %p_read_141, i8 %p_read_140, i8 %p_read_139, i8 %p_read_138, i8 %p_read_137, i8 %p_read_136, i8 %p_read_135, i8 %p_read_134, i8 %p_read_133, i8 %p_read_132, i8 %p_read_131, i8 %p_read_130, i8 %p_read_129, i8 %p_read_128, i8 %p_read_127, i8 %p_read_126, i8 %p_read_125, i8 %p_read_124, i8 %p_read_123, i8 %p_read_122, i8 %p_read_121, i8 %p_read_120, i8 %p_read_119, i8 %p_read_118, i8 %p_read_117, i8 %p_read_116, i8 %p_read_115, i8 %p_read_114, i8 %p_read_113, i8 %p_read_112, i8 %p_read_111, i8 %p_read_110, i8 %p_read_109, i8 %p_read_108, i8 %p_read_107, i8 %p_read_106, i8 %p_read_105, i8 %p_read_104, i8 %p_read_103, i8 %p_read_102, i8 %p_read_101, i8 %p_read_100, i8 %p_read_99, i8 %p_read_98, i8 %p_read_97, i8 %p_read_96, i8 %p_read_95, i8 %p_read_94, i8 %p_read_93, i8 %p_read_92, i8 %p_read_91, i8 %p_read_90, i8 %p_read_89, i8 %p_read_88, i8 %p_read_87, i8 %p_read_86, i8 %p_read_85, i8 %p_read_84, i8 %p_read_83, i8 %p_read_82, i8 %p_read_81, i8 %p_read_80, i8 %p_read_79, i8 %p_read_78, i8 %p_read_77, i8 %p_read_76, i8 %p_read_75, i8 %p_read_74, i8 %p_read_73, i8 %p_read_72, i8 %p_read_71, i8 %p_read_70, i8 %p_read_69, i8 %p_read_68, i8 %p_read_67, i8 %p_read_66, i8 %p_read_65, i8 %p_read_64, i8 %p_read_63, i8 %p_read_62, i8 %p_read_61, i8 %p_read_60, i8 %p_read_59, i8 %p_read_58, i8 %p_read_57, i8 %p_read_56, i8 %p_read_55, i8 %p_read_54, i8 %p_read_53, i8 %p_read_52, i8 %p_read_51, i8 %p_read_50, i8 %p_read_49, i8 %p_read_48, i8 %p_read_47, i8 %p_read_46, i8 %p_read_45, i8 %p_read_44, i8 %p_read_43, i8 %p_read_42, i8 %p_read_41, i8 %p_read_40, i8 %p_read_39, i8 %p_read_38, i8 %p_read_37, i8 %p_read_36, i8 %p_read_35, i8 %p_read_34, i8 %p_read_33, i8 %p_read_32, i8 %p_read_31, i8 %p_read_30, i8 %p_read_29, i8 %p_read_28, i8 %p_read_27, i8 %p_read_26, i8 %p_read_25, i8 %p_read_24, i8 %p_read_23, i8 %p_read_22, i8 %p_read_21, i8 %p_read_20, i8 %p_read_19, i8 %p_read_18, i8 %p_read_17, i8 %p_read_16, i8 %p_read_15, i11 %add_ln61_3" [src/ORB.cpp:61]   --->   Operation 2259 'mux' 't1_V_1' <Predicate = (!tmp)> <Delay = 1.76> <CoreInst = "Multiplexer">   --->   Core 76 'Multiplexer' <Latency = 0> <II = 1> <Delay = 1.76> <FuncUnit> <Opcode : 'mux'> <InPorts = 2> <OutPorts = 1>
ST_18 : Operation 2260 [1/1] (0.84ns)   --->   "%p_Repl2_1 = icmp_ult  i8 %t0_V_1, i8 %t1_V_1"   --->   Operation 2260 'icmp' 'p_Repl2_1' <Predicate = (!tmp)> <Delay = 0.84> <CoreInst = "Cmp">   --->   Core 9 'Cmp' <Latency = 0> <II = 1> <Delay = 0.44> <FuncUnit> <Opcode : 'icmp'> <InPorts = 2> <OutPorts = 1>
ST_18 : Operation 2261 [1/1] (0.00ns)   --->   "%or_ln669 = or i8 %trunc_ln52, i8 1"   --->   Operation 2261 'or' 'or_ln669' <Predicate = (!tmp)> <Delay = 0.00>
ST_18 : Operation 2262 [1/1] (0.00ns)   --->   "%zext_ln669_1 = zext i8 %or_ln669"   --->   Operation 2262 'zext' 'zext_ln669_1' <Predicate = (!tmp)> <Delay = 0.00>
ST_18 : Operation 2263 [1/1] (0.00ns)   --->   "%p_Result_52 = bitset i256 @_ssdm_op_BitSet.i256.i256.i32.i1, i256 %p_Result_51, i32 %zext_ln669_1, i1 %p_Repl2_1"   --->   Operation 2263 'bitset' 'p_Result_52' <Predicate = (!tmp)> <Delay = 0.00>
ST_18 : Operation 2264 [1/2] (0.64ns) (root node of the DSP)   --->   "%add_ln60_5 = add i11 %mul_ln60_2, i11 %zext_ln60_5" [src/ORB.cpp:60]   --->   Operation 2264 'add' 'add_ln60_5' <Predicate = (!tmp)> <Delay = 0.64> <CoreInst = "DSP48">   --->   Core 127 'DSP48' <Latency = 3> <II = 1> <Delay = 0.53> <IPBlock> <Opcode : 'mul' 'add' 'sub' 'select'> <InPorts = 0> <OutPorts = 1> <Sync> <CReg>
ST_18 : Operation 2265 [1/1] (1.76ns)   --->   "%t0_V_2 = mux i8 @_ssdm_op_Mux.ap_auto.1369i8.i11, i8 %p_read11371, i8 %p_read21372, i8 %p_read31373, i8 %p_read41374, i8 %p_read51375, i8 %p_read61376, i8 %p_read_1377, i8 %p_read_1376, i8 %p_read_1375, i8 %p_read_1374, i8 %p_read_1373, i8 %p_read_1372, i8 %p_read_1371, i8 %p_read_1370, i8 %p_read_1369, i8 %p_read_1368, i8 %p_read_1367, i8 %p_read_1366, i8 %p_read_1365, i8 %p_read_1364, i8 %p_read_1363, i8 %p_read_1362, i8 %p_read_1361, i8 %p_read_1360, i8 %p_read_1359, i8 %p_read_1358, i8 %p_read_1357, i8 %p_read_1356, i8 %p_read_1355, i8 %p_read_1354, i8 %p_read_1353, i8 %p_read_1352, i8 %p_read_1351, i8 %p_read_1350, i8 %p_read_1349, i8 %p_read_1348, i8 %p_read_1347, i8 %p_read_1346, i8 %p_read_1345, i8 %p_read_1344, i8 %p_read_1343, i8 %p_read_1342, i8 %p_read_1341, i8 %p_read_1340, i8 %p_read_1339, i8 %p_read_1338, i8 %p_read_1337, i8 %p_read_1336, i8 %p_read_1335, i8 %p_read_1334, i8 %p_read_1333, i8 %p_read_1332, i8 %p_read_1331, i8 %p_read_1330, i8 %p_read_1329, i8 %p_read_1328, i8 %p_read_1327, i8 %p_read_1326, i8 %p_read_1325, i8 %p_read_1324, i8 %p_read_1323, i8 %p_read_1322, i8 %p_read_1321, i8 %p_read_1320, i8 %p_read_1319, i8 %p_read_1318, i8 %p_read_1317, i8 %p_read_1316, i8 %p_read_1315, i8 %p_read_1314, i8 %p_read_1313, i8 %p_read_1312, i8 %p_read_1311, i8 %p_read_1310, i8 %p_read_1309, i8 %p_read_1308, i8 %p_read_1307, i8 %p_read_1306, i8 %p_read_1305, i8 %p_read_1304, i8 %p_read_1303, i8 %p_read_1302, i8 %p_read_1301, i8 %p_read_1300, i8 %p_read_1299, i8 %p_read_1298, i8 %p_read_1297, i8 %p_read_1296, i8 %p_read_1295, i8 %p_read_1294, i8 %p_read_1293, i8 %p_read_1292, i8 %p_read_1291, i8 %p_read_1290, i8 %p_read_1289, i8 %p_read_1288, i8 %p_read_1287, i8 %p_read_1286, i8 %p_read_1285, i8 %p_read_1284, i8 %p_read_1283, i8 %p_read_1282, i8 %p_read_1281, i8 %p_read_1280, i8 %p_read_1279, i8 %p_read_1278, i8 %p_read_1277, i8 %p_read_1276, i8 %p_read_1275, i8 %p_read_1274, i8 %p_read_1273, i8 %p_read_1272, i8 %p_read_1271, i8 %p_read_1270, i8 %p_read_1269, i8 %p_read_1268, i8 %p_read_1267, i8 %p_read_1266, i8 %p_read_1265, i8 %p_read_1264, i8 %p_read_1263, i8 %p_read_1262, i8 %p_read_1261, i8 %p_read_1260, i8 %p_read_1259, i8 %p_read_1258, i8 %p_read_1257, i8 %p_read_1256, i8 %p_read_1255, i8 %p_read_1254, i8 %p_read_1253, i8 %p_read_1252, i8 %p_read_1251, i8 %p_read_1250, i8 %p_read_1249, i8 %p_read_1248, i8 %p_read_1247, i8 %p_read_1246, i8 %p_read_1245, i8 %p_read_1244, i8 %p_read_1243, i8 %p_read_1242, i8 %p_read_1241, i8 %p_read_1240, i8 %p_read_1239, i8 %p_read_1238, i8 %p_read_1237, i8 %p_read_1236, i8 %p_read_1235, i8 %p_read_1234, i8 %p_read_1233, i8 %p_read_1232, i8 %p_read_1231, i8 %p_read_1230, i8 %p_read_1229, i8 %p_read_1228, i8 %p_read_1227, i8 %p_read_1226, i8 %p_read_1225, i8 %p_read_1224, i8 %p_read_1223, i8 %p_read_1222, i8 %p_read_1221, i8 %p_read_1220, i8 %p_read_1219, i8 %p_read_1218, i8 %p_read_1217, i8 %p_read_1216, i8 %p_read_1215, i8 %p_read_1214, i8 %p_read_1213, i8 %p_read_1212, i8 %p_read_1211, i8 %p_read_1210, i8 %p_read_1209, i8 %p_read_1208, i8 %p_read_1207, i8 %p_read_1206, i8 %p_read_1205, i8 %p_read_1204, i8 %p_read_1203, i8 %p_read_1202, i8 %p_read_1201, i8 %p_read_1200, i8 %p_read_1199, i8 %p_read_1198, i8 %p_read_1197, i8 %p_read_1196, i8 %p_read_1195, i8 %p_read_1194, i8 %p_read_1193, i8 %p_read_1192, i8 %p_read_1191, i8 %p_read_1190, i8 %p_read_1189, i8 %p_read_1188, i8 %p_read_1187, i8 %p_read_1186, i8 %p_read_1185, i8 %p_read_1184, i8 %p_read_1183, i8 %p_read_1182, i8 %p_read_1181, i8 %p_read_1180, i8 %p_read_1179, i8 %p_read_1178, i8 %p_read_1177, i8 %p_read_1176, i8 %p_read_1175, i8 %p_read_1174, i8 %p_read_1173, i8 %p_read_1172, i8 %p_read_1171, i8 %p_read_1170, i8 %p_read_1169, i8 %p_read_1168, i8 %p_read_1167, i8 %p_read_1166, i8 %p_read_1165, i8 %p_read_1164, i8 %p_read_1163, i8 %p_read_1162, i8 %p_read_1161, i8 %p_read_1160, i8 %p_read_1159, i8 %p_read_1158, i8 %p_read_1157, i8 %p_read_1156, i8 %p_read_1155, i8 %p_read_1154, i8 %p_read_1153, i8 %p_read_1152, i8 %p_read_1151, i8 %p_read_1150, i8 %p_read_1149, i8 %p_read_1148, i8 %p_read_1147, i8 %p_read_1146, i8 %p_read_1145, i8 %p_read_1144, i8 %p_read_1143, i8 %p_read_1142, i8 %p_read_1141, i8 %p_read_1140, i8 %p_read_1139, i8 %p_read_1138, i8 %p_read_1137, i8 %p_read_1136, i8 %p_read_1135, i8 %p_read_1134, i8 %p_read_1133, i8 %p_read_1132, i8 %p_read_1131, i8 %p_read_1130, i8 %p_read_1129, i8 %p_read_1128, i8 %p_read_1127, i8 %p_read_1126, i8 %p_read_1125, i8 %p_read_1124, i8 %p_read_1123, i8 %p_read_1122, i8 %p_read_1121, i8 %p_read_1120, i8 %p_read_1119, i8 %p_read_1118, i8 %p_read_1117, i8 %p_read_1116, i8 %p_read_1115, i8 %p_read_1114, i8 %p_read_1113, i8 %p_read_1112, i8 %p_read_1111, i8 %p_read_1110, i8 %p_read_1109, i8 %p_read_1108, i8 %p_read_1107, i8 %p_read_1106, i8 %p_read_1105, i8 %p_read_1104, i8 %p_read_1103, i8 %p_read_1102, i8 %p_read_1101, i8 %p_read_1100, i8 %p_read_1099, i8 %p_read_1098, i8 %p_read_1097, i8 %p_read_1096, i8 %p_read_1095, i8 %p_read_1094, i8 %p_read_1093, i8 %p_read_1092, i8 %p_read_1091, i8 %p_read_1090, i8 %p_read_1089, i8 %p_read_1088, i8 %p_read_1087, i8 %p_read_1086, i8 %p_read_1085, i8 %p_read_1084, i8 %p_read_1083, i8 %p_read_1082, i8 %p_read_1081, i8 %p_read_1080, i8 %p_read_1079, i8 %p_read_1078, i8 %p_read_1077, i8 %p_read_1076, i8 %p_read_1075, i8 %p_read_1074, i8 %p_read_1073, i8 %p_read_1072, i8 %p_read_1071, i8 %p_read_1070, i8 %p_read_1069, i8 %p_read_1068, i8 %p_read_1067, i8 %p_read_1066, i8 %p_read_1065, i8 %p_read_1064, i8 %p_read_1063, i8 %p_read_1062, i8 %p_read_1061, i8 %p_read_1060, i8 %p_read_1059, i8 %p_read_1058, i8 %p_read_1057, i8 %p_read_1056, i8 %p_read_1055, i8 %p_read_1054, i8 %p_read_1053, i8 %p_read_1052, i8 %p_read_1051, i8 %p_read_1050, i8 %p_read_1049, i8 %p_read_1048, i8 %p_read_1047, i8 %p_read_1046, i8 %p_read_1045, i8 %p_read_1044, i8 %p_read_1043, i8 %p_read_1042, i8 %p_read_1041, i8 %p_read_1040, i8 %p_read_1039, i8 %p_read_1038, i8 %p_read_1037, i8 %p_read_1036, i8 %p_read_1035, i8 %p_read_1034, i8 %p_read_1033, i8 %p_read_1032, i8 %p_read_1031, i8 %p_read_1030, i8 %p_read_1029, i8 %p_read_1028, i8 %p_read_1027, i8 %p_read_1026, i8 %p_read_1025, i8 %p_read_1024, i8 %p_read_1023, i8 %p_read_1022, i8 %p_read_1021, i8 %p_read_1020, i8 %p_read_1019, i8 %p_read_1018, i8 %p_read_1017, i8 %p_read_1016, i8 %p_read_1015, i8 %p_read_1014, i8 %p_read_1013, i8 %p_read_1012, i8 %p_read_1011, i8 %p_read_1010, i8 %p_read_1009, i8 %p_read_1008, i8 %p_read_1007, i8 %p_read_1006, i8 %p_read_1005, i8 %p_read_1004, i8 %p_read_1003, i8 %p_read_1002, i8 %p_read_1001, i8 %p_read_1000, i8 %p_read_999, i8 %p_read_998, i8 %p_read_997, i8 %p_read_996, i8 %p_read_995, i8 %p_read_994, i8 %p_read_993, i8 %p_read_992, i8 %p_read_991, i8 %p_read_990, i8 %p_read_989, i8 %p_read_988, i8 %p_read_987, i8 %p_read_986, i8 %p_read_985, i8 %p_read_984, i8 %p_read_983, i8 %p_read_982, i8 %p_read_981, i8 %p_read_980, i8 %p_read_979, i8 %p_read_978, i8 %p_read_977, i8 %p_read_976, i8 %p_read_975, i8 %p_read_974, i8 %p_read_973, i8 %p_read_972, i8 %p_read_971, i8 %p_read_970, i8 %p_read_969, i8 %p_read_968, i8 %p_read_967, i8 %p_read_966, i8 %p_read_965, i8 %p_read_964, i8 %p_read_963, i8 %p_read_962, i8 %p_read_961, i8 %p_read_960, i8 %p_read_959, i8 %p_read_958, i8 %p_read_957, i8 %p_read_956, i8 %p_read_955, i8 %p_read_954, i8 %p_read_953, i8 %p_read_952, i8 %p_read_951, i8 %p_read_950, i8 %p_read_949, i8 %p_read_948, i8 %p_read_947, i8 %p_read_946, i8 %p_read_945, i8 %p_read_944, i8 %p_read_943, i8 %p_read_942, i8 %p_read_941, i8 %p_read_940, i8 %p_read_939, i8 %p_read_938, i8 %p_read_937, i8 %p_read_936, i8 %p_read_935, i8 %p_read_934, i8 %p_read_933, i8 %p_read_932, i8 %p_read_931, i8 %p_read_930, i8 %p_read_929, i8 %p_read_928, i8 %p_read_927, i8 %p_read_926, i8 %p_read_925, i8 %p_read_924, i8 %p_read_923, i8 %p_read_922, i8 %p_read_921, i8 %p_read_920, i8 %p_read_919, i8 %p_read_918, i8 %p_read_917, i8 %p_read_916, i8 %p_read_915, i8 %p_read_914, i8 %p_read_913, i8 %p_read_912, i8 %p_read_911, i8 %p_read_910, i8 %p_read_909, i8 %p_read_908, i8 %p_read_907, i8 %p_read_906, i8 %p_read_905, i8 %p_read_904, i8 %p_read_903, i8 %p_read_902, i8 %p_read_901, i8 %p_read_900, i8 %p_read_899, i8 %p_read_898, i8 %p_read_897, i8 %p_read_896, i8 %p_read_895, i8 %p_read_894, i8 %p_read_893, i8 %p_read_892, i8 %p_read_891, i8 %p_read_890, i8 %p_read_889, i8 %p_read_888, i8 %p_read_887, i8 %p_read_886, i8 %p_read_885, i8 %p_read_884, i8 %p_read_883, i8 %p_read_882, i8 %p_read_881, i8 %p_read_880, i8 %p_read_879, i8 %p_read_878, i8 %p_read_877, i8 %p_read_876, i8 %p_read_875, i8 %p_read_874, i8 %p_read_873, i8 %p_read_872, i8 %p_read_871, i8 %p_read_870, i8 %p_read_869, i8 %p_read_868, i8 %p_read_867, i8 %p_read_866, i8 %p_read_865, i8 %p_read_864, i8 %p_read_863, i8 %p_read_862, i8 %p_read_861, i8 %p_read_860, i8 %p_read_859, i8 %p_read_858, i8 %p_read_857, i8 %p_read_856, i8 %p_read_855, i8 %p_read_854, i8 %p_read_853, i8 %p_read_852, i8 %p_read_851, i8 %p_read_850, i8 %p_read_849, i8 %p_read_848, i8 %p_read_847, i8 %p_read_846, i8 %p_read_845, i8 %p_read_844, i8 %p_read_843, i8 %p_read_842, i8 %p_read_841, i8 %p_read_840, i8 %p_read_839, i8 %p_read_838, i8 %p_read_837, i8 %p_read_836, i8 %p_read_835, i8 %p_read_834, i8 %p_read_833, i8 %p_read_832, i8 %p_read_831, i8 %p_read_830, i8 %p_read_829, i8 %p_read_828, i8 %p_read_827, i8 %p_read_826, i8 %p_read_825, i8 %p_read_824, i8 %p_read_823, i8 %p_read_822, i8 %p_read_821, i8 %p_read_820, i8 %p_read_819, i8 %p_read_818, i8 %p_read_817, i8 %p_read_816, i8 %p_read_815, i8 %p_read_814, i8 %p_read_813, i8 %p_read_812, i8 %p_read_811, i8 %p_read_810, i8 %p_read_809, i8 %p_read_808, i8 %p_read_807, i8 %p_read_806, i8 %p_read_805, i8 %p_read_804, i8 %p_read_803, i8 %p_read_802, i8 %p_read_801, i8 %p_read_800, i8 %p_read_799, i8 %p_read_798, i8 %p_read_797, i8 %p_read_796, i8 %p_read_795, i8 %p_read_794, i8 %p_read_793, i8 %p_read_792, i8 %p_read_791, i8 %p_read_790, i8 %p_read_789, i8 %p_read_788, i8 %p_read_787, i8 %p_read_786, i8 %p_read_785, i8 %p_read_784, i8 %p_read_783, i8 %p_read_782, i8 %p_read_781, i8 %p_read_780, i8 %p_read_779, i8 %p_read_778, i8 %p_read_777, i8 %p_read_776, i8 %p_read_775, i8 %p_read_774, i8 %p_read_773, i8 %p_read_772, i8 %p_read_771, i8 %p_read_770, i8 %p_read_769, i8 %p_read_768, i8 %p_read_767, i8 %p_read_766, i8 %p_read_765, i8 %p_read_764, i8 %p_read_763, i8 %p_read_762, i8 %p_read_761, i8 %p_read_760, i8 %p_read_759, i8 %p_read_758, i8 %p_read_757, i8 %p_read_756, i8 %p_read_755, i8 %p_read_754, i8 %p_read_753, i8 %p_read_752, i8 %p_read_751, i8 %p_read_750, i8 %p_read_749, i8 %p_read_748, i8 %p_read_747, i8 %p_read_746, i8 %p_read_745, i8 %p_read_744, i8 %p_read_743, i8 %p_read_742, i8 %p_read_741, i8 %p_read_740, i8 %p_read_739, i8 %p_read_738, i8 %p_read_737, i8 %p_read_736, i8 %p_read_735, i8 %p_read_734, i8 %p_read_733, i8 %p_read_732, i8 %p_read_731, i8 %p_read_730, i8 %p_read_729, i8 %p_read_728, i8 %p_read_727, i8 %p_read_726, i8 %p_read_725, i8 %p_read_724, i8 %p_read_723, i8 %p_read_722, i8 %p_read_721, i8 %p_read_720, i8 %p_read_719, i8 %p_read_718, i8 %p_read_717, i8 %p_read_716, i8 %p_read_715, i8 %p_read_714, i8 %p_read_713, i8 %p_read_712, i8 %p_read_711, i8 %p_read_710, i8 %p_read_709, i8 %p_read_708, i8 %p_read_707, i8 %p_read_706, i8 %p_read_705, i8 %p_read_704, i8 %p_read_703, i8 %p_read_702, i8 %p_read_701, i8 %p_read_700, i8 %p_read_699, i8 %p_read_698, i8 %p_read_697, i8 %p_read_696, i8 %p_read_695, i8 %p_read_694, i8 %p_read_693, i8 %p_read_692, i8 %p_read_691, i8 %p_read_690, i8 %p_read_689, i8 %p_read_688, i8 %p_read_687, i8 %p_read_686, i8 %p_read_685, i8 %p_read_684, i8 %p_read_683, i8 %p_read_682, i8 %p_read_681, i8 %p_read_680, i8 %p_read_679, i8 %p_read_678, i8 %p_read_677, i8 %p_read_676, i8 %p_read_675, i8 %p_read_674, i8 %p_read_673, i8 %p_read_672, i8 %p_read_671, i8 %p_read_670, i8 %p_read_669, i8 %p_read_668, i8 %p_read_667, i8 %p_read_666, i8 %p_read_665, i8 %p_read_664, i8 %p_read_663, i8 %p_read_662, i8 %p_read_661, i8 %p_read_660, i8 %p_read_659, i8 %p_read_658, i8 %p_read_657, i8 %p_read_656, i8 %p_read_655, i8 %p_read_654, i8 %p_read_653, i8 %p_read_652, i8 %p_read_651, i8 %p_read_650, i8 %p_read_649, i8 %p_read_648, i8 %p_read_647, i8 %p_read_646, i8 %p_read_645, i8 %p_read_644, i8 %p_read_643, i8 %p_read_642, i8 %p_read_641, i8 %p_read_640, i8 %p_read_639, i8 %p_read_638, i8 %p_read_637, i8 %p_read_636, i8 %p_read_635, i8 %p_read_634, i8 %p_read_633, i8 %p_read_632, i8 %p_read_631, i8 %p_read_630, i8 %p_read_629, i8 %p_read_628, i8 %p_read_627, i8 %p_read_626, i8 %p_read_625, i8 %p_read_624, i8 %p_read_623, i8 %p_read_622, i8 %p_read_621, i8 %p_read_620, i8 %p_read_619, i8 %p_read_618, i8 %p_read_617, i8 %p_read_616, i8 %p_read_615, i8 %p_read_614, i8 %p_read_613, i8 %p_read_612, i8 %p_read_611, i8 %p_read_610, i8 %p_read_609, i8 %p_read_608, i8 %p_read_607, i8 %p_read_606, i8 %p_read_605, i8 %p_read_604, i8 %p_read_603, i8 %p_read_602, i8 %p_read_601, i8 %p_read_600, i8 %p_read_599, i8 %p_read_598, i8 %p_read_597, i8 %p_read_596, i8 %p_read_595, i8 %p_read_594, i8 %p_read_593, i8 %p_read_592, i8 %p_read_591, i8 %p_read_590, i8 %p_read_589, i8 %p_read_588, i8 %p_read_587, i8 %p_read_586, i8 %p_read_585, i8 %p_read_584, i8 %p_read_583, i8 %p_read_582, i8 %p_read_581, i8 %p_read_580, i8 %p_read_579, i8 %p_read_578, i8 %p_read_577, i8 %p_read_576, i8 %p_read_575, i8 %p_read_574, i8 %p_read_573, i8 %p_read_572, i8 %p_read_571, i8 %p_read_570, i8 %p_read_569, i8 %p_read_568, i8 %p_read_567, i8 %p_read_566, i8 %p_read_565, i8 %p_read_564, i8 %p_read_563, i8 %p_read_562, i8 %p_read_561, i8 %p_read_560, i8 %p_read_559, i8 %p_read_558, i8 %p_read_557, i8 %p_read_556, i8 %p_read_555, i8 %p_read_554, i8 %p_read_553, i8 %p_read_552, i8 %p_read_551, i8 %p_read_550, i8 %p_read_549, i8 %p_read_548, i8 %p_read_547, i8 %p_read_546, i8 %p_read_545, i8 %p_read_544, i8 %p_read_543, i8 %p_read_542, i8 %p_read_541, i8 %p_read_540, i8 %p_read_539, i8 %p_read_538, i8 %p_read_537, i8 %p_read_536, i8 %p_read_535, i8 %p_read_534, i8 %p_read_533, i8 %p_read_532, i8 %p_read_531, i8 %p_read_530, i8 %p_read_529, i8 %p_read_528, i8 %p_read_527, i8 %p_read_526, i8 %p_read_525, i8 %p_read_524, i8 %p_read_523, i8 %p_read_522, i8 %p_read_521, i8 %p_read_520, i8 %p_read_519, i8 %p_read_518, i8 %p_read_517, i8 %p_read_516, i8 %p_read_515, i8 %p_read_514, i8 %p_read_513, i8 %p_read_512, i8 %p_read_511, i8 %p_read_510, i8 %p_read_509, i8 %p_read_508, i8 %p_read_507, i8 %p_read_506, i8 %p_read_505, i8 %p_read_504, i8 %p_read_503, i8 %p_read_502, i8 %p_read_501, i8 %p_read_500, i8 %p_read_499, i8 %p_read_498, i8 %p_read_497, i8 %p_read_496, i8 %p_read_495, i8 %p_read_494, i8 %p_read_493, i8 %p_read_492, i8 %p_read_491, i8 %p_read_490, i8 %p_read_489, i8 %p_read_488, i8 %p_read_487, i8 %p_read_486, i8 %p_read_485, i8 %p_read_484, i8 %p_read_483, i8 %p_read_482, i8 %p_read_481, i8 %p_read_480, i8 %p_read_479, i8 %p_read_478, i8 %p_read_477, i8 %p_read_476, i8 %p_read_475, i8 %p_read_474, i8 %p_read_473, i8 %p_read_472, i8 %p_read_471, i8 %p_read_470, i8 %p_read_469, i8 %p_read_468, i8 %p_read_467, i8 %p_read_466, i8 %p_read_465, i8 %p_read_464, i8 %p_read_463, i8 %p_read_462, i8 %p_read_461, i8 %p_read_460, i8 %p_read_459, i8 %p_read_458, i8 %p_read_457, i8 %p_read_456, i8 %p_read_455, i8 %p_read_454, i8 %p_read_453, i8 %p_read_452, i8 %p_read_451, i8 %p_read_450, i8 %p_read_449, i8 %p_read_448, i8 %p_read_447, i8 %p_read_446, i8 %p_read_445, i8 %p_read_444, i8 %p_read_443, i8 %p_read_442, i8 %p_read_441, i8 %p_read_440, i8 %p_read_439, i8 %p_read_438, i8 %p_read_437, i8 %p_read_436, i8 %p_read_435, i8 %p_read_434, i8 %p_read_433, i8 %p_read_432, i8 %p_read_431, i8 %p_read_430, i8 %p_read_429, i8 %p_read_428, i8 %p_read_427, i8 %p_read_426, i8 %p_read_425, i8 %p_read_424, i8 %p_read_423, i8 %p_read_422, i8 %p_read_421, i8 %p_read_420, i8 %p_read_419, i8 %p_read_418, i8 %p_read_417, i8 %p_read_416, i8 %p_read_415, i8 %p_read_414, i8 %p_read_413, i8 %p_read_412, i8 %p_read_411, i8 %p_read_410, i8 %p_read_409, i8 %p_read_408, i8 %p_read_407, i8 %p_read_406, i8 %p_read_405, i8 %p_read_404, i8 %p_read_403, i8 %p_read_402, i8 %p_read_401, i8 %p_read_400, i8 %p_read_399, i8 %p_read_398, i8 %p_read_397, i8 %p_read_396, i8 %p_read_395, i8 %p_read_394, i8 %p_read_393, i8 %p_read_392, i8 %p_read_391, i8 %p_read_390, i8 %p_read_389, i8 %p_read_388, i8 %p_read_387, i8 %p_read_386, i8 %p_read_385, i8 %p_read_384, i8 %p_read_383, i8 %p_read_382, i8 %p_read_381, i8 %p_read_380, i8 %p_read_379, i8 %p_read_378, i8 %p_read_377, i8 %p_read_376, i8 %p_read_375, i8 %p_read_374, i8 %p_read_373, i8 %p_read_372, i8 %p_read_371, i8 %p_read_370, i8 %p_read_369, i8 %p_read_368, i8 %p_read_367, i8 %p_read_366, i8 %p_read_365, i8 %p_read_364, i8 %p_read_363, i8 %p_read_362, i8 %p_read_361, i8 %p_read_360, i8 %p_read_359, i8 %p_read_358, i8 %p_read_357, i8 %p_read_356, i8 %p_read_355, i8 %p_read_354, i8 %p_read_353, i8 %p_read_352, i8 %p_read_351, i8 %p_read_350, i8 %p_read_349, i8 %p_read_348, i8 %p_read_347, i8 %p_read_346, i8 %p_read_345, i8 %p_read_344, i8 %p_read_343, i8 %p_read_342, i8 %p_read_341, i8 %p_read_340, i8 %p_read_339, i8 %p_read_338, i8 %p_read_337, i8 %p_read_336, i8 %p_read_335, i8 %p_read_334, i8 %p_read_333, i8 %p_read_332, i8 %p_read_331, i8 %p_read_330, i8 %p_read_329, i8 %p_read_328, i8 %p_read_327, i8 %p_read_326, i8 %p_read_325, i8 %p_read_324, i8 %p_read_323, i8 %p_read_322, i8 %p_read_321, i8 %p_read_320, i8 %p_read_319, i8 %p_read_318, i8 %p_read_317, i8 %p_read_316, i8 %p_read_315, i8 %p_read_314, i8 %p_read_313, i8 %p_read_312, i8 %p_read_311, i8 %p_read_310, i8 %p_read_309, i8 %p_read_308, i8 %p_read_307, i8 %p_read_306, i8 %p_read_305, i8 %p_read_304, i8 %p_read_303, i8 %p_read_302, i8 %p_read_301, i8 %p_read_300, i8 %p_read_299, i8 %p_read_298, i8 %p_read_297, i8 %p_read_296, i8 %p_read_295, i8 %p_read_294, i8 %p_read_293, i8 %p_read_292, i8 %p_read_291, i8 %p_read_290, i8 %p_read_289, i8 %p_read_288, i8 %p_read_287, i8 %p_read_286, i8 %p_read_285, i8 %p_read_284, i8 %p_read_283, i8 %p_read_282, i8 %p_read_281, i8 %p_read_280, i8 %p_read_279, i8 %p_read_278, i8 %p_read_277, i8 %p_read_276, i8 %p_read_275, i8 %p_read_274, i8 %p_read_273, i8 %p_read_272, i8 %p_read_271, i8 %p_read_270, i8 %p_read_269, i8 %p_read_268, i8 %p_read_267, i8 %p_read_266, i8 %p_read_265, i8 %p_read_264, i8 %p_read_263, i8 %p_read_262, i8 %p_read_261, i8 %p_read_260, i8 %p_read_259, i8 %p_read_258, i8 %p_read_257, i8 %p_read_256, i8 %p_read_255, i8 %p_read_254, i8 %p_read_253, i8 %p_read_252, i8 %p_read_251, i8 %p_read_250, i8 %p_read_249, i8 %p_read_248, i8 %p_read_247, i8 %p_read_246, i8 %p_read_245, i8 %p_read_244, i8 %p_read_243, i8 %p_read_242, i8 %p_read_241, i8 %p_read_240, i8 %p_read_239, i8 %p_read_238, i8 %p_read_237, i8 %p_read_236, i8 %p_read_235, i8 %p_read_234, i8 %p_read_233, i8 %p_read_232, i8 %p_read_231, i8 %p_read_230, i8 %p_read_229, i8 %p_read_228, i8 %p_read_227, i8 %p_read_226, i8 %p_read_225, i8 %p_read_224, i8 %p_read_223, i8 %p_read_222, i8 %p_read_221, i8 %p_read_220, i8 %p_read_219, i8 %p_read_218, i8 %p_read_217, i8 %p_read_216, i8 %p_read_215, i8 %p_read_214, i8 %p_read_213, i8 %p_read_212, i8 %p_read_211, i8 %p_read_210, i8 %p_read_209, i8 %p_read_208, i8 %p_read_207, i8 %p_read_206, i8 %p_read_205, i8 %p_read_204, i8 %p_read_203, i8 %p_read_202, i8 %p_read_201, i8 %p_read_200, i8 %p_read_199, i8 %p_read_198, i8 %p_read_197, i8 %p_read_196, i8 %p_read_195, i8 %p_read_194, i8 %p_read_193, i8 %p_read_192, i8 %p_read_191, i8 %p_read_190, i8 %p_read_189, i8 %p_read_188, i8 %p_read_187, i8 %p_read_186, i8 %p_read_185, i8 %p_read_184, i8 %p_read_183, i8 %p_read_182, i8 %p_read_181, i8 %p_read_180, i8 %p_read_179, i8 %p_read_178, i8 %p_read_177, i8 %p_read_176, i8 %p_read_175, i8 %p_read_174, i8 %p_read_173, i8 %p_read_172, i8 %p_read_171, i8 %p_read_170, i8 %p_read_169, i8 %p_read_168, i8 %p_read_167, i8 %p_read_166, i8 %p_read_165, i8 %p_read_164, i8 %p_read_163, i8 %p_read_162, i8 %p_read_161, i8 %p_read_160, i8 %p_read_159, i8 %p_read_158, i8 %p_read_157, i8 %p_read_156, i8 %p_read_155, i8 %p_read_154, i8 %p_read_153, i8 %p_read_152, i8 %p_read_151, i8 %p_read_150, i8 %p_read_149, i8 %p_read_148, i8 %p_read_147, i8 %p_read_146, i8 %p_read_145, i8 %p_read_144, i8 %p_read_143, i8 %p_read_142, i8 %p_read_141, i8 %p_read_140, i8 %p_read_139, i8 %p_read_138, i8 %p_read_137, i8 %p_read_136, i8 %p_read_135, i8 %p_read_134, i8 %p_read_133, i8 %p_read_132, i8 %p_read_131, i8 %p_read_130, i8 %p_read_129, i8 %p_read_128, i8 %p_read_127, i8 %p_read_126, i8 %p_read_125, i8 %p_read_124, i8 %p_read_123, i8 %p_read_122, i8 %p_read_121, i8 %p_read_120, i8 %p_read_119, i8 %p_read_118, i8 %p_read_117, i8 %p_read_116, i8 %p_read_115, i8 %p_read_114, i8 %p_read_113, i8 %p_read_112, i8 %p_read_111, i8 %p_read_110, i8 %p_read_109, i8 %p_read_108, i8 %p_read_107, i8 %p_read_106, i8 %p_read_105, i8 %p_read_104, i8 %p_read_103, i8 %p_read_102, i8 %p_read_101, i8 %p_read_100, i8 %p_read_99, i8 %p_read_98, i8 %p_read_97, i8 %p_read_96, i8 %p_read_95, i8 %p_read_94, i8 %p_read_93, i8 %p_read_92, i8 %p_read_91, i8 %p_read_90, i8 %p_read_89, i8 %p_read_88, i8 %p_read_87, i8 %p_read_86, i8 %p_read_85, i8 %p_read_84, i8 %p_read_83, i8 %p_read_82, i8 %p_read_81, i8 %p_read_80, i8 %p_read_79, i8 %p_read_78, i8 %p_read_77, i8 %p_read_76, i8 %p_read_75, i8 %p_read_74, i8 %p_read_73, i8 %p_read_72, i8 %p_read_71, i8 %p_read_70, i8 %p_read_69, i8 %p_read_68, i8 %p_read_67, i8 %p_read_66, i8 %p_read_65, i8 %p_read_64, i8 %p_read_63, i8 %p_read_62, i8 %p_read_61, i8 %p_read_60, i8 %p_read_59, i8 %p_read_58, i8 %p_read_57, i8 %p_read_56, i8 %p_read_55, i8 %p_read_54, i8 %p_read_53, i8 %p_read_52, i8 %p_read_51, i8 %p_read_50, i8 %p_read_49, i8 %p_read_48, i8 %p_read_47, i8 %p_read_46, i8 %p_read_45, i8 %p_read_44, i8 %p_read_43, i8 %p_read_42, i8 %p_read_41, i8 %p_read_40, i8 %p_read_39, i8 %p_read_38, i8 %p_read_37, i8 %p_read_36, i8 %p_read_35, i8 %p_read_34, i8 %p_read_33, i8 %p_read_32, i8 %p_read_31, i8 %p_read_30, i8 %p_read_29, i8 %p_read_28, i8 %p_read_27, i8 %p_read_26, i8 %p_read_25, i8 %p_read_24, i8 %p_read_23, i8 %p_read_22, i8 %p_read_21, i8 %p_read_20, i8 %p_read_19, i8 %p_read_18, i8 %p_read_17, i8 %p_read_16, i8 %p_read_15, i11 %add_ln60_5" [src/ORB.cpp:60]   --->   Operation 2265 'mux' 't0_V_2' <Predicate = (!tmp)> <Delay = 1.76> <CoreInst = "Multiplexer">   --->   Core 76 'Multiplexer' <Latency = 0> <II = 1> <Delay = 1.76> <FuncUnit> <Opcode : 'mux'> <InPorts = 2> <OutPorts = 1>
ST_18 : Operation 2266 [1/2] (0.64ns) (root node of the DSP)   --->   "%add_ln61_5 = add i11 %mul_ln61_2, i11 %zext_ln61_5" [src/ORB.cpp:61]   --->   Operation 2266 'add' 'add_ln61_5' <Predicate = (!tmp)> <Delay = 0.64> <CoreInst = "DSP48">   --->   Core 127 'DSP48' <Latency = 3> <II = 1> <Delay = 0.53> <IPBlock> <Opcode : 'mul' 'add' 'sub' 'select'> <InPorts = 0> <OutPorts = 1> <Sync> <CReg>
ST_18 : Operation 2267 [1/1] (1.76ns)   --->   "%t1_V_2 = mux i8 @_ssdm_op_Mux.ap_auto.1369i8.i11, i8 %p_read11371, i8 %p_read21372, i8 %p_read31373, i8 %p_read41374, i8 %p_read51375, i8 %p_read61376, i8 %p_read_1377, i8 %p_read_1376, i8 %p_read_1375, i8 %p_read_1374, i8 %p_read_1373, i8 %p_read_1372, i8 %p_read_1371, i8 %p_read_1370, i8 %p_read_1369, i8 %p_read_1368, i8 %p_read_1367, i8 %p_read_1366, i8 %p_read_1365, i8 %p_read_1364, i8 %p_read_1363, i8 %p_read_1362, i8 %p_read_1361, i8 %p_read_1360, i8 %p_read_1359, i8 %p_read_1358, i8 %p_read_1357, i8 %p_read_1356, i8 %p_read_1355, i8 %p_read_1354, i8 %p_read_1353, i8 %p_read_1352, i8 %p_read_1351, i8 %p_read_1350, i8 %p_read_1349, i8 %p_read_1348, i8 %p_read_1347, i8 %p_read_1346, i8 %p_read_1345, i8 %p_read_1344, i8 %p_read_1343, i8 %p_read_1342, i8 %p_read_1341, i8 %p_read_1340, i8 %p_read_1339, i8 %p_read_1338, i8 %p_read_1337, i8 %p_read_1336, i8 %p_read_1335, i8 %p_read_1334, i8 %p_read_1333, i8 %p_read_1332, i8 %p_read_1331, i8 %p_read_1330, i8 %p_read_1329, i8 %p_read_1328, i8 %p_read_1327, i8 %p_read_1326, i8 %p_read_1325, i8 %p_read_1324, i8 %p_read_1323, i8 %p_read_1322, i8 %p_read_1321, i8 %p_read_1320, i8 %p_read_1319, i8 %p_read_1318, i8 %p_read_1317, i8 %p_read_1316, i8 %p_read_1315, i8 %p_read_1314, i8 %p_read_1313, i8 %p_read_1312, i8 %p_read_1311, i8 %p_read_1310, i8 %p_read_1309, i8 %p_read_1308, i8 %p_read_1307, i8 %p_read_1306, i8 %p_read_1305, i8 %p_read_1304, i8 %p_read_1303, i8 %p_read_1302, i8 %p_read_1301, i8 %p_read_1300, i8 %p_read_1299, i8 %p_read_1298, i8 %p_read_1297, i8 %p_read_1296, i8 %p_read_1295, i8 %p_read_1294, i8 %p_read_1293, i8 %p_read_1292, i8 %p_read_1291, i8 %p_read_1290, i8 %p_read_1289, i8 %p_read_1288, i8 %p_read_1287, i8 %p_read_1286, i8 %p_read_1285, i8 %p_read_1284, i8 %p_read_1283, i8 %p_read_1282, i8 %p_read_1281, i8 %p_read_1280, i8 %p_read_1279, i8 %p_read_1278, i8 %p_read_1277, i8 %p_read_1276, i8 %p_read_1275, i8 %p_read_1274, i8 %p_read_1273, i8 %p_read_1272, i8 %p_read_1271, i8 %p_read_1270, i8 %p_read_1269, i8 %p_read_1268, i8 %p_read_1267, i8 %p_read_1266, i8 %p_read_1265, i8 %p_read_1264, i8 %p_read_1263, i8 %p_read_1262, i8 %p_read_1261, i8 %p_read_1260, i8 %p_read_1259, i8 %p_read_1258, i8 %p_read_1257, i8 %p_read_1256, i8 %p_read_1255, i8 %p_read_1254, i8 %p_read_1253, i8 %p_read_1252, i8 %p_read_1251, i8 %p_read_1250, i8 %p_read_1249, i8 %p_read_1248, i8 %p_read_1247, i8 %p_read_1246, i8 %p_read_1245, i8 %p_read_1244, i8 %p_read_1243, i8 %p_read_1242, i8 %p_read_1241, i8 %p_read_1240, i8 %p_read_1239, i8 %p_read_1238, i8 %p_read_1237, i8 %p_read_1236, i8 %p_read_1235, i8 %p_read_1234, i8 %p_read_1233, i8 %p_read_1232, i8 %p_read_1231, i8 %p_read_1230, i8 %p_read_1229, i8 %p_read_1228, i8 %p_read_1227, i8 %p_read_1226, i8 %p_read_1225, i8 %p_read_1224, i8 %p_read_1223, i8 %p_read_1222, i8 %p_read_1221, i8 %p_read_1220, i8 %p_read_1219, i8 %p_read_1218, i8 %p_read_1217, i8 %p_read_1216, i8 %p_read_1215, i8 %p_read_1214, i8 %p_read_1213, i8 %p_read_1212, i8 %p_read_1211, i8 %p_read_1210, i8 %p_read_1209, i8 %p_read_1208, i8 %p_read_1207, i8 %p_read_1206, i8 %p_read_1205, i8 %p_read_1204, i8 %p_read_1203, i8 %p_read_1202, i8 %p_read_1201, i8 %p_read_1200, i8 %p_read_1199, i8 %p_read_1198, i8 %p_read_1197, i8 %p_read_1196, i8 %p_read_1195, i8 %p_read_1194, i8 %p_read_1193, i8 %p_read_1192, i8 %p_read_1191, i8 %p_read_1190, i8 %p_read_1189, i8 %p_read_1188, i8 %p_read_1187, i8 %p_read_1186, i8 %p_read_1185, i8 %p_read_1184, i8 %p_read_1183, i8 %p_read_1182, i8 %p_read_1181, i8 %p_read_1180, i8 %p_read_1179, i8 %p_read_1178, i8 %p_read_1177, i8 %p_read_1176, i8 %p_read_1175, i8 %p_read_1174, i8 %p_read_1173, i8 %p_read_1172, i8 %p_read_1171, i8 %p_read_1170, i8 %p_read_1169, i8 %p_read_1168, i8 %p_read_1167, i8 %p_read_1166, i8 %p_read_1165, i8 %p_read_1164, i8 %p_read_1163, i8 %p_read_1162, i8 %p_read_1161, i8 %p_read_1160, i8 %p_read_1159, i8 %p_read_1158, i8 %p_read_1157, i8 %p_read_1156, i8 %p_read_1155, i8 %p_read_1154, i8 %p_read_1153, i8 %p_read_1152, i8 %p_read_1151, i8 %p_read_1150, i8 %p_read_1149, i8 %p_read_1148, i8 %p_read_1147, i8 %p_read_1146, i8 %p_read_1145, i8 %p_read_1144, i8 %p_read_1143, i8 %p_read_1142, i8 %p_read_1141, i8 %p_read_1140, i8 %p_read_1139, i8 %p_read_1138, i8 %p_read_1137, i8 %p_read_1136, i8 %p_read_1135, i8 %p_read_1134, i8 %p_read_1133, i8 %p_read_1132, i8 %p_read_1131, i8 %p_read_1130, i8 %p_read_1129, i8 %p_read_1128, i8 %p_read_1127, i8 %p_read_1126, i8 %p_read_1125, i8 %p_read_1124, i8 %p_read_1123, i8 %p_read_1122, i8 %p_read_1121, i8 %p_read_1120, i8 %p_read_1119, i8 %p_read_1118, i8 %p_read_1117, i8 %p_read_1116, i8 %p_read_1115, i8 %p_read_1114, i8 %p_read_1113, i8 %p_read_1112, i8 %p_read_1111, i8 %p_read_1110, i8 %p_read_1109, i8 %p_read_1108, i8 %p_read_1107, i8 %p_read_1106, i8 %p_read_1105, i8 %p_read_1104, i8 %p_read_1103, i8 %p_read_1102, i8 %p_read_1101, i8 %p_read_1100, i8 %p_read_1099, i8 %p_read_1098, i8 %p_read_1097, i8 %p_read_1096, i8 %p_read_1095, i8 %p_read_1094, i8 %p_read_1093, i8 %p_read_1092, i8 %p_read_1091, i8 %p_read_1090, i8 %p_read_1089, i8 %p_read_1088, i8 %p_read_1087, i8 %p_read_1086, i8 %p_read_1085, i8 %p_read_1084, i8 %p_read_1083, i8 %p_read_1082, i8 %p_read_1081, i8 %p_read_1080, i8 %p_read_1079, i8 %p_read_1078, i8 %p_read_1077, i8 %p_read_1076, i8 %p_read_1075, i8 %p_read_1074, i8 %p_read_1073, i8 %p_read_1072, i8 %p_read_1071, i8 %p_read_1070, i8 %p_read_1069, i8 %p_read_1068, i8 %p_read_1067, i8 %p_read_1066, i8 %p_read_1065, i8 %p_read_1064, i8 %p_read_1063, i8 %p_read_1062, i8 %p_read_1061, i8 %p_read_1060, i8 %p_read_1059, i8 %p_read_1058, i8 %p_read_1057, i8 %p_read_1056, i8 %p_read_1055, i8 %p_read_1054, i8 %p_read_1053, i8 %p_read_1052, i8 %p_read_1051, i8 %p_read_1050, i8 %p_read_1049, i8 %p_read_1048, i8 %p_read_1047, i8 %p_read_1046, i8 %p_read_1045, i8 %p_read_1044, i8 %p_read_1043, i8 %p_read_1042, i8 %p_read_1041, i8 %p_read_1040, i8 %p_read_1039, i8 %p_read_1038, i8 %p_read_1037, i8 %p_read_1036, i8 %p_read_1035, i8 %p_read_1034, i8 %p_read_1033, i8 %p_read_1032, i8 %p_read_1031, i8 %p_read_1030, i8 %p_read_1029, i8 %p_read_1028, i8 %p_read_1027, i8 %p_read_1026, i8 %p_read_1025, i8 %p_read_1024, i8 %p_read_1023, i8 %p_read_1022, i8 %p_read_1021, i8 %p_read_1020, i8 %p_read_1019, i8 %p_read_1018, i8 %p_read_1017, i8 %p_read_1016, i8 %p_read_1015, i8 %p_read_1014, i8 %p_read_1013, i8 %p_read_1012, i8 %p_read_1011, i8 %p_read_1010, i8 %p_read_1009, i8 %p_read_1008, i8 %p_read_1007, i8 %p_read_1006, i8 %p_read_1005, i8 %p_read_1004, i8 %p_read_1003, i8 %p_read_1002, i8 %p_read_1001, i8 %p_read_1000, i8 %p_read_999, i8 %p_read_998, i8 %p_read_997, i8 %p_read_996, i8 %p_read_995, i8 %p_read_994, i8 %p_read_993, i8 %p_read_992, i8 %p_read_991, i8 %p_read_990, i8 %p_read_989, i8 %p_read_988, i8 %p_read_987, i8 %p_read_986, i8 %p_read_985, i8 %p_read_984, i8 %p_read_983, i8 %p_read_982, i8 %p_read_981, i8 %p_read_980, i8 %p_read_979, i8 %p_read_978, i8 %p_read_977, i8 %p_read_976, i8 %p_read_975, i8 %p_read_974, i8 %p_read_973, i8 %p_read_972, i8 %p_read_971, i8 %p_read_970, i8 %p_read_969, i8 %p_read_968, i8 %p_read_967, i8 %p_read_966, i8 %p_read_965, i8 %p_read_964, i8 %p_read_963, i8 %p_read_962, i8 %p_read_961, i8 %p_read_960, i8 %p_read_959, i8 %p_read_958, i8 %p_read_957, i8 %p_read_956, i8 %p_read_955, i8 %p_read_954, i8 %p_read_953, i8 %p_read_952, i8 %p_read_951, i8 %p_read_950, i8 %p_read_949, i8 %p_read_948, i8 %p_read_947, i8 %p_read_946, i8 %p_read_945, i8 %p_read_944, i8 %p_read_943, i8 %p_read_942, i8 %p_read_941, i8 %p_read_940, i8 %p_read_939, i8 %p_read_938, i8 %p_read_937, i8 %p_read_936, i8 %p_read_935, i8 %p_read_934, i8 %p_read_933, i8 %p_read_932, i8 %p_read_931, i8 %p_read_930, i8 %p_read_929, i8 %p_read_928, i8 %p_read_927, i8 %p_read_926, i8 %p_read_925, i8 %p_read_924, i8 %p_read_923, i8 %p_read_922, i8 %p_read_921, i8 %p_read_920, i8 %p_read_919, i8 %p_read_918, i8 %p_read_917, i8 %p_read_916, i8 %p_read_915, i8 %p_read_914, i8 %p_read_913, i8 %p_read_912, i8 %p_read_911, i8 %p_read_910, i8 %p_read_909, i8 %p_read_908, i8 %p_read_907, i8 %p_read_906, i8 %p_read_905, i8 %p_read_904, i8 %p_read_903, i8 %p_read_902, i8 %p_read_901, i8 %p_read_900, i8 %p_read_899, i8 %p_read_898, i8 %p_read_897, i8 %p_read_896, i8 %p_read_895, i8 %p_read_894, i8 %p_read_893, i8 %p_read_892, i8 %p_read_891, i8 %p_read_890, i8 %p_read_889, i8 %p_read_888, i8 %p_read_887, i8 %p_read_886, i8 %p_read_885, i8 %p_read_884, i8 %p_read_883, i8 %p_read_882, i8 %p_read_881, i8 %p_read_880, i8 %p_read_879, i8 %p_read_878, i8 %p_read_877, i8 %p_read_876, i8 %p_read_875, i8 %p_read_874, i8 %p_read_873, i8 %p_read_872, i8 %p_read_871, i8 %p_read_870, i8 %p_read_869, i8 %p_read_868, i8 %p_read_867, i8 %p_read_866, i8 %p_read_865, i8 %p_read_864, i8 %p_read_863, i8 %p_read_862, i8 %p_read_861, i8 %p_read_860, i8 %p_read_859, i8 %p_read_858, i8 %p_read_857, i8 %p_read_856, i8 %p_read_855, i8 %p_read_854, i8 %p_read_853, i8 %p_read_852, i8 %p_read_851, i8 %p_read_850, i8 %p_read_849, i8 %p_read_848, i8 %p_read_847, i8 %p_read_846, i8 %p_read_845, i8 %p_read_844, i8 %p_read_843, i8 %p_read_842, i8 %p_read_841, i8 %p_read_840, i8 %p_read_839, i8 %p_read_838, i8 %p_read_837, i8 %p_read_836, i8 %p_read_835, i8 %p_read_834, i8 %p_read_833, i8 %p_read_832, i8 %p_read_831, i8 %p_read_830, i8 %p_read_829, i8 %p_read_828, i8 %p_read_827, i8 %p_read_826, i8 %p_read_825, i8 %p_read_824, i8 %p_read_823, i8 %p_read_822, i8 %p_read_821, i8 %p_read_820, i8 %p_read_819, i8 %p_read_818, i8 %p_read_817, i8 %p_read_816, i8 %p_read_815, i8 %p_read_814, i8 %p_read_813, i8 %p_read_812, i8 %p_read_811, i8 %p_read_810, i8 %p_read_809, i8 %p_read_808, i8 %p_read_807, i8 %p_read_806, i8 %p_read_805, i8 %p_read_804, i8 %p_read_803, i8 %p_read_802, i8 %p_read_801, i8 %p_read_800, i8 %p_read_799, i8 %p_read_798, i8 %p_read_797, i8 %p_read_796, i8 %p_read_795, i8 %p_read_794, i8 %p_read_793, i8 %p_read_792, i8 %p_read_791, i8 %p_read_790, i8 %p_read_789, i8 %p_read_788, i8 %p_read_787, i8 %p_read_786, i8 %p_read_785, i8 %p_read_784, i8 %p_read_783, i8 %p_read_782, i8 %p_read_781, i8 %p_read_780, i8 %p_read_779, i8 %p_read_778, i8 %p_read_777, i8 %p_read_776, i8 %p_read_775, i8 %p_read_774, i8 %p_read_773, i8 %p_read_772, i8 %p_read_771, i8 %p_read_770, i8 %p_read_769, i8 %p_read_768, i8 %p_read_767, i8 %p_read_766, i8 %p_read_765, i8 %p_read_764, i8 %p_read_763, i8 %p_read_762, i8 %p_read_761, i8 %p_read_760, i8 %p_read_759, i8 %p_read_758, i8 %p_read_757, i8 %p_read_756, i8 %p_read_755, i8 %p_read_754, i8 %p_read_753, i8 %p_read_752, i8 %p_read_751, i8 %p_read_750, i8 %p_read_749, i8 %p_read_748, i8 %p_read_747, i8 %p_read_746, i8 %p_read_745, i8 %p_read_744, i8 %p_read_743, i8 %p_read_742, i8 %p_read_741, i8 %p_read_740, i8 %p_read_739, i8 %p_read_738, i8 %p_read_737, i8 %p_read_736, i8 %p_read_735, i8 %p_read_734, i8 %p_read_733, i8 %p_read_732, i8 %p_read_731, i8 %p_read_730, i8 %p_read_729, i8 %p_read_728, i8 %p_read_727, i8 %p_read_726, i8 %p_read_725, i8 %p_read_724, i8 %p_read_723, i8 %p_read_722, i8 %p_read_721, i8 %p_read_720, i8 %p_read_719, i8 %p_read_718, i8 %p_read_717, i8 %p_read_716, i8 %p_read_715, i8 %p_read_714, i8 %p_read_713, i8 %p_read_712, i8 %p_read_711, i8 %p_read_710, i8 %p_read_709, i8 %p_read_708, i8 %p_read_707, i8 %p_read_706, i8 %p_read_705, i8 %p_read_704, i8 %p_read_703, i8 %p_read_702, i8 %p_read_701, i8 %p_read_700, i8 %p_read_699, i8 %p_read_698, i8 %p_read_697, i8 %p_read_696, i8 %p_read_695, i8 %p_read_694, i8 %p_read_693, i8 %p_read_692, i8 %p_read_691, i8 %p_read_690, i8 %p_read_689, i8 %p_read_688, i8 %p_read_687, i8 %p_read_686, i8 %p_read_685, i8 %p_read_684, i8 %p_read_683, i8 %p_read_682, i8 %p_read_681, i8 %p_read_680, i8 %p_read_679, i8 %p_read_678, i8 %p_read_677, i8 %p_read_676, i8 %p_read_675, i8 %p_read_674, i8 %p_read_673, i8 %p_read_672, i8 %p_read_671, i8 %p_read_670, i8 %p_read_669, i8 %p_read_668, i8 %p_read_667, i8 %p_read_666, i8 %p_read_665, i8 %p_read_664, i8 %p_read_663, i8 %p_read_662, i8 %p_read_661, i8 %p_read_660, i8 %p_read_659, i8 %p_read_658, i8 %p_read_657, i8 %p_read_656, i8 %p_read_655, i8 %p_read_654, i8 %p_read_653, i8 %p_read_652, i8 %p_read_651, i8 %p_read_650, i8 %p_read_649, i8 %p_read_648, i8 %p_read_647, i8 %p_read_646, i8 %p_read_645, i8 %p_read_644, i8 %p_read_643, i8 %p_read_642, i8 %p_read_641, i8 %p_read_640, i8 %p_read_639, i8 %p_read_638, i8 %p_read_637, i8 %p_read_636, i8 %p_read_635, i8 %p_read_634, i8 %p_read_633, i8 %p_read_632, i8 %p_read_631, i8 %p_read_630, i8 %p_read_629, i8 %p_read_628, i8 %p_read_627, i8 %p_read_626, i8 %p_read_625, i8 %p_read_624, i8 %p_read_623, i8 %p_read_622, i8 %p_read_621, i8 %p_read_620, i8 %p_read_619, i8 %p_read_618, i8 %p_read_617, i8 %p_read_616, i8 %p_read_615, i8 %p_read_614, i8 %p_read_613, i8 %p_read_612, i8 %p_read_611, i8 %p_read_610, i8 %p_read_609, i8 %p_read_608, i8 %p_read_607, i8 %p_read_606, i8 %p_read_605, i8 %p_read_604, i8 %p_read_603, i8 %p_read_602, i8 %p_read_601, i8 %p_read_600, i8 %p_read_599, i8 %p_read_598, i8 %p_read_597, i8 %p_read_596, i8 %p_read_595, i8 %p_read_594, i8 %p_read_593, i8 %p_read_592, i8 %p_read_591, i8 %p_read_590, i8 %p_read_589, i8 %p_read_588, i8 %p_read_587, i8 %p_read_586, i8 %p_read_585, i8 %p_read_584, i8 %p_read_583, i8 %p_read_582, i8 %p_read_581, i8 %p_read_580, i8 %p_read_579, i8 %p_read_578, i8 %p_read_577, i8 %p_read_576, i8 %p_read_575, i8 %p_read_574, i8 %p_read_573, i8 %p_read_572, i8 %p_read_571, i8 %p_read_570, i8 %p_read_569, i8 %p_read_568, i8 %p_read_567, i8 %p_read_566, i8 %p_read_565, i8 %p_read_564, i8 %p_read_563, i8 %p_read_562, i8 %p_read_561, i8 %p_read_560, i8 %p_read_559, i8 %p_read_558, i8 %p_read_557, i8 %p_read_556, i8 %p_read_555, i8 %p_read_554, i8 %p_read_553, i8 %p_read_552, i8 %p_read_551, i8 %p_read_550, i8 %p_read_549, i8 %p_read_548, i8 %p_read_547, i8 %p_read_546, i8 %p_read_545, i8 %p_read_544, i8 %p_read_543, i8 %p_read_542, i8 %p_read_541, i8 %p_read_540, i8 %p_read_539, i8 %p_read_538, i8 %p_read_537, i8 %p_read_536, i8 %p_read_535, i8 %p_read_534, i8 %p_read_533, i8 %p_read_532, i8 %p_read_531, i8 %p_read_530, i8 %p_read_529, i8 %p_read_528, i8 %p_read_527, i8 %p_read_526, i8 %p_read_525, i8 %p_read_524, i8 %p_read_523, i8 %p_read_522, i8 %p_read_521, i8 %p_read_520, i8 %p_read_519, i8 %p_read_518, i8 %p_read_517, i8 %p_read_516, i8 %p_read_515, i8 %p_read_514, i8 %p_read_513, i8 %p_read_512, i8 %p_read_511, i8 %p_read_510, i8 %p_read_509, i8 %p_read_508, i8 %p_read_507, i8 %p_read_506, i8 %p_read_505, i8 %p_read_504, i8 %p_read_503, i8 %p_read_502, i8 %p_read_501, i8 %p_read_500, i8 %p_read_499, i8 %p_read_498, i8 %p_read_497, i8 %p_read_496, i8 %p_read_495, i8 %p_read_494, i8 %p_read_493, i8 %p_read_492, i8 %p_read_491, i8 %p_read_490, i8 %p_read_489, i8 %p_read_488, i8 %p_read_487, i8 %p_read_486, i8 %p_read_485, i8 %p_read_484, i8 %p_read_483, i8 %p_read_482, i8 %p_read_481, i8 %p_read_480, i8 %p_read_479, i8 %p_read_478, i8 %p_read_477, i8 %p_read_476, i8 %p_read_475, i8 %p_read_474, i8 %p_read_473, i8 %p_read_472, i8 %p_read_471, i8 %p_read_470, i8 %p_read_469, i8 %p_read_468, i8 %p_read_467, i8 %p_read_466, i8 %p_read_465, i8 %p_read_464, i8 %p_read_463, i8 %p_read_462, i8 %p_read_461, i8 %p_read_460, i8 %p_read_459, i8 %p_read_458, i8 %p_read_457, i8 %p_read_456, i8 %p_read_455, i8 %p_read_454, i8 %p_read_453, i8 %p_read_452, i8 %p_read_451, i8 %p_read_450, i8 %p_read_449, i8 %p_read_448, i8 %p_read_447, i8 %p_read_446, i8 %p_read_445, i8 %p_read_444, i8 %p_read_443, i8 %p_read_442, i8 %p_read_441, i8 %p_read_440, i8 %p_read_439, i8 %p_read_438, i8 %p_read_437, i8 %p_read_436, i8 %p_read_435, i8 %p_read_434, i8 %p_read_433, i8 %p_read_432, i8 %p_read_431, i8 %p_read_430, i8 %p_read_429, i8 %p_read_428, i8 %p_read_427, i8 %p_read_426, i8 %p_read_425, i8 %p_read_424, i8 %p_read_423, i8 %p_read_422, i8 %p_read_421, i8 %p_read_420, i8 %p_read_419, i8 %p_read_418, i8 %p_read_417, i8 %p_read_416, i8 %p_read_415, i8 %p_read_414, i8 %p_read_413, i8 %p_read_412, i8 %p_read_411, i8 %p_read_410, i8 %p_read_409, i8 %p_read_408, i8 %p_read_407, i8 %p_read_406, i8 %p_read_405, i8 %p_read_404, i8 %p_read_403, i8 %p_read_402, i8 %p_read_401, i8 %p_read_400, i8 %p_read_399, i8 %p_read_398, i8 %p_read_397, i8 %p_read_396, i8 %p_read_395, i8 %p_read_394, i8 %p_read_393, i8 %p_read_392, i8 %p_read_391, i8 %p_read_390, i8 %p_read_389, i8 %p_read_388, i8 %p_read_387, i8 %p_read_386, i8 %p_read_385, i8 %p_read_384, i8 %p_read_383, i8 %p_read_382, i8 %p_read_381, i8 %p_read_380, i8 %p_read_379, i8 %p_read_378, i8 %p_read_377, i8 %p_read_376, i8 %p_read_375, i8 %p_read_374, i8 %p_read_373, i8 %p_read_372, i8 %p_read_371, i8 %p_read_370, i8 %p_read_369, i8 %p_read_368, i8 %p_read_367, i8 %p_read_366, i8 %p_read_365, i8 %p_read_364, i8 %p_read_363, i8 %p_read_362, i8 %p_read_361, i8 %p_read_360, i8 %p_read_359, i8 %p_read_358, i8 %p_read_357, i8 %p_read_356, i8 %p_read_355, i8 %p_read_354, i8 %p_read_353, i8 %p_read_352, i8 %p_read_351, i8 %p_read_350, i8 %p_read_349, i8 %p_read_348, i8 %p_read_347, i8 %p_read_346, i8 %p_read_345, i8 %p_read_344, i8 %p_read_343, i8 %p_read_342, i8 %p_read_341, i8 %p_read_340, i8 %p_read_339, i8 %p_read_338, i8 %p_read_337, i8 %p_read_336, i8 %p_read_335, i8 %p_read_334, i8 %p_read_333, i8 %p_read_332, i8 %p_read_331, i8 %p_read_330, i8 %p_read_329, i8 %p_read_328, i8 %p_read_327, i8 %p_read_326, i8 %p_read_325, i8 %p_read_324, i8 %p_read_323, i8 %p_read_322, i8 %p_read_321, i8 %p_read_320, i8 %p_read_319, i8 %p_read_318, i8 %p_read_317, i8 %p_read_316, i8 %p_read_315, i8 %p_read_314, i8 %p_read_313, i8 %p_read_312, i8 %p_read_311, i8 %p_read_310, i8 %p_read_309, i8 %p_read_308, i8 %p_read_307, i8 %p_read_306, i8 %p_read_305, i8 %p_read_304, i8 %p_read_303, i8 %p_read_302, i8 %p_read_301, i8 %p_read_300, i8 %p_read_299, i8 %p_read_298, i8 %p_read_297, i8 %p_read_296, i8 %p_read_295, i8 %p_read_294, i8 %p_read_293, i8 %p_read_292, i8 %p_read_291, i8 %p_read_290, i8 %p_read_289, i8 %p_read_288, i8 %p_read_287, i8 %p_read_286, i8 %p_read_285, i8 %p_read_284, i8 %p_read_283, i8 %p_read_282, i8 %p_read_281, i8 %p_read_280, i8 %p_read_279, i8 %p_read_278, i8 %p_read_277, i8 %p_read_276, i8 %p_read_275, i8 %p_read_274, i8 %p_read_273, i8 %p_read_272, i8 %p_read_271, i8 %p_read_270, i8 %p_read_269, i8 %p_read_268, i8 %p_read_267, i8 %p_read_266, i8 %p_read_265, i8 %p_read_264, i8 %p_read_263, i8 %p_read_262, i8 %p_read_261, i8 %p_read_260, i8 %p_read_259, i8 %p_read_258, i8 %p_read_257, i8 %p_read_256, i8 %p_read_255, i8 %p_read_254, i8 %p_read_253, i8 %p_read_252, i8 %p_read_251, i8 %p_read_250, i8 %p_read_249, i8 %p_read_248, i8 %p_read_247, i8 %p_read_246, i8 %p_read_245, i8 %p_read_244, i8 %p_read_243, i8 %p_read_242, i8 %p_read_241, i8 %p_read_240, i8 %p_read_239, i8 %p_read_238, i8 %p_read_237, i8 %p_read_236, i8 %p_read_235, i8 %p_read_234, i8 %p_read_233, i8 %p_read_232, i8 %p_read_231, i8 %p_read_230, i8 %p_read_229, i8 %p_read_228, i8 %p_read_227, i8 %p_read_226, i8 %p_read_225, i8 %p_read_224, i8 %p_read_223, i8 %p_read_222, i8 %p_read_221, i8 %p_read_220, i8 %p_read_219, i8 %p_read_218, i8 %p_read_217, i8 %p_read_216, i8 %p_read_215, i8 %p_read_214, i8 %p_read_213, i8 %p_read_212, i8 %p_read_211, i8 %p_read_210, i8 %p_read_209, i8 %p_read_208, i8 %p_read_207, i8 %p_read_206, i8 %p_read_205, i8 %p_read_204, i8 %p_read_203, i8 %p_read_202, i8 %p_read_201, i8 %p_read_200, i8 %p_read_199, i8 %p_read_198, i8 %p_read_197, i8 %p_read_196, i8 %p_read_195, i8 %p_read_194, i8 %p_read_193, i8 %p_read_192, i8 %p_read_191, i8 %p_read_190, i8 %p_read_189, i8 %p_read_188, i8 %p_read_187, i8 %p_read_186, i8 %p_read_185, i8 %p_read_184, i8 %p_read_183, i8 %p_read_182, i8 %p_read_181, i8 %p_read_180, i8 %p_read_179, i8 %p_read_178, i8 %p_read_177, i8 %p_read_176, i8 %p_read_175, i8 %p_read_174, i8 %p_read_173, i8 %p_read_172, i8 %p_read_171, i8 %p_read_170, i8 %p_read_169, i8 %p_read_168, i8 %p_read_167, i8 %p_read_166, i8 %p_read_165, i8 %p_read_164, i8 %p_read_163, i8 %p_read_162, i8 %p_read_161, i8 %p_read_160, i8 %p_read_159, i8 %p_read_158, i8 %p_read_157, i8 %p_read_156, i8 %p_read_155, i8 %p_read_154, i8 %p_read_153, i8 %p_read_152, i8 %p_read_151, i8 %p_read_150, i8 %p_read_149, i8 %p_read_148, i8 %p_read_147, i8 %p_read_146, i8 %p_read_145, i8 %p_read_144, i8 %p_read_143, i8 %p_read_142, i8 %p_read_141, i8 %p_read_140, i8 %p_read_139, i8 %p_read_138, i8 %p_read_137, i8 %p_read_136, i8 %p_read_135, i8 %p_read_134, i8 %p_read_133, i8 %p_read_132, i8 %p_read_131, i8 %p_read_130, i8 %p_read_129, i8 %p_read_128, i8 %p_read_127, i8 %p_read_126, i8 %p_read_125, i8 %p_read_124, i8 %p_read_123, i8 %p_read_122, i8 %p_read_121, i8 %p_read_120, i8 %p_read_119, i8 %p_read_118, i8 %p_read_117, i8 %p_read_116, i8 %p_read_115, i8 %p_read_114, i8 %p_read_113, i8 %p_read_112, i8 %p_read_111, i8 %p_read_110, i8 %p_read_109, i8 %p_read_108, i8 %p_read_107, i8 %p_read_106, i8 %p_read_105, i8 %p_read_104, i8 %p_read_103, i8 %p_read_102, i8 %p_read_101, i8 %p_read_100, i8 %p_read_99, i8 %p_read_98, i8 %p_read_97, i8 %p_read_96, i8 %p_read_95, i8 %p_read_94, i8 %p_read_93, i8 %p_read_92, i8 %p_read_91, i8 %p_read_90, i8 %p_read_89, i8 %p_read_88, i8 %p_read_87, i8 %p_read_86, i8 %p_read_85, i8 %p_read_84, i8 %p_read_83, i8 %p_read_82, i8 %p_read_81, i8 %p_read_80, i8 %p_read_79, i8 %p_read_78, i8 %p_read_77, i8 %p_read_76, i8 %p_read_75, i8 %p_read_74, i8 %p_read_73, i8 %p_read_72, i8 %p_read_71, i8 %p_read_70, i8 %p_read_69, i8 %p_read_68, i8 %p_read_67, i8 %p_read_66, i8 %p_read_65, i8 %p_read_64, i8 %p_read_63, i8 %p_read_62, i8 %p_read_61, i8 %p_read_60, i8 %p_read_59, i8 %p_read_58, i8 %p_read_57, i8 %p_read_56, i8 %p_read_55, i8 %p_read_54, i8 %p_read_53, i8 %p_read_52, i8 %p_read_51, i8 %p_read_50, i8 %p_read_49, i8 %p_read_48, i8 %p_read_47, i8 %p_read_46, i8 %p_read_45, i8 %p_read_44, i8 %p_read_43, i8 %p_read_42, i8 %p_read_41, i8 %p_read_40, i8 %p_read_39, i8 %p_read_38, i8 %p_read_37, i8 %p_read_36, i8 %p_read_35, i8 %p_read_34, i8 %p_read_33, i8 %p_read_32, i8 %p_read_31, i8 %p_read_30, i8 %p_read_29, i8 %p_read_28, i8 %p_read_27, i8 %p_read_26, i8 %p_read_25, i8 %p_read_24, i8 %p_read_23, i8 %p_read_22, i8 %p_read_21, i8 %p_read_20, i8 %p_read_19, i8 %p_read_18, i8 %p_read_17, i8 %p_read_16, i8 %p_read_15, i11 %add_ln61_5" [src/ORB.cpp:61]   --->   Operation 2267 'mux' 't1_V_2' <Predicate = (!tmp)> <Delay = 1.76> <CoreInst = "Multiplexer">   --->   Core 76 'Multiplexer' <Latency = 0> <II = 1> <Delay = 1.76> <FuncUnit> <Opcode : 'mux'> <InPorts = 2> <OutPorts = 1>
ST_18 : Operation 2268 [1/1] (0.84ns)   --->   "%p_Repl2_2 = icmp_ult  i8 %t0_V_2, i8 %t1_V_2"   --->   Operation 2268 'icmp' 'p_Repl2_2' <Predicate = (!tmp)> <Delay = 0.84> <CoreInst = "Cmp">   --->   Core 9 'Cmp' <Latency = 0> <II = 1> <Delay = 0.44> <FuncUnit> <Opcode : 'icmp'> <InPorts = 2> <OutPorts = 1>
ST_18 : Operation 2269 [1/1] (0.00ns)   --->   "%or_ln669_1 = or i8 %trunc_ln52, i8 2"   --->   Operation 2269 'or' 'or_ln669_1' <Predicate = (!tmp)> <Delay = 0.00>
ST_18 : Operation 2270 [1/1] (0.00ns)   --->   "%zext_ln669_2 = zext i8 %or_ln669_1"   --->   Operation 2270 'zext' 'zext_ln669_2' <Predicate = (!tmp)> <Delay = 0.00>
ST_18 : Operation 2271 [1/1] (0.00ns)   --->   "%p_Result_53 = bitset i256 @_ssdm_op_BitSet.i256.i256.i32.i1, i256 %p_Result_52, i32 %zext_ln669_2, i1 %p_Repl2_2"   --->   Operation 2271 'bitset' 'p_Result_53' <Predicate = (!tmp)> <Delay = 0.00>
ST_18 : Operation 2272 [1/2] (0.64ns) (root node of the DSP)   --->   "%add_ln60_7 = add i11 %mul_ln60_3, i11 %zext_ln60_7" [src/ORB.cpp:60]   --->   Operation 2272 'add' 'add_ln60_7' <Predicate = (!tmp)> <Delay = 0.64> <CoreInst = "DSP48">   --->   Core 127 'DSP48' <Latency = 3> <II = 1> <Delay = 0.53> <IPBlock> <Opcode : 'mul' 'add' 'sub' 'select'> <InPorts = 0> <OutPorts = 1> <Sync> <CReg>
ST_18 : Operation 2273 [1/1] (1.76ns)   --->   "%t0_V_3 = mux i8 @_ssdm_op_Mux.ap_auto.1369i8.i11, i8 %p_read11371, i8 %p_read21372, i8 %p_read31373, i8 %p_read41374, i8 %p_read51375, i8 %p_read61376, i8 %p_read_1377, i8 %p_read_1376, i8 %p_read_1375, i8 %p_read_1374, i8 %p_read_1373, i8 %p_read_1372, i8 %p_read_1371, i8 %p_read_1370, i8 %p_read_1369, i8 %p_read_1368, i8 %p_read_1367, i8 %p_read_1366, i8 %p_read_1365, i8 %p_read_1364, i8 %p_read_1363, i8 %p_read_1362, i8 %p_read_1361, i8 %p_read_1360, i8 %p_read_1359, i8 %p_read_1358, i8 %p_read_1357, i8 %p_read_1356, i8 %p_read_1355, i8 %p_read_1354, i8 %p_read_1353, i8 %p_read_1352, i8 %p_read_1351, i8 %p_read_1350, i8 %p_read_1349, i8 %p_read_1348, i8 %p_read_1347, i8 %p_read_1346, i8 %p_read_1345, i8 %p_read_1344, i8 %p_read_1343, i8 %p_read_1342, i8 %p_read_1341, i8 %p_read_1340, i8 %p_read_1339, i8 %p_read_1338, i8 %p_read_1337, i8 %p_read_1336, i8 %p_read_1335, i8 %p_read_1334, i8 %p_read_1333, i8 %p_read_1332, i8 %p_read_1331, i8 %p_read_1330, i8 %p_read_1329, i8 %p_read_1328, i8 %p_read_1327, i8 %p_read_1326, i8 %p_read_1325, i8 %p_read_1324, i8 %p_read_1323, i8 %p_read_1322, i8 %p_read_1321, i8 %p_read_1320, i8 %p_read_1319, i8 %p_read_1318, i8 %p_read_1317, i8 %p_read_1316, i8 %p_read_1315, i8 %p_read_1314, i8 %p_read_1313, i8 %p_read_1312, i8 %p_read_1311, i8 %p_read_1310, i8 %p_read_1309, i8 %p_read_1308, i8 %p_read_1307, i8 %p_read_1306, i8 %p_read_1305, i8 %p_read_1304, i8 %p_read_1303, i8 %p_read_1302, i8 %p_read_1301, i8 %p_read_1300, i8 %p_read_1299, i8 %p_read_1298, i8 %p_read_1297, i8 %p_read_1296, i8 %p_read_1295, i8 %p_read_1294, i8 %p_read_1293, i8 %p_read_1292, i8 %p_read_1291, i8 %p_read_1290, i8 %p_read_1289, i8 %p_read_1288, i8 %p_read_1287, i8 %p_read_1286, i8 %p_read_1285, i8 %p_read_1284, i8 %p_read_1283, i8 %p_read_1282, i8 %p_read_1281, i8 %p_read_1280, i8 %p_read_1279, i8 %p_read_1278, i8 %p_read_1277, i8 %p_read_1276, i8 %p_read_1275, i8 %p_read_1274, i8 %p_read_1273, i8 %p_read_1272, i8 %p_read_1271, i8 %p_read_1270, i8 %p_read_1269, i8 %p_read_1268, i8 %p_read_1267, i8 %p_read_1266, i8 %p_read_1265, i8 %p_read_1264, i8 %p_read_1263, i8 %p_read_1262, i8 %p_read_1261, i8 %p_read_1260, i8 %p_read_1259, i8 %p_read_1258, i8 %p_read_1257, i8 %p_read_1256, i8 %p_read_1255, i8 %p_read_1254, i8 %p_read_1253, i8 %p_read_1252, i8 %p_read_1251, i8 %p_read_1250, i8 %p_read_1249, i8 %p_read_1248, i8 %p_read_1247, i8 %p_read_1246, i8 %p_read_1245, i8 %p_read_1244, i8 %p_read_1243, i8 %p_read_1242, i8 %p_read_1241, i8 %p_read_1240, i8 %p_read_1239, i8 %p_read_1238, i8 %p_read_1237, i8 %p_read_1236, i8 %p_read_1235, i8 %p_read_1234, i8 %p_read_1233, i8 %p_read_1232, i8 %p_read_1231, i8 %p_read_1230, i8 %p_read_1229, i8 %p_read_1228, i8 %p_read_1227, i8 %p_read_1226, i8 %p_read_1225, i8 %p_read_1224, i8 %p_read_1223, i8 %p_read_1222, i8 %p_read_1221, i8 %p_read_1220, i8 %p_read_1219, i8 %p_read_1218, i8 %p_read_1217, i8 %p_read_1216, i8 %p_read_1215, i8 %p_read_1214, i8 %p_read_1213, i8 %p_read_1212, i8 %p_read_1211, i8 %p_read_1210, i8 %p_read_1209, i8 %p_read_1208, i8 %p_read_1207, i8 %p_read_1206, i8 %p_read_1205, i8 %p_read_1204, i8 %p_read_1203, i8 %p_read_1202, i8 %p_read_1201, i8 %p_read_1200, i8 %p_read_1199, i8 %p_read_1198, i8 %p_read_1197, i8 %p_read_1196, i8 %p_read_1195, i8 %p_read_1194, i8 %p_read_1193, i8 %p_read_1192, i8 %p_read_1191, i8 %p_read_1190, i8 %p_read_1189, i8 %p_read_1188, i8 %p_read_1187, i8 %p_read_1186, i8 %p_read_1185, i8 %p_read_1184, i8 %p_read_1183, i8 %p_read_1182, i8 %p_read_1181, i8 %p_read_1180, i8 %p_read_1179, i8 %p_read_1178, i8 %p_read_1177, i8 %p_read_1176, i8 %p_read_1175, i8 %p_read_1174, i8 %p_read_1173, i8 %p_read_1172, i8 %p_read_1171, i8 %p_read_1170, i8 %p_read_1169, i8 %p_read_1168, i8 %p_read_1167, i8 %p_read_1166, i8 %p_read_1165, i8 %p_read_1164, i8 %p_read_1163, i8 %p_read_1162, i8 %p_read_1161, i8 %p_read_1160, i8 %p_read_1159, i8 %p_read_1158, i8 %p_read_1157, i8 %p_read_1156, i8 %p_read_1155, i8 %p_read_1154, i8 %p_read_1153, i8 %p_read_1152, i8 %p_read_1151, i8 %p_read_1150, i8 %p_read_1149, i8 %p_read_1148, i8 %p_read_1147, i8 %p_read_1146, i8 %p_read_1145, i8 %p_read_1144, i8 %p_read_1143, i8 %p_read_1142, i8 %p_read_1141, i8 %p_read_1140, i8 %p_read_1139, i8 %p_read_1138, i8 %p_read_1137, i8 %p_read_1136, i8 %p_read_1135, i8 %p_read_1134, i8 %p_read_1133, i8 %p_read_1132, i8 %p_read_1131, i8 %p_read_1130, i8 %p_read_1129, i8 %p_read_1128, i8 %p_read_1127, i8 %p_read_1126, i8 %p_read_1125, i8 %p_read_1124, i8 %p_read_1123, i8 %p_read_1122, i8 %p_read_1121, i8 %p_read_1120, i8 %p_read_1119, i8 %p_read_1118, i8 %p_read_1117, i8 %p_read_1116, i8 %p_read_1115, i8 %p_read_1114, i8 %p_read_1113, i8 %p_read_1112, i8 %p_read_1111, i8 %p_read_1110, i8 %p_read_1109, i8 %p_read_1108, i8 %p_read_1107, i8 %p_read_1106, i8 %p_read_1105, i8 %p_read_1104, i8 %p_read_1103, i8 %p_read_1102, i8 %p_read_1101, i8 %p_read_1100, i8 %p_read_1099, i8 %p_read_1098, i8 %p_read_1097, i8 %p_read_1096, i8 %p_read_1095, i8 %p_read_1094, i8 %p_read_1093, i8 %p_read_1092, i8 %p_read_1091, i8 %p_read_1090, i8 %p_read_1089, i8 %p_read_1088, i8 %p_read_1087, i8 %p_read_1086, i8 %p_read_1085, i8 %p_read_1084, i8 %p_read_1083, i8 %p_read_1082, i8 %p_read_1081, i8 %p_read_1080, i8 %p_read_1079, i8 %p_read_1078, i8 %p_read_1077, i8 %p_read_1076, i8 %p_read_1075, i8 %p_read_1074, i8 %p_read_1073, i8 %p_read_1072, i8 %p_read_1071, i8 %p_read_1070, i8 %p_read_1069, i8 %p_read_1068, i8 %p_read_1067, i8 %p_read_1066, i8 %p_read_1065, i8 %p_read_1064, i8 %p_read_1063, i8 %p_read_1062, i8 %p_read_1061, i8 %p_read_1060, i8 %p_read_1059, i8 %p_read_1058, i8 %p_read_1057, i8 %p_read_1056, i8 %p_read_1055, i8 %p_read_1054, i8 %p_read_1053, i8 %p_read_1052, i8 %p_read_1051, i8 %p_read_1050, i8 %p_read_1049, i8 %p_read_1048, i8 %p_read_1047, i8 %p_read_1046, i8 %p_read_1045, i8 %p_read_1044, i8 %p_read_1043, i8 %p_read_1042, i8 %p_read_1041, i8 %p_read_1040, i8 %p_read_1039, i8 %p_read_1038, i8 %p_read_1037, i8 %p_read_1036, i8 %p_read_1035, i8 %p_read_1034, i8 %p_read_1033, i8 %p_read_1032, i8 %p_read_1031, i8 %p_read_1030, i8 %p_read_1029, i8 %p_read_1028, i8 %p_read_1027, i8 %p_read_1026, i8 %p_read_1025, i8 %p_read_1024, i8 %p_read_1023, i8 %p_read_1022, i8 %p_read_1021, i8 %p_read_1020, i8 %p_read_1019, i8 %p_read_1018, i8 %p_read_1017, i8 %p_read_1016, i8 %p_read_1015, i8 %p_read_1014, i8 %p_read_1013, i8 %p_read_1012, i8 %p_read_1011, i8 %p_read_1010, i8 %p_read_1009, i8 %p_read_1008, i8 %p_read_1007, i8 %p_read_1006, i8 %p_read_1005, i8 %p_read_1004, i8 %p_read_1003, i8 %p_read_1002, i8 %p_read_1001, i8 %p_read_1000, i8 %p_read_999, i8 %p_read_998, i8 %p_read_997, i8 %p_read_996, i8 %p_read_995, i8 %p_read_994, i8 %p_read_993, i8 %p_read_992, i8 %p_read_991, i8 %p_read_990, i8 %p_read_989, i8 %p_read_988, i8 %p_read_987, i8 %p_read_986, i8 %p_read_985, i8 %p_read_984, i8 %p_read_983, i8 %p_read_982, i8 %p_read_981, i8 %p_read_980, i8 %p_read_979, i8 %p_read_978, i8 %p_read_977, i8 %p_read_976, i8 %p_read_975, i8 %p_read_974, i8 %p_read_973, i8 %p_read_972, i8 %p_read_971, i8 %p_read_970, i8 %p_read_969, i8 %p_read_968, i8 %p_read_967, i8 %p_read_966, i8 %p_read_965, i8 %p_read_964, i8 %p_read_963, i8 %p_read_962, i8 %p_read_961, i8 %p_read_960, i8 %p_read_959, i8 %p_read_958, i8 %p_read_957, i8 %p_read_956, i8 %p_read_955, i8 %p_read_954, i8 %p_read_953, i8 %p_read_952, i8 %p_read_951, i8 %p_read_950, i8 %p_read_949, i8 %p_read_948, i8 %p_read_947, i8 %p_read_946, i8 %p_read_945, i8 %p_read_944, i8 %p_read_943, i8 %p_read_942, i8 %p_read_941, i8 %p_read_940, i8 %p_read_939, i8 %p_read_938, i8 %p_read_937, i8 %p_read_936, i8 %p_read_935, i8 %p_read_934, i8 %p_read_933, i8 %p_read_932, i8 %p_read_931, i8 %p_read_930, i8 %p_read_929, i8 %p_read_928, i8 %p_read_927, i8 %p_read_926, i8 %p_read_925, i8 %p_read_924, i8 %p_read_923, i8 %p_read_922, i8 %p_read_921, i8 %p_read_920, i8 %p_read_919, i8 %p_read_918, i8 %p_read_917, i8 %p_read_916, i8 %p_read_915, i8 %p_read_914, i8 %p_read_913, i8 %p_read_912, i8 %p_read_911, i8 %p_read_910, i8 %p_read_909, i8 %p_read_908, i8 %p_read_907, i8 %p_read_906, i8 %p_read_905, i8 %p_read_904, i8 %p_read_903, i8 %p_read_902, i8 %p_read_901, i8 %p_read_900, i8 %p_read_899, i8 %p_read_898, i8 %p_read_897, i8 %p_read_896, i8 %p_read_895, i8 %p_read_894, i8 %p_read_893, i8 %p_read_892, i8 %p_read_891, i8 %p_read_890, i8 %p_read_889, i8 %p_read_888, i8 %p_read_887, i8 %p_read_886, i8 %p_read_885, i8 %p_read_884, i8 %p_read_883, i8 %p_read_882, i8 %p_read_881, i8 %p_read_880, i8 %p_read_879, i8 %p_read_878, i8 %p_read_877, i8 %p_read_876, i8 %p_read_875, i8 %p_read_874, i8 %p_read_873, i8 %p_read_872, i8 %p_read_871, i8 %p_read_870, i8 %p_read_869, i8 %p_read_868, i8 %p_read_867, i8 %p_read_866, i8 %p_read_865, i8 %p_read_864, i8 %p_read_863, i8 %p_read_862, i8 %p_read_861, i8 %p_read_860, i8 %p_read_859, i8 %p_read_858, i8 %p_read_857, i8 %p_read_856, i8 %p_read_855, i8 %p_read_854, i8 %p_read_853, i8 %p_read_852, i8 %p_read_851, i8 %p_read_850, i8 %p_read_849, i8 %p_read_848, i8 %p_read_847, i8 %p_read_846, i8 %p_read_845, i8 %p_read_844, i8 %p_read_843, i8 %p_read_842, i8 %p_read_841, i8 %p_read_840, i8 %p_read_839, i8 %p_read_838, i8 %p_read_837, i8 %p_read_836, i8 %p_read_835, i8 %p_read_834, i8 %p_read_833, i8 %p_read_832, i8 %p_read_831, i8 %p_read_830, i8 %p_read_829, i8 %p_read_828, i8 %p_read_827, i8 %p_read_826, i8 %p_read_825, i8 %p_read_824, i8 %p_read_823, i8 %p_read_822, i8 %p_read_821, i8 %p_read_820, i8 %p_read_819, i8 %p_read_818, i8 %p_read_817, i8 %p_read_816, i8 %p_read_815, i8 %p_read_814, i8 %p_read_813, i8 %p_read_812, i8 %p_read_811, i8 %p_read_810, i8 %p_read_809, i8 %p_read_808, i8 %p_read_807, i8 %p_read_806, i8 %p_read_805, i8 %p_read_804, i8 %p_read_803, i8 %p_read_802, i8 %p_read_801, i8 %p_read_800, i8 %p_read_799, i8 %p_read_798, i8 %p_read_797, i8 %p_read_796, i8 %p_read_795, i8 %p_read_794, i8 %p_read_793, i8 %p_read_792, i8 %p_read_791, i8 %p_read_790, i8 %p_read_789, i8 %p_read_788, i8 %p_read_787, i8 %p_read_786, i8 %p_read_785, i8 %p_read_784, i8 %p_read_783, i8 %p_read_782, i8 %p_read_781, i8 %p_read_780, i8 %p_read_779, i8 %p_read_778, i8 %p_read_777, i8 %p_read_776, i8 %p_read_775, i8 %p_read_774, i8 %p_read_773, i8 %p_read_772, i8 %p_read_771, i8 %p_read_770, i8 %p_read_769, i8 %p_read_768, i8 %p_read_767, i8 %p_read_766, i8 %p_read_765, i8 %p_read_764, i8 %p_read_763, i8 %p_read_762, i8 %p_read_761, i8 %p_read_760, i8 %p_read_759, i8 %p_read_758, i8 %p_read_757, i8 %p_read_756, i8 %p_read_755, i8 %p_read_754, i8 %p_read_753, i8 %p_read_752, i8 %p_read_751, i8 %p_read_750, i8 %p_read_749, i8 %p_read_748, i8 %p_read_747, i8 %p_read_746, i8 %p_read_745, i8 %p_read_744, i8 %p_read_743, i8 %p_read_742, i8 %p_read_741, i8 %p_read_740, i8 %p_read_739, i8 %p_read_738, i8 %p_read_737, i8 %p_read_736, i8 %p_read_735, i8 %p_read_734, i8 %p_read_733, i8 %p_read_732, i8 %p_read_731, i8 %p_read_730, i8 %p_read_729, i8 %p_read_728, i8 %p_read_727, i8 %p_read_726, i8 %p_read_725, i8 %p_read_724, i8 %p_read_723, i8 %p_read_722, i8 %p_read_721, i8 %p_read_720, i8 %p_read_719, i8 %p_read_718, i8 %p_read_717, i8 %p_read_716, i8 %p_read_715, i8 %p_read_714, i8 %p_read_713, i8 %p_read_712, i8 %p_read_711, i8 %p_read_710, i8 %p_read_709, i8 %p_read_708, i8 %p_read_707, i8 %p_read_706, i8 %p_read_705, i8 %p_read_704, i8 %p_read_703, i8 %p_read_702, i8 %p_read_701, i8 %p_read_700, i8 %p_read_699, i8 %p_read_698, i8 %p_read_697, i8 %p_read_696, i8 %p_read_695, i8 %p_read_694, i8 %p_read_693, i8 %p_read_692, i8 %p_read_691, i8 %p_read_690, i8 %p_read_689, i8 %p_read_688, i8 %p_read_687, i8 %p_read_686, i8 %p_read_685, i8 %p_read_684, i8 %p_read_683, i8 %p_read_682, i8 %p_read_681, i8 %p_read_680, i8 %p_read_679, i8 %p_read_678, i8 %p_read_677, i8 %p_read_676, i8 %p_read_675, i8 %p_read_674, i8 %p_read_673, i8 %p_read_672, i8 %p_read_671, i8 %p_read_670, i8 %p_read_669, i8 %p_read_668, i8 %p_read_667, i8 %p_read_666, i8 %p_read_665, i8 %p_read_664, i8 %p_read_663, i8 %p_read_662, i8 %p_read_661, i8 %p_read_660, i8 %p_read_659, i8 %p_read_658, i8 %p_read_657, i8 %p_read_656, i8 %p_read_655, i8 %p_read_654, i8 %p_read_653, i8 %p_read_652, i8 %p_read_651, i8 %p_read_650, i8 %p_read_649, i8 %p_read_648, i8 %p_read_647, i8 %p_read_646, i8 %p_read_645, i8 %p_read_644, i8 %p_read_643, i8 %p_read_642, i8 %p_read_641, i8 %p_read_640, i8 %p_read_639, i8 %p_read_638, i8 %p_read_637, i8 %p_read_636, i8 %p_read_635, i8 %p_read_634, i8 %p_read_633, i8 %p_read_632, i8 %p_read_631, i8 %p_read_630, i8 %p_read_629, i8 %p_read_628, i8 %p_read_627, i8 %p_read_626, i8 %p_read_625, i8 %p_read_624, i8 %p_read_623, i8 %p_read_622, i8 %p_read_621, i8 %p_read_620, i8 %p_read_619, i8 %p_read_618, i8 %p_read_617, i8 %p_read_616, i8 %p_read_615, i8 %p_read_614, i8 %p_read_613, i8 %p_read_612, i8 %p_read_611, i8 %p_read_610, i8 %p_read_609, i8 %p_read_608, i8 %p_read_607, i8 %p_read_606, i8 %p_read_605, i8 %p_read_604, i8 %p_read_603, i8 %p_read_602, i8 %p_read_601, i8 %p_read_600, i8 %p_read_599, i8 %p_read_598, i8 %p_read_597, i8 %p_read_596, i8 %p_read_595, i8 %p_read_594, i8 %p_read_593, i8 %p_read_592, i8 %p_read_591, i8 %p_read_590, i8 %p_read_589, i8 %p_read_588, i8 %p_read_587, i8 %p_read_586, i8 %p_read_585, i8 %p_read_584, i8 %p_read_583, i8 %p_read_582, i8 %p_read_581, i8 %p_read_580, i8 %p_read_579, i8 %p_read_578, i8 %p_read_577, i8 %p_read_576, i8 %p_read_575, i8 %p_read_574, i8 %p_read_573, i8 %p_read_572, i8 %p_read_571, i8 %p_read_570, i8 %p_read_569, i8 %p_read_568, i8 %p_read_567, i8 %p_read_566, i8 %p_read_565, i8 %p_read_564, i8 %p_read_563, i8 %p_read_562, i8 %p_read_561, i8 %p_read_560, i8 %p_read_559, i8 %p_read_558, i8 %p_read_557, i8 %p_read_556, i8 %p_read_555, i8 %p_read_554, i8 %p_read_553, i8 %p_read_552, i8 %p_read_551, i8 %p_read_550, i8 %p_read_549, i8 %p_read_548, i8 %p_read_547, i8 %p_read_546, i8 %p_read_545, i8 %p_read_544, i8 %p_read_543, i8 %p_read_542, i8 %p_read_541, i8 %p_read_540, i8 %p_read_539, i8 %p_read_538, i8 %p_read_537, i8 %p_read_536, i8 %p_read_535, i8 %p_read_534, i8 %p_read_533, i8 %p_read_532, i8 %p_read_531, i8 %p_read_530, i8 %p_read_529, i8 %p_read_528, i8 %p_read_527, i8 %p_read_526, i8 %p_read_525, i8 %p_read_524, i8 %p_read_523, i8 %p_read_522, i8 %p_read_521, i8 %p_read_520, i8 %p_read_519, i8 %p_read_518, i8 %p_read_517, i8 %p_read_516, i8 %p_read_515, i8 %p_read_514, i8 %p_read_513, i8 %p_read_512, i8 %p_read_511, i8 %p_read_510, i8 %p_read_509, i8 %p_read_508, i8 %p_read_507, i8 %p_read_506, i8 %p_read_505, i8 %p_read_504, i8 %p_read_503, i8 %p_read_502, i8 %p_read_501, i8 %p_read_500, i8 %p_read_499, i8 %p_read_498, i8 %p_read_497, i8 %p_read_496, i8 %p_read_495, i8 %p_read_494, i8 %p_read_493, i8 %p_read_492, i8 %p_read_491, i8 %p_read_490, i8 %p_read_489, i8 %p_read_488, i8 %p_read_487, i8 %p_read_486, i8 %p_read_485, i8 %p_read_484, i8 %p_read_483, i8 %p_read_482, i8 %p_read_481, i8 %p_read_480, i8 %p_read_479, i8 %p_read_478, i8 %p_read_477, i8 %p_read_476, i8 %p_read_475, i8 %p_read_474, i8 %p_read_473, i8 %p_read_472, i8 %p_read_471, i8 %p_read_470, i8 %p_read_469, i8 %p_read_468, i8 %p_read_467, i8 %p_read_466, i8 %p_read_465, i8 %p_read_464, i8 %p_read_463, i8 %p_read_462, i8 %p_read_461, i8 %p_read_460, i8 %p_read_459, i8 %p_read_458, i8 %p_read_457, i8 %p_read_456, i8 %p_read_455, i8 %p_read_454, i8 %p_read_453, i8 %p_read_452, i8 %p_read_451, i8 %p_read_450, i8 %p_read_449, i8 %p_read_448, i8 %p_read_447, i8 %p_read_446, i8 %p_read_445, i8 %p_read_444, i8 %p_read_443, i8 %p_read_442, i8 %p_read_441, i8 %p_read_440, i8 %p_read_439, i8 %p_read_438, i8 %p_read_437, i8 %p_read_436, i8 %p_read_435, i8 %p_read_434, i8 %p_read_433, i8 %p_read_432, i8 %p_read_431, i8 %p_read_430, i8 %p_read_429, i8 %p_read_428, i8 %p_read_427, i8 %p_read_426, i8 %p_read_425, i8 %p_read_424, i8 %p_read_423, i8 %p_read_422, i8 %p_read_421, i8 %p_read_420, i8 %p_read_419, i8 %p_read_418, i8 %p_read_417, i8 %p_read_416, i8 %p_read_415, i8 %p_read_414, i8 %p_read_413, i8 %p_read_412, i8 %p_read_411, i8 %p_read_410, i8 %p_read_409, i8 %p_read_408, i8 %p_read_407, i8 %p_read_406, i8 %p_read_405, i8 %p_read_404, i8 %p_read_403, i8 %p_read_402, i8 %p_read_401, i8 %p_read_400, i8 %p_read_399, i8 %p_read_398, i8 %p_read_397, i8 %p_read_396, i8 %p_read_395, i8 %p_read_394, i8 %p_read_393, i8 %p_read_392, i8 %p_read_391, i8 %p_read_390, i8 %p_read_389, i8 %p_read_388, i8 %p_read_387, i8 %p_read_386, i8 %p_read_385, i8 %p_read_384, i8 %p_read_383, i8 %p_read_382, i8 %p_read_381, i8 %p_read_380, i8 %p_read_379, i8 %p_read_378, i8 %p_read_377, i8 %p_read_376, i8 %p_read_375, i8 %p_read_374, i8 %p_read_373, i8 %p_read_372, i8 %p_read_371, i8 %p_read_370, i8 %p_read_369, i8 %p_read_368, i8 %p_read_367, i8 %p_read_366, i8 %p_read_365, i8 %p_read_364, i8 %p_read_363, i8 %p_read_362, i8 %p_read_361, i8 %p_read_360, i8 %p_read_359, i8 %p_read_358, i8 %p_read_357, i8 %p_read_356, i8 %p_read_355, i8 %p_read_354, i8 %p_read_353, i8 %p_read_352, i8 %p_read_351, i8 %p_read_350, i8 %p_read_349, i8 %p_read_348, i8 %p_read_347, i8 %p_read_346, i8 %p_read_345, i8 %p_read_344, i8 %p_read_343, i8 %p_read_342, i8 %p_read_341, i8 %p_read_340, i8 %p_read_339, i8 %p_read_338, i8 %p_read_337, i8 %p_read_336, i8 %p_read_335, i8 %p_read_334, i8 %p_read_333, i8 %p_read_332, i8 %p_read_331, i8 %p_read_330, i8 %p_read_329, i8 %p_read_328, i8 %p_read_327, i8 %p_read_326, i8 %p_read_325, i8 %p_read_324, i8 %p_read_323, i8 %p_read_322, i8 %p_read_321, i8 %p_read_320, i8 %p_read_319, i8 %p_read_318, i8 %p_read_317, i8 %p_read_316, i8 %p_read_315, i8 %p_read_314, i8 %p_read_313, i8 %p_read_312, i8 %p_read_311, i8 %p_read_310, i8 %p_read_309, i8 %p_read_308, i8 %p_read_307, i8 %p_read_306, i8 %p_read_305, i8 %p_read_304, i8 %p_read_303, i8 %p_read_302, i8 %p_read_301, i8 %p_read_300, i8 %p_read_299, i8 %p_read_298, i8 %p_read_297, i8 %p_read_296, i8 %p_read_295, i8 %p_read_294, i8 %p_read_293, i8 %p_read_292, i8 %p_read_291, i8 %p_read_290, i8 %p_read_289, i8 %p_read_288, i8 %p_read_287, i8 %p_read_286, i8 %p_read_285, i8 %p_read_284, i8 %p_read_283, i8 %p_read_282, i8 %p_read_281, i8 %p_read_280, i8 %p_read_279, i8 %p_read_278, i8 %p_read_277, i8 %p_read_276, i8 %p_read_275, i8 %p_read_274, i8 %p_read_273, i8 %p_read_272, i8 %p_read_271, i8 %p_read_270, i8 %p_read_269, i8 %p_read_268, i8 %p_read_267, i8 %p_read_266, i8 %p_read_265, i8 %p_read_264, i8 %p_read_263, i8 %p_read_262, i8 %p_read_261, i8 %p_read_260, i8 %p_read_259, i8 %p_read_258, i8 %p_read_257, i8 %p_read_256, i8 %p_read_255, i8 %p_read_254, i8 %p_read_253, i8 %p_read_252, i8 %p_read_251, i8 %p_read_250, i8 %p_read_249, i8 %p_read_248, i8 %p_read_247, i8 %p_read_246, i8 %p_read_245, i8 %p_read_244, i8 %p_read_243, i8 %p_read_242, i8 %p_read_241, i8 %p_read_240, i8 %p_read_239, i8 %p_read_238, i8 %p_read_237, i8 %p_read_236, i8 %p_read_235, i8 %p_read_234, i8 %p_read_233, i8 %p_read_232, i8 %p_read_231, i8 %p_read_230, i8 %p_read_229, i8 %p_read_228, i8 %p_read_227, i8 %p_read_226, i8 %p_read_225, i8 %p_read_224, i8 %p_read_223, i8 %p_read_222, i8 %p_read_221, i8 %p_read_220, i8 %p_read_219, i8 %p_read_218, i8 %p_read_217, i8 %p_read_216, i8 %p_read_215, i8 %p_read_214, i8 %p_read_213, i8 %p_read_212, i8 %p_read_211, i8 %p_read_210, i8 %p_read_209, i8 %p_read_208, i8 %p_read_207, i8 %p_read_206, i8 %p_read_205, i8 %p_read_204, i8 %p_read_203, i8 %p_read_202, i8 %p_read_201, i8 %p_read_200, i8 %p_read_199, i8 %p_read_198, i8 %p_read_197, i8 %p_read_196, i8 %p_read_195, i8 %p_read_194, i8 %p_read_193, i8 %p_read_192, i8 %p_read_191, i8 %p_read_190, i8 %p_read_189, i8 %p_read_188, i8 %p_read_187, i8 %p_read_186, i8 %p_read_185, i8 %p_read_184, i8 %p_read_183, i8 %p_read_182, i8 %p_read_181, i8 %p_read_180, i8 %p_read_179, i8 %p_read_178, i8 %p_read_177, i8 %p_read_176, i8 %p_read_175, i8 %p_read_174, i8 %p_read_173, i8 %p_read_172, i8 %p_read_171, i8 %p_read_170, i8 %p_read_169, i8 %p_read_168, i8 %p_read_167, i8 %p_read_166, i8 %p_read_165, i8 %p_read_164, i8 %p_read_163, i8 %p_read_162, i8 %p_read_161, i8 %p_read_160, i8 %p_read_159, i8 %p_read_158, i8 %p_read_157, i8 %p_read_156, i8 %p_read_155, i8 %p_read_154, i8 %p_read_153, i8 %p_read_152, i8 %p_read_151, i8 %p_read_150, i8 %p_read_149, i8 %p_read_148, i8 %p_read_147, i8 %p_read_146, i8 %p_read_145, i8 %p_read_144, i8 %p_read_143, i8 %p_read_142, i8 %p_read_141, i8 %p_read_140, i8 %p_read_139, i8 %p_read_138, i8 %p_read_137, i8 %p_read_136, i8 %p_read_135, i8 %p_read_134, i8 %p_read_133, i8 %p_read_132, i8 %p_read_131, i8 %p_read_130, i8 %p_read_129, i8 %p_read_128, i8 %p_read_127, i8 %p_read_126, i8 %p_read_125, i8 %p_read_124, i8 %p_read_123, i8 %p_read_122, i8 %p_read_121, i8 %p_read_120, i8 %p_read_119, i8 %p_read_118, i8 %p_read_117, i8 %p_read_116, i8 %p_read_115, i8 %p_read_114, i8 %p_read_113, i8 %p_read_112, i8 %p_read_111, i8 %p_read_110, i8 %p_read_109, i8 %p_read_108, i8 %p_read_107, i8 %p_read_106, i8 %p_read_105, i8 %p_read_104, i8 %p_read_103, i8 %p_read_102, i8 %p_read_101, i8 %p_read_100, i8 %p_read_99, i8 %p_read_98, i8 %p_read_97, i8 %p_read_96, i8 %p_read_95, i8 %p_read_94, i8 %p_read_93, i8 %p_read_92, i8 %p_read_91, i8 %p_read_90, i8 %p_read_89, i8 %p_read_88, i8 %p_read_87, i8 %p_read_86, i8 %p_read_85, i8 %p_read_84, i8 %p_read_83, i8 %p_read_82, i8 %p_read_81, i8 %p_read_80, i8 %p_read_79, i8 %p_read_78, i8 %p_read_77, i8 %p_read_76, i8 %p_read_75, i8 %p_read_74, i8 %p_read_73, i8 %p_read_72, i8 %p_read_71, i8 %p_read_70, i8 %p_read_69, i8 %p_read_68, i8 %p_read_67, i8 %p_read_66, i8 %p_read_65, i8 %p_read_64, i8 %p_read_63, i8 %p_read_62, i8 %p_read_61, i8 %p_read_60, i8 %p_read_59, i8 %p_read_58, i8 %p_read_57, i8 %p_read_56, i8 %p_read_55, i8 %p_read_54, i8 %p_read_53, i8 %p_read_52, i8 %p_read_51, i8 %p_read_50, i8 %p_read_49, i8 %p_read_48, i8 %p_read_47, i8 %p_read_46, i8 %p_read_45, i8 %p_read_44, i8 %p_read_43, i8 %p_read_42, i8 %p_read_41, i8 %p_read_40, i8 %p_read_39, i8 %p_read_38, i8 %p_read_37, i8 %p_read_36, i8 %p_read_35, i8 %p_read_34, i8 %p_read_33, i8 %p_read_32, i8 %p_read_31, i8 %p_read_30, i8 %p_read_29, i8 %p_read_28, i8 %p_read_27, i8 %p_read_26, i8 %p_read_25, i8 %p_read_24, i8 %p_read_23, i8 %p_read_22, i8 %p_read_21, i8 %p_read_20, i8 %p_read_19, i8 %p_read_18, i8 %p_read_17, i8 %p_read_16, i8 %p_read_15, i11 %add_ln60_7" [src/ORB.cpp:60]   --->   Operation 2273 'mux' 't0_V_3' <Predicate = (!tmp)> <Delay = 1.76> <CoreInst = "Multiplexer">   --->   Core 76 'Multiplexer' <Latency = 0> <II = 1> <Delay = 1.76> <FuncUnit> <Opcode : 'mux'> <InPorts = 2> <OutPorts = 1>
ST_18 : Operation 2274 [1/2] (0.64ns) (root node of the DSP)   --->   "%add_ln61_7 = add i11 %mul_ln61_3, i11 %zext_ln61_7" [src/ORB.cpp:61]   --->   Operation 2274 'add' 'add_ln61_7' <Predicate = (!tmp)> <Delay = 0.64> <CoreInst = "DSP48">   --->   Core 127 'DSP48' <Latency = 3> <II = 1> <Delay = 0.53> <IPBlock> <Opcode : 'mul' 'add' 'sub' 'select'> <InPorts = 0> <OutPorts = 1> <Sync> <CReg>
ST_18 : Operation 2275 [1/1] (1.76ns)   --->   "%t1_V_3 = mux i8 @_ssdm_op_Mux.ap_auto.1369i8.i11, i8 %p_read11371, i8 %p_read21372, i8 %p_read31373, i8 %p_read41374, i8 %p_read51375, i8 %p_read61376, i8 %p_read_1377, i8 %p_read_1376, i8 %p_read_1375, i8 %p_read_1374, i8 %p_read_1373, i8 %p_read_1372, i8 %p_read_1371, i8 %p_read_1370, i8 %p_read_1369, i8 %p_read_1368, i8 %p_read_1367, i8 %p_read_1366, i8 %p_read_1365, i8 %p_read_1364, i8 %p_read_1363, i8 %p_read_1362, i8 %p_read_1361, i8 %p_read_1360, i8 %p_read_1359, i8 %p_read_1358, i8 %p_read_1357, i8 %p_read_1356, i8 %p_read_1355, i8 %p_read_1354, i8 %p_read_1353, i8 %p_read_1352, i8 %p_read_1351, i8 %p_read_1350, i8 %p_read_1349, i8 %p_read_1348, i8 %p_read_1347, i8 %p_read_1346, i8 %p_read_1345, i8 %p_read_1344, i8 %p_read_1343, i8 %p_read_1342, i8 %p_read_1341, i8 %p_read_1340, i8 %p_read_1339, i8 %p_read_1338, i8 %p_read_1337, i8 %p_read_1336, i8 %p_read_1335, i8 %p_read_1334, i8 %p_read_1333, i8 %p_read_1332, i8 %p_read_1331, i8 %p_read_1330, i8 %p_read_1329, i8 %p_read_1328, i8 %p_read_1327, i8 %p_read_1326, i8 %p_read_1325, i8 %p_read_1324, i8 %p_read_1323, i8 %p_read_1322, i8 %p_read_1321, i8 %p_read_1320, i8 %p_read_1319, i8 %p_read_1318, i8 %p_read_1317, i8 %p_read_1316, i8 %p_read_1315, i8 %p_read_1314, i8 %p_read_1313, i8 %p_read_1312, i8 %p_read_1311, i8 %p_read_1310, i8 %p_read_1309, i8 %p_read_1308, i8 %p_read_1307, i8 %p_read_1306, i8 %p_read_1305, i8 %p_read_1304, i8 %p_read_1303, i8 %p_read_1302, i8 %p_read_1301, i8 %p_read_1300, i8 %p_read_1299, i8 %p_read_1298, i8 %p_read_1297, i8 %p_read_1296, i8 %p_read_1295, i8 %p_read_1294, i8 %p_read_1293, i8 %p_read_1292, i8 %p_read_1291, i8 %p_read_1290, i8 %p_read_1289, i8 %p_read_1288, i8 %p_read_1287, i8 %p_read_1286, i8 %p_read_1285, i8 %p_read_1284, i8 %p_read_1283, i8 %p_read_1282, i8 %p_read_1281, i8 %p_read_1280, i8 %p_read_1279, i8 %p_read_1278, i8 %p_read_1277, i8 %p_read_1276, i8 %p_read_1275, i8 %p_read_1274, i8 %p_read_1273, i8 %p_read_1272, i8 %p_read_1271, i8 %p_read_1270, i8 %p_read_1269, i8 %p_read_1268, i8 %p_read_1267, i8 %p_read_1266, i8 %p_read_1265, i8 %p_read_1264, i8 %p_read_1263, i8 %p_read_1262, i8 %p_read_1261, i8 %p_read_1260, i8 %p_read_1259, i8 %p_read_1258, i8 %p_read_1257, i8 %p_read_1256, i8 %p_read_1255, i8 %p_read_1254, i8 %p_read_1253, i8 %p_read_1252, i8 %p_read_1251, i8 %p_read_1250, i8 %p_read_1249, i8 %p_read_1248, i8 %p_read_1247, i8 %p_read_1246, i8 %p_read_1245, i8 %p_read_1244, i8 %p_read_1243, i8 %p_read_1242, i8 %p_read_1241, i8 %p_read_1240, i8 %p_read_1239, i8 %p_read_1238, i8 %p_read_1237, i8 %p_read_1236, i8 %p_read_1235, i8 %p_read_1234, i8 %p_read_1233, i8 %p_read_1232, i8 %p_read_1231, i8 %p_read_1230, i8 %p_read_1229, i8 %p_read_1228, i8 %p_read_1227, i8 %p_read_1226, i8 %p_read_1225, i8 %p_read_1224, i8 %p_read_1223, i8 %p_read_1222, i8 %p_read_1221, i8 %p_read_1220, i8 %p_read_1219, i8 %p_read_1218, i8 %p_read_1217, i8 %p_read_1216, i8 %p_read_1215, i8 %p_read_1214, i8 %p_read_1213, i8 %p_read_1212, i8 %p_read_1211, i8 %p_read_1210, i8 %p_read_1209, i8 %p_read_1208, i8 %p_read_1207, i8 %p_read_1206, i8 %p_read_1205, i8 %p_read_1204, i8 %p_read_1203, i8 %p_read_1202, i8 %p_read_1201, i8 %p_read_1200, i8 %p_read_1199, i8 %p_read_1198, i8 %p_read_1197, i8 %p_read_1196, i8 %p_read_1195, i8 %p_read_1194, i8 %p_read_1193, i8 %p_read_1192, i8 %p_read_1191, i8 %p_read_1190, i8 %p_read_1189, i8 %p_read_1188, i8 %p_read_1187, i8 %p_read_1186, i8 %p_read_1185, i8 %p_read_1184, i8 %p_read_1183, i8 %p_read_1182, i8 %p_read_1181, i8 %p_read_1180, i8 %p_read_1179, i8 %p_read_1178, i8 %p_read_1177, i8 %p_read_1176, i8 %p_read_1175, i8 %p_read_1174, i8 %p_read_1173, i8 %p_read_1172, i8 %p_read_1171, i8 %p_read_1170, i8 %p_read_1169, i8 %p_read_1168, i8 %p_read_1167, i8 %p_read_1166, i8 %p_read_1165, i8 %p_read_1164, i8 %p_read_1163, i8 %p_read_1162, i8 %p_read_1161, i8 %p_read_1160, i8 %p_read_1159, i8 %p_read_1158, i8 %p_read_1157, i8 %p_read_1156, i8 %p_read_1155, i8 %p_read_1154, i8 %p_read_1153, i8 %p_read_1152, i8 %p_read_1151, i8 %p_read_1150, i8 %p_read_1149, i8 %p_read_1148, i8 %p_read_1147, i8 %p_read_1146, i8 %p_read_1145, i8 %p_read_1144, i8 %p_read_1143, i8 %p_read_1142, i8 %p_read_1141, i8 %p_read_1140, i8 %p_read_1139, i8 %p_read_1138, i8 %p_read_1137, i8 %p_read_1136, i8 %p_read_1135, i8 %p_read_1134, i8 %p_read_1133, i8 %p_read_1132, i8 %p_read_1131, i8 %p_read_1130, i8 %p_read_1129, i8 %p_read_1128, i8 %p_read_1127, i8 %p_read_1126, i8 %p_read_1125, i8 %p_read_1124, i8 %p_read_1123, i8 %p_read_1122, i8 %p_read_1121, i8 %p_read_1120, i8 %p_read_1119, i8 %p_read_1118, i8 %p_read_1117, i8 %p_read_1116, i8 %p_read_1115, i8 %p_read_1114, i8 %p_read_1113, i8 %p_read_1112, i8 %p_read_1111, i8 %p_read_1110, i8 %p_read_1109, i8 %p_read_1108, i8 %p_read_1107, i8 %p_read_1106, i8 %p_read_1105, i8 %p_read_1104, i8 %p_read_1103, i8 %p_read_1102, i8 %p_read_1101, i8 %p_read_1100, i8 %p_read_1099, i8 %p_read_1098, i8 %p_read_1097, i8 %p_read_1096, i8 %p_read_1095, i8 %p_read_1094, i8 %p_read_1093, i8 %p_read_1092, i8 %p_read_1091, i8 %p_read_1090, i8 %p_read_1089, i8 %p_read_1088, i8 %p_read_1087, i8 %p_read_1086, i8 %p_read_1085, i8 %p_read_1084, i8 %p_read_1083, i8 %p_read_1082, i8 %p_read_1081, i8 %p_read_1080, i8 %p_read_1079, i8 %p_read_1078, i8 %p_read_1077, i8 %p_read_1076, i8 %p_read_1075, i8 %p_read_1074, i8 %p_read_1073, i8 %p_read_1072, i8 %p_read_1071, i8 %p_read_1070, i8 %p_read_1069, i8 %p_read_1068, i8 %p_read_1067, i8 %p_read_1066, i8 %p_read_1065, i8 %p_read_1064, i8 %p_read_1063, i8 %p_read_1062, i8 %p_read_1061, i8 %p_read_1060, i8 %p_read_1059, i8 %p_read_1058, i8 %p_read_1057, i8 %p_read_1056, i8 %p_read_1055, i8 %p_read_1054, i8 %p_read_1053, i8 %p_read_1052, i8 %p_read_1051, i8 %p_read_1050, i8 %p_read_1049, i8 %p_read_1048, i8 %p_read_1047, i8 %p_read_1046, i8 %p_read_1045, i8 %p_read_1044, i8 %p_read_1043, i8 %p_read_1042, i8 %p_read_1041, i8 %p_read_1040, i8 %p_read_1039, i8 %p_read_1038, i8 %p_read_1037, i8 %p_read_1036, i8 %p_read_1035, i8 %p_read_1034, i8 %p_read_1033, i8 %p_read_1032, i8 %p_read_1031, i8 %p_read_1030, i8 %p_read_1029, i8 %p_read_1028, i8 %p_read_1027, i8 %p_read_1026, i8 %p_read_1025, i8 %p_read_1024, i8 %p_read_1023, i8 %p_read_1022, i8 %p_read_1021, i8 %p_read_1020, i8 %p_read_1019, i8 %p_read_1018, i8 %p_read_1017, i8 %p_read_1016, i8 %p_read_1015, i8 %p_read_1014, i8 %p_read_1013, i8 %p_read_1012, i8 %p_read_1011, i8 %p_read_1010, i8 %p_read_1009, i8 %p_read_1008, i8 %p_read_1007, i8 %p_read_1006, i8 %p_read_1005, i8 %p_read_1004, i8 %p_read_1003, i8 %p_read_1002, i8 %p_read_1001, i8 %p_read_1000, i8 %p_read_999, i8 %p_read_998, i8 %p_read_997, i8 %p_read_996, i8 %p_read_995, i8 %p_read_994, i8 %p_read_993, i8 %p_read_992, i8 %p_read_991, i8 %p_read_990, i8 %p_read_989, i8 %p_read_988, i8 %p_read_987, i8 %p_read_986, i8 %p_read_985, i8 %p_read_984, i8 %p_read_983, i8 %p_read_982, i8 %p_read_981, i8 %p_read_980, i8 %p_read_979, i8 %p_read_978, i8 %p_read_977, i8 %p_read_976, i8 %p_read_975, i8 %p_read_974, i8 %p_read_973, i8 %p_read_972, i8 %p_read_971, i8 %p_read_970, i8 %p_read_969, i8 %p_read_968, i8 %p_read_967, i8 %p_read_966, i8 %p_read_965, i8 %p_read_964, i8 %p_read_963, i8 %p_read_962, i8 %p_read_961, i8 %p_read_960, i8 %p_read_959, i8 %p_read_958, i8 %p_read_957, i8 %p_read_956, i8 %p_read_955, i8 %p_read_954, i8 %p_read_953, i8 %p_read_952, i8 %p_read_951, i8 %p_read_950, i8 %p_read_949, i8 %p_read_948, i8 %p_read_947, i8 %p_read_946, i8 %p_read_945, i8 %p_read_944, i8 %p_read_943, i8 %p_read_942, i8 %p_read_941, i8 %p_read_940, i8 %p_read_939, i8 %p_read_938, i8 %p_read_937, i8 %p_read_936, i8 %p_read_935, i8 %p_read_934, i8 %p_read_933, i8 %p_read_932, i8 %p_read_931, i8 %p_read_930, i8 %p_read_929, i8 %p_read_928, i8 %p_read_927, i8 %p_read_926, i8 %p_read_925, i8 %p_read_924, i8 %p_read_923, i8 %p_read_922, i8 %p_read_921, i8 %p_read_920, i8 %p_read_919, i8 %p_read_918, i8 %p_read_917, i8 %p_read_916, i8 %p_read_915, i8 %p_read_914, i8 %p_read_913, i8 %p_read_912, i8 %p_read_911, i8 %p_read_910, i8 %p_read_909, i8 %p_read_908, i8 %p_read_907, i8 %p_read_906, i8 %p_read_905, i8 %p_read_904, i8 %p_read_903, i8 %p_read_902, i8 %p_read_901, i8 %p_read_900, i8 %p_read_899, i8 %p_read_898, i8 %p_read_897, i8 %p_read_896, i8 %p_read_895, i8 %p_read_894, i8 %p_read_893, i8 %p_read_892, i8 %p_read_891, i8 %p_read_890, i8 %p_read_889, i8 %p_read_888, i8 %p_read_887, i8 %p_read_886, i8 %p_read_885, i8 %p_read_884, i8 %p_read_883, i8 %p_read_882, i8 %p_read_881, i8 %p_read_880, i8 %p_read_879, i8 %p_read_878, i8 %p_read_877, i8 %p_read_876, i8 %p_read_875, i8 %p_read_874, i8 %p_read_873, i8 %p_read_872, i8 %p_read_871, i8 %p_read_870, i8 %p_read_869, i8 %p_read_868, i8 %p_read_867, i8 %p_read_866, i8 %p_read_865, i8 %p_read_864, i8 %p_read_863, i8 %p_read_862, i8 %p_read_861, i8 %p_read_860, i8 %p_read_859, i8 %p_read_858, i8 %p_read_857, i8 %p_read_856, i8 %p_read_855, i8 %p_read_854, i8 %p_read_853, i8 %p_read_852, i8 %p_read_851, i8 %p_read_850, i8 %p_read_849, i8 %p_read_848, i8 %p_read_847, i8 %p_read_846, i8 %p_read_845, i8 %p_read_844, i8 %p_read_843, i8 %p_read_842, i8 %p_read_841, i8 %p_read_840, i8 %p_read_839, i8 %p_read_838, i8 %p_read_837, i8 %p_read_836, i8 %p_read_835, i8 %p_read_834, i8 %p_read_833, i8 %p_read_832, i8 %p_read_831, i8 %p_read_830, i8 %p_read_829, i8 %p_read_828, i8 %p_read_827, i8 %p_read_826, i8 %p_read_825, i8 %p_read_824, i8 %p_read_823, i8 %p_read_822, i8 %p_read_821, i8 %p_read_820, i8 %p_read_819, i8 %p_read_818, i8 %p_read_817, i8 %p_read_816, i8 %p_read_815, i8 %p_read_814, i8 %p_read_813, i8 %p_read_812, i8 %p_read_811, i8 %p_read_810, i8 %p_read_809, i8 %p_read_808, i8 %p_read_807, i8 %p_read_806, i8 %p_read_805, i8 %p_read_804, i8 %p_read_803, i8 %p_read_802, i8 %p_read_801, i8 %p_read_800, i8 %p_read_799, i8 %p_read_798, i8 %p_read_797, i8 %p_read_796, i8 %p_read_795, i8 %p_read_794, i8 %p_read_793, i8 %p_read_792, i8 %p_read_791, i8 %p_read_790, i8 %p_read_789, i8 %p_read_788, i8 %p_read_787, i8 %p_read_786, i8 %p_read_785, i8 %p_read_784, i8 %p_read_783, i8 %p_read_782, i8 %p_read_781, i8 %p_read_780, i8 %p_read_779, i8 %p_read_778, i8 %p_read_777, i8 %p_read_776, i8 %p_read_775, i8 %p_read_774, i8 %p_read_773, i8 %p_read_772, i8 %p_read_771, i8 %p_read_770, i8 %p_read_769, i8 %p_read_768, i8 %p_read_767, i8 %p_read_766, i8 %p_read_765, i8 %p_read_764, i8 %p_read_763, i8 %p_read_762, i8 %p_read_761, i8 %p_read_760, i8 %p_read_759, i8 %p_read_758, i8 %p_read_757, i8 %p_read_756, i8 %p_read_755, i8 %p_read_754, i8 %p_read_753, i8 %p_read_752, i8 %p_read_751, i8 %p_read_750, i8 %p_read_749, i8 %p_read_748, i8 %p_read_747, i8 %p_read_746, i8 %p_read_745, i8 %p_read_744, i8 %p_read_743, i8 %p_read_742, i8 %p_read_741, i8 %p_read_740, i8 %p_read_739, i8 %p_read_738, i8 %p_read_737, i8 %p_read_736, i8 %p_read_735, i8 %p_read_734, i8 %p_read_733, i8 %p_read_732, i8 %p_read_731, i8 %p_read_730, i8 %p_read_729, i8 %p_read_728, i8 %p_read_727, i8 %p_read_726, i8 %p_read_725, i8 %p_read_724, i8 %p_read_723, i8 %p_read_722, i8 %p_read_721, i8 %p_read_720, i8 %p_read_719, i8 %p_read_718, i8 %p_read_717, i8 %p_read_716, i8 %p_read_715, i8 %p_read_714, i8 %p_read_713, i8 %p_read_712, i8 %p_read_711, i8 %p_read_710, i8 %p_read_709, i8 %p_read_708, i8 %p_read_707, i8 %p_read_706, i8 %p_read_705, i8 %p_read_704, i8 %p_read_703, i8 %p_read_702, i8 %p_read_701, i8 %p_read_700, i8 %p_read_699, i8 %p_read_698, i8 %p_read_697, i8 %p_read_696, i8 %p_read_695, i8 %p_read_694, i8 %p_read_693, i8 %p_read_692, i8 %p_read_691, i8 %p_read_690, i8 %p_read_689, i8 %p_read_688, i8 %p_read_687, i8 %p_read_686, i8 %p_read_685, i8 %p_read_684, i8 %p_read_683, i8 %p_read_682, i8 %p_read_681, i8 %p_read_680, i8 %p_read_679, i8 %p_read_678, i8 %p_read_677, i8 %p_read_676, i8 %p_read_675, i8 %p_read_674, i8 %p_read_673, i8 %p_read_672, i8 %p_read_671, i8 %p_read_670, i8 %p_read_669, i8 %p_read_668, i8 %p_read_667, i8 %p_read_666, i8 %p_read_665, i8 %p_read_664, i8 %p_read_663, i8 %p_read_662, i8 %p_read_661, i8 %p_read_660, i8 %p_read_659, i8 %p_read_658, i8 %p_read_657, i8 %p_read_656, i8 %p_read_655, i8 %p_read_654, i8 %p_read_653, i8 %p_read_652, i8 %p_read_651, i8 %p_read_650, i8 %p_read_649, i8 %p_read_648, i8 %p_read_647, i8 %p_read_646, i8 %p_read_645, i8 %p_read_644, i8 %p_read_643, i8 %p_read_642, i8 %p_read_641, i8 %p_read_640, i8 %p_read_639, i8 %p_read_638, i8 %p_read_637, i8 %p_read_636, i8 %p_read_635, i8 %p_read_634, i8 %p_read_633, i8 %p_read_632, i8 %p_read_631, i8 %p_read_630, i8 %p_read_629, i8 %p_read_628, i8 %p_read_627, i8 %p_read_626, i8 %p_read_625, i8 %p_read_624, i8 %p_read_623, i8 %p_read_622, i8 %p_read_621, i8 %p_read_620, i8 %p_read_619, i8 %p_read_618, i8 %p_read_617, i8 %p_read_616, i8 %p_read_615, i8 %p_read_614, i8 %p_read_613, i8 %p_read_612, i8 %p_read_611, i8 %p_read_610, i8 %p_read_609, i8 %p_read_608, i8 %p_read_607, i8 %p_read_606, i8 %p_read_605, i8 %p_read_604, i8 %p_read_603, i8 %p_read_602, i8 %p_read_601, i8 %p_read_600, i8 %p_read_599, i8 %p_read_598, i8 %p_read_597, i8 %p_read_596, i8 %p_read_595, i8 %p_read_594, i8 %p_read_593, i8 %p_read_592, i8 %p_read_591, i8 %p_read_590, i8 %p_read_589, i8 %p_read_588, i8 %p_read_587, i8 %p_read_586, i8 %p_read_585, i8 %p_read_584, i8 %p_read_583, i8 %p_read_582, i8 %p_read_581, i8 %p_read_580, i8 %p_read_579, i8 %p_read_578, i8 %p_read_577, i8 %p_read_576, i8 %p_read_575, i8 %p_read_574, i8 %p_read_573, i8 %p_read_572, i8 %p_read_571, i8 %p_read_570, i8 %p_read_569, i8 %p_read_568, i8 %p_read_567, i8 %p_read_566, i8 %p_read_565, i8 %p_read_564, i8 %p_read_563, i8 %p_read_562, i8 %p_read_561, i8 %p_read_560, i8 %p_read_559, i8 %p_read_558, i8 %p_read_557, i8 %p_read_556, i8 %p_read_555, i8 %p_read_554, i8 %p_read_553, i8 %p_read_552, i8 %p_read_551, i8 %p_read_550, i8 %p_read_549, i8 %p_read_548, i8 %p_read_547, i8 %p_read_546, i8 %p_read_545, i8 %p_read_544, i8 %p_read_543, i8 %p_read_542, i8 %p_read_541, i8 %p_read_540, i8 %p_read_539, i8 %p_read_538, i8 %p_read_537, i8 %p_read_536, i8 %p_read_535, i8 %p_read_534, i8 %p_read_533, i8 %p_read_532, i8 %p_read_531, i8 %p_read_530, i8 %p_read_529, i8 %p_read_528, i8 %p_read_527, i8 %p_read_526, i8 %p_read_525, i8 %p_read_524, i8 %p_read_523, i8 %p_read_522, i8 %p_read_521, i8 %p_read_520, i8 %p_read_519, i8 %p_read_518, i8 %p_read_517, i8 %p_read_516, i8 %p_read_515, i8 %p_read_514, i8 %p_read_513, i8 %p_read_512, i8 %p_read_511, i8 %p_read_510, i8 %p_read_509, i8 %p_read_508, i8 %p_read_507, i8 %p_read_506, i8 %p_read_505, i8 %p_read_504, i8 %p_read_503, i8 %p_read_502, i8 %p_read_501, i8 %p_read_500, i8 %p_read_499, i8 %p_read_498, i8 %p_read_497, i8 %p_read_496, i8 %p_read_495, i8 %p_read_494, i8 %p_read_493, i8 %p_read_492, i8 %p_read_491, i8 %p_read_490, i8 %p_read_489, i8 %p_read_488, i8 %p_read_487, i8 %p_read_486, i8 %p_read_485, i8 %p_read_484, i8 %p_read_483, i8 %p_read_482, i8 %p_read_481, i8 %p_read_480, i8 %p_read_479, i8 %p_read_478, i8 %p_read_477, i8 %p_read_476, i8 %p_read_475, i8 %p_read_474, i8 %p_read_473, i8 %p_read_472, i8 %p_read_471, i8 %p_read_470, i8 %p_read_469, i8 %p_read_468, i8 %p_read_467, i8 %p_read_466, i8 %p_read_465, i8 %p_read_464, i8 %p_read_463, i8 %p_read_462, i8 %p_read_461, i8 %p_read_460, i8 %p_read_459, i8 %p_read_458, i8 %p_read_457, i8 %p_read_456, i8 %p_read_455, i8 %p_read_454, i8 %p_read_453, i8 %p_read_452, i8 %p_read_451, i8 %p_read_450, i8 %p_read_449, i8 %p_read_448, i8 %p_read_447, i8 %p_read_446, i8 %p_read_445, i8 %p_read_444, i8 %p_read_443, i8 %p_read_442, i8 %p_read_441, i8 %p_read_440, i8 %p_read_439, i8 %p_read_438, i8 %p_read_437, i8 %p_read_436, i8 %p_read_435, i8 %p_read_434, i8 %p_read_433, i8 %p_read_432, i8 %p_read_431, i8 %p_read_430, i8 %p_read_429, i8 %p_read_428, i8 %p_read_427, i8 %p_read_426, i8 %p_read_425, i8 %p_read_424, i8 %p_read_423, i8 %p_read_422, i8 %p_read_421, i8 %p_read_420, i8 %p_read_419, i8 %p_read_418, i8 %p_read_417, i8 %p_read_416, i8 %p_read_415, i8 %p_read_414, i8 %p_read_413, i8 %p_read_412, i8 %p_read_411, i8 %p_read_410, i8 %p_read_409, i8 %p_read_408, i8 %p_read_407, i8 %p_read_406, i8 %p_read_405, i8 %p_read_404, i8 %p_read_403, i8 %p_read_402, i8 %p_read_401, i8 %p_read_400, i8 %p_read_399, i8 %p_read_398, i8 %p_read_397, i8 %p_read_396, i8 %p_read_395, i8 %p_read_394, i8 %p_read_393, i8 %p_read_392, i8 %p_read_391, i8 %p_read_390, i8 %p_read_389, i8 %p_read_388, i8 %p_read_387, i8 %p_read_386, i8 %p_read_385, i8 %p_read_384, i8 %p_read_383, i8 %p_read_382, i8 %p_read_381, i8 %p_read_380, i8 %p_read_379, i8 %p_read_378, i8 %p_read_377, i8 %p_read_376, i8 %p_read_375, i8 %p_read_374, i8 %p_read_373, i8 %p_read_372, i8 %p_read_371, i8 %p_read_370, i8 %p_read_369, i8 %p_read_368, i8 %p_read_367, i8 %p_read_366, i8 %p_read_365, i8 %p_read_364, i8 %p_read_363, i8 %p_read_362, i8 %p_read_361, i8 %p_read_360, i8 %p_read_359, i8 %p_read_358, i8 %p_read_357, i8 %p_read_356, i8 %p_read_355, i8 %p_read_354, i8 %p_read_353, i8 %p_read_352, i8 %p_read_351, i8 %p_read_350, i8 %p_read_349, i8 %p_read_348, i8 %p_read_347, i8 %p_read_346, i8 %p_read_345, i8 %p_read_344, i8 %p_read_343, i8 %p_read_342, i8 %p_read_341, i8 %p_read_340, i8 %p_read_339, i8 %p_read_338, i8 %p_read_337, i8 %p_read_336, i8 %p_read_335, i8 %p_read_334, i8 %p_read_333, i8 %p_read_332, i8 %p_read_331, i8 %p_read_330, i8 %p_read_329, i8 %p_read_328, i8 %p_read_327, i8 %p_read_326, i8 %p_read_325, i8 %p_read_324, i8 %p_read_323, i8 %p_read_322, i8 %p_read_321, i8 %p_read_320, i8 %p_read_319, i8 %p_read_318, i8 %p_read_317, i8 %p_read_316, i8 %p_read_315, i8 %p_read_314, i8 %p_read_313, i8 %p_read_312, i8 %p_read_311, i8 %p_read_310, i8 %p_read_309, i8 %p_read_308, i8 %p_read_307, i8 %p_read_306, i8 %p_read_305, i8 %p_read_304, i8 %p_read_303, i8 %p_read_302, i8 %p_read_301, i8 %p_read_300, i8 %p_read_299, i8 %p_read_298, i8 %p_read_297, i8 %p_read_296, i8 %p_read_295, i8 %p_read_294, i8 %p_read_293, i8 %p_read_292, i8 %p_read_291, i8 %p_read_290, i8 %p_read_289, i8 %p_read_288, i8 %p_read_287, i8 %p_read_286, i8 %p_read_285, i8 %p_read_284, i8 %p_read_283, i8 %p_read_282, i8 %p_read_281, i8 %p_read_280, i8 %p_read_279, i8 %p_read_278, i8 %p_read_277, i8 %p_read_276, i8 %p_read_275, i8 %p_read_274, i8 %p_read_273, i8 %p_read_272, i8 %p_read_271, i8 %p_read_270, i8 %p_read_269, i8 %p_read_268, i8 %p_read_267, i8 %p_read_266, i8 %p_read_265, i8 %p_read_264, i8 %p_read_263, i8 %p_read_262, i8 %p_read_261, i8 %p_read_260, i8 %p_read_259, i8 %p_read_258, i8 %p_read_257, i8 %p_read_256, i8 %p_read_255, i8 %p_read_254, i8 %p_read_253, i8 %p_read_252, i8 %p_read_251, i8 %p_read_250, i8 %p_read_249, i8 %p_read_248, i8 %p_read_247, i8 %p_read_246, i8 %p_read_245, i8 %p_read_244, i8 %p_read_243, i8 %p_read_242, i8 %p_read_241, i8 %p_read_240, i8 %p_read_239, i8 %p_read_238, i8 %p_read_237, i8 %p_read_236, i8 %p_read_235, i8 %p_read_234, i8 %p_read_233, i8 %p_read_232, i8 %p_read_231, i8 %p_read_230, i8 %p_read_229, i8 %p_read_228, i8 %p_read_227, i8 %p_read_226, i8 %p_read_225, i8 %p_read_224, i8 %p_read_223, i8 %p_read_222, i8 %p_read_221, i8 %p_read_220, i8 %p_read_219, i8 %p_read_218, i8 %p_read_217, i8 %p_read_216, i8 %p_read_215, i8 %p_read_214, i8 %p_read_213, i8 %p_read_212, i8 %p_read_211, i8 %p_read_210, i8 %p_read_209, i8 %p_read_208, i8 %p_read_207, i8 %p_read_206, i8 %p_read_205, i8 %p_read_204, i8 %p_read_203, i8 %p_read_202, i8 %p_read_201, i8 %p_read_200, i8 %p_read_199, i8 %p_read_198, i8 %p_read_197, i8 %p_read_196, i8 %p_read_195, i8 %p_read_194, i8 %p_read_193, i8 %p_read_192, i8 %p_read_191, i8 %p_read_190, i8 %p_read_189, i8 %p_read_188, i8 %p_read_187, i8 %p_read_186, i8 %p_read_185, i8 %p_read_184, i8 %p_read_183, i8 %p_read_182, i8 %p_read_181, i8 %p_read_180, i8 %p_read_179, i8 %p_read_178, i8 %p_read_177, i8 %p_read_176, i8 %p_read_175, i8 %p_read_174, i8 %p_read_173, i8 %p_read_172, i8 %p_read_171, i8 %p_read_170, i8 %p_read_169, i8 %p_read_168, i8 %p_read_167, i8 %p_read_166, i8 %p_read_165, i8 %p_read_164, i8 %p_read_163, i8 %p_read_162, i8 %p_read_161, i8 %p_read_160, i8 %p_read_159, i8 %p_read_158, i8 %p_read_157, i8 %p_read_156, i8 %p_read_155, i8 %p_read_154, i8 %p_read_153, i8 %p_read_152, i8 %p_read_151, i8 %p_read_150, i8 %p_read_149, i8 %p_read_148, i8 %p_read_147, i8 %p_read_146, i8 %p_read_145, i8 %p_read_144, i8 %p_read_143, i8 %p_read_142, i8 %p_read_141, i8 %p_read_140, i8 %p_read_139, i8 %p_read_138, i8 %p_read_137, i8 %p_read_136, i8 %p_read_135, i8 %p_read_134, i8 %p_read_133, i8 %p_read_132, i8 %p_read_131, i8 %p_read_130, i8 %p_read_129, i8 %p_read_128, i8 %p_read_127, i8 %p_read_126, i8 %p_read_125, i8 %p_read_124, i8 %p_read_123, i8 %p_read_122, i8 %p_read_121, i8 %p_read_120, i8 %p_read_119, i8 %p_read_118, i8 %p_read_117, i8 %p_read_116, i8 %p_read_115, i8 %p_read_114, i8 %p_read_113, i8 %p_read_112, i8 %p_read_111, i8 %p_read_110, i8 %p_read_109, i8 %p_read_108, i8 %p_read_107, i8 %p_read_106, i8 %p_read_105, i8 %p_read_104, i8 %p_read_103, i8 %p_read_102, i8 %p_read_101, i8 %p_read_100, i8 %p_read_99, i8 %p_read_98, i8 %p_read_97, i8 %p_read_96, i8 %p_read_95, i8 %p_read_94, i8 %p_read_93, i8 %p_read_92, i8 %p_read_91, i8 %p_read_90, i8 %p_read_89, i8 %p_read_88, i8 %p_read_87, i8 %p_read_86, i8 %p_read_85, i8 %p_read_84, i8 %p_read_83, i8 %p_read_82, i8 %p_read_81, i8 %p_read_80, i8 %p_read_79, i8 %p_read_78, i8 %p_read_77, i8 %p_read_76, i8 %p_read_75, i8 %p_read_74, i8 %p_read_73, i8 %p_read_72, i8 %p_read_71, i8 %p_read_70, i8 %p_read_69, i8 %p_read_68, i8 %p_read_67, i8 %p_read_66, i8 %p_read_65, i8 %p_read_64, i8 %p_read_63, i8 %p_read_62, i8 %p_read_61, i8 %p_read_60, i8 %p_read_59, i8 %p_read_58, i8 %p_read_57, i8 %p_read_56, i8 %p_read_55, i8 %p_read_54, i8 %p_read_53, i8 %p_read_52, i8 %p_read_51, i8 %p_read_50, i8 %p_read_49, i8 %p_read_48, i8 %p_read_47, i8 %p_read_46, i8 %p_read_45, i8 %p_read_44, i8 %p_read_43, i8 %p_read_42, i8 %p_read_41, i8 %p_read_40, i8 %p_read_39, i8 %p_read_38, i8 %p_read_37, i8 %p_read_36, i8 %p_read_35, i8 %p_read_34, i8 %p_read_33, i8 %p_read_32, i8 %p_read_31, i8 %p_read_30, i8 %p_read_29, i8 %p_read_28, i8 %p_read_27, i8 %p_read_26, i8 %p_read_25, i8 %p_read_24, i8 %p_read_23, i8 %p_read_22, i8 %p_read_21, i8 %p_read_20, i8 %p_read_19, i8 %p_read_18, i8 %p_read_17, i8 %p_read_16, i8 %p_read_15, i11 %add_ln61_7" [src/ORB.cpp:61]   --->   Operation 2275 'mux' 't1_V_3' <Predicate = (!tmp)> <Delay = 1.76> <CoreInst = "Multiplexer">   --->   Core 76 'Multiplexer' <Latency = 0> <II = 1> <Delay = 1.76> <FuncUnit> <Opcode : 'mux'> <InPorts = 2> <OutPorts = 1>
ST_18 : Operation 2276 [1/1] (0.84ns)   --->   "%p_Repl2_3 = icmp_ult  i8 %t0_V_3, i8 %t1_V_3"   --->   Operation 2276 'icmp' 'p_Repl2_3' <Predicate = (!tmp)> <Delay = 0.84> <CoreInst = "Cmp">   --->   Core 9 'Cmp' <Latency = 0> <II = 1> <Delay = 0.44> <FuncUnit> <Opcode : 'icmp'> <InPorts = 2> <OutPorts = 1>
ST_18 : Operation 2277 [1/1] (0.00ns)   --->   "%or_ln669_2 = or i8 %trunc_ln52, i8 3"   --->   Operation 2277 'or' 'or_ln669_2' <Predicate = (!tmp)> <Delay = 0.00>
ST_18 : Operation 2278 [1/1] (0.00ns)   --->   "%zext_ln669_3 = zext i8 %or_ln669_2"   --->   Operation 2278 'zext' 'zext_ln669_3' <Predicate = (!tmp)> <Delay = 0.00>
ST_18 : Operation 2279 [1/1] (0.00ns)   --->   "%p_Result_54 = bitset i256 @_ssdm_op_BitSet.i256.i256.i32.i1, i256 %p_Result_53, i32 %zext_ln669_3, i1 %p_Repl2_3"   --->   Operation 2279 'bitset' 'p_Result_54' <Predicate = (!tmp)> <Delay = 0.00>
ST_18 : Operation 2280 [1/2] (0.64ns) (root node of the DSP)   --->   "%add_ln60_9 = add i11 %mul_ln60_4, i11 %zext_ln60_9" [src/ORB.cpp:60]   --->   Operation 2280 'add' 'add_ln60_9' <Predicate = (!tmp)> <Delay = 0.64> <CoreInst = "DSP48">   --->   Core 127 'DSP48' <Latency = 3> <II = 1> <Delay = 0.53> <IPBlock> <Opcode : 'mul' 'add' 'sub' 'select'> <InPorts = 0> <OutPorts = 1> <Sync> <CReg>
ST_18 : Operation 2281 [1/1] (1.76ns)   --->   "%t0_V_4 = mux i8 @_ssdm_op_Mux.ap_auto.1369i8.i11, i8 %p_read11371, i8 %p_read21372, i8 %p_read31373, i8 %p_read41374, i8 %p_read51375, i8 %p_read61376, i8 %p_read_1377, i8 %p_read_1376, i8 %p_read_1375, i8 %p_read_1374, i8 %p_read_1373, i8 %p_read_1372, i8 %p_read_1371, i8 %p_read_1370, i8 %p_read_1369, i8 %p_read_1368, i8 %p_read_1367, i8 %p_read_1366, i8 %p_read_1365, i8 %p_read_1364, i8 %p_read_1363, i8 %p_read_1362, i8 %p_read_1361, i8 %p_read_1360, i8 %p_read_1359, i8 %p_read_1358, i8 %p_read_1357, i8 %p_read_1356, i8 %p_read_1355, i8 %p_read_1354, i8 %p_read_1353, i8 %p_read_1352, i8 %p_read_1351, i8 %p_read_1350, i8 %p_read_1349, i8 %p_read_1348, i8 %p_read_1347, i8 %p_read_1346, i8 %p_read_1345, i8 %p_read_1344, i8 %p_read_1343, i8 %p_read_1342, i8 %p_read_1341, i8 %p_read_1340, i8 %p_read_1339, i8 %p_read_1338, i8 %p_read_1337, i8 %p_read_1336, i8 %p_read_1335, i8 %p_read_1334, i8 %p_read_1333, i8 %p_read_1332, i8 %p_read_1331, i8 %p_read_1330, i8 %p_read_1329, i8 %p_read_1328, i8 %p_read_1327, i8 %p_read_1326, i8 %p_read_1325, i8 %p_read_1324, i8 %p_read_1323, i8 %p_read_1322, i8 %p_read_1321, i8 %p_read_1320, i8 %p_read_1319, i8 %p_read_1318, i8 %p_read_1317, i8 %p_read_1316, i8 %p_read_1315, i8 %p_read_1314, i8 %p_read_1313, i8 %p_read_1312, i8 %p_read_1311, i8 %p_read_1310, i8 %p_read_1309, i8 %p_read_1308, i8 %p_read_1307, i8 %p_read_1306, i8 %p_read_1305, i8 %p_read_1304, i8 %p_read_1303, i8 %p_read_1302, i8 %p_read_1301, i8 %p_read_1300, i8 %p_read_1299, i8 %p_read_1298, i8 %p_read_1297, i8 %p_read_1296, i8 %p_read_1295, i8 %p_read_1294, i8 %p_read_1293, i8 %p_read_1292, i8 %p_read_1291, i8 %p_read_1290, i8 %p_read_1289, i8 %p_read_1288, i8 %p_read_1287, i8 %p_read_1286, i8 %p_read_1285, i8 %p_read_1284, i8 %p_read_1283, i8 %p_read_1282, i8 %p_read_1281, i8 %p_read_1280, i8 %p_read_1279, i8 %p_read_1278, i8 %p_read_1277, i8 %p_read_1276, i8 %p_read_1275, i8 %p_read_1274, i8 %p_read_1273, i8 %p_read_1272, i8 %p_read_1271, i8 %p_read_1270, i8 %p_read_1269, i8 %p_read_1268, i8 %p_read_1267, i8 %p_read_1266, i8 %p_read_1265, i8 %p_read_1264, i8 %p_read_1263, i8 %p_read_1262, i8 %p_read_1261, i8 %p_read_1260, i8 %p_read_1259, i8 %p_read_1258, i8 %p_read_1257, i8 %p_read_1256, i8 %p_read_1255, i8 %p_read_1254, i8 %p_read_1253, i8 %p_read_1252, i8 %p_read_1251, i8 %p_read_1250, i8 %p_read_1249, i8 %p_read_1248, i8 %p_read_1247, i8 %p_read_1246, i8 %p_read_1245, i8 %p_read_1244, i8 %p_read_1243, i8 %p_read_1242, i8 %p_read_1241, i8 %p_read_1240, i8 %p_read_1239, i8 %p_read_1238, i8 %p_read_1237, i8 %p_read_1236, i8 %p_read_1235, i8 %p_read_1234, i8 %p_read_1233, i8 %p_read_1232, i8 %p_read_1231, i8 %p_read_1230, i8 %p_read_1229, i8 %p_read_1228, i8 %p_read_1227, i8 %p_read_1226, i8 %p_read_1225, i8 %p_read_1224, i8 %p_read_1223, i8 %p_read_1222, i8 %p_read_1221, i8 %p_read_1220, i8 %p_read_1219, i8 %p_read_1218, i8 %p_read_1217, i8 %p_read_1216, i8 %p_read_1215, i8 %p_read_1214, i8 %p_read_1213, i8 %p_read_1212, i8 %p_read_1211, i8 %p_read_1210, i8 %p_read_1209, i8 %p_read_1208, i8 %p_read_1207, i8 %p_read_1206, i8 %p_read_1205, i8 %p_read_1204, i8 %p_read_1203, i8 %p_read_1202, i8 %p_read_1201, i8 %p_read_1200, i8 %p_read_1199, i8 %p_read_1198, i8 %p_read_1197, i8 %p_read_1196, i8 %p_read_1195, i8 %p_read_1194, i8 %p_read_1193, i8 %p_read_1192, i8 %p_read_1191, i8 %p_read_1190, i8 %p_read_1189, i8 %p_read_1188, i8 %p_read_1187, i8 %p_read_1186, i8 %p_read_1185, i8 %p_read_1184, i8 %p_read_1183, i8 %p_read_1182, i8 %p_read_1181, i8 %p_read_1180, i8 %p_read_1179, i8 %p_read_1178, i8 %p_read_1177, i8 %p_read_1176, i8 %p_read_1175, i8 %p_read_1174, i8 %p_read_1173, i8 %p_read_1172, i8 %p_read_1171, i8 %p_read_1170, i8 %p_read_1169, i8 %p_read_1168, i8 %p_read_1167, i8 %p_read_1166, i8 %p_read_1165, i8 %p_read_1164, i8 %p_read_1163, i8 %p_read_1162, i8 %p_read_1161, i8 %p_read_1160, i8 %p_read_1159, i8 %p_read_1158, i8 %p_read_1157, i8 %p_read_1156, i8 %p_read_1155, i8 %p_read_1154, i8 %p_read_1153, i8 %p_read_1152, i8 %p_read_1151, i8 %p_read_1150, i8 %p_read_1149, i8 %p_read_1148, i8 %p_read_1147, i8 %p_read_1146, i8 %p_read_1145, i8 %p_read_1144, i8 %p_read_1143, i8 %p_read_1142, i8 %p_read_1141, i8 %p_read_1140, i8 %p_read_1139, i8 %p_read_1138, i8 %p_read_1137, i8 %p_read_1136, i8 %p_read_1135, i8 %p_read_1134, i8 %p_read_1133, i8 %p_read_1132, i8 %p_read_1131, i8 %p_read_1130, i8 %p_read_1129, i8 %p_read_1128, i8 %p_read_1127, i8 %p_read_1126, i8 %p_read_1125, i8 %p_read_1124, i8 %p_read_1123, i8 %p_read_1122, i8 %p_read_1121, i8 %p_read_1120, i8 %p_read_1119, i8 %p_read_1118, i8 %p_read_1117, i8 %p_read_1116, i8 %p_read_1115, i8 %p_read_1114, i8 %p_read_1113, i8 %p_read_1112, i8 %p_read_1111, i8 %p_read_1110, i8 %p_read_1109, i8 %p_read_1108, i8 %p_read_1107, i8 %p_read_1106, i8 %p_read_1105, i8 %p_read_1104, i8 %p_read_1103, i8 %p_read_1102, i8 %p_read_1101, i8 %p_read_1100, i8 %p_read_1099, i8 %p_read_1098, i8 %p_read_1097, i8 %p_read_1096, i8 %p_read_1095, i8 %p_read_1094, i8 %p_read_1093, i8 %p_read_1092, i8 %p_read_1091, i8 %p_read_1090, i8 %p_read_1089, i8 %p_read_1088, i8 %p_read_1087, i8 %p_read_1086, i8 %p_read_1085, i8 %p_read_1084, i8 %p_read_1083, i8 %p_read_1082, i8 %p_read_1081, i8 %p_read_1080, i8 %p_read_1079, i8 %p_read_1078, i8 %p_read_1077, i8 %p_read_1076, i8 %p_read_1075, i8 %p_read_1074, i8 %p_read_1073, i8 %p_read_1072, i8 %p_read_1071, i8 %p_read_1070, i8 %p_read_1069, i8 %p_read_1068, i8 %p_read_1067, i8 %p_read_1066, i8 %p_read_1065, i8 %p_read_1064, i8 %p_read_1063, i8 %p_read_1062, i8 %p_read_1061, i8 %p_read_1060, i8 %p_read_1059, i8 %p_read_1058, i8 %p_read_1057, i8 %p_read_1056, i8 %p_read_1055, i8 %p_read_1054, i8 %p_read_1053, i8 %p_read_1052, i8 %p_read_1051, i8 %p_read_1050, i8 %p_read_1049, i8 %p_read_1048, i8 %p_read_1047, i8 %p_read_1046, i8 %p_read_1045, i8 %p_read_1044, i8 %p_read_1043, i8 %p_read_1042, i8 %p_read_1041, i8 %p_read_1040, i8 %p_read_1039, i8 %p_read_1038, i8 %p_read_1037, i8 %p_read_1036, i8 %p_read_1035, i8 %p_read_1034, i8 %p_read_1033, i8 %p_read_1032, i8 %p_read_1031, i8 %p_read_1030, i8 %p_read_1029, i8 %p_read_1028, i8 %p_read_1027, i8 %p_read_1026, i8 %p_read_1025, i8 %p_read_1024, i8 %p_read_1023, i8 %p_read_1022, i8 %p_read_1021, i8 %p_read_1020, i8 %p_read_1019, i8 %p_read_1018, i8 %p_read_1017, i8 %p_read_1016, i8 %p_read_1015, i8 %p_read_1014, i8 %p_read_1013, i8 %p_read_1012, i8 %p_read_1011, i8 %p_read_1010, i8 %p_read_1009, i8 %p_read_1008, i8 %p_read_1007, i8 %p_read_1006, i8 %p_read_1005, i8 %p_read_1004, i8 %p_read_1003, i8 %p_read_1002, i8 %p_read_1001, i8 %p_read_1000, i8 %p_read_999, i8 %p_read_998, i8 %p_read_997, i8 %p_read_996, i8 %p_read_995, i8 %p_read_994, i8 %p_read_993, i8 %p_read_992, i8 %p_read_991, i8 %p_read_990, i8 %p_read_989, i8 %p_read_988, i8 %p_read_987, i8 %p_read_986, i8 %p_read_985, i8 %p_read_984, i8 %p_read_983, i8 %p_read_982, i8 %p_read_981, i8 %p_read_980, i8 %p_read_979, i8 %p_read_978, i8 %p_read_977, i8 %p_read_976, i8 %p_read_975, i8 %p_read_974, i8 %p_read_973, i8 %p_read_972, i8 %p_read_971, i8 %p_read_970, i8 %p_read_969, i8 %p_read_968, i8 %p_read_967, i8 %p_read_966, i8 %p_read_965, i8 %p_read_964, i8 %p_read_963, i8 %p_read_962, i8 %p_read_961, i8 %p_read_960, i8 %p_read_959, i8 %p_read_958, i8 %p_read_957, i8 %p_read_956, i8 %p_read_955, i8 %p_read_954, i8 %p_read_953, i8 %p_read_952, i8 %p_read_951, i8 %p_read_950, i8 %p_read_949, i8 %p_read_948, i8 %p_read_947, i8 %p_read_946, i8 %p_read_945, i8 %p_read_944, i8 %p_read_943, i8 %p_read_942, i8 %p_read_941, i8 %p_read_940, i8 %p_read_939, i8 %p_read_938, i8 %p_read_937, i8 %p_read_936, i8 %p_read_935, i8 %p_read_934, i8 %p_read_933, i8 %p_read_932, i8 %p_read_931, i8 %p_read_930, i8 %p_read_929, i8 %p_read_928, i8 %p_read_927, i8 %p_read_926, i8 %p_read_925, i8 %p_read_924, i8 %p_read_923, i8 %p_read_922, i8 %p_read_921, i8 %p_read_920, i8 %p_read_919, i8 %p_read_918, i8 %p_read_917, i8 %p_read_916, i8 %p_read_915, i8 %p_read_914, i8 %p_read_913, i8 %p_read_912, i8 %p_read_911, i8 %p_read_910, i8 %p_read_909, i8 %p_read_908, i8 %p_read_907, i8 %p_read_906, i8 %p_read_905, i8 %p_read_904, i8 %p_read_903, i8 %p_read_902, i8 %p_read_901, i8 %p_read_900, i8 %p_read_899, i8 %p_read_898, i8 %p_read_897, i8 %p_read_896, i8 %p_read_895, i8 %p_read_894, i8 %p_read_893, i8 %p_read_892, i8 %p_read_891, i8 %p_read_890, i8 %p_read_889, i8 %p_read_888, i8 %p_read_887, i8 %p_read_886, i8 %p_read_885, i8 %p_read_884, i8 %p_read_883, i8 %p_read_882, i8 %p_read_881, i8 %p_read_880, i8 %p_read_879, i8 %p_read_878, i8 %p_read_877, i8 %p_read_876, i8 %p_read_875, i8 %p_read_874, i8 %p_read_873, i8 %p_read_872, i8 %p_read_871, i8 %p_read_870, i8 %p_read_869, i8 %p_read_868, i8 %p_read_867, i8 %p_read_866, i8 %p_read_865, i8 %p_read_864, i8 %p_read_863, i8 %p_read_862, i8 %p_read_861, i8 %p_read_860, i8 %p_read_859, i8 %p_read_858, i8 %p_read_857, i8 %p_read_856, i8 %p_read_855, i8 %p_read_854, i8 %p_read_853, i8 %p_read_852, i8 %p_read_851, i8 %p_read_850, i8 %p_read_849, i8 %p_read_848, i8 %p_read_847, i8 %p_read_846, i8 %p_read_845, i8 %p_read_844, i8 %p_read_843, i8 %p_read_842, i8 %p_read_841, i8 %p_read_840, i8 %p_read_839, i8 %p_read_838, i8 %p_read_837, i8 %p_read_836, i8 %p_read_835, i8 %p_read_834, i8 %p_read_833, i8 %p_read_832, i8 %p_read_831, i8 %p_read_830, i8 %p_read_829, i8 %p_read_828, i8 %p_read_827, i8 %p_read_826, i8 %p_read_825, i8 %p_read_824, i8 %p_read_823, i8 %p_read_822, i8 %p_read_821, i8 %p_read_820, i8 %p_read_819, i8 %p_read_818, i8 %p_read_817, i8 %p_read_816, i8 %p_read_815, i8 %p_read_814, i8 %p_read_813, i8 %p_read_812, i8 %p_read_811, i8 %p_read_810, i8 %p_read_809, i8 %p_read_808, i8 %p_read_807, i8 %p_read_806, i8 %p_read_805, i8 %p_read_804, i8 %p_read_803, i8 %p_read_802, i8 %p_read_801, i8 %p_read_800, i8 %p_read_799, i8 %p_read_798, i8 %p_read_797, i8 %p_read_796, i8 %p_read_795, i8 %p_read_794, i8 %p_read_793, i8 %p_read_792, i8 %p_read_791, i8 %p_read_790, i8 %p_read_789, i8 %p_read_788, i8 %p_read_787, i8 %p_read_786, i8 %p_read_785, i8 %p_read_784, i8 %p_read_783, i8 %p_read_782, i8 %p_read_781, i8 %p_read_780, i8 %p_read_779, i8 %p_read_778, i8 %p_read_777, i8 %p_read_776, i8 %p_read_775, i8 %p_read_774, i8 %p_read_773, i8 %p_read_772, i8 %p_read_771, i8 %p_read_770, i8 %p_read_769, i8 %p_read_768, i8 %p_read_767, i8 %p_read_766, i8 %p_read_765, i8 %p_read_764, i8 %p_read_763, i8 %p_read_762, i8 %p_read_761, i8 %p_read_760, i8 %p_read_759, i8 %p_read_758, i8 %p_read_757, i8 %p_read_756, i8 %p_read_755, i8 %p_read_754, i8 %p_read_753, i8 %p_read_752, i8 %p_read_751, i8 %p_read_750, i8 %p_read_749, i8 %p_read_748, i8 %p_read_747, i8 %p_read_746, i8 %p_read_745, i8 %p_read_744, i8 %p_read_743, i8 %p_read_742, i8 %p_read_741, i8 %p_read_740, i8 %p_read_739, i8 %p_read_738, i8 %p_read_737, i8 %p_read_736, i8 %p_read_735, i8 %p_read_734, i8 %p_read_733, i8 %p_read_732, i8 %p_read_731, i8 %p_read_730, i8 %p_read_729, i8 %p_read_728, i8 %p_read_727, i8 %p_read_726, i8 %p_read_725, i8 %p_read_724, i8 %p_read_723, i8 %p_read_722, i8 %p_read_721, i8 %p_read_720, i8 %p_read_719, i8 %p_read_718, i8 %p_read_717, i8 %p_read_716, i8 %p_read_715, i8 %p_read_714, i8 %p_read_713, i8 %p_read_712, i8 %p_read_711, i8 %p_read_710, i8 %p_read_709, i8 %p_read_708, i8 %p_read_707, i8 %p_read_706, i8 %p_read_705, i8 %p_read_704, i8 %p_read_703, i8 %p_read_702, i8 %p_read_701, i8 %p_read_700, i8 %p_read_699, i8 %p_read_698, i8 %p_read_697, i8 %p_read_696, i8 %p_read_695, i8 %p_read_694, i8 %p_read_693, i8 %p_read_692, i8 %p_read_691, i8 %p_read_690, i8 %p_read_689, i8 %p_read_688, i8 %p_read_687, i8 %p_read_686, i8 %p_read_685, i8 %p_read_684, i8 %p_read_683, i8 %p_read_682, i8 %p_read_681, i8 %p_read_680, i8 %p_read_679, i8 %p_read_678, i8 %p_read_677, i8 %p_read_676, i8 %p_read_675, i8 %p_read_674, i8 %p_read_673, i8 %p_read_672, i8 %p_read_671, i8 %p_read_670, i8 %p_read_669, i8 %p_read_668, i8 %p_read_667, i8 %p_read_666, i8 %p_read_665, i8 %p_read_664, i8 %p_read_663, i8 %p_read_662, i8 %p_read_661, i8 %p_read_660, i8 %p_read_659, i8 %p_read_658, i8 %p_read_657, i8 %p_read_656, i8 %p_read_655, i8 %p_read_654, i8 %p_read_653, i8 %p_read_652, i8 %p_read_651, i8 %p_read_650, i8 %p_read_649, i8 %p_read_648, i8 %p_read_647, i8 %p_read_646, i8 %p_read_645, i8 %p_read_644, i8 %p_read_643, i8 %p_read_642, i8 %p_read_641, i8 %p_read_640, i8 %p_read_639, i8 %p_read_638, i8 %p_read_637, i8 %p_read_636, i8 %p_read_635, i8 %p_read_634, i8 %p_read_633, i8 %p_read_632, i8 %p_read_631, i8 %p_read_630, i8 %p_read_629, i8 %p_read_628, i8 %p_read_627, i8 %p_read_626, i8 %p_read_625, i8 %p_read_624, i8 %p_read_623, i8 %p_read_622, i8 %p_read_621, i8 %p_read_620, i8 %p_read_619, i8 %p_read_618, i8 %p_read_617, i8 %p_read_616, i8 %p_read_615, i8 %p_read_614, i8 %p_read_613, i8 %p_read_612, i8 %p_read_611, i8 %p_read_610, i8 %p_read_609, i8 %p_read_608, i8 %p_read_607, i8 %p_read_606, i8 %p_read_605, i8 %p_read_604, i8 %p_read_603, i8 %p_read_602, i8 %p_read_601, i8 %p_read_600, i8 %p_read_599, i8 %p_read_598, i8 %p_read_597, i8 %p_read_596, i8 %p_read_595, i8 %p_read_594, i8 %p_read_593, i8 %p_read_592, i8 %p_read_591, i8 %p_read_590, i8 %p_read_589, i8 %p_read_588, i8 %p_read_587, i8 %p_read_586, i8 %p_read_585, i8 %p_read_584, i8 %p_read_583, i8 %p_read_582, i8 %p_read_581, i8 %p_read_580, i8 %p_read_579, i8 %p_read_578, i8 %p_read_577, i8 %p_read_576, i8 %p_read_575, i8 %p_read_574, i8 %p_read_573, i8 %p_read_572, i8 %p_read_571, i8 %p_read_570, i8 %p_read_569, i8 %p_read_568, i8 %p_read_567, i8 %p_read_566, i8 %p_read_565, i8 %p_read_564, i8 %p_read_563, i8 %p_read_562, i8 %p_read_561, i8 %p_read_560, i8 %p_read_559, i8 %p_read_558, i8 %p_read_557, i8 %p_read_556, i8 %p_read_555, i8 %p_read_554, i8 %p_read_553, i8 %p_read_552, i8 %p_read_551, i8 %p_read_550, i8 %p_read_549, i8 %p_read_548, i8 %p_read_547, i8 %p_read_546, i8 %p_read_545, i8 %p_read_544, i8 %p_read_543, i8 %p_read_542, i8 %p_read_541, i8 %p_read_540, i8 %p_read_539, i8 %p_read_538, i8 %p_read_537, i8 %p_read_536, i8 %p_read_535, i8 %p_read_534, i8 %p_read_533, i8 %p_read_532, i8 %p_read_531, i8 %p_read_530, i8 %p_read_529, i8 %p_read_528, i8 %p_read_527, i8 %p_read_526, i8 %p_read_525, i8 %p_read_524, i8 %p_read_523, i8 %p_read_522, i8 %p_read_521, i8 %p_read_520, i8 %p_read_519, i8 %p_read_518, i8 %p_read_517, i8 %p_read_516, i8 %p_read_515, i8 %p_read_514, i8 %p_read_513, i8 %p_read_512, i8 %p_read_511, i8 %p_read_510, i8 %p_read_509, i8 %p_read_508, i8 %p_read_507, i8 %p_read_506, i8 %p_read_505, i8 %p_read_504, i8 %p_read_503, i8 %p_read_502, i8 %p_read_501, i8 %p_read_500, i8 %p_read_499, i8 %p_read_498, i8 %p_read_497, i8 %p_read_496, i8 %p_read_495, i8 %p_read_494, i8 %p_read_493, i8 %p_read_492, i8 %p_read_491, i8 %p_read_490, i8 %p_read_489, i8 %p_read_488, i8 %p_read_487, i8 %p_read_486, i8 %p_read_485, i8 %p_read_484, i8 %p_read_483, i8 %p_read_482, i8 %p_read_481, i8 %p_read_480, i8 %p_read_479, i8 %p_read_478, i8 %p_read_477, i8 %p_read_476, i8 %p_read_475, i8 %p_read_474, i8 %p_read_473, i8 %p_read_472, i8 %p_read_471, i8 %p_read_470, i8 %p_read_469, i8 %p_read_468, i8 %p_read_467, i8 %p_read_466, i8 %p_read_465, i8 %p_read_464, i8 %p_read_463, i8 %p_read_462, i8 %p_read_461, i8 %p_read_460, i8 %p_read_459, i8 %p_read_458, i8 %p_read_457, i8 %p_read_456, i8 %p_read_455, i8 %p_read_454, i8 %p_read_453, i8 %p_read_452, i8 %p_read_451, i8 %p_read_450, i8 %p_read_449, i8 %p_read_448, i8 %p_read_447, i8 %p_read_446, i8 %p_read_445, i8 %p_read_444, i8 %p_read_443, i8 %p_read_442, i8 %p_read_441, i8 %p_read_440, i8 %p_read_439, i8 %p_read_438, i8 %p_read_437, i8 %p_read_436, i8 %p_read_435, i8 %p_read_434, i8 %p_read_433, i8 %p_read_432, i8 %p_read_431, i8 %p_read_430, i8 %p_read_429, i8 %p_read_428, i8 %p_read_427, i8 %p_read_426, i8 %p_read_425, i8 %p_read_424, i8 %p_read_423, i8 %p_read_422, i8 %p_read_421, i8 %p_read_420, i8 %p_read_419, i8 %p_read_418, i8 %p_read_417, i8 %p_read_416, i8 %p_read_415, i8 %p_read_414, i8 %p_read_413, i8 %p_read_412, i8 %p_read_411, i8 %p_read_410, i8 %p_read_409, i8 %p_read_408, i8 %p_read_407, i8 %p_read_406, i8 %p_read_405, i8 %p_read_404, i8 %p_read_403, i8 %p_read_402, i8 %p_read_401, i8 %p_read_400, i8 %p_read_399, i8 %p_read_398, i8 %p_read_397, i8 %p_read_396, i8 %p_read_395, i8 %p_read_394, i8 %p_read_393, i8 %p_read_392, i8 %p_read_391, i8 %p_read_390, i8 %p_read_389, i8 %p_read_388, i8 %p_read_387, i8 %p_read_386, i8 %p_read_385, i8 %p_read_384, i8 %p_read_383, i8 %p_read_382, i8 %p_read_381, i8 %p_read_380, i8 %p_read_379, i8 %p_read_378, i8 %p_read_377, i8 %p_read_376, i8 %p_read_375, i8 %p_read_374, i8 %p_read_373, i8 %p_read_372, i8 %p_read_371, i8 %p_read_370, i8 %p_read_369, i8 %p_read_368, i8 %p_read_367, i8 %p_read_366, i8 %p_read_365, i8 %p_read_364, i8 %p_read_363, i8 %p_read_362, i8 %p_read_361, i8 %p_read_360, i8 %p_read_359, i8 %p_read_358, i8 %p_read_357, i8 %p_read_356, i8 %p_read_355, i8 %p_read_354, i8 %p_read_353, i8 %p_read_352, i8 %p_read_351, i8 %p_read_350, i8 %p_read_349, i8 %p_read_348, i8 %p_read_347, i8 %p_read_346, i8 %p_read_345, i8 %p_read_344, i8 %p_read_343, i8 %p_read_342, i8 %p_read_341, i8 %p_read_340, i8 %p_read_339, i8 %p_read_338, i8 %p_read_337, i8 %p_read_336, i8 %p_read_335, i8 %p_read_334, i8 %p_read_333, i8 %p_read_332, i8 %p_read_331, i8 %p_read_330, i8 %p_read_329, i8 %p_read_328, i8 %p_read_327, i8 %p_read_326, i8 %p_read_325, i8 %p_read_324, i8 %p_read_323, i8 %p_read_322, i8 %p_read_321, i8 %p_read_320, i8 %p_read_319, i8 %p_read_318, i8 %p_read_317, i8 %p_read_316, i8 %p_read_315, i8 %p_read_314, i8 %p_read_313, i8 %p_read_312, i8 %p_read_311, i8 %p_read_310, i8 %p_read_309, i8 %p_read_308, i8 %p_read_307, i8 %p_read_306, i8 %p_read_305, i8 %p_read_304, i8 %p_read_303, i8 %p_read_302, i8 %p_read_301, i8 %p_read_300, i8 %p_read_299, i8 %p_read_298, i8 %p_read_297, i8 %p_read_296, i8 %p_read_295, i8 %p_read_294, i8 %p_read_293, i8 %p_read_292, i8 %p_read_291, i8 %p_read_290, i8 %p_read_289, i8 %p_read_288, i8 %p_read_287, i8 %p_read_286, i8 %p_read_285, i8 %p_read_284, i8 %p_read_283, i8 %p_read_282, i8 %p_read_281, i8 %p_read_280, i8 %p_read_279, i8 %p_read_278, i8 %p_read_277, i8 %p_read_276, i8 %p_read_275, i8 %p_read_274, i8 %p_read_273, i8 %p_read_272, i8 %p_read_271, i8 %p_read_270, i8 %p_read_269, i8 %p_read_268, i8 %p_read_267, i8 %p_read_266, i8 %p_read_265, i8 %p_read_264, i8 %p_read_263, i8 %p_read_262, i8 %p_read_261, i8 %p_read_260, i8 %p_read_259, i8 %p_read_258, i8 %p_read_257, i8 %p_read_256, i8 %p_read_255, i8 %p_read_254, i8 %p_read_253, i8 %p_read_252, i8 %p_read_251, i8 %p_read_250, i8 %p_read_249, i8 %p_read_248, i8 %p_read_247, i8 %p_read_246, i8 %p_read_245, i8 %p_read_244, i8 %p_read_243, i8 %p_read_242, i8 %p_read_241, i8 %p_read_240, i8 %p_read_239, i8 %p_read_238, i8 %p_read_237, i8 %p_read_236, i8 %p_read_235, i8 %p_read_234, i8 %p_read_233, i8 %p_read_232, i8 %p_read_231, i8 %p_read_230, i8 %p_read_229, i8 %p_read_228, i8 %p_read_227, i8 %p_read_226, i8 %p_read_225, i8 %p_read_224, i8 %p_read_223, i8 %p_read_222, i8 %p_read_221, i8 %p_read_220, i8 %p_read_219, i8 %p_read_218, i8 %p_read_217, i8 %p_read_216, i8 %p_read_215, i8 %p_read_214, i8 %p_read_213, i8 %p_read_212, i8 %p_read_211, i8 %p_read_210, i8 %p_read_209, i8 %p_read_208, i8 %p_read_207, i8 %p_read_206, i8 %p_read_205, i8 %p_read_204, i8 %p_read_203, i8 %p_read_202, i8 %p_read_201, i8 %p_read_200, i8 %p_read_199, i8 %p_read_198, i8 %p_read_197, i8 %p_read_196, i8 %p_read_195, i8 %p_read_194, i8 %p_read_193, i8 %p_read_192, i8 %p_read_191, i8 %p_read_190, i8 %p_read_189, i8 %p_read_188, i8 %p_read_187, i8 %p_read_186, i8 %p_read_185, i8 %p_read_184, i8 %p_read_183, i8 %p_read_182, i8 %p_read_181, i8 %p_read_180, i8 %p_read_179, i8 %p_read_178, i8 %p_read_177, i8 %p_read_176, i8 %p_read_175, i8 %p_read_174, i8 %p_read_173, i8 %p_read_172, i8 %p_read_171, i8 %p_read_170, i8 %p_read_169, i8 %p_read_168, i8 %p_read_167, i8 %p_read_166, i8 %p_read_165, i8 %p_read_164, i8 %p_read_163, i8 %p_read_162, i8 %p_read_161, i8 %p_read_160, i8 %p_read_159, i8 %p_read_158, i8 %p_read_157, i8 %p_read_156, i8 %p_read_155, i8 %p_read_154, i8 %p_read_153, i8 %p_read_152, i8 %p_read_151, i8 %p_read_150, i8 %p_read_149, i8 %p_read_148, i8 %p_read_147, i8 %p_read_146, i8 %p_read_145, i8 %p_read_144, i8 %p_read_143, i8 %p_read_142, i8 %p_read_141, i8 %p_read_140, i8 %p_read_139, i8 %p_read_138, i8 %p_read_137, i8 %p_read_136, i8 %p_read_135, i8 %p_read_134, i8 %p_read_133, i8 %p_read_132, i8 %p_read_131, i8 %p_read_130, i8 %p_read_129, i8 %p_read_128, i8 %p_read_127, i8 %p_read_126, i8 %p_read_125, i8 %p_read_124, i8 %p_read_123, i8 %p_read_122, i8 %p_read_121, i8 %p_read_120, i8 %p_read_119, i8 %p_read_118, i8 %p_read_117, i8 %p_read_116, i8 %p_read_115, i8 %p_read_114, i8 %p_read_113, i8 %p_read_112, i8 %p_read_111, i8 %p_read_110, i8 %p_read_109, i8 %p_read_108, i8 %p_read_107, i8 %p_read_106, i8 %p_read_105, i8 %p_read_104, i8 %p_read_103, i8 %p_read_102, i8 %p_read_101, i8 %p_read_100, i8 %p_read_99, i8 %p_read_98, i8 %p_read_97, i8 %p_read_96, i8 %p_read_95, i8 %p_read_94, i8 %p_read_93, i8 %p_read_92, i8 %p_read_91, i8 %p_read_90, i8 %p_read_89, i8 %p_read_88, i8 %p_read_87, i8 %p_read_86, i8 %p_read_85, i8 %p_read_84, i8 %p_read_83, i8 %p_read_82, i8 %p_read_81, i8 %p_read_80, i8 %p_read_79, i8 %p_read_78, i8 %p_read_77, i8 %p_read_76, i8 %p_read_75, i8 %p_read_74, i8 %p_read_73, i8 %p_read_72, i8 %p_read_71, i8 %p_read_70, i8 %p_read_69, i8 %p_read_68, i8 %p_read_67, i8 %p_read_66, i8 %p_read_65, i8 %p_read_64, i8 %p_read_63, i8 %p_read_62, i8 %p_read_61, i8 %p_read_60, i8 %p_read_59, i8 %p_read_58, i8 %p_read_57, i8 %p_read_56, i8 %p_read_55, i8 %p_read_54, i8 %p_read_53, i8 %p_read_52, i8 %p_read_51, i8 %p_read_50, i8 %p_read_49, i8 %p_read_48, i8 %p_read_47, i8 %p_read_46, i8 %p_read_45, i8 %p_read_44, i8 %p_read_43, i8 %p_read_42, i8 %p_read_41, i8 %p_read_40, i8 %p_read_39, i8 %p_read_38, i8 %p_read_37, i8 %p_read_36, i8 %p_read_35, i8 %p_read_34, i8 %p_read_33, i8 %p_read_32, i8 %p_read_31, i8 %p_read_30, i8 %p_read_29, i8 %p_read_28, i8 %p_read_27, i8 %p_read_26, i8 %p_read_25, i8 %p_read_24, i8 %p_read_23, i8 %p_read_22, i8 %p_read_21, i8 %p_read_20, i8 %p_read_19, i8 %p_read_18, i8 %p_read_17, i8 %p_read_16, i8 %p_read_15, i11 %add_ln60_9" [src/ORB.cpp:60]   --->   Operation 2281 'mux' 't0_V_4' <Predicate = (!tmp)> <Delay = 1.76> <CoreInst = "Multiplexer">   --->   Core 76 'Multiplexer' <Latency = 0> <II = 1> <Delay = 1.76> <FuncUnit> <Opcode : 'mux'> <InPorts = 2> <OutPorts = 1>
ST_18 : Operation 2282 [1/2] (0.64ns) (root node of the DSP)   --->   "%add_ln61_9 = add i11 %mul_ln61_4, i11 %zext_ln61_9" [src/ORB.cpp:61]   --->   Operation 2282 'add' 'add_ln61_9' <Predicate = (!tmp)> <Delay = 0.64> <CoreInst = "DSP48">   --->   Core 127 'DSP48' <Latency = 3> <II = 1> <Delay = 0.53> <IPBlock> <Opcode : 'mul' 'add' 'sub' 'select'> <InPorts = 0> <OutPorts = 1> <Sync> <CReg>
ST_18 : Operation 2283 [1/1] (1.76ns)   --->   "%t1_V_4 = mux i8 @_ssdm_op_Mux.ap_auto.1369i8.i11, i8 %p_read11371, i8 %p_read21372, i8 %p_read31373, i8 %p_read41374, i8 %p_read51375, i8 %p_read61376, i8 %p_read_1377, i8 %p_read_1376, i8 %p_read_1375, i8 %p_read_1374, i8 %p_read_1373, i8 %p_read_1372, i8 %p_read_1371, i8 %p_read_1370, i8 %p_read_1369, i8 %p_read_1368, i8 %p_read_1367, i8 %p_read_1366, i8 %p_read_1365, i8 %p_read_1364, i8 %p_read_1363, i8 %p_read_1362, i8 %p_read_1361, i8 %p_read_1360, i8 %p_read_1359, i8 %p_read_1358, i8 %p_read_1357, i8 %p_read_1356, i8 %p_read_1355, i8 %p_read_1354, i8 %p_read_1353, i8 %p_read_1352, i8 %p_read_1351, i8 %p_read_1350, i8 %p_read_1349, i8 %p_read_1348, i8 %p_read_1347, i8 %p_read_1346, i8 %p_read_1345, i8 %p_read_1344, i8 %p_read_1343, i8 %p_read_1342, i8 %p_read_1341, i8 %p_read_1340, i8 %p_read_1339, i8 %p_read_1338, i8 %p_read_1337, i8 %p_read_1336, i8 %p_read_1335, i8 %p_read_1334, i8 %p_read_1333, i8 %p_read_1332, i8 %p_read_1331, i8 %p_read_1330, i8 %p_read_1329, i8 %p_read_1328, i8 %p_read_1327, i8 %p_read_1326, i8 %p_read_1325, i8 %p_read_1324, i8 %p_read_1323, i8 %p_read_1322, i8 %p_read_1321, i8 %p_read_1320, i8 %p_read_1319, i8 %p_read_1318, i8 %p_read_1317, i8 %p_read_1316, i8 %p_read_1315, i8 %p_read_1314, i8 %p_read_1313, i8 %p_read_1312, i8 %p_read_1311, i8 %p_read_1310, i8 %p_read_1309, i8 %p_read_1308, i8 %p_read_1307, i8 %p_read_1306, i8 %p_read_1305, i8 %p_read_1304, i8 %p_read_1303, i8 %p_read_1302, i8 %p_read_1301, i8 %p_read_1300, i8 %p_read_1299, i8 %p_read_1298, i8 %p_read_1297, i8 %p_read_1296, i8 %p_read_1295, i8 %p_read_1294, i8 %p_read_1293, i8 %p_read_1292, i8 %p_read_1291, i8 %p_read_1290, i8 %p_read_1289, i8 %p_read_1288, i8 %p_read_1287, i8 %p_read_1286, i8 %p_read_1285, i8 %p_read_1284, i8 %p_read_1283, i8 %p_read_1282, i8 %p_read_1281, i8 %p_read_1280, i8 %p_read_1279, i8 %p_read_1278, i8 %p_read_1277, i8 %p_read_1276, i8 %p_read_1275, i8 %p_read_1274, i8 %p_read_1273, i8 %p_read_1272, i8 %p_read_1271, i8 %p_read_1270, i8 %p_read_1269, i8 %p_read_1268, i8 %p_read_1267, i8 %p_read_1266, i8 %p_read_1265, i8 %p_read_1264, i8 %p_read_1263, i8 %p_read_1262, i8 %p_read_1261, i8 %p_read_1260, i8 %p_read_1259, i8 %p_read_1258, i8 %p_read_1257, i8 %p_read_1256, i8 %p_read_1255, i8 %p_read_1254, i8 %p_read_1253, i8 %p_read_1252, i8 %p_read_1251, i8 %p_read_1250, i8 %p_read_1249, i8 %p_read_1248, i8 %p_read_1247, i8 %p_read_1246, i8 %p_read_1245, i8 %p_read_1244, i8 %p_read_1243, i8 %p_read_1242, i8 %p_read_1241, i8 %p_read_1240, i8 %p_read_1239, i8 %p_read_1238, i8 %p_read_1237, i8 %p_read_1236, i8 %p_read_1235, i8 %p_read_1234, i8 %p_read_1233, i8 %p_read_1232, i8 %p_read_1231, i8 %p_read_1230, i8 %p_read_1229, i8 %p_read_1228, i8 %p_read_1227, i8 %p_read_1226, i8 %p_read_1225, i8 %p_read_1224, i8 %p_read_1223, i8 %p_read_1222, i8 %p_read_1221, i8 %p_read_1220, i8 %p_read_1219, i8 %p_read_1218, i8 %p_read_1217, i8 %p_read_1216, i8 %p_read_1215, i8 %p_read_1214, i8 %p_read_1213, i8 %p_read_1212, i8 %p_read_1211, i8 %p_read_1210, i8 %p_read_1209, i8 %p_read_1208, i8 %p_read_1207, i8 %p_read_1206, i8 %p_read_1205, i8 %p_read_1204, i8 %p_read_1203, i8 %p_read_1202, i8 %p_read_1201, i8 %p_read_1200, i8 %p_read_1199, i8 %p_read_1198, i8 %p_read_1197, i8 %p_read_1196, i8 %p_read_1195, i8 %p_read_1194, i8 %p_read_1193, i8 %p_read_1192, i8 %p_read_1191, i8 %p_read_1190, i8 %p_read_1189, i8 %p_read_1188, i8 %p_read_1187, i8 %p_read_1186, i8 %p_read_1185, i8 %p_read_1184, i8 %p_read_1183, i8 %p_read_1182, i8 %p_read_1181, i8 %p_read_1180, i8 %p_read_1179, i8 %p_read_1178, i8 %p_read_1177, i8 %p_read_1176, i8 %p_read_1175, i8 %p_read_1174, i8 %p_read_1173, i8 %p_read_1172, i8 %p_read_1171, i8 %p_read_1170, i8 %p_read_1169, i8 %p_read_1168, i8 %p_read_1167, i8 %p_read_1166, i8 %p_read_1165, i8 %p_read_1164, i8 %p_read_1163, i8 %p_read_1162, i8 %p_read_1161, i8 %p_read_1160, i8 %p_read_1159, i8 %p_read_1158, i8 %p_read_1157, i8 %p_read_1156, i8 %p_read_1155, i8 %p_read_1154, i8 %p_read_1153, i8 %p_read_1152, i8 %p_read_1151, i8 %p_read_1150, i8 %p_read_1149, i8 %p_read_1148, i8 %p_read_1147, i8 %p_read_1146, i8 %p_read_1145, i8 %p_read_1144, i8 %p_read_1143, i8 %p_read_1142, i8 %p_read_1141, i8 %p_read_1140, i8 %p_read_1139, i8 %p_read_1138, i8 %p_read_1137, i8 %p_read_1136, i8 %p_read_1135, i8 %p_read_1134, i8 %p_read_1133, i8 %p_read_1132, i8 %p_read_1131, i8 %p_read_1130, i8 %p_read_1129, i8 %p_read_1128, i8 %p_read_1127, i8 %p_read_1126, i8 %p_read_1125, i8 %p_read_1124, i8 %p_read_1123, i8 %p_read_1122, i8 %p_read_1121, i8 %p_read_1120, i8 %p_read_1119, i8 %p_read_1118, i8 %p_read_1117, i8 %p_read_1116, i8 %p_read_1115, i8 %p_read_1114, i8 %p_read_1113, i8 %p_read_1112, i8 %p_read_1111, i8 %p_read_1110, i8 %p_read_1109, i8 %p_read_1108, i8 %p_read_1107, i8 %p_read_1106, i8 %p_read_1105, i8 %p_read_1104, i8 %p_read_1103, i8 %p_read_1102, i8 %p_read_1101, i8 %p_read_1100, i8 %p_read_1099, i8 %p_read_1098, i8 %p_read_1097, i8 %p_read_1096, i8 %p_read_1095, i8 %p_read_1094, i8 %p_read_1093, i8 %p_read_1092, i8 %p_read_1091, i8 %p_read_1090, i8 %p_read_1089, i8 %p_read_1088, i8 %p_read_1087, i8 %p_read_1086, i8 %p_read_1085, i8 %p_read_1084, i8 %p_read_1083, i8 %p_read_1082, i8 %p_read_1081, i8 %p_read_1080, i8 %p_read_1079, i8 %p_read_1078, i8 %p_read_1077, i8 %p_read_1076, i8 %p_read_1075, i8 %p_read_1074, i8 %p_read_1073, i8 %p_read_1072, i8 %p_read_1071, i8 %p_read_1070, i8 %p_read_1069, i8 %p_read_1068, i8 %p_read_1067, i8 %p_read_1066, i8 %p_read_1065, i8 %p_read_1064, i8 %p_read_1063, i8 %p_read_1062, i8 %p_read_1061, i8 %p_read_1060, i8 %p_read_1059, i8 %p_read_1058, i8 %p_read_1057, i8 %p_read_1056, i8 %p_read_1055, i8 %p_read_1054, i8 %p_read_1053, i8 %p_read_1052, i8 %p_read_1051, i8 %p_read_1050, i8 %p_read_1049, i8 %p_read_1048, i8 %p_read_1047, i8 %p_read_1046, i8 %p_read_1045, i8 %p_read_1044, i8 %p_read_1043, i8 %p_read_1042, i8 %p_read_1041, i8 %p_read_1040, i8 %p_read_1039, i8 %p_read_1038, i8 %p_read_1037, i8 %p_read_1036, i8 %p_read_1035, i8 %p_read_1034, i8 %p_read_1033, i8 %p_read_1032, i8 %p_read_1031, i8 %p_read_1030, i8 %p_read_1029, i8 %p_read_1028, i8 %p_read_1027, i8 %p_read_1026, i8 %p_read_1025, i8 %p_read_1024, i8 %p_read_1023, i8 %p_read_1022, i8 %p_read_1021, i8 %p_read_1020, i8 %p_read_1019, i8 %p_read_1018, i8 %p_read_1017, i8 %p_read_1016, i8 %p_read_1015, i8 %p_read_1014, i8 %p_read_1013, i8 %p_read_1012, i8 %p_read_1011, i8 %p_read_1010, i8 %p_read_1009, i8 %p_read_1008, i8 %p_read_1007, i8 %p_read_1006, i8 %p_read_1005, i8 %p_read_1004, i8 %p_read_1003, i8 %p_read_1002, i8 %p_read_1001, i8 %p_read_1000, i8 %p_read_999, i8 %p_read_998, i8 %p_read_997, i8 %p_read_996, i8 %p_read_995, i8 %p_read_994, i8 %p_read_993, i8 %p_read_992, i8 %p_read_991, i8 %p_read_990, i8 %p_read_989, i8 %p_read_988, i8 %p_read_987, i8 %p_read_986, i8 %p_read_985, i8 %p_read_984, i8 %p_read_983, i8 %p_read_982, i8 %p_read_981, i8 %p_read_980, i8 %p_read_979, i8 %p_read_978, i8 %p_read_977, i8 %p_read_976, i8 %p_read_975, i8 %p_read_974, i8 %p_read_973, i8 %p_read_972, i8 %p_read_971, i8 %p_read_970, i8 %p_read_969, i8 %p_read_968, i8 %p_read_967, i8 %p_read_966, i8 %p_read_965, i8 %p_read_964, i8 %p_read_963, i8 %p_read_962, i8 %p_read_961, i8 %p_read_960, i8 %p_read_959, i8 %p_read_958, i8 %p_read_957, i8 %p_read_956, i8 %p_read_955, i8 %p_read_954, i8 %p_read_953, i8 %p_read_952, i8 %p_read_951, i8 %p_read_950, i8 %p_read_949, i8 %p_read_948, i8 %p_read_947, i8 %p_read_946, i8 %p_read_945, i8 %p_read_944, i8 %p_read_943, i8 %p_read_942, i8 %p_read_941, i8 %p_read_940, i8 %p_read_939, i8 %p_read_938, i8 %p_read_937, i8 %p_read_936, i8 %p_read_935, i8 %p_read_934, i8 %p_read_933, i8 %p_read_932, i8 %p_read_931, i8 %p_read_930, i8 %p_read_929, i8 %p_read_928, i8 %p_read_927, i8 %p_read_926, i8 %p_read_925, i8 %p_read_924, i8 %p_read_923, i8 %p_read_922, i8 %p_read_921, i8 %p_read_920, i8 %p_read_919, i8 %p_read_918, i8 %p_read_917, i8 %p_read_916, i8 %p_read_915, i8 %p_read_914, i8 %p_read_913, i8 %p_read_912, i8 %p_read_911, i8 %p_read_910, i8 %p_read_909, i8 %p_read_908, i8 %p_read_907, i8 %p_read_906, i8 %p_read_905, i8 %p_read_904, i8 %p_read_903, i8 %p_read_902, i8 %p_read_901, i8 %p_read_900, i8 %p_read_899, i8 %p_read_898, i8 %p_read_897, i8 %p_read_896, i8 %p_read_895, i8 %p_read_894, i8 %p_read_893, i8 %p_read_892, i8 %p_read_891, i8 %p_read_890, i8 %p_read_889, i8 %p_read_888, i8 %p_read_887, i8 %p_read_886, i8 %p_read_885, i8 %p_read_884, i8 %p_read_883, i8 %p_read_882, i8 %p_read_881, i8 %p_read_880, i8 %p_read_879, i8 %p_read_878, i8 %p_read_877, i8 %p_read_876, i8 %p_read_875, i8 %p_read_874, i8 %p_read_873, i8 %p_read_872, i8 %p_read_871, i8 %p_read_870, i8 %p_read_869, i8 %p_read_868, i8 %p_read_867, i8 %p_read_866, i8 %p_read_865, i8 %p_read_864, i8 %p_read_863, i8 %p_read_862, i8 %p_read_861, i8 %p_read_860, i8 %p_read_859, i8 %p_read_858, i8 %p_read_857, i8 %p_read_856, i8 %p_read_855, i8 %p_read_854, i8 %p_read_853, i8 %p_read_852, i8 %p_read_851, i8 %p_read_850, i8 %p_read_849, i8 %p_read_848, i8 %p_read_847, i8 %p_read_846, i8 %p_read_845, i8 %p_read_844, i8 %p_read_843, i8 %p_read_842, i8 %p_read_841, i8 %p_read_840, i8 %p_read_839, i8 %p_read_838, i8 %p_read_837, i8 %p_read_836, i8 %p_read_835, i8 %p_read_834, i8 %p_read_833, i8 %p_read_832, i8 %p_read_831, i8 %p_read_830, i8 %p_read_829, i8 %p_read_828, i8 %p_read_827, i8 %p_read_826, i8 %p_read_825, i8 %p_read_824, i8 %p_read_823, i8 %p_read_822, i8 %p_read_821, i8 %p_read_820, i8 %p_read_819, i8 %p_read_818, i8 %p_read_817, i8 %p_read_816, i8 %p_read_815, i8 %p_read_814, i8 %p_read_813, i8 %p_read_812, i8 %p_read_811, i8 %p_read_810, i8 %p_read_809, i8 %p_read_808, i8 %p_read_807, i8 %p_read_806, i8 %p_read_805, i8 %p_read_804, i8 %p_read_803, i8 %p_read_802, i8 %p_read_801, i8 %p_read_800, i8 %p_read_799, i8 %p_read_798, i8 %p_read_797, i8 %p_read_796, i8 %p_read_795, i8 %p_read_794, i8 %p_read_793, i8 %p_read_792, i8 %p_read_791, i8 %p_read_790, i8 %p_read_789, i8 %p_read_788, i8 %p_read_787, i8 %p_read_786, i8 %p_read_785, i8 %p_read_784, i8 %p_read_783, i8 %p_read_782, i8 %p_read_781, i8 %p_read_780, i8 %p_read_779, i8 %p_read_778, i8 %p_read_777, i8 %p_read_776, i8 %p_read_775, i8 %p_read_774, i8 %p_read_773, i8 %p_read_772, i8 %p_read_771, i8 %p_read_770, i8 %p_read_769, i8 %p_read_768, i8 %p_read_767, i8 %p_read_766, i8 %p_read_765, i8 %p_read_764, i8 %p_read_763, i8 %p_read_762, i8 %p_read_761, i8 %p_read_760, i8 %p_read_759, i8 %p_read_758, i8 %p_read_757, i8 %p_read_756, i8 %p_read_755, i8 %p_read_754, i8 %p_read_753, i8 %p_read_752, i8 %p_read_751, i8 %p_read_750, i8 %p_read_749, i8 %p_read_748, i8 %p_read_747, i8 %p_read_746, i8 %p_read_745, i8 %p_read_744, i8 %p_read_743, i8 %p_read_742, i8 %p_read_741, i8 %p_read_740, i8 %p_read_739, i8 %p_read_738, i8 %p_read_737, i8 %p_read_736, i8 %p_read_735, i8 %p_read_734, i8 %p_read_733, i8 %p_read_732, i8 %p_read_731, i8 %p_read_730, i8 %p_read_729, i8 %p_read_728, i8 %p_read_727, i8 %p_read_726, i8 %p_read_725, i8 %p_read_724, i8 %p_read_723, i8 %p_read_722, i8 %p_read_721, i8 %p_read_720, i8 %p_read_719, i8 %p_read_718, i8 %p_read_717, i8 %p_read_716, i8 %p_read_715, i8 %p_read_714, i8 %p_read_713, i8 %p_read_712, i8 %p_read_711, i8 %p_read_710, i8 %p_read_709, i8 %p_read_708, i8 %p_read_707, i8 %p_read_706, i8 %p_read_705, i8 %p_read_704, i8 %p_read_703, i8 %p_read_702, i8 %p_read_701, i8 %p_read_700, i8 %p_read_699, i8 %p_read_698, i8 %p_read_697, i8 %p_read_696, i8 %p_read_695, i8 %p_read_694, i8 %p_read_693, i8 %p_read_692, i8 %p_read_691, i8 %p_read_690, i8 %p_read_689, i8 %p_read_688, i8 %p_read_687, i8 %p_read_686, i8 %p_read_685, i8 %p_read_684, i8 %p_read_683, i8 %p_read_682, i8 %p_read_681, i8 %p_read_680, i8 %p_read_679, i8 %p_read_678, i8 %p_read_677, i8 %p_read_676, i8 %p_read_675, i8 %p_read_674, i8 %p_read_673, i8 %p_read_672, i8 %p_read_671, i8 %p_read_670, i8 %p_read_669, i8 %p_read_668, i8 %p_read_667, i8 %p_read_666, i8 %p_read_665, i8 %p_read_664, i8 %p_read_663, i8 %p_read_662, i8 %p_read_661, i8 %p_read_660, i8 %p_read_659, i8 %p_read_658, i8 %p_read_657, i8 %p_read_656, i8 %p_read_655, i8 %p_read_654, i8 %p_read_653, i8 %p_read_652, i8 %p_read_651, i8 %p_read_650, i8 %p_read_649, i8 %p_read_648, i8 %p_read_647, i8 %p_read_646, i8 %p_read_645, i8 %p_read_644, i8 %p_read_643, i8 %p_read_642, i8 %p_read_641, i8 %p_read_640, i8 %p_read_639, i8 %p_read_638, i8 %p_read_637, i8 %p_read_636, i8 %p_read_635, i8 %p_read_634, i8 %p_read_633, i8 %p_read_632, i8 %p_read_631, i8 %p_read_630, i8 %p_read_629, i8 %p_read_628, i8 %p_read_627, i8 %p_read_626, i8 %p_read_625, i8 %p_read_624, i8 %p_read_623, i8 %p_read_622, i8 %p_read_621, i8 %p_read_620, i8 %p_read_619, i8 %p_read_618, i8 %p_read_617, i8 %p_read_616, i8 %p_read_615, i8 %p_read_614, i8 %p_read_613, i8 %p_read_612, i8 %p_read_611, i8 %p_read_610, i8 %p_read_609, i8 %p_read_608, i8 %p_read_607, i8 %p_read_606, i8 %p_read_605, i8 %p_read_604, i8 %p_read_603, i8 %p_read_602, i8 %p_read_601, i8 %p_read_600, i8 %p_read_599, i8 %p_read_598, i8 %p_read_597, i8 %p_read_596, i8 %p_read_595, i8 %p_read_594, i8 %p_read_593, i8 %p_read_592, i8 %p_read_591, i8 %p_read_590, i8 %p_read_589, i8 %p_read_588, i8 %p_read_587, i8 %p_read_586, i8 %p_read_585, i8 %p_read_584, i8 %p_read_583, i8 %p_read_582, i8 %p_read_581, i8 %p_read_580, i8 %p_read_579, i8 %p_read_578, i8 %p_read_577, i8 %p_read_576, i8 %p_read_575, i8 %p_read_574, i8 %p_read_573, i8 %p_read_572, i8 %p_read_571, i8 %p_read_570, i8 %p_read_569, i8 %p_read_568, i8 %p_read_567, i8 %p_read_566, i8 %p_read_565, i8 %p_read_564, i8 %p_read_563, i8 %p_read_562, i8 %p_read_561, i8 %p_read_560, i8 %p_read_559, i8 %p_read_558, i8 %p_read_557, i8 %p_read_556, i8 %p_read_555, i8 %p_read_554, i8 %p_read_553, i8 %p_read_552, i8 %p_read_551, i8 %p_read_550, i8 %p_read_549, i8 %p_read_548, i8 %p_read_547, i8 %p_read_546, i8 %p_read_545, i8 %p_read_544, i8 %p_read_543, i8 %p_read_542, i8 %p_read_541, i8 %p_read_540, i8 %p_read_539, i8 %p_read_538, i8 %p_read_537, i8 %p_read_536, i8 %p_read_535, i8 %p_read_534, i8 %p_read_533, i8 %p_read_532, i8 %p_read_531, i8 %p_read_530, i8 %p_read_529, i8 %p_read_528, i8 %p_read_527, i8 %p_read_526, i8 %p_read_525, i8 %p_read_524, i8 %p_read_523, i8 %p_read_522, i8 %p_read_521, i8 %p_read_520, i8 %p_read_519, i8 %p_read_518, i8 %p_read_517, i8 %p_read_516, i8 %p_read_515, i8 %p_read_514, i8 %p_read_513, i8 %p_read_512, i8 %p_read_511, i8 %p_read_510, i8 %p_read_509, i8 %p_read_508, i8 %p_read_507, i8 %p_read_506, i8 %p_read_505, i8 %p_read_504, i8 %p_read_503, i8 %p_read_502, i8 %p_read_501, i8 %p_read_500, i8 %p_read_499, i8 %p_read_498, i8 %p_read_497, i8 %p_read_496, i8 %p_read_495, i8 %p_read_494, i8 %p_read_493, i8 %p_read_492, i8 %p_read_491, i8 %p_read_490, i8 %p_read_489, i8 %p_read_488, i8 %p_read_487, i8 %p_read_486, i8 %p_read_485, i8 %p_read_484, i8 %p_read_483, i8 %p_read_482, i8 %p_read_481, i8 %p_read_480, i8 %p_read_479, i8 %p_read_478, i8 %p_read_477, i8 %p_read_476, i8 %p_read_475, i8 %p_read_474, i8 %p_read_473, i8 %p_read_472, i8 %p_read_471, i8 %p_read_470, i8 %p_read_469, i8 %p_read_468, i8 %p_read_467, i8 %p_read_466, i8 %p_read_465, i8 %p_read_464, i8 %p_read_463, i8 %p_read_462, i8 %p_read_461, i8 %p_read_460, i8 %p_read_459, i8 %p_read_458, i8 %p_read_457, i8 %p_read_456, i8 %p_read_455, i8 %p_read_454, i8 %p_read_453, i8 %p_read_452, i8 %p_read_451, i8 %p_read_450, i8 %p_read_449, i8 %p_read_448, i8 %p_read_447, i8 %p_read_446, i8 %p_read_445, i8 %p_read_444, i8 %p_read_443, i8 %p_read_442, i8 %p_read_441, i8 %p_read_440, i8 %p_read_439, i8 %p_read_438, i8 %p_read_437, i8 %p_read_436, i8 %p_read_435, i8 %p_read_434, i8 %p_read_433, i8 %p_read_432, i8 %p_read_431, i8 %p_read_430, i8 %p_read_429, i8 %p_read_428, i8 %p_read_427, i8 %p_read_426, i8 %p_read_425, i8 %p_read_424, i8 %p_read_423, i8 %p_read_422, i8 %p_read_421, i8 %p_read_420, i8 %p_read_419, i8 %p_read_418, i8 %p_read_417, i8 %p_read_416, i8 %p_read_415, i8 %p_read_414, i8 %p_read_413, i8 %p_read_412, i8 %p_read_411, i8 %p_read_410, i8 %p_read_409, i8 %p_read_408, i8 %p_read_407, i8 %p_read_406, i8 %p_read_405, i8 %p_read_404, i8 %p_read_403, i8 %p_read_402, i8 %p_read_401, i8 %p_read_400, i8 %p_read_399, i8 %p_read_398, i8 %p_read_397, i8 %p_read_396, i8 %p_read_395, i8 %p_read_394, i8 %p_read_393, i8 %p_read_392, i8 %p_read_391, i8 %p_read_390, i8 %p_read_389, i8 %p_read_388, i8 %p_read_387, i8 %p_read_386, i8 %p_read_385, i8 %p_read_384, i8 %p_read_383, i8 %p_read_382, i8 %p_read_381, i8 %p_read_380, i8 %p_read_379, i8 %p_read_378, i8 %p_read_377, i8 %p_read_376, i8 %p_read_375, i8 %p_read_374, i8 %p_read_373, i8 %p_read_372, i8 %p_read_371, i8 %p_read_370, i8 %p_read_369, i8 %p_read_368, i8 %p_read_367, i8 %p_read_366, i8 %p_read_365, i8 %p_read_364, i8 %p_read_363, i8 %p_read_362, i8 %p_read_361, i8 %p_read_360, i8 %p_read_359, i8 %p_read_358, i8 %p_read_357, i8 %p_read_356, i8 %p_read_355, i8 %p_read_354, i8 %p_read_353, i8 %p_read_352, i8 %p_read_351, i8 %p_read_350, i8 %p_read_349, i8 %p_read_348, i8 %p_read_347, i8 %p_read_346, i8 %p_read_345, i8 %p_read_344, i8 %p_read_343, i8 %p_read_342, i8 %p_read_341, i8 %p_read_340, i8 %p_read_339, i8 %p_read_338, i8 %p_read_337, i8 %p_read_336, i8 %p_read_335, i8 %p_read_334, i8 %p_read_333, i8 %p_read_332, i8 %p_read_331, i8 %p_read_330, i8 %p_read_329, i8 %p_read_328, i8 %p_read_327, i8 %p_read_326, i8 %p_read_325, i8 %p_read_324, i8 %p_read_323, i8 %p_read_322, i8 %p_read_321, i8 %p_read_320, i8 %p_read_319, i8 %p_read_318, i8 %p_read_317, i8 %p_read_316, i8 %p_read_315, i8 %p_read_314, i8 %p_read_313, i8 %p_read_312, i8 %p_read_311, i8 %p_read_310, i8 %p_read_309, i8 %p_read_308, i8 %p_read_307, i8 %p_read_306, i8 %p_read_305, i8 %p_read_304, i8 %p_read_303, i8 %p_read_302, i8 %p_read_301, i8 %p_read_300, i8 %p_read_299, i8 %p_read_298, i8 %p_read_297, i8 %p_read_296, i8 %p_read_295, i8 %p_read_294, i8 %p_read_293, i8 %p_read_292, i8 %p_read_291, i8 %p_read_290, i8 %p_read_289, i8 %p_read_288, i8 %p_read_287, i8 %p_read_286, i8 %p_read_285, i8 %p_read_284, i8 %p_read_283, i8 %p_read_282, i8 %p_read_281, i8 %p_read_280, i8 %p_read_279, i8 %p_read_278, i8 %p_read_277, i8 %p_read_276, i8 %p_read_275, i8 %p_read_274, i8 %p_read_273, i8 %p_read_272, i8 %p_read_271, i8 %p_read_270, i8 %p_read_269, i8 %p_read_268, i8 %p_read_267, i8 %p_read_266, i8 %p_read_265, i8 %p_read_264, i8 %p_read_263, i8 %p_read_262, i8 %p_read_261, i8 %p_read_260, i8 %p_read_259, i8 %p_read_258, i8 %p_read_257, i8 %p_read_256, i8 %p_read_255, i8 %p_read_254, i8 %p_read_253, i8 %p_read_252, i8 %p_read_251, i8 %p_read_250, i8 %p_read_249, i8 %p_read_248, i8 %p_read_247, i8 %p_read_246, i8 %p_read_245, i8 %p_read_244, i8 %p_read_243, i8 %p_read_242, i8 %p_read_241, i8 %p_read_240, i8 %p_read_239, i8 %p_read_238, i8 %p_read_237, i8 %p_read_236, i8 %p_read_235, i8 %p_read_234, i8 %p_read_233, i8 %p_read_232, i8 %p_read_231, i8 %p_read_230, i8 %p_read_229, i8 %p_read_228, i8 %p_read_227, i8 %p_read_226, i8 %p_read_225, i8 %p_read_224, i8 %p_read_223, i8 %p_read_222, i8 %p_read_221, i8 %p_read_220, i8 %p_read_219, i8 %p_read_218, i8 %p_read_217, i8 %p_read_216, i8 %p_read_215, i8 %p_read_214, i8 %p_read_213, i8 %p_read_212, i8 %p_read_211, i8 %p_read_210, i8 %p_read_209, i8 %p_read_208, i8 %p_read_207, i8 %p_read_206, i8 %p_read_205, i8 %p_read_204, i8 %p_read_203, i8 %p_read_202, i8 %p_read_201, i8 %p_read_200, i8 %p_read_199, i8 %p_read_198, i8 %p_read_197, i8 %p_read_196, i8 %p_read_195, i8 %p_read_194, i8 %p_read_193, i8 %p_read_192, i8 %p_read_191, i8 %p_read_190, i8 %p_read_189, i8 %p_read_188, i8 %p_read_187, i8 %p_read_186, i8 %p_read_185, i8 %p_read_184, i8 %p_read_183, i8 %p_read_182, i8 %p_read_181, i8 %p_read_180, i8 %p_read_179, i8 %p_read_178, i8 %p_read_177, i8 %p_read_176, i8 %p_read_175, i8 %p_read_174, i8 %p_read_173, i8 %p_read_172, i8 %p_read_171, i8 %p_read_170, i8 %p_read_169, i8 %p_read_168, i8 %p_read_167, i8 %p_read_166, i8 %p_read_165, i8 %p_read_164, i8 %p_read_163, i8 %p_read_162, i8 %p_read_161, i8 %p_read_160, i8 %p_read_159, i8 %p_read_158, i8 %p_read_157, i8 %p_read_156, i8 %p_read_155, i8 %p_read_154, i8 %p_read_153, i8 %p_read_152, i8 %p_read_151, i8 %p_read_150, i8 %p_read_149, i8 %p_read_148, i8 %p_read_147, i8 %p_read_146, i8 %p_read_145, i8 %p_read_144, i8 %p_read_143, i8 %p_read_142, i8 %p_read_141, i8 %p_read_140, i8 %p_read_139, i8 %p_read_138, i8 %p_read_137, i8 %p_read_136, i8 %p_read_135, i8 %p_read_134, i8 %p_read_133, i8 %p_read_132, i8 %p_read_131, i8 %p_read_130, i8 %p_read_129, i8 %p_read_128, i8 %p_read_127, i8 %p_read_126, i8 %p_read_125, i8 %p_read_124, i8 %p_read_123, i8 %p_read_122, i8 %p_read_121, i8 %p_read_120, i8 %p_read_119, i8 %p_read_118, i8 %p_read_117, i8 %p_read_116, i8 %p_read_115, i8 %p_read_114, i8 %p_read_113, i8 %p_read_112, i8 %p_read_111, i8 %p_read_110, i8 %p_read_109, i8 %p_read_108, i8 %p_read_107, i8 %p_read_106, i8 %p_read_105, i8 %p_read_104, i8 %p_read_103, i8 %p_read_102, i8 %p_read_101, i8 %p_read_100, i8 %p_read_99, i8 %p_read_98, i8 %p_read_97, i8 %p_read_96, i8 %p_read_95, i8 %p_read_94, i8 %p_read_93, i8 %p_read_92, i8 %p_read_91, i8 %p_read_90, i8 %p_read_89, i8 %p_read_88, i8 %p_read_87, i8 %p_read_86, i8 %p_read_85, i8 %p_read_84, i8 %p_read_83, i8 %p_read_82, i8 %p_read_81, i8 %p_read_80, i8 %p_read_79, i8 %p_read_78, i8 %p_read_77, i8 %p_read_76, i8 %p_read_75, i8 %p_read_74, i8 %p_read_73, i8 %p_read_72, i8 %p_read_71, i8 %p_read_70, i8 %p_read_69, i8 %p_read_68, i8 %p_read_67, i8 %p_read_66, i8 %p_read_65, i8 %p_read_64, i8 %p_read_63, i8 %p_read_62, i8 %p_read_61, i8 %p_read_60, i8 %p_read_59, i8 %p_read_58, i8 %p_read_57, i8 %p_read_56, i8 %p_read_55, i8 %p_read_54, i8 %p_read_53, i8 %p_read_52, i8 %p_read_51, i8 %p_read_50, i8 %p_read_49, i8 %p_read_48, i8 %p_read_47, i8 %p_read_46, i8 %p_read_45, i8 %p_read_44, i8 %p_read_43, i8 %p_read_42, i8 %p_read_41, i8 %p_read_40, i8 %p_read_39, i8 %p_read_38, i8 %p_read_37, i8 %p_read_36, i8 %p_read_35, i8 %p_read_34, i8 %p_read_33, i8 %p_read_32, i8 %p_read_31, i8 %p_read_30, i8 %p_read_29, i8 %p_read_28, i8 %p_read_27, i8 %p_read_26, i8 %p_read_25, i8 %p_read_24, i8 %p_read_23, i8 %p_read_22, i8 %p_read_21, i8 %p_read_20, i8 %p_read_19, i8 %p_read_18, i8 %p_read_17, i8 %p_read_16, i8 %p_read_15, i11 %add_ln61_9" [src/ORB.cpp:61]   --->   Operation 2283 'mux' 't1_V_4' <Predicate = (!tmp)> <Delay = 1.76> <CoreInst = "Multiplexer">   --->   Core 76 'Multiplexer' <Latency = 0> <II = 1> <Delay = 1.76> <FuncUnit> <Opcode : 'mux'> <InPorts = 2> <OutPorts = 1>
ST_18 : Operation 2284 [1/1] (0.84ns)   --->   "%p_Repl2_4 = icmp_ult  i8 %t0_V_4, i8 %t1_V_4"   --->   Operation 2284 'icmp' 'p_Repl2_4' <Predicate = (!tmp)> <Delay = 0.84> <CoreInst = "Cmp">   --->   Core 9 'Cmp' <Latency = 0> <II = 1> <Delay = 0.44> <FuncUnit> <Opcode : 'icmp'> <InPorts = 2> <OutPorts = 1>
ST_18 : Operation 2285 [1/1] (0.00ns)   --->   "%or_ln669_3 = or i8 %trunc_ln52, i8 4"   --->   Operation 2285 'or' 'or_ln669_3' <Predicate = (!tmp)> <Delay = 0.00>
ST_18 : Operation 2286 [1/1] (0.00ns)   --->   "%zext_ln669_4 = zext i8 %or_ln669_3"   --->   Operation 2286 'zext' 'zext_ln669_4' <Predicate = (!tmp)> <Delay = 0.00>
ST_18 : Operation 2287 [1/1] (0.00ns)   --->   "%p_Result_55 = bitset i256 @_ssdm_op_BitSet.i256.i256.i32.i1, i256 %p_Result_54, i32 %zext_ln669_4, i1 %p_Repl2_4"   --->   Operation 2287 'bitset' 'p_Result_55' <Predicate = (!tmp)> <Delay = 0.00>
ST_18 : Operation 2288 [1/2] (0.64ns) (root node of the DSP)   --->   "%add_ln60_11 = add i11 %mul_ln60_5, i11 %zext_ln60_11" [src/ORB.cpp:60]   --->   Operation 2288 'add' 'add_ln60_11' <Predicate = (!tmp)> <Delay = 0.64> <CoreInst = "DSP48">   --->   Core 127 'DSP48' <Latency = 3> <II = 1> <Delay = 0.53> <IPBlock> <Opcode : 'mul' 'add' 'sub' 'select'> <InPorts = 0> <OutPorts = 1> <Sync> <CReg>
ST_18 : Operation 2289 [1/1] (1.76ns)   --->   "%t0_V_5 = mux i8 @_ssdm_op_Mux.ap_auto.1369i8.i11, i8 %p_read11371, i8 %p_read21372, i8 %p_read31373, i8 %p_read41374, i8 %p_read51375, i8 %p_read61376, i8 %p_read_1377, i8 %p_read_1376, i8 %p_read_1375, i8 %p_read_1374, i8 %p_read_1373, i8 %p_read_1372, i8 %p_read_1371, i8 %p_read_1370, i8 %p_read_1369, i8 %p_read_1368, i8 %p_read_1367, i8 %p_read_1366, i8 %p_read_1365, i8 %p_read_1364, i8 %p_read_1363, i8 %p_read_1362, i8 %p_read_1361, i8 %p_read_1360, i8 %p_read_1359, i8 %p_read_1358, i8 %p_read_1357, i8 %p_read_1356, i8 %p_read_1355, i8 %p_read_1354, i8 %p_read_1353, i8 %p_read_1352, i8 %p_read_1351, i8 %p_read_1350, i8 %p_read_1349, i8 %p_read_1348, i8 %p_read_1347, i8 %p_read_1346, i8 %p_read_1345, i8 %p_read_1344, i8 %p_read_1343, i8 %p_read_1342, i8 %p_read_1341, i8 %p_read_1340, i8 %p_read_1339, i8 %p_read_1338, i8 %p_read_1337, i8 %p_read_1336, i8 %p_read_1335, i8 %p_read_1334, i8 %p_read_1333, i8 %p_read_1332, i8 %p_read_1331, i8 %p_read_1330, i8 %p_read_1329, i8 %p_read_1328, i8 %p_read_1327, i8 %p_read_1326, i8 %p_read_1325, i8 %p_read_1324, i8 %p_read_1323, i8 %p_read_1322, i8 %p_read_1321, i8 %p_read_1320, i8 %p_read_1319, i8 %p_read_1318, i8 %p_read_1317, i8 %p_read_1316, i8 %p_read_1315, i8 %p_read_1314, i8 %p_read_1313, i8 %p_read_1312, i8 %p_read_1311, i8 %p_read_1310, i8 %p_read_1309, i8 %p_read_1308, i8 %p_read_1307, i8 %p_read_1306, i8 %p_read_1305, i8 %p_read_1304, i8 %p_read_1303, i8 %p_read_1302, i8 %p_read_1301, i8 %p_read_1300, i8 %p_read_1299, i8 %p_read_1298, i8 %p_read_1297, i8 %p_read_1296, i8 %p_read_1295, i8 %p_read_1294, i8 %p_read_1293, i8 %p_read_1292, i8 %p_read_1291, i8 %p_read_1290, i8 %p_read_1289, i8 %p_read_1288, i8 %p_read_1287, i8 %p_read_1286, i8 %p_read_1285, i8 %p_read_1284, i8 %p_read_1283, i8 %p_read_1282, i8 %p_read_1281, i8 %p_read_1280, i8 %p_read_1279, i8 %p_read_1278, i8 %p_read_1277, i8 %p_read_1276, i8 %p_read_1275, i8 %p_read_1274, i8 %p_read_1273, i8 %p_read_1272, i8 %p_read_1271, i8 %p_read_1270, i8 %p_read_1269, i8 %p_read_1268, i8 %p_read_1267, i8 %p_read_1266, i8 %p_read_1265, i8 %p_read_1264, i8 %p_read_1263, i8 %p_read_1262, i8 %p_read_1261, i8 %p_read_1260, i8 %p_read_1259, i8 %p_read_1258, i8 %p_read_1257, i8 %p_read_1256, i8 %p_read_1255, i8 %p_read_1254, i8 %p_read_1253, i8 %p_read_1252, i8 %p_read_1251, i8 %p_read_1250, i8 %p_read_1249, i8 %p_read_1248, i8 %p_read_1247, i8 %p_read_1246, i8 %p_read_1245, i8 %p_read_1244, i8 %p_read_1243, i8 %p_read_1242, i8 %p_read_1241, i8 %p_read_1240, i8 %p_read_1239, i8 %p_read_1238, i8 %p_read_1237, i8 %p_read_1236, i8 %p_read_1235, i8 %p_read_1234, i8 %p_read_1233, i8 %p_read_1232, i8 %p_read_1231, i8 %p_read_1230, i8 %p_read_1229, i8 %p_read_1228, i8 %p_read_1227, i8 %p_read_1226, i8 %p_read_1225, i8 %p_read_1224, i8 %p_read_1223, i8 %p_read_1222, i8 %p_read_1221, i8 %p_read_1220, i8 %p_read_1219, i8 %p_read_1218, i8 %p_read_1217, i8 %p_read_1216, i8 %p_read_1215, i8 %p_read_1214, i8 %p_read_1213, i8 %p_read_1212, i8 %p_read_1211, i8 %p_read_1210, i8 %p_read_1209, i8 %p_read_1208, i8 %p_read_1207, i8 %p_read_1206, i8 %p_read_1205, i8 %p_read_1204, i8 %p_read_1203, i8 %p_read_1202, i8 %p_read_1201, i8 %p_read_1200, i8 %p_read_1199, i8 %p_read_1198, i8 %p_read_1197, i8 %p_read_1196, i8 %p_read_1195, i8 %p_read_1194, i8 %p_read_1193, i8 %p_read_1192, i8 %p_read_1191, i8 %p_read_1190, i8 %p_read_1189, i8 %p_read_1188, i8 %p_read_1187, i8 %p_read_1186, i8 %p_read_1185, i8 %p_read_1184, i8 %p_read_1183, i8 %p_read_1182, i8 %p_read_1181, i8 %p_read_1180, i8 %p_read_1179, i8 %p_read_1178, i8 %p_read_1177, i8 %p_read_1176, i8 %p_read_1175, i8 %p_read_1174, i8 %p_read_1173, i8 %p_read_1172, i8 %p_read_1171, i8 %p_read_1170, i8 %p_read_1169, i8 %p_read_1168, i8 %p_read_1167, i8 %p_read_1166, i8 %p_read_1165, i8 %p_read_1164, i8 %p_read_1163, i8 %p_read_1162, i8 %p_read_1161, i8 %p_read_1160, i8 %p_read_1159, i8 %p_read_1158, i8 %p_read_1157, i8 %p_read_1156, i8 %p_read_1155, i8 %p_read_1154, i8 %p_read_1153, i8 %p_read_1152, i8 %p_read_1151, i8 %p_read_1150, i8 %p_read_1149, i8 %p_read_1148, i8 %p_read_1147, i8 %p_read_1146, i8 %p_read_1145, i8 %p_read_1144, i8 %p_read_1143, i8 %p_read_1142, i8 %p_read_1141, i8 %p_read_1140, i8 %p_read_1139, i8 %p_read_1138, i8 %p_read_1137, i8 %p_read_1136, i8 %p_read_1135, i8 %p_read_1134, i8 %p_read_1133, i8 %p_read_1132, i8 %p_read_1131, i8 %p_read_1130, i8 %p_read_1129, i8 %p_read_1128, i8 %p_read_1127, i8 %p_read_1126, i8 %p_read_1125, i8 %p_read_1124, i8 %p_read_1123, i8 %p_read_1122, i8 %p_read_1121, i8 %p_read_1120, i8 %p_read_1119, i8 %p_read_1118, i8 %p_read_1117, i8 %p_read_1116, i8 %p_read_1115, i8 %p_read_1114, i8 %p_read_1113, i8 %p_read_1112, i8 %p_read_1111, i8 %p_read_1110, i8 %p_read_1109, i8 %p_read_1108, i8 %p_read_1107, i8 %p_read_1106, i8 %p_read_1105, i8 %p_read_1104, i8 %p_read_1103, i8 %p_read_1102, i8 %p_read_1101, i8 %p_read_1100, i8 %p_read_1099, i8 %p_read_1098, i8 %p_read_1097, i8 %p_read_1096, i8 %p_read_1095, i8 %p_read_1094, i8 %p_read_1093, i8 %p_read_1092, i8 %p_read_1091, i8 %p_read_1090, i8 %p_read_1089, i8 %p_read_1088, i8 %p_read_1087, i8 %p_read_1086, i8 %p_read_1085, i8 %p_read_1084, i8 %p_read_1083, i8 %p_read_1082, i8 %p_read_1081, i8 %p_read_1080, i8 %p_read_1079, i8 %p_read_1078, i8 %p_read_1077, i8 %p_read_1076, i8 %p_read_1075, i8 %p_read_1074, i8 %p_read_1073, i8 %p_read_1072, i8 %p_read_1071, i8 %p_read_1070, i8 %p_read_1069, i8 %p_read_1068, i8 %p_read_1067, i8 %p_read_1066, i8 %p_read_1065, i8 %p_read_1064, i8 %p_read_1063, i8 %p_read_1062, i8 %p_read_1061, i8 %p_read_1060, i8 %p_read_1059, i8 %p_read_1058, i8 %p_read_1057, i8 %p_read_1056, i8 %p_read_1055, i8 %p_read_1054, i8 %p_read_1053, i8 %p_read_1052, i8 %p_read_1051, i8 %p_read_1050, i8 %p_read_1049, i8 %p_read_1048, i8 %p_read_1047, i8 %p_read_1046, i8 %p_read_1045, i8 %p_read_1044, i8 %p_read_1043, i8 %p_read_1042, i8 %p_read_1041, i8 %p_read_1040, i8 %p_read_1039, i8 %p_read_1038, i8 %p_read_1037, i8 %p_read_1036, i8 %p_read_1035, i8 %p_read_1034, i8 %p_read_1033, i8 %p_read_1032, i8 %p_read_1031, i8 %p_read_1030, i8 %p_read_1029, i8 %p_read_1028, i8 %p_read_1027, i8 %p_read_1026, i8 %p_read_1025, i8 %p_read_1024, i8 %p_read_1023, i8 %p_read_1022, i8 %p_read_1021, i8 %p_read_1020, i8 %p_read_1019, i8 %p_read_1018, i8 %p_read_1017, i8 %p_read_1016, i8 %p_read_1015, i8 %p_read_1014, i8 %p_read_1013, i8 %p_read_1012, i8 %p_read_1011, i8 %p_read_1010, i8 %p_read_1009, i8 %p_read_1008, i8 %p_read_1007, i8 %p_read_1006, i8 %p_read_1005, i8 %p_read_1004, i8 %p_read_1003, i8 %p_read_1002, i8 %p_read_1001, i8 %p_read_1000, i8 %p_read_999, i8 %p_read_998, i8 %p_read_997, i8 %p_read_996, i8 %p_read_995, i8 %p_read_994, i8 %p_read_993, i8 %p_read_992, i8 %p_read_991, i8 %p_read_990, i8 %p_read_989, i8 %p_read_988, i8 %p_read_987, i8 %p_read_986, i8 %p_read_985, i8 %p_read_984, i8 %p_read_983, i8 %p_read_982, i8 %p_read_981, i8 %p_read_980, i8 %p_read_979, i8 %p_read_978, i8 %p_read_977, i8 %p_read_976, i8 %p_read_975, i8 %p_read_974, i8 %p_read_973, i8 %p_read_972, i8 %p_read_971, i8 %p_read_970, i8 %p_read_969, i8 %p_read_968, i8 %p_read_967, i8 %p_read_966, i8 %p_read_965, i8 %p_read_964, i8 %p_read_963, i8 %p_read_962, i8 %p_read_961, i8 %p_read_960, i8 %p_read_959, i8 %p_read_958, i8 %p_read_957, i8 %p_read_956, i8 %p_read_955, i8 %p_read_954, i8 %p_read_953, i8 %p_read_952, i8 %p_read_951, i8 %p_read_950, i8 %p_read_949, i8 %p_read_948, i8 %p_read_947, i8 %p_read_946, i8 %p_read_945, i8 %p_read_944, i8 %p_read_943, i8 %p_read_942, i8 %p_read_941, i8 %p_read_940, i8 %p_read_939, i8 %p_read_938, i8 %p_read_937, i8 %p_read_936, i8 %p_read_935, i8 %p_read_934, i8 %p_read_933, i8 %p_read_932, i8 %p_read_931, i8 %p_read_930, i8 %p_read_929, i8 %p_read_928, i8 %p_read_927, i8 %p_read_926, i8 %p_read_925, i8 %p_read_924, i8 %p_read_923, i8 %p_read_922, i8 %p_read_921, i8 %p_read_920, i8 %p_read_919, i8 %p_read_918, i8 %p_read_917, i8 %p_read_916, i8 %p_read_915, i8 %p_read_914, i8 %p_read_913, i8 %p_read_912, i8 %p_read_911, i8 %p_read_910, i8 %p_read_909, i8 %p_read_908, i8 %p_read_907, i8 %p_read_906, i8 %p_read_905, i8 %p_read_904, i8 %p_read_903, i8 %p_read_902, i8 %p_read_901, i8 %p_read_900, i8 %p_read_899, i8 %p_read_898, i8 %p_read_897, i8 %p_read_896, i8 %p_read_895, i8 %p_read_894, i8 %p_read_893, i8 %p_read_892, i8 %p_read_891, i8 %p_read_890, i8 %p_read_889, i8 %p_read_888, i8 %p_read_887, i8 %p_read_886, i8 %p_read_885, i8 %p_read_884, i8 %p_read_883, i8 %p_read_882, i8 %p_read_881, i8 %p_read_880, i8 %p_read_879, i8 %p_read_878, i8 %p_read_877, i8 %p_read_876, i8 %p_read_875, i8 %p_read_874, i8 %p_read_873, i8 %p_read_872, i8 %p_read_871, i8 %p_read_870, i8 %p_read_869, i8 %p_read_868, i8 %p_read_867, i8 %p_read_866, i8 %p_read_865, i8 %p_read_864, i8 %p_read_863, i8 %p_read_862, i8 %p_read_861, i8 %p_read_860, i8 %p_read_859, i8 %p_read_858, i8 %p_read_857, i8 %p_read_856, i8 %p_read_855, i8 %p_read_854, i8 %p_read_853, i8 %p_read_852, i8 %p_read_851, i8 %p_read_850, i8 %p_read_849, i8 %p_read_848, i8 %p_read_847, i8 %p_read_846, i8 %p_read_845, i8 %p_read_844, i8 %p_read_843, i8 %p_read_842, i8 %p_read_841, i8 %p_read_840, i8 %p_read_839, i8 %p_read_838, i8 %p_read_837, i8 %p_read_836, i8 %p_read_835, i8 %p_read_834, i8 %p_read_833, i8 %p_read_832, i8 %p_read_831, i8 %p_read_830, i8 %p_read_829, i8 %p_read_828, i8 %p_read_827, i8 %p_read_826, i8 %p_read_825, i8 %p_read_824, i8 %p_read_823, i8 %p_read_822, i8 %p_read_821, i8 %p_read_820, i8 %p_read_819, i8 %p_read_818, i8 %p_read_817, i8 %p_read_816, i8 %p_read_815, i8 %p_read_814, i8 %p_read_813, i8 %p_read_812, i8 %p_read_811, i8 %p_read_810, i8 %p_read_809, i8 %p_read_808, i8 %p_read_807, i8 %p_read_806, i8 %p_read_805, i8 %p_read_804, i8 %p_read_803, i8 %p_read_802, i8 %p_read_801, i8 %p_read_800, i8 %p_read_799, i8 %p_read_798, i8 %p_read_797, i8 %p_read_796, i8 %p_read_795, i8 %p_read_794, i8 %p_read_793, i8 %p_read_792, i8 %p_read_791, i8 %p_read_790, i8 %p_read_789, i8 %p_read_788, i8 %p_read_787, i8 %p_read_786, i8 %p_read_785, i8 %p_read_784, i8 %p_read_783, i8 %p_read_782, i8 %p_read_781, i8 %p_read_780, i8 %p_read_779, i8 %p_read_778, i8 %p_read_777, i8 %p_read_776, i8 %p_read_775, i8 %p_read_774, i8 %p_read_773, i8 %p_read_772, i8 %p_read_771, i8 %p_read_770, i8 %p_read_769, i8 %p_read_768, i8 %p_read_767, i8 %p_read_766, i8 %p_read_765, i8 %p_read_764, i8 %p_read_763, i8 %p_read_762, i8 %p_read_761, i8 %p_read_760, i8 %p_read_759, i8 %p_read_758, i8 %p_read_757, i8 %p_read_756, i8 %p_read_755, i8 %p_read_754, i8 %p_read_753, i8 %p_read_752, i8 %p_read_751, i8 %p_read_750, i8 %p_read_749, i8 %p_read_748, i8 %p_read_747, i8 %p_read_746, i8 %p_read_745, i8 %p_read_744, i8 %p_read_743, i8 %p_read_742, i8 %p_read_741, i8 %p_read_740, i8 %p_read_739, i8 %p_read_738, i8 %p_read_737, i8 %p_read_736, i8 %p_read_735, i8 %p_read_734, i8 %p_read_733, i8 %p_read_732, i8 %p_read_731, i8 %p_read_730, i8 %p_read_729, i8 %p_read_728, i8 %p_read_727, i8 %p_read_726, i8 %p_read_725, i8 %p_read_724, i8 %p_read_723, i8 %p_read_722, i8 %p_read_721, i8 %p_read_720, i8 %p_read_719, i8 %p_read_718, i8 %p_read_717, i8 %p_read_716, i8 %p_read_715, i8 %p_read_714, i8 %p_read_713, i8 %p_read_712, i8 %p_read_711, i8 %p_read_710, i8 %p_read_709, i8 %p_read_708, i8 %p_read_707, i8 %p_read_706, i8 %p_read_705, i8 %p_read_704, i8 %p_read_703, i8 %p_read_702, i8 %p_read_701, i8 %p_read_700, i8 %p_read_699, i8 %p_read_698, i8 %p_read_697, i8 %p_read_696, i8 %p_read_695, i8 %p_read_694, i8 %p_read_693, i8 %p_read_692, i8 %p_read_691, i8 %p_read_690, i8 %p_read_689, i8 %p_read_688, i8 %p_read_687, i8 %p_read_686, i8 %p_read_685, i8 %p_read_684, i8 %p_read_683, i8 %p_read_682, i8 %p_read_681, i8 %p_read_680, i8 %p_read_679, i8 %p_read_678, i8 %p_read_677, i8 %p_read_676, i8 %p_read_675, i8 %p_read_674, i8 %p_read_673, i8 %p_read_672, i8 %p_read_671, i8 %p_read_670, i8 %p_read_669, i8 %p_read_668, i8 %p_read_667, i8 %p_read_666, i8 %p_read_665, i8 %p_read_664, i8 %p_read_663, i8 %p_read_662, i8 %p_read_661, i8 %p_read_660, i8 %p_read_659, i8 %p_read_658, i8 %p_read_657, i8 %p_read_656, i8 %p_read_655, i8 %p_read_654, i8 %p_read_653, i8 %p_read_652, i8 %p_read_651, i8 %p_read_650, i8 %p_read_649, i8 %p_read_648, i8 %p_read_647, i8 %p_read_646, i8 %p_read_645, i8 %p_read_644, i8 %p_read_643, i8 %p_read_642, i8 %p_read_641, i8 %p_read_640, i8 %p_read_639, i8 %p_read_638, i8 %p_read_637, i8 %p_read_636, i8 %p_read_635, i8 %p_read_634, i8 %p_read_633, i8 %p_read_632, i8 %p_read_631, i8 %p_read_630, i8 %p_read_629, i8 %p_read_628, i8 %p_read_627, i8 %p_read_626, i8 %p_read_625, i8 %p_read_624, i8 %p_read_623, i8 %p_read_622, i8 %p_read_621, i8 %p_read_620, i8 %p_read_619, i8 %p_read_618, i8 %p_read_617, i8 %p_read_616, i8 %p_read_615, i8 %p_read_614, i8 %p_read_613, i8 %p_read_612, i8 %p_read_611, i8 %p_read_610, i8 %p_read_609, i8 %p_read_608, i8 %p_read_607, i8 %p_read_606, i8 %p_read_605, i8 %p_read_604, i8 %p_read_603, i8 %p_read_602, i8 %p_read_601, i8 %p_read_600, i8 %p_read_599, i8 %p_read_598, i8 %p_read_597, i8 %p_read_596, i8 %p_read_595, i8 %p_read_594, i8 %p_read_593, i8 %p_read_592, i8 %p_read_591, i8 %p_read_590, i8 %p_read_589, i8 %p_read_588, i8 %p_read_587, i8 %p_read_586, i8 %p_read_585, i8 %p_read_584, i8 %p_read_583, i8 %p_read_582, i8 %p_read_581, i8 %p_read_580, i8 %p_read_579, i8 %p_read_578, i8 %p_read_577, i8 %p_read_576, i8 %p_read_575, i8 %p_read_574, i8 %p_read_573, i8 %p_read_572, i8 %p_read_571, i8 %p_read_570, i8 %p_read_569, i8 %p_read_568, i8 %p_read_567, i8 %p_read_566, i8 %p_read_565, i8 %p_read_564, i8 %p_read_563, i8 %p_read_562, i8 %p_read_561, i8 %p_read_560, i8 %p_read_559, i8 %p_read_558, i8 %p_read_557, i8 %p_read_556, i8 %p_read_555, i8 %p_read_554, i8 %p_read_553, i8 %p_read_552, i8 %p_read_551, i8 %p_read_550, i8 %p_read_549, i8 %p_read_548, i8 %p_read_547, i8 %p_read_546, i8 %p_read_545, i8 %p_read_544, i8 %p_read_543, i8 %p_read_542, i8 %p_read_541, i8 %p_read_540, i8 %p_read_539, i8 %p_read_538, i8 %p_read_537, i8 %p_read_536, i8 %p_read_535, i8 %p_read_534, i8 %p_read_533, i8 %p_read_532, i8 %p_read_531, i8 %p_read_530, i8 %p_read_529, i8 %p_read_528, i8 %p_read_527, i8 %p_read_526, i8 %p_read_525, i8 %p_read_524, i8 %p_read_523, i8 %p_read_522, i8 %p_read_521, i8 %p_read_520, i8 %p_read_519, i8 %p_read_518, i8 %p_read_517, i8 %p_read_516, i8 %p_read_515, i8 %p_read_514, i8 %p_read_513, i8 %p_read_512, i8 %p_read_511, i8 %p_read_510, i8 %p_read_509, i8 %p_read_508, i8 %p_read_507, i8 %p_read_506, i8 %p_read_505, i8 %p_read_504, i8 %p_read_503, i8 %p_read_502, i8 %p_read_501, i8 %p_read_500, i8 %p_read_499, i8 %p_read_498, i8 %p_read_497, i8 %p_read_496, i8 %p_read_495, i8 %p_read_494, i8 %p_read_493, i8 %p_read_492, i8 %p_read_491, i8 %p_read_490, i8 %p_read_489, i8 %p_read_488, i8 %p_read_487, i8 %p_read_486, i8 %p_read_485, i8 %p_read_484, i8 %p_read_483, i8 %p_read_482, i8 %p_read_481, i8 %p_read_480, i8 %p_read_479, i8 %p_read_478, i8 %p_read_477, i8 %p_read_476, i8 %p_read_475, i8 %p_read_474, i8 %p_read_473, i8 %p_read_472, i8 %p_read_471, i8 %p_read_470, i8 %p_read_469, i8 %p_read_468, i8 %p_read_467, i8 %p_read_466, i8 %p_read_465, i8 %p_read_464, i8 %p_read_463, i8 %p_read_462, i8 %p_read_461, i8 %p_read_460, i8 %p_read_459, i8 %p_read_458, i8 %p_read_457, i8 %p_read_456, i8 %p_read_455, i8 %p_read_454, i8 %p_read_453, i8 %p_read_452, i8 %p_read_451, i8 %p_read_450, i8 %p_read_449, i8 %p_read_448, i8 %p_read_447, i8 %p_read_446, i8 %p_read_445, i8 %p_read_444, i8 %p_read_443, i8 %p_read_442, i8 %p_read_441, i8 %p_read_440, i8 %p_read_439, i8 %p_read_438, i8 %p_read_437, i8 %p_read_436, i8 %p_read_435, i8 %p_read_434, i8 %p_read_433, i8 %p_read_432, i8 %p_read_431, i8 %p_read_430, i8 %p_read_429, i8 %p_read_428, i8 %p_read_427, i8 %p_read_426, i8 %p_read_425, i8 %p_read_424, i8 %p_read_423, i8 %p_read_422, i8 %p_read_421, i8 %p_read_420, i8 %p_read_419, i8 %p_read_418, i8 %p_read_417, i8 %p_read_416, i8 %p_read_415, i8 %p_read_414, i8 %p_read_413, i8 %p_read_412, i8 %p_read_411, i8 %p_read_410, i8 %p_read_409, i8 %p_read_408, i8 %p_read_407, i8 %p_read_406, i8 %p_read_405, i8 %p_read_404, i8 %p_read_403, i8 %p_read_402, i8 %p_read_401, i8 %p_read_400, i8 %p_read_399, i8 %p_read_398, i8 %p_read_397, i8 %p_read_396, i8 %p_read_395, i8 %p_read_394, i8 %p_read_393, i8 %p_read_392, i8 %p_read_391, i8 %p_read_390, i8 %p_read_389, i8 %p_read_388, i8 %p_read_387, i8 %p_read_386, i8 %p_read_385, i8 %p_read_384, i8 %p_read_383, i8 %p_read_382, i8 %p_read_381, i8 %p_read_380, i8 %p_read_379, i8 %p_read_378, i8 %p_read_377, i8 %p_read_376, i8 %p_read_375, i8 %p_read_374, i8 %p_read_373, i8 %p_read_372, i8 %p_read_371, i8 %p_read_370, i8 %p_read_369, i8 %p_read_368, i8 %p_read_367, i8 %p_read_366, i8 %p_read_365, i8 %p_read_364, i8 %p_read_363, i8 %p_read_362, i8 %p_read_361, i8 %p_read_360, i8 %p_read_359, i8 %p_read_358, i8 %p_read_357, i8 %p_read_356, i8 %p_read_355, i8 %p_read_354, i8 %p_read_353, i8 %p_read_352, i8 %p_read_351, i8 %p_read_350, i8 %p_read_349, i8 %p_read_348, i8 %p_read_347, i8 %p_read_346, i8 %p_read_345, i8 %p_read_344, i8 %p_read_343, i8 %p_read_342, i8 %p_read_341, i8 %p_read_340, i8 %p_read_339, i8 %p_read_338, i8 %p_read_337, i8 %p_read_336, i8 %p_read_335, i8 %p_read_334, i8 %p_read_333, i8 %p_read_332, i8 %p_read_331, i8 %p_read_330, i8 %p_read_329, i8 %p_read_328, i8 %p_read_327, i8 %p_read_326, i8 %p_read_325, i8 %p_read_324, i8 %p_read_323, i8 %p_read_322, i8 %p_read_321, i8 %p_read_320, i8 %p_read_319, i8 %p_read_318, i8 %p_read_317, i8 %p_read_316, i8 %p_read_315, i8 %p_read_314, i8 %p_read_313, i8 %p_read_312, i8 %p_read_311, i8 %p_read_310, i8 %p_read_309, i8 %p_read_308, i8 %p_read_307, i8 %p_read_306, i8 %p_read_305, i8 %p_read_304, i8 %p_read_303, i8 %p_read_302, i8 %p_read_301, i8 %p_read_300, i8 %p_read_299, i8 %p_read_298, i8 %p_read_297, i8 %p_read_296, i8 %p_read_295, i8 %p_read_294, i8 %p_read_293, i8 %p_read_292, i8 %p_read_291, i8 %p_read_290, i8 %p_read_289, i8 %p_read_288, i8 %p_read_287, i8 %p_read_286, i8 %p_read_285, i8 %p_read_284, i8 %p_read_283, i8 %p_read_282, i8 %p_read_281, i8 %p_read_280, i8 %p_read_279, i8 %p_read_278, i8 %p_read_277, i8 %p_read_276, i8 %p_read_275, i8 %p_read_274, i8 %p_read_273, i8 %p_read_272, i8 %p_read_271, i8 %p_read_270, i8 %p_read_269, i8 %p_read_268, i8 %p_read_267, i8 %p_read_266, i8 %p_read_265, i8 %p_read_264, i8 %p_read_263, i8 %p_read_262, i8 %p_read_261, i8 %p_read_260, i8 %p_read_259, i8 %p_read_258, i8 %p_read_257, i8 %p_read_256, i8 %p_read_255, i8 %p_read_254, i8 %p_read_253, i8 %p_read_252, i8 %p_read_251, i8 %p_read_250, i8 %p_read_249, i8 %p_read_248, i8 %p_read_247, i8 %p_read_246, i8 %p_read_245, i8 %p_read_244, i8 %p_read_243, i8 %p_read_242, i8 %p_read_241, i8 %p_read_240, i8 %p_read_239, i8 %p_read_238, i8 %p_read_237, i8 %p_read_236, i8 %p_read_235, i8 %p_read_234, i8 %p_read_233, i8 %p_read_232, i8 %p_read_231, i8 %p_read_230, i8 %p_read_229, i8 %p_read_228, i8 %p_read_227, i8 %p_read_226, i8 %p_read_225, i8 %p_read_224, i8 %p_read_223, i8 %p_read_222, i8 %p_read_221, i8 %p_read_220, i8 %p_read_219, i8 %p_read_218, i8 %p_read_217, i8 %p_read_216, i8 %p_read_215, i8 %p_read_214, i8 %p_read_213, i8 %p_read_212, i8 %p_read_211, i8 %p_read_210, i8 %p_read_209, i8 %p_read_208, i8 %p_read_207, i8 %p_read_206, i8 %p_read_205, i8 %p_read_204, i8 %p_read_203, i8 %p_read_202, i8 %p_read_201, i8 %p_read_200, i8 %p_read_199, i8 %p_read_198, i8 %p_read_197, i8 %p_read_196, i8 %p_read_195, i8 %p_read_194, i8 %p_read_193, i8 %p_read_192, i8 %p_read_191, i8 %p_read_190, i8 %p_read_189, i8 %p_read_188, i8 %p_read_187, i8 %p_read_186, i8 %p_read_185, i8 %p_read_184, i8 %p_read_183, i8 %p_read_182, i8 %p_read_181, i8 %p_read_180, i8 %p_read_179, i8 %p_read_178, i8 %p_read_177, i8 %p_read_176, i8 %p_read_175, i8 %p_read_174, i8 %p_read_173, i8 %p_read_172, i8 %p_read_171, i8 %p_read_170, i8 %p_read_169, i8 %p_read_168, i8 %p_read_167, i8 %p_read_166, i8 %p_read_165, i8 %p_read_164, i8 %p_read_163, i8 %p_read_162, i8 %p_read_161, i8 %p_read_160, i8 %p_read_159, i8 %p_read_158, i8 %p_read_157, i8 %p_read_156, i8 %p_read_155, i8 %p_read_154, i8 %p_read_153, i8 %p_read_152, i8 %p_read_151, i8 %p_read_150, i8 %p_read_149, i8 %p_read_148, i8 %p_read_147, i8 %p_read_146, i8 %p_read_145, i8 %p_read_144, i8 %p_read_143, i8 %p_read_142, i8 %p_read_141, i8 %p_read_140, i8 %p_read_139, i8 %p_read_138, i8 %p_read_137, i8 %p_read_136, i8 %p_read_135, i8 %p_read_134, i8 %p_read_133, i8 %p_read_132, i8 %p_read_131, i8 %p_read_130, i8 %p_read_129, i8 %p_read_128, i8 %p_read_127, i8 %p_read_126, i8 %p_read_125, i8 %p_read_124, i8 %p_read_123, i8 %p_read_122, i8 %p_read_121, i8 %p_read_120, i8 %p_read_119, i8 %p_read_118, i8 %p_read_117, i8 %p_read_116, i8 %p_read_115, i8 %p_read_114, i8 %p_read_113, i8 %p_read_112, i8 %p_read_111, i8 %p_read_110, i8 %p_read_109, i8 %p_read_108, i8 %p_read_107, i8 %p_read_106, i8 %p_read_105, i8 %p_read_104, i8 %p_read_103, i8 %p_read_102, i8 %p_read_101, i8 %p_read_100, i8 %p_read_99, i8 %p_read_98, i8 %p_read_97, i8 %p_read_96, i8 %p_read_95, i8 %p_read_94, i8 %p_read_93, i8 %p_read_92, i8 %p_read_91, i8 %p_read_90, i8 %p_read_89, i8 %p_read_88, i8 %p_read_87, i8 %p_read_86, i8 %p_read_85, i8 %p_read_84, i8 %p_read_83, i8 %p_read_82, i8 %p_read_81, i8 %p_read_80, i8 %p_read_79, i8 %p_read_78, i8 %p_read_77, i8 %p_read_76, i8 %p_read_75, i8 %p_read_74, i8 %p_read_73, i8 %p_read_72, i8 %p_read_71, i8 %p_read_70, i8 %p_read_69, i8 %p_read_68, i8 %p_read_67, i8 %p_read_66, i8 %p_read_65, i8 %p_read_64, i8 %p_read_63, i8 %p_read_62, i8 %p_read_61, i8 %p_read_60, i8 %p_read_59, i8 %p_read_58, i8 %p_read_57, i8 %p_read_56, i8 %p_read_55, i8 %p_read_54, i8 %p_read_53, i8 %p_read_52, i8 %p_read_51, i8 %p_read_50, i8 %p_read_49, i8 %p_read_48, i8 %p_read_47, i8 %p_read_46, i8 %p_read_45, i8 %p_read_44, i8 %p_read_43, i8 %p_read_42, i8 %p_read_41, i8 %p_read_40, i8 %p_read_39, i8 %p_read_38, i8 %p_read_37, i8 %p_read_36, i8 %p_read_35, i8 %p_read_34, i8 %p_read_33, i8 %p_read_32, i8 %p_read_31, i8 %p_read_30, i8 %p_read_29, i8 %p_read_28, i8 %p_read_27, i8 %p_read_26, i8 %p_read_25, i8 %p_read_24, i8 %p_read_23, i8 %p_read_22, i8 %p_read_21, i8 %p_read_20, i8 %p_read_19, i8 %p_read_18, i8 %p_read_17, i8 %p_read_16, i8 %p_read_15, i11 %add_ln60_11" [src/ORB.cpp:60]   --->   Operation 2289 'mux' 't0_V_5' <Predicate = (!tmp)> <Delay = 1.76> <CoreInst = "Multiplexer">   --->   Core 76 'Multiplexer' <Latency = 0> <II = 1> <Delay = 1.76> <FuncUnit> <Opcode : 'mux'> <InPorts = 2> <OutPorts = 1>
ST_18 : Operation 2290 [1/2] (0.64ns) (root node of the DSP)   --->   "%add_ln61_11 = add i11 %mul_ln61_5, i11 %zext_ln61_11" [src/ORB.cpp:61]   --->   Operation 2290 'add' 'add_ln61_11' <Predicate = (!tmp)> <Delay = 0.64> <CoreInst = "DSP48">   --->   Core 127 'DSP48' <Latency = 3> <II = 1> <Delay = 0.53> <IPBlock> <Opcode : 'mul' 'add' 'sub' 'select'> <InPorts = 0> <OutPorts = 1> <Sync> <CReg>
ST_18 : Operation 2291 [1/1] (1.76ns)   --->   "%t1_V_5 = mux i8 @_ssdm_op_Mux.ap_auto.1369i8.i11, i8 %p_read11371, i8 %p_read21372, i8 %p_read31373, i8 %p_read41374, i8 %p_read51375, i8 %p_read61376, i8 %p_read_1377, i8 %p_read_1376, i8 %p_read_1375, i8 %p_read_1374, i8 %p_read_1373, i8 %p_read_1372, i8 %p_read_1371, i8 %p_read_1370, i8 %p_read_1369, i8 %p_read_1368, i8 %p_read_1367, i8 %p_read_1366, i8 %p_read_1365, i8 %p_read_1364, i8 %p_read_1363, i8 %p_read_1362, i8 %p_read_1361, i8 %p_read_1360, i8 %p_read_1359, i8 %p_read_1358, i8 %p_read_1357, i8 %p_read_1356, i8 %p_read_1355, i8 %p_read_1354, i8 %p_read_1353, i8 %p_read_1352, i8 %p_read_1351, i8 %p_read_1350, i8 %p_read_1349, i8 %p_read_1348, i8 %p_read_1347, i8 %p_read_1346, i8 %p_read_1345, i8 %p_read_1344, i8 %p_read_1343, i8 %p_read_1342, i8 %p_read_1341, i8 %p_read_1340, i8 %p_read_1339, i8 %p_read_1338, i8 %p_read_1337, i8 %p_read_1336, i8 %p_read_1335, i8 %p_read_1334, i8 %p_read_1333, i8 %p_read_1332, i8 %p_read_1331, i8 %p_read_1330, i8 %p_read_1329, i8 %p_read_1328, i8 %p_read_1327, i8 %p_read_1326, i8 %p_read_1325, i8 %p_read_1324, i8 %p_read_1323, i8 %p_read_1322, i8 %p_read_1321, i8 %p_read_1320, i8 %p_read_1319, i8 %p_read_1318, i8 %p_read_1317, i8 %p_read_1316, i8 %p_read_1315, i8 %p_read_1314, i8 %p_read_1313, i8 %p_read_1312, i8 %p_read_1311, i8 %p_read_1310, i8 %p_read_1309, i8 %p_read_1308, i8 %p_read_1307, i8 %p_read_1306, i8 %p_read_1305, i8 %p_read_1304, i8 %p_read_1303, i8 %p_read_1302, i8 %p_read_1301, i8 %p_read_1300, i8 %p_read_1299, i8 %p_read_1298, i8 %p_read_1297, i8 %p_read_1296, i8 %p_read_1295, i8 %p_read_1294, i8 %p_read_1293, i8 %p_read_1292, i8 %p_read_1291, i8 %p_read_1290, i8 %p_read_1289, i8 %p_read_1288, i8 %p_read_1287, i8 %p_read_1286, i8 %p_read_1285, i8 %p_read_1284, i8 %p_read_1283, i8 %p_read_1282, i8 %p_read_1281, i8 %p_read_1280, i8 %p_read_1279, i8 %p_read_1278, i8 %p_read_1277, i8 %p_read_1276, i8 %p_read_1275, i8 %p_read_1274, i8 %p_read_1273, i8 %p_read_1272, i8 %p_read_1271, i8 %p_read_1270, i8 %p_read_1269, i8 %p_read_1268, i8 %p_read_1267, i8 %p_read_1266, i8 %p_read_1265, i8 %p_read_1264, i8 %p_read_1263, i8 %p_read_1262, i8 %p_read_1261, i8 %p_read_1260, i8 %p_read_1259, i8 %p_read_1258, i8 %p_read_1257, i8 %p_read_1256, i8 %p_read_1255, i8 %p_read_1254, i8 %p_read_1253, i8 %p_read_1252, i8 %p_read_1251, i8 %p_read_1250, i8 %p_read_1249, i8 %p_read_1248, i8 %p_read_1247, i8 %p_read_1246, i8 %p_read_1245, i8 %p_read_1244, i8 %p_read_1243, i8 %p_read_1242, i8 %p_read_1241, i8 %p_read_1240, i8 %p_read_1239, i8 %p_read_1238, i8 %p_read_1237, i8 %p_read_1236, i8 %p_read_1235, i8 %p_read_1234, i8 %p_read_1233, i8 %p_read_1232, i8 %p_read_1231, i8 %p_read_1230, i8 %p_read_1229, i8 %p_read_1228, i8 %p_read_1227, i8 %p_read_1226, i8 %p_read_1225, i8 %p_read_1224, i8 %p_read_1223, i8 %p_read_1222, i8 %p_read_1221, i8 %p_read_1220, i8 %p_read_1219, i8 %p_read_1218, i8 %p_read_1217, i8 %p_read_1216, i8 %p_read_1215, i8 %p_read_1214, i8 %p_read_1213, i8 %p_read_1212, i8 %p_read_1211, i8 %p_read_1210, i8 %p_read_1209, i8 %p_read_1208, i8 %p_read_1207, i8 %p_read_1206, i8 %p_read_1205, i8 %p_read_1204, i8 %p_read_1203, i8 %p_read_1202, i8 %p_read_1201, i8 %p_read_1200, i8 %p_read_1199, i8 %p_read_1198, i8 %p_read_1197, i8 %p_read_1196, i8 %p_read_1195, i8 %p_read_1194, i8 %p_read_1193, i8 %p_read_1192, i8 %p_read_1191, i8 %p_read_1190, i8 %p_read_1189, i8 %p_read_1188, i8 %p_read_1187, i8 %p_read_1186, i8 %p_read_1185, i8 %p_read_1184, i8 %p_read_1183, i8 %p_read_1182, i8 %p_read_1181, i8 %p_read_1180, i8 %p_read_1179, i8 %p_read_1178, i8 %p_read_1177, i8 %p_read_1176, i8 %p_read_1175, i8 %p_read_1174, i8 %p_read_1173, i8 %p_read_1172, i8 %p_read_1171, i8 %p_read_1170, i8 %p_read_1169, i8 %p_read_1168, i8 %p_read_1167, i8 %p_read_1166, i8 %p_read_1165, i8 %p_read_1164, i8 %p_read_1163, i8 %p_read_1162, i8 %p_read_1161, i8 %p_read_1160, i8 %p_read_1159, i8 %p_read_1158, i8 %p_read_1157, i8 %p_read_1156, i8 %p_read_1155, i8 %p_read_1154, i8 %p_read_1153, i8 %p_read_1152, i8 %p_read_1151, i8 %p_read_1150, i8 %p_read_1149, i8 %p_read_1148, i8 %p_read_1147, i8 %p_read_1146, i8 %p_read_1145, i8 %p_read_1144, i8 %p_read_1143, i8 %p_read_1142, i8 %p_read_1141, i8 %p_read_1140, i8 %p_read_1139, i8 %p_read_1138, i8 %p_read_1137, i8 %p_read_1136, i8 %p_read_1135, i8 %p_read_1134, i8 %p_read_1133, i8 %p_read_1132, i8 %p_read_1131, i8 %p_read_1130, i8 %p_read_1129, i8 %p_read_1128, i8 %p_read_1127, i8 %p_read_1126, i8 %p_read_1125, i8 %p_read_1124, i8 %p_read_1123, i8 %p_read_1122, i8 %p_read_1121, i8 %p_read_1120, i8 %p_read_1119, i8 %p_read_1118, i8 %p_read_1117, i8 %p_read_1116, i8 %p_read_1115, i8 %p_read_1114, i8 %p_read_1113, i8 %p_read_1112, i8 %p_read_1111, i8 %p_read_1110, i8 %p_read_1109, i8 %p_read_1108, i8 %p_read_1107, i8 %p_read_1106, i8 %p_read_1105, i8 %p_read_1104, i8 %p_read_1103, i8 %p_read_1102, i8 %p_read_1101, i8 %p_read_1100, i8 %p_read_1099, i8 %p_read_1098, i8 %p_read_1097, i8 %p_read_1096, i8 %p_read_1095, i8 %p_read_1094, i8 %p_read_1093, i8 %p_read_1092, i8 %p_read_1091, i8 %p_read_1090, i8 %p_read_1089, i8 %p_read_1088, i8 %p_read_1087, i8 %p_read_1086, i8 %p_read_1085, i8 %p_read_1084, i8 %p_read_1083, i8 %p_read_1082, i8 %p_read_1081, i8 %p_read_1080, i8 %p_read_1079, i8 %p_read_1078, i8 %p_read_1077, i8 %p_read_1076, i8 %p_read_1075, i8 %p_read_1074, i8 %p_read_1073, i8 %p_read_1072, i8 %p_read_1071, i8 %p_read_1070, i8 %p_read_1069, i8 %p_read_1068, i8 %p_read_1067, i8 %p_read_1066, i8 %p_read_1065, i8 %p_read_1064, i8 %p_read_1063, i8 %p_read_1062, i8 %p_read_1061, i8 %p_read_1060, i8 %p_read_1059, i8 %p_read_1058, i8 %p_read_1057, i8 %p_read_1056, i8 %p_read_1055, i8 %p_read_1054, i8 %p_read_1053, i8 %p_read_1052, i8 %p_read_1051, i8 %p_read_1050, i8 %p_read_1049, i8 %p_read_1048, i8 %p_read_1047, i8 %p_read_1046, i8 %p_read_1045, i8 %p_read_1044, i8 %p_read_1043, i8 %p_read_1042, i8 %p_read_1041, i8 %p_read_1040, i8 %p_read_1039, i8 %p_read_1038, i8 %p_read_1037, i8 %p_read_1036, i8 %p_read_1035, i8 %p_read_1034, i8 %p_read_1033, i8 %p_read_1032, i8 %p_read_1031, i8 %p_read_1030, i8 %p_read_1029, i8 %p_read_1028, i8 %p_read_1027, i8 %p_read_1026, i8 %p_read_1025, i8 %p_read_1024, i8 %p_read_1023, i8 %p_read_1022, i8 %p_read_1021, i8 %p_read_1020, i8 %p_read_1019, i8 %p_read_1018, i8 %p_read_1017, i8 %p_read_1016, i8 %p_read_1015, i8 %p_read_1014, i8 %p_read_1013, i8 %p_read_1012, i8 %p_read_1011, i8 %p_read_1010, i8 %p_read_1009, i8 %p_read_1008, i8 %p_read_1007, i8 %p_read_1006, i8 %p_read_1005, i8 %p_read_1004, i8 %p_read_1003, i8 %p_read_1002, i8 %p_read_1001, i8 %p_read_1000, i8 %p_read_999, i8 %p_read_998, i8 %p_read_997, i8 %p_read_996, i8 %p_read_995, i8 %p_read_994, i8 %p_read_993, i8 %p_read_992, i8 %p_read_991, i8 %p_read_990, i8 %p_read_989, i8 %p_read_988, i8 %p_read_987, i8 %p_read_986, i8 %p_read_985, i8 %p_read_984, i8 %p_read_983, i8 %p_read_982, i8 %p_read_981, i8 %p_read_980, i8 %p_read_979, i8 %p_read_978, i8 %p_read_977, i8 %p_read_976, i8 %p_read_975, i8 %p_read_974, i8 %p_read_973, i8 %p_read_972, i8 %p_read_971, i8 %p_read_970, i8 %p_read_969, i8 %p_read_968, i8 %p_read_967, i8 %p_read_966, i8 %p_read_965, i8 %p_read_964, i8 %p_read_963, i8 %p_read_962, i8 %p_read_961, i8 %p_read_960, i8 %p_read_959, i8 %p_read_958, i8 %p_read_957, i8 %p_read_956, i8 %p_read_955, i8 %p_read_954, i8 %p_read_953, i8 %p_read_952, i8 %p_read_951, i8 %p_read_950, i8 %p_read_949, i8 %p_read_948, i8 %p_read_947, i8 %p_read_946, i8 %p_read_945, i8 %p_read_944, i8 %p_read_943, i8 %p_read_942, i8 %p_read_941, i8 %p_read_940, i8 %p_read_939, i8 %p_read_938, i8 %p_read_937, i8 %p_read_936, i8 %p_read_935, i8 %p_read_934, i8 %p_read_933, i8 %p_read_932, i8 %p_read_931, i8 %p_read_930, i8 %p_read_929, i8 %p_read_928, i8 %p_read_927, i8 %p_read_926, i8 %p_read_925, i8 %p_read_924, i8 %p_read_923, i8 %p_read_922, i8 %p_read_921, i8 %p_read_920, i8 %p_read_919, i8 %p_read_918, i8 %p_read_917, i8 %p_read_916, i8 %p_read_915, i8 %p_read_914, i8 %p_read_913, i8 %p_read_912, i8 %p_read_911, i8 %p_read_910, i8 %p_read_909, i8 %p_read_908, i8 %p_read_907, i8 %p_read_906, i8 %p_read_905, i8 %p_read_904, i8 %p_read_903, i8 %p_read_902, i8 %p_read_901, i8 %p_read_900, i8 %p_read_899, i8 %p_read_898, i8 %p_read_897, i8 %p_read_896, i8 %p_read_895, i8 %p_read_894, i8 %p_read_893, i8 %p_read_892, i8 %p_read_891, i8 %p_read_890, i8 %p_read_889, i8 %p_read_888, i8 %p_read_887, i8 %p_read_886, i8 %p_read_885, i8 %p_read_884, i8 %p_read_883, i8 %p_read_882, i8 %p_read_881, i8 %p_read_880, i8 %p_read_879, i8 %p_read_878, i8 %p_read_877, i8 %p_read_876, i8 %p_read_875, i8 %p_read_874, i8 %p_read_873, i8 %p_read_872, i8 %p_read_871, i8 %p_read_870, i8 %p_read_869, i8 %p_read_868, i8 %p_read_867, i8 %p_read_866, i8 %p_read_865, i8 %p_read_864, i8 %p_read_863, i8 %p_read_862, i8 %p_read_861, i8 %p_read_860, i8 %p_read_859, i8 %p_read_858, i8 %p_read_857, i8 %p_read_856, i8 %p_read_855, i8 %p_read_854, i8 %p_read_853, i8 %p_read_852, i8 %p_read_851, i8 %p_read_850, i8 %p_read_849, i8 %p_read_848, i8 %p_read_847, i8 %p_read_846, i8 %p_read_845, i8 %p_read_844, i8 %p_read_843, i8 %p_read_842, i8 %p_read_841, i8 %p_read_840, i8 %p_read_839, i8 %p_read_838, i8 %p_read_837, i8 %p_read_836, i8 %p_read_835, i8 %p_read_834, i8 %p_read_833, i8 %p_read_832, i8 %p_read_831, i8 %p_read_830, i8 %p_read_829, i8 %p_read_828, i8 %p_read_827, i8 %p_read_826, i8 %p_read_825, i8 %p_read_824, i8 %p_read_823, i8 %p_read_822, i8 %p_read_821, i8 %p_read_820, i8 %p_read_819, i8 %p_read_818, i8 %p_read_817, i8 %p_read_816, i8 %p_read_815, i8 %p_read_814, i8 %p_read_813, i8 %p_read_812, i8 %p_read_811, i8 %p_read_810, i8 %p_read_809, i8 %p_read_808, i8 %p_read_807, i8 %p_read_806, i8 %p_read_805, i8 %p_read_804, i8 %p_read_803, i8 %p_read_802, i8 %p_read_801, i8 %p_read_800, i8 %p_read_799, i8 %p_read_798, i8 %p_read_797, i8 %p_read_796, i8 %p_read_795, i8 %p_read_794, i8 %p_read_793, i8 %p_read_792, i8 %p_read_791, i8 %p_read_790, i8 %p_read_789, i8 %p_read_788, i8 %p_read_787, i8 %p_read_786, i8 %p_read_785, i8 %p_read_784, i8 %p_read_783, i8 %p_read_782, i8 %p_read_781, i8 %p_read_780, i8 %p_read_779, i8 %p_read_778, i8 %p_read_777, i8 %p_read_776, i8 %p_read_775, i8 %p_read_774, i8 %p_read_773, i8 %p_read_772, i8 %p_read_771, i8 %p_read_770, i8 %p_read_769, i8 %p_read_768, i8 %p_read_767, i8 %p_read_766, i8 %p_read_765, i8 %p_read_764, i8 %p_read_763, i8 %p_read_762, i8 %p_read_761, i8 %p_read_760, i8 %p_read_759, i8 %p_read_758, i8 %p_read_757, i8 %p_read_756, i8 %p_read_755, i8 %p_read_754, i8 %p_read_753, i8 %p_read_752, i8 %p_read_751, i8 %p_read_750, i8 %p_read_749, i8 %p_read_748, i8 %p_read_747, i8 %p_read_746, i8 %p_read_745, i8 %p_read_744, i8 %p_read_743, i8 %p_read_742, i8 %p_read_741, i8 %p_read_740, i8 %p_read_739, i8 %p_read_738, i8 %p_read_737, i8 %p_read_736, i8 %p_read_735, i8 %p_read_734, i8 %p_read_733, i8 %p_read_732, i8 %p_read_731, i8 %p_read_730, i8 %p_read_729, i8 %p_read_728, i8 %p_read_727, i8 %p_read_726, i8 %p_read_725, i8 %p_read_724, i8 %p_read_723, i8 %p_read_722, i8 %p_read_721, i8 %p_read_720, i8 %p_read_719, i8 %p_read_718, i8 %p_read_717, i8 %p_read_716, i8 %p_read_715, i8 %p_read_714, i8 %p_read_713, i8 %p_read_712, i8 %p_read_711, i8 %p_read_710, i8 %p_read_709, i8 %p_read_708, i8 %p_read_707, i8 %p_read_706, i8 %p_read_705, i8 %p_read_704, i8 %p_read_703, i8 %p_read_702, i8 %p_read_701, i8 %p_read_700, i8 %p_read_699, i8 %p_read_698, i8 %p_read_697, i8 %p_read_696, i8 %p_read_695, i8 %p_read_694, i8 %p_read_693, i8 %p_read_692, i8 %p_read_691, i8 %p_read_690, i8 %p_read_689, i8 %p_read_688, i8 %p_read_687, i8 %p_read_686, i8 %p_read_685, i8 %p_read_684, i8 %p_read_683, i8 %p_read_682, i8 %p_read_681, i8 %p_read_680, i8 %p_read_679, i8 %p_read_678, i8 %p_read_677, i8 %p_read_676, i8 %p_read_675, i8 %p_read_674, i8 %p_read_673, i8 %p_read_672, i8 %p_read_671, i8 %p_read_670, i8 %p_read_669, i8 %p_read_668, i8 %p_read_667, i8 %p_read_666, i8 %p_read_665, i8 %p_read_664, i8 %p_read_663, i8 %p_read_662, i8 %p_read_661, i8 %p_read_660, i8 %p_read_659, i8 %p_read_658, i8 %p_read_657, i8 %p_read_656, i8 %p_read_655, i8 %p_read_654, i8 %p_read_653, i8 %p_read_652, i8 %p_read_651, i8 %p_read_650, i8 %p_read_649, i8 %p_read_648, i8 %p_read_647, i8 %p_read_646, i8 %p_read_645, i8 %p_read_644, i8 %p_read_643, i8 %p_read_642, i8 %p_read_641, i8 %p_read_640, i8 %p_read_639, i8 %p_read_638, i8 %p_read_637, i8 %p_read_636, i8 %p_read_635, i8 %p_read_634, i8 %p_read_633, i8 %p_read_632, i8 %p_read_631, i8 %p_read_630, i8 %p_read_629, i8 %p_read_628, i8 %p_read_627, i8 %p_read_626, i8 %p_read_625, i8 %p_read_624, i8 %p_read_623, i8 %p_read_622, i8 %p_read_621, i8 %p_read_620, i8 %p_read_619, i8 %p_read_618, i8 %p_read_617, i8 %p_read_616, i8 %p_read_615, i8 %p_read_614, i8 %p_read_613, i8 %p_read_612, i8 %p_read_611, i8 %p_read_610, i8 %p_read_609, i8 %p_read_608, i8 %p_read_607, i8 %p_read_606, i8 %p_read_605, i8 %p_read_604, i8 %p_read_603, i8 %p_read_602, i8 %p_read_601, i8 %p_read_600, i8 %p_read_599, i8 %p_read_598, i8 %p_read_597, i8 %p_read_596, i8 %p_read_595, i8 %p_read_594, i8 %p_read_593, i8 %p_read_592, i8 %p_read_591, i8 %p_read_590, i8 %p_read_589, i8 %p_read_588, i8 %p_read_587, i8 %p_read_586, i8 %p_read_585, i8 %p_read_584, i8 %p_read_583, i8 %p_read_582, i8 %p_read_581, i8 %p_read_580, i8 %p_read_579, i8 %p_read_578, i8 %p_read_577, i8 %p_read_576, i8 %p_read_575, i8 %p_read_574, i8 %p_read_573, i8 %p_read_572, i8 %p_read_571, i8 %p_read_570, i8 %p_read_569, i8 %p_read_568, i8 %p_read_567, i8 %p_read_566, i8 %p_read_565, i8 %p_read_564, i8 %p_read_563, i8 %p_read_562, i8 %p_read_561, i8 %p_read_560, i8 %p_read_559, i8 %p_read_558, i8 %p_read_557, i8 %p_read_556, i8 %p_read_555, i8 %p_read_554, i8 %p_read_553, i8 %p_read_552, i8 %p_read_551, i8 %p_read_550, i8 %p_read_549, i8 %p_read_548, i8 %p_read_547, i8 %p_read_546, i8 %p_read_545, i8 %p_read_544, i8 %p_read_543, i8 %p_read_542, i8 %p_read_541, i8 %p_read_540, i8 %p_read_539, i8 %p_read_538, i8 %p_read_537, i8 %p_read_536, i8 %p_read_535, i8 %p_read_534, i8 %p_read_533, i8 %p_read_532, i8 %p_read_531, i8 %p_read_530, i8 %p_read_529, i8 %p_read_528, i8 %p_read_527, i8 %p_read_526, i8 %p_read_525, i8 %p_read_524, i8 %p_read_523, i8 %p_read_522, i8 %p_read_521, i8 %p_read_520, i8 %p_read_519, i8 %p_read_518, i8 %p_read_517, i8 %p_read_516, i8 %p_read_515, i8 %p_read_514, i8 %p_read_513, i8 %p_read_512, i8 %p_read_511, i8 %p_read_510, i8 %p_read_509, i8 %p_read_508, i8 %p_read_507, i8 %p_read_506, i8 %p_read_505, i8 %p_read_504, i8 %p_read_503, i8 %p_read_502, i8 %p_read_501, i8 %p_read_500, i8 %p_read_499, i8 %p_read_498, i8 %p_read_497, i8 %p_read_496, i8 %p_read_495, i8 %p_read_494, i8 %p_read_493, i8 %p_read_492, i8 %p_read_491, i8 %p_read_490, i8 %p_read_489, i8 %p_read_488, i8 %p_read_487, i8 %p_read_486, i8 %p_read_485, i8 %p_read_484, i8 %p_read_483, i8 %p_read_482, i8 %p_read_481, i8 %p_read_480, i8 %p_read_479, i8 %p_read_478, i8 %p_read_477, i8 %p_read_476, i8 %p_read_475, i8 %p_read_474, i8 %p_read_473, i8 %p_read_472, i8 %p_read_471, i8 %p_read_470, i8 %p_read_469, i8 %p_read_468, i8 %p_read_467, i8 %p_read_466, i8 %p_read_465, i8 %p_read_464, i8 %p_read_463, i8 %p_read_462, i8 %p_read_461, i8 %p_read_460, i8 %p_read_459, i8 %p_read_458, i8 %p_read_457, i8 %p_read_456, i8 %p_read_455, i8 %p_read_454, i8 %p_read_453, i8 %p_read_452, i8 %p_read_451, i8 %p_read_450, i8 %p_read_449, i8 %p_read_448, i8 %p_read_447, i8 %p_read_446, i8 %p_read_445, i8 %p_read_444, i8 %p_read_443, i8 %p_read_442, i8 %p_read_441, i8 %p_read_440, i8 %p_read_439, i8 %p_read_438, i8 %p_read_437, i8 %p_read_436, i8 %p_read_435, i8 %p_read_434, i8 %p_read_433, i8 %p_read_432, i8 %p_read_431, i8 %p_read_430, i8 %p_read_429, i8 %p_read_428, i8 %p_read_427, i8 %p_read_426, i8 %p_read_425, i8 %p_read_424, i8 %p_read_423, i8 %p_read_422, i8 %p_read_421, i8 %p_read_420, i8 %p_read_419, i8 %p_read_418, i8 %p_read_417, i8 %p_read_416, i8 %p_read_415, i8 %p_read_414, i8 %p_read_413, i8 %p_read_412, i8 %p_read_411, i8 %p_read_410, i8 %p_read_409, i8 %p_read_408, i8 %p_read_407, i8 %p_read_406, i8 %p_read_405, i8 %p_read_404, i8 %p_read_403, i8 %p_read_402, i8 %p_read_401, i8 %p_read_400, i8 %p_read_399, i8 %p_read_398, i8 %p_read_397, i8 %p_read_396, i8 %p_read_395, i8 %p_read_394, i8 %p_read_393, i8 %p_read_392, i8 %p_read_391, i8 %p_read_390, i8 %p_read_389, i8 %p_read_388, i8 %p_read_387, i8 %p_read_386, i8 %p_read_385, i8 %p_read_384, i8 %p_read_383, i8 %p_read_382, i8 %p_read_381, i8 %p_read_380, i8 %p_read_379, i8 %p_read_378, i8 %p_read_377, i8 %p_read_376, i8 %p_read_375, i8 %p_read_374, i8 %p_read_373, i8 %p_read_372, i8 %p_read_371, i8 %p_read_370, i8 %p_read_369, i8 %p_read_368, i8 %p_read_367, i8 %p_read_366, i8 %p_read_365, i8 %p_read_364, i8 %p_read_363, i8 %p_read_362, i8 %p_read_361, i8 %p_read_360, i8 %p_read_359, i8 %p_read_358, i8 %p_read_357, i8 %p_read_356, i8 %p_read_355, i8 %p_read_354, i8 %p_read_353, i8 %p_read_352, i8 %p_read_351, i8 %p_read_350, i8 %p_read_349, i8 %p_read_348, i8 %p_read_347, i8 %p_read_346, i8 %p_read_345, i8 %p_read_344, i8 %p_read_343, i8 %p_read_342, i8 %p_read_341, i8 %p_read_340, i8 %p_read_339, i8 %p_read_338, i8 %p_read_337, i8 %p_read_336, i8 %p_read_335, i8 %p_read_334, i8 %p_read_333, i8 %p_read_332, i8 %p_read_331, i8 %p_read_330, i8 %p_read_329, i8 %p_read_328, i8 %p_read_327, i8 %p_read_326, i8 %p_read_325, i8 %p_read_324, i8 %p_read_323, i8 %p_read_322, i8 %p_read_321, i8 %p_read_320, i8 %p_read_319, i8 %p_read_318, i8 %p_read_317, i8 %p_read_316, i8 %p_read_315, i8 %p_read_314, i8 %p_read_313, i8 %p_read_312, i8 %p_read_311, i8 %p_read_310, i8 %p_read_309, i8 %p_read_308, i8 %p_read_307, i8 %p_read_306, i8 %p_read_305, i8 %p_read_304, i8 %p_read_303, i8 %p_read_302, i8 %p_read_301, i8 %p_read_300, i8 %p_read_299, i8 %p_read_298, i8 %p_read_297, i8 %p_read_296, i8 %p_read_295, i8 %p_read_294, i8 %p_read_293, i8 %p_read_292, i8 %p_read_291, i8 %p_read_290, i8 %p_read_289, i8 %p_read_288, i8 %p_read_287, i8 %p_read_286, i8 %p_read_285, i8 %p_read_284, i8 %p_read_283, i8 %p_read_282, i8 %p_read_281, i8 %p_read_280, i8 %p_read_279, i8 %p_read_278, i8 %p_read_277, i8 %p_read_276, i8 %p_read_275, i8 %p_read_274, i8 %p_read_273, i8 %p_read_272, i8 %p_read_271, i8 %p_read_270, i8 %p_read_269, i8 %p_read_268, i8 %p_read_267, i8 %p_read_266, i8 %p_read_265, i8 %p_read_264, i8 %p_read_263, i8 %p_read_262, i8 %p_read_261, i8 %p_read_260, i8 %p_read_259, i8 %p_read_258, i8 %p_read_257, i8 %p_read_256, i8 %p_read_255, i8 %p_read_254, i8 %p_read_253, i8 %p_read_252, i8 %p_read_251, i8 %p_read_250, i8 %p_read_249, i8 %p_read_248, i8 %p_read_247, i8 %p_read_246, i8 %p_read_245, i8 %p_read_244, i8 %p_read_243, i8 %p_read_242, i8 %p_read_241, i8 %p_read_240, i8 %p_read_239, i8 %p_read_238, i8 %p_read_237, i8 %p_read_236, i8 %p_read_235, i8 %p_read_234, i8 %p_read_233, i8 %p_read_232, i8 %p_read_231, i8 %p_read_230, i8 %p_read_229, i8 %p_read_228, i8 %p_read_227, i8 %p_read_226, i8 %p_read_225, i8 %p_read_224, i8 %p_read_223, i8 %p_read_222, i8 %p_read_221, i8 %p_read_220, i8 %p_read_219, i8 %p_read_218, i8 %p_read_217, i8 %p_read_216, i8 %p_read_215, i8 %p_read_214, i8 %p_read_213, i8 %p_read_212, i8 %p_read_211, i8 %p_read_210, i8 %p_read_209, i8 %p_read_208, i8 %p_read_207, i8 %p_read_206, i8 %p_read_205, i8 %p_read_204, i8 %p_read_203, i8 %p_read_202, i8 %p_read_201, i8 %p_read_200, i8 %p_read_199, i8 %p_read_198, i8 %p_read_197, i8 %p_read_196, i8 %p_read_195, i8 %p_read_194, i8 %p_read_193, i8 %p_read_192, i8 %p_read_191, i8 %p_read_190, i8 %p_read_189, i8 %p_read_188, i8 %p_read_187, i8 %p_read_186, i8 %p_read_185, i8 %p_read_184, i8 %p_read_183, i8 %p_read_182, i8 %p_read_181, i8 %p_read_180, i8 %p_read_179, i8 %p_read_178, i8 %p_read_177, i8 %p_read_176, i8 %p_read_175, i8 %p_read_174, i8 %p_read_173, i8 %p_read_172, i8 %p_read_171, i8 %p_read_170, i8 %p_read_169, i8 %p_read_168, i8 %p_read_167, i8 %p_read_166, i8 %p_read_165, i8 %p_read_164, i8 %p_read_163, i8 %p_read_162, i8 %p_read_161, i8 %p_read_160, i8 %p_read_159, i8 %p_read_158, i8 %p_read_157, i8 %p_read_156, i8 %p_read_155, i8 %p_read_154, i8 %p_read_153, i8 %p_read_152, i8 %p_read_151, i8 %p_read_150, i8 %p_read_149, i8 %p_read_148, i8 %p_read_147, i8 %p_read_146, i8 %p_read_145, i8 %p_read_144, i8 %p_read_143, i8 %p_read_142, i8 %p_read_141, i8 %p_read_140, i8 %p_read_139, i8 %p_read_138, i8 %p_read_137, i8 %p_read_136, i8 %p_read_135, i8 %p_read_134, i8 %p_read_133, i8 %p_read_132, i8 %p_read_131, i8 %p_read_130, i8 %p_read_129, i8 %p_read_128, i8 %p_read_127, i8 %p_read_126, i8 %p_read_125, i8 %p_read_124, i8 %p_read_123, i8 %p_read_122, i8 %p_read_121, i8 %p_read_120, i8 %p_read_119, i8 %p_read_118, i8 %p_read_117, i8 %p_read_116, i8 %p_read_115, i8 %p_read_114, i8 %p_read_113, i8 %p_read_112, i8 %p_read_111, i8 %p_read_110, i8 %p_read_109, i8 %p_read_108, i8 %p_read_107, i8 %p_read_106, i8 %p_read_105, i8 %p_read_104, i8 %p_read_103, i8 %p_read_102, i8 %p_read_101, i8 %p_read_100, i8 %p_read_99, i8 %p_read_98, i8 %p_read_97, i8 %p_read_96, i8 %p_read_95, i8 %p_read_94, i8 %p_read_93, i8 %p_read_92, i8 %p_read_91, i8 %p_read_90, i8 %p_read_89, i8 %p_read_88, i8 %p_read_87, i8 %p_read_86, i8 %p_read_85, i8 %p_read_84, i8 %p_read_83, i8 %p_read_82, i8 %p_read_81, i8 %p_read_80, i8 %p_read_79, i8 %p_read_78, i8 %p_read_77, i8 %p_read_76, i8 %p_read_75, i8 %p_read_74, i8 %p_read_73, i8 %p_read_72, i8 %p_read_71, i8 %p_read_70, i8 %p_read_69, i8 %p_read_68, i8 %p_read_67, i8 %p_read_66, i8 %p_read_65, i8 %p_read_64, i8 %p_read_63, i8 %p_read_62, i8 %p_read_61, i8 %p_read_60, i8 %p_read_59, i8 %p_read_58, i8 %p_read_57, i8 %p_read_56, i8 %p_read_55, i8 %p_read_54, i8 %p_read_53, i8 %p_read_52, i8 %p_read_51, i8 %p_read_50, i8 %p_read_49, i8 %p_read_48, i8 %p_read_47, i8 %p_read_46, i8 %p_read_45, i8 %p_read_44, i8 %p_read_43, i8 %p_read_42, i8 %p_read_41, i8 %p_read_40, i8 %p_read_39, i8 %p_read_38, i8 %p_read_37, i8 %p_read_36, i8 %p_read_35, i8 %p_read_34, i8 %p_read_33, i8 %p_read_32, i8 %p_read_31, i8 %p_read_30, i8 %p_read_29, i8 %p_read_28, i8 %p_read_27, i8 %p_read_26, i8 %p_read_25, i8 %p_read_24, i8 %p_read_23, i8 %p_read_22, i8 %p_read_21, i8 %p_read_20, i8 %p_read_19, i8 %p_read_18, i8 %p_read_17, i8 %p_read_16, i8 %p_read_15, i11 %add_ln61_11" [src/ORB.cpp:61]   --->   Operation 2291 'mux' 't1_V_5' <Predicate = (!tmp)> <Delay = 1.76> <CoreInst = "Multiplexer">   --->   Core 76 'Multiplexer' <Latency = 0> <II = 1> <Delay = 1.76> <FuncUnit> <Opcode : 'mux'> <InPorts = 2> <OutPorts = 1>
ST_18 : Operation 2292 [1/1] (0.84ns)   --->   "%p_Repl2_5 = icmp_ult  i8 %t0_V_5, i8 %t1_V_5"   --->   Operation 2292 'icmp' 'p_Repl2_5' <Predicate = (!tmp)> <Delay = 0.84> <CoreInst = "Cmp">   --->   Core 9 'Cmp' <Latency = 0> <II = 1> <Delay = 0.44> <FuncUnit> <Opcode : 'icmp'> <InPorts = 2> <OutPorts = 1>
ST_18 : Operation 2293 [1/1] (0.00ns)   --->   "%or_ln669_4 = or i8 %trunc_ln52, i8 5"   --->   Operation 2293 'or' 'or_ln669_4' <Predicate = (!tmp)> <Delay = 0.00>
ST_18 : Operation 2294 [1/1] (0.00ns)   --->   "%zext_ln669_5 = zext i8 %or_ln669_4"   --->   Operation 2294 'zext' 'zext_ln669_5' <Predicate = (!tmp)> <Delay = 0.00>
ST_18 : Operation 2295 [1/1] (0.00ns)   --->   "%p_Result_56 = bitset i256 @_ssdm_op_BitSet.i256.i256.i32.i1, i256 %p_Result_55, i32 %zext_ln669_5, i1 %p_Repl2_5"   --->   Operation 2295 'bitset' 'p_Result_56' <Predicate = (!tmp)> <Delay = 0.00>
ST_18 : Operation 2296 [1/2] (0.64ns) (root node of the DSP)   --->   "%add_ln60_13 = add i11 %mul_ln60_6, i11 %zext_ln60_13" [src/ORB.cpp:60]   --->   Operation 2296 'add' 'add_ln60_13' <Predicate = (!tmp)> <Delay = 0.64> <CoreInst = "DSP48">   --->   Core 127 'DSP48' <Latency = 3> <II = 1> <Delay = 0.53> <IPBlock> <Opcode : 'mul' 'add' 'sub' 'select'> <InPorts = 0> <OutPorts = 1> <Sync> <CReg>
ST_18 : Operation 2297 [1/1] (1.76ns)   --->   "%t0_V_6 = mux i8 @_ssdm_op_Mux.ap_auto.1369i8.i11, i8 %p_read11371, i8 %p_read21372, i8 %p_read31373, i8 %p_read41374, i8 %p_read51375, i8 %p_read61376, i8 %p_read_1377, i8 %p_read_1376, i8 %p_read_1375, i8 %p_read_1374, i8 %p_read_1373, i8 %p_read_1372, i8 %p_read_1371, i8 %p_read_1370, i8 %p_read_1369, i8 %p_read_1368, i8 %p_read_1367, i8 %p_read_1366, i8 %p_read_1365, i8 %p_read_1364, i8 %p_read_1363, i8 %p_read_1362, i8 %p_read_1361, i8 %p_read_1360, i8 %p_read_1359, i8 %p_read_1358, i8 %p_read_1357, i8 %p_read_1356, i8 %p_read_1355, i8 %p_read_1354, i8 %p_read_1353, i8 %p_read_1352, i8 %p_read_1351, i8 %p_read_1350, i8 %p_read_1349, i8 %p_read_1348, i8 %p_read_1347, i8 %p_read_1346, i8 %p_read_1345, i8 %p_read_1344, i8 %p_read_1343, i8 %p_read_1342, i8 %p_read_1341, i8 %p_read_1340, i8 %p_read_1339, i8 %p_read_1338, i8 %p_read_1337, i8 %p_read_1336, i8 %p_read_1335, i8 %p_read_1334, i8 %p_read_1333, i8 %p_read_1332, i8 %p_read_1331, i8 %p_read_1330, i8 %p_read_1329, i8 %p_read_1328, i8 %p_read_1327, i8 %p_read_1326, i8 %p_read_1325, i8 %p_read_1324, i8 %p_read_1323, i8 %p_read_1322, i8 %p_read_1321, i8 %p_read_1320, i8 %p_read_1319, i8 %p_read_1318, i8 %p_read_1317, i8 %p_read_1316, i8 %p_read_1315, i8 %p_read_1314, i8 %p_read_1313, i8 %p_read_1312, i8 %p_read_1311, i8 %p_read_1310, i8 %p_read_1309, i8 %p_read_1308, i8 %p_read_1307, i8 %p_read_1306, i8 %p_read_1305, i8 %p_read_1304, i8 %p_read_1303, i8 %p_read_1302, i8 %p_read_1301, i8 %p_read_1300, i8 %p_read_1299, i8 %p_read_1298, i8 %p_read_1297, i8 %p_read_1296, i8 %p_read_1295, i8 %p_read_1294, i8 %p_read_1293, i8 %p_read_1292, i8 %p_read_1291, i8 %p_read_1290, i8 %p_read_1289, i8 %p_read_1288, i8 %p_read_1287, i8 %p_read_1286, i8 %p_read_1285, i8 %p_read_1284, i8 %p_read_1283, i8 %p_read_1282, i8 %p_read_1281, i8 %p_read_1280, i8 %p_read_1279, i8 %p_read_1278, i8 %p_read_1277, i8 %p_read_1276, i8 %p_read_1275, i8 %p_read_1274, i8 %p_read_1273, i8 %p_read_1272, i8 %p_read_1271, i8 %p_read_1270, i8 %p_read_1269, i8 %p_read_1268, i8 %p_read_1267, i8 %p_read_1266, i8 %p_read_1265, i8 %p_read_1264, i8 %p_read_1263, i8 %p_read_1262, i8 %p_read_1261, i8 %p_read_1260, i8 %p_read_1259, i8 %p_read_1258, i8 %p_read_1257, i8 %p_read_1256, i8 %p_read_1255, i8 %p_read_1254, i8 %p_read_1253, i8 %p_read_1252, i8 %p_read_1251, i8 %p_read_1250, i8 %p_read_1249, i8 %p_read_1248, i8 %p_read_1247, i8 %p_read_1246, i8 %p_read_1245, i8 %p_read_1244, i8 %p_read_1243, i8 %p_read_1242, i8 %p_read_1241, i8 %p_read_1240, i8 %p_read_1239, i8 %p_read_1238, i8 %p_read_1237, i8 %p_read_1236, i8 %p_read_1235, i8 %p_read_1234, i8 %p_read_1233, i8 %p_read_1232, i8 %p_read_1231, i8 %p_read_1230, i8 %p_read_1229, i8 %p_read_1228, i8 %p_read_1227, i8 %p_read_1226, i8 %p_read_1225, i8 %p_read_1224, i8 %p_read_1223, i8 %p_read_1222, i8 %p_read_1221, i8 %p_read_1220, i8 %p_read_1219, i8 %p_read_1218, i8 %p_read_1217, i8 %p_read_1216, i8 %p_read_1215, i8 %p_read_1214, i8 %p_read_1213, i8 %p_read_1212, i8 %p_read_1211, i8 %p_read_1210, i8 %p_read_1209, i8 %p_read_1208, i8 %p_read_1207, i8 %p_read_1206, i8 %p_read_1205, i8 %p_read_1204, i8 %p_read_1203, i8 %p_read_1202, i8 %p_read_1201, i8 %p_read_1200, i8 %p_read_1199, i8 %p_read_1198, i8 %p_read_1197, i8 %p_read_1196, i8 %p_read_1195, i8 %p_read_1194, i8 %p_read_1193, i8 %p_read_1192, i8 %p_read_1191, i8 %p_read_1190, i8 %p_read_1189, i8 %p_read_1188, i8 %p_read_1187, i8 %p_read_1186, i8 %p_read_1185, i8 %p_read_1184, i8 %p_read_1183, i8 %p_read_1182, i8 %p_read_1181, i8 %p_read_1180, i8 %p_read_1179, i8 %p_read_1178, i8 %p_read_1177, i8 %p_read_1176, i8 %p_read_1175, i8 %p_read_1174, i8 %p_read_1173, i8 %p_read_1172, i8 %p_read_1171, i8 %p_read_1170, i8 %p_read_1169, i8 %p_read_1168, i8 %p_read_1167, i8 %p_read_1166, i8 %p_read_1165, i8 %p_read_1164, i8 %p_read_1163, i8 %p_read_1162, i8 %p_read_1161, i8 %p_read_1160, i8 %p_read_1159, i8 %p_read_1158, i8 %p_read_1157, i8 %p_read_1156, i8 %p_read_1155, i8 %p_read_1154, i8 %p_read_1153, i8 %p_read_1152, i8 %p_read_1151, i8 %p_read_1150, i8 %p_read_1149, i8 %p_read_1148, i8 %p_read_1147, i8 %p_read_1146, i8 %p_read_1145, i8 %p_read_1144, i8 %p_read_1143, i8 %p_read_1142, i8 %p_read_1141, i8 %p_read_1140, i8 %p_read_1139, i8 %p_read_1138, i8 %p_read_1137, i8 %p_read_1136, i8 %p_read_1135, i8 %p_read_1134, i8 %p_read_1133, i8 %p_read_1132, i8 %p_read_1131, i8 %p_read_1130, i8 %p_read_1129, i8 %p_read_1128, i8 %p_read_1127, i8 %p_read_1126, i8 %p_read_1125, i8 %p_read_1124, i8 %p_read_1123, i8 %p_read_1122, i8 %p_read_1121, i8 %p_read_1120, i8 %p_read_1119, i8 %p_read_1118, i8 %p_read_1117, i8 %p_read_1116, i8 %p_read_1115, i8 %p_read_1114, i8 %p_read_1113, i8 %p_read_1112, i8 %p_read_1111, i8 %p_read_1110, i8 %p_read_1109, i8 %p_read_1108, i8 %p_read_1107, i8 %p_read_1106, i8 %p_read_1105, i8 %p_read_1104, i8 %p_read_1103, i8 %p_read_1102, i8 %p_read_1101, i8 %p_read_1100, i8 %p_read_1099, i8 %p_read_1098, i8 %p_read_1097, i8 %p_read_1096, i8 %p_read_1095, i8 %p_read_1094, i8 %p_read_1093, i8 %p_read_1092, i8 %p_read_1091, i8 %p_read_1090, i8 %p_read_1089, i8 %p_read_1088, i8 %p_read_1087, i8 %p_read_1086, i8 %p_read_1085, i8 %p_read_1084, i8 %p_read_1083, i8 %p_read_1082, i8 %p_read_1081, i8 %p_read_1080, i8 %p_read_1079, i8 %p_read_1078, i8 %p_read_1077, i8 %p_read_1076, i8 %p_read_1075, i8 %p_read_1074, i8 %p_read_1073, i8 %p_read_1072, i8 %p_read_1071, i8 %p_read_1070, i8 %p_read_1069, i8 %p_read_1068, i8 %p_read_1067, i8 %p_read_1066, i8 %p_read_1065, i8 %p_read_1064, i8 %p_read_1063, i8 %p_read_1062, i8 %p_read_1061, i8 %p_read_1060, i8 %p_read_1059, i8 %p_read_1058, i8 %p_read_1057, i8 %p_read_1056, i8 %p_read_1055, i8 %p_read_1054, i8 %p_read_1053, i8 %p_read_1052, i8 %p_read_1051, i8 %p_read_1050, i8 %p_read_1049, i8 %p_read_1048, i8 %p_read_1047, i8 %p_read_1046, i8 %p_read_1045, i8 %p_read_1044, i8 %p_read_1043, i8 %p_read_1042, i8 %p_read_1041, i8 %p_read_1040, i8 %p_read_1039, i8 %p_read_1038, i8 %p_read_1037, i8 %p_read_1036, i8 %p_read_1035, i8 %p_read_1034, i8 %p_read_1033, i8 %p_read_1032, i8 %p_read_1031, i8 %p_read_1030, i8 %p_read_1029, i8 %p_read_1028, i8 %p_read_1027, i8 %p_read_1026, i8 %p_read_1025, i8 %p_read_1024, i8 %p_read_1023, i8 %p_read_1022, i8 %p_read_1021, i8 %p_read_1020, i8 %p_read_1019, i8 %p_read_1018, i8 %p_read_1017, i8 %p_read_1016, i8 %p_read_1015, i8 %p_read_1014, i8 %p_read_1013, i8 %p_read_1012, i8 %p_read_1011, i8 %p_read_1010, i8 %p_read_1009, i8 %p_read_1008, i8 %p_read_1007, i8 %p_read_1006, i8 %p_read_1005, i8 %p_read_1004, i8 %p_read_1003, i8 %p_read_1002, i8 %p_read_1001, i8 %p_read_1000, i8 %p_read_999, i8 %p_read_998, i8 %p_read_997, i8 %p_read_996, i8 %p_read_995, i8 %p_read_994, i8 %p_read_993, i8 %p_read_992, i8 %p_read_991, i8 %p_read_990, i8 %p_read_989, i8 %p_read_988, i8 %p_read_987, i8 %p_read_986, i8 %p_read_985, i8 %p_read_984, i8 %p_read_983, i8 %p_read_982, i8 %p_read_981, i8 %p_read_980, i8 %p_read_979, i8 %p_read_978, i8 %p_read_977, i8 %p_read_976, i8 %p_read_975, i8 %p_read_974, i8 %p_read_973, i8 %p_read_972, i8 %p_read_971, i8 %p_read_970, i8 %p_read_969, i8 %p_read_968, i8 %p_read_967, i8 %p_read_966, i8 %p_read_965, i8 %p_read_964, i8 %p_read_963, i8 %p_read_962, i8 %p_read_961, i8 %p_read_960, i8 %p_read_959, i8 %p_read_958, i8 %p_read_957, i8 %p_read_956, i8 %p_read_955, i8 %p_read_954, i8 %p_read_953, i8 %p_read_952, i8 %p_read_951, i8 %p_read_950, i8 %p_read_949, i8 %p_read_948, i8 %p_read_947, i8 %p_read_946, i8 %p_read_945, i8 %p_read_944, i8 %p_read_943, i8 %p_read_942, i8 %p_read_941, i8 %p_read_940, i8 %p_read_939, i8 %p_read_938, i8 %p_read_937, i8 %p_read_936, i8 %p_read_935, i8 %p_read_934, i8 %p_read_933, i8 %p_read_932, i8 %p_read_931, i8 %p_read_930, i8 %p_read_929, i8 %p_read_928, i8 %p_read_927, i8 %p_read_926, i8 %p_read_925, i8 %p_read_924, i8 %p_read_923, i8 %p_read_922, i8 %p_read_921, i8 %p_read_920, i8 %p_read_919, i8 %p_read_918, i8 %p_read_917, i8 %p_read_916, i8 %p_read_915, i8 %p_read_914, i8 %p_read_913, i8 %p_read_912, i8 %p_read_911, i8 %p_read_910, i8 %p_read_909, i8 %p_read_908, i8 %p_read_907, i8 %p_read_906, i8 %p_read_905, i8 %p_read_904, i8 %p_read_903, i8 %p_read_902, i8 %p_read_901, i8 %p_read_900, i8 %p_read_899, i8 %p_read_898, i8 %p_read_897, i8 %p_read_896, i8 %p_read_895, i8 %p_read_894, i8 %p_read_893, i8 %p_read_892, i8 %p_read_891, i8 %p_read_890, i8 %p_read_889, i8 %p_read_888, i8 %p_read_887, i8 %p_read_886, i8 %p_read_885, i8 %p_read_884, i8 %p_read_883, i8 %p_read_882, i8 %p_read_881, i8 %p_read_880, i8 %p_read_879, i8 %p_read_878, i8 %p_read_877, i8 %p_read_876, i8 %p_read_875, i8 %p_read_874, i8 %p_read_873, i8 %p_read_872, i8 %p_read_871, i8 %p_read_870, i8 %p_read_869, i8 %p_read_868, i8 %p_read_867, i8 %p_read_866, i8 %p_read_865, i8 %p_read_864, i8 %p_read_863, i8 %p_read_862, i8 %p_read_861, i8 %p_read_860, i8 %p_read_859, i8 %p_read_858, i8 %p_read_857, i8 %p_read_856, i8 %p_read_855, i8 %p_read_854, i8 %p_read_853, i8 %p_read_852, i8 %p_read_851, i8 %p_read_850, i8 %p_read_849, i8 %p_read_848, i8 %p_read_847, i8 %p_read_846, i8 %p_read_845, i8 %p_read_844, i8 %p_read_843, i8 %p_read_842, i8 %p_read_841, i8 %p_read_840, i8 %p_read_839, i8 %p_read_838, i8 %p_read_837, i8 %p_read_836, i8 %p_read_835, i8 %p_read_834, i8 %p_read_833, i8 %p_read_832, i8 %p_read_831, i8 %p_read_830, i8 %p_read_829, i8 %p_read_828, i8 %p_read_827, i8 %p_read_826, i8 %p_read_825, i8 %p_read_824, i8 %p_read_823, i8 %p_read_822, i8 %p_read_821, i8 %p_read_820, i8 %p_read_819, i8 %p_read_818, i8 %p_read_817, i8 %p_read_816, i8 %p_read_815, i8 %p_read_814, i8 %p_read_813, i8 %p_read_812, i8 %p_read_811, i8 %p_read_810, i8 %p_read_809, i8 %p_read_808, i8 %p_read_807, i8 %p_read_806, i8 %p_read_805, i8 %p_read_804, i8 %p_read_803, i8 %p_read_802, i8 %p_read_801, i8 %p_read_800, i8 %p_read_799, i8 %p_read_798, i8 %p_read_797, i8 %p_read_796, i8 %p_read_795, i8 %p_read_794, i8 %p_read_793, i8 %p_read_792, i8 %p_read_791, i8 %p_read_790, i8 %p_read_789, i8 %p_read_788, i8 %p_read_787, i8 %p_read_786, i8 %p_read_785, i8 %p_read_784, i8 %p_read_783, i8 %p_read_782, i8 %p_read_781, i8 %p_read_780, i8 %p_read_779, i8 %p_read_778, i8 %p_read_777, i8 %p_read_776, i8 %p_read_775, i8 %p_read_774, i8 %p_read_773, i8 %p_read_772, i8 %p_read_771, i8 %p_read_770, i8 %p_read_769, i8 %p_read_768, i8 %p_read_767, i8 %p_read_766, i8 %p_read_765, i8 %p_read_764, i8 %p_read_763, i8 %p_read_762, i8 %p_read_761, i8 %p_read_760, i8 %p_read_759, i8 %p_read_758, i8 %p_read_757, i8 %p_read_756, i8 %p_read_755, i8 %p_read_754, i8 %p_read_753, i8 %p_read_752, i8 %p_read_751, i8 %p_read_750, i8 %p_read_749, i8 %p_read_748, i8 %p_read_747, i8 %p_read_746, i8 %p_read_745, i8 %p_read_744, i8 %p_read_743, i8 %p_read_742, i8 %p_read_741, i8 %p_read_740, i8 %p_read_739, i8 %p_read_738, i8 %p_read_737, i8 %p_read_736, i8 %p_read_735, i8 %p_read_734, i8 %p_read_733, i8 %p_read_732, i8 %p_read_731, i8 %p_read_730, i8 %p_read_729, i8 %p_read_728, i8 %p_read_727, i8 %p_read_726, i8 %p_read_725, i8 %p_read_724, i8 %p_read_723, i8 %p_read_722, i8 %p_read_721, i8 %p_read_720, i8 %p_read_719, i8 %p_read_718, i8 %p_read_717, i8 %p_read_716, i8 %p_read_715, i8 %p_read_714, i8 %p_read_713, i8 %p_read_712, i8 %p_read_711, i8 %p_read_710, i8 %p_read_709, i8 %p_read_708, i8 %p_read_707, i8 %p_read_706, i8 %p_read_705, i8 %p_read_704, i8 %p_read_703, i8 %p_read_702, i8 %p_read_701, i8 %p_read_700, i8 %p_read_699, i8 %p_read_698, i8 %p_read_697, i8 %p_read_696, i8 %p_read_695, i8 %p_read_694, i8 %p_read_693, i8 %p_read_692, i8 %p_read_691, i8 %p_read_690, i8 %p_read_689, i8 %p_read_688, i8 %p_read_687, i8 %p_read_686, i8 %p_read_685, i8 %p_read_684, i8 %p_read_683, i8 %p_read_682, i8 %p_read_681, i8 %p_read_680, i8 %p_read_679, i8 %p_read_678, i8 %p_read_677, i8 %p_read_676, i8 %p_read_675, i8 %p_read_674, i8 %p_read_673, i8 %p_read_672, i8 %p_read_671, i8 %p_read_670, i8 %p_read_669, i8 %p_read_668, i8 %p_read_667, i8 %p_read_666, i8 %p_read_665, i8 %p_read_664, i8 %p_read_663, i8 %p_read_662, i8 %p_read_661, i8 %p_read_660, i8 %p_read_659, i8 %p_read_658, i8 %p_read_657, i8 %p_read_656, i8 %p_read_655, i8 %p_read_654, i8 %p_read_653, i8 %p_read_652, i8 %p_read_651, i8 %p_read_650, i8 %p_read_649, i8 %p_read_648, i8 %p_read_647, i8 %p_read_646, i8 %p_read_645, i8 %p_read_644, i8 %p_read_643, i8 %p_read_642, i8 %p_read_641, i8 %p_read_640, i8 %p_read_639, i8 %p_read_638, i8 %p_read_637, i8 %p_read_636, i8 %p_read_635, i8 %p_read_634, i8 %p_read_633, i8 %p_read_632, i8 %p_read_631, i8 %p_read_630, i8 %p_read_629, i8 %p_read_628, i8 %p_read_627, i8 %p_read_626, i8 %p_read_625, i8 %p_read_624, i8 %p_read_623, i8 %p_read_622, i8 %p_read_621, i8 %p_read_620, i8 %p_read_619, i8 %p_read_618, i8 %p_read_617, i8 %p_read_616, i8 %p_read_615, i8 %p_read_614, i8 %p_read_613, i8 %p_read_612, i8 %p_read_611, i8 %p_read_610, i8 %p_read_609, i8 %p_read_608, i8 %p_read_607, i8 %p_read_606, i8 %p_read_605, i8 %p_read_604, i8 %p_read_603, i8 %p_read_602, i8 %p_read_601, i8 %p_read_600, i8 %p_read_599, i8 %p_read_598, i8 %p_read_597, i8 %p_read_596, i8 %p_read_595, i8 %p_read_594, i8 %p_read_593, i8 %p_read_592, i8 %p_read_591, i8 %p_read_590, i8 %p_read_589, i8 %p_read_588, i8 %p_read_587, i8 %p_read_586, i8 %p_read_585, i8 %p_read_584, i8 %p_read_583, i8 %p_read_582, i8 %p_read_581, i8 %p_read_580, i8 %p_read_579, i8 %p_read_578, i8 %p_read_577, i8 %p_read_576, i8 %p_read_575, i8 %p_read_574, i8 %p_read_573, i8 %p_read_572, i8 %p_read_571, i8 %p_read_570, i8 %p_read_569, i8 %p_read_568, i8 %p_read_567, i8 %p_read_566, i8 %p_read_565, i8 %p_read_564, i8 %p_read_563, i8 %p_read_562, i8 %p_read_561, i8 %p_read_560, i8 %p_read_559, i8 %p_read_558, i8 %p_read_557, i8 %p_read_556, i8 %p_read_555, i8 %p_read_554, i8 %p_read_553, i8 %p_read_552, i8 %p_read_551, i8 %p_read_550, i8 %p_read_549, i8 %p_read_548, i8 %p_read_547, i8 %p_read_546, i8 %p_read_545, i8 %p_read_544, i8 %p_read_543, i8 %p_read_542, i8 %p_read_541, i8 %p_read_540, i8 %p_read_539, i8 %p_read_538, i8 %p_read_537, i8 %p_read_536, i8 %p_read_535, i8 %p_read_534, i8 %p_read_533, i8 %p_read_532, i8 %p_read_531, i8 %p_read_530, i8 %p_read_529, i8 %p_read_528, i8 %p_read_527, i8 %p_read_526, i8 %p_read_525, i8 %p_read_524, i8 %p_read_523, i8 %p_read_522, i8 %p_read_521, i8 %p_read_520, i8 %p_read_519, i8 %p_read_518, i8 %p_read_517, i8 %p_read_516, i8 %p_read_515, i8 %p_read_514, i8 %p_read_513, i8 %p_read_512, i8 %p_read_511, i8 %p_read_510, i8 %p_read_509, i8 %p_read_508, i8 %p_read_507, i8 %p_read_506, i8 %p_read_505, i8 %p_read_504, i8 %p_read_503, i8 %p_read_502, i8 %p_read_501, i8 %p_read_500, i8 %p_read_499, i8 %p_read_498, i8 %p_read_497, i8 %p_read_496, i8 %p_read_495, i8 %p_read_494, i8 %p_read_493, i8 %p_read_492, i8 %p_read_491, i8 %p_read_490, i8 %p_read_489, i8 %p_read_488, i8 %p_read_487, i8 %p_read_486, i8 %p_read_485, i8 %p_read_484, i8 %p_read_483, i8 %p_read_482, i8 %p_read_481, i8 %p_read_480, i8 %p_read_479, i8 %p_read_478, i8 %p_read_477, i8 %p_read_476, i8 %p_read_475, i8 %p_read_474, i8 %p_read_473, i8 %p_read_472, i8 %p_read_471, i8 %p_read_470, i8 %p_read_469, i8 %p_read_468, i8 %p_read_467, i8 %p_read_466, i8 %p_read_465, i8 %p_read_464, i8 %p_read_463, i8 %p_read_462, i8 %p_read_461, i8 %p_read_460, i8 %p_read_459, i8 %p_read_458, i8 %p_read_457, i8 %p_read_456, i8 %p_read_455, i8 %p_read_454, i8 %p_read_453, i8 %p_read_452, i8 %p_read_451, i8 %p_read_450, i8 %p_read_449, i8 %p_read_448, i8 %p_read_447, i8 %p_read_446, i8 %p_read_445, i8 %p_read_444, i8 %p_read_443, i8 %p_read_442, i8 %p_read_441, i8 %p_read_440, i8 %p_read_439, i8 %p_read_438, i8 %p_read_437, i8 %p_read_436, i8 %p_read_435, i8 %p_read_434, i8 %p_read_433, i8 %p_read_432, i8 %p_read_431, i8 %p_read_430, i8 %p_read_429, i8 %p_read_428, i8 %p_read_427, i8 %p_read_426, i8 %p_read_425, i8 %p_read_424, i8 %p_read_423, i8 %p_read_422, i8 %p_read_421, i8 %p_read_420, i8 %p_read_419, i8 %p_read_418, i8 %p_read_417, i8 %p_read_416, i8 %p_read_415, i8 %p_read_414, i8 %p_read_413, i8 %p_read_412, i8 %p_read_411, i8 %p_read_410, i8 %p_read_409, i8 %p_read_408, i8 %p_read_407, i8 %p_read_406, i8 %p_read_405, i8 %p_read_404, i8 %p_read_403, i8 %p_read_402, i8 %p_read_401, i8 %p_read_400, i8 %p_read_399, i8 %p_read_398, i8 %p_read_397, i8 %p_read_396, i8 %p_read_395, i8 %p_read_394, i8 %p_read_393, i8 %p_read_392, i8 %p_read_391, i8 %p_read_390, i8 %p_read_389, i8 %p_read_388, i8 %p_read_387, i8 %p_read_386, i8 %p_read_385, i8 %p_read_384, i8 %p_read_383, i8 %p_read_382, i8 %p_read_381, i8 %p_read_380, i8 %p_read_379, i8 %p_read_378, i8 %p_read_377, i8 %p_read_376, i8 %p_read_375, i8 %p_read_374, i8 %p_read_373, i8 %p_read_372, i8 %p_read_371, i8 %p_read_370, i8 %p_read_369, i8 %p_read_368, i8 %p_read_367, i8 %p_read_366, i8 %p_read_365, i8 %p_read_364, i8 %p_read_363, i8 %p_read_362, i8 %p_read_361, i8 %p_read_360, i8 %p_read_359, i8 %p_read_358, i8 %p_read_357, i8 %p_read_356, i8 %p_read_355, i8 %p_read_354, i8 %p_read_353, i8 %p_read_352, i8 %p_read_351, i8 %p_read_350, i8 %p_read_349, i8 %p_read_348, i8 %p_read_347, i8 %p_read_346, i8 %p_read_345, i8 %p_read_344, i8 %p_read_343, i8 %p_read_342, i8 %p_read_341, i8 %p_read_340, i8 %p_read_339, i8 %p_read_338, i8 %p_read_337, i8 %p_read_336, i8 %p_read_335, i8 %p_read_334, i8 %p_read_333, i8 %p_read_332, i8 %p_read_331, i8 %p_read_330, i8 %p_read_329, i8 %p_read_328, i8 %p_read_327, i8 %p_read_326, i8 %p_read_325, i8 %p_read_324, i8 %p_read_323, i8 %p_read_322, i8 %p_read_321, i8 %p_read_320, i8 %p_read_319, i8 %p_read_318, i8 %p_read_317, i8 %p_read_316, i8 %p_read_315, i8 %p_read_314, i8 %p_read_313, i8 %p_read_312, i8 %p_read_311, i8 %p_read_310, i8 %p_read_309, i8 %p_read_308, i8 %p_read_307, i8 %p_read_306, i8 %p_read_305, i8 %p_read_304, i8 %p_read_303, i8 %p_read_302, i8 %p_read_301, i8 %p_read_300, i8 %p_read_299, i8 %p_read_298, i8 %p_read_297, i8 %p_read_296, i8 %p_read_295, i8 %p_read_294, i8 %p_read_293, i8 %p_read_292, i8 %p_read_291, i8 %p_read_290, i8 %p_read_289, i8 %p_read_288, i8 %p_read_287, i8 %p_read_286, i8 %p_read_285, i8 %p_read_284, i8 %p_read_283, i8 %p_read_282, i8 %p_read_281, i8 %p_read_280, i8 %p_read_279, i8 %p_read_278, i8 %p_read_277, i8 %p_read_276, i8 %p_read_275, i8 %p_read_274, i8 %p_read_273, i8 %p_read_272, i8 %p_read_271, i8 %p_read_270, i8 %p_read_269, i8 %p_read_268, i8 %p_read_267, i8 %p_read_266, i8 %p_read_265, i8 %p_read_264, i8 %p_read_263, i8 %p_read_262, i8 %p_read_261, i8 %p_read_260, i8 %p_read_259, i8 %p_read_258, i8 %p_read_257, i8 %p_read_256, i8 %p_read_255, i8 %p_read_254, i8 %p_read_253, i8 %p_read_252, i8 %p_read_251, i8 %p_read_250, i8 %p_read_249, i8 %p_read_248, i8 %p_read_247, i8 %p_read_246, i8 %p_read_245, i8 %p_read_244, i8 %p_read_243, i8 %p_read_242, i8 %p_read_241, i8 %p_read_240, i8 %p_read_239, i8 %p_read_238, i8 %p_read_237, i8 %p_read_236, i8 %p_read_235, i8 %p_read_234, i8 %p_read_233, i8 %p_read_232, i8 %p_read_231, i8 %p_read_230, i8 %p_read_229, i8 %p_read_228, i8 %p_read_227, i8 %p_read_226, i8 %p_read_225, i8 %p_read_224, i8 %p_read_223, i8 %p_read_222, i8 %p_read_221, i8 %p_read_220, i8 %p_read_219, i8 %p_read_218, i8 %p_read_217, i8 %p_read_216, i8 %p_read_215, i8 %p_read_214, i8 %p_read_213, i8 %p_read_212, i8 %p_read_211, i8 %p_read_210, i8 %p_read_209, i8 %p_read_208, i8 %p_read_207, i8 %p_read_206, i8 %p_read_205, i8 %p_read_204, i8 %p_read_203, i8 %p_read_202, i8 %p_read_201, i8 %p_read_200, i8 %p_read_199, i8 %p_read_198, i8 %p_read_197, i8 %p_read_196, i8 %p_read_195, i8 %p_read_194, i8 %p_read_193, i8 %p_read_192, i8 %p_read_191, i8 %p_read_190, i8 %p_read_189, i8 %p_read_188, i8 %p_read_187, i8 %p_read_186, i8 %p_read_185, i8 %p_read_184, i8 %p_read_183, i8 %p_read_182, i8 %p_read_181, i8 %p_read_180, i8 %p_read_179, i8 %p_read_178, i8 %p_read_177, i8 %p_read_176, i8 %p_read_175, i8 %p_read_174, i8 %p_read_173, i8 %p_read_172, i8 %p_read_171, i8 %p_read_170, i8 %p_read_169, i8 %p_read_168, i8 %p_read_167, i8 %p_read_166, i8 %p_read_165, i8 %p_read_164, i8 %p_read_163, i8 %p_read_162, i8 %p_read_161, i8 %p_read_160, i8 %p_read_159, i8 %p_read_158, i8 %p_read_157, i8 %p_read_156, i8 %p_read_155, i8 %p_read_154, i8 %p_read_153, i8 %p_read_152, i8 %p_read_151, i8 %p_read_150, i8 %p_read_149, i8 %p_read_148, i8 %p_read_147, i8 %p_read_146, i8 %p_read_145, i8 %p_read_144, i8 %p_read_143, i8 %p_read_142, i8 %p_read_141, i8 %p_read_140, i8 %p_read_139, i8 %p_read_138, i8 %p_read_137, i8 %p_read_136, i8 %p_read_135, i8 %p_read_134, i8 %p_read_133, i8 %p_read_132, i8 %p_read_131, i8 %p_read_130, i8 %p_read_129, i8 %p_read_128, i8 %p_read_127, i8 %p_read_126, i8 %p_read_125, i8 %p_read_124, i8 %p_read_123, i8 %p_read_122, i8 %p_read_121, i8 %p_read_120, i8 %p_read_119, i8 %p_read_118, i8 %p_read_117, i8 %p_read_116, i8 %p_read_115, i8 %p_read_114, i8 %p_read_113, i8 %p_read_112, i8 %p_read_111, i8 %p_read_110, i8 %p_read_109, i8 %p_read_108, i8 %p_read_107, i8 %p_read_106, i8 %p_read_105, i8 %p_read_104, i8 %p_read_103, i8 %p_read_102, i8 %p_read_101, i8 %p_read_100, i8 %p_read_99, i8 %p_read_98, i8 %p_read_97, i8 %p_read_96, i8 %p_read_95, i8 %p_read_94, i8 %p_read_93, i8 %p_read_92, i8 %p_read_91, i8 %p_read_90, i8 %p_read_89, i8 %p_read_88, i8 %p_read_87, i8 %p_read_86, i8 %p_read_85, i8 %p_read_84, i8 %p_read_83, i8 %p_read_82, i8 %p_read_81, i8 %p_read_80, i8 %p_read_79, i8 %p_read_78, i8 %p_read_77, i8 %p_read_76, i8 %p_read_75, i8 %p_read_74, i8 %p_read_73, i8 %p_read_72, i8 %p_read_71, i8 %p_read_70, i8 %p_read_69, i8 %p_read_68, i8 %p_read_67, i8 %p_read_66, i8 %p_read_65, i8 %p_read_64, i8 %p_read_63, i8 %p_read_62, i8 %p_read_61, i8 %p_read_60, i8 %p_read_59, i8 %p_read_58, i8 %p_read_57, i8 %p_read_56, i8 %p_read_55, i8 %p_read_54, i8 %p_read_53, i8 %p_read_52, i8 %p_read_51, i8 %p_read_50, i8 %p_read_49, i8 %p_read_48, i8 %p_read_47, i8 %p_read_46, i8 %p_read_45, i8 %p_read_44, i8 %p_read_43, i8 %p_read_42, i8 %p_read_41, i8 %p_read_40, i8 %p_read_39, i8 %p_read_38, i8 %p_read_37, i8 %p_read_36, i8 %p_read_35, i8 %p_read_34, i8 %p_read_33, i8 %p_read_32, i8 %p_read_31, i8 %p_read_30, i8 %p_read_29, i8 %p_read_28, i8 %p_read_27, i8 %p_read_26, i8 %p_read_25, i8 %p_read_24, i8 %p_read_23, i8 %p_read_22, i8 %p_read_21, i8 %p_read_20, i8 %p_read_19, i8 %p_read_18, i8 %p_read_17, i8 %p_read_16, i8 %p_read_15, i11 %add_ln60_13" [src/ORB.cpp:60]   --->   Operation 2297 'mux' 't0_V_6' <Predicate = (!tmp)> <Delay = 1.76> <CoreInst = "Multiplexer">   --->   Core 76 'Multiplexer' <Latency = 0> <II = 1> <Delay = 1.76> <FuncUnit> <Opcode : 'mux'> <InPorts = 2> <OutPorts = 1>
ST_18 : Operation 2298 [1/2] (0.64ns) (root node of the DSP)   --->   "%add_ln61_13 = add i11 %mul_ln61_6, i11 %zext_ln61_13" [src/ORB.cpp:61]   --->   Operation 2298 'add' 'add_ln61_13' <Predicate = (!tmp)> <Delay = 0.64> <CoreInst = "DSP48">   --->   Core 127 'DSP48' <Latency = 3> <II = 1> <Delay = 0.53> <IPBlock> <Opcode : 'mul' 'add' 'sub' 'select'> <InPorts = 0> <OutPorts = 1> <Sync> <CReg>
ST_18 : Operation 2299 [1/1] (1.76ns)   --->   "%t1_V_6 = mux i8 @_ssdm_op_Mux.ap_auto.1369i8.i11, i8 %p_read11371, i8 %p_read21372, i8 %p_read31373, i8 %p_read41374, i8 %p_read51375, i8 %p_read61376, i8 %p_read_1377, i8 %p_read_1376, i8 %p_read_1375, i8 %p_read_1374, i8 %p_read_1373, i8 %p_read_1372, i8 %p_read_1371, i8 %p_read_1370, i8 %p_read_1369, i8 %p_read_1368, i8 %p_read_1367, i8 %p_read_1366, i8 %p_read_1365, i8 %p_read_1364, i8 %p_read_1363, i8 %p_read_1362, i8 %p_read_1361, i8 %p_read_1360, i8 %p_read_1359, i8 %p_read_1358, i8 %p_read_1357, i8 %p_read_1356, i8 %p_read_1355, i8 %p_read_1354, i8 %p_read_1353, i8 %p_read_1352, i8 %p_read_1351, i8 %p_read_1350, i8 %p_read_1349, i8 %p_read_1348, i8 %p_read_1347, i8 %p_read_1346, i8 %p_read_1345, i8 %p_read_1344, i8 %p_read_1343, i8 %p_read_1342, i8 %p_read_1341, i8 %p_read_1340, i8 %p_read_1339, i8 %p_read_1338, i8 %p_read_1337, i8 %p_read_1336, i8 %p_read_1335, i8 %p_read_1334, i8 %p_read_1333, i8 %p_read_1332, i8 %p_read_1331, i8 %p_read_1330, i8 %p_read_1329, i8 %p_read_1328, i8 %p_read_1327, i8 %p_read_1326, i8 %p_read_1325, i8 %p_read_1324, i8 %p_read_1323, i8 %p_read_1322, i8 %p_read_1321, i8 %p_read_1320, i8 %p_read_1319, i8 %p_read_1318, i8 %p_read_1317, i8 %p_read_1316, i8 %p_read_1315, i8 %p_read_1314, i8 %p_read_1313, i8 %p_read_1312, i8 %p_read_1311, i8 %p_read_1310, i8 %p_read_1309, i8 %p_read_1308, i8 %p_read_1307, i8 %p_read_1306, i8 %p_read_1305, i8 %p_read_1304, i8 %p_read_1303, i8 %p_read_1302, i8 %p_read_1301, i8 %p_read_1300, i8 %p_read_1299, i8 %p_read_1298, i8 %p_read_1297, i8 %p_read_1296, i8 %p_read_1295, i8 %p_read_1294, i8 %p_read_1293, i8 %p_read_1292, i8 %p_read_1291, i8 %p_read_1290, i8 %p_read_1289, i8 %p_read_1288, i8 %p_read_1287, i8 %p_read_1286, i8 %p_read_1285, i8 %p_read_1284, i8 %p_read_1283, i8 %p_read_1282, i8 %p_read_1281, i8 %p_read_1280, i8 %p_read_1279, i8 %p_read_1278, i8 %p_read_1277, i8 %p_read_1276, i8 %p_read_1275, i8 %p_read_1274, i8 %p_read_1273, i8 %p_read_1272, i8 %p_read_1271, i8 %p_read_1270, i8 %p_read_1269, i8 %p_read_1268, i8 %p_read_1267, i8 %p_read_1266, i8 %p_read_1265, i8 %p_read_1264, i8 %p_read_1263, i8 %p_read_1262, i8 %p_read_1261, i8 %p_read_1260, i8 %p_read_1259, i8 %p_read_1258, i8 %p_read_1257, i8 %p_read_1256, i8 %p_read_1255, i8 %p_read_1254, i8 %p_read_1253, i8 %p_read_1252, i8 %p_read_1251, i8 %p_read_1250, i8 %p_read_1249, i8 %p_read_1248, i8 %p_read_1247, i8 %p_read_1246, i8 %p_read_1245, i8 %p_read_1244, i8 %p_read_1243, i8 %p_read_1242, i8 %p_read_1241, i8 %p_read_1240, i8 %p_read_1239, i8 %p_read_1238, i8 %p_read_1237, i8 %p_read_1236, i8 %p_read_1235, i8 %p_read_1234, i8 %p_read_1233, i8 %p_read_1232, i8 %p_read_1231, i8 %p_read_1230, i8 %p_read_1229, i8 %p_read_1228, i8 %p_read_1227, i8 %p_read_1226, i8 %p_read_1225, i8 %p_read_1224, i8 %p_read_1223, i8 %p_read_1222, i8 %p_read_1221, i8 %p_read_1220, i8 %p_read_1219, i8 %p_read_1218, i8 %p_read_1217, i8 %p_read_1216, i8 %p_read_1215, i8 %p_read_1214, i8 %p_read_1213, i8 %p_read_1212, i8 %p_read_1211, i8 %p_read_1210, i8 %p_read_1209, i8 %p_read_1208, i8 %p_read_1207, i8 %p_read_1206, i8 %p_read_1205, i8 %p_read_1204, i8 %p_read_1203, i8 %p_read_1202, i8 %p_read_1201, i8 %p_read_1200, i8 %p_read_1199, i8 %p_read_1198, i8 %p_read_1197, i8 %p_read_1196, i8 %p_read_1195, i8 %p_read_1194, i8 %p_read_1193, i8 %p_read_1192, i8 %p_read_1191, i8 %p_read_1190, i8 %p_read_1189, i8 %p_read_1188, i8 %p_read_1187, i8 %p_read_1186, i8 %p_read_1185, i8 %p_read_1184, i8 %p_read_1183, i8 %p_read_1182, i8 %p_read_1181, i8 %p_read_1180, i8 %p_read_1179, i8 %p_read_1178, i8 %p_read_1177, i8 %p_read_1176, i8 %p_read_1175, i8 %p_read_1174, i8 %p_read_1173, i8 %p_read_1172, i8 %p_read_1171, i8 %p_read_1170, i8 %p_read_1169, i8 %p_read_1168, i8 %p_read_1167, i8 %p_read_1166, i8 %p_read_1165, i8 %p_read_1164, i8 %p_read_1163, i8 %p_read_1162, i8 %p_read_1161, i8 %p_read_1160, i8 %p_read_1159, i8 %p_read_1158, i8 %p_read_1157, i8 %p_read_1156, i8 %p_read_1155, i8 %p_read_1154, i8 %p_read_1153, i8 %p_read_1152, i8 %p_read_1151, i8 %p_read_1150, i8 %p_read_1149, i8 %p_read_1148, i8 %p_read_1147, i8 %p_read_1146, i8 %p_read_1145, i8 %p_read_1144, i8 %p_read_1143, i8 %p_read_1142, i8 %p_read_1141, i8 %p_read_1140, i8 %p_read_1139, i8 %p_read_1138, i8 %p_read_1137, i8 %p_read_1136, i8 %p_read_1135, i8 %p_read_1134, i8 %p_read_1133, i8 %p_read_1132, i8 %p_read_1131, i8 %p_read_1130, i8 %p_read_1129, i8 %p_read_1128, i8 %p_read_1127, i8 %p_read_1126, i8 %p_read_1125, i8 %p_read_1124, i8 %p_read_1123, i8 %p_read_1122, i8 %p_read_1121, i8 %p_read_1120, i8 %p_read_1119, i8 %p_read_1118, i8 %p_read_1117, i8 %p_read_1116, i8 %p_read_1115, i8 %p_read_1114, i8 %p_read_1113, i8 %p_read_1112, i8 %p_read_1111, i8 %p_read_1110, i8 %p_read_1109, i8 %p_read_1108, i8 %p_read_1107, i8 %p_read_1106, i8 %p_read_1105, i8 %p_read_1104, i8 %p_read_1103, i8 %p_read_1102, i8 %p_read_1101, i8 %p_read_1100, i8 %p_read_1099, i8 %p_read_1098, i8 %p_read_1097, i8 %p_read_1096, i8 %p_read_1095, i8 %p_read_1094, i8 %p_read_1093, i8 %p_read_1092, i8 %p_read_1091, i8 %p_read_1090, i8 %p_read_1089, i8 %p_read_1088, i8 %p_read_1087, i8 %p_read_1086, i8 %p_read_1085, i8 %p_read_1084, i8 %p_read_1083, i8 %p_read_1082, i8 %p_read_1081, i8 %p_read_1080, i8 %p_read_1079, i8 %p_read_1078, i8 %p_read_1077, i8 %p_read_1076, i8 %p_read_1075, i8 %p_read_1074, i8 %p_read_1073, i8 %p_read_1072, i8 %p_read_1071, i8 %p_read_1070, i8 %p_read_1069, i8 %p_read_1068, i8 %p_read_1067, i8 %p_read_1066, i8 %p_read_1065, i8 %p_read_1064, i8 %p_read_1063, i8 %p_read_1062, i8 %p_read_1061, i8 %p_read_1060, i8 %p_read_1059, i8 %p_read_1058, i8 %p_read_1057, i8 %p_read_1056, i8 %p_read_1055, i8 %p_read_1054, i8 %p_read_1053, i8 %p_read_1052, i8 %p_read_1051, i8 %p_read_1050, i8 %p_read_1049, i8 %p_read_1048, i8 %p_read_1047, i8 %p_read_1046, i8 %p_read_1045, i8 %p_read_1044, i8 %p_read_1043, i8 %p_read_1042, i8 %p_read_1041, i8 %p_read_1040, i8 %p_read_1039, i8 %p_read_1038, i8 %p_read_1037, i8 %p_read_1036, i8 %p_read_1035, i8 %p_read_1034, i8 %p_read_1033, i8 %p_read_1032, i8 %p_read_1031, i8 %p_read_1030, i8 %p_read_1029, i8 %p_read_1028, i8 %p_read_1027, i8 %p_read_1026, i8 %p_read_1025, i8 %p_read_1024, i8 %p_read_1023, i8 %p_read_1022, i8 %p_read_1021, i8 %p_read_1020, i8 %p_read_1019, i8 %p_read_1018, i8 %p_read_1017, i8 %p_read_1016, i8 %p_read_1015, i8 %p_read_1014, i8 %p_read_1013, i8 %p_read_1012, i8 %p_read_1011, i8 %p_read_1010, i8 %p_read_1009, i8 %p_read_1008, i8 %p_read_1007, i8 %p_read_1006, i8 %p_read_1005, i8 %p_read_1004, i8 %p_read_1003, i8 %p_read_1002, i8 %p_read_1001, i8 %p_read_1000, i8 %p_read_999, i8 %p_read_998, i8 %p_read_997, i8 %p_read_996, i8 %p_read_995, i8 %p_read_994, i8 %p_read_993, i8 %p_read_992, i8 %p_read_991, i8 %p_read_990, i8 %p_read_989, i8 %p_read_988, i8 %p_read_987, i8 %p_read_986, i8 %p_read_985, i8 %p_read_984, i8 %p_read_983, i8 %p_read_982, i8 %p_read_981, i8 %p_read_980, i8 %p_read_979, i8 %p_read_978, i8 %p_read_977, i8 %p_read_976, i8 %p_read_975, i8 %p_read_974, i8 %p_read_973, i8 %p_read_972, i8 %p_read_971, i8 %p_read_970, i8 %p_read_969, i8 %p_read_968, i8 %p_read_967, i8 %p_read_966, i8 %p_read_965, i8 %p_read_964, i8 %p_read_963, i8 %p_read_962, i8 %p_read_961, i8 %p_read_960, i8 %p_read_959, i8 %p_read_958, i8 %p_read_957, i8 %p_read_956, i8 %p_read_955, i8 %p_read_954, i8 %p_read_953, i8 %p_read_952, i8 %p_read_951, i8 %p_read_950, i8 %p_read_949, i8 %p_read_948, i8 %p_read_947, i8 %p_read_946, i8 %p_read_945, i8 %p_read_944, i8 %p_read_943, i8 %p_read_942, i8 %p_read_941, i8 %p_read_940, i8 %p_read_939, i8 %p_read_938, i8 %p_read_937, i8 %p_read_936, i8 %p_read_935, i8 %p_read_934, i8 %p_read_933, i8 %p_read_932, i8 %p_read_931, i8 %p_read_930, i8 %p_read_929, i8 %p_read_928, i8 %p_read_927, i8 %p_read_926, i8 %p_read_925, i8 %p_read_924, i8 %p_read_923, i8 %p_read_922, i8 %p_read_921, i8 %p_read_920, i8 %p_read_919, i8 %p_read_918, i8 %p_read_917, i8 %p_read_916, i8 %p_read_915, i8 %p_read_914, i8 %p_read_913, i8 %p_read_912, i8 %p_read_911, i8 %p_read_910, i8 %p_read_909, i8 %p_read_908, i8 %p_read_907, i8 %p_read_906, i8 %p_read_905, i8 %p_read_904, i8 %p_read_903, i8 %p_read_902, i8 %p_read_901, i8 %p_read_900, i8 %p_read_899, i8 %p_read_898, i8 %p_read_897, i8 %p_read_896, i8 %p_read_895, i8 %p_read_894, i8 %p_read_893, i8 %p_read_892, i8 %p_read_891, i8 %p_read_890, i8 %p_read_889, i8 %p_read_888, i8 %p_read_887, i8 %p_read_886, i8 %p_read_885, i8 %p_read_884, i8 %p_read_883, i8 %p_read_882, i8 %p_read_881, i8 %p_read_880, i8 %p_read_879, i8 %p_read_878, i8 %p_read_877, i8 %p_read_876, i8 %p_read_875, i8 %p_read_874, i8 %p_read_873, i8 %p_read_872, i8 %p_read_871, i8 %p_read_870, i8 %p_read_869, i8 %p_read_868, i8 %p_read_867, i8 %p_read_866, i8 %p_read_865, i8 %p_read_864, i8 %p_read_863, i8 %p_read_862, i8 %p_read_861, i8 %p_read_860, i8 %p_read_859, i8 %p_read_858, i8 %p_read_857, i8 %p_read_856, i8 %p_read_855, i8 %p_read_854, i8 %p_read_853, i8 %p_read_852, i8 %p_read_851, i8 %p_read_850, i8 %p_read_849, i8 %p_read_848, i8 %p_read_847, i8 %p_read_846, i8 %p_read_845, i8 %p_read_844, i8 %p_read_843, i8 %p_read_842, i8 %p_read_841, i8 %p_read_840, i8 %p_read_839, i8 %p_read_838, i8 %p_read_837, i8 %p_read_836, i8 %p_read_835, i8 %p_read_834, i8 %p_read_833, i8 %p_read_832, i8 %p_read_831, i8 %p_read_830, i8 %p_read_829, i8 %p_read_828, i8 %p_read_827, i8 %p_read_826, i8 %p_read_825, i8 %p_read_824, i8 %p_read_823, i8 %p_read_822, i8 %p_read_821, i8 %p_read_820, i8 %p_read_819, i8 %p_read_818, i8 %p_read_817, i8 %p_read_816, i8 %p_read_815, i8 %p_read_814, i8 %p_read_813, i8 %p_read_812, i8 %p_read_811, i8 %p_read_810, i8 %p_read_809, i8 %p_read_808, i8 %p_read_807, i8 %p_read_806, i8 %p_read_805, i8 %p_read_804, i8 %p_read_803, i8 %p_read_802, i8 %p_read_801, i8 %p_read_800, i8 %p_read_799, i8 %p_read_798, i8 %p_read_797, i8 %p_read_796, i8 %p_read_795, i8 %p_read_794, i8 %p_read_793, i8 %p_read_792, i8 %p_read_791, i8 %p_read_790, i8 %p_read_789, i8 %p_read_788, i8 %p_read_787, i8 %p_read_786, i8 %p_read_785, i8 %p_read_784, i8 %p_read_783, i8 %p_read_782, i8 %p_read_781, i8 %p_read_780, i8 %p_read_779, i8 %p_read_778, i8 %p_read_777, i8 %p_read_776, i8 %p_read_775, i8 %p_read_774, i8 %p_read_773, i8 %p_read_772, i8 %p_read_771, i8 %p_read_770, i8 %p_read_769, i8 %p_read_768, i8 %p_read_767, i8 %p_read_766, i8 %p_read_765, i8 %p_read_764, i8 %p_read_763, i8 %p_read_762, i8 %p_read_761, i8 %p_read_760, i8 %p_read_759, i8 %p_read_758, i8 %p_read_757, i8 %p_read_756, i8 %p_read_755, i8 %p_read_754, i8 %p_read_753, i8 %p_read_752, i8 %p_read_751, i8 %p_read_750, i8 %p_read_749, i8 %p_read_748, i8 %p_read_747, i8 %p_read_746, i8 %p_read_745, i8 %p_read_744, i8 %p_read_743, i8 %p_read_742, i8 %p_read_741, i8 %p_read_740, i8 %p_read_739, i8 %p_read_738, i8 %p_read_737, i8 %p_read_736, i8 %p_read_735, i8 %p_read_734, i8 %p_read_733, i8 %p_read_732, i8 %p_read_731, i8 %p_read_730, i8 %p_read_729, i8 %p_read_728, i8 %p_read_727, i8 %p_read_726, i8 %p_read_725, i8 %p_read_724, i8 %p_read_723, i8 %p_read_722, i8 %p_read_721, i8 %p_read_720, i8 %p_read_719, i8 %p_read_718, i8 %p_read_717, i8 %p_read_716, i8 %p_read_715, i8 %p_read_714, i8 %p_read_713, i8 %p_read_712, i8 %p_read_711, i8 %p_read_710, i8 %p_read_709, i8 %p_read_708, i8 %p_read_707, i8 %p_read_706, i8 %p_read_705, i8 %p_read_704, i8 %p_read_703, i8 %p_read_702, i8 %p_read_701, i8 %p_read_700, i8 %p_read_699, i8 %p_read_698, i8 %p_read_697, i8 %p_read_696, i8 %p_read_695, i8 %p_read_694, i8 %p_read_693, i8 %p_read_692, i8 %p_read_691, i8 %p_read_690, i8 %p_read_689, i8 %p_read_688, i8 %p_read_687, i8 %p_read_686, i8 %p_read_685, i8 %p_read_684, i8 %p_read_683, i8 %p_read_682, i8 %p_read_681, i8 %p_read_680, i8 %p_read_679, i8 %p_read_678, i8 %p_read_677, i8 %p_read_676, i8 %p_read_675, i8 %p_read_674, i8 %p_read_673, i8 %p_read_672, i8 %p_read_671, i8 %p_read_670, i8 %p_read_669, i8 %p_read_668, i8 %p_read_667, i8 %p_read_666, i8 %p_read_665, i8 %p_read_664, i8 %p_read_663, i8 %p_read_662, i8 %p_read_661, i8 %p_read_660, i8 %p_read_659, i8 %p_read_658, i8 %p_read_657, i8 %p_read_656, i8 %p_read_655, i8 %p_read_654, i8 %p_read_653, i8 %p_read_652, i8 %p_read_651, i8 %p_read_650, i8 %p_read_649, i8 %p_read_648, i8 %p_read_647, i8 %p_read_646, i8 %p_read_645, i8 %p_read_644, i8 %p_read_643, i8 %p_read_642, i8 %p_read_641, i8 %p_read_640, i8 %p_read_639, i8 %p_read_638, i8 %p_read_637, i8 %p_read_636, i8 %p_read_635, i8 %p_read_634, i8 %p_read_633, i8 %p_read_632, i8 %p_read_631, i8 %p_read_630, i8 %p_read_629, i8 %p_read_628, i8 %p_read_627, i8 %p_read_626, i8 %p_read_625, i8 %p_read_624, i8 %p_read_623, i8 %p_read_622, i8 %p_read_621, i8 %p_read_620, i8 %p_read_619, i8 %p_read_618, i8 %p_read_617, i8 %p_read_616, i8 %p_read_615, i8 %p_read_614, i8 %p_read_613, i8 %p_read_612, i8 %p_read_611, i8 %p_read_610, i8 %p_read_609, i8 %p_read_608, i8 %p_read_607, i8 %p_read_606, i8 %p_read_605, i8 %p_read_604, i8 %p_read_603, i8 %p_read_602, i8 %p_read_601, i8 %p_read_600, i8 %p_read_599, i8 %p_read_598, i8 %p_read_597, i8 %p_read_596, i8 %p_read_595, i8 %p_read_594, i8 %p_read_593, i8 %p_read_592, i8 %p_read_591, i8 %p_read_590, i8 %p_read_589, i8 %p_read_588, i8 %p_read_587, i8 %p_read_586, i8 %p_read_585, i8 %p_read_584, i8 %p_read_583, i8 %p_read_582, i8 %p_read_581, i8 %p_read_580, i8 %p_read_579, i8 %p_read_578, i8 %p_read_577, i8 %p_read_576, i8 %p_read_575, i8 %p_read_574, i8 %p_read_573, i8 %p_read_572, i8 %p_read_571, i8 %p_read_570, i8 %p_read_569, i8 %p_read_568, i8 %p_read_567, i8 %p_read_566, i8 %p_read_565, i8 %p_read_564, i8 %p_read_563, i8 %p_read_562, i8 %p_read_561, i8 %p_read_560, i8 %p_read_559, i8 %p_read_558, i8 %p_read_557, i8 %p_read_556, i8 %p_read_555, i8 %p_read_554, i8 %p_read_553, i8 %p_read_552, i8 %p_read_551, i8 %p_read_550, i8 %p_read_549, i8 %p_read_548, i8 %p_read_547, i8 %p_read_546, i8 %p_read_545, i8 %p_read_544, i8 %p_read_543, i8 %p_read_542, i8 %p_read_541, i8 %p_read_540, i8 %p_read_539, i8 %p_read_538, i8 %p_read_537, i8 %p_read_536, i8 %p_read_535, i8 %p_read_534, i8 %p_read_533, i8 %p_read_532, i8 %p_read_531, i8 %p_read_530, i8 %p_read_529, i8 %p_read_528, i8 %p_read_527, i8 %p_read_526, i8 %p_read_525, i8 %p_read_524, i8 %p_read_523, i8 %p_read_522, i8 %p_read_521, i8 %p_read_520, i8 %p_read_519, i8 %p_read_518, i8 %p_read_517, i8 %p_read_516, i8 %p_read_515, i8 %p_read_514, i8 %p_read_513, i8 %p_read_512, i8 %p_read_511, i8 %p_read_510, i8 %p_read_509, i8 %p_read_508, i8 %p_read_507, i8 %p_read_506, i8 %p_read_505, i8 %p_read_504, i8 %p_read_503, i8 %p_read_502, i8 %p_read_501, i8 %p_read_500, i8 %p_read_499, i8 %p_read_498, i8 %p_read_497, i8 %p_read_496, i8 %p_read_495, i8 %p_read_494, i8 %p_read_493, i8 %p_read_492, i8 %p_read_491, i8 %p_read_490, i8 %p_read_489, i8 %p_read_488, i8 %p_read_487, i8 %p_read_486, i8 %p_read_485, i8 %p_read_484, i8 %p_read_483, i8 %p_read_482, i8 %p_read_481, i8 %p_read_480, i8 %p_read_479, i8 %p_read_478, i8 %p_read_477, i8 %p_read_476, i8 %p_read_475, i8 %p_read_474, i8 %p_read_473, i8 %p_read_472, i8 %p_read_471, i8 %p_read_470, i8 %p_read_469, i8 %p_read_468, i8 %p_read_467, i8 %p_read_466, i8 %p_read_465, i8 %p_read_464, i8 %p_read_463, i8 %p_read_462, i8 %p_read_461, i8 %p_read_460, i8 %p_read_459, i8 %p_read_458, i8 %p_read_457, i8 %p_read_456, i8 %p_read_455, i8 %p_read_454, i8 %p_read_453, i8 %p_read_452, i8 %p_read_451, i8 %p_read_450, i8 %p_read_449, i8 %p_read_448, i8 %p_read_447, i8 %p_read_446, i8 %p_read_445, i8 %p_read_444, i8 %p_read_443, i8 %p_read_442, i8 %p_read_441, i8 %p_read_440, i8 %p_read_439, i8 %p_read_438, i8 %p_read_437, i8 %p_read_436, i8 %p_read_435, i8 %p_read_434, i8 %p_read_433, i8 %p_read_432, i8 %p_read_431, i8 %p_read_430, i8 %p_read_429, i8 %p_read_428, i8 %p_read_427, i8 %p_read_426, i8 %p_read_425, i8 %p_read_424, i8 %p_read_423, i8 %p_read_422, i8 %p_read_421, i8 %p_read_420, i8 %p_read_419, i8 %p_read_418, i8 %p_read_417, i8 %p_read_416, i8 %p_read_415, i8 %p_read_414, i8 %p_read_413, i8 %p_read_412, i8 %p_read_411, i8 %p_read_410, i8 %p_read_409, i8 %p_read_408, i8 %p_read_407, i8 %p_read_406, i8 %p_read_405, i8 %p_read_404, i8 %p_read_403, i8 %p_read_402, i8 %p_read_401, i8 %p_read_400, i8 %p_read_399, i8 %p_read_398, i8 %p_read_397, i8 %p_read_396, i8 %p_read_395, i8 %p_read_394, i8 %p_read_393, i8 %p_read_392, i8 %p_read_391, i8 %p_read_390, i8 %p_read_389, i8 %p_read_388, i8 %p_read_387, i8 %p_read_386, i8 %p_read_385, i8 %p_read_384, i8 %p_read_383, i8 %p_read_382, i8 %p_read_381, i8 %p_read_380, i8 %p_read_379, i8 %p_read_378, i8 %p_read_377, i8 %p_read_376, i8 %p_read_375, i8 %p_read_374, i8 %p_read_373, i8 %p_read_372, i8 %p_read_371, i8 %p_read_370, i8 %p_read_369, i8 %p_read_368, i8 %p_read_367, i8 %p_read_366, i8 %p_read_365, i8 %p_read_364, i8 %p_read_363, i8 %p_read_362, i8 %p_read_361, i8 %p_read_360, i8 %p_read_359, i8 %p_read_358, i8 %p_read_357, i8 %p_read_356, i8 %p_read_355, i8 %p_read_354, i8 %p_read_353, i8 %p_read_352, i8 %p_read_351, i8 %p_read_350, i8 %p_read_349, i8 %p_read_348, i8 %p_read_347, i8 %p_read_346, i8 %p_read_345, i8 %p_read_344, i8 %p_read_343, i8 %p_read_342, i8 %p_read_341, i8 %p_read_340, i8 %p_read_339, i8 %p_read_338, i8 %p_read_337, i8 %p_read_336, i8 %p_read_335, i8 %p_read_334, i8 %p_read_333, i8 %p_read_332, i8 %p_read_331, i8 %p_read_330, i8 %p_read_329, i8 %p_read_328, i8 %p_read_327, i8 %p_read_326, i8 %p_read_325, i8 %p_read_324, i8 %p_read_323, i8 %p_read_322, i8 %p_read_321, i8 %p_read_320, i8 %p_read_319, i8 %p_read_318, i8 %p_read_317, i8 %p_read_316, i8 %p_read_315, i8 %p_read_314, i8 %p_read_313, i8 %p_read_312, i8 %p_read_311, i8 %p_read_310, i8 %p_read_309, i8 %p_read_308, i8 %p_read_307, i8 %p_read_306, i8 %p_read_305, i8 %p_read_304, i8 %p_read_303, i8 %p_read_302, i8 %p_read_301, i8 %p_read_300, i8 %p_read_299, i8 %p_read_298, i8 %p_read_297, i8 %p_read_296, i8 %p_read_295, i8 %p_read_294, i8 %p_read_293, i8 %p_read_292, i8 %p_read_291, i8 %p_read_290, i8 %p_read_289, i8 %p_read_288, i8 %p_read_287, i8 %p_read_286, i8 %p_read_285, i8 %p_read_284, i8 %p_read_283, i8 %p_read_282, i8 %p_read_281, i8 %p_read_280, i8 %p_read_279, i8 %p_read_278, i8 %p_read_277, i8 %p_read_276, i8 %p_read_275, i8 %p_read_274, i8 %p_read_273, i8 %p_read_272, i8 %p_read_271, i8 %p_read_270, i8 %p_read_269, i8 %p_read_268, i8 %p_read_267, i8 %p_read_266, i8 %p_read_265, i8 %p_read_264, i8 %p_read_263, i8 %p_read_262, i8 %p_read_261, i8 %p_read_260, i8 %p_read_259, i8 %p_read_258, i8 %p_read_257, i8 %p_read_256, i8 %p_read_255, i8 %p_read_254, i8 %p_read_253, i8 %p_read_252, i8 %p_read_251, i8 %p_read_250, i8 %p_read_249, i8 %p_read_248, i8 %p_read_247, i8 %p_read_246, i8 %p_read_245, i8 %p_read_244, i8 %p_read_243, i8 %p_read_242, i8 %p_read_241, i8 %p_read_240, i8 %p_read_239, i8 %p_read_238, i8 %p_read_237, i8 %p_read_236, i8 %p_read_235, i8 %p_read_234, i8 %p_read_233, i8 %p_read_232, i8 %p_read_231, i8 %p_read_230, i8 %p_read_229, i8 %p_read_228, i8 %p_read_227, i8 %p_read_226, i8 %p_read_225, i8 %p_read_224, i8 %p_read_223, i8 %p_read_222, i8 %p_read_221, i8 %p_read_220, i8 %p_read_219, i8 %p_read_218, i8 %p_read_217, i8 %p_read_216, i8 %p_read_215, i8 %p_read_214, i8 %p_read_213, i8 %p_read_212, i8 %p_read_211, i8 %p_read_210, i8 %p_read_209, i8 %p_read_208, i8 %p_read_207, i8 %p_read_206, i8 %p_read_205, i8 %p_read_204, i8 %p_read_203, i8 %p_read_202, i8 %p_read_201, i8 %p_read_200, i8 %p_read_199, i8 %p_read_198, i8 %p_read_197, i8 %p_read_196, i8 %p_read_195, i8 %p_read_194, i8 %p_read_193, i8 %p_read_192, i8 %p_read_191, i8 %p_read_190, i8 %p_read_189, i8 %p_read_188, i8 %p_read_187, i8 %p_read_186, i8 %p_read_185, i8 %p_read_184, i8 %p_read_183, i8 %p_read_182, i8 %p_read_181, i8 %p_read_180, i8 %p_read_179, i8 %p_read_178, i8 %p_read_177, i8 %p_read_176, i8 %p_read_175, i8 %p_read_174, i8 %p_read_173, i8 %p_read_172, i8 %p_read_171, i8 %p_read_170, i8 %p_read_169, i8 %p_read_168, i8 %p_read_167, i8 %p_read_166, i8 %p_read_165, i8 %p_read_164, i8 %p_read_163, i8 %p_read_162, i8 %p_read_161, i8 %p_read_160, i8 %p_read_159, i8 %p_read_158, i8 %p_read_157, i8 %p_read_156, i8 %p_read_155, i8 %p_read_154, i8 %p_read_153, i8 %p_read_152, i8 %p_read_151, i8 %p_read_150, i8 %p_read_149, i8 %p_read_148, i8 %p_read_147, i8 %p_read_146, i8 %p_read_145, i8 %p_read_144, i8 %p_read_143, i8 %p_read_142, i8 %p_read_141, i8 %p_read_140, i8 %p_read_139, i8 %p_read_138, i8 %p_read_137, i8 %p_read_136, i8 %p_read_135, i8 %p_read_134, i8 %p_read_133, i8 %p_read_132, i8 %p_read_131, i8 %p_read_130, i8 %p_read_129, i8 %p_read_128, i8 %p_read_127, i8 %p_read_126, i8 %p_read_125, i8 %p_read_124, i8 %p_read_123, i8 %p_read_122, i8 %p_read_121, i8 %p_read_120, i8 %p_read_119, i8 %p_read_118, i8 %p_read_117, i8 %p_read_116, i8 %p_read_115, i8 %p_read_114, i8 %p_read_113, i8 %p_read_112, i8 %p_read_111, i8 %p_read_110, i8 %p_read_109, i8 %p_read_108, i8 %p_read_107, i8 %p_read_106, i8 %p_read_105, i8 %p_read_104, i8 %p_read_103, i8 %p_read_102, i8 %p_read_101, i8 %p_read_100, i8 %p_read_99, i8 %p_read_98, i8 %p_read_97, i8 %p_read_96, i8 %p_read_95, i8 %p_read_94, i8 %p_read_93, i8 %p_read_92, i8 %p_read_91, i8 %p_read_90, i8 %p_read_89, i8 %p_read_88, i8 %p_read_87, i8 %p_read_86, i8 %p_read_85, i8 %p_read_84, i8 %p_read_83, i8 %p_read_82, i8 %p_read_81, i8 %p_read_80, i8 %p_read_79, i8 %p_read_78, i8 %p_read_77, i8 %p_read_76, i8 %p_read_75, i8 %p_read_74, i8 %p_read_73, i8 %p_read_72, i8 %p_read_71, i8 %p_read_70, i8 %p_read_69, i8 %p_read_68, i8 %p_read_67, i8 %p_read_66, i8 %p_read_65, i8 %p_read_64, i8 %p_read_63, i8 %p_read_62, i8 %p_read_61, i8 %p_read_60, i8 %p_read_59, i8 %p_read_58, i8 %p_read_57, i8 %p_read_56, i8 %p_read_55, i8 %p_read_54, i8 %p_read_53, i8 %p_read_52, i8 %p_read_51, i8 %p_read_50, i8 %p_read_49, i8 %p_read_48, i8 %p_read_47, i8 %p_read_46, i8 %p_read_45, i8 %p_read_44, i8 %p_read_43, i8 %p_read_42, i8 %p_read_41, i8 %p_read_40, i8 %p_read_39, i8 %p_read_38, i8 %p_read_37, i8 %p_read_36, i8 %p_read_35, i8 %p_read_34, i8 %p_read_33, i8 %p_read_32, i8 %p_read_31, i8 %p_read_30, i8 %p_read_29, i8 %p_read_28, i8 %p_read_27, i8 %p_read_26, i8 %p_read_25, i8 %p_read_24, i8 %p_read_23, i8 %p_read_22, i8 %p_read_21, i8 %p_read_20, i8 %p_read_19, i8 %p_read_18, i8 %p_read_17, i8 %p_read_16, i8 %p_read_15, i11 %add_ln61_13" [src/ORB.cpp:61]   --->   Operation 2299 'mux' 't1_V_6' <Predicate = (!tmp)> <Delay = 1.76> <CoreInst = "Multiplexer">   --->   Core 76 'Multiplexer' <Latency = 0> <II = 1> <Delay = 1.76> <FuncUnit> <Opcode : 'mux'> <InPorts = 2> <OutPorts = 1>
ST_18 : Operation 2300 [1/1] (0.84ns)   --->   "%p_Repl2_6 = icmp_ult  i8 %t0_V_6, i8 %t1_V_6"   --->   Operation 2300 'icmp' 'p_Repl2_6' <Predicate = (!tmp)> <Delay = 0.84> <CoreInst = "Cmp">   --->   Core 9 'Cmp' <Latency = 0> <II = 1> <Delay = 0.44> <FuncUnit> <Opcode : 'icmp'> <InPorts = 2> <OutPorts = 1>
ST_18 : Operation 2301 [1/1] (0.00ns)   --->   "%or_ln669_5 = or i8 %trunc_ln52, i8 6"   --->   Operation 2301 'or' 'or_ln669_5' <Predicate = (!tmp)> <Delay = 0.00>
ST_18 : Operation 2302 [1/1] (0.00ns)   --->   "%zext_ln669_6 = zext i8 %or_ln669_5"   --->   Operation 2302 'zext' 'zext_ln669_6' <Predicate = (!tmp)> <Delay = 0.00>
ST_18 : Operation 2303 [1/1] (0.00ns)   --->   "%p_Result_57 = bitset i256 @_ssdm_op_BitSet.i256.i256.i32.i1, i256 %p_Result_56, i32 %zext_ln669_6, i1 %p_Repl2_6"   --->   Operation 2303 'bitset' 'p_Result_57' <Predicate = (!tmp)> <Delay = 0.00>
ST_18 : Operation 2304 [1/2] (0.64ns) (root node of the DSP)   --->   "%add_ln60_15 = add i11 %mul_ln60_7, i11 %zext_ln60_15" [src/ORB.cpp:60]   --->   Operation 2304 'add' 'add_ln60_15' <Predicate = (!tmp)> <Delay = 0.64> <CoreInst = "DSP48">   --->   Core 127 'DSP48' <Latency = 3> <II = 1> <Delay = 0.53> <IPBlock> <Opcode : 'mul' 'add' 'sub' 'select'> <InPorts = 0> <OutPorts = 1> <Sync> <CReg>
ST_18 : Operation 2305 [1/1] (1.76ns)   --->   "%t0_V_7 = mux i8 @_ssdm_op_Mux.ap_auto.1369i8.i11, i8 %p_read11371, i8 %p_read21372, i8 %p_read31373, i8 %p_read41374, i8 %p_read51375, i8 %p_read61376, i8 %p_read_1377, i8 %p_read_1376, i8 %p_read_1375, i8 %p_read_1374, i8 %p_read_1373, i8 %p_read_1372, i8 %p_read_1371, i8 %p_read_1370, i8 %p_read_1369, i8 %p_read_1368, i8 %p_read_1367, i8 %p_read_1366, i8 %p_read_1365, i8 %p_read_1364, i8 %p_read_1363, i8 %p_read_1362, i8 %p_read_1361, i8 %p_read_1360, i8 %p_read_1359, i8 %p_read_1358, i8 %p_read_1357, i8 %p_read_1356, i8 %p_read_1355, i8 %p_read_1354, i8 %p_read_1353, i8 %p_read_1352, i8 %p_read_1351, i8 %p_read_1350, i8 %p_read_1349, i8 %p_read_1348, i8 %p_read_1347, i8 %p_read_1346, i8 %p_read_1345, i8 %p_read_1344, i8 %p_read_1343, i8 %p_read_1342, i8 %p_read_1341, i8 %p_read_1340, i8 %p_read_1339, i8 %p_read_1338, i8 %p_read_1337, i8 %p_read_1336, i8 %p_read_1335, i8 %p_read_1334, i8 %p_read_1333, i8 %p_read_1332, i8 %p_read_1331, i8 %p_read_1330, i8 %p_read_1329, i8 %p_read_1328, i8 %p_read_1327, i8 %p_read_1326, i8 %p_read_1325, i8 %p_read_1324, i8 %p_read_1323, i8 %p_read_1322, i8 %p_read_1321, i8 %p_read_1320, i8 %p_read_1319, i8 %p_read_1318, i8 %p_read_1317, i8 %p_read_1316, i8 %p_read_1315, i8 %p_read_1314, i8 %p_read_1313, i8 %p_read_1312, i8 %p_read_1311, i8 %p_read_1310, i8 %p_read_1309, i8 %p_read_1308, i8 %p_read_1307, i8 %p_read_1306, i8 %p_read_1305, i8 %p_read_1304, i8 %p_read_1303, i8 %p_read_1302, i8 %p_read_1301, i8 %p_read_1300, i8 %p_read_1299, i8 %p_read_1298, i8 %p_read_1297, i8 %p_read_1296, i8 %p_read_1295, i8 %p_read_1294, i8 %p_read_1293, i8 %p_read_1292, i8 %p_read_1291, i8 %p_read_1290, i8 %p_read_1289, i8 %p_read_1288, i8 %p_read_1287, i8 %p_read_1286, i8 %p_read_1285, i8 %p_read_1284, i8 %p_read_1283, i8 %p_read_1282, i8 %p_read_1281, i8 %p_read_1280, i8 %p_read_1279, i8 %p_read_1278, i8 %p_read_1277, i8 %p_read_1276, i8 %p_read_1275, i8 %p_read_1274, i8 %p_read_1273, i8 %p_read_1272, i8 %p_read_1271, i8 %p_read_1270, i8 %p_read_1269, i8 %p_read_1268, i8 %p_read_1267, i8 %p_read_1266, i8 %p_read_1265, i8 %p_read_1264, i8 %p_read_1263, i8 %p_read_1262, i8 %p_read_1261, i8 %p_read_1260, i8 %p_read_1259, i8 %p_read_1258, i8 %p_read_1257, i8 %p_read_1256, i8 %p_read_1255, i8 %p_read_1254, i8 %p_read_1253, i8 %p_read_1252, i8 %p_read_1251, i8 %p_read_1250, i8 %p_read_1249, i8 %p_read_1248, i8 %p_read_1247, i8 %p_read_1246, i8 %p_read_1245, i8 %p_read_1244, i8 %p_read_1243, i8 %p_read_1242, i8 %p_read_1241, i8 %p_read_1240, i8 %p_read_1239, i8 %p_read_1238, i8 %p_read_1237, i8 %p_read_1236, i8 %p_read_1235, i8 %p_read_1234, i8 %p_read_1233, i8 %p_read_1232, i8 %p_read_1231, i8 %p_read_1230, i8 %p_read_1229, i8 %p_read_1228, i8 %p_read_1227, i8 %p_read_1226, i8 %p_read_1225, i8 %p_read_1224, i8 %p_read_1223, i8 %p_read_1222, i8 %p_read_1221, i8 %p_read_1220, i8 %p_read_1219, i8 %p_read_1218, i8 %p_read_1217, i8 %p_read_1216, i8 %p_read_1215, i8 %p_read_1214, i8 %p_read_1213, i8 %p_read_1212, i8 %p_read_1211, i8 %p_read_1210, i8 %p_read_1209, i8 %p_read_1208, i8 %p_read_1207, i8 %p_read_1206, i8 %p_read_1205, i8 %p_read_1204, i8 %p_read_1203, i8 %p_read_1202, i8 %p_read_1201, i8 %p_read_1200, i8 %p_read_1199, i8 %p_read_1198, i8 %p_read_1197, i8 %p_read_1196, i8 %p_read_1195, i8 %p_read_1194, i8 %p_read_1193, i8 %p_read_1192, i8 %p_read_1191, i8 %p_read_1190, i8 %p_read_1189, i8 %p_read_1188, i8 %p_read_1187, i8 %p_read_1186, i8 %p_read_1185, i8 %p_read_1184, i8 %p_read_1183, i8 %p_read_1182, i8 %p_read_1181, i8 %p_read_1180, i8 %p_read_1179, i8 %p_read_1178, i8 %p_read_1177, i8 %p_read_1176, i8 %p_read_1175, i8 %p_read_1174, i8 %p_read_1173, i8 %p_read_1172, i8 %p_read_1171, i8 %p_read_1170, i8 %p_read_1169, i8 %p_read_1168, i8 %p_read_1167, i8 %p_read_1166, i8 %p_read_1165, i8 %p_read_1164, i8 %p_read_1163, i8 %p_read_1162, i8 %p_read_1161, i8 %p_read_1160, i8 %p_read_1159, i8 %p_read_1158, i8 %p_read_1157, i8 %p_read_1156, i8 %p_read_1155, i8 %p_read_1154, i8 %p_read_1153, i8 %p_read_1152, i8 %p_read_1151, i8 %p_read_1150, i8 %p_read_1149, i8 %p_read_1148, i8 %p_read_1147, i8 %p_read_1146, i8 %p_read_1145, i8 %p_read_1144, i8 %p_read_1143, i8 %p_read_1142, i8 %p_read_1141, i8 %p_read_1140, i8 %p_read_1139, i8 %p_read_1138, i8 %p_read_1137, i8 %p_read_1136, i8 %p_read_1135, i8 %p_read_1134, i8 %p_read_1133, i8 %p_read_1132, i8 %p_read_1131, i8 %p_read_1130, i8 %p_read_1129, i8 %p_read_1128, i8 %p_read_1127, i8 %p_read_1126, i8 %p_read_1125, i8 %p_read_1124, i8 %p_read_1123, i8 %p_read_1122, i8 %p_read_1121, i8 %p_read_1120, i8 %p_read_1119, i8 %p_read_1118, i8 %p_read_1117, i8 %p_read_1116, i8 %p_read_1115, i8 %p_read_1114, i8 %p_read_1113, i8 %p_read_1112, i8 %p_read_1111, i8 %p_read_1110, i8 %p_read_1109, i8 %p_read_1108, i8 %p_read_1107, i8 %p_read_1106, i8 %p_read_1105, i8 %p_read_1104, i8 %p_read_1103, i8 %p_read_1102, i8 %p_read_1101, i8 %p_read_1100, i8 %p_read_1099, i8 %p_read_1098, i8 %p_read_1097, i8 %p_read_1096, i8 %p_read_1095, i8 %p_read_1094, i8 %p_read_1093, i8 %p_read_1092, i8 %p_read_1091, i8 %p_read_1090, i8 %p_read_1089, i8 %p_read_1088, i8 %p_read_1087, i8 %p_read_1086, i8 %p_read_1085, i8 %p_read_1084, i8 %p_read_1083, i8 %p_read_1082, i8 %p_read_1081, i8 %p_read_1080, i8 %p_read_1079, i8 %p_read_1078, i8 %p_read_1077, i8 %p_read_1076, i8 %p_read_1075, i8 %p_read_1074, i8 %p_read_1073, i8 %p_read_1072, i8 %p_read_1071, i8 %p_read_1070, i8 %p_read_1069, i8 %p_read_1068, i8 %p_read_1067, i8 %p_read_1066, i8 %p_read_1065, i8 %p_read_1064, i8 %p_read_1063, i8 %p_read_1062, i8 %p_read_1061, i8 %p_read_1060, i8 %p_read_1059, i8 %p_read_1058, i8 %p_read_1057, i8 %p_read_1056, i8 %p_read_1055, i8 %p_read_1054, i8 %p_read_1053, i8 %p_read_1052, i8 %p_read_1051, i8 %p_read_1050, i8 %p_read_1049, i8 %p_read_1048, i8 %p_read_1047, i8 %p_read_1046, i8 %p_read_1045, i8 %p_read_1044, i8 %p_read_1043, i8 %p_read_1042, i8 %p_read_1041, i8 %p_read_1040, i8 %p_read_1039, i8 %p_read_1038, i8 %p_read_1037, i8 %p_read_1036, i8 %p_read_1035, i8 %p_read_1034, i8 %p_read_1033, i8 %p_read_1032, i8 %p_read_1031, i8 %p_read_1030, i8 %p_read_1029, i8 %p_read_1028, i8 %p_read_1027, i8 %p_read_1026, i8 %p_read_1025, i8 %p_read_1024, i8 %p_read_1023, i8 %p_read_1022, i8 %p_read_1021, i8 %p_read_1020, i8 %p_read_1019, i8 %p_read_1018, i8 %p_read_1017, i8 %p_read_1016, i8 %p_read_1015, i8 %p_read_1014, i8 %p_read_1013, i8 %p_read_1012, i8 %p_read_1011, i8 %p_read_1010, i8 %p_read_1009, i8 %p_read_1008, i8 %p_read_1007, i8 %p_read_1006, i8 %p_read_1005, i8 %p_read_1004, i8 %p_read_1003, i8 %p_read_1002, i8 %p_read_1001, i8 %p_read_1000, i8 %p_read_999, i8 %p_read_998, i8 %p_read_997, i8 %p_read_996, i8 %p_read_995, i8 %p_read_994, i8 %p_read_993, i8 %p_read_992, i8 %p_read_991, i8 %p_read_990, i8 %p_read_989, i8 %p_read_988, i8 %p_read_987, i8 %p_read_986, i8 %p_read_985, i8 %p_read_984, i8 %p_read_983, i8 %p_read_982, i8 %p_read_981, i8 %p_read_980, i8 %p_read_979, i8 %p_read_978, i8 %p_read_977, i8 %p_read_976, i8 %p_read_975, i8 %p_read_974, i8 %p_read_973, i8 %p_read_972, i8 %p_read_971, i8 %p_read_970, i8 %p_read_969, i8 %p_read_968, i8 %p_read_967, i8 %p_read_966, i8 %p_read_965, i8 %p_read_964, i8 %p_read_963, i8 %p_read_962, i8 %p_read_961, i8 %p_read_960, i8 %p_read_959, i8 %p_read_958, i8 %p_read_957, i8 %p_read_956, i8 %p_read_955, i8 %p_read_954, i8 %p_read_953, i8 %p_read_952, i8 %p_read_951, i8 %p_read_950, i8 %p_read_949, i8 %p_read_948, i8 %p_read_947, i8 %p_read_946, i8 %p_read_945, i8 %p_read_944, i8 %p_read_943, i8 %p_read_942, i8 %p_read_941, i8 %p_read_940, i8 %p_read_939, i8 %p_read_938, i8 %p_read_937, i8 %p_read_936, i8 %p_read_935, i8 %p_read_934, i8 %p_read_933, i8 %p_read_932, i8 %p_read_931, i8 %p_read_930, i8 %p_read_929, i8 %p_read_928, i8 %p_read_927, i8 %p_read_926, i8 %p_read_925, i8 %p_read_924, i8 %p_read_923, i8 %p_read_922, i8 %p_read_921, i8 %p_read_920, i8 %p_read_919, i8 %p_read_918, i8 %p_read_917, i8 %p_read_916, i8 %p_read_915, i8 %p_read_914, i8 %p_read_913, i8 %p_read_912, i8 %p_read_911, i8 %p_read_910, i8 %p_read_909, i8 %p_read_908, i8 %p_read_907, i8 %p_read_906, i8 %p_read_905, i8 %p_read_904, i8 %p_read_903, i8 %p_read_902, i8 %p_read_901, i8 %p_read_900, i8 %p_read_899, i8 %p_read_898, i8 %p_read_897, i8 %p_read_896, i8 %p_read_895, i8 %p_read_894, i8 %p_read_893, i8 %p_read_892, i8 %p_read_891, i8 %p_read_890, i8 %p_read_889, i8 %p_read_888, i8 %p_read_887, i8 %p_read_886, i8 %p_read_885, i8 %p_read_884, i8 %p_read_883, i8 %p_read_882, i8 %p_read_881, i8 %p_read_880, i8 %p_read_879, i8 %p_read_878, i8 %p_read_877, i8 %p_read_876, i8 %p_read_875, i8 %p_read_874, i8 %p_read_873, i8 %p_read_872, i8 %p_read_871, i8 %p_read_870, i8 %p_read_869, i8 %p_read_868, i8 %p_read_867, i8 %p_read_866, i8 %p_read_865, i8 %p_read_864, i8 %p_read_863, i8 %p_read_862, i8 %p_read_861, i8 %p_read_860, i8 %p_read_859, i8 %p_read_858, i8 %p_read_857, i8 %p_read_856, i8 %p_read_855, i8 %p_read_854, i8 %p_read_853, i8 %p_read_852, i8 %p_read_851, i8 %p_read_850, i8 %p_read_849, i8 %p_read_848, i8 %p_read_847, i8 %p_read_846, i8 %p_read_845, i8 %p_read_844, i8 %p_read_843, i8 %p_read_842, i8 %p_read_841, i8 %p_read_840, i8 %p_read_839, i8 %p_read_838, i8 %p_read_837, i8 %p_read_836, i8 %p_read_835, i8 %p_read_834, i8 %p_read_833, i8 %p_read_832, i8 %p_read_831, i8 %p_read_830, i8 %p_read_829, i8 %p_read_828, i8 %p_read_827, i8 %p_read_826, i8 %p_read_825, i8 %p_read_824, i8 %p_read_823, i8 %p_read_822, i8 %p_read_821, i8 %p_read_820, i8 %p_read_819, i8 %p_read_818, i8 %p_read_817, i8 %p_read_816, i8 %p_read_815, i8 %p_read_814, i8 %p_read_813, i8 %p_read_812, i8 %p_read_811, i8 %p_read_810, i8 %p_read_809, i8 %p_read_808, i8 %p_read_807, i8 %p_read_806, i8 %p_read_805, i8 %p_read_804, i8 %p_read_803, i8 %p_read_802, i8 %p_read_801, i8 %p_read_800, i8 %p_read_799, i8 %p_read_798, i8 %p_read_797, i8 %p_read_796, i8 %p_read_795, i8 %p_read_794, i8 %p_read_793, i8 %p_read_792, i8 %p_read_791, i8 %p_read_790, i8 %p_read_789, i8 %p_read_788, i8 %p_read_787, i8 %p_read_786, i8 %p_read_785, i8 %p_read_784, i8 %p_read_783, i8 %p_read_782, i8 %p_read_781, i8 %p_read_780, i8 %p_read_779, i8 %p_read_778, i8 %p_read_777, i8 %p_read_776, i8 %p_read_775, i8 %p_read_774, i8 %p_read_773, i8 %p_read_772, i8 %p_read_771, i8 %p_read_770, i8 %p_read_769, i8 %p_read_768, i8 %p_read_767, i8 %p_read_766, i8 %p_read_765, i8 %p_read_764, i8 %p_read_763, i8 %p_read_762, i8 %p_read_761, i8 %p_read_760, i8 %p_read_759, i8 %p_read_758, i8 %p_read_757, i8 %p_read_756, i8 %p_read_755, i8 %p_read_754, i8 %p_read_753, i8 %p_read_752, i8 %p_read_751, i8 %p_read_750, i8 %p_read_749, i8 %p_read_748, i8 %p_read_747, i8 %p_read_746, i8 %p_read_745, i8 %p_read_744, i8 %p_read_743, i8 %p_read_742, i8 %p_read_741, i8 %p_read_740, i8 %p_read_739, i8 %p_read_738, i8 %p_read_737, i8 %p_read_736, i8 %p_read_735, i8 %p_read_734, i8 %p_read_733, i8 %p_read_732, i8 %p_read_731, i8 %p_read_730, i8 %p_read_729, i8 %p_read_728, i8 %p_read_727, i8 %p_read_726, i8 %p_read_725, i8 %p_read_724, i8 %p_read_723, i8 %p_read_722, i8 %p_read_721, i8 %p_read_720, i8 %p_read_719, i8 %p_read_718, i8 %p_read_717, i8 %p_read_716, i8 %p_read_715, i8 %p_read_714, i8 %p_read_713, i8 %p_read_712, i8 %p_read_711, i8 %p_read_710, i8 %p_read_709, i8 %p_read_708, i8 %p_read_707, i8 %p_read_706, i8 %p_read_705, i8 %p_read_704, i8 %p_read_703, i8 %p_read_702, i8 %p_read_701, i8 %p_read_700, i8 %p_read_699, i8 %p_read_698, i8 %p_read_697, i8 %p_read_696, i8 %p_read_695, i8 %p_read_694, i8 %p_read_693, i8 %p_read_692, i8 %p_read_691, i8 %p_read_690, i8 %p_read_689, i8 %p_read_688, i8 %p_read_687, i8 %p_read_686, i8 %p_read_685, i8 %p_read_684, i8 %p_read_683, i8 %p_read_682, i8 %p_read_681, i8 %p_read_680, i8 %p_read_679, i8 %p_read_678, i8 %p_read_677, i8 %p_read_676, i8 %p_read_675, i8 %p_read_674, i8 %p_read_673, i8 %p_read_672, i8 %p_read_671, i8 %p_read_670, i8 %p_read_669, i8 %p_read_668, i8 %p_read_667, i8 %p_read_666, i8 %p_read_665, i8 %p_read_664, i8 %p_read_663, i8 %p_read_662, i8 %p_read_661, i8 %p_read_660, i8 %p_read_659, i8 %p_read_658, i8 %p_read_657, i8 %p_read_656, i8 %p_read_655, i8 %p_read_654, i8 %p_read_653, i8 %p_read_652, i8 %p_read_651, i8 %p_read_650, i8 %p_read_649, i8 %p_read_648, i8 %p_read_647, i8 %p_read_646, i8 %p_read_645, i8 %p_read_644, i8 %p_read_643, i8 %p_read_642, i8 %p_read_641, i8 %p_read_640, i8 %p_read_639, i8 %p_read_638, i8 %p_read_637, i8 %p_read_636, i8 %p_read_635, i8 %p_read_634, i8 %p_read_633, i8 %p_read_632, i8 %p_read_631, i8 %p_read_630, i8 %p_read_629, i8 %p_read_628, i8 %p_read_627, i8 %p_read_626, i8 %p_read_625, i8 %p_read_624, i8 %p_read_623, i8 %p_read_622, i8 %p_read_621, i8 %p_read_620, i8 %p_read_619, i8 %p_read_618, i8 %p_read_617, i8 %p_read_616, i8 %p_read_615, i8 %p_read_614, i8 %p_read_613, i8 %p_read_612, i8 %p_read_611, i8 %p_read_610, i8 %p_read_609, i8 %p_read_608, i8 %p_read_607, i8 %p_read_606, i8 %p_read_605, i8 %p_read_604, i8 %p_read_603, i8 %p_read_602, i8 %p_read_601, i8 %p_read_600, i8 %p_read_599, i8 %p_read_598, i8 %p_read_597, i8 %p_read_596, i8 %p_read_595, i8 %p_read_594, i8 %p_read_593, i8 %p_read_592, i8 %p_read_591, i8 %p_read_590, i8 %p_read_589, i8 %p_read_588, i8 %p_read_587, i8 %p_read_586, i8 %p_read_585, i8 %p_read_584, i8 %p_read_583, i8 %p_read_582, i8 %p_read_581, i8 %p_read_580, i8 %p_read_579, i8 %p_read_578, i8 %p_read_577, i8 %p_read_576, i8 %p_read_575, i8 %p_read_574, i8 %p_read_573, i8 %p_read_572, i8 %p_read_571, i8 %p_read_570, i8 %p_read_569, i8 %p_read_568, i8 %p_read_567, i8 %p_read_566, i8 %p_read_565, i8 %p_read_564, i8 %p_read_563, i8 %p_read_562, i8 %p_read_561, i8 %p_read_560, i8 %p_read_559, i8 %p_read_558, i8 %p_read_557, i8 %p_read_556, i8 %p_read_555, i8 %p_read_554, i8 %p_read_553, i8 %p_read_552, i8 %p_read_551, i8 %p_read_550, i8 %p_read_549, i8 %p_read_548, i8 %p_read_547, i8 %p_read_546, i8 %p_read_545, i8 %p_read_544, i8 %p_read_543, i8 %p_read_542, i8 %p_read_541, i8 %p_read_540, i8 %p_read_539, i8 %p_read_538, i8 %p_read_537, i8 %p_read_536, i8 %p_read_535, i8 %p_read_534, i8 %p_read_533, i8 %p_read_532, i8 %p_read_531, i8 %p_read_530, i8 %p_read_529, i8 %p_read_528, i8 %p_read_527, i8 %p_read_526, i8 %p_read_525, i8 %p_read_524, i8 %p_read_523, i8 %p_read_522, i8 %p_read_521, i8 %p_read_520, i8 %p_read_519, i8 %p_read_518, i8 %p_read_517, i8 %p_read_516, i8 %p_read_515, i8 %p_read_514, i8 %p_read_513, i8 %p_read_512, i8 %p_read_511, i8 %p_read_510, i8 %p_read_509, i8 %p_read_508, i8 %p_read_507, i8 %p_read_506, i8 %p_read_505, i8 %p_read_504, i8 %p_read_503, i8 %p_read_502, i8 %p_read_501, i8 %p_read_500, i8 %p_read_499, i8 %p_read_498, i8 %p_read_497, i8 %p_read_496, i8 %p_read_495, i8 %p_read_494, i8 %p_read_493, i8 %p_read_492, i8 %p_read_491, i8 %p_read_490, i8 %p_read_489, i8 %p_read_488, i8 %p_read_487, i8 %p_read_486, i8 %p_read_485, i8 %p_read_484, i8 %p_read_483, i8 %p_read_482, i8 %p_read_481, i8 %p_read_480, i8 %p_read_479, i8 %p_read_478, i8 %p_read_477, i8 %p_read_476, i8 %p_read_475, i8 %p_read_474, i8 %p_read_473, i8 %p_read_472, i8 %p_read_471, i8 %p_read_470, i8 %p_read_469, i8 %p_read_468, i8 %p_read_467, i8 %p_read_466, i8 %p_read_465, i8 %p_read_464, i8 %p_read_463, i8 %p_read_462, i8 %p_read_461, i8 %p_read_460, i8 %p_read_459, i8 %p_read_458, i8 %p_read_457, i8 %p_read_456, i8 %p_read_455, i8 %p_read_454, i8 %p_read_453, i8 %p_read_452, i8 %p_read_451, i8 %p_read_450, i8 %p_read_449, i8 %p_read_448, i8 %p_read_447, i8 %p_read_446, i8 %p_read_445, i8 %p_read_444, i8 %p_read_443, i8 %p_read_442, i8 %p_read_441, i8 %p_read_440, i8 %p_read_439, i8 %p_read_438, i8 %p_read_437, i8 %p_read_436, i8 %p_read_435, i8 %p_read_434, i8 %p_read_433, i8 %p_read_432, i8 %p_read_431, i8 %p_read_430, i8 %p_read_429, i8 %p_read_428, i8 %p_read_427, i8 %p_read_426, i8 %p_read_425, i8 %p_read_424, i8 %p_read_423, i8 %p_read_422, i8 %p_read_421, i8 %p_read_420, i8 %p_read_419, i8 %p_read_418, i8 %p_read_417, i8 %p_read_416, i8 %p_read_415, i8 %p_read_414, i8 %p_read_413, i8 %p_read_412, i8 %p_read_411, i8 %p_read_410, i8 %p_read_409, i8 %p_read_408, i8 %p_read_407, i8 %p_read_406, i8 %p_read_405, i8 %p_read_404, i8 %p_read_403, i8 %p_read_402, i8 %p_read_401, i8 %p_read_400, i8 %p_read_399, i8 %p_read_398, i8 %p_read_397, i8 %p_read_396, i8 %p_read_395, i8 %p_read_394, i8 %p_read_393, i8 %p_read_392, i8 %p_read_391, i8 %p_read_390, i8 %p_read_389, i8 %p_read_388, i8 %p_read_387, i8 %p_read_386, i8 %p_read_385, i8 %p_read_384, i8 %p_read_383, i8 %p_read_382, i8 %p_read_381, i8 %p_read_380, i8 %p_read_379, i8 %p_read_378, i8 %p_read_377, i8 %p_read_376, i8 %p_read_375, i8 %p_read_374, i8 %p_read_373, i8 %p_read_372, i8 %p_read_371, i8 %p_read_370, i8 %p_read_369, i8 %p_read_368, i8 %p_read_367, i8 %p_read_366, i8 %p_read_365, i8 %p_read_364, i8 %p_read_363, i8 %p_read_362, i8 %p_read_361, i8 %p_read_360, i8 %p_read_359, i8 %p_read_358, i8 %p_read_357, i8 %p_read_356, i8 %p_read_355, i8 %p_read_354, i8 %p_read_353, i8 %p_read_352, i8 %p_read_351, i8 %p_read_350, i8 %p_read_349, i8 %p_read_348, i8 %p_read_347, i8 %p_read_346, i8 %p_read_345, i8 %p_read_344, i8 %p_read_343, i8 %p_read_342, i8 %p_read_341, i8 %p_read_340, i8 %p_read_339, i8 %p_read_338, i8 %p_read_337, i8 %p_read_336, i8 %p_read_335, i8 %p_read_334, i8 %p_read_333, i8 %p_read_332, i8 %p_read_331, i8 %p_read_330, i8 %p_read_329, i8 %p_read_328, i8 %p_read_327, i8 %p_read_326, i8 %p_read_325, i8 %p_read_324, i8 %p_read_323, i8 %p_read_322, i8 %p_read_321, i8 %p_read_320, i8 %p_read_319, i8 %p_read_318, i8 %p_read_317, i8 %p_read_316, i8 %p_read_315, i8 %p_read_314, i8 %p_read_313, i8 %p_read_312, i8 %p_read_311, i8 %p_read_310, i8 %p_read_309, i8 %p_read_308, i8 %p_read_307, i8 %p_read_306, i8 %p_read_305, i8 %p_read_304, i8 %p_read_303, i8 %p_read_302, i8 %p_read_301, i8 %p_read_300, i8 %p_read_299, i8 %p_read_298, i8 %p_read_297, i8 %p_read_296, i8 %p_read_295, i8 %p_read_294, i8 %p_read_293, i8 %p_read_292, i8 %p_read_291, i8 %p_read_290, i8 %p_read_289, i8 %p_read_288, i8 %p_read_287, i8 %p_read_286, i8 %p_read_285, i8 %p_read_284, i8 %p_read_283, i8 %p_read_282, i8 %p_read_281, i8 %p_read_280, i8 %p_read_279, i8 %p_read_278, i8 %p_read_277, i8 %p_read_276, i8 %p_read_275, i8 %p_read_274, i8 %p_read_273, i8 %p_read_272, i8 %p_read_271, i8 %p_read_270, i8 %p_read_269, i8 %p_read_268, i8 %p_read_267, i8 %p_read_266, i8 %p_read_265, i8 %p_read_264, i8 %p_read_263, i8 %p_read_262, i8 %p_read_261, i8 %p_read_260, i8 %p_read_259, i8 %p_read_258, i8 %p_read_257, i8 %p_read_256, i8 %p_read_255, i8 %p_read_254, i8 %p_read_253, i8 %p_read_252, i8 %p_read_251, i8 %p_read_250, i8 %p_read_249, i8 %p_read_248, i8 %p_read_247, i8 %p_read_246, i8 %p_read_245, i8 %p_read_244, i8 %p_read_243, i8 %p_read_242, i8 %p_read_241, i8 %p_read_240, i8 %p_read_239, i8 %p_read_238, i8 %p_read_237, i8 %p_read_236, i8 %p_read_235, i8 %p_read_234, i8 %p_read_233, i8 %p_read_232, i8 %p_read_231, i8 %p_read_230, i8 %p_read_229, i8 %p_read_228, i8 %p_read_227, i8 %p_read_226, i8 %p_read_225, i8 %p_read_224, i8 %p_read_223, i8 %p_read_222, i8 %p_read_221, i8 %p_read_220, i8 %p_read_219, i8 %p_read_218, i8 %p_read_217, i8 %p_read_216, i8 %p_read_215, i8 %p_read_214, i8 %p_read_213, i8 %p_read_212, i8 %p_read_211, i8 %p_read_210, i8 %p_read_209, i8 %p_read_208, i8 %p_read_207, i8 %p_read_206, i8 %p_read_205, i8 %p_read_204, i8 %p_read_203, i8 %p_read_202, i8 %p_read_201, i8 %p_read_200, i8 %p_read_199, i8 %p_read_198, i8 %p_read_197, i8 %p_read_196, i8 %p_read_195, i8 %p_read_194, i8 %p_read_193, i8 %p_read_192, i8 %p_read_191, i8 %p_read_190, i8 %p_read_189, i8 %p_read_188, i8 %p_read_187, i8 %p_read_186, i8 %p_read_185, i8 %p_read_184, i8 %p_read_183, i8 %p_read_182, i8 %p_read_181, i8 %p_read_180, i8 %p_read_179, i8 %p_read_178, i8 %p_read_177, i8 %p_read_176, i8 %p_read_175, i8 %p_read_174, i8 %p_read_173, i8 %p_read_172, i8 %p_read_171, i8 %p_read_170, i8 %p_read_169, i8 %p_read_168, i8 %p_read_167, i8 %p_read_166, i8 %p_read_165, i8 %p_read_164, i8 %p_read_163, i8 %p_read_162, i8 %p_read_161, i8 %p_read_160, i8 %p_read_159, i8 %p_read_158, i8 %p_read_157, i8 %p_read_156, i8 %p_read_155, i8 %p_read_154, i8 %p_read_153, i8 %p_read_152, i8 %p_read_151, i8 %p_read_150, i8 %p_read_149, i8 %p_read_148, i8 %p_read_147, i8 %p_read_146, i8 %p_read_145, i8 %p_read_144, i8 %p_read_143, i8 %p_read_142, i8 %p_read_141, i8 %p_read_140, i8 %p_read_139, i8 %p_read_138, i8 %p_read_137, i8 %p_read_136, i8 %p_read_135, i8 %p_read_134, i8 %p_read_133, i8 %p_read_132, i8 %p_read_131, i8 %p_read_130, i8 %p_read_129, i8 %p_read_128, i8 %p_read_127, i8 %p_read_126, i8 %p_read_125, i8 %p_read_124, i8 %p_read_123, i8 %p_read_122, i8 %p_read_121, i8 %p_read_120, i8 %p_read_119, i8 %p_read_118, i8 %p_read_117, i8 %p_read_116, i8 %p_read_115, i8 %p_read_114, i8 %p_read_113, i8 %p_read_112, i8 %p_read_111, i8 %p_read_110, i8 %p_read_109, i8 %p_read_108, i8 %p_read_107, i8 %p_read_106, i8 %p_read_105, i8 %p_read_104, i8 %p_read_103, i8 %p_read_102, i8 %p_read_101, i8 %p_read_100, i8 %p_read_99, i8 %p_read_98, i8 %p_read_97, i8 %p_read_96, i8 %p_read_95, i8 %p_read_94, i8 %p_read_93, i8 %p_read_92, i8 %p_read_91, i8 %p_read_90, i8 %p_read_89, i8 %p_read_88, i8 %p_read_87, i8 %p_read_86, i8 %p_read_85, i8 %p_read_84, i8 %p_read_83, i8 %p_read_82, i8 %p_read_81, i8 %p_read_80, i8 %p_read_79, i8 %p_read_78, i8 %p_read_77, i8 %p_read_76, i8 %p_read_75, i8 %p_read_74, i8 %p_read_73, i8 %p_read_72, i8 %p_read_71, i8 %p_read_70, i8 %p_read_69, i8 %p_read_68, i8 %p_read_67, i8 %p_read_66, i8 %p_read_65, i8 %p_read_64, i8 %p_read_63, i8 %p_read_62, i8 %p_read_61, i8 %p_read_60, i8 %p_read_59, i8 %p_read_58, i8 %p_read_57, i8 %p_read_56, i8 %p_read_55, i8 %p_read_54, i8 %p_read_53, i8 %p_read_52, i8 %p_read_51, i8 %p_read_50, i8 %p_read_49, i8 %p_read_48, i8 %p_read_47, i8 %p_read_46, i8 %p_read_45, i8 %p_read_44, i8 %p_read_43, i8 %p_read_42, i8 %p_read_41, i8 %p_read_40, i8 %p_read_39, i8 %p_read_38, i8 %p_read_37, i8 %p_read_36, i8 %p_read_35, i8 %p_read_34, i8 %p_read_33, i8 %p_read_32, i8 %p_read_31, i8 %p_read_30, i8 %p_read_29, i8 %p_read_28, i8 %p_read_27, i8 %p_read_26, i8 %p_read_25, i8 %p_read_24, i8 %p_read_23, i8 %p_read_22, i8 %p_read_21, i8 %p_read_20, i8 %p_read_19, i8 %p_read_18, i8 %p_read_17, i8 %p_read_16, i8 %p_read_15, i11 %add_ln60_15" [src/ORB.cpp:60]   --->   Operation 2305 'mux' 't0_V_7' <Predicate = (!tmp)> <Delay = 1.76> <CoreInst = "Multiplexer">   --->   Core 76 'Multiplexer' <Latency = 0> <II = 1> <Delay = 1.76> <FuncUnit> <Opcode : 'mux'> <InPorts = 2> <OutPorts = 1>
ST_18 : Operation 2306 [1/2] (0.64ns) (root node of the DSP)   --->   "%add_ln61_15 = add i11 %mul_ln61_7, i11 %zext_ln61_15" [src/ORB.cpp:61]   --->   Operation 2306 'add' 'add_ln61_15' <Predicate = (!tmp)> <Delay = 0.64> <CoreInst = "DSP48">   --->   Core 127 'DSP48' <Latency = 3> <II = 1> <Delay = 0.53> <IPBlock> <Opcode : 'mul' 'add' 'sub' 'select'> <InPorts = 0> <OutPorts = 1> <Sync> <CReg>
ST_18 : Operation 2307 [1/1] (1.76ns)   --->   "%t1_V_7 = mux i8 @_ssdm_op_Mux.ap_auto.1369i8.i11, i8 %p_read11371, i8 %p_read21372, i8 %p_read31373, i8 %p_read41374, i8 %p_read51375, i8 %p_read61376, i8 %p_read_1377, i8 %p_read_1376, i8 %p_read_1375, i8 %p_read_1374, i8 %p_read_1373, i8 %p_read_1372, i8 %p_read_1371, i8 %p_read_1370, i8 %p_read_1369, i8 %p_read_1368, i8 %p_read_1367, i8 %p_read_1366, i8 %p_read_1365, i8 %p_read_1364, i8 %p_read_1363, i8 %p_read_1362, i8 %p_read_1361, i8 %p_read_1360, i8 %p_read_1359, i8 %p_read_1358, i8 %p_read_1357, i8 %p_read_1356, i8 %p_read_1355, i8 %p_read_1354, i8 %p_read_1353, i8 %p_read_1352, i8 %p_read_1351, i8 %p_read_1350, i8 %p_read_1349, i8 %p_read_1348, i8 %p_read_1347, i8 %p_read_1346, i8 %p_read_1345, i8 %p_read_1344, i8 %p_read_1343, i8 %p_read_1342, i8 %p_read_1341, i8 %p_read_1340, i8 %p_read_1339, i8 %p_read_1338, i8 %p_read_1337, i8 %p_read_1336, i8 %p_read_1335, i8 %p_read_1334, i8 %p_read_1333, i8 %p_read_1332, i8 %p_read_1331, i8 %p_read_1330, i8 %p_read_1329, i8 %p_read_1328, i8 %p_read_1327, i8 %p_read_1326, i8 %p_read_1325, i8 %p_read_1324, i8 %p_read_1323, i8 %p_read_1322, i8 %p_read_1321, i8 %p_read_1320, i8 %p_read_1319, i8 %p_read_1318, i8 %p_read_1317, i8 %p_read_1316, i8 %p_read_1315, i8 %p_read_1314, i8 %p_read_1313, i8 %p_read_1312, i8 %p_read_1311, i8 %p_read_1310, i8 %p_read_1309, i8 %p_read_1308, i8 %p_read_1307, i8 %p_read_1306, i8 %p_read_1305, i8 %p_read_1304, i8 %p_read_1303, i8 %p_read_1302, i8 %p_read_1301, i8 %p_read_1300, i8 %p_read_1299, i8 %p_read_1298, i8 %p_read_1297, i8 %p_read_1296, i8 %p_read_1295, i8 %p_read_1294, i8 %p_read_1293, i8 %p_read_1292, i8 %p_read_1291, i8 %p_read_1290, i8 %p_read_1289, i8 %p_read_1288, i8 %p_read_1287, i8 %p_read_1286, i8 %p_read_1285, i8 %p_read_1284, i8 %p_read_1283, i8 %p_read_1282, i8 %p_read_1281, i8 %p_read_1280, i8 %p_read_1279, i8 %p_read_1278, i8 %p_read_1277, i8 %p_read_1276, i8 %p_read_1275, i8 %p_read_1274, i8 %p_read_1273, i8 %p_read_1272, i8 %p_read_1271, i8 %p_read_1270, i8 %p_read_1269, i8 %p_read_1268, i8 %p_read_1267, i8 %p_read_1266, i8 %p_read_1265, i8 %p_read_1264, i8 %p_read_1263, i8 %p_read_1262, i8 %p_read_1261, i8 %p_read_1260, i8 %p_read_1259, i8 %p_read_1258, i8 %p_read_1257, i8 %p_read_1256, i8 %p_read_1255, i8 %p_read_1254, i8 %p_read_1253, i8 %p_read_1252, i8 %p_read_1251, i8 %p_read_1250, i8 %p_read_1249, i8 %p_read_1248, i8 %p_read_1247, i8 %p_read_1246, i8 %p_read_1245, i8 %p_read_1244, i8 %p_read_1243, i8 %p_read_1242, i8 %p_read_1241, i8 %p_read_1240, i8 %p_read_1239, i8 %p_read_1238, i8 %p_read_1237, i8 %p_read_1236, i8 %p_read_1235, i8 %p_read_1234, i8 %p_read_1233, i8 %p_read_1232, i8 %p_read_1231, i8 %p_read_1230, i8 %p_read_1229, i8 %p_read_1228, i8 %p_read_1227, i8 %p_read_1226, i8 %p_read_1225, i8 %p_read_1224, i8 %p_read_1223, i8 %p_read_1222, i8 %p_read_1221, i8 %p_read_1220, i8 %p_read_1219, i8 %p_read_1218, i8 %p_read_1217, i8 %p_read_1216, i8 %p_read_1215, i8 %p_read_1214, i8 %p_read_1213, i8 %p_read_1212, i8 %p_read_1211, i8 %p_read_1210, i8 %p_read_1209, i8 %p_read_1208, i8 %p_read_1207, i8 %p_read_1206, i8 %p_read_1205, i8 %p_read_1204, i8 %p_read_1203, i8 %p_read_1202, i8 %p_read_1201, i8 %p_read_1200, i8 %p_read_1199, i8 %p_read_1198, i8 %p_read_1197, i8 %p_read_1196, i8 %p_read_1195, i8 %p_read_1194, i8 %p_read_1193, i8 %p_read_1192, i8 %p_read_1191, i8 %p_read_1190, i8 %p_read_1189, i8 %p_read_1188, i8 %p_read_1187, i8 %p_read_1186, i8 %p_read_1185, i8 %p_read_1184, i8 %p_read_1183, i8 %p_read_1182, i8 %p_read_1181, i8 %p_read_1180, i8 %p_read_1179, i8 %p_read_1178, i8 %p_read_1177, i8 %p_read_1176, i8 %p_read_1175, i8 %p_read_1174, i8 %p_read_1173, i8 %p_read_1172, i8 %p_read_1171, i8 %p_read_1170, i8 %p_read_1169, i8 %p_read_1168, i8 %p_read_1167, i8 %p_read_1166, i8 %p_read_1165, i8 %p_read_1164, i8 %p_read_1163, i8 %p_read_1162, i8 %p_read_1161, i8 %p_read_1160, i8 %p_read_1159, i8 %p_read_1158, i8 %p_read_1157, i8 %p_read_1156, i8 %p_read_1155, i8 %p_read_1154, i8 %p_read_1153, i8 %p_read_1152, i8 %p_read_1151, i8 %p_read_1150, i8 %p_read_1149, i8 %p_read_1148, i8 %p_read_1147, i8 %p_read_1146, i8 %p_read_1145, i8 %p_read_1144, i8 %p_read_1143, i8 %p_read_1142, i8 %p_read_1141, i8 %p_read_1140, i8 %p_read_1139, i8 %p_read_1138, i8 %p_read_1137, i8 %p_read_1136, i8 %p_read_1135, i8 %p_read_1134, i8 %p_read_1133, i8 %p_read_1132, i8 %p_read_1131, i8 %p_read_1130, i8 %p_read_1129, i8 %p_read_1128, i8 %p_read_1127, i8 %p_read_1126, i8 %p_read_1125, i8 %p_read_1124, i8 %p_read_1123, i8 %p_read_1122, i8 %p_read_1121, i8 %p_read_1120, i8 %p_read_1119, i8 %p_read_1118, i8 %p_read_1117, i8 %p_read_1116, i8 %p_read_1115, i8 %p_read_1114, i8 %p_read_1113, i8 %p_read_1112, i8 %p_read_1111, i8 %p_read_1110, i8 %p_read_1109, i8 %p_read_1108, i8 %p_read_1107, i8 %p_read_1106, i8 %p_read_1105, i8 %p_read_1104, i8 %p_read_1103, i8 %p_read_1102, i8 %p_read_1101, i8 %p_read_1100, i8 %p_read_1099, i8 %p_read_1098, i8 %p_read_1097, i8 %p_read_1096, i8 %p_read_1095, i8 %p_read_1094, i8 %p_read_1093, i8 %p_read_1092, i8 %p_read_1091, i8 %p_read_1090, i8 %p_read_1089, i8 %p_read_1088, i8 %p_read_1087, i8 %p_read_1086, i8 %p_read_1085, i8 %p_read_1084, i8 %p_read_1083, i8 %p_read_1082, i8 %p_read_1081, i8 %p_read_1080, i8 %p_read_1079, i8 %p_read_1078, i8 %p_read_1077, i8 %p_read_1076, i8 %p_read_1075, i8 %p_read_1074, i8 %p_read_1073, i8 %p_read_1072, i8 %p_read_1071, i8 %p_read_1070, i8 %p_read_1069, i8 %p_read_1068, i8 %p_read_1067, i8 %p_read_1066, i8 %p_read_1065, i8 %p_read_1064, i8 %p_read_1063, i8 %p_read_1062, i8 %p_read_1061, i8 %p_read_1060, i8 %p_read_1059, i8 %p_read_1058, i8 %p_read_1057, i8 %p_read_1056, i8 %p_read_1055, i8 %p_read_1054, i8 %p_read_1053, i8 %p_read_1052, i8 %p_read_1051, i8 %p_read_1050, i8 %p_read_1049, i8 %p_read_1048, i8 %p_read_1047, i8 %p_read_1046, i8 %p_read_1045, i8 %p_read_1044, i8 %p_read_1043, i8 %p_read_1042, i8 %p_read_1041, i8 %p_read_1040, i8 %p_read_1039, i8 %p_read_1038, i8 %p_read_1037, i8 %p_read_1036, i8 %p_read_1035, i8 %p_read_1034, i8 %p_read_1033, i8 %p_read_1032, i8 %p_read_1031, i8 %p_read_1030, i8 %p_read_1029, i8 %p_read_1028, i8 %p_read_1027, i8 %p_read_1026, i8 %p_read_1025, i8 %p_read_1024, i8 %p_read_1023, i8 %p_read_1022, i8 %p_read_1021, i8 %p_read_1020, i8 %p_read_1019, i8 %p_read_1018, i8 %p_read_1017, i8 %p_read_1016, i8 %p_read_1015, i8 %p_read_1014, i8 %p_read_1013, i8 %p_read_1012, i8 %p_read_1011, i8 %p_read_1010, i8 %p_read_1009, i8 %p_read_1008, i8 %p_read_1007, i8 %p_read_1006, i8 %p_read_1005, i8 %p_read_1004, i8 %p_read_1003, i8 %p_read_1002, i8 %p_read_1001, i8 %p_read_1000, i8 %p_read_999, i8 %p_read_998, i8 %p_read_997, i8 %p_read_996, i8 %p_read_995, i8 %p_read_994, i8 %p_read_993, i8 %p_read_992, i8 %p_read_991, i8 %p_read_990, i8 %p_read_989, i8 %p_read_988, i8 %p_read_987, i8 %p_read_986, i8 %p_read_985, i8 %p_read_984, i8 %p_read_983, i8 %p_read_982, i8 %p_read_981, i8 %p_read_980, i8 %p_read_979, i8 %p_read_978, i8 %p_read_977, i8 %p_read_976, i8 %p_read_975, i8 %p_read_974, i8 %p_read_973, i8 %p_read_972, i8 %p_read_971, i8 %p_read_970, i8 %p_read_969, i8 %p_read_968, i8 %p_read_967, i8 %p_read_966, i8 %p_read_965, i8 %p_read_964, i8 %p_read_963, i8 %p_read_962, i8 %p_read_961, i8 %p_read_960, i8 %p_read_959, i8 %p_read_958, i8 %p_read_957, i8 %p_read_956, i8 %p_read_955, i8 %p_read_954, i8 %p_read_953, i8 %p_read_952, i8 %p_read_951, i8 %p_read_950, i8 %p_read_949, i8 %p_read_948, i8 %p_read_947, i8 %p_read_946, i8 %p_read_945, i8 %p_read_944, i8 %p_read_943, i8 %p_read_942, i8 %p_read_941, i8 %p_read_940, i8 %p_read_939, i8 %p_read_938, i8 %p_read_937, i8 %p_read_936, i8 %p_read_935, i8 %p_read_934, i8 %p_read_933, i8 %p_read_932, i8 %p_read_931, i8 %p_read_930, i8 %p_read_929, i8 %p_read_928, i8 %p_read_927, i8 %p_read_926, i8 %p_read_925, i8 %p_read_924, i8 %p_read_923, i8 %p_read_922, i8 %p_read_921, i8 %p_read_920, i8 %p_read_919, i8 %p_read_918, i8 %p_read_917, i8 %p_read_916, i8 %p_read_915, i8 %p_read_914, i8 %p_read_913, i8 %p_read_912, i8 %p_read_911, i8 %p_read_910, i8 %p_read_909, i8 %p_read_908, i8 %p_read_907, i8 %p_read_906, i8 %p_read_905, i8 %p_read_904, i8 %p_read_903, i8 %p_read_902, i8 %p_read_901, i8 %p_read_900, i8 %p_read_899, i8 %p_read_898, i8 %p_read_897, i8 %p_read_896, i8 %p_read_895, i8 %p_read_894, i8 %p_read_893, i8 %p_read_892, i8 %p_read_891, i8 %p_read_890, i8 %p_read_889, i8 %p_read_888, i8 %p_read_887, i8 %p_read_886, i8 %p_read_885, i8 %p_read_884, i8 %p_read_883, i8 %p_read_882, i8 %p_read_881, i8 %p_read_880, i8 %p_read_879, i8 %p_read_878, i8 %p_read_877, i8 %p_read_876, i8 %p_read_875, i8 %p_read_874, i8 %p_read_873, i8 %p_read_872, i8 %p_read_871, i8 %p_read_870, i8 %p_read_869, i8 %p_read_868, i8 %p_read_867, i8 %p_read_866, i8 %p_read_865, i8 %p_read_864, i8 %p_read_863, i8 %p_read_862, i8 %p_read_861, i8 %p_read_860, i8 %p_read_859, i8 %p_read_858, i8 %p_read_857, i8 %p_read_856, i8 %p_read_855, i8 %p_read_854, i8 %p_read_853, i8 %p_read_852, i8 %p_read_851, i8 %p_read_850, i8 %p_read_849, i8 %p_read_848, i8 %p_read_847, i8 %p_read_846, i8 %p_read_845, i8 %p_read_844, i8 %p_read_843, i8 %p_read_842, i8 %p_read_841, i8 %p_read_840, i8 %p_read_839, i8 %p_read_838, i8 %p_read_837, i8 %p_read_836, i8 %p_read_835, i8 %p_read_834, i8 %p_read_833, i8 %p_read_832, i8 %p_read_831, i8 %p_read_830, i8 %p_read_829, i8 %p_read_828, i8 %p_read_827, i8 %p_read_826, i8 %p_read_825, i8 %p_read_824, i8 %p_read_823, i8 %p_read_822, i8 %p_read_821, i8 %p_read_820, i8 %p_read_819, i8 %p_read_818, i8 %p_read_817, i8 %p_read_816, i8 %p_read_815, i8 %p_read_814, i8 %p_read_813, i8 %p_read_812, i8 %p_read_811, i8 %p_read_810, i8 %p_read_809, i8 %p_read_808, i8 %p_read_807, i8 %p_read_806, i8 %p_read_805, i8 %p_read_804, i8 %p_read_803, i8 %p_read_802, i8 %p_read_801, i8 %p_read_800, i8 %p_read_799, i8 %p_read_798, i8 %p_read_797, i8 %p_read_796, i8 %p_read_795, i8 %p_read_794, i8 %p_read_793, i8 %p_read_792, i8 %p_read_791, i8 %p_read_790, i8 %p_read_789, i8 %p_read_788, i8 %p_read_787, i8 %p_read_786, i8 %p_read_785, i8 %p_read_784, i8 %p_read_783, i8 %p_read_782, i8 %p_read_781, i8 %p_read_780, i8 %p_read_779, i8 %p_read_778, i8 %p_read_777, i8 %p_read_776, i8 %p_read_775, i8 %p_read_774, i8 %p_read_773, i8 %p_read_772, i8 %p_read_771, i8 %p_read_770, i8 %p_read_769, i8 %p_read_768, i8 %p_read_767, i8 %p_read_766, i8 %p_read_765, i8 %p_read_764, i8 %p_read_763, i8 %p_read_762, i8 %p_read_761, i8 %p_read_760, i8 %p_read_759, i8 %p_read_758, i8 %p_read_757, i8 %p_read_756, i8 %p_read_755, i8 %p_read_754, i8 %p_read_753, i8 %p_read_752, i8 %p_read_751, i8 %p_read_750, i8 %p_read_749, i8 %p_read_748, i8 %p_read_747, i8 %p_read_746, i8 %p_read_745, i8 %p_read_744, i8 %p_read_743, i8 %p_read_742, i8 %p_read_741, i8 %p_read_740, i8 %p_read_739, i8 %p_read_738, i8 %p_read_737, i8 %p_read_736, i8 %p_read_735, i8 %p_read_734, i8 %p_read_733, i8 %p_read_732, i8 %p_read_731, i8 %p_read_730, i8 %p_read_729, i8 %p_read_728, i8 %p_read_727, i8 %p_read_726, i8 %p_read_725, i8 %p_read_724, i8 %p_read_723, i8 %p_read_722, i8 %p_read_721, i8 %p_read_720, i8 %p_read_719, i8 %p_read_718, i8 %p_read_717, i8 %p_read_716, i8 %p_read_715, i8 %p_read_714, i8 %p_read_713, i8 %p_read_712, i8 %p_read_711, i8 %p_read_710, i8 %p_read_709, i8 %p_read_708, i8 %p_read_707, i8 %p_read_706, i8 %p_read_705, i8 %p_read_704, i8 %p_read_703, i8 %p_read_702, i8 %p_read_701, i8 %p_read_700, i8 %p_read_699, i8 %p_read_698, i8 %p_read_697, i8 %p_read_696, i8 %p_read_695, i8 %p_read_694, i8 %p_read_693, i8 %p_read_692, i8 %p_read_691, i8 %p_read_690, i8 %p_read_689, i8 %p_read_688, i8 %p_read_687, i8 %p_read_686, i8 %p_read_685, i8 %p_read_684, i8 %p_read_683, i8 %p_read_682, i8 %p_read_681, i8 %p_read_680, i8 %p_read_679, i8 %p_read_678, i8 %p_read_677, i8 %p_read_676, i8 %p_read_675, i8 %p_read_674, i8 %p_read_673, i8 %p_read_672, i8 %p_read_671, i8 %p_read_670, i8 %p_read_669, i8 %p_read_668, i8 %p_read_667, i8 %p_read_666, i8 %p_read_665, i8 %p_read_664, i8 %p_read_663, i8 %p_read_662, i8 %p_read_661, i8 %p_read_660, i8 %p_read_659, i8 %p_read_658, i8 %p_read_657, i8 %p_read_656, i8 %p_read_655, i8 %p_read_654, i8 %p_read_653, i8 %p_read_652, i8 %p_read_651, i8 %p_read_650, i8 %p_read_649, i8 %p_read_648, i8 %p_read_647, i8 %p_read_646, i8 %p_read_645, i8 %p_read_644, i8 %p_read_643, i8 %p_read_642, i8 %p_read_641, i8 %p_read_640, i8 %p_read_639, i8 %p_read_638, i8 %p_read_637, i8 %p_read_636, i8 %p_read_635, i8 %p_read_634, i8 %p_read_633, i8 %p_read_632, i8 %p_read_631, i8 %p_read_630, i8 %p_read_629, i8 %p_read_628, i8 %p_read_627, i8 %p_read_626, i8 %p_read_625, i8 %p_read_624, i8 %p_read_623, i8 %p_read_622, i8 %p_read_621, i8 %p_read_620, i8 %p_read_619, i8 %p_read_618, i8 %p_read_617, i8 %p_read_616, i8 %p_read_615, i8 %p_read_614, i8 %p_read_613, i8 %p_read_612, i8 %p_read_611, i8 %p_read_610, i8 %p_read_609, i8 %p_read_608, i8 %p_read_607, i8 %p_read_606, i8 %p_read_605, i8 %p_read_604, i8 %p_read_603, i8 %p_read_602, i8 %p_read_601, i8 %p_read_600, i8 %p_read_599, i8 %p_read_598, i8 %p_read_597, i8 %p_read_596, i8 %p_read_595, i8 %p_read_594, i8 %p_read_593, i8 %p_read_592, i8 %p_read_591, i8 %p_read_590, i8 %p_read_589, i8 %p_read_588, i8 %p_read_587, i8 %p_read_586, i8 %p_read_585, i8 %p_read_584, i8 %p_read_583, i8 %p_read_582, i8 %p_read_581, i8 %p_read_580, i8 %p_read_579, i8 %p_read_578, i8 %p_read_577, i8 %p_read_576, i8 %p_read_575, i8 %p_read_574, i8 %p_read_573, i8 %p_read_572, i8 %p_read_571, i8 %p_read_570, i8 %p_read_569, i8 %p_read_568, i8 %p_read_567, i8 %p_read_566, i8 %p_read_565, i8 %p_read_564, i8 %p_read_563, i8 %p_read_562, i8 %p_read_561, i8 %p_read_560, i8 %p_read_559, i8 %p_read_558, i8 %p_read_557, i8 %p_read_556, i8 %p_read_555, i8 %p_read_554, i8 %p_read_553, i8 %p_read_552, i8 %p_read_551, i8 %p_read_550, i8 %p_read_549, i8 %p_read_548, i8 %p_read_547, i8 %p_read_546, i8 %p_read_545, i8 %p_read_544, i8 %p_read_543, i8 %p_read_542, i8 %p_read_541, i8 %p_read_540, i8 %p_read_539, i8 %p_read_538, i8 %p_read_537, i8 %p_read_536, i8 %p_read_535, i8 %p_read_534, i8 %p_read_533, i8 %p_read_532, i8 %p_read_531, i8 %p_read_530, i8 %p_read_529, i8 %p_read_528, i8 %p_read_527, i8 %p_read_526, i8 %p_read_525, i8 %p_read_524, i8 %p_read_523, i8 %p_read_522, i8 %p_read_521, i8 %p_read_520, i8 %p_read_519, i8 %p_read_518, i8 %p_read_517, i8 %p_read_516, i8 %p_read_515, i8 %p_read_514, i8 %p_read_513, i8 %p_read_512, i8 %p_read_511, i8 %p_read_510, i8 %p_read_509, i8 %p_read_508, i8 %p_read_507, i8 %p_read_506, i8 %p_read_505, i8 %p_read_504, i8 %p_read_503, i8 %p_read_502, i8 %p_read_501, i8 %p_read_500, i8 %p_read_499, i8 %p_read_498, i8 %p_read_497, i8 %p_read_496, i8 %p_read_495, i8 %p_read_494, i8 %p_read_493, i8 %p_read_492, i8 %p_read_491, i8 %p_read_490, i8 %p_read_489, i8 %p_read_488, i8 %p_read_487, i8 %p_read_486, i8 %p_read_485, i8 %p_read_484, i8 %p_read_483, i8 %p_read_482, i8 %p_read_481, i8 %p_read_480, i8 %p_read_479, i8 %p_read_478, i8 %p_read_477, i8 %p_read_476, i8 %p_read_475, i8 %p_read_474, i8 %p_read_473, i8 %p_read_472, i8 %p_read_471, i8 %p_read_470, i8 %p_read_469, i8 %p_read_468, i8 %p_read_467, i8 %p_read_466, i8 %p_read_465, i8 %p_read_464, i8 %p_read_463, i8 %p_read_462, i8 %p_read_461, i8 %p_read_460, i8 %p_read_459, i8 %p_read_458, i8 %p_read_457, i8 %p_read_456, i8 %p_read_455, i8 %p_read_454, i8 %p_read_453, i8 %p_read_452, i8 %p_read_451, i8 %p_read_450, i8 %p_read_449, i8 %p_read_448, i8 %p_read_447, i8 %p_read_446, i8 %p_read_445, i8 %p_read_444, i8 %p_read_443, i8 %p_read_442, i8 %p_read_441, i8 %p_read_440, i8 %p_read_439, i8 %p_read_438, i8 %p_read_437, i8 %p_read_436, i8 %p_read_435, i8 %p_read_434, i8 %p_read_433, i8 %p_read_432, i8 %p_read_431, i8 %p_read_430, i8 %p_read_429, i8 %p_read_428, i8 %p_read_427, i8 %p_read_426, i8 %p_read_425, i8 %p_read_424, i8 %p_read_423, i8 %p_read_422, i8 %p_read_421, i8 %p_read_420, i8 %p_read_419, i8 %p_read_418, i8 %p_read_417, i8 %p_read_416, i8 %p_read_415, i8 %p_read_414, i8 %p_read_413, i8 %p_read_412, i8 %p_read_411, i8 %p_read_410, i8 %p_read_409, i8 %p_read_408, i8 %p_read_407, i8 %p_read_406, i8 %p_read_405, i8 %p_read_404, i8 %p_read_403, i8 %p_read_402, i8 %p_read_401, i8 %p_read_400, i8 %p_read_399, i8 %p_read_398, i8 %p_read_397, i8 %p_read_396, i8 %p_read_395, i8 %p_read_394, i8 %p_read_393, i8 %p_read_392, i8 %p_read_391, i8 %p_read_390, i8 %p_read_389, i8 %p_read_388, i8 %p_read_387, i8 %p_read_386, i8 %p_read_385, i8 %p_read_384, i8 %p_read_383, i8 %p_read_382, i8 %p_read_381, i8 %p_read_380, i8 %p_read_379, i8 %p_read_378, i8 %p_read_377, i8 %p_read_376, i8 %p_read_375, i8 %p_read_374, i8 %p_read_373, i8 %p_read_372, i8 %p_read_371, i8 %p_read_370, i8 %p_read_369, i8 %p_read_368, i8 %p_read_367, i8 %p_read_366, i8 %p_read_365, i8 %p_read_364, i8 %p_read_363, i8 %p_read_362, i8 %p_read_361, i8 %p_read_360, i8 %p_read_359, i8 %p_read_358, i8 %p_read_357, i8 %p_read_356, i8 %p_read_355, i8 %p_read_354, i8 %p_read_353, i8 %p_read_352, i8 %p_read_351, i8 %p_read_350, i8 %p_read_349, i8 %p_read_348, i8 %p_read_347, i8 %p_read_346, i8 %p_read_345, i8 %p_read_344, i8 %p_read_343, i8 %p_read_342, i8 %p_read_341, i8 %p_read_340, i8 %p_read_339, i8 %p_read_338, i8 %p_read_337, i8 %p_read_336, i8 %p_read_335, i8 %p_read_334, i8 %p_read_333, i8 %p_read_332, i8 %p_read_331, i8 %p_read_330, i8 %p_read_329, i8 %p_read_328, i8 %p_read_327, i8 %p_read_326, i8 %p_read_325, i8 %p_read_324, i8 %p_read_323, i8 %p_read_322, i8 %p_read_321, i8 %p_read_320, i8 %p_read_319, i8 %p_read_318, i8 %p_read_317, i8 %p_read_316, i8 %p_read_315, i8 %p_read_314, i8 %p_read_313, i8 %p_read_312, i8 %p_read_311, i8 %p_read_310, i8 %p_read_309, i8 %p_read_308, i8 %p_read_307, i8 %p_read_306, i8 %p_read_305, i8 %p_read_304, i8 %p_read_303, i8 %p_read_302, i8 %p_read_301, i8 %p_read_300, i8 %p_read_299, i8 %p_read_298, i8 %p_read_297, i8 %p_read_296, i8 %p_read_295, i8 %p_read_294, i8 %p_read_293, i8 %p_read_292, i8 %p_read_291, i8 %p_read_290, i8 %p_read_289, i8 %p_read_288, i8 %p_read_287, i8 %p_read_286, i8 %p_read_285, i8 %p_read_284, i8 %p_read_283, i8 %p_read_282, i8 %p_read_281, i8 %p_read_280, i8 %p_read_279, i8 %p_read_278, i8 %p_read_277, i8 %p_read_276, i8 %p_read_275, i8 %p_read_274, i8 %p_read_273, i8 %p_read_272, i8 %p_read_271, i8 %p_read_270, i8 %p_read_269, i8 %p_read_268, i8 %p_read_267, i8 %p_read_266, i8 %p_read_265, i8 %p_read_264, i8 %p_read_263, i8 %p_read_262, i8 %p_read_261, i8 %p_read_260, i8 %p_read_259, i8 %p_read_258, i8 %p_read_257, i8 %p_read_256, i8 %p_read_255, i8 %p_read_254, i8 %p_read_253, i8 %p_read_252, i8 %p_read_251, i8 %p_read_250, i8 %p_read_249, i8 %p_read_248, i8 %p_read_247, i8 %p_read_246, i8 %p_read_245, i8 %p_read_244, i8 %p_read_243, i8 %p_read_242, i8 %p_read_241, i8 %p_read_240, i8 %p_read_239, i8 %p_read_238, i8 %p_read_237, i8 %p_read_236, i8 %p_read_235, i8 %p_read_234, i8 %p_read_233, i8 %p_read_232, i8 %p_read_231, i8 %p_read_230, i8 %p_read_229, i8 %p_read_228, i8 %p_read_227, i8 %p_read_226, i8 %p_read_225, i8 %p_read_224, i8 %p_read_223, i8 %p_read_222, i8 %p_read_221, i8 %p_read_220, i8 %p_read_219, i8 %p_read_218, i8 %p_read_217, i8 %p_read_216, i8 %p_read_215, i8 %p_read_214, i8 %p_read_213, i8 %p_read_212, i8 %p_read_211, i8 %p_read_210, i8 %p_read_209, i8 %p_read_208, i8 %p_read_207, i8 %p_read_206, i8 %p_read_205, i8 %p_read_204, i8 %p_read_203, i8 %p_read_202, i8 %p_read_201, i8 %p_read_200, i8 %p_read_199, i8 %p_read_198, i8 %p_read_197, i8 %p_read_196, i8 %p_read_195, i8 %p_read_194, i8 %p_read_193, i8 %p_read_192, i8 %p_read_191, i8 %p_read_190, i8 %p_read_189, i8 %p_read_188, i8 %p_read_187, i8 %p_read_186, i8 %p_read_185, i8 %p_read_184, i8 %p_read_183, i8 %p_read_182, i8 %p_read_181, i8 %p_read_180, i8 %p_read_179, i8 %p_read_178, i8 %p_read_177, i8 %p_read_176, i8 %p_read_175, i8 %p_read_174, i8 %p_read_173, i8 %p_read_172, i8 %p_read_171, i8 %p_read_170, i8 %p_read_169, i8 %p_read_168, i8 %p_read_167, i8 %p_read_166, i8 %p_read_165, i8 %p_read_164, i8 %p_read_163, i8 %p_read_162, i8 %p_read_161, i8 %p_read_160, i8 %p_read_159, i8 %p_read_158, i8 %p_read_157, i8 %p_read_156, i8 %p_read_155, i8 %p_read_154, i8 %p_read_153, i8 %p_read_152, i8 %p_read_151, i8 %p_read_150, i8 %p_read_149, i8 %p_read_148, i8 %p_read_147, i8 %p_read_146, i8 %p_read_145, i8 %p_read_144, i8 %p_read_143, i8 %p_read_142, i8 %p_read_141, i8 %p_read_140, i8 %p_read_139, i8 %p_read_138, i8 %p_read_137, i8 %p_read_136, i8 %p_read_135, i8 %p_read_134, i8 %p_read_133, i8 %p_read_132, i8 %p_read_131, i8 %p_read_130, i8 %p_read_129, i8 %p_read_128, i8 %p_read_127, i8 %p_read_126, i8 %p_read_125, i8 %p_read_124, i8 %p_read_123, i8 %p_read_122, i8 %p_read_121, i8 %p_read_120, i8 %p_read_119, i8 %p_read_118, i8 %p_read_117, i8 %p_read_116, i8 %p_read_115, i8 %p_read_114, i8 %p_read_113, i8 %p_read_112, i8 %p_read_111, i8 %p_read_110, i8 %p_read_109, i8 %p_read_108, i8 %p_read_107, i8 %p_read_106, i8 %p_read_105, i8 %p_read_104, i8 %p_read_103, i8 %p_read_102, i8 %p_read_101, i8 %p_read_100, i8 %p_read_99, i8 %p_read_98, i8 %p_read_97, i8 %p_read_96, i8 %p_read_95, i8 %p_read_94, i8 %p_read_93, i8 %p_read_92, i8 %p_read_91, i8 %p_read_90, i8 %p_read_89, i8 %p_read_88, i8 %p_read_87, i8 %p_read_86, i8 %p_read_85, i8 %p_read_84, i8 %p_read_83, i8 %p_read_82, i8 %p_read_81, i8 %p_read_80, i8 %p_read_79, i8 %p_read_78, i8 %p_read_77, i8 %p_read_76, i8 %p_read_75, i8 %p_read_74, i8 %p_read_73, i8 %p_read_72, i8 %p_read_71, i8 %p_read_70, i8 %p_read_69, i8 %p_read_68, i8 %p_read_67, i8 %p_read_66, i8 %p_read_65, i8 %p_read_64, i8 %p_read_63, i8 %p_read_62, i8 %p_read_61, i8 %p_read_60, i8 %p_read_59, i8 %p_read_58, i8 %p_read_57, i8 %p_read_56, i8 %p_read_55, i8 %p_read_54, i8 %p_read_53, i8 %p_read_52, i8 %p_read_51, i8 %p_read_50, i8 %p_read_49, i8 %p_read_48, i8 %p_read_47, i8 %p_read_46, i8 %p_read_45, i8 %p_read_44, i8 %p_read_43, i8 %p_read_42, i8 %p_read_41, i8 %p_read_40, i8 %p_read_39, i8 %p_read_38, i8 %p_read_37, i8 %p_read_36, i8 %p_read_35, i8 %p_read_34, i8 %p_read_33, i8 %p_read_32, i8 %p_read_31, i8 %p_read_30, i8 %p_read_29, i8 %p_read_28, i8 %p_read_27, i8 %p_read_26, i8 %p_read_25, i8 %p_read_24, i8 %p_read_23, i8 %p_read_22, i8 %p_read_21, i8 %p_read_20, i8 %p_read_19, i8 %p_read_18, i8 %p_read_17, i8 %p_read_16, i8 %p_read_15, i11 %add_ln61_15" [src/ORB.cpp:61]   --->   Operation 2307 'mux' 't1_V_7' <Predicate = (!tmp)> <Delay = 1.76> <CoreInst = "Multiplexer">   --->   Core 76 'Multiplexer' <Latency = 0> <II = 1> <Delay = 1.76> <FuncUnit> <Opcode : 'mux'> <InPorts = 2> <OutPorts = 1>
ST_18 : Operation 2308 [1/1] (0.84ns)   --->   "%p_Repl2_7 = icmp_ult  i8 %t0_V_7, i8 %t1_V_7"   --->   Operation 2308 'icmp' 'p_Repl2_7' <Predicate = (!tmp)> <Delay = 0.84> <CoreInst = "Cmp">   --->   Core 9 'Cmp' <Latency = 0> <II = 1> <Delay = 0.44> <FuncUnit> <Opcode : 'icmp'> <InPorts = 2> <OutPorts = 1>
ST_18 : Operation 2309 [1/1] (0.00ns)   --->   "%or_ln669_6 = or i8 %trunc_ln52, i8 7"   --->   Operation 2309 'or' 'or_ln669_6' <Predicate = (!tmp)> <Delay = 0.00>
ST_18 : Operation 2310 [1/1] (0.00ns)   --->   "%zext_ln669_7 = zext i8 %or_ln669_6"   --->   Operation 2310 'zext' 'zext_ln669_7' <Predicate = (!tmp)> <Delay = 0.00>
ST_18 : Operation 2311 [1/1] (0.00ns)   --->   "%p_Result_58 = bitset i256 @_ssdm_op_BitSet.i256.i256.i32.i1, i256 %p_Result_57, i32 %zext_ln669_7, i1 %p_Repl2_7"   --->   Operation 2311 'bitset' 'p_Result_58' <Predicate = (!tmp)> <Delay = 0.00>
ST_18 : Operation 2312 [1/1] (0.00ns)   --->   "%br_ln0 = br void %_ZmlILi9ELi2ELb1EL9ap_q_mode5EL9ap_o_mode3ELi0ELi6ELb1EEN13ap_fixed_baseIXT5_EXT5_EXT6_ELS0_5ELS1_3ELi0EE5RTypeIXT_EXT0_EXT1_EE4multERK11ap_int_baseIXT5_EXT6_EERKS2_IXT_EXT0_EXT1_EXT2_EXT3_EXT4_EE.exit170"   --->   Operation 2312 'br' 'br_ln0' <Predicate = (!tmp)> <Delay = 0.00>

State 19 <SV = 16> <Delay = 0.00>
ST_19 : Operation 2313 [1/1] (0.00ns)   --->   "%ret_ln64 = ret i256 %p_Val2_9" [src/ORB.cpp:64]   --->   Operation 2313 'ret' 'ret_ln64' <Predicate = true> <Delay = 0.00>


============================================================
+ Verbose Summary: Timing violations
============================================================
Target clock period: 10ns, clock uncertainty: 2.7ns.

 <State 1>: 1.85ns
The critical path consists of the following:
	wire read on port 'angle' (src/ORB.cpp:41) [1376]  (0 ns)
	'icmp' operation ('sign0') [2747]  (0.912 ns)
	'select' operation ('inabs', C:/Xilinx/Vitis_HLS/2020.2/common/technology/autopilot/hls_cordic_apfixed.h:234->C:/Xilinx/Vitis_HLS/2020.2/common/technology/autopilot\hls_math.h:1956) [2749]  (0.403 ns)
	'mul' operation of DSP[2751] ('r.V') [2751]  (0.535 ns)

 <State 2>: 0.535ns
The critical path consists of the following:
	'mul' operation of DSP[2751] ('r.V') [2751]  (0.535 ns)

 <State 3>: 0.535ns
The critical path consists of the following:
	'mul' operation of DSP[2751] ('r.V') [2751]  (0.535 ns)

 <State 4>: 0.996ns
The critical path consists of the following:
	'mul' operation of DSP[2751] ('r.V') [2751]  (0 ns)
	'mul' operation of DSP[2758] ('mul_ln1193') [2757]  (0.996 ns)

 <State 5>: 0.996ns
The critical path consists of the following:
	'mul' operation of DSP[2758] ('mul_ln1193') [2757]  (0.996 ns)

 <State 6>: 0.645ns
The critical path consists of the following:
	'add' operation of DSP[2758] ('ret.V') [2758]  (0.645 ns)

 <State 7>: 1.84ns
The critical path consists of the following:
	'add' operation of DSP[2758] ('ret.V') [2758]  (0.645 ns)
	'sub' operation ('ret.V') [2761]  (0.809 ns)
	'select' operation ('z.V', C:/Xilinx/Vitis_HLS/2020.2/common/technology/autopilot/hls_cordic_apfixed.h:251->C:/Xilinx/Vitis_HLS/2020.2/common/technology/autopilot\hls_math.h:1956) [2768]  (0.389 ns)

 <State 8>: 1.24ns
The critical path consists of the following:
	'phi' operation ('n') with incoming values : ('add_ln87', C:/Xilinx/Vitis_HLS/2020.2/common/technology/autopilot/hls_cordic_apfixed.h:87) [2772]  (0 ns)
	'getelementptr' operation ('cordic_apfixed_circ_table_arctan_128_V_addr') [2788]  (0 ns)
	'load' operation ('cordic_apfixed_circ_table_arctan_128_V_load') on array 'cordic_apfixed_circ_table_arctan_128_V' [2789]  (1.24 ns)

 <State 9>: 2.42ns
The critical path consists of the following:
	'load' operation ('cordic_apfixed_circ_table_arctan_128_V_load') on array 'cordic_apfixed_circ_table_arctan_128_V' [2789]  (1.24 ns)
	'add' operation ('add_ln703_1') [2794]  (0.809 ns)
	'select' operation ('tz') [2798]  (0.375 ns)

 <State 10>: 2.37ns
The critical path consists of the following:
	'sub' operation ('r') [2806]  (0.798 ns)
	'select' operation ('select_ln274', C:/Xilinx/Vitis_HLS/2020.2/common/technology/autopilot/hls_cordic_apfixed.h:274->C:/Xilinx/Vitis_HLS/2020.2/common/technology/autopilot\hls_math.h:1956) [2812]  (0 ns)
	'select' operation ('select_ln274_1', C:/Xilinx/Vitis_HLS/2020.2/common/technology/autopilot/hls_cordic_apfixed.h:274->C:/Xilinx/Vitis_HLS/2020.2/common/technology/autopilot\hls_math.h:1956) [2813]  (0.398 ns)
	'sub' operation ('sub_ln703_2') [2819]  (0.776 ns)
	'select' operation ('outsin.V', C:/Xilinx/Vitis_HLS/2020.2/common/technology/autopilot/hls_cordic_apfixed.h:291->C:/Xilinx/Vitis_HLS/2020.2/common/technology/autopilot\hls_math.h:1956) [2820]  (0.398 ns)

 <State 11>: 1.24ns
The critical path consists of the following:
	'phi' operation ('i', src/ORB.cpp:50) with incoming values : ('add_ln50', src/ORB.cpp:50) [2826]  (0 ns)
	'getelementptr' operation ('bit_pattern_31_addr', src/ORB.cpp:52) [2837]  (0 ns)
	'load' operation ('val', src/ORB.cpp:52) on array 'bit_pattern_31' [2838]  (1.24 ns)

 <State 12>: 2.23ns
The critical path consists of the following:
	'load' operation ('val', src/ORB.cpp:52) on array 'bit_pattern_31' [2838]  (1.24 ns)
	'mul' operation of DSP[2866] ('r.V') [2864]  (0.996 ns)

 <State 13>: 1.24ns
The critical path consists of the following:
	'or' operation ('or_ln53', src/ORB.cpp:53) [2839]  (0 ns)
	'getelementptr' operation ('bit_pattern_31_addr_1', src/ORB.cpp:53) [2841]  (0 ns)
	'load' operation ('val', src/ORB.cpp:53) on array 'bit_pattern_31' [2842]  (1.24 ns)

 <State 14>: 3.62ns
The critical path consists of the following:
	'load' operation ('val', src/ORB.cpp:53) on array 'bit_pattern_31' [2842]  (1.24 ns)
	'mul' operation ('r.V') [2865]  (1.74 ns)
	'add' operation of DSP[2866] ('ret.V') [2866]  (0.645 ns)

 <State 15>: 6.13ns
The critical path consists of the following:
	'add' operation of DSP[2866] ('ret.V') [2866]  (0.645 ns)
	'call' operation ('__Val2__', C:/Xilinx/Vitis_HLS/2020.2/common/technology/autopilot\hls_math.h:2171->src/ORB.cpp:57) to 'round_fixed<16, 9>' [2867]  (2.89 ns)
	'icmp' operation ('icmp_ln851_4') [2871]  (0.817 ns)
	'select' operation ('select_ln850_4') [2873]  (0 ns)
	'select' operation ('ret.V') [2874]  (0 ns)
	'add' operation ('add_ln533', vitis_library_vision_L1/include\common/xf_video_mem.hpp:533) [2899]  (0.781 ns)
	'mul' operation of DSP[2904] ('mul_ln60', src/ORB.cpp:60) [2902]  (0.996 ns)

 <State 16>: 0.996ns
The critical path consists of the following:
	'mul' operation of DSP[2904] ('mul_ln60', src/ORB.cpp:60) [2902]  (0.996 ns)

 <State 17>: 5.78ns
The critical path consists of the following:
	'sub' operation of DSP[2855] ('ret.V') [2855]  (0.645 ns)
	'call' operation ('__Val2__', C:/Xilinx/Vitis_HLS/2020.2/common/technology/autopilot\hls_math.h:2171->src/ORB.cpp:56) to 'round_fixed<16, 9>' [2856]  (2.89 ns)
	'icmp' operation ('icmp_ln851') [2860]  (0.817 ns)
	'select' operation ('select_ln850') [2862]  (0 ns)
	'select' operation ('ret.V') [2863]  (0 ns)
	'add' operation ('add_ln60_1', src/ORB.cpp:60) [2900]  (0.781 ns)
	'add' operation of DSP[2904] ('add_ln60', src/ORB.cpp:60) [2904]  (0.645 ns)

 <State 18>: 3.26ns
The critical path consists of the following:
	'add' operation of DSP[2904] ('add_ln60', src/ORB.cpp:60) [2904]  (0.645 ns)
	'mux' operation ('t0.V', src/ORB.cpp:60) [2905]  (1.76 ns)
	'icmp' operation ('v') [2913]  (0.849 ns)

 <State 19>: 0ns
The critical path consists of the following:


============================================================
+ Verbose Summary: Binding
============================================================
N/A
* FSMD analyzer results:
  - Output states:
 - Input state : 
  - Chain level:
	State 1
	State 2
	State 3
	State 4
	State 5
	State 6
	State 7
	State 8
	State 9
	State 10
	State 11
	State 12
	State 13
	State 14
	State 15
	State 16
	State 17
	State 18
	State 19


============================================================
+ Verbose Summary: Datapath Resource usage 
============================================================
N/A
