

================================================================
== Vitis HLS Report for 'fast_score'
================================================================
* Date:           Wed Jan 17 16:57:47 2024

* Version:        2020.2 (Build 3064766 on Wed Nov 18 09:12:45 MST 2020)
* Project:        hls_project
* Solution:       solution1 (Vivado IP Flow Target)
* Product family: zynquplus
* Target device:  xczu7ev-ffvc1156-2-e


================================================================
== Performance Estimates
================================================================
+ Timing: 
    * Summary: 
    +--------+----------+----------+------------+
    |  Clock |  Target  | Estimated| Uncertainty|
    +--------+----------+----------+------------+
    |ap_clk  |  10.00 ns|  7.274 ns|     2.70 ns|
    +--------+----------+----------+------------+

+ Latency: 
    * Summary: 
    +---------+---------+-----------+-----------+-----+-----+---------+
    |  Latency (cycles) |   Latency (absolute)  |  Interval | Pipeline|
    |   min   |   max   |    min    |    max    | min | max |   Type  |
    +---------+---------+-----------+-----------+-----+-----+---------+
    |        3|        3|  30.000 ns|  30.000 ns|    1|    1|      yes|
    +---------+---------+-----------+-----------+-----+-----+---------+

    + Detail: 
        * Instance: 
        N/A

        * Loop: 
        N/A

============================================================
+ Verbose Summary: Synthesis Manager
============================================================
InlineROM: 1
ExposeGlobal: 0
============================================================
+ Verbose Summary: CDFG Model
============================================================
IsTopModel: 0
ResetActiveHigh: 1
IsCombinational: 0
IsDatapathOnly: 0
HasWiredReturn: 1
HasMFsm: 2
HasVarLatency: 0
IsPipeline: 1
IsRtlPipelined: 1
IsInstanceOverlapped: 0
IsDontTouch: 0
HasImplIP: 0
IsGatedGlobalClock: 0

+ Individual pipeline summary: 
  * Pipeline-0: initiation interval (II) = 1, depth = 4


============================================================
+ Verbose Summary: Schedule
============================================================
* Number of FSM states : 4
* Pipeline : 1
  Pipeline-0 : II = 1, D = 4, States = { 1 2 3 4 }
* Dataflow Pipeline: 0

* FSM state transitions: 
1 --> 2 
2 --> 3 
3 --> 4 
4 --> 

* FSM state operations: 

State 1 <SV = 0> <Delay = 7.27>
ST_1 : Operation 5 [1/1] (0.00ns)   --->   "%p_threshold_read = read i8 @_ssdm_op_Read.ap_auto.i8, i8 %p_threshold"   --->   Operation 5 'read' 'p_threshold_read' <Predicate = true> <Delay = 0.00>
ST_1 : Operation 6 [1/1] (0.00ns)   --->   "%p_read = read i9 @_ssdm_op_Read.ap_auto.i9, i9 %p_read16"   --->   Operation 6 'read' 'p_read' <Predicate = true> <Delay = 0.00>
ST_1 : Operation 7 [1/1] (0.00ns)   --->   "%p_read_8 = read i9 @_ssdm_op_Read.ap_auto.i9, i9 %p_read15"   --->   Operation 7 'read' 'p_read_8' <Predicate = true> <Delay = 0.00>
ST_1 : Operation 8 [1/1] (0.00ns)   --->   "%p_read_9 = read i9 @_ssdm_op_Read.ap_auto.i9, i9 %p_read14"   --->   Operation 8 'read' 'p_read_9' <Predicate = true> <Delay = 0.00>
ST_1 : Operation 9 [1/1] (0.00ns)   --->   "%p_read_10 = read i9 @_ssdm_op_Read.ap_auto.i9, i9 %p_read13"   --->   Operation 9 'read' 'p_read_10' <Predicate = true> <Delay = 0.00>
ST_1 : Operation 10 [1/1] (0.00ns)   --->   "%p_read_11 = read i9 @_ssdm_op_Read.ap_auto.i9, i9 %p_read12"   --->   Operation 10 'read' 'p_read_11' <Predicate = true> <Delay = 0.00>
ST_1 : Operation 11 [1/1] (0.00ns)   --->   "%p_read_12 = read i9 @_ssdm_op_Read.ap_auto.i9, i9 %p_read11"   --->   Operation 11 'read' 'p_read_12' <Predicate = true> <Delay = 0.00>
ST_1 : Operation 12 [1/1] (0.00ns)   --->   "%p_read_13 = read i9 @_ssdm_op_Read.ap_auto.i9, i9 %p_read10"   --->   Operation 12 'read' 'p_read_13' <Predicate = true> <Delay = 0.00>
ST_1 : Operation 13 [1/1] (0.00ns)   --->   "%p_read_14 = read i9 @_ssdm_op_Read.ap_auto.i9, i9 %p_read9"   --->   Operation 13 'read' 'p_read_14' <Predicate = true> <Delay = 0.00>
ST_1 : Operation 14 [1/1] (0.00ns)   --->   "%p_read814 = read i9 @_ssdm_op_Read.ap_auto.i9, i9 %p_read8"   --->   Operation 14 'read' 'p_read814' <Predicate = true> <Delay = 0.00>
ST_1 : Operation 15 [1/1] (0.00ns)   --->   "%p_read713 = read i9 @_ssdm_op_Read.ap_auto.i9, i9 %p_read7"   --->   Operation 15 'read' 'p_read713' <Predicate = true> <Delay = 0.00>
ST_1 : Operation 16 [1/1] (0.00ns)   --->   "%p_read612 = read i9 @_ssdm_op_Read.ap_auto.i9, i9 %p_read6"   --->   Operation 16 'read' 'p_read612' <Predicate = true> <Delay = 0.00>
ST_1 : Operation 17 [1/1] (0.00ns)   --->   "%p_read511 = read i9 @_ssdm_op_Read.ap_auto.i9, i9 %p_read5"   --->   Operation 17 'read' 'p_read511' <Predicate = true> <Delay = 0.00>
ST_1 : Operation 18 [1/1] (0.00ns)   --->   "%p_read410 = read i9 @_ssdm_op_Read.ap_auto.i9, i9 %p_read4"   --->   Operation 18 'read' 'p_read410' <Predicate = true> <Delay = 0.00>
ST_1 : Operation 19 [1/1] (0.00ns)   --->   "%p_read39 = read i9 @_ssdm_op_Read.ap_auto.i9, i9 %p_read3"   --->   Operation 19 'read' 'p_read39' <Predicate = true> <Delay = 0.00>
ST_1 : Operation 20 [1/1] (0.00ns)   --->   "%p_read28 = read i9 @_ssdm_op_Read.ap_auto.i9, i9 %p_read2"   --->   Operation 20 'read' 'p_read28' <Predicate = true> <Delay = 0.00>
ST_1 : Operation 21 [1/1] (0.00ns)   --->   "%p_read17 = read i9 @_ssdm_op_Read.ap_auto.i9, i9 %p_read1"   --->   Operation 21 'read' 'p_read17' <Predicate = true> <Delay = 0.00>
ST_1 : Operation 22 [1/1] (0.88ns)   --->   "%icmp_ln17 = icmp_slt  i9 %p_read28, i9 %p_read39" [src/fast.hpp:17]   --->   Operation 22 'icmp' 'icmp_ln17' <Predicate = true> <Delay = 0.88> <CoreInst = "Cmp">   --->   Core 9 'Cmp' <Latency = 0> <II = 1> <Delay = 0.84> <FuncUnit> <Opcode : 'icmp'> <InPorts = 2> <OutPorts = 1>
ST_1 : Operation 23 [1/1] (0.39ns)   --->   "%select_ln17 = select i1 %icmp_ln17, i9 %p_read28, i9 %p_read39" [src/fast.hpp:17]   --->   Operation 23 'select' 'select_ln17' <Predicate = true> <Delay = 0.39> <CoreInst = "Sel">   --->   Core 73 'Sel' <Latency = 0> <II = 1> <Delay = 0.39> <FuncUnit> <Opcode : 'select'> <InPorts = 3> <OutPorts = 1>
ST_1 : Operation 24 [1/1] (0.88ns)   --->   "%icmp_ln18 = icmp_sgt  i9 %p_read28, i9 %p_read39" [src/fast.hpp:18]   --->   Operation 24 'icmp' 'icmp_ln18' <Predicate = true> <Delay = 0.88> <CoreInst = "Cmp">   --->   Core 9 'Cmp' <Latency = 0> <II = 1> <Delay = 0.84> <FuncUnit> <Opcode : 'icmp'> <InPorts = 2> <OutPorts = 1>
ST_1 : Operation 25 [1/1] (0.39ns)   --->   "%select_ln18 = select i1 %icmp_ln18, i9 %p_read28, i9 %p_read39" [src/fast.hpp:18]   --->   Operation 25 'select' 'select_ln18' <Predicate = true> <Delay = 0.39> <CoreInst = "Sel">   --->   Core 73 'Sel' <Latency = 0> <II = 1> <Delay = 0.39> <FuncUnit> <Opcode : 'select'> <InPorts = 3> <OutPorts = 1>
ST_1 : Operation 26 [1/1] (0.88ns)   --->   "%icmp_ln17_1 = icmp_slt  i9 %p_read410, i9 %p_read511" [src/fast.hpp:17]   --->   Operation 26 'icmp' 'icmp_ln17_1' <Predicate = true> <Delay = 0.88> <CoreInst = "Cmp">   --->   Core 9 'Cmp' <Latency = 0> <II = 1> <Delay = 0.84> <FuncUnit> <Opcode : 'icmp'> <InPorts = 2> <OutPorts = 1>
ST_1 : Operation 27 [1/1] (0.39ns)   --->   "%select_ln17_1 = select i1 %icmp_ln17_1, i9 %p_read410, i9 %p_read511" [src/fast.hpp:17]   --->   Operation 27 'select' 'select_ln17_1' <Predicate = true> <Delay = 0.39> <CoreInst = "Sel">   --->   Core 73 'Sel' <Latency = 0> <II = 1> <Delay = 0.39> <FuncUnit> <Opcode : 'select'> <InPorts = 3> <OutPorts = 1>
ST_1 : Operation 28 [1/1] (0.88ns)   --->   "%icmp_ln18_1 = icmp_sgt  i9 %p_read410, i9 %p_read511" [src/fast.hpp:18]   --->   Operation 28 'icmp' 'icmp_ln18_1' <Predicate = true> <Delay = 0.88> <CoreInst = "Cmp">   --->   Core 9 'Cmp' <Latency = 0> <II = 1> <Delay = 0.84> <FuncUnit> <Opcode : 'icmp'> <InPorts = 2> <OutPorts = 1>
ST_1 : Operation 29 [1/1] (0.39ns)   --->   "%select_ln18_1 = select i1 %icmp_ln18_1, i9 %p_read410, i9 %p_read511" [src/fast.hpp:18]   --->   Operation 29 'select' 'select_ln18_1' <Predicate = true> <Delay = 0.39> <CoreInst = "Sel">   --->   Core 73 'Sel' <Latency = 0> <II = 1> <Delay = 0.39> <FuncUnit> <Opcode : 'select'> <InPorts = 3> <OutPorts = 1>
ST_1 : Operation 30 [1/1] (0.88ns)   --->   "%icmp_ln17_2 = icmp_slt  i9 %p_read612, i9 %p_read713" [src/fast.hpp:17]   --->   Operation 30 'icmp' 'icmp_ln17_2' <Predicate = true> <Delay = 0.88> <CoreInst = "Cmp">   --->   Core 9 'Cmp' <Latency = 0> <II = 1> <Delay = 0.84> <FuncUnit> <Opcode : 'icmp'> <InPorts = 2> <OutPorts = 1>
ST_1 : Operation 31 [1/1] (0.39ns)   --->   "%select_ln17_2 = select i1 %icmp_ln17_2, i9 %p_read612, i9 %p_read713" [src/fast.hpp:17]   --->   Operation 31 'select' 'select_ln17_2' <Predicate = true> <Delay = 0.39> <CoreInst = "Sel">   --->   Core 73 'Sel' <Latency = 0> <II = 1> <Delay = 0.39> <FuncUnit> <Opcode : 'select'> <InPorts = 3> <OutPorts = 1>
ST_1 : Operation 32 [1/1] (0.88ns)   --->   "%icmp_ln18_2 = icmp_sgt  i9 %p_read612, i9 %p_read713" [src/fast.hpp:18]   --->   Operation 32 'icmp' 'icmp_ln18_2' <Predicate = true> <Delay = 0.88> <CoreInst = "Cmp">   --->   Core 9 'Cmp' <Latency = 0> <II = 1> <Delay = 0.84> <FuncUnit> <Opcode : 'icmp'> <InPorts = 2> <OutPorts = 1>
ST_1 : Operation 33 [1/1] (0.39ns)   --->   "%select_ln18_2 = select i1 %icmp_ln18_2, i9 %p_read612, i9 %p_read713" [src/fast.hpp:18]   --->   Operation 33 'select' 'select_ln18_2' <Predicate = true> <Delay = 0.39> <CoreInst = "Sel">   --->   Core 73 'Sel' <Latency = 0> <II = 1> <Delay = 0.39> <FuncUnit> <Opcode : 'select'> <InPorts = 3> <OutPorts = 1>
ST_1 : Operation 34 [1/1] (0.88ns)   --->   "%icmp_ln17_3 = icmp_slt  i9 %p_read814, i9 %p_read_14" [src/fast.hpp:17]   --->   Operation 34 'icmp' 'icmp_ln17_3' <Predicate = true> <Delay = 0.88> <CoreInst = "Cmp">   --->   Core 9 'Cmp' <Latency = 0> <II = 1> <Delay = 0.84> <FuncUnit> <Opcode : 'icmp'> <InPorts = 2> <OutPorts = 1>
ST_1 : Operation 35 [1/1] (0.39ns)   --->   "%select_ln17_3 = select i1 %icmp_ln17_3, i9 %p_read814, i9 %p_read_14" [src/fast.hpp:17]   --->   Operation 35 'select' 'select_ln17_3' <Predicate = true> <Delay = 0.39> <CoreInst = "Sel">   --->   Core 73 'Sel' <Latency = 0> <II = 1> <Delay = 0.39> <FuncUnit> <Opcode : 'select'> <InPorts = 3> <OutPorts = 1>
ST_1 : Operation 36 [1/1] (0.88ns)   --->   "%icmp_ln18_3 = icmp_sgt  i9 %p_read814, i9 %p_read_14" [src/fast.hpp:18]   --->   Operation 36 'icmp' 'icmp_ln18_3' <Predicate = true> <Delay = 0.88> <CoreInst = "Cmp">   --->   Core 9 'Cmp' <Latency = 0> <II = 1> <Delay = 0.84> <FuncUnit> <Opcode : 'icmp'> <InPorts = 2> <OutPorts = 1>
ST_1 : Operation 37 [1/1] (0.39ns)   --->   "%select_ln18_3 = select i1 %icmp_ln18_3, i9 %p_read814, i9 %p_read_14" [src/fast.hpp:18]   --->   Operation 37 'select' 'select_ln18_3' <Predicate = true> <Delay = 0.39> <CoreInst = "Sel">   --->   Core 73 'Sel' <Latency = 0> <II = 1> <Delay = 0.39> <FuncUnit> <Opcode : 'select'> <InPorts = 3> <OutPorts = 1>
ST_1 : Operation 38 [1/1] (0.88ns)   --->   "%icmp_ln17_4 = icmp_slt  i9 %p_read_13, i9 %p_read_12" [src/fast.hpp:17]   --->   Operation 38 'icmp' 'icmp_ln17_4' <Predicate = true> <Delay = 0.88> <CoreInst = "Cmp">   --->   Core 9 'Cmp' <Latency = 0> <II = 1> <Delay = 0.84> <FuncUnit> <Opcode : 'icmp'> <InPorts = 2> <OutPorts = 1>
ST_1 : Operation 39 [1/1] (0.39ns)   --->   "%select_ln17_4 = select i1 %icmp_ln17_4, i9 %p_read_13, i9 %p_read_12" [src/fast.hpp:17]   --->   Operation 39 'select' 'select_ln17_4' <Predicate = true> <Delay = 0.39> <CoreInst = "Sel">   --->   Core 73 'Sel' <Latency = 0> <II = 1> <Delay = 0.39> <FuncUnit> <Opcode : 'select'> <InPorts = 3> <OutPorts = 1>
ST_1 : Operation 40 [1/1] (0.88ns)   --->   "%icmp_ln18_4 = icmp_sgt  i9 %p_read_13, i9 %p_read_12" [src/fast.hpp:18]   --->   Operation 40 'icmp' 'icmp_ln18_4' <Predicate = true> <Delay = 0.88> <CoreInst = "Cmp">   --->   Core 9 'Cmp' <Latency = 0> <II = 1> <Delay = 0.84> <FuncUnit> <Opcode : 'icmp'> <InPorts = 2> <OutPorts = 1>
ST_1 : Operation 41 [1/1] (0.39ns)   --->   "%select_ln18_4 = select i1 %icmp_ln18_4, i9 %p_read_13, i9 %p_read_12" [src/fast.hpp:18]   --->   Operation 41 'select' 'select_ln18_4' <Predicate = true> <Delay = 0.39> <CoreInst = "Sel">   --->   Core 73 'Sel' <Latency = 0> <II = 1> <Delay = 0.39> <FuncUnit> <Opcode : 'select'> <InPorts = 3> <OutPorts = 1>
ST_1 : Operation 42 [1/1] (0.88ns)   --->   "%icmp_ln17_5 = icmp_slt  i9 %p_read_11, i9 %p_read_10" [src/fast.hpp:17]   --->   Operation 42 'icmp' 'icmp_ln17_5' <Predicate = true> <Delay = 0.88> <CoreInst = "Cmp">   --->   Core 9 'Cmp' <Latency = 0> <II = 1> <Delay = 0.84> <FuncUnit> <Opcode : 'icmp'> <InPorts = 2> <OutPorts = 1>
ST_1 : Operation 43 [1/1] (0.39ns)   --->   "%select_ln17_5 = select i1 %icmp_ln17_5, i9 %p_read_11, i9 %p_read_10" [src/fast.hpp:17]   --->   Operation 43 'select' 'select_ln17_5' <Predicate = true> <Delay = 0.39> <CoreInst = "Sel">   --->   Core 73 'Sel' <Latency = 0> <II = 1> <Delay = 0.39> <FuncUnit> <Opcode : 'select'> <InPorts = 3> <OutPorts = 1>
ST_1 : Operation 44 [1/1] (0.88ns)   --->   "%icmp_ln18_5 = icmp_sgt  i9 %p_read_11, i9 %p_read_10" [src/fast.hpp:18]   --->   Operation 44 'icmp' 'icmp_ln18_5' <Predicate = true> <Delay = 0.88> <CoreInst = "Cmp">   --->   Core 9 'Cmp' <Latency = 0> <II = 1> <Delay = 0.84> <FuncUnit> <Opcode : 'icmp'> <InPorts = 2> <OutPorts = 1>
ST_1 : Operation 45 [1/1] (0.39ns)   --->   "%select_ln18_5 = select i1 %icmp_ln18_5, i9 %p_read_11, i9 %p_read_10" [src/fast.hpp:18]   --->   Operation 45 'select' 'select_ln18_5' <Predicate = true> <Delay = 0.39> <CoreInst = "Sel">   --->   Core 73 'Sel' <Latency = 0> <II = 1> <Delay = 0.39> <FuncUnit> <Opcode : 'select'> <InPorts = 3> <OutPorts = 1>
ST_1 : Operation 46 [1/1] (0.88ns)   --->   "%icmp_ln17_6 = icmp_slt  i9 %p_read_9, i9 %p_read_8" [src/fast.hpp:17]   --->   Operation 46 'icmp' 'icmp_ln17_6' <Predicate = true> <Delay = 0.88> <CoreInst = "Cmp">   --->   Core 9 'Cmp' <Latency = 0> <II = 1> <Delay = 0.84> <FuncUnit> <Opcode : 'icmp'> <InPorts = 2> <OutPorts = 1>
ST_1 : Operation 47 [1/1] (0.39ns)   --->   "%select_ln17_6 = select i1 %icmp_ln17_6, i9 %p_read_9, i9 %p_read_8" [src/fast.hpp:17]   --->   Operation 47 'select' 'select_ln17_6' <Predicate = true> <Delay = 0.39> <CoreInst = "Sel">   --->   Core 73 'Sel' <Latency = 0> <II = 1> <Delay = 0.39> <FuncUnit> <Opcode : 'select'> <InPorts = 3> <OutPorts = 1>
ST_1 : Operation 48 [1/1] (0.88ns)   --->   "%icmp_ln18_6 = icmp_sgt  i9 %p_read_9, i9 %p_read_8" [src/fast.hpp:18]   --->   Operation 48 'icmp' 'icmp_ln18_6' <Predicate = true> <Delay = 0.88> <CoreInst = "Cmp">   --->   Core 9 'Cmp' <Latency = 0> <II = 1> <Delay = 0.84> <FuncUnit> <Opcode : 'icmp'> <InPorts = 2> <OutPorts = 1>
ST_1 : Operation 49 [1/1] (0.39ns)   --->   "%select_ln18_6 = select i1 %icmp_ln18_6, i9 %p_read_9, i9 %p_read_8" [src/fast.hpp:18]   --->   Operation 49 'select' 'select_ln18_6' <Predicate = true> <Delay = 0.39> <CoreInst = "Sel">   --->   Core 73 'Sel' <Latency = 0> <II = 1> <Delay = 0.39> <FuncUnit> <Opcode : 'select'> <InPorts = 3> <OutPorts = 1>
ST_1 : Operation 50 [1/1] (0.88ns)   --->   "%icmp_ln17_7 = icmp_slt  i9 %p_read, i9 %p_read17" [src/fast.hpp:17]   --->   Operation 50 'icmp' 'icmp_ln17_7' <Predicate = true> <Delay = 0.88> <CoreInst = "Cmp">   --->   Core 9 'Cmp' <Latency = 0> <II = 1> <Delay = 0.84> <FuncUnit> <Opcode : 'icmp'> <InPorts = 2> <OutPorts = 1>
ST_1 : Operation 51 [1/1] (0.39ns)   --->   "%select_ln17_7 = select i1 %icmp_ln17_7, i9 %p_read, i9 %p_read17" [src/fast.hpp:17]   --->   Operation 51 'select' 'select_ln17_7' <Predicate = true> <Delay = 0.39> <CoreInst = "Sel">   --->   Core 73 'Sel' <Latency = 0> <II = 1> <Delay = 0.39> <FuncUnit> <Opcode : 'select'> <InPorts = 3> <OutPorts = 1>
ST_1 : Operation 52 [1/1] (0.88ns)   --->   "%icmp_ln18_7 = icmp_sgt  i9 %p_read, i9 %p_read17" [src/fast.hpp:18]   --->   Operation 52 'icmp' 'icmp_ln18_7' <Predicate = true> <Delay = 0.88> <CoreInst = "Cmp">   --->   Core 9 'Cmp' <Latency = 0> <II = 1> <Delay = 0.84> <FuncUnit> <Opcode : 'icmp'> <InPorts = 2> <OutPorts = 1>
ST_1 : Operation 53 [1/1] (0.39ns)   --->   "%select_ln18_7 = select i1 %icmp_ln18_7, i9 %p_read, i9 %p_read17" [src/fast.hpp:18]   --->   Operation 53 'select' 'select_ln18_7' <Predicate = true> <Delay = 0.39> <CoreInst = "Sel">   --->   Core 73 'Sel' <Latency = 0> <II = 1> <Delay = 0.39> <FuncUnit> <Opcode : 'select'> <InPorts = 3> <OutPorts = 1>
ST_1 : Operation 54 [1/1] (0.88ns)   --->   "%icmp_ln22 = icmp_slt  i9 %select_ln17, i9 %select_ln17_1" [src/fast.hpp:22]   --->   Operation 54 'icmp' 'icmp_ln22' <Predicate = true> <Delay = 0.88> <CoreInst = "Cmp">   --->   Core 9 'Cmp' <Latency = 0> <II = 1> <Delay = 0.84> <FuncUnit> <Opcode : 'icmp'> <InPorts = 2> <OutPorts = 1>
ST_1 : Operation 55 [1/1] (0.39ns)   --->   "%select_ln22 = select i1 %icmp_ln22, i9 %select_ln17, i9 %select_ln17_1" [src/fast.hpp:22]   --->   Operation 55 'select' 'select_ln22' <Predicate = true> <Delay = 0.39> <CoreInst = "Sel">   --->   Core 73 'Sel' <Latency = 0> <II = 1> <Delay = 0.39> <FuncUnit> <Opcode : 'select'> <InPorts = 3> <OutPorts = 1>
ST_1 : Operation 56 [1/1] (0.88ns)   --->   "%icmp_ln23 = icmp_sgt  i9 %select_ln18, i9 %select_ln18_1" [src/fast.hpp:23]   --->   Operation 56 'icmp' 'icmp_ln23' <Predicate = true> <Delay = 0.88> <CoreInst = "Cmp">   --->   Core 9 'Cmp' <Latency = 0> <II = 1> <Delay = 0.84> <FuncUnit> <Opcode : 'icmp'> <InPorts = 2> <OutPorts = 1>
ST_1 : Operation 57 [1/1] (0.39ns)   --->   "%select_ln23 = select i1 %icmp_ln23, i9 %select_ln18, i9 %select_ln18_1" [src/fast.hpp:23]   --->   Operation 57 'select' 'select_ln23' <Predicate = true> <Delay = 0.39> <CoreInst = "Sel">   --->   Core 73 'Sel' <Latency = 0> <II = 1> <Delay = 0.39> <FuncUnit> <Opcode : 'select'> <InPorts = 3> <OutPorts = 1>
ST_1 : Operation 58 [1/1] (0.88ns)   --->   "%icmp_ln22_1 = icmp_slt  i9 %select_ln17_1, i9 %select_ln17_2" [src/fast.hpp:22]   --->   Operation 58 'icmp' 'icmp_ln22_1' <Predicate = true> <Delay = 0.88> <CoreInst = "Cmp">   --->   Core 9 'Cmp' <Latency = 0> <II = 1> <Delay = 0.84> <FuncUnit> <Opcode : 'icmp'> <InPorts = 2> <OutPorts = 1>
ST_1 : Operation 59 [1/1] (0.39ns)   --->   "%select_ln22_1 = select i1 %icmp_ln22_1, i9 %select_ln17_1, i9 %select_ln17_2" [src/fast.hpp:22]   --->   Operation 59 'select' 'select_ln22_1' <Predicate = true> <Delay = 0.39> <CoreInst = "Sel">   --->   Core 73 'Sel' <Latency = 0> <II = 1> <Delay = 0.39> <FuncUnit> <Opcode : 'select'> <InPorts = 3> <OutPorts = 1>
ST_1 : Operation 60 [1/1] (0.88ns)   --->   "%icmp_ln23_1 = icmp_sgt  i9 %select_ln18_1, i9 %select_ln18_2" [src/fast.hpp:23]   --->   Operation 60 'icmp' 'icmp_ln23_1' <Predicate = true> <Delay = 0.88> <CoreInst = "Cmp">   --->   Core 9 'Cmp' <Latency = 0> <II = 1> <Delay = 0.84> <FuncUnit> <Opcode : 'icmp'> <InPorts = 2> <OutPorts = 1>
ST_1 : Operation 61 [1/1] (0.39ns)   --->   "%select_ln23_1 = select i1 %icmp_ln23_1, i9 %select_ln18_1, i9 %select_ln18_2" [src/fast.hpp:23]   --->   Operation 61 'select' 'select_ln23_1' <Predicate = true> <Delay = 0.39> <CoreInst = "Sel">   --->   Core 73 'Sel' <Latency = 0> <II = 1> <Delay = 0.39> <FuncUnit> <Opcode : 'select'> <InPorts = 3> <OutPorts = 1>
ST_1 : Operation 62 [1/1] (0.88ns)   --->   "%icmp_ln22_2 = icmp_slt  i9 %select_ln17_2, i9 %select_ln17_3" [src/fast.hpp:22]   --->   Operation 62 'icmp' 'icmp_ln22_2' <Predicate = true> <Delay = 0.88> <CoreInst = "Cmp">   --->   Core 9 'Cmp' <Latency = 0> <II = 1> <Delay = 0.84> <FuncUnit> <Opcode : 'icmp'> <InPorts = 2> <OutPorts = 1>
ST_1 : Operation 63 [1/1] (0.39ns)   --->   "%select_ln22_2 = select i1 %icmp_ln22_2, i9 %select_ln17_2, i9 %select_ln17_3" [src/fast.hpp:22]   --->   Operation 63 'select' 'select_ln22_2' <Predicate = true> <Delay = 0.39> <CoreInst = "Sel">   --->   Core 73 'Sel' <Latency = 0> <II = 1> <Delay = 0.39> <FuncUnit> <Opcode : 'select'> <InPorts = 3> <OutPorts = 1>
ST_1 : Operation 64 [1/1] (0.88ns)   --->   "%icmp_ln23_2 = icmp_sgt  i9 %select_ln18_2, i9 %select_ln18_3" [src/fast.hpp:23]   --->   Operation 64 'icmp' 'icmp_ln23_2' <Predicate = true> <Delay = 0.88> <CoreInst = "Cmp">   --->   Core 9 'Cmp' <Latency = 0> <II = 1> <Delay = 0.84> <FuncUnit> <Opcode : 'icmp'> <InPorts = 2> <OutPorts = 1>
ST_1 : Operation 65 [1/1] (0.39ns)   --->   "%select_ln23_2 = select i1 %icmp_ln23_2, i9 %select_ln18_2, i9 %select_ln18_3" [src/fast.hpp:23]   --->   Operation 65 'select' 'select_ln23_2' <Predicate = true> <Delay = 0.39> <CoreInst = "Sel">   --->   Core 73 'Sel' <Latency = 0> <II = 1> <Delay = 0.39> <FuncUnit> <Opcode : 'select'> <InPorts = 3> <OutPorts = 1>
ST_1 : Operation 66 [1/1] (0.88ns)   --->   "%icmp_ln22_3 = icmp_slt  i9 %select_ln17_3, i9 %select_ln17_4" [src/fast.hpp:22]   --->   Operation 66 'icmp' 'icmp_ln22_3' <Predicate = true> <Delay = 0.88> <CoreInst = "Cmp">   --->   Core 9 'Cmp' <Latency = 0> <II = 1> <Delay = 0.84> <FuncUnit> <Opcode : 'icmp'> <InPorts = 2> <OutPorts = 1>
ST_1 : Operation 67 [1/1] (0.39ns)   --->   "%select_ln22_3 = select i1 %icmp_ln22_3, i9 %select_ln17_3, i9 %select_ln17_4" [src/fast.hpp:22]   --->   Operation 67 'select' 'select_ln22_3' <Predicate = true> <Delay = 0.39> <CoreInst = "Sel">   --->   Core 73 'Sel' <Latency = 0> <II = 1> <Delay = 0.39> <FuncUnit> <Opcode : 'select'> <InPorts = 3> <OutPorts = 1>
ST_1 : Operation 68 [1/1] (0.88ns)   --->   "%icmp_ln23_3 = icmp_sgt  i9 %select_ln18_3, i9 %select_ln18_4" [src/fast.hpp:23]   --->   Operation 68 'icmp' 'icmp_ln23_3' <Predicate = true> <Delay = 0.88> <CoreInst = "Cmp">   --->   Core 9 'Cmp' <Latency = 0> <II = 1> <Delay = 0.84> <FuncUnit> <Opcode : 'icmp'> <InPorts = 2> <OutPorts = 1>
ST_1 : Operation 69 [1/1] (0.39ns)   --->   "%select_ln23_3 = select i1 %icmp_ln23_3, i9 %select_ln18_3, i9 %select_ln18_4" [src/fast.hpp:23]   --->   Operation 69 'select' 'select_ln23_3' <Predicate = true> <Delay = 0.39> <CoreInst = "Sel">   --->   Core 73 'Sel' <Latency = 0> <II = 1> <Delay = 0.39> <FuncUnit> <Opcode : 'select'> <InPorts = 3> <OutPorts = 1>
ST_1 : Operation 70 [1/1] (0.88ns)   --->   "%icmp_ln22_4 = icmp_slt  i9 %select_ln17_4, i9 %select_ln17_5" [src/fast.hpp:22]   --->   Operation 70 'icmp' 'icmp_ln22_4' <Predicate = true> <Delay = 0.88> <CoreInst = "Cmp">   --->   Core 9 'Cmp' <Latency = 0> <II = 1> <Delay = 0.84> <FuncUnit> <Opcode : 'icmp'> <InPorts = 2> <OutPorts = 1>
ST_1 : Operation 71 [1/1] (0.39ns)   --->   "%select_ln22_4 = select i1 %icmp_ln22_4, i9 %select_ln17_4, i9 %select_ln17_5" [src/fast.hpp:22]   --->   Operation 71 'select' 'select_ln22_4' <Predicate = true> <Delay = 0.39> <CoreInst = "Sel">   --->   Core 73 'Sel' <Latency = 0> <II = 1> <Delay = 0.39> <FuncUnit> <Opcode : 'select'> <InPorts = 3> <OutPorts = 1>
ST_1 : Operation 72 [1/1] (0.88ns)   --->   "%icmp_ln23_4 = icmp_sgt  i9 %select_ln18_4, i9 %select_ln18_5" [src/fast.hpp:23]   --->   Operation 72 'icmp' 'icmp_ln23_4' <Predicate = true> <Delay = 0.88> <CoreInst = "Cmp">   --->   Core 9 'Cmp' <Latency = 0> <II = 1> <Delay = 0.84> <FuncUnit> <Opcode : 'icmp'> <InPorts = 2> <OutPorts = 1>
ST_1 : Operation 73 [1/1] (0.39ns)   --->   "%select_ln23_4 = select i1 %icmp_ln23_4, i9 %select_ln18_4, i9 %select_ln18_5" [src/fast.hpp:23]   --->   Operation 73 'select' 'select_ln23_4' <Predicate = true> <Delay = 0.39> <CoreInst = "Sel">   --->   Core 73 'Sel' <Latency = 0> <II = 1> <Delay = 0.39> <FuncUnit> <Opcode : 'select'> <InPorts = 3> <OutPorts = 1>
ST_1 : Operation 74 [1/1] (0.88ns)   --->   "%icmp_ln22_5 = icmp_slt  i9 %select_ln17_5, i9 %select_ln17_6" [src/fast.hpp:22]   --->   Operation 74 'icmp' 'icmp_ln22_5' <Predicate = true> <Delay = 0.88> <CoreInst = "Cmp">   --->   Core 9 'Cmp' <Latency = 0> <II = 1> <Delay = 0.84> <FuncUnit> <Opcode : 'icmp'> <InPorts = 2> <OutPorts = 1>
ST_1 : Operation 75 [1/1] (0.39ns)   --->   "%select_ln22_5 = select i1 %icmp_ln22_5, i9 %select_ln17_5, i9 %select_ln17_6" [src/fast.hpp:22]   --->   Operation 75 'select' 'select_ln22_5' <Predicate = true> <Delay = 0.39> <CoreInst = "Sel">   --->   Core 73 'Sel' <Latency = 0> <II = 1> <Delay = 0.39> <FuncUnit> <Opcode : 'select'> <InPorts = 3> <OutPorts = 1>
ST_1 : Operation 76 [1/1] (0.88ns)   --->   "%icmp_ln23_5 = icmp_sgt  i9 %select_ln18_5, i9 %select_ln18_6" [src/fast.hpp:23]   --->   Operation 76 'icmp' 'icmp_ln23_5' <Predicate = true> <Delay = 0.88> <CoreInst = "Cmp">   --->   Core 9 'Cmp' <Latency = 0> <II = 1> <Delay = 0.84> <FuncUnit> <Opcode : 'icmp'> <InPorts = 2> <OutPorts = 1>
ST_1 : Operation 77 [1/1] (0.39ns)   --->   "%select_ln23_5 = select i1 %icmp_ln23_5, i9 %select_ln18_5, i9 %select_ln18_6" [src/fast.hpp:23]   --->   Operation 77 'select' 'select_ln23_5' <Predicate = true> <Delay = 0.39> <CoreInst = "Sel">   --->   Core 73 'Sel' <Latency = 0> <II = 1> <Delay = 0.39> <FuncUnit> <Opcode : 'select'> <InPorts = 3> <OutPorts = 1>
ST_1 : Operation 78 [1/1] (0.88ns)   --->   "%icmp_ln22_6 = icmp_slt  i9 %select_ln17_6, i9 %select_ln17_7" [src/fast.hpp:22]   --->   Operation 78 'icmp' 'icmp_ln22_6' <Predicate = true> <Delay = 0.88> <CoreInst = "Cmp">   --->   Core 9 'Cmp' <Latency = 0> <II = 1> <Delay = 0.84> <FuncUnit> <Opcode : 'icmp'> <InPorts = 2> <OutPorts = 1>
ST_1 : Operation 79 [1/1] (0.39ns)   --->   "%select_ln22_6 = select i1 %icmp_ln22_6, i9 %select_ln17_6, i9 %select_ln17_7" [src/fast.hpp:22]   --->   Operation 79 'select' 'select_ln22_6' <Predicate = true> <Delay = 0.39> <CoreInst = "Sel">   --->   Core 73 'Sel' <Latency = 0> <II = 1> <Delay = 0.39> <FuncUnit> <Opcode : 'select'> <InPorts = 3> <OutPorts = 1>
ST_1 : Operation 80 [1/1] (0.88ns)   --->   "%icmp_ln23_6 = icmp_sgt  i9 %select_ln18_6, i9 %select_ln18_7" [src/fast.hpp:23]   --->   Operation 80 'icmp' 'icmp_ln23_6' <Predicate = true> <Delay = 0.88> <CoreInst = "Cmp">   --->   Core 9 'Cmp' <Latency = 0> <II = 1> <Delay = 0.84> <FuncUnit> <Opcode : 'icmp'> <InPorts = 2> <OutPorts = 1>
ST_1 : Operation 81 [1/1] (0.39ns)   --->   "%select_ln23_6 = select i1 %icmp_ln23_6, i9 %select_ln18_6, i9 %select_ln18_7" [src/fast.hpp:23]   --->   Operation 81 'select' 'select_ln23_6' <Predicate = true> <Delay = 0.39> <CoreInst = "Sel">   --->   Core 73 'Sel' <Latency = 0> <II = 1> <Delay = 0.39> <FuncUnit> <Opcode : 'select'> <InPorts = 3> <OutPorts = 1>
ST_1 : Operation 82 [1/1] (0.88ns)   --->   "%icmp_ln22_7 = icmp_slt  i9 %select_ln17_7, i9 %select_ln17" [src/fast.hpp:22]   --->   Operation 82 'icmp' 'icmp_ln22_7' <Predicate = true> <Delay = 0.88> <CoreInst = "Cmp">   --->   Core 9 'Cmp' <Latency = 0> <II = 1> <Delay = 0.84> <FuncUnit> <Opcode : 'icmp'> <InPorts = 2> <OutPorts = 1>
ST_1 : Operation 83 [1/1] (0.39ns)   --->   "%select_ln22_7 = select i1 %icmp_ln22_7, i9 %select_ln17_7, i9 %select_ln17" [src/fast.hpp:22]   --->   Operation 83 'select' 'select_ln22_7' <Predicate = true> <Delay = 0.39> <CoreInst = "Sel">   --->   Core 73 'Sel' <Latency = 0> <II = 1> <Delay = 0.39> <FuncUnit> <Opcode : 'select'> <InPorts = 3> <OutPorts = 1>
ST_1 : Operation 84 [1/1] (0.88ns)   --->   "%icmp_ln23_7 = icmp_sgt  i9 %select_ln18_7, i9 %select_ln18" [src/fast.hpp:23]   --->   Operation 84 'icmp' 'icmp_ln23_7' <Predicate = true> <Delay = 0.88> <CoreInst = "Cmp">   --->   Core 9 'Cmp' <Latency = 0> <II = 1> <Delay = 0.84> <FuncUnit> <Opcode : 'icmp'> <InPorts = 2> <OutPorts = 1>
ST_1 : Operation 85 [1/1] (0.39ns)   --->   "%select_ln23_7 = select i1 %icmp_ln23_7, i9 %select_ln18_7, i9 %select_ln18" [src/fast.hpp:23]   --->   Operation 85 'select' 'select_ln23_7' <Predicate = true> <Delay = 0.39> <CoreInst = "Sel">   --->   Core 73 'Sel' <Latency = 0> <II = 1> <Delay = 0.39> <FuncUnit> <Opcode : 'select'> <InPorts = 3> <OutPorts = 1>
ST_1 : Operation 86 [1/1] (0.88ns)   --->   "%icmp_ln27 = icmp_slt  i9 %select_ln22, i9 %select_ln22_2" [src/fast.hpp:27]   --->   Operation 86 'icmp' 'icmp_ln27' <Predicate = true> <Delay = 0.88> <CoreInst = "Cmp">   --->   Core 9 'Cmp' <Latency = 0> <II = 1> <Delay = 0.84> <FuncUnit> <Opcode : 'icmp'> <InPorts = 2> <OutPorts = 1>
ST_1 : Operation 87 [1/1] (0.39ns)   --->   "%select_ln27 = select i1 %icmp_ln27, i9 %select_ln22, i9 %select_ln22_2" [src/fast.hpp:27]   --->   Operation 87 'select' 'select_ln27' <Predicate = true> <Delay = 0.39> <CoreInst = "Sel">   --->   Core 73 'Sel' <Latency = 0> <II = 1> <Delay = 0.39> <FuncUnit> <Opcode : 'select'> <InPorts = 3> <OutPorts = 1>
ST_1 : Operation 88 [1/1] (0.88ns)   --->   "%icmp_ln28 = icmp_sgt  i9 %select_ln23, i9 %select_ln23_2" [src/fast.hpp:28]   --->   Operation 88 'icmp' 'icmp_ln28' <Predicate = true> <Delay = 0.88> <CoreInst = "Cmp">   --->   Core 9 'Cmp' <Latency = 0> <II = 1> <Delay = 0.84> <FuncUnit> <Opcode : 'icmp'> <InPorts = 2> <OutPorts = 1>
ST_1 : Operation 89 [1/1] (0.39ns)   --->   "%select_ln28 = select i1 %icmp_ln28, i9 %select_ln23, i9 %select_ln23_2" [src/fast.hpp:28]   --->   Operation 89 'select' 'select_ln28' <Predicate = true> <Delay = 0.39> <CoreInst = "Sel">   --->   Core 73 'Sel' <Latency = 0> <II = 1> <Delay = 0.39> <FuncUnit> <Opcode : 'select'> <InPorts = 3> <OutPorts = 1>
ST_1 : Operation 90 [1/1] (0.88ns)   --->   "%icmp_ln27_1 = icmp_slt  i9 %select_ln22_1, i9 %select_ln22_3" [src/fast.hpp:27]   --->   Operation 90 'icmp' 'icmp_ln27_1' <Predicate = true> <Delay = 0.88> <CoreInst = "Cmp">   --->   Core 9 'Cmp' <Latency = 0> <II = 1> <Delay = 0.84> <FuncUnit> <Opcode : 'icmp'> <InPorts = 2> <OutPorts = 1>
ST_1 : Operation 91 [1/1] (0.39ns)   --->   "%select_ln27_1 = select i1 %icmp_ln27_1, i9 %select_ln22_1, i9 %select_ln22_3" [src/fast.hpp:27]   --->   Operation 91 'select' 'select_ln27_1' <Predicate = true> <Delay = 0.39> <CoreInst = "Sel">   --->   Core 73 'Sel' <Latency = 0> <II = 1> <Delay = 0.39> <FuncUnit> <Opcode : 'select'> <InPorts = 3> <OutPorts = 1>
ST_1 : Operation 92 [1/1] (0.88ns)   --->   "%icmp_ln28_1 = icmp_sgt  i9 %select_ln23_1, i9 %select_ln23_3" [src/fast.hpp:28]   --->   Operation 92 'icmp' 'icmp_ln28_1' <Predicate = true> <Delay = 0.88> <CoreInst = "Cmp">   --->   Core 9 'Cmp' <Latency = 0> <II = 1> <Delay = 0.84> <FuncUnit> <Opcode : 'icmp'> <InPorts = 2> <OutPorts = 1>
ST_1 : Operation 93 [1/1] (0.39ns)   --->   "%select_ln28_1 = select i1 %icmp_ln28_1, i9 %select_ln23_1, i9 %select_ln23_3" [src/fast.hpp:28]   --->   Operation 93 'select' 'select_ln28_1' <Predicate = true> <Delay = 0.39> <CoreInst = "Sel">   --->   Core 73 'Sel' <Latency = 0> <II = 1> <Delay = 0.39> <FuncUnit> <Opcode : 'select'> <InPorts = 3> <OutPorts = 1>
ST_1 : Operation 94 [1/1] (0.88ns)   --->   "%icmp_ln27_2 = icmp_slt  i9 %select_ln22_2, i9 %select_ln22_4" [src/fast.hpp:27]   --->   Operation 94 'icmp' 'icmp_ln27_2' <Predicate = true> <Delay = 0.88> <CoreInst = "Cmp">   --->   Core 9 'Cmp' <Latency = 0> <II = 1> <Delay = 0.84> <FuncUnit> <Opcode : 'icmp'> <InPorts = 2> <OutPorts = 1>
ST_1 : Operation 95 [1/1] (0.39ns)   --->   "%select_ln27_2 = select i1 %icmp_ln27_2, i9 %select_ln22_2, i9 %select_ln22_4" [src/fast.hpp:27]   --->   Operation 95 'select' 'select_ln27_2' <Predicate = true> <Delay = 0.39> <CoreInst = "Sel">   --->   Core 73 'Sel' <Latency = 0> <II = 1> <Delay = 0.39> <FuncUnit> <Opcode : 'select'> <InPorts = 3> <OutPorts = 1>
ST_1 : Operation 96 [1/1] (0.88ns)   --->   "%icmp_ln28_2 = icmp_sgt  i9 %select_ln23_2, i9 %select_ln23_4" [src/fast.hpp:28]   --->   Operation 96 'icmp' 'icmp_ln28_2' <Predicate = true> <Delay = 0.88> <CoreInst = "Cmp">   --->   Core 9 'Cmp' <Latency = 0> <II = 1> <Delay = 0.84> <FuncUnit> <Opcode : 'icmp'> <InPorts = 2> <OutPorts = 1>
ST_1 : Operation 97 [1/1] (0.39ns)   --->   "%select_ln28_2 = select i1 %icmp_ln28_2, i9 %select_ln23_2, i9 %select_ln23_4" [src/fast.hpp:28]   --->   Operation 97 'select' 'select_ln28_2' <Predicate = true> <Delay = 0.39> <CoreInst = "Sel">   --->   Core 73 'Sel' <Latency = 0> <II = 1> <Delay = 0.39> <FuncUnit> <Opcode : 'select'> <InPorts = 3> <OutPorts = 1>
ST_1 : Operation 98 [1/1] (0.88ns)   --->   "%icmp_ln27_3 = icmp_slt  i9 %select_ln22_3, i9 %select_ln22_5" [src/fast.hpp:27]   --->   Operation 98 'icmp' 'icmp_ln27_3' <Predicate = true> <Delay = 0.88> <CoreInst = "Cmp">   --->   Core 9 'Cmp' <Latency = 0> <II = 1> <Delay = 0.84> <FuncUnit> <Opcode : 'icmp'> <InPorts = 2> <OutPorts = 1>
ST_1 : Operation 99 [1/1] (0.39ns)   --->   "%select_ln27_3 = select i1 %icmp_ln27_3, i9 %select_ln22_3, i9 %select_ln22_5" [src/fast.hpp:27]   --->   Operation 99 'select' 'select_ln27_3' <Predicate = true> <Delay = 0.39> <CoreInst = "Sel">   --->   Core 73 'Sel' <Latency = 0> <II = 1> <Delay = 0.39> <FuncUnit> <Opcode : 'select'> <InPorts = 3> <OutPorts = 1>
ST_1 : Operation 100 [1/1] (0.88ns)   --->   "%icmp_ln28_3 = icmp_sgt  i9 %select_ln23_3, i9 %select_ln23_5" [src/fast.hpp:28]   --->   Operation 100 'icmp' 'icmp_ln28_3' <Predicate = true> <Delay = 0.88> <CoreInst = "Cmp">   --->   Core 9 'Cmp' <Latency = 0> <II = 1> <Delay = 0.84> <FuncUnit> <Opcode : 'icmp'> <InPorts = 2> <OutPorts = 1>
ST_1 : Operation 101 [1/1] (0.39ns)   --->   "%select_ln28_3 = select i1 %icmp_ln28_3, i9 %select_ln23_3, i9 %select_ln23_5" [src/fast.hpp:28]   --->   Operation 101 'select' 'select_ln28_3' <Predicate = true> <Delay = 0.39> <CoreInst = "Sel">   --->   Core 73 'Sel' <Latency = 0> <II = 1> <Delay = 0.39> <FuncUnit> <Opcode : 'select'> <InPorts = 3> <OutPorts = 1>
ST_1 : Operation 102 [1/1] (0.88ns)   --->   "%icmp_ln27_4 = icmp_slt  i9 %select_ln22_4, i9 %select_ln22_6" [src/fast.hpp:27]   --->   Operation 102 'icmp' 'icmp_ln27_4' <Predicate = true> <Delay = 0.88> <CoreInst = "Cmp">   --->   Core 9 'Cmp' <Latency = 0> <II = 1> <Delay = 0.84> <FuncUnit> <Opcode : 'icmp'> <InPorts = 2> <OutPorts = 1>
ST_1 : Operation 103 [1/1] (0.39ns)   --->   "%select_ln27_4 = select i1 %icmp_ln27_4, i9 %select_ln22_4, i9 %select_ln22_6" [src/fast.hpp:27]   --->   Operation 103 'select' 'select_ln27_4' <Predicate = true> <Delay = 0.39> <CoreInst = "Sel">   --->   Core 73 'Sel' <Latency = 0> <II = 1> <Delay = 0.39> <FuncUnit> <Opcode : 'select'> <InPorts = 3> <OutPorts = 1>
ST_1 : Operation 104 [1/1] (0.88ns)   --->   "%icmp_ln28_4 = icmp_sgt  i9 %select_ln23_4, i9 %select_ln23_6" [src/fast.hpp:28]   --->   Operation 104 'icmp' 'icmp_ln28_4' <Predicate = true> <Delay = 0.88> <CoreInst = "Cmp">   --->   Core 9 'Cmp' <Latency = 0> <II = 1> <Delay = 0.84> <FuncUnit> <Opcode : 'icmp'> <InPorts = 2> <OutPorts = 1>
ST_1 : Operation 105 [1/1] (0.39ns)   --->   "%select_ln28_4 = select i1 %icmp_ln28_4, i9 %select_ln23_4, i9 %select_ln23_6" [src/fast.hpp:28]   --->   Operation 105 'select' 'select_ln28_4' <Predicate = true> <Delay = 0.39> <CoreInst = "Sel">   --->   Core 73 'Sel' <Latency = 0> <II = 1> <Delay = 0.39> <FuncUnit> <Opcode : 'select'> <InPorts = 3> <OutPorts = 1>
ST_1 : Operation 106 [1/1] (0.88ns)   --->   "%icmp_ln27_5 = icmp_slt  i9 %select_ln22_5, i9 %select_ln22_7" [src/fast.hpp:27]   --->   Operation 106 'icmp' 'icmp_ln27_5' <Predicate = true> <Delay = 0.88> <CoreInst = "Cmp">   --->   Core 9 'Cmp' <Latency = 0> <II = 1> <Delay = 0.84> <FuncUnit> <Opcode : 'icmp'> <InPorts = 2> <OutPorts = 1>
ST_1 : Operation 107 [1/1] (0.39ns)   --->   "%select_ln27_5 = select i1 %icmp_ln27_5, i9 %select_ln22_5, i9 %select_ln22_7" [src/fast.hpp:27]   --->   Operation 107 'select' 'select_ln27_5' <Predicate = true> <Delay = 0.39> <CoreInst = "Sel">   --->   Core 73 'Sel' <Latency = 0> <II = 1> <Delay = 0.39> <FuncUnit> <Opcode : 'select'> <InPorts = 3> <OutPorts = 1>
ST_1 : Operation 108 [1/1] (0.88ns)   --->   "%icmp_ln28_5 = icmp_sgt  i9 %select_ln23_5, i9 %select_ln23_7" [src/fast.hpp:28]   --->   Operation 108 'icmp' 'icmp_ln28_5' <Predicate = true> <Delay = 0.88> <CoreInst = "Cmp">   --->   Core 9 'Cmp' <Latency = 0> <II = 1> <Delay = 0.84> <FuncUnit> <Opcode : 'icmp'> <InPorts = 2> <OutPorts = 1>
ST_1 : Operation 109 [1/1] (0.39ns)   --->   "%select_ln28_5 = select i1 %icmp_ln28_5, i9 %select_ln23_5, i9 %select_ln23_7" [src/fast.hpp:28]   --->   Operation 109 'select' 'select_ln28_5' <Predicate = true> <Delay = 0.39> <CoreInst = "Sel">   --->   Core 73 'Sel' <Latency = 0> <II = 1> <Delay = 0.39> <FuncUnit> <Opcode : 'select'> <InPorts = 3> <OutPorts = 1>
ST_1 : Operation 110 [1/1] (0.88ns)   --->   "%icmp_ln27_6 = icmp_slt  i9 %select_ln22_6, i9 %select_ln22" [src/fast.hpp:27]   --->   Operation 110 'icmp' 'icmp_ln27_6' <Predicate = true> <Delay = 0.88> <CoreInst = "Cmp">   --->   Core 9 'Cmp' <Latency = 0> <II = 1> <Delay = 0.84> <FuncUnit> <Opcode : 'icmp'> <InPorts = 2> <OutPorts = 1>
ST_1 : Operation 111 [1/1] (0.39ns)   --->   "%select_ln27_6 = select i1 %icmp_ln27_6, i9 %select_ln22_6, i9 %select_ln22" [src/fast.hpp:27]   --->   Operation 111 'select' 'select_ln27_6' <Predicate = true> <Delay = 0.39> <CoreInst = "Sel">   --->   Core 73 'Sel' <Latency = 0> <II = 1> <Delay = 0.39> <FuncUnit> <Opcode : 'select'> <InPorts = 3> <OutPorts = 1>
ST_1 : Operation 112 [1/1] (0.88ns)   --->   "%icmp_ln28_6 = icmp_sgt  i9 %select_ln23_6, i9 %select_ln23" [src/fast.hpp:28]   --->   Operation 112 'icmp' 'icmp_ln28_6' <Predicate = true> <Delay = 0.88> <CoreInst = "Cmp">   --->   Core 9 'Cmp' <Latency = 0> <II = 1> <Delay = 0.84> <FuncUnit> <Opcode : 'icmp'> <InPorts = 2> <OutPorts = 1>
ST_1 : Operation 113 [1/1] (0.39ns)   --->   "%select_ln28_6 = select i1 %icmp_ln28_6, i9 %select_ln23_6, i9 %select_ln23" [src/fast.hpp:28]   --->   Operation 113 'select' 'select_ln28_6' <Predicate = true> <Delay = 0.39> <CoreInst = "Sel">   --->   Core 73 'Sel' <Latency = 0> <II = 1> <Delay = 0.39> <FuncUnit> <Opcode : 'select'> <InPorts = 3> <OutPorts = 1>
ST_1 : Operation 114 [1/1] (0.88ns)   --->   "%icmp_ln27_7 = icmp_slt  i9 %select_ln22_7, i9 %select_ln22_1" [src/fast.hpp:27]   --->   Operation 114 'icmp' 'icmp_ln27_7' <Predicate = true> <Delay = 0.88> <CoreInst = "Cmp">   --->   Core 9 'Cmp' <Latency = 0> <II = 1> <Delay = 0.84> <FuncUnit> <Opcode : 'icmp'> <InPorts = 2> <OutPorts = 1>
ST_1 : Operation 115 [1/1] (0.39ns)   --->   "%select_ln27_7 = select i1 %icmp_ln27_7, i9 %select_ln22_7, i9 %select_ln22_1" [src/fast.hpp:27]   --->   Operation 115 'select' 'select_ln27_7' <Predicate = true> <Delay = 0.39> <CoreInst = "Sel">   --->   Core 73 'Sel' <Latency = 0> <II = 1> <Delay = 0.39> <FuncUnit> <Opcode : 'select'> <InPorts = 3> <OutPorts = 1>
ST_1 : Operation 116 [1/1] (0.88ns)   --->   "%icmp_ln28_7 = icmp_sgt  i9 %select_ln23_7, i9 %select_ln23_1" [src/fast.hpp:28]   --->   Operation 116 'icmp' 'icmp_ln28_7' <Predicate = true> <Delay = 0.88> <CoreInst = "Cmp">   --->   Core 9 'Cmp' <Latency = 0> <II = 1> <Delay = 0.84> <FuncUnit> <Opcode : 'icmp'> <InPorts = 2> <OutPorts = 1>
ST_1 : Operation 117 [1/1] (0.39ns)   --->   "%select_ln28_7 = select i1 %icmp_ln28_7, i9 %select_ln23_7, i9 %select_ln23_1" [src/fast.hpp:28]   --->   Operation 117 'select' 'select_ln28_7' <Predicate = true> <Delay = 0.39> <CoreInst = "Sel">   --->   Core 73 'Sel' <Latency = 0> <II = 1> <Delay = 0.39> <FuncUnit> <Opcode : 'select'> <InPorts = 3> <OutPorts = 1>
ST_1 : Operation 118 [1/1] (0.00ns)   --->   "%zext_ln36 = zext i8 %p_threshold_read" [src/fast.hpp:36]   --->   Operation 118 'zext' 'zext_ln36' <Predicate = true> <Delay = 0.00>
ST_1 : Operation 119 [1/1] (0.88ns)   --->   "%icmp_ln36 = icmp_slt  i9 %select_ln27, i9 %p_read17" [src/fast.hpp:36]   --->   Operation 119 'icmp' 'icmp_ln36' <Predicate = true> <Delay = 0.88> <CoreInst = "Cmp">   --->   Core 9 'Cmp' <Latency = 0> <II = 1> <Delay = 0.84> <FuncUnit> <Opcode : 'icmp'> <InPorts = 2> <OutPorts = 1>
ST_1 : Operation 120 [1/1] (0.39ns)   --->   "%select_ln36 = select i1 %icmp_ln36, i9 %select_ln27, i9 %p_read17" [src/fast.hpp:36]   --->   Operation 120 'select' 'select_ln36' <Predicate = true> <Delay = 0.39> <CoreInst = "Sel">   --->   Core 73 'Sel' <Latency = 0> <II = 1> <Delay = 0.39> <FuncUnit> <Opcode : 'select'> <InPorts = 3> <OutPorts = 1>
ST_1 : Operation 121 [1/1] (0.88ns)   --->   "%icmp_ln36_1 = icmp_sgt  i9 %zext_ln36, i9 %select_ln36" [src/fast.hpp:36]   --->   Operation 121 'icmp' 'icmp_ln36_1' <Predicate = true> <Delay = 0.88> <CoreInst = "Cmp">   --->   Core 9 'Cmp' <Latency = 0> <II = 1> <Delay = 0.84> <FuncUnit> <Opcode : 'icmp'> <InPorts = 2> <OutPorts = 1>
ST_1 : Operation 122 [1/1] (0.00ns)   --->   "%trunc_ln36 = trunc i9 %select_ln36" [src/fast.hpp:36]   --->   Operation 122 'trunc' 'trunc_ln36' <Predicate = true> <Delay = 0.00>
ST_1 : Operation 123 [1/1] (0.39ns)   --->   "%select_ln36_8 = select i1 %icmp_ln36_1, i8 %p_threshold_read, i8 %trunc_ln36" [src/fast.hpp:36]   --->   Operation 123 'select' 'select_ln36_8' <Predicate = true> <Delay = 0.39> <CoreInst = "Sel">   --->   Core 73 'Sel' <Latency = 0> <II = 1> <Delay = 0.39> <FuncUnit> <Opcode : 'select'> <InPorts = 3> <OutPorts = 1>
ST_1 : Operation 124 [1/1] (0.00ns)   --->   "%zext_ln37 = zext i8 %select_ln36_8" [src/fast.hpp:37]   --->   Operation 124 'zext' 'zext_ln37' <Predicate = true> <Delay = 0.00>
ST_1 : Operation 125 [1/1] (0.88ns)   --->   "%icmp_ln37 = icmp_slt  i9 %select_ln27, i9 %p_read_13" [src/fast.hpp:37]   --->   Operation 125 'icmp' 'icmp_ln37' <Predicate = true> <Delay = 0.88> <CoreInst = "Cmp">   --->   Core 9 'Cmp' <Latency = 0> <II = 1> <Delay = 0.84> <FuncUnit> <Opcode : 'icmp'> <InPorts = 2> <OutPorts = 1>
ST_1 : Operation 126 [1/1] (0.39ns)   --->   "%select_ln37 = select i1 %icmp_ln37, i9 %select_ln27, i9 %p_read_13" [src/fast.hpp:37]   --->   Operation 126 'select' 'select_ln37' <Predicate = true> <Delay = 0.39> <CoreInst = "Sel">   --->   Core 73 'Sel' <Latency = 0> <II = 1> <Delay = 0.39> <FuncUnit> <Opcode : 'select'> <InPorts = 3> <OutPorts = 1>
ST_1 : Operation 127 [1/1] (0.88ns)   --->   "%icmp_ln37_1 = icmp_sgt  i9 %zext_ln37, i9 %select_ln37" [src/fast.hpp:37]   --->   Operation 127 'icmp' 'icmp_ln37_1' <Predicate = true> <Delay = 0.88> <CoreInst = "Cmp">   --->   Core 9 'Cmp' <Latency = 0> <II = 1> <Delay = 0.84> <FuncUnit> <Opcode : 'icmp'> <InPorts = 2> <OutPorts = 1>
ST_1 : Operation 128 [1/1] (0.00ns)   --->   "%trunc_ln37 = trunc i9 %select_ln37" [src/fast.hpp:37]   --->   Operation 128 'trunc' 'trunc_ln37' <Predicate = true> <Delay = 0.00>
ST_1 : Operation 129 [1/1] (0.88ns)   --->   "%icmp_ln36_8 = icmp_slt  i9 %select_ln27_1, i9 %p_read39" [src/fast.hpp:36]   --->   Operation 129 'icmp' 'icmp_ln36_8' <Predicate = true> <Delay = 0.88> <CoreInst = "Cmp">   --->   Core 9 'Cmp' <Latency = 0> <II = 1> <Delay = 0.84> <FuncUnit> <Opcode : 'icmp'> <InPorts = 2> <OutPorts = 1>
ST_1 : Operation 130 [1/1] (0.76ns)   --->   "%b0 = sub i9 0, i9 %zext_ln36" [src/fast.hpp:39]   --->   Operation 130 'sub' 'b0' <Predicate = true> <Delay = 0.76> <CoreInst = "Adder">   --->   Core 1 'Adder' <Latency = 0> <II = 1> <Delay = 0.76> <FuncUnit> <Opcode : 'add' 'sub'> <InPorts = 2> <OutPorts = 1>
ST_1 : Operation 131 [1/1] (0.88ns)   --->   "%icmp_ln43 = icmp_sgt  i9 %select_ln28, i9 %p_read17" [src/fast.hpp:43]   --->   Operation 131 'icmp' 'icmp_ln43' <Predicate = true> <Delay = 0.88> <CoreInst = "Cmp">   --->   Core 9 'Cmp' <Latency = 0> <II = 1> <Delay = 0.84> <FuncUnit> <Opcode : 'icmp'> <InPorts = 2> <OutPorts = 1>
ST_1 : Operation 132 [1/1] (0.39ns)   --->   "%select_ln43 = select i1 %icmp_ln43, i9 %select_ln28, i9 %p_read17" [src/fast.hpp:43]   --->   Operation 132 'select' 'select_ln43' <Predicate = true> <Delay = 0.39> <CoreInst = "Sel">   --->   Core 73 'Sel' <Latency = 0> <II = 1> <Delay = 0.39> <FuncUnit> <Opcode : 'select'> <InPorts = 3> <OutPorts = 1>
ST_1 : Operation 133 [1/1] (0.88ns)   --->   "%icmp_ln43_1 = icmp_sgt  i9 %select_ln43, i9 %b0" [src/fast.hpp:43]   --->   Operation 133 'icmp' 'icmp_ln43_1' <Predicate = true> <Delay = 0.88> <CoreInst = "Cmp">   --->   Core 9 'Cmp' <Latency = 0> <II = 1> <Delay = 0.84> <FuncUnit> <Opcode : 'icmp'> <InPorts = 2> <OutPorts = 1>
ST_1 : Operation 134 [1/1] (0.39ns)   --->   "%select_ln43_1 = select i1 %icmp_ln43_1, i9 %b0, i9 %select_ln43" [src/fast.hpp:43]   --->   Operation 134 'select' 'select_ln43_1' <Predicate = true> <Delay = 0.39> <CoreInst = "Sel">   --->   Core 73 'Sel' <Latency = 0> <II = 1> <Delay = 0.39> <FuncUnit> <Opcode : 'select'> <InPorts = 3> <OutPorts = 1>
ST_1 : Operation 135 [1/1] (0.88ns)   --->   "%icmp_ln44 = icmp_sgt  i9 %select_ln28, i9 %p_read_13" [src/fast.hpp:44]   --->   Operation 135 'icmp' 'icmp_ln44' <Predicate = true> <Delay = 0.88> <CoreInst = "Cmp">   --->   Core 9 'Cmp' <Latency = 0> <II = 1> <Delay = 0.84> <FuncUnit> <Opcode : 'icmp'> <InPorts = 2> <OutPorts = 1>
ST_1 : Operation 136 [1/1] (0.39ns)   --->   "%select_ln44 = select i1 %icmp_ln44, i9 %select_ln28, i9 %p_read_13" [src/fast.hpp:44]   --->   Operation 136 'select' 'select_ln44' <Predicate = true> <Delay = 0.39> <CoreInst = "Sel">   --->   Core 73 'Sel' <Latency = 0> <II = 1> <Delay = 0.39> <FuncUnit> <Opcode : 'select'> <InPorts = 3> <OutPorts = 1>
ST_1 : Operation 137 [1/1] (0.88ns)   --->   "%icmp_ln44_2 = icmp_slt  i9 %select_ln43_1, i9 %select_ln44" [src/fast.hpp:44]   --->   Operation 137 'icmp' 'icmp_ln44_2' <Predicate = true> <Delay = 0.88> <CoreInst = "Cmp">   --->   Core 9 'Cmp' <Latency = 0> <II = 1> <Delay = 0.84> <FuncUnit> <Opcode : 'icmp'> <InPorts = 2> <OutPorts = 1>
ST_1 : Operation 138 [1/1] (0.88ns)   --->   "%icmp_ln43_8 = icmp_sgt  i9 %select_ln28_1, i9 %p_read39" [src/fast.hpp:43]   --->   Operation 138 'icmp' 'icmp_ln43_8' <Predicate = true> <Delay = 0.88> <CoreInst = "Cmp">   --->   Core 9 'Cmp' <Latency = 0> <II = 1> <Delay = 0.84> <FuncUnit> <Opcode : 'icmp'> <InPorts = 2> <OutPorts = 1>

State 2 <SV = 1> <Delay = 6.79>
ST_2 : Operation 139 [1/1] (0.39ns)   --->   "%select_ln37_1 = select i1 %icmp_ln37_1, i8 %select_ln36_8, i8 %trunc_ln37" [src/fast.hpp:37]   --->   Operation 139 'select' 'select_ln37_1' <Predicate = true> <Delay = 0.39> <CoreInst = "Sel">   --->   Core 73 'Sel' <Latency = 0> <II = 1> <Delay = 0.39> <FuncUnit> <Opcode : 'select'> <InPorts = 3> <OutPorts = 1>
ST_2 : Operation 140 [1/1] (0.00ns)   --->   "%zext_ln36_1 = zext i8 %select_ln37_1" [src/fast.hpp:36]   --->   Operation 140 'zext' 'zext_ln36_1' <Predicate = true> <Delay = 0.00>
ST_2 : Operation 141 [1/1] (0.39ns)   --->   "%select_ln36_1 = select i1 %icmp_ln36_8, i9 %select_ln27_1, i9 %p_read39" [src/fast.hpp:36]   --->   Operation 141 'select' 'select_ln36_1' <Predicate = true> <Delay = 0.39> <CoreInst = "Sel">   --->   Core 73 'Sel' <Latency = 0> <II = 1> <Delay = 0.39> <FuncUnit> <Opcode : 'select'> <InPorts = 3> <OutPorts = 1>
ST_2 : Operation 142 [1/1] (0.88ns)   --->   "%icmp_ln36_9 = icmp_sgt  i9 %zext_ln36_1, i9 %select_ln36_1" [src/fast.hpp:36]   --->   Operation 142 'icmp' 'icmp_ln36_9' <Predicate = true> <Delay = 0.88> <CoreInst = "Cmp">   --->   Core 9 'Cmp' <Latency = 0> <II = 1> <Delay = 0.84> <FuncUnit> <Opcode : 'icmp'> <InPorts = 2> <OutPorts = 1>
ST_2 : Operation 143 [1/1] (0.00ns)   --->   "%trunc_ln36_1 = trunc i9 %select_ln36_1" [src/fast.hpp:36]   --->   Operation 143 'trunc' 'trunc_ln36_1' <Predicate = true> <Delay = 0.00>
ST_2 : Operation 144 [1/1] (0.39ns)   --->   "%select_ln36_9 = select i1 %icmp_ln36_9, i8 %select_ln37_1, i8 %trunc_ln36_1" [src/fast.hpp:36]   --->   Operation 144 'select' 'select_ln36_9' <Predicate = true> <Delay = 0.39> <CoreInst = "Sel">   --->   Core 73 'Sel' <Latency = 0> <II = 1> <Delay = 0.39> <FuncUnit> <Opcode : 'select'> <InPorts = 3> <OutPorts = 1>
ST_2 : Operation 145 [1/1] (0.00ns)   --->   "%zext_ln37_1 = zext i8 %select_ln36_9" [src/fast.hpp:37]   --->   Operation 145 'zext' 'zext_ln37_1' <Predicate = true> <Delay = 0.00>
ST_2 : Operation 146 [1/1] (0.88ns)   --->   "%icmp_ln37_8 = icmp_slt  i9 %select_ln27_1, i9 %p_read_11" [src/fast.hpp:37]   --->   Operation 146 'icmp' 'icmp_ln37_8' <Predicate = true> <Delay = 0.88> <CoreInst = "Cmp">   --->   Core 9 'Cmp' <Latency = 0> <II = 1> <Delay = 0.84> <FuncUnit> <Opcode : 'icmp'> <InPorts = 2> <OutPorts = 1>
ST_2 : Operation 147 [1/1] (0.39ns)   --->   "%select_ln37_8 = select i1 %icmp_ln37_8, i9 %select_ln27_1, i9 %p_read_11" [src/fast.hpp:37]   --->   Operation 147 'select' 'select_ln37_8' <Predicate = true> <Delay = 0.39> <CoreInst = "Sel">   --->   Core 73 'Sel' <Latency = 0> <II = 1> <Delay = 0.39> <FuncUnit> <Opcode : 'select'> <InPorts = 3> <OutPorts = 1>
ST_2 : Operation 148 [1/1] (0.88ns)   --->   "%icmp_ln37_9 = icmp_sgt  i9 %zext_ln37_1, i9 %select_ln37_8" [src/fast.hpp:37]   --->   Operation 148 'icmp' 'icmp_ln37_9' <Predicate = true> <Delay = 0.88> <CoreInst = "Cmp">   --->   Core 9 'Cmp' <Latency = 0> <II = 1> <Delay = 0.84> <FuncUnit> <Opcode : 'icmp'> <InPorts = 2> <OutPorts = 1>
ST_2 : Operation 149 [1/1] (0.00ns)   --->   "%trunc_ln37_1 = trunc i9 %select_ln37_8" [src/fast.hpp:37]   --->   Operation 149 'trunc' 'trunc_ln37_1' <Predicate = true> <Delay = 0.00>
ST_2 : Operation 150 [1/1] (0.39ns)   --->   "%select_ln37_9 = select i1 %icmp_ln37_9, i8 %select_ln36_9, i8 %trunc_ln37_1" [src/fast.hpp:37]   --->   Operation 150 'select' 'select_ln37_9' <Predicate = true> <Delay = 0.39> <CoreInst = "Sel">   --->   Core 73 'Sel' <Latency = 0> <II = 1> <Delay = 0.39> <FuncUnit> <Opcode : 'select'> <InPorts = 3> <OutPorts = 1>
ST_2 : Operation 151 [1/1] (0.00ns)   --->   "%zext_ln36_2 = zext i8 %select_ln37_9" [src/fast.hpp:36]   --->   Operation 151 'zext' 'zext_ln36_2' <Predicate = true> <Delay = 0.00>
ST_2 : Operation 152 [1/1] (0.88ns)   --->   "%icmp_ln36_2 = icmp_slt  i9 %select_ln27_2, i9 %p_read511" [src/fast.hpp:36]   --->   Operation 152 'icmp' 'icmp_ln36_2' <Predicate = true> <Delay = 0.88> <CoreInst = "Cmp">   --->   Core 9 'Cmp' <Latency = 0> <II = 1> <Delay = 0.84> <FuncUnit> <Opcode : 'icmp'> <InPorts = 2> <OutPorts = 1>
ST_2 : Operation 153 [1/1] (0.39ns)   --->   "%select_ln36_2 = select i1 %icmp_ln36_2, i9 %select_ln27_2, i9 %p_read511" [src/fast.hpp:36]   --->   Operation 153 'select' 'select_ln36_2' <Predicate = true> <Delay = 0.39> <CoreInst = "Sel">   --->   Core 73 'Sel' <Latency = 0> <II = 1> <Delay = 0.39> <FuncUnit> <Opcode : 'select'> <InPorts = 3> <OutPorts = 1>
ST_2 : Operation 154 [1/1] (0.88ns)   --->   "%icmp_ln36_10 = icmp_sgt  i9 %zext_ln36_2, i9 %select_ln36_2" [src/fast.hpp:36]   --->   Operation 154 'icmp' 'icmp_ln36_10' <Predicate = true> <Delay = 0.88> <CoreInst = "Cmp">   --->   Core 9 'Cmp' <Latency = 0> <II = 1> <Delay = 0.84> <FuncUnit> <Opcode : 'icmp'> <InPorts = 2> <OutPorts = 1>
ST_2 : Operation 155 [1/1] (0.00ns)   --->   "%trunc_ln36_2 = trunc i9 %select_ln36_2" [src/fast.hpp:36]   --->   Operation 155 'trunc' 'trunc_ln36_2' <Predicate = true> <Delay = 0.00>
ST_2 : Operation 156 [1/1] (0.39ns)   --->   "%select_ln36_10 = select i1 %icmp_ln36_10, i8 %select_ln37_9, i8 %trunc_ln36_2" [src/fast.hpp:36]   --->   Operation 156 'select' 'select_ln36_10' <Predicate = true> <Delay = 0.39> <CoreInst = "Sel">   --->   Core 73 'Sel' <Latency = 0> <II = 1> <Delay = 0.39> <FuncUnit> <Opcode : 'select'> <InPorts = 3> <OutPorts = 1>
ST_2 : Operation 157 [1/1] (0.00ns)   --->   "%zext_ln37_2 = zext i8 %select_ln36_10" [src/fast.hpp:37]   --->   Operation 157 'zext' 'zext_ln37_2' <Predicate = true> <Delay = 0.00>
ST_2 : Operation 158 [1/1] (0.88ns)   --->   "%icmp_ln37_2 = icmp_slt  i9 %select_ln27_2, i9 %p_read_9" [src/fast.hpp:37]   --->   Operation 158 'icmp' 'icmp_ln37_2' <Predicate = true> <Delay = 0.88> <CoreInst = "Cmp">   --->   Core 9 'Cmp' <Latency = 0> <II = 1> <Delay = 0.84> <FuncUnit> <Opcode : 'icmp'> <InPorts = 2> <OutPorts = 1>
ST_2 : Operation 159 [1/1] (0.39ns)   --->   "%select_ln37_2 = select i1 %icmp_ln37_2, i9 %select_ln27_2, i9 %p_read_9" [src/fast.hpp:37]   --->   Operation 159 'select' 'select_ln37_2' <Predicate = true> <Delay = 0.39> <CoreInst = "Sel">   --->   Core 73 'Sel' <Latency = 0> <II = 1> <Delay = 0.39> <FuncUnit> <Opcode : 'select'> <InPorts = 3> <OutPorts = 1>
ST_2 : Operation 160 [1/1] (0.88ns)   --->   "%icmp_ln37_10 = icmp_sgt  i9 %zext_ln37_2, i9 %select_ln37_2" [src/fast.hpp:37]   --->   Operation 160 'icmp' 'icmp_ln37_10' <Predicate = true> <Delay = 0.88> <CoreInst = "Cmp">   --->   Core 9 'Cmp' <Latency = 0> <II = 1> <Delay = 0.84> <FuncUnit> <Opcode : 'icmp'> <InPorts = 2> <OutPorts = 1>
ST_2 : Operation 161 [1/1] (0.00ns)   --->   "%trunc_ln37_2 = trunc i9 %select_ln37_2" [src/fast.hpp:37]   --->   Operation 161 'trunc' 'trunc_ln37_2' <Predicate = true> <Delay = 0.00>
ST_2 : Operation 162 [1/1] (0.39ns)   --->   "%select_ln37_10 = select i1 %icmp_ln37_10, i8 %select_ln36_10, i8 %trunc_ln37_2" [src/fast.hpp:37]   --->   Operation 162 'select' 'select_ln37_10' <Predicate = true> <Delay = 0.39> <CoreInst = "Sel">   --->   Core 73 'Sel' <Latency = 0> <II = 1> <Delay = 0.39> <FuncUnit> <Opcode : 'select'> <InPorts = 3> <OutPorts = 1>
ST_2 : Operation 163 [1/1] (0.00ns)   --->   "%zext_ln36_3 = zext i8 %select_ln37_10" [src/fast.hpp:36]   --->   Operation 163 'zext' 'zext_ln36_3' <Predicate = true> <Delay = 0.00>
ST_2 : Operation 164 [1/1] (0.88ns)   --->   "%icmp_ln36_3 = icmp_slt  i9 %select_ln27_3, i9 %p_read713" [src/fast.hpp:36]   --->   Operation 164 'icmp' 'icmp_ln36_3' <Predicate = true> <Delay = 0.88> <CoreInst = "Cmp">   --->   Core 9 'Cmp' <Latency = 0> <II = 1> <Delay = 0.84> <FuncUnit> <Opcode : 'icmp'> <InPorts = 2> <OutPorts = 1>
ST_2 : Operation 165 [1/1] (0.39ns)   --->   "%select_ln36_3 = select i1 %icmp_ln36_3, i9 %select_ln27_3, i9 %p_read713" [src/fast.hpp:36]   --->   Operation 165 'select' 'select_ln36_3' <Predicate = true> <Delay = 0.39> <CoreInst = "Sel">   --->   Core 73 'Sel' <Latency = 0> <II = 1> <Delay = 0.39> <FuncUnit> <Opcode : 'select'> <InPorts = 3> <OutPorts = 1>
ST_2 : Operation 166 [1/1] (0.88ns)   --->   "%icmp_ln36_11 = icmp_sgt  i9 %zext_ln36_3, i9 %select_ln36_3" [src/fast.hpp:36]   --->   Operation 166 'icmp' 'icmp_ln36_11' <Predicate = true> <Delay = 0.88> <CoreInst = "Cmp">   --->   Core 9 'Cmp' <Latency = 0> <II = 1> <Delay = 0.84> <FuncUnit> <Opcode : 'icmp'> <InPorts = 2> <OutPorts = 1>
ST_2 : Operation 167 [1/1] (0.00ns)   --->   "%trunc_ln36_3 = trunc i9 %select_ln36_3" [src/fast.hpp:36]   --->   Operation 167 'trunc' 'trunc_ln36_3' <Predicate = true> <Delay = 0.00>
ST_2 : Operation 168 [1/1] (0.39ns)   --->   "%select_ln36_11 = select i1 %icmp_ln36_11, i8 %select_ln37_10, i8 %trunc_ln36_3" [src/fast.hpp:36]   --->   Operation 168 'select' 'select_ln36_11' <Predicate = true> <Delay = 0.39> <CoreInst = "Sel">   --->   Core 73 'Sel' <Latency = 0> <II = 1> <Delay = 0.39> <FuncUnit> <Opcode : 'select'> <InPorts = 3> <OutPorts = 1>
ST_2 : Operation 169 [1/1] (0.88ns)   --->   "%icmp_ln37_3 = icmp_slt  i9 %select_ln27_3, i9 %p_read" [src/fast.hpp:37]   --->   Operation 169 'icmp' 'icmp_ln37_3' <Predicate = true> <Delay = 0.88> <CoreInst = "Cmp">   --->   Core 9 'Cmp' <Latency = 0> <II = 1> <Delay = 0.84> <FuncUnit> <Opcode : 'icmp'> <InPorts = 2> <OutPorts = 1>
ST_2 : Operation 170 [1/1] (0.39ns)   --->   "%select_ln37_3 = select i1 %icmp_ln37_3, i9 %select_ln27_3, i9 %p_read" [src/fast.hpp:37]   --->   Operation 170 'select' 'select_ln37_3' <Predicate = true> <Delay = 0.39> <CoreInst = "Sel">   --->   Core 73 'Sel' <Latency = 0> <II = 1> <Delay = 0.39> <FuncUnit> <Opcode : 'select'> <InPorts = 3> <OutPorts = 1>
ST_2 : Operation 171 [1/1] (0.00ns)   --->   "%trunc_ln37_3 = trunc i9 %select_ln37_3" [src/fast.hpp:37]   --->   Operation 171 'trunc' 'trunc_ln37_3' <Predicate = true> <Delay = 0.00>
ST_2 : Operation 172 [1/1] (0.39ns)   --->   "%select_ln44_1 = select i1 %icmp_ln44_2, i9 %select_ln43_1, i9 %select_ln44" [src/fast.hpp:44]   --->   Operation 172 'select' 'select_ln44_1' <Predicate = true> <Delay = 0.39> <CoreInst = "Sel">   --->   Core 73 'Sel' <Latency = 0> <II = 1> <Delay = 0.39> <FuncUnit> <Opcode : 'select'> <InPorts = 3> <OutPorts = 1>
ST_2 : Operation 173 [1/1] (0.39ns)   --->   "%select_ln43_2 = select i1 %icmp_ln43_8, i9 %select_ln28_1, i9 %p_read39" [src/fast.hpp:43]   --->   Operation 173 'select' 'select_ln43_2' <Predicate = true> <Delay = 0.39> <CoreInst = "Sel">   --->   Core 73 'Sel' <Latency = 0> <II = 1> <Delay = 0.39> <FuncUnit> <Opcode : 'select'> <InPorts = 3> <OutPorts = 1>
ST_2 : Operation 174 [1/1] (0.88ns)   --->   "%icmp_ln43_9 = icmp_slt  i9 %select_ln44_1, i9 %select_ln43_2" [src/fast.hpp:43]   --->   Operation 174 'icmp' 'icmp_ln43_9' <Predicate = true> <Delay = 0.88> <CoreInst = "Cmp">   --->   Core 9 'Cmp' <Latency = 0> <II = 1> <Delay = 0.84> <FuncUnit> <Opcode : 'icmp'> <InPorts = 2> <OutPorts = 1>
ST_2 : Operation 175 [1/1] (0.39ns)   --->   "%select_ln43_3 = select i1 %icmp_ln43_9, i9 %select_ln44_1, i9 %select_ln43_2" [src/fast.hpp:43]   --->   Operation 175 'select' 'select_ln43_3' <Predicate = true> <Delay = 0.39> <CoreInst = "Sel">   --->   Core 73 'Sel' <Latency = 0> <II = 1> <Delay = 0.39> <FuncUnit> <Opcode : 'select'> <InPorts = 3> <OutPorts = 1>
ST_2 : Operation 176 [1/1] (0.88ns)   --->   "%icmp_ln44_1 = icmp_sgt  i9 %select_ln28_1, i9 %p_read_11" [src/fast.hpp:44]   --->   Operation 176 'icmp' 'icmp_ln44_1' <Predicate = true> <Delay = 0.88> <CoreInst = "Cmp">   --->   Core 9 'Cmp' <Latency = 0> <II = 1> <Delay = 0.84> <FuncUnit> <Opcode : 'icmp'> <InPorts = 2> <OutPorts = 1>
ST_2 : Operation 177 [1/1] (0.39ns)   --->   "%select_ln44_2 = select i1 %icmp_ln44_1, i9 %select_ln28_1, i9 %p_read_11" [src/fast.hpp:44]   --->   Operation 177 'select' 'select_ln44_2' <Predicate = true> <Delay = 0.39> <CoreInst = "Sel">   --->   Core 73 'Sel' <Latency = 0> <II = 1> <Delay = 0.39> <FuncUnit> <Opcode : 'select'> <InPorts = 3> <OutPorts = 1>
ST_2 : Operation 178 [1/1] (0.88ns)   --->   "%icmp_ln44_8 = icmp_slt  i9 %select_ln43_3, i9 %select_ln44_2" [src/fast.hpp:44]   --->   Operation 178 'icmp' 'icmp_ln44_8' <Predicate = true> <Delay = 0.88> <CoreInst = "Cmp">   --->   Core 9 'Cmp' <Latency = 0> <II = 1> <Delay = 0.84> <FuncUnit> <Opcode : 'icmp'> <InPorts = 2> <OutPorts = 1>
ST_2 : Operation 179 [1/1] (0.39ns)   --->   "%select_ln44_3 = select i1 %icmp_ln44_8, i9 %select_ln43_3, i9 %select_ln44_2" [src/fast.hpp:44]   --->   Operation 179 'select' 'select_ln44_3' <Predicate = true> <Delay = 0.39> <CoreInst = "Sel">   --->   Core 73 'Sel' <Latency = 0> <II = 1> <Delay = 0.39> <FuncUnit> <Opcode : 'select'> <InPorts = 3> <OutPorts = 1>
ST_2 : Operation 180 [1/1] (0.88ns)   --->   "%icmp_ln43_2 = icmp_sgt  i9 %select_ln28_2, i9 %p_read511" [src/fast.hpp:43]   --->   Operation 180 'icmp' 'icmp_ln43_2' <Predicate = true> <Delay = 0.88> <CoreInst = "Cmp">   --->   Core 9 'Cmp' <Latency = 0> <II = 1> <Delay = 0.84> <FuncUnit> <Opcode : 'icmp'> <InPorts = 2> <OutPorts = 1>
ST_2 : Operation 181 [1/1] (0.39ns)   --->   "%select_ln43_4 = select i1 %icmp_ln43_2, i9 %select_ln28_2, i9 %p_read511" [src/fast.hpp:43]   --->   Operation 181 'select' 'select_ln43_4' <Predicate = true> <Delay = 0.39> <CoreInst = "Sel">   --->   Core 73 'Sel' <Latency = 0> <II = 1> <Delay = 0.39> <FuncUnit> <Opcode : 'select'> <InPorts = 3> <OutPorts = 1>
ST_2 : Operation 182 [1/1] (0.88ns)   --->   "%icmp_ln43_10 = icmp_slt  i9 %select_ln44_3, i9 %select_ln43_4" [src/fast.hpp:43]   --->   Operation 182 'icmp' 'icmp_ln43_10' <Predicate = true> <Delay = 0.88> <CoreInst = "Cmp">   --->   Core 9 'Cmp' <Latency = 0> <II = 1> <Delay = 0.84> <FuncUnit> <Opcode : 'icmp'> <InPorts = 2> <OutPorts = 1>
ST_2 : Operation 183 [1/1] (0.39ns)   --->   "%select_ln43_5 = select i1 %icmp_ln43_10, i9 %select_ln44_3, i9 %select_ln43_4" [src/fast.hpp:43]   --->   Operation 183 'select' 'select_ln43_5' <Predicate = true> <Delay = 0.39> <CoreInst = "Sel">   --->   Core 73 'Sel' <Latency = 0> <II = 1> <Delay = 0.39> <FuncUnit> <Opcode : 'select'> <InPorts = 3> <OutPorts = 1>
ST_2 : Operation 184 [1/1] (0.88ns)   --->   "%icmp_ln44_9 = icmp_sgt  i9 %select_ln28_2, i9 %p_read_9" [src/fast.hpp:44]   --->   Operation 184 'icmp' 'icmp_ln44_9' <Predicate = true> <Delay = 0.88> <CoreInst = "Cmp">   --->   Core 9 'Cmp' <Latency = 0> <II = 1> <Delay = 0.84> <FuncUnit> <Opcode : 'icmp'> <InPorts = 2> <OutPorts = 1>
ST_2 : Operation 185 [1/1] (0.39ns)   --->   "%select_ln44_4 = select i1 %icmp_ln44_9, i9 %select_ln28_2, i9 %p_read_9" [src/fast.hpp:44]   --->   Operation 185 'select' 'select_ln44_4' <Predicate = true> <Delay = 0.39> <CoreInst = "Sel">   --->   Core 73 'Sel' <Latency = 0> <II = 1> <Delay = 0.39> <FuncUnit> <Opcode : 'select'> <InPorts = 3> <OutPorts = 1>
ST_2 : Operation 186 [1/1] (0.88ns)   --->   "%icmp_ln44_10 = icmp_slt  i9 %select_ln43_5, i9 %select_ln44_4" [src/fast.hpp:44]   --->   Operation 186 'icmp' 'icmp_ln44_10' <Predicate = true> <Delay = 0.88> <CoreInst = "Cmp">   --->   Core 9 'Cmp' <Latency = 0> <II = 1> <Delay = 0.84> <FuncUnit> <Opcode : 'icmp'> <InPorts = 2> <OutPorts = 1>
ST_2 : Operation 187 [1/1] (0.39ns)   --->   "%select_ln44_5 = select i1 %icmp_ln44_10, i9 %select_ln43_5, i9 %select_ln44_4" [src/fast.hpp:44]   --->   Operation 187 'select' 'select_ln44_5' <Predicate = true> <Delay = 0.39> <CoreInst = "Sel">   --->   Core 73 'Sel' <Latency = 0> <II = 1> <Delay = 0.39> <FuncUnit> <Opcode : 'select'> <InPorts = 3> <OutPorts = 1>
ST_2 : Operation 188 [1/1] (0.88ns)   --->   "%icmp_ln43_3 = icmp_sgt  i9 %select_ln28_3, i9 %p_read713" [src/fast.hpp:43]   --->   Operation 188 'icmp' 'icmp_ln43_3' <Predicate = true> <Delay = 0.88> <CoreInst = "Cmp">   --->   Core 9 'Cmp' <Latency = 0> <II = 1> <Delay = 0.84> <FuncUnit> <Opcode : 'icmp'> <InPorts = 2> <OutPorts = 1>
ST_2 : Operation 189 [1/1] (0.39ns)   --->   "%select_ln43_6 = select i1 %icmp_ln43_3, i9 %select_ln28_3, i9 %p_read713" [src/fast.hpp:43]   --->   Operation 189 'select' 'select_ln43_6' <Predicate = true> <Delay = 0.39> <CoreInst = "Sel">   --->   Core 73 'Sel' <Latency = 0> <II = 1> <Delay = 0.39> <FuncUnit> <Opcode : 'select'> <InPorts = 3> <OutPorts = 1>
ST_2 : Operation 190 [1/1] (0.88ns)   --->   "%icmp_ln43_11 = icmp_slt  i9 %select_ln44_5, i9 %select_ln43_6" [src/fast.hpp:43]   --->   Operation 190 'icmp' 'icmp_ln43_11' <Predicate = true> <Delay = 0.88> <CoreInst = "Cmp">   --->   Core 9 'Cmp' <Latency = 0> <II = 1> <Delay = 0.84> <FuncUnit> <Opcode : 'icmp'> <InPorts = 2> <OutPorts = 1>
ST_2 : Operation 191 [1/1] (0.39ns)   --->   "%select_ln43_7 = select i1 %icmp_ln43_11, i9 %select_ln44_5, i9 %select_ln43_6" [src/fast.hpp:43]   --->   Operation 191 'select' 'select_ln43_7' <Predicate = true> <Delay = 0.39> <CoreInst = "Sel">   --->   Core 73 'Sel' <Latency = 0> <II = 1> <Delay = 0.39> <FuncUnit> <Opcode : 'select'> <InPorts = 3> <OutPorts = 1>
ST_2 : Operation 192 [1/1] (0.88ns)   --->   "%icmp_ln44_3 = icmp_sgt  i9 %select_ln28_3, i9 %p_read" [src/fast.hpp:44]   --->   Operation 192 'icmp' 'icmp_ln44_3' <Predicate = true> <Delay = 0.88> <CoreInst = "Cmp">   --->   Core 9 'Cmp' <Latency = 0> <II = 1> <Delay = 0.84> <FuncUnit> <Opcode : 'icmp'> <InPorts = 2> <OutPorts = 1>
ST_2 : Operation 193 [1/1] (0.39ns)   --->   "%select_ln44_6 = select i1 %icmp_ln44_3, i9 %select_ln28_3, i9 %p_read" [src/fast.hpp:44]   --->   Operation 193 'select' 'select_ln44_6' <Predicate = true> <Delay = 0.39> <CoreInst = "Sel">   --->   Core 73 'Sel' <Latency = 0> <II = 1> <Delay = 0.39> <FuncUnit> <Opcode : 'select'> <InPorts = 3> <OutPorts = 1>

State 3 <SV = 2> <Delay = 7.25>
ST_3 : Operation 194 [1/1] (0.00ns)   --->   "%zext_ln37_3 = zext i8 %select_ln36_11" [src/fast.hpp:37]   --->   Operation 194 'zext' 'zext_ln37_3' <Predicate = true> <Delay = 0.00>
ST_3 : Operation 195 [1/1] (0.88ns)   --->   "%icmp_ln37_11 = icmp_sgt  i9 %zext_ln37_3, i9 %select_ln37_3" [src/fast.hpp:37]   --->   Operation 195 'icmp' 'icmp_ln37_11' <Predicate = true> <Delay = 0.88> <CoreInst = "Cmp">   --->   Core 9 'Cmp' <Latency = 0> <II = 1> <Delay = 0.84> <FuncUnit> <Opcode : 'icmp'> <InPorts = 2> <OutPorts = 1>
ST_3 : Operation 196 [1/1] (0.39ns)   --->   "%select_ln37_11 = select i1 %icmp_ln37_11, i8 %select_ln36_11, i8 %trunc_ln37_3" [src/fast.hpp:37]   --->   Operation 196 'select' 'select_ln37_11' <Predicate = true> <Delay = 0.39> <CoreInst = "Sel">   --->   Core 73 'Sel' <Latency = 0> <II = 1> <Delay = 0.39> <FuncUnit> <Opcode : 'select'> <InPorts = 3> <OutPorts = 1>
ST_3 : Operation 197 [1/1] (0.00ns)   --->   "%zext_ln36_4 = zext i8 %select_ln37_11" [src/fast.hpp:36]   --->   Operation 197 'zext' 'zext_ln36_4' <Predicate = true> <Delay = 0.00>
ST_3 : Operation 198 [1/1] (0.88ns)   --->   "%icmp_ln36_4 = icmp_slt  i9 %select_ln27_4, i9 %p_read_14" [src/fast.hpp:36]   --->   Operation 198 'icmp' 'icmp_ln36_4' <Predicate = true> <Delay = 0.88> <CoreInst = "Cmp">   --->   Core 9 'Cmp' <Latency = 0> <II = 1> <Delay = 0.84> <FuncUnit> <Opcode : 'icmp'> <InPorts = 2> <OutPorts = 1>
ST_3 : Operation 199 [1/1] (0.39ns)   --->   "%select_ln36_4 = select i1 %icmp_ln36_4, i9 %select_ln27_4, i9 %p_read_14" [src/fast.hpp:36]   --->   Operation 199 'select' 'select_ln36_4' <Predicate = true> <Delay = 0.39> <CoreInst = "Sel">   --->   Core 73 'Sel' <Latency = 0> <II = 1> <Delay = 0.39> <FuncUnit> <Opcode : 'select'> <InPorts = 3> <OutPorts = 1>
ST_3 : Operation 200 [1/1] (0.88ns)   --->   "%icmp_ln36_12 = icmp_sgt  i9 %zext_ln36_4, i9 %select_ln36_4" [src/fast.hpp:36]   --->   Operation 200 'icmp' 'icmp_ln36_12' <Predicate = true> <Delay = 0.88> <CoreInst = "Cmp">   --->   Core 9 'Cmp' <Latency = 0> <II = 1> <Delay = 0.84> <FuncUnit> <Opcode : 'icmp'> <InPorts = 2> <OutPorts = 1>
ST_3 : Operation 201 [1/1] (0.00ns)   --->   "%trunc_ln36_4 = trunc i9 %select_ln36_4" [src/fast.hpp:36]   --->   Operation 201 'trunc' 'trunc_ln36_4' <Predicate = true> <Delay = 0.00>
ST_3 : Operation 202 [1/1] (0.39ns)   --->   "%select_ln36_12 = select i1 %icmp_ln36_12, i8 %select_ln37_11, i8 %trunc_ln36_4" [src/fast.hpp:36]   --->   Operation 202 'select' 'select_ln36_12' <Predicate = true> <Delay = 0.39> <CoreInst = "Sel">   --->   Core 73 'Sel' <Latency = 0> <II = 1> <Delay = 0.39> <FuncUnit> <Opcode : 'select'> <InPorts = 3> <OutPorts = 1>
ST_3 : Operation 203 [1/1] (0.00ns)   --->   "%zext_ln37_4 = zext i8 %select_ln36_12" [src/fast.hpp:37]   --->   Operation 203 'zext' 'zext_ln37_4' <Predicate = true> <Delay = 0.00>
ST_3 : Operation 204 [1/1] (0.88ns)   --->   "%icmp_ln37_4 = icmp_slt  i9 %select_ln27_4, i9 %p_read28" [src/fast.hpp:37]   --->   Operation 204 'icmp' 'icmp_ln37_4' <Predicate = true> <Delay = 0.88> <CoreInst = "Cmp">   --->   Core 9 'Cmp' <Latency = 0> <II = 1> <Delay = 0.84> <FuncUnit> <Opcode : 'icmp'> <InPorts = 2> <OutPorts = 1>
ST_3 : Operation 205 [1/1] (0.39ns)   --->   "%select_ln37_4 = select i1 %icmp_ln37_4, i9 %select_ln27_4, i9 %p_read28" [src/fast.hpp:37]   --->   Operation 205 'select' 'select_ln37_4' <Predicate = true> <Delay = 0.39> <CoreInst = "Sel">   --->   Core 73 'Sel' <Latency = 0> <II = 1> <Delay = 0.39> <FuncUnit> <Opcode : 'select'> <InPorts = 3> <OutPorts = 1>
ST_3 : Operation 206 [1/1] (0.88ns)   --->   "%icmp_ln37_12 = icmp_sgt  i9 %zext_ln37_4, i9 %select_ln37_4" [src/fast.hpp:37]   --->   Operation 206 'icmp' 'icmp_ln37_12' <Predicate = true> <Delay = 0.88> <CoreInst = "Cmp">   --->   Core 9 'Cmp' <Latency = 0> <II = 1> <Delay = 0.84> <FuncUnit> <Opcode : 'icmp'> <InPorts = 2> <OutPorts = 1>
ST_3 : Operation 207 [1/1] (0.00ns)   --->   "%trunc_ln37_4 = trunc i9 %select_ln37_4" [src/fast.hpp:37]   --->   Operation 207 'trunc' 'trunc_ln37_4' <Predicate = true> <Delay = 0.00>
ST_3 : Operation 208 [1/1] (0.39ns)   --->   "%select_ln37_12 = select i1 %icmp_ln37_12, i8 %select_ln36_12, i8 %trunc_ln37_4" [src/fast.hpp:37]   --->   Operation 208 'select' 'select_ln37_12' <Predicate = true> <Delay = 0.39> <CoreInst = "Sel">   --->   Core 73 'Sel' <Latency = 0> <II = 1> <Delay = 0.39> <FuncUnit> <Opcode : 'select'> <InPorts = 3> <OutPorts = 1>
ST_3 : Operation 209 [1/1] (0.00ns)   --->   "%zext_ln36_5 = zext i8 %select_ln37_12" [src/fast.hpp:36]   --->   Operation 209 'zext' 'zext_ln36_5' <Predicate = true> <Delay = 0.00>
ST_3 : Operation 210 [1/1] (0.88ns)   --->   "%icmp_ln36_5 = icmp_slt  i9 %select_ln27_5, i9 %p_read_12" [src/fast.hpp:36]   --->   Operation 210 'icmp' 'icmp_ln36_5' <Predicate = true> <Delay = 0.88> <CoreInst = "Cmp">   --->   Core 9 'Cmp' <Latency = 0> <II = 1> <Delay = 0.84> <FuncUnit> <Opcode : 'icmp'> <InPorts = 2> <OutPorts = 1>
ST_3 : Operation 211 [1/1] (0.39ns)   --->   "%select_ln36_5 = select i1 %icmp_ln36_5, i9 %select_ln27_5, i9 %p_read_12" [src/fast.hpp:36]   --->   Operation 211 'select' 'select_ln36_5' <Predicate = true> <Delay = 0.39> <CoreInst = "Sel">   --->   Core 73 'Sel' <Latency = 0> <II = 1> <Delay = 0.39> <FuncUnit> <Opcode : 'select'> <InPorts = 3> <OutPorts = 1>
ST_3 : Operation 212 [1/1] (0.88ns)   --->   "%icmp_ln36_13 = icmp_sgt  i9 %zext_ln36_5, i9 %select_ln36_5" [src/fast.hpp:36]   --->   Operation 212 'icmp' 'icmp_ln36_13' <Predicate = true> <Delay = 0.88> <CoreInst = "Cmp">   --->   Core 9 'Cmp' <Latency = 0> <II = 1> <Delay = 0.84> <FuncUnit> <Opcode : 'icmp'> <InPorts = 2> <OutPorts = 1>
ST_3 : Operation 213 [1/1] (0.00ns)   --->   "%trunc_ln36_5 = trunc i9 %select_ln36_5" [src/fast.hpp:36]   --->   Operation 213 'trunc' 'trunc_ln36_5' <Predicate = true> <Delay = 0.00>
ST_3 : Operation 214 [1/1] (0.39ns)   --->   "%select_ln36_13 = select i1 %icmp_ln36_13, i8 %select_ln37_12, i8 %trunc_ln36_5" [src/fast.hpp:36]   --->   Operation 214 'select' 'select_ln36_13' <Predicate = true> <Delay = 0.39> <CoreInst = "Sel">   --->   Core 73 'Sel' <Latency = 0> <II = 1> <Delay = 0.39> <FuncUnit> <Opcode : 'select'> <InPorts = 3> <OutPorts = 1>
ST_3 : Operation 215 [1/1] (0.00ns)   --->   "%zext_ln37_5 = zext i8 %select_ln36_13" [src/fast.hpp:37]   --->   Operation 215 'zext' 'zext_ln37_5' <Predicate = true> <Delay = 0.00>
ST_3 : Operation 216 [1/1] (0.88ns)   --->   "%icmp_ln37_5 = icmp_slt  i9 %select_ln27_5, i9 %p_read410" [src/fast.hpp:37]   --->   Operation 216 'icmp' 'icmp_ln37_5' <Predicate = true> <Delay = 0.88> <CoreInst = "Cmp">   --->   Core 9 'Cmp' <Latency = 0> <II = 1> <Delay = 0.84> <FuncUnit> <Opcode : 'icmp'> <InPorts = 2> <OutPorts = 1>
ST_3 : Operation 217 [1/1] (0.39ns)   --->   "%select_ln37_5 = select i1 %icmp_ln37_5, i9 %select_ln27_5, i9 %p_read410" [src/fast.hpp:37]   --->   Operation 217 'select' 'select_ln37_5' <Predicate = true> <Delay = 0.39> <CoreInst = "Sel">   --->   Core 73 'Sel' <Latency = 0> <II = 1> <Delay = 0.39> <FuncUnit> <Opcode : 'select'> <InPorts = 3> <OutPorts = 1>
ST_3 : Operation 218 [1/1] (0.88ns)   --->   "%icmp_ln37_13 = icmp_sgt  i9 %zext_ln37_5, i9 %select_ln37_5" [src/fast.hpp:37]   --->   Operation 218 'icmp' 'icmp_ln37_13' <Predicate = true> <Delay = 0.88> <CoreInst = "Cmp">   --->   Core 9 'Cmp' <Latency = 0> <II = 1> <Delay = 0.84> <FuncUnit> <Opcode : 'icmp'> <InPorts = 2> <OutPorts = 1>
ST_3 : Operation 219 [1/1] (0.00ns)   --->   "%trunc_ln37_5 = trunc i9 %select_ln37_5" [src/fast.hpp:37]   --->   Operation 219 'trunc' 'trunc_ln37_5' <Predicate = true> <Delay = 0.00>
ST_3 : Operation 220 [1/1] (0.39ns)   --->   "%select_ln37_13 = select i1 %icmp_ln37_13, i8 %select_ln36_13, i8 %trunc_ln37_5" [src/fast.hpp:37]   --->   Operation 220 'select' 'select_ln37_13' <Predicate = true> <Delay = 0.39> <CoreInst = "Sel">   --->   Core 73 'Sel' <Latency = 0> <II = 1> <Delay = 0.39> <FuncUnit> <Opcode : 'select'> <InPorts = 3> <OutPorts = 1>
ST_3 : Operation 221 [1/1] (0.00ns)   --->   "%zext_ln36_6 = zext i8 %select_ln37_13" [src/fast.hpp:36]   --->   Operation 221 'zext' 'zext_ln36_6' <Predicate = true> <Delay = 0.00>
ST_3 : Operation 222 [1/1] (0.88ns)   --->   "%icmp_ln36_6 = icmp_slt  i9 %select_ln27_6, i9 %p_read_10" [src/fast.hpp:36]   --->   Operation 222 'icmp' 'icmp_ln36_6' <Predicate = true> <Delay = 0.88> <CoreInst = "Cmp">   --->   Core 9 'Cmp' <Latency = 0> <II = 1> <Delay = 0.84> <FuncUnit> <Opcode : 'icmp'> <InPorts = 2> <OutPorts = 1>
ST_3 : Operation 223 [1/1] (0.39ns)   --->   "%select_ln36_6 = select i1 %icmp_ln36_6, i9 %select_ln27_6, i9 %p_read_10" [src/fast.hpp:36]   --->   Operation 223 'select' 'select_ln36_6' <Predicate = true> <Delay = 0.39> <CoreInst = "Sel">   --->   Core 73 'Sel' <Latency = 0> <II = 1> <Delay = 0.39> <FuncUnit> <Opcode : 'select'> <InPorts = 3> <OutPorts = 1>
ST_3 : Operation 224 [1/1] (0.88ns)   --->   "%icmp_ln36_14 = icmp_sgt  i9 %zext_ln36_6, i9 %select_ln36_6" [src/fast.hpp:36]   --->   Operation 224 'icmp' 'icmp_ln36_14' <Predicate = true> <Delay = 0.88> <CoreInst = "Cmp">   --->   Core 9 'Cmp' <Latency = 0> <II = 1> <Delay = 0.84> <FuncUnit> <Opcode : 'icmp'> <InPorts = 2> <OutPorts = 1>
ST_3 : Operation 225 [1/1] (0.00ns)   --->   "%trunc_ln36_6 = trunc i9 %select_ln36_6" [src/fast.hpp:36]   --->   Operation 225 'trunc' 'trunc_ln36_6' <Predicate = true> <Delay = 0.00>
ST_3 : Operation 226 [1/1] (0.88ns)   --->   "%icmp_ln37_6 = icmp_slt  i9 %select_ln27_6, i9 %p_read612" [src/fast.hpp:37]   --->   Operation 226 'icmp' 'icmp_ln37_6' <Predicate = true> <Delay = 0.88> <CoreInst = "Cmp">   --->   Core 9 'Cmp' <Latency = 0> <II = 1> <Delay = 0.84> <FuncUnit> <Opcode : 'icmp'> <InPorts = 2> <OutPorts = 1>
ST_3 : Operation 227 [1/1] (0.39ns)   --->   "%select_ln37_6 = select i1 %icmp_ln37_6, i9 %select_ln27_6, i9 %p_read612" [src/fast.hpp:37]   --->   Operation 227 'select' 'select_ln37_6' <Predicate = true> <Delay = 0.39> <CoreInst = "Sel">   --->   Core 73 'Sel' <Latency = 0> <II = 1> <Delay = 0.39> <FuncUnit> <Opcode : 'select'> <InPorts = 3> <OutPorts = 1>
ST_3 : Operation 228 [1/1] (0.00ns)   --->   "%trunc_ln37_6 = trunc i9 %select_ln37_6" [src/fast.hpp:37]   --->   Operation 228 'trunc' 'trunc_ln37_6' <Predicate = true> <Delay = 0.00>
ST_3 : Operation 229 [1/1] (0.88ns)   --->   "%icmp_ln44_11 = icmp_slt  i9 %select_ln43_7, i9 %select_ln44_6" [src/fast.hpp:44]   --->   Operation 229 'icmp' 'icmp_ln44_11' <Predicate = true> <Delay = 0.88> <CoreInst = "Cmp">   --->   Core 9 'Cmp' <Latency = 0> <II = 1> <Delay = 0.84> <FuncUnit> <Opcode : 'icmp'> <InPorts = 2> <OutPorts = 1>
ST_3 : Operation 230 [1/1] (0.39ns)   --->   "%select_ln44_7 = select i1 %icmp_ln44_11, i9 %select_ln43_7, i9 %select_ln44_6" [src/fast.hpp:44]   --->   Operation 230 'select' 'select_ln44_7' <Predicate = true> <Delay = 0.39> <CoreInst = "Sel">   --->   Core 73 'Sel' <Latency = 0> <II = 1> <Delay = 0.39> <FuncUnit> <Opcode : 'select'> <InPorts = 3> <OutPorts = 1>
ST_3 : Operation 231 [1/1] (0.88ns)   --->   "%icmp_ln43_4 = icmp_sgt  i9 %select_ln28_4, i9 %p_read_14" [src/fast.hpp:43]   --->   Operation 231 'icmp' 'icmp_ln43_4' <Predicate = true> <Delay = 0.88> <CoreInst = "Cmp">   --->   Core 9 'Cmp' <Latency = 0> <II = 1> <Delay = 0.84> <FuncUnit> <Opcode : 'icmp'> <InPorts = 2> <OutPorts = 1>
ST_3 : Operation 232 [1/1] (0.39ns)   --->   "%select_ln43_8 = select i1 %icmp_ln43_4, i9 %select_ln28_4, i9 %p_read_14" [src/fast.hpp:43]   --->   Operation 232 'select' 'select_ln43_8' <Predicate = true> <Delay = 0.39> <CoreInst = "Sel">   --->   Core 73 'Sel' <Latency = 0> <II = 1> <Delay = 0.39> <FuncUnit> <Opcode : 'select'> <InPorts = 3> <OutPorts = 1>
ST_3 : Operation 233 [1/1] (0.88ns)   --->   "%icmp_ln43_12 = icmp_slt  i9 %select_ln44_7, i9 %select_ln43_8" [src/fast.hpp:43]   --->   Operation 233 'icmp' 'icmp_ln43_12' <Predicate = true> <Delay = 0.88> <CoreInst = "Cmp">   --->   Core 9 'Cmp' <Latency = 0> <II = 1> <Delay = 0.84> <FuncUnit> <Opcode : 'icmp'> <InPorts = 2> <OutPorts = 1>
ST_3 : Operation 234 [1/1] (0.39ns)   --->   "%select_ln43_9 = select i1 %icmp_ln43_12, i9 %select_ln44_7, i9 %select_ln43_8" [src/fast.hpp:43]   --->   Operation 234 'select' 'select_ln43_9' <Predicate = true> <Delay = 0.39> <CoreInst = "Sel">   --->   Core 73 'Sel' <Latency = 0> <II = 1> <Delay = 0.39> <FuncUnit> <Opcode : 'select'> <InPorts = 3> <OutPorts = 1>
ST_3 : Operation 235 [1/1] (0.88ns)   --->   "%icmp_ln44_4 = icmp_sgt  i9 %select_ln28_4, i9 %p_read28" [src/fast.hpp:44]   --->   Operation 235 'icmp' 'icmp_ln44_4' <Predicate = true> <Delay = 0.88> <CoreInst = "Cmp">   --->   Core 9 'Cmp' <Latency = 0> <II = 1> <Delay = 0.84> <FuncUnit> <Opcode : 'icmp'> <InPorts = 2> <OutPorts = 1>
ST_3 : Operation 236 [1/1] (0.39ns)   --->   "%select_ln44_8 = select i1 %icmp_ln44_4, i9 %select_ln28_4, i9 %p_read28" [src/fast.hpp:44]   --->   Operation 236 'select' 'select_ln44_8' <Predicate = true> <Delay = 0.39> <CoreInst = "Sel">   --->   Core 73 'Sel' <Latency = 0> <II = 1> <Delay = 0.39> <FuncUnit> <Opcode : 'select'> <InPorts = 3> <OutPorts = 1>
ST_3 : Operation 237 [1/1] (0.88ns)   --->   "%icmp_ln44_12 = icmp_slt  i9 %select_ln43_9, i9 %select_ln44_8" [src/fast.hpp:44]   --->   Operation 237 'icmp' 'icmp_ln44_12' <Predicate = true> <Delay = 0.88> <CoreInst = "Cmp">   --->   Core 9 'Cmp' <Latency = 0> <II = 1> <Delay = 0.84> <FuncUnit> <Opcode : 'icmp'> <InPorts = 2> <OutPorts = 1>
ST_3 : Operation 238 [1/1] (0.39ns)   --->   "%select_ln44_9 = select i1 %icmp_ln44_12, i9 %select_ln43_9, i9 %select_ln44_8" [src/fast.hpp:44]   --->   Operation 238 'select' 'select_ln44_9' <Predicate = true> <Delay = 0.39> <CoreInst = "Sel">   --->   Core 73 'Sel' <Latency = 0> <II = 1> <Delay = 0.39> <FuncUnit> <Opcode : 'select'> <InPorts = 3> <OutPorts = 1>
ST_3 : Operation 239 [1/1] (0.88ns)   --->   "%icmp_ln43_5 = icmp_sgt  i9 %select_ln28_5, i9 %p_read_12" [src/fast.hpp:43]   --->   Operation 239 'icmp' 'icmp_ln43_5' <Predicate = true> <Delay = 0.88> <CoreInst = "Cmp">   --->   Core 9 'Cmp' <Latency = 0> <II = 1> <Delay = 0.84> <FuncUnit> <Opcode : 'icmp'> <InPorts = 2> <OutPorts = 1>
ST_3 : Operation 240 [1/1] (0.39ns)   --->   "%select_ln43_10 = select i1 %icmp_ln43_5, i9 %select_ln28_5, i9 %p_read_12" [src/fast.hpp:43]   --->   Operation 240 'select' 'select_ln43_10' <Predicate = true> <Delay = 0.39> <CoreInst = "Sel">   --->   Core 73 'Sel' <Latency = 0> <II = 1> <Delay = 0.39> <FuncUnit> <Opcode : 'select'> <InPorts = 3> <OutPorts = 1>
ST_3 : Operation 241 [1/1] (0.88ns)   --->   "%icmp_ln43_13 = icmp_slt  i9 %select_ln44_9, i9 %select_ln43_10" [src/fast.hpp:43]   --->   Operation 241 'icmp' 'icmp_ln43_13' <Predicate = true> <Delay = 0.88> <CoreInst = "Cmp">   --->   Core 9 'Cmp' <Latency = 0> <II = 1> <Delay = 0.84> <FuncUnit> <Opcode : 'icmp'> <InPorts = 2> <OutPorts = 1>
ST_3 : Operation 242 [1/1] (0.39ns)   --->   "%select_ln43_11 = select i1 %icmp_ln43_13, i9 %select_ln44_9, i9 %select_ln43_10" [src/fast.hpp:43]   --->   Operation 242 'select' 'select_ln43_11' <Predicate = true> <Delay = 0.39> <CoreInst = "Sel">   --->   Core 73 'Sel' <Latency = 0> <II = 1> <Delay = 0.39> <FuncUnit> <Opcode : 'select'> <InPorts = 3> <OutPorts = 1>
ST_3 : Operation 243 [1/1] (0.88ns)   --->   "%icmp_ln44_5 = icmp_sgt  i9 %select_ln28_5, i9 %p_read410" [src/fast.hpp:44]   --->   Operation 243 'icmp' 'icmp_ln44_5' <Predicate = true> <Delay = 0.88> <CoreInst = "Cmp">   --->   Core 9 'Cmp' <Latency = 0> <II = 1> <Delay = 0.84> <FuncUnit> <Opcode : 'icmp'> <InPorts = 2> <OutPorts = 1>
ST_3 : Operation 244 [1/1] (0.39ns)   --->   "%select_ln44_10 = select i1 %icmp_ln44_5, i9 %select_ln28_5, i9 %p_read410" [src/fast.hpp:44]   --->   Operation 244 'select' 'select_ln44_10' <Predicate = true> <Delay = 0.39> <CoreInst = "Sel">   --->   Core 73 'Sel' <Latency = 0> <II = 1> <Delay = 0.39> <FuncUnit> <Opcode : 'select'> <InPorts = 3> <OutPorts = 1>
ST_3 : Operation 245 [1/1] (0.88ns)   --->   "%icmp_ln44_13 = icmp_slt  i9 %select_ln43_11, i9 %select_ln44_10" [src/fast.hpp:44]   --->   Operation 245 'icmp' 'icmp_ln44_13' <Predicate = true> <Delay = 0.88> <CoreInst = "Cmp">   --->   Core 9 'Cmp' <Latency = 0> <II = 1> <Delay = 0.84> <FuncUnit> <Opcode : 'icmp'> <InPorts = 2> <OutPorts = 1>
ST_3 : Operation 246 [1/1] (0.39ns)   --->   "%select_ln44_11 = select i1 %icmp_ln44_13, i9 %select_ln43_11, i9 %select_ln44_10" [src/fast.hpp:44]   --->   Operation 246 'select' 'select_ln44_11' <Predicate = true> <Delay = 0.39> <CoreInst = "Sel">   --->   Core 73 'Sel' <Latency = 0> <II = 1> <Delay = 0.39> <FuncUnit> <Opcode : 'select'> <InPorts = 3> <OutPorts = 1>
ST_3 : Operation 247 [1/1] (0.88ns)   --->   "%icmp_ln43_6 = icmp_sgt  i9 %select_ln28_6, i9 %p_read_10" [src/fast.hpp:43]   --->   Operation 247 'icmp' 'icmp_ln43_6' <Predicate = true> <Delay = 0.88> <CoreInst = "Cmp">   --->   Core 9 'Cmp' <Latency = 0> <II = 1> <Delay = 0.84> <FuncUnit> <Opcode : 'icmp'> <InPorts = 2> <OutPorts = 1>
ST_3 : Operation 248 [1/1] (0.39ns)   --->   "%select_ln43_12 = select i1 %icmp_ln43_6, i9 %select_ln28_6, i9 %p_read_10" [src/fast.hpp:43]   --->   Operation 248 'select' 'select_ln43_12' <Predicate = true> <Delay = 0.39> <CoreInst = "Sel">   --->   Core 73 'Sel' <Latency = 0> <II = 1> <Delay = 0.39> <FuncUnit> <Opcode : 'select'> <InPorts = 3> <OutPorts = 1>
ST_3 : Operation 249 [1/1] (0.88ns)   --->   "%icmp_ln44_6 = icmp_sgt  i9 %select_ln28_6, i9 %p_read612" [src/fast.hpp:44]   --->   Operation 249 'icmp' 'icmp_ln44_6' <Predicate = true> <Delay = 0.88> <CoreInst = "Cmp">   --->   Core 9 'Cmp' <Latency = 0> <II = 1> <Delay = 0.84> <FuncUnit> <Opcode : 'icmp'> <InPorts = 2> <OutPorts = 1>
ST_3 : Operation 250 [1/1] (0.39ns)   --->   "%select_ln44_12 = select i1 %icmp_ln44_6, i9 %select_ln28_6, i9 %p_read612" [src/fast.hpp:44]   --->   Operation 250 'select' 'select_ln44_12' <Predicate = true> <Delay = 0.39> <CoreInst = "Sel">   --->   Core 73 'Sel' <Latency = 0> <II = 1> <Delay = 0.39> <FuncUnit> <Opcode : 'select'> <InPorts = 3> <OutPorts = 1>

State 4 <SV = 3> <Delay = 7.09>
ST_4 : Operation 251 [1/1] (0.39ns)   --->   "%select_ln36_14 = select i1 %icmp_ln36_14, i8 %select_ln37_13, i8 %trunc_ln36_6" [src/fast.hpp:36]   --->   Operation 251 'select' 'select_ln36_14' <Predicate = true> <Delay = 0.39> <CoreInst = "Sel">   --->   Core 73 'Sel' <Latency = 0> <II = 1> <Delay = 0.39> <FuncUnit> <Opcode : 'select'> <InPorts = 3> <OutPorts = 1>
ST_4 : Operation 252 [1/1] (0.00ns)   --->   "%zext_ln37_6 = zext i8 %select_ln36_14" [src/fast.hpp:37]   --->   Operation 252 'zext' 'zext_ln37_6' <Predicate = true> <Delay = 0.00>
ST_4 : Operation 253 [1/1] (0.88ns)   --->   "%icmp_ln37_14 = icmp_sgt  i9 %zext_ln37_6, i9 %select_ln37_6" [src/fast.hpp:37]   --->   Operation 253 'icmp' 'icmp_ln37_14' <Predicate = true> <Delay = 0.88> <CoreInst = "Cmp">   --->   Core 9 'Cmp' <Latency = 0> <II = 1> <Delay = 0.84> <FuncUnit> <Opcode : 'icmp'> <InPorts = 2> <OutPorts = 1>
ST_4 : Operation 254 [1/1] (0.39ns)   --->   "%select_ln37_14 = select i1 %icmp_ln37_14, i8 %select_ln36_14, i8 %trunc_ln37_6" [src/fast.hpp:37]   --->   Operation 254 'select' 'select_ln37_14' <Predicate = true> <Delay = 0.39> <CoreInst = "Sel">   --->   Core 73 'Sel' <Latency = 0> <II = 1> <Delay = 0.39> <FuncUnit> <Opcode : 'select'> <InPorts = 3> <OutPorts = 1>
ST_4 : Operation 255 [1/1] (0.00ns)   --->   "%zext_ln36_7 = zext i8 %select_ln37_14" [src/fast.hpp:36]   --->   Operation 255 'zext' 'zext_ln36_7' <Predicate = true> <Delay = 0.00>
ST_4 : Operation 256 [1/1] (0.88ns)   --->   "%icmp_ln36_7 = icmp_slt  i9 %select_ln27_7, i9 %p_read_8" [src/fast.hpp:36]   --->   Operation 256 'icmp' 'icmp_ln36_7' <Predicate = true> <Delay = 0.88> <CoreInst = "Cmp">   --->   Core 9 'Cmp' <Latency = 0> <II = 1> <Delay = 0.84> <FuncUnit> <Opcode : 'icmp'> <InPorts = 2> <OutPorts = 1>
ST_4 : Operation 257 [1/1] (0.39ns)   --->   "%select_ln36_7 = select i1 %icmp_ln36_7, i9 %select_ln27_7, i9 %p_read_8" [src/fast.hpp:36]   --->   Operation 257 'select' 'select_ln36_7' <Predicate = true> <Delay = 0.39> <CoreInst = "Sel">   --->   Core 73 'Sel' <Latency = 0> <II = 1> <Delay = 0.39> <FuncUnit> <Opcode : 'select'> <InPorts = 3> <OutPorts = 1>
ST_4 : Operation 258 [1/1] (0.88ns)   --->   "%icmp_ln36_15 = icmp_sgt  i9 %zext_ln36_7, i9 %select_ln36_7" [src/fast.hpp:36]   --->   Operation 258 'icmp' 'icmp_ln36_15' <Predicate = true> <Delay = 0.88> <CoreInst = "Cmp">   --->   Core 9 'Cmp' <Latency = 0> <II = 1> <Delay = 0.84> <FuncUnit> <Opcode : 'icmp'> <InPorts = 2> <OutPorts = 1>
ST_4 : Operation 259 [1/1] (0.00ns)   --->   "%trunc_ln36_7 = trunc i9 %select_ln36_7" [src/fast.hpp:36]   --->   Operation 259 'trunc' 'trunc_ln36_7' <Predicate = true> <Delay = 0.00>
ST_4 : Operation 260 [1/1] (0.39ns)   --->   "%select_ln36_15 = select i1 %icmp_ln36_15, i8 %select_ln37_14, i8 %trunc_ln36_7" [src/fast.hpp:36]   --->   Operation 260 'select' 'select_ln36_15' <Predicate = true> <Delay = 0.39> <CoreInst = "Sel">   --->   Core 73 'Sel' <Latency = 0> <II = 1> <Delay = 0.39> <FuncUnit> <Opcode : 'select'> <InPorts = 3> <OutPorts = 1>
ST_4 : Operation 261 [1/1] (0.00ns)   --->   "%zext_ln37_7 = zext i8 %select_ln36_15" [src/fast.hpp:37]   --->   Operation 261 'zext' 'zext_ln37_7' <Predicate = true> <Delay = 0.00>
ST_4 : Operation 262 [1/1] (0.88ns)   --->   "%icmp_ln37_7 = icmp_slt  i9 %select_ln27_7, i9 %p_read814" [src/fast.hpp:37]   --->   Operation 262 'icmp' 'icmp_ln37_7' <Predicate = true> <Delay = 0.88> <CoreInst = "Cmp">   --->   Core 9 'Cmp' <Latency = 0> <II = 1> <Delay = 0.84> <FuncUnit> <Opcode : 'icmp'> <InPorts = 2> <OutPorts = 1>
ST_4 : Operation 263 [1/1] (0.39ns)   --->   "%select_ln37_7 = select i1 %icmp_ln37_7, i9 %select_ln27_7, i9 %p_read814" [src/fast.hpp:37]   --->   Operation 263 'select' 'select_ln37_7' <Predicate = true> <Delay = 0.39> <CoreInst = "Sel">   --->   Core 73 'Sel' <Latency = 0> <II = 1> <Delay = 0.39> <FuncUnit> <Opcode : 'select'> <InPorts = 3> <OutPorts = 1>
ST_4 : Operation 264 [1/1] (0.88ns)   --->   "%icmp_ln37_15 = icmp_sgt  i9 %zext_ln37_7, i9 %select_ln37_7" [src/fast.hpp:37]   --->   Operation 264 'icmp' 'icmp_ln37_15' <Predicate = true> <Delay = 0.88> <CoreInst = "Cmp">   --->   Core 9 'Cmp' <Latency = 0> <II = 1> <Delay = 0.84> <FuncUnit> <Opcode : 'icmp'> <InPorts = 2> <OutPorts = 1>
ST_4 : Operation 265 [1/1] (0.00ns)   --->   "%trunc_ln37_7 = trunc i9 %select_ln37_7" [src/fast.hpp:37]   --->   Operation 265 'trunc' 'trunc_ln37_7' <Predicate = true> <Delay = 0.00>
ST_4 : Operation 266 [1/1] (0.39ns)   --->   "%select_ln37_15 = select i1 %icmp_ln37_15, i8 %select_ln36_15, i8 %trunc_ln37_7" [src/fast.hpp:37]   --->   Operation 266 'select' 'select_ln37_15' <Predicate = true> <Delay = 0.39> <CoreInst = "Sel">   --->   Core 73 'Sel' <Latency = 0> <II = 1> <Delay = 0.39> <FuncUnit> <Opcode : 'select'> <InPorts = 3> <OutPorts = 1>
ST_4 : Operation 267 [1/1] (0.88ns)   --->   "%icmp_ln43_14 = icmp_slt  i9 %select_ln44_11, i9 %select_ln43_12" [src/fast.hpp:43]   --->   Operation 267 'icmp' 'icmp_ln43_14' <Predicate = true> <Delay = 0.88> <CoreInst = "Cmp">   --->   Core 9 'Cmp' <Latency = 0> <II = 1> <Delay = 0.84> <FuncUnit> <Opcode : 'icmp'> <InPorts = 2> <OutPorts = 1>
ST_4 : Operation 268 [1/1] (0.39ns)   --->   "%select_ln43_13 = select i1 %icmp_ln43_14, i9 %select_ln44_11, i9 %select_ln43_12" [src/fast.hpp:43]   --->   Operation 268 'select' 'select_ln43_13' <Predicate = true> <Delay = 0.39> <CoreInst = "Sel">   --->   Core 73 'Sel' <Latency = 0> <II = 1> <Delay = 0.39> <FuncUnit> <Opcode : 'select'> <InPorts = 3> <OutPorts = 1>
ST_4 : Operation 269 [1/1] (0.88ns)   --->   "%icmp_ln44_14 = icmp_slt  i9 %select_ln43_13, i9 %select_ln44_12" [src/fast.hpp:44]   --->   Operation 269 'icmp' 'icmp_ln44_14' <Predicate = true> <Delay = 0.88> <CoreInst = "Cmp">   --->   Core 9 'Cmp' <Latency = 0> <II = 1> <Delay = 0.84> <FuncUnit> <Opcode : 'icmp'> <InPorts = 2> <OutPorts = 1>
ST_4 : Operation 270 [1/1] (0.39ns)   --->   "%select_ln44_13 = select i1 %icmp_ln44_14, i9 %select_ln43_13, i9 %select_ln44_12" [src/fast.hpp:44]   --->   Operation 270 'select' 'select_ln44_13' <Predicate = true> <Delay = 0.39> <CoreInst = "Sel">   --->   Core 73 'Sel' <Latency = 0> <II = 1> <Delay = 0.39> <FuncUnit> <Opcode : 'select'> <InPorts = 3> <OutPorts = 1>
ST_4 : Operation 271 [1/1] (0.88ns)   --->   "%icmp_ln43_7 = icmp_sgt  i9 %select_ln28_7, i9 %p_read_8" [src/fast.hpp:43]   --->   Operation 271 'icmp' 'icmp_ln43_7' <Predicate = true> <Delay = 0.88> <CoreInst = "Cmp">   --->   Core 9 'Cmp' <Latency = 0> <II = 1> <Delay = 0.84> <FuncUnit> <Opcode : 'icmp'> <InPorts = 2> <OutPorts = 1>
ST_4 : Operation 272 [1/1] (0.39ns)   --->   "%select_ln43_14 = select i1 %icmp_ln43_7, i9 %select_ln28_7, i9 %p_read_8" [src/fast.hpp:43]   --->   Operation 272 'select' 'select_ln43_14' <Predicate = true> <Delay = 0.39> <CoreInst = "Sel">   --->   Core 73 'Sel' <Latency = 0> <II = 1> <Delay = 0.39> <FuncUnit> <Opcode : 'select'> <InPorts = 3> <OutPorts = 1>
ST_4 : Operation 273 [1/1] (0.88ns)   --->   "%icmp_ln43_15 = icmp_slt  i9 %select_ln44_13, i9 %select_ln43_14" [src/fast.hpp:43]   --->   Operation 273 'icmp' 'icmp_ln43_15' <Predicate = true> <Delay = 0.88> <CoreInst = "Cmp">   --->   Core 9 'Cmp' <Latency = 0> <II = 1> <Delay = 0.84> <FuncUnit> <Opcode : 'icmp'> <InPorts = 2> <OutPorts = 1>
ST_4 : Operation 274 [1/1] (0.39ns)   --->   "%select_ln43_15 = select i1 %icmp_ln43_15, i9 %select_ln44_13, i9 %select_ln43_14" [src/fast.hpp:43]   --->   Operation 274 'select' 'select_ln43_15' <Predicate = true> <Delay = 0.39> <CoreInst = "Sel">   --->   Core 73 'Sel' <Latency = 0> <II = 1> <Delay = 0.39> <FuncUnit> <Opcode : 'select'> <InPorts = 3> <OutPorts = 1>
ST_4 : Operation 275 [1/1] (0.88ns)   --->   "%icmp_ln44_7 = icmp_sgt  i9 %select_ln28_7, i9 %p_read814" [src/fast.hpp:44]   --->   Operation 275 'icmp' 'icmp_ln44_7' <Predicate = true> <Delay = 0.88> <CoreInst = "Cmp">   --->   Core 9 'Cmp' <Latency = 0> <II = 1> <Delay = 0.84> <FuncUnit> <Opcode : 'icmp'> <InPorts = 2> <OutPorts = 1>
ST_4 : Operation 276 [1/1] (0.39ns)   --->   "%select_ln44_14 = select i1 %icmp_ln44_7, i9 %select_ln28_7, i9 %p_read814" [src/fast.hpp:44]   --->   Operation 276 'select' 'select_ln44_14' <Predicate = true> <Delay = 0.39> <CoreInst = "Sel">   --->   Core 73 'Sel' <Latency = 0> <II = 1> <Delay = 0.39> <FuncUnit> <Opcode : 'select'> <InPorts = 3> <OutPorts = 1>
ST_4 : Operation 277 [1/1] (0.88ns)   --->   "%icmp_ln44_15 = icmp_slt  i9 %select_ln43_15, i9 %select_ln44_14" [src/fast.hpp:44]   --->   Operation 277 'icmp' 'icmp_ln44_15' <Predicate = true> <Delay = 0.88> <CoreInst = "Cmp">   --->   Core 9 'Cmp' <Latency = 0> <II = 1> <Delay = 0.84> <FuncUnit> <Opcode : 'icmp'> <InPorts = 2> <OutPorts = 1>
ST_4 : Operation 278 [1/1] (0.00ns) (grouped into LUT with out node sub_ln46)   --->   "%trunc_ln44 = trunc i9 %select_ln43_15" [src/fast.hpp:44]   --->   Operation 278 'trunc' 'trunc_ln44' <Predicate = true> <Delay = 0.00>
ST_4 : Operation 279 [1/1] (0.00ns) (grouped into LUT with out node sub_ln46)   --->   "%trunc_ln44_1 = trunc i9 %select_ln44_14" [src/fast.hpp:44]   --->   Operation 279 'trunc' 'trunc_ln44_1' <Predicate = true> <Delay = 0.00>
ST_4 : Operation 280 [1/1] (0.00ns) (grouped into LUT with out node sub_ln46)   --->   "%select_ln44_15 = select i1 %icmp_ln44_15, i8 %trunc_ln44, i8 %trunc_ln44_1" [src/fast.hpp:44]   --->   Operation 280 'select' 'select_ln44_15' <Predicate = true> <Delay = 0.00> <CoreInst = "Sel">   --->   Core 73 'Sel' <Latency = 0> <II = 1> <Delay = 0.39> <FuncUnit> <Opcode : 'select'> <InPorts = 3> <OutPorts = 1>
ST_4 : Operation 281 [1/1] (0.76ns) (out node of the LUT)   --->   "%sub_ln46 = sub i8 0, i8 %select_ln44_15" [src/fast.hpp:46]   --->   Operation 281 'sub' 'sub_ln46' <Predicate = true> <Delay = 0.76> <CoreInst = "Adder">   --->   Core 1 'Adder' <Latency = 0> <II = 1> <Delay = 0.76> <FuncUnit> <Opcode : 'add' 'sub'> <InPorts = 2> <OutPorts = 1>
ST_4 : Operation 282 [1/1] (0.84ns)   --->   "%icmp_ln46 = icmp_ugt  i8 %select_ln37_15, i8 %sub_ln46" [src/fast.hpp:46]   --->   Operation 282 'icmp' 'icmp_ln46' <Predicate = true> <Delay = 0.84> <CoreInst = "Cmp">   --->   Core 9 'Cmp' <Latency = 0> <II = 1> <Delay = 0.84> <FuncUnit> <Opcode : 'icmp'> <InPorts = 2> <OutPorts = 1>
ST_4 : Operation 283 [1/1] (0.00ns) (grouped into LUT with out node score_V)   --->   "%select_ln46 = select i1 %icmp_ln46, i8 %select_ln37_15, i8 %sub_ln46" [src/fast.hpp:46]   --->   Operation 283 'select' 'select_ln46' <Predicate = true> <Delay = 0.00> <CoreInst = "Sel">   --->   Core 73 'Sel' <Latency = 0> <II = 1> <Delay = 0.39> <FuncUnit> <Opcode : 'select'> <InPorts = 3> <OutPorts = 1>
ST_4 : Operation 284 [1/1] (0.76ns) (out node of the LUT)   --->   "%score_V = add i8 %select_ln46, i8 255"   --->   Operation 284 'add' 'score_V' <Predicate = true> <Delay = 0.76> <CoreInst = "Adder">   --->   Core 1 'Adder' <Latency = 0> <II = 1> <Delay = 0.76> <FuncUnit> <Opcode : 'add' 'sub'> <InPorts = 2> <OutPorts = 1>
ST_4 : Operation 285 [1/1] (0.00ns)   --->   "%ret_ln47 = ret i8 %score_V" [src/fast.hpp:47]   --->   Operation 285 'ret' 'ret_ln47' <Predicate = true> <Delay = 0.00>


============================================================
+ Verbose Summary: Binding
============================================================
STG Binding: 
---------------- STG Properties BEGIN ----------------
- Is combinational: 0
- Is one-state seq: 0
- Is datapath-only: 1
- Is pipelined: 1
- Is top level: 0
Port [ Return ] is wired: 1; IO mode=ap_ctrl_hs:ce=0
Port [ p_read1]:  wired=1; compound=0; hidden=0; nouse=0; global=0; static=0; extern=0; dir=0; type=0; pingpong=0; private_global=0; IO mode=ap_none:ce=0
Port [ p_read2]:  wired=1; compound=0; hidden=0; nouse=0; global=0; static=0; extern=0; dir=0; type=0; pingpong=0; private_global=0; IO mode=ap_none:ce=0
Port [ p_read3]:  wired=1; compound=0; hidden=0; nouse=0; global=0; static=0; extern=0; dir=0; type=0; pingpong=0; private_global=0; IO mode=ap_none:ce=0
Port [ p_read4]:  wired=1; compound=0; hidden=0; nouse=0; global=0; static=0; extern=0; dir=0; type=0; pingpong=0; private_global=0; IO mode=ap_none:ce=0
Port [ p_read5]:  wired=1; compound=0; hidden=0; nouse=0; global=0; static=0; extern=0; dir=0; type=0; pingpong=0; private_global=0; IO mode=ap_none:ce=0
Port [ p_read6]:  wired=1; compound=0; hidden=0; nouse=0; global=0; static=0; extern=0; dir=0; type=0; pingpong=0; private_global=0; IO mode=ap_none:ce=0
Port [ p_read7]:  wired=1; compound=0; hidden=0; nouse=0; global=0; static=0; extern=0; dir=0; type=0; pingpong=0; private_global=0; IO mode=ap_none:ce=0
Port [ p_read8]:  wired=1; compound=0; hidden=0; nouse=0; global=0; static=0; extern=0; dir=0; type=0; pingpong=0; private_global=0; IO mode=ap_none:ce=0
Port [ p_read9]:  wired=1; compound=0; hidden=0; nouse=0; global=0; static=0; extern=0; dir=0; type=0; pingpong=0; private_global=0; IO mode=ap_none:ce=0
Port [ p_read10]:  wired=1; compound=0; hidden=0; nouse=0; global=0; static=0; extern=0; dir=0; type=0; pingpong=0; private_global=0; IO mode=ap_none:ce=0
Port [ p_read11]:  wired=1; compound=0; hidden=0; nouse=0; global=0; static=0; extern=0; dir=0; type=0; pingpong=0; private_global=0; IO mode=ap_none:ce=0
Port [ p_read12]:  wired=1; compound=0; hidden=0; nouse=0; global=0; static=0; extern=0; dir=0; type=0; pingpong=0; private_global=0; IO mode=ap_none:ce=0
Port [ p_read13]:  wired=1; compound=0; hidden=0; nouse=0; global=0; static=0; extern=0; dir=0; type=0; pingpong=0; private_global=0; IO mode=ap_none:ce=0
Port [ p_read14]:  wired=1; compound=0; hidden=0; nouse=0; global=0; static=0; extern=0; dir=0; type=0; pingpong=0; private_global=0; IO mode=ap_none:ce=0
Port [ p_read15]:  wired=1; compound=0; hidden=0; nouse=0; global=0; static=0; extern=0; dir=0; type=0; pingpong=0; private_global=0; IO mode=ap_none:ce=0
Port [ p_read16]:  wired=1; compound=0; hidden=0; nouse=0; global=0; static=0; extern=0; dir=0; type=0; pingpong=0; private_global=0; IO mode=ap_none:ce=0
Port [ p_threshold]:  wired=1; compound=0; hidden=0; nouse=0; global=0; static=0; extern=0; dir=0; type=0; pingpong=0; private_global=0; IO mode=ap_none:ce=0
---------------- STG Properties END ------------------

---------------- Datapath Model BEGIN ----------------

<LifeTime>
<method=bitvector/>
p_threshold_read (read  ) [ 00000]
p_read           (read  ) [ 01100]
p_read_8         (read  ) [ 01111]
p_read_9         (read  ) [ 01100]
p_read_10        (read  ) [ 01110]
p_read_11        (read  ) [ 01100]
p_read_12        (read  ) [ 01110]
p_read_13        (read  ) [ 00000]
p_read_14        (read  ) [ 01110]
p_read814        (read  ) [ 01111]
p_read713        (read  ) [ 01100]
p_read612        (read  ) [ 01110]
p_read511        (read  ) [ 01100]
p_read410        (read  ) [ 01110]
p_read39         (read  ) [ 01100]
p_read28         (read  ) [ 01110]
p_read17         (read  ) [ 00000]
icmp_ln17        (icmp  ) [ 00000]
select_ln17      (select) [ 00000]
icmp_ln18        (icmp  ) [ 00000]
select_ln18      (select) [ 00000]
icmp_ln17_1      (icmp  ) [ 00000]
select_ln17_1    (select) [ 00000]
icmp_ln18_1      (icmp  ) [ 00000]
select_ln18_1    (select) [ 00000]
icmp_ln17_2      (icmp  ) [ 00000]
select_ln17_2    (select) [ 00000]
icmp_ln18_2      (icmp  ) [ 00000]
select_ln18_2    (select) [ 00000]
icmp_ln17_3      (icmp  ) [ 00000]
select_ln17_3    (select) [ 00000]
icmp_ln18_3      (icmp  ) [ 00000]
select_ln18_3    (select) [ 00000]
icmp_ln17_4      (icmp  ) [ 00000]
select_ln17_4    (select) [ 00000]
icmp_ln18_4      (icmp  ) [ 00000]
select_ln18_4    (select) [ 00000]
icmp_ln17_5      (icmp  ) [ 00000]
select_ln17_5    (select) [ 00000]
icmp_ln18_5      (icmp  ) [ 00000]
select_ln18_5    (select) [ 00000]
icmp_ln17_6      (icmp  ) [ 00000]
select_ln17_6    (select) [ 00000]
icmp_ln18_6      (icmp  ) [ 00000]
select_ln18_6    (select) [ 00000]
icmp_ln17_7      (icmp  ) [ 00000]
select_ln17_7    (select) [ 00000]
icmp_ln18_7      (icmp  ) [ 00000]
select_ln18_7    (select) [ 00000]
icmp_ln22        (icmp  ) [ 00000]
select_ln22      (select) [ 00000]
icmp_ln23        (icmp  ) [ 00000]
select_ln23      (select) [ 00000]
icmp_ln22_1      (icmp  ) [ 00000]
select_ln22_1    (select) [ 00000]
icmp_ln23_1      (icmp  ) [ 00000]
select_ln23_1    (select) [ 00000]
icmp_ln22_2      (icmp  ) [ 00000]
select_ln22_2    (select) [ 00000]
icmp_ln23_2      (icmp  ) [ 00000]
select_ln23_2    (select) [ 00000]
icmp_ln22_3      (icmp  ) [ 00000]
select_ln22_3    (select) [ 00000]
icmp_ln23_3      (icmp  ) [ 00000]
select_ln23_3    (select) [ 00000]
icmp_ln22_4      (icmp  ) [ 00000]
select_ln22_4    (select) [ 00000]
icmp_ln23_4      (icmp  ) [ 00000]
select_ln23_4    (select) [ 00000]
icmp_ln22_5      (icmp  ) [ 00000]
select_ln22_5    (select) [ 00000]
icmp_ln23_5      (icmp  ) [ 00000]
select_ln23_5    (select) [ 00000]
icmp_ln22_6      (icmp  ) [ 00000]
select_ln22_6    (select) [ 00000]
icmp_ln23_6      (icmp  ) [ 00000]
select_ln23_6    (select) [ 00000]
icmp_ln22_7      (icmp  ) [ 00000]
select_ln22_7    (select) [ 00000]
icmp_ln23_7      (icmp  ) [ 00000]
select_ln23_7    (select) [ 00000]
icmp_ln27        (icmp  ) [ 00000]
select_ln27      (select) [ 00000]
icmp_ln28        (icmp  ) [ 00000]
select_ln28      (select) [ 00000]
icmp_ln27_1      (icmp  ) [ 00000]
select_ln27_1    (select) [ 01100]
icmp_ln28_1      (icmp  ) [ 00000]
select_ln28_1    (select) [ 01100]
icmp_ln27_2      (icmp  ) [ 00000]
select_ln27_2    (select) [ 01100]
icmp_ln28_2      (icmp  ) [ 00000]
select_ln28_2    (select) [ 01100]
icmp_ln27_3      (icmp  ) [ 00000]
select_ln27_3    (select) [ 01100]
icmp_ln28_3      (icmp  ) [ 00000]
select_ln28_3    (select) [ 01100]
icmp_ln27_4      (icmp  ) [ 00000]
select_ln27_4    (select) [ 01110]
icmp_ln28_4      (icmp  ) [ 00000]
select_ln28_4    (select) [ 01110]
icmp_ln27_5      (icmp  ) [ 00000]
select_ln27_5    (select) [ 01110]
icmp_ln28_5      (icmp  ) [ 00000]
select_ln28_5    (select) [ 01110]
icmp_ln27_6      (icmp  ) [ 00000]
select_ln27_6    (select) [ 01110]
icmp_ln28_6      (icmp  ) [ 00000]
select_ln28_6    (select) [ 01110]
icmp_ln27_7      (icmp  ) [ 00000]
select_ln27_7    (select) [ 01111]
icmp_ln28_7      (icmp  ) [ 00000]
select_ln28_7    (select) [ 01111]
zext_ln36        (zext  ) [ 00000]
icmp_ln36        (icmp  ) [ 00000]
select_ln36      (select) [ 00000]
icmp_ln36_1      (icmp  ) [ 00000]
trunc_ln36       (trunc ) [ 00000]
select_ln36_8    (select) [ 01100]
zext_ln37        (zext  ) [ 00000]
icmp_ln37        (icmp  ) [ 00000]
select_ln37      (select) [ 00000]
icmp_ln37_1      (icmp  ) [ 01100]
trunc_ln37       (trunc ) [ 01100]
icmp_ln36_8      (icmp  ) [ 01100]
b0               (sub   ) [ 00000]
icmp_ln43        (icmp  ) [ 00000]
select_ln43      (select) [ 00000]
icmp_ln43_1      (icmp  ) [ 00000]
select_ln43_1    (select) [ 01100]
icmp_ln44        (icmp  ) [ 00000]
select_ln44      (select) [ 01100]
icmp_ln44_2      (icmp  ) [ 01100]
icmp_ln43_8      (icmp  ) [ 01100]
select_ln37_1    (select) [ 00000]
zext_ln36_1      (zext  ) [ 00000]
select_ln36_1    (select) [ 00000]
icmp_ln36_9      (icmp  ) [ 00000]
trunc_ln36_1     (trunc ) [ 00000]
select_ln36_9    (select) [ 00000]
zext_ln37_1      (zext  ) [ 00000]
icmp_ln37_8      (icmp  ) [ 00000]
select_ln37_8    (select) [ 00000]
icmp_ln37_9      (icmp  ) [ 00000]
trunc_ln37_1     (trunc ) [ 00000]
select_ln37_9    (select) [ 00000]
zext_ln36_2      (zext  ) [ 00000]
icmp_ln36_2      (icmp  ) [ 00000]
select_ln36_2    (select) [ 00000]
icmp_ln36_10     (icmp  ) [ 00000]
trunc_ln36_2     (trunc ) [ 00000]
select_ln36_10   (select) [ 00000]
zext_ln37_2      (zext  ) [ 00000]
icmp_ln37_2      (icmp  ) [ 00000]
select_ln37_2    (select) [ 00000]
icmp_ln37_10     (icmp  ) [ 00000]
trunc_ln37_2     (trunc ) [ 00000]
select_ln37_10   (select) [ 00000]
zext_ln36_3      (zext  ) [ 00000]
icmp_ln36_3      (icmp  ) [ 00000]
select_ln36_3    (select) [ 00000]
icmp_ln36_11     (icmp  ) [ 00000]
trunc_ln36_3     (trunc ) [ 00000]
select_ln36_11   (select) [ 01010]
icmp_ln37_3      (icmp  ) [ 00000]
select_ln37_3    (select) [ 01010]
trunc_ln37_3     (trunc ) [ 01010]
select_ln44_1    (select) [ 00000]
select_ln43_2    (select) [ 00000]
icmp_ln43_9      (icmp  ) [ 00000]
select_ln43_3    (select) [ 00000]
icmp_ln44_1      (icmp  ) [ 00000]
select_ln44_2    (select) [ 00000]
icmp_ln44_8      (icmp  ) [ 00000]
select_ln44_3    (select) [ 00000]
icmp_ln43_2      (icmp  ) [ 00000]
select_ln43_4    (select) [ 00000]
icmp_ln43_10     (icmp  ) [ 00000]
select_ln43_5    (select) [ 00000]
icmp_ln44_9      (icmp  ) [ 00000]
select_ln44_4    (select) [ 00000]
icmp_ln44_10     (icmp  ) [ 00000]
select_ln44_5    (select) [ 00000]
icmp_ln43_3      (icmp  ) [ 00000]
select_ln43_6    (select) [ 00000]
icmp_ln43_11     (icmp  ) [ 00000]
select_ln43_7    (select) [ 01010]
icmp_ln44_3      (icmp  ) [ 00000]
select_ln44_6    (select) [ 01010]
zext_ln37_3      (zext  ) [ 00000]
icmp_ln37_11     (icmp  ) [ 00000]
select_ln37_11   (select) [ 00000]
zext_ln36_4      (zext  ) [ 00000]
icmp_ln36_4      (icmp  ) [ 00000]
select_ln36_4    (select) [ 00000]
icmp_ln36_12     (icmp  ) [ 00000]
trunc_ln36_4     (trunc ) [ 00000]
select_ln36_12   (select) [ 00000]
zext_ln37_4      (zext  ) [ 00000]
icmp_ln37_4      (icmp  ) [ 00000]
select_ln37_4    (select) [ 00000]
icmp_ln37_12     (icmp  ) [ 00000]
trunc_ln37_4     (trunc ) [ 00000]
select_ln37_12   (select) [ 00000]
zext_ln36_5      (zext  ) [ 00000]
icmp_ln36_5      (icmp  ) [ 00000]
select_ln36_5    (select) [ 00000]
icmp_ln36_13     (icmp  ) [ 00000]
trunc_ln36_5     (trunc ) [ 00000]
select_ln36_13   (select) [ 00000]
zext_ln37_5      (zext  ) [ 00000]
icmp_ln37_5      (icmp  ) [ 00000]
select_ln37_5    (select) [ 00000]
icmp_ln37_13     (icmp  ) [ 00000]
trunc_ln37_5     (trunc ) [ 00000]
select_ln37_13   (select) [ 01001]
zext_ln36_6      (zext  ) [ 00000]
icmp_ln36_6      (icmp  ) [ 00000]
select_ln36_6    (select) [ 00000]
icmp_ln36_14     (icmp  ) [ 01001]
trunc_ln36_6     (trunc ) [ 01001]
icmp_ln37_6      (icmp  ) [ 00000]
select_ln37_6    (select) [ 01001]
trunc_ln37_6     (trunc ) [ 01001]
icmp_ln44_11     (icmp  ) [ 00000]
select_ln44_7    (select) [ 00000]
icmp_ln43_4      (icmp  ) [ 00000]
select_ln43_8    (select) [ 00000]
icmp_ln43_12     (icmp  ) [ 00000]
select_ln43_9    (select) [ 00000]
icmp_ln44_4      (icmp  ) [ 00000]
select_ln44_8    (select) [ 00000]
icmp_ln44_12     (icmp  ) [ 00000]
select_ln44_9    (select) [ 00000]
icmp_ln43_5      (icmp  ) [ 00000]
select_ln43_10   (select) [ 00000]
icmp_ln43_13     (icmp  ) [ 00000]
select_ln43_11   (select) [ 00000]
icmp_ln44_5      (icmp  ) [ 00000]
select_ln44_10   (select) [ 00000]
icmp_ln44_13     (icmp  ) [ 00000]
select_ln44_11   (select) [ 01001]
icmp_ln43_6      (icmp  ) [ 00000]
select_ln43_12   (select) [ 01001]
icmp_ln44_6      (icmp  ) [ 00000]
select_ln44_12   (select) [ 01001]
select_ln36_14   (select) [ 00000]
zext_ln37_6      (zext  ) [ 00000]
icmp_ln37_14     (icmp  ) [ 00000]
select_ln37_14   (select) [ 00000]
zext_ln36_7      (zext  ) [ 00000]
icmp_ln36_7      (icmp  ) [ 00000]
select_ln36_7    (select) [ 00000]
icmp_ln36_15     (icmp  ) [ 00000]
trunc_ln36_7     (trunc ) [ 00000]
select_ln36_15   (select) [ 00000]
zext_ln37_7      (zext  ) [ 00000]
icmp_ln37_7      (icmp  ) [ 00000]
select_ln37_7    (select) [ 00000]
icmp_ln37_15     (icmp  ) [ 00000]
trunc_ln37_7     (trunc ) [ 00000]
select_ln37_15   (select) [ 00000]
icmp_ln43_14     (icmp  ) [ 00000]
select_ln43_13   (select) [ 00000]
icmp_ln44_14     (icmp  ) [ 00000]
select_ln44_13   (select) [ 00000]
icmp_ln43_7      (icmp  ) [ 00000]
select_ln43_14   (select) [ 00000]
icmp_ln43_15     (icmp  ) [ 00000]
select_ln43_15   (select) [ 00000]
icmp_ln44_7      (icmp  ) [ 00000]
select_ln44_14   (select) [ 00000]
icmp_ln44_15     (icmp  ) [ 00000]
trunc_ln44       (trunc ) [ 00000]
trunc_ln44_1     (trunc ) [ 00000]
select_ln44_15   (select) [ 00000]
sub_ln46         (sub   ) [ 00000]
icmp_ln46        (icmp  ) [ 00000]
select_ln46      (select) [ 00000]
score_V          (add   ) [ 00000]
ret_ln47         (ret   ) [ 00000]
</LifeTime>

<model>

<comp_list>
<comp id="0" class="1000" name="p_read1">
<pin_list>
<pin id="1" dir="1" index="0" bw="1" slack="0"/>
</pin_list>
<bind>
<StgValue><ssdm name="p_read1"/></StgValue>
</bind>
</comp>

<comp id="2" class="1000" name="p_read2">
<pin_list>
<pin id="3" dir="1" index="0" bw="1" slack="0"/>
</pin_list>
<bind>
<StgValue><ssdm name="p_read2"/></StgValue>
</bind>
</comp>

<comp id="4" class="1000" name="p_read3">
<pin_list>
<pin id="5" dir="1" index="0" bw="1" slack="0"/>
</pin_list>
<bind>
<StgValue><ssdm name="p_read3"/></StgValue>
</bind>
</comp>

<comp id="6" class="1000" name="p_read4">
<pin_list>
<pin id="7" dir="1" index="0" bw="1" slack="0"/>
</pin_list>
<bind>
<StgValue><ssdm name="p_read4"/></StgValue>
</bind>
</comp>

<comp id="8" class="1000" name="p_read5">
<pin_list>
<pin id="9" dir="1" index="0" bw="1" slack="0"/>
</pin_list>
<bind>
<StgValue><ssdm name="p_read5"/></StgValue>
</bind>
</comp>

<comp id="10" class="1000" name="p_read6">
<pin_list>
<pin id="11" dir="1" index="0" bw="1" slack="0"/>
</pin_list>
<bind>
<StgValue><ssdm name="p_read6"/></StgValue>
</bind>
</comp>

<comp id="12" class="1000" name="p_read7">
<pin_list>
<pin id="13" dir="1" index="0" bw="1" slack="0"/>
</pin_list>
<bind>
<StgValue><ssdm name="p_read7"/></StgValue>
</bind>
</comp>

<comp id="14" class="1000" name="p_read8">
<pin_list>
<pin id="15" dir="1" index="0" bw="1" slack="0"/>
</pin_list>
<bind>
<StgValue><ssdm name="p_read8"/></StgValue>
</bind>
</comp>

<comp id="16" class="1000" name="p_read9">
<pin_list>
<pin id="17" dir="1" index="0" bw="1" slack="0"/>
</pin_list>
<bind>
<StgValue><ssdm name="p_read9"/></StgValue>
</bind>
</comp>

<comp id="18" class="1000" name="p_read10">
<pin_list>
<pin id="19" dir="1" index="0" bw="1" slack="0"/>
</pin_list>
<bind>
<StgValue><ssdm name="p_read10"/></StgValue>
</bind>
</comp>

<comp id="20" class="1000" name="p_read11">
<pin_list>
<pin id="21" dir="1" index="0" bw="1" slack="0"/>
</pin_list>
<bind>
<StgValue><ssdm name="p_read11"/></StgValue>
</bind>
</comp>

<comp id="22" class="1000" name="p_read12">
<pin_list>
<pin id="23" dir="1" index="0" bw="1" slack="0"/>
</pin_list>
<bind>
<StgValue><ssdm name="p_read12"/></StgValue>
</bind>
</comp>

<comp id="24" class="1000" name="p_read13">
<pin_list>
<pin id="25" dir="1" index="0" bw="1" slack="0"/>
</pin_list>
<bind>
<StgValue><ssdm name="p_read13"/></StgValue>
</bind>
</comp>

<comp id="26" class="1000" name="p_read14">
<pin_list>
<pin id="27" dir="1" index="0" bw="1" slack="0"/>
</pin_list>
<bind>
<StgValue><ssdm name="p_read14"/></StgValue>
</bind>
</comp>

<comp id="28" class="1000" name="p_read15">
<pin_list>
<pin id="29" dir="1" index="0" bw="1" slack="0"/>
</pin_list>
<bind>
<StgValue><ssdm name="p_read15"/></StgValue>
</bind>
</comp>

<comp id="30" class="1000" name="p_read16">
<pin_list>
<pin id="31" dir="1" index="0" bw="1" slack="0"/>
</pin_list>
<bind>
<StgValue><ssdm name="p_read16"/></StgValue>
</bind>
</comp>

<comp id="32" class="1000" name="p_threshold">
<pin_list>
<pin id="33" dir="1" index="0" bw="1" slack="0"/>
</pin_list>
<bind>
<StgValue><ssdm name="p_threshold"/></StgValue>
</bind>
</comp>

<comp id="34" class="1001" name="const_34">
<pin_list>
<pin id="35" dir="1" index="0" bw="1" slack="0"/>
</pin_list>
<bind>
<StgValue><ssdm name="_ssdm_op_Read.ap_auto.i8"/></StgValue>
</bind>
</comp>

<comp id="36" class="1001" name="const_36">
<pin_list>
<pin id="37" dir="1" index="0" bw="1" slack="0"/>
</pin_list>
<bind>
<StgValue><ssdm name="_ssdm_op_Read.ap_auto.i9"/></StgValue>
</bind>
</comp>

<comp id="38" class="1001" name="const_38">
<pin_list>
<pin id="39" dir="1" index="0" bw="1" slack="0"/>
</pin_list>
<bind>
<StgValue><ssdm name=""/></StgValue>
</bind>
</comp>

<comp id="40" class="1001" name="const_40">
<pin_list>
<pin id="41" dir="1" index="0" bw="1" slack="0"/>
</pin_list>
<bind>
<StgValue><ssdm name=""/></StgValue>
</bind>
</comp>

<comp id="42" class="1001" name="const_42">
<pin_list>
<pin id="43" dir="1" index="0" bw="1" slack="0"/>
</pin_list>
<bind>
<StgValue><ssdm name=""/></StgValue>
</bind>
</comp>

<comp id="44" class="1004" name="p_threshold_read_read_fu_44">
<pin_list>
<pin id="45" dir="0" index="0" bw="8" slack="0"/>
<pin id="46" dir="0" index="1" bw="8" slack="0"/>
<pin id="47" dir="1" index="2" bw="8" slack="0"/>
</pin_list>
<bind>
<opcode="read(1150) " fcode="read"/>
<opset="p_threshold_read/1 "/>
</bind>
</comp>

<comp id="50" class="1004" name="p_read_read_fu_50">
<pin_list>
<pin id="51" dir="0" index="0" bw="9" slack="0"/>
<pin id="52" dir="0" index="1" bw="9" slack="0"/>
<pin id="53" dir="1" index="2" bw="9" slack="0"/>
</pin_list>
<bind>
<opcode="read(1150) " fcode="read"/>
<opset="p_read/1 "/>
</bind>
</comp>

<comp id="56" class="1004" name="p_read_8_read_fu_56">
<pin_list>
<pin id="57" dir="0" index="0" bw="9" slack="0"/>
<pin id="58" dir="0" index="1" bw="9" slack="0"/>
<pin id="59" dir="1" index="2" bw="9" slack="0"/>
</pin_list>
<bind>
<opcode="read(1150) " fcode="read"/>
<opset="p_read_8/1 "/>
</bind>
</comp>

<comp id="62" class="1004" name="p_read_9_read_fu_62">
<pin_list>
<pin id="63" dir="0" index="0" bw="9" slack="0"/>
<pin id="64" dir="0" index="1" bw="9" slack="0"/>
<pin id="65" dir="1" index="2" bw="9" slack="0"/>
</pin_list>
<bind>
<opcode="read(1150) " fcode="read"/>
<opset="p_read_9/1 "/>
</bind>
</comp>

<comp id="68" class="1004" name="p_read_10_read_fu_68">
<pin_list>
<pin id="69" dir="0" index="0" bw="9" slack="0"/>
<pin id="70" dir="0" index="1" bw="9" slack="0"/>
<pin id="71" dir="1" index="2" bw="9" slack="0"/>
</pin_list>
<bind>
<opcode="read(1150) " fcode="read"/>
<opset="p_read_10/1 "/>
</bind>
</comp>

<comp id="74" class="1004" name="p_read_11_read_fu_74">
<pin_list>
<pin id="75" dir="0" index="0" bw="9" slack="0"/>
<pin id="76" dir="0" index="1" bw="9" slack="0"/>
<pin id="77" dir="1" index="2" bw="9" slack="0"/>
</pin_list>
<bind>
<opcode="read(1150) " fcode="read"/>
<opset="p_read_11/1 "/>
</bind>
</comp>

<comp id="80" class="1004" name="p_read_12_read_fu_80">
<pin_list>
<pin id="81" dir="0" index="0" bw="9" slack="0"/>
<pin id="82" dir="0" index="1" bw="9" slack="0"/>
<pin id="83" dir="1" index="2" bw="9" slack="0"/>
</pin_list>
<bind>
<opcode="read(1150) " fcode="read"/>
<opset="p_read_12/1 "/>
</bind>
</comp>

<comp id="86" class="1004" name="p_read_13_read_fu_86">
<pin_list>
<pin id="87" dir="0" index="0" bw="9" slack="0"/>
<pin id="88" dir="0" index="1" bw="9" slack="0"/>
<pin id="89" dir="1" index="2" bw="9" slack="0"/>
</pin_list>
<bind>
<opcode="read(1150) " fcode="read"/>
<opset="p_read_13/1 "/>
</bind>
</comp>

<comp id="92" class="1004" name="p_read_14_read_fu_92">
<pin_list>
<pin id="93" dir="0" index="0" bw="9" slack="0"/>
<pin id="94" dir="0" index="1" bw="9" slack="0"/>
<pin id="95" dir="1" index="2" bw="9" slack="0"/>
</pin_list>
<bind>
<opcode="read(1150) " fcode="read"/>
<opset="p_read_14/1 "/>
</bind>
</comp>

<comp id="98" class="1004" name="p_read814_read_fu_98">
<pin_list>
<pin id="99" dir="0" index="0" bw="9" slack="0"/>
<pin id="100" dir="0" index="1" bw="9" slack="0"/>
<pin id="101" dir="1" index="2" bw="9" slack="0"/>
</pin_list>
<bind>
<opcode="read(1150) " fcode="read"/>
<opset="p_read814/1 "/>
</bind>
</comp>

<comp id="104" class="1004" name="p_read713_read_fu_104">
<pin_list>
<pin id="105" dir="0" index="0" bw="9" slack="0"/>
<pin id="106" dir="0" index="1" bw="9" slack="0"/>
<pin id="107" dir="1" index="2" bw="9" slack="0"/>
</pin_list>
<bind>
<opcode="read(1150) " fcode="read"/>
<opset="p_read713/1 "/>
</bind>
</comp>

<comp id="110" class="1004" name="p_read612_read_fu_110">
<pin_list>
<pin id="111" dir="0" index="0" bw="9" slack="0"/>
<pin id="112" dir="0" index="1" bw="9" slack="0"/>
<pin id="113" dir="1" index="2" bw="9" slack="0"/>
</pin_list>
<bind>
<opcode="read(1150) " fcode="read"/>
<opset="p_read612/1 "/>
</bind>
</comp>

<comp id="116" class="1004" name="p_read511_read_fu_116">
<pin_list>
<pin id="117" dir="0" index="0" bw="9" slack="0"/>
<pin id="118" dir="0" index="1" bw="9" slack="0"/>
<pin id="119" dir="1" index="2" bw="9" slack="0"/>
</pin_list>
<bind>
<opcode="read(1150) " fcode="read"/>
<opset="p_read511/1 "/>
</bind>
</comp>

<comp id="122" class="1004" name="p_read410_read_fu_122">
<pin_list>
<pin id="123" dir="0" index="0" bw="9" slack="0"/>
<pin id="124" dir="0" index="1" bw="9" slack="0"/>
<pin id="125" dir="1" index="2" bw="9" slack="0"/>
</pin_list>
<bind>
<opcode="read(1150) " fcode="read"/>
<opset="p_read410/1 "/>
</bind>
</comp>

<comp id="128" class="1004" name="p_read39_read_fu_128">
<pin_list>
<pin id="129" dir="0" index="0" bw="9" slack="0"/>
<pin id="130" dir="0" index="1" bw="9" slack="0"/>
<pin id="131" dir="1" index="2" bw="9" slack="0"/>
</pin_list>
<bind>
<opcode="read(1150) " fcode="read"/>
<opset="p_read39/1 "/>
</bind>
</comp>

<comp id="134" class="1004" name="p_read28_read_fu_134">
<pin_list>
<pin id="135" dir="0" index="0" bw="9" slack="0"/>
<pin id="136" dir="0" index="1" bw="9" slack="0"/>
<pin id="137" dir="1" index="2" bw="9" slack="0"/>
</pin_list>
<bind>
<opcode="read(1150) " fcode="read"/>
<opset="p_read28/1 "/>
</bind>
</comp>

<comp id="140" class="1004" name="p_read17_read_fu_140">
<pin_list>
<pin id="141" dir="0" index="0" bw="9" slack="0"/>
<pin id="142" dir="0" index="1" bw="9" slack="0"/>
<pin id="143" dir="1" index="2" bw="9" slack="0"/>
</pin_list>
<bind>
<opcode="read(1150) " fcode="read"/>
<opset="p_read17/1 "/>
</bind>
</comp>

<comp id="146" class="1004" name="icmp_ln17_fu_146">
<pin_list>
<pin id="147" dir="0" index="0" bw="9" slack="0"/>
<pin id="148" dir="0" index="1" bw="9" slack="0"/>
<pin id="149" dir="1" index="2" bw="1" slack="0"/>
</pin_list>
<bind>
<opcode="icmp(45) " fcode="icmp"/>
<opset="icmp_ln17/1 "/>
</bind>
</comp>

<comp id="152" class="1004" name="select_ln17_fu_152">
<pin_list>
<pin id="153" dir="0" index="0" bw="1" slack="0"/>
<pin id="154" dir="0" index="1" bw="9" slack="0"/>
<pin id="155" dir="0" index="2" bw="9" slack="0"/>
<pin id="156" dir="1" index="3" bw="9" slack="0"/>
</pin_list>
<bind>
<opcode="select(49) " fcode="select"/>
<opset="select_ln17/1 "/>
</bind>
</comp>

<comp id="160" class="1004" name="icmp_ln18_fu_160">
<pin_list>
<pin id="161" dir="0" index="0" bw="9" slack="0"/>
<pin id="162" dir="0" index="1" bw="9" slack="0"/>
<pin id="163" dir="1" index="2" bw="1" slack="0"/>
</pin_list>
<bind>
<opcode="icmp(45) " fcode="icmp"/>
<opset="icmp_ln18/1 "/>
</bind>
</comp>

<comp id="166" class="1004" name="select_ln18_fu_166">
<pin_list>
<pin id="167" dir="0" index="0" bw="1" slack="0"/>
<pin id="168" dir="0" index="1" bw="9" slack="0"/>
<pin id="169" dir="0" index="2" bw="9" slack="0"/>
<pin id="170" dir="1" index="3" bw="9" slack="0"/>
</pin_list>
<bind>
<opcode="select(49) " fcode="select"/>
<opset="select_ln18/1 "/>
</bind>
</comp>

<comp id="174" class="1004" name="icmp_ln17_1_fu_174">
<pin_list>
<pin id="175" dir="0" index="0" bw="9" slack="0"/>
<pin id="176" dir="0" index="1" bw="9" slack="0"/>
<pin id="177" dir="1" index="2" bw="1" slack="0"/>
</pin_list>
<bind>
<opcode="icmp(45) " fcode="icmp"/>
<opset="icmp_ln17_1/1 "/>
</bind>
</comp>

<comp id="180" class="1004" name="select_ln17_1_fu_180">
<pin_list>
<pin id="181" dir="0" index="0" bw="1" slack="0"/>
<pin id="182" dir="0" index="1" bw="9" slack="0"/>
<pin id="183" dir="0" index="2" bw="9" slack="0"/>
<pin id="184" dir="1" index="3" bw="9" slack="0"/>
</pin_list>
<bind>
<opcode="select(49) " fcode="select"/>
<opset="select_ln17_1/1 "/>
</bind>
</comp>

<comp id="188" class="1004" name="icmp_ln18_1_fu_188">
<pin_list>
<pin id="189" dir="0" index="0" bw="9" slack="0"/>
<pin id="190" dir="0" index="1" bw="9" slack="0"/>
<pin id="191" dir="1" index="2" bw="1" slack="0"/>
</pin_list>
<bind>
<opcode="icmp(45) " fcode="icmp"/>
<opset="icmp_ln18_1/1 "/>
</bind>
</comp>

<comp id="194" class="1004" name="select_ln18_1_fu_194">
<pin_list>
<pin id="195" dir="0" index="0" bw="1" slack="0"/>
<pin id="196" dir="0" index="1" bw="9" slack="0"/>
<pin id="197" dir="0" index="2" bw="9" slack="0"/>
<pin id="198" dir="1" index="3" bw="9" slack="0"/>
</pin_list>
<bind>
<opcode="select(49) " fcode="select"/>
<opset="select_ln18_1/1 "/>
</bind>
</comp>

<comp id="202" class="1004" name="icmp_ln17_2_fu_202">
<pin_list>
<pin id="203" dir="0" index="0" bw="9" slack="0"/>
<pin id="204" dir="0" index="1" bw="9" slack="0"/>
<pin id="205" dir="1" index="2" bw="1" slack="0"/>
</pin_list>
<bind>
<opcode="icmp(45) " fcode="icmp"/>
<opset="icmp_ln17_2/1 "/>
</bind>
</comp>

<comp id="208" class="1004" name="select_ln17_2_fu_208">
<pin_list>
<pin id="209" dir="0" index="0" bw="1" slack="0"/>
<pin id="210" dir="0" index="1" bw="9" slack="0"/>
<pin id="211" dir="0" index="2" bw="9" slack="0"/>
<pin id="212" dir="1" index="3" bw="9" slack="0"/>
</pin_list>
<bind>
<opcode="select(49) " fcode="select"/>
<opset="select_ln17_2/1 "/>
</bind>
</comp>

<comp id="216" class="1004" name="icmp_ln18_2_fu_216">
<pin_list>
<pin id="217" dir="0" index="0" bw="9" slack="0"/>
<pin id="218" dir="0" index="1" bw="9" slack="0"/>
<pin id="219" dir="1" index="2" bw="1" slack="0"/>
</pin_list>
<bind>
<opcode="icmp(45) " fcode="icmp"/>
<opset="icmp_ln18_2/1 "/>
</bind>
</comp>

<comp id="222" class="1004" name="select_ln18_2_fu_222">
<pin_list>
<pin id="223" dir="0" index="0" bw="1" slack="0"/>
<pin id="224" dir="0" index="1" bw="9" slack="0"/>
<pin id="225" dir="0" index="2" bw="9" slack="0"/>
<pin id="226" dir="1" index="3" bw="9" slack="0"/>
</pin_list>
<bind>
<opcode="select(49) " fcode="select"/>
<opset="select_ln18_2/1 "/>
</bind>
</comp>

<comp id="230" class="1004" name="icmp_ln17_3_fu_230">
<pin_list>
<pin id="231" dir="0" index="0" bw="9" slack="0"/>
<pin id="232" dir="0" index="1" bw="9" slack="0"/>
<pin id="233" dir="1" index="2" bw="1" slack="0"/>
</pin_list>
<bind>
<opcode="icmp(45) " fcode="icmp"/>
<opset="icmp_ln17_3/1 "/>
</bind>
</comp>

<comp id="236" class="1004" name="select_ln17_3_fu_236">
<pin_list>
<pin id="237" dir="0" index="0" bw="1" slack="0"/>
<pin id="238" dir="0" index="1" bw="9" slack="0"/>
<pin id="239" dir="0" index="2" bw="9" slack="0"/>
<pin id="240" dir="1" index="3" bw="9" slack="0"/>
</pin_list>
<bind>
<opcode="select(49) " fcode="select"/>
<opset="select_ln17_3/1 "/>
</bind>
</comp>

<comp id="244" class="1004" name="icmp_ln18_3_fu_244">
<pin_list>
<pin id="245" dir="0" index="0" bw="9" slack="0"/>
<pin id="246" dir="0" index="1" bw="9" slack="0"/>
<pin id="247" dir="1" index="2" bw="1" slack="0"/>
</pin_list>
<bind>
<opcode="icmp(45) " fcode="icmp"/>
<opset="icmp_ln18_3/1 "/>
</bind>
</comp>

<comp id="250" class="1004" name="select_ln18_3_fu_250">
<pin_list>
<pin id="251" dir="0" index="0" bw="1" slack="0"/>
<pin id="252" dir="0" index="1" bw="9" slack="0"/>
<pin id="253" dir="0" index="2" bw="9" slack="0"/>
<pin id="254" dir="1" index="3" bw="9" slack="0"/>
</pin_list>
<bind>
<opcode="select(49) " fcode="select"/>
<opset="select_ln18_3/1 "/>
</bind>
</comp>

<comp id="258" class="1004" name="icmp_ln17_4_fu_258">
<pin_list>
<pin id="259" dir="0" index="0" bw="9" slack="0"/>
<pin id="260" dir="0" index="1" bw="9" slack="0"/>
<pin id="261" dir="1" index="2" bw="1" slack="0"/>
</pin_list>
<bind>
<opcode="icmp(45) " fcode="icmp"/>
<opset="icmp_ln17_4/1 "/>
</bind>
</comp>

<comp id="264" class="1004" name="select_ln17_4_fu_264">
<pin_list>
<pin id="265" dir="0" index="0" bw="1" slack="0"/>
<pin id="266" dir="0" index="1" bw="9" slack="0"/>
<pin id="267" dir="0" index="2" bw="9" slack="0"/>
<pin id="268" dir="1" index="3" bw="9" slack="0"/>
</pin_list>
<bind>
<opcode="select(49) " fcode="select"/>
<opset="select_ln17_4/1 "/>
</bind>
</comp>

<comp id="272" class="1004" name="icmp_ln18_4_fu_272">
<pin_list>
<pin id="273" dir="0" index="0" bw="9" slack="0"/>
<pin id="274" dir="0" index="1" bw="9" slack="0"/>
<pin id="275" dir="1" index="2" bw="1" slack="0"/>
</pin_list>
<bind>
<opcode="icmp(45) " fcode="icmp"/>
<opset="icmp_ln18_4/1 "/>
</bind>
</comp>

<comp id="278" class="1004" name="select_ln18_4_fu_278">
<pin_list>
<pin id="279" dir="0" index="0" bw="1" slack="0"/>
<pin id="280" dir="0" index="1" bw="9" slack="0"/>
<pin id="281" dir="0" index="2" bw="9" slack="0"/>
<pin id="282" dir="1" index="3" bw="9" slack="0"/>
</pin_list>
<bind>
<opcode="select(49) " fcode="select"/>
<opset="select_ln18_4/1 "/>
</bind>
</comp>

<comp id="286" class="1004" name="icmp_ln17_5_fu_286">
<pin_list>
<pin id="287" dir="0" index="0" bw="9" slack="0"/>
<pin id="288" dir="0" index="1" bw="9" slack="0"/>
<pin id="289" dir="1" index="2" bw="1" slack="0"/>
</pin_list>
<bind>
<opcode="icmp(45) " fcode="icmp"/>
<opset="icmp_ln17_5/1 "/>
</bind>
</comp>

<comp id="292" class="1004" name="select_ln17_5_fu_292">
<pin_list>
<pin id="293" dir="0" index="0" bw="1" slack="0"/>
<pin id="294" dir="0" index="1" bw="9" slack="0"/>
<pin id="295" dir="0" index="2" bw="9" slack="0"/>
<pin id="296" dir="1" index="3" bw="9" slack="0"/>
</pin_list>
<bind>
<opcode="select(49) " fcode="select"/>
<opset="select_ln17_5/1 "/>
</bind>
</comp>

<comp id="300" class="1004" name="icmp_ln18_5_fu_300">
<pin_list>
<pin id="301" dir="0" index="0" bw="9" slack="0"/>
<pin id="302" dir="0" index="1" bw="9" slack="0"/>
<pin id="303" dir="1" index="2" bw="1" slack="0"/>
</pin_list>
<bind>
<opcode="icmp(45) " fcode="icmp"/>
<opset="icmp_ln18_5/1 "/>
</bind>
</comp>

<comp id="306" class="1004" name="select_ln18_5_fu_306">
<pin_list>
<pin id="307" dir="0" index="0" bw="1" slack="0"/>
<pin id="308" dir="0" index="1" bw="9" slack="0"/>
<pin id="309" dir="0" index="2" bw="9" slack="0"/>
<pin id="310" dir="1" index="3" bw="9" slack="0"/>
</pin_list>
<bind>
<opcode="select(49) " fcode="select"/>
<opset="select_ln18_5/1 "/>
</bind>
</comp>

<comp id="314" class="1004" name="icmp_ln17_6_fu_314">
<pin_list>
<pin id="315" dir="0" index="0" bw="9" slack="0"/>
<pin id="316" dir="0" index="1" bw="9" slack="0"/>
<pin id="317" dir="1" index="2" bw="1" slack="0"/>
</pin_list>
<bind>
<opcode="icmp(45) " fcode="icmp"/>
<opset="icmp_ln17_6/1 "/>
</bind>
</comp>

<comp id="320" class="1004" name="select_ln17_6_fu_320">
<pin_list>
<pin id="321" dir="0" index="0" bw="1" slack="0"/>
<pin id="322" dir="0" index="1" bw="9" slack="0"/>
<pin id="323" dir="0" index="2" bw="9" slack="0"/>
<pin id="324" dir="1" index="3" bw="9" slack="0"/>
</pin_list>
<bind>
<opcode="select(49) " fcode="select"/>
<opset="select_ln17_6/1 "/>
</bind>
</comp>

<comp id="328" class="1004" name="icmp_ln18_6_fu_328">
<pin_list>
<pin id="329" dir="0" index="0" bw="9" slack="0"/>
<pin id="330" dir="0" index="1" bw="9" slack="0"/>
<pin id="331" dir="1" index="2" bw="1" slack="0"/>
</pin_list>
<bind>
<opcode="icmp(45) " fcode="icmp"/>
<opset="icmp_ln18_6/1 "/>
</bind>
</comp>

<comp id="334" class="1004" name="select_ln18_6_fu_334">
<pin_list>
<pin id="335" dir="0" index="0" bw="1" slack="0"/>
<pin id="336" dir="0" index="1" bw="9" slack="0"/>
<pin id="337" dir="0" index="2" bw="9" slack="0"/>
<pin id="338" dir="1" index="3" bw="9" slack="0"/>
</pin_list>
<bind>
<opcode="select(49) " fcode="select"/>
<opset="select_ln18_6/1 "/>
</bind>
</comp>

<comp id="342" class="1004" name="icmp_ln17_7_fu_342">
<pin_list>
<pin id="343" dir="0" index="0" bw="9" slack="0"/>
<pin id="344" dir="0" index="1" bw="9" slack="0"/>
<pin id="345" dir="1" index="2" bw="1" slack="0"/>
</pin_list>
<bind>
<opcode="icmp(45) " fcode="icmp"/>
<opset="icmp_ln17_7/1 "/>
</bind>
</comp>

<comp id="348" class="1004" name="select_ln17_7_fu_348">
<pin_list>
<pin id="349" dir="0" index="0" bw="1" slack="0"/>
<pin id="350" dir="0" index="1" bw="9" slack="0"/>
<pin id="351" dir="0" index="2" bw="9" slack="0"/>
<pin id="352" dir="1" index="3" bw="9" slack="0"/>
</pin_list>
<bind>
<opcode="select(49) " fcode="select"/>
<opset="select_ln17_7/1 "/>
</bind>
</comp>

<comp id="356" class="1004" name="icmp_ln18_7_fu_356">
<pin_list>
<pin id="357" dir="0" index="0" bw="9" slack="0"/>
<pin id="358" dir="0" index="1" bw="9" slack="0"/>
<pin id="359" dir="1" index="2" bw="1" slack="0"/>
</pin_list>
<bind>
<opcode="icmp(45) " fcode="icmp"/>
<opset="icmp_ln18_7/1 "/>
</bind>
</comp>

<comp id="362" class="1004" name="select_ln18_7_fu_362">
<pin_list>
<pin id="363" dir="0" index="0" bw="1" slack="0"/>
<pin id="364" dir="0" index="1" bw="9" slack="0"/>
<pin id="365" dir="0" index="2" bw="9" slack="0"/>
<pin id="366" dir="1" index="3" bw="9" slack="0"/>
</pin_list>
<bind>
<opcode="select(49) " fcode="select"/>
<opset="select_ln18_7/1 "/>
</bind>
</comp>

<comp id="370" class="1004" name="icmp_ln22_fu_370">
<pin_list>
<pin id="371" dir="0" index="0" bw="9" slack="0"/>
<pin id="372" dir="0" index="1" bw="9" slack="0"/>
<pin id="373" dir="1" index="2" bw="1" slack="0"/>
</pin_list>
<bind>
<opcode="icmp(45) " fcode="icmp"/>
<opset="icmp_ln22/1 "/>
</bind>
</comp>

<comp id="376" class="1004" name="select_ln22_fu_376">
<pin_list>
<pin id="377" dir="0" index="0" bw="1" slack="0"/>
<pin id="378" dir="0" index="1" bw="9" slack="0"/>
<pin id="379" dir="0" index="2" bw="9" slack="0"/>
<pin id="380" dir="1" index="3" bw="9" slack="0"/>
</pin_list>
<bind>
<opcode="select(49) " fcode="select"/>
<opset="select_ln22/1 "/>
</bind>
</comp>

<comp id="384" class="1004" name="icmp_ln23_fu_384">
<pin_list>
<pin id="385" dir="0" index="0" bw="9" slack="0"/>
<pin id="386" dir="0" index="1" bw="9" slack="0"/>
<pin id="387" dir="1" index="2" bw="1" slack="0"/>
</pin_list>
<bind>
<opcode="icmp(45) " fcode="icmp"/>
<opset="icmp_ln23/1 "/>
</bind>
</comp>

<comp id="390" class="1004" name="select_ln23_fu_390">
<pin_list>
<pin id="391" dir="0" index="0" bw="1" slack="0"/>
<pin id="392" dir="0" index="1" bw="9" slack="0"/>
<pin id="393" dir="0" index="2" bw="9" slack="0"/>
<pin id="394" dir="1" index="3" bw="9" slack="0"/>
</pin_list>
<bind>
<opcode="select(49) " fcode="select"/>
<opset="select_ln23/1 "/>
</bind>
</comp>

<comp id="398" class="1004" name="icmp_ln22_1_fu_398">
<pin_list>
<pin id="399" dir="0" index="0" bw="9" slack="0"/>
<pin id="400" dir="0" index="1" bw="9" slack="0"/>
<pin id="401" dir="1" index="2" bw="1" slack="0"/>
</pin_list>
<bind>
<opcode="icmp(45) " fcode="icmp"/>
<opset="icmp_ln22_1/1 "/>
</bind>
</comp>

<comp id="404" class="1004" name="select_ln22_1_fu_404">
<pin_list>
<pin id="405" dir="0" index="0" bw="1" slack="0"/>
<pin id="406" dir="0" index="1" bw="9" slack="0"/>
<pin id="407" dir="0" index="2" bw="9" slack="0"/>
<pin id="408" dir="1" index="3" bw="9" slack="0"/>
</pin_list>
<bind>
<opcode="select(49) " fcode="select"/>
<opset="select_ln22_1/1 "/>
</bind>
</comp>

<comp id="412" class="1004" name="icmp_ln23_1_fu_412">
<pin_list>
<pin id="413" dir="0" index="0" bw="9" slack="0"/>
<pin id="414" dir="0" index="1" bw="9" slack="0"/>
<pin id="415" dir="1" index="2" bw="1" slack="0"/>
</pin_list>
<bind>
<opcode="icmp(45) " fcode="icmp"/>
<opset="icmp_ln23_1/1 "/>
</bind>
</comp>

<comp id="418" class="1004" name="select_ln23_1_fu_418">
<pin_list>
<pin id="419" dir="0" index="0" bw="1" slack="0"/>
<pin id="420" dir="0" index="1" bw="9" slack="0"/>
<pin id="421" dir="0" index="2" bw="9" slack="0"/>
<pin id="422" dir="1" index="3" bw="9" slack="0"/>
</pin_list>
<bind>
<opcode="select(49) " fcode="select"/>
<opset="select_ln23_1/1 "/>
</bind>
</comp>

<comp id="426" class="1004" name="icmp_ln22_2_fu_426">
<pin_list>
<pin id="427" dir="0" index="0" bw="9" slack="0"/>
<pin id="428" dir="0" index="1" bw="9" slack="0"/>
<pin id="429" dir="1" index="2" bw="1" slack="0"/>
</pin_list>
<bind>
<opcode="icmp(45) " fcode="icmp"/>
<opset="icmp_ln22_2/1 "/>
</bind>
</comp>

<comp id="432" class="1004" name="select_ln22_2_fu_432">
<pin_list>
<pin id="433" dir="0" index="0" bw="1" slack="0"/>
<pin id="434" dir="0" index="1" bw="9" slack="0"/>
<pin id="435" dir="0" index="2" bw="9" slack="0"/>
<pin id="436" dir="1" index="3" bw="9" slack="0"/>
</pin_list>
<bind>
<opcode="select(49) " fcode="select"/>
<opset="select_ln22_2/1 "/>
</bind>
</comp>

<comp id="440" class="1004" name="icmp_ln23_2_fu_440">
<pin_list>
<pin id="441" dir="0" index="0" bw="9" slack="0"/>
<pin id="442" dir="0" index="1" bw="9" slack="0"/>
<pin id="443" dir="1" index="2" bw="1" slack="0"/>
</pin_list>
<bind>
<opcode="icmp(45) " fcode="icmp"/>
<opset="icmp_ln23_2/1 "/>
</bind>
</comp>

<comp id="446" class="1004" name="select_ln23_2_fu_446">
<pin_list>
<pin id="447" dir="0" index="0" bw="1" slack="0"/>
<pin id="448" dir="0" index="1" bw="9" slack="0"/>
<pin id="449" dir="0" index="2" bw="9" slack="0"/>
<pin id="450" dir="1" index="3" bw="9" slack="0"/>
</pin_list>
<bind>
<opcode="select(49) " fcode="select"/>
<opset="select_ln23_2/1 "/>
</bind>
</comp>

<comp id="454" class="1004" name="icmp_ln22_3_fu_454">
<pin_list>
<pin id="455" dir="0" index="0" bw="9" slack="0"/>
<pin id="456" dir="0" index="1" bw="9" slack="0"/>
<pin id="457" dir="1" index="2" bw="1" slack="0"/>
</pin_list>
<bind>
<opcode="icmp(45) " fcode="icmp"/>
<opset="icmp_ln22_3/1 "/>
</bind>
</comp>

<comp id="460" class="1004" name="select_ln22_3_fu_460">
<pin_list>
<pin id="461" dir="0" index="0" bw="1" slack="0"/>
<pin id="462" dir="0" index="1" bw="9" slack="0"/>
<pin id="463" dir="0" index="2" bw="9" slack="0"/>
<pin id="464" dir="1" index="3" bw="9" slack="0"/>
</pin_list>
<bind>
<opcode="select(49) " fcode="select"/>
<opset="select_ln22_3/1 "/>
</bind>
</comp>

<comp id="468" class="1004" name="icmp_ln23_3_fu_468">
<pin_list>
<pin id="469" dir="0" index="0" bw="9" slack="0"/>
<pin id="470" dir="0" index="1" bw="9" slack="0"/>
<pin id="471" dir="1" index="2" bw="1" slack="0"/>
</pin_list>
<bind>
<opcode="icmp(45) " fcode="icmp"/>
<opset="icmp_ln23_3/1 "/>
</bind>
</comp>

<comp id="474" class="1004" name="select_ln23_3_fu_474">
<pin_list>
<pin id="475" dir="0" index="0" bw="1" slack="0"/>
<pin id="476" dir="0" index="1" bw="9" slack="0"/>
<pin id="477" dir="0" index="2" bw="9" slack="0"/>
<pin id="478" dir="1" index="3" bw="9" slack="0"/>
</pin_list>
<bind>
<opcode="select(49) " fcode="select"/>
<opset="select_ln23_3/1 "/>
</bind>
</comp>

<comp id="482" class="1004" name="icmp_ln22_4_fu_482">
<pin_list>
<pin id="483" dir="0" index="0" bw="9" slack="0"/>
<pin id="484" dir="0" index="1" bw="9" slack="0"/>
<pin id="485" dir="1" index="2" bw="1" slack="0"/>
</pin_list>
<bind>
<opcode="icmp(45) " fcode="icmp"/>
<opset="icmp_ln22_4/1 "/>
</bind>
</comp>

<comp id="488" class="1004" name="select_ln22_4_fu_488">
<pin_list>
<pin id="489" dir="0" index="0" bw="1" slack="0"/>
<pin id="490" dir="0" index="1" bw="9" slack="0"/>
<pin id="491" dir="0" index="2" bw="9" slack="0"/>
<pin id="492" dir="1" index="3" bw="9" slack="0"/>
</pin_list>
<bind>
<opcode="select(49) " fcode="select"/>
<opset="select_ln22_4/1 "/>
</bind>
</comp>

<comp id="496" class="1004" name="icmp_ln23_4_fu_496">
<pin_list>
<pin id="497" dir="0" index="0" bw="9" slack="0"/>
<pin id="498" dir="0" index="1" bw="9" slack="0"/>
<pin id="499" dir="1" index="2" bw="1" slack="0"/>
</pin_list>
<bind>
<opcode="icmp(45) " fcode="icmp"/>
<opset="icmp_ln23_4/1 "/>
</bind>
</comp>

<comp id="502" class="1004" name="select_ln23_4_fu_502">
<pin_list>
<pin id="503" dir="0" index="0" bw="1" slack="0"/>
<pin id="504" dir="0" index="1" bw="9" slack="0"/>
<pin id="505" dir="0" index="2" bw="9" slack="0"/>
<pin id="506" dir="1" index="3" bw="9" slack="0"/>
</pin_list>
<bind>
<opcode="select(49) " fcode="select"/>
<opset="select_ln23_4/1 "/>
</bind>
</comp>

<comp id="510" class="1004" name="icmp_ln22_5_fu_510">
<pin_list>
<pin id="511" dir="0" index="0" bw="9" slack="0"/>
<pin id="512" dir="0" index="1" bw="9" slack="0"/>
<pin id="513" dir="1" index="2" bw="1" slack="0"/>
</pin_list>
<bind>
<opcode="icmp(45) " fcode="icmp"/>
<opset="icmp_ln22_5/1 "/>
</bind>
</comp>

<comp id="516" class="1004" name="select_ln22_5_fu_516">
<pin_list>
<pin id="517" dir="0" index="0" bw="1" slack="0"/>
<pin id="518" dir="0" index="1" bw="9" slack="0"/>
<pin id="519" dir="0" index="2" bw="9" slack="0"/>
<pin id="520" dir="1" index="3" bw="9" slack="0"/>
</pin_list>
<bind>
<opcode="select(49) " fcode="select"/>
<opset="select_ln22_5/1 "/>
</bind>
</comp>

<comp id="524" class="1004" name="icmp_ln23_5_fu_524">
<pin_list>
<pin id="525" dir="0" index="0" bw="9" slack="0"/>
<pin id="526" dir="0" index="1" bw="9" slack="0"/>
<pin id="527" dir="1" index="2" bw="1" slack="0"/>
</pin_list>
<bind>
<opcode="icmp(45) " fcode="icmp"/>
<opset="icmp_ln23_5/1 "/>
</bind>
</comp>

<comp id="530" class="1004" name="select_ln23_5_fu_530">
<pin_list>
<pin id="531" dir="0" index="0" bw="1" slack="0"/>
<pin id="532" dir="0" index="1" bw="9" slack="0"/>
<pin id="533" dir="0" index="2" bw="9" slack="0"/>
<pin id="534" dir="1" index="3" bw="9" slack="0"/>
</pin_list>
<bind>
<opcode="select(49) " fcode="select"/>
<opset="select_ln23_5/1 "/>
</bind>
</comp>

<comp id="538" class="1004" name="icmp_ln22_6_fu_538">
<pin_list>
<pin id="539" dir="0" index="0" bw="9" slack="0"/>
<pin id="540" dir="0" index="1" bw="9" slack="0"/>
<pin id="541" dir="1" index="2" bw="1" slack="0"/>
</pin_list>
<bind>
<opcode="icmp(45) " fcode="icmp"/>
<opset="icmp_ln22_6/1 "/>
</bind>
</comp>

<comp id="544" class="1004" name="select_ln22_6_fu_544">
<pin_list>
<pin id="545" dir="0" index="0" bw="1" slack="0"/>
<pin id="546" dir="0" index="1" bw="9" slack="0"/>
<pin id="547" dir="0" index="2" bw="9" slack="0"/>
<pin id="548" dir="1" index="3" bw="9" slack="0"/>
</pin_list>
<bind>
<opcode="select(49) " fcode="select"/>
<opset="select_ln22_6/1 "/>
</bind>
</comp>

<comp id="552" class="1004" name="icmp_ln23_6_fu_552">
<pin_list>
<pin id="553" dir="0" index="0" bw="9" slack="0"/>
<pin id="554" dir="0" index="1" bw="9" slack="0"/>
<pin id="555" dir="1" index="2" bw="1" slack="0"/>
</pin_list>
<bind>
<opcode="icmp(45) " fcode="icmp"/>
<opset="icmp_ln23_6/1 "/>
</bind>
</comp>

<comp id="558" class="1004" name="select_ln23_6_fu_558">
<pin_list>
<pin id="559" dir="0" index="0" bw="1" slack="0"/>
<pin id="560" dir="0" index="1" bw="9" slack="0"/>
<pin id="561" dir="0" index="2" bw="9" slack="0"/>
<pin id="562" dir="1" index="3" bw="9" slack="0"/>
</pin_list>
<bind>
<opcode="select(49) " fcode="select"/>
<opset="select_ln23_6/1 "/>
</bind>
</comp>

<comp id="566" class="1004" name="icmp_ln22_7_fu_566">
<pin_list>
<pin id="567" dir="0" index="0" bw="9" slack="0"/>
<pin id="568" dir="0" index="1" bw="9" slack="0"/>
<pin id="569" dir="1" index="2" bw="1" slack="0"/>
</pin_list>
<bind>
<opcode="icmp(45) " fcode="icmp"/>
<opset="icmp_ln22_7/1 "/>
</bind>
</comp>

<comp id="572" class="1004" name="select_ln22_7_fu_572">
<pin_list>
<pin id="573" dir="0" index="0" bw="1" slack="0"/>
<pin id="574" dir="0" index="1" bw="9" slack="0"/>
<pin id="575" dir="0" index="2" bw="9" slack="0"/>
<pin id="576" dir="1" index="3" bw="9" slack="0"/>
</pin_list>
<bind>
<opcode="select(49) " fcode="select"/>
<opset="select_ln22_7/1 "/>
</bind>
</comp>

<comp id="580" class="1004" name="icmp_ln23_7_fu_580">
<pin_list>
<pin id="581" dir="0" index="0" bw="9" slack="0"/>
<pin id="582" dir="0" index="1" bw="9" slack="0"/>
<pin id="583" dir="1" index="2" bw="1" slack="0"/>
</pin_list>
<bind>
<opcode="icmp(45) " fcode="icmp"/>
<opset="icmp_ln23_7/1 "/>
</bind>
</comp>

<comp id="586" class="1004" name="select_ln23_7_fu_586">
<pin_list>
<pin id="587" dir="0" index="0" bw="1" slack="0"/>
<pin id="588" dir="0" index="1" bw="9" slack="0"/>
<pin id="589" dir="0" index="2" bw="9" slack="0"/>
<pin id="590" dir="1" index="3" bw="9" slack="0"/>
</pin_list>
<bind>
<opcode="select(49) " fcode="select"/>
<opset="select_ln23_7/1 "/>
</bind>
</comp>

<comp id="594" class="1004" name="icmp_ln27_fu_594">
<pin_list>
<pin id="595" dir="0" index="0" bw="9" slack="0"/>
<pin id="596" dir="0" index="1" bw="9" slack="0"/>
<pin id="597" dir="1" index="2" bw="1" slack="0"/>
</pin_list>
<bind>
<opcode="icmp(45) " fcode="icmp"/>
<opset="icmp_ln27/1 "/>
</bind>
</comp>

<comp id="600" class="1004" name="select_ln27_fu_600">
<pin_list>
<pin id="601" dir="0" index="0" bw="1" slack="0"/>
<pin id="602" dir="0" index="1" bw="9" slack="0"/>
<pin id="603" dir="0" index="2" bw="9" slack="0"/>
<pin id="604" dir="1" index="3" bw="9" slack="0"/>
</pin_list>
<bind>
<opcode="select(49) " fcode="select"/>
<opset="select_ln27/1 "/>
</bind>
</comp>

<comp id="608" class="1004" name="icmp_ln28_fu_608">
<pin_list>
<pin id="609" dir="0" index="0" bw="9" slack="0"/>
<pin id="610" dir="0" index="1" bw="9" slack="0"/>
<pin id="611" dir="1" index="2" bw="1" slack="0"/>
</pin_list>
<bind>
<opcode="icmp(45) " fcode="icmp"/>
<opset="icmp_ln28/1 "/>
</bind>
</comp>

<comp id="614" class="1004" name="select_ln28_fu_614">
<pin_list>
<pin id="615" dir="0" index="0" bw="1" slack="0"/>
<pin id="616" dir="0" index="1" bw="9" slack="0"/>
<pin id="617" dir="0" index="2" bw="9" slack="0"/>
<pin id="618" dir="1" index="3" bw="9" slack="0"/>
</pin_list>
<bind>
<opcode="select(49) " fcode="select"/>
<opset="select_ln28/1 "/>
</bind>
</comp>

<comp id="622" class="1004" name="icmp_ln27_1_fu_622">
<pin_list>
<pin id="623" dir="0" index="0" bw="9" slack="0"/>
<pin id="624" dir="0" index="1" bw="9" slack="0"/>
<pin id="625" dir="1" index="2" bw="1" slack="0"/>
</pin_list>
<bind>
<opcode="icmp(45) " fcode="icmp"/>
<opset="icmp_ln27_1/1 "/>
</bind>
</comp>

<comp id="628" class="1004" name="select_ln27_1_fu_628">
<pin_list>
<pin id="629" dir="0" index="0" bw="1" slack="0"/>
<pin id="630" dir="0" index="1" bw="9" slack="0"/>
<pin id="631" dir="0" index="2" bw="9" slack="0"/>
<pin id="632" dir="1" index="3" bw="9" slack="0"/>
</pin_list>
<bind>
<opcode="select(49) " fcode="select"/>
<opset="select_ln27_1/1 "/>
</bind>
</comp>

<comp id="636" class="1004" name="icmp_ln28_1_fu_636">
<pin_list>
<pin id="637" dir="0" index="0" bw="9" slack="0"/>
<pin id="638" dir="0" index="1" bw="9" slack="0"/>
<pin id="639" dir="1" index="2" bw="1" slack="0"/>
</pin_list>
<bind>
<opcode="icmp(45) " fcode="icmp"/>
<opset="icmp_ln28_1/1 "/>
</bind>
</comp>

<comp id="642" class="1004" name="select_ln28_1_fu_642">
<pin_list>
<pin id="643" dir="0" index="0" bw="1" slack="0"/>
<pin id="644" dir="0" index="1" bw="9" slack="0"/>
<pin id="645" dir="0" index="2" bw="9" slack="0"/>
<pin id="646" dir="1" index="3" bw="9" slack="0"/>
</pin_list>
<bind>
<opcode="select(49) " fcode="select"/>
<opset="select_ln28_1/1 "/>
</bind>
</comp>

<comp id="650" class="1004" name="icmp_ln27_2_fu_650">
<pin_list>
<pin id="651" dir="0" index="0" bw="9" slack="0"/>
<pin id="652" dir="0" index="1" bw="9" slack="0"/>
<pin id="653" dir="1" index="2" bw="1" slack="0"/>
</pin_list>
<bind>
<opcode="icmp(45) " fcode="icmp"/>
<opset="icmp_ln27_2/1 "/>
</bind>
</comp>

<comp id="656" class="1004" name="select_ln27_2_fu_656">
<pin_list>
<pin id="657" dir="0" index="0" bw="1" slack="0"/>
<pin id="658" dir="0" index="1" bw="9" slack="0"/>
<pin id="659" dir="0" index="2" bw="9" slack="0"/>
<pin id="660" dir="1" index="3" bw="9" slack="1"/>
</pin_list>
<bind>
<opcode="select(49) " fcode="select"/>
<opset="select_ln27_2/1 "/>
</bind>
</comp>

<comp id="664" class="1004" name="icmp_ln28_2_fu_664">
<pin_list>
<pin id="665" dir="0" index="0" bw="9" slack="0"/>
<pin id="666" dir="0" index="1" bw="9" slack="0"/>
<pin id="667" dir="1" index="2" bw="1" slack="0"/>
</pin_list>
<bind>
<opcode="icmp(45) " fcode="icmp"/>
<opset="icmp_ln28_2/1 "/>
</bind>
</comp>

<comp id="670" class="1004" name="select_ln28_2_fu_670">
<pin_list>
<pin id="671" dir="0" index="0" bw="1" slack="0"/>
<pin id="672" dir="0" index="1" bw="9" slack="0"/>
<pin id="673" dir="0" index="2" bw="9" slack="0"/>
<pin id="674" dir="1" index="3" bw="9" slack="1"/>
</pin_list>
<bind>
<opcode="select(49) " fcode="select"/>
<opset="select_ln28_2/1 "/>
</bind>
</comp>

<comp id="678" class="1004" name="icmp_ln27_3_fu_678">
<pin_list>
<pin id="679" dir="0" index="0" bw="9" slack="0"/>
<pin id="680" dir="0" index="1" bw="9" slack="0"/>
<pin id="681" dir="1" index="2" bw="1" slack="0"/>
</pin_list>
<bind>
<opcode="icmp(45) " fcode="icmp"/>
<opset="icmp_ln27_3/1 "/>
</bind>
</comp>

<comp id="684" class="1004" name="select_ln27_3_fu_684">
<pin_list>
<pin id="685" dir="0" index="0" bw="1" slack="0"/>
<pin id="686" dir="0" index="1" bw="9" slack="0"/>
<pin id="687" dir="0" index="2" bw="9" slack="0"/>
<pin id="688" dir="1" index="3" bw="9" slack="1"/>
</pin_list>
<bind>
<opcode="select(49) " fcode="select"/>
<opset="select_ln27_3/1 "/>
</bind>
</comp>

<comp id="692" class="1004" name="icmp_ln28_3_fu_692">
<pin_list>
<pin id="693" dir="0" index="0" bw="9" slack="0"/>
<pin id="694" dir="0" index="1" bw="9" slack="0"/>
<pin id="695" dir="1" index="2" bw="1" slack="0"/>
</pin_list>
<bind>
<opcode="icmp(45) " fcode="icmp"/>
<opset="icmp_ln28_3/1 "/>
</bind>
</comp>

<comp id="698" class="1004" name="select_ln28_3_fu_698">
<pin_list>
<pin id="699" dir="0" index="0" bw="1" slack="0"/>
<pin id="700" dir="0" index="1" bw="9" slack="0"/>
<pin id="701" dir="0" index="2" bw="9" slack="0"/>
<pin id="702" dir="1" index="3" bw="9" slack="1"/>
</pin_list>
<bind>
<opcode="select(49) " fcode="select"/>
<opset="select_ln28_3/1 "/>
</bind>
</comp>

<comp id="706" class="1004" name="icmp_ln27_4_fu_706">
<pin_list>
<pin id="707" dir="0" index="0" bw="9" slack="0"/>
<pin id="708" dir="0" index="1" bw="9" slack="0"/>
<pin id="709" dir="1" index="2" bw="1" slack="0"/>
</pin_list>
<bind>
<opcode="icmp(45) " fcode="icmp"/>
<opset="icmp_ln27_4/1 "/>
</bind>
</comp>

<comp id="712" class="1004" name="select_ln27_4_fu_712">
<pin_list>
<pin id="713" dir="0" index="0" bw="1" slack="0"/>
<pin id="714" dir="0" index="1" bw="9" slack="0"/>
<pin id="715" dir="0" index="2" bw="9" slack="0"/>
<pin id="716" dir="1" index="3" bw="9" slack="2"/>
</pin_list>
<bind>
<opcode="select(49) " fcode="select"/>
<opset="select_ln27_4/1 "/>
</bind>
</comp>

<comp id="720" class="1004" name="icmp_ln28_4_fu_720">
<pin_list>
<pin id="721" dir="0" index="0" bw="9" slack="0"/>
<pin id="722" dir="0" index="1" bw="9" slack="0"/>
<pin id="723" dir="1" index="2" bw="1" slack="0"/>
</pin_list>
<bind>
<opcode="icmp(45) " fcode="icmp"/>
<opset="icmp_ln28_4/1 "/>
</bind>
</comp>

<comp id="726" class="1004" name="select_ln28_4_fu_726">
<pin_list>
<pin id="727" dir="0" index="0" bw="1" slack="0"/>
<pin id="728" dir="0" index="1" bw="9" slack="0"/>
<pin id="729" dir="0" index="2" bw="9" slack="0"/>
<pin id="730" dir="1" index="3" bw="9" slack="2"/>
</pin_list>
<bind>
<opcode="select(49) " fcode="select"/>
<opset="select_ln28_4/1 "/>
</bind>
</comp>

<comp id="734" class="1004" name="icmp_ln27_5_fu_734">
<pin_list>
<pin id="735" dir="0" index="0" bw="9" slack="0"/>
<pin id="736" dir="0" index="1" bw="9" slack="0"/>
<pin id="737" dir="1" index="2" bw="1" slack="0"/>
</pin_list>
<bind>
<opcode="icmp(45) " fcode="icmp"/>
<opset="icmp_ln27_5/1 "/>
</bind>
</comp>

<comp id="740" class="1004" name="select_ln27_5_fu_740">
<pin_list>
<pin id="741" dir="0" index="0" bw="1" slack="0"/>
<pin id="742" dir="0" index="1" bw="9" slack="0"/>
<pin id="743" dir="0" index="2" bw="9" slack="0"/>
<pin id="744" dir="1" index="3" bw="9" slack="2"/>
</pin_list>
<bind>
<opcode="select(49) " fcode="select"/>
<opset="select_ln27_5/1 "/>
</bind>
</comp>

<comp id="748" class="1004" name="icmp_ln28_5_fu_748">
<pin_list>
<pin id="749" dir="0" index="0" bw="9" slack="0"/>
<pin id="750" dir="0" index="1" bw="9" slack="0"/>
<pin id="751" dir="1" index="2" bw="1" slack="0"/>
</pin_list>
<bind>
<opcode="icmp(45) " fcode="icmp"/>
<opset="icmp_ln28_5/1 "/>
</bind>
</comp>

<comp id="754" class="1004" name="select_ln28_5_fu_754">
<pin_list>
<pin id="755" dir="0" index="0" bw="1" slack="0"/>
<pin id="756" dir="0" index="1" bw="9" slack="0"/>
<pin id="757" dir="0" index="2" bw="9" slack="0"/>
<pin id="758" dir="1" index="3" bw="9" slack="2"/>
</pin_list>
<bind>
<opcode="select(49) " fcode="select"/>
<opset="select_ln28_5/1 "/>
</bind>
</comp>

<comp id="762" class="1004" name="icmp_ln27_6_fu_762">
<pin_list>
<pin id="763" dir="0" index="0" bw="9" slack="0"/>
<pin id="764" dir="0" index="1" bw="9" slack="0"/>
<pin id="765" dir="1" index="2" bw="1" slack="0"/>
</pin_list>
<bind>
<opcode="icmp(45) " fcode="icmp"/>
<opset="icmp_ln27_6/1 "/>
</bind>
</comp>

<comp id="768" class="1004" name="select_ln27_6_fu_768">
<pin_list>
<pin id="769" dir="0" index="0" bw="1" slack="0"/>
<pin id="770" dir="0" index="1" bw="9" slack="0"/>
<pin id="771" dir="0" index="2" bw="9" slack="0"/>
<pin id="772" dir="1" index="3" bw="9" slack="2"/>
</pin_list>
<bind>
<opcode="select(49) " fcode="select"/>
<opset="select_ln27_6/1 "/>
</bind>
</comp>

<comp id="776" class="1004" name="icmp_ln28_6_fu_776">
<pin_list>
<pin id="777" dir="0" index="0" bw="9" slack="0"/>
<pin id="778" dir="0" index="1" bw="9" slack="0"/>
<pin id="779" dir="1" index="2" bw="1" slack="0"/>
</pin_list>
<bind>
<opcode="icmp(45) " fcode="icmp"/>
<opset="icmp_ln28_6/1 "/>
</bind>
</comp>

<comp id="782" class="1004" name="select_ln28_6_fu_782">
<pin_list>
<pin id="783" dir="0" index="0" bw="1" slack="0"/>
<pin id="784" dir="0" index="1" bw="9" slack="0"/>
<pin id="785" dir="0" index="2" bw="9" slack="0"/>
<pin id="786" dir="1" index="3" bw="9" slack="2"/>
</pin_list>
<bind>
<opcode="select(49) " fcode="select"/>
<opset="select_ln28_6/1 "/>
</bind>
</comp>

<comp id="790" class="1004" name="icmp_ln27_7_fu_790">
<pin_list>
<pin id="791" dir="0" index="0" bw="9" slack="0"/>
<pin id="792" dir="0" index="1" bw="9" slack="0"/>
<pin id="793" dir="1" index="2" bw="1" slack="0"/>
</pin_list>
<bind>
<opcode="icmp(45) " fcode="icmp"/>
<opset="icmp_ln27_7/1 "/>
</bind>
</comp>

<comp id="796" class="1004" name="select_ln27_7_fu_796">
<pin_list>
<pin id="797" dir="0" index="0" bw="1" slack="0"/>
<pin id="798" dir="0" index="1" bw="9" slack="0"/>
<pin id="799" dir="0" index="2" bw="9" slack="0"/>
<pin id="800" dir="1" index="3" bw="9" slack="3"/>
</pin_list>
<bind>
<opcode="select(49) " fcode="select"/>
<opset="select_ln27_7/1 "/>
</bind>
</comp>

<comp id="804" class="1004" name="icmp_ln28_7_fu_804">
<pin_list>
<pin id="805" dir="0" index="0" bw="9" slack="0"/>
<pin id="806" dir="0" index="1" bw="9" slack="0"/>
<pin id="807" dir="1" index="2" bw="1" slack="0"/>
</pin_list>
<bind>
<opcode="icmp(45) " fcode="icmp"/>
<opset="icmp_ln28_7/1 "/>
</bind>
</comp>

<comp id="810" class="1004" name="select_ln28_7_fu_810">
<pin_list>
<pin id="811" dir="0" index="0" bw="1" slack="0"/>
<pin id="812" dir="0" index="1" bw="9" slack="0"/>
<pin id="813" dir="0" index="2" bw="9" slack="0"/>
<pin id="814" dir="1" index="3" bw="9" slack="3"/>
</pin_list>
<bind>
<opcode="select(49) " fcode="select"/>
<opset="select_ln28_7/1 "/>
</bind>
</comp>

<comp id="818" class="1004" name="zext_ln36_fu_818">
<pin_list>
<pin id="819" dir="0" index="0" bw="8" slack="0"/>
<pin id="820" dir="1" index="1" bw="9" slack="0"/>
</pin_list>
<bind>
<opcode="zext(34) " fcode="zext"/>
<opset="zext_ln36/1 "/>
</bind>
</comp>

<comp id="822" class="1004" name="icmp_ln36_fu_822">
<pin_list>
<pin id="823" dir="0" index="0" bw="9" slack="0"/>
<pin id="824" dir="0" index="1" bw="9" slack="0"/>
<pin id="825" dir="1" index="2" bw="1" slack="0"/>
</pin_list>
<bind>
<opcode="icmp(45) " fcode="icmp"/>
<opset="icmp_ln36/1 "/>
</bind>
</comp>

<comp id="828" class="1004" name="select_ln36_fu_828">
<pin_list>
<pin id="829" dir="0" index="0" bw="1" slack="0"/>
<pin id="830" dir="0" index="1" bw="9" slack="0"/>
<pin id="831" dir="0" index="2" bw="9" slack="0"/>
<pin id="832" dir="1" index="3" bw="9" slack="0"/>
</pin_list>
<bind>
<opcode="select(49) " fcode="select"/>
<opset="select_ln36/1 "/>
</bind>
</comp>

<comp id="836" class="1004" name="icmp_ln36_1_fu_836">
<pin_list>
<pin id="837" dir="0" index="0" bw="8" slack="0"/>
<pin id="838" dir="0" index="1" bw="9" slack="0"/>
<pin id="839" dir="1" index="2" bw="1" slack="0"/>
</pin_list>
<bind>
<opcode="icmp(45) " fcode="icmp"/>
<opset="icmp_ln36_1/1 "/>
</bind>
</comp>

<comp id="842" class="1004" name="trunc_ln36_fu_842">
<pin_list>
<pin id="843" dir="0" index="0" bw="9" slack="0"/>
<pin id="844" dir="1" index="1" bw="8" slack="0"/>
</pin_list>
<bind>
<opcode="trunc(33) " fcode="trunc"/>
<opset="trunc_ln36/1 "/>
</bind>
</comp>

<comp id="846" class="1004" name="select_ln36_8_fu_846">
<pin_list>
<pin id="847" dir="0" index="0" bw="1" slack="0"/>
<pin id="848" dir="0" index="1" bw="8" slack="0"/>
<pin id="849" dir="0" index="2" bw="8" slack="0"/>
<pin id="850" dir="1" index="3" bw="8" slack="0"/>
</pin_list>
<bind>
<opcode="select(49) " fcode="select"/>
<opset="select_ln36_8/1 "/>
</bind>
</comp>

<comp id="854" class="1004" name="zext_ln37_fu_854">
<pin_list>
<pin id="855" dir="0" index="0" bw="8" slack="0"/>
<pin id="856" dir="1" index="1" bw="9" slack="0"/>
</pin_list>
<bind>
<opcode="zext(34) " fcode="zext"/>
<opset="zext_ln37/1 "/>
</bind>
</comp>

<comp id="858" class="1004" name="icmp_ln37_fu_858">
<pin_list>
<pin id="859" dir="0" index="0" bw="9" slack="0"/>
<pin id="860" dir="0" index="1" bw="9" slack="0"/>
<pin id="861" dir="1" index="2" bw="1" slack="0"/>
</pin_list>
<bind>
<opcode="icmp(45) " fcode="icmp"/>
<opset="icmp_ln37/1 "/>
</bind>
</comp>

<comp id="864" class="1004" name="select_ln37_fu_864">
<pin_list>
<pin id="865" dir="0" index="0" bw="1" slack="0"/>
<pin id="866" dir="0" index="1" bw="9" slack="0"/>
<pin id="867" dir="0" index="2" bw="9" slack="0"/>
<pin id="868" dir="1" index="3" bw="9" slack="0"/>
</pin_list>
<bind>
<opcode="select(49) " fcode="select"/>
<opset="select_ln37/1 "/>
</bind>
</comp>

<comp id="872" class="1004" name="icmp_ln37_1_fu_872">
<pin_list>
<pin id="873" dir="0" index="0" bw="8" slack="0"/>
<pin id="874" dir="0" index="1" bw="9" slack="0"/>
<pin id="875" dir="1" index="2" bw="1" slack="1"/>
</pin_list>
<bind>
<opcode="icmp(45) " fcode="icmp"/>
<opset="icmp_ln37_1/1 "/>
</bind>
</comp>

<comp id="878" class="1004" name="trunc_ln37_fu_878">
<pin_list>
<pin id="879" dir="0" index="0" bw="9" slack="0"/>
<pin id="880" dir="1" index="1" bw="8" slack="1"/>
</pin_list>
<bind>
<opcode="trunc(33) " fcode="trunc"/>
<opset="trunc_ln37/1 "/>
</bind>
</comp>

<comp id="882" class="1004" name="icmp_ln36_8_fu_882">
<pin_list>
<pin id="883" dir="0" index="0" bw="9" slack="0"/>
<pin id="884" dir="0" index="1" bw="9" slack="0"/>
<pin id="885" dir="1" index="2" bw="1" slack="1"/>
</pin_list>
<bind>
<opcode="icmp(45) " fcode="icmp"/>
<opset="icmp_ln36_8/1 "/>
</bind>
</comp>

<comp id="888" class="1004" name="b0_fu_888">
<pin_list>
<pin id="889" dir="0" index="0" bw="1" slack="0"/>
<pin id="890" dir="0" index="1" bw="8" slack="0"/>
<pin id="891" dir="1" index="2" bw="9" slack="0"/>
</pin_list>
<bind>
<opcode="sub(10) " fcode="sub"/>
<opset="b0/1 "/>
</bind>
</comp>

<comp id="894" class="1004" name="icmp_ln43_fu_894">
<pin_list>
<pin id="895" dir="0" index="0" bw="9" slack="0"/>
<pin id="896" dir="0" index="1" bw="9" slack="0"/>
<pin id="897" dir="1" index="2" bw="1" slack="0"/>
</pin_list>
<bind>
<opcode="icmp(45) " fcode="icmp"/>
<opset="icmp_ln43/1 "/>
</bind>
</comp>

<comp id="900" class="1004" name="select_ln43_fu_900">
<pin_list>
<pin id="901" dir="0" index="0" bw="1" slack="0"/>
<pin id="902" dir="0" index="1" bw="9" slack="0"/>
<pin id="903" dir="0" index="2" bw="9" slack="0"/>
<pin id="904" dir="1" index="3" bw="9" slack="0"/>
</pin_list>
<bind>
<opcode="select(49) " fcode="select"/>
<opset="select_ln43/1 "/>
</bind>
</comp>

<comp id="908" class="1004" name="icmp_ln43_1_fu_908">
<pin_list>
<pin id="909" dir="0" index="0" bw="9" slack="0"/>
<pin id="910" dir="0" index="1" bw="9" slack="0"/>
<pin id="911" dir="1" index="2" bw="1" slack="0"/>
</pin_list>
<bind>
<opcode="icmp(45) " fcode="icmp"/>
<opset="icmp_ln43_1/1 "/>
</bind>
</comp>

<comp id="914" class="1004" name="select_ln43_1_fu_914">
<pin_list>
<pin id="915" dir="0" index="0" bw="1" slack="0"/>
<pin id="916" dir="0" index="1" bw="9" slack="0"/>
<pin id="917" dir="0" index="2" bw="9" slack="0"/>
<pin id="918" dir="1" index="3" bw="9" slack="0"/>
</pin_list>
<bind>
<opcode="select(49) " fcode="select"/>
<opset="select_ln43_1/1 "/>
</bind>
</comp>

<comp id="922" class="1004" name="icmp_ln44_fu_922">
<pin_list>
<pin id="923" dir="0" index="0" bw="9" slack="0"/>
<pin id="924" dir="0" index="1" bw="9" slack="0"/>
<pin id="925" dir="1" index="2" bw="1" slack="0"/>
</pin_list>
<bind>
<opcode="icmp(45) " fcode="icmp"/>
<opset="icmp_ln44/1 "/>
</bind>
</comp>

<comp id="928" class="1004" name="select_ln44_fu_928">
<pin_list>
<pin id="929" dir="0" index="0" bw="1" slack="0"/>
<pin id="930" dir="0" index="1" bw="9" slack="0"/>
<pin id="931" dir="0" index="2" bw="9" slack="0"/>
<pin id="932" dir="1" index="3" bw="9" slack="0"/>
</pin_list>
<bind>
<opcode="select(49) " fcode="select"/>
<opset="select_ln44/1 "/>
</bind>
</comp>

<comp id="936" class="1004" name="icmp_ln44_2_fu_936">
<pin_list>
<pin id="937" dir="0" index="0" bw="9" slack="0"/>
<pin id="938" dir="0" index="1" bw="9" slack="0"/>
<pin id="939" dir="1" index="2" bw="1" slack="1"/>
</pin_list>
<bind>
<opcode="icmp(45) " fcode="icmp"/>
<opset="icmp_ln44_2/1 "/>
</bind>
</comp>

<comp id="942" class="1004" name="icmp_ln43_8_fu_942">
<pin_list>
<pin id="943" dir="0" index="0" bw="9" slack="0"/>
<pin id="944" dir="0" index="1" bw="9" slack="0"/>
<pin id="945" dir="1" index="2" bw="1" slack="1"/>
</pin_list>
<bind>
<opcode="icmp(45) " fcode="icmp"/>
<opset="icmp_ln43_8/1 "/>
</bind>
</comp>

<comp id="948" class="1004" name="select_ln37_1_fu_948">
<pin_list>
<pin id="949" dir="0" index="0" bw="1" slack="1"/>
<pin id="950" dir="0" index="1" bw="8" slack="1"/>
<pin id="951" dir="0" index="2" bw="8" slack="1"/>
<pin id="952" dir="1" index="3" bw="8" slack="0"/>
</pin_list>
<bind>
<opcode="select(49) " fcode="select"/>
<opset="select_ln37_1/2 "/>
</bind>
</comp>

<comp id="953" class="1004" name="zext_ln36_1_fu_953">
<pin_list>
<pin id="954" dir="0" index="0" bw="8" slack="0"/>
<pin id="955" dir="1" index="1" bw="9" slack="0"/>
</pin_list>
<bind>
<opcode="zext(34) " fcode="zext"/>
<opset="zext_ln36_1/2 "/>
</bind>
</comp>

<comp id="957" class="1004" name="select_ln36_1_fu_957">
<pin_list>
<pin id="958" dir="0" index="0" bw="1" slack="1"/>
<pin id="959" dir="0" index="1" bw="9" slack="1"/>
<pin id="960" dir="0" index="2" bw="9" slack="1"/>
<pin id="961" dir="1" index="3" bw="9" slack="0"/>
</pin_list>
<bind>
<opcode="select(49) " fcode="select"/>
<opset="select_ln36_1/2 "/>
</bind>
</comp>

<comp id="962" class="1004" name="icmp_ln36_9_fu_962">
<pin_list>
<pin id="963" dir="0" index="0" bw="8" slack="0"/>
<pin id="964" dir="0" index="1" bw="9" slack="0"/>
<pin id="965" dir="1" index="2" bw="1" slack="0"/>
</pin_list>
<bind>
<opcode="icmp(45) " fcode="icmp"/>
<opset="icmp_ln36_9/2 "/>
</bind>
</comp>

<comp id="968" class="1004" name="trunc_ln36_1_fu_968">
<pin_list>
<pin id="969" dir="0" index="0" bw="9" slack="0"/>
<pin id="970" dir="1" index="1" bw="8" slack="0"/>
</pin_list>
<bind>
<opcode="trunc(33) " fcode="trunc"/>
<opset="trunc_ln36_1/2 "/>
</bind>
</comp>

<comp id="972" class="1004" name="select_ln36_9_fu_972">
<pin_list>
<pin id="973" dir="0" index="0" bw="1" slack="0"/>
<pin id="974" dir="0" index="1" bw="8" slack="0"/>
<pin id="975" dir="0" index="2" bw="8" slack="0"/>
<pin id="976" dir="1" index="3" bw="8" slack="0"/>
</pin_list>
<bind>
<opcode="select(49) " fcode="select"/>
<opset="select_ln36_9/2 "/>
</bind>
</comp>

<comp id="980" class="1004" name="zext_ln37_1_fu_980">
<pin_list>
<pin id="981" dir="0" index="0" bw="8" slack="0"/>
<pin id="982" dir="1" index="1" bw="9" slack="0"/>
</pin_list>
<bind>
<opcode="zext(34) " fcode="zext"/>
<opset="zext_ln37_1/2 "/>
</bind>
</comp>

<comp id="984" class="1004" name="icmp_ln37_8_fu_984">
<pin_list>
<pin id="985" dir="0" index="0" bw="9" slack="1"/>
<pin id="986" dir="0" index="1" bw="9" slack="1"/>
<pin id="987" dir="1" index="2" bw="1" slack="0"/>
</pin_list>
<bind>
<opcode="icmp(45) " fcode="icmp"/>
<opset="icmp_ln37_8/2 "/>
</bind>
</comp>

<comp id="988" class="1004" name="select_ln37_8_fu_988">
<pin_list>
<pin id="989" dir="0" index="0" bw="1" slack="0"/>
<pin id="990" dir="0" index="1" bw="9" slack="1"/>
<pin id="991" dir="0" index="2" bw="9" slack="1"/>
<pin id="992" dir="1" index="3" bw="9" slack="0"/>
</pin_list>
<bind>
<opcode="select(49) " fcode="select"/>
<opset="select_ln37_8/2 "/>
</bind>
</comp>

<comp id="994" class="1004" name="icmp_ln37_9_fu_994">
<pin_list>
<pin id="995" dir="0" index="0" bw="8" slack="0"/>
<pin id="996" dir="0" index="1" bw="9" slack="0"/>
<pin id="997" dir="1" index="2" bw="1" slack="0"/>
</pin_list>
<bind>
<opcode="icmp(45) " fcode="icmp"/>
<opset="icmp_ln37_9/2 "/>
</bind>
</comp>

<comp id="1000" class="1004" name="trunc_ln37_1_fu_1000">
<pin_list>
<pin id="1001" dir="0" index="0" bw="9" slack="0"/>
<pin id="1002" dir="1" index="1" bw="8" slack="0"/>
</pin_list>
<bind>
<opcode="trunc(33) " fcode="trunc"/>
<opset="trunc_ln37_1/2 "/>
</bind>
</comp>

<comp id="1004" class="1004" name="select_ln37_9_fu_1004">
<pin_list>
<pin id="1005" dir="0" index="0" bw="1" slack="0"/>
<pin id="1006" dir="0" index="1" bw="8" slack="0"/>
<pin id="1007" dir="0" index="2" bw="8" slack="0"/>
<pin id="1008" dir="1" index="3" bw="8" slack="0"/>
</pin_list>
<bind>
<opcode="select(49) " fcode="select"/>
<opset="select_ln37_9/2 "/>
</bind>
</comp>

<comp id="1012" class="1004" name="zext_ln36_2_fu_1012">
<pin_list>
<pin id="1013" dir="0" index="0" bw="8" slack="0"/>
<pin id="1014" dir="1" index="1" bw="9" slack="0"/>
</pin_list>
<bind>
<opcode="zext(34) " fcode="zext"/>
<opset="zext_ln36_2/2 "/>
</bind>
</comp>

<comp id="1016" class="1004" name="icmp_ln36_2_fu_1016">
<pin_list>
<pin id="1017" dir="0" index="0" bw="9" slack="1"/>
<pin id="1018" dir="0" index="1" bw="9" slack="1"/>
<pin id="1019" dir="1" index="2" bw="1" slack="0"/>
</pin_list>
<bind>
<opcode="icmp(45) " fcode="icmp"/>
<opset="icmp_ln36_2/2 "/>
</bind>
</comp>

<comp id="1020" class="1004" name="select_ln36_2_fu_1020">
<pin_list>
<pin id="1021" dir="0" index="0" bw="1" slack="0"/>
<pin id="1022" dir="0" index="1" bw="9" slack="1"/>
<pin id="1023" dir="0" index="2" bw="9" slack="1"/>
<pin id="1024" dir="1" index="3" bw="9" slack="0"/>
</pin_list>
<bind>
<opcode="select(49) " fcode="select"/>
<opset="select_ln36_2/2 "/>
</bind>
</comp>

<comp id="1026" class="1004" name="icmp_ln36_10_fu_1026">
<pin_list>
<pin id="1027" dir="0" index="0" bw="8" slack="0"/>
<pin id="1028" dir="0" index="1" bw="9" slack="0"/>
<pin id="1029" dir="1" index="2" bw="1" slack="0"/>
</pin_list>
<bind>
<opcode="icmp(45) " fcode="icmp"/>
<opset="icmp_ln36_10/2 "/>
</bind>
</comp>

<comp id="1032" class="1004" name="trunc_ln36_2_fu_1032">
<pin_list>
<pin id="1033" dir="0" index="0" bw="9" slack="0"/>
<pin id="1034" dir="1" index="1" bw="8" slack="0"/>
</pin_list>
<bind>
<opcode="trunc(33) " fcode="trunc"/>
<opset="trunc_ln36_2/2 "/>
</bind>
</comp>

<comp id="1036" class="1004" name="select_ln36_10_fu_1036">
<pin_list>
<pin id="1037" dir="0" index="0" bw="1" slack="0"/>
<pin id="1038" dir="0" index="1" bw="8" slack="0"/>
<pin id="1039" dir="0" index="2" bw="8" slack="0"/>
<pin id="1040" dir="1" index="3" bw="8" slack="0"/>
</pin_list>
<bind>
<opcode="select(49) " fcode="select"/>
<opset="select_ln36_10/2 "/>
</bind>
</comp>

<comp id="1044" class="1004" name="zext_ln37_2_fu_1044">
<pin_list>
<pin id="1045" dir="0" index="0" bw="8" slack="0"/>
<pin id="1046" dir="1" index="1" bw="9" slack="0"/>
</pin_list>
<bind>
<opcode="zext(34) " fcode="zext"/>
<opset="zext_ln37_2/2 "/>
</bind>
</comp>

<comp id="1048" class="1004" name="icmp_ln37_2_fu_1048">
<pin_list>
<pin id="1049" dir="0" index="0" bw="9" slack="1"/>
<pin id="1050" dir="0" index="1" bw="9" slack="1"/>
<pin id="1051" dir="1" index="2" bw="1" slack="0"/>
</pin_list>
<bind>
<opcode="icmp(45) " fcode="icmp"/>
<opset="icmp_ln37_2/2 "/>
</bind>
</comp>

<comp id="1052" class="1004" name="select_ln37_2_fu_1052">
<pin_list>
<pin id="1053" dir="0" index="0" bw="1" slack="0"/>
<pin id="1054" dir="0" index="1" bw="9" slack="1"/>
<pin id="1055" dir="0" index="2" bw="9" slack="1"/>
<pin id="1056" dir="1" index="3" bw="9" slack="0"/>
</pin_list>
<bind>
<opcode="select(49) " fcode="select"/>
<opset="select_ln37_2/2 "/>
</bind>
</comp>

<comp id="1058" class="1004" name="icmp_ln37_10_fu_1058">
<pin_list>
<pin id="1059" dir="0" index="0" bw="8" slack="0"/>
<pin id="1060" dir="0" index="1" bw="9" slack="0"/>
<pin id="1061" dir="1" index="2" bw="1" slack="0"/>
</pin_list>
<bind>
<opcode="icmp(45) " fcode="icmp"/>
<opset="icmp_ln37_10/2 "/>
</bind>
</comp>

<comp id="1064" class="1004" name="trunc_ln37_2_fu_1064">
<pin_list>
<pin id="1065" dir="0" index="0" bw="9" slack="0"/>
<pin id="1066" dir="1" index="1" bw="8" slack="0"/>
</pin_list>
<bind>
<opcode="trunc(33) " fcode="trunc"/>
<opset="trunc_ln37_2/2 "/>
</bind>
</comp>

<comp id="1068" class="1004" name="select_ln37_10_fu_1068">
<pin_list>
<pin id="1069" dir="0" index="0" bw="1" slack="0"/>
<pin id="1070" dir="0" index="1" bw="8" slack="0"/>
<pin id="1071" dir="0" index="2" bw="8" slack="0"/>
<pin id="1072" dir="1" index="3" bw="8" slack="0"/>
</pin_list>
<bind>
<opcode="select(49) " fcode="select"/>
<opset="select_ln37_10/2 "/>
</bind>
</comp>

<comp id="1076" class="1004" name="zext_ln36_3_fu_1076">
<pin_list>
<pin id="1077" dir="0" index="0" bw="8" slack="0"/>
<pin id="1078" dir="1" index="1" bw="9" slack="0"/>
</pin_list>
<bind>
<opcode="zext(34) " fcode="zext"/>
<opset="zext_ln36_3/2 "/>
</bind>
</comp>

<comp id="1080" class="1004" name="icmp_ln36_3_fu_1080">
<pin_list>
<pin id="1081" dir="0" index="0" bw="9" slack="1"/>
<pin id="1082" dir="0" index="1" bw="9" slack="1"/>
<pin id="1083" dir="1" index="2" bw="1" slack="0"/>
</pin_list>
<bind>
<opcode="icmp(45) " fcode="icmp"/>
<opset="icmp_ln36_3/2 "/>
</bind>
</comp>

<comp id="1084" class="1004" name="select_ln36_3_fu_1084">
<pin_list>
<pin id="1085" dir="0" index="0" bw="1" slack="0"/>
<pin id="1086" dir="0" index="1" bw="9" slack="1"/>
<pin id="1087" dir="0" index="2" bw="9" slack="1"/>
<pin id="1088" dir="1" index="3" bw="9" slack="0"/>
</pin_list>
<bind>
<opcode="select(49) " fcode="select"/>
<opset="select_ln36_3/2 "/>
</bind>
</comp>

<comp id="1090" class="1004" name="icmp_ln36_11_fu_1090">
<pin_list>
<pin id="1091" dir="0" index="0" bw="8" slack="0"/>
<pin id="1092" dir="0" index="1" bw="9" slack="0"/>
<pin id="1093" dir="1" index="2" bw="1" slack="0"/>
</pin_list>
<bind>
<opcode="icmp(45) " fcode="icmp"/>
<opset="icmp_ln36_11/2 "/>
</bind>
</comp>

<comp id="1096" class="1004" name="trunc_ln36_3_fu_1096">
<pin_list>
<pin id="1097" dir="0" index="0" bw="9" slack="0"/>
<pin id="1098" dir="1" index="1" bw="8" slack="0"/>
</pin_list>
<bind>
<opcode="trunc(33) " fcode="trunc"/>
<opset="trunc_ln36_3/2 "/>
</bind>
</comp>

<comp id="1100" class="1004" name="select_ln36_11_fu_1100">
<pin_list>
<pin id="1101" dir="0" index="0" bw="1" slack="0"/>
<pin id="1102" dir="0" index="1" bw="8" slack="0"/>
<pin id="1103" dir="0" index="2" bw="8" slack="0"/>
<pin id="1104" dir="1" index="3" bw="8" slack="1"/>
</pin_list>
<bind>
<opcode="select(49) " fcode="select"/>
<opset="select_ln36_11/2 "/>
</bind>
</comp>

<comp id="1108" class="1004" name="icmp_ln37_3_fu_1108">
<pin_list>
<pin id="1109" dir="0" index="0" bw="9" slack="1"/>
<pin id="1110" dir="0" index="1" bw="9" slack="1"/>
<pin id="1111" dir="1" index="2" bw="1" slack="0"/>
</pin_list>
<bind>
<opcode="icmp(45) " fcode="icmp"/>
<opset="icmp_ln37_3/2 "/>
</bind>
</comp>

<comp id="1112" class="1004" name="select_ln37_3_fu_1112">
<pin_list>
<pin id="1113" dir="0" index="0" bw="1" slack="0"/>
<pin id="1114" dir="0" index="1" bw="9" slack="1"/>
<pin id="1115" dir="0" index="2" bw="9" slack="1"/>
<pin id="1116" dir="1" index="3" bw="9" slack="0"/>
</pin_list>
<bind>
<opcode="select(49) " fcode="select"/>
<opset="select_ln37_3/2 "/>
</bind>
</comp>

<comp id="1118" class="1004" name="trunc_ln37_3_fu_1118">
<pin_list>
<pin id="1119" dir="0" index="0" bw="9" slack="0"/>
<pin id="1120" dir="1" index="1" bw="8" slack="1"/>
</pin_list>
<bind>
<opcode="trunc(33) " fcode="trunc"/>
<opset="trunc_ln37_3/2 "/>
</bind>
</comp>

<comp id="1122" class="1004" name="select_ln44_1_fu_1122">
<pin_list>
<pin id="1123" dir="0" index="0" bw="1" slack="1"/>
<pin id="1124" dir="0" index="1" bw="9" slack="1"/>
<pin id="1125" dir="0" index="2" bw="9" slack="1"/>
<pin id="1126" dir="1" index="3" bw="9" slack="0"/>
</pin_list>
<bind>
<opcode="select(49) " fcode="select"/>
<opset="select_ln44_1/2 "/>
</bind>
</comp>

<comp id="1127" class="1004" name="select_ln43_2_fu_1127">
<pin_list>
<pin id="1128" dir="0" index="0" bw="1" slack="1"/>
<pin id="1129" dir="0" index="1" bw="9" slack="1"/>
<pin id="1130" dir="0" index="2" bw="9" slack="1"/>
<pin id="1131" dir="1" index="3" bw="9" slack="0"/>
</pin_list>
<bind>
<opcode="select(49) " fcode="select"/>
<opset="select_ln43_2/2 "/>
</bind>
</comp>

<comp id="1132" class="1004" name="icmp_ln43_9_fu_1132">
<pin_list>
<pin id="1133" dir="0" index="0" bw="9" slack="0"/>
<pin id="1134" dir="0" index="1" bw="9" slack="0"/>
<pin id="1135" dir="1" index="2" bw="1" slack="0"/>
</pin_list>
<bind>
<opcode="icmp(45) " fcode="icmp"/>
<opset="icmp_ln43_9/2 "/>
</bind>
</comp>

<comp id="1138" class="1004" name="select_ln43_3_fu_1138">
<pin_list>
<pin id="1139" dir="0" index="0" bw="1" slack="0"/>
<pin id="1140" dir="0" index="1" bw="9" slack="0"/>
<pin id="1141" dir="0" index="2" bw="9" slack="0"/>
<pin id="1142" dir="1" index="3" bw="9" slack="0"/>
</pin_list>
<bind>
<opcode="select(49) " fcode="select"/>
<opset="select_ln43_3/2 "/>
</bind>
</comp>

<comp id="1146" class="1004" name="icmp_ln44_1_fu_1146">
<pin_list>
<pin id="1147" dir="0" index="0" bw="9" slack="1"/>
<pin id="1148" dir="0" index="1" bw="9" slack="1"/>
<pin id="1149" dir="1" index="2" bw="1" slack="0"/>
</pin_list>
<bind>
<opcode="icmp(45) " fcode="icmp"/>
<opset="icmp_ln44_1/2 "/>
</bind>
</comp>

<comp id="1150" class="1004" name="select_ln44_2_fu_1150">
<pin_list>
<pin id="1151" dir="0" index="0" bw="1" slack="0"/>
<pin id="1152" dir="0" index="1" bw="9" slack="1"/>
<pin id="1153" dir="0" index="2" bw="9" slack="1"/>
<pin id="1154" dir="1" index="3" bw="9" slack="0"/>
</pin_list>
<bind>
<opcode="select(49) " fcode="select"/>
<opset="select_ln44_2/2 "/>
</bind>
</comp>

<comp id="1156" class="1004" name="icmp_ln44_8_fu_1156">
<pin_list>
<pin id="1157" dir="0" index="0" bw="9" slack="0"/>
<pin id="1158" dir="0" index="1" bw="9" slack="0"/>
<pin id="1159" dir="1" index="2" bw="1" slack="0"/>
</pin_list>
<bind>
<opcode="icmp(45) " fcode="icmp"/>
<opset="icmp_ln44_8/2 "/>
</bind>
</comp>

<comp id="1162" class="1004" name="select_ln44_3_fu_1162">
<pin_list>
<pin id="1163" dir="0" index="0" bw="1" slack="0"/>
<pin id="1164" dir="0" index="1" bw="9" slack="0"/>
<pin id="1165" dir="0" index="2" bw="9" slack="0"/>
<pin id="1166" dir="1" index="3" bw="9" slack="0"/>
</pin_list>
<bind>
<opcode="select(49) " fcode="select"/>
<opset="select_ln44_3/2 "/>
</bind>
</comp>

<comp id="1170" class="1004" name="icmp_ln43_2_fu_1170">
<pin_list>
<pin id="1171" dir="0" index="0" bw="9" slack="1"/>
<pin id="1172" dir="0" index="1" bw="9" slack="1"/>
<pin id="1173" dir="1" index="2" bw="1" slack="0"/>
</pin_list>
<bind>
<opcode="icmp(45) " fcode="icmp"/>
<opset="icmp_ln43_2/2 "/>
</bind>
</comp>

<comp id="1174" class="1004" name="select_ln43_4_fu_1174">
<pin_list>
<pin id="1175" dir="0" index="0" bw="1" slack="0"/>
<pin id="1176" dir="0" index="1" bw="9" slack="1"/>
<pin id="1177" dir="0" index="2" bw="9" slack="1"/>
<pin id="1178" dir="1" index="3" bw="9" slack="0"/>
</pin_list>
<bind>
<opcode="select(49) " fcode="select"/>
<opset="select_ln43_4/2 "/>
</bind>
</comp>

<comp id="1180" class="1004" name="icmp_ln43_10_fu_1180">
<pin_list>
<pin id="1181" dir="0" index="0" bw="9" slack="0"/>
<pin id="1182" dir="0" index="1" bw="9" slack="0"/>
<pin id="1183" dir="1" index="2" bw="1" slack="0"/>
</pin_list>
<bind>
<opcode="icmp(45) " fcode="icmp"/>
<opset="icmp_ln43_10/2 "/>
</bind>
</comp>

<comp id="1186" class="1004" name="select_ln43_5_fu_1186">
<pin_list>
<pin id="1187" dir="0" index="0" bw="1" slack="0"/>
<pin id="1188" dir="0" index="1" bw="9" slack="0"/>
<pin id="1189" dir="0" index="2" bw="9" slack="0"/>
<pin id="1190" dir="1" index="3" bw="9" slack="0"/>
</pin_list>
<bind>
<opcode="select(49) " fcode="select"/>
<opset="select_ln43_5/2 "/>
</bind>
</comp>

<comp id="1194" class="1004" name="icmp_ln44_9_fu_1194">
<pin_list>
<pin id="1195" dir="0" index="0" bw="9" slack="1"/>
<pin id="1196" dir="0" index="1" bw="9" slack="1"/>
<pin id="1197" dir="1" index="2" bw="1" slack="0"/>
</pin_list>
<bind>
<opcode="icmp(45) " fcode="icmp"/>
<opset="icmp_ln44_9/2 "/>
</bind>
</comp>

<comp id="1198" class="1004" name="select_ln44_4_fu_1198">
<pin_list>
<pin id="1199" dir="0" index="0" bw="1" slack="0"/>
<pin id="1200" dir="0" index="1" bw="9" slack="1"/>
<pin id="1201" dir="0" index="2" bw="9" slack="1"/>
<pin id="1202" dir="1" index="3" bw="9" slack="0"/>
</pin_list>
<bind>
<opcode="select(49) " fcode="select"/>
<opset="select_ln44_4/2 "/>
</bind>
</comp>

<comp id="1204" class="1004" name="icmp_ln44_10_fu_1204">
<pin_list>
<pin id="1205" dir="0" index="0" bw="9" slack="0"/>
<pin id="1206" dir="0" index="1" bw="9" slack="0"/>
<pin id="1207" dir="1" index="2" bw="1" slack="0"/>
</pin_list>
<bind>
<opcode="icmp(45) " fcode="icmp"/>
<opset="icmp_ln44_10/2 "/>
</bind>
</comp>

<comp id="1210" class="1004" name="select_ln44_5_fu_1210">
<pin_list>
<pin id="1211" dir="0" index="0" bw="1" slack="0"/>
<pin id="1212" dir="0" index="1" bw="9" slack="0"/>
<pin id="1213" dir="0" index="2" bw="9" slack="0"/>
<pin id="1214" dir="1" index="3" bw="9" slack="0"/>
</pin_list>
<bind>
<opcode="select(49) " fcode="select"/>
<opset="select_ln44_5/2 "/>
</bind>
</comp>

<comp id="1218" class="1004" name="icmp_ln43_3_fu_1218">
<pin_list>
<pin id="1219" dir="0" index="0" bw="9" slack="1"/>
<pin id="1220" dir="0" index="1" bw="9" slack="1"/>
<pin id="1221" dir="1" index="2" bw="1" slack="0"/>
</pin_list>
<bind>
<opcode="icmp(45) " fcode="icmp"/>
<opset="icmp_ln43_3/2 "/>
</bind>
</comp>

<comp id="1222" class="1004" name="select_ln43_6_fu_1222">
<pin_list>
<pin id="1223" dir="0" index="0" bw="1" slack="0"/>
<pin id="1224" dir="0" index="1" bw="9" slack="1"/>
<pin id="1225" dir="0" index="2" bw="9" slack="1"/>
<pin id="1226" dir="1" index="3" bw="9" slack="0"/>
</pin_list>
<bind>
<opcode="select(49) " fcode="select"/>
<opset="select_ln43_6/2 "/>
</bind>
</comp>

<comp id="1228" class="1004" name="icmp_ln43_11_fu_1228">
<pin_list>
<pin id="1229" dir="0" index="0" bw="9" slack="0"/>
<pin id="1230" dir="0" index="1" bw="9" slack="0"/>
<pin id="1231" dir="1" index="2" bw="1" slack="0"/>
</pin_list>
<bind>
<opcode="icmp(45) " fcode="icmp"/>
<opset="icmp_ln43_11/2 "/>
</bind>
</comp>

<comp id="1234" class="1004" name="select_ln43_7_fu_1234">
<pin_list>
<pin id="1235" dir="0" index="0" bw="1" slack="0"/>
<pin id="1236" dir="0" index="1" bw="9" slack="0"/>
<pin id="1237" dir="0" index="2" bw="9" slack="0"/>
<pin id="1238" dir="1" index="3" bw="9" slack="1"/>
</pin_list>
<bind>
<opcode="select(49) " fcode="select"/>
<opset="select_ln43_7/2 "/>
</bind>
</comp>

<comp id="1242" class="1004" name="icmp_ln44_3_fu_1242">
<pin_list>
<pin id="1243" dir="0" index="0" bw="9" slack="1"/>
<pin id="1244" dir="0" index="1" bw="9" slack="1"/>
<pin id="1245" dir="1" index="2" bw="1" slack="0"/>
</pin_list>
<bind>
<opcode="icmp(45) " fcode="icmp"/>
<opset="icmp_ln44_3/2 "/>
</bind>
</comp>

<comp id="1246" class="1004" name="select_ln44_6_fu_1246">
<pin_list>
<pin id="1247" dir="0" index="0" bw="1" slack="0"/>
<pin id="1248" dir="0" index="1" bw="9" slack="1"/>
<pin id="1249" dir="0" index="2" bw="9" slack="1"/>
<pin id="1250" dir="1" index="3" bw="9" slack="1"/>
</pin_list>
<bind>
<opcode="select(49) " fcode="select"/>
<opset="select_ln44_6/2 "/>
</bind>
</comp>

<comp id="1252" class="1004" name="zext_ln37_3_fu_1252">
<pin_list>
<pin id="1253" dir="0" index="0" bw="8" slack="1"/>
<pin id="1254" dir="1" index="1" bw="9" slack="0"/>
</pin_list>
<bind>
<opcode="zext(34) " fcode="zext"/>
<opset="zext_ln37_3/3 "/>
</bind>
</comp>

<comp id="1255" class="1004" name="icmp_ln37_11_fu_1255">
<pin_list>
<pin id="1256" dir="0" index="0" bw="8" slack="0"/>
<pin id="1257" dir="0" index="1" bw="9" slack="1"/>
<pin id="1258" dir="1" index="2" bw="1" slack="0"/>
</pin_list>
<bind>
<opcode="icmp(45) " fcode="icmp"/>
<opset="icmp_ln37_11/3 "/>
</bind>
</comp>

<comp id="1260" class="1004" name="select_ln37_11_fu_1260">
<pin_list>
<pin id="1261" dir="0" index="0" bw="1" slack="0"/>
<pin id="1262" dir="0" index="1" bw="8" slack="1"/>
<pin id="1263" dir="0" index="2" bw="8" slack="1"/>
<pin id="1264" dir="1" index="3" bw="8" slack="0"/>
</pin_list>
<bind>
<opcode="select(49) " fcode="select"/>
<opset="select_ln37_11/3 "/>
</bind>
</comp>

<comp id="1266" class="1004" name="zext_ln36_4_fu_1266">
<pin_list>
<pin id="1267" dir="0" index="0" bw="8" slack="0"/>
<pin id="1268" dir="1" index="1" bw="9" slack="0"/>
</pin_list>
<bind>
<opcode="zext(34) " fcode="zext"/>
<opset="zext_ln36_4/3 "/>
</bind>
</comp>

<comp id="1270" class="1004" name="icmp_ln36_4_fu_1270">
<pin_list>
<pin id="1271" dir="0" index="0" bw="9" slack="2"/>
<pin id="1272" dir="0" index="1" bw="9" slack="2"/>
<pin id="1273" dir="1" index="2" bw="1" slack="0"/>
</pin_list>
<bind>
<opcode="icmp(45) " fcode="icmp"/>
<opset="icmp_ln36_4/3 "/>
</bind>
</comp>

<comp id="1274" class="1004" name="select_ln36_4_fu_1274">
<pin_list>
<pin id="1275" dir="0" index="0" bw="1" slack="0"/>
<pin id="1276" dir="0" index="1" bw="9" slack="2"/>
<pin id="1277" dir="0" index="2" bw="9" slack="2"/>
<pin id="1278" dir="1" index="3" bw="9" slack="0"/>
</pin_list>
<bind>
<opcode="select(49) " fcode="select"/>
<opset="select_ln36_4/3 "/>
</bind>
</comp>

<comp id="1280" class="1004" name="icmp_ln36_12_fu_1280">
<pin_list>
<pin id="1281" dir="0" index="0" bw="8" slack="0"/>
<pin id="1282" dir="0" index="1" bw="9" slack="0"/>
<pin id="1283" dir="1" index="2" bw="1" slack="0"/>
</pin_list>
<bind>
<opcode="icmp(45) " fcode="icmp"/>
<opset="icmp_ln36_12/3 "/>
</bind>
</comp>

<comp id="1286" class="1004" name="trunc_ln36_4_fu_1286">
<pin_list>
<pin id="1287" dir="0" index="0" bw="9" slack="0"/>
<pin id="1288" dir="1" index="1" bw="8" slack="0"/>
</pin_list>
<bind>
<opcode="trunc(33) " fcode="trunc"/>
<opset="trunc_ln36_4/3 "/>
</bind>
</comp>

<comp id="1290" class="1004" name="select_ln36_12_fu_1290">
<pin_list>
<pin id="1291" dir="0" index="0" bw="1" slack="0"/>
<pin id="1292" dir="0" index="1" bw="8" slack="0"/>
<pin id="1293" dir="0" index="2" bw="8" slack="0"/>
<pin id="1294" dir="1" index="3" bw="8" slack="0"/>
</pin_list>
<bind>
<opcode="select(49) " fcode="select"/>
<opset="select_ln36_12/3 "/>
</bind>
</comp>

<comp id="1298" class="1004" name="zext_ln37_4_fu_1298">
<pin_list>
<pin id="1299" dir="0" index="0" bw="8" slack="0"/>
<pin id="1300" dir="1" index="1" bw="9" slack="0"/>
</pin_list>
<bind>
<opcode="zext(34) " fcode="zext"/>
<opset="zext_ln37_4/3 "/>
</bind>
</comp>

<comp id="1302" class="1004" name="icmp_ln37_4_fu_1302">
<pin_list>
<pin id="1303" dir="0" index="0" bw="9" slack="2"/>
<pin id="1304" dir="0" index="1" bw="9" slack="2"/>
<pin id="1305" dir="1" index="2" bw="1" slack="0"/>
</pin_list>
<bind>
<opcode="icmp(45) " fcode="icmp"/>
<opset="icmp_ln37_4/3 "/>
</bind>
</comp>

<comp id="1306" class="1004" name="select_ln37_4_fu_1306">
<pin_list>
<pin id="1307" dir="0" index="0" bw="1" slack="0"/>
<pin id="1308" dir="0" index="1" bw="9" slack="2"/>
<pin id="1309" dir="0" index="2" bw="9" slack="2"/>
<pin id="1310" dir="1" index="3" bw="9" slack="0"/>
</pin_list>
<bind>
<opcode="select(49) " fcode="select"/>
<opset="select_ln37_4/3 "/>
</bind>
</comp>

<comp id="1312" class="1004" name="icmp_ln37_12_fu_1312">
<pin_list>
<pin id="1313" dir="0" index="0" bw="8" slack="0"/>
<pin id="1314" dir="0" index="1" bw="9" slack="0"/>
<pin id="1315" dir="1" index="2" bw="1" slack="0"/>
</pin_list>
<bind>
<opcode="icmp(45) " fcode="icmp"/>
<opset="icmp_ln37_12/3 "/>
</bind>
</comp>

<comp id="1318" class="1004" name="trunc_ln37_4_fu_1318">
<pin_list>
<pin id="1319" dir="0" index="0" bw="9" slack="0"/>
<pin id="1320" dir="1" index="1" bw="8" slack="0"/>
</pin_list>
<bind>
<opcode="trunc(33) " fcode="trunc"/>
<opset="trunc_ln37_4/3 "/>
</bind>
</comp>

<comp id="1322" class="1004" name="select_ln37_12_fu_1322">
<pin_list>
<pin id="1323" dir="0" index="0" bw="1" slack="0"/>
<pin id="1324" dir="0" index="1" bw="8" slack="0"/>
<pin id="1325" dir="0" index="2" bw="8" slack="0"/>
<pin id="1326" dir="1" index="3" bw="8" slack="0"/>
</pin_list>
<bind>
<opcode="select(49) " fcode="select"/>
<opset="select_ln37_12/3 "/>
</bind>
</comp>

<comp id="1330" class="1004" name="zext_ln36_5_fu_1330">
<pin_list>
<pin id="1331" dir="0" index="0" bw="8" slack="0"/>
<pin id="1332" dir="1" index="1" bw="9" slack="0"/>
</pin_list>
<bind>
<opcode="zext(34) " fcode="zext"/>
<opset="zext_ln36_5/3 "/>
</bind>
</comp>

<comp id="1334" class="1004" name="icmp_ln36_5_fu_1334">
<pin_list>
<pin id="1335" dir="0" index="0" bw="9" slack="2"/>
<pin id="1336" dir="0" index="1" bw="9" slack="2"/>
<pin id="1337" dir="1" index="2" bw="1" slack="0"/>
</pin_list>
<bind>
<opcode="icmp(45) " fcode="icmp"/>
<opset="icmp_ln36_5/3 "/>
</bind>
</comp>

<comp id="1338" class="1004" name="select_ln36_5_fu_1338">
<pin_list>
<pin id="1339" dir="0" index="0" bw="1" slack="0"/>
<pin id="1340" dir="0" index="1" bw="9" slack="2"/>
<pin id="1341" dir="0" index="2" bw="9" slack="2"/>
<pin id="1342" dir="1" index="3" bw="9" slack="0"/>
</pin_list>
<bind>
<opcode="select(49) " fcode="select"/>
<opset="select_ln36_5/3 "/>
</bind>
</comp>

<comp id="1344" class="1004" name="icmp_ln36_13_fu_1344">
<pin_list>
<pin id="1345" dir="0" index="0" bw="8" slack="0"/>
<pin id="1346" dir="0" index="1" bw="9" slack="0"/>
<pin id="1347" dir="1" index="2" bw="1" slack="0"/>
</pin_list>
<bind>
<opcode="icmp(45) " fcode="icmp"/>
<opset="icmp_ln36_13/3 "/>
</bind>
</comp>

<comp id="1350" class="1004" name="trunc_ln36_5_fu_1350">
<pin_list>
<pin id="1351" dir="0" index="0" bw="9" slack="0"/>
<pin id="1352" dir="1" index="1" bw="8" slack="0"/>
</pin_list>
<bind>
<opcode="trunc(33) " fcode="trunc"/>
<opset="trunc_ln36_5/3 "/>
</bind>
</comp>

<comp id="1354" class="1004" name="select_ln36_13_fu_1354">
<pin_list>
<pin id="1355" dir="0" index="0" bw="1" slack="0"/>
<pin id="1356" dir="0" index="1" bw="8" slack="0"/>
<pin id="1357" dir="0" index="2" bw="8" slack="0"/>
<pin id="1358" dir="1" index="3" bw="8" slack="0"/>
</pin_list>
<bind>
<opcode="select(49) " fcode="select"/>
<opset="select_ln36_13/3 "/>
</bind>
</comp>

<comp id="1362" class="1004" name="zext_ln37_5_fu_1362">
<pin_list>
<pin id="1363" dir="0" index="0" bw="8" slack="0"/>
<pin id="1364" dir="1" index="1" bw="9" slack="0"/>
</pin_list>
<bind>
<opcode="zext(34) " fcode="zext"/>
<opset="zext_ln37_5/3 "/>
</bind>
</comp>

<comp id="1366" class="1004" name="icmp_ln37_5_fu_1366">
<pin_list>
<pin id="1367" dir="0" index="0" bw="9" slack="2"/>
<pin id="1368" dir="0" index="1" bw="9" slack="2"/>
<pin id="1369" dir="1" index="2" bw="1" slack="0"/>
</pin_list>
<bind>
<opcode="icmp(45) " fcode="icmp"/>
<opset="icmp_ln37_5/3 "/>
</bind>
</comp>

<comp id="1370" class="1004" name="select_ln37_5_fu_1370">
<pin_list>
<pin id="1371" dir="0" index="0" bw="1" slack="0"/>
<pin id="1372" dir="0" index="1" bw="9" slack="2"/>
<pin id="1373" dir="0" index="2" bw="9" slack="2"/>
<pin id="1374" dir="1" index="3" bw="9" slack="0"/>
</pin_list>
<bind>
<opcode="select(49) " fcode="select"/>
<opset="select_ln37_5/3 "/>
</bind>
</comp>

<comp id="1376" class="1004" name="icmp_ln37_13_fu_1376">
<pin_list>
<pin id="1377" dir="0" index="0" bw="8" slack="0"/>
<pin id="1378" dir="0" index="1" bw="9" slack="0"/>
<pin id="1379" dir="1" index="2" bw="1" slack="0"/>
</pin_list>
<bind>
<opcode="icmp(45) " fcode="icmp"/>
<opset="icmp_ln37_13/3 "/>
</bind>
</comp>

<comp id="1382" class="1004" name="trunc_ln37_5_fu_1382">
<pin_list>
<pin id="1383" dir="0" index="0" bw="9" slack="0"/>
<pin id="1384" dir="1" index="1" bw="8" slack="0"/>
</pin_list>
<bind>
<opcode="trunc(33) " fcode="trunc"/>
<opset="trunc_ln37_5/3 "/>
</bind>
</comp>

<comp id="1386" class="1004" name="select_ln37_13_fu_1386">
<pin_list>
<pin id="1387" dir="0" index="0" bw="1" slack="0"/>
<pin id="1388" dir="0" index="1" bw="8" slack="0"/>
<pin id="1389" dir="0" index="2" bw="8" slack="0"/>
<pin id="1390" dir="1" index="3" bw="8" slack="0"/>
</pin_list>
<bind>
<opcode="select(49) " fcode="select"/>
<opset="select_ln37_13/3 "/>
</bind>
</comp>

<comp id="1394" class="1004" name="zext_ln36_6_fu_1394">
<pin_list>
<pin id="1395" dir="0" index="0" bw="8" slack="0"/>
<pin id="1396" dir="1" index="1" bw="9" slack="0"/>
</pin_list>
<bind>
<opcode="zext(34) " fcode="zext"/>
<opset="zext_ln36_6/3 "/>
</bind>
</comp>

<comp id="1398" class="1004" name="icmp_ln36_6_fu_1398">
<pin_list>
<pin id="1399" dir="0" index="0" bw="9" slack="2"/>
<pin id="1400" dir="0" index="1" bw="9" slack="2"/>
<pin id="1401" dir="1" index="2" bw="1" slack="0"/>
</pin_list>
<bind>
<opcode="icmp(45) " fcode="icmp"/>
<opset="icmp_ln36_6/3 "/>
</bind>
</comp>

<comp id="1402" class="1004" name="select_ln36_6_fu_1402">
<pin_list>
<pin id="1403" dir="0" index="0" bw="1" slack="0"/>
<pin id="1404" dir="0" index="1" bw="9" slack="2"/>
<pin id="1405" dir="0" index="2" bw="9" slack="2"/>
<pin id="1406" dir="1" index="3" bw="9" slack="0"/>
</pin_list>
<bind>
<opcode="select(49) " fcode="select"/>
<opset="select_ln36_6/3 "/>
</bind>
</comp>

<comp id="1408" class="1004" name="icmp_ln36_14_fu_1408">
<pin_list>
<pin id="1409" dir="0" index="0" bw="8" slack="0"/>
<pin id="1410" dir="0" index="1" bw="9" slack="0"/>
<pin id="1411" dir="1" index="2" bw="1" slack="1"/>
</pin_list>
<bind>
<opcode="icmp(45) " fcode="icmp"/>
<opset="icmp_ln36_14/3 "/>
</bind>
</comp>

<comp id="1414" class="1004" name="trunc_ln36_6_fu_1414">
<pin_list>
<pin id="1415" dir="0" index="0" bw="9" slack="0"/>
<pin id="1416" dir="1" index="1" bw="8" slack="1"/>
</pin_list>
<bind>
<opcode="trunc(33) " fcode="trunc"/>
<opset="trunc_ln36_6/3 "/>
</bind>
</comp>

<comp id="1418" class="1004" name="icmp_ln37_6_fu_1418">
<pin_list>
<pin id="1419" dir="0" index="0" bw="9" slack="2"/>
<pin id="1420" dir="0" index="1" bw="9" slack="2"/>
<pin id="1421" dir="1" index="2" bw="1" slack="0"/>
</pin_list>
<bind>
<opcode="icmp(45) " fcode="icmp"/>
<opset="icmp_ln37_6/3 "/>
</bind>
</comp>

<comp id="1422" class="1004" name="select_ln37_6_fu_1422">
<pin_list>
<pin id="1423" dir="0" index="0" bw="1" slack="0"/>
<pin id="1424" dir="0" index="1" bw="9" slack="2"/>
<pin id="1425" dir="0" index="2" bw="9" slack="2"/>
<pin id="1426" dir="1" index="3" bw="9" slack="0"/>
</pin_list>
<bind>
<opcode="select(49) " fcode="select"/>
<opset="select_ln37_6/3 "/>
</bind>
</comp>

<comp id="1428" class="1004" name="trunc_ln37_6_fu_1428">
<pin_list>
<pin id="1429" dir="0" index="0" bw="9" slack="0"/>
<pin id="1430" dir="1" index="1" bw="8" slack="1"/>
</pin_list>
<bind>
<opcode="trunc(33) " fcode="trunc"/>
<opset="trunc_ln37_6/3 "/>
</bind>
</comp>

<comp id="1432" class="1004" name="icmp_ln44_11_fu_1432">
<pin_list>
<pin id="1433" dir="0" index="0" bw="9" slack="1"/>
<pin id="1434" dir="0" index="1" bw="9" slack="1"/>
<pin id="1435" dir="1" index="2" bw="1" slack="0"/>
</pin_list>
<bind>
<opcode="icmp(45) " fcode="icmp"/>
<opset="icmp_ln44_11/3 "/>
</bind>
</comp>

<comp id="1436" class="1004" name="select_ln44_7_fu_1436">
<pin_list>
<pin id="1437" dir="0" index="0" bw="1" slack="0"/>
<pin id="1438" dir="0" index="1" bw="9" slack="1"/>
<pin id="1439" dir="0" index="2" bw="9" slack="1"/>
<pin id="1440" dir="1" index="3" bw="9" slack="0"/>
</pin_list>
<bind>
<opcode="select(49) " fcode="select"/>
<opset="select_ln44_7/3 "/>
</bind>
</comp>

<comp id="1442" class="1004" name="icmp_ln43_4_fu_1442">
<pin_list>
<pin id="1443" dir="0" index="0" bw="9" slack="2"/>
<pin id="1444" dir="0" index="1" bw="9" slack="2"/>
<pin id="1445" dir="1" index="2" bw="1" slack="0"/>
</pin_list>
<bind>
<opcode="icmp(45) " fcode="icmp"/>
<opset="icmp_ln43_4/3 "/>
</bind>
</comp>

<comp id="1446" class="1004" name="select_ln43_8_fu_1446">
<pin_list>
<pin id="1447" dir="0" index="0" bw="1" slack="0"/>
<pin id="1448" dir="0" index="1" bw="9" slack="2"/>
<pin id="1449" dir="0" index="2" bw="9" slack="2"/>
<pin id="1450" dir="1" index="3" bw="9" slack="0"/>
</pin_list>
<bind>
<opcode="select(49) " fcode="select"/>
<opset="select_ln43_8/3 "/>
</bind>
</comp>

<comp id="1452" class="1004" name="icmp_ln43_12_fu_1452">
<pin_list>
<pin id="1453" dir="0" index="0" bw="9" slack="0"/>
<pin id="1454" dir="0" index="1" bw="9" slack="0"/>
<pin id="1455" dir="1" index="2" bw="1" slack="0"/>
</pin_list>
<bind>
<opcode="icmp(45) " fcode="icmp"/>
<opset="icmp_ln43_12/3 "/>
</bind>
</comp>

<comp id="1458" class="1004" name="select_ln43_9_fu_1458">
<pin_list>
<pin id="1459" dir="0" index="0" bw="1" slack="0"/>
<pin id="1460" dir="0" index="1" bw="9" slack="0"/>
<pin id="1461" dir="0" index="2" bw="9" slack="0"/>
<pin id="1462" dir="1" index="3" bw="9" slack="0"/>
</pin_list>
<bind>
<opcode="select(49) " fcode="select"/>
<opset="select_ln43_9/3 "/>
</bind>
</comp>

<comp id="1466" class="1004" name="icmp_ln44_4_fu_1466">
<pin_list>
<pin id="1467" dir="0" index="0" bw="9" slack="2"/>
<pin id="1468" dir="0" index="1" bw="9" slack="2"/>
<pin id="1469" dir="1" index="2" bw="1" slack="0"/>
</pin_list>
<bind>
<opcode="icmp(45) " fcode="icmp"/>
<opset="icmp_ln44_4/3 "/>
</bind>
</comp>

<comp id="1470" class="1004" name="select_ln44_8_fu_1470">
<pin_list>
<pin id="1471" dir="0" index="0" bw="1" slack="0"/>
<pin id="1472" dir="0" index="1" bw="9" slack="2"/>
<pin id="1473" dir="0" index="2" bw="9" slack="2"/>
<pin id="1474" dir="1" index="3" bw="9" slack="0"/>
</pin_list>
<bind>
<opcode="select(49) " fcode="select"/>
<opset="select_ln44_8/3 "/>
</bind>
</comp>

<comp id="1476" class="1004" name="icmp_ln44_12_fu_1476">
<pin_list>
<pin id="1477" dir="0" index="0" bw="9" slack="0"/>
<pin id="1478" dir="0" index="1" bw="9" slack="0"/>
<pin id="1479" dir="1" index="2" bw="1" slack="0"/>
</pin_list>
<bind>
<opcode="icmp(45) " fcode="icmp"/>
<opset="icmp_ln44_12/3 "/>
</bind>
</comp>

<comp id="1482" class="1004" name="select_ln44_9_fu_1482">
<pin_list>
<pin id="1483" dir="0" index="0" bw="1" slack="0"/>
<pin id="1484" dir="0" index="1" bw="9" slack="0"/>
<pin id="1485" dir="0" index="2" bw="9" slack="0"/>
<pin id="1486" dir="1" index="3" bw="9" slack="0"/>
</pin_list>
<bind>
<opcode="select(49) " fcode="select"/>
<opset="select_ln44_9/3 "/>
</bind>
</comp>

<comp id="1490" class="1004" name="icmp_ln43_5_fu_1490">
<pin_list>
<pin id="1491" dir="0" index="0" bw="9" slack="2"/>
<pin id="1492" dir="0" index="1" bw="9" slack="2"/>
<pin id="1493" dir="1" index="2" bw="1" slack="0"/>
</pin_list>
<bind>
<opcode="icmp(45) " fcode="icmp"/>
<opset="icmp_ln43_5/3 "/>
</bind>
</comp>

<comp id="1494" class="1004" name="select_ln43_10_fu_1494">
<pin_list>
<pin id="1495" dir="0" index="0" bw="1" slack="0"/>
<pin id="1496" dir="0" index="1" bw="9" slack="2"/>
<pin id="1497" dir="0" index="2" bw="9" slack="2"/>
<pin id="1498" dir="1" index="3" bw="9" slack="0"/>
</pin_list>
<bind>
<opcode="select(49) " fcode="select"/>
<opset="select_ln43_10/3 "/>
</bind>
</comp>

<comp id="1500" class="1004" name="icmp_ln43_13_fu_1500">
<pin_list>
<pin id="1501" dir="0" index="0" bw="9" slack="0"/>
<pin id="1502" dir="0" index="1" bw="9" slack="0"/>
<pin id="1503" dir="1" index="2" bw="1" slack="0"/>
</pin_list>
<bind>
<opcode="icmp(45) " fcode="icmp"/>
<opset="icmp_ln43_13/3 "/>
</bind>
</comp>

<comp id="1506" class="1004" name="select_ln43_11_fu_1506">
<pin_list>
<pin id="1507" dir="0" index="0" bw="1" slack="0"/>
<pin id="1508" dir="0" index="1" bw="9" slack="0"/>
<pin id="1509" dir="0" index="2" bw="9" slack="0"/>
<pin id="1510" dir="1" index="3" bw="9" slack="0"/>
</pin_list>
<bind>
<opcode="select(49) " fcode="select"/>
<opset="select_ln43_11/3 "/>
</bind>
</comp>

<comp id="1514" class="1004" name="icmp_ln44_5_fu_1514">
<pin_list>
<pin id="1515" dir="0" index="0" bw="9" slack="2"/>
<pin id="1516" dir="0" index="1" bw="9" slack="2"/>
<pin id="1517" dir="1" index="2" bw="1" slack="0"/>
</pin_list>
<bind>
<opcode="icmp(45) " fcode="icmp"/>
<opset="icmp_ln44_5/3 "/>
</bind>
</comp>

<comp id="1518" class="1004" name="select_ln44_10_fu_1518">
<pin_list>
<pin id="1519" dir="0" index="0" bw="1" slack="0"/>
<pin id="1520" dir="0" index="1" bw="9" slack="2"/>
<pin id="1521" dir="0" index="2" bw="9" slack="2"/>
<pin id="1522" dir="1" index="3" bw="9" slack="0"/>
</pin_list>
<bind>
<opcode="select(49) " fcode="select"/>
<opset="select_ln44_10/3 "/>
</bind>
</comp>

<comp id="1524" class="1004" name="icmp_ln44_13_fu_1524">
<pin_list>
<pin id="1525" dir="0" index="0" bw="9" slack="0"/>
<pin id="1526" dir="0" index="1" bw="9" slack="0"/>
<pin id="1527" dir="1" index="2" bw="1" slack="0"/>
</pin_list>
<bind>
<opcode="icmp(45) " fcode="icmp"/>
<opset="icmp_ln44_13/3 "/>
</bind>
</comp>

<comp id="1530" class="1004" name="select_ln44_11_fu_1530">
<pin_list>
<pin id="1531" dir="0" index="0" bw="1" slack="0"/>
<pin id="1532" dir="0" index="1" bw="9" slack="0"/>
<pin id="1533" dir="0" index="2" bw="9" slack="0"/>
<pin id="1534" dir="1" index="3" bw="9" slack="1"/>
</pin_list>
<bind>
<opcode="select(49) " fcode="select"/>
<opset="select_ln44_11/3 "/>
</bind>
</comp>

<comp id="1538" class="1004" name="icmp_ln43_6_fu_1538">
<pin_list>
<pin id="1539" dir="0" index="0" bw="9" slack="2"/>
<pin id="1540" dir="0" index="1" bw="9" slack="2"/>
<pin id="1541" dir="1" index="2" bw="1" slack="0"/>
</pin_list>
<bind>
<opcode="icmp(45) " fcode="icmp"/>
<opset="icmp_ln43_6/3 "/>
</bind>
</comp>

<comp id="1542" class="1004" name="select_ln43_12_fu_1542">
<pin_list>
<pin id="1543" dir="0" index="0" bw="1" slack="0"/>
<pin id="1544" dir="0" index="1" bw="9" slack="2"/>
<pin id="1545" dir="0" index="2" bw="9" slack="2"/>
<pin id="1546" dir="1" index="3" bw="9" slack="1"/>
</pin_list>
<bind>
<opcode="select(49) " fcode="select"/>
<opset="select_ln43_12/3 "/>
</bind>
</comp>

<comp id="1548" class="1004" name="icmp_ln44_6_fu_1548">
<pin_list>
<pin id="1549" dir="0" index="0" bw="9" slack="2"/>
<pin id="1550" dir="0" index="1" bw="9" slack="2"/>
<pin id="1551" dir="1" index="2" bw="1" slack="0"/>
</pin_list>
<bind>
<opcode="icmp(45) " fcode="icmp"/>
<opset="icmp_ln44_6/3 "/>
</bind>
</comp>

<comp id="1552" class="1004" name="select_ln44_12_fu_1552">
<pin_list>
<pin id="1553" dir="0" index="0" bw="1" slack="0"/>
<pin id="1554" dir="0" index="1" bw="9" slack="2"/>
<pin id="1555" dir="0" index="2" bw="9" slack="2"/>
<pin id="1556" dir="1" index="3" bw="9" slack="1"/>
</pin_list>
<bind>
<opcode="select(49) " fcode="select"/>
<opset="select_ln44_12/3 "/>
</bind>
</comp>

<comp id="1558" class="1004" name="select_ln36_14_fu_1558">
<pin_list>
<pin id="1559" dir="0" index="0" bw="1" slack="1"/>
<pin id="1560" dir="0" index="1" bw="8" slack="1"/>
<pin id="1561" dir="0" index="2" bw="8" slack="1"/>
<pin id="1562" dir="1" index="3" bw="8" slack="0"/>
</pin_list>
<bind>
<opcode="select(49) " fcode="select"/>
<opset="select_ln36_14/4 "/>
</bind>
</comp>

<comp id="1563" class="1004" name="zext_ln37_6_fu_1563">
<pin_list>
<pin id="1564" dir="0" index="0" bw="8" slack="0"/>
<pin id="1565" dir="1" index="1" bw="9" slack="0"/>
</pin_list>
<bind>
<opcode="zext(34) " fcode="zext"/>
<opset="zext_ln37_6/4 "/>
</bind>
</comp>

<comp id="1567" class="1004" name="icmp_ln37_14_fu_1567">
<pin_list>
<pin id="1568" dir="0" index="0" bw="8" slack="0"/>
<pin id="1569" dir="0" index="1" bw="9" slack="1"/>
<pin id="1570" dir="1" index="2" bw="1" slack="0"/>
</pin_list>
<bind>
<opcode="icmp(45) " fcode="icmp"/>
<opset="icmp_ln37_14/4 "/>
</bind>
</comp>

<comp id="1572" class="1004" name="select_ln37_14_fu_1572">
<pin_list>
<pin id="1573" dir="0" index="0" bw="1" slack="0"/>
<pin id="1574" dir="0" index="1" bw="8" slack="0"/>
<pin id="1575" dir="0" index="2" bw="8" slack="1"/>
<pin id="1576" dir="1" index="3" bw="8" slack="0"/>
</pin_list>
<bind>
<opcode="select(49) " fcode="select"/>
<opset="select_ln37_14/4 "/>
</bind>
</comp>

<comp id="1579" class="1004" name="zext_ln36_7_fu_1579">
<pin_list>
<pin id="1580" dir="0" index="0" bw="8" slack="0"/>
<pin id="1581" dir="1" index="1" bw="9" slack="0"/>
</pin_list>
<bind>
<opcode="zext(34) " fcode="zext"/>
<opset="zext_ln36_7/4 "/>
</bind>
</comp>

<comp id="1583" class="1004" name="icmp_ln36_7_fu_1583">
<pin_list>
<pin id="1584" dir="0" index="0" bw="9" slack="3"/>
<pin id="1585" dir="0" index="1" bw="9" slack="3"/>
<pin id="1586" dir="1" index="2" bw="1" slack="0"/>
</pin_list>
<bind>
<opcode="icmp(45) " fcode="icmp"/>
<opset="icmp_ln36_7/4 "/>
</bind>
</comp>

<comp id="1587" class="1004" name="select_ln36_7_fu_1587">
<pin_list>
<pin id="1588" dir="0" index="0" bw="1" slack="0"/>
<pin id="1589" dir="0" index="1" bw="9" slack="3"/>
<pin id="1590" dir="0" index="2" bw="9" slack="3"/>
<pin id="1591" dir="1" index="3" bw="9" slack="0"/>
</pin_list>
<bind>
<opcode="select(49) " fcode="select"/>
<opset="select_ln36_7/4 "/>
</bind>
</comp>

<comp id="1593" class="1004" name="icmp_ln36_15_fu_1593">
<pin_list>
<pin id="1594" dir="0" index="0" bw="8" slack="0"/>
<pin id="1595" dir="0" index="1" bw="9" slack="0"/>
<pin id="1596" dir="1" index="2" bw="1" slack="0"/>
</pin_list>
<bind>
<opcode="icmp(45) " fcode="icmp"/>
<opset="icmp_ln36_15/4 "/>
</bind>
</comp>

<comp id="1599" class="1004" name="trunc_ln36_7_fu_1599">
<pin_list>
<pin id="1600" dir="0" index="0" bw="9" slack="0"/>
<pin id="1601" dir="1" index="1" bw="8" slack="0"/>
</pin_list>
<bind>
<opcode="trunc(33) " fcode="trunc"/>
<opset="trunc_ln36_7/4 "/>
</bind>
</comp>

<comp id="1603" class="1004" name="select_ln36_15_fu_1603">
<pin_list>
<pin id="1604" dir="0" index="0" bw="1" slack="0"/>
<pin id="1605" dir="0" index="1" bw="8" slack="0"/>
<pin id="1606" dir="0" index="2" bw="8" slack="0"/>
<pin id="1607" dir="1" index="3" bw="8" slack="0"/>
</pin_list>
<bind>
<opcode="select(49) " fcode="select"/>
<opset="select_ln36_15/4 "/>
</bind>
</comp>

<comp id="1611" class="1004" name="zext_ln37_7_fu_1611">
<pin_list>
<pin id="1612" dir="0" index="0" bw="8" slack="0"/>
<pin id="1613" dir="1" index="1" bw="9" slack="0"/>
</pin_list>
<bind>
<opcode="zext(34) " fcode="zext"/>
<opset="zext_ln37_7/4 "/>
</bind>
</comp>

<comp id="1615" class="1004" name="icmp_ln37_7_fu_1615">
<pin_list>
<pin id="1616" dir="0" index="0" bw="9" slack="3"/>
<pin id="1617" dir="0" index="1" bw="9" slack="3"/>
<pin id="1618" dir="1" index="2" bw="1" slack="0"/>
</pin_list>
<bind>
<opcode="icmp(45) " fcode="icmp"/>
<opset="icmp_ln37_7/4 "/>
</bind>
</comp>

<comp id="1619" class="1004" name="select_ln37_7_fu_1619">
<pin_list>
<pin id="1620" dir="0" index="0" bw="1" slack="0"/>
<pin id="1621" dir="0" index="1" bw="9" slack="3"/>
<pin id="1622" dir="0" index="2" bw="9" slack="3"/>
<pin id="1623" dir="1" index="3" bw="9" slack="0"/>
</pin_list>
<bind>
<opcode="select(49) " fcode="select"/>
<opset="select_ln37_7/4 "/>
</bind>
</comp>

<comp id="1625" class="1004" name="icmp_ln37_15_fu_1625">
<pin_list>
<pin id="1626" dir="0" index="0" bw="8" slack="0"/>
<pin id="1627" dir="0" index="1" bw="9" slack="0"/>
<pin id="1628" dir="1" index="2" bw="1" slack="0"/>
</pin_list>
<bind>
<opcode="icmp(45) " fcode="icmp"/>
<opset="icmp_ln37_15/4 "/>
</bind>
</comp>

<comp id="1631" class="1004" name="trunc_ln37_7_fu_1631">
<pin_list>
<pin id="1632" dir="0" index="0" bw="9" slack="0"/>
<pin id="1633" dir="1" index="1" bw="8" slack="0"/>
</pin_list>
<bind>
<opcode="trunc(33) " fcode="trunc"/>
<opset="trunc_ln37_7/4 "/>
</bind>
</comp>

<comp id="1635" class="1004" name="select_ln37_15_fu_1635">
<pin_list>
<pin id="1636" dir="0" index="0" bw="1" slack="0"/>
<pin id="1637" dir="0" index="1" bw="8" slack="0"/>
<pin id="1638" dir="0" index="2" bw="8" slack="0"/>
<pin id="1639" dir="1" index="3" bw="8" slack="0"/>
</pin_list>
<bind>
<opcode="select(49) " fcode="select"/>
<opset="select_ln37_15/4 "/>
</bind>
</comp>

<comp id="1643" class="1004" name="icmp_ln43_14_fu_1643">
<pin_list>
<pin id="1644" dir="0" index="0" bw="9" slack="1"/>
<pin id="1645" dir="0" index="1" bw="9" slack="1"/>
<pin id="1646" dir="1" index="2" bw="1" slack="0"/>
</pin_list>
<bind>
<opcode="icmp(45) " fcode="icmp"/>
<opset="icmp_ln43_14/4 "/>
</bind>
</comp>

<comp id="1647" class="1004" name="select_ln43_13_fu_1647">
<pin_list>
<pin id="1648" dir="0" index="0" bw="1" slack="0"/>
<pin id="1649" dir="0" index="1" bw="9" slack="1"/>
<pin id="1650" dir="0" index="2" bw="9" slack="1"/>
<pin id="1651" dir="1" index="3" bw="9" slack="0"/>
</pin_list>
<bind>
<opcode="select(49) " fcode="select"/>
<opset="select_ln43_13/4 "/>
</bind>
</comp>

<comp id="1653" class="1004" name="icmp_ln44_14_fu_1653">
<pin_list>
<pin id="1654" dir="0" index="0" bw="9" slack="0"/>
<pin id="1655" dir="0" index="1" bw="9" slack="1"/>
<pin id="1656" dir="1" index="2" bw="1" slack="0"/>
</pin_list>
<bind>
<opcode="icmp(45) " fcode="icmp"/>
<opset="icmp_ln44_14/4 "/>
</bind>
</comp>

<comp id="1658" class="1004" name="select_ln44_13_fu_1658">
<pin_list>
<pin id="1659" dir="0" index="0" bw="1" slack="0"/>
<pin id="1660" dir="0" index="1" bw="9" slack="0"/>
<pin id="1661" dir="0" index="2" bw="9" slack="1"/>
<pin id="1662" dir="1" index="3" bw="9" slack="0"/>
</pin_list>
<bind>
<opcode="select(49) " fcode="select"/>
<opset="select_ln44_13/4 "/>
</bind>
</comp>

<comp id="1665" class="1004" name="icmp_ln43_7_fu_1665">
<pin_list>
<pin id="1666" dir="0" index="0" bw="9" slack="3"/>
<pin id="1667" dir="0" index="1" bw="9" slack="3"/>
<pin id="1668" dir="1" index="2" bw="1" slack="0"/>
</pin_list>
<bind>
<opcode="icmp(45) " fcode="icmp"/>
<opset="icmp_ln43_7/4 "/>
</bind>
</comp>

<comp id="1669" class="1004" name="select_ln43_14_fu_1669">
<pin_list>
<pin id="1670" dir="0" index="0" bw="1" slack="0"/>
<pin id="1671" dir="0" index="1" bw="9" slack="3"/>
<pin id="1672" dir="0" index="2" bw="9" slack="3"/>
<pin id="1673" dir="1" index="3" bw="9" slack="0"/>
</pin_list>
<bind>
<opcode="select(49) " fcode="select"/>
<opset="select_ln43_14/4 "/>
</bind>
</comp>

<comp id="1675" class="1004" name="icmp_ln43_15_fu_1675">
<pin_list>
<pin id="1676" dir="0" index="0" bw="9" slack="0"/>
<pin id="1677" dir="0" index="1" bw="9" slack="0"/>
<pin id="1678" dir="1" index="2" bw="1" slack="0"/>
</pin_list>
<bind>
<opcode="icmp(45) " fcode="icmp"/>
<opset="icmp_ln43_15/4 "/>
</bind>
</comp>

<comp id="1681" class="1004" name="select_ln43_15_fu_1681">
<pin_list>
<pin id="1682" dir="0" index="0" bw="1" slack="0"/>
<pin id="1683" dir="0" index="1" bw="9" slack="0"/>
<pin id="1684" dir="0" index="2" bw="9" slack="0"/>
<pin id="1685" dir="1" index="3" bw="9" slack="0"/>
</pin_list>
<bind>
<opcode="select(49) " fcode="select"/>
<opset="select_ln43_15/4 "/>
</bind>
</comp>

<comp id="1689" class="1004" name="icmp_ln44_7_fu_1689">
<pin_list>
<pin id="1690" dir="0" index="0" bw="9" slack="3"/>
<pin id="1691" dir="0" index="1" bw="9" slack="3"/>
<pin id="1692" dir="1" index="2" bw="1" slack="0"/>
</pin_list>
<bind>
<opcode="icmp(45) " fcode="icmp"/>
<opset="icmp_ln44_7/4 "/>
</bind>
</comp>

<comp id="1693" class="1004" name="select_ln44_14_fu_1693">
<pin_list>
<pin id="1694" dir="0" index="0" bw="1" slack="0"/>
<pin id="1695" dir="0" index="1" bw="9" slack="3"/>
<pin id="1696" dir="0" index="2" bw="9" slack="3"/>
<pin id="1697" dir="1" index="3" bw="9" slack="0"/>
</pin_list>
<bind>
<opcode="select(49) " fcode="select"/>
<opset="select_ln44_14/4 "/>
</bind>
</comp>

<comp id="1699" class="1004" name="icmp_ln44_15_fu_1699">
<pin_list>
<pin id="1700" dir="0" index="0" bw="9" slack="0"/>
<pin id="1701" dir="0" index="1" bw="9" slack="0"/>
<pin id="1702" dir="1" index="2" bw="1" slack="0"/>
</pin_list>
<bind>
<opcode="icmp(45) " fcode="icmp"/>
<opset="icmp_ln44_15/4 "/>
</bind>
</comp>

<comp id="1705" class="1004" name="trunc_ln44_fu_1705">
<pin_list>
<pin id="1706" dir="0" index="0" bw="9" slack="0"/>
<pin id="1707" dir="1" index="1" bw="8" slack="0"/>
</pin_list>
<bind>
<opcode="trunc(33) " fcode="trunc"/>
<opset="trunc_ln44/4 "/>
</bind>
</comp>

<comp id="1709" class="1004" name="trunc_ln44_1_fu_1709">
<pin_list>
<pin id="1710" dir="0" index="0" bw="9" slack="0"/>
<pin id="1711" dir="1" index="1" bw="8" slack="0"/>
</pin_list>
<bind>
<opcode="trunc(33) " fcode="trunc"/>
<opset="trunc_ln44_1/4 "/>
</bind>
</comp>

<comp id="1713" class="1004" name="select_ln44_15_fu_1713">
<pin_list>
<pin id="1714" dir="0" index="0" bw="1" slack="0"/>
<pin id="1715" dir="0" index="1" bw="8" slack="0"/>
<pin id="1716" dir="0" index="2" bw="8" slack="0"/>
<pin id="1717" dir="1" index="3" bw="8" slack="0"/>
</pin_list>
<bind>
<opcode="select(49) " fcode="select"/>
<opset="select_ln44_15/4 "/>
</bind>
</comp>

<comp id="1721" class="1004" name="sub_ln46_fu_1721">
<pin_list>
<pin id="1722" dir="0" index="0" bw="1" slack="0"/>
<pin id="1723" dir="0" index="1" bw="8" slack="0"/>
<pin id="1724" dir="1" index="2" bw="8" slack="0"/>
</pin_list>
<bind>
<opcode="sub(10) " fcode="sub"/>
<opset="sub_ln46/4 "/>
</bind>
</comp>

<comp id="1727" class="1004" name="icmp_ln46_fu_1727">
<pin_list>
<pin id="1728" dir="0" index="0" bw="8" slack="0"/>
<pin id="1729" dir="0" index="1" bw="8" slack="0"/>
<pin id="1730" dir="1" index="2" bw="1" slack="0"/>
</pin_list>
<bind>
<opcode="icmp(45) " fcode="icmp"/>
<opset="icmp_ln46/4 "/>
</bind>
</comp>

<comp id="1733" class="1004" name="select_ln46_fu_1733">
<pin_list>
<pin id="1734" dir="0" index="0" bw="1" slack="0"/>
<pin id="1735" dir="0" index="1" bw="8" slack="0"/>
<pin id="1736" dir="0" index="2" bw="8" slack="0"/>
<pin id="1737" dir="1" index="3" bw="8" slack="0"/>
</pin_list>
<bind>
<opcode="select(49) " fcode="select"/>
<opset="select_ln46/4 "/>
</bind>
</comp>

<comp id="1741" class="1004" name="score_V_fu_1741">
<pin_list>
<pin id="1742" dir="0" index="0" bw="8" slack="0"/>
<pin id="1743" dir="0" index="1" bw="1" slack="0"/>
<pin id="1744" dir="1" index="2" bw="8" slack="2147483647"/>
</pin_list>
<bind>
<opcode="add(8) " fcode="add"/>
<opset="score_V/4 "/>
</bind>
</comp>

<comp id="1747" class="1005" name="p_read_reg_1747">
<pin_list>
<pin id="1748" dir="0" index="0" bw="9" slack="1"/>
<pin id="1749" dir="1" index="1" bw="9" slack="1"/>
</pin_list>
<bind>
<opset="p_read "/>
</bind>
</comp>

<comp id="1755" class="1005" name="p_read_8_reg_1755">
<pin_list>
<pin id="1756" dir="0" index="0" bw="9" slack="3"/>
<pin id="1757" dir="1" index="1" bw="9" slack="3"/>
</pin_list>
<bind>
<opset="p_read_8 "/>
</bind>
</comp>

<comp id="1763" class="1005" name="p_read_9_reg_1763">
<pin_list>
<pin id="1764" dir="0" index="0" bw="9" slack="1"/>
<pin id="1765" dir="1" index="1" bw="9" slack="1"/>
</pin_list>
<bind>
<opset="p_read_9 "/>
</bind>
</comp>

<comp id="1771" class="1005" name="p_read_10_reg_1771">
<pin_list>
<pin id="1772" dir="0" index="0" bw="9" slack="2"/>
<pin id="1773" dir="1" index="1" bw="9" slack="2"/>
</pin_list>
<bind>
<opset="p_read_10 "/>
</bind>
</comp>

<comp id="1779" class="1005" name="p_read_11_reg_1779">
<pin_list>
<pin id="1780" dir="0" index="0" bw="9" slack="1"/>
<pin id="1781" dir="1" index="1" bw="9" slack="1"/>
</pin_list>
<bind>
<opset="p_read_11 "/>
</bind>
</comp>

<comp id="1787" class="1005" name="p_read_12_reg_1787">
<pin_list>
<pin id="1788" dir="0" index="0" bw="9" slack="2"/>
<pin id="1789" dir="1" index="1" bw="9" slack="2"/>
</pin_list>
<bind>
<opset="p_read_12 "/>
</bind>
</comp>

<comp id="1795" class="1005" name="p_read_14_reg_1795">
<pin_list>
<pin id="1796" dir="0" index="0" bw="9" slack="2"/>
<pin id="1797" dir="1" index="1" bw="9" slack="2"/>
</pin_list>
<bind>
<opset="p_read_14 "/>
</bind>
</comp>

<comp id="1803" class="1005" name="p_read814_reg_1803">
<pin_list>
<pin id="1804" dir="0" index="0" bw="9" slack="3"/>
<pin id="1805" dir="1" index="1" bw="9" slack="3"/>
</pin_list>
<bind>
<opset="p_read814 "/>
</bind>
</comp>

<comp id="1811" class="1005" name="p_read713_reg_1811">
<pin_list>
<pin id="1812" dir="0" index="0" bw="9" slack="1"/>
<pin id="1813" dir="1" index="1" bw="9" slack="1"/>
</pin_list>
<bind>
<opset="p_read713 "/>
</bind>
</comp>

<comp id="1819" class="1005" name="p_read612_reg_1819">
<pin_list>
<pin id="1820" dir="0" index="0" bw="9" slack="2"/>
<pin id="1821" dir="1" index="1" bw="9" slack="2"/>
</pin_list>
<bind>
<opset="p_read612 "/>
</bind>
</comp>

<comp id="1827" class="1005" name="p_read511_reg_1827">
<pin_list>
<pin id="1828" dir="0" index="0" bw="9" slack="1"/>
<pin id="1829" dir="1" index="1" bw="9" slack="1"/>
</pin_list>
<bind>
<opset="p_read511 "/>
</bind>
</comp>

<comp id="1835" class="1005" name="p_read410_reg_1835">
<pin_list>
<pin id="1836" dir="0" index="0" bw="9" slack="2"/>
<pin id="1837" dir="1" index="1" bw="9" slack="2"/>
</pin_list>
<bind>
<opset="p_read410 "/>
</bind>
</comp>

<comp id="1843" class="1005" name="p_read39_reg_1843">
<pin_list>
<pin id="1844" dir="0" index="0" bw="9" slack="1"/>
<pin id="1845" dir="1" index="1" bw="9" slack="1"/>
</pin_list>
<bind>
<opset="p_read39 "/>
</bind>
</comp>

<comp id="1849" class="1005" name="p_read28_reg_1849">
<pin_list>
<pin id="1850" dir="0" index="0" bw="9" slack="2"/>
<pin id="1851" dir="1" index="1" bw="9" slack="2"/>
</pin_list>
<bind>
<opset="p_read28 "/>
</bind>
</comp>

<comp id="1857" class="1005" name="select_ln27_1_reg_1857">
<pin_list>
<pin id="1858" dir="0" index="0" bw="9" slack="1"/>
<pin id="1859" dir="1" index="1" bw="9" slack="1"/>
</pin_list>
<bind>
<opset="select_ln27_1 "/>
</bind>
</comp>

<comp id="1864" class="1005" name="select_ln28_1_reg_1864">
<pin_list>
<pin id="1865" dir="0" index="0" bw="9" slack="1"/>
<pin id="1866" dir="1" index="1" bw="9" slack="1"/>
</pin_list>
<bind>
<opset="select_ln28_1 "/>
</bind>
</comp>

<comp id="1871" class="1005" name="select_ln27_2_reg_1871">
<pin_list>
<pin id="1872" dir="0" index="0" bw="9" slack="1"/>
<pin id="1873" dir="1" index="1" bw="9" slack="1"/>
</pin_list>
<bind>
<opset="select_ln27_2 "/>
</bind>
</comp>

<comp id="1879" class="1005" name="select_ln28_2_reg_1879">
<pin_list>
<pin id="1880" dir="0" index="0" bw="9" slack="1"/>
<pin id="1881" dir="1" index="1" bw="9" slack="1"/>
</pin_list>
<bind>
<opset="select_ln28_2 "/>
</bind>
</comp>

<comp id="1887" class="1005" name="select_ln27_3_reg_1887">
<pin_list>
<pin id="1888" dir="0" index="0" bw="9" slack="1"/>
<pin id="1889" dir="1" index="1" bw="9" slack="1"/>
</pin_list>
<bind>
<opset="select_ln27_3 "/>
</bind>
</comp>

<comp id="1895" class="1005" name="select_ln28_3_reg_1895">
<pin_list>
<pin id="1896" dir="0" index="0" bw="9" slack="1"/>
<pin id="1897" dir="1" index="1" bw="9" slack="1"/>
</pin_list>
<bind>
<opset="select_ln28_3 "/>
</bind>
</comp>

<comp id="1903" class="1005" name="select_ln27_4_reg_1903">
<pin_list>
<pin id="1904" dir="0" index="0" bw="9" slack="2"/>
<pin id="1905" dir="1" index="1" bw="9" slack="2"/>
</pin_list>
<bind>
<opset="select_ln27_4 "/>
</bind>
</comp>

<comp id="1911" class="1005" name="select_ln28_4_reg_1911">
<pin_list>
<pin id="1912" dir="0" index="0" bw="9" slack="2"/>
<pin id="1913" dir="1" index="1" bw="9" slack="2"/>
</pin_list>
<bind>
<opset="select_ln28_4 "/>
</bind>
</comp>

<comp id="1919" class="1005" name="select_ln27_5_reg_1919">
<pin_list>
<pin id="1920" dir="0" index="0" bw="9" slack="2"/>
<pin id="1921" dir="1" index="1" bw="9" slack="2"/>
</pin_list>
<bind>
<opset="select_ln27_5 "/>
</bind>
</comp>

<comp id="1927" class="1005" name="select_ln28_5_reg_1927">
<pin_list>
<pin id="1928" dir="0" index="0" bw="9" slack="2"/>
<pin id="1929" dir="1" index="1" bw="9" slack="2"/>
</pin_list>
<bind>
<opset="select_ln28_5 "/>
</bind>
</comp>

<comp id="1935" class="1005" name="select_ln27_6_reg_1935">
<pin_list>
<pin id="1936" dir="0" index="0" bw="9" slack="2"/>
<pin id="1937" dir="1" index="1" bw="9" slack="2"/>
</pin_list>
<bind>
<opset="select_ln27_6 "/>
</bind>
</comp>

<comp id="1943" class="1005" name="select_ln28_6_reg_1943">
<pin_list>
<pin id="1944" dir="0" index="0" bw="9" slack="2"/>
<pin id="1945" dir="1" index="1" bw="9" slack="2"/>
</pin_list>
<bind>
<opset="select_ln28_6 "/>
</bind>
</comp>

<comp id="1951" class="1005" name="select_ln27_7_reg_1951">
<pin_list>
<pin id="1952" dir="0" index="0" bw="9" slack="3"/>
<pin id="1953" dir="1" index="1" bw="9" slack="3"/>
</pin_list>
<bind>
<opset="select_ln27_7 "/>
</bind>
</comp>

<comp id="1959" class="1005" name="select_ln28_7_reg_1959">
<pin_list>
<pin id="1960" dir="0" index="0" bw="9" slack="3"/>
<pin id="1961" dir="1" index="1" bw="9" slack="3"/>
</pin_list>
<bind>
<opset="select_ln28_7 "/>
</bind>
</comp>

<comp id="1967" class="1005" name="select_ln36_8_reg_1967">
<pin_list>
<pin id="1968" dir="0" index="0" bw="8" slack="1"/>
<pin id="1969" dir="1" index="1" bw="8" slack="1"/>
</pin_list>
<bind>
<opset="select_ln36_8 "/>
</bind>
</comp>

<comp id="1972" class="1005" name="icmp_ln37_1_reg_1972">
<pin_list>
<pin id="1973" dir="0" index="0" bw="1" slack="1"/>
<pin id="1974" dir="1" index="1" bw="1" slack="1"/>
</pin_list>
<bind>
<opset="icmp_ln37_1 "/>
</bind>
</comp>

<comp id="1977" class="1005" name="trunc_ln37_reg_1977">
<pin_list>
<pin id="1978" dir="0" index="0" bw="8" slack="1"/>
<pin id="1979" dir="1" index="1" bw="8" slack="1"/>
</pin_list>
<bind>
<opset="trunc_ln37 "/>
</bind>
</comp>

<comp id="1982" class="1005" name="icmp_ln36_8_reg_1982">
<pin_list>
<pin id="1983" dir="0" index="0" bw="1" slack="1"/>
<pin id="1984" dir="1" index="1" bw="1" slack="1"/>
</pin_list>
<bind>
<opset="icmp_ln36_8 "/>
</bind>
</comp>

<comp id="1987" class="1005" name="select_ln43_1_reg_1987">
<pin_list>
<pin id="1988" dir="0" index="0" bw="9" slack="1"/>
<pin id="1989" dir="1" index="1" bw="9" slack="1"/>
</pin_list>
<bind>
<opset="select_ln43_1 "/>
</bind>
</comp>

<comp id="1992" class="1005" name="select_ln44_reg_1992">
<pin_list>
<pin id="1993" dir="0" index="0" bw="9" slack="1"/>
<pin id="1994" dir="1" index="1" bw="9" slack="1"/>
</pin_list>
<bind>
<opset="select_ln44 "/>
</bind>
</comp>

<comp id="1997" class="1005" name="icmp_ln44_2_reg_1997">
<pin_list>
<pin id="1998" dir="0" index="0" bw="1" slack="1"/>
<pin id="1999" dir="1" index="1" bw="1" slack="1"/>
</pin_list>
<bind>
<opset="icmp_ln44_2 "/>
</bind>
</comp>

<comp id="2002" class="1005" name="icmp_ln43_8_reg_2002">
<pin_list>
<pin id="2003" dir="0" index="0" bw="1" slack="1"/>
<pin id="2004" dir="1" index="1" bw="1" slack="1"/>
</pin_list>
<bind>
<opset="icmp_ln43_8 "/>
</bind>
</comp>

<comp id="2007" class="1005" name="select_ln36_11_reg_2007">
<pin_list>
<pin id="2008" dir="0" index="0" bw="8" slack="1"/>
<pin id="2009" dir="1" index="1" bw="8" slack="1"/>
</pin_list>
<bind>
<opset="select_ln36_11 "/>
</bind>
</comp>

<comp id="2013" class="1005" name="select_ln37_3_reg_2013">
<pin_list>
<pin id="2014" dir="0" index="0" bw="9" slack="1"/>
<pin id="2015" dir="1" index="1" bw="9" slack="1"/>
</pin_list>
<bind>
<opset="select_ln37_3 "/>
</bind>
</comp>

<comp id="2018" class="1005" name="trunc_ln37_3_reg_2018">
<pin_list>
<pin id="2019" dir="0" index="0" bw="8" slack="1"/>
<pin id="2020" dir="1" index="1" bw="8" slack="1"/>
</pin_list>
<bind>
<opset="trunc_ln37_3 "/>
</bind>
</comp>

<comp id="2023" class="1005" name="select_ln43_7_reg_2023">
<pin_list>
<pin id="2024" dir="0" index="0" bw="9" slack="1"/>
<pin id="2025" dir="1" index="1" bw="9" slack="1"/>
</pin_list>
<bind>
<opset="select_ln43_7 "/>
</bind>
</comp>

<comp id="2029" class="1005" name="select_ln44_6_reg_2029">
<pin_list>
<pin id="2030" dir="0" index="0" bw="9" slack="1"/>
<pin id="2031" dir="1" index="1" bw="9" slack="1"/>
</pin_list>
<bind>
<opset="select_ln44_6 "/>
</bind>
</comp>

<comp id="2035" class="1005" name="select_ln37_13_reg_2035">
<pin_list>
<pin id="2036" dir="0" index="0" bw="8" slack="1"/>
<pin id="2037" dir="1" index="1" bw="8" slack="1"/>
</pin_list>
<bind>
<opset="select_ln37_13 "/>
</bind>
</comp>

<comp id="2040" class="1005" name="icmp_ln36_14_reg_2040">
<pin_list>
<pin id="2041" dir="0" index="0" bw="1" slack="1"/>
<pin id="2042" dir="1" index="1" bw="1" slack="1"/>
</pin_list>
<bind>
<opset="icmp_ln36_14 "/>
</bind>
</comp>

<comp id="2045" class="1005" name="trunc_ln36_6_reg_2045">
<pin_list>
<pin id="2046" dir="0" index="0" bw="8" slack="1"/>
<pin id="2047" dir="1" index="1" bw="8" slack="1"/>
</pin_list>
<bind>
<opset="trunc_ln36_6 "/>
</bind>
</comp>

<comp id="2050" class="1005" name="select_ln37_6_reg_2050">
<pin_list>
<pin id="2051" dir="0" index="0" bw="9" slack="1"/>
<pin id="2052" dir="1" index="1" bw="9" slack="1"/>
</pin_list>
<bind>
<opset="select_ln37_6 "/>
</bind>
</comp>

<comp id="2055" class="1005" name="trunc_ln37_6_reg_2055">
<pin_list>
<pin id="2056" dir="0" index="0" bw="8" slack="1"/>
<pin id="2057" dir="1" index="1" bw="8" slack="1"/>
</pin_list>
<bind>
<opset="trunc_ln37_6 "/>
</bind>
</comp>

<comp id="2060" class="1005" name="select_ln44_11_reg_2060">
<pin_list>
<pin id="2061" dir="0" index="0" bw="9" slack="1"/>
<pin id="2062" dir="1" index="1" bw="9" slack="1"/>
</pin_list>
<bind>
<opset="select_ln44_11 "/>
</bind>
</comp>

<comp id="2066" class="1005" name="select_ln43_12_reg_2066">
<pin_list>
<pin id="2067" dir="0" index="0" bw="9" slack="1"/>
<pin id="2068" dir="1" index="1" bw="9" slack="1"/>
</pin_list>
<bind>
<opset="select_ln43_12 "/>
</bind>
</comp>

<comp id="2072" class="1005" name="select_ln44_12_reg_2072">
<pin_list>
<pin id="2073" dir="0" index="0" bw="9" slack="1"/>
<pin id="2074" dir="1" index="1" bw="9" slack="1"/>
</pin_list>
<bind>
<opset="select_ln44_12 "/>
</bind>
</comp>

</comp_list>

<net_list>
<net id="48"><net_src comp="34" pin="0"/><net_sink comp="44" pin=0"/></net>

<net id="49"><net_src comp="32" pin="0"/><net_sink comp="44" pin=1"/></net>

<net id="54"><net_src comp="36" pin="0"/><net_sink comp="50" pin=0"/></net>

<net id="55"><net_src comp="30" pin="0"/><net_sink comp="50" pin=1"/></net>

<net id="60"><net_src comp="36" pin="0"/><net_sink comp="56" pin=0"/></net>

<net id="61"><net_src comp="28" pin="0"/><net_sink comp="56" pin=1"/></net>

<net id="66"><net_src comp="36" pin="0"/><net_sink comp="62" pin=0"/></net>

<net id="67"><net_src comp="26" pin="0"/><net_sink comp="62" pin=1"/></net>

<net id="72"><net_src comp="36" pin="0"/><net_sink comp="68" pin=0"/></net>

<net id="73"><net_src comp="24" pin="0"/><net_sink comp="68" pin=1"/></net>

<net id="78"><net_src comp="36" pin="0"/><net_sink comp="74" pin=0"/></net>

<net id="79"><net_src comp="22" pin="0"/><net_sink comp="74" pin=1"/></net>

<net id="84"><net_src comp="36" pin="0"/><net_sink comp="80" pin=0"/></net>

<net id="85"><net_src comp="20" pin="0"/><net_sink comp="80" pin=1"/></net>

<net id="90"><net_src comp="36" pin="0"/><net_sink comp="86" pin=0"/></net>

<net id="91"><net_src comp="18" pin="0"/><net_sink comp="86" pin=1"/></net>

<net id="96"><net_src comp="36" pin="0"/><net_sink comp="92" pin=0"/></net>

<net id="97"><net_src comp="16" pin="0"/><net_sink comp="92" pin=1"/></net>

<net id="102"><net_src comp="36" pin="0"/><net_sink comp="98" pin=0"/></net>

<net id="103"><net_src comp="14" pin="0"/><net_sink comp="98" pin=1"/></net>

<net id="108"><net_src comp="36" pin="0"/><net_sink comp="104" pin=0"/></net>

<net id="109"><net_src comp="12" pin="0"/><net_sink comp="104" pin=1"/></net>

<net id="114"><net_src comp="36" pin="0"/><net_sink comp="110" pin=0"/></net>

<net id="115"><net_src comp="10" pin="0"/><net_sink comp="110" pin=1"/></net>

<net id="120"><net_src comp="36" pin="0"/><net_sink comp="116" pin=0"/></net>

<net id="121"><net_src comp="8" pin="0"/><net_sink comp="116" pin=1"/></net>

<net id="126"><net_src comp="36" pin="0"/><net_sink comp="122" pin=0"/></net>

<net id="127"><net_src comp="6" pin="0"/><net_sink comp="122" pin=1"/></net>

<net id="132"><net_src comp="36" pin="0"/><net_sink comp="128" pin=0"/></net>

<net id="133"><net_src comp="4" pin="0"/><net_sink comp="128" pin=1"/></net>

<net id="138"><net_src comp="36" pin="0"/><net_sink comp="134" pin=0"/></net>

<net id="139"><net_src comp="2" pin="0"/><net_sink comp="134" pin=1"/></net>

<net id="144"><net_src comp="36" pin="0"/><net_sink comp="140" pin=0"/></net>

<net id="145"><net_src comp="0" pin="0"/><net_sink comp="140" pin=1"/></net>

<net id="150"><net_src comp="134" pin="2"/><net_sink comp="146" pin=0"/></net>

<net id="151"><net_src comp="128" pin="2"/><net_sink comp="146" pin=1"/></net>

<net id="157"><net_src comp="146" pin="2"/><net_sink comp="152" pin=0"/></net>

<net id="158"><net_src comp="134" pin="2"/><net_sink comp="152" pin=1"/></net>

<net id="159"><net_src comp="128" pin="2"/><net_sink comp="152" pin=2"/></net>

<net id="164"><net_src comp="134" pin="2"/><net_sink comp="160" pin=0"/></net>

<net id="165"><net_src comp="128" pin="2"/><net_sink comp="160" pin=1"/></net>

<net id="171"><net_src comp="160" pin="2"/><net_sink comp="166" pin=0"/></net>

<net id="172"><net_src comp="134" pin="2"/><net_sink comp="166" pin=1"/></net>

<net id="173"><net_src comp="128" pin="2"/><net_sink comp="166" pin=2"/></net>

<net id="178"><net_src comp="122" pin="2"/><net_sink comp="174" pin=0"/></net>

<net id="179"><net_src comp="116" pin="2"/><net_sink comp="174" pin=1"/></net>

<net id="185"><net_src comp="174" pin="2"/><net_sink comp="180" pin=0"/></net>

<net id="186"><net_src comp="122" pin="2"/><net_sink comp="180" pin=1"/></net>

<net id="187"><net_src comp="116" pin="2"/><net_sink comp="180" pin=2"/></net>

<net id="192"><net_src comp="122" pin="2"/><net_sink comp="188" pin=0"/></net>

<net id="193"><net_src comp="116" pin="2"/><net_sink comp="188" pin=1"/></net>

<net id="199"><net_src comp="188" pin="2"/><net_sink comp="194" pin=0"/></net>

<net id="200"><net_src comp="122" pin="2"/><net_sink comp="194" pin=1"/></net>

<net id="201"><net_src comp="116" pin="2"/><net_sink comp="194" pin=2"/></net>

<net id="206"><net_src comp="110" pin="2"/><net_sink comp="202" pin=0"/></net>

<net id="207"><net_src comp="104" pin="2"/><net_sink comp="202" pin=1"/></net>

<net id="213"><net_src comp="202" pin="2"/><net_sink comp="208" pin=0"/></net>

<net id="214"><net_src comp="110" pin="2"/><net_sink comp="208" pin=1"/></net>

<net id="215"><net_src comp="104" pin="2"/><net_sink comp="208" pin=2"/></net>

<net id="220"><net_src comp="110" pin="2"/><net_sink comp="216" pin=0"/></net>

<net id="221"><net_src comp="104" pin="2"/><net_sink comp="216" pin=1"/></net>

<net id="227"><net_src comp="216" pin="2"/><net_sink comp="222" pin=0"/></net>

<net id="228"><net_src comp="110" pin="2"/><net_sink comp="222" pin=1"/></net>

<net id="229"><net_src comp="104" pin="2"/><net_sink comp="222" pin=2"/></net>

<net id="234"><net_src comp="98" pin="2"/><net_sink comp="230" pin=0"/></net>

<net id="235"><net_src comp="92" pin="2"/><net_sink comp="230" pin=1"/></net>

<net id="241"><net_src comp="230" pin="2"/><net_sink comp="236" pin=0"/></net>

<net id="242"><net_src comp="98" pin="2"/><net_sink comp="236" pin=1"/></net>

<net id="243"><net_src comp="92" pin="2"/><net_sink comp="236" pin=2"/></net>

<net id="248"><net_src comp="98" pin="2"/><net_sink comp="244" pin=0"/></net>

<net id="249"><net_src comp="92" pin="2"/><net_sink comp="244" pin=1"/></net>

<net id="255"><net_src comp="244" pin="2"/><net_sink comp="250" pin=0"/></net>

<net id="256"><net_src comp="98" pin="2"/><net_sink comp="250" pin=1"/></net>

<net id="257"><net_src comp="92" pin="2"/><net_sink comp="250" pin=2"/></net>

<net id="262"><net_src comp="86" pin="2"/><net_sink comp="258" pin=0"/></net>

<net id="263"><net_src comp="80" pin="2"/><net_sink comp="258" pin=1"/></net>

<net id="269"><net_src comp="258" pin="2"/><net_sink comp="264" pin=0"/></net>

<net id="270"><net_src comp="86" pin="2"/><net_sink comp="264" pin=1"/></net>

<net id="271"><net_src comp="80" pin="2"/><net_sink comp="264" pin=2"/></net>

<net id="276"><net_src comp="86" pin="2"/><net_sink comp="272" pin=0"/></net>

<net id="277"><net_src comp="80" pin="2"/><net_sink comp="272" pin=1"/></net>

<net id="283"><net_src comp="272" pin="2"/><net_sink comp="278" pin=0"/></net>

<net id="284"><net_src comp="86" pin="2"/><net_sink comp="278" pin=1"/></net>

<net id="285"><net_src comp="80" pin="2"/><net_sink comp="278" pin=2"/></net>

<net id="290"><net_src comp="74" pin="2"/><net_sink comp="286" pin=0"/></net>

<net id="291"><net_src comp="68" pin="2"/><net_sink comp="286" pin=1"/></net>

<net id="297"><net_src comp="286" pin="2"/><net_sink comp="292" pin=0"/></net>

<net id="298"><net_src comp="74" pin="2"/><net_sink comp="292" pin=1"/></net>

<net id="299"><net_src comp="68" pin="2"/><net_sink comp="292" pin=2"/></net>

<net id="304"><net_src comp="74" pin="2"/><net_sink comp="300" pin=0"/></net>

<net id="305"><net_src comp="68" pin="2"/><net_sink comp="300" pin=1"/></net>

<net id="311"><net_src comp="300" pin="2"/><net_sink comp="306" pin=0"/></net>

<net id="312"><net_src comp="74" pin="2"/><net_sink comp="306" pin=1"/></net>

<net id="313"><net_src comp="68" pin="2"/><net_sink comp="306" pin=2"/></net>

<net id="318"><net_src comp="62" pin="2"/><net_sink comp="314" pin=0"/></net>

<net id="319"><net_src comp="56" pin="2"/><net_sink comp="314" pin=1"/></net>

<net id="325"><net_src comp="314" pin="2"/><net_sink comp="320" pin=0"/></net>

<net id="326"><net_src comp="62" pin="2"/><net_sink comp="320" pin=1"/></net>

<net id="327"><net_src comp="56" pin="2"/><net_sink comp="320" pin=2"/></net>

<net id="332"><net_src comp="62" pin="2"/><net_sink comp="328" pin=0"/></net>

<net id="333"><net_src comp="56" pin="2"/><net_sink comp="328" pin=1"/></net>

<net id="339"><net_src comp="328" pin="2"/><net_sink comp="334" pin=0"/></net>

<net id="340"><net_src comp="62" pin="2"/><net_sink comp="334" pin=1"/></net>

<net id="341"><net_src comp="56" pin="2"/><net_sink comp="334" pin=2"/></net>

<net id="346"><net_src comp="50" pin="2"/><net_sink comp="342" pin=0"/></net>

<net id="347"><net_src comp="140" pin="2"/><net_sink comp="342" pin=1"/></net>

<net id="353"><net_src comp="342" pin="2"/><net_sink comp="348" pin=0"/></net>

<net id="354"><net_src comp="50" pin="2"/><net_sink comp="348" pin=1"/></net>

<net id="355"><net_src comp="140" pin="2"/><net_sink comp="348" pin=2"/></net>

<net id="360"><net_src comp="50" pin="2"/><net_sink comp="356" pin=0"/></net>

<net id="361"><net_src comp="140" pin="2"/><net_sink comp="356" pin=1"/></net>

<net id="367"><net_src comp="356" pin="2"/><net_sink comp="362" pin=0"/></net>

<net id="368"><net_src comp="50" pin="2"/><net_sink comp="362" pin=1"/></net>

<net id="369"><net_src comp="140" pin="2"/><net_sink comp="362" pin=2"/></net>

<net id="374"><net_src comp="152" pin="3"/><net_sink comp="370" pin=0"/></net>

<net id="375"><net_src comp="180" pin="3"/><net_sink comp="370" pin=1"/></net>

<net id="381"><net_src comp="370" pin="2"/><net_sink comp="376" pin=0"/></net>

<net id="382"><net_src comp="152" pin="3"/><net_sink comp="376" pin=1"/></net>

<net id="383"><net_src comp="180" pin="3"/><net_sink comp="376" pin=2"/></net>

<net id="388"><net_src comp="166" pin="3"/><net_sink comp="384" pin=0"/></net>

<net id="389"><net_src comp="194" pin="3"/><net_sink comp="384" pin=1"/></net>

<net id="395"><net_src comp="384" pin="2"/><net_sink comp="390" pin=0"/></net>

<net id="396"><net_src comp="166" pin="3"/><net_sink comp="390" pin=1"/></net>

<net id="397"><net_src comp="194" pin="3"/><net_sink comp="390" pin=2"/></net>

<net id="402"><net_src comp="180" pin="3"/><net_sink comp="398" pin=0"/></net>

<net id="403"><net_src comp="208" pin="3"/><net_sink comp="398" pin=1"/></net>

<net id="409"><net_src comp="398" pin="2"/><net_sink comp="404" pin=0"/></net>

<net id="410"><net_src comp="180" pin="3"/><net_sink comp="404" pin=1"/></net>

<net id="411"><net_src comp="208" pin="3"/><net_sink comp="404" pin=2"/></net>

<net id="416"><net_src comp="194" pin="3"/><net_sink comp="412" pin=0"/></net>

<net id="417"><net_src comp="222" pin="3"/><net_sink comp="412" pin=1"/></net>

<net id="423"><net_src comp="412" pin="2"/><net_sink comp="418" pin=0"/></net>

<net id="424"><net_src comp="194" pin="3"/><net_sink comp="418" pin=1"/></net>

<net id="425"><net_src comp="222" pin="3"/><net_sink comp="418" pin=2"/></net>

<net id="430"><net_src comp="208" pin="3"/><net_sink comp="426" pin=0"/></net>

<net id="431"><net_src comp="236" pin="3"/><net_sink comp="426" pin=1"/></net>

<net id="437"><net_src comp="426" pin="2"/><net_sink comp="432" pin=0"/></net>

<net id="438"><net_src comp="208" pin="3"/><net_sink comp="432" pin=1"/></net>

<net id="439"><net_src comp="236" pin="3"/><net_sink comp="432" pin=2"/></net>

<net id="444"><net_src comp="222" pin="3"/><net_sink comp="440" pin=0"/></net>

<net id="445"><net_src comp="250" pin="3"/><net_sink comp="440" pin=1"/></net>

<net id="451"><net_src comp="440" pin="2"/><net_sink comp="446" pin=0"/></net>

<net id="452"><net_src comp="222" pin="3"/><net_sink comp="446" pin=1"/></net>

<net id="453"><net_src comp="250" pin="3"/><net_sink comp="446" pin=2"/></net>

<net id="458"><net_src comp="236" pin="3"/><net_sink comp="454" pin=0"/></net>

<net id="459"><net_src comp="264" pin="3"/><net_sink comp="454" pin=1"/></net>

<net id="465"><net_src comp="454" pin="2"/><net_sink comp="460" pin=0"/></net>

<net id="466"><net_src comp="236" pin="3"/><net_sink comp="460" pin=1"/></net>

<net id="467"><net_src comp="264" pin="3"/><net_sink comp="460" pin=2"/></net>

<net id="472"><net_src comp="250" pin="3"/><net_sink comp="468" pin=0"/></net>

<net id="473"><net_src comp="278" pin="3"/><net_sink comp="468" pin=1"/></net>

<net id="479"><net_src comp="468" pin="2"/><net_sink comp="474" pin=0"/></net>

<net id="480"><net_src comp="250" pin="3"/><net_sink comp="474" pin=1"/></net>

<net id="481"><net_src comp="278" pin="3"/><net_sink comp="474" pin=2"/></net>

<net id="486"><net_src comp="264" pin="3"/><net_sink comp="482" pin=0"/></net>

<net id="487"><net_src comp="292" pin="3"/><net_sink comp="482" pin=1"/></net>

<net id="493"><net_src comp="482" pin="2"/><net_sink comp="488" pin=0"/></net>

<net id="494"><net_src comp="264" pin="3"/><net_sink comp="488" pin=1"/></net>

<net id="495"><net_src comp="292" pin="3"/><net_sink comp="488" pin=2"/></net>

<net id="500"><net_src comp="278" pin="3"/><net_sink comp="496" pin=0"/></net>

<net id="501"><net_src comp="306" pin="3"/><net_sink comp="496" pin=1"/></net>

<net id="507"><net_src comp="496" pin="2"/><net_sink comp="502" pin=0"/></net>

<net id="508"><net_src comp="278" pin="3"/><net_sink comp="502" pin=1"/></net>

<net id="509"><net_src comp="306" pin="3"/><net_sink comp="502" pin=2"/></net>

<net id="514"><net_src comp="292" pin="3"/><net_sink comp="510" pin=0"/></net>

<net id="515"><net_src comp="320" pin="3"/><net_sink comp="510" pin=1"/></net>

<net id="521"><net_src comp="510" pin="2"/><net_sink comp="516" pin=0"/></net>

<net id="522"><net_src comp="292" pin="3"/><net_sink comp="516" pin=1"/></net>

<net id="523"><net_src comp="320" pin="3"/><net_sink comp="516" pin=2"/></net>

<net id="528"><net_src comp="306" pin="3"/><net_sink comp="524" pin=0"/></net>

<net id="529"><net_src comp="334" pin="3"/><net_sink comp="524" pin=1"/></net>

<net id="535"><net_src comp="524" pin="2"/><net_sink comp="530" pin=0"/></net>

<net id="536"><net_src comp="306" pin="3"/><net_sink comp="530" pin=1"/></net>

<net id="537"><net_src comp="334" pin="3"/><net_sink comp="530" pin=2"/></net>

<net id="542"><net_src comp="320" pin="3"/><net_sink comp="538" pin=0"/></net>

<net id="543"><net_src comp="348" pin="3"/><net_sink comp="538" pin=1"/></net>

<net id="549"><net_src comp="538" pin="2"/><net_sink comp="544" pin=0"/></net>

<net id="550"><net_src comp="320" pin="3"/><net_sink comp="544" pin=1"/></net>

<net id="551"><net_src comp="348" pin="3"/><net_sink comp="544" pin=2"/></net>

<net id="556"><net_src comp="334" pin="3"/><net_sink comp="552" pin=0"/></net>

<net id="557"><net_src comp="362" pin="3"/><net_sink comp="552" pin=1"/></net>

<net id="563"><net_src comp="552" pin="2"/><net_sink comp="558" pin=0"/></net>

<net id="564"><net_src comp="334" pin="3"/><net_sink comp="558" pin=1"/></net>

<net id="565"><net_src comp="362" pin="3"/><net_sink comp="558" pin=2"/></net>

<net id="570"><net_src comp="348" pin="3"/><net_sink comp="566" pin=0"/></net>

<net id="571"><net_src comp="152" pin="3"/><net_sink comp="566" pin=1"/></net>

<net id="577"><net_src comp="566" pin="2"/><net_sink comp="572" pin=0"/></net>

<net id="578"><net_src comp="348" pin="3"/><net_sink comp="572" pin=1"/></net>

<net id="579"><net_src comp="152" pin="3"/><net_sink comp="572" pin=2"/></net>

<net id="584"><net_src comp="362" pin="3"/><net_sink comp="580" pin=0"/></net>

<net id="585"><net_src comp="166" pin="3"/><net_sink comp="580" pin=1"/></net>

<net id="591"><net_src comp="580" pin="2"/><net_sink comp="586" pin=0"/></net>

<net id="592"><net_src comp="362" pin="3"/><net_sink comp="586" pin=1"/></net>

<net id="593"><net_src comp="166" pin="3"/><net_sink comp="586" pin=2"/></net>

<net id="598"><net_src comp="376" pin="3"/><net_sink comp="594" pin=0"/></net>

<net id="599"><net_src comp="432" pin="3"/><net_sink comp="594" pin=1"/></net>

<net id="605"><net_src comp="594" pin="2"/><net_sink comp="600" pin=0"/></net>

<net id="606"><net_src comp="376" pin="3"/><net_sink comp="600" pin=1"/></net>

<net id="607"><net_src comp="432" pin="3"/><net_sink comp="600" pin=2"/></net>

<net id="612"><net_src comp="390" pin="3"/><net_sink comp="608" pin=0"/></net>

<net id="613"><net_src comp="446" pin="3"/><net_sink comp="608" pin=1"/></net>

<net id="619"><net_src comp="608" pin="2"/><net_sink comp="614" pin=0"/></net>

<net id="620"><net_src comp="390" pin="3"/><net_sink comp="614" pin=1"/></net>

<net id="621"><net_src comp="446" pin="3"/><net_sink comp="614" pin=2"/></net>

<net id="626"><net_src comp="404" pin="3"/><net_sink comp="622" pin=0"/></net>

<net id="627"><net_src comp="460" pin="3"/><net_sink comp="622" pin=1"/></net>

<net id="633"><net_src comp="622" pin="2"/><net_sink comp="628" pin=0"/></net>

<net id="634"><net_src comp="404" pin="3"/><net_sink comp="628" pin=1"/></net>

<net id="635"><net_src comp="460" pin="3"/><net_sink comp="628" pin=2"/></net>

<net id="640"><net_src comp="418" pin="3"/><net_sink comp="636" pin=0"/></net>

<net id="641"><net_src comp="474" pin="3"/><net_sink comp="636" pin=1"/></net>

<net id="647"><net_src comp="636" pin="2"/><net_sink comp="642" pin=0"/></net>

<net id="648"><net_src comp="418" pin="3"/><net_sink comp="642" pin=1"/></net>

<net id="649"><net_src comp="474" pin="3"/><net_sink comp="642" pin=2"/></net>

<net id="654"><net_src comp="432" pin="3"/><net_sink comp="650" pin=0"/></net>

<net id="655"><net_src comp="488" pin="3"/><net_sink comp="650" pin=1"/></net>

<net id="661"><net_src comp="650" pin="2"/><net_sink comp="656" pin=0"/></net>

<net id="662"><net_src comp="432" pin="3"/><net_sink comp="656" pin=1"/></net>

<net id="663"><net_src comp="488" pin="3"/><net_sink comp="656" pin=2"/></net>

<net id="668"><net_src comp="446" pin="3"/><net_sink comp="664" pin=0"/></net>

<net id="669"><net_src comp="502" pin="3"/><net_sink comp="664" pin=1"/></net>

<net id="675"><net_src comp="664" pin="2"/><net_sink comp="670" pin=0"/></net>

<net id="676"><net_src comp="446" pin="3"/><net_sink comp="670" pin=1"/></net>

<net id="677"><net_src comp="502" pin="3"/><net_sink comp="670" pin=2"/></net>

<net id="682"><net_src comp="460" pin="3"/><net_sink comp="678" pin=0"/></net>

<net id="683"><net_src comp="516" pin="3"/><net_sink comp="678" pin=1"/></net>

<net id="689"><net_src comp="678" pin="2"/><net_sink comp="684" pin=0"/></net>

<net id="690"><net_src comp="460" pin="3"/><net_sink comp="684" pin=1"/></net>

<net id="691"><net_src comp="516" pin="3"/><net_sink comp="684" pin=2"/></net>

<net id="696"><net_src comp="474" pin="3"/><net_sink comp="692" pin=0"/></net>

<net id="697"><net_src comp="530" pin="3"/><net_sink comp="692" pin=1"/></net>

<net id="703"><net_src comp="692" pin="2"/><net_sink comp="698" pin=0"/></net>

<net id="704"><net_src comp="474" pin="3"/><net_sink comp="698" pin=1"/></net>

<net id="705"><net_src comp="530" pin="3"/><net_sink comp="698" pin=2"/></net>

<net id="710"><net_src comp="488" pin="3"/><net_sink comp="706" pin=0"/></net>

<net id="711"><net_src comp="544" pin="3"/><net_sink comp="706" pin=1"/></net>

<net id="717"><net_src comp="706" pin="2"/><net_sink comp="712" pin=0"/></net>

<net id="718"><net_src comp="488" pin="3"/><net_sink comp="712" pin=1"/></net>

<net id="719"><net_src comp="544" pin="3"/><net_sink comp="712" pin=2"/></net>

<net id="724"><net_src comp="502" pin="3"/><net_sink comp="720" pin=0"/></net>

<net id="725"><net_src comp="558" pin="3"/><net_sink comp="720" pin=1"/></net>

<net id="731"><net_src comp="720" pin="2"/><net_sink comp="726" pin=0"/></net>

<net id="732"><net_src comp="502" pin="3"/><net_sink comp="726" pin=1"/></net>

<net id="733"><net_src comp="558" pin="3"/><net_sink comp="726" pin=2"/></net>

<net id="738"><net_src comp="516" pin="3"/><net_sink comp="734" pin=0"/></net>

<net id="739"><net_src comp="572" pin="3"/><net_sink comp="734" pin=1"/></net>

<net id="745"><net_src comp="734" pin="2"/><net_sink comp="740" pin=0"/></net>

<net id="746"><net_src comp="516" pin="3"/><net_sink comp="740" pin=1"/></net>

<net id="747"><net_src comp="572" pin="3"/><net_sink comp="740" pin=2"/></net>

<net id="752"><net_src comp="530" pin="3"/><net_sink comp="748" pin=0"/></net>

<net id="753"><net_src comp="586" pin="3"/><net_sink comp="748" pin=1"/></net>

<net id="759"><net_src comp="748" pin="2"/><net_sink comp="754" pin=0"/></net>

<net id="760"><net_src comp="530" pin="3"/><net_sink comp="754" pin=1"/></net>

<net id="761"><net_src comp="586" pin="3"/><net_sink comp="754" pin=2"/></net>

<net id="766"><net_src comp="544" pin="3"/><net_sink comp="762" pin=0"/></net>

<net id="767"><net_src comp="376" pin="3"/><net_sink comp="762" pin=1"/></net>

<net id="773"><net_src comp="762" pin="2"/><net_sink comp="768" pin=0"/></net>

<net id="774"><net_src comp="544" pin="3"/><net_sink comp="768" pin=1"/></net>

<net id="775"><net_src comp="376" pin="3"/><net_sink comp="768" pin=2"/></net>

<net id="780"><net_src comp="558" pin="3"/><net_sink comp="776" pin=0"/></net>

<net id="781"><net_src comp="390" pin="3"/><net_sink comp="776" pin=1"/></net>

<net id="787"><net_src comp="776" pin="2"/><net_sink comp="782" pin=0"/></net>

<net id="788"><net_src comp="558" pin="3"/><net_sink comp="782" pin=1"/></net>

<net id="789"><net_src comp="390" pin="3"/><net_sink comp="782" pin=2"/></net>

<net id="794"><net_src comp="572" pin="3"/><net_sink comp="790" pin=0"/></net>

<net id="795"><net_src comp="404" pin="3"/><net_sink comp="790" pin=1"/></net>

<net id="801"><net_src comp="790" pin="2"/><net_sink comp="796" pin=0"/></net>

<net id="802"><net_src comp="572" pin="3"/><net_sink comp="796" pin=1"/></net>

<net id="803"><net_src comp="404" pin="3"/><net_sink comp="796" pin=2"/></net>

<net id="808"><net_src comp="586" pin="3"/><net_sink comp="804" pin=0"/></net>

<net id="809"><net_src comp="418" pin="3"/><net_sink comp="804" pin=1"/></net>

<net id="815"><net_src comp="804" pin="2"/><net_sink comp="810" pin=0"/></net>

<net id="816"><net_src comp="586" pin="3"/><net_sink comp="810" pin=1"/></net>

<net id="817"><net_src comp="418" pin="3"/><net_sink comp="810" pin=2"/></net>

<net id="821"><net_src comp="44" pin="2"/><net_sink comp="818" pin=0"/></net>

<net id="826"><net_src comp="600" pin="3"/><net_sink comp="822" pin=0"/></net>

<net id="827"><net_src comp="140" pin="2"/><net_sink comp="822" pin=1"/></net>

<net id="833"><net_src comp="822" pin="2"/><net_sink comp="828" pin=0"/></net>

<net id="834"><net_src comp="600" pin="3"/><net_sink comp="828" pin=1"/></net>

<net id="835"><net_src comp="140" pin="2"/><net_sink comp="828" pin=2"/></net>

<net id="840"><net_src comp="818" pin="1"/><net_sink comp="836" pin=0"/></net>

<net id="841"><net_src comp="828" pin="3"/><net_sink comp="836" pin=1"/></net>

<net id="845"><net_src comp="828" pin="3"/><net_sink comp="842" pin=0"/></net>

<net id="851"><net_src comp="836" pin="2"/><net_sink comp="846" pin=0"/></net>

<net id="852"><net_src comp="44" pin="2"/><net_sink comp="846" pin=1"/></net>

<net id="853"><net_src comp="842" pin="1"/><net_sink comp="846" pin=2"/></net>

<net id="857"><net_src comp="846" pin="3"/><net_sink comp="854" pin=0"/></net>

<net id="862"><net_src comp="600" pin="3"/><net_sink comp="858" pin=0"/></net>

<net id="863"><net_src comp="86" pin="2"/><net_sink comp="858" pin=1"/></net>

<net id="869"><net_src comp="858" pin="2"/><net_sink comp="864" pin=0"/></net>

<net id="870"><net_src comp="600" pin="3"/><net_sink comp="864" pin=1"/></net>

<net id="871"><net_src comp="86" pin="2"/><net_sink comp="864" pin=2"/></net>

<net id="876"><net_src comp="854" pin="1"/><net_sink comp="872" pin=0"/></net>

<net id="877"><net_src comp="864" pin="3"/><net_sink comp="872" pin=1"/></net>

<net id="881"><net_src comp="864" pin="3"/><net_sink comp="878" pin=0"/></net>

<net id="886"><net_src comp="628" pin="3"/><net_sink comp="882" pin=0"/></net>

<net id="887"><net_src comp="128" pin="2"/><net_sink comp="882" pin=1"/></net>

<net id="892"><net_src comp="38" pin="0"/><net_sink comp="888" pin=0"/></net>

<net id="893"><net_src comp="818" pin="1"/><net_sink comp="888" pin=1"/></net>

<net id="898"><net_src comp="614" pin="3"/><net_sink comp="894" pin=0"/></net>

<net id="899"><net_src comp="140" pin="2"/><net_sink comp="894" pin=1"/></net>

<net id="905"><net_src comp="894" pin="2"/><net_sink comp="900" pin=0"/></net>

<net id="906"><net_src comp="614" pin="3"/><net_sink comp="900" pin=1"/></net>

<net id="907"><net_src comp="140" pin="2"/><net_sink comp="900" pin=2"/></net>

<net id="912"><net_src comp="900" pin="3"/><net_sink comp="908" pin=0"/></net>

<net id="913"><net_src comp="888" pin="2"/><net_sink comp="908" pin=1"/></net>

<net id="919"><net_src comp="908" pin="2"/><net_sink comp="914" pin=0"/></net>

<net id="920"><net_src comp="888" pin="2"/><net_sink comp="914" pin=1"/></net>

<net id="921"><net_src comp="900" pin="3"/><net_sink comp="914" pin=2"/></net>

<net id="926"><net_src comp="614" pin="3"/><net_sink comp="922" pin=0"/></net>

<net id="927"><net_src comp="86" pin="2"/><net_sink comp="922" pin=1"/></net>

<net id="933"><net_src comp="922" pin="2"/><net_sink comp="928" pin=0"/></net>

<net id="934"><net_src comp="614" pin="3"/><net_sink comp="928" pin=1"/></net>

<net id="935"><net_src comp="86" pin="2"/><net_sink comp="928" pin=2"/></net>

<net id="940"><net_src comp="914" pin="3"/><net_sink comp="936" pin=0"/></net>

<net id="941"><net_src comp="928" pin="3"/><net_sink comp="936" pin=1"/></net>

<net id="946"><net_src comp="642" pin="3"/><net_sink comp="942" pin=0"/></net>

<net id="947"><net_src comp="128" pin="2"/><net_sink comp="942" pin=1"/></net>

<net id="956"><net_src comp="948" pin="3"/><net_sink comp="953" pin=0"/></net>

<net id="966"><net_src comp="953" pin="1"/><net_sink comp="962" pin=0"/></net>

<net id="967"><net_src comp="957" pin="3"/><net_sink comp="962" pin=1"/></net>

<net id="971"><net_src comp="957" pin="3"/><net_sink comp="968" pin=0"/></net>

<net id="977"><net_src comp="962" pin="2"/><net_sink comp="972" pin=0"/></net>

<net id="978"><net_src comp="948" pin="3"/><net_sink comp="972" pin=1"/></net>

<net id="979"><net_src comp="968" pin="1"/><net_sink comp="972" pin=2"/></net>

<net id="983"><net_src comp="972" pin="3"/><net_sink comp="980" pin=0"/></net>

<net id="993"><net_src comp="984" pin="2"/><net_sink comp="988" pin=0"/></net>

<net id="998"><net_src comp="980" pin="1"/><net_sink comp="994" pin=0"/></net>

<net id="999"><net_src comp="988" pin="3"/><net_sink comp="994" pin=1"/></net>

<net id="1003"><net_src comp="988" pin="3"/><net_sink comp="1000" pin=0"/></net>

<net id="1009"><net_src comp="994" pin="2"/><net_sink comp="1004" pin=0"/></net>

<net id="1010"><net_src comp="972" pin="3"/><net_sink comp="1004" pin=1"/></net>

<net id="1011"><net_src comp="1000" pin="1"/><net_sink comp="1004" pin=2"/></net>

<net id="1015"><net_src comp="1004" pin="3"/><net_sink comp="1012" pin=0"/></net>

<net id="1025"><net_src comp="1016" pin="2"/><net_sink comp="1020" pin=0"/></net>

<net id="1030"><net_src comp="1012" pin="1"/><net_sink comp="1026" pin=0"/></net>

<net id="1031"><net_src comp="1020" pin="3"/><net_sink comp="1026" pin=1"/></net>

<net id="1035"><net_src comp="1020" pin="3"/><net_sink comp="1032" pin=0"/></net>

<net id="1041"><net_src comp="1026" pin="2"/><net_sink comp="1036" pin=0"/></net>

<net id="1042"><net_src comp="1004" pin="3"/><net_sink comp="1036" pin=1"/></net>

<net id="1043"><net_src comp="1032" pin="1"/><net_sink comp="1036" pin=2"/></net>

<net id="1047"><net_src comp="1036" pin="3"/><net_sink comp="1044" pin=0"/></net>

<net id="1057"><net_src comp="1048" pin="2"/><net_sink comp="1052" pin=0"/></net>

<net id="1062"><net_src comp="1044" pin="1"/><net_sink comp="1058" pin=0"/></net>

<net id="1063"><net_src comp="1052" pin="3"/><net_sink comp="1058" pin=1"/></net>

<net id="1067"><net_src comp="1052" pin="3"/><net_sink comp="1064" pin=0"/></net>

<net id="1073"><net_src comp="1058" pin="2"/><net_sink comp="1068" pin=0"/></net>

<net id="1074"><net_src comp="1036" pin="3"/><net_sink comp="1068" pin=1"/></net>

<net id="1075"><net_src comp="1064" pin="1"/><net_sink comp="1068" pin=2"/></net>

<net id="1079"><net_src comp="1068" pin="3"/><net_sink comp="1076" pin=0"/></net>

<net id="1089"><net_src comp="1080" pin="2"/><net_sink comp="1084" pin=0"/></net>

<net id="1094"><net_src comp="1076" pin="1"/><net_sink comp="1090" pin=0"/></net>

<net id="1095"><net_src comp="1084" pin="3"/><net_sink comp="1090" pin=1"/></net>

<net id="1099"><net_src comp="1084" pin="3"/><net_sink comp="1096" pin=0"/></net>

<net id="1105"><net_src comp="1090" pin="2"/><net_sink comp="1100" pin=0"/></net>

<net id="1106"><net_src comp="1068" pin="3"/><net_sink comp="1100" pin=1"/></net>

<net id="1107"><net_src comp="1096" pin="1"/><net_sink comp="1100" pin=2"/></net>

<net id="1117"><net_src comp="1108" pin="2"/><net_sink comp="1112" pin=0"/></net>

<net id="1121"><net_src comp="1112" pin="3"/><net_sink comp="1118" pin=0"/></net>

<net id="1136"><net_src comp="1122" pin="3"/><net_sink comp="1132" pin=0"/></net>

<net id="1137"><net_src comp="1127" pin="3"/><net_sink comp="1132" pin=1"/></net>

<net id="1143"><net_src comp="1132" pin="2"/><net_sink comp="1138" pin=0"/></net>

<net id="1144"><net_src comp="1122" pin="3"/><net_sink comp="1138" pin=1"/></net>

<net id="1145"><net_src comp="1127" pin="3"/><net_sink comp="1138" pin=2"/></net>

<net id="1155"><net_src comp="1146" pin="2"/><net_sink comp="1150" pin=0"/></net>

<net id="1160"><net_src comp="1138" pin="3"/><net_sink comp="1156" pin=0"/></net>

<net id="1161"><net_src comp="1150" pin="3"/><net_sink comp="1156" pin=1"/></net>

<net id="1167"><net_src comp="1156" pin="2"/><net_sink comp="1162" pin=0"/></net>

<net id="1168"><net_src comp="1138" pin="3"/><net_sink comp="1162" pin=1"/></net>

<net id="1169"><net_src comp="1150" pin="3"/><net_sink comp="1162" pin=2"/></net>

<net id="1179"><net_src comp="1170" pin="2"/><net_sink comp="1174" pin=0"/></net>

<net id="1184"><net_src comp="1162" pin="3"/><net_sink comp="1180" pin=0"/></net>

<net id="1185"><net_src comp="1174" pin="3"/><net_sink comp="1180" pin=1"/></net>

<net id="1191"><net_src comp="1180" pin="2"/><net_sink comp="1186" pin=0"/></net>

<net id="1192"><net_src comp="1162" pin="3"/><net_sink comp="1186" pin=1"/></net>

<net id="1193"><net_src comp="1174" pin="3"/><net_sink comp="1186" pin=2"/></net>

<net id="1203"><net_src comp="1194" pin="2"/><net_sink comp="1198" pin=0"/></net>

<net id="1208"><net_src comp="1186" pin="3"/><net_sink comp="1204" pin=0"/></net>

<net id="1209"><net_src comp="1198" pin="3"/><net_sink comp="1204" pin=1"/></net>

<net id="1215"><net_src comp="1204" pin="2"/><net_sink comp="1210" pin=0"/></net>

<net id="1216"><net_src comp="1186" pin="3"/><net_sink comp="1210" pin=1"/></net>

<net id="1217"><net_src comp="1198" pin="3"/><net_sink comp="1210" pin=2"/></net>

<net id="1227"><net_src comp="1218" pin="2"/><net_sink comp="1222" pin=0"/></net>

<net id="1232"><net_src comp="1210" pin="3"/><net_sink comp="1228" pin=0"/></net>

<net id="1233"><net_src comp="1222" pin="3"/><net_sink comp="1228" pin=1"/></net>

<net id="1239"><net_src comp="1228" pin="2"/><net_sink comp="1234" pin=0"/></net>

<net id="1240"><net_src comp="1210" pin="3"/><net_sink comp="1234" pin=1"/></net>

<net id="1241"><net_src comp="1222" pin="3"/><net_sink comp="1234" pin=2"/></net>

<net id="1251"><net_src comp="1242" pin="2"/><net_sink comp="1246" pin=0"/></net>

<net id="1259"><net_src comp="1252" pin="1"/><net_sink comp="1255" pin=0"/></net>

<net id="1265"><net_src comp="1255" pin="2"/><net_sink comp="1260" pin=0"/></net>

<net id="1269"><net_src comp="1260" pin="3"/><net_sink comp="1266" pin=0"/></net>

<net id="1279"><net_src comp="1270" pin="2"/><net_sink comp="1274" pin=0"/></net>

<net id="1284"><net_src comp="1266" pin="1"/><net_sink comp="1280" pin=0"/></net>

<net id="1285"><net_src comp="1274" pin="3"/><net_sink comp="1280" pin=1"/></net>

<net id="1289"><net_src comp="1274" pin="3"/><net_sink comp="1286" pin=0"/></net>

<net id="1295"><net_src comp="1280" pin="2"/><net_sink comp="1290" pin=0"/></net>

<net id="1296"><net_src comp="1260" pin="3"/><net_sink comp="1290" pin=1"/></net>

<net id="1297"><net_src comp="1286" pin="1"/><net_sink comp="1290" pin=2"/></net>

<net id="1301"><net_src comp="1290" pin="3"/><net_sink comp="1298" pin=0"/></net>

<net id="1311"><net_src comp="1302" pin="2"/><net_sink comp="1306" pin=0"/></net>

<net id="1316"><net_src comp="1298" pin="1"/><net_sink comp="1312" pin=0"/></net>

<net id="1317"><net_src comp="1306" pin="3"/><net_sink comp="1312" pin=1"/></net>

<net id="1321"><net_src comp="1306" pin="3"/><net_sink comp="1318" pin=0"/></net>

<net id="1327"><net_src comp="1312" pin="2"/><net_sink comp="1322" pin=0"/></net>

<net id="1328"><net_src comp="1290" pin="3"/><net_sink comp="1322" pin=1"/></net>

<net id="1329"><net_src comp="1318" pin="1"/><net_sink comp="1322" pin=2"/></net>

<net id="1333"><net_src comp="1322" pin="3"/><net_sink comp="1330" pin=0"/></net>

<net id="1343"><net_src comp="1334" pin="2"/><net_sink comp="1338" pin=0"/></net>

<net id="1348"><net_src comp="1330" pin="1"/><net_sink comp="1344" pin=0"/></net>

<net id="1349"><net_src comp="1338" pin="3"/><net_sink comp="1344" pin=1"/></net>

<net id="1353"><net_src comp="1338" pin="3"/><net_sink comp="1350" pin=0"/></net>

<net id="1359"><net_src comp="1344" pin="2"/><net_sink comp="1354" pin=0"/></net>

<net id="1360"><net_src comp="1322" pin="3"/><net_sink comp="1354" pin=1"/></net>

<net id="1361"><net_src comp="1350" pin="1"/><net_sink comp="1354" pin=2"/></net>

<net id="1365"><net_src comp="1354" pin="3"/><net_sink comp="1362" pin=0"/></net>

<net id="1375"><net_src comp="1366" pin="2"/><net_sink comp="1370" pin=0"/></net>

<net id="1380"><net_src comp="1362" pin="1"/><net_sink comp="1376" pin=0"/></net>

<net id="1381"><net_src comp="1370" pin="3"/><net_sink comp="1376" pin=1"/></net>

<net id="1385"><net_src comp="1370" pin="3"/><net_sink comp="1382" pin=0"/></net>

<net id="1391"><net_src comp="1376" pin="2"/><net_sink comp="1386" pin=0"/></net>

<net id="1392"><net_src comp="1354" pin="3"/><net_sink comp="1386" pin=1"/></net>

<net id="1393"><net_src comp="1382" pin="1"/><net_sink comp="1386" pin=2"/></net>

<net id="1397"><net_src comp="1386" pin="3"/><net_sink comp="1394" pin=0"/></net>

<net id="1407"><net_src comp="1398" pin="2"/><net_sink comp="1402" pin=0"/></net>

<net id="1412"><net_src comp="1394" pin="1"/><net_sink comp="1408" pin=0"/></net>

<net id="1413"><net_src comp="1402" pin="3"/><net_sink comp="1408" pin=1"/></net>

<net id="1417"><net_src comp="1402" pin="3"/><net_sink comp="1414" pin=0"/></net>

<net id="1427"><net_src comp="1418" pin="2"/><net_sink comp="1422" pin=0"/></net>

<net id="1431"><net_src comp="1422" pin="3"/><net_sink comp="1428" pin=0"/></net>

<net id="1441"><net_src comp="1432" pin="2"/><net_sink comp="1436" pin=0"/></net>

<net id="1451"><net_src comp="1442" pin="2"/><net_sink comp="1446" pin=0"/></net>

<net id="1456"><net_src comp="1436" pin="3"/><net_sink comp="1452" pin=0"/></net>

<net id="1457"><net_src comp="1446" pin="3"/><net_sink comp="1452" pin=1"/></net>

<net id="1463"><net_src comp="1452" pin="2"/><net_sink comp="1458" pin=0"/></net>

<net id="1464"><net_src comp="1436" pin="3"/><net_sink comp="1458" pin=1"/></net>

<net id="1465"><net_src comp="1446" pin="3"/><net_sink comp="1458" pin=2"/></net>

<net id="1475"><net_src comp="1466" pin="2"/><net_sink comp="1470" pin=0"/></net>

<net id="1480"><net_src comp="1458" pin="3"/><net_sink comp="1476" pin=0"/></net>

<net id="1481"><net_src comp="1470" pin="3"/><net_sink comp="1476" pin=1"/></net>

<net id="1487"><net_src comp="1476" pin="2"/><net_sink comp="1482" pin=0"/></net>

<net id="1488"><net_src comp="1458" pin="3"/><net_sink comp="1482" pin=1"/></net>

<net id="1489"><net_src comp="1470" pin="3"/><net_sink comp="1482" pin=2"/></net>

<net id="1499"><net_src comp="1490" pin="2"/><net_sink comp="1494" pin=0"/></net>

<net id="1504"><net_src comp="1482" pin="3"/><net_sink comp="1500" pin=0"/></net>

<net id="1505"><net_src comp="1494" pin="3"/><net_sink comp="1500" pin=1"/></net>

<net id="1511"><net_src comp="1500" pin="2"/><net_sink comp="1506" pin=0"/></net>

<net id="1512"><net_src comp="1482" pin="3"/><net_sink comp="1506" pin=1"/></net>

<net id="1513"><net_src comp="1494" pin="3"/><net_sink comp="1506" pin=2"/></net>

<net id="1523"><net_src comp="1514" pin="2"/><net_sink comp="1518" pin=0"/></net>

<net id="1528"><net_src comp="1506" pin="3"/><net_sink comp="1524" pin=0"/></net>

<net id="1529"><net_src comp="1518" pin="3"/><net_sink comp="1524" pin=1"/></net>

<net id="1535"><net_src comp="1524" pin="2"/><net_sink comp="1530" pin=0"/></net>

<net id="1536"><net_src comp="1506" pin="3"/><net_sink comp="1530" pin=1"/></net>

<net id="1537"><net_src comp="1518" pin="3"/><net_sink comp="1530" pin=2"/></net>

<net id="1547"><net_src comp="1538" pin="2"/><net_sink comp="1542" pin=0"/></net>

<net id="1557"><net_src comp="1548" pin="2"/><net_sink comp="1552" pin=0"/></net>

<net id="1566"><net_src comp="1558" pin="3"/><net_sink comp="1563" pin=0"/></net>

<net id="1571"><net_src comp="1563" pin="1"/><net_sink comp="1567" pin=0"/></net>

<net id="1577"><net_src comp="1567" pin="2"/><net_sink comp="1572" pin=0"/></net>

<net id="1578"><net_src comp="1558" pin="3"/><net_sink comp="1572" pin=1"/></net>

<net id="1582"><net_src comp="1572" pin="3"/><net_sink comp="1579" pin=0"/></net>

<net id="1592"><net_src comp="1583" pin="2"/><net_sink comp="1587" pin=0"/></net>

<net id="1597"><net_src comp="1579" pin="1"/><net_sink comp="1593" pin=0"/></net>

<net id="1598"><net_src comp="1587" pin="3"/><net_sink comp="1593" pin=1"/></net>

<net id="1602"><net_src comp="1587" pin="3"/><net_sink comp="1599" pin=0"/></net>

<net id="1608"><net_src comp="1593" pin="2"/><net_sink comp="1603" pin=0"/></net>

<net id="1609"><net_src comp="1572" pin="3"/><net_sink comp="1603" pin=1"/></net>

<net id="1610"><net_src comp="1599" pin="1"/><net_sink comp="1603" pin=2"/></net>

<net id="1614"><net_src comp="1603" pin="3"/><net_sink comp="1611" pin=0"/></net>

<net id="1624"><net_src comp="1615" pin="2"/><net_sink comp="1619" pin=0"/></net>

<net id="1629"><net_src comp="1611" pin="1"/><net_sink comp="1625" pin=0"/></net>

<net id="1630"><net_src comp="1619" pin="3"/><net_sink comp="1625" pin=1"/></net>

<net id="1634"><net_src comp="1619" pin="3"/><net_sink comp="1631" pin=0"/></net>

<net id="1640"><net_src comp="1625" pin="2"/><net_sink comp="1635" pin=0"/></net>

<net id="1641"><net_src comp="1603" pin="3"/><net_sink comp="1635" pin=1"/></net>

<net id="1642"><net_src comp="1631" pin="1"/><net_sink comp="1635" pin=2"/></net>

<net id="1652"><net_src comp="1643" pin="2"/><net_sink comp="1647" pin=0"/></net>

<net id="1657"><net_src comp="1647" pin="3"/><net_sink comp="1653" pin=0"/></net>

<net id="1663"><net_src comp="1653" pin="2"/><net_sink comp="1658" pin=0"/></net>

<net id="1664"><net_src comp="1647" pin="3"/><net_sink comp="1658" pin=1"/></net>

<net id="1674"><net_src comp="1665" pin="2"/><net_sink comp="1669" pin=0"/></net>

<net id="1679"><net_src comp="1658" pin="3"/><net_sink comp="1675" pin=0"/></net>

<net id="1680"><net_src comp="1669" pin="3"/><net_sink comp="1675" pin=1"/></net>

<net id="1686"><net_src comp="1675" pin="2"/><net_sink comp="1681" pin=0"/></net>

<net id="1687"><net_src comp="1658" pin="3"/><net_sink comp="1681" pin=1"/></net>

<net id="1688"><net_src comp="1669" pin="3"/><net_sink comp="1681" pin=2"/></net>

<net id="1698"><net_src comp="1689" pin="2"/><net_sink comp="1693" pin=0"/></net>

<net id="1703"><net_src comp="1681" pin="3"/><net_sink comp="1699" pin=0"/></net>

<net id="1704"><net_src comp="1693" pin="3"/><net_sink comp="1699" pin=1"/></net>

<net id="1708"><net_src comp="1681" pin="3"/><net_sink comp="1705" pin=0"/></net>

<net id="1712"><net_src comp="1693" pin="3"/><net_sink comp="1709" pin=0"/></net>

<net id="1718"><net_src comp="1699" pin="2"/><net_sink comp="1713" pin=0"/></net>

<net id="1719"><net_src comp="1705" pin="1"/><net_sink comp="1713" pin=1"/></net>

<net id="1720"><net_src comp="1709" pin="1"/><net_sink comp="1713" pin=2"/></net>

<net id="1725"><net_src comp="40" pin="0"/><net_sink comp="1721" pin=0"/></net>

<net id="1726"><net_src comp="1713" pin="3"/><net_sink comp="1721" pin=1"/></net>

<net id="1731"><net_src comp="1635" pin="3"/><net_sink comp="1727" pin=0"/></net>

<net id="1732"><net_src comp="1721" pin="2"/><net_sink comp="1727" pin=1"/></net>

<net id="1738"><net_src comp="1727" pin="2"/><net_sink comp="1733" pin=0"/></net>

<net id="1739"><net_src comp="1635" pin="3"/><net_sink comp="1733" pin=1"/></net>

<net id="1740"><net_src comp="1721" pin="2"/><net_sink comp="1733" pin=2"/></net>

<net id="1745"><net_src comp="1733" pin="3"/><net_sink comp="1741" pin=0"/></net>

<net id="1746"><net_src comp="42" pin="0"/><net_sink comp="1741" pin=1"/></net>

<net id="1750"><net_src comp="50" pin="2"/><net_sink comp="1747" pin=0"/></net>

<net id="1751"><net_src comp="1747" pin="1"/><net_sink comp="1108" pin=1"/></net>

<net id="1752"><net_src comp="1747" pin="1"/><net_sink comp="1112" pin=2"/></net>

<net id="1753"><net_src comp="1747" pin="1"/><net_sink comp="1242" pin=1"/></net>

<net id="1754"><net_src comp="1747" pin="1"/><net_sink comp="1246" pin=2"/></net>

<net id="1758"><net_src comp="56" pin="2"/><net_sink comp="1755" pin=0"/></net>

<net id="1759"><net_src comp="1755" pin="1"/><net_sink comp="1583" pin=1"/></net>

<net id="1760"><net_src comp="1755" pin="1"/><net_sink comp="1587" pin=2"/></net>

<net id="1761"><net_src comp="1755" pin="1"/><net_sink comp="1665" pin=1"/></net>

<net id="1762"><net_src comp="1755" pin="1"/><net_sink comp="1669" pin=2"/></net>

<net id="1766"><net_src comp="62" pin="2"/><net_sink comp="1763" pin=0"/></net>

<net id="1767"><net_src comp="1763" pin="1"/><net_sink comp="1048" pin=1"/></net>

<net id="1768"><net_src comp="1763" pin="1"/><net_sink comp="1052" pin=2"/></net>

<net id="1769"><net_src comp="1763" pin="1"/><net_sink comp="1194" pin=1"/></net>

<net id="1770"><net_src comp="1763" pin="1"/><net_sink comp="1198" pin=2"/></net>

<net id="1774"><net_src comp="68" pin="2"/><net_sink comp="1771" pin=0"/></net>

<net id="1775"><net_src comp="1771" pin="1"/><net_sink comp="1398" pin=1"/></net>

<net id="1776"><net_src comp="1771" pin="1"/><net_sink comp="1402" pin=2"/></net>

<net id="1777"><net_src comp="1771" pin="1"/><net_sink comp="1538" pin=1"/></net>

<net id="1778"><net_src comp="1771" pin="1"/><net_sink comp="1542" pin=2"/></net>

<net id="1782"><net_src comp="74" pin="2"/><net_sink comp="1779" pin=0"/></net>

<net id="1783"><net_src comp="1779" pin="1"/><net_sink comp="984" pin=1"/></net>

<net id="1784"><net_src comp="1779" pin="1"/><net_sink comp="988" pin=2"/></net>

<net id="1785"><net_src comp="1779" pin="1"/><net_sink comp="1146" pin=1"/></net>

<net id="1786"><net_src comp="1779" pin="1"/><net_sink comp="1150" pin=2"/></net>

<net id="1790"><net_src comp="80" pin="2"/><net_sink comp="1787" pin=0"/></net>

<net id="1791"><net_src comp="1787" pin="1"/><net_sink comp="1334" pin=1"/></net>

<net id="1792"><net_src comp="1787" pin="1"/><net_sink comp="1338" pin=2"/></net>

<net id="1793"><net_src comp="1787" pin="1"/><net_sink comp="1490" pin=1"/></net>

<net id="1794"><net_src comp="1787" pin="1"/><net_sink comp="1494" pin=2"/></net>

<net id="1798"><net_src comp="92" pin="2"/><net_sink comp="1795" pin=0"/></net>

<net id="1799"><net_src comp="1795" pin="1"/><net_sink comp="1270" pin=1"/></net>

<net id="1800"><net_src comp="1795" pin="1"/><net_sink comp="1274" pin=2"/></net>

<net id="1801"><net_src comp="1795" pin="1"/><net_sink comp="1442" pin=1"/></net>

<net id="1802"><net_src comp="1795" pin="1"/><net_sink comp="1446" pin=2"/></net>

<net id="1806"><net_src comp="98" pin="2"/><net_sink comp="1803" pin=0"/></net>

<net id="1807"><net_src comp="1803" pin="1"/><net_sink comp="1615" pin=1"/></net>

<net id="1808"><net_src comp="1803" pin="1"/><net_sink comp="1619" pin=2"/></net>

<net id="1809"><net_src comp="1803" pin="1"/><net_sink comp="1689" pin=1"/></net>

<net id="1810"><net_src comp="1803" pin="1"/><net_sink comp="1693" pin=2"/></net>

<net id="1814"><net_src comp="104" pin="2"/><net_sink comp="1811" pin=0"/></net>

<net id="1815"><net_src comp="1811" pin="1"/><net_sink comp="1080" pin=1"/></net>

<net id="1816"><net_src comp="1811" pin="1"/><net_sink comp="1084" pin=2"/></net>

<net id="1817"><net_src comp="1811" pin="1"/><net_sink comp="1218" pin=1"/></net>

<net id="1818"><net_src comp="1811" pin="1"/><net_sink comp="1222" pin=2"/></net>

<net id="1822"><net_src comp="110" pin="2"/><net_sink comp="1819" pin=0"/></net>

<net id="1823"><net_src comp="1819" pin="1"/><net_sink comp="1418" pin=1"/></net>

<net id="1824"><net_src comp="1819" pin="1"/><net_sink comp="1422" pin=2"/></net>

<net id="1825"><net_src comp="1819" pin="1"/><net_sink comp="1548" pin=1"/></net>

<net id="1826"><net_src comp="1819" pin="1"/><net_sink comp="1552" pin=2"/></net>

<net id="1830"><net_src comp="116" pin="2"/><net_sink comp="1827" pin=0"/></net>

<net id="1831"><net_src comp="1827" pin="1"/><net_sink comp="1016" pin=1"/></net>

<net id="1832"><net_src comp="1827" pin="1"/><net_sink comp="1020" pin=2"/></net>

<net id="1833"><net_src comp="1827" pin="1"/><net_sink comp="1170" pin=1"/></net>

<net id="1834"><net_src comp="1827" pin="1"/><net_sink comp="1174" pin=2"/></net>

<net id="1838"><net_src comp="122" pin="2"/><net_sink comp="1835" pin=0"/></net>

<net id="1839"><net_src comp="1835" pin="1"/><net_sink comp="1366" pin=1"/></net>

<net id="1840"><net_src comp="1835" pin="1"/><net_sink comp="1370" pin=2"/></net>

<net id="1841"><net_src comp="1835" pin="1"/><net_sink comp="1514" pin=1"/></net>

<net id="1842"><net_src comp="1835" pin="1"/><net_sink comp="1518" pin=2"/></net>

<net id="1846"><net_src comp="128" pin="2"/><net_sink comp="1843" pin=0"/></net>

<net id="1847"><net_src comp="1843" pin="1"/><net_sink comp="957" pin=2"/></net>

<net id="1848"><net_src comp="1843" pin="1"/><net_sink comp="1127" pin=2"/></net>

<net id="1852"><net_src comp="134" pin="2"/><net_sink comp="1849" pin=0"/></net>

<net id="1853"><net_src comp="1849" pin="1"/><net_sink comp="1302" pin=1"/></net>

<net id="1854"><net_src comp="1849" pin="1"/><net_sink comp="1306" pin=2"/></net>

<net id="1855"><net_src comp="1849" pin="1"/><net_sink comp="1466" pin=1"/></net>

<net id="1856"><net_src comp="1849" pin="1"/><net_sink comp="1470" pin=2"/></net>

<net id="1860"><net_src comp="628" pin="3"/><net_sink comp="1857" pin=0"/></net>

<net id="1861"><net_src comp="1857" pin="1"/><net_sink comp="957" pin=1"/></net>

<net id="1862"><net_src comp="1857" pin="1"/><net_sink comp="984" pin=0"/></net>

<net id="1863"><net_src comp="1857" pin="1"/><net_sink comp="988" pin=1"/></net>

<net id="1867"><net_src comp="642" pin="3"/><net_sink comp="1864" pin=0"/></net>

<net id="1868"><net_src comp="1864" pin="1"/><net_sink comp="1127" pin=1"/></net>

<net id="1869"><net_src comp="1864" pin="1"/><net_sink comp="1146" pin=0"/></net>

<net id="1870"><net_src comp="1864" pin="1"/><net_sink comp="1150" pin=1"/></net>

<net id="1874"><net_src comp="656" pin="3"/><net_sink comp="1871" pin=0"/></net>

<net id="1875"><net_src comp="1871" pin="1"/><net_sink comp="1016" pin=0"/></net>

<net id="1876"><net_src comp="1871" pin="1"/><net_sink comp="1020" pin=1"/></net>

<net id="1877"><net_src comp="1871" pin="1"/><net_sink comp="1048" pin=0"/></net>

<net id="1878"><net_src comp="1871" pin="1"/><net_sink comp="1052" pin=1"/></net>

<net id="1882"><net_src comp="670" pin="3"/><net_sink comp="1879" pin=0"/></net>

<net id="1883"><net_src comp="1879" pin="1"/><net_sink comp="1170" pin=0"/></net>

<net id="1884"><net_src comp="1879" pin="1"/><net_sink comp="1174" pin=1"/></net>

<net id="1885"><net_src comp="1879" pin="1"/><net_sink comp="1194" pin=0"/></net>

<net id="1886"><net_src comp="1879" pin="1"/><net_sink comp="1198" pin=1"/></net>

<net id="1890"><net_src comp="684" pin="3"/><net_sink comp="1887" pin=0"/></net>

<net id="1891"><net_src comp="1887" pin="1"/><net_sink comp="1080" pin=0"/></net>

<net id="1892"><net_src comp="1887" pin="1"/><net_sink comp="1084" pin=1"/></net>

<net id="1893"><net_src comp="1887" pin="1"/><net_sink comp="1108" pin=0"/></net>

<net id="1894"><net_src comp="1887" pin="1"/><net_sink comp="1112" pin=1"/></net>

<net id="1898"><net_src comp="698" pin="3"/><net_sink comp="1895" pin=0"/></net>

<net id="1899"><net_src comp="1895" pin="1"/><net_sink comp="1218" pin=0"/></net>

<net id="1900"><net_src comp="1895" pin="1"/><net_sink comp="1222" pin=1"/></net>

<net id="1901"><net_src comp="1895" pin="1"/><net_sink comp="1242" pin=0"/></net>

<net id="1902"><net_src comp="1895" pin="1"/><net_sink comp="1246" pin=1"/></net>

<net id="1906"><net_src comp="712" pin="3"/><net_sink comp="1903" pin=0"/></net>

<net id="1907"><net_src comp="1903" pin="1"/><net_sink comp="1270" pin=0"/></net>

<net id="1908"><net_src comp="1903" pin="1"/><net_sink comp="1274" pin=1"/></net>

<net id="1909"><net_src comp="1903" pin="1"/><net_sink comp="1302" pin=0"/></net>

<net id="1910"><net_src comp="1903" pin="1"/><net_sink comp="1306" pin=1"/></net>

<net id="1914"><net_src comp="726" pin="3"/><net_sink comp="1911" pin=0"/></net>

<net id="1915"><net_src comp="1911" pin="1"/><net_sink comp="1442" pin=0"/></net>

<net id="1916"><net_src comp="1911" pin="1"/><net_sink comp="1446" pin=1"/></net>

<net id="1917"><net_src comp="1911" pin="1"/><net_sink comp="1466" pin=0"/></net>

<net id="1918"><net_src comp="1911" pin="1"/><net_sink comp="1470" pin=1"/></net>

<net id="1922"><net_src comp="740" pin="3"/><net_sink comp="1919" pin=0"/></net>

<net id="1923"><net_src comp="1919" pin="1"/><net_sink comp="1334" pin=0"/></net>

<net id="1924"><net_src comp="1919" pin="1"/><net_sink comp="1338" pin=1"/></net>

<net id="1925"><net_src comp="1919" pin="1"/><net_sink comp="1366" pin=0"/></net>

<net id="1926"><net_src comp="1919" pin="1"/><net_sink comp="1370" pin=1"/></net>

<net id="1930"><net_src comp="754" pin="3"/><net_sink comp="1927" pin=0"/></net>

<net id="1931"><net_src comp="1927" pin="1"/><net_sink comp="1490" pin=0"/></net>

<net id="1932"><net_src comp="1927" pin="1"/><net_sink comp="1494" pin=1"/></net>

<net id="1933"><net_src comp="1927" pin="1"/><net_sink comp="1514" pin=0"/></net>

<net id="1934"><net_src comp="1927" pin="1"/><net_sink comp="1518" pin=1"/></net>

<net id="1938"><net_src comp="768" pin="3"/><net_sink comp="1935" pin=0"/></net>

<net id="1939"><net_src comp="1935" pin="1"/><net_sink comp="1398" pin=0"/></net>

<net id="1940"><net_src comp="1935" pin="1"/><net_sink comp="1402" pin=1"/></net>

<net id="1941"><net_src comp="1935" pin="1"/><net_sink comp="1418" pin=0"/></net>

<net id="1942"><net_src comp="1935" pin="1"/><net_sink comp="1422" pin=1"/></net>

<net id="1946"><net_src comp="782" pin="3"/><net_sink comp="1943" pin=0"/></net>

<net id="1947"><net_src comp="1943" pin="1"/><net_sink comp="1538" pin=0"/></net>

<net id="1948"><net_src comp="1943" pin="1"/><net_sink comp="1542" pin=1"/></net>

<net id="1949"><net_src comp="1943" pin="1"/><net_sink comp="1548" pin=0"/></net>

<net id="1950"><net_src comp="1943" pin="1"/><net_sink comp="1552" pin=1"/></net>

<net id="1954"><net_src comp="796" pin="3"/><net_sink comp="1951" pin=0"/></net>

<net id="1955"><net_src comp="1951" pin="1"/><net_sink comp="1583" pin=0"/></net>

<net id="1956"><net_src comp="1951" pin="1"/><net_sink comp="1587" pin=1"/></net>

<net id="1957"><net_src comp="1951" pin="1"/><net_sink comp="1615" pin=0"/></net>

<net id="1958"><net_src comp="1951" pin="1"/><net_sink comp="1619" pin=1"/></net>

<net id="1962"><net_src comp="810" pin="3"/><net_sink comp="1959" pin=0"/></net>

<net id="1963"><net_src comp="1959" pin="1"/><net_sink comp="1665" pin=0"/></net>

<net id="1964"><net_src comp="1959" pin="1"/><net_sink comp="1669" pin=1"/></net>

<net id="1965"><net_src comp="1959" pin="1"/><net_sink comp="1689" pin=0"/></net>

<net id="1966"><net_src comp="1959" pin="1"/><net_sink comp="1693" pin=1"/></net>

<net id="1970"><net_src comp="846" pin="3"/><net_sink comp="1967" pin=0"/></net>

<net id="1971"><net_src comp="1967" pin="1"/><net_sink comp="948" pin=1"/></net>

<net id="1975"><net_src comp="872" pin="2"/><net_sink comp="1972" pin=0"/></net>

<net id="1976"><net_src comp="1972" pin="1"/><net_sink comp="948" pin=0"/></net>

<net id="1980"><net_src comp="878" pin="1"/><net_sink comp="1977" pin=0"/></net>

<net id="1981"><net_src comp="1977" pin="1"/><net_sink comp="948" pin=2"/></net>

<net id="1985"><net_src comp="882" pin="2"/><net_sink comp="1982" pin=0"/></net>

<net id="1986"><net_src comp="1982" pin="1"/><net_sink comp="957" pin=0"/></net>

<net id="1990"><net_src comp="914" pin="3"/><net_sink comp="1987" pin=0"/></net>

<net id="1991"><net_src comp="1987" pin="1"/><net_sink comp="1122" pin=1"/></net>

<net id="1995"><net_src comp="928" pin="3"/><net_sink comp="1992" pin=0"/></net>

<net id="1996"><net_src comp="1992" pin="1"/><net_sink comp="1122" pin=2"/></net>

<net id="2000"><net_src comp="936" pin="2"/><net_sink comp="1997" pin=0"/></net>

<net id="2001"><net_src comp="1997" pin="1"/><net_sink comp="1122" pin=0"/></net>

<net id="2005"><net_src comp="942" pin="2"/><net_sink comp="2002" pin=0"/></net>

<net id="2006"><net_src comp="2002" pin="1"/><net_sink comp="1127" pin=0"/></net>

<net id="2010"><net_src comp="1100" pin="3"/><net_sink comp="2007" pin=0"/></net>

<net id="2011"><net_src comp="2007" pin="1"/><net_sink comp="1252" pin=0"/></net>

<net id="2012"><net_src comp="2007" pin="1"/><net_sink comp="1260" pin=1"/></net>

<net id="2016"><net_src comp="1112" pin="3"/><net_sink comp="2013" pin=0"/></net>

<net id="2017"><net_src comp="2013" pin="1"/><net_sink comp="1255" pin=1"/></net>

<net id="2021"><net_src comp="1118" pin="1"/><net_sink comp="2018" pin=0"/></net>

<net id="2022"><net_src comp="2018" pin="1"/><net_sink comp="1260" pin=2"/></net>

<net id="2026"><net_src comp="1234" pin="3"/><net_sink comp="2023" pin=0"/></net>

<net id="2027"><net_src comp="2023" pin="1"/><net_sink comp="1432" pin=0"/></net>

<net id="2028"><net_src comp="2023" pin="1"/><net_sink comp="1436" pin=1"/></net>

<net id="2032"><net_src comp="1246" pin="3"/><net_sink comp="2029" pin=0"/></net>

<net id="2033"><net_src comp="2029" pin="1"/><net_sink comp="1432" pin=1"/></net>

<net id="2034"><net_src comp="2029" pin="1"/><net_sink comp="1436" pin=2"/></net>

<net id="2038"><net_src comp="1386" pin="3"/><net_sink comp="2035" pin=0"/></net>

<net id="2039"><net_src comp="2035" pin="1"/><net_sink comp="1558" pin=1"/></net>

<net id="2043"><net_src comp="1408" pin="2"/><net_sink comp="2040" pin=0"/></net>

<net id="2044"><net_src comp="2040" pin="1"/><net_sink comp="1558" pin=0"/></net>

<net id="2048"><net_src comp="1414" pin="1"/><net_sink comp="2045" pin=0"/></net>

<net id="2049"><net_src comp="2045" pin="1"/><net_sink comp="1558" pin=2"/></net>

<net id="2053"><net_src comp="1422" pin="3"/><net_sink comp="2050" pin=0"/></net>

<net id="2054"><net_src comp="2050" pin="1"/><net_sink comp="1567" pin=1"/></net>

<net id="2058"><net_src comp="1428" pin="1"/><net_sink comp="2055" pin=0"/></net>

<net id="2059"><net_src comp="2055" pin="1"/><net_sink comp="1572" pin=2"/></net>

<net id="2063"><net_src comp="1530" pin="3"/><net_sink comp="2060" pin=0"/></net>

<net id="2064"><net_src comp="2060" pin="1"/><net_sink comp="1643" pin=0"/></net>

<net id="2065"><net_src comp="2060" pin="1"/><net_sink comp="1647" pin=1"/></net>

<net id="2069"><net_src comp="1542" pin="3"/><net_sink comp="2066" pin=0"/></net>

<net id="2070"><net_src comp="2066" pin="1"/><net_sink comp="1643" pin=1"/></net>

<net id="2071"><net_src comp="2066" pin="1"/><net_sink comp="1647" pin=2"/></net>

<net id="2075"><net_src comp="1552" pin="3"/><net_sink comp="2072" pin=0"/></net>

<net id="2076"><net_src comp="2072" pin="1"/><net_sink comp="1653" pin=1"/></net>

<net id="2077"><net_src comp="2072" pin="1"/><net_sink comp="1658" pin=2"/></net>

</net_list>

</model> 
---------------- Datapath Model END ------------------

* FSMD analyzer results:
  - Output states:
 - Input state : 
	Port: fast_score : p_read1 | {1 }
	Port: fast_score : p_read2 | {1 }
	Port: fast_score : p_read3 | {1 }
	Port: fast_score : p_read4 | {1 }
	Port: fast_score : p_read5 | {1 }
	Port: fast_score : p_read6 | {1 }
	Port: fast_score : p_read7 | {1 }
	Port: fast_score : p_read8 | {1 }
	Port: fast_score : p_read9 | {1 }
	Port: fast_score : p_read10 | {1 }
	Port: fast_score : p_read11 | {1 }
	Port: fast_score : p_read12 | {1 }
	Port: fast_score : p_read13 | {1 }
	Port: fast_score : p_read14 | {1 }
	Port: fast_score : p_read15 | {1 }
	Port: fast_score : p_read16 | {1 }
	Port: fast_score : p_threshold | {1 }
  - Chain level:
	State 1
		select_ln17 : 1
		select_ln18 : 1
		select_ln17_1 : 1
		select_ln18_1 : 1
		select_ln17_2 : 1
		select_ln18_2 : 1
		select_ln17_3 : 1
		select_ln18_3 : 1
		select_ln17_4 : 1
		select_ln18_4 : 1
		select_ln17_5 : 1
		select_ln18_5 : 1
		select_ln17_6 : 1
		select_ln18_6 : 1
		select_ln17_7 : 1
		select_ln18_7 : 1
		icmp_ln22 : 2
		select_ln22 : 3
		icmp_ln23 : 2
		select_ln23 : 3
		icmp_ln22_1 : 2
		select_ln22_1 : 3
		icmp_ln23_1 : 2
		select_ln23_1 : 3
		icmp_ln22_2 : 2
		select_ln22_2 : 3
		icmp_ln23_2 : 2
		select_ln23_2 : 3
		icmp_ln22_3 : 2
		select_ln22_3 : 3
		icmp_ln23_3 : 2
		select_ln23_3 : 3
		icmp_ln22_4 : 2
		select_ln22_4 : 3
		icmp_ln23_4 : 2
		select_ln23_4 : 3
		icmp_ln22_5 : 2
		select_ln22_5 : 3
		icmp_ln23_5 : 2
		select_ln23_5 : 3
		icmp_ln22_6 : 2
		select_ln22_6 : 3
		icmp_ln23_6 : 2
		select_ln23_6 : 3
		icmp_ln22_7 : 2
		select_ln22_7 : 3
		icmp_ln23_7 : 2
		select_ln23_7 : 3
		icmp_ln27 : 4
		select_ln27 : 5
		icmp_ln28 : 4
		select_ln28 : 5
		icmp_ln27_1 : 4
		select_ln27_1 : 5
		icmp_ln28_1 : 4
		select_ln28_1 : 5
		icmp_ln27_2 : 4
		select_ln27_2 : 5
		icmp_ln28_2 : 4
		select_ln28_2 : 5
		icmp_ln27_3 : 4
		select_ln27_3 : 5
		icmp_ln28_3 : 4
		select_ln28_3 : 5
		icmp_ln27_4 : 4
		select_ln27_4 : 5
		icmp_ln28_4 : 4
		select_ln28_4 : 5
		icmp_ln27_5 : 4
		select_ln27_5 : 5
		icmp_ln28_5 : 4
		select_ln28_5 : 5
		icmp_ln27_6 : 4
		select_ln27_6 : 5
		icmp_ln28_6 : 4
		select_ln28_6 : 5
		icmp_ln27_7 : 4
		select_ln27_7 : 5
		icmp_ln28_7 : 4
		select_ln28_7 : 5
		icmp_ln36 : 6
		select_ln36 : 7
		icmp_ln36_1 : 8
		trunc_ln36 : 8
		select_ln36_8 : 9
		zext_ln37 : 10
		icmp_ln37 : 6
		select_ln37 : 7
		icmp_ln37_1 : 11
		trunc_ln37 : 8
		icmp_ln36_8 : 6
		b0 : 1
		icmp_ln43 : 6
		select_ln43 : 7
		icmp_ln43_1 : 8
		select_ln43_1 : 9
		icmp_ln44 : 6
		select_ln44 : 7
		icmp_ln44_2 : 10
		icmp_ln43_8 : 6
	State 2
		zext_ln36_1 : 1
		icmp_ln36_9 : 2
		trunc_ln36_1 : 1
		select_ln36_9 : 3
		zext_ln37_1 : 4
		select_ln37_8 : 1
		icmp_ln37_9 : 5
		trunc_ln37_1 : 2
		select_ln37_9 : 6
		zext_ln36_2 : 7
		select_ln36_2 : 1
		icmp_ln36_10 : 8
		trunc_ln36_2 : 2
		select_ln36_10 : 9
		zext_ln37_2 : 10
		select_ln37_2 : 1
		icmp_ln37_10 : 11
		trunc_ln37_2 : 2
		select_ln37_10 : 12
		zext_ln36_3 : 13
		select_ln36_3 : 1
		icmp_ln36_11 : 14
		trunc_ln36_3 : 2
		select_ln36_11 : 15
		select_ln37_3 : 1
		trunc_ln37_3 : 2
		icmp_ln43_9 : 1
		select_ln43_3 : 2
		select_ln44_2 : 1
		icmp_ln44_8 : 3
		select_ln44_3 : 4
		select_ln43_4 : 1
		icmp_ln43_10 : 5
		select_ln43_5 : 6
		select_ln44_4 : 1
		icmp_ln44_10 : 7
		select_ln44_5 : 8
		select_ln43_6 : 1
		icmp_ln43_11 : 9
		select_ln43_7 : 10
		select_ln44_6 : 1
	State 3
		icmp_ln37_11 : 1
		select_ln37_11 : 2
		zext_ln36_4 : 3
		select_ln36_4 : 1
		icmp_ln36_12 : 4
		trunc_ln36_4 : 2
		select_ln36_12 : 5
		zext_ln37_4 : 6
		select_ln37_4 : 1
		icmp_ln37_12 : 7
		trunc_ln37_4 : 2
		select_ln37_12 : 8
		zext_ln36_5 : 9
		select_ln36_5 : 1
		icmp_ln36_13 : 10
		trunc_ln36_5 : 2
		select_ln36_13 : 11
		zext_ln37_5 : 12
		select_ln37_5 : 1
		icmp_ln37_13 : 13
		trunc_ln37_5 : 2
		select_ln37_13 : 14
		zext_ln36_6 : 15
		select_ln36_6 : 1
		icmp_ln36_14 : 16
		trunc_ln36_6 : 2
		select_ln37_6 : 1
		trunc_ln37_6 : 2
		select_ln44_7 : 1
		select_ln43_8 : 1
		icmp_ln43_12 : 2
		select_ln43_9 : 3
		select_ln44_8 : 1
		icmp_ln44_12 : 4
		select_ln44_9 : 5
		select_ln43_10 : 1
		icmp_ln43_13 : 6
		select_ln43_11 : 7
		select_ln44_10 : 1
		icmp_ln44_13 : 8
		select_ln44_11 : 9
		select_ln43_12 : 1
		select_ln44_12 : 1
	State 4
		zext_ln37_6 : 1
		icmp_ln37_14 : 2
		select_ln37_14 : 3
		zext_ln36_7 : 4
		select_ln36_7 : 1
		icmp_ln36_15 : 5
		trunc_ln36_7 : 2
		select_ln36_15 : 6
		zext_ln37_7 : 7
		select_ln37_7 : 1
		icmp_ln37_15 : 8
		trunc_ln37_7 : 2
		select_ln37_15 : 9
		select_ln43_13 : 1
		icmp_ln44_14 : 2
		select_ln44_13 : 3
		select_ln43_14 : 1
		icmp_ln43_15 : 4
		select_ln43_15 : 5
		select_ln44_14 : 1
		icmp_ln44_15 : 6
		trunc_ln44 : 6
		trunc_ln44_1 : 2
		select_ln44_15 : 7
		sub_ln46 : 8
		icmp_ln46 : 10
		select_ln46 : 11
		score_V : 12
		ret_ln47 : 13


============================================================
+ Verbose Summary: Datapath Resource usage 
============================================================

* Functional unit list:
|----------|-----------------------------|---------|---------|
| Operation|       Functional Unit       |    FF   |   LUT   |
|----------|-----------------------------|---------|---------|
|          |       icmp_ln17_fu_146      |    0    |    11   |
|          |       icmp_ln18_fu_160      |    0    |    11   |
|          |      icmp_ln17_1_fu_174     |    0    |    11   |
|          |      icmp_ln18_1_fu_188     |    0    |    11   |
|          |      icmp_ln17_2_fu_202     |    0    |    11   |
|          |      icmp_ln18_2_fu_216     |    0    |    11   |
|          |      icmp_ln17_3_fu_230     |    0    |    11   |
|          |      icmp_ln18_3_fu_244     |    0    |    11   |
|          |      icmp_ln17_4_fu_258     |    0    |    11   |
|          |      icmp_ln18_4_fu_272     |    0    |    11   |
|          |      icmp_ln17_5_fu_286     |    0    |    11   |
|          |      icmp_ln18_5_fu_300     |    0    |    11   |
|          |      icmp_ln17_6_fu_314     |    0    |    11   |
|          |      icmp_ln18_6_fu_328     |    0    |    11   |
|          |      icmp_ln17_7_fu_342     |    0    |    11   |
|          |      icmp_ln18_7_fu_356     |    0    |    11   |
|          |       icmp_ln22_fu_370      |    0    |    11   |
|          |       icmp_ln23_fu_384      |    0    |    11   |
|          |      icmp_ln22_1_fu_398     |    0    |    11   |
|          |      icmp_ln23_1_fu_412     |    0    |    11   |
|          |      icmp_ln22_2_fu_426     |    0    |    11   |
|          |      icmp_ln23_2_fu_440     |    0    |    11   |
|          |      icmp_ln22_3_fu_454     |    0    |    11   |
|          |      icmp_ln23_3_fu_468     |    0    |    11   |
|          |      icmp_ln22_4_fu_482     |    0    |    11   |
|          |      icmp_ln23_4_fu_496     |    0    |    11   |
|          |      icmp_ln22_5_fu_510     |    0    |    11   |
|          |      icmp_ln23_5_fu_524     |    0    |    11   |
|          |      icmp_ln22_6_fu_538     |    0    |    11   |
|          |      icmp_ln23_6_fu_552     |    0    |    11   |
|          |      icmp_ln22_7_fu_566     |    0    |    11   |
|          |      icmp_ln23_7_fu_580     |    0    |    11   |
|          |       icmp_ln27_fu_594      |    0    |    11   |
|          |       icmp_ln28_fu_608      |    0    |    11   |
|          |      icmp_ln27_1_fu_622     |    0    |    11   |
|          |      icmp_ln28_1_fu_636     |    0    |    11   |
|          |      icmp_ln27_2_fu_650     |    0    |    11   |
|          |      icmp_ln28_2_fu_664     |    0    |    11   |
|          |      icmp_ln27_3_fu_678     |    0    |    11   |
|          |      icmp_ln28_3_fu_692     |    0    |    11   |
|          |      icmp_ln27_4_fu_706     |    0    |    11   |
|          |      icmp_ln28_4_fu_720     |    0    |    11   |
|          |      icmp_ln27_5_fu_734     |    0    |    11   |
|          |      icmp_ln28_5_fu_748     |    0    |    11   |
|          |      icmp_ln27_6_fu_762     |    0    |    11   |
|          |      icmp_ln28_6_fu_776     |    0    |    11   |
|          |      icmp_ln27_7_fu_790     |    0    |    11   |
|          |      icmp_ln28_7_fu_804     |    0    |    11   |
|          |       icmp_ln36_fu_822      |    0    |    11   |
|          |      icmp_ln36_1_fu_836     |    0    |    11   |
|          |       icmp_ln37_fu_858      |    0    |    11   |
|          |      icmp_ln37_1_fu_872     |    0    |    11   |
|          |      icmp_ln36_8_fu_882     |    0    |    11   |
|          |       icmp_ln43_fu_894      |    0    |    11   |
|          |      icmp_ln43_1_fu_908     |    0    |    11   |
|          |       icmp_ln44_fu_922      |    0    |    11   |
|   icmp   |      icmp_ln44_2_fu_936     |    0    |    11   |
|          |      icmp_ln43_8_fu_942     |    0    |    11   |
|          |      icmp_ln36_9_fu_962     |    0    |    11   |
|          |      icmp_ln37_8_fu_984     |    0    |    11   |
|          |      icmp_ln37_9_fu_994     |    0    |    11   |
|          |     icmp_ln36_2_fu_1016     |    0    |    11   |
|          |     icmp_ln36_10_fu_1026    |    0    |    11   |
|          |     icmp_ln37_2_fu_1048     |    0    |    11   |
|          |     icmp_ln37_10_fu_1058    |    0    |    11   |
|          |     icmp_ln36_3_fu_1080     |    0    |    11   |
|          |     icmp_ln36_11_fu_1090    |    0    |    11   |
|          |     icmp_ln37_3_fu_1108     |    0    |    11   |
|          |     icmp_ln43_9_fu_1132     |    0    |    11   |
|          |     icmp_ln44_1_fu_1146     |    0    |    11   |
|          |     icmp_ln44_8_fu_1156     |    0    |    11   |
|          |     icmp_ln43_2_fu_1170     |    0    |    11   |
|          |     icmp_ln43_10_fu_1180    |    0    |    11   |
|          |     icmp_ln44_9_fu_1194     |    0    |    11   |
|          |     icmp_ln44_10_fu_1204    |    0    |    11   |
|          |     icmp_ln43_3_fu_1218     |    0    |    11   |
|          |     icmp_ln43_11_fu_1228    |    0    |    11   |
|          |     icmp_ln44_3_fu_1242     |    0    |    11   |
|          |     icmp_ln37_11_fu_1255    |    0    |    11   |
|          |     icmp_ln36_4_fu_1270     |    0    |    11   |
|          |     icmp_ln36_12_fu_1280    |    0    |    11   |
|          |     icmp_ln37_4_fu_1302     |    0    |    11   |
|          |     icmp_ln37_12_fu_1312    |    0    |    11   |
|          |     icmp_ln36_5_fu_1334     |    0    |    11   |
|          |     icmp_ln36_13_fu_1344    |    0    |    11   |
|          |     icmp_ln37_5_fu_1366     |    0    |    11   |
|          |     icmp_ln37_13_fu_1376    |    0    |    11   |
|          |     icmp_ln36_6_fu_1398     |    0    |    11   |
|          |     icmp_ln36_14_fu_1408    |    0    |    11   |
|          |     icmp_ln37_6_fu_1418     |    0    |    11   |
|          |     icmp_ln44_11_fu_1432    |    0    |    11   |
|          |     icmp_ln43_4_fu_1442     |    0    |    11   |
|          |     icmp_ln43_12_fu_1452    |    0    |    11   |
|          |     icmp_ln44_4_fu_1466     |    0    |    11   |
|          |     icmp_ln44_12_fu_1476    |    0    |    11   |
|          |     icmp_ln43_5_fu_1490     |    0    |    11   |
|          |     icmp_ln43_13_fu_1500    |    0    |    11   |
|          |     icmp_ln44_5_fu_1514     |    0    |    11   |
|          |     icmp_ln44_13_fu_1524    |    0    |    11   |
|          |     icmp_ln43_6_fu_1538     |    0    |    11   |
|          |     icmp_ln44_6_fu_1548     |    0    |    11   |
|          |     icmp_ln37_14_fu_1567    |    0    |    11   |
|          |     icmp_ln36_7_fu_1583     |    0    |    11   |
|          |     icmp_ln36_15_fu_1593    |    0    |    11   |
|          |     icmp_ln37_7_fu_1615     |    0    |    11   |
|          |     icmp_ln37_15_fu_1625    |    0    |    11   |
|          |     icmp_ln43_14_fu_1643    |    0    |    11   |
|          |     icmp_ln44_14_fu_1653    |    0    |    11   |
|          |     icmp_ln43_7_fu_1665     |    0    |    11   |
|          |     icmp_ln43_15_fu_1675    |    0    |    11   |
|          |     icmp_ln44_7_fu_1689     |    0    |    11   |
|          |     icmp_ln44_15_fu_1699    |    0    |    11   |
|          |      icmp_ln46_fu_1727      |    0    |    11   |
|----------|-----------------------------|---------|---------|
|          |      select_ln17_fu_152     |    0    |    9    |
|          |      select_ln18_fu_166     |    0    |    9    |
|          |     select_ln17_1_fu_180    |    0    |    9    |
|          |     select_ln18_1_fu_194    |    0    |    9    |
|          |     select_ln17_2_fu_208    |    0    |    9    |
|          |     select_ln18_2_fu_222    |    0    |    9    |
|          |     select_ln17_3_fu_236    |    0    |    9    |
|          |     select_ln18_3_fu_250    |    0    |    9    |
|          |     select_ln17_4_fu_264    |    0    |    9    |
|          |     select_ln18_4_fu_278    |    0    |    9    |
|          |     select_ln17_5_fu_292    |    0    |    9    |
|          |     select_ln18_5_fu_306    |    0    |    9    |
|          |     select_ln17_6_fu_320    |    0    |    9    |
|          |     select_ln18_6_fu_334    |    0    |    9    |
|          |     select_ln17_7_fu_348    |    0    |    9    |
|          |     select_ln18_7_fu_362    |    0    |    9    |
|          |      select_ln22_fu_376     |    0    |    9    |
|          |      select_ln23_fu_390     |    0    |    9    |
|          |     select_ln22_1_fu_404    |    0    |    9    |
|          |     select_ln23_1_fu_418    |    0    |    9    |
|          |     select_ln22_2_fu_432    |    0    |    9    |
|          |     select_ln23_2_fu_446    |    0    |    9    |
|          |     select_ln22_3_fu_460    |    0    |    9    |
|          |     select_ln23_3_fu_474    |    0    |    9    |
|          |     select_ln22_4_fu_488    |    0    |    9    |
|          |     select_ln23_4_fu_502    |    0    |    9    |
|          |     select_ln22_5_fu_516    |    0    |    9    |
|          |     select_ln23_5_fu_530    |    0    |    9    |
|          |     select_ln22_6_fu_544    |    0    |    9    |
|          |     select_ln23_6_fu_558    |    0    |    9    |
|          |     select_ln22_7_fu_572    |    0    |    9    |
|          |     select_ln23_7_fu_586    |    0    |    9    |
|          |      select_ln27_fu_600     |    0    |    9    |
|          |      select_ln28_fu_614     |    0    |    9    |
|          |     select_ln27_1_fu_628    |    0    |    9    |
|          |     select_ln28_1_fu_642    |    0    |    9    |
|          |     select_ln27_2_fu_656    |    0    |    9    |
|          |     select_ln28_2_fu_670    |    0    |    9    |
|          |     select_ln27_3_fu_684    |    0    |    9    |
|          |     select_ln28_3_fu_698    |    0    |    9    |
|          |     select_ln27_4_fu_712    |    0    |    9    |
|          |     select_ln28_4_fu_726    |    0    |    9    |
|          |     select_ln27_5_fu_740    |    0    |    9    |
|          |     select_ln28_5_fu_754    |    0    |    9    |
|          |     select_ln27_6_fu_768    |    0    |    9    |
|          |     select_ln28_6_fu_782    |    0    |    9    |
|          |     select_ln27_7_fu_796    |    0    |    9    |
|          |     select_ln28_7_fu_810    |    0    |    9    |
|          |      select_ln36_fu_828     |    0    |    9    |
|          |     select_ln36_8_fu_846    |    0    |    8    |
|          |      select_ln37_fu_864     |    0    |    9    |
|          |      select_ln43_fu_900     |    0    |    9    |
|          |     select_ln43_1_fu_914    |    0    |    9    |
|          |      select_ln44_fu_928     |    0    |    9    |
|          |     select_ln37_1_fu_948    |    0    |    8    |
|          |     select_ln36_1_fu_957    |    0    |    9    |
|  select  |     select_ln36_9_fu_972    |    0    |    8    |
|          |     select_ln37_8_fu_988    |    0    |    9    |
|          |    select_ln37_9_fu_1004    |    0    |    8    |
|          |    select_ln36_2_fu_1020    |    0    |    9    |
|          |    select_ln36_10_fu_1036   |    0    |    8    |
|          |    select_ln37_2_fu_1052    |    0    |    9    |
|          |    select_ln37_10_fu_1068   |    0    |    8    |
|          |    select_ln36_3_fu_1084    |    0    |    9    |
|          |    select_ln36_11_fu_1100   |    0    |    8    |
|          |    select_ln37_3_fu_1112    |    0    |    9    |
|          |    select_ln44_1_fu_1122    |    0    |    9    |
|          |    select_ln43_2_fu_1127    |    0    |    9    |
|          |    select_ln43_3_fu_1138    |    0    |    9    |
|          |    select_ln44_2_fu_1150    |    0    |    9    |
|          |    select_ln44_3_fu_1162    |    0    |    9    |
|          |    select_ln43_4_fu_1174    |    0    |    9    |
|          |    select_ln43_5_fu_1186    |    0    |    9    |
|          |    select_ln44_4_fu_1198    |    0    |    9    |
|          |    select_ln44_5_fu_1210    |    0    |    9    |
|          |    select_ln43_6_fu_1222    |    0    |    9    |
|          |    select_ln43_7_fu_1234    |    0    |    9    |
|          |    select_ln44_6_fu_1246    |    0    |    9    |
|          |    select_ln37_11_fu_1260   |    0    |    8    |
|          |    select_ln36_4_fu_1274    |    0    |    9    |
|          |    select_ln36_12_fu_1290   |    0    |    8    |
|          |    select_ln37_4_fu_1306    |    0    |    9    |
|          |    select_ln37_12_fu_1322   |    0    |    8    |
|          |    select_ln36_5_fu_1338    |    0    |    9    |
|          |    select_ln36_13_fu_1354   |    0    |    8    |
|          |    select_ln37_5_fu_1370    |    0    |    9    |
|          |    select_ln37_13_fu_1386   |    0    |    8    |
|          |    select_ln36_6_fu_1402    |    0    |    9    |
|          |    select_ln37_6_fu_1422    |    0    |    9    |
|          |    select_ln44_7_fu_1436    |    0    |    9    |
|          |    select_ln43_8_fu_1446    |    0    |    9    |
|          |    select_ln43_9_fu_1458    |    0    |    9    |
|          |    select_ln44_8_fu_1470    |    0    |    9    |
|          |    select_ln44_9_fu_1482    |    0    |    9    |
|          |    select_ln43_10_fu_1494   |    0    |    9    |
|          |    select_ln43_11_fu_1506   |    0    |    9    |
|          |    select_ln44_10_fu_1518   |    0    |    9    |
|          |    select_ln44_11_fu_1530   |    0    |    9    |
|          |    select_ln43_12_fu_1542   |    0    |    9    |
|          |    select_ln44_12_fu_1552   |    0    |    9    |
|          |    select_ln36_14_fu_1558   |    0    |    8    |
|          |    select_ln37_14_fu_1572   |    0    |    8    |
|          |    select_ln36_7_fu_1587    |    0    |    9    |
|          |    select_ln36_15_fu_1603   |    0    |    8    |
|          |    select_ln37_7_fu_1619    |    0    |    9    |
|          |    select_ln37_15_fu_1635   |    0    |    8    |
|          |    select_ln43_13_fu_1647   |    0    |    9    |
|          |    select_ln44_13_fu_1658   |    0    |    9    |
|          |    select_ln43_14_fu_1669   |    0    |    9    |
|          |    select_ln43_15_fu_1681   |    0    |    9    |
|          |    select_ln44_14_fu_1693   |    0    |    9    |
|          |    select_ln44_15_fu_1713   |    0    |    8    |
|          |     select_ln46_fu_1733     |    0    |    8    |
|----------|-----------------------------|---------|---------|
|    sub   |          b0_fu_888          |    0    |    15   |
|          |       sub_ln46_fu_1721      |    0    |    15   |
|----------|-----------------------------|---------|---------|
|    add   |       score_V_fu_1741       |    0    |    15   |
|----------|-----------------------------|---------|---------|
|          | p_threshold_read_read_fu_44 |    0    |    0    |
|          |      p_read_read_fu_50      |    0    |    0    |
|          |     p_read_8_read_fu_56     |    0    |    0    |
|          |     p_read_9_read_fu_62     |    0    |    0    |
|          |     p_read_10_read_fu_68    |    0    |    0    |
|          |     p_read_11_read_fu_74    |    0    |    0    |
|          |     p_read_12_read_fu_80    |    0    |    0    |
|          |     p_read_13_read_fu_86    |    0    |    0    |
|   read   |     p_read_14_read_fu_92    |    0    |    0    |
|          |     p_read814_read_fu_98    |    0    |    0    |
|          |    p_read713_read_fu_104    |    0    |    0    |
|          |    p_read612_read_fu_110    |    0    |    0    |
|          |    p_read511_read_fu_116    |    0    |    0    |
|          |    p_read410_read_fu_122    |    0    |    0    |
|          |     p_read39_read_fu_128    |    0    |    0    |
|          |     p_read28_read_fu_134    |    0    |    0    |
|          |     p_read17_read_fu_140    |    0    |    0    |
|----------|-----------------------------|---------|---------|
|          |       zext_ln36_fu_818      |    0    |    0    |
|          |       zext_ln37_fu_854      |    0    |    0    |
|          |      zext_ln36_1_fu_953     |    0    |    0    |
|          |      zext_ln37_1_fu_980     |    0    |    0    |
|          |     zext_ln36_2_fu_1012     |    0    |    0    |
|          |     zext_ln37_2_fu_1044     |    0    |    0    |
|          |     zext_ln36_3_fu_1076     |    0    |    0    |
|   zext   |     zext_ln37_3_fu_1252     |    0    |    0    |
|          |     zext_ln36_4_fu_1266     |    0    |    0    |
|          |     zext_ln37_4_fu_1298     |    0    |    0    |
|          |     zext_ln36_5_fu_1330     |    0    |    0    |
|          |     zext_ln37_5_fu_1362     |    0    |    0    |
|          |     zext_ln36_6_fu_1394     |    0    |    0    |
|          |     zext_ln37_6_fu_1563     |    0    |    0    |
|          |     zext_ln36_7_fu_1579     |    0    |    0    |
|          |     zext_ln37_7_fu_1611     |    0    |    0    |
|----------|-----------------------------|---------|---------|
|          |      trunc_ln36_fu_842      |    0    |    0    |
|          |      trunc_ln37_fu_878      |    0    |    0    |
|          |     trunc_ln36_1_fu_968     |    0    |    0    |
|          |     trunc_ln37_1_fu_1000    |    0    |    0    |
|          |     trunc_ln36_2_fu_1032    |    0    |    0    |
|          |     trunc_ln37_2_fu_1064    |    0    |    0    |
|          |     trunc_ln36_3_fu_1096    |    0    |    0    |
|          |     trunc_ln37_3_fu_1118    |    0    |    0    |
|   trunc  |     trunc_ln36_4_fu_1286    |    0    |    0    |
|          |     trunc_ln37_4_fu_1318    |    0    |    0    |
|          |     trunc_ln36_5_fu_1350    |    0    |    0    |
|          |     trunc_ln37_5_fu_1382    |    0    |    0    |
|          |     trunc_ln36_6_fu_1414    |    0    |    0    |
|          |     trunc_ln37_6_fu_1428    |    0    |    0    |
|          |     trunc_ln36_7_fu_1599    |    0    |    0    |
|          |     trunc_ln37_7_fu_1631    |    0    |    0    |
|          |      trunc_ln44_fu_1705     |    0    |    0    |
|          |     trunc_ln44_1_fu_1709    |    0    |    0    |
|----------|-----------------------------|---------|---------|
|   Total  |                             |    0    |   2287  |
|----------|-----------------------------|---------|---------|

Memories:
N/A

* Register list:
+-----------------------+--------+
|                       |   FF   |
+-----------------------+--------+
| icmp_ln36_14_reg_2040 |    1   |
|  icmp_ln36_8_reg_1982 |    1   |
|  icmp_ln37_1_reg_1972 |    1   |
|  icmp_ln43_8_reg_2002 |    1   |
|  icmp_ln44_2_reg_1997 |    1   |
|   p_read28_reg_1849   |    9   |
|   p_read39_reg_1843   |    9   |
|   p_read410_reg_1835  |    9   |
|   p_read511_reg_1827  |    9   |
|   p_read612_reg_1819  |    9   |
|   p_read713_reg_1811  |    9   |
|   p_read814_reg_1803  |    9   |
|   p_read_10_reg_1771  |    9   |
|   p_read_11_reg_1779  |    9   |
|   p_read_12_reg_1787  |    9   |
|   p_read_14_reg_1795  |    9   |
|   p_read_8_reg_1755   |    9   |
|   p_read_9_reg_1763   |    9   |
|    p_read_reg_1747    |    9   |
| select_ln27_1_reg_1857|    9   |
| select_ln27_2_reg_1871|    9   |
| select_ln27_3_reg_1887|    9   |
| select_ln27_4_reg_1903|    9   |
| select_ln27_5_reg_1919|    9   |
| select_ln27_6_reg_1935|    9   |
| select_ln27_7_reg_1951|    9   |
| select_ln28_1_reg_1864|    9   |
| select_ln28_2_reg_1879|    9   |
| select_ln28_3_reg_1895|    9   |
| select_ln28_4_reg_1911|    9   |
| select_ln28_5_reg_1927|    9   |
| select_ln28_6_reg_1943|    9   |
| select_ln28_7_reg_1959|    9   |
|select_ln36_11_reg_2007|    8   |
| select_ln36_8_reg_1967|    8   |
|select_ln37_13_reg_2035|    8   |
| select_ln37_3_reg_2013|    9   |
| select_ln37_6_reg_2050|    9   |
|select_ln43_12_reg_2066|    9   |
| select_ln43_1_reg_1987|    9   |
| select_ln43_7_reg_2023|    9   |
|select_ln44_11_reg_2060|    9   |
|select_ln44_12_reg_2072|    9   |
| select_ln44_6_reg_2029|    9   |
|  select_ln44_reg_1992 |    9   |
| trunc_ln36_6_reg_2045 |    8   |
| trunc_ln37_3_reg_2018 |    8   |
| trunc_ln37_6_reg_2055 |    8   |
|  trunc_ln37_reg_1977  |    8   |
+-----------------------+--------+
|         Total         |   394  |
+-----------------------+--------+

* Multiplexer (MUX) list: 
|--------|------|------|------|--------|
|  Comp  |  Pin | Size |  BW  | S x BW |
|--------|------|------|------|--------|
|  Total |      |      |      |    0   |
|--------|------|------|------|--------|



* Summary:
+-----------+--------+--------+
|           |   FF   |   LUT  |
+-----------+--------+--------+
|  Function |    0   |  2287  |
|   Memory  |    -   |    -   |
|Multiplexer|    -   |    -   |
|  Register |   394  |    -   |
+-----------+--------+--------+
|   Total   |   394  |  2287  |
+-----------+--------+--------+
