

================================================================
== Vitis HLS Report for 'generic_atan2_20_20_s'
================================================================
* Date:           Wed Jan 17 16:58:54 2024

* Version:        2020.2 (Build 3064766 on Wed Nov 18 09:12:45 MST 2020)
* Project:        hls_project
* Solution:       solution1 (Vivado IP Flow Target)
* Product family: zynquplus
* Target device:  xczu7ev-ffvc1156-2-e


================================================================
== Performance Estimates
================================================================
+ Timing: 
    * Summary: 
    +--------+----------+----------+------------+
    |  Clock |  Target  | Estimated| Uncertainty|
    +--------+----------+----------+------------+
    |ap_clk  |  10.00 ns|  3.442 ns|     2.70 ns|
    +--------+----------+----------+------------+

+ Latency: 
    * Summary: 
    +---------+---------+-----------+----------+-----+-----+---------+
    |  Latency (cycles) |  Latency (absolute)  |  Interval | Pipeline|
    |   min   |   max   |    min    |    max   | min | max |   Type  |
    +---------+---------+-----------+----------+-----+-----+---------+
    |        1|       29|  10.000 ns|  0.290 us|    1|   29|     none|
    +---------+---------+-----------+----------+-----+-----+---------+

    + Detail: 
        * Instance: 
        N/A

        * Loop: 
        +-------------------+---------+---------+----------+-----------+-----------+------+----------+
        |                   |  Latency (cycles) | Iteration|  Initiation Interval  | Trip |          |
        |     Loop Name     |   min   |   max   |  Latency |  achieved |   target  | Count| Pipelined|
        +-------------------+---------+---------+----------+-----------+-----------+------+----------+
        |- VITIS_LOOP_87_1  |       27|       27|         2|          1|          1|    27|       yes|
        +-------------------+---------+---------+----------+-----------+-----------+------+----------+



================================================================
== Utilization Estimates
================================================================
* Summary: 
+-----------------+---------+------+--------+--------+-----+
|       Name      | BRAM_18K|  DSP |   FF   |   LUT  | URAM|
+-----------------+---------+------+--------+--------+-----+
|DSP              |        -|     -|       -|       -|    -|
|Expression       |        -|     -|       0|     931|    -|
|FIFO             |        -|     -|       -|       -|    -|
|Instance         |        -|     -|       -|       -|    -|
|Memory           |        4|     -|       0|       0|    -|
|Multiplexer      |        -|     -|       -|     165|    -|
|Register         |        -|     -|     149|       -|    -|
+-----------------+---------+------+--------+--------+-----+
|Total            |        4|     0|     149|    1096|    0|
+-----------------+---------+------+--------+--------+-----+
|Available        |      624|  1728|  460800|  230400|   96|
+-----------------+---------+------+--------+--------+-----+
|Utilization (%)  |       ~0|     0|      ~0|      ~0|    0|
+-----------------+---------+------+--------+--------+-----+

+ Detail: 
    * Instance: 
    N/A

    * DSP: 
    N/A

    * Memory: 
    +-----------------------------+-------------------------------------------------+---------+---+----+-----+------+-----+------+-------------+
    |            Memory           |                      Module                     | BRAM_18K| FF| LUT| URAM| Words| Bits| Banks| W*Bits*Banks|
    +-----------------------------+-------------------------------------------------+---------+---+----+-----+------+-----+------+-------------+
    |circ_table_arctan_128_V56_U  |generic_atan2_20_20_s_circ_table_arctan_128_V56  |        4|  0|   0|    0|   128|  126|     1|        16128|
    +-----------------------------+-------------------------------------------------+---------+---+----+-----+------+-----+------+-------------+
    |Total                        |                                                 |        4|  0|   0|    0|   128|  126|     1|        16128|
    +-----------------------------+-------------------------------------------------+---------+---+----+-----+------+-----+------+-------------+

    * FIFO: 
    N/A

    * Expression: 
    +-------------------------+----------+----+---+----+------------+------------+
    |      Variable Name      | Operation| DSP| FF| LUT| Bitwidth P0| Bitwidth P1|
    +-------------------------+----------+----+---+----+------------+------------+
    |add_ln703_1_fu_456_p2    |         +|   0|  0|  34|          27|          27|
    |add_ln703_2_fu_420_p2    |         +|   0|  0|  34|          27|          27|
    |add_ln703_fu_402_p2      |         +|   0|  0|  34|          27|          27|
    |add_ln87_fu_361_p2       |         +|   0|  0|  12|           5|           1|
    |ret_V_20_fu_534_p2       |         +|   0|  0|  34|          27|          27|
    |r_V_10_fu_301_p2         |         -|   0|  0|  28|           1|          21|
    |r_V_fu_283_p2            |         -|   0|  0|  28|           1|          21|
    |r_fu_517_p2              |         -|   0|  0|  34|           1|          27|
    |ret_V_fu_551_p2          |         -|   0|  0|  34|          26|          27|
    |sub_ln703_3_fu_414_p2    |         -|   0|  0|  34|          27|          27|
    |sub_ln703_4_fu_462_p2    |         -|   0|  0|  34|          27|          27|
    |sub_ln703_fu_408_p2      |         -|   0|  0|  34|          27|          27|
    |z_V_1_fu_475_p2          |         -|   0|  0|  34|          25|          27|
    |and_ln608_fu_231_p2      |       and|   0|  0|   2|           1|           1|
    |and_ln612_fu_243_p2      |       and|   0|  0|   2|           1|           1|
    |and_ln616_fu_255_p2      |       and|   0|  0|   2|           1|           1|
    |and_ln620_fu_267_p2      |       and|   0|  0|   2|           1|           1|
    |and_ln681_fu_488_p2      |       and|   0|  0|   2|           1|           1|
    |and_ln687_fu_502_p2      |       and|   0|  0|   2|           1|           1|
    |ap_condition_501         |       and|   0|  0|   2|           1|           1|
    |ap_condition_504         |       and|   0|  0|   2|           1|           1|
    |ap_condition_508         |       and|   0|  0|   2|           1|           1|
    |r_V_11_fu_390_p2         |      ashr|   0|  0|  70|          27|          27|
    |r_V_12_fu_396_p2         |      ashr|   0|  0|  70|          27|          27|
    |icmp_ln1494_1_fu_201_p2  |      icmp|   0|  0|  14|          20|           1|
    |icmp_ln1494_2_fu_315_p2  |      icmp|   0|  0|  15|          21|          21|
    |icmp_ln1494_fu_177_p2    |      icmp|   0|  0|  14|          20|           1|
    |icmp_ln1498_1_fu_207_p2  |      icmp|   0|  0|  14|          20|           1|
    |icmp_ln1498_2_fu_273_p2  |      icmp|   0|  0|  14|          20|          20|
    |icmp_ln1498_fu_183_p2    |      icmp|   0|  0|  14|          20|           1|
    |icmp_ln684_fu_496_p2     |      icmp|   0|  0|   8|           2|           1|
    |icmp_ln870_4_fu_237_p2   |      icmp|   0|  0|   8|           2|           1|
    |icmp_ln870_5_fu_249_p2   |      icmp|   0|  0|   8|           2|           1|
    |icmp_ln870_6_fu_261_p2   |      icmp|   0|  0|   8|           2|           1|
    |icmp_ln870_fu_225_p2     |      icmp|   0|  0|   8|           2|           1|
    |icmp_ln87_fu_367_p2      |      icmp|   0|  0|   9|           5|           4|
    |or_ln684_fu_492_p2       |        or|   0|  0|   2|           2|           2|
    |in1abs_V_fu_289_p3       |    select|   0|  0|  20|           1|          21|
    |in2abs_V_fu_307_p3       |    select|   0|  0|  20|           1|          21|
    |select_ln631_fu_568_p3   |    select|   0|  0|  19|           1|           1|
    |signin1_fu_193_p3        |    select|   0|  0|   3|           1|           3|
    |signin2_fu_217_p3        |    select|   0|  0|   3|           1|           3|
    |tx_fu_434_p3             |    select|   0|  0|  27|           1|          27|
    |ty_fu_426_p3             |    select|   0|  0|  27|           1|          27|
    |tz_fu_468_p3             |    select|   0|  0|  27|           1|          27|
    |x_V_fu_349_p3            |    select|   0|  0|  26|           1|          26|
    |y_V_fu_337_p3            |    select|   0|  0|  26|           1|          26|
    |z_V_2_fu_481_p3          |    select|   0|  0|  27|           1|          27|
    |ap_enable_pp0            |       xor|   0|  0|   2|           1|           2|
    |ap_enable_reg_pp0_iter1  |       xor|   0|  0|   2|           2|           1|
    +-------------------------+----------+----+---+----+------------+------------+
    |Total                    |          |   0|  0| 931|         463|         644|
    +-------------------------+----------+----+---+----+------------+------------+

    * Multiplexer: 
    +----------------------------------------+----+-----------+-----+-----------+
    |                  Name                  | LUT| Input Size| Bits| Total Bits|
    +----------------------------------------+----+-----------+-----+-----------+
    |agg_result_0_reg_142                    |  54|         10|   20|        200|
    |ap_NS_fsm                               |  26|          5|    1|          5|
    |ap_enable_reg_pp0_iter1                 |  14|          3|    1|          3|
    |ap_phi_mux_agg_result_0_phi_fu_150_p20  |  26|          5|   20|        100|
    |ap_return                               |   9|          2|   20|         40|
    |empty_112_reg_124                       |   9|          2|   27|         54|
    |empty_reg_112                           |   9|          2|   27|         54|
    |n_reg_101                               |   9|          2|    5|         10|
    |p_Val2_7_reg_133                        |   9|          2|   27|         54|
    +----------------------------------------+----+-----------+-----+-----------+
    |Total                                   | 165|         33|  148|        520|
    +----------------------------------------+----+-----------+-----+-----------+

    * Register: 
    +-------------------------+----+----+-----+-----------+
    |           Name          | FF | LUT| Bits| Const Bits|
    +-------------------------+----+----+-----+-----------+
    |agg_result_0_reg_142     |  20|   0|   20|          0|
    |and_ln608_reg_600        |   1|   0|    1|          0|
    |and_ln612_reg_609        |   1|   0|    1|          0|
    |and_ln616_reg_613        |   1|   0|    1|          0|
    |and_ln620_reg_622        |   1|   0|    1|          0|
    |ap_CS_fsm                |   4|   0|    4|          0|
    |ap_enable_reg_pp0_iter0  |   1|   0|    1|          0|
    |ap_enable_reg_pp0_iter1  |   1|   0|    1|          0|
    |ap_return_preg           |  20|   0|   20|          0|
    |empty_112_reg_124        |  27|   0|   27|          0|
    |empty_reg_112            |  27|   0|   27|          0|
    |icmp_ln1494_1_reg_585    |   1|   0|    1|          0|
    |icmp_ln1494_2_reg_630    |   1|   0|    1|          0|
    |icmp_ln1494_reg_575      |   1|   0|    1|          0|
    |icmp_ln1498_2_reg_626    |   1|   0|    1|          0|
    |icmp_ln870_4_reg_604     |   1|   0|    1|          0|
    |icmp_ln870_6_reg_617     |   1|   0|    1|          0|
    |icmp_ln870_reg_595       |   1|   0|    1|          0|
    |icmp_ln87_reg_650        |   1|   0|    1|          0|
    |n_reg_101                |   5|   0|    5|          0|
    |p_Val2_7_reg_133         |  27|   0|   27|          0|
    |signin1_reg_580          |   2|   0|    2|          0|
    |signin2_reg_590          |   2|   0|    2|          0|
    |tmp_51_reg_654           |   1|   0|    1|          0|
    +-------------------------+----+----+-----+-----------+
    |Total                    | 149|   0|  149|          0|
    +-------------------------+----+----+-----+-----------+



================================================================
== Interface
================================================================
* Summary: 
+-----------+-----+-----+------------+-----------------------+--------------+
| RTL Ports | Dir | Bits|  Protocol  |     Source Object     |    C Type    |
+-----------+-----+-----+------------+-----------------------+--------------+
|ap_clk     |   in|    1|  ap_ctrl_hs|  generic_atan2<20, 20>|  return value|
|ap_rst     |   in|    1|  ap_ctrl_hs|  generic_atan2<20, 20>|  return value|
|ap_start   |   in|    1|  ap_ctrl_hs|  generic_atan2<20, 20>|  return value|
|ap_done    |  out|    1|  ap_ctrl_hs|  generic_atan2<20, 20>|  return value|
|ap_idle    |  out|    1|  ap_ctrl_hs|  generic_atan2<20, 20>|  return value|
|ap_ready   |  out|    1|  ap_ctrl_hs|  generic_atan2<20, 20>|  return value|
|ap_return  |  out|   20|  ap_ctrl_hs|  generic_atan2<20, 20>|  return value|
|in1        |   in|   20|     ap_none|                    in1|        scalar|
|in2        |   in|   20|     ap_none|                    in2|        scalar|
+-----------+-----+-----+------------+-----------------------+--------------+

============================================================
+ Verbose Summary: Synthesis Manager
============================================================
InlineROM: 1
ExposeGlobal: 0
============================================================
+ Verbose Summary: CDFG Model
============================================================
IsTopModel: 0
ResetActiveHigh: 1
IsCombinational: 2
IsDatapathOnly: 2
HasWiredReturn: 1
HasMFsm: 0
HasVarLatency: 1
IsPipeline: 0
IsRtlPipelined: 0
IsInstanceOverlapped: 0
IsDontTouch: 0
HasImplIP: 0
IsGatedGlobalClock: 0

+ Individual pipeline summary: 
  * Pipeline-0: initiation interval (II) = 1, depth = 2


============================================================
+ Verbose Summary: Schedule
============================================================
* Number of FSM states : 5
* Pipeline : 1
  Pipeline-0 : II = 1, D = 2, States = { 2 3 }
* Dataflow Pipeline: 0

* FSM state transitions: 
1 --> 4 2 5 
2 --> 4 3 
3 --> 2 
4 --> 
5 --> 4 

* FSM state operations: 

State 1 <SV = 0> <Delay = 3.44>
ST_1 : Operation 6 [1/1] (0.00ns)   --->   "%in2_read = read i20 @_ssdm_op_Read.ap_auto.i20, i20 %in2"   --->   Operation 6 'read' 'in2_read' <Predicate = true> <Delay = 0.00>
ST_1 : Operation 7 [1/1] (0.00ns)   --->   "%in1_read = read i20 @_ssdm_op_Read.ap_auto.i20, i20 %in1"   --->   Operation 7 'read' 'in1_read' <Predicate = true> <Delay = 0.00>
ST_1 : Operation 8 [1/1] (1.07ns)   --->   "%icmp_ln1494 = icmp_sgt  i20 %in1_read, i20 0"   --->   Operation 8 'icmp' 'icmp_ln1494' <Predicate = true> <Delay = 1.07> <CoreInst = "Cmp">   --->   Core 9 'Cmp' <Latency = 0> <II = 1> <Delay = 0.75> <FuncUnit> <Opcode : 'icmp'> <InPorts = 2> <OutPorts = 1>
ST_1 : Operation 9 [1/1] (1.07ns)   --->   "%icmp_ln1498 = icmp_eq  i20 %in1_read, i20 0"   --->   Operation 9 'icmp' 'icmp_ln1498' <Predicate = true> <Delay = 1.07> <CoreInst = "Cmp">   --->   Core 9 'Cmp' <Latency = 0> <II = 1> <Delay = 0.75> <FuncUnit> <Opcode : 'icmp'> <InPorts = 2> <OutPorts = 1>
ST_1 : Operation 10 [1/1] (0.00ns)   --->   "%zext_ln601 = zext i1 %icmp_ln1498" [C:/Xilinx/Vitis_HLS/2020.2/common/technology/autopilot/hls_cordic_apfixed.h:601]   --->   Operation 10 'zext' 'zext_ln601' <Predicate = true> <Delay = 0.00>
ST_1 : Operation 11 [1/1] (0.17ns)   --->   "%signin1 = select i1 %icmp_ln1494, i2 2, i2 %zext_ln601" [C:/Xilinx/Vitis_HLS/2020.2/common/technology/autopilot/hls_cordic_apfixed.h:601]   --->   Operation 11 'select' 'signin1' <Predicate = true> <Delay = 0.17> <CoreInst = "Sel">   --->   Core 73 'Sel' <Latency = 0> <II = 1> <Delay = 0.32> <FuncUnit> <Opcode : 'select'> <InPorts = 3> <OutPorts = 1>
ST_1 : Operation 12 [1/1] (1.07ns)   --->   "%icmp_ln1494_1 = icmp_sgt  i20 %in2_read, i20 0"   --->   Operation 12 'icmp' 'icmp_ln1494_1' <Predicate = true> <Delay = 1.07> <CoreInst = "Cmp">   --->   Core 9 'Cmp' <Latency = 0> <II = 1> <Delay = 0.75> <FuncUnit> <Opcode : 'icmp'> <InPorts = 2> <OutPorts = 1>
ST_1 : Operation 13 [1/1] (1.07ns)   --->   "%icmp_ln1498_1 = icmp_eq  i20 %in2_read, i20 0"   --->   Operation 13 'icmp' 'icmp_ln1498_1' <Predicate = true> <Delay = 1.07> <CoreInst = "Cmp">   --->   Core 9 'Cmp' <Latency = 0> <II = 1> <Delay = 0.75> <FuncUnit> <Opcode : 'icmp'> <InPorts = 2> <OutPorts = 1>
ST_1 : Operation 14 [1/1] (0.00ns)   --->   "%zext_ln602 = zext i1 %icmp_ln1498_1" [C:/Xilinx/Vitis_HLS/2020.2/common/technology/autopilot/hls_cordic_apfixed.h:602]   --->   Operation 14 'zext' 'zext_ln602' <Predicate = true> <Delay = 0.00>
ST_1 : Operation 15 [1/1] (0.17ns)   --->   "%signin2 = select i1 %icmp_ln1494_1, i2 2, i2 %zext_ln602" [C:/Xilinx/Vitis_HLS/2020.2/common/technology/autopilot/hls_cordic_apfixed.h:602]   --->   Operation 15 'select' 'signin2' <Predicate = true> <Delay = 0.17> <CoreInst = "Sel">   --->   Core 73 'Sel' <Latency = 0> <II = 1> <Delay = 0.32> <FuncUnit> <Opcode : 'select'> <InPorts = 3> <OutPorts = 1>
ST_1 : Operation 16 [1/1] (0.44ns)   --->   "%icmp_ln870 = icmp_eq  i2 %signin1, i2 1"   --->   Operation 16 'icmp' 'icmp_ln870' <Predicate = true> <Delay = 0.44> <CoreInst = "Cmp">   --->   Core 9 'Cmp' <Latency = 0> <II = 1> <Delay = 0.75> <FuncUnit> <Opcode : 'icmp'> <InPorts = 2> <OutPorts = 1>
ST_1 : Operation 17 [1/1] (0.28ns)   --->   "%and_ln608 = and i1 %icmp_ln870, i1 %icmp_ln1494_1" [C:/Xilinx/Vitis_HLS/2020.2/common/technology/autopilot/hls_cordic_apfixed.h:608]   --->   Operation 17 'and' 'and_ln608' <Predicate = true> <Delay = 0.28> <CoreInst = "LogicGate">   --->   Core 74 'LogicGate' <Latency = 0> <II = 1> <Delay = 0.28> <FuncUnit> <Opcode : 'and' 'or' 'xor'> <InPorts = 2> <OutPorts = 1>
ST_1 : Operation 18 [1/1] (0.75ns)   --->   "%br_ln608 = br i1 %and_ln608, void, void %_ZN8ap_fixedILi20ELi3EL9ap_q_mode5EL9ap_o_mode3ELi0EEC2Ei.exit495" [C:/Xilinx/Vitis_HLS/2020.2/common/technology/autopilot/hls_cordic_apfixed.h:608]   --->   Operation 18 'br' 'br_ln608' <Predicate = true> <Delay = 0.75>
ST_1 : Operation 19 [1/1] (0.44ns)   --->   "%icmp_ln870_4 = icmp_eq  i2 %signin2, i2 0"   --->   Operation 19 'icmp' 'icmp_ln870_4' <Predicate = (!and_ln608)> <Delay = 0.44> <CoreInst = "Cmp">   --->   Core 9 'Cmp' <Latency = 0> <II = 1> <Delay = 0.75> <FuncUnit> <Opcode : 'icmp'> <InPorts = 2> <OutPorts = 1>
ST_1 : Operation 20 [1/1] (0.28ns)   --->   "%and_ln612 = and i1 %icmp_ln870, i1 %icmp_ln870_4" [C:/Xilinx/Vitis_HLS/2020.2/common/technology/autopilot/hls_cordic_apfixed.h:612]   --->   Operation 20 'and' 'and_ln612' <Predicate = (!and_ln608)> <Delay = 0.28> <CoreInst = "LogicGate">   --->   Core 74 'LogicGate' <Latency = 0> <II = 1> <Delay = 0.28> <FuncUnit> <Opcode : 'and' 'or' 'xor'> <InPorts = 2> <OutPorts = 1>
ST_1 : Operation 21 [1/1] (0.75ns)   --->   "%br_ln612 = br i1 %and_ln612, void, void %_ZN8ap_fixedILi20ELi3EL9ap_q_mode5EL9ap_o_mode3ELi0EEC2Ei.exit495" [C:/Xilinx/Vitis_HLS/2020.2/common/technology/autopilot/hls_cordic_apfixed.h:612]   --->   Operation 21 'br' 'br_ln612' <Predicate = (!and_ln608)> <Delay = 0.75>
ST_1 : Operation 22 [1/1] (0.44ns)   --->   "%icmp_ln870_5 = icmp_eq  i2 %signin2, i2 1"   --->   Operation 22 'icmp' 'icmp_ln870_5' <Predicate = (!and_ln608 & !and_ln612)> <Delay = 0.44> <CoreInst = "Cmp">   --->   Core 9 'Cmp' <Latency = 0> <II = 1> <Delay = 0.75> <FuncUnit> <Opcode : 'icmp'> <InPorts = 2> <OutPorts = 1>
ST_1 : Operation 23 [1/1] (0.28ns)   --->   "%and_ln616 = and i1 %icmp_ln1494, i1 %icmp_ln870_5" [C:/Xilinx/Vitis_HLS/2020.2/common/technology/autopilot/hls_cordic_apfixed.h:616]   --->   Operation 23 'and' 'and_ln616' <Predicate = (!and_ln608 & !and_ln612)> <Delay = 0.28> <CoreInst = "LogicGate">   --->   Core 74 'LogicGate' <Latency = 0> <II = 1> <Delay = 0.28> <FuncUnit> <Opcode : 'and' 'or' 'xor'> <InPorts = 2> <OutPorts = 1>
ST_1 : Operation 24 [1/1] (0.75ns)   --->   "%br_ln616 = br i1 %and_ln616, void, void %_ZN8ap_fixedILi20ELi3EL9ap_q_mode5EL9ap_o_mode3ELi0EEC2Ei.exit495" [C:/Xilinx/Vitis_HLS/2020.2/common/technology/autopilot/hls_cordic_apfixed.h:616]   --->   Operation 24 'br' 'br_ln616' <Predicate = (!and_ln608 & !and_ln612)> <Delay = 0.75>
ST_1 : Operation 25 [1/1] (0.44ns)   --->   "%icmp_ln870_6 = icmp_eq  i2 %signin1, i2 0"   --->   Operation 25 'icmp' 'icmp_ln870_6' <Predicate = (!and_ln608 & !and_ln612 & !and_ln616)> <Delay = 0.44> <CoreInst = "Cmp">   --->   Core 9 'Cmp' <Latency = 0> <II = 1> <Delay = 0.75> <FuncUnit> <Opcode : 'icmp'> <InPorts = 2> <OutPorts = 1>
ST_1 : Operation 26 [1/1] (0.28ns)   --->   "%and_ln620 = and i1 %icmp_ln870_6, i1 %icmp_ln870_5" [C:/Xilinx/Vitis_HLS/2020.2/common/technology/autopilot/hls_cordic_apfixed.h:620]   --->   Operation 26 'and' 'and_ln620' <Predicate = (!and_ln608 & !and_ln612 & !and_ln616)> <Delay = 0.28> <CoreInst = "LogicGate">   --->   Core 74 'LogicGate' <Latency = 0> <II = 1> <Delay = 0.28> <FuncUnit> <Opcode : 'and' 'or' 'xor'> <InPorts = 2> <OutPorts = 1>
ST_1 : Operation 27 [1/1] (0.75ns)   --->   "%br_ln620 = br i1 %and_ln620, void, void %_ZN8ap_fixedILi20ELi3EL9ap_q_mode5EL9ap_o_mode3ELi0EEC2Ei.exit495" [C:/Xilinx/Vitis_HLS/2020.2/common/technology/autopilot/hls_cordic_apfixed.h:620]   --->   Operation 27 'br' 'br_ln620' <Predicate = (!and_ln608 & !and_ln612 & !and_ln616)> <Delay = 0.75>
ST_1 : Operation 28 [1/1] (1.07ns)   --->   "%icmp_ln1498_2 = icmp_eq  i20 %in1_read, i20 %in2_read"   --->   Operation 28 'icmp' 'icmp_ln1498_2' <Predicate = (!and_ln608 & !and_ln612 & !and_ln616 & !and_ln620)> <Delay = 1.07> <CoreInst = "Cmp">   --->   Core 9 'Cmp' <Latency = 0> <II = 1> <Delay = 0.75> <FuncUnit> <Opcode : 'icmp'> <InPorts = 2> <OutPorts = 1>
ST_1 : Operation 29 [1/1] (0.00ns)   --->   "%br_ln624 = br i1 %icmp_ln1498_2, void %_ZN8ap_fixedILi21ELi21EL9ap_q_mode5EL9ap_o_mode3ELi0EEC2ILi20ELi20ELb1ELS0_5ELS1_3ELi0EEERK13ap_fixed_baseIXT_EXT0_EXT1_EXT2_EXT3_EXT4_EE.exit327, void" [C:/Xilinx/Vitis_HLS/2020.2/common/technology/autopilot/hls_cordic_apfixed.h:624]   --->   Operation 29 'br' 'br_ln624' <Predicate = (!and_ln608 & !and_ln612 & !and_ln616 & !and_ln620)> <Delay = 0.00>
ST_1 : Operation 30 [1/1] (0.00ns)   --->   "%sext_ln703 = sext i20 %in1_read"   --->   Operation 30 'sext' 'sext_ln703' <Predicate = (!and_ln608 & !and_ln612 & !and_ln616 & !and_ln620 & !icmp_ln1498_2)> <Delay = 0.00>
ST_1 : Operation 31 [1/1] (0.89ns)   --->   "%r_V = sub i21 0, i21 %sext_ln703"   --->   Operation 31 'sub' 'r_V' <Predicate = (!and_ln608 & !and_ln612 & !and_ln616 & !and_ln620 & !icmp_ln1498_2)> <Delay = 0.89> <CoreInst = "Adder">   --->   Core 1 'Adder' <Latency = 0> <II = 1> <Delay = 0.96> <FuncUnit> <Opcode : 'add' 'sub'> <InPorts = 2> <OutPorts = 1>
ST_1 : Operation 32 [1/1] (0.35ns)   --->   "%in1abs_V = select i1 %icmp_ln870_6, i21 %r_V, i21 %sext_ln703" [C:/Xilinx/Vitis_HLS/2020.2/common/technology/autopilot/hls_cordic_apfixed.h:642]   --->   Operation 32 'select' 'in1abs_V' <Predicate = (!and_ln608 & !and_ln612 & !and_ln616 & !and_ln620 & !icmp_ln1498_2)> <Delay = 0.35> <CoreInst = "Sel">   --->   Core 73 'Sel' <Latency = 0> <II = 1> <Delay = 0.32> <FuncUnit> <Opcode : 'select'> <InPorts = 3> <OutPorts = 1>
ST_1 : Operation 33 [1/1] (0.00ns)   --->   "%sext_ln703_1 = sext i20 %in2_read"   --->   Operation 33 'sext' 'sext_ln703_1' <Predicate = (!and_ln608 & !and_ln612 & !and_ln616 & !and_ln620 & !icmp_ln1498_2)> <Delay = 0.00>
ST_1 : Operation 34 [1/1] (0.89ns)   --->   "%r_V_10 = sub i21 0, i21 %sext_ln703_1"   --->   Operation 34 'sub' 'r_V_10' <Predicate = (!and_ln608 & !and_ln612 & !and_ln616 & !and_ln620 & !icmp_ln1498_2)> <Delay = 0.89> <CoreInst = "Adder">   --->   Core 1 'Adder' <Latency = 0> <II = 1> <Delay = 0.96> <FuncUnit> <Opcode : 'add' 'sub'> <InPorts = 2> <OutPorts = 1>
ST_1 : Operation 35 [1/1] (0.35ns)   --->   "%in2abs_V = select i1 %icmp_ln870_4, i21 %r_V_10, i21 %sext_ln703_1" [C:/Xilinx/Vitis_HLS/2020.2/common/technology/autopilot/hls_cordic_apfixed.h:648]   --->   Operation 35 'select' 'in2abs_V' <Predicate = (!and_ln608 & !and_ln612 & !and_ln616 & !and_ln620 & !icmp_ln1498_2)> <Delay = 0.35> <CoreInst = "Sel">   --->   Core 73 'Sel' <Latency = 0> <II = 1> <Delay = 0.32> <FuncUnit> <Opcode : 'select'> <InPorts = 3> <OutPorts = 1>
ST_1 : Operation 36 [1/1] (1.06ns)   --->   "%icmp_ln1494_2 = icmp_sgt  i21 %in1abs_V, i21 %in2abs_V"   --->   Operation 36 'icmp' 'icmp_ln1494_2' <Predicate = (!and_ln608 & !and_ln612 & !and_ln616 & !and_ln620 & !icmp_ln1498_2)> <Delay = 1.06> <CoreInst = "Cmp">   --->   Core 9 'Cmp' <Latency = 0> <II = 1> <Delay = 0.75> <FuncUnit> <Opcode : 'icmp'> <InPorts = 2> <OutPorts = 1>
ST_1 : Operation 37 [1/1] (0.00ns)   --->   "%shl_ln = bitconcatenate i26 @_ssdm_op_BitConcatenate.i26.i21.i5, i21 %in1abs_V, i5 0"   --->   Operation 37 'bitconcatenate' 'shl_ln' <Predicate = (!and_ln608 & !and_ln612 & !and_ln616 & !and_ln620 & !icmp_ln1498_2)> <Delay = 0.00>
ST_1 : Operation 38 [1/1] (0.00ns)   --->   "%shl_ln728_1 = bitconcatenate i26 @_ssdm_op_BitConcatenate.i26.i21.i5, i21 %in2abs_V, i5 0"   --->   Operation 38 'bitconcatenate' 'shl_ln728_1' <Predicate = (!and_ln608 & !and_ln612 & !and_ln616 & !and_ln620 & !icmp_ln1498_2)> <Delay = 0.00>
ST_1 : Operation 39 [1/1] (0.32ns)   --->   "%y_V = select i1 %icmp_ln1494_2, i26 %shl_ln728_1, i26 %shl_ln" [C:/Xilinx/Vitis_HLS/2020.2/common/technology/autopilot/hls_cordic_apfixed.h:669]   --->   Operation 39 'select' 'y_V' <Predicate = (!and_ln608 & !and_ln612 & !and_ln616 & !and_ln620 & !icmp_ln1498_2)> <Delay = 0.32> <CoreInst = "Sel">   --->   Core 73 'Sel' <Latency = 0> <II = 1> <Delay = 0.32> <FuncUnit> <Opcode : 'select'> <InPorts = 3> <OutPorts = 1>
ST_1 : Operation 40 [1/1] (0.00ns)   --->   "%sext_ln669 = sext i26 %y_V" [C:/Xilinx/Vitis_HLS/2020.2/common/technology/autopilot/hls_cordic_apfixed.h:669]   --->   Operation 40 'sext' 'sext_ln669' <Predicate = (!and_ln608 & !and_ln612 & !and_ln616 & !and_ln620 & !icmp_ln1498_2)> <Delay = 0.00>
ST_1 : Operation 41 [1/1] (0.32ns)   --->   "%x_V = select i1 %icmp_ln1494_2, i26 %shl_ln, i26 %shl_ln728_1" [C:/Xilinx/Vitis_HLS/2020.2/common/technology/autopilot/hls_cordic_apfixed.h:669]   --->   Operation 41 'select' 'x_V' <Predicate = (!and_ln608 & !and_ln612 & !and_ln616 & !and_ln620 & !icmp_ln1498_2)> <Delay = 0.32> <CoreInst = "Sel">   --->   Core 73 'Sel' <Latency = 0> <II = 1> <Delay = 0.32> <FuncUnit> <Opcode : 'select'> <InPorts = 3> <OutPorts = 1>
ST_1 : Operation 42 [1/1] (0.00ns)   --->   "%sext_ln664 = sext i26 %x_V" [C:/Xilinx/Vitis_HLS/2020.2/common/technology/autopilot/hls_cordic_apfixed.h:664]   --->   Operation 42 'sext' 'sext_ln664' <Predicate = (!and_ln608 & !and_ln612 & !and_ln616 & !and_ln620 & !icmp_ln1498_2)> <Delay = 0.00>
ST_1 : Operation 43 [1/1] (0.42ns)   --->   "%br_ln87 = br void %_ZN8ap_fixedILi27ELi3EL9ap_q_mode5EL9ap_o_mode3ELi0EEC2ILi128ELi2ELb0ELS0_5ELS1_3ELi0EEERK13ap_fixed_baseIXT_EXT0_EXT1_EXT2_EXT3_EXT4_EE.exit.i" [C:/Xilinx/Vitis_HLS/2020.2/common/technology/autopilot/hls_cordic_apfixed.h:87]   --->   Operation 43 'br' 'br_ln87' <Predicate = (!and_ln608 & !and_ln612 & !and_ln616 & !and_ln620 & !icmp_ln1498_2)> <Delay = 0.42>
ST_1 : Operation 44 [1/1] (0.75ns)   --->   "%br_ln625 = br i1 %icmp_ln1494, void, void %_ZN8ap_fixedILi20ELi3EL9ap_q_mode5EL9ap_o_mode3ELi0EEC2Ei.exit495" [C:/Xilinx/Vitis_HLS/2020.2/common/technology/autopilot/hls_cordic_apfixed.h:625]   --->   Operation 44 'br' 'br_ln625' <Predicate = (!and_ln608 & !and_ln612 & !and_ln616 & !and_ln620 & icmp_ln1498_2)> <Delay = 0.75>

State 2 <SV = 1> <Delay = 2.45>
ST_2 : Operation 45 [1/1] (0.00ns)   --->   "%n = phi i5 %add_ln87, void %_ZN8ap_fixedILi27ELi3EL9ap_q_mode5EL9ap_o_mode3ELi0EEC2ILi128ELi2ELb0ELS0_5ELS1_3ELi0EEERK13ap_fixed_baseIXT_EXT0_EXT1_EXT2_EXT3_EXT4_EE.exit.i.split_ifconv, i5 0, void %_ZN8ap_fixedILi21ELi21EL9ap_q_mode5EL9ap_o_mode3ELi0EEC2ILi20ELi20ELb1ELS0_5ELS1_3ELi0EEERK13ap_fixed_baseIXT_EXT0_EXT1_EXT2_EXT3_EXT4_EE.exit327"   --->   Operation 45 'phi' 'n' <Predicate = true> <Delay = 0.00>
ST_2 : Operation 46 [1/1] (0.00ns)   --->   "%empty = phi i27 %tz, void %_ZN8ap_fixedILi27ELi3EL9ap_q_mode5EL9ap_o_mode3ELi0EEC2ILi128ELi2ELb0ELS0_5ELS1_3ELi0EEERK13ap_fixed_baseIXT_EXT0_EXT1_EXT2_EXT3_EXT4_EE.exit.i.split_ifconv, i27 0, void %_ZN8ap_fixedILi21ELi21EL9ap_q_mode5EL9ap_o_mode3ELi0EEC2ILi20ELi20ELb1ELS0_5ELS1_3ELi0EEERK13ap_fixed_baseIXT_EXT0_EXT1_EXT2_EXT3_EXT4_EE.exit327"   --->   Operation 46 'phi' 'empty' <Predicate = true> <Delay = 0.00>
ST_2 : Operation 47 [1/1] (0.00ns)   --->   "%empty_112 = phi i27 %tx, void %_ZN8ap_fixedILi27ELi3EL9ap_q_mode5EL9ap_o_mode3ELi0EEC2ILi128ELi2ELb0ELS0_5ELS1_3ELi0EEERK13ap_fixed_baseIXT_EXT0_EXT1_EXT2_EXT3_EXT4_EE.exit.i.split_ifconv, i27 %sext_ln664, void %_ZN8ap_fixedILi21ELi21EL9ap_q_mode5EL9ap_o_mode3ELi0EEC2ILi20ELi20ELb1ELS0_5ELS1_3ELi0EEERK13ap_fixed_baseIXT_EXT0_EXT1_EXT2_EXT3_EXT4_EE.exit327"   --->   Operation 47 'phi' 'empty_112' <Predicate = true> <Delay = 0.00>
ST_2 : Operation 48 [1/1] (0.00ns)   --->   "%p_Val2_7 = phi i27 %ty, void %_ZN8ap_fixedILi27ELi3EL9ap_q_mode5EL9ap_o_mode3ELi0EEC2ILi128ELi2ELb0ELS0_5ELS1_3ELi0EEERK13ap_fixed_baseIXT_EXT0_EXT1_EXT2_EXT3_EXT4_EE.exit.i.split_ifconv, i27 %sext_ln669, void %_ZN8ap_fixedILi21ELi21EL9ap_q_mode5EL9ap_o_mode3ELi0EEC2ILi20ELi20ELb1ELS0_5ELS1_3ELi0EEERK13ap_fixed_baseIXT_EXT0_EXT1_EXT2_EXT3_EXT4_EE.exit327"   --->   Operation 48 'phi' 'p_Val2_7' <Predicate = true> <Delay = 0.00>
ST_2 : Operation 49 [1/1] (0.78ns)   --->   "%add_ln87 = add i5 %n, i5 1" [C:/Xilinx/Vitis_HLS/2020.2/common/technology/autopilot/hls_cordic_apfixed.h:87]   --->   Operation 49 'add' 'add_ln87' <Predicate = true> <Delay = 0.78> <CoreInst = "Adder">   --->   Core 1 'Adder' <Latency = 0> <II = 1> <Delay = 0.96> <FuncUnit> <Opcode : 'add' 'sub'> <InPorts = 2> <OutPorts = 1>
ST_2 : Operation 50 [1/1] (0.75ns)   --->   "%icmp_ln87 = icmp_eq  i5 %n, i5 27" [C:/Xilinx/Vitis_HLS/2020.2/common/technology/autopilot/hls_cordic_apfixed.h:87]   --->   Operation 50 'icmp' 'icmp_ln87' <Predicate = true> <Delay = 0.75> <CoreInst = "Cmp">   --->   Core 9 'Cmp' <Latency = 0> <II = 1> <Delay = 0.75> <FuncUnit> <Opcode : 'icmp'> <InPorts = 2> <OutPorts = 1>
ST_2 : Operation 51 [1/1] (0.00ns)   --->   "%speclooptripcount_ln0 = speclooptripcount void @_ssdm_op_SpecLoopTripCount, i64 27, i64 27, i64 27"   --->   Operation 51 'speclooptripcount' 'speclooptripcount_ln0' <Predicate = true> <Delay = 0.00>
ST_2 : Operation 52 [1/1] (0.00ns)   --->   "%br_ln87 = br i1 %icmp_ln87, void %_ZN8ap_fixedILi27ELi3EL9ap_q_mode5EL9ap_o_mode3ELi0EEC2ILi128ELi2ELb0ELS0_5ELS1_3ELi0EEERK13ap_fixed_baseIXT_EXT0_EXT1_EXT2_EXT3_EXT4_EE.exit.i.split_ifconv, void %_ZN14cordic_apfixed19cordic_circ_apfixedILi27ELi3ELi1EEEvR8ap_fixedIXT_EXT0_EL9ap_q_mode5EL9ap_o_mode3ELi0EES5_S5_.exit" [C:/Xilinx/Vitis_HLS/2020.2/common/technology/autopilot/hls_cordic_apfixed.h:87]   --->   Operation 52 'br' 'br_ln87' <Predicate = true> <Delay = 0.00>
ST_2 : Operation 53 [1/1] (0.00ns)   --->   "%zext_ln87 = zext i5 %n" [C:/Xilinx/Vitis_HLS/2020.2/common/technology/autopilot/hls_cordic_apfixed.h:87]   --->   Operation 53 'zext' 'zext_ln87' <Predicate = (!icmp_ln87)> <Delay = 0.00>
ST_2 : Operation 54 [1/1] (0.00ns)   --->   "%tmp_51 = bitselect i1 @_ssdm_op_BitSelect.i1.i27.i32, i27 %p_Val2_7, i32 26"   --->   Operation 54 'bitselect' 'tmp_51' <Predicate = (!icmp_ln87)> <Delay = 0.00>
ST_2 : Operation 55 [1/1] (0.00ns)   --->   "%zext_ln1333 = zext i5 %n"   --->   Operation 55 'zext' 'zext_ln1333' <Predicate = (!icmp_ln87)> <Delay = 0.00>
ST_2 : Operation 56 [1/1] (1.16ns)   --->   "%r_V_11 = ashr i27 %empty_112, i27 %zext_ln1333"   --->   Operation 56 'ashr' 'r_V_11' <Predicate = (!icmp_ln87)> <Delay = 1.16> <CoreInst = "Shifter">   --->   Core 75 'Shifter' <Latency = 0> <II = 1> <Delay = 1.16> <FuncUnit> <Opcode : 'shl' 'lshr' 'ashr'> <InPorts = 2> <OutPorts = 1>
ST_2 : Operation 57 [1/1] (1.16ns)   --->   "%r_V_12 = ashr i27 %p_Val2_7, i27 %zext_ln1333"   --->   Operation 57 'ashr' 'r_V_12' <Predicate = (!icmp_ln87)> <Delay = 1.16> <CoreInst = "Shifter">   --->   Core 75 'Shifter' <Latency = 0> <II = 1> <Delay = 1.16> <FuncUnit> <Opcode : 'shl' 'lshr' 'ashr'> <InPorts = 2> <OutPorts = 1>
ST_2 : Operation 58 [1/1] (0.00ns)   --->   "%circ_table_arctan_128_V56_addr = getelementptr i126 %circ_table_arctan_128_V56, i64 0, i64 %zext_ln87"   --->   Operation 58 'getelementptr' 'circ_table_arctan_128_V56_addr' <Predicate = (!icmp_ln87)> <Delay = 0.00>
ST_2 : Operation 59 [2/2] (1.23ns)   --->   "%circ_table_arctan_128_V56_load = load i7 %circ_table_arctan_128_V56_addr"   --->   Operation 59 'load' 'circ_table_arctan_128_V56_load' <Predicate = (!icmp_ln87)> <Delay = 1.23> <CoreInst = "ROM">   --->   Core 101 'ROM' <Latency = 1> <II = 1> <Delay = 1.23> <Storage> <Opcode : 'load'> <Ports = 0> <Width = 126> <Depth = 128> <ROM>
ST_2 : Operation 60 [1/1] (0.96ns)   --->   "%add_ln703 = add i27 %r_V_12, i27 %empty_112"   --->   Operation 60 'add' 'add_ln703' <Predicate = (!icmp_ln87)> <Delay = 0.96> <CoreInst = "Adder">   --->   Core 1 'Adder' <Latency = 0> <II = 1> <Delay = 0.96> <FuncUnit> <Opcode : 'add' 'sub'> <InPorts = 2> <OutPorts = 1>
ST_2 : Operation 61 [1/1] (0.96ns)   --->   "%sub_ln703 = sub i27 %p_Val2_7, i27 %r_V_11"   --->   Operation 61 'sub' 'sub_ln703' <Predicate = (!icmp_ln87)> <Delay = 0.96> <CoreInst = "Adder">   --->   Core 1 'Adder' <Latency = 0> <II = 1> <Delay = 0.96> <FuncUnit> <Opcode : 'add' 'sub'> <InPorts = 2> <OutPorts = 1>
ST_2 : Operation 62 [1/1] (0.96ns)   --->   "%sub_ln703_3 = sub i27 %empty_112, i27 %r_V_12"   --->   Operation 62 'sub' 'sub_ln703_3' <Predicate = (!icmp_ln87)> <Delay = 0.96> <CoreInst = "Adder">   --->   Core 1 'Adder' <Latency = 0> <II = 1> <Delay = 0.96> <FuncUnit> <Opcode : 'add' 'sub'> <InPorts = 2> <OutPorts = 1>
ST_2 : Operation 63 [1/1] (0.96ns)   --->   "%add_ln703_2 = add i27 %r_V_11, i27 %p_Val2_7"   --->   Operation 63 'add' 'add_ln703_2' <Predicate = (!icmp_ln87)> <Delay = 0.96> <CoreInst = "Adder">   --->   Core 1 'Adder' <Latency = 0> <II = 1> <Delay = 0.96> <FuncUnit> <Opcode : 'add' 'sub'> <InPorts = 2> <OutPorts = 1>
ST_2 : Operation 64 [1/1] (0.32ns)   --->   "%ty = select i1 %tmp_51, i27 %add_ln703_2, i27 %sub_ln703"   --->   Operation 64 'select' 'ty' <Predicate = (!icmp_ln87)> <Delay = 0.32> <CoreInst = "Sel">   --->   Core 73 'Sel' <Latency = 0> <II = 1> <Delay = 0.32> <FuncUnit> <Opcode : 'select'> <InPorts = 3> <OutPorts = 1>
ST_2 : Operation 65 [1/1] (0.32ns)   --->   "%tx = select i1 %tmp_51, i27 %sub_ln703_3, i27 %add_ln703"   --->   Operation 65 'select' 'tx' <Predicate = (!icmp_ln87)> <Delay = 0.32> <CoreInst = "Sel">   --->   Core 73 'Sel' <Latency = 0> <II = 1> <Delay = 0.32> <FuncUnit> <Opcode : 'select'> <InPorts = 3> <OutPorts = 1>

State 3 <SV = 2> <Delay = 2.52>
ST_3 : Operation 66 [1/1] (0.00ns)   --->   "%specpipeline_ln87 = specpipeline void @_ssdm_op_SpecPipeline, i32 4294967295, i32 0, i32 0, i32 0, void @empty_26" [C:/Xilinx/Vitis_HLS/2020.2/common/technology/autopilot/hls_cordic_apfixed.h:87]   --->   Operation 66 'specpipeline' 'specpipeline_ln87' <Predicate = (!icmp_ln87)> <Delay = 0.00>
ST_3 : Operation 67 [1/1] (0.00ns)   --->   "%specloopname_ln87 = specloopname void @_ssdm_op_SpecLoopName, void @empty_23" [C:/Xilinx/Vitis_HLS/2020.2/common/technology/autopilot/hls_cordic_apfixed.h:87]   --->   Operation 67 'specloopname' 'specloopname_ln87' <Predicate = (!icmp_ln87)> <Delay = 0.00>
ST_3 : Operation 68 [1/2] (1.23ns)   --->   "%circ_table_arctan_128_V56_load = load i7 %circ_table_arctan_128_V56_addr"   --->   Operation 68 'load' 'circ_table_arctan_128_V56_load' <Predicate = (!icmp_ln87)> <Delay = 1.23> <CoreInst = "ROM">   --->   Core 101 'ROM' <Latency = 1> <II = 1> <Delay = 1.23> <Storage> <Opcode : 'load'> <Ports = 0> <Width = 126> <Depth = 128> <ROM>
ST_3 : Operation 69 [1/1] (0.00ns)   --->   "%tmp = partselect i24 @_ssdm_op_PartSelect.i24.i126.i32.i32, i126 %circ_table_arctan_128_V56_load, i32 102, i32 125"   --->   Operation 69 'partselect' 'tmp' <Predicate = (!icmp_ln87)> <Delay = 0.00>
ST_3 : Operation 70 [1/1] (0.00ns)   --->   "%zext_ln708 = zext i24 %tmp"   --->   Operation 70 'zext' 'zext_ln708' <Predicate = (!icmp_ln87)> <Delay = 0.00>
ST_3 : Operation 71 [1/1] (0.96ns)   --->   "%add_ln703_1 = add i27 %zext_ln708, i27 %empty"   --->   Operation 71 'add' 'add_ln703_1' <Predicate = (!icmp_ln87 & !tmp_51)> <Delay = 0.96> <CoreInst = "Adder">   --->   Core 1 'Adder' <Latency = 0> <II = 1> <Delay = 0.96> <FuncUnit> <Opcode : 'add' 'sub'> <InPorts = 2> <OutPorts = 1>
ST_3 : Operation 72 [1/1] (0.96ns)   --->   "%sub_ln703_4 = sub i27 %empty, i27 %zext_ln708"   --->   Operation 72 'sub' 'sub_ln703_4' <Predicate = (!icmp_ln87 & tmp_51)> <Delay = 0.96> <CoreInst = "Adder">   --->   Core 1 'Adder' <Latency = 0> <II = 1> <Delay = 0.96> <FuncUnit> <Opcode : 'add' 'sub'> <InPorts = 2> <OutPorts = 1>
ST_3 : Operation 73 [1/1] (0.32ns)   --->   "%tz = select i1 %tmp_51, i27 %sub_ln703_4, i27 %add_ln703_1"   --->   Operation 73 'select' 'tz' <Predicate = (!icmp_ln87)> <Delay = 0.32> <CoreInst = "Sel">   --->   Core 73 'Sel' <Latency = 0> <II = 1> <Delay = 0.32> <FuncUnit> <Opcode : 'select'> <InPorts = 3> <OutPorts = 1>
ST_3 : Operation 74 [1/1] (0.00ns)   --->   "%br_ln0 = br void %_ZN8ap_fixedILi27ELi3EL9ap_q_mode5EL9ap_o_mode3ELi0EEC2ILi128ELi2ELb0ELS0_5ELS1_3ELi0EEERK13ap_fixed_baseIXT_EXT0_EXT1_EXT2_EXT3_EXT4_EE.exit.i"   --->   Operation 74 'br' 'br_ln0' <Predicate = (!icmp_ln87)> <Delay = 0.00>

State 4 <SV = 2> <Delay = 3.00>
ST_4 : Operation 75 [1/1] (0.96ns)   --->   "%z_V_1 = sub i27 26353568, i27 %empty"   --->   Operation 75 'sub' 'z_V_1' <Predicate = (!and_ln608 & !and_ln612 & !and_ln616 & !and_ln620 & !icmp_ln1498_2 & icmp_ln1494_2)> <Delay = 0.96> <CoreInst = "Adder">   --->   Core 1 'Adder' <Latency = 0> <II = 1> <Delay = 0.96> <FuncUnit> <Opcode : 'add' 'sub'> <InPorts = 2> <OutPorts = 1>
ST_4 : Operation 76 [1/1] (0.32ns)   --->   "%z_V_2 = select i1 %icmp_ln1494_2, i27 %z_V_1, i27 %empty" [C:/Xilinx/Vitis_HLS/2020.2/common/technology/autopilot/hls_cordic_apfixed.h:677]   --->   Operation 76 'select' 'z_V_2' <Predicate = (!and_ln608 & !and_ln612 & !and_ln616 & !and_ln620 & !icmp_ln1498_2)> <Delay = 0.32> <CoreInst = "Sel">   --->   Core 73 'Sel' <Latency = 0> <II = 1> <Delay = 0.32> <FuncUnit> <Opcode : 'select'> <InPorts = 3> <OutPorts = 1>
ST_4 : Operation 77 [1/1] (0.28ns)   --->   "%and_ln681 = and i1 %icmp_ln870_4, i1 %icmp_ln1494" [C:/Xilinx/Vitis_HLS/2020.2/common/technology/autopilot/hls_cordic_apfixed.h:681]   --->   Operation 77 'and' 'and_ln681' <Predicate = (!and_ln608 & !and_ln612 & !and_ln616 & !and_ln620 & !icmp_ln1498_2)> <Delay = 0.28> <CoreInst = "LogicGate">   --->   Core 74 'LogicGate' <Latency = 0> <II = 1> <Delay = 0.28> <FuncUnit> <Opcode : 'and' 'or' 'xor'> <InPorts = 2> <OutPorts = 1>
ST_4 : Operation 78 [1/1] (0.00ns)   --->   "%br_ln681 = br i1 %and_ln681, void, void %_ZN13ap_fixed_baseILi28ELi4ELb1EL9ap_q_mode5EL9ap_o_mode3ELi0EEC2ILi21ELi3ELb1ELS0_5ELS1_3ELi0EEERKS_IXT_EXT0_EXT1_EXT2_EXT3_EXT4_EE.exit.i" [C:/Xilinx/Vitis_HLS/2020.2/common/technology/autopilot/hls_cordic_apfixed.h:681]   --->   Operation 78 'br' 'br_ln681' <Predicate = (!and_ln608 & !and_ln612 & !and_ln616 & !and_ln620 & !icmp_ln1498_2)> <Delay = 0.00>
ST_4 : Operation 79 [1/1] (0.00ns) (grouped into LUT with out node icmp_ln684)   --->   "%or_ln684 = or i2 %signin2, i2 %signin1" [C:/Xilinx/Vitis_HLS/2020.2/common/technology/autopilot/hls_cordic_apfixed.h:684]   --->   Operation 79 'or' 'or_ln684' <Predicate = (!and_ln608 & !and_ln612 & !and_ln616 & !and_ln620 & !icmp_ln1498_2 & !and_ln681)> <Delay = 0.00> <CoreInst = "LogicGate">   --->   Core 74 'LogicGate' <Latency = 0> <II = 1> <Delay = 0.28> <FuncUnit> <Opcode : 'and' 'or' 'xor'> <InPorts = 2> <OutPorts = 1>
ST_4 : Operation 80 [1/1] (0.44ns) (out node of the LUT)   --->   "%icmp_ln684 = icmp_eq  i2 %or_ln684, i2 0" [C:/Xilinx/Vitis_HLS/2020.2/common/technology/autopilot/hls_cordic_apfixed.h:684]   --->   Operation 80 'icmp' 'icmp_ln684' <Predicate = (!and_ln608 & !and_ln612 & !and_ln616 & !and_ln620 & !icmp_ln1498_2 & !and_ln681)> <Delay = 0.44> <CoreInst = "Cmp">   --->   Core 9 'Cmp' <Latency = 0> <II = 1> <Delay = 0.75> <FuncUnit> <Opcode : 'icmp'> <InPorts = 2> <OutPorts = 1>
ST_4 : Operation 81 [1/1] (0.00ns)   --->   "%br_ln684 = br i1 %icmp_ln684, void, void %_ZN13ap_fixed_baseILi28ELi4ELb1EL9ap_q_mode5EL9ap_o_mode3ELi0EEC2ILi27ELi3ELb1ELS0_5ELS1_3ELi0EEERKS_IXT_EXT0_EXT1_EXT2_EXT3_EXT4_EE.exit.i" [C:/Xilinx/Vitis_HLS/2020.2/common/technology/autopilot/hls_cordic_apfixed.h:684]   --->   Operation 81 'br' 'br_ln684' <Predicate = (!and_ln608 & !and_ln612 & !and_ln616 & !and_ln620 & !icmp_ln1498_2 & !and_ln681)> <Delay = 0.00>
ST_4 : Operation 82 [1/1] (0.28ns)   --->   "%and_ln687 = and i1 %icmp_ln1494_1, i1 %icmp_ln870_6" [C:/Xilinx/Vitis_HLS/2020.2/common/technology/autopilot/hls_cordic_apfixed.h:687]   --->   Operation 82 'and' 'and_ln687' <Predicate = (!and_ln608 & !and_ln612 & !and_ln616 & !and_ln620 & !icmp_ln1498_2 & !and_ln681 & !icmp_ln684)> <Delay = 0.28> <CoreInst = "LogicGate">   --->   Core 74 'LogicGate' <Latency = 0> <II = 1> <Delay = 0.28> <FuncUnit> <Opcode : 'and' 'or' 'xor'> <InPorts = 2> <OutPorts = 1>
ST_4 : Operation 83 [1/1] (0.00ns)   --->   "%br_ln687 = br i1 %and_ln687, void %_ZN8ap_fixedILi20ELi3EL9ap_q_mode5EL9ap_o_mode3ELi0EEC2ILi27ELi3ELb1ELS0_5ELS1_3ELi0EEERK13ap_fixed_baseIXT_EXT0_EXT1_EXT2_EXT3_EXT4_EE.exit, void %_ZNK13ap_fixed_baseILi27ELi3ELb1EL9ap_q_mode5EL9ap_o_mode3ELi0EEngEv.exit" [C:/Xilinx/Vitis_HLS/2020.2/common/technology/autopilot/hls_cordic_apfixed.h:687]   --->   Operation 83 'br' 'br_ln687' <Predicate = (!and_ln608 & !and_ln612 & !and_ln616 & !and_ln620 & !icmp_ln1498_2 & !and_ln681 & !icmp_ln684)> <Delay = 0.00>
ST_4 : Operation 84 [1/1] (0.00ns)   --->   "%out_V_3 = partselect i20 @_ssdm_op_PartSelect.i20.i27.i32.i32, i27 %z_V_2, i32 7, i32 26"   --->   Operation 84 'partselect' 'out_V_3' <Predicate = (!and_ln608 & !and_ln612 & !and_ln616 & !and_ln620 & !icmp_ln1498_2 & !and_ln681 & !icmp_ln684 & !and_ln687)> <Delay = 0.00>
ST_4 : Operation 85 [1/1] (0.75ns)   --->   "%br_ln0 = br void %_ZN8ap_fixedILi20ELi3EL9ap_q_mode5EL9ap_o_mode3ELi0EEC2Ei.exit495"   --->   Operation 85 'br' 'br_ln0' <Predicate = (!and_ln608 & !and_ln612 & !and_ln616 & !and_ln620 & !icmp_ln1498_2 & !and_ln681 & !icmp_ln684 & !and_ln687)> <Delay = 0.75>
ST_4 : Operation 86 [1/1] (0.96ns)   --->   "%r = sub i27 0, i27 %z_V_2"   --->   Operation 86 'sub' 'r' <Predicate = (!and_ln608 & !and_ln612 & !and_ln616 & !and_ln620 & !icmp_ln1498_2 & !and_ln681 & !icmp_ln684 & and_ln687)> <Delay = 0.96> <CoreInst = "Adder">   --->   Core 1 'Adder' <Latency = 0> <II = 1> <Delay = 0.96> <FuncUnit> <Opcode : 'add' 'sub'> <InPorts = 2> <OutPorts = 1>
ST_4 : Operation 87 [1/1] (0.00ns)   --->   "%out_V_2 = partselect i20 @_ssdm_op_PartSelect.i20.i27.i32.i32, i27 %r, i32 7, i32 26"   --->   Operation 87 'partselect' 'out_V_2' <Predicate = (!and_ln608 & !and_ln612 & !and_ln616 & !and_ln620 & !icmp_ln1498_2 & !and_ln681 & !icmp_ln684 & and_ln687)> <Delay = 0.00>
ST_4 : Operation 88 [1/1] (0.75ns)   --->   "%br_ln689 = br void %_ZN8ap_fixedILi20ELi3EL9ap_q_mode5EL9ap_o_mode3ELi0EEC2Ei.exit495" [C:/Xilinx/Vitis_HLS/2020.2/common/technology/autopilot/hls_cordic_apfixed.h:689]   --->   Operation 88 'br' 'br_ln689' <Predicate = (!and_ln608 & !and_ln612 & !and_ln616 & !and_ln620 & !icmp_ln1498_2 & !and_ln681 & !icmp_ln684 & and_ln687)> <Delay = 0.75>
ST_4 : Operation 89 [1/1] (0.96ns)   --->   "%ret_V_20 = add i27 %z_V_2, i27 81510592"   --->   Operation 89 'add' 'ret_V_20' <Predicate = (!and_ln608 & !and_ln612 & !and_ln616 & !and_ln620 & !icmp_ln1498_2 & !and_ln681 & icmp_ln684)> <Delay = 0.96> <CoreInst = "Adder">   --->   Core 1 'Adder' <Latency = 0> <II = 1> <Delay = 0.96> <FuncUnit> <Opcode : 'add' 'sub'> <InPorts = 2> <OutPorts = 1>
ST_4 : Operation 90 [1/1] (0.00ns)   --->   "%out_V_1 = partselect i20 @_ssdm_op_PartSelect.i20.i27.i32.i32, i27 %ret_V_20, i32 7, i32 26"   --->   Operation 90 'partselect' 'out_V_1' <Predicate = (!and_ln608 & !and_ln612 & !and_ln616 & !and_ln620 & !icmp_ln1498_2 & !and_ln681 & icmp_ln684)> <Delay = 0.00>
ST_4 : Operation 91 [1/1] (0.75ns)   --->   "%br_ln686 = br void %_ZN8ap_fixedILi20ELi3EL9ap_q_mode5EL9ap_o_mode3ELi0EEC2Ei.exit495" [C:/Xilinx/Vitis_HLS/2020.2/common/technology/autopilot/hls_cordic_apfixed.h:686]   --->   Operation 91 'br' 'br_ln686' <Predicate = (!and_ln608 & !and_ln612 & !and_ln616 & !and_ln620 & !icmp_ln1498_2 & !and_ln681 & icmp_ln684)> <Delay = 0.75>
ST_4 : Operation 92 [1/1] (0.96ns)   --->   "%ret_V = sub i27 52707136, i27 %z_V_2"   --->   Operation 92 'sub' 'ret_V' <Predicate = (!and_ln608 & !and_ln612 & !and_ln616 & !and_ln620 & !icmp_ln1498_2 & and_ln681)> <Delay = 0.96> <CoreInst = "Adder">   --->   Core 1 'Adder' <Latency = 0> <II = 1> <Delay = 0.96> <FuncUnit> <Opcode : 'add' 'sub'> <InPorts = 2> <OutPorts = 1>
ST_4 : Operation 93 [1/1] (0.00ns)   --->   "%out_V = partselect i20 @_ssdm_op_PartSelect.i20.i27.i32.i32, i27 %ret_V, i32 7, i32 26"   --->   Operation 93 'partselect' 'out_V' <Predicate = (!and_ln608 & !and_ln612 & !and_ln616 & !and_ln620 & !icmp_ln1498_2 & and_ln681)> <Delay = 0.00>
ST_4 : Operation 94 [1/1] (0.75ns)   --->   "%br_ln683 = br void %_ZN8ap_fixedILi20ELi3EL9ap_q_mode5EL9ap_o_mode3ELi0EEC2Ei.exit495" [C:/Xilinx/Vitis_HLS/2020.2/common/technology/autopilot/hls_cordic_apfixed.h:683]   --->   Operation 94 'br' 'br_ln683' <Predicate = (!and_ln608 & !and_ln612 & !and_ln616 & !and_ln620 & !icmp_ln1498_2 & and_ln681)> <Delay = 0.75>
ST_4 : Operation 95 [1/1] (0.00ns)   --->   "%agg_result_0 = phi i20 %out_V, void %_ZN13ap_fixed_baseILi28ELi4ELb1EL9ap_q_mode5EL9ap_o_mode3ELi0EEC2ILi21ELi3ELb1ELS0_5ELS1_3ELi0EEERKS_IXT_EXT0_EXT1_EXT2_EXT3_EXT4_EE.exit.i, i20 %out_V_1, void %_ZN13ap_fixed_baseILi28ELi4ELb1EL9ap_q_mode5EL9ap_o_mode3ELi0EEC2ILi27ELi3ELb1ELS0_5ELS1_3ELi0EEERKS_IXT_EXT0_EXT1_EXT2_EXT3_EXT4_EE.exit.i, i20 %out_V_2, void %_ZNK13ap_fixed_baseILi27ELi3ELb1EL9ap_q_mode5EL9ap_o_mode3ELi0EEngEv.exit, i20 %out_V_3, void %_ZN8ap_fixedILi20ELi3EL9ap_q_mode5EL9ap_o_mode3ELi0EEC2ILi27ELi3ELb1ELS0_5ELS1_3ELi0EEERK13ap_fixed_baseIXT_EXT0_EXT1_EXT2_EXT3_EXT4_EE.exit, i20 %select_ln631, void, i20 0, void, i20 411774, void, i20 205887, void, i20 842688, void, i20 102943, void"   --->   Operation 95 'phi' 'agg_result_0' <Predicate = true> <Delay = 0.00>
ST_4 : Operation 96 [1/1] (0.00ns)   --->   "%ret_ln695 = ret i20 %agg_result_0" [C:/Xilinx/Vitis_HLS/2020.2/common/technology/autopilot/hls_cordic_apfixed.h:695]   --->   Operation 96 'ret' 'ret_ln695' <Predicate = true> <Delay = 0.00>

State 5 <SV = 1> <Delay = 0.75>
ST_5 : Operation 97 [1/1] (0.36ns)   --->   "%select_ln631 = select i1 %icmp_ln870, i20 0, i20 739744" [C:/Xilinx/Vitis_HLS/2020.2/common/technology/autopilot/hls_cordic_apfixed.h:631]   --->   Operation 97 'select' 'select_ln631' <Predicate = true> <Delay = 0.36> <CoreInst = "Sel">   --->   Core 73 'Sel' <Latency = 0> <II = 1> <Delay = 0.32> <FuncUnit> <Opcode : 'select'> <InPorts = 3> <OutPorts = 1>
ST_5 : Operation 98 [1/1] (0.75ns)   --->   "%br_ln631 = br void %_ZN8ap_fixedILi20ELi3EL9ap_q_mode5EL9ap_o_mode3ELi0EEC2Ei.exit495" [C:/Xilinx/Vitis_HLS/2020.2/common/technology/autopilot/hls_cordic_apfixed.h:631]   --->   Operation 98 'br' 'br_ln631' <Predicate = true> <Delay = 0.75>


============================================================
+ Verbose Summary: Binding
============================================================
STG Binding: 
---------------- STG Properties BEGIN ----------------
- Is combinational: 0
- Is one-state seq: 0
- Is datapath-only: 0
- Is pipelined: 0
- Is top level: 0
Port [ Return ] is wired: 1; IO mode=ap_ctrl_hs:ce=0
Port [ in1]:  wired=1; compound=0; hidden=0; nouse=0; global=0; static=0; extern=0; dir=0; type=0; pingpong=0; private_global=0; IO mode=ap_none:ce=0
Port [ in2]:  wired=1; compound=0; hidden=0; nouse=0; global=0; static=0; extern=0; dir=0; type=0; pingpong=0; private_global=0; IO mode=ap_none:ce=0
Port [ circ_table_arctan_128_V56]:  wired=0; compound=1; hidden=1; nouse=0; global=1; static=1; extern=0; dir=0; type=1; pingpong=0; private_global=1; MemPort=[1]; IO mode=ap_memory:ce=0
---------------- STG Properties END ------------------

---------------- Datapath Model BEGIN ----------------

<LifeTime>
<method=bitvector/>
in2_read                       (read             ) [ 000000]
in1_read                       (read             ) [ 000000]
icmp_ln1494                    (icmp             ) [ 011111]
icmp_ln1498                    (icmp             ) [ 000000]
zext_ln601                     (zext             ) [ 000000]
signin1                        (select           ) [ 001111]
icmp_ln1494_1                  (icmp             ) [ 001111]
icmp_ln1498_1                  (icmp             ) [ 000000]
zext_ln602                     (zext             ) [ 000000]
signin2                        (select           ) [ 001111]
icmp_ln870                     (icmp             ) [ 000001]
and_ln608                      (and              ) [ 011111]
br_ln608                       (br               ) [ 011111]
icmp_ln870_4                   (icmp             ) [ 001111]
and_ln612                      (and              ) [ 011111]
br_ln612                       (br               ) [ 011111]
icmp_ln870_5                   (icmp             ) [ 000000]
and_ln616                      (and              ) [ 011111]
br_ln616                       (br               ) [ 011111]
icmp_ln870_6                   (icmp             ) [ 001111]
and_ln620                      (and              ) [ 011111]
br_ln620                       (br               ) [ 011111]
icmp_ln1498_2                  (icmp             ) [ 011111]
br_ln624                       (br               ) [ 000000]
sext_ln703                     (sext             ) [ 000000]
r_V                            (sub              ) [ 000000]
in1abs_V                       (select           ) [ 000000]
sext_ln703_1                   (sext             ) [ 000000]
r_V_10                         (sub              ) [ 000000]
in2abs_V                       (select           ) [ 000000]
icmp_ln1494_2                  (icmp             ) [ 001111]
shl_ln                         (bitconcatenate   ) [ 000000]
shl_ln728_1                    (bitconcatenate   ) [ 000000]
y_V                            (select           ) [ 000000]
sext_ln669                     (sext             ) [ 011100]
x_V                            (select           ) [ 000000]
sext_ln664                     (sext             ) [ 011100]
br_ln87                        (br               ) [ 011100]
br_ln625                       (br               ) [ 011111]
n                              (phi              ) [ 001000]
empty                          (phi              ) [ 001111]
empty_112                      (phi              ) [ 001000]
p_Val2_7                       (phi              ) [ 001000]
add_ln87                       (add              ) [ 011100]
icmp_ln87                      (icmp             ) [ 001100]
speclooptripcount_ln0          (speclooptripcount) [ 000000]
br_ln87                        (br               ) [ 000000]
zext_ln87                      (zext             ) [ 000000]
tmp_51                         (bitselect        ) [ 001100]
zext_ln1333                    (zext             ) [ 000000]
r_V_11                         (ashr             ) [ 000000]
r_V_12                         (ashr             ) [ 000000]
circ_table_arctan_128_V56_addr (getelementptr    ) [ 001100]
add_ln703                      (add              ) [ 000000]
sub_ln703                      (sub              ) [ 000000]
sub_ln703_3                    (sub              ) [ 000000]
add_ln703_2                    (add              ) [ 000000]
ty                             (select           ) [ 011100]
tx                             (select           ) [ 011100]
specpipeline_ln87              (specpipeline     ) [ 000000]
specloopname_ln87              (specloopname     ) [ 000000]
circ_table_arctan_128_V56_load (load             ) [ 000000]
tmp                            (partselect       ) [ 000000]
zext_ln708                     (zext             ) [ 000000]
add_ln703_1                    (add              ) [ 000000]
sub_ln703_4                    (sub              ) [ 000000]
tz                             (select           ) [ 011100]
br_ln0                         (br               ) [ 011100]
z_V_1                          (sub              ) [ 000000]
z_V_2                          (select           ) [ 000000]
and_ln681                      (and              ) [ 000010]
br_ln681                       (br               ) [ 000000]
or_ln684                       (or               ) [ 000000]
icmp_ln684                     (icmp             ) [ 000010]
br_ln684                       (br               ) [ 000000]
and_ln687                      (and              ) [ 000010]
br_ln687                       (br               ) [ 000000]
out_V_3                        (partselect       ) [ 000000]
br_ln0                         (br               ) [ 000000]
r                              (sub              ) [ 000000]
out_V_2                        (partselect       ) [ 000000]
br_ln689                       (br               ) [ 000000]
ret_V_20                       (add              ) [ 000000]
out_V_1                        (partselect       ) [ 000000]
br_ln686                       (br               ) [ 000000]
ret_V                          (sub              ) [ 000000]
out_V                          (partselect       ) [ 000000]
br_ln683                       (br               ) [ 000000]
agg_result_0                   (phi              ) [ 000010]
ret_ln695                      (ret              ) [ 000000]
select_ln631                   (select           ) [ 010011]
br_ln631                       (br               ) [ 010011]
</LifeTime>

<model>

<comp_list>
<comp id="0" class="1000" name="in1">
<pin_list>
<pin id="1" dir="1" index="0" bw="1" slack="0"/>
</pin_list>
<bind>
<StgValue><ssdm name="in1"/></StgValue>
</bind>
</comp>

<comp id="2" class="1000" name="in2">
<pin_list>
<pin id="3" dir="1" index="0" bw="1" slack="0"/>
</pin_list>
<bind>
<StgValue><ssdm name="in2"/></StgValue>
</bind>
</comp>

<comp id="4" class="1000" name="circ_table_arctan_128_V56">
<pin_list>
<pin id="5" dir="1" index="0" bw="1" slack="0"/>
</pin_list>
<bind>
<StgValue><ssdm name="circ_table_arctan_128_V56"/><MemPortTyVec>1 </MemPortTyVec>
</StgValue>
</bind>
</comp>

<comp id="6" class="1001" name="const_6">
<pin_list>
<pin id="7" dir="1" index="0" bw="1" slack="0"/>
</pin_list>
<bind>
<StgValue><ssdm name="_ssdm_op_Read.ap_auto.i20"/></StgValue>
</bind>
</comp>

<comp id="8" class="1001" name="const_8">
<pin_list>
<pin id="9" dir="1" index="0" bw="1" slack="0"/>
</pin_list>
<bind>
<StgValue><ssdm name=""/></StgValue>
</bind>
</comp>

<comp id="10" class="1001" name="const_10">
<pin_list>
<pin id="11" dir="1" index="0" bw="1" slack="0"/>
</pin_list>
<bind>
<StgValue><ssdm name=""/></StgValue>
</bind>
</comp>

<comp id="12" class="1001" name="const_12">
<pin_list>
<pin id="13" dir="1" index="0" bw="1" slack="0"/>
</pin_list>
<bind>
<StgValue><ssdm name=""/></StgValue>
</bind>
</comp>

<comp id="14" class="1001" name="const_14">
<pin_list>
<pin id="15" dir="1" index="0" bw="1" slack="0"/>
</pin_list>
<bind>
<StgValue><ssdm name=""/></StgValue>
</bind>
</comp>

<comp id="16" class="1001" name="const_16">
<pin_list>
<pin id="17" dir="1" index="0" bw="1" slack="0"/>
</pin_list>
<bind>
<StgValue><ssdm name=""/></StgValue>
</bind>
</comp>

<comp id="18" class="1001" name="const_18">
<pin_list>
<pin id="19" dir="1" index="0" bw="1" slack="0"/>
</pin_list>
<bind>
<StgValue><ssdm name="_ssdm_op_BitConcatenate.i26.i21.i5"/></StgValue>
</bind>
</comp>

<comp id="20" class="1001" name="const_20">
<pin_list>
<pin id="21" dir="1" index="0" bw="1" slack="0"/>
</pin_list>
<bind>
<StgValue><ssdm name=""/></StgValue>
</bind>
</comp>

<comp id="22" class="1001" name="const_22">
<pin_list>
<pin id="23" dir="1" index="0" bw="1" slack="0"/>
</pin_list>
<bind>
<StgValue><ssdm name=""/></StgValue>
</bind>
</comp>

<comp id="24" class="1001" name="const_24">
<pin_list>
<pin id="25" dir="1" index="0" bw="1" slack="0"/>
</pin_list>
<bind>
<StgValue><ssdm name=""/></StgValue>
</bind>
</comp>

<comp id="26" class="1001" name="const_26">
<pin_list>
<pin id="27" dir="1" index="0" bw="1" slack="0"/>
</pin_list>
<bind>
<StgValue><ssdm name=""/></StgValue>
</bind>
</comp>

<comp id="28" class="1001" name="const_28">
<pin_list>
<pin id="29" dir="1" index="0" bw="1" slack="2147483647"/>
</pin_list>
<bind>
<StgValue><ssdm name="_ssdm_op_SpecLoopTripCount"/></StgValue>
</bind>
</comp>

<comp id="30" class="1001" name="const_30">
<pin_list>
<pin id="31" dir="1" index="0" bw="1" slack="2147483647"/>
</pin_list>
<bind>
<StgValue><ssdm name=""/></StgValue>
</bind>
</comp>

<comp id="32" class="1001" name="const_32">
<pin_list>
<pin id="33" dir="1" index="0" bw="1" slack="0"/>
</pin_list>
<bind>
<StgValue><ssdm name="_ssdm_op_BitSelect.i1.i27.i32"/></StgValue>
</bind>
</comp>

<comp id="34" class="1001" name="const_34">
<pin_list>
<pin id="35" dir="1" index="0" bw="1" slack="0"/>
</pin_list>
<bind>
<StgValue><ssdm name=""/></StgValue>
</bind>
</comp>

<comp id="36" class="1001" name="const_36">
<pin_list>
<pin id="37" dir="1" index="0" bw="1" slack="0"/>
</pin_list>
<bind>
<StgValue><ssdm name=""/></StgValue>
</bind>
</comp>

<comp id="38" class="1001" name="const_38">
<pin_list>
<pin id="39" dir="1" index="0" bw="1" slack="2147483647"/>
</pin_list>
<bind>
<StgValue><ssdm name="_ssdm_op_SpecPipeline"/></StgValue>
</bind>
</comp>

<comp id="40" class="1001" name="const_40">
<pin_list>
<pin id="41" dir="1" index="0" bw="1" slack="2147483647"/>
</pin_list>
<bind>
<StgValue><ssdm name=""/></StgValue>
</bind>
</comp>

<comp id="42" class="1001" name="const_42">
<pin_list>
<pin id="43" dir="1" index="0" bw="1" slack="2147483647"/>
</pin_list>
<bind>
<StgValue><ssdm name=""/></StgValue>
</bind>
</comp>

<comp id="44" class="1001" name="const_44">
<pin_list>
<pin id="45" dir="1" index="0" bw="1" slack="2147483647"/>
</pin_list>
<bind>
<StgValue><ssdm name="empty_26"/></StgValue>
</bind>
</comp>

<comp id="46" class="1001" name="const_46">
<pin_list>
<pin id="47" dir="1" index="0" bw="1" slack="2147483647"/>
</pin_list>
<bind>
<StgValue><ssdm name="_ssdm_op_SpecLoopName"/></StgValue>
</bind>
</comp>

<comp id="48" class="1001" name="const_48">
<pin_list>
<pin id="49" dir="1" index="0" bw="1" slack="2147483647"/>
</pin_list>
<bind>
<StgValue><ssdm name="empty_23"/></StgValue>
</bind>
</comp>

<comp id="50" class="1001" name="const_50">
<pin_list>
<pin id="51" dir="1" index="0" bw="1" slack="0"/>
</pin_list>
<bind>
<StgValue><ssdm name="_ssdm_op_PartSelect.i24.i126.i32.i32"/></StgValue>
</bind>
</comp>

<comp id="52" class="1001" name="const_52">
<pin_list>
<pin id="53" dir="1" index="0" bw="1" slack="0"/>
</pin_list>
<bind>
<StgValue><ssdm name=""/></StgValue>
</bind>
</comp>

<comp id="54" class="1001" name="const_54">
<pin_list>
<pin id="55" dir="1" index="0" bw="1" slack="0"/>
</pin_list>
<bind>
<StgValue><ssdm name=""/></StgValue>
</bind>
</comp>

<comp id="56" class="1001" name="const_56">
<pin_list>
<pin id="57" dir="1" index="0" bw="1" slack="0"/>
</pin_list>
<bind>
<StgValue><ssdm name=""/></StgValue>
</bind>
</comp>

<comp id="58" class="1001" name="const_58">
<pin_list>
<pin id="59" dir="1" index="0" bw="1" slack="0"/>
</pin_list>
<bind>
<StgValue><ssdm name="_ssdm_op_PartSelect.i20.i27.i32.i32"/></StgValue>
</bind>
</comp>

<comp id="60" class="1001" name="const_60">
<pin_list>
<pin id="61" dir="1" index="0" bw="1" slack="0"/>
</pin_list>
<bind>
<StgValue><ssdm name=""/></StgValue>
</bind>
</comp>

<comp id="62" class="1001" name="const_62">
<pin_list>
<pin id="63" dir="1" index="0" bw="1" slack="0"/>
</pin_list>
<bind>
<StgValue><ssdm name=""/></StgValue>
</bind>
</comp>

<comp id="64" class="1001" name="const_64">
<pin_list>
<pin id="65" dir="1" index="0" bw="1" slack="0"/>
</pin_list>
<bind>
<StgValue><ssdm name=""/></StgValue>
</bind>
</comp>

<comp id="66" class="1001" name="const_66">
<pin_list>
<pin id="67" dir="1" index="0" bw="1" slack="2"/>
</pin_list>
<bind>
<StgValue><ssdm name=""/></StgValue>
</bind>
</comp>

<comp id="68" class="1001" name="const_68">
<pin_list>
<pin id="69" dir="1" index="0" bw="1" slack="2"/>
</pin_list>
<bind>
<StgValue><ssdm name=""/></StgValue>
</bind>
</comp>

<comp id="70" class="1001" name="const_70">
<pin_list>
<pin id="71" dir="1" index="0" bw="1" slack="2"/>
</pin_list>
<bind>
<StgValue><ssdm name=""/></StgValue>
</bind>
</comp>

<comp id="72" class="1001" name="const_72">
<pin_list>
<pin id="73" dir="1" index="0" bw="1" slack="2"/>
</pin_list>
<bind>
<StgValue><ssdm name=""/></StgValue>
</bind>
</comp>

<comp id="74" class="1001" name="const_74">
<pin_list>
<pin id="75" dir="1" index="0" bw="1" slack="0"/>
</pin_list>
<bind>
<StgValue><ssdm name=""/></StgValue>
</bind>
</comp>

<comp id="76" class="1004" name="in2_read_read_fu_76">
<pin_list>
<pin id="77" dir="0" index="0" bw="20" slack="0"/>
<pin id="78" dir="0" index="1" bw="20" slack="0"/>
<pin id="79" dir="1" index="2" bw="20" slack="0"/>
</pin_list>
<bind>
<opcode="read(1150) " fcode="read"/>
<opset="in2_read/1 "/>
</bind>
</comp>

<comp id="82" class="1004" name="in1_read_read_fu_82">
<pin_list>
<pin id="83" dir="0" index="0" bw="20" slack="0"/>
<pin id="84" dir="0" index="1" bw="20" slack="0"/>
<pin id="85" dir="1" index="2" bw="20" slack="0"/>
</pin_list>
<bind>
<opcode="read(1150) " fcode="read"/>
<opset="in1_read/1 "/>
</bind>
</comp>

<comp id="88" class="1004" name="circ_table_arctan_128_V56_addr_gep_fu_88">
<pin_list>
<pin id="89" dir="0" index="0" bw="126" slack="0"/>
<pin id="90" dir="0" index="1" bw="1" slack="0"/>
<pin id="91" dir="0" index="2" bw="5" slack="0"/>
<pin id="92" dir="1" index="3" bw="7" slack="0"/>
</pin_list>
<bind>
<opcode="getelementptr(29) " fcode="getelementptr"/>
<opset="circ_table_arctan_128_V56_addr/2 "/>
</bind>
</comp>

<comp id="95" class="1004" name="grp_access_fu_95">
<pin_list>
<pin id="96" dir="0" index="0" bw="7" slack="0"/>
<pin id="97" dir="0" index="1" bw="126" slack="2147483647"/>
<pin id="98" dir="0" index="2" bw="0" slack="2147483647"/>
<pin id="99" dir="1" index="3" bw="126" slack="0"/>
</pin_list>
<bind>
<opcode="load(27) " fcode="load"/>
<opset="circ_table_arctan_128_V56_load/2 "/>
</bind>
</comp>

<comp id="101" class="1005" name="n_reg_101">
<pin_list>
<pin id="102" dir="0" index="0" bw="5" slack="1"/>
<pin id="103" dir="1" index="1" bw="5" slack="1"/>
</pin_list>
<bind>
<opset="n (phireg) "/>
</bind>
</comp>

<comp id="105" class="1004" name="n_phi_fu_105">
<pin_list>
<pin id="106" dir="0" index="0" bw="5" slack="0"/>
<pin id="107" dir="0" index="1" bw="0" slack="2147483647"/>
<pin id="108" dir="0" index="2" bw="1" slack="1"/>
<pin id="109" dir="0" index="3" bw="0" slack="2147483647"/>
<pin id="110" dir="1" index="4" bw="5" slack="0"/>
</pin_list>
<bind>
<opcode="phi(47) " fcode="phi"/>
<opset="n/2 "/>
</bind>
</comp>

<comp id="112" class="1005" name="empty_reg_112">
<pin_list>
<pin id="113" dir="0" index="0" bw="27" slack="1"/>
<pin id="114" dir="1" index="1" bw="27" slack="1"/>
</pin_list>
<bind>
<opset="empty (phireg) "/>
</bind>
</comp>

<comp id="116" class="1004" name="empty_phi_fu_116">
<pin_list>
<pin id="117" dir="0" index="0" bw="27" slack="1"/>
<pin id="118" dir="0" index="1" bw="0" slack="2147483647"/>
<pin id="119" dir="0" index="2" bw="1" slack="1"/>
<pin id="120" dir="0" index="3" bw="0" slack="2147483647"/>
<pin id="121" dir="1" index="4" bw="27" slack="1"/>
</pin_list>
<bind>
<opcode="phi(47) " fcode="phi"/>
<opset="empty/2 "/>
</bind>
</comp>

<comp id="124" class="1005" name="empty_112_reg_124">
<pin_list>
<pin id="125" dir="0" index="0" bw="27" slack="2147483647"/>
<pin id="126" dir="1" index="1" bw="27" slack="2147483647"/>
</pin_list>
<bind>
<opset="empty_112 (phireg) "/>
</bind>
</comp>

<comp id="127" class="1004" name="empty_112_phi_fu_127">
<pin_list>
<pin id="128" dir="0" index="0" bw="27" slack="0"/>
<pin id="129" dir="0" index="1" bw="0" slack="2147483647"/>
<pin id="130" dir="0" index="2" bw="26" slack="1"/>
<pin id="131" dir="0" index="3" bw="0" slack="2147483647"/>
<pin id="132" dir="1" index="4" bw="27" slack="0"/>
</pin_list>
<bind>
<opcode="phi(47) " fcode="phi"/>
<opset="empty_112/2 "/>
</bind>
</comp>

<comp id="133" class="1005" name="p_Val2_7_reg_133">
<pin_list>
<pin id="134" dir="0" index="0" bw="27" slack="2147483647"/>
<pin id="135" dir="1" index="1" bw="27" slack="2147483647"/>
</pin_list>
<bind>
<opset="p_Val2_7 (phireg) "/>
</bind>
</comp>

<comp id="136" class="1004" name="p_Val2_7_phi_fu_136">
<pin_list>
<pin id="137" dir="0" index="0" bw="27" slack="0"/>
<pin id="138" dir="0" index="1" bw="0" slack="2147483647"/>
<pin id="139" dir="0" index="2" bw="26" slack="1"/>
<pin id="140" dir="0" index="3" bw="0" slack="2147483647"/>
<pin id="141" dir="1" index="4" bw="27" slack="0"/>
</pin_list>
<bind>
<opcode="phi(47) " fcode="phi"/>
<opset="p_Val2_7/2 "/>
</bind>
</comp>

<comp id="142" class="1005" name="agg_result_0_reg_142">
<pin_list>
<pin id="143" dir="0" index="0" bw="20" slack="2"/>
<pin id="144" dir="1" index="1" bw="20" slack="2"/>
</pin_list>
<bind>
<opset="agg_result_0 (phireg) "/>
</bind>
</comp>

<comp id="150" class="1004" name="agg_result_0_phi_fu_150">
<pin_list>
<pin id="151" dir="0" index="0" bw="20" slack="0"/>
<pin id="152" dir="0" index="1" bw="0" slack="2147483647"/>
<pin id="153" dir="0" index="2" bw="20" slack="0"/>
<pin id="154" dir="0" index="3" bw="0" slack="2147483647"/>
<pin id="155" dir="0" index="4" bw="20" slack="0"/>
<pin id="156" dir="0" index="5" bw="0" slack="2147483647"/>
<pin id="157" dir="0" index="6" bw="20" slack="0"/>
<pin id="158" dir="0" index="7" bw="0" slack="2147483647"/>
<pin id="159" dir="0" index="8" bw="20" slack="1"/>
<pin id="160" dir="0" index="9" bw="0" slack="2147483647"/>
<pin id="161" dir="0" index="10" bw="1" slack="2"/>
<pin id="162" dir="0" index="11" bw="0" slack="2147483647"/>
<pin id="163" dir="0" index="12" bw="20" slack="2"/>
<pin id="164" dir="0" index="13" bw="0" slack="2147483647"/>
<pin id="165" dir="0" index="14" bw="19" slack="2"/>
<pin id="166" dir="0" index="15" bw="0" slack="2147483647"/>
<pin id="167" dir="0" index="16" bw="19" slack="2"/>
<pin id="168" dir="0" index="17" bw="0" slack="2147483647"/>
<pin id="169" dir="0" index="18" bw="18" slack="2"/>
<pin id="170" dir="0" index="19" bw="0" slack="2147483647"/>
<pin id="171" dir="1" index="20" bw="20" slack="2147483647"/>
</pin_list>
<bind>
<opcode="phi(47) " fcode="phi"/>
<opset="agg_result_0/4 "/>
</bind>
</comp>

<comp id="177" class="1004" name="icmp_ln1494_fu_177">
<pin_list>
<pin id="178" dir="0" index="0" bw="20" slack="0"/>
<pin id="179" dir="0" index="1" bw="20" slack="0"/>
<pin id="180" dir="1" index="2" bw="1" slack="0"/>
</pin_list>
<bind>
<opcode="icmp(45) " fcode="icmp"/>
<opset="icmp_ln1494/1 "/>
</bind>
</comp>

<comp id="183" class="1004" name="icmp_ln1498_fu_183">
<pin_list>
<pin id="184" dir="0" index="0" bw="20" slack="0"/>
<pin id="185" dir="0" index="1" bw="20" slack="0"/>
<pin id="186" dir="1" index="2" bw="1" slack="0"/>
</pin_list>
<bind>
<opcode="icmp(45) " fcode="icmp"/>
<opset="icmp_ln1498/1 "/>
</bind>
</comp>

<comp id="189" class="1004" name="zext_ln601_fu_189">
<pin_list>
<pin id="190" dir="0" index="0" bw="1" slack="0"/>
<pin id="191" dir="1" index="1" bw="2" slack="0"/>
</pin_list>
<bind>
<opcode="zext(34) " fcode="zext"/>
<opset="zext_ln601/1 "/>
</bind>
</comp>

<comp id="193" class="1004" name="signin1_fu_193">
<pin_list>
<pin id="194" dir="0" index="0" bw="1" slack="0"/>
<pin id="195" dir="0" index="1" bw="2" slack="0"/>
<pin id="196" dir="0" index="2" bw="2" slack="0"/>
<pin id="197" dir="1" index="3" bw="2" slack="0"/>
</pin_list>
<bind>
<opcode="select(49) " fcode="select"/>
<opset="signin1/1 "/>
</bind>
</comp>

<comp id="201" class="1004" name="icmp_ln1494_1_fu_201">
<pin_list>
<pin id="202" dir="0" index="0" bw="20" slack="0"/>
<pin id="203" dir="0" index="1" bw="20" slack="0"/>
<pin id="204" dir="1" index="2" bw="1" slack="0"/>
</pin_list>
<bind>
<opcode="icmp(45) " fcode="icmp"/>
<opset="icmp_ln1494_1/1 "/>
</bind>
</comp>

<comp id="207" class="1004" name="icmp_ln1498_1_fu_207">
<pin_list>
<pin id="208" dir="0" index="0" bw="20" slack="0"/>
<pin id="209" dir="0" index="1" bw="20" slack="0"/>
<pin id="210" dir="1" index="2" bw="1" slack="0"/>
</pin_list>
<bind>
<opcode="icmp(45) " fcode="icmp"/>
<opset="icmp_ln1498_1/1 "/>
</bind>
</comp>

<comp id="213" class="1004" name="zext_ln602_fu_213">
<pin_list>
<pin id="214" dir="0" index="0" bw="1" slack="0"/>
<pin id="215" dir="1" index="1" bw="2" slack="0"/>
</pin_list>
<bind>
<opcode="zext(34) " fcode="zext"/>
<opset="zext_ln602/1 "/>
</bind>
</comp>

<comp id="217" class="1004" name="signin2_fu_217">
<pin_list>
<pin id="218" dir="0" index="0" bw="1" slack="0"/>
<pin id="219" dir="0" index="1" bw="2" slack="0"/>
<pin id="220" dir="0" index="2" bw="2" slack="0"/>
<pin id="221" dir="1" index="3" bw="2" slack="0"/>
</pin_list>
<bind>
<opcode="select(49) " fcode="select"/>
<opset="signin2/1 "/>
</bind>
</comp>

<comp id="225" class="1004" name="icmp_ln870_fu_225">
<pin_list>
<pin id="226" dir="0" index="0" bw="2" slack="0"/>
<pin id="227" dir="0" index="1" bw="2" slack="0"/>
<pin id="228" dir="1" index="2" bw="1" slack="0"/>
</pin_list>
<bind>
<opcode="icmp(45) " fcode="icmp"/>
<opset="icmp_ln870/1 "/>
</bind>
</comp>

<comp id="231" class="1004" name="and_ln608_fu_231">
<pin_list>
<pin id="232" dir="0" index="0" bw="1" slack="0"/>
<pin id="233" dir="0" index="1" bw="1" slack="0"/>
<pin id="234" dir="1" index="2" bw="1" slack="1"/>
</pin_list>
<bind>
<opcode="and(23) " fcode="and"/>
<opset="and_ln608/1 "/>
</bind>
</comp>

<comp id="237" class="1004" name="icmp_ln870_4_fu_237">
<pin_list>
<pin id="238" dir="0" index="0" bw="2" slack="0"/>
<pin id="239" dir="0" index="1" bw="2" slack="0"/>
<pin id="240" dir="1" index="2" bw="1" slack="0"/>
</pin_list>
<bind>
<opcode="icmp(45) " fcode="icmp"/>
<opset="icmp_ln870_4/1 "/>
</bind>
</comp>

<comp id="243" class="1004" name="and_ln612_fu_243">
<pin_list>
<pin id="244" dir="0" index="0" bw="1" slack="0"/>
<pin id="245" dir="0" index="1" bw="1" slack="0"/>
<pin id="246" dir="1" index="2" bw="1" slack="1"/>
</pin_list>
<bind>
<opcode="and(23) " fcode="and"/>
<opset="and_ln612/1 "/>
</bind>
</comp>

<comp id="249" class="1004" name="icmp_ln870_5_fu_249">
<pin_list>
<pin id="250" dir="0" index="0" bw="2" slack="0"/>
<pin id="251" dir="0" index="1" bw="2" slack="0"/>
<pin id="252" dir="1" index="2" bw="1" slack="0"/>
</pin_list>
<bind>
<opcode="icmp(45) " fcode="icmp"/>
<opset="icmp_ln870_5/1 "/>
</bind>
</comp>

<comp id="255" class="1004" name="and_ln616_fu_255">
<pin_list>
<pin id="256" dir="0" index="0" bw="1" slack="0"/>
<pin id="257" dir="0" index="1" bw="1" slack="0"/>
<pin id="258" dir="1" index="2" bw="1" slack="1"/>
</pin_list>
<bind>
<opcode="and(23) " fcode="and"/>
<opset="and_ln616/1 "/>
</bind>
</comp>

<comp id="261" class="1004" name="icmp_ln870_6_fu_261">
<pin_list>
<pin id="262" dir="0" index="0" bw="2" slack="0"/>
<pin id="263" dir="0" index="1" bw="2" slack="0"/>
<pin id="264" dir="1" index="2" bw="1" slack="0"/>
</pin_list>
<bind>
<opcode="icmp(45) " fcode="icmp"/>
<opset="icmp_ln870_6/1 "/>
</bind>
</comp>

<comp id="267" class="1004" name="and_ln620_fu_267">
<pin_list>
<pin id="268" dir="0" index="0" bw="1" slack="0"/>
<pin id="269" dir="0" index="1" bw="1" slack="0"/>
<pin id="270" dir="1" index="2" bw="1" slack="1"/>
</pin_list>
<bind>
<opcode="and(23) " fcode="and"/>
<opset="and_ln620/1 "/>
</bind>
</comp>

<comp id="273" class="1004" name="icmp_ln1498_2_fu_273">
<pin_list>
<pin id="274" dir="0" index="0" bw="20" slack="0"/>
<pin id="275" dir="0" index="1" bw="20" slack="0"/>
<pin id="276" dir="1" index="2" bw="1" slack="1"/>
</pin_list>
<bind>
<opcode="icmp(45) " fcode="icmp"/>
<opset="icmp_ln1498_2/1 "/>
</bind>
</comp>

<comp id="279" class="1004" name="sext_ln703_fu_279">
<pin_list>
<pin id="280" dir="0" index="0" bw="20" slack="0"/>
<pin id="281" dir="1" index="1" bw="21" slack="0"/>
</pin_list>
<bind>
<opcode="sext(35) " fcode="sext"/>
<opset="sext_ln703/1 "/>
</bind>
</comp>

<comp id="283" class="1004" name="r_V_fu_283">
<pin_list>
<pin id="284" dir="0" index="0" bw="1" slack="0"/>
<pin id="285" dir="0" index="1" bw="20" slack="0"/>
<pin id="286" dir="1" index="2" bw="21" slack="0"/>
</pin_list>
<bind>
<opcode="sub(10) " fcode="sub"/>
<opset="r_V/1 "/>
</bind>
</comp>

<comp id="289" class="1004" name="in1abs_V_fu_289">
<pin_list>
<pin id="290" dir="0" index="0" bw="1" slack="0"/>
<pin id="291" dir="0" index="1" bw="21" slack="0"/>
<pin id="292" dir="0" index="2" bw="21" slack="0"/>
<pin id="293" dir="1" index="3" bw="21" slack="0"/>
</pin_list>
<bind>
<opcode="select(49) " fcode="select"/>
<opset="in1abs_V/1 "/>
</bind>
</comp>

<comp id="297" class="1004" name="sext_ln703_1_fu_297">
<pin_list>
<pin id="298" dir="0" index="0" bw="20" slack="0"/>
<pin id="299" dir="1" index="1" bw="21" slack="0"/>
</pin_list>
<bind>
<opcode="sext(35) " fcode="sext"/>
<opset="sext_ln703_1/1 "/>
</bind>
</comp>

<comp id="301" class="1004" name="r_V_10_fu_301">
<pin_list>
<pin id="302" dir="0" index="0" bw="1" slack="0"/>
<pin id="303" dir="0" index="1" bw="20" slack="0"/>
<pin id="304" dir="1" index="2" bw="21" slack="0"/>
</pin_list>
<bind>
<opcode="sub(10) " fcode="sub"/>
<opset="r_V_10/1 "/>
</bind>
</comp>

<comp id="307" class="1004" name="in2abs_V_fu_307">
<pin_list>
<pin id="308" dir="0" index="0" bw="1" slack="0"/>
<pin id="309" dir="0" index="1" bw="21" slack="0"/>
<pin id="310" dir="0" index="2" bw="21" slack="0"/>
<pin id="311" dir="1" index="3" bw="21" slack="0"/>
</pin_list>
<bind>
<opcode="select(49) " fcode="select"/>
<opset="in2abs_V/1 "/>
</bind>
</comp>

<comp id="315" class="1004" name="icmp_ln1494_2_fu_315">
<pin_list>
<pin id="316" dir="0" index="0" bw="21" slack="0"/>
<pin id="317" dir="0" index="1" bw="21" slack="0"/>
<pin id="318" dir="1" index="2" bw="1" slack="0"/>
</pin_list>
<bind>
<opcode="icmp(45) " fcode="icmp"/>
<opset="icmp_ln1494_2/1 "/>
</bind>
</comp>

<comp id="321" class="1004" name="shl_ln_fu_321">
<pin_list>
<pin id="322" dir="0" index="0" bw="26" slack="0"/>
<pin id="323" dir="0" index="1" bw="21" slack="0"/>
<pin id="324" dir="0" index="2" bw="1" slack="0"/>
<pin id="325" dir="1" index="3" bw="26" slack="0"/>
</pin_list>
<bind>
<opcode="bitconcatenate(1004) " fcode="bitconcatenate"/>
<opset="shl_ln/1 "/>
</bind>
</comp>

<comp id="329" class="1004" name="shl_ln728_1_fu_329">
<pin_list>
<pin id="330" dir="0" index="0" bw="26" slack="0"/>
<pin id="331" dir="0" index="1" bw="21" slack="0"/>
<pin id="332" dir="0" index="2" bw="1" slack="0"/>
<pin id="333" dir="1" index="3" bw="26" slack="0"/>
</pin_list>
<bind>
<opcode="bitconcatenate(1004) " fcode="bitconcatenate"/>
<opset="shl_ln728_1/1 "/>
</bind>
</comp>

<comp id="337" class="1004" name="y_V_fu_337">
<pin_list>
<pin id="338" dir="0" index="0" bw="1" slack="0"/>
<pin id="339" dir="0" index="1" bw="26" slack="0"/>
<pin id="340" dir="0" index="2" bw="26" slack="0"/>
<pin id="341" dir="1" index="3" bw="26" slack="0"/>
</pin_list>
<bind>
<opcode="select(49) " fcode="select"/>
<opset="y_V/1 "/>
</bind>
</comp>

<comp id="345" class="1004" name="sext_ln669_fu_345">
<pin_list>
<pin id="346" dir="0" index="0" bw="26" slack="0"/>
<pin id="347" dir="1" index="1" bw="27" slack="1"/>
</pin_list>
<bind>
<opcode="sext(35) " fcode="sext"/>
<opset="sext_ln669/1 "/>
</bind>
</comp>

<comp id="349" class="1004" name="x_V_fu_349">
<pin_list>
<pin id="350" dir="0" index="0" bw="1" slack="0"/>
<pin id="351" dir="0" index="1" bw="26" slack="0"/>
<pin id="352" dir="0" index="2" bw="26" slack="0"/>
<pin id="353" dir="1" index="3" bw="26" slack="0"/>
</pin_list>
<bind>
<opcode="select(49) " fcode="select"/>
<opset="x_V/1 "/>
</bind>
</comp>

<comp id="357" class="1004" name="sext_ln664_fu_357">
<pin_list>
<pin id="358" dir="0" index="0" bw="26" slack="0"/>
<pin id="359" dir="1" index="1" bw="27" slack="1"/>
</pin_list>
<bind>
<opcode="sext(35) " fcode="sext"/>
<opset="sext_ln664/1 "/>
</bind>
</comp>

<comp id="361" class="1004" name="add_ln87_fu_361">
<pin_list>
<pin id="362" dir="0" index="0" bw="5" slack="0"/>
<pin id="363" dir="0" index="1" bw="1" slack="0"/>
<pin id="364" dir="1" index="2" bw="5" slack="0"/>
</pin_list>
<bind>
<opcode="add(8) " fcode="add"/>
<opset="add_ln87/2 "/>
</bind>
</comp>

<comp id="367" class="1004" name="icmp_ln87_fu_367">
<pin_list>
<pin id="368" dir="0" index="0" bw="5" slack="0"/>
<pin id="369" dir="0" index="1" bw="5" slack="0"/>
<pin id="370" dir="1" index="2" bw="1" slack="1"/>
</pin_list>
<bind>
<opcode="icmp(45) " fcode="icmp"/>
<opset="icmp_ln87/2 "/>
</bind>
</comp>

<comp id="373" class="1004" name="zext_ln87_fu_373">
<pin_list>
<pin id="374" dir="0" index="0" bw="5" slack="0"/>
<pin id="375" dir="1" index="1" bw="64" slack="0"/>
</pin_list>
<bind>
<opcode="zext(34) " fcode="zext"/>
<opset="zext_ln87/2 "/>
</bind>
</comp>

<comp id="378" class="1004" name="tmp_51_fu_378">
<pin_list>
<pin id="379" dir="0" index="0" bw="1" slack="0"/>
<pin id="380" dir="0" index="1" bw="27" slack="0"/>
<pin id="381" dir="0" index="2" bw="6" slack="0"/>
<pin id="382" dir="1" index="3" bw="1" slack="0"/>
</pin_list>
<bind>
<opcode="bitselect(1000) " fcode="bitselect"/>
<opset="tmp_51/2 "/>
</bind>
</comp>

<comp id="386" class="1004" name="zext_ln1333_fu_386">
<pin_list>
<pin id="387" dir="0" index="0" bw="5" slack="0"/>
<pin id="388" dir="1" index="1" bw="27" slack="0"/>
</pin_list>
<bind>
<opcode="zext(34) " fcode="zext"/>
<opset="zext_ln1333/2 "/>
</bind>
</comp>

<comp id="390" class="1004" name="r_V_11_fu_390">
<pin_list>
<pin id="391" dir="0" index="0" bw="27" slack="0"/>
<pin id="392" dir="0" index="1" bw="5" slack="0"/>
<pin id="393" dir="1" index="2" bw="27" slack="0"/>
</pin_list>
<bind>
<opcode="ashr(22) " fcode="ashr"/>
<opset="r_V_11/2 "/>
</bind>
</comp>

<comp id="396" class="1004" name="r_V_12_fu_396">
<pin_list>
<pin id="397" dir="0" index="0" bw="27" slack="0"/>
<pin id="398" dir="0" index="1" bw="5" slack="0"/>
<pin id="399" dir="1" index="2" bw="27" slack="0"/>
</pin_list>
<bind>
<opcode="ashr(22) " fcode="ashr"/>
<opset="r_V_12/2 "/>
</bind>
</comp>

<comp id="402" class="1004" name="add_ln703_fu_402">
<pin_list>
<pin id="403" dir="0" index="0" bw="27" slack="0"/>
<pin id="404" dir="0" index="1" bw="27" slack="0"/>
<pin id="405" dir="1" index="2" bw="27" slack="0"/>
</pin_list>
<bind>
<opcode="add(8) " fcode="add"/>
<opset="add_ln703/2 "/>
</bind>
</comp>

<comp id="408" class="1004" name="sub_ln703_fu_408">
<pin_list>
<pin id="409" dir="0" index="0" bw="27" slack="0"/>
<pin id="410" dir="0" index="1" bw="27" slack="0"/>
<pin id="411" dir="1" index="2" bw="27" slack="0"/>
</pin_list>
<bind>
<opcode="sub(10) " fcode="sub"/>
<opset="sub_ln703/2 "/>
</bind>
</comp>

<comp id="414" class="1004" name="sub_ln703_3_fu_414">
<pin_list>
<pin id="415" dir="0" index="0" bw="27" slack="0"/>
<pin id="416" dir="0" index="1" bw="27" slack="0"/>
<pin id="417" dir="1" index="2" bw="27" slack="0"/>
</pin_list>
<bind>
<opcode="sub(10) " fcode="sub"/>
<opset="sub_ln703_3/2 "/>
</bind>
</comp>

<comp id="420" class="1004" name="add_ln703_2_fu_420">
<pin_list>
<pin id="421" dir="0" index="0" bw="27" slack="0"/>
<pin id="422" dir="0" index="1" bw="27" slack="0"/>
<pin id="423" dir="1" index="2" bw="27" slack="0"/>
</pin_list>
<bind>
<opcode="add(8) " fcode="add"/>
<opset="add_ln703_2/2 "/>
</bind>
</comp>

<comp id="426" class="1004" name="ty_fu_426">
<pin_list>
<pin id="427" dir="0" index="0" bw="1" slack="0"/>
<pin id="428" dir="0" index="1" bw="27" slack="0"/>
<pin id="429" dir="0" index="2" bw="27" slack="0"/>
<pin id="430" dir="1" index="3" bw="27" slack="0"/>
</pin_list>
<bind>
<opcode="select(49) " fcode="select"/>
<opset="ty/2 "/>
</bind>
</comp>

<comp id="434" class="1004" name="tx_fu_434">
<pin_list>
<pin id="435" dir="0" index="0" bw="1" slack="0"/>
<pin id="436" dir="0" index="1" bw="27" slack="0"/>
<pin id="437" dir="0" index="2" bw="27" slack="0"/>
<pin id="438" dir="1" index="3" bw="27" slack="0"/>
</pin_list>
<bind>
<opcode="select(49) " fcode="select"/>
<opset="tx/2 "/>
</bind>
</comp>

<comp id="442" class="1004" name="tmp_fu_442">
<pin_list>
<pin id="443" dir="0" index="0" bw="24" slack="0"/>
<pin id="444" dir="0" index="1" bw="126" slack="0"/>
<pin id="445" dir="0" index="2" bw="8" slack="0"/>
<pin id="446" dir="0" index="3" bw="8" slack="0"/>
<pin id="447" dir="1" index="4" bw="24" slack="0"/>
</pin_list>
<bind>
<opcode="partselect(1002) " fcode="partselect"/>
<opset="tmp/3 "/>
</bind>
</comp>

<comp id="452" class="1004" name="zext_ln708_fu_452">
<pin_list>
<pin id="453" dir="0" index="0" bw="24" slack="0"/>
<pin id="454" dir="1" index="1" bw="27" slack="0"/>
</pin_list>
<bind>
<opcode="zext(34) " fcode="zext"/>
<opset="zext_ln708/3 "/>
</bind>
</comp>

<comp id="456" class="1004" name="add_ln703_1_fu_456">
<pin_list>
<pin id="457" dir="0" index="0" bw="24" slack="0"/>
<pin id="458" dir="0" index="1" bw="27" slack="1"/>
<pin id="459" dir="1" index="2" bw="27" slack="0"/>
</pin_list>
<bind>
<opcode="add(8) " fcode="add"/>
<opset="add_ln703_1/3 "/>
</bind>
</comp>

<comp id="462" class="1004" name="sub_ln703_4_fu_462">
<pin_list>
<pin id="463" dir="0" index="0" bw="27" slack="1"/>
<pin id="464" dir="0" index="1" bw="24" slack="0"/>
<pin id="465" dir="1" index="2" bw="27" slack="0"/>
</pin_list>
<bind>
<opcode="sub(10) " fcode="sub"/>
<opset="sub_ln703_4/3 "/>
</bind>
</comp>

<comp id="468" class="1004" name="tz_fu_468">
<pin_list>
<pin id="469" dir="0" index="0" bw="1" slack="1"/>
<pin id="470" dir="0" index="1" bw="27" slack="0"/>
<pin id="471" dir="0" index="2" bw="27" slack="0"/>
<pin id="472" dir="1" index="3" bw="27" slack="1"/>
</pin_list>
<bind>
<opcode="select(49) " fcode="select"/>
<opset="tz/3 "/>
</bind>
</comp>

<comp id="475" class="1004" name="z_V_1_fu_475">
<pin_list>
<pin id="476" dir="0" index="0" bw="26" slack="0"/>
<pin id="477" dir="0" index="1" bw="27" slack="1"/>
<pin id="478" dir="1" index="2" bw="27" slack="0"/>
</pin_list>
<bind>
<opcode="sub(10) " fcode="sub"/>
<opset="z_V_1/4 "/>
</bind>
</comp>

<comp id="481" class="1004" name="z_V_2_fu_481">
<pin_list>
<pin id="482" dir="0" index="0" bw="1" slack="2"/>
<pin id="483" dir="0" index="1" bw="27" slack="0"/>
<pin id="484" dir="0" index="2" bw="27" slack="1"/>
<pin id="485" dir="1" index="3" bw="27" slack="0"/>
</pin_list>
<bind>
<opcode="select(49) " fcode="select"/>
<opset="z_V_2/4 "/>
</bind>
</comp>

<comp id="488" class="1004" name="and_ln681_fu_488">
<pin_list>
<pin id="489" dir="0" index="0" bw="1" slack="2"/>
<pin id="490" dir="0" index="1" bw="1" slack="2"/>
<pin id="491" dir="1" index="2" bw="1" slack="2147483647"/>
</pin_list>
<bind>
<opcode="and(23) " fcode="and"/>
<opset="and_ln681/4 "/>
</bind>
</comp>

<comp id="492" class="1004" name="or_ln684_fu_492">
<pin_list>
<pin id="493" dir="0" index="0" bw="2" slack="2"/>
<pin id="494" dir="0" index="1" bw="2" slack="2"/>
<pin id="495" dir="1" index="2" bw="2" slack="0"/>
</pin_list>
<bind>
<opcode="or(24) " fcode="or"/>
<opset="or_ln684/4 "/>
</bind>
</comp>

<comp id="496" class="1004" name="icmp_ln684_fu_496">
<pin_list>
<pin id="497" dir="0" index="0" bw="2" slack="0"/>
<pin id="498" dir="0" index="1" bw="2" slack="0"/>
<pin id="499" dir="1" index="2" bw="1" slack="2147483647"/>
</pin_list>
<bind>
<opcode="icmp(45) " fcode="icmp"/>
<opset="icmp_ln684/4 "/>
</bind>
</comp>

<comp id="502" class="1004" name="and_ln687_fu_502">
<pin_list>
<pin id="503" dir="0" index="0" bw="1" slack="2"/>
<pin id="504" dir="0" index="1" bw="1" slack="2"/>
<pin id="505" dir="1" index="2" bw="1" slack="2147483647"/>
</pin_list>
<bind>
<opcode="and(23) " fcode="and"/>
<opset="and_ln687/4 "/>
</bind>
</comp>

<comp id="506" class="1004" name="out_V_3_fu_506">
<pin_list>
<pin id="507" dir="0" index="0" bw="20" slack="0"/>
<pin id="508" dir="0" index="1" bw="27" slack="0"/>
<pin id="509" dir="0" index="2" bw="4" slack="0"/>
<pin id="510" dir="0" index="3" bw="6" slack="0"/>
<pin id="511" dir="1" index="4" bw="20" slack="0"/>
</pin_list>
<bind>
<opcode="partselect(1002) " fcode="partselect"/>
<opset="out_V_3/4 "/>
</bind>
</comp>

<comp id="517" class="1004" name="r_fu_517">
<pin_list>
<pin id="518" dir="0" index="0" bw="1" slack="0"/>
<pin id="519" dir="0" index="1" bw="27" slack="0"/>
<pin id="520" dir="1" index="2" bw="27" slack="0"/>
</pin_list>
<bind>
<opcode="sub(10) " fcode="sub"/>
<opset="r/4 "/>
</bind>
</comp>

<comp id="523" class="1004" name="out_V_2_fu_523">
<pin_list>
<pin id="524" dir="0" index="0" bw="20" slack="0"/>
<pin id="525" dir="0" index="1" bw="27" slack="0"/>
<pin id="526" dir="0" index="2" bw="4" slack="0"/>
<pin id="527" dir="0" index="3" bw="6" slack="0"/>
<pin id="528" dir="1" index="4" bw="20" slack="0"/>
</pin_list>
<bind>
<opcode="partselect(1002) " fcode="partselect"/>
<opset="out_V_2/4 "/>
</bind>
</comp>

<comp id="534" class="1004" name="ret_V_20_fu_534">
<pin_list>
<pin id="535" dir="0" index="0" bw="27" slack="0"/>
<pin id="536" dir="0" index="1" bw="27" slack="0"/>
<pin id="537" dir="1" index="2" bw="27" slack="0"/>
</pin_list>
<bind>
<opcode="add(8) " fcode="add"/>
<opset="ret_V_20/4 "/>
</bind>
</comp>

<comp id="540" class="1004" name="out_V_1_fu_540">
<pin_list>
<pin id="541" dir="0" index="0" bw="20" slack="0"/>
<pin id="542" dir="0" index="1" bw="27" slack="0"/>
<pin id="543" dir="0" index="2" bw="4" slack="0"/>
<pin id="544" dir="0" index="3" bw="6" slack="0"/>
<pin id="545" dir="1" index="4" bw="20" slack="0"/>
</pin_list>
<bind>
<opcode="partselect(1002) " fcode="partselect"/>
<opset="out_V_1/4 "/>
</bind>
</comp>

<comp id="551" class="1004" name="ret_V_fu_551">
<pin_list>
<pin id="552" dir="0" index="0" bw="27" slack="0"/>
<pin id="553" dir="0" index="1" bw="27" slack="0"/>
<pin id="554" dir="1" index="2" bw="27" slack="0"/>
</pin_list>
<bind>
<opcode="sub(10) " fcode="sub"/>
<opset="ret_V/4 "/>
</bind>
</comp>

<comp id="557" class="1004" name="out_V_fu_557">
<pin_list>
<pin id="558" dir="0" index="0" bw="20" slack="0"/>
<pin id="559" dir="0" index="1" bw="27" slack="0"/>
<pin id="560" dir="0" index="2" bw="4" slack="0"/>
<pin id="561" dir="0" index="3" bw="6" slack="0"/>
<pin id="562" dir="1" index="4" bw="20" slack="0"/>
</pin_list>
<bind>
<opcode="partselect(1002) " fcode="partselect"/>
<opset="out_V/4 "/>
</bind>
</comp>

<comp id="568" class="1004" name="select_ln631_fu_568">
<pin_list>
<pin id="569" dir="0" index="0" bw="1" slack="1"/>
<pin id="570" dir="0" index="1" bw="20" slack="0"/>
<pin id="571" dir="0" index="2" bw="20" slack="0"/>
<pin id="572" dir="1" index="3" bw="20" slack="1"/>
</pin_list>
<bind>
<opcode="select(49) " fcode="select"/>
<opset="select_ln631/5 "/>
</bind>
</comp>

<comp id="575" class="1005" name="icmp_ln1494_reg_575">
<pin_list>
<pin id="576" dir="0" index="0" bw="1" slack="2"/>
<pin id="577" dir="1" index="1" bw="1" slack="2"/>
</pin_list>
<bind>
<opset="icmp_ln1494 "/>
</bind>
</comp>

<comp id="580" class="1005" name="signin1_reg_580">
<pin_list>
<pin id="581" dir="0" index="0" bw="2" slack="2"/>
<pin id="582" dir="1" index="1" bw="2" slack="2"/>
</pin_list>
<bind>
<opset="signin1 "/>
</bind>
</comp>

<comp id="585" class="1005" name="icmp_ln1494_1_reg_585">
<pin_list>
<pin id="586" dir="0" index="0" bw="1" slack="2"/>
<pin id="587" dir="1" index="1" bw="1" slack="2"/>
</pin_list>
<bind>
<opset="icmp_ln1494_1 "/>
</bind>
</comp>

<comp id="590" class="1005" name="signin2_reg_590">
<pin_list>
<pin id="591" dir="0" index="0" bw="2" slack="2"/>
<pin id="592" dir="1" index="1" bw="2" slack="2"/>
</pin_list>
<bind>
<opset="signin2 "/>
</bind>
</comp>

<comp id="595" class="1005" name="icmp_ln870_reg_595">
<pin_list>
<pin id="596" dir="0" index="0" bw="1" slack="1"/>
<pin id="597" dir="1" index="1" bw="1" slack="1"/>
</pin_list>
<bind>
<opset="icmp_ln870 "/>
</bind>
</comp>

<comp id="600" class="1005" name="and_ln608_reg_600">
<pin_list>
<pin id="601" dir="0" index="0" bw="1" slack="1"/>
<pin id="602" dir="1" index="1" bw="1" slack="2147483647"/>
</pin_list>
<bind>
<opset="and_ln608 "/>
</bind>
</comp>

<comp id="604" class="1005" name="icmp_ln870_4_reg_604">
<pin_list>
<pin id="605" dir="0" index="0" bw="1" slack="2"/>
<pin id="606" dir="1" index="1" bw="1" slack="2"/>
</pin_list>
<bind>
<opset="icmp_ln870_4 "/>
</bind>
</comp>

<comp id="609" class="1005" name="and_ln612_reg_609">
<pin_list>
<pin id="610" dir="0" index="0" bw="1" slack="1"/>
<pin id="611" dir="1" index="1" bw="1" slack="2147483647"/>
</pin_list>
<bind>
<opset="and_ln612 "/>
</bind>
</comp>

<comp id="613" class="1005" name="and_ln616_reg_613">
<pin_list>
<pin id="614" dir="0" index="0" bw="1" slack="1"/>
<pin id="615" dir="1" index="1" bw="1" slack="2147483647"/>
</pin_list>
<bind>
<opset="and_ln616 "/>
</bind>
</comp>

<comp id="617" class="1005" name="icmp_ln870_6_reg_617">
<pin_list>
<pin id="618" dir="0" index="0" bw="1" slack="2"/>
<pin id="619" dir="1" index="1" bw="1" slack="2"/>
</pin_list>
<bind>
<opset="icmp_ln870_6 "/>
</bind>
</comp>

<comp id="622" class="1005" name="and_ln620_reg_622">
<pin_list>
<pin id="623" dir="0" index="0" bw="1" slack="1"/>
<pin id="624" dir="1" index="1" bw="1" slack="2147483647"/>
</pin_list>
<bind>
<opset="and_ln620 "/>
</bind>
</comp>

<comp id="626" class="1005" name="icmp_ln1498_2_reg_626">
<pin_list>
<pin id="627" dir="0" index="0" bw="1" slack="1"/>
<pin id="628" dir="1" index="1" bw="1" slack="2147483647"/>
</pin_list>
<bind>
<opset="icmp_ln1498_2 "/>
</bind>
</comp>

<comp id="630" class="1005" name="icmp_ln1494_2_reg_630">
<pin_list>
<pin id="631" dir="0" index="0" bw="1" slack="2"/>
<pin id="632" dir="1" index="1" bw="1" slack="2"/>
</pin_list>
<bind>
<opset="icmp_ln1494_2 "/>
</bind>
</comp>

<comp id="635" class="1005" name="sext_ln669_reg_635">
<pin_list>
<pin id="636" dir="0" index="0" bw="27" slack="1"/>
<pin id="637" dir="1" index="1" bw="27" slack="1"/>
</pin_list>
<bind>
<opset="sext_ln669 "/>
</bind>
</comp>

<comp id="640" class="1005" name="sext_ln664_reg_640">
<pin_list>
<pin id="641" dir="0" index="0" bw="27" slack="1"/>
<pin id="642" dir="1" index="1" bw="27" slack="1"/>
</pin_list>
<bind>
<opset="sext_ln664 "/>
</bind>
</comp>

<comp id="645" class="1005" name="add_ln87_reg_645">
<pin_list>
<pin id="646" dir="0" index="0" bw="5" slack="0"/>
<pin id="647" dir="1" index="1" bw="5" slack="0"/>
</pin_list>
<bind>
<opset="add_ln87 "/>
</bind>
</comp>

<comp id="650" class="1005" name="icmp_ln87_reg_650">
<pin_list>
<pin id="651" dir="0" index="0" bw="1" slack="1"/>
<pin id="652" dir="1" index="1" bw="1" slack="2147483647"/>
</pin_list>
<bind>
<opset="icmp_ln87 "/>
</bind>
</comp>

<comp id="654" class="1005" name="tmp_51_reg_654">
<pin_list>
<pin id="655" dir="0" index="0" bw="1" slack="1"/>
<pin id="656" dir="1" index="1" bw="1" slack="1"/>
</pin_list>
<bind>
<opset="tmp_51 "/>
</bind>
</comp>

<comp id="659" class="1005" name="circ_table_arctan_128_V56_addr_reg_659">
<pin_list>
<pin id="660" dir="0" index="0" bw="7" slack="1"/>
<pin id="661" dir="1" index="1" bw="7" slack="1"/>
</pin_list>
<bind>
<opset="circ_table_arctan_128_V56_addr "/>
</bind>
</comp>

<comp id="664" class="1005" name="ty_reg_664">
<pin_list>
<pin id="665" dir="0" index="0" bw="27" slack="0"/>
<pin id="666" dir="1" index="1" bw="27" slack="0"/>
</pin_list>
<bind>
<opset="ty "/>
</bind>
</comp>

<comp id="669" class="1005" name="tx_reg_669">
<pin_list>
<pin id="670" dir="0" index="0" bw="27" slack="0"/>
<pin id="671" dir="1" index="1" bw="27" slack="0"/>
</pin_list>
<bind>
<opset="tx "/>
</bind>
</comp>

<comp id="674" class="1005" name="tz_reg_674">
<pin_list>
<pin id="675" dir="0" index="0" bw="27" slack="1"/>
<pin id="676" dir="1" index="1" bw="27" slack="1"/>
</pin_list>
<bind>
<opset="tz "/>
</bind>
</comp>

<comp id="688" class="1005" name="select_ln631_reg_688">
<pin_list>
<pin id="689" dir="0" index="0" bw="20" slack="1"/>
<pin id="690" dir="1" index="1" bw="20" slack="1"/>
</pin_list>
<bind>
<opset="select_ln631 "/>
</bind>
</comp>

</comp_list>

<net_list>
<net id="80"><net_src comp="6" pin="0"/><net_sink comp="76" pin=0"/></net>

<net id="81"><net_src comp="2" pin="0"/><net_sink comp="76" pin=1"/></net>

<net id="86"><net_src comp="6" pin="0"/><net_sink comp="82" pin=0"/></net>

<net id="87"><net_src comp="0" pin="0"/><net_sink comp="82" pin=1"/></net>

<net id="93"><net_src comp="4" pin="0"/><net_sink comp="88" pin=0"/></net>

<net id="94"><net_src comp="36" pin="0"/><net_sink comp="88" pin=1"/></net>

<net id="100"><net_src comp="88" pin="3"/><net_sink comp="95" pin=0"/></net>

<net id="104"><net_src comp="20" pin="0"/><net_sink comp="101" pin=0"/></net>

<net id="111"><net_src comp="101" pin="1"/><net_sink comp="105" pin=2"/></net>

<net id="115"><net_src comp="22" pin="0"/><net_sink comp="112" pin=0"/></net>

<net id="122"><net_src comp="112" pin="1"/><net_sink comp="116" pin=2"/></net>

<net id="123"><net_src comp="116" pin="4"/><net_sink comp="112" pin=0"/></net>

<net id="145"><net_src comp="8" pin="0"/><net_sink comp="142" pin=0"/></net>

<net id="146"><net_src comp="66" pin="0"/><net_sink comp="142" pin=0"/></net>

<net id="147"><net_src comp="68" pin="0"/><net_sink comp="142" pin=0"/></net>

<net id="148"><net_src comp="70" pin="0"/><net_sink comp="142" pin=0"/></net>

<net id="149"><net_src comp="72" pin="0"/><net_sink comp="142" pin=0"/></net>

<net id="172"><net_src comp="142" pin="1"/><net_sink comp="150" pin=10"/></net>

<net id="173"><net_src comp="142" pin="1"/><net_sink comp="150" pin=12"/></net>

<net id="174"><net_src comp="142" pin="1"/><net_sink comp="150" pin=14"/></net>

<net id="175"><net_src comp="142" pin="1"/><net_sink comp="150" pin=16"/></net>

<net id="176"><net_src comp="142" pin="1"/><net_sink comp="150" pin=18"/></net>

<net id="181"><net_src comp="82" pin="2"/><net_sink comp="177" pin=0"/></net>

<net id="182"><net_src comp="8" pin="0"/><net_sink comp="177" pin=1"/></net>

<net id="187"><net_src comp="82" pin="2"/><net_sink comp="183" pin=0"/></net>

<net id="188"><net_src comp="8" pin="0"/><net_sink comp="183" pin=1"/></net>

<net id="192"><net_src comp="183" pin="2"/><net_sink comp="189" pin=0"/></net>

<net id="198"><net_src comp="177" pin="2"/><net_sink comp="193" pin=0"/></net>

<net id="199"><net_src comp="10" pin="0"/><net_sink comp="193" pin=1"/></net>

<net id="200"><net_src comp="189" pin="1"/><net_sink comp="193" pin=2"/></net>

<net id="205"><net_src comp="76" pin="2"/><net_sink comp="201" pin=0"/></net>

<net id="206"><net_src comp="8" pin="0"/><net_sink comp="201" pin=1"/></net>

<net id="211"><net_src comp="76" pin="2"/><net_sink comp="207" pin=0"/></net>

<net id="212"><net_src comp="8" pin="0"/><net_sink comp="207" pin=1"/></net>

<net id="216"><net_src comp="207" pin="2"/><net_sink comp="213" pin=0"/></net>

<net id="222"><net_src comp="201" pin="2"/><net_sink comp="217" pin=0"/></net>

<net id="223"><net_src comp="10" pin="0"/><net_sink comp="217" pin=1"/></net>

<net id="224"><net_src comp="213" pin="1"/><net_sink comp="217" pin=2"/></net>

<net id="229"><net_src comp="193" pin="3"/><net_sink comp="225" pin=0"/></net>

<net id="230"><net_src comp="12" pin="0"/><net_sink comp="225" pin=1"/></net>

<net id="235"><net_src comp="225" pin="2"/><net_sink comp="231" pin=0"/></net>

<net id="236"><net_src comp="201" pin="2"/><net_sink comp="231" pin=1"/></net>

<net id="241"><net_src comp="217" pin="3"/><net_sink comp="237" pin=0"/></net>

<net id="242"><net_src comp="14" pin="0"/><net_sink comp="237" pin=1"/></net>

<net id="247"><net_src comp="225" pin="2"/><net_sink comp="243" pin=0"/></net>

<net id="248"><net_src comp="237" pin="2"/><net_sink comp="243" pin=1"/></net>

<net id="253"><net_src comp="217" pin="3"/><net_sink comp="249" pin=0"/></net>

<net id="254"><net_src comp="12" pin="0"/><net_sink comp="249" pin=1"/></net>

<net id="259"><net_src comp="177" pin="2"/><net_sink comp="255" pin=0"/></net>

<net id="260"><net_src comp="249" pin="2"/><net_sink comp="255" pin=1"/></net>

<net id="265"><net_src comp="193" pin="3"/><net_sink comp="261" pin=0"/></net>

<net id="266"><net_src comp="14" pin="0"/><net_sink comp="261" pin=1"/></net>

<net id="271"><net_src comp="261" pin="2"/><net_sink comp="267" pin=0"/></net>

<net id="272"><net_src comp="249" pin="2"/><net_sink comp="267" pin=1"/></net>

<net id="277"><net_src comp="82" pin="2"/><net_sink comp="273" pin=0"/></net>

<net id="278"><net_src comp="76" pin="2"/><net_sink comp="273" pin=1"/></net>

<net id="282"><net_src comp="82" pin="2"/><net_sink comp="279" pin=0"/></net>

<net id="287"><net_src comp="16" pin="0"/><net_sink comp="283" pin=0"/></net>

<net id="288"><net_src comp="279" pin="1"/><net_sink comp="283" pin=1"/></net>

<net id="294"><net_src comp="261" pin="2"/><net_sink comp="289" pin=0"/></net>

<net id="295"><net_src comp="283" pin="2"/><net_sink comp="289" pin=1"/></net>

<net id="296"><net_src comp="279" pin="1"/><net_sink comp="289" pin=2"/></net>

<net id="300"><net_src comp="76" pin="2"/><net_sink comp="297" pin=0"/></net>

<net id="305"><net_src comp="16" pin="0"/><net_sink comp="301" pin=0"/></net>

<net id="306"><net_src comp="297" pin="1"/><net_sink comp="301" pin=1"/></net>

<net id="312"><net_src comp="237" pin="2"/><net_sink comp="307" pin=0"/></net>

<net id="313"><net_src comp="301" pin="2"/><net_sink comp="307" pin=1"/></net>

<net id="314"><net_src comp="297" pin="1"/><net_sink comp="307" pin=2"/></net>

<net id="319"><net_src comp="289" pin="3"/><net_sink comp="315" pin=0"/></net>

<net id="320"><net_src comp="307" pin="3"/><net_sink comp="315" pin=1"/></net>

<net id="326"><net_src comp="18" pin="0"/><net_sink comp="321" pin=0"/></net>

<net id="327"><net_src comp="289" pin="3"/><net_sink comp="321" pin=1"/></net>

<net id="328"><net_src comp="20" pin="0"/><net_sink comp="321" pin=2"/></net>

<net id="334"><net_src comp="18" pin="0"/><net_sink comp="329" pin=0"/></net>

<net id="335"><net_src comp="307" pin="3"/><net_sink comp="329" pin=1"/></net>

<net id="336"><net_src comp="20" pin="0"/><net_sink comp="329" pin=2"/></net>

<net id="342"><net_src comp="315" pin="2"/><net_sink comp="337" pin=0"/></net>

<net id="343"><net_src comp="329" pin="3"/><net_sink comp="337" pin=1"/></net>

<net id="344"><net_src comp="321" pin="3"/><net_sink comp="337" pin=2"/></net>

<net id="348"><net_src comp="337" pin="3"/><net_sink comp="345" pin=0"/></net>

<net id="354"><net_src comp="315" pin="2"/><net_sink comp="349" pin=0"/></net>

<net id="355"><net_src comp="321" pin="3"/><net_sink comp="349" pin=1"/></net>

<net id="356"><net_src comp="329" pin="3"/><net_sink comp="349" pin=2"/></net>

<net id="360"><net_src comp="349" pin="3"/><net_sink comp="357" pin=0"/></net>

<net id="365"><net_src comp="105" pin="4"/><net_sink comp="361" pin=0"/></net>

<net id="366"><net_src comp="24" pin="0"/><net_sink comp="361" pin=1"/></net>

<net id="371"><net_src comp="105" pin="4"/><net_sink comp="367" pin=0"/></net>

<net id="372"><net_src comp="26" pin="0"/><net_sink comp="367" pin=1"/></net>

<net id="376"><net_src comp="105" pin="4"/><net_sink comp="373" pin=0"/></net>

<net id="377"><net_src comp="373" pin="1"/><net_sink comp="88" pin=2"/></net>

<net id="383"><net_src comp="32" pin="0"/><net_sink comp="378" pin=0"/></net>

<net id="384"><net_src comp="136" pin="4"/><net_sink comp="378" pin=1"/></net>

<net id="385"><net_src comp="34" pin="0"/><net_sink comp="378" pin=2"/></net>

<net id="389"><net_src comp="105" pin="4"/><net_sink comp="386" pin=0"/></net>

<net id="394"><net_src comp="127" pin="4"/><net_sink comp="390" pin=0"/></net>

<net id="395"><net_src comp="386" pin="1"/><net_sink comp="390" pin=1"/></net>

<net id="400"><net_src comp="136" pin="4"/><net_sink comp="396" pin=0"/></net>

<net id="401"><net_src comp="386" pin="1"/><net_sink comp="396" pin=1"/></net>

<net id="406"><net_src comp="396" pin="2"/><net_sink comp="402" pin=0"/></net>

<net id="407"><net_src comp="127" pin="4"/><net_sink comp="402" pin=1"/></net>

<net id="412"><net_src comp="136" pin="4"/><net_sink comp="408" pin=0"/></net>

<net id="413"><net_src comp="390" pin="2"/><net_sink comp="408" pin=1"/></net>

<net id="418"><net_src comp="127" pin="4"/><net_sink comp="414" pin=0"/></net>

<net id="419"><net_src comp="396" pin="2"/><net_sink comp="414" pin=1"/></net>

<net id="424"><net_src comp="390" pin="2"/><net_sink comp="420" pin=0"/></net>

<net id="425"><net_src comp="136" pin="4"/><net_sink comp="420" pin=1"/></net>

<net id="431"><net_src comp="378" pin="3"/><net_sink comp="426" pin=0"/></net>

<net id="432"><net_src comp="420" pin="2"/><net_sink comp="426" pin=1"/></net>

<net id="433"><net_src comp="408" pin="2"/><net_sink comp="426" pin=2"/></net>

<net id="439"><net_src comp="378" pin="3"/><net_sink comp="434" pin=0"/></net>

<net id="440"><net_src comp="414" pin="2"/><net_sink comp="434" pin=1"/></net>

<net id="441"><net_src comp="402" pin="2"/><net_sink comp="434" pin=2"/></net>

<net id="448"><net_src comp="50" pin="0"/><net_sink comp="442" pin=0"/></net>

<net id="449"><net_src comp="95" pin="3"/><net_sink comp="442" pin=1"/></net>

<net id="450"><net_src comp="52" pin="0"/><net_sink comp="442" pin=2"/></net>

<net id="451"><net_src comp="54" pin="0"/><net_sink comp="442" pin=3"/></net>

<net id="455"><net_src comp="442" pin="4"/><net_sink comp="452" pin=0"/></net>

<net id="460"><net_src comp="452" pin="1"/><net_sink comp="456" pin=0"/></net>

<net id="461"><net_src comp="112" pin="1"/><net_sink comp="456" pin=1"/></net>

<net id="466"><net_src comp="112" pin="1"/><net_sink comp="462" pin=0"/></net>

<net id="467"><net_src comp="452" pin="1"/><net_sink comp="462" pin=1"/></net>

<net id="473"><net_src comp="462" pin="2"/><net_sink comp="468" pin=1"/></net>

<net id="474"><net_src comp="456" pin="2"/><net_sink comp="468" pin=2"/></net>

<net id="479"><net_src comp="56" pin="0"/><net_sink comp="475" pin=0"/></net>

<net id="480"><net_src comp="112" pin="1"/><net_sink comp="475" pin=1"/></net>

<net id="486"><net_src comp="475" pin="2"/><net_sink comp="481" pin=1"/></net>

<net id="487"><net_src comp="112" pin="1"/><net_sink comp="481" pin=2"/></net>

<net id="500"><net_src comp="492" pin="2"/><net_sink comp="496" pin=0"/></net>

<net id="501"><net_src comp="14" pin="0"/><net_sink comp="496" pin=1"/></net>

<net id="512"><net_src comp="58" pin="0"/><net_sink comp="506" pin=0"/></net>

<net id="513"><net_src comp="481" pin="3"/><net_sink comp="506" pin=1"/></net>

<net id="514"><net_src comp="60" pin="0"/><net_sink comp="506" pin=2"/></net>

<net id="515"><net_src comp="34" pin="0"/><net_sink comp="506" pin=3"/></net>

<net id="516"><net_src comp="506" pin="4"/><net_sink comp="150" pin=6"/></net>

<net id="521"><net_src comp="22" pin="0"/><net_sink comp="517" pin=0"/></net>

<net id="522"><net_src comp="481" pin="3"/><net_sink comp="517" pin=1"/></net>

<net id="529"><net_src comp="58" pin="0"/><net_sink comp="523" pin=0"/></net>

<net id="530"><net_src comp="517" pin="2"/><net_sink comp="523" pin=1"/></net>

<net id="531"><net_src comp="60" pin="0"/><net_sink comp="523" pin=2"/></net>

<net id="532"><net_src comp="34" pin="0"/><net_sink comp="523" pin=3"/></net>

<net id="533"><net_src comp="523" pin="4"/><net_sink comp="150" pin=4"/></net>

<net id="538"><net_src comp="481" pin="3"/><net_sink comp="534" pin=0"/></net>

<net id="539"><net_src comp="62" pin="0"/><net_sink comp="534" pin=1"/></net>

<net id="546"><net_src comp="58" pin="0"/><net_sink comp="540" pin=0"/></net>

<net id="547"><net_src comp="534" pin="2"/><net_sink comp="540" pin=1"/></net>

<net id="548"><net_src comp="60" pin="0"/><net_sink comp="540" pin=2"/></net>

<net id="549"><net_src comp="34" pin="0"/><net_sink comp="540" pin=3"/></net>

<net id="550"><net_src comp="540" pin="4"/><net_sink comp="150" pin=2"/></net>

<net id="555"><net_src comp="64" pin="0"/><net_sink comp="551" pin=0"/></net>

<net id="556"><net_src comp="481" pin="3"/><net_sink comp="551" pin=1"/></net>

<net id="563"><net_src comp="58" pin="0"/><net_sink comp="557" pin=0"/></net>

<net id="564"><net_src comp="551" pin="2"/><net_sink comp="557" pin=1"/></net>

<net id="565"><net_src comp="60" pin="0"/><net_sink comp="557" pin=2"/></net>

<net id="566"><net_src comp="34" pin="0"/><net_sink comp="557" pin=3"/></net>

<net id="567"><net_src comp="557" pin="4"/><net_sink comp="150" pin=0"/></net>

<net id="573"><net_src comp="8" pin="0"/><net_sink comp="568" pin=1"/></net>

<net id="574"><net_src comp="74" pin="0"/><net_sink comp="568" pin=2"/></net>

<net id="578"><net_src comp="177" pin="2"/><net_sink comp="575" pin=0"/></net>

<net id="579"><net_src comp="575" pin="1"/><net_sink comp="488" pin=1"/></net>

<net id="583"><net_src comp="193" pin="3"/><net_sink comp="580" pin=0"/></net>

<net id="584"><net_src comp="580" pin="1"/><net_sink comp="492" pin=1"/></net>

<net id="588"><net_src comp="201" pin="2"/><net_sink comp="585" pin=0"/></net>

<net id="589"><net_src comp="585" pin="1"/><net_sink comp="502" pin=0"/></net>

<net id="593"><net_src comp="217" pin="3"/><net_sink comp="590" pin=0"/></net>

<net id="594"><net_src comp="590" pin="1"/><net_sink comp="492" pin=0"/></net>

<net id="598"><net_src comp="225" pin="2"/><net_sink comp="595" pin=0"/></net>

<net id="599"><net_src comp="595" pin="1"/><net_sink comp="568" pin=0"/></net>

<net id="603"><net_src comp="231" pin="2"/><net_sink comp="600" pin=0"/></net>

<net id="607"><net_src comp="237" pin="2"/><net_sink comp="604" pin=0"/></net>

<net id="608"><net_src comp="604" pin="1"/><net_sink comp="488" pin=0"/></net>

<net id="612"><net_src comp="243" pin="2"/><net_sink comp="609" pin=0"/></net>

<net id="616"><net_src comp="255" pin="2"/><net_sink comp="613" pin=0"/></net>

<net id="620"><net_src comp="261" pin="2"/><net_sink comp="617" pin=0"/></net>

<net id="621"><net_src comp="617" pin="1"/><net_sink comp="502" pin=1"/></net>

<net id="625"><net_src comp="267" pin="2"/><net_sink comp="622" pin=0"/></net>

<net id="629"><net_src comp="273" pin="2"/><net_sink comp="626" pin=0"/></net>

<net id="633"><net_src comp="315" pin="2"/><net_sink comp="630" pin=0"/></net>

<net id="634"><net_src comp="630" pin="1"/><net_sink comp="481" pin=0"/></net>

<net id="638"><net_src comp="345" pin="1"/><net_sink comp="635" pin=0"/></net>

<net id="639"><net_src comp="635" pin="1"/><net_sink comp="136" pin=2"/></net>

<net id="643"><net_src comp="357" pin="1"/><net_sink comp="640" pin=0"/></net>

<net id="644"><net_src comp="640" pin="1"/><net_sink comp="127" pin=2"/></net>

<net id="648"><net_src comp="361" pin="2"/><net_sink comp="645" pin=0"/></net>

<net id="649"><net_src comp="645" pin="1"/><net_sink comp="105" pin=0"/></net>

<net id="653"><net_src comp="367" pin="2"/><net_sink comp="650" pin=0"/></net>

<net id="657"><net_src comp="378" pin="3"/><net_sink comp="654" pin=0"/></net>

<net id="658"><net_src comp="654" pin="1"/><net_sink comp="468" pin=0"/></net>

<net id="662"><net_src comp="88" pin="3"/><net_sink comp="659" pin=0"/></net>

<net id="663"><net_src comp="659" pin="1"/><net_sink comp="95" pin=0"/></net>

<net id="667"><net_src comp="426" pin="3"/><net_sink comp="664" pin=0"/></net>

<net id="668"><net_src comp="664" pin="1"/><net_sink comp="136" pin=0"/></net>

<net id="672"><net_src comp="434" pin="3"/><net_sink comp="669" pin=0"/></net>

<net id="673"><net_src comp="669" pin="1"/><net_sink comp="127" pin=0"/></net>

<net id="677"><net_src comp="468" pin="3"/><net_sink comp="674" pin=0"/></net>

<net id="678"><net_src comp="674" pin="1"/><net_sink comp="116" pin=0"/></net>

<net id="691"><net_src comp="568" pin="3"/><net_sink comp="688" pin=0"/></net>

<net id="692"><net_src comp="688" pin="1"/><net_sink comp="150" pin=8"/></net>

</net_list>

</model> 
---------------- Datapath Model END ------------------

* FSMD analyzer results:
  - Output states:
	Port: circ_table_arctan_128_V56 | {}
 - Input state : 
	Port: generic_atan2<20, 20> : in1 | {1 }
	Port: generic_atan2<20, 20> : in2 | {1 }
	Port: generic_atan2<20, 20> : circ_table_arctan_128_V56 | {2 3 }
  - Chain level:
	State 1
		zext_ln601 : 1
		signin1 : 2
		zext_ln602 : 1
		signin2 : 2
		icmp_ln870 : 3
		and_ln608 : 4
		br_ln608 : 4
		icmp_ln870_4 : 3
		and_ln612 : 4
		br_ln612 : 4
		icmp_ln870_5 : 3
		and_ln616 : 4
		br_ln616 : 4
		icmp_ln870_6 : 3
		and_ln620 : 4
		br_ln620 : 4
		br_ln624 : 1
		r_V : 1
		in1abs_V : 4
		r_V_10 : 1
		in2abs_V : 4
		icmp_ln1494_2 : 5
		shl_ln : 5
		shl_ln728_1 : 5
		y_V : 6
		sext_ln669 : 7
		x_V : 6
		sext_ln664 : 7
		br_ln625 : 1
	State 2
		add_ln87 : 1
		icmp_ln87 : 1
		br_ln87 : 2
		zext_ln87 : 1
		tmp_51 : 1
		zext_ln1333 : 1
		r_V_11 : 2
		r_V_12 : 2
		circ_table_arctan_128_V56_addr : 2
		circ_table_arctan_128_V56_load : 3
		add_ln703 : 3
		sub_ln703 : 3
		sub_ln703_3 : 3
		add_ln703_2 : 3
		ty : 4
		tx : 4
	State 3
		tmp : 1
		zext_ln708 : 2
		add_ln703_1 : 3
		sub_ln703_4 : 3
		tz : 4
	State 4
		z_V_2 : 1
		br_ln684 : 1
		out_V_3 : 2
		r : 2
		out_V_2 : 3
		ret_V_20 : 2
		out_V_1 : 3
		ret_V : 2
		out_V : 3
		agg_result_0 : 4
		ret_ln695 : 5
	State 5


============================================================
+ Verbose Summary: Datapath Resource usage 
============================================================

* Functional unit list:
|----------|----------------------|---------|---------|
| Operation|    Functional Unit   |    FF   |   LUT   |
|----------|----------------------|---------|---------|
|          |      r_V_fu_283      |    0    |    27   |
|          |     r_V_10_fu_301    |    0    |    27   |
|          |   sub_ln703_fu_408   |    0    |    34   |
|    sub   |  sub_ln703_3_fu_414  |    0    |    34   |
|          |  sub_ln703_4_fu_462  |    0    |    34   |
|          |     z_V_1_fu_475     |    0    |    34   |
|          |       r_fu_517       |    0    |    34   |
|          |     ret_V_fu_551     |    0    |    34   |
|----------|----------------------|---------|---------|
|          |    signin1_fu_193    |    0    |    2    |
|          |    signin2_fu_217    |    0    |    2    |
|          |    in1abs_V_fu_289   |    0    |    20   |
|          |    in2abs_V_fu_307   |    0    |    20   |
|          |      y_V_fu_337      |    0    |    26   |
|  select  |      x_V_fu_349      |    0    |    26   |
|          |       ty_fu_426      |    0    |    27   |
|          |       tx_fu_434      |    0    |    27   |
|          |       tz_fu_468      |    0    |    27   |
|          |     z_V_2_fu_481     |    0    |    27   |
|          |  select_ln631_fu_568 |    0    |    19   |
|----------|----------------------|---------|---------|
|          |    add_ln87_fu_361   |    0    |    12   |
|          |   add_ln703_fu_402   |    0    |    34   |
|    add   |  add_ln703_2_fu_420  |    0    |    34   |
|          |  add_ln703_1_fu_456  |    0    |    34   |
|          |    ret_V_20_fu_534   |    0    |    34   |
|----------|----------------------|---------|---------|
|   ashr   |     r_V_11_fu_390    |    0    |    70   |
|          |     r_V_12_fu_396    |    0    |    70   |
|----------|----------------------|---------|---------|
|          |  icmp_ln1494_fu_177  |    0    |    14   |
|          |  icmp_ln1498_fu_183  |    0    |    14   |
|          | icmp_ln1494_1_fu_201 |    0    |    14   |
|          | icmp_ln1498_1_fu_207 |    0    |    14   |
|          |   icmp_ln870_fu_225  |    0    |    8    |
|   icmp   |  icmp_ln870_4_fu_237 |    0    |    8    |
|          |  icmp_ln870_5_fu_249 |    0    |    8    |
|          |  icmp_ln870_6_fu_261 |    0    |    8    |
|          | icmp_ln1498_2_fu_273 |    0    |    14   |
|          | icmp_ln1494_2_fu_315 |    0    |    15   |
|          |   icmp_ln87_fu_367   |    0    |    9    |
|          |   icmp_ln684_fu_496  |    0    |    8    |
|----------|----------------------|---------|---------|
|          |   and_ln608_fu_231   |    0    |    2    |
|          |   and_ln612_fu_243   |    0    |    2    |
|    and   |   and_ln616_fu_255   |    0    |    2    |
|          |   and_ln620_fu_267   |    0    |    2    |
|          |   and_ln681_fu_488   |    0    |    2    |
|          |   and_ln687_fu_502   |    0    |    2    |
|----------|----------------------|---------|---------|
|    or    |    or_ln684_fu_492   |    0    |    2    |
|----------|----------------------|---------|---------|
|   read   |  in2_read_read_fu_76 |    0    |    0    |
|          |  in1_read_read_fu_82 |    0    |    0    |
|----------|----------------------|---------|---------|
|          |   zext_ln601_fu_189  |    0    |    0    |
|          |   zext_ln602_fu_213  |    0    |    0    |
|   zext   |   zext_ln87_fu_373   |    0    |    0    |
|          |  zext_ln1333_fu_386  |    0    |    0    |
|          |   zext_ln708_fu_452  |    0    |    0    |
|----------|----------------------|---------|---------|
|          |   sext_ln703_fu_279  |    0    |    0    |
|   sext   |  sext_ln703_1_fu_297 |    0    |    0    |
|          |   sext_ln669_fu_345  |    0    |    0    |
|          |   sext_ln664_fu_357  |    0    |    0    |
|----------|----------------------|---------|---------|
|bitconcatenate|     shl_ln_fu_321    |    0    |    0    |
|          |  shl_ln728_1_fu_329  |    0    |    0    |
|----------|----------------------|---------|---------|
| bitselect|     tmp_51_fu_378    |    0    |    0    |
|----------|----------------------|---------|---------|
|          |      tmp_fu_442      |    0    |    0    |
|          |    out_V_3_fu_506    |    0    |    0    |
|partselect|    out_V_2_fu_523    |    0    |    0    |
|          |    out_V_1_fu_540    |    0    |    0    |
|          |     out_V_fu_557     |    0    |    0    |
|----------|----------------------|---------|---------|
|   Total  |                      |    0    |   917   |
|----------|----------------------|---------|---------|

Memories:
N/A

* Register list:
+--------------------------------------+--------+
|                                      |   FF   |
+--------------------------------------+--------+
|           add_ln87_reg_645           |    5   |
|         agg_result_0_reg_142         |   20   |
|           and_ln608_reg_600          |    1   |
|           and_ln612_reg_609          |    1   |
|           and_ln616_reg_613          |    1   |
|           and_ln620_reg_622          |    1   |
|circ_table_arctan_128_V56_addr_reg_659|    7   |
|           empty_112_reg_124          |   27   |
|             empty_reg_112            |   27   |
|         icmp_ln1494_1_reg_585        |    1   |
|         icmp_ln1494_2_reg_630        |    1   |
|          icmp_ln1494_reg_575         |    1   |
|         icmp_ln1498_2_reg_626        |    1   |
|         icmp_ln870_4_reg_604         |    1   |
|         icmp_ln870_6_reg_617         |    1   |
|          icmp_ln870_reg_595          |    1   |
|           icmp_ln87_reg_650          |    1   |
|               n_reg_101              |    5   |
|           p_Val2_7_reg_133           |   27   |
|         select_ln631_reg_688         |   20   |
|          sext_ln664_reg_640          |   27   |
|          sext_ln669_reg_635          |   27   |
|            signin1_reg_580           |    2   |
|            signin2_reg_590           |    2   |
|            tmp_51_reg_654            |    1   |
|              tx_reg_669              |   27   |
|              ty_reg_664              |   27   |
|              tz_reg_674              |   27   |
+--------------------------------------+--------+
|                 Total                |   290  |
+--------------------------------------+--------+

* Multiplexer (MUX) list: 
|----------------------|------|------|------|--------||---------||---------|
|         Comp         |  Pin | Size |  BW  | S x BW ||  Delay  ||   LUT   |
|----------------------|------|------|------|--------||---------||---------|
|   grp_access_fu_95   |  p0  |   2  |   7  |   14   ||    9    |
|     empty_reg_112    |  p0  |   2  |  27  |   54   ||    9    |
| agg_result_0_reg_142 |  p0  |   5  |  20  |   100  ||    9    |
|----------------------|------|------|------|--------||---------||---------|
|         Total        |      |      |      |   168  ||  1.428  ||    27   |
|----------------------|------|------|------|--------||---------||---------|



* Summary:
+-----------+--------+--------+--------+
|           |  Delay |   FF   |   LUT  |
+-----------+--------+--------+--------+
|  Function |    -   |    0   |   917  |
|   Memory  |    -   |    -   |    -   |
|Multiplexer|    1   |    -   |   27   |
|  Register |    -   |   290  |    -   |
+-----------+--------+--------+--------+
|   Total   |    1   |   290  |   944  |
+-----------+--------+--------+--------+
