

================================================================
== Vitis HLS Report for 'generic_atan2_20_20_s'
================================================================
* Date:           Sun Jan 21 17:42:31 2024

* Version:        2020.2 (Build 3064766 on Wed Nov 18 09:12:45 MST 2020)
* Project:        hls_project
* Solution:       solution1 (Vivado IP Flow Target)
* Product family: zynquplus
* Target device:  xczu7ev-ffvc1156-2-e


================================================================
== Performance Estimates
================================================================
+ Timing: 
    * Summary: 
    +--------+----------+----------+------------+
    |  Clock |  Target  | Estimated| Uncertainty|
    +--------+----------+----------+------------+
    |ap_clk  |  10.00 ns|  7.299 ns|     2.70 ns|
    +--------+----------+----------+------------+

+ Latency: 
    * Summary: 
    +---------+---------+-----------+-----------+-----+-----+---------+
    |  Latency (cycles) |   Latency (absolute)  |  Interval | Pipeline|
    |   min   |   max   |    min    |    max    | min | max |   Type  |
    +---------+---------+-----------+-----------+-----+-----+---------+
    |        6|        6|  60.000 ns|  60.000 ns|    1|    1|      yes|
    +---------+---------+-----------+-----------+-----+-----+---------+

    + Detail: 
        * Instance: 
        N/A

        * Loop: 
        N/A

============================================================
+ Verbose Summary: Synthesis Manager
============================================================
InlineROM: 1
ExposeGlobal: 0
============================================================
+ Verbose Summary: CDFG Model
============================================================
IsTopModel: 0
ResetActiveHigh: 1
IsCombinational: 0
IsDatapathOnly: 0
HasWiredReturn: 1
HasMFsm: 2
HasVarLatency: 0
IsPipeline: 1
IsRtlPipelined: 1
IsInstanceOverlapped: 0
IsDontTouch: 0
HasImplIP: 0
IsGatedGlobalClock: 0

+ Individual pipeline summary: 
  * Pipeline-0: initiation interval (II) = 1, depth = 7


============================================================
+ Verbose Summary: Schedule
============================================================
* Number of FSM states : 7
* Pipeline : 1
  Pipeline-0 : II = 1, D = 7, States = { 1 2 3 4 5 6 7 }
* Dataflow Pipeline: 0

* FSM state transitions: 
1 --> 2 
2 --> 3 
3 --> 4 
4 --> 5 
5 --> 6 
6 --> 7 
7 --> 

* FSM state operations: 

State 1 <SV = 0> <Delay = 7.29>
ST_1 : Operation 8 [1/1] (0.00ns)   --->   "%in2_read = read i20 @_ssdm_op_Read.ap_auto.i20, i20 %in2"   --->   Operation 8 'read' 'in2_read' <Predicate = true> <Delay = 0.00>
ST_1 : Operation 9 [1/1] (0.00ns)   --->   "%in1_read = read i20 @_ssdm_op_Read.ap_auto.i20, i20 %in1"   --->   Operation 9 'read' 'in1_read' <Predicate = true> <Delay = 0.00>
ST_1 : Operation 10 [1/1] (1.07ns)   --->   "%icmp_ln1494 = icmp_sgt  i20 %in1_read, i20 0"   --->   Operation 10 'icmp' 'icmp_ln1494' <Predicate = true> <Delay = 1.07> <CoreInst = "Cmp">   --->   Core 9 'Cmp' <Latency = 0> <II = 1> <Delay = 0.44> <FuncUnit> <Opcode : 'icmp'> <InPorts = 2> <OutPorts = 1>
ST_1 : Operation 11 [1/1] (1.07ns)   --->   "%icmp_ln1498 = icmp_eq  i20 %in1_read, i20 0"   --->   Operation 11 'icmp' 'icmp_ln1498' <Predicate = true> <Delay = 1.07> <CoreInst = "Cmp">   --->   Core 9 'Cmp' <Latency = 0> <II = 1> <Delay = 0.44> <FuncUnit> <Opcode : 'icmp'> <InPorts = 2> <OutPorts = 1>
ST_1 : Operation 12 [1/1] (0.00ns)   --->   "%zext_ln601 = zext i1 %icmp_ln1498" [C:/Xilinx/Vitis_HLS/2020.2/common/technology/autopilot/hls_cordic_apfixed.h:601]   --->   Operation 12 'zext' 'zext_ln601' <Predicate = true> <Delay = 0.00>
ST_1 : Operation 13 [1/1] (0.17ns)   --->   "%signin1 = select i1 %icmp_ln1494, i2 2, i2 %zext_ln601" [C:/Xilinx/Vitis_HLS/2020.2/common/technology/autopilot/hls_cordic_apfixed.h:601]   --->   Operation 13 'select' 'signin1' <Predicate = true> <Delay = 0.17> <CoreInst = "Sel">   --->   Core 73 'Sel' <Latency = 0> <II = 1> <Delay = 0.36> <FuncUnit> <Opcode : 'select'> <InPorts = 3> <OutPorts = 1>
ST_1 : Operation 14 [1/1] (1.07ns)   --->   "%icmp_ln1494_1 = icmp_sgt  i20 %in2_read, i20 0"   --->   Operation 14 'icmp' 'icmp_ln1494_1' <Predicate = true> <Delay = 1.07> <CoreInst = "Cmp">   --->   Core 9 'Cmp' <Latency = 0> <II = 1> <Delay = 0.44> <FuncUnit> <Opcode : 'icmp'> <InPorts = 2> <OutPorts = 1>
ST_1 : Operation 15 [1/1] (1.07ns)   --->   "%icmp_ln1498_1 = icmp_eq  i20 %in2_read, i20 0"   --->   Operation 15 'icmp' 'icmp_ln1498_1' <Predicate = true> <Delay = 1.07> <CoreInst = "Cmp">   --->   Core 9 'Cmp' <Latency = 0> <II = 1> <Delay = 0.44> <FuncUnit> <Opcode : 'icmp'> <InPorts = 2> <OutPorts = 1>
ST_1 : Operation 16 [1/1] (0.00ns)   --->   "%zext_ln602 = zext i1 %icmp_ln1498_1" [C:/Xilinx/Vitis_HLS/2020.2/common/technology/autopilot/hls_cordic_apfixed.h:602]   --->   Operation 16 'zext' 'zext_ln602' <Predicate = true> <Delay = 0.00>
ST_1 : Operation 17 [1/1] (0.17ns)   --->   "%signin2 = select i1 %icmp_ln1494_1, i2 2, i2 %zext_ln602" [C:/Xilinx/Vitis_HLS/2020.2/common/technology/autopilot/hls_cordic_apfixed.h:602]   --->   Operation 17 'select' 'signin2' <Predicate = true> <Delay = 0.17> <CoreInst = "Sel">   --->   Core 73 'Sel' <Latency = 0> <II = 1> <Delay = 0.36> <FuncUnit> <Opcode : 'select'> <InPorts = 3> <OutPorts = 1>
ST_1 : Operation 18 [1/1] (0.44ns)   --->   "%icmp_ln870 = icmp_eq  i2 %signin1, i2 1"   --->   Operation 18 'icmp' 'icmp_ln870' <Predicate = true> <Delay = 0.44> <CoreInst = "Cmp">   --->   Core 9 'Cmp' <Latency = 0> <II = 1> <Delay = 0.44> <FuncUnit> <Opcode : 'icmp'> <InPorts = 2> <OutPorts = 1>
ST_1 : Operation 19 [1/1] (0.44ns)   --->   "%icmp_ln870_4 = icmp_eq  i2 %signin2, i2 0"   --->   Operation 19 'icmp' 'icmp_ln870_4' <Predicate = true> <Delay = 0.44> <CoreInst = "Cmp">   --->   Core 9 'Cmp' <Latency = 0> <II = 1> <Delay = 0.44> <FuncUnit> <Opcode : 'icmp'> <InPorts = 2> <OutPorts = 1>
ST_1 : Operation 20 [1/1] (0.44ns)   --->   "%icmp_ln870_5 = icmp_eq  i2 %signin2, i2 1"   --->   Operation 20 'icmp' 'icmp_ln870_5' <Predicate = true> <Delay = 0.44> <CoreInst = "Cmp">   --->   Core 9 'Cmp' <Latency = 0> <II = 1> <Delay = 0.44> <FuncUnit> <Opcode : 'icmp'> <InPorts = 2> <OutPorts = 1>
ST_1 : Operation 21 [1/1] (0.44ns)   --->   "%icmp_ln870_6 = icmp_eq  i2 %signin1, i2 0"   --->   Operation 21 'icmp' 'icmp_ln870_6' <Predicate = true> <Delay = 0.44> <CoreInst = "Cmp">   --->   Core 9 'Cmp' <Latency = 0> <II = 1> <Delay = 0.44> <FuncUnit> <Opcode : 'icmp'> <InPorts = 2> <OutPorts = 1>
ST_1 : Operation 22 [1/1] (1.07ns)   --->   "%icmp_ln1498_2 = icmp_eq  i20 %in1_read, i20 %in2_read"   --->   Operation 22 'icmp' 'icmp_ln1498_2' <Predicate = true> <Delay = 1.07> <CoreInst = "Cmp">   --->   Core 9 'Cmp' <Latency = 0> <II = 1> <Delay = 0.44> <FuncUnit> <Opcode : 'icmp'> <InPorts = 2> <OutPorts = 1>
ST_1 : Operation 23 [1/1] (0.00ns)   --->   "%sext_ln703 = sext i20 %in1_read"   --->   Operation 23 'sext' 'sext_ln703' <Predicate = true> <Delay = 0.00>
ST_1 : Operation 24 [1/1] (0.89ns)   --->   "%r_V = sub i21 0, i21 %sext_ln703"   --->   Operation 24 'sub' 'r_V' <Predicate = true> <Delay = 0.89> <CoreInst = "Adder">   --->   Core 1 'Adder' <Latency = 0> <II = 1> <Delay = 0.96> <FuncUnit> <Opcode : 'add' 'sub'> <InPorts = 2> <OutPorts = 1>
ST_1 : Operation 25 [1/1] (0.35ns)   --->   "%in1abs_V = select i1 %icmp_ln870_6, i21 %r_V, i21 %sext_ln703" [C:/Xilinx/Vitis_HLS/2020.2/common/technology/autopilot/hls_cordic_apfixed.h:642]   --->   Operation 25 'select' 'in1abs_V' <Predicate = true> <Delay = 0.35> <CoreInst = "Sel">   --->   Core 73 'Sel' <Latency = 0> <II = 1> <Delay = 0.36> <FuncUnit> <Opcode : 'select'> <InPorts = 3> <OutPorts = 1>
ST_1 : Operation 26 [1/1] (0.00ns)   --->   "%sext_ln703_1 = sext i20 %in2_read"   --->   Operation 26 'sext' 'sext_ln703_1' <Predicate = true> <Delay = 0.00>
ST_1 : Operation 27 [1/1] (0.89ns)   --->   "%r_V_10 = sub i21 0, i21 %sext_ln703_1"   --->   Operation 27 'sub' 'r_V_10' <Predicate = true> <Delay = 0.89> <CoreInst = "Adder">   --->   Core 1 'Adder' <Latency = 0> <II = 1> <Delay = 0.96> <FuncUnit> <Opcode : 'add' 'sub'> <InPorts = 2> <OutPorts = 1>
ST_1 : Operation 28 [1/1] (0.35ns)   --->   "%in2abs_V = select i1 %icmp_ln870_4, i21 %r_V_10, i21 %sext_ln703_1" [C:/Xilinx/Vitis_HLS/2020.2/common/technology/autopilot/hls_cordic_apfixed.h:648]   --->   Operation 28 'select' 'in2abs_V' <Predicate = true> <Delay = 0.35> <CoreInst = "Sel">   --->   Core 73 'Sel' <Latency = 0> <II = 1> <Delay = 0.36> <FuncUnit> <Opcode : 'select'> <InPorts = 3> <OutPorts = 1>
ST_1 : Operation 29 [1/1] (1.06ns)   --->   "%icmp_ln1494_2 = icmp_sgt  i21 %in1abs_V, i21 %in2abs_V"   --->   Operation 29 'icmp' 'icmp_ln1494_2' <Predicate = true> <Delay = 1.06> <CoreInst = "Cmp">   --->   Core 9 'Cmp' <Latency = 0> <II = 1> <Delay = 0.44> <FuncUnit> <Opcode : 'icmp'> <InPorts = 2> <OutPorts = 1>
ST_1 : Operation 30 [1/1] (0.00ns)   --->   "%shl_ln = bitconcatenate i26 @_ssdm_op_BitConcatenate.i26.i21.i5, i21 %in1abs_V, i5 0"   --->   Operation 30 'bitconcatenate' 'shl_ln' <Predicate = true> <Delay = 0.00>
ST_1 : Operation 31 [1/1] (0.00ns)   --->   "%shl_ln728_1 = bitconcatenate i26 @_ssdm_op_BitConcatenate.i26.i21.i5, i21 %in2abs_V, i5 0"   --->   Operation 31 'bitconcatenate' 'shl_ln728_1' <Predicate = true> <Delay = 0.00>
ST_1 : Operation 32 [1/1] (0.32ns)   --->   "%y_V = select i1 %icmp_ln1494_2, i26 %shl_ln728_1, i26 %shl_ln" [C:/Xilinx/Vitis_HLS/2020.2/common/technology/autopilot/hls_cordic_apfixed.h:669]   --->   Operation 32 'select' 'y_V' <Predicate = true> <Delay = 0.32> <CoreInst = "Sel">   --->   Core 73 'Sel' <Latency = 0> <II = 1> <Delay = 0.36> <FuncUnit> <Opcode : 'select'> <InPorts = 3> <OutPorts = 1>
ST_1 : Operation 33 [1/1] (0.00ns)   --->   "%sext_ln669 = sext i26 %y_V" [C:/Xilinx/Vitis_HLS/2020.2/common/technology/autopilot/hls_cordic_apfixed.h:669]   --->   Operation 33 'sext' 'sext_ln669' <Predicate = true> <Delay = 0.00>
ST_1 : Operation 34 [1/1] (0.32ns)   --->   "%x_V = select i1 %icmp_ln1494_2, i26 %shl_ln, i26 %shl_ln728_1" [C:/Xilinx/Vitis_HLS/2020.2/common/technology/autopilot/hls_cordic_apfixed.h:669]   --->   Operation 34 'select' 'x_V' <Predicate = true> <Delay = 0.32> <CoreInst = "Sel">   --->   Core 73 'Sel' <Latency = 0> <II = 1> <Delay = 0.36> <FuncUnit> <Opcode : 'select'> <InPorts = 3> <OutPorts = 1>
ST_1 : Operation 35 [1/1] (0.00ns)   --->   "%sext_ln664 = sext i26 %x_V" [C:/Xilinx/Vitis_HLS/2020.2/common/technology/autopilot/hls_cordic_apfixed.h:664]   --->   Operation 35 'sext' 'sext_ln664' <Predicate = true> <Delay = 0.00>
ST_1 : Operation 36 [1/1] (0.00ns)   --->   "%tmp_51 = bitselect i1 @_ssdm_op_BitSelect.i1.i26.i32, i26 %y_V, i32 25"   --->   Operation 36 'bitselect' 'tmp_51' <Predicate = true> <Delay = 0.00>
ST_1 : Operation 37 [1/1] (0.95ns)   --->   "%add_ln703 = add i27 %sext_ln669, i27 %sext_ln664"   --->   Operation 37 'add' 'add_ln703' <Predicate = true> <Delay = 0.95> <CoreInst = "Adder">   --->   Core 1 'Adder' <Latency = 0> <II = 1> <Delay = 0.96> <FuncUnit> <Opcode : 'add' 'sub'> <InPorts = 2> <OutPorts = 1>
ST_1 : Operation 38 [1/1] (0.95ns)   --->   "%sub_ln703 = sub i27 %sext_ln669, i27 %sext_ln664"   --->   Operation 38 'sub' 'sub_ln703' <Predicate = true> <Delay = 0.95> <CoreInst = "Adder">   --->   Core 1 'Adder' <Latency = 0> <II = 1> <Delay = 0.96> <FuncUnit> <Opcode : 'add' 'sub'> <InPorts = 2> <OutPorts = 1>
ST_1 : Operation 39 [1/1] (0.95ns)   --->   "%sub_ln703_5 = sub i27 %sext_ln664, i27 %sext_ln669"   --->   Operation 39 'sub' 'sub_ln703_5' <Predicate = true> <Delay = 0.95> <CoreInst = "Adder">   --->   Core 1 'Adder' <Latency = 0> <II = 1> <Delay = 0.96> <FuncUnit> <Opcode : 'add' 'sub'> <InPorts = 2> <OutPorts = 1>
ST_1 : Operation 40 [1/1] (0.32ns)   --->   "%select_ln228 = select i1 %tmp_51, i27 %add_ln703, i27 %sub_ln703"   --->   Operation 40 'select' 'select_ln228' <Predicate = true> <Delay = 0.32> <CoreInst = "Sel">   --->   Core 73 'Sel' <Latency = 0> <II = 1> <Delay = 0.36> <FuncUnit> <Opcode : 'select'> <InPorts = 3> <OutPorts = 1>
ST_1 : Operation 41 [1/1] (0.32ns)   --->   "%select_ln228_1 = select i1 %tmp_51, i27 %sub_ln703_5, i27 %add_ln703"   --->   Operation 41 'select' 'select_ln228_1' <Predicate = true> <Delay = 0.32> <CoreInst = "Sel">   --->   Core 73 'Sel' <Latency = 0> <II = 1> <Delay = 0.36> <FuncUnit> <Opcode : 'select'> <InPorts = 3> <OutPorts = 1>
ST_1 : Operation 42 [1/1] (0.00ns)   --->   "%tmp_52 = bitselect i1 @_ssdm_op_BitSelect.i1.i26.i32, i26 %y_V, i32 25"   --->   Operation 42 'bitselect' 'tmp_52' <Predicate = true> <Delay = 0.00>
ST_1 : Operation 43 [1/1] (0.00ns)   --->   "%tmp_53 = bitselect i1 @_ssdm_op_BitSelect.i1.i27.i32, i27 %select_ln228, i32 26"   --->   Operation 43 'bitselect' 'tmp_53' <Predicate = true> <Delay = 0.00>
ST_1 : Operation 44 [1/1] (0.00ns)   --->   "%trunc_ln6 = partselect i26 @_ssdm_op_PartSelect.i26.i27.i32.i32, i27 %select_ln228_1, i32 1, i32 26"   --->   Operation 44 'partselect' 'trunc_ln6' <Predicate = true> <Delay = 0.00>
ST_1 : Operation 45 [1/1] (0.00ns)   --->   "%sext_ln1333 = sext i26 %trunc_ln6"   --->   Operation 45 'sext' 'sext_ln1333' <Predicate = true> <Delay = 0.00>
ST_1 : Operation 46 [1/1] (0.00ns)   --->   "%trunc_ln1333_1 = partselect i26 @_ssdm_op_PartSelect.i26.i27.i32.i32, i27 %select_ln228, i32 1, i32 26"   --->   Operation 46 'partselect' 'trunc_ln1333_1' <Predicate = true> <Delay = 0.00>
ST_1 : Operation 47 [1/1] (0.00ns)   --->   "%sext_ln1333_1 = sext i26 %trunc_ln1333_1"   --->   Operation 47 'sext' 'sext_ln1333_1' <Predicate = true> <Delay = 0.00>
ST_1 : Operation 48 [1/1] (0.96ns)   --->   "%add_ln703_1 = add i27 %select_ln228_1, i27 %sext_ln1333_1"   --->   Operation 48 'add' 'add_ln703_1' <Predicate = true> <Delay = 0.96> <CoreInst = "Adder">   --->   Core 1 'Adder' <Latency = 0> <II = 1> <Delay = 0.96> <FuncUnit> <Opcode : 'add' 'sub'> <InPorts = 2> <OutPorts = 1>
ST_1 : Operation 49 [1/1] (0.96ns)   --->   "%sub_ln703_1 = sub i27 %select_ln228, i27 %sext_ln1333"   --->   Operation 49 'sub' 'sub_ln703_1' <Predicate = true> <Delay = 0.96> <CoreInst = "Adder">   --->   Core 1 'Adder' <Latency = 0> <II = 1> <Delay = 0.96> <FuncUnit> <Opcode : 'add' 'sub'> <InPorts = 2> <OutPorts = 1>
ST_1 : Operation 50 [1/1] (0.96ns)   --->   "%sub_ln703_6 = sub i27 %select_ln228_1, i27 %sext_ln1333_1"   --->   Operation 50 'sub' 'sub_ln703_6' <Predicate = true> <Delay = 0.96> <CoreInst = "Adder">   --->   Core 1 'Adder' <Latency = 0> <II = 1> <Delay = 0.96> <FuncUnit> <Opcode : 'add' 'sub'> <InPorts = 2> <OutPorts = 1>
ST_1 : Operation 51 [1/1] (0.96ns)   --->   "%add_ln703_3 = add i27 %select_ln228, i27 %sext_ln1333"   --->   Operation 51 'add' 'add_ln703_3' <Predicate = true> <Delay = 0.96> <CoreInst = "Adder">   --->   Core 1 'Adder' <Latency = 0> <II = 1> <Delay = 0.96> <FuncUnit> <Opcode : 'add' 'sub'> <InPorts = 2> <OutPorts = 1>
ST_1 : Operation 52 [1/1] (0.32ns)   --->   "%select_ln228_4 = select i1 %tmp_53, i27 %add_ln703_3, i27 %sub_ln703_1"   --->   Operation 52 'select' 'select_ln228_4' <Predicate = true> <Delay = 0.32> <CoreInst = "Sel">   --->   Core 73 'Sel' <Latency = 0> <II = 1> <Delay = 0.36> <FuncUnit> <Opcode : 'select'> <InPorts = 3> <OutPorts = 1>
ST_1 : Operation 53 [1/1] (0.32ns)   --->   "%select_ln228_5 = select i1 %tmp_53, i27 %sub_ln703_6, i27 %add_ln703_1"   --->   Operation 53 'select' 'select_ln228_5' <Predicate = true> <Delay = 0.32> <CoreInst = "Sel">   --->   Core 73 'Sel' <Latency = 0> <II = 1> <Delay = 0.36> <FuncUnit> <Opcode : 'select'> <InPorts = 3> <OutPorts = 1>
ST_1 : Operation 54 [1/1] (0.00ns)   --->   "%tmp_54 = bitselect i1 @_ssdm_op_BitSelect.i1.i27.i32, i27 %select_ln228_4, i32 26"   --->   Operation 54 'bitselect' 'tmp_54' <Predicate = true> <Delay = 0.00>
ST_1 : Operation 55 [1/1] (0.00ns)   --->   "%trunc_ln1333_2 = partselect i25 @_ssdm_op_PartSelect.i25.i27.i32.i32, i27 %select_ln228_5, i32 2, i32 26"   --->   Operation 55 'partselect' 'trunc_ln1333_2' <Predicate = true> <Delay = 0.00>
ST_1 : Operation 56 [1/1] (0.00ns)   --->   "%sext_ln1333_2 = sext i25 %trunc_ln1333_2"   --->   Operation 56 'sext' 'sext_ln1333_2' <Predicate = true> <Delay = 0.00>
ST_1 : Operation 57 [1/1] (0.00ns)   --->   "%trunc_ln1333_3 = partselect i25 @_ssdm_op_PartSelect.i25.i27.i32.i32, i27 %select_ln228_4, i32 2, i32 26"   --->   Operation 57 'partselect' 'trunc_ln1333_3' <Predicate = true> <Delay = 0.00>
ST_1 : Operation 58 [1/1] (0.00ns)   --->   "%sext_ln1333_3 = sext i25 %trunc_ln1333_3"   --->   Operation 58 'sext' 'sext_ln1333_3' <Predicate = true> <Delay = 0.00>
ST_1 : Operation 59 [1/1] (0.96ns)   --->   "%add_ln703_2 = add i27 %select_ln228_5, i27 %sext_ln1333_3"   --->   Operation 59 'add' 'add_ln703_2' <Predicate = true> <Delay = 0.96> <CoreInst = "Adder">   --->   Core 1 'Adder' <Latency = 0> <II = 1> <Delay = 0.96> <FuncUnit> <Opcode : 'add' 'sub'> <InPorts = 2> <OutPorts = 1>
ST_1 : Operation 60 [1/1] (0.96ns)   --->   "%sub_ln703_2 = sub i27 %select_ln228_4, i27 %sext_ln1333_2"   --->   Operation 60 'sub' 'sub_ln703_2' <Predicate = true> <Delay = 0.96> <CoreInst = "Adder">   --->   Core 1 'Adder' <Latency = 0> <II = 1> <Delay = 0.96> <FuncUnit> <Opcode : 'add' 'sub'> <InPorts = 2> <OutPorts = 1>
ST_1 : Operation 61 [1/1] (0.96ns)   --->   "%sub_ln703_23 = sub i27 %select_ln228_5, i27 %sext_ln1333_3"   --->   Operation 61 'sub' 'sub_ln703_23' <Predicate = true> <Delay = 0.96> <CoreInst = "Adder">   --->   Core 1 'Adder' <Latency = 0> <II = 1> <Delay = 0.96> <FuncUnit> <Opcode : 'add' 'sub'> <InPorts = 2> <OutPorts = 1>
ST_1 : Operation 62 [1/1] (0.96ns)   --->   "%add_ln703_4 = add i27 %select_ln228_4, i27 %sext_ln1333_2"   --->   Operation 62 'add' 'add_ln703_4' <Predicate = true> <Delay = 0.96> <CoreInst = "Adder">   --->   Core 1 'Adder' <Latency = 0> <II = 1> <Delay = 0.96> <FuncUnit> <Opcode : 'add' 'sub'> <InPorts = 2> <OutPorts = 1>
ST_1 : Operation 63 [1/1] (0.32ns)   --->   "%select_ln228_7 = select i1 %tmp_54, i27 %add_ln703_4, i27 %sub_ln703_2"   --->   Operation 63 'select' 'select_ln228_7' <Predicate = true> <Delay = 0.32> <CoreInst = "Sel">   --->   Core 73 'Sel' <Latency = 0> <II = 1> <Delay = 0.36> <FuncUnit> <Opcode : 'select'> <InPorts = 3> <OutPorts = 1>
ST_1 : Operation 64 [1/1] (0.32ns)   --->   "%select_ln228_8 = select i1 %tmp_54, i27 %sub_ln703_23, i27 %add_ln703_2"   --->   Operation 64 'select' 'select_ln228_8' <Predicate = true> <Delay = 0.32> <CoreInst = "Sel">   --->   Core 73 'Sel' <Latency = 0> <II = 1> <Delay = 0.36> <FuncUnit> <Opcode : 'select'> <InPorts = 3> <OutPorts = 1>
ST_1 : Operation 65 [1/1] (0.00ns)   --->   "%tmp_55 = bitselect i1 @_ssdm_op_BitSelect.i1.i27.i32, i27 %select_ln228_7, i32 26"   --->   Operation 65 'bitselect' 'tmp_55' <Predicate = true> <Delay = 0.00>
ST_1 : Operation 66 [1/1] (0.00ns)   --->   "%trunc_ln1333_4 = partselect i24 @_ssdm_op_PartSelect.i24.i27.i32.i32, i27 %select_ln228_8, i32 3, i32 26"   --->   Operation 66 'partselect' 'trunc_ln1333_4' <Predicate = true> <Delay = 0.00>
ST_1 : Operation 67 [1/1] (0.00ns)   --->   "%trunc_ln1333_5 = partselect i24 @_ssdm_op_PartSelect.i24.i27.i32.i32, i27 %select_ln228_7, i32 3, i32 26"   --->   Operation 67 'partselect' 'trunc_ln1333_5' <Predicate = true> <Delay = 0.00>
ST_1 : Operation 68 [1/1] (0.00ns) (grouped into LUT with out node icmp_ln684)   --->   "%or_ln684 = or i2 %signin2, i2 %signin1" [C:/Xilinx/Vitis_HLS/2020.2/common/technology/autopilot/hls_cordic_apfixed.h:684]   --->   Operation 68 'or' 'or_ln684' <Predicate = true> <Delay = 0.00> <CoreInst = "LogicGate">   --->   Core 74 'LogicGate' <Latency = 0> <II = 1> <Delay = 0.28> <FuncUnit> <Opcode : 'and' 'or' 'xor'> <InPorts = 2> <OutPorts = 1>
ST_1 : Operation 69 [1/1] (0.44ns) (out node of the LUT)   --->   "%icmp_ln684 = icmp_eq  i2 %or_ln684, i2 0" [C:/Xilinx/Vitis_HLS/2020.2/common/technology/autopilot/hls_cordic_apfixed.h:684]   --->   Operation 69 'icmp' 'icmp_ln684' <Predicate = true> <Delay = 0.44> <CoreInst = "Cmp">   --->   Core 9 'Cmp' <Latency = 0> <II = 1> <Delay = 0.44> <FuncUnit> <Opcode : 'icmp'> <InPorts = 2> <OutPorts = 1>

State 2 <SV = 1> <Delay = 6.44>
ST_2 : Operation 70 [1/1] (0.00ns)   --->   "%sext_ln1333_4 = sext i24 %trunc_ln1333_4"   --->   Operation 70 'sext' 'sext_ln1333_4' <Predicate = true> <Delay = 0.00>
ST_2 : Operation 71 [1/1] (0.00ns)   --->   "%sext_ln1333_5 = sext i24 %trunc_ln1333_5"   --->   Operation 71 'sext' 'sext_ln1333_5' <Predicate = true> <Delay = 0.00>
ST_2 : Operation 72 [1/1] (0.96ns)   --->   "%add_ln703_22 = add i27 %select_ln228_8, i27 %sext_ln1333_5"   --->   Operation 72 'add' 'add_ln703_22' <Predicate = (!tmp_55)> <Delay = 0.96> <CoreInst = "Adder">   --->   Core 1 'Adder' <Latency = 0> <II = 1> <Delay = 0.96> <FuncUnit> <Opcode : 'add' 'sub'> <InPorts = 2> <OutPorts = 1>
ST_2 : Operation 73 [1/1] (0.96ns)   --->   "%sub_ln703_3 = sub i27 %select_ln228_7, i27 %sext_ln1333_4"   --->   Operation 73 'sub' 'sub_ln703_3' <Predicate = (!tmp_55)> <Delay = 0.96> <CoreInst = "Adder">   --->   Core 1 'Adder' <Latency = 0> <II = 1> <Delay = 0.96> <FuncUnit> <Opcode : 'add' 'sub'> <InPorts = 2> <OutPorts = 1>
ST_2 : Operation 74 [1/1] (0.96ns)   --->   "%sub_ln703_24 = sub i27 %select_ln228_8, i27 %sext_ln1333_5"   --->   Operation 74 'sub' 'sub_ln703_24' <Predicate = (tmp_55)> <Delay = 0.96> <CoreInst = "Adder">   --->   Core 1 'Adder' <Latency = 0> <II = 1> <Delay = 0.96> <FuncUnit> <Opcode : 'add' 'sub'> <InPorts = 2> <OutPorts = 1>
ST_2 : Operation 75 [1/1] (0.96ns)   --->   "%add_ln703_23 = add i27 %select_ln228_7, i27 %sext_ln1333_4"   --->   Operation 75 'add' 'add_ln703_23' <Predicate = (tmp_55)> <Delay = 0.96> <CoreInst = "Adder">   --->   Core 1 'Adder' <Latency = 0> <II = 1> <Delay = 0.96> <FuncUnit> <Opcode : 'add' 'sub'> <InPorts = 2> <OutPorts = 1>
ST_2 : Operation 76 [1/1] (0.32ns)   --->   "%select_ln228_10 = select i1 %tmp_55, i27 %add_ln703_23, i27 %sub_ln703_3"   --->   Operation 76 'select' 'select_ln228_10' <Predicate = true> <Delay = 0.32> <CoreInst = "Sel">   --->   Core 73 'Sel' <Latency = 0> <II = 1> <Delay = 0.36> <FuncUnit> <Opcode : 'select'> <InPorts = 3> <OutPorts = 1>
ST_2 : Operation 77 [1/1] (0.32ns)   --->   "%select_ln228_11 = select i1 %tmp_55, i27 %sub_ln703_24, i27 %add_ln703_22"   --->   Operation 77 'select' 'select_ln228_11' <Predicate = true> <Delay = 0.32> <CoreInst = "Sel">   --->   Core 73 'Sel' <Latency = 0> <II = 1> <Delay = 0.36> <FuncUnit> <Opcode : 'select'> <InPorts = 3> <OutPorts = 1>
ST_2 : Operation 78 [1/1] (0.00ns)   --->   "%tmp_56 = bitselect i1 @_ssdm_op_BitSelect.i1.i27.i32, i27 %select_ln228_10, i32 26"   --->   Operation 78 'bitselect' 'tmp_56' <Predicate = true> <Delay = 0.00>
ST_2 : Operation 79 [1/1] (0.00ns)   --->   "%trunc_ln1333_6 = partselect i23 @_ssdm_op_PartSelect.i23.i27.i32.i32, i27 %select_ln228_11, i32 4, i32 26"   --->   Operation 79 'partselect' 'trunc_ln1333_6' <Predicate = true> <Delay = 0.00>
ST_2 : Operation 80 [1/1] (0.00ns)   --->   "%sext_ln1333_6 = sext i23 %trunc_ln1333_6"   --->   Operation 80 'sext' 'sext_ln1333_6' <Predicate = true> <Delay = 0.00>
ST_2 : Operation 81 [1/1] (0.00ns)   --->   "%trunc_ln1333_7 = partselect i23 @_ssdm_op_PartSelect.i23.i27.i32.i32, i27 %select_ln228_10, i32 4, i32 26"   --->   Operation 81 'partselect' 'trunc_ln1333_7' <Predicate = true> <Delay = 0.00>
ST_2 : Operation 82 [1/1] (0.00ns)   --->   "%sext_ln1333_7 = sext i23 %trunc_ln1333_7"   --->   Operation 82 'sext' 'sext_ln1333_7' <Predicate = true> <Delay = 0.00>
ST_2 : Operation 83 [1/1] (0.96ns)   --->   "%add_ln703_24 = add i27 %select_ln228_11, i27 %sext_ln1333_7"   --->   Operation 83 'add' 'add_ln703_24' <Predicate = true> <Delay = 0.96> <CoreInst = "Adder">   --->   Core 1 'Adder' <Latency = 0> <II = 1> <Delay = 0.96> <FuncUnit> <Opcode : 'add' 'sub'> <InPorts = 2> <OutPorts = 1>
ST_2 : Operation 84 [1/1] (0.96ns)   --->   "%sub_ln703_4 = sub i27 %select_ln228_10, i27 %sext_ln1333_6"   --->   Operation 84 'sub' 'sub_ln703_4' <Predicate = true> <Delay = 0.96> <CoreInst = "Adder">   --->   Core 1 'Adder' <Latency = 0> <II = 1> <Delay = 0.96> <FuncUnit> <Opcode : 'add' 'sub'> <InPorts = 2> <OutPorts = 1>
ST_2 : Operation 85 [1/1] (0.96ns)   --->   "%sub_ln703_25 = sub i27 %select_ln228_11, i27 %sext_ln1333_7"   --->   Operation 85 'sub' 'sub_ln703_25' <Predicate = true> <Delay = 0.96> <CoreInst = "Adder">   --->   Core 1 'Adder' <Latency = 0> <II = 1> <Delay = 0.96> <FuncUnit> <Opcode : 'add' 'sub'> <InPorts = 2> <OutPorts = 1>
ST_2 : Operation 86 [1/1] (0.96ns)   --->   "%add_ln703_25 = add i27 %select_ln228_10, i27 %sext_ln1333_6"   --->   Operation 86 'add' 'add_ln703_25' <Predicate = true> <Delay = 0.96> <CoreInst = "Adder">   --->   Core 1 'Adder' <Latency = 0> <II = 1> <Delay = 0.96> <FuncUnit> <Opcode : 'add' 'sub'> <InPorts = 2> <OutPorts = 1>
ST_2 : Operation 87 [1/1] (0.32ns)   --->   "%select_ln228_13 = select i1 %tmp_56, i27 %add_ln703_25, i27 %sub_ln703_4"   --->   Operation 87 'select' 'select_ln228_13' <Predicate = true> <Delay = 0.32> <CoreInst = "Sel">   --->   Core 73 'Sel' <Latency = 0> <II = 1> <Delay = 0.36> <FuncUnit> <Opcode : 'select'> <InPorts = 3> <OutPorts = 1>
ST_2 : Operation 88 [1/1] (0.32ns)   --->   "%select_ln228_14 = select i1 %tmp_56, i27 %sub_ln703_25, i27 %add_ln703_24"   --->   Operation 88 'select' 'select_ln228_14' <Predicate = true> <Delay = 0.32> <CoreInst = "Sel">   --->   Core 73 'Sel' <Latency = 0> <II = 1> <Delay = 0.36> <FuncUnit> <Opcode : 'select'> <InPorts = 3> <OutPorts = 1>
ST_2 : Operation 89 [1/1] (0.00ns)   --->   "%tmp_57 = bitselect i1 @_ssdm_op_BitSelect.i1.i27.i32, i27 %select_ln228_13, i32 26"   --->   Operation 89 'bitselect' 'tmp_57' <Predicate = true> <Delay = 0.00>
ST_2 : Operation 90 [1/1] (0.00ns)   --->   "%trunc_ln1333_8 = partselect i22 @_ssdm_op_PartSelect.i22.i27.i32.i32, i27 %select_ln228_14, i32 5, i32 26"   --->   Operation 90 'partselect' 'trunc_ln1333_8' <Predicate = true> <Delay = 0.00>
ST_2 : Operation 91 [1/1] (0.00ns)   --->   "%sext_ln1333_8 = sext i22 %trunc_ln1333_8"   --->   Operation 91 'sext' 'sext_ln1333_8' <Predicate = true> <Delay = 0.00>
ST_2 : Operation 92 [1/1] (0.00ns)   --->   "%trunc_ln1333_9 = partselect i22 @_ssdm_op_PartSelect.i22.i27.i32.i32, i27 %select_ln228_13, i32 5, i32 26"   --->   Operation 92 'partselect' 'trunc_ln1333_9' <Predicate = true> <Delay = 0.00>
ST_2 : Operation 93 [1/1] (0.00ns)   --->   "%sext_ln1333_9 = sext i22 %trunc_ln1333_9"   --->   Operation 93 'sext' 'sext_ln1333_9' <Predicate = true> <Delay = 0.00>
ST_2 : Operation 94 [1/1] (0.96ns)   --->   "%add_ln703_5 = add i27 %select_ln228_14, i27 %sext_ln1333_9"   --->   Operation 94 'add' 'add_ln703_5' <Predicate = true> <Delay = 0.96> <CoreInst = "Adder">   --->   Core 1 'Adder' <Latency = 0> <II = 1> <Delay = 0.96> <FuncUnit> <Opcode : 'add' 'sub'> <InPorts = 2> <OutPorts = 1>
ST_2 : Operation 95 [1/1] (0.96ns)   --->   "%sub_ln703_26 = sub i27 %select_ln228_13, i27 %sext_ln1333_8"   --->   Operation 95 'sub' 'sub_ln703_26' <Predicate = true> <Delay = 0.96> <CoreInst = "Adder">   --->   Core 1 'Adder' <Latency = 0> <II = 1> <Delay = 0.96> <FuncUnit> <Opcode : 'add' 'sub'> <InPorts = 2> <OutPorts = 1>
ST_2 : Operation 96 [1/1] (0.96ns)   --->   "%sub_ln703_27 = sub i27 %select_ln228_14, i27 %sext_ln1333_9"   --->   Operation 96 'sub' 'sub_ln703_27' <Predicate = true> <Delay = 0.96> <CoreInst = "Adder">   --->   Core 1 'Adder' <Latency = 0> <II = 1> <Delay = 0.96> <FuncUnit> <Opcode : 'add' 'sub'> <InPorts = 2> <OutPorts = 1>
ST_2 : Operation 97 [1/1] (0.96ns)   --->   "%add_ln703_26 = add i27 %select_ln228_13, i27 %sext_ln1333_8"   --->   Operation 97 'add' 'add_ln703_26' <Predicate = true> <Delay = 0.96> <CoreInst = "Adder">   --->   Core 1 'Adder' <Latency = 0> <II = 1> <Delay = 0.96> <FuncUnit> <Opcode : 'add' 'sub'> <InPorts = 2> <OutPorts = 1>
ST_2 : Operation 98 [1/1] (0.32ns)   --->   "%select_ln228_16 = select i1 %tmp_57, i27 %add_ln703_26, i27 %sub_ln703_26"   --->   Operation 98 'select' 'select_ln228_16' <Predicate = true> <Delay = 0.32> <CoreInst = "Sel">   --->   Core 73 'Sel' <Latency = 0> <II = 1> <Delay = 0.36> <FuncUnit> <Opcode : 'select'> <InPorts = 3> <OutPorts = 1>
ST_2 : Operation 99 [1/1] (0.32ns)   --->   "%select_ln228_17 = select i1 %tmp_57, i27 %sub_ln703_27, i27 %add_ln703_5"   --->   Operation 99 'select' 'select_ln228_17' <Predicate = true> <Delay = 0.32> <CoreInst = "Sel">   --->   Core 73 'Sel' <Latency = 0> <II = 1> <Delay = 0.36> <FuncUnit> <Opcode : 'select'> <InPorts = 3> <OutPorts = 1>
ST_2 : Operation 100 [1/1] (0.00ns)   --->   "%tmp_59 = bitselect i1 @_ssdm_op_BitSelect.i1.i27.i32, i27 %select_ln228_16, i32 26"   --->   Operation 100 'bitselect' 'tmp_59' <Predicate = true> <Delay = 0.00>
ST_2 : Operation 101 [1/1] (0.00ns)   --->   "%trunc_ln1333_s = partselect i21 @_ssdm_op_PartSelect.i21.i27.i32.i32, i27 %select_ln228_17, i32 6, i32 26"   --->   Operation 101 'partselect' 'trunc_ln1333_s' <Predicate = true> <Delay = 0.00>
ST_2 : Operation 102 [1/1] (0.00ns)   --->   "%sext_ln1333_10 = sext i21 %trunc_ln1333_s"   --->   Operation 102 'sext' 'sext_ln1333_10' <Predicate = true> <Delay = 0.00>
ST_2 : Operation 103 [1/1] (0.00ns)   --->   "%trunc_ln1333_10 = partselect i21 @_ssdm_op_PartSelect.i21.i27.i32.i32, i27 %select_ln228_16, i32 6, i32 26"   --->   Operation 103 'partselect' 'trunc_ln1333_10' <Predicate = true> <Delay = 0.00>
ST_2 : Operation 104 [1/1] (0.00ns)   --->   "%sext_ln1333_11 = sext i21 %trunc_ln1333_10"   --->   Operation 104 'sext' 'sext_ln1333_11' <Predicate = true> <Delay = 0.00>
ST_2 : Operation 105 [1/1] (0.96ns)   --->   "%add_ln703_6 = add i27 %select_ln228_17, i27 %sext_ln1333_11"   --->   Operation 105 'add' 'add_ln703_6' <Predicate = true> <Delay = 0.96> <CoreInst = "Adder">   --->   Core 1 'Adder' <Latency = 0> <II = 1> <Delay = 0.96> <FuncUnit> <Opcode : 'add' 'sub'> <InPorts = 2> <OutPorts = 1>
ST_2 : Operation 106 [1/1] (0.96ns)   --->   "%sub_ln703_28 = sub i27 %select_ln228_16, i27 %sext_ln1333_10"   --->   Operation 106 'sub' 'sub_ln703_28' <Predicate = true> <Delay = 0.96> <CoreInst = "Adder">   --->   Core 1 'Adder' <Latency = 0> <II = 1> <Delay = 0.96> <FuncUnit> <Opcode : 'add' 'sub'> <InPorts = 2> <OutPorts = 1>
ST_2 : Operation 107 [1/1] (0.96ns)   --->   "%sub_ln703_29 = sub i27 %select_ln228_17, i27 %sext_ln1333_11"   --->   Operation 107 'sub' 'sub_ln703_29' <Predicate = true> <Delay = 0.96> <CoreInst = "Adder">   --->   Core 1 'Adder' <Latency = 0> <II = 1> <Delay = 0.96> <FuncUnit> <Opcode : 'add' 'sub'> <InPorts = 2> <OutPorts = 1>
ST_2 : Operation 108 [1/1] (0.96ns)   --->   "%add_ln703_27 = add i27 %select_ln228_16, i27 %sext_ln1333_10"   --->   Operation 108 'add' 'add_ln703_27' <Predicate = true> <Delay = 0.96> <CoreInst = "Adder">   --->   Core 1 'Adder' <Latency = 0> <II = 1> <Delay = 0.96> <FuncUnit> <Opcode : 'add' 'sub'> <InPorts = 2> <OutPorts = 1>
ST_2 : Operation 109 [1/1] (0.32ns)   --->   "%select_ln228_19 = select i1 %tmp_59, i27 %add_ln703_27, i27 %sub_ln703_28"   --->   Operation 109 'select' 'select_ln228_19' <Predicate = true> <Delay = 0.32> <CoreInst = "Sel">   --->   Core 73 'Sel' <Latency = 0> <II = 1> <Delay = 0.36> <FuncUnit> <Opcode : 'select'> <InPorts = 3> <OutPorts = 1>
ST_2 : Operation 110 [1/1] (0.32ns)   --->   "%select_ln228_20 = select i1 %tmp_59, i27 %sub_ln703_29, i27 %add_ln703_6"   --->   Operation 110 'select' 'select_ln228_20' <Predicate = true> <Delay = 0.32> <CoreInst = "Sel">   --->   Core 73 'Sel' <Latency = 0> <II = 1> <Delay = 0.36> <FuncUnit> <Opcode : 'select'> <InPorts = 3> <OutPorts = 1>
ST_2 : Operation 111 [1/1] (0.00ns)   --->   "%tmp_60 = bitselect i1 @_ssdm_op_BitSelect.i1.i27.i32, i27 %select_ln228_19, i32 26"   --->   Operation 111 'bitselect' 'tmp_60' <Predicate = true> <Delay = 0.00>
ST_2 : Operation 112 [1/1] (0.00ns)   --->   "%trunc_ln1333_11 = partselect i20 @_ssdm_op_PartSelect.i20.i27.i32.i32, i27 %select_ln228_20, i32 7, i32 26"   --->   Operation 112 'partselect' 'trunc_ln1333_11' <Predicate = true> <Delay = 0.00>
ST_2 : Operation 113 [1/1] (0.00ns)   --->   "%sext_ln1333_12 = sext i20 %trunc_ln1333_11"   --->   Operation 113 'sext' 'sext_ln1333_12' <Predicate = true> <Delay = 0.00>
ST_2 : Operation 114 [1/1] (0.00ns)   --->   "%trunc_ln1333_12 = partselect i20 @_ssdm_op_PartSelect.i20.i27.i32.i32, i27 %select_ln228_19, i32 7, i32 26"   --->   Operation 114 'partselect' 'trunc_ln1333_12' <Predicate = true> <Delay = 0.00>
ST_2 : Operation 115 [1/1] (0.00ns)   --->   "%sext_ln1333_13 = sext i20 %trunc_ln1333_12"   --->   Operation 115 'sext' 'sext_ln1333_13' <Predicate = true> <Delay = 0.00>
ST_2 : Operation 116 [1/1] (0.96ns)   --->   "%add_ln703_7 = add i27 %select_ln228_20, i27 %sext_ln1333_13"   --->   Operation 116 'add' 'add_ln703_7' <Predicate = true> <Delay = 0.96> <CoreInst = "Adder">   --->   Core 1 'Adder' <Latency = 0> <II = 1> <Delay = 0.96> <FuncUnit> <Opcode : 'add' 'sub'> <InPorts = 2> <OutPorts = 1>
ST_2 : Operation 117 [1/1] (0.96ns)   --->   "%sub_ln703_7 = sub i27 %select_ln228_19, i27 %sext_ln1333_12"   --->   Operation 117 'sub' 'sub_ln703_7' <Predicate = true> <Delay = 0.96> <CoreInst = "Adder">   --->   Core 1 'Adder' <Latency = 0> <II = 1> <Delay = 0.96> <FuncUnit> <Opcode : 'add' 'sub'> <InPorts = 2> <OutPorts = 1>
ST_2 : Operation 118 [1/1] (0.96ns)   --->   "%sub_ln703_30 = sub i27 %select_ln228_20, i27 %sext_ln1333_13"   --->   Operation 118 'sub' 'sub_ln703_30' <Predicate = true> <Delay = 0.96> <CoreInst = "Adder">   --->   Core 1 'Adder' <Latency = 0> <II = 1> <Delay = 0.96> <FuncUnit> <Opcode : 'add' 'sub'> <InPorts = 2> <OutPorts = 1>
ST_2 : Operation 119 [1/1] (0.96ns)   --->   "%add_ln703_28 = add i27 %select_ln228_19, i27 %sext_ln1333_12"   --->   Operation 119 'add' 'add_ln703_28' <Predicate = true> <Delay = 0.96> <CoreInst = "Adder">   --->   Core 1 'Adder' <Latency = 0> <II = 1> <Delay = 0.96> <FuncUnit> <Opcode : 'add' 'sub'> <InPorts = 2> <OutPorts = 1>
ST_2 : Operation 120 [1/1] (0.32ns)   --->   "%select_ln228_22 = select i1 %tmp_60, i27 %add_ln703_28, i27 %sub_ln703_7"   --->   Operation 120 'select' 'select_ln228_22' <Predicate = true> <Delay = 0.32> <CoreInst = "Sel">   --->   Core 73 'Sel' <Latency = 0> <II = 1> <Delay = 0.36> <FuncUnit> <Opcode : 'select'> <InPorts = 3> <OutPorts = 1>
ST_2 : Operation 121 [1/1] (0.32ns)   --->   "%select_ln228_23 = select i1 %tmp_60, i27 %sub_ln703_30, i27 %add_ln703_7"   --->   Operation 121 'select' 'select_ln228_23' <Predicate = true> <Delay = 0.32> <CoreInst = "Sel">   --->   Core 73 'Sel' <Latency = 0> <II = 1> <Delay = 0.36> <FuncUnit> <Opcode : 'select'> <InPorts = 3> <OutPorts = 1>
ST_2 : Operation 122 [1/1] (0.00ns)   --->   "%tmp_65 = bitselect i1 @_ssdm_op_BitSelect.i1.i27.i32, i27 %select_ln228_22, i32 26"   --->   Operation 122 'bitselect' 'tmp_65' <Predicate = true> <Delay = 0.00>
ST_2 : Operation 123 [1/1] (0.00ns)   --->   "%trunc_ln1333_13 = partselect i19 @_ssdm_op_PartSelect.i19.i27.i32.i32, i27 %select_ln228_23, i32 8, i32 26"   --->   Operation 123 'partselect' 'trunc_ln1333_13' <Predicate = true> <Delay = 0.00>
ST_2 : Operation 124 [1/1] (0.00ns)   --->   "%trunc_ln1333_14 = partselect i19 @_ssdm_op_PartSelect.i19.i27.i32.i32, i27 %select_ln228_22, i32 8, i32 26"   --->   Operation 124 'partselect' 'trunc_ln1333_14' <Predicate = true> <Delay = 0.00>

State 3 <SV = 2> <Delay = 6.44>
ST_3 : Operation 125 [1/1] (0.00ns)   --->   "%sext_ln1333_14 = sext i19 %trunc_ln1333_13"   --->   Operation 125 'sext' 'sext_ln1333_14' <Predicate = true> <Delay = 0.00>
ST_3 : Operation 126 [1/1] (0.00ns)   --->   "%sext_ln1333_15 = sext i19 %trunc_ln1333_14"   --->   Operation 126 'sext' 'sext_ln1333_15' <Predicate = true> <Delay = 0.00>
ST_3 : Operation 127 [1/1] (0.96ns)   --->   "%add_ln703_8 = add i27 %select_ln228_23, i27 %sext_ln1333_15"   --->   Operation 127 'add' 'add_ln703_8' <Predicate = (!tmp_65)> <Delay = 0.96> <CoreInst = "Adder">   --->   Core 1 'Adder' <Latency = 0> <II = 1> <Delay = 0.96> <FuncUnit> <Opcode : 'add' 'sub'> <InPorts = 2> <OutPorts = 1>
ST_3 : Operation 128 [1/1] (0.96ns)   --->   "%sub_ln703_8 = sub i27 %select_ln228_22, i27 %sext_ln1333_14"   --->   Operation 128 'sub' 'sub_ln703_8' <Predicate = (!tmp_65)> <Delay = 0.96> <CoreInst = "Adder">   --->   Core 1 'Adder' <Latency = 0> <II = 1> <Delay = 0.96> <FuncUnit> <Opcode : 'add' 'sub'> <InPorts = 2> <OutPorts = 1>
ST_3 : Operation 129 [1/1] (0.96ns)   --->   "%sub_ln703_31 = sub i27 %select_ln228_23, i27 %sext_ln1333_15"   --->   Operation 129 'sub' 'sub_ln703_31' <Predicate = (tmp_65)> <Delay = 0.96> <CoreInst = "Adder">   --->   Core 1 'Adder' <Latency = 0> <II = 1> <Delay = 0.96> <FuncUnit> <Opcode : 'add' 'sub'> <InPorts = 2> <OutPorts = 1>
ST_3 : Operation 130 [1/1] (0.96ns)   --->   "%add_ln703_29 = add i27 %select_ln228_22, i27 %sext_ln1333_14"   --->   Operation 130 'add' 'add_ln703_29' <Predicate = (tmp_65)> <Delay = 0.96> <CoreInst = "Adder">   --->   Core 1 'Adder' <Latency = 0> <II = 1> <Delay = 0.96> <FuncUnit> <Opcode : 'add' 'sub'> <InPorts = 2> <OutPorts = 1>
ST_3 : Operation 131 [1/1] (0.32ns)   --->   "%select_ln228_25 = select i1 %tmp_65, i27 %add_ln703_29, i27 %sub_ln703_8"   --->   Operation 131 'select' 'select_ln228_25' <Predicate = true> <Delay = 0.32> <CoreInst = "Sel">   --->   Core 73 'Sel' <Latency = 0> <II = 1> <Delay = 0.36> <FuncUnit> <Opcode : 'select'> <InPorts = 3> <OutPorts = 1>
ST_3 : Operation 132 [1/1] (0.32ns)   --->   "%select_ln228_26 = select i1 %tmp_65, i27 %sub_ln703_31, i27 %add_ln703_8"   --->   Operation 132 'select' 'select_ln228_26' <Predicate = true> <Delay = 0.32> <CoreInst = "Sel">   --->   Core 73 'Sel' <Latency = 0> <II = 1> <Delay = 0.36> <FuncUnit> <Opcode : 'select'> <InPorts = 3> <OutPorts = 1>
ST_3 : Operation 133 [1/1] (0.00ns)   --->   "%tmp_66 = bitselect i1 @_ssdm_op_BitSelect.i1.i27.i32, i27 %select_ln228_25, i32 26"   --->   Operation 133 'bitselect' 'tmp_66' <Predicate = true> <Delay = 0.00>
ST_3 : Operation 134 [1/1] (0.00ns)   --->   "%trunc_ln1333_15 = partselect i18 @_ssdm_op_PartSelect.i18.i27.i32.i32, i27 %select_ln228_26, i32 9, i32 26"   --->   Operation 134 'partselect' 'trunc_ln1333_15' <Predicate = true> <Delay = 0.00>
ST_3 : Operation 135 [1/1] (0.00ns)   --->   "%sext_ln1333_16 = sext i18 %trunc_ln1333_15"   --->   Operation 135 'sext' 'sext_ln1333_16' <Predicate = true> <Delay = 0.00>
ST_3 : Operation 136 [1/1] (0.00ns)   --->   "%trunc_ln1333_16 = partselect i18 @_ssdm_op_PartSelect.i18.i27.i32.i32, i27 %select_ln228_25, i32 9, i32 26"   --->   Operation 136 'partselect' 'trunc_ln1333_16' <Predicate = true> <Delay = 0.00>
ST_3 : Operation 137 [1/1] (0.00ns)   --->   "%sext_ln1333_17 = sext i18 %trunc_ln1333_16"   --->   Operation 137 'sext' 'sext_ln1333_17' <Predicate = true> <Delay = 0.00>
ST_3 : Operation 138 [1/1] (0.96ns)   --->   "%add_ln703_9 = add i27 %select_ln228_26, i27 %sext_ln1333_17"   --->   Operation 138 'add' 'add_ln703_9' <Predicate = true> <Delay = 0.96> <CoreInst = "Adder">   --->   Core 1 'Adder' <Latency = 0> <II = 1> <Delay = 0.96> <FuncUnit> <Opcode : 'add' 'sub'> <InPorts = 2> <OutPorts = 1>
ST_3 : Operation 139 [1/1] (0.96ns)   --->   "%sub_ln703_9 = sub i27 %select_ln228_25, i27 %sext_ln1333_16"   --->   Operation 139 'sub' 'sub_ln703_9' <Predicate = true> <Delay = 0.96> <CoreInst = "Adder">   --->   Core 1 'Adder' <Latency = 0> <II = 1> <Delay = 0.96> <FuncUnit> <Opcode : 'add' 'sub'> <InPorts = 2> <OutPorts = 1>
ST_3 : Operation 140 [1/1] (0.96ns)   --->   "%sub_ln703_32 = sub i27 %select_ln228_26, i27 %sext_ln1333_17"   --->   Operation 140 'sub' 'sub_ln703_32' <Predicate = true> <Delay = 0.96> <CoreInst = "Adder">   --->   Core 1 'Adder' <Latency = 0> <II = 1> <Delay = 0.96> <FuncUnit> <Opcode : 'add' 'sub'> <InPorts = 2> <OutPorts = 1>
ST_3 : Operation 141 [1/1] (0.96ns)   --->   "%add_ln703_30 = add i27 %select_ln228_25, i27 %sext_ln1333_16"   --->   Operation 141 'add' 'add_ln703_30' <Predicate = true> <Delay = 0.96> <CoreInst = "Adder">   --->   Core 1 'Adder' <Latency = 0> <II = 1> <Delay = 0.96> <FuncUnit> <Opcode : 'add' 'sub'> <InPorts = 2> <OutPorts = 1>
ST_3 : Operation 142 [1/1] (0.32ns)   --->   "%select_ln228_28 = select i1 %tmp_66, i27 %add_ln703_30, i27 %sub_ln703_9"   --->   Operation 142 'select' 'select_ln228_28' <Predicate = true> <Delay = 0.32> <CoreInst = "Sel">   --->   Core 73 'Sel' <Latency = 0> <II = 1> <Delay = 0.36> <FuncUnit> <Opcode : 'select'> <InPorts = 3> <OutPorts = 1>
ST_3 : Operation 143 [1/1] (0.32ns)   --->   "%select_ln228_29 = select i1 %tmp_66, i27 %sub_ln703_32, i27 %add_ln703_9"   --->   Operation 143 'select' 'select_ln228_29' <Predicate = true> <Delay = 0.32> <CoreInst = "Sel">   --->   Core 73 'Sel' <Latency = 0> <II = 1> <Delay = 0.36> <FuncUnit> <Opcode : 'select'> <InPorts = 3> <OutPorts = 1>
ST_3 : Operation 144 [1/1] (0.00ns)   --->   "%tmp_67 = bitselect i1 @_ssdm_op_BitSelect.i1.i27.i32, i27 %select_ln228_28, i32 26"   --->   Operation 144 'bitselect' 'tmp_67' <Predicate = true> <Delay = 0.00>
ST_3 : Operation 145 [1/1] (0.00ns)   --->   "%trunc_ln1333_17 = partselect i17 @_ssdm_op_PartSelect.i17.i27.i32.i32, i27 %select_ln228_29, i32 10, i32 26"   --->   Operation 145 'partselect' 'trunc_ln1333_17' <Predicate = true> <Delay = 0.00>
ST_3 : Operation 146 [1/1] (0.00ns)   --->   "%sext_ln1333_18 = sext i17 %trunc_ln1333_17"   --->   Operation 146 'sext' 'sext_ln1333_18' <Predicate = true> <Delay = 0.00>
ST_3 : Operation 147 [1/1] (0.00ns)   --->   "%trunc_ln1333_18 = partselect i17 @_ssdm_op_PartSelect.i17.i27.i32.i32, i27 %select_ln228_28, i32 10, i32 26"   --->   Operation 147 'partselect' 'trunc_ln1333_18' <Predicate = true> <Delay = 0.00>
ST_3 : Operation 148 [1/1] (0.00ns)   --->   "%sext_ln1333_19 = sext i17 %trunc_ln1333_18"   --->   Operation 148 'sext' 'sext_ln1333_19' <Predicate = true> <Delay = 0.00>
ST_3 : Operation 149 [1/1] (0.96ns)   --->   "%add_ln703_10 = add i27 %select_ln228_29, i27 %sext_ln1333_19"   --->   Operation 149 'add' 'add_ln703_10' <Predicate = true> <Delay = 0.96> <CoreInst = "Adder">   --->   Core 1 'Adder' <Latency = 0> <II = 1> <Delay = 0.96> <FuncUnit> <Opcode : 'add' 'sub'> <InPorts = 2> <OutPorts = 1>
ST_3 : Operation 150 [1/1] (0.96ns)   --->   "%sub_ln703_10 = sub i27 %select_ln228_28, i27 %sext_ln1333_18"   --->   Operation 150 'sub' 'sub_ln703_10' <Predicate = true> <Delay = 0.96> <CoreInst = "Adder">   --->   Core 1 'Adder' <Latency = 0> <II = 1> <Delay = 0.96> <FuncUnit> <Opcode : 'add' 'sub'> <InPorts = 2> <OutPorts = 1>
ST_3 : Operation 151 [1/1] (0.96ns)   --->   "%sub_ln703_33 = sub i27 %select_ln228_29, i27 %sext_ln1333_19"   --->   Operation 151 'sub' 'sub_ln703_33' <Predicate = true> <Delay = 0.96> <CoreInst = "Adder">   --->   Core 1 'Adder' <Latency = 0> <II = 1> <Delay = 0.96> <FuncUnit> <Opcode : 'add' 'sub'> <InPorts = 2> <OutPorts = 1>
ST_3 : Operation 152 [1/1] (0.96ns)   --->   "%add_ln703_31 = add i27 %select_ln228_28, i27 %sext_ln1333_18"   --->   Operation 152 'add' 'add_ln703_31' <Predicate = true> <Delay = 0.96> <CoreInst = "Adder">   --->   Core 1 'Adder' <Latency = 0> <II = 1> <Delay = 0.96> <FuncUnit> <Opcode : 'add' 'sub'> <InPorts = 2> <OutPorts = 1>
ST_3 : Operation 153 [1/1] (0.32ns)   --->   "%select_ln228_31 = select i1 %tmp_67, i27 %add_ln703_31, i27 %sub_ln703_10"   --->   Operation 153 'select' 'select_ln228_31' <Predicate = true> <Delay = 0.32> <CoreInst = "Sel">   --->   Core 73 'Sel' <Latency = 0> <II = 1> <Delay = 0.36> <FuncUnit> <Opcode : 'select'> <InPorts = 3> <OutPorts = 1>
ST_3 : Operation 154 [1/1] (0.32ns)   --->   "%select_ln228_32 = select i1 %tmp_67, i27 %sub_ln703_33, i27 %add_ln703_10"   --->   Operation 154 'select' 'select_ln228_32' <Predicate = true> <Delay = 0.32> <CoreInst = "Sel">   --->   Core 73 'Sel' <Latency = 0> <II = 1> <Delay = 0.36> <FuncUnit> <Opcode : 'select'> <InPorts = 3> <OutPorts = 1>
ST_3 : Operation 155 [1/1] (0.00ns)   --->   "%tmp_68 = bitselect i1 @_ssdm_op_BitSelect.i1.i27.i32, i27 %select_ln228_31, i32 26"   --->   Operation 155 'bitselect' 'tmp_68' <Predicate = true> <Delay = 0.00>
ST_3 : Operation 156 [1/1] (0.00ns)   --->   "%trunc_ln1333_19 = partselect i16 @_ssdm_op_PartSelect.i16.i27.i32.i32, i27 %select_ln228_32, i32 11, i32 26"   --->   Operation 156 'partselect' 'trunc_ln1333_19' <Predicate = true> <Delay = 0.00>
ST_3 : Operation 157 [1/1] (0.00ns)   --->   "%sext_ln1333_20 = sext i16 %trunc_ln1333_19"   --->   Operation 157 'sext' 'sext_ln1333_20' <Predicate = true> <Delay = 0.00>
ST_3 : Operation 158 [1/1] (0.00ns)   --->   "%trunc_ln1333_20 = partselect i16 @_ssdm_op_PartSelect.i16.i27.i32.i32, i27 %select_ln228_31, i32 11, i32 26"   --->   Operation 158 'partselect' 'trunc_ln1333_20' <Predicate = true> <Delay = 0.00>
ST_3 : Operation 159 [1/1] (0.00ns)   --->   "%sext_ln1333_21 = sext i16 %trunc_ln1333_20"   --->   Operation 159 'sext' 'sext_ln1333_21' <Predicate = true> <Delay = 0.00>
ST_3 : Operation 160 [1/1] (0.96ns)   --->   "%add_ln703_11 = add i27 %select_ln228_32, i27 %sext_ln1333_21"   --->   Operation 160 'add' 'add_ln703_11' <Predicate = true> <Delay = 0.96> <CoreInst = "Adder">   --->   Core 1 'Adder' <Latency = 0> <II = 1> <Delay = 0.96> <FuncUnit> <Opcode : 'add' 'sub'> <InPorts = 2> <OutPorts = 1>
ST_3 : Operation 161 [1/1] (0.96ns)   --->   "%sub_ln703_11 = sub i27 %select_ln228_31, i27 %sext_ln1333_20"   --->   Operation 161 'sub' 'sub_ln703_11' <Predicate = true> <Delay = 0.96> <CoreInst = "Adder">   --->   Core 1 'Adder' <Latency = 0> <II = 1> <Delay = 0.96> <FuncUnit> <Opcode : 'add' 'sub'> <InPorts = 2> <OutPorts = 1>
ST_3 : Operation 162 [1/1] (0.96ns)   --->   "%sub_ln703_34 = sub i27 %select_ln228_32, i27 %sext_ln1333_21"   --->   Operation 162 'sub' 'sub_ln703_34' <Predicate = true> <Delay = 0.96> <CoreInst = "Adder">   --->   Core 1 'Adder' <Latency = 0> <II = 1> <Delay = 0.96> <FuncUnit> <Opcode : 'add' 'sub'> <InPorts = 2> <OutPorts = 1>
ST_3 : Operation 163 [1/1] (0.96ns)   --->   "%add_ln703_32 = add i27 %select_ln228_31, i27 %sext_ln1333_20"   --->   Operation 163 'add' 'add_ln703_32' <Predicate = true> <Delay = 0.96> <CoreInst = "Adder">   --->   Core 1 'Adder' <Latency = 0> <II = 1> <Delay = 0.96> <FuncUnit> <Opcode : 'add' 'sub'> <InPorts = 2> <OutPorts = 1>
ST_3 : Operation 164 [1/1] (0.32ns)   --->   "%select_ln228_34 = select i1 %tmp_68, i27 %add_ln703_32, i27 %sub_ln703_11"   --->   Operation 164 'select' 'select_ln228_34' <Predicate = true> <Delay = 0.32> <CoreInst = "Sel">   --->   Core 73 'Sel' <Latency = 0> <II = 1> <Delay = 0.36> <FuncUnit> <Opcode : 'select'> <InPorts = 3> <OutPorts = 1>
ST_3 : Operation 165 [1/1] (0.32ns)   --->   "%select_ln228_35 = select i1 %tmp_68, i27 %sub_ln703_34, i27 %add_ln703_11"   --->   Operation 165 'select' 'select_ln228_35' <Predicate = true> <Delay = 0.32> <CoreInst = "Sel">   --->   Core 73 'Sel' <Latency = 0> <II = 1> <Delay = 0.36> <FuncUnit> <Opcode : 'select'> <InPorts = 3> <OutPorts = 1>
ST_3 : Operation 166 [1/1] (0.00ns)   --->   "%tmp_69 = bitselect i1 @_ssdm_op_BitSelect.i1.i27.i32, i27 %select_ln228_34, i32 26"   --->   Operation 166 'bitselect' 'tmp_69' <Predicate = true> <Delay = 0.00>
ST_3 : Operation 167 [1/1] (0.00ns)   --->   "%trunc_ln1333_21 = partselect i15 @_ssdm_op_PartSelect.i15.i27.i32.i32, i27 %select_ln228_35, i32 12, i32 26"   --->   Operation 167 'partselect' 'trunc_ln1333_21' <Predicate = true> <Delay = 0.00>
ST_3 : Operation 168 [1/1] (0.00ns)   --->   "%sext_ln1333_22 = sext i15 %trunc_ln1333_21"   --->   Operation 168 'sext' 'sext_ln1333_22' <Predicate = true> <Delay = 0.00>
ST_3 : Operation 169 [1/1] (0.00ns)   --->   "%trunc_ln1333_22 = partselect i15 @_ssdm_op_PartSelect.i15.i27.i32.i32, i27 %select_ln228_34, i32 12, i32 26"   --->   Operation 169 'partselect' 'trunc_ln1333_22' <Predicate = true> <Delay = 0.00>
ST_3 : Operation 170 [1/1] (0.00ns)   --->   "%sext_ln1333_23 = sext i15 %trunc_ln1333_22"   --->   Operation 170 'sext' 'sext_ln1333_23' <Predicate = true> <Delay = 0.00>
ST_3 : Operation 171 [1/1] (0.96ns)   --->   "%add_ln703_12 = add i27 %select_ln228_35, i27 %sext_ln1333_23"   --->   Operation 171 'add' 'add_ln703_12' <Predicate = true> <Delay = 0.96> <CoreInst = "Adder">   --->   Core 1 'Adder' <Latency = 0> <II = 1> <Delay = 0.96> <FuncUnit> <Opcode : 'add' 'sub'> <InPorts = 2> <OutPorts = 1>
ST_3 : Operation 172 [1/1] (0.96ns)   --->   "%sub_ln703_12 = sub i27 %select_ln228_34, i27 %sext_ln1333_22"   --->   Operation 172 'sub' 'sub_ln703_12' <Predicate = true> <Delay = 0.96> <CoreInst = "Adder">   --->   Core 1 'Adder' <Latency = 0> <II = 1> <Delay = 0.96> <FuncUnit> <Opcode : 'add' 'sub'> <InPorts = 2> <OutPorts = 1>
ST_3 : Operation 173 [1/1] (0.96ns)   --->   "%sub_ln703_35 = sub i27 %select_ln228_35, i27 %sext_ln1333_23"   --->   Operation 173 'sub' 'sub_ln703_35' <Predicate = true> <Delay = 0.96> <CoreInst = "Adder">   --->   Core 1 'Adder' <Latency = 0> <II = 1> <Delay = 0.96> <FuncUnit> <Opcode : 'add' 'sub'> <InPorts = 2> <OutPorts = 1>
ST_3 : Operation 174 [1/1] (0.96ns)   --->   "%add_ln703_33 = add i27 %select_ln228_34, i27 %sext_ln1333_22"   --->   Operation 174 'add' 'add_ln703_33' <Predicate = true> <Delay = 0.96> <CoreInst = "Adder">   --->   Core 1 'Adder' <Latency = 0> <II = 1> <Delay = 0.96> <FuncUnit> <Opcode : 'add' 'sub'> <InPorts = 2> <OutPorts = 1>
ST_3 : Operation 175 [1/1] (0.32ns)   --->   "%select_ln228_37 = select i1 %tmp_69, i27 %add_ln703_33, i27 %sub_ln703_12"   --->   Operation 175 'select' 'select_ln228_37' <Predicate = true> <Delay = 0.32> <CoreInst = "Sel">   --->   Core 73 'Sel' <Latency = 0> <II = 1> <Delay = 0.36> <FuncUnit> <Opcode : 'select'> <InPorts = 3> <OutPorts = 1>
ST_3 : Operation 176 [1/1] (0.32ns)   --->   "%select_ln228_38 = select i1 %tmp_69, i27 %sub_ln703_35, i27 %add_ln703_12"   --->   Operation 176 'select' 'select_ln228_38' <Predicate = true> <Delay = 0.32> <CoreInst = "Sel">   --->   Core 73 'Sel' <Latency = 0> <II = 1> <Delay = 0.36> <FuncUnit> <Opcode : 'select'> <InPorts = 3> <OutPorts = 1>
ST_3 : Operation 177 [1/1] (0.00ns)   --->   "%tmp_70 = bitselect i1 @_ssdm_op_BitSelect.i1.i27.i32, i27 %select_ln228_37, i32 26"   --->   Operation 177 'bitselect' 'tmp_70' <Predicate = true> <Delay = 0.00>
ST_3 : Operation 178 [1/1] (0.00ns)   --->   "%trunc_ln1333_23 = partselect i14 @_ssdm_op_PartSelect.i14.i27.i32.i32, i27 %select_ln228_38, i32 13, i32 26"   --->   Operation 178 'partselect' 'trunc_ln1333_23' <Predicate = true> <Delay = 0.00>
ST_3 : Operation 179 [1/1] (0.00ns)   --->   "%trunc_ln1333_24 = partselect i14 @_ssdm_op_PartSelect.i14.i27.i32.i32, i27 %select_ln228_37, i32 13, i32 26"   --->   Operation 179 'partselect' 'trunc_ln1333_24' <Predicate = true> <Delay = 0.00>

State 4 <SV = 3> <Delay = 6.44>
ST_4 : Operation 180 [1/1] (0.00ns)   --->   "%sext_ln1333_24 = sext i14 %trunc_ln1333_23"   --->   Operation 180 'sext' 'sext_ln1333_24' <Predicate = true> <Delay = 0.00>
ST_4 : Operation 181 [1/1] (0.00ns)   --->   "%sext_ln1333_25 = sext i14 %trunc_ln1333_24"   --->   Operation 181 'sext' 'sext_ln1333_25' <Predicate = true> <Delay = 0.00>
ST_4 : Operation 182 [1/1] (0.96ns)   --->   "%add_ln703_13 = add i27 %select_ln228_38, i27 %sext_ln1333_25"   --->   Operation 182 'add' 'add_ln703_13' <Predicate = (!tmp_70)> <Delay = 0.96> <CoreInst = "Adder">   --->   Core 1 'Adder' <Latency = 0> <II = 1> <Delay = 0.96> <FuncUnit> <Opcode : 'add' 'sub'> <InPorts = 2> <OutPorts = 1>
ST_4 : Operation 183 [1/1] (0.96ns)   --->   "%sub_ln703_13 = sub i27 %select_ln228_37, i27 %sext_ln1333_24"   --->   Operation 183 'sub' 'sub_ln703_13' <Predicate = (!tmp_70)> <Delay = 0.96> <CoreInst = "Adder">   --->   Core 1 'Adder' <Latency = 0> <II = 1> <Delay = 0.96> <FuncUnit> <Opcode : 'add' 'sub'> <InPorts = 2> <OutPorts = 1>
ST_4 : Operation 184 [1/1] (0.96ns)   --->   "%sub_ln703_36 = sub i27 %select_ln228_38, i27 %sext_ln1333_25"   --->   Operation 184 'sub' 'sub_ln703_36' <Predicate = (tmp_70)> <Delay = 0.96> <CoreInst = "Adder">   --->   Core 1 'Adder' <Latency = 0> <II = 1> <Delay = 0.96> <FuncUnit> <Opcode : 'add' 'sub'> <InPorts = 2> <OutPorts = 1>
ST_4 : Operation 185 [1/1] (0.96ns)   --->   "%add_ln703_34 = add i27 %select_ln228_37, i27 %sext_ln1333_24"   --->   Operation 185 'add' 'add_ln703_34' <Predicate = (tmp_70)> <Delay = 0.96> <CoreInst = "Adder">   --->   Core 1 'Adder' <Latency = 0> <II = 1> <Delay = 0.96> <FuncUnit> <Opcode : 'add' 'sub'> <InPorts = 2> <OutPorts = 1>
ST_4 : Operation 186 [1/1] (0.32ns)   --->   "%select_ln228_40 = select i1 %tmp_70, i27 %add_ln703_34, i27 %sub_ln703_13"   --->   Operation 186 'select' 'select_ln228_40' <Predicate = true> <Delay = 0.32> <CoreInst = "Sel">   --->   Core 73 'Sel' <Latency = 0> <II = 1> <Delay = 0.36> <FuncUnit> <Opcode : 'select'> <InPorts = 3> <OutPorts = 1>
ST_4 : Operation 187 [1/1] (0.32ns)   --->   "%select_ln228_41 = select i1 %tmp_70, i27 %sub_ln703_36, i27 %add_ln703_13"   --->   Operation 187 'select' 'select_ln228_41' <Predicate = true> <Delay = 0.32> <CoreInst = "Sel">   --->   Core 73 'Sel' <Latency = 0> <II = 1> <Delay = 0.36> <FuncUnit> <Opcode : 'select'> <InPorts = 3> <OutPorts = 1>
ST_4 : Operation 188 [1/1] (0.00ns)   --->   "%tmp_71 = bitselect i1 @_ssdm_op_BitSelect.i1.i27.i32, i27 %select_ln228_40, i32 26"   --->   Operation 188 'bitselect' 'tmp_71' <Predicate = true> <Delay = 0.00>
ST_4 : Operation 189 [1/1] (0.00ns)   --->   "%trunc_ln1333_25 = partselect i13 @_ssdm_op_PartSelect.i13.i27.i32.i32, i27 %select_ln228_41, i32 14, i32 26"   --->   Operation 189 'partselect' 'trunc_ln1333_25' <Predicate = true> <Delay = 0.00>
ST_4 : Operation 190 [1/1] (0.00ns)   --->   "%sext_ln1333_26 = sext i13 %trunc_ln1333_25"   --->   Operation 190 'sext' 'sext_ln1333_26' <Predicate = true> <Delay = 0.00>
ST_4 : Operation 191 [1/1] (0.00ns)   --->   "%trunc_ln1333_26 = partselect i13 @_ssdm_op_PartSelect.i13.i27.i32.i32, i27 %select_ln228_40, i32 14, i32 26"   --->   Operation 191 'partselect' 'trunc_ln1333_26' <Predicate = true> <Delay = 0.00>
ST_4 : Operation 192 [1/1] (0.00ns)   --->   "%sext_ln1333_27 = sext i13 %trunc_ln1333_26"   --->   Operation 192 'sext' 'sext_ln1333_27' <Predicate = true> <Delay = 0.00>
ST_4 : Operation 193 [1/1] (0.96ns)   --->   "%add_ln703_14 = add i27 %select_ln228_41, i27 %sext_ln1333_27"   --->   Operation 193 'add' 'add_ln703_14' <Predicate = true> <Delay = 0.96> <CoreInst = "Adder">   --->   Core 1 'Adder' <Latency = 0> <II = 1> <Delay = 0.96> <FuncUnit> <Opcode : 'add' 'sub'> <InPorts = 2> <OutPorts = 1>
ST_4 : Operation 194 [1/1] (0.96ns)   --->   "%sub_ln703_14 = sub i27 %select_ln228_40, i27 %sext_ln1333_26"   --->   Operation 194 'sub' 'sub_ln703_14' <Predicate = true> <Delay = 0.96> <CoreInst = "Adder">   --->   Core 1 'Adder' <Latency = 0> <II = 1> <Delay = 0.96> <FuncUnit> <Opcode : 'add' 'sub'> <InPorts = 2> <OutPorts = 1>
ST_4 : Operation 195 [1/1] (0.96ns)   --->   "%sub_ln703_37 = sub i27 %select_ln228_41, i27 %sext_ln1333_27"   --->   Operation 195 'sub' 'sub_ln703_37' <Predicate = true> <Delay = 0.96> <CoreInst = "Adder">   --->   Core 1 'Adder' <Latency = 0> <II = 1> <Delay = 0.96> <FuncUnit> <Opcode : 'add' 'sub'> <InPorts = 2> <OutPorts = 1>
ST_4 : Operation 196 [1/1] (0.96ns)   --->   "%add_ln703_35 = add i27 %select_ln228_40, i27 %sext_ln1333_26"   --->   Operation 196 'add' 'add_ln703_35' <Predicate = true> <Delay = 0.96> <CoreInst = "Adder">   --->   Core 1 'Adder' <Latency = 0> <II = 1> <Delay = 0.96> <FuncUnit> <Opcode : 'add' 'sub'> <InPorts = 2> <OutPorts = 1>
ST_4 : Operation 197 [1/1] (0.32ns)   --->   "%select_ln228_43 = select i1 %tmp_71, i27 %add_ln703_35, i27 %sub_ln703_14"   --->   Operation 197 'select' 'select_ln228_43' <Predicate = true> <Delay = 0.32> <CoreInst = "Sel">   --->   Core 73 'Sel' <Latency = 0> <II = 1> <Delay = 0.36> <FuncUnit> <Opcode : 'select'> <InPorts = 3> <OutPorts = 1>
ST_4 : Operation 198 [1/1] (0.32ns)   --->   "%select_ln228_44 = select i1 %tmp_71, i27 %sub_ln703_37, i27 %add_ln703_14"   --->   Operation 198 'select' 'select_ln228_44' <Predicate = true> <Delay = 0.32> <CoreInst = "Sel">   --->   Core 73 'Sel' <Latency = 0> <II = 1> <Delay = 0.36> <FuncUnit> <Opcode : 'select'> <InPorts = 3> <OutPorts = 1>
ST_4 : Operation 199 [1/1] (0.00ns)   --->   "%tmp_72 = bitselect i1 @_ssdm_op_BitSelect.i1.i27.i32, i27 %select_ln228_43, i32 26"   --->   Operation 199 'bitselect' 'tmp_72' <Predicate = true> <Delay = 0.00>
ST_4 : Operation 200 [1/1] (0.00ns)   --->   "%trunc_ln1333_27 = partselect i12 @_ssdm_op_PartSelect.i12.i27.i32.i32, i27 %select_ln228_44, i32 15, i32 26"   --->   Operation 200 'partselect' 'trunc_ln1333_27' <Predicate = true> <Delay = 0.00>
ST_4 : Operation 201 [1/1] (0.00ns)   --->   "%sext_ln1333_28 = sext i12 %trunc_ln1333_27"   --->   Operation 201 'sext' 'sext_ln1333_28' <Predicate = true> <Delay = 0.00>
ST_4 : Operation 202 [1/1] (0.00ns)   --->   "%trunc_ln1333_28 = partselect i12 @_ssdm_op_PartSelect.i12.i27.i32.i32, i27 %select_ln228_43, i32 15, i32 26"   --->   Operation 202 'partselect' 'trunc_ln1333_28' <Predicate = true> <Delay = 0.00>
ST_4 : Operation 203 [1/1] (0.00ns)   --->   "%sext_ln1333_29 = sext i12 %trunc_ln1333_28"   --->   Operation 203 'sext' 'sext_ln1333_29' <Predicate = true> <Delay = 0.00>
ST_4 : Operation 204 [1/1] (0.96ns)   --->   "%add_ln703_15 = add i27 %select_ln228_44, i27 %sext_ln1333_29"   --->   Operation 204 'add' 'add_ln703_15' <Predicate = true> <Delay = 0.96> <CoreInst = "Adder">   --->   Core 1 'Adder' <Latency = 0> <II = 1> <Delay = 0.96> <FuncUnit> <Opcode : 'add' 'sub'> <InPorts = 2> <OutPorts = 1>
ST_4 : Operation 205 [1/1] (0.96ns)   --->   "%sub_ln703_15 = sub i27 %select_ln228_43, i27 %sext_ln1333_28"   --->   Operation 205 'sub' 'sub_ln703_15' <Predicate = true> <Delay = 0.96> <CoreInst = "Adder">   --->   Core 1 'Adder' <Latency = 0> <II = 1> <Delay = 0.96> <FuncUnit> <Opcode : 'add' 'sub'> <InPorts = 2> <OutPorts = 1>
ST_4 : Operation 206 [1/1] (0.96ns)   --->   "%sub_ln703_38 = sub i27 %select_ln228_44, i27 %sext_ln1333_29"   --->   Operation 206 'sub' 'sub_ln703_38' <Predicate = true> <Delay = 0.96> <CoreInst = "Adder">   --->   Core 1 'Adder' <Latency = 0> <II = 1> <Delay = 0.96> <FuncUnit> <Opcode : 'add' 'sub'> <InPorts = 2> <OutPorts = 1>
ST_4 : Operation 207 [1/1] (0.96ns)   --->   "%add_ln703_36 = add i27 %select_ln228_43, i27 %sext_ln1333_28"   --->   Operation 207 'add' 'add_ln703_36' <Predicate = true> <Delay = 0.96> <CoreInst = "Adder">   --->   Core 1 'Adder' <Latency = 0> <II = 1> <Delay = 0.96> <FuncUnit> <Opcode : 'add' 'sub'> <InPorts = 2> <OutPorts = 1>
ST_4 : Operation 208 [1/1] (0.32ns)   --->   "%select_ln228_46 = select i1 %tmp_72, i27 %add_ln703_36, i27 %sub_ln703_15"   --->   Operation 208 'select' 'select_ln228_46' <Predicate = true> <Delay = 0.32> <CoreInst = "Sel">   --->   Core 73 'Sel' <Latency = 0> <II = 1> <Delay = 0.36> <FuncUnit> <Opcode : 'select'> <InPorts = 3> <OutPorts = 1>
ST_4 : Operation 209 [1/1] (0.32ns)   --->   "%select_ln228_47 = select i1 %tmp_72, i27 %sub_ln703_38, i27 %add_ln703_15"   --->   Operation 209 'select' 'select_ln228_47' <Predicate = true> <Delay = 0.32> <CoreInst = "Sel">   --->   Core 73 'Sel' <Latency = 0> <II = 1> <Delay = 0.36> <FuncUnit> <Opcode : 'select'> <InPorts = 3> <OutPorts = 1>
ST_4 : Operation 210 [1/1] (0.00ns)   --->   "%tmp_73 = bitselect i1 @_ssdm_op_BitSelect.i1.i27.i32, i27 %select_ln228_46, i32 26"   --->   Operation 210 'bitselect' 'tmp_73' <Predicate = true> <Delay = 0.00>
ST_4 : Operation 211 [1/1] (0.00ns)   --->   "%trunc_ln1333_29 = partselect i11 @_ssdm_op_PartSelect.i11.i27.i32.i32, i27 %select_ln228_47, i32 16, i32 26"   --->   Operation 211 'partselect' 'trunc_ln1333_29' <Predicate = true> <Delay = 0.00>
ST_4 : Operation 212 [1/1] (0.00ns)   --->   "%sext_ln1333_30 = sext i11 %trunc_ln1333_29"   --->   Operation 212 'sext' 'sext_ln1333_30' <Predicate = true> <Delay = 0.00>
ST_4 : Operation 213 [1/1] (0.00ns)   --->   "%trunc_ln1333_30 = partselect i11 @_ssdm_op_PartSelect.i11.i27.i32.i32, i27 %select_ln228_46, i32 16, i32 26"   --->   Operation 213 'partselect' 'trunc_ln1333_30' <Predicate = true> <Delay = 0.00>
ST_4 : Operation 214 [1/1] (0.00ns)   --->   "%sext_ln1333_31 = sext i11 %trunc_ln1333_30"   --->   Operation 214 'sext' 'sext_ln1333_31' <Predicate = true> <Delay = 0.00>
ST_4 : Operation 215 [1/1] (0.96ns)   --->   "%add_ln703_16 = add i27 %select_ln228_47, i27 %sext_ln1333_31"   --->   Operation 215 'add' 'add_ln703_16' <Predicate = true> <Delay = 0.96> <CoreInst = "Adder">   --->   Core 1 'Adder' <Latency = 0> <II = 1> <Delay = 0.96> <FuncUnit> <Opcode : 'add' 'sub'> <InPorts = 2> <OutPorts = 1>
ST_4 : Operation 216 [1/1] (0.96ns)   --->   "%sub_ln703_16 = sub i27 %select_ln228_46, i27 %sext_ln1333_30"   --->   Operation 216 'sub' 'sub_ln703_16' <Predicate = true> <Delay = 0.96> <CoreInst = "Adder">   --->   Core 1 'Adder' <Latency = 0> <II = 1> <Delay = 0.96> <FuncUnit> <Opcode : 'add' 'sub'> <InPorts = 2> <OutPorts = 1>
ST_4 : Operation 217 [1/1] (0.96ns)   --->   "%sub_ln703_39 = sub i27 %select_ln228_47, i27 %sext_ln1333_31"   --->   Operation 217 'sub' 'sub_ln703_39' <Predicate = true> <Delay = 0.96> <CoreInst = "Adder">   --->   Core 1 'Adder' <Latency = 0> <II = 1> <Delay = 0.96> <FuncUnit> <Opcode : 'add' 'sub'> <InPorts = 2> <OutPorts = 1>
ST_4 : Operation 218 [1/1] (0.96ns)   --->   "%add_ln703_37 = add i27 %select_ln228_46, i27 %sext_ln1333_30"   --->   Operation 218 'add' 'add_ln703_37' <Predicate = true> <Delay = 0.96> <CoreInst = "Adder">   --->   Core 1 'Adder' <Latency = 0> <II = 1> <Delay = 0.96> <FuncUnit> <Opcode : 'add' 'sub'> <InPorts = 2> <OutPorts = 1>
ST_4 : Operation 219 [1/1] (0.32ns)   --->   "%select_ln228_49 = select i1 %tmp_73, i27 %add_ln703_37, i27 %sub_ln703_16"   --->   Operation 219 'select' 'select_ln228_49' <Predicate = true> <Delay = 0.32> <CoreInst = "Sel">   --->   Core 73 'Sel' <Latency = 0> <II = 1> <Delay = 0.36> <FuncUnit> <Opcode : 'select'> <InPorts = 3> <OutPorts = 1>
ST_4 : Operation 220 [1/1] (0.32ns)   --->   "%select_ln228_50 = select i1 %tmp_73, i27 %sub_ln703_39, i27 %add_ln703_16"   --->   Operation 220 'select' 'select_ln228_50' <Predicate = true> <Delay = 0.32> <CoreInst = "Sel">   --->   Core 73 'Sel' <Latency = 0> <II = 1> <Delay = 0.36> <FuncUnit> <Opcode : 'select'> <InPorts = 3> <OutPorts = 1>
ST_4 : Operation 221 [1/1] (0.00ns)   --->   "%tmp_74 = bitselect i1 @_ssdm_op_BitSelect.i1.i27.i32, i27 %select_ln228_49, i32 26"   --->   Operation 221 'bitselect' 'tmp_74' <Predicate = true> <Delay = 0.00>
ST_4 : Operation 222 [1/1] (0.00ns)   --->   "%trunc_ln1333_31 = partselect i10 @_ssdm_op_PartSelect.i10.i27.i32.i32, i27 %select_ln228_50, i32 17, i32 26"   --->   Operation 222 'partselect' 'trunc_ln1333_31' <Predicate = true> <Delay = 0.00>
ST_4 : Operation 223 [1/1] (0.00ns)   --->   "%sext_ln1333_32 = sext i10 %trunc_ln1333_31"   --->   Operation 223 'sext' 'sext_ln1333_32' <Predicate = true> <Delay = 0.00>
ST_4 : Operation 224 [1/1] (0.00ns)   --->   "%trunc_ln1333_32 = partselect i10 @_ssdm_op_PartSelect.i10.i27.i32.i32, i27 %select_ln228_49, i32 17, i32 26"   --->   Operation 224 'partselect' 'trunc_ln1333_32' <Predicate = true> <Delay = 0.00>
ST_4 : Operation 225 [1/1] (0.00ns)   --->   "%sext_ln1333_33 = sext i10 %trunc_ln1333_32"   --->   Operation 225 'sext' 'sext_ln1333_33' <Predicate = true> <Delay = 0.00>
ST_4 : Operation 226 [1/1] (0.96ns)   --->   "%add_ln703_17 = add i27 %select_ln228_50, i27 %sext_ln1333_33"   --->   Operation 226 'add' 'add_ln703_17' <Predicate = true> <Delay = 0.96> <CoreInst = "Adder">   --->   Core 1 'Adder' <Latency = 0> <II = 1> <Delay = 0.96> <FuncUnit> <Opcode : 'add' 'sub'> <InPorts = 2> <OutPorts = 1>
ST_4 : Operation 227 [1/1] (0.96ns)   --->   "%sub_ln703_17 = sub i27 %select_ln228_49, i27 %sext_ln1333_32"   --->   Operation 227 'sub' 'sub_ln703_17' <Predicate = true> <Delay = 0.96> <CoreInst = "Adder">   --->   Core 1 'Adder' <Latency = 0> <II = 1> <Delay = 0.96> <FuncUnit> <Opcode : 'add' 'sub'> <InPorts = 2> <OutPorts = 1>
ST_4 : Operation 228 [1/1] (0.96ns)   --->   "%sub_ln703_40 = sub i27 %select_ln228_50, i27 %sext_ln1333_33"   --->   Operation 228 'sub' 'sub_ln703_40' <Predicate = true> <Delay = 0.96> <CoreInst = "Adder">   --->   Core 1 'Adder' <Latency = 0> <II = 1> <Delay = 0.96> <FuncUnit> <Opcode : 'add' 'sub'> <InPorts = 2> <OutPorts = 1>
ST_4 : Operation 229 [1/1] (0.96ns)   --->   "%add_ln703_38 = add i27 %select_ln228_49, i27 %sext_ln1333_32"   --->   Operation 229 'add' 'add_ln703_38' <Predicate = true> <Delay = 0.96> <CoreInst = "Adder">   --->   Core 1 'Adder' <Latency = 0> <II = 1> <Delay = 0.96> <FuncUnit> <Opcode : 'add' 'sub'> <InPorts = 2> <OutPorts = 1>
ST_4 : Operation 230 [1/1] (0.32ns)   --->   "%select_ln228_52 = select i1 %tmp_74, i27 %add_ln703_38, i27 %sub_ln703_17"   --->   Operation 230 'select' 'select_ln228_52' <Predicate = true> <Delay = 0.32> <CoreInst = "Sel">   --->   Core 73 'Sel' <Latency = 0> <II = 1> <Delay = 0.36> <FuncUnit> <Opcode : 'select'> <InPorts = 3> <OutPorts = 1>
ST_4 : Operation 231 [1/1] (0.32ns)   --->   "%select_ln228_53 = select i1 %tmp_74, i27 %sub_ln703_40, i27 %add_ln703_17"   --->   Operation 231 'select' 'select_ln228_53' <Predicate = true> <Delay = 0.32> <CoreInst = "Sel">   --->   Core 73 'Sel' <Latency = 0> <II = 1> <Delay = 0.36> <FuncUnit> <Opcode : 'select'> <InPorts = 3> <OutPorts = 1>
ST_4 : Operation 232 [1/1] (0.00ns)   --->   "%tmp_75 = bitselect i1 @_ssdm_op_BitSelect.i1.i27.i32, i27 %select_ln228_52, i32 26"   --->   Operation 232 'bitselect' 'tmp_75' <Predicate = true> <Delay = 0.00>
ST_4 : Operation 233 [1/1] (0.00ns)   --->   "%trunc_ln1333_33 = partselect i9 @_ssdm_op_PartSelect.i9.i27.i32.i32, i27 %select_ln228_53, i32 18, i32 26"   --->   Operation 233 'partselect' 'trunc_ln1333_33' <Predicate = true> <Delay = 0.00>
ST_4 : Operation 234 [1/1] (0.00ns)   --->   "%trunc_ln1333_34 = partselect i9 @_ssdm_op_PartSelect.i9.i27.i32.i32, i27 %select_ln228_52, i32 18, i32 26"   --->   Operation 234 'partselect' 'trunc_ln1333_34' <Predicate = true> <Delay = 0.00>

State 5 <SV = 4> <Delay = 7.00>
ST_5 : Operation 235 [1/1] (0.00ns)   --->   "%sext_ln1333_34 = sext i9 %trunc_ln1333_33"   --->   Operation 235 'sext' 'sext_ln1333_34' <Predicate = true> <Delay = 0.00>
ST_5 : Operation 236 [1/1] (0.00ns)   --->   "%sext_ln1333_35 = sext i9 %trunc_ln1333_34"   --->   Operation 236 'sext' 'sext_ln1333_35' <Predicate = true> <Delay = 0.00>
ST_5 : Operation 237 [1/1] (0.96ns)   --->   "%add_ln703_18 = add i27 %select_ln228_53, i27 %sext_ln1333_35"   --->   Operation 237 'add' 'add_ln703_18' <Predicate = (!tmp_75)> <Delay = 0.96> <CoreInst = "Adder">   --->   Core 1 'Adder' <Latency = 0> <II = 1> <Delay = 0.96> <FuncUnit> <Opcode : 'add' 'sub'> <InPorts = 2> <OutPorts = 1>
ST_5 : Operation 238 [1/1] (0.96ns)   --->   "%sub_ln703_18 = sub i27 %select_ln228_52, i27 %sext_ln1333_34"   --->   Operation 238 'sub' 'sub_ln703_18' <Predicate = (!tmp_75)> <Delay = 0.96> <CoreInst = "Adder">   --->   Core 1 'Adder' <Latency = 0> <II = 1> <Delay = 0.96> <FuncUnit> <Opcode : 'add' 'sub'> <InPorts = 2> <OutPorts = 1>
ST_5 : Operation 239 [1/1] (0.96ns)   --->   "%sub_ln703_41 = sub i27 %select_ln228_53, i27 %sext_ln1333_35"   --->   Operation 239 'sub' 'sub_ln703_41' <Predicate = (tmp_75)> <Delay = 0.96> <CoreInst = "Adder">   --->   Core 1 'Adder' <Latency = 0> <II = 1> <Delay = 0.96> <FuncUnit> <Opcode : 'add' 'sub'> <InPorts = 2> <OutPorts = 1>
ST_5 : Operation 240 [1/1] (0.96ns)   --->   "%add_ln703_39 = add i27 %select_ln228_52, i27 %sext_ln1333_34"   --->   Operation 240 'add' 'add_ln703_39' <Predicate = (tmp_75)> <Delay = 0.96> <CoreInst = "Adder">   --->   Core 1 'Adder' <Latency = 0> <II = 1> <Delay = 0.96> <FuncUnit> <Opcode : 'add' 'sub'> <InPorts = 2> <OutPorts = 1>
ST_5 : Operation 241 [1/1] (0.32ns)   --->   "%select_ln228_55 = select i1 %tmp_75, i27 %add_ln703_39, i27 %sub_ln703_18"   --->   Operation 241 'select' 'select_ln228_55' <Predicate = true> <Delay = 0.32> <CoreInst = "Sel">   --->   Core 73 'Sel' <Latency = 0> <II = 1> <Delay = 0.36> <FuncUnit> <Opcode : 'select'> <InPorts = 3> <OutPorts = 1>
ST_5 : Operation 242 [1/1] (0.32ns)   --->   "%select_ln228_56 = select i1 %tmp_75, i27 %sub_ln703_41, i27 %add_ln703_18"   --->   Operation 242 'select' 'select_ln228_56' <Predicate = true> <Delay = 0.32> <CoreInst = "Sel">   --->   Core 73 'Sel' <Latency = 0> <II = 1> <Delay = 0.36> <FuncUnit> <Opcode : 'select'> <InPorts = 3> <OutPorts = 1>
ST_5 : Operation 243 [1/1] (0.00ns)   --->   "%tmp_76 = bitselect i1 @_ssdm_op_BitSelect.i1.i27.i32, i27 %select_ln228_55, i32 26"   --->   Operation 243 'bitselect' 'tmp_76' <Predicate = true> <Delay = 0.00>
ST_5 : Operation 244 [1/1] (0.00ns)   --->   "%trunc_ln1333_35 = partselect i8 @_ssdm_op_PartSelect.i8.i27.i32.i32, i27 %select_ln228_56, i32 19, i32 26"   --->   Operation 244 'partselect' 'trunc_ln1333_35' <Predicate = true> <Delay = 0.00>
ST_5 : Operation 245 [1/1] (0.00ns)   --->   "%sext_ln1333_36 = sext i8 %trunc_ln1333_35"   --->   Operation 245 'sext' 'sext_ln1333_36' <Predicate = true> <Delay = 0.00>
ST_5 : Operation 246 [1/1] (0.00ns)   --->   "%trunc_ln1333_36 = partselect i8 @_ssdm_op_PartSelect.i8.i27.i32.i32, i27 %select_ln228_55, i32 19, i32 26"   --->   Operation 246 'partselect' 'trunc_ln1333_36' <Predicate = true> <Delay = 0.00>
ST_5 : Operation 247 [1/1] (0.00ns)   --->   "%sext_ln1333_37 = sext i8 %trunc_ln1333_36"   --->   Operation 247 'sext' 'sext_ln1333_37' <Predicate = true> <Delay = 0.00>
ST_5 : Operation 248 [1/1] (0.96ns)   --->   "%add_ln703_19 = add i27 %select_ln228_56, i27 %sext_ln1333_37"   --->   Operation 248 'add' 'add_ln703_19' <Predicate = true> <Delay = 0.96> <CoreInst = "Adder">   --->   Core 1 'Adder' <Latency = 0> <II = 1> <Delay = 0.96> <FuncUnit> <Opcode : 'add' 'sub'> <InPorts = 2> <OutPorts = 1>
ST_5 : Operation 249 [1/1] (0.96ns)   --->   "%sub_ln703_19 = sub i27 %select_ln228_55, i27 %sext_ln1333_36"   --->   Operation 249 'sub' 'sub_ln703_19' <Predicate = true> <Delay = 0.96> <CoreInst = "Adder">   --->   Core 1 'Adder' <Latency = 0> <II = 1> <Delay = 0.96> <FuncUnit> <Opcode : 'add' 'sub'> <InPorts = 2> <OutPorts = 1>
ST_5 : Operation 250 [1/1] (0.96ns)   --->   "%sub_ln703_42 = sub i27 %select_ln228_56, i27 %sext_ln1333_37"   --->   Operation 250 'sub' 'sub_ln703_42' <Predicate = true> <Delay = 0.96> <CoreInst = "Adder">   --->   Core 1 'Adder' <Latency = 0> <II = 1> <Delay = 0.96> <FuncUnit> <Opcode : 'add' 'sub'> <InPorts = 2> <OutPorts = 1>
ST_5 : Operation 251 [1/1] (0.96ns)   --->   "%add_ln703_40 = add i27 %select_ln228_55, i27 %sext_ln1333_36"   --->   Operation 251 'add' 'add_ln703_40' <Predicate = true> <Delay = 0.96> <CoreInst = "Adder">   --->   Core 1 'Adder' <Latency = 0> <II = 1> <Delay = 0.96> <FuncUnit> <Opcode : 'add' 'sub'> <InPorts = 2> <OutPorts = 1>
ST_5 : Operation 252 [1/1] (0.32ns)   --->   "%select_ln228_58 = select i1 %tmp_76, i27 %add_ln703_40, i27 %sub_ln703_19"   --->   Operation 252 'select' 'select_ln228_58' <Predicate = true> <Delay = 0.32> <CoreInst = "Sel">   --->   Core 73 'Sel' <Latency = 0> <II = 1> <Delay = 0.36> <FuncUnit> <Opcode : 'select'> <InPorts = 3> <OutPorts = 1>
ST_5 : Operation 253 [1/1] (0.32ns)   --->   "%select_ln228_59 = select i1 %tmp_76, i27 %sub_ln703_42, i27 %add_ln703_19"   --->   Operation 253 'select' 'select_ln228_59' <Predicate = true> <Delay = 0.32> <CoreInst = "Sel">   --->   Core 73 'Sel' <Latency = 0> <II = 1> <Delay = 0.36> <FuncUnit> <Opcode : 'select'> <InPorts = 3> <OutPorts = 1>
ST_5 : Operation 254 [1/1] (0.00ns)   --->   "%tmp_77 = bitselect i1 @_ssdm_op_BitSelect.i1.i27.i32, i27 %select_ln228_58, i32 26"   --->   Operation 254 'bitselect' 'tmp_77' <Predicate = true> <Delay = 0.00>
ST_5 : Operation 255 [1/1] (0.00ns)   --->   "%trunc_ln1333_37 = partselect i7 @_ssdm_op_PartSelect.i7.i27.i32.i32, i27 %select_ln228_59, i32 20, i32 26"   --->   Operation 255 'partselect' 'trunc_ln1333_37' <Predicate = true> <Delay = 0.00>
ST_5 : Operation 256 [1/1] (0.00ns)   --->   "%sext_ln1333_38 = sext i7 %trunc_ln1333_37"   --->   Operation 256 'sext' 'sext_ln1333_38' <Predicate = true> <Delay = 0.00>
ST_5 : Operation 257 [1/1] (0.00ns)   --->   "%trunc_ln1333_38 = partselect i7 @_ssdm_op_PartSelect.i7.i27.i32.i32, i27 %select_ln228_58, i32 20, i32 26"   --->   Operation 257 'partselect' 'trunc_ln1333_38' <Predicate = true> <Delay = 0.00>
ST_5 : Operation 258 [1/1] (0.00ns)   --->   "%sext_ln1333_39 = sext i7 %trunc_ln1333_38"   --->   Operation 258 'sext' 'sext_ln1333_39' <Predicate = true> <Delay = 0.00>
ST_5 : Operation 259 [1/1] (0.96ns)   --->   "%add_ln703_20 = add i27 %select_ln228_59, i27 %sext_ln1333_39"   --->   Operation 259 'add' 'add_ln703_20' <Predicate = true> <Delay = 0.96> <CoreInst = "Adder">   --->   Core 1 'Adder' <Latency = 0> <II = 1> <Delay = 0.96> <FuncUnit> <Opcode : 'add' 'sub'> <InPorts = 2> <OutPorts = 1>
ST_5 : Operation 260 [1/1] (0.96ns)   --->   "%sub_ln703_20 = sub i27 %select_ln228_58, i27 %sext_ln1333_38"   --->   Operation 260 'sub' 'sub_ln703_20' <Predicate = true> <Delay = 0.96> <CoreInst = "Adder">   --->   Core 1 'Adder' <Latency = 0> <II = 1> <Delay = 0.96> <FuncUnit> <Opcode : 'add' 'sub'> <InPorts = 2> <OutPorts = 1>
ST_5 : Operation 261 [1/1] (0.96ns)   --->   "%sub_ln703_43 = sub i27 %select_ln228_59, i27 %sext_ln1333_39"   --->   Operation 261 'sub' 'sub_ln703_43' <Predicate = true> <Delay = 0.96> <CoreInst = "Adder">   --->   Core 1 'Adder' <Latency = 0> <II = 1> <Delay = 0.96> <FuncUnit> <Opcode : 'add' 'sub'> <InPorts = 2> <OutPorts = 1>
ST_5 : Operation 262 [1/1] (0.96ns)   --->   "%add_ln703_41 = add i27 %select_ln228_58, i27 %sext_ln1333_38"   --->   Operation 262 'add' 'add_ln703_41' <Predicate = true> <Delay = 0.96> <CoreInst = "Adder">   --->   Core 1 'Adder' <Latency = 0> <II = 1> <Delay = 0.96> <FuncUnit> <Opcode : 'add' 'sub'> <InPorts = 2> <OutPorts = 1>
ST_5 : Operation 263 [1/1] (0.32ns)   --->   "%select_ln228_61 = select i1 %tmp_77, i27 %add_ln703_41, i27 %sub_ln703_20"   --->   Operation 263 'select' 'select_ln228_61' <Predicate = true> <Delay = 0.32> <CoreInst = "Sel">   --->   Core 73 'Sel' <Latency = 0> <II = 1> <Delay = 0.36> <FuncUnit> <Opcode : 'select'> <InPorts = 3> <OutPorts = 1>
ST_5 : Operation 264 [1/1] (0.32ns)   --->   "%select_ln228_62 = select i1 %tmp_77, i27 %sub_ln703_43, i27 %add_ln703_20"   --->   Operation 264 'select' 'select_ln228_62' <Predicate = true> <Delay = 0.32> <CoreInst = "Sel">   --->   Core 73 'Sel' <Latency = 0> <II = 1> <Delay = 0.36> <FuncUnit> <Opcode : 'select'> <InPorts = 3> <OutPorts = 1>
ST_5 : Operation 265 [1/1] (0.00ns)   --->   "%tmp_78 = bitselect i1 @_ssdm_op_BitSelect.i1.i27.i32, i27 %select_ln228_61, i32 26"   --->   Operation 265 'bitselect' 'tmp_78' <Predicate = true> <Delay = 0.00>
ST_5 : Operation 266 [1/1] (0.00ns)   --->   "%trunc_ln1333_39 = partselect i6 @_ssdm_op_PartSelect.i6.i27.i32.i32, i27 %select_ln228_62, i32 21, i32 26"   --->   Operation 266 'partselect' 'trunc_ln1333_39' <Predicate = true> <Delay = 0.00>
ST_5 : Operation 267 [1/1] (0.00ns)   --->   "%sext_ln1333_40 = sext i6 %trunc_ln1333_39"   --->   Operation 267 'sext' 'sext_ln1333_40' <Predicate = true> <Delay = 0.00>
ST_5 : Operation 268 [1/1] (0.00ns)   --->   "%trunc_ln1333_40 = partselect i6 @_ssdm_op_PartSelect.i6.i27.i32.i32, i27 %select_ln228_61, i32 21, i32 26"   --->   Operation 268 'partselect' 'trunc_ln1333_40' <Predicate = true> <Delay = 0.00>
ST_5 : Operation 269 [1/1] (0.00ns)   --->   "%sext_ln1333_41 = sext i6 %trunc_ln1333_40"   --->   Operation 269 'sext' 'sext_ln1333_41' <Predicate = true> <Delay = 0.00>
ST_5 : Operation 270 [1/1] (0.96ns)   --->   "%add_ln703_21 = add i27 %select_ln228_62, i27 %sext_ln1333_41"   --->   Operation 270 'add' 'add_ln703_21' <Predicate = true> <Delay = 0.96> <CoreInst = "Adder">   --->   Core 1 'Adder' <Latency = 0> <II = 1> <Delay = 0.96> <FuncUnit> <Opcode : 'add' 'sub'> <InPorts = 2> <OutPorts = 1>
ST_5 : Operation 271 [1/1] (0.96ns)   --->   "%sub_ln703_21 = sub i27 %select_ln228_61, i27 %sext_ln1333_40"   --->   Operation 271 'sub' 'sub_ln703_21' <Predicate = true> <Delay = 0.96> <CoreInst = "Adder">   --->   Core 1 'Adder' <Latency = 0> <II = 1> <Delay = 0.96> <FuncUnit> <Opcode : 'add' 'sub'> <InPorts = 2> <OutPorts = 1>
ST_5 : Operation 272 [1/1] (0.96ns)   --->   "%sub_ln703_44 = sub i27 %select_ln228_62, i27 %sext_ln1333_41"   --->   Operation 272 'sub' 'sub_ln703_44' <Predicate = true> <Delay = 0.96> <CoreInst = "Adder">   --->   Core 1 'Adder' <Latency = 0> <II = 1> <Delay = 0.96> <FuncUnit> <Opcode : 'add' 'sub'> <InPorts = 2> <OutPorts = 1>
ST_5 : Operation 273 [1/1] (0.96ns)   --->   "%add_ln703_42 = add i27 %select_ln228_61, i27 %sext_ln1333_40"   --->   Operation 273 'add' 'add_ln703_42' <Predicate = true> <Delay = 0.96> <CoreInst = "Adder">   --->   Core 1 'Adder' <Latency = 0> <II = 1> <Delay = 0.96> <FuncUnit> <Opcode : 'add' 'sub'> <InPorts = 2> <OutPorts = 1>
ST_5 : Operation 274 [1/1] (0.32ns)   --->   "%select_ln228_64 = select i1 %tmp_78, i27 %add_ln703_42, i27 %sub_ln703_21"   --->   Operation 274 'select' 'select_ln228_64' <Predicate = true> <Delay = 0.32> <CoreInst = "Sel">   --->   Core 73 'Sel' <Latency = 0> <II = 1> <Delay = 0.36> <FuncUnit> <Opcode : 'select'> <InPorts = 3> <OutPorts = 1>
ST_5 : Operation 275 [1/1] (0.00ns)   --->   "%tmp_79 = bitselect i1 @_ssdm_op_BitSelect.i1.i27.i32, i27 %select_ln228_64, i32 26"   --->   Operation 275 'bitselect' 'tmp_79' <Predicate = true> <Delay = 0.00>
ST_5 : Operation 276 [1/1] (0.00ns)   --->   "%tmp = partselect i5 @_ssdm_op_PartSelect.i5.i27.i32.i32, i27 %add_ln703_21, i32 22, i32 26"   --->   Operation 276 'partselect' 'tmp' <Predicate = true> <Delay = 0.00>
ST_5 : Operation 277 [1/1] (0.00ns)   --->   "%tmp_s = partselect i5 @_ssdm_op_PartSelect.i5.i27.i32.i32, i27 %sub_ln703_44, i32 22, i32 26"   --->   Operation 277 'partselect' 'tmp_s' <Predicate = true> <Delay = 0.00>
ST_5 : Operation 278 [1/1] (0.41ns)   --->   "%select_ln228_65 = select i1 %tmp_78, i5 %tmp_s, i5 %tmp"   --->   Operation 278 'select' 'select_ln228_65' <Predicate = true> <Delay = 0.41> <CoreInst = "Sel">   --->   Core 73 'Sel' <Latency = 0> <II = 1> <Delay = 0.36> <FuncUnit> <Opcode : 'select'> <InPorts = 3> <OutPorts = 1>
ST_5 : Operation 279 [1/1] (0.00ns)   --->   "%sext_ln1333_42 = sext i5 %select_ln228_65"   --->   Operation 279 'sext' 'sext_ln1333_42' <Predicate = true> <Delay = 0.00>
ST_5 : Operation 280 [1/1] (0.96ns)   --->   "%sub_ln703_22 = sub i27 %select_ln228_64, i27 %sext_ln1333_42"   --->   Operation 280 'sub' 'sub_ln703_22' <Predicate = true> <Delay = 0.96> <CoreInst = "Adder">   --->   Core 1 'Adder' <Latency = 0> <II = 1> <Delay = 0.96> <FuncUnit> <Opcode : 'add' 'sub'> <InPorts = 2> <OutPorts = 1>
ST_5 : Operation 281 [1/1] (0.96ns)   --->   "%add_ln703_43 = add i27 %select_ln228_64, i27 %sext_ln1333_42"   --->   Operation 281 'add' 'add_ln703_43' <Predicate = true> <Delay = 0.96> <CoreInst = "Adder">   --->   Core 1 'Adder' <Latency = 0> <II = 1> <Delay = 0.96> <FuncUnit> <Opcode : 'add' 'sub'> <InPorts = 2> <OutPorts = 1>
ST_5 : Operation 282 [1/1] (0.00ns) (grouped into LUT with out node add_ln101_19)   --->   "%select_ln101 = select i1 %tmp_79, i4 13, i4 3" [C:/Xilinx/Vitis_HLS/2020.2/common/technology/autopilot/hls_cordic_apfixed.h:101]   --->   Operation 282 'select' 'select_ln101' <Predicate = true> <Delay = 0.00> <CoreInst = "Sel">   --->   Core 73 'Sel' <Latency = 0> <II = 1> <Delay = 0.36> <FuncUnit> <Opcode : 'select'> <InPorts = 3> <OutPorts = 1>
ST_5 : Operation 283 [1/1] (0.00ns) (grouped into LUT with out node add_ln101_19)   --->   "%tmp_80 = bitselect i1 @_ssdm_op_BitSelect.i1.i27.i32, i27 %sub_ln703_22, i32 26" [C:/Xilinx/Vitis_HLS/2020.2/common/technology/autopilot/hls_cordic_apfixed.h:101]   --->   Operation 283 'bitselect' 'tmp_80' <Predicate = true> <Delay = 0.00>
ST_5 : Operation 284 [1/1] (0.00ns) (grouped into LUT with out node add_ln101_19)   --->   "%tmp_81 = bitselect i1 @_ssdm_op_BitSelect.i1.i27.i32, i27 %add_ln703_43, i32 26" [C:/Xilinx/Vitis_HLS/2020.2/common/technology/autopilot/hls_cordic_apfixed.h:101]   --->   Operation 284 'bitselect' 'tmp_81' <Predicate = true> <Delay = 0.00>
ST_5 : Operation 285 [1/1] (0.00ns) (grouped into LUT with out node add_ln101_19)   --->   "%select_ln228_66 = select i1 %tmp_79, i1 %tmp_81, i1 %tmp_80"   --->   Operation 285 'select' 'select_ln228_66' <Predicate = true> <Delay = 0.00> <CoreInst = "Sel">   --->   Core 73 'Sel' <Latency = 0> <II = 1> <Delay = 0.36> <FuncUnit> <Opcode : 'select'> <InPorts = 3> <OutPorts = 1>
ST_5 : Operation 286 [1/1] (0.00ns) (grouped into LUT with out node add_ln101_19)   --->   "%select_ln101_1 = select i1 %select_ln228_66, i4 15, i4 1" [C:/Xilinx/Vitis_HLS/2020.2/common/technology/autopilot/hls_cordic_apfixed.h:101]   --->   Operation 286 'select' 'select_ln101_1' <Predicate = true> <Delay = 0.00> <CoreInst = "Sel">   --->   Core 73 'Sel' <Latency = 0> <II = 1> <Delay = 0.36> <FuncUnit> <Opcode : 'select'> <InPorts = 3> <OutPorts = 1>
ST_5 : Operation 287 [1/1] (0.79ns) (out node of the LUT)   --->   "%add_ln101_19 = add i4 %select_ln101, i4 %select_ln101_1" [C:/Xilinx/Vitis_HLS/2020.2/common/technology/autopilot/hls_cordic_apfixed.h:101]   --->   Operation 287 'add' 'add_ln101_19' <Predicate = true> <Delay = 0.79> <CoreInst = "Adder">   --->   Core 1 'Adder' <Latency = 0> <II = 1> <Delay = 0.96> <FuncUnit> <Opcode : 'add' 'sub'> <InPorts = 2> <OutPorts = 1>

State 6 <SV = 5> <Delay = 7.03>
ST_6 : Operation 288 [1/1] (0.28ns)   --->   "%and_ln608 = and i1 %icmp_ln870, i1 %icmp_ln1494_1" [C:/Xilinx/Vitis_HLS/2020.2/common/technology/autopilot/hls_cordic_apfixed.h:608]   --->   Operation 288 'and' 'and_ln608' <Predicate = true> <Delay = 0.28> <CoreInst = "LogicGate">   --->   Core 74 'LogicGate' <Latency = 0> <II = 1> <Delay = 0.28> <FuncUnit> <Opcode : 'and' 'or' 'xor'> <InPorts = 2> <OutPorts = 1>
ST_6 : Operation 289 [1/1] (0.28ns)   --->   "%and_ln612 = and i1 %icmp_ln870, i1 %icmp_ln870_4" [C:/Xilinx/Vitis_HLS/2020.2/common/technology/autopilot/hls_cordic_apfixed.h:612]   --->   Operation 289 'and' 'and_ln612' <Predicate = true> <Delay = 0.28> <CoreInst = "LogicGate">   --->   Core 74 'LogicGate' <Latency = 0> <II = 1> <Delay = 0.28> <FuncUnit> <Opcode : 'and' 'or' 'xor'> <InPorts = 2> <OutPorts = 1>
ST_6 : Operation 290 [1/1] (0.28ns)   --->   "%and_ln616 = and i1 %icmp_ln1494, i1 %icmp_ln870_5" [C:/Xilinx/Vitis_HLS/2020.2/common/technology/autopilot/hls_cordic_apfixed.h:616]   --->   Operation 290 'and' 'and_ln616' <Predicate = true> <Delay = 0.28> <CoreInst = "LogicGate">   --->   Core 74 'LogicGate' <Latency = 0> <II = 1> <Delay = 0.28> <FuncUnit> <Opcode : 'and' 'or' 'xor'> <InPorts = 2> <OutPorts = 1>
ST_6 : Operation 291 [1/1] (0.28ns)   --->   "%and_ln620 = and i1 %icmp_ln870_6, i1 %icmp_ln870_5" [C:/Xilinx/Vitis_HLS/2020.2/common/technology/autopilot/hls_cordic_apfixed.h:620]   --->   Operation 291 'and' 'and_ln620' <Predicate = true> <Delay = 0.28> <CoreInst = "LogicGate">   --->   Core 74 'LogicGate' <Latency = 0> <II = 1> <Delay = 0.28> <FuncUnit> <Opcode : 'and' 'or' 'xor'> <InPorts = 2> <OutPorts = 1>
ST_6 : Operation 292 [1/1] (0.00ns) (grouped into LUT with out node out_V_2)   --->   "%select_ln631 = select i1 %icmp_ln870, i20 0, i20 739744" [C:/Xilinx/Vitis_HLS/2020.2/common/technology/autopilot/hls_cordic_apfixed.h:631]   --->   Operation 292 'select' 'select_ln631' <Predicate = true> <Delay = 0.00> <CoreInst = "Sel">   --->   Core 73 'Sel' <Latency = 0> <II = 1> <Delay = 0.36> <FuncUnit> <Opcode : 'select'> <InPorts = 3> <OutPorts = 1>
ST_6 : Operation 293 [1/1] (0.32ns)   --->   "%select_ln228_2 = select i1 %tmp_52, i26 40755276, i26 0"   --->   Operation 293 'select' 'select_ln228_2' <Predicate = true> <Delay = 0.32> <CoreInst = "Sel">   --->   Core 73 'Sel' <Latency = 0> <II = 1> <Delay = 0.36> <FuncUnit> <Opcode : 'select'> <InPorts = 3> <OutPorts = 1>
ST_6 : Operation 294 [1/1] (0.00ns) (grouped into LUT with out node add_ln101_1)   --->   "%select_ln228_3 = select i1 %tmp_53, i25 5398078, i25 20955510"   --->   Operation 294 'select' 'select_ln228_3' <Predicate = true> <Delay = 0.00> <CoreInst = "Sel">   --->   Core 73 'Sel' <Latency = 0> <II = 1> <Delay = 0.36> <FuncUnit> <Opcode : 'select'> <InPorts = 3> <OutPorts = 1>
ST_6 : Operation 295 [1/1] (0.00ns) (grouped into LUT with out node add_ln101_1)   --->   "%select_ln228_6 = select i1 %tmp_54, i25 29444373, i25 4110059"   --->   Operation 295 'select' 'select_ln228_6' <Predicate = true> <Delay = 0.00> <CoreInst = "Sel">   --->   Core 73 'Sel' <Latency = 0> <II = 1> <Delay = 0.36> <FuncUnit> <Opcode : 'select'> <InPorts = 3> <OutPorts = 1>
ST_6 : Operation 296 [1/1] (0.00ns) (grouped into LUT with out node add_ln101_4)   --->   "%select_ln228_9 = select i1 %tmp_55, i23 6302278, i23 2086330"   --->   Operation 296 'select' 'select_ln228_9' <Predicate = true> <Delay = 0.00> <CoreInst = "Sel">   --->   Core 73 'Sel' <Latency = 0> <II = 1> <Delay = 0.36> <FuncUnit> <Opcode : 'select'> <InPorts = 3> <OutPorts = 1>
ST_6 : Operation 297 [1/1] (0.00ns) (grouped into LUT with out node add_ln101_3)   --->   "%select_ln228_12 = select i1 %tmp_56, i22 3147091, i22 1047213"   --->   Operation 297 'select' 'select_ln228_12' <Predicate = true> <Delay = 0.00> <CoreInst = "Sel">   --->   Core 73 'Sel' <Latency = 0> <II = 1> <Delay = 0.36> <FuncUnit> <Opcode : 'select'> <InPorts = 3> <OutPorts = 1>
ST_6 : Operation 298 [1/1] (0.00ns) (grouped into LUT with out node add_ln101_3)   --->   "%select_ln228_15 = select i1 %tmp_57, i22 3670187, i22 524117"   --->   Operation 298 'select' 'select_ln228_15' <Predicate = true> <Delay = 0.00> <CoreInst = "Sel">   --->   Core 73 'Sel' <Latency = 0> <II = 1> <Delay = 0.36> <FuncUnit> <Opcode : 'select'> <InPorts = 3> <OutPorts = 1>
ST_6 : Operation 299 [1/1] (0.36ns)   --->   "%select_ln228_18 = select i1 %tmp_59, i20 786454, i20 262122"   --->   Operation 299 'select' 'select_ln228_18' <Predicate = true> <Delay = 0.36> <CoreInst = "Sel">   --->   Core 73 'Sel' <Latency = 0> <II = 1> <Delay = 0.36> <FuncUnit> <Opcode : 'select'> <InPorts = 3> <OutPorts = 1>
ST_6 : Operation 300 [1/1] (0.00ns) (grouped into LUT with out node add_ln101_6)   --->   "%select_ln228_21 = select i1 %tmp_60, i19 393219, i19 131069"   --->   Operation 300 'select' 'select_ln228_21' <Predicate = true> <Delay = 0.00> <CoreInst = "Sel">   --->   Core 73 'Sel' <Latency = 0> <II = 1> <Delay = 0.36> <FuncUnit> <Opcode : 'select'> <InPorts = 3> <OutPorts = 1>
ST_6 : Operation 301 [1/1] (0.00ns) (grouped into LUT with out node add_ln101_6)   --->   "%select_ln228_24 = select i1 %tmp_65, i19 458753, i19 65535"   --->   Operation 301 'select' 'select_ln228_24' <Predicate = true> <Delay = 0.00> <CoreInst = "Sel">   --->   Core 73 'Sel' <Latency = 0> <II = 1> <Delay = 0.36> <FuncUnit> <Opcode : 'select'> <InPorts = 3> <OutPorts = 1>
ST_6 : Operation 302 [1/1] (0.00ns) (grouped into LUT with out node add_ln101_9)   --->   "%select_ln228_27 = select i1 %tmp_66, i17 98305, i17 32767"   --->   Operation 302 'select' 'select_ln228_27' <Predicate = true> <Delay = 0.00> <CoreInst = "Sel">   --->   Core 73 'Sel' <Latency = 0> <II = 1> <Delay = 0.36> <FuncUnit> <Opcode : 'select'> <InPorts = 3> <OutPorts = 1>
ST_6 : Operation 303 [1/1] (0.00ns) (grouped into LUT with out node add_ln101_8)   --->   "%select_ln228_30 = select i1 %tmp_67, i16 49153, i16 16383"   --->   Operation 303 'select' 'select_ln228_30' <Predicate = true> <Delay = 0.00> <CoreInst = "Sel">   --->   Core 73 'Sel' <Latency = 0> <II = 1> <Delay = 0.36> <FuncUnit> <Opcode : 'select'> <InPorts = 3> <OutPorts = 1>
ST_6 : Operation 304 [1/1] (0.00ns) (grouped into LUT with out node add_ln101_8)   --->   "%select_ln228_33 = select i1 %tmp_68, i16 57345, i16 8191"   --->   Operation 304 'select' 'select_ln228_33' <Predicate = true> <Delay = 0.00> <CoreInst = "Sel">   --->   Core 73 'Sel' <Latency = 0> <II = 1> <Delay = 0.36> <FuncUnit> <Opcode : 'select'> <InPorts = 3> <OutPorts = 1>
ST_6 : Operation 305 [1/1] (0.00ns) (grouped into LUT with out node add_ln101_13)   --->   "%select_ln228_36 = select i1 %tmp_69, i14 12289, i14 4095"   --->   Operation 305 'select' 'select_ln228_36' <Predicate = true> <Delay = 0.00> <CoreInst = "Sel">   --->   Core 73 'Sel' <Latency = 0> <II = 1> <Delay = 0.36> <FuncUnit> <Opcode : 'select'> <InPorts = 3> <OutPorts = 1>
ST_6 : Operation 306 [1/1] (0.00ns) (grouped into LUT with out node add_ln101_12)   --->   "%select_ln228_39 = select i1 %tmp_70, i13 6145, i13 2047"   --->   Operation 306 'select' 'select_ln228_39' <Predicate = true> <Delay = 0.00> <CoreInst = "Sel">   --->   Core 73 'Sel' <Latency = 0> <II = 1> <Delay = 0.36> <FuncUnit> <Opcode : 'select'> <InPorts = 3> <OutPorts = 1>
ST_6 : Operation 307 [1/1] (0.00ns) (grouped into LUT with out node add_ln101_12)   --->   "%select_ln228_42 = select i1 %tmp_71, i13 7169, i13 1023"   --->   Operation 307 'select' 'select_ln228_42' <Predicate = true> <Delay = 0.00> <CoreInst = "Sel">   --->   Core 73 'Sel' <Latency = 0> <II = 1> <Delay = 0.36> <FuncUnit> <Opcode : 'select'> <InPorts = 3> <OutPorts = 1>
ST_6 : Operation 308 [1/1] (0.00ns) (grouped into LUT with out node add_ln101_15)   --->   "%select_ln228_45 = select i1 %tmp_72, i11 1537, i11 511"   --->   Operation 308 'select' 'select_ln228_45' <Predicate = true> <Delay = 0.00> <CoreInst = "Sel">   --->   Core 73 'Sel' <Latency = 0> <II = 1> <Delay = 0.36> <FuncUnit> <Opcode : 'select'> <InPorts = 3> <OutPorts = 1>
ST_6 : Operation 309 [1/1] (0.00ns) (grouped into LUT with out node add_ln101_14)   --->   "%select_ln228_48 = select i1 %tmp_73, i10 769, i10 255"   --->   Operation 309 'select' 'select_ln228_48' <Predicate = true> <Delay = 0.00> <CoreInst = "Sel">   --->   Core 73 'Sel' <Latency = 0> <II = 1> <Delay = 0.36> <FuncUnit> <Opcode : 'select'> <InPorts = 3> <OutPorts = 1>
ST_6 : Operation 310 [1/1] (0.00ns) (grouped into LUT with out node add_ln101_14)   --->   "%select_ln228_51 = select i1 %tmp_74, i10 897, i10 127"   --->   Operation 310 'select' 'select_ln228_51' <Predicate = true> <Delay = 0.00> <CoreInst = "Sel">   --->   Core 73 'Sel' <Latency = 0> <II = 1> <Delay = 0.36> <FuncUnit> <Opcode : 'select'> <InPorts = 3> <OutPorts = 1>
ST_6 : Operation 311 [1/1] (0.36ns)   --->   "%select_ln228_54 = select i1 %tmp_75, i8 193, i8 63"   --->   Operation 311 'select' 'select_ln228_54' <Predicate = true> <Delay = 0.36> <CoreInst = "Sel">   --->   Core 73 'Sel' <Latency = 0> <II = 1> <Delay = 0.36> <FuncUnit> <Opcode : 'select'> <InPorts = 3> <OutPorts = 1>
ST_6 : Operation 312 [1/1] (0.00ns) (grouped into LUT with out node add_ln101_17)   --->   "%select_ln228_57 = select i1 %tmp_76, i7 97, i7 31"   --->   Operation 312 'select' 'select_ln228_57' <Predicate = true> <Delay = 0.00> <CoreInst = "Sel">   --->   Core 73 'Sel' <Latency = 0> <II = 1> <Delay = 0.36> <FuncUnit> <Opcode : 'select'> <InPorts = 3> <OutPorts = 1>
ST_6 : Operation 313 [1/1] (0.00ns) (grouped into LUT with out node add_ln101_17)   --->   "%select_ln228_60 = select i1 %tmp_77, i7 113, i7 15"   --->   Operation 313 'select' 'select_ln228_60' <Predicate = true> <Delay = 0.00> <CoreInst = "Sel">   --->   Core 73 'Sel' <Latency = 0> <II = 1> <Delay = 0.36> <FuncUnit> <Opcode : 'select'> <InPorts = 3> <OutPorts = 1>
ST_6 : Operation 314 [1/1] (0.00ns) (grouped into LUT with out node add_ln101_20)   --->   "%select_ln228_63 = select i1 %tmp_78, i5 25, i5 7"   --->   Operation 314 'select' 'select_ln228_63' <Predicate = true> <Delay = 0.00> <CoreInst = "Sel">   --->   Core 73 'Sel' <Latency = 0> <II = 1> <Delay = 0.36> <FuncUnit> <Opcode : 'select'> <InPorts = 3> <OutPorts = 1>
ST_6 : Operation 315 [1/1] (0.94ns) (out node of the LUT)   --->   "%add_ln101_1 = add i25 %select_ln228_3, i25 %select_ln228_6" [C:/Xilinx/Vitis_HLS/2020.2/common/technology/autopilot/hls_cordic_apfixed.h:101]   --->   Operation 315 'add' 'add_ln101_1' <Predicate = true> <Delay = 0.94> <CoreInst = "Adder">   --->   Core 1 'Adder' <Latency = 0> <II = 1> <Delay = 0.96> <FuncUnit> <Opcode : 'add' 'sub'> <InPorts = 2> <OutPorts = 1>
ST_6 : Operation 316 [1/1] (0.00ns)   --->   "%zext_ln101 = zext i25 %add_ln101_1" [C:/Xilinx/Vitis_HLS/2020.2/common/technology/autopilot/hls_cordic_apfixed.h:101]   --->   Operation 316 'zext' 'zext_ln101' <Predicate = true> <Delay = 0.00>
ST_6 : Operation 317 [1/1] (0.00ns) (grouped into TernaryAdder)   --->   "%add_ln101_2 = add i26 %zext_ln101, i26 %select_ln228_2" [C:/Xilinx/Vitis_HLS/2020.2/common/technology/autopilot/hls_cordic_apfixed.h:101]   --->   Operation 317 'add' 'add_ln101_2' <Predicate = true> <Delay = 0.00> <CoreInst = "TAddSub">   --->   Core 10 'TAddSub' <Latency = 0> <II = 1> <Delay = 0.35> <IPBlock> <Opcode : 'add' 'sub'> <InPorts = 3> <OutPorts = 1> <Sync>
ST_6 : Operation 318 [1/1] (0.90ns) (out node of the LUT)   --->   "%add_ln101_3 = add i22 %select_ln228_12, i22 %select_ln228_15" [C:/Xilinx/Vitis_HLS/2020.2/common/technology/autopilot/hls_cordic_apfixed.h:101]   --->   Operation 318 'add' 'add_ln101_3' <Predicate = true> <Delay = 0.90> <CoreInst = "Adder">   --->   Core 1 'Adder' <Latency = 0> <II = 1> <Delay = 0.96> <FuncUnit> <Opcode : 'add' 'sub'> <InPorts = 2> <OutPorts = 1>
ST_6 : Operation 319 [1/1] (0.00ns) (grouped into LUT with out node add_ln101_4)   --->   "%sext_ln101 = sext i22 %add_ln101_3" [C:/Xilinx/Vitis_HLS/2020.2/common/technology/autopilot/hls_cordic_apfixed.h:101]   --->   Operation 319 'sext' 'sext_ln101' <Predicate = true> <Delay = 0.00>
ST_6 : Operation 320 [1/1] (0.91ns) (out node of the LUT)   --->   "%add_ln101_4 = add i23 %sext_ln101, i23 %select_ln228_9" [C:/Xilinx/Vitis_HLS/2020.2/common/technology/autopilot/hls_cordic_apfixed.h:101]   --->   Operation 320 'add' 'add_ln101_4' <Predicate = true> <Delay = 0.91> <CoreInst = "Adder">   --->   Core 1 'Adder' <Latency = 0> <II = 1> <Delay = 0.96> <FuncUnit> <Opcode : 'add' 'sub'> <InPorts = 2> <OutPorts = 1>
ST_6 : Operation 321 [1/1] (0.00ns)   --->   "%sext_ln101_1 = sext i23 %add_ln101_4" [C:/Xilinx/Vitis_HLS/2020.2/common/technology/autopilot/hls_cordic_apfixed.h:101]   --->   Operation 321 'sext' 'sext_ln101_1' <Predicate = true> <Delay = 0.00>
ST_6 : Operation 322 [1/1] (0.71ns) (root node of TernaryAdder)   --->   "%add_ln101_5 = add i26 %sext_ln101_1, i26 %add_ln101_2" [C:/Xilinx/Vitis_HLS/2020.2/common/technology/autopilot/hls_cordic_apfixed.h:101]   --->   Operation 322 'add' 'add_ln101_5' <Predicate = true> <Delay = 0.71> <CoreInst = "TAddSub">   --->   Core 10 'TAddSub' <Latency = 0> <II = 1> <Delay = 0.35> <IPBlock> <Opcode : 'add' 'sub'> <InPorts = 3> <OutPorts = 1> <Sync>
ST_6 : Operation 323 [1/1] (0.87ns) (out node of the LUT)   --->   "%add_ln101_6 = add i19 %select_ln228_21, i19 %select_ln228_24" [C:/Xilinx/Vitis_HLS/2020.2/common/technology/autopilot/hls_cordic_apfixed.h:101]   --->   Operation 323 'add' 'add_ln101_6' <Predicate = true> <Delay = 0.87> <CoreInst = "Adder">   --->   Core 1 'Adder' <Latency = 0> <II = 1> <Delay = 0.96> <FuncUnit> <Opcode : 'add' 'sub'> <InPorts = 2> <OutPorts = 1>
ST_6 : Operation 324 [1/1] (0.00ns)   --->   "%sext_ln101_2 = sext i19 %add_ln101_6" [C:/Xilinx/Vitis_HLS/2020.2/common/technology/autopilot/hls_cordic_apfixed.h:101]   --->   Operation 324 'sext' 'sext_ln101_2' <Predicate = true> <Delay = 0.00>
ST_6 : Operation 325 [1/1] (0.00ns) (grouped into TernaryAdder)   --->   "%add_ln101_7 = add i20 %sext_ln101_2, i20 %select_ln228_18" [C:/Xilinx/Vitis_HLS/2020.2/common/technology/autopilot/hls_cordic_apfixed.h:101]   --->   Operation 325 'add' 'add_ln101_7' <Predicate = true> <Delay = 0.00> <CoreInst = "TAddSub">   --->   Core 10 'TAddSub' <Latency = 0> <II = 1> <Delay = 0.35> <IPBlock> <Opcode : 'add' 'sub'> <InPorts = 3> <OutPorts = 1> <Sync>
ST_6 : Operation 326 [1/1] (0.84ns) (out node of the LUT)   --->   "%add_ln101_8 = add i16 %select_ln228_30, i16 %select_ln228_33" [C:/Xilinx/Vitis_HLS/2020.2/common/technology/autopilot/hls_cordic_apfixed.h:101]   --->   Operation 326 'add' 'add_ln101_8' <Predicate = true> <Delay = 0.84> <CoreInst = "Adder">   --->   Core 1 'Adder' <Latency = 0> <II = 1> <Delay = 0.96> <FuncUnit> <Opcode : 'add' 'sub'> <InPorts = 2> <OutPorts = 1>
ST_6 : Operation 327 [1/1] (0.00ns) (grouped into LUT with out node add_ln101_9)   --->   "%sext_ln101_3 = sext i16 %add_ln101_8" [C:/Xilinx/Vitis_HLS/2020.2/common/technology/autopilot/hls_cordic_apfixed.h:101]   --->   Operation 327 'sext' 'sext_ln101_3' <Predicate = true> <Delay = 0.00>
ST_6 : Operation 328 [1/1] (0.85ns) (out node of the LUT)   --->   "%add_ln101_9 = add i17 %sext_ln101_3, i17 %select_ln228_27" [C:/Xilinx/Vitis_HLS/2020.2/common/technology/autopilot/hls_cordic_apfixed.h:101]   --->   Operation 328 'add' 'add_ln101_9' <Predicate = true> <Delay = 0.85> <CoreInst = "Adder">   --->   Core 1 'Adder' <Latency = 0> <II = 1> <Delay = 0.96> <FuncUnit> <Opcode : 'add' 'sub'> <InPorts = 2> <OutPorts = 1>
ST_6 : Operation 329 [1/1] (0.00ns)   --->   "%sext_ln101_4 = sext i17 %add_ln101_9" [C:/Xilinx/Vitis_HLS/2020.2/common/technology/autopilot/hls_cordic_apfixed.h:101]   --->   Operation 329 'sext' 'sext_ln101_4' <Predicate = true> <Delay = 0.00>
ST_6 : Operation 330 [1/1] (0.69ns) (root node of TernaryAdder)   --->   "%add_ln101_10 = add i20 %sext_ln101_4, i20 %add_ln101_7" [C:/Xilinx/Vitis_HLS/2020.2/common/technology/autopilot/hls_cordic_apfixed.h:101]   --->   Operation 330 'add' 'add_ln101_10' <Predicate = true> <Delay = 0.69> <CoreInst = "TAddSub">   --->   Core 10 'TAddSub' <Latency = 0> <II = 1> <Delay = 0.35> <IPBlock> <Opcode : 'add' 'sub'> <InPorts = 3> <OutPorts = 1> <Sync>
ST_6 : Operation 331 [1/1] (0.00ns)   --->   "%sext_ln101_5 = sext i20 %add_ln101_10" [C:/Xilinx/Vitis_HLS/2020.2/common/technology/autopilot/hls_cordic_apfixed.h:101]   --->   Operation 331 'sext' 'sext_ln101_5' <Predicate = true> <Delay = 0.00>
ST_6 : Operation 332 [1/1] (0.00ns) (grouped into TernaryAdder)   --->   "%add_ln101_11 = add i26 %sext_ln101_5, i26 %add_ln101_5" [C:/Xilinx/Vitis_HLS/2020.2/common/technology/autopilot/hls_cordic_apfixed.h:101]   --->   Operation 332 'add' 'add_ln101_11' <Predicate = true> <Delay = 0.00> <CoreInst = "TAddSub">   --->   Core 10 'TAddSub' <Latency = 0> <II = 1> <Delay = 0.35> <IPBlock> <Opcode : 'add' 'sub'> <InPorts = 3> <OutPorts = 1> <Sync>
ST_6 : Operation 333 [1/1] (0.80ns) (out node of the LUT)   --->   "%add_ln101_12 = add i13 %select_ln228_39, i13 %select_ln228_42" [C:/Xilinx/Vitis_HLS/2020.2/common/technology/autopilot/hls_cordic_apfixed.h:101]   --->   Operation 333 'add' 'add_ln101_12' <Predicate = true> <Delay = 0.80> <CoreInst = "Adder">   --->   Core 1 'Adder' <Latency = 0> <II = 1> <Delay = 0.96> <FuncUnit> <Opcode : 'add' 'sub'> <InPorts = 2> <OutPorts = 1>
ST_6 : Operation 334 [1/1] (0.00ns) (grouped into LUT with out node add_ln101_13)   --->   "%sext_ln101_6 = sext i13 %add_ln101_12" [C:/Xilinx/Vitis_HLS/2020.2/common/technology/autopilot/hls_cordic_apfixed.h:101]   --->   Operation 334 'sext' 'sext_ln101_6' <Predicate = true> <Delay = 0.00>
ST_6 : Operation 335 [1/1] (0.82ns) (out node of the LUT)   --->   "%add_ln101_13 = add i14 %sext_ln101_6, i14 %select_ln228_36" [C:/Xilinx/Vitis_HLS/2020.2/common/technology/autopilot/hls_cordic_apfixed.h:101]   --->   Operation 335 'add' 'add_ln101_13' <Predicate = true> <Delay = 0.82> <CoreInst = "Adder">   --->   Core 1 'Adder' <Latency = 0> <II = 1> <Delay = 0.96> <FuncUnit> <Opcode : 'add' 'sub'> <InPorts = 2> <OutPorts = 1>
ST_6 : Operation 336 [1/1] (0.77ns) (out node of the LUT)   --->   "%add_ln101_14 = add i10 %select_ln228_48, i10 %select_ln228_51" [C:/Xilinx/Vitis_HLS/2020.2/common/technology/autopilot/hls_cordic_apfixed.h:101]   --->   Operation 336 'add' 'add_ln101_14' <Predicate = true> <Delay = 0.77> <CoreInst = "Adder">   --->   Core 1 'Adder' <Latency = 0> <II = 1> <Delay = 0.96> <FuncUnit> <Opcode : 'add' 'sub'> <InPorts = 2> <OutPorts = 1>
ST_6 : Operation 337 [1/1] (0.00ns) (grouped into LUT with out node add_ln101_15)   --->   "%sext_ln101_7 = sext i10 %add_ln101_14" [C:/Xilinx/Vitis_HLS/2020.2/common/technology/autopilot/hls_cordic_apfixed.h:101]   --->   Operation 337 'sext' 'sext_ln101_7' <Predicate = true> <Delay = 0.00>
ST_6 : Operation 338 [1/1] (0.78ns) (out node of the LUT)   --->   "%add_ln101_15 = add i11 %sext_ln101_7, i11 %select_ln228_45" [C:/Xilinx/Vitis_HLS/2020.2/common/technology/autopilot/hls_cordic_apfixed.h:101]   --->   Operation 338 'add' 'add_ln101_15' <Predicate = true> <Delay = 0.78> <CoreInst = "Adder">   --->   Core 1 'Adder' <Latency = 0> <II = 1> <Delay = 0.96> <FuncUnit> <Opcode : 'add' 'sub'> <InPorts = 2> <OutPorts = 1>
ST_6 : Operation 339 [1/1] (0.00ns)   --->   "%sext_ln101_8 = sext i11 %add_ln101_15" [C:/Xilinx/Vitis_HLS/2020.2/common/technology/autopilot/hls_cordic_apfixed.h:101]   --->   Operation 339 'sext' 'sext_ln101_8' <Predicate = true> <Delay = 0.00>
ST_6 : Operation 340 [1/1] (0.00ns) (grouped into TernaryAdder)   --->   "%add_ln101_16 = add i14 %sext_ln101_8, i14 %add_ln101_13" [C:/Xilinx/Vitis_HLS/2020.2/common/technology/autopilot/hls_cordic_apfixed.h:101]   --->   Operation 340 'add' 'add_ln101_16' <Predicate = true> <Delay = 0.00> <CoreInst = "TAddSub">   --->   Core 10 'TAddSub' <Latency = 0> <II = 1> <Delay = 0.35> <IPBlock> <Opcode : 'add' 'sub'> <InPorts = 3> <OutPorts = 1> <Sync>
ST_6 : Operation 341 [1/1] (0.78ns) (out node of the LUT)   --->   "%add_ln101_17 = add i7 %select_ln228_57, i7 %select_ln228_60" [C:/Xilinx/Vitis_HLS/2020.2/common/technology/autopilot/hls_cordic_apfixed.h:101]   --->   Operation 341 'add' 'add_ln101_17' <Predicate = true> <Delay = 0.78> <CoreInst = "Adder">   --->   Core 1 'Adder' <Latency = 0> <II = 1> <Delay = 0.96> <FuncUnit> <Opcode : 'add' 'sub'> <InPorts = 2> <OutPorts = 1>
ST_6 : Operation 342 [1/1] (0.00ns)   --->   "%sext_ln101_9 = sext i7 %add_ln101_17" [C:/Xilinx/Vitis_HLS/2020.2/common/technology/autopilot/hls_cordic_apfixed.h:101]   --->   Operation 342 'sext' 'sext_ln101_9' <Predicate = true> <Delay = 0.00>
ST_6 : Operation 343 [1/1] (0.00ns) (grouped into TernaryAdder)   --->   "%add_ln101_18 = add i8 %sext_ln101_9, i8 %select_ln228_54" [C:/Xilinx/Vitis_HLS/2020.2/common/technology/autopilot/hls_cordic_apfixed.h:101]   --->   Operation 343 'add' 'add_ln101_18' <Predicate = true> <Delay = 0.00> <CoreInst = "TAddSub">   --->   Core 10 'TAddSub' <Latency = 0> <II = 1> <Delay = 0.35> <IPBlock> <Opcode : 'add' 'sub'> <InPorts = 3> <OutPorts = 1> <Sync>
ST_6 : Operation 344 [1/1] (0.00ns) (grouped into LUT with out node add_ln101_20)   --->   "%sext_ln101_10 = sext i4 %add_ln101_19" [C:/Xilinx/Vitis_HLS/2020.2/common/technology/autopilot/hls_cordic_apfixed.h:101]   --->   Operation 344 'sext' 'sext_ln101_10' <Predicate = true> <Delay = 0.00>
ST_6 : Operation 345 [1/1] (0.79ns) (out node of the LUT)   --->   "%add_ln101_20 = add i5 %sext_ln101_10, i5 %select_ln228_63" [C:/Xilinx/Vitis_HLS/2020.2/common/technology/autopilot/hls_cordic_apfixed.h:101]   --->   Operation 345 'add' 'add_ln101_20' <Predicate = true> <Delay = 0.79> <CoreInst = "Adder">   --->   Core 1 'Adder' <Latency = 0> <II = 1> <Delay = 0.96> <FuncUnit> <Opcode : 'add' 'sub'> <InPorts = 2> <OutPorts = 1>
ST_6 : Operation 346 [1/1] (0.00ns)   --->   "%sext_ln101_11 = sext i5 %add_ln101_20" [C:/Xilinx/Vitis_HLS/2020.2/common/technology/autopilot/hls_cordic_apfixed.h:101]   --->   Operation 346 'sext' 'sext_ln101_11' <Predicate = true> <Delay = 0.00>
ST_6 : Operation 347 [1/1] (1.05ns) (root node of TernaryAdder)   --->   "%add_ln101_21 = add i8 %sext_ln101_11, i8 %add_ln101_18" [C:/Xilinx/Vitis_HLS/2020.2/common/technology/autopilot/hls_cordic_apfixed.h:101]   --->   Operation 347 'add' 'add_ln101_21' <Predicate = true> <Delay = 1.05> <CoreInst = "TAddSub">   --->   Core 10 'TAddSub' <Latency = 0> <II = 1> <Delay = 0.35> <IPBlock> <Opcode : 'add' 'sub'> <InPorts = 3> <OutPorts = 1> <Sync>
ST_6 : Operation 348 [1/1] (0.00ns)   --->   "%sext_ln101_12 = sext i8 %add_ln101_21" [C:/Xilinx/Vitis_HLS/2020.2/common/technology/autopilot/hls_cordic_apfixed.h:101]   --->   Operation 348 'sext' 'sext_ln101_12' <Predicate = true> <Delay = 0.00>
ST_6 : Operation 349 [1/1] (0.77ns) (root node of TernaryAdder)   --->   "%add_ln101_22 = add i14 %sext_ln101_12, i14 %add_ln101_16" [C:/Xilinx/Vitis_HLS/2020.2/common/technology/autopilot/hls_cordic_apfixed.h:101]   --->   Operation 349 'add' 'add_ln101_22' <Predicate = true> <Delay = 0.77> <CoreInst = "TAddSub">   --->   Core 10 'TAddSub' <Latency = 0> <II = 1> <Delay = 0.35> <IPBlock> <Opcode : 'add' 'sub'> <InPorts = 3> <OutPorts = 1> <Sync>
ST_6 : Operation 350 [1/1] (0.00ns)   --->   "%sext_ln101_13 = sext i14 %add_ln101_22" [C:/Xilinx/Vitis_HLS/2020.2/common/technology/autopilot/hls_cordic_apfixed.h:101]   --->   Operation 350 'sext' 'sext_ln101_13' <Predicate = true> <Delay = 0.00>
ST_6 : Operation 351 [1/1] (0.71ns) (root node of TernaryAdder)   --->   "%add_ln101 = add i26 %sext_ln101_13, i26 %add_ln101_11" [C:/Xilinx/Vitis_HLS/2020.2/common/technology/autopilot/hls_cordic_apfixed.h:101]   --->   Operation 351 'add' 'add_ln101' <Predicate = true> <Delay = 0.71> <CoreInst = "TAddSub">   --->   Core 10 'TAddSub' <Latency = 0> <II = 1> <Delay = 0.35> <IPBlock> <Opcode : 'add' 'sub'> <InPorts = 3> <OutPorts = 1> <Sync>
ST_6 : Operation 352 [1/1] (0.00ns)   --->   "%sext_ln703_2 = sext i26 %add_ln101"   --->   Operation 352 'sext' 'sext_ln703_2' <Predicate = true> <Delay = 0.00>
ST_6 : Operation 353 [1/1] (0.95ns)   --->   "%z_V = sub i27 26353568, i27 %sext_ln703_2"   --->   Operation 353 'sub' 'z_V' <Predicate = (icmp_ln1494_2)> <Delay = 0.95> <CoreInst = "Adder">   --->   Core 1 'Adder' <Latency = 0> <II = 1> <Delay = 0.96> <FuncUnit> <Opcode : 'add' 'sub'> <InPorts = 2> <OutPorts = 1>
ST_6 : Operation 354 [1/1] (0.32ns)   --->   "%z_V_1 = select i1 %icmp_ln1494_2, i27 %z_V, i27 %sext_ln703_2" [C:/Xilinx/Vitis_HLS/2020.2/common/technology/autopilot/hls_cordic_apfixed.h:677]   --->   Operation 354 'select' 'z_V_1' <Predicate = true> <Delay = 0.32> <CoreInst = "Sel">   --->   Core 73 'Sel' <Latency = 0> <II = 1> <Delay = 0.36> <FuncUnit> <Opcode : 'select'> <InPorts = 3> <OutPorts = 1>
ST_6 : Operation 355 [1/1] (0.28ns)   --->   "%and_ln681 = and i1 %icmp_ln870_4, i1 %icmp_ln1494" [C:/Xilinx/Vitis_HLS/2020.2/common/technology/autopilot/hls_cordic_apfixed.h:681]   --->   Operation 355 'and' 'and_ln681' <Predicate = true> <Delay = 0.28> <CoreInst = "LogicGate">   --->   Core 74 'LogicGate' <Latency = 0> <II = 1> <Delay = 0.28> <FuncUnit> <Opcode : 'and' 'or' 'xor'> <InPorts = 2> <OutPorts = 1>
ST_6 : Operation 356 [1/1] (0.96ns)   --->   "%ret_V = sub i27 52707136, i27 %z_V_1"   --->   Operation 356 'sub' 'ret_V' <Predicate = true> <Delay = 0.96> <CoreInst = "Adder">   --->   Core 1 'Adder' <Latency = 0> <II = 1> <Delay = 0.96> <FuncUnit> <Opcode : 'add' 'sub'> <InPorts = 2> <OutPorts = 1>
ST_6 : Operation 357 [1/1] (0.96ns)   --->   "%ret_V_20 = add i27 %z_V_1, i27 81510592"   --->   Operation 357 'add' 'ret_V_20' <Predicate = true> <Delay = 0.96> <CoreInst = "Adder">   --->   Core 1 'Adder' <Latency = 0> <II = 1> <Delay = 0.96> <FuncUnit> <Opcode : 'add' 'sub'> <InPorts = 2> <OutPorts = 1>
ST_6 : Operation 358 [1/1] (0.96ns)   --->   "%r = sub i27 0, i27 %z_V_1"   --->   Operation 358 'sub' 'r' <Predicate = true> <Delay = 0.96> <CoreInst = "Adder">   --->   Core 1 'Adder' <Latency = 0> <II = 1> <Delay = 0.96> <FuncUnit> <Opcode : 'add' 'sub'> <InPorts = 2> <OutPorts = 1>
ST_6 : Operation 359 [1/1] (0.28ns)   --->   "%or_ln612 = or i1 %and_ln608, i1 %and_ln612" [C:/Xilinx/Vitis_HLS/2020.2/common/technology/autopilot/hls_cordic_apfixed.h:612]   --->   Operation 359 'or' 'or_ln612' <Predicate = true> <Delay = 0.28> <CoreInst = "LogicGate">   --->   Core 74 'LogicGate' <Latency = 0> <II = 1> <Delay = 0.28> <FuncUnit> <Opcode : 'and' 'or' 'xor'> <InPorts = 2> <OutPorts = 1>
ST_6 : Operation 360 [1/1] (0.28ns)   --->   "%or_ln616 = or i1 %or_ln612, i1 %and_ln616" [C:/Xilinx/Vitis_HLS/2020.2/common/technology/autopilot/hls_cordic_apfixed.h:616]   --->   Operation 360 'or' 'or_ln616' <Predicate = true> <Delay = 0.28> <CoreInst = "LogicGate">   --->   Core 74 'LogicGate' <Latency = 0> <II = 1> <Delay = 0.28> <FuncUnit> <Opcode : 'and' 'or' 'xor'> <InPorts = 2> <OutPorts = 1>
ST_6 : Operation 361 [1/1] (0.28ns)   --->   "%or_ln620 = or i1 %or_ln616, i1 %and_ln620" [C:/Xilinx/Vitis_HLS/2020.2/common/technology/autopilot/hls_cordic_apfixed.h:620]   --->   Operation 361 'or' 'or_ln620' <Predicate = true> <Delay = 0.28> <CoreInst = "LogicGate">   --->   Core 74 'LogicGate' <Latency = 0> <II = 1> <Delay = 0.28> <FuncUnit> <Opcode : 'and' 'or' 'xor'> <InPorts = 2> <OutPorts = 1>
ST_6 : Operation 362 [1/1] (0.28ns)   --->   "%or_ln1498 = or i1 %or_ln620, i1 %icmp_ln1498_2"   --->   Operation 362 'or' 'or_ln1498' <Predicate = true> <Delay = 0.28> <CoreInst = "LogicGate">   --->   Core 74 'LogicGate' <Latency = 0> <II = 1> <Delay = 0.28> <FuncUnit> <Opcode : 'and' 'or' 'xor'> <InPorts = 2> <OutPorts = 1>
ST_6 : Operation 363 [1/1] (0.00ns) (grouped into LUT with out node select_ln681)   --->   "%xor_ln1498 = xor i1 %or_ln1498, i1 1"   --->   Operation 363 'xor' 'xor_ln1498' <Predicate = true> <Delay = 0.00> <CoreInst = "LogicGate">   --->   Core 74 'LogicGate' <Latency = 0> <II = 1> <Delay = 0.28> <FuncUnit> <Opcode : 'and' 'or' 'xor'> <InPorts = 2> <OutPorts = 1>
ST_6 : Operation 364 [1/1] (0.00ns) (grouped into LUT with out node select_ln681)   --->   "%and_ln681_1 = and i1 %and_ln681, i1 %xor_ln1498" [C:/Xilinx/Vitis_HLS/2020.2/common/technology/autopilot/hls_cordic_apfixed.h:681]   --->   Operation 364 'and' 'and_ln681_1' <Predicate = true> <Delay = 0.00> <CoreInst = "LogicGate">   --->   Core 74 'LogicGate' <Latency = 0> <II = 1> <Delay = 0.28> <FuncUnit> <Opcode : 'and' 'or' 'xor'> <InPorts = 2> <OutPorts = 1>
ST_6 : Operation 365 [1/1] (0.28ns)   --->   "%or_ln681 = or i1 %or_ln1498, i1 %and_ln681" [C:/Xilinx/Vitis_HLS/2020.2/common/technology/autopilot/hls_cordic_apfixed.h:681]   --->   Operation 365 'or' 'or_ln681' <Predicate = true> <Delay = 0.28> <CoreInst = "LogicGate">   --->   Core 74 'LogicGate' <Latency = 0> <II = 1> <Delay = 0.28> <FuncUnit> <Opcode : 'and' 'or' 'xor'> <InPorts = 2> <OutPorts = 1>
ST_6 : Operation 366 [1/1] (0.00ns) (grouped into LUT with out node out_V)   --->   "%xor_ln681 = xor i1 %or_ln681, i1 1" [C:/Xilinx/Vitis_HLS/2020.2/common/technology/autopilot/hls_cordic_apfixed.h:681]   --->   Operation 366 'xor' 'xor_ln681' <Predicate = true> <Delay = 0.00> <CoreInst = "LogicGate">   --->   Core 74 'LogicGate' <Latency = 0> <II = 1> <Delay = 0.28> <FuncUnit> <Opcode : 'and' 'or' 'xor'> <InPorts = 2> <OutPorts = 1>
ST_6 : Operation 367 [1/1] (0.00ns) (grouped into LUT with out node out_V)   --->   "%and_ln684 = and i1 %icmp_ln684, i1 %xor_ln681" [C:/Xilinx/Vitis_HLS/2020.2/common/technology/autopilot/hls_cordic_apfixed.h:684]   --->   Operation 367 'and' 'and_ln684' <Predicate = true> <Delay = 0.00> <CoreInst = "LogicGate">   --->   Core 74 'LogicGate' <Latency = 0> <II = 1> <Delay = 0.28> <FuncUnit> <Opcode : 'and' 'or' 'xor'> <InPorts = 2> <OutPorts = 1>
ST_6 : Operation 368 [1/1] (0.00ns) (grouped into LUT with out node and_ln687_1)   --->   "%or_ln684_1 = or i1 %or_ln681, i1 %icmp_ln684" [C:/Xilinx/Vitis_HLS/2020.2/common/technology/autopilot/hls_cordic_apfixed.h:684]   --->   Operation 368 'or' 'or_ln684_1' <Predicate = true> <Delay = 0.00> <CoreInst = "LogicGate">   --->   Core 74 'LogicGate' <Latency = 0> <II = 1> <Delay = 0.28> <FuncUnit> <Opcode : 'and' 'or' 'xor'> <InPorts = 2> <OutPorts = 1>
ST_6 : Operation 369 [1/1] (0.00ns) (grouped into LUT with out node and_ln687_1)   --->   "%xor_ln684 = xor i1 %or_ln684_1, i1 1" [C:/Xilinx/Vitis_HLS/2020.2/common/technology/autopilot/hls_cordic_apfixed.h:684]   --->   Operation 369 'xor' 'xor_ln684' <Predicate = true> <Delay = 0.00> <CoreInst = "LogicGate">   --->   Core 74 'LogicGate' <Latency = 0> <II = 1> <Delay = 0.28> <FuncUnit> <Opcode : 'and' 'or' 'xor'> <InPorts = 2> <OutPorts = 1>
ST_6 : Operation 370 [1/1] (0.00ns) (grouped into LUT with out node and_ln687_1)   --->   "%and_ln687 = and i1 %icmp_ln870_6, i1 %xor_ln684" [C:/Xilinx/Vitis_HLS/2020.2/common/technology/autopilot/hls_cordic_apfixed.h:687]   --->   Operation 370 'and' 'and_ln687' <Predicate = true> <Delay = 0.00> <CoreInst = "LogicGate">   --->   Core 74 'LogicGate' <Latency = 0> <II = 1> <Delay = 0.28> <FuncUnit> <Opcode : 'and' 'or' 'xor'> <InPorts = 2> <OutPorts = 1>
ST_6 : Operation 371 [1/1] (0.28ns) (out node of the LUT)   --->   "%and_ln687_1 = and i1 %and_ln687, i1 %icmp_ln1494_1" [C:/Xilinx/Vitis_HLS/2020.2/common/technology/autopilot/hls_cordic_apfixed.h:687]   --->   Operation 371 'and' 'and_ln687_1' <Predicate = true> <Delay = 0.28> <CoreInst = "LogicGate">   --->   Core 74 'LogicGate' <Latency = 0> <II = 1> <Delay = 0.28> <FuncUnit> <Opcode : 'and' 'or' 'xor'> <InPorts = 2> <OutPorts = 1>
ST_6 : Operation 372 [1/1] (0.00ns) (grouped into LUT with out node out_V)   --->   "%tmp_46 = partselect i20 @_ssdm_op_PartSelect.i20.i27.i32.i32, i27 %r, i32 7, i32 26" [C:/Xilinx/Vitis_HLS/2020.2/common/technology/autopilot/hls_cordic_apfixed.h:687]   --->   Operation 372 'partselect' 'tmp_46' <Predicate = true> <Delay = 0.00>
ST_6 : Operation 373 [1/1] (0.00ns) (grouped into LUT with out node out_V)   --->   "%tmp_47 = partselect i20 @_ssdm_op_PartSelect.i20.i27.i32.i32, i27 %ret_V_20, i32 7, i32 26" [C:/Xilinx/Vitis_HLS/2020.2/common/technology/autopilot/hls_cordic_apfixed.h:687]   --->   Operation 373 'partselect' 'tmp_47' <Predicate = true> <Delay = 0.00>
ST_6 : Operation 374 [1/1] (0.00ns) (grouped into LUT with out node select_ln681)   --->   "%tmp_48 = partselect i20 @_ssdm_op_PartSelect.i20.i27.i32.i32, i27 %ret_V, i32 7, i32 26" [C:/Xilinx/Vitis_HLS/2020.2/common/technology/autopilot/hls_cordic_apfixed.h:687]   --->   Operation 374 'partselect' 'tmp_48' <Predicate = true> <Delay = 0.00>
ST_6 : Operation 375 [1/1] (0.00ns) (grouped into LUT with out node select_ln681)   --->   "%tmp_49 = partselect i20 @_ssdm_op_PartSelect.i20.i27.i32.i32, i27 %z_V_1, i32 7, i32 26" [C:/Xilinx/Vitis_HLS/2020.2/common/technology/autopilot/hls_cordic_apfixed.h:687]   --->   Operation 375 'partselect' 'tmp_49' <Predicate = true> <Delay = 0.00>
ST_6 : Operation 376 [1/1] (0.36ns) (out node of the LUT)   --->   "%select_ln681 = select i1 %and_ln681_1, i20 %tmp_48, i20 %tmp_49" [C:/Xilinx/Vitis_HLS/2020.2/common/technology/autopilot/hls_cordic_apfixed.h:681]   --->   Operation 376 'select' 'select_ln681' <Predicate = true> <Delay = 0.36> <CoreInst = "Sel">   --->   Core 73 'Sel' <Latency = 0> <II = 1> <Delay = 0.36> <FuncUnit> <Opcode : 'select'> <InPorts = 3> <OutPorts = 1>
ST_6 : Operation 377 [1/1] (0.00ns) (grouped into LUT with out node out_V)   --->   "%select_ln684 = select i1 %and_ln684, i20 %tmp_47, i20 %select_ln681" [C:/Xilinx/Vitis_HLS/2020.2/common/technology/autopilot/hls_cordic_apfixed.h:684]   --->   Operation 377 'select' 'select_ln684' <Predicate = true> <Delay = 0.00> <CoreInst = "Sel">   --->   Core 73 'Sel' <Latency = 0> <II = 1> <Delay = 0.36> <FuncUnit> <Opcode : 'select'> <InPorts = 3> <OutPorts = 1>
ST_6 : Operation 378 [1/1] (0.36ns) (out node of the LUT)   --->   "%out_V = select i1 %and_ln687_1, i20 %tmp_46, i20 %select_ln684" [C:/Xilinx/Vitis_HLS/2020.2/common/technology/autopilot/hls_cordic_apfixed.h:687]   --->   Operation 378 'select' 'out_V' <Predicate = true> <Delay = 0.36> <CoreInst = "Sel">   --->   Core 73 'Sel' <Latency = 0> <II = 1> <Delay = 0.36> <FuncUnit> <Opcode : 'select'> <InPorts = 3> <OutPorts = 1>
ST_6 : Operation 379 [1/1] (0.00ns) (grouped into LUT with out node and_ln1498)   --->   "%xor_ln620 = xor i1 %or_ln620, i1 1" [C:/Xilinx/Vitis_HLS/2020.2/common/technology/autopilot/hls_cordic_apfixed.h:620]   --->   Operation 379 'xor' 'xor_ln620' <Predicate = true> <Delay = 0.00> <CoreInst = "LogicGate">   --->   Core 74 'LogicGate' <Latency = 0> <II = 1> <Delay = 0.28> <FuncUnit> <Opcode : 'and' 'or' 'xor'> <InPorts = 2> <OutPorts = 1>
ST_6 : Operation 380 [1/1] (0.28ns) (out node of the LUT)   --->   "%and_ln1498 = and i1 %icmp_ln1498_2, i1 %xor_ln620"   --->   Operation 380 'and' 'and_ln1498' <Predicate = true> <Delay = 0.28> <CoreInst = "LogicGate">   --->   Core 74 'LogicGate' <Latency = 0> <II = 1> <Delay = 0.28> <FuncUnit> <Opcode : 'and' 'or' 'xor'> <InPorts = 2> <OutPorts = 1>
ST_6 : Operation 381 [1/1] (0.00ns) (grouped into LUT with out node out_V_2)   --->   "%xor_ln1494 = xor i1 %icmp_ln1494, i1 1"   --->   Operation 381 'xor' 'xor_ln1494' <Predicate = true> <Delay = 0.00> <CoreInst = "LogicGate">   --->   Core 74 'LogicGate' <Latency = 0> <II = 1> <Delay = 0.28> <FuncUnit> <Opcode : 'and' 'or' 'xor'> <InPorts = 2> <OutPorts = 1>
ST_6 : Operation 382 [1/1] (0.00ns) (grouped into LUT with out node out_V_2)   --->   "%and_ln1494 = and i1 %and_ln1498, i1 %xor_ln1494"   --->   Operation 382 'and' 'and_ln1494' <Predicate = true> <Delay = 0.00> <CoreInst = "LogicGate">   --->   Core 74 'LogicGate' <Latency = 0> <II = 1> <Delay = 0.28> <FuncUnit> <Opcode : 'and' 'or' 'xor'> <InPorts = 2> <OutPorts = 1>
ST_6 : Operation 383 [1/1] (0.00ns) (grouped into LUT with out node out_V_2)   --->   "%out_V_1 = select i1 %and_ln1494, i20 %select_ln631, i20 %out_V"   --->   Operation 383 'select' 'out_V_1' <Predicate = true> <Delay = 0.00> <CoreInst = "Sel">   --->   Core 73 'Sel' <Latency = 0> <II = 1> <Delay = 0.36> <FuncUnit> <Opcode : 'select'> <InPorts = 3> <OutPorts = 1>
ST_6 : Operation 384 [1/1] (0.36ns) (out node of the LUT)   --->   "%out_V_2 = select i1 %and_ln608, i20 0, i20 %out_V_1" [C:/Xilinx/Vitis_HLS/2020.2/common/technology/autopilot/hls_cordic_apfixed.h:608]   --->   Operation 384 'select' 'out_V_2' <Predicate = true> <Delay = 0.36> <CoreInst = "Sel">   --->   Core 73 'Sel' <Latency = 0> <II = 1> <Delay = 0.36> <FuncUnit> <Opcode : 'select'> <InPorts = 3> <OutPorts = 1>
ST_6 : Operation 385 [1/1] (0.00ns) (grouped into LUT with out node out_V_3)   --->   "%xor_ln608 = xor i1 %and_ln608, i1 1" [C:/Xilinx/Vitis_HLS/2020.2/common/technology/autopilot/hls_cordic_apfixed.h:608]   --->   Operation 385 'xor' 'xor_ln608' <Predicate = true> <Delay = 0.00> <CoreInst = "LogicGate">   --->   Core 74 'LogicGate' <Latency = 0> <II = 1> <Delay = 0.28> <FuncUnit> <Opcode : 'and' 'or' 'xor'> <InPorts = 2> <OutPorts = 1>
ST_6 : Operation 386 [1/1] (0.00ns) (grouped into LUT with out node out_V_3)   --->   "%and_ln612_1 = and i1 %and_ln612, i1 %xor_ln608" [C:/Xilinx/Vitis_HLS/2020.2/common/technology/autopilot/hls_cordic_apfixed.h:612]   --->   Operation 386 'and' 'and_ln612_1' <Predicate = true> <Delay = 0.00> <CoreInst = "LogicGate">   --->   Core 74 'LogicGate' <Latency = 0> <II = 1> <Delay = 0.28> <FuncUnit> <Opcode : 'and' 'or' 'xor'> <InPorts = 2> <OutPorts = 1>
ST_6 : Operation 387 [1/1] (0.00ns) (grouped into LUT with out node and_ln616_1)   --->   "%xor_ln612 = xor i1 %or_ln612, i1 1" [C:/Xilinx/Vitis_HLS/2020.2/common/technology/autopilot/hls_cordic_apfixed.h:612]   --->   Operation 387 'xor' 'xor_ln612' <Predicate = true> <Delay = 0.00> <CoreInst = "LogicGate">   --->   Core 74 'LogicGate' <Latency = 0> <II = 1> <Delay = 0.28> <FuncUnit> <Opcode : 'and' 'or' 'xor'> <InPorts = 2> <OutPorts = 1>
ST_6 : Operation 388 [1/1] (0.28ns) (out node of the LUT)   --->   "%and_ln616_1 = and i1 %and_ln616, i1 %xor_ln612" [C:/Xilinx/Vitis_HLS/2020.2/common/technology/autopilot/hls_cordic_apfixed.h:616]   --->   Operation 388 'and' 'and_ln616_1' <Predicate = true> <Delay = 0.28> <CoreInst = "LogicGate">   --->   Core 74 'LogicGate' <Latency = 0> <II = 1> <Delay = 0.28> <FuncUnit> <Opcode : 'and' 'or' 'xor'> <InPorts = 2> <OutPorts = 1>
ST_6 : Operation 389 [1/1] (0.00ns) (grouped into LUT with out node out_V_3)   --->   "%select_ln616 = select i1 %and_ln616_1, i20 205887, i20 411774" [C:/Xilinx/Vitis_HLS/2020.2/common/technology/autopilot/hls_cordic_apfixed.h:616]   --->   Operation 389 'select' 'select_ln616' <Predicate = true> <Delay = 0.00> <CoreInst = "Sel">   --->   Core 73 'Sel' <Latency = 0> <II = 1> <Delay = 0.36> <FuncUnit> <Opcode : 'select'> <InPorts = 3> <OutPorts = 1>
ST_6 : Operation 390 [1/1] (0.00ns) (grouped into LUT with out node out_V_3)   --->   "%or_ln616_1 = or i1 %and_ln616_1, i1 %and_ln612_1" [C:/Xilinx/Vitis_HLS/2020.2/common/technology/autopilot/hls_cordic_apfixed.h:616]   --->   Operation 390 'or' 'or_ln616_1' <Predicate = true> <Delay = 0.00> <CoreInst = "LogicGate">   --->   Core 74 'LogicGate' <Latency = 0> <II = 1> <Delay = 0.28> <FuncUnit> <Opcode : 'and' 'or' 'xor'> <InPorts = 2> <OutPorts = 1>
ST_6 : Operation 391 [1/1] (0.36ns) (out node of the LUT)   --->   "%out_V_3 = select i1 %or_ln616_1, i20 %select_ln616, i20 %out_V_2" [C:/Xilinx/Vitis_HLS/2020.2/common/technology/autopilot/hls_cordic_apfixed.h:616]   --->   Operation 391 'select' 'out_V_3' <Predicate = true> <Delay = 0.36> <CoreInst = "Sel">   --->   Core 73 'Sel' <Latency = 0> <II = 1> <Delay = 0.36> <FuncUnit> <Opcode : 'select'> <InPorts = 3> <OutPorts = 1>
ST_6 : Operation 392 [1/1] (0.28ns)   --->   "%and_ln1494_1 = and i1 %and_ln1498, i1 %icmp_ln1494"   --->   Operation 392 'and' 'and_ln1494_1' <Predicate = true> <Delay = 0.28> <CoreInst = "LogicGate">   --->   Core 74 'LogicGate' <Latency = 0> <II = 1> <Delay = 0.28> <FuncUnit> <Opcode : 'and' 'or' 'xor'> <InPorts = 2> <OutPorts = 1>

State 7 <SV = 6> <Delay = 0.36>
ST_7 : Operation 393 [1/1] (0.00ns) (grouped into LUT with out node out_V_4)   --->   "%xor_ln616 = xor i1 %or_ln616, i1 1" [C:/Xilinx/Vitis_HLS/2020.2/common/technology/autopilot/hls_cordic_apfixed.h:616]   --->   Operation 393 'xor' 'xor_ln616' <Predicate = true> <Delay = 0.00> <CoreInst = "LogicGate">   --->   Core 74 'LogicGate' <Latency = 0> <II = 1> <Delay = 0.28> <FuncUnit> <Opcode : 'and' 'or' 'xor'> <InPorts = 2> <OutPorts = 1>
ST_7 : Operation 394 [1/1] (0.00ns) (grouped into LUT with out node out_V_4)   --->   "%and_ln620_1 = and i1 %and_ln620, i1 %xor_ln616" [C:/Xilinx/Vitis_HLS/2020.2/common/technology/autopilot/hls_cordic_apfixed.h:620]   --->   Operation 394 'and' 'and_ln620_1' <Predicate = true> <Delay = 0.00> <CoreInst = "LogicGate">   --->   Core 74 'LogicGate' <Latency = 0> <II = 1> <Delay = 0.28> <FuncUnit> <Opcode : 'and' 'or' 'xor'> <InPorts = 2> <OutPorts = 1>
ST_7 : Operation 395 [1/1] (0.00ns) (grouped into LUT with out node out_V_4)   --->   "%select_ln1494 = select i1 %and_ln1494_1, i20 102943, i20 842688"   --->   Operation 395 'select' 'select_ln1494' <Predicate = true> <Delay = 0.00> <CoreInst = "Sel">   --->   Core 73 'Sel' <Latency = 0> <II = 1> <Delay = 0.36> <FuncUnit> <Opcode : 'select'> <InPorts = 3> <OutPorts = 1>
ST_7 : Operation 396 [1/1] (0.00ns) (grouped into LUT with out node out_V_4)   --->   "%or_ln1494 = or i1 %and_ln1494_1, i1 %and_ln620_1"   --->   Operation 396 'or' 'or_ln1494' <Predicate = true> <Delay = 0.00> <CoreInst = "LogicGate">   --->   Core 74 'LogicGate' <Latency = 0> <II = 1> <Delay = 0.28> <FuncUnit> <Opcode : 'and' 'or' 'xor'> <InPorts = 2> <OutPorts = 1>
ST_7 : Operation 397 [1/1] (0.36ns) (out node of the LUT)   --->   "%out_V_4 = select i1 %or_ln1494, i20 %select_ln1494, i20 %out_V_3"   --->   Operation 397 'select' 'out_V_4' <Predicate = true> <Delay = 0.36> <CoreInst = "Sel">   --->   Core 73 'Sel' <Latency = 0> <II = 1> <Delay = 0.36> <FuncUnit> <Opcode : 'select'> <InPorts = 3> <OutPorts = 1>
ST_7 : Operation 398 [1/1] (0.00ns)   --->   "%ret_ln695 = ret i20 %out_V_4" [C:/Xilinx/Vitis_HLS/2020.2/common/technology/autopilot/hls_cordic_apfixed.h:695]   --->   Operation 398 'ret' 'ret_ln695' <Predicate = true> <Delay = 0.00>


============================================================
+ Verbose Summary: Binding
============================================================
STG Binding: 
---------------- STG Properties BEGIN ----------------
- Is combinational: 0
- Is one-state seq: 0
- Is datapath-only: 1
- Is pipelined: 1
- Is top level: 0
Port [ Return ] is wired: 1; IO mode=ap_ctrl_hs:ce=0
Port [ in1]:  wired=1; compound=0; hidden=0; nouse=0; global=0; static=0; extern=0; dir=0; type=0; pingpong=0; private_global=0; IO mode=ap_none:ce=0
Port [ in2]:  wired=1; compound=0; hidden=0; nouse=0; global=0; static=0; extern=0; dir=0; type=0; pingpong=0; private_global=0; IO mode=ap_none:ce=0
---------------- STG Properties END ------------------

---------------- Datapath Model BEGIN ----------------

<LifeTime>
<method=bitvector/>
in2_read        (read          ) [ 00000000]
in1_read        (read          ) [ 00000000]
icmp_ln1494     (icmp          ) [ 01111110]
icmp_ln1498     (icmp          ) [ 00000000]
zext_ln601      (zext          ) [ 00000000]
signin1         (select        ) [ 00000000]
icmp_ln1494_1   (icmp          ) [ 01111110]
icmp_ln1498_1   (icmp          ) [ 00000000]
zext_ln602      (zext          ) [ 00000000]
signin2         (select        ) [ 00000000]
icmp_ln870      (icmp          ) [ 01111110]
icmp_ln870_4    (icmp          ) [ 01111110]
icmp_ln870_5    (icmp          ) [ 01111110]
icmp_ln870_6    (icmp          ) [ 01111110]
icmp_ln1498_2   (icmp          ) [ 01111110]
sext_ln703      (sext          ) [ 00000000]
r_V             (sub           ) [ 00000000]
in1abs_V        (select        ) [ 00000000]
sext_ln703_1    (sext          ) [ 00000000]
r_V_10          (sub           ) [ 00000000]
in2abs_V        (select        ) [ 00000000]
icmp_ln1494_2   (icmp          ) [ 01111110]
shl_ln          (bitconcatenate) [ 00000000]
shl_ln728_1     (bitconcatenate) [ 00000000]
y_V             (select        ) [ 00000000]
sext_ln669      (sext          ) [ 00000000]
x_V             (select        ) [ 00000000]
sext_ln664      (sext          ) [ 00000000]
tmp_51          (bitselect     ) [ 00000000]
add_ln703       (add           ) [ 00000000]
sub_ln703       (sub           ) [ 00000000]
sub_ln703_5     (sub           ) [ 00000000]
select_ln228    (select        ) [ 00000000]
select_ln228_1  (select        ) [ 00000000]
tmp_52          (bitselect     ) [ 01111110]
tmp_53          (bitselect     ) [ 01111110]
trunc_ln6       (partselect    ) [ 00000000]
sext_ln1333     (sext          ) [ 00000000]
trunc_ln1333_1  (partselect    ) [ 00000000]
sext_ln1333_1   (sext          ) [ 00000000]
add_ln703_1     (add           ) [ 00000000]
sub_ln703_1     (sub           ) [ 00000000]
sub_ln703_6     (sub           ) [ 00000000]
add_ln703_3     (add           ) [ 00000000]
select_ln228_4  (select        ) [ 00000000]
select_ln228_5  (select        ) [ 00000000]
tmp_54          (bitselect     ) [ 01111110]
trunc_ln1333_2  (partselect    ) [ 00000000]
sext_ln1333_2   (sext          ) [ 00000000]
trunc_ln1333_3  (partselect    ) [ 00000000]
sext_ln1333_3   (sext          ) [ 00000000]
add_ln703_2     (add           ) [ 00000000]
sub_ln703_2     (sub           ) [ 00000000]
sub_ln703_23    (sub           ) [ 00000000]
add_ln703_4     (add           ) [ 00000000]
select_ln228_7  (select        ) [ 01100000]
select_ln228_8  (select        ) [ 01100000]
tmp_55          (bitselect     ) [ 01111110]
trunc_ln1333_4  (partselect    ) [ 01100000]
trunc_ln1333_5  (partselect    ) [ 01100000]
or_ln684        (or            ) [ 00000000]
icmp_ln684      (icmp          ) [ 01111110]
sext_ln1333_4   (sext          ) [ 00000000]
sext_ln1333_5   (sext          ) [ 00000000]
add_ln703_22    (add           ) [ 00000000]
sub_ln703_3     (sub           ) [ 00000000]
sub_ln703_24    (sub           ) [ 00000000]
add_ln703_23    (add           ) [ 00000000]
select_ln228_10 (select        ) [ 00000000]
select_ln228_11 (select        ) [ 00000000]
tmp_56          (bitselect     ) [ 01011110]
trunc_ln1333_6  (partselect    ) [ 00000000]
sext_ln1333_6   (sext          ) [ 00000000]
trunc_ln1333_7  (partselect    ) [ 00000000]
sext_ln1333_7   (sext          ) [ 00000000]
add_ln703_24    (add           ) [ 00000000]
sub_ln703_4     (sub           ) [ 00000000]
sub_ln703_25    (sub           ) [ 00000000]
add_ln703_25    (add           ) [ 00000000]
select_ln228_13 (select        ) [ 00000000]
select_ln228_14 (select        ) [ 00000000]
tmp_57          (bitselect     ) [ 01011110]
trunc_ln1333_8  (partselect    ) [ 00000000]
sext_ln1333_8   (sext          ) [ 00000000]
trunc_ln1333_9  (partselect    ) [ 00000000]
sext_ln1333_9   (sext          ) [ 00000000]
add_ln703_5     (add           ) [ 00000000]
sub_ln703_26    (sub           ) [ 00000000]
sub_ln703_27    (sub           ) [ 00000000]
add_ln703_26    (add           ) [ 00000000]
select_ln228_16 (select        ) [ 00000000]
select_ln228_17 (select        ) [ 00000000]
tmp_59          (bitselect     ) [ 01011110]
trunc_ln1333_s  (partselect    ) [ 00000000]
sext_ln1333_10  (sext          ) [ 00000000]
trunc_ln1333_10 (partselect    ) [ 00000000]
sext_ln1333_11  (sext          ) [ 00000000]
add_ln703_6     (add           ) [ 00000000]
sub_ln703_28    (sub           ) [ 00000000]
sub_ln703_29    (sub           ) [ 00000000]
add_ln703_27    (add           ) [ 00000000]
select_ln228_19 (select        ) [ 00000000]
select_ln228_20 (select        ) [ 00000000]
tmp_60          (bitselect     ) [ 01011110]
trunc_ln1333_11 (partselect    ) [ 00000000]
sext_ln1333_12  (sext          ) [ 00000000]
trunc_ln1333_12 (partselect    ) [ 00000000]
sext_ln1333_13  (sext          ) [ 00000000]
add_ln703_7     (add           ) [ 00000000]
sub_ln703_7     (sub           ) [ 00000000]
sub_ln703_30    (sub           ) [ 00000000]
add_ln703_28    (add           ) [ 00000000]
select_ln228_22 (select        ) [ 01010000]
select_ln228_23 (select        ) [ 01010000]
tmp_65          (bitselect     ) [ 01011110]
trunc_ln1333_13 (partselect    ) [ 01010000]
trunc_ln1333_14 (partselect    ) [ 01010000]
sext_ln1333_14  (sext          ) [ 00000000]
sext_ln1333_15  (sext          ) [ 00000000]
add_ln703_8     (add           ) [ 00000000]
sub_ln703_8     (sub           ) [ 00000000]
sub_ln703_31    (sub           ) [ 00000000]
add_ln703_29    (add           ) [ 00000000]
select_ln228_25 (select        ) [ 00000000]
select_ln228_26 (select        ) [ 00000000]
tmp_66          (bitselect     ) [ 01001110]
trunc_ln1333_15 (partselect    ) [ 00000000]
sext_ln1333_16  (sext          ) [ 00000000]
trunc_ln1333_16 (partselect    ) [ 00000000]
sext_ln1333_17  (sext          ) [ 00000000]
add_ln703_9     (add           ) [ 00000000]
sub_ln703_9     (sub           ) [ 00000000]
sub_ln703_32    (sub           ) [ 00000000]
add_ln703_30    (add           ) [ 00000000]
select_ln228_28 (select        ) [ 00000000]
select_ln228_29 (select        ) [ 00000000]
tmp_67          (bitselect     ) [ 01001110]
trunc_ln1333_17 (partselect    ) [ 00000000]
sext_ln1333_18  (sext          ) [ 00000000]
trunc_ln1333_18 (partselect    ) [ 00000000]
sext_ln1333_19  (sext          ) [ 00000000]
add_ln703_10    (add           ) [ 00000000]
sub_ln703_10    (sub           ) [ 00000000]
sub_ln703_33    (sub           ) [ 00000000]
add_ln703_31    (add           ) [ 00000000]
select_ln228_31 (select        ) [ 00000000]
select_ln228_32 (select        ) [ 00000000]
tmp_68          (bitselect     ) [ 01001110]
trunc_ln1333_19 (partselect    ) [ 00000000]
sext_ln1333_20  (sext          ) [ 00000000]
trunc_ln1333_20 (partselect    ) [ 00000000]
sext_ln1333_21  (sext          ) [ 00000000]
add_ln703_11    (add           ) [ 00000000]
sub_ln703_11    (sub           ) [ 00000000]
sub_ln703_34    (sub           ) [ 00000000]
add_ln703_32    (add           ) [ 00000000]
select_ln228_34 (select        ) [ 00000000]
select_ln228_35 (select        ) [ 00000000]
tmp_69          (bitselect     ) [ 01001110]
trunc_ln1333_21 (partselect    ) [ 00000000]
sext_ln1333_22  (sext          ) [ 00000000]
trunc_ln1333_22 (partselect    ) [ 00000000]
sext_ln1333_23  (sext          ) [ 00000000]
add_ln703_12    (add           ) [ 00000000]
sub_ln703_12    (sub           ) [ 00000000]
sub_ln703_35    (sub           ) [ 00000000]
add_ln703_33    (add           ) [ 00000000]
select_ln228_37 (select        ) [ 01001000]
select_ln228_38 (select        ) [ 01001000]
tmp_70          (bitselect     ) [ 01001110]
trunc_ln1333_23 (partselect    ) [ 01001000]
trunc_ln1333_24 (partselect    ) [ 01001000]
sext_ln1333_24  (sext          ) [ 00000000]
sext_ln1333_25  (sext          ) [ 00000000]
add_ln703_13    (add           ) [ 00000000]
sub_ln703_13    (sub           ) [ 00000000]
sub_ln703_36    (sub           ) [ 00000000]
add_ln703_34    (add           ) [ 00000000]
select_ln228_40 (select        ) [ 00000000]
select_ln228_41 (select        ) [ 00000000]
tmp_71          (bitselect     ) [ 01000110]
trunc_ln1333_25 (partselect    ) [ 00000000]
sext_ln1333_26  (sext          ) [ 00000000]
trunc_ln1333_26 (partselect    ) [ 00000000]
sext_ln1333_27  (sext          ) [ 00000000]
add_ln703_14    (add           ) [ 00000000]
sub_ln703_14    (sub           ) [ 00000000]
sub_ln703_37    (sub           ) [ 00000000]
add_ln703_35    (add           ) [ 00000000]
select_ln228_43 (select        ) [ 00000000]
select_ln228_44 (select        ) [ 00000000]
tmp_72          (bitselect     ) [ 01000110]
trunc_ln1333_27 (partselect    ) [ 00000000]
sext_ln1333_28  (sext          ) [ 00000000]
trunc_ln1333_28 (partselect    ) [ 00000000]
sext_ln1333_29  (sext          ) [ 00000000]
add_ln703_15    (add           ) [ 00000000]
sub_ln703_15    (sub           ) [ 00000000]
sub_ln703_38    (sub           ) [ 00000000]
add_ln703_36    (add           ) [ 00000000]
select_ln228_46 (select        ) [ 00000000]
select_ln228_47 (select        ) [ 00000000]
tmp_73          (bitselect     ) [ 01000110]
trunc_ln1333_29 (partselect    ) [ 00000000]
sext_ln1333_30  (sext          ) [ 00000000]
trunc_ln1333_30 (partselect    ) [ 00000000]
sext_ln1333_31  (sext          ) [ 00000000]
add_ln703_16    (add           ) [ 00000000]
sub_ln703_16    (sub           ) [ 00000000]
sub_ln703_39    (sub           ) [ 00000000]
add_ln703_37    (add           ) [ 00000000]
select_ln228_49 (select        ) [ 00000000]
select_ln228_50 (select        ) [ 00000000]
tmp_74          (bitselect     ) [ 01000110]
trunc_ln1333_31 (partselect    ) [ 00000000]
sext_ln1333_32  (sext          ) [ 00000000]
trunc_ln1333_32 (partselect    ) [ 00000000]
sext_ln1333_33  (sext          ) [ 00000000]
add_ln703_17    (add           ) [ 00000000]
sub_ln703_17    (sub           ) [ 00000000]
sub_ln703_40    (sub           ) [ 00000000]
add_ln703_38    (add           ) [ 00000000]
select_ln228_52 (select        ) [ 01000100]
select_ln228_53 (select        ) [ 01000100]
tmp_75          (bitselect     ) [ 01000110]
trunc_ln1333_33 (partselect    ) [ 01000100]
trunc_ln1333_34 (partselect    ) [ 01000100]
sext_ln1333_34  (sext          ) [ 00000000]
sext_ln1333_35  (sext          ) [ 00000000]
add_ln703_18    (add           ) [ 00000000]
sub_ln703_18    (sub           ) [ 00000000]
sub_ln703_41    (sub           ) [ 00000000]
add_ln703_39    (add           ) [ 00000000]
select_ln228_55 (select        ) [ 00000000]
select_ln228_56 (select        ) [ 00000000]
tmp_76          (bitselect     ) [ 01000010]
trunc_ln1333_35 (partselect    ) [ 00000000]
sext_ln1333_36  (sext          ) [ 00000000]
trunc_ln1333_36 (partselect    ) [ 00000000]
sext_ln1333_37  (sext          ) [ 00000000]
add_ln703_19    (add           ) [ 00000000]
sub_ln703_19    (sub           ) [ 00000000]
sub_ln703_42    (sub           ) [ 00000000]
add_ln703_40    (add           ) [ 00000000]
select_ln228_58 (select        ) [ 00000000]
select_ln228_59 (select        ) [ 00000000]
tmp_77          (bitselect     ) [ 01000010]
trunc_ln1333_37 (partselect    ) [ 00000000]
sext_ln1333_38  (sext          ) [ 00000000]
trunc_ln1333_38 (partselect    ) [ 00000000]
sext_ln1333_39  (sext          ) [ 00000000]
add_ln703_20    (add           ) [ 00000000]
sub_ln703_20    (sub           ) [ 00000000]
sub_ln703_43    (sub           ) [ 00000000]
add_ln703_41    (add           ) [ 00000000]
select_ln228_61 (select        ) [ 00000000]
select_ln228_62 (select        ) [ 00000000]
tmp_78          (bitselect     ) [ 01000010]
trunc_ln1333_39 (partselect    ) [ 00000000]
sext_ln1333_40  (sext          ) [ 00000000]
trunc_ln1333_40 (partselect    ) [ 00000000]
sext_ln1333_41  (sext          ) [ 00000000]
add_ln703_21    (add           ) [ 00000000]
sub_ln703_21    (sub           ) [ 00000000]
sub_ln703_44    (sub           ) [ 00000000]
add_ln703_42    (add           ) [ 00000000]
select_ln228_64 (select        ) [ 00000000]
tmp_79          (bitselect     ) [ 00000000]
tmp             (partselect    ) [ 00000000]
tmp_s           (partselect    ) [ 00000000]
select_ln228_65 (select        ) [ 00000000]
sext_ln1333_42  (sext          ) [ 00000000]
sub_ln703_22    (sub           ) [ 00000000]
add_ln703_43    (add           ) [ 00000000]
select_ln101    (select        ) [ 00000000]
tmp_80          (bitselect     ) [ 00000000]
tmp_81          (bitselect     ) [ 00000000]
select_ln228_66 (select        ) [ 00000000]
select_ln101_1  (select        ) [ 00000000]
add_ln101_19    (add           ) [ 01000010]
and_ln608       (and           ) [ 00000000]
and_ln612       (and           ) [ 00000000]
and_ln616       (and           ) [ 00000000]
and_ln620       (and           ) [ 01000001]
select_ln631    (select        ) [ 00000000]
select_ln228_2  (select        ) [ 00000000]
select_ln228_3  (select        ) [ 00000000]
select_ln228_6  (select        ) [ 00000000]
select_ln228_9  (select        ) [ 00000000]
select_ln228_12 (select        ) [ 00000000]
select_ln228_15 (select        ) [ 00000000]
select_ln228_18 (select        ) [ 00000000]
select_ln228_21 (select        ) [ 00000000]
select_ln228_24 (select        ) [ 00000000]
select_ln228_27 (select        ) [ 00000000]
select_ln228_30 (select        ) [ 00000000]
select_ln228_33 (select        ) [ 00000000]
select_ln228_36 (select        ) [ 00000000]
select_ln228_39 (select        ) [ 00000000]
select_ln228_42 (select        ) [ 00000000]
select_ln228_45 (select        ) [ 00000000]
select_ln228_48 (select        ) [ 00000000]
select_ln228_51 (select        ) [ 00000000]
select_ln228_54 (select        ) [ 00000000]
select_ln228_57 (select        ) [ 00000000]
select_ln228_60 (select        ) [ 00000000]
select_ln228_63 (select        ) [ 00000000]
add_ln101_1     (add           ) [ 00000000]
zext_ln101      (zext          ) [ 00000000]
add_ln101_2     (add           ) [ 00000000]
add_ln101_3     (add           ) [ 00000000]
sext_ln101      (sext          ) [ 00000000]
add_ln101_4     (add           ) [ 00000000]
sext_ln101_1    (sext          ) [ 00000000]
add_ln101_5     (add           ) [ 00000000]
add_ln101_6     (add           ) [ 00000000]
sext_ln101_2    (sext          ) [ 00000000]
add_ln101_7     (add           ) [ 00000000]
add_ln101_8     (add           ) [ 00000000]
sext_ln101_3    (sext          ) [ 00000000]
add_ln101_9     (add           ) [ 00000000]
sext_ln101_4    (sext          ) [ 00000000]
add_ln101_10    (add           ) [ 00000000]
sext_ln101_5    (sext          ) [ 00000000]
add_ln101_11    (add           ) [ 00000000]
add_ln101_12    (add           ) [ 00000000]
sext_ln101_6    (sext          ) [ 00000000]
add_ln101_13    (add           ) [ 00000000]
add_ln101_14    (add           ) [ 00000000]
sext_ln101_7    (sext          ) [ 00000000]
add_ln101_15    (add           ) [ 00000000]
sext_ln101_8    (sext          ) [ 00000000]
add_ln101_16    (add           ) [ 00000000]
add_ln101_17    (add           ) [ 00000000]
sext_ln101_9    (sext          ) [ 00000000]
add_ln101_18    (add           ) [ 00000000]
sext_ln101_10   (sext          ) [ 00000000]
add_ln101_20    (add           ) [ 00000000]
sext_ln101_11   (sext          ) [ 00000000]
add_ln101_21    (add           ) [ 00000000]
sext_ln101_12   (sext          ) [ 00000000]
add_ln101_22    (add           ) [ 00000000]
sext_ln101_13   (sext          ) [ 00000000]
add_ln101       (add           ) [ 00000000]
sext_ln703_2    (sext          ) [ 00000000]
z_V             (sub           ) [ 00000000]
z_V_1           (select        ) [ 00000000]
and_ln681       (and           ) [ 00000000]
ret_V           (sub           ) [ 00000000]
ret_V_20        (add           ) [ 00000000]
r               (sub           ) [ 00000000]
or_ln612        (or            ) [ 00000000]
or_ln616        (or            ) [ 01000001]
or_ln620        (or            ) [ 00000000]
or_ln1498       (or            ) [ 00000000]
xor_ln1498      (xor           ) [ 00000000]
and_ln681_1     (and           ) [ 00000000]
or_ln681        (or            ) [ 00000000]
xor_ln681       (xor           ) [ 00000000]
and_ln684       (and           ) [ 00000000]
or_ln684_1      (or            ) [ 00000000]
xor_ln684       (xor           ) [ 00000000]
and_ln687       (and           ) [ 00000000]
and_ln687_1     (and           ) [ 00000000]
tmp_46          (partselect    ) [ 00000000]
tmp_47          (partselect    ) [ 00000000]
tmp_48          (partselect    ) [ 00000000]
tmp_49          (partselect    ) [ 00000000]
select_ln681    (select        ) [ 00000000]
select_ln684    (select        ) [ 00000000]
out_V           (select        ) [ 00000000]
xor_ln620       (xor           ) [ 00000000]
and_ln1498      (and           ) [ 00000000]
xor_ln1494      (xor           ) [ 00000000]
and_ln1494      (and           ) [ 00000000]
out_V_1         (select        ) [ 00000000]
out_V_2         (select        ) [ 00000000]
xor_ln608       (xor           ) [ 00000000]
and_ln612_1     (and           ) [ 00000000]
xor_ln612       (xor           ) [ 00000000]
and_ln616_1     (and           ) [ 00000000]
select_ln616    (select        ) [ 00000000]
or_ln616_1      (or            ) [ 00000000]
out_V_3         (select        ) [ 01000001]
and_ln1494_1    (and           ) [ 01000001]
xor_ln616       (xor           ) [ 00000000]
and_ln620_1     (and           ) [ 00000000]
select_ln1494   (select        ) [ 00000000]
or_ln1494       (or            ) [ 00000000]
out_V_4         (select        ) [ 00000000]
ret_ln695       (ret           ) [ 00000000]
</LifeTime>

<model>

<comp_list>
<comp id="0" class="1000" name="in1">
<pin_list>
<pin id="1" dir="1" index="0" bw="1" slack="0"/>
</pin_list>
<bind>
<StgValue><ssdm name="in1"/></StgValue>
</bind>
</comp>

<comp id="2" class="1000" name="in2">
<pin_list>
<pin id="3" dir="1" index="0" bw="1" slack="0"/>
</pin_list>
<bind>
<StgValue><ssdm name="in2"/></StgValue>
</bind>
</comp>

<comp id="4" class="1001" name="const_4">
<pin_list>
<pin id="5" dir="1" index="0" bw="1" slack="0"/>
</pin_list>
<bind>
<StgValue><ssdm name="_ssdm_op_Read.ap_auto.i20"/></StgValue>
</bind>
</comp>

<comp id="6" class="1001" name="const_6">
<pin_list>
<pin id="7" dir="1" index="0" bw="1" slack="0"/>
</pin_list>
<bind>
<StgValue><ssdm name=""/></StgValue>
</bind>
</comp>

<comp id="8" class="1001" name="const_8">
<pin_list>
<pin id="9" dir="1" index="0" bw="1" slack="0"/>
</pin_list>
<bind>
<StgValue><ssdm name=""/></StgValue>
</bind>
</comp>

<comp id="10" class="1001" name="const_10">
<pin_list>
<pin id="11" dir="1" index="0" bw="1" slack="0"/>
</pin_list>
<bind>
<StgValue><ssdm name=""/></StgValue>
</bind>
</comp>

<comp id="12" class="1001" name="const_12">
<pin_list>
<pin id="13" dir="1" index="0" bw="1" slack="0"/>
</pin_list>
<bind>
<StgValue><ssdm name=""/></StgValue>
</bind>
</comp>

<comp id="14" class="1001" name="const_14">
<pin_list>
<pin id="15" dir="1" index="0" bw="1" slack="0"/>
</pin_list>
<bind>
<StgValue><ssdm name=""/></StgValue>
</bind>
</comp>

<comp id="16" class="1001" name="const_16">
<pin_list>
<pin id="17" dir="1" index="0" bw="1" slack="0"/>
</pin_list>
<bind>
<StgValue><ssdm name="_ssdm_op_BitConcatenate.i26.i21.i5"/></StgValue>
</bind>
</comp>

<comp id="18" class="1001" name="const_18">
<pin_list>
<pin id="19" dir="1" index="0" bw="1" slack="0"/>
</pin_list>
<bind>
<StgValue><ssdm name=""/></StgValue>
</bind>
</comp>

<comp id="20" class="1001" name="const_20">
<pin_list>
<pin id="21" dir="1" index="0" bw="1" slack="0"/>
</pin_list>
<bind>
<StgValue><ssdm name="_ssdm_op_BitSelect.i1.i26.i32"/></StgValue>
</bind>
</comp>

<comp id="22" class="1001" name="const_22">
<pin_list>
<pin id="23" dir="1" index="0" bw="1" slack="0"/>
</pin_list>
<bind>
<StgValue><ssdm name=""/></StgValue>
</bind>
</comp>

<comp id="24" class="1001" name="const_24">
<pin_list>
<pin id="25" dir="1" index="0" bw="1" slack="0"/>
</pin_list>
<bind>
<StgValue><ssdm name="_ssdm_op_BitSelect.i1.i27.i32"/></StgValue>
</bind>
</comp>

<comp id="26" class="1001" name="const_26">
<pin_list>
<pin id="27" dir="1" index="0" bw="1" slack="0"/>
</pin_list>
<bind>
<StgValue><ssdm name=""/></StgValue>
</bind>
</comp>

<comp id="28" class="1001" name="const_28">
<pin_list>
<pin id="29" dir="1" index="0" bw="1" slack="0"/>
</pin_list>
<bind>
<StgValue><ssdm name="_ssdm_op_PartSelect.i26.i27.i32.i32"/></StgValue>
</bind>
</comp>

<comp id="30" class="1001" name="const_30">
<pin_list>
<pin id="31" dir="1" index="0" bw="1" slack="0"/>
</pin_list>
<bind>
<StgValue><ssdm name=""/></StgValue>
</bind>
</comp>

<comp id="32" class="1001" name="const_32">
<pin_list>
<pin id="33" dir="1" index="0" bw="1" slack="0"/>
</pin_list>
<bind>
<StgValue><ssdm name="_ssdm_op_PartSelect.i25.i27.i32.i32"/></StgValue>
</bind>
</comp>

<comp id="34" class="1001" name="const_34">
<pin_list>
<pin id="35" dir="1" index="0" bw="1" slack="0"/>
</pin_list>
<bind>
<StgValue><ssdm name=""/></StgValue>
</bind>
</comp>

<comp id="36" class="1001" name="const_36">
<pin_list>
<pin id="37" dir="1" index="0" bw="1" slack="0"/>
</pin_list>
<bind>
<StgValue><ssdm name="_ssdm_op_PartSelect.i24.i27.i32.i32"/></StgValue>
</bind>
</comp>

<comp id="38" class="1001" name="const_38">
<pin_list>
<pin id="39" dir="1" index="0" bw="1" slack="0"/>
</pin_list>
<bind>
<StgValue><ssdm name=""/></StgValue>
</bind>
</comp>

<comp id="40" class="1001" name="const_40">
<pin_list>
<pin id="41" dir="1" index="0" bw="1" slack="0"/>
</pin_list>
<bind>
<StgValue><ssdm name="_ssdm_op_PartSelect.i23.i27.i32.i32"/></StgValue>
</bind>
</comp>

<comp id="42" class="1001" name="const_42">
<pin_list>
<pin id="43" dir="1" index="0" bw="1" slack="0"/>
</pin_list>
<bind>
<StgValue><ssdm name=""/></StgValue>
</bind>
</comp>

<comp id="44" class="1001" name="const_44">
<pin_list>
<pin id="45" dir="1" index="0" bw="1" slack="0"/>
</pin_list>
<bind>
<StgValue><ssdm name="_ssdm_op_PartSelect.i22.i27.i32.i32"/></StgValue>
</bind>
</comp>

<comp id="46" class="1001" name="const_46">
<pin_list>
<pin id="47" dir="1" index="0" bw="1" slack="0"/>
</pin_list>
<bind>
<StgValue><ssdm name=""/></StgValue>
</bind>
</comp>

<comp id="48" class="1001" name="const_48">
<pin_list>
<pin id="49" dir="1" index="0" bw="1" slack="0"/>
</pin_list>
<bind>
<StgValue><ssdm name="_ssdm_op_PartSelect.i21.i27.i32.i32"/></StgValue>
</bind>
</comp>

<comp id="50" class="1001" name="const_50">
<pin_list>
<pin id="51" dir="1" index="0" bw="1" slack="0"/>
</pin_list>
<bind>
<StgValue><ssdm name=""/></StgValue>
</bind>
</comp>

<comp id="52" class="1001" name="const_52">
<pin_list>
<pin id="53" dir="1" index="0" bw="1" slack="0"/>
</pin_list>
<bind>
<StgValue><ssdm name="_ssdm_op_PartSelect.i20.i27.i32.i32"/></StgValue>
</bind>
</comp>

<comp id="54" class="1001" name="const_54">
<pin_list>
<pin id="55" dir="1" index="0" bw="1" slack="0"/>
</pin_list>
<bind>
<StgValue><ssdm name=""/></StgValue>
</bind>
</comp>

<comp id="56" class="1001" name="const_56">
<pin_list>
<pin id="57" dir="1" index="0" bw="1" slack="0"/>
</pin_list>
<bind>
<StgValue><ssdm name="_ssdm_op_PartSelect.i19.i27.i32.i32"/></StgValue>
</bind>
</comp>

<comp id="58" class="1001" name="const_58">
<pin_list>
<pin id="59" dir="1" index="0" bw="1" slack="0"/>
</pin_list>
<bind>
<StgValue><ssdm name=""/></StgValue>
</bind>
</comp>

<comp id="60" class="1001" name="const_60">
<pin_list>
<pin id="61" dir="1" index="0" bw="1" slack="0"/>
</pin_list>
<bind>
<StgValue><ssdm name="_ssdm_op_PartSelect.i18.i27.i32.i32"/></StgValue>
</bind>
</comp>

<comp id="62" class="1001" name="const_62">
<pin_list>
<pin id="63" dir="1" index="0" bw="1" slack="0"/>
</pin_list>
<bind>
<StgValue><ssdm name=""/></StgValue>
</bind>
</comp>

<comp id="64" class="1001" name="const_64">
<pin_list>
<pin id="65" dir="1" index="0" bw="1" slack="0"/>
</pin_list>
<bind>
<StgValue><ssdm name="_ssdm_op_PartSelect.i17.i27.i32.i32"/></StgValue>
</bind>
</comp>

<comp id="66" class="1001" name="const_66">
<pin_list>
<pin id="67" dir="1" index="0" bw="1" slack="0"/>
</pin_list>
<bind>
<StgValue><ssdm name=""/></StgValue>
</bind>
</comp>

<comp id="68" class="1001" name="const_68">
<pin_list>
<pin id="69" dir="1" index="0" bw="1" slack="0"/>
</pin_list>
<bind>
<StgValue><ssdm name="_ssdm_op_PartSelect.i16.i27.i32.i32"/></StgValue>
</bind>
</comp>

<comp id="70" class="1001" name="const_70">
<pin_list>
<pin id="71" dir="1" index="0" bw="1" slack="0"/>
</pin_list>
<bind>
<StgValue><ssdm name=""/></StgValue>
</bind>
</comp>

<comp id="72" class="1001" name="const_72">
<pin_list>
<pin id="73" dir="1" index="0" bw="1" slack="0"/>
</pin_list>
<bind>
<StgValue><ssdm name="_ssdm_op_PartSelect.i15.i27.i32.i32"/></StgValue>
</bind>
</comp>

<comp id="74" class="1001" name="const_74">
<pin_list>
<pin id="75" dir="1" index="0" bw="1" slack="0"/>
</pin_list>
<bind>
<StgValue><ssdm name=""/></StgValue>
</bind>
</comp>

<comp id="76" class="1001" name="const_76">
<pin_list>
<pin id="77" dir="1" index="0" bw="1" slack="0"/>
</pin_list>
<bind>
<StgValue><ssdm name="_ssdm_op_PartSelect.i14.i27.i32.i32"/></StgValue>
</bind>
</comp>

<comp id="78" class="1001" name="const_78">
<pin_list>
<pin id="79" dir="1" index="0" bw="1" slack="0"/>
</pin_list>
<bind>
<StgValue><ssdm name=""/></StgValue>
</bind>
</comp>

<comp id="80" class="1001" name="const_80">
<pin_list>
<pin id="81" dir="1" index="0" bw="1" slack="0"/>
</pin_list>
<bind>
<StgValue><ssdm name="_ssdm_op_PartSelect.i13.i27.i32.i32"/></StgValue>
</bind>
</comp>

<comp id="82" class="1001" name="const_82">
<pin_list>
<pin id="83" dir="1" index="0" bw="1" slack="0"/>
</pin_list>
<bind>
<StgValue><ssdm name=""/></StgValue>
</bind>
</comp>

<comp id="84" class="1001" name="const_84">
<pin_list>
<pin id="85" dir="1" index="0" bw="1" slack="0"/>
</pin_list>
<bind>
<StgValue><ssdm name="_ssdm_op_PartSelect.i12.i27.i32.i32"/></StgValue>
</bind>
</comp>

<comp id="86" class="1001" name="const_86">
<pin_list>
<pin id="87" dir="1" index="0" bw="1" slack="0"/>
</pin_list>
<bind>
<StgValue><ssdm name=""/></StgValue>
</bind>
</comp>

<comp id="88" class="1001" name="const_88">
<pin_list>
<pin id="89" dir="1" index="0" bw="1" slack="0"/>
</pin_list>
<bind>
<StgValue><ssdm name="_ssdm_op_PartSelect.i11.i27.i32.i32"/></StgValue>
</bind>
</comp>

<comp id="90" class="1001" name="const_90">
<pin_list>
<pin id="91" dir="1" index="0" bw="1" slack="0"/>
</pin_list>
<bind>
<StgValue><ssdm name=""/></StgValue>
</bind>
</comp>

<comp id="92" class="1001" name="const_92">
<pin_list>
<pin id="93" dir="1" index="0" bw="1" slack="0"/>
</pin_list>
<bind>
<StgValue><ssdm name="_ssdm_op_PartSelect.i10.i27.i32.i32"/></StgValue>
</bind>
</comp>

<comp id="94" class="1001" name="const_94">
<pin_list>
<pin id="95" dir="1" index="0" bw="1" slack="0"/>
</pin_list>
<bind>
<StgValue><ssdm name=""/></StgValue>
</bind>
</comp>

<comp id="96" class="1001" name="const_96">
<pin_list>
<pin id="97" dir="1" index="0" bw="1" slack="0"/>
</pin_list>
<bind>
<StgValue><ssdm name="_ssdm_op_PartSelect.i9.i27.i32.i32"/></StgValue>
</bind>
</comp>

<comp id="98" class="1001" name="const_98">
<pin_list>
<pin id="99" dir="1" index="0" bw="1" slack="0"/>
</pin_list>
<bind>
<StgValue><ssdm name=""/></StgValue>
</bind>
</comp>

<comp id="100" class="1001" name="const_100">
<pin_list>
<pin id="101" dir="1" index="0" bw="1" slack="0"/>
</pin_list>
<bind>
<StgValue><ssdm name="_ssdm_op_PartSelect.i8.i27.i32.i32"/></StgValue>
</bind>
</comp>

<comp id="102" class="1001" name="const_102">
<pin_list>
<pin id="103" dir="1" index="0" bw="1" slack="0"/>
</pin_list>
<bind>
<StgValue><ssdm name=""/></StgValue>
</bind>
</comp>

<comp id="104" class="1001" name="const_104">
<pin_list>
<pin id="105" dir="1" index="0" bw="1" slack="0"/>
</pin_list>
<bind>
<StgValue><ssdm name="_ssdm_op_PartSelect.i7.i27.i32.i32"/></StgValue>
</bind>
</comp>

<comp id="106" class="1001" name="const_106">
<pin_list>
<pin id="107" dir="1" index="0" bw="1" slack="0"/>
</pin_list>
<bind>
<StgValue><ssdm name=""/></StgValue>
</bind>
</comp>

<comp id="108" class="1001" name="const_108">
<pin_list>
<pin id="109" dir="1" index="0" bw="1" slack="0"/>
</pin_list>
<bind>
<StgValue><ssdm name="_ssdm_op_PartSelect.i6.i27.i32.i32"/></StgValue>
</bind>
</comp>

<comp id="110" class="1001" name="const_110">
<pin_list>
<pin id="111" dir="1" index="0" bw="1" slack="0"/>
</pin_list>
<bind>
<StgValue><ssdm name=""/></StgValue>
</bind>
</comp>

<comp id="112" class="1001" name="const_112">
<pin_list>
<pin id="113" dir="1" index="0" bw="1" slack="0"/>
</pin_list>
<bind>
<StgValue><ssdm name="_ssdm_op_PartSelect.i5.i27.i32.i32"/></StgValue>
</bind>
</comp>

<comp id="114" class="1001" name="const_114">
<pin_list>
<pin id="115" dir="1" index="0" bw="1" slack="0"/>
</pin_list>
<bind>
<StgValue><ssdm name=""/></StgValue>
</bind>
</comp>

<comp id="116" class="1001" name="const_116">
<pin_list>
<pin id="117" dir="1" index="0" bw="1" slack="0"/>
</pin_list>
<bind>
<StgValue><ssdm name=""/></StgValue>
</bind>
</comp>

<comp id="118" class="1001" name="const_118">
<pin_list>
<pin id="119" dir="1" index="0" bw="1" slack="0"/>
</pin_list>
<bind>
<StgValue><ssdm name=""/></StgValue>
</bind>
</comp>

<comp id="120" class="1001" name="const_120">
<pin_list>
<pin id="121" dir="1" index="0" bw="1" slack="0"/>
</pin_list>
<bind>
<StgValue><ssdm name=""/></StgValue>
</bind>
</comp>

<comp id="122" class="1001" name="const_122">
<pin_list>
<pin id="123" dir="1" index="0" bw="1" slack="0"/>
</pin_list>
<bind>
<StgValue><ssdm name=""/></StgValue>
</bind>
</comp>

<comp id="124" class="1001" name="const_124">
<pin_list>
<pin id="125" dir="1" index="0" bw="1" slack="0"/>
</pin_list>
<bind>
<StgValue><ssdm name=""/></StgValue>
</bind>
</comp>

<comp id="126" class="1001" name="const_126">
<pin_list>
<pin id="127" dir="1" index="0" bw="1" slack="0"/>
</pin_list>
<bind>
<StgValue><ssdm name=""/></StgValue>
</bind>
</comp>

<comp id="128" class="1001" name="const_128">
<pin_list>
<pin id="129" dir="1" index="0" bw="1" slack="0"/>
</pin_list>
<bind>
<StgValue><ssdm name=""/></StgValue>
</bind>
</comp>

<comp id="130" class="1001" name="const_130">
<pin_list>
<pin id="131" dir="1" index="0" bw="1" slack="0"/>
</pin_list>
<bind>
<StgValue><ssdm name=""/></StgValue>
</bind>
</comp>

<comp id="132" class="1001" name="const_132">
<pin_list>
<pin id="133" dir="1" index="0" bw="1" slack="0"/>
</pin_list>
<bind>
<StgValue><ssdm name=""/></StgValue>
</bind>
</comp>

<comp id="134" class="1001" name="const_134">
<pin_list>
<pin id="135" dir="1" index="0" bw="1" slack="0"/>
</pin_list>
<bind>
<StgValue><ssdm name=""/></StgValue>
</bind>
</comp>

<comp id="136" class="1001" name="const_136">
<pin_list>
<pin id="137" dir="1" index="0" bw="1" slack="0"/>
</pin_list>
<bind>
<StgValue><ssdm name=""/></StgValue>
</bind>
</comp>

<comp id="138" class="1001" name="const_138">
<pin_list>
<pin id="139" dir="1" index="0" bw="1" slack="0"/>
</pin_list>
<bind>
<StgValue><ssdm name=""/></StgValue>
</bind>
</comp>

<comp id="140" class="1001" name="const_140">
<pin_list>
<pin id="141" dir="1" index="0" bw="1" slack="0"/>
</pin_list>
<bind>
<StgValue><ssdm name=""/></StgValue>
</bind>
</comp>

<comp id="142" class="1001" name="const_142">
<pin_list>
<pin id="143" dir="1" index="0" bw="1" slack="0"/>
</pin_list>
<bind>
<StgValue><ssdm name=""/></StgValue>
</bind>
</comp>

<comp id="144" class="1001" name="const_144">
<pin_list>
<pin id="145" dir="1" index="0" bw="1" slack="0"/>
</pin_list>
<bind>
<StgValue><ssdm name=""/></StgValue>
</bind>
</comp>

<comp id="146" class="1001" name="const_146">
<pin_list>
<pin id="147" dir="1" index="0" bw="1" slack="0"/>
</pin_list>
<bind>
<StgValue><ssdm name=""/></StgValue>
</bind>
</comp>

<comp id="148" class="1001" name="const_148">
<pin_list>
<pin id="149" dir="1" index="0" bw="1" slack="0"/>
</pin_list>
<bind>
<StgValue><ssdm name=""/></StgValue>
</bind>
</comp>

<comp id="150" class="1001" name="const_150">
<pin_list>
<pin id="151" dir="1" index="0" bw="1" slack="0"/>
</pin_list>
<bind>
<StgValue><ssdm name=""/></StgValue>
</bind>
</comp>

<comp id="152" class="1001" name="const_152">
<pin_list>
<pin id="153" dir="1" index="0" bw="1" slack="0"/>
</pin_list>
<bind>
<StgValue><ssdm name=""/></StgValue>
</bind>
</comp>

<comp id="154" class="1001" name="const_154">
<pin_list>
<pin id="155" dir="1" index="0" bw="1" slack="0"/>
</pin_list>
<bind>
<StgValue><ssdm name=""/></StgValue>
</bind>
</comp>

<comp id="156" class="1001" name="const_156">
<pin_list>
<pin id="157" dir="1" index="0" bw="1" slack="0"/>
</pin_list>
<bind>
<StgValue><ssdm name=""/></StgValue>
</bind>
</comp>

<comp id="158" class="1001" name="const_158">
<pin_list>
<pin id="159" dir="1" index="0" bw="1" slack="0"/>
</pin_list>
<bind>
<StgValue><ssdm name=""/></StgValue>
</bind>
</comp>

<comp id="160" class="1001" name="const_160">
<pin_list>
<pin id="161" dir="1" index="0" bw="1" slack="0"/>
</pin_list>
<bind>
<StgValue><ssdm name=""/></StgValue>
</bind>
</comp>

<comp id="162" class="1001" name="const_162">
<pin_list>
<pin id="163" dir="1" index="0" bw="1" slack="0"/>
</pin_list>
<bind>
<StgValue><ssdm name=""/></StgValue>
</bind>
</comp>

<comp id="164" class="1001" name="const_164">
<pin_list>
<pin id="165" dir="1" index="0" bw="1" slack="0"/>
</pin_list>
<bind>
<StgValue><ssdm name=""/></StgValue>
</bind>
</comp>

<comp id="166" class="1001" name="const_166">
<pin_list>
<pin id="167" dir="1" index="0" bw="1" slack="0"/>
</pin_list>
<bind>
<StgValue><ssdm name=""/></StgValue>
</bind>
</comp>

<comp id="168" class="1001" name="const_168">
<pin_list>
<pin id="169" dir="1" index="0" bw="1" slack="0"/>
</pin_list>
<bind>
<StgValue><ssdm name=""/></StgValue>
</bind>
</comp>

<comp id="170" class="1001" name="const_170">
<pin_list>
<pin id="171" dir="1" index="0" bw="1" slack="0"/>
</pin_list>
<bind>
<StgValue><ssdm name=""/></StgValue>
</bind>
</comp>

<comp id="172" class="1001" name="const_172">
<pin_list>
<pin id="173" dir="1" index="0" bw="1" slack="0"/>
</pin_list>
<bind>
<StgValue><ssdm name=""/></StgValue>
</bind>
</comp>

<comp id="174" class="1001" name="const_174">
<pin_list>
<pin id="175" dir="1" index="0" bw="1" slack="0"/>
</pin_list>
<bind>
<StgValue><ssdm name=""/></StgValue>
</bind>
</comp>

<comp id="176" class="1001" name="const_176">
<pin_list>
<pin id="177" dir="1" index="0" bw="1" slack="0"/>
</pin_list>
<bind>
<StgValue><ssdm name=""/></StgValue>
</bind>
</comp>

<comp id="178" class="1001" name="const_178">
<pin_list>
<pin id="179" dir="1" index="0" bw="1" slack="0"/>
</pin_list>
<bind>
<StgValue><ssdm name=""/></StgValue>
</bind>
</comp>

<comp id="180" class="1001" name="const_180">
<pin_list>
<pin id="181" dir="1" index="0" bw="1" slack="0"/>
</pin_list>
<bind>
<StgValue><ssdm name=""/></StgValue>
</bind>
</comp>

<comp id="182" class="1001" name="const_182">
<pin_list>
<pin id="183" dir="1" index="0" bw="1" slack="0"/>
</pin_list>
<bind>
<StgValue><ssdm name=""/></StgValue>
</bind>
</comp>

<comp id="184" class="1001" name="const_184">
<pin_list>
<pin id="185" dir="1" index="0" bw="1" slack="0"/>
</pin_list>
<bind>
<StgValue><ssdm name=""/></StgValue>
</bind>
</comp>

<comp id="186" class="1001" name="const_186">
<pin_list>
<pin id="187" dir="1" index="0" bw="1" slack="0"/>
</pin_list>
<bind>
<StgValue><ssdm name=""/></StgValue>
</bind>
</comp>

<comp id="188" class="1001" name="const_188">
<pin_list>
<pin id="189" dir="1" index="0" bw="1" slack="0"/>
</pin_list>
<bind>
<StgValue><ssdm name=""/></StgValue>
</bind>
</comp>

<comp id="190" class="1001" name="const_190">
<pin_list>
<pin id="191" dir="1" index="0" bw="1" slack="0"/>
</pin_list>
<bind>
<StgValue><ssdm name=""/></StgValue>
</bind>
</comp>

<comp id="192" class="1001" name="const_192">
<pin_list>
<pin id="193" dir="1" index="0" bw="1" slack="0"/>
</pin_list>
<bind>
<StgValue><ssdm name=""/></StgValue>
</bind>
</comp>

<comp id="194" class="1001" name="const_194">
<pin_list>
<pin id="195" dir="1" index="0" bw="1" slack="0"/>
</pin_list>
<bind>
<StgValue><ssdm name=""/></StgValue>
</bind>
</comp>

<comp id="196" class="1001" name="const_196">
<pin_list>
<pin id="197" dir="1" index="0" bw="1" slack="0"/>
</pin_list>
<bind>
<StgValue><ssdm name=""/></StgValue>
</bind>
</comp>

<comp id="198" class="1001" name="const_198">
<pin_list>
<pin id="199" dir="1" index="0" bw="1" slack="0"/>
</pin_list>
<bind>
<StgValue><ssdm name=""/></StgValue>
</bind>
</comp>

<comp id="200" class="1001" name="const_200">
<pin_list>
<pin id="201" dir="1" index="0" bw="1" slack="0"/>
</pin_list>
<bind>
<StgValue><ssdm name=""/></StgValue>
</bind>
</comp>

<comp id="202" class="1001" name="const_202">
<pin_list>
<pin id="203" dir="1" index="0" bw="1" slack="0"/>
</pin_list>
<bind>
<StgValue><ssdm name=""/></StgValue>
</bind>
</comp>

<comp id="204" class="1001" name="const_204">
<pin_list>
<pin id="205" dir="1" index="0" bw="1" slack="0"/>
</pin_list>
<bind>
<StgValue><ssdm name=""/></StgValue>
</bind>
</comp>

<comp id="206" class="1001" name="const_206">
<pin_list>
<pin id="207" dir="1" index="0" bw="1" slack="0"/>
</pin_list>
<bind>
<StgValue><ssdm name=""/></StgValue>
</bind>
</comp>

<comp id="208" class="1001" name="const_208">
<pin_list>
<pin id="209" dir="1" index="0" bw="1" slack="0"/>
</pin_list>
<bind>
<StgValue><ssdm name=""/></StgValue>
</bind>
</comp>

<comp id="210" class="1001" name="const_210">
<pin_list>
<pin id="211" dir="1" index="0" bw="1" slack="0"/>
</pin_list>
<bind>
<StgValue><ssdm name=""/></StgValue>
</bind>
</comp>

<comp id="212" class="1001" name="const_212">
<pin_list>
<pin id="213" dir="1" index="0" bw="1" slack="0"/>
</pin_list>
<bind>
<StgValue><ssdm name=""/></StgValue>
</bind>
</comp>

<comp id="214" class="1001" name="const_214">
<pin_list>
<pin id="215" dir="1" index="0" bw="1" slack="0"/>
</pin_list>
<bind>
<StgValue><ssdm name=""/></StgValue>
</bind>
</comp>

<comp id="216" class="1001" name="const_216">
<pin_list>
<pin id="217" dir="1" index="0" bw="1" slack="0"/>
</pin_list>
<bind>
<StgValue><ssdm name=""/></StgValue>
</bind>
</comp>

<comp id="218" class="1001" name="const_218">
<pin_list>
<pin id="219" dir="1" index="0" bw="1" slack="0"/>
</pin_list>
<bind>
<StgValue><ssdm name=""/></StgValue>
</bind>
</comp>

<comp id="220" class="1001" name="const_220">
<pin_list>
<pin id="221" dir="1" index="0" bw="1" slack="0"/>
</pin_list>
<bind>
<StgValue><ssdm name=""/></StgValue>
</bind>
</comp>

<comp id="222" class="1001" name="const_222">
<pin_list>
<pin id="223" dir="1" index="0" bw="1" slack="0"/>
</pin_list>
<bind>
<StgValue><ssdm name=""/></StgValue>
</bind>
</comp>

<comp id="224" class="1001" name="const_224">
<pin_list>
<pin id="225" dir="1" index="0" bw="1" slack="0"/>
</pin_list>
<bind>
<StgValue><ssdm name=""/></StgValue>
</bind>
</comp>

<comp id="226" class="1001" name="const_226">
<pin_list>
<pin id="227" dir="1" index="0" bw="1" slack="0"/>
</pin_list>
<bind>
<StgValue><ssdm name=""/></StgValue>
</bind>
</comp>

<comp id="228" class="1001" name="const_228">
<pin_list>
<pin id="229" dir="1" index="0" bw="1" slack="0"/>
</pin_list>
<bind>
<StgValue><ssdm name=""/></StgValue>
</bind>
</comp>

<comp id="230" class="1001" name="const_230">
<pin_list>
<pin id="231" dir="1" index="0" bw="1" slack="0"/>
</pin_list>
<bind>
<StgValue><ssdm name=""/></StgValue>
</bind>
</comp>

<comp id="232" class="1004" name="in2_read_read_fu_232">
<pin_list>
<pin id="233" dir="0" index="0" bw="20" slack="0"/>
<pin id="234" dir="0" index="1" bw="20" slack="0"/>
<pin id="235" dir="1" index="2" bw="20" slack="0"/>
</pin_list>
<bind>
<opcode="read(1150) " fcode="read"/>
<opset="in2_read/1 "/>
</bind>
</comp>

<comp id="238" class="1004" name="in1_read_read_fu_238">
<pin_list>
<pin id="239" dir="0" index="0" bw="20" slack="0"/>
<pin id="240" dir="0" index="1" bw="20" slack="0"/>
<pin id="241" dir="1" index="2" bw="20" slack="0"/>
</pin_list>
<bind>
<opcode="read(1150) " fcode="read"/>
<opset="in1_read/1 "/>
</bind>
</comp>

<comp id="244" class="1004" name="icmp_ln1494_fu_244">
<pin_list>
<pin id="245" dir="0" index="0" bw="20" slack="0"/>
<pin id="246" dir="0" index="1" bw="1" slack="0"/>
<pin id="247" dir="1" index="2" bw="1" slack="0"/>
</pin_list>
<bind>
<opcode="icmp(45) " fcode="icmp"/>
<opset="icmp_ln1494/1 "/>
</bind>
</comp>

<comp id="250" class="1004" name="icmp_ln1498_fu_250">
<pin_list>
<pin id="251" dir="0" index="0" bw="20" slack="0"/>
<pin id="252" dir="0" index="1" bw="1" slack="0"/>
<pin id="253" dir="1" index="2" bw="1" slack="0"/>
</pin_list>
<bind>
<opcode="icmp(45) " fcode="icmp"/>
<opset="icmp_ln1498/1 "/>
</bind>
</comp>

<comp id="256" class="1004" name="zext_ln601_fu_256">
<pin_list>
<pin id="257" dir="0" index="0" bw="1" slack="0"/>
<pin id="258" dir="1" index="1" bw="2" slack="0"/>
</pin_list>
<bind>
<opcode="zext(34) " fcode="zext"/>
<opset="zext_ln601/1 "/>
</bind>
</comp>

<comp id="260" class="1004" name="signin1_fu_260">
<pin_list>
<pin id="261" dir="0" index="0" bw="1" slack="0"/>
<pin id="262" dir="0" index="1" bw="2" slack="0"/>
<pin id="263" dir="0" index="2" bw="1" slack="0"/>
<pin id="264" dir="1" index="3" bw="2" slack="0"/>
</pin_list>
<bind>
<opcode="select(49) " fcode="select"/>
<opset="signin1/1 "/>
</bind>
</comp>

<comp id="268" class="1004" name="icmp_ln1494_1_fu_268">
<pin_list>
<pin id="269" dir="0" index="0" bw="20" slack="0"/>
<pin id="270" dir="0" index="1" bw="1" slack="0"/>
<pin id="271" dir="1" index="2" bw="1" slack="0"/>
</pin_list>
<bind>
<opcode="icmp(45) " fcode="icmp"/>
<opset="icmp_ln1494_1/1 "/>
</bind>
</comp>

<comp id="274" class="1004" name="icmp_ln1498_1_fu_274">
<pin_list>
<pin id="275" dir="0" index="0" bw="20" slack="0"/>
<pin id="276" dir="0" index="1" bw="1" slack="0"/>
<pin id="277" dir="1" index="2" bw="1" slack="0"/>
</pin_list>
<bind>
<opcode="icmp(45) " fcode="icmp"/>
<opset="icmp_ln1498_1/1 "/>
</bind>
</comp>

<comp id="280" class="1004" name="zext_ln602_fu_280">
<pin_list>
<pin id="281" dir="0" index="0" bw="1" slack="0"/>
<pin id="282" dir="1" index="1" bw="2" slack="0"/>
</pin_list>
<bind>
<opcode="zext(34) " fcode="zext"/>
<opset="zext_ln602/1 "/>
</bind>
</comp>

<comp id="284" class="1004" name="signin2_fu_284">
<pin_list>
<pin id="285" dir="0" index="0" bw="1" slack="0"/>
<pin id="286" dir="0" index="1" bw="2" slack="0"/>
<pin id="287" dir="0" index="2" bw="1" slack="0"/>
<pin id="288" dir="1" index="3" bw="2" slack="0"/>
</pin_list>
<bind>
<opcode="select(49) " fcode="select"/>
<opset="signin2/1 "/>
</bind>
</comp>

<comp id="292" class="1004" name="icmp_ln870_fu_292">
<pin_list>
<pin id="293" dir="0" index="0" bw="2" slack="0"/>
<pin id="294" dir="0" index="1" bw="1" slack="0"/>
<pin id="295" dir="1" index="2" bw="1" slack="5"/>
</pin_list>
<bind>
<opcode="icmp(45) " fcode="icmp"/>
<opset="icmp_ln870/1 "/>
</bind>
</comp>

<comp id="298" class="1004" name="icmp_ln870_4_fu_298">
<pin_list>
<pin id="299" dir="0" index="0" bw="2" slack="0"/>
<pin id="300" dir="0" index="1" bw="1" slack="0"/>
<pin id="301" dir="1" index="2" bw="1" slack="0"/>
</pin_list>
<bind>
<opcode="icmp(45) " fcode="icmp"/>
<opset="icmp_ln870_4/1 "/>
</bind>
</comp>

<comp id="304" class="1004" name="icmp_ln870_5_fu_304">
<pin_list>
<pin id="305" dir="0" index="0" bw="2" slack="0"/>
<pin id="306" dir="0" index="1" bw="1" slack="0"/>
<pin id="307" dir="1" index="2" bw="1" slack="5"/>
</pin_list>
<bind>
<opcode="icmp(45) " fcode="icmp"/>
<opset="icmp_ln870_5/1 "/>
</bind>
</comp>

<comp id="310" class="1004" name="icmp_ln870_6_fu_310">
<pin_list>
<pin id="311" dir="0" index="0" bw="2" slack="0"/>
<pin id="312" dir="0" index="1" bw="1" slack="0"/>
<pin id="313" dir="1" index="2" bw="1" slack="0"/>
</pin_list>
<bind>
<opcode="icmp(45) " fcode="icmp"/>
<opset="icmp_ln870_6/1 "/>
</bind>
</comp>

<comp id="316" class="1004" name="icmp_ln1498_2_fu_316">
<pin_list>
<pin id="317" dir="0" index="0" bw="20" slack="0"/>
<pin id="318" dir="0" index="1" bw="20" slack="0"/>
<pin id="319" dir="1" index="2" bw="1" slack="5"/>
</pin_list>
<bind>
<opcode="icmp(45) " fcode="icmp"/>
<opset="icmp_ln1498_2/1 "/>
</bind>
</comp>

<comp id="322" class="1004" name="sext_ln703_fu_322">
<pin_list>
<pin id="323" dir="0" index="0" bw="20" slack="0"/>
<pin id="324" dir="1" index="1" bw="21" slack="0"/>
</pin_list>
<bind>
<opcode="sext(35) " fcode="sext"/>
<opset="sext_ln703/1 "/>
</bind>
</comp>

<comp id="326" class="1004" name="r_V_fu_326">
<pin_list>
<pin id="327" dir="0" index="0" bw="1" slack="0"/>
<pin id="328" dir="0" index="1" bw="20" slack="0"/>
<pin id="329" dir="1" index="2" bw="21" slack="0"/>
</pin_list>
<bind>
<opcode="sub(10) " fcode="sub"/>
<opset="r_V/1 "/>
</bind>
</comp>

<comp id="332" class="1004" name="in1abs_V_fu_332">
<pin_list>
<pin id="333" dir="0" index="0" bw="1" slack="0"/>
<pin id="334" dir="0" index="1" bw="21" slack="0"/>
<pin id="335" dir="0" index="2" bw="20" slack="0"/>
<pin id="336" dir="1" index="3" bw="21" slack="0"/>
</pin_list>
<bind>
<opcode="select(49) " fcode="select"/>
<opset="in1abs_V/1 "/>
</bind>
</comp>

<comp id="340" class="1004" name="sext_ln703_1_fu_340">
<pin_list>
<pin id="341" dir="0" index="0" bw="20" slack="0"/>
<pin id="342" dir="1" index="1" bw="21" slack="0"/>
</pin_list>
<bind>
<opcode="sext(35) " fcode="sext"/>
<opset="sext_ln703_1/1 "/>
</bind>
</comp>

<comp id="344" class="1004" name="r_V_10_fu_344">
<pin_list>
<pin id="345" dir="0" index="0" bw="1" slack="0"/>
<pin id="346" dir="0" index="1" bw="20" slack="0"/>
<pin id="347" dir="1" index="2" bw="21" slack="0"/>
</pin_list>
<bind>
<opcode="sub(10) " fcode="sub"/>
<opset="r_V_10/1 "/>
</bind>
</comp>

<comp id="350" class="1004" name="in2abs_V_fu_350">
<pin_list>
<pin id="351" dir="0" index="0" bw="1" slack="0"/>
<pin id="352" dir="0" index="1" bw="21" slack="0"/>
<pin id="353" dir="0" index="2" bw="20" slack="0"/>
<pin id="354" dir="1" index="3" bw="21" slack="0"/>
</pin_list>
<bind>
<opcode="select(49) " fcode="select"/>
<opset="in2abs_V/1 "/>
</bind>
</comp>

<comp id="358" class="1004" name="icmp_ln1494_2_fu_358">
<pin_list>
<pin id="359" dir="0" index="0" bw="21" slack="0"/>
<pin id="360" dir="0" index="1" bw="21" slack="0"/>
<pin id="361" dir="1" index="2" bw="1" slack="0"/>
</pin_list>
<bind>
<opcode="icmp(45) " fcode="icmp"/>
<opset="icmp_ln1494_2/1 "/>
</bind>
</comp>

<comp id="364" class="1004" name="shl_ln_fu_364">
<pin_list>
<pin id="365" dir="0" index="0" bw="26" slack="0"/>
<pin id="366" dir="0" index="1" bw="21" slack="0"/>
<pin id="367" dir="0" index="2" bw="1" slack="0"/>
<pin id="368" dir="1" index="3" bw="26" slack="0"/>
</pin_list>
<bind>
<opcode="bitconcatenate(1004) " fcode="bitconcatenate"/>
<opset="shl_ln/1 "/>
</bind>
</comp>

<comp id="372" class="1004" name="shl_ln728_1_fu_372">
<pin_list>
<pin id="373" dir="0" index="0" bw="26" slack="0"/>
<pin id="374" dir="0" index="1" bw="21" slack="0"/>
<pin id="375" dir="0" index="2" bw="1" slack="0"/>
<pin id="376" dir="1" index="3" bw="26" slack="0"/>
</pin_list>
<bind>
<opcode="bitconcatenate(1004) " fcode="bitconcatenate"/>
<opset="shl_ln728_1/1 "/>
</bind>
</comp>

<comp id="380" class="1004" name="y_V_fu_380">
<pin_list>
<pin id="381" dir="0" index="0" bw="1" slack="0"/>
<pin id="382" dir="0" index="1" bw="26" slack="0"/>
<pin id="383" dir="0" index="2" bw="26" slack="0"/>
<pin id="384" dir="1" index="3" bw="26" slack="0"/>
</pin_list>
<bind>
<opcode="select(49) " fcode="select"/>
<opset="y_V/1 "/>
</bind>
</comp>

<comp id="388" class="1004" name="sext_ln669_fu_388">
<pin_list>
<pin id="389" dir="0" index="0" bw="26" slack="0"/>
<pin id="390" dir="1" index="1" bw="27" slack="0"/>
</pin_list>
<bind>
<opcode="sext(35) " fcode="sext"/>
<opset="sext_ln669/1 "/>
</bind>
</comp>

<comp id="392" class="1004" name="x_V_fu_392">
<pin_list>
<pin id="393" dir="0" index="0" bw="1" slack="0"/>
<pin id="394" dir="0" index="1" bw="26" slack="0"/>
<pin id="395" dir="0" index="2" bw="26" slack="0"/>
<pin id="396" dir="1" index="3" bw="26" slack="0"/>
</pin_list>
<bind>
<opcode="select(49) " fcode="select"/>
<opset="x_V/1 "/>
</bind>
</comp>

<comp id="400" class="1004" name="sext_ln664_fu_400">
<pin_list>
<pin id="401" dir="0" index="0" bw="26" slack="0"/>
<pin id="402" dir="1" index="1" bw="27" slack="0"/>
</pin_list>
<bind>
<opcode="sext(35) " fcode="sext"/>
<opset="sext_ln664/1 "/>
</bind>
</comp>

<comp id="404" class="1004" name="tmp_51_fu_404">
<pin_list>
<pin id="405" dir="0" index="0" bw="1" slack="0"/>
<pin id="406" dir="0" index="1" bw="26" slack="0"/>
<pin id="407" dir="0" index="2" bw="6" slack="0"/>
<pin id="408" dir="1" index="3" bw="1" slack="0"/>
</pin_list>
<bind>
<opcode="bitselect(1000) " fcode="bitselect"/>
<opset="tmp_51/1 "/>
</bind>
</comp>

<comp id="412" class="1004" name="add_ln703_fu_412">
<pin_list>
<pin id="413" dir="0" index="0" bw="26" slack="0"/>
<pin id="414" dir="0" index="1" bw="26" slack="0"/>
<pin id="415" dir="1" index="2" bw="27" slack="0"/>
</pin_list>
<bind>
<opcode="add(8) " fcode="add"/>
<opset="add_ln703/1 "/>
</bind>
</comp>

<comp id="418" class="1004" name="sub_ln703_fu_418">
<pin_list>
<pin id="419" dir="0" index="0" bw="26" slack="0"/>
<pin id="420" dir="0" index="1" bw="26" slack="0"/>
<pin id="421" dir="1" index="2" bw="27" slack="0"/>
</pin_list>
<bind>
<opcode="sub(10) " fcode="sub"/>
<opset="sub_ln703/1 "/>
</bind>
</comp>

<comp id="424" class="1004" name="sub_ln703_5_fu_424">
<pin_list>
<pin id="425" dir="0" index="0" bw="26" slack="0"/>
<pin id="426" dir="0" index="1" bw="26" slack="0"/>
<pin id="427" dir="1" index="2" bw="27" slack="0"/>
</pin_list>
<bind>
<opcode="sub(10) " fcode="sub"/>
<opset="sub_ln703_5/1 "/>
</bind>
</comp>

<comp id="430" class="1004" name="select_ln228_fu_430">
<pin_list>
<pin id="431" dir="0" index="0" bw="1" slack="0"/>
<pin id="432" dir="0" index="1" bw="27" slack="0"/>
<pin id="433" dir="0" index="2" bw="27" slack="0"/>
<pin id="434" dir="1" index="3" bw="27" slack="0"/>
</pin_list>
<bind>
<opcode="select(49) " fcode="select"/>
<opset="select_ln228/1 "/>
</bind>
</comp>

<comp id="438" class="1004" name="select_ln228_1_fu_438">
<pin_list>
<pin id="439" dir="0" index="0" bw="1" slack="0"/>
<pin id="440" dir="0" index="1" bw="27" slack="0"/>
<pin id="441" dir="0" index="2" bw="27" slack="0"/>
<pin id="442" dir="1" index="3" bw="27" slack="0"/>
</pin_list>
<bind>
<opcode="select(49) " fcode="select"/>
<opset="select_ln228_1/1 "/>
</bind>
</comp>

<comp id="446" class="1004" name="tmp_52_fu_446">
<pin_list>
<pin id="447" dir="0" index="0" bw="1" slack="0"/>
<pin id="448" dir="0" index="1" bw="26" slack="0"/>
<pin id="449" dir="0" index="2" bw="6" slack="0"/>
<pin id="450" dir="1" index="3" bw="1" slack="5"/>
</pin_list>
<bind>
<opcode="bitselect(1000) " fcode="bitselect"/>
<opset="tmp_52/1 "/>
</bind>
</comp>

<comp id="454" class="1004" name="tmp_53_fu_454">
<pin_list>
<pin id="455" dir="0" index="0" bw="1" slack="0"/>
<pin id="456" dir="0" index="1" bw="27" slack="0"/>
<pin id="457" dir="0" index="2" bw="6" slack="0"/>
<pin id="458" dir="1" index="3" bw="1" slack="0"/>
</pin_list>
<bind>
<opcode="bitselect(1000) " fcode="bitselect"/>
<opset="tmp_53/1 "/>
</bind>
</comp>

<comp id="462" class="1004" name="trunc_ln6_fu_462">
<pin_list>
<pin id="463" dir="0" index="0" bw="26" slack="0"/>
<pin id="464" dir="0" index="1" bw="27" slack="0"/>
<pin id="465" dir="0" index="2" bw="1" slack="0"/>
<pin id="466" dir="0" index="3" bw="6" slack="0"/>
<pin id="467" dir="1" index="4" bw="26" slack="0"/>
</pin_list>
<bind>
<opcode="partselect(1002) " fcode="partselect"/>
<opset="trunc_ln6/1 "/>
</bind>
</comp>

<comp id="472" class="1004" name="sext_ln1333_fu_472">
<pin_list>
<pin id="473" dir="0" index="0" bw="26" slack="0"/>
<pin id="474" dir="1" index="1" bw="27" slack="0"/>
</pin_list>
<bind>
<opcode="sext(35) " fcode="sext"/>
<opset="sext_ln1333/1 "/>
</bind>
</comp>

<comp id="476" class="1004" name="trunc_ln1333_1_fu_476">
<pin_list>
<pin id="477" dir="0" index="0" bw="26" slack="0"/>
<pin id="478" dir="0" index="1" bw="27" slack="0"/>
<pin id="479" dir="0" index="2" bw="1" slack="0"/>
<pin id="480" dir="0" index="3" bw="6" slack="0"/>
<pin id="481" dir="1" index="4" bw="26" slack="0"/>
</pin_list>
<bind>
<opcode="partselect(1002) " fcode="partselect"/>
<opset="trunc_ln1333_1/1 "/>
</bind>
</comp>

<comp id="486" class="1004" name="sext_ln1333_1_fu_486">
<pin_list>
<pin id="487" dir="0" index="0" bw="26" slack="0"/>
<pin id="488" dir="1" index="1" bw="27" slack="0"/>
</pin_list>
<bind>
<opcode="sext(35) " fcode="sext"/>
<opset="sext_ln1333_1/1 "/>
</bind>
</comp>

<comp id="490" class="1004" name="add_ln703_1_fu_490">
<pin_list>
<pin id="491" dir="0" index="0" bw="27" slack="0"/>
<pin id="492" dir="0" index="1" bw="26" slack="0"/>
<pin id="493" dir="1" index="2" bw="27" slack="0"/>
</pin_list>
<bind>
<opcode="add(8) " fcode="add"/>
<opset="add_ln703_1/1 "/>
</bind>
</comp>

<comp id="496" class="1004" name="sub_ln703_1_fu_496">
<pin_list>
<pin id="497" dir="0" index="0" bw="27" slack="0"/>
<pin id="498" dir="0" index="1" bw="26" slack="0"/>
<pin id="499" dir="1" index="2" bw="27" slack="0"/>
</pin_list>
<bind>
<opcode="sub(10) " fcode="sub"/>
<opset="sub_ln703_1/1 "/>
</bind>
</comp>

<comp id="502" class="1004" name="sub_ln703_6_fu_502">
<pin_list>
<pin id="503" dir="0" index="0" bw="27" slack="0"/>
<pin id="504" dir="0" index="1" bw="26" slack="0"/>
<pin id="505" dir="1" index="2" bw="27" slack="0"/>
</pin_list>
<bind>
<opcode="sub(10) " fcode="sub"/>
<opset="sub_ln703_6/1 "/>
</bind>
</comp>

<comp id="508" class="1004" name="add_ln703_3_fu_508">
<pin_list>
<pin id="509" dir="0" index="0" bw="27" slack="0"/>
<pin id="510" dir="0" index="1" bw="26" slack="0"/>
<pin id="511" dir="1" index="2" bw="27" slack="0"/>
</pin_list>
<bind>
<opcode="add(8) " fcode="add"/>
<opset="add_ln703_3/1 "/>
</bind>
</comp>

<comp id="514" class="1004" name="select_ln228_4_fu_514">
<pin_list>
<pin id="515" dir="0" index="0" bw="1" slack="0"/>
<pin id="516" dir="0" index="1" bw="27" slack="0"/>
<pin id="517" dir="0" index="2" bw="27" slack="0"/>
<pin id="518" dir="1" index="3" bw="27" slack="0"/>
</pin_list>
<bind>
<opcode="select(49) " fcode="select"/>
<opset="select_ln228_4/1 "/>
</bind>
</comp>

<comp id="522" class="1004" name="select_ln228_5_fu_522">
<pin_list>
<pin id="523" dir="0" index="0" bw="1" slack="0"/>
<pin id="524" dir="0" index="1" bw="27" slack="0"/>
<pin id="525" dir="0" index="2" bw="27" slack="0"/>
<pin id="526" dir="1" index="3" bw="27" slack="0"/>
</pin_list>
<bind>
<opcode="select(49) " fcode="select"/>
<opset="select_ln228_5/1 "/>
</bind>
</comp>

<comp id="530" class="1004" name="tmp_54_fu_530">
<pin_list>
<pin id="531" dir="0" index="0" bw="1" slack="0"/>
<pin id="532" dir="0" index="1" bw="27" slack="0"/>
<pin id="533" dir="0" index="2" bw="6" slack="0"/>
<pin id="534" dir="1" index="3" bw="1" slack="0"/>
</pin_list>
<bind>
<opcode="bitselect(1000) " fcode="bitselect"/>
<opset="tmp_54/1 "/>
</bind>
</comp>

<comp id="538" class="1004" name="trunc_ln1333_2_fu_538">
<pin_list>
<pin id="539" dir="0" index="0" bw="25" slack="0"/>
<pin id="540" dir="0" index="1" bw="27" slack="0"/>
<pin id="541" dir="0" index="2" bw="3" slack="0"/>
<pin id="542" dir="0" index="3" bw="6" slack="0"/>
<pin id="543" dir="1" index="4" bw="25" slack="0"/>
</pin_list>
<bind>
<opcode="partselect(1002) " fcode="partselect"/>
<opset="trunc_ln1333_2/1 "/>
</bind>
</comp>

<comp id="548" class="1004" name="sext_ln1333_2_fu_548">
<pin_list>
<pin id="549" dir="0" index="0" bw="25" slack="0"/>
<pin id="550" dir="1" index="1" bw="27" slack="0"/>
</pin_list>
<bind>
<opcode="sext(35) " fcode="sext"/>
<opset="sext_ln1333_2/1 "/>
</bind>
</comp>

<comp id="552" class="1004" name="trunc_ln1333_3_fu_552">
<pin_list>
<pin id="553" dir="0" index="0" bw="25" slack="0"/>
<pin id="554" dir="0" index="1" bw="27" slack="0"/>
<pin id="555" dir="0" index="2" bw="3" slack="0"/>
<pin id="556" dir="0" index="3" bw="6" slack="0"/>
<pin id="557" dir="1" index="4" bw="25" slack="0"/>
</pin_list>
<bind>
<opcode="partselect(1002) " fcode="partselect"/>
<opset="trunc_ln1333_3/1 "/>
</bind>
</comp>

<comp id="562" class="1004" name="sext_ln1333_3_fu_562">
<pin_list>
<pin id="563" dir="0" index="0" bw="25" slack="0"/>
<pin id="564" dir="1" index="1" bw="27" slack="0"/>
</pin_list>
<bind>
<opcode="sext(35) " fcode="sext"/>
<opset="sext_ln1333_3/1 "/>
</bind>
</comp>

<comp id="566" class="1004" name="add_ln703_2_fu_566">
<pin_list>
<pin id="567" dir="0" index="0" bw="27" slack="0"/>
<pin id="568" dir="0" index="1" bw="25" slack="0"/>
<pin id="569" dir="1" index="2" bw="27" slack="0"/>
</pin_list>
<bind>
<opcode="add(8) " fcode="add"/>
<opset="add_ln703_2/1 "/>
</bind>
</comp>

<comp id="572" class="1004" name="sub_ln703_2_fu_572">
<pin_list>
<pin id="573" dir="0" index="0" bw="27" slack="0"/>
<pin id="574" dir="0" index="1" bw="25" slack="0"/>
<pin id="575" dir="1" index="2" bw="27" slack="0"/>
</pin_list>
<bind>
<opcode="sub(10) " fcode="sub"/>
<opset="sub_ln703_2/1 "/>
</bind>
</comp>

<comp id="578" class="1004" name="sub_ln703_23_fu_578">
<pin_list>
<pin id="579" dir="0" index="0" bw="27" slack="0"/>
<pin id="580" dir="0" index="1" bw="25" slack="0"/>
<pin id="581" dir="1" index="2" bw="27" slack="0"/>
</pin_list>
<bind>
<opcode="sub(10) " fcode="sub"/>
<opset="sub_ln703_23/1 "/>
</bind>
</comp>

<comp id="584" class="1004" name="add_ln703_4_fu_584">
<pin_list>
<pin id="585" dir="0" index="0" bw="27" slack="0"/>
<pin id="586" dir="0" index="1" bw="25" slack="0"/>
<pin id="587" dir="1" index="2" bw="27" slack="0"/>
</pin_list>
<bind>
<opcode="add(8) " fcode="add"/>
<opset="add_ln703_4/1 "/>
</bind>
</comp>

<comp id="590" class="1004" name="select_ln228_7_fu_590">
<pin_list>
<pin id="591" dir="0" index="0" bw="1" slack="0"/>
<pin id="592" dir="0" index="1" bw="27" slack="0"/>
<pin id="593" dir="0" index="2" bw="27" slack="0"/>
<pin id="594" dir="1" index="3" bw="27" slack="0"/>
</pin_list>
<bind>
<opcode="select(49) " fcode="select"/>
<opset="select_ln228_7/1 "/>
</bind>
</comp>

<comp id="598" class="1004" name="select_ln228_8_fu_598">
<pin_list>
<pin id="599" dir="0" index="0" bw="1" slack="0"/>
<pin id="600" dir="0" index="1" bw="27" slack="0"/>
<pin id="601" dir="0" index="2" bw="27" slack="0"/>
<pin id="602" dir="1" index="3" bw="27" slack="0"/>
</pin_list>
<bind>
<opcode="select(49) " fcode="select"/>
<opset="select_ln228_8/1 "/>
</bind>
</comp>

<comp id="606" class="1004" name="tmp_55_fu_606">
<pin_list>
<pin id="607" dir="0" index="0" bw="1" slack="0"/>
<pin id="608" dir="0" index="1" bw="27" slack="0"/>
<pin id="609" dir="0" index="2" bw="6" slack="0"/>
<pin id="610" dir="1" index="3" bw="1" slack="1"/>
</pin_list>
<bind>
<opcode="bitselect(1000) " fcode="bitselect"/>
<opset="tmp_55/1 "/>
</bind>
</comp>

<comp id="614" class="1004" name="trunc_ln1333_4_fu_614">
<pin_list>
<pin id="615" dir="0" index="0" bw="24" slack="0"/>
<pin id="616" dir="0" index="1" bw="27" slack="0"/>
<pin id="617" dir="0" index="2" bw="3" slack="0"/>
<pin id="618" dir="0" index="3" bw="6" slack="0"/>
<pin id="619" dir="1" index="4" bw="24" slack="1"/>
</pin_list>
<bind>
<opcode="partselect(1002) " fcode="partselect"/>
<opset="trunc_ln1333_4/1 "/>
</bind>
</comp>

<comp id="624" class="1004" name="trunc_ln1333_5_fu_624">
<pin_list>
<pin id="625" dir="0" index="0" bw="24" slack="0"/>
<pin id="626" dir="0" index="1" bw="27" slack="0"/>
<pin id="627" dir="0" index="2" bw="3" slack="0"/>
<pin id="628" dir="0" index="3" bw="6" slack="0"/>
<pin id="629" dir="1" index="4" bw="24" slack="1"/>
</pin_list>
<bind>
<opcode="partselect(1002) " fcode="partselect"/>
<opset="trunc_ln1333_5/1 "/>
</bind>
</comp>

<comp id="634" class="1004" name="or_ln684_fu_634">
<pin_list>
<pin id="635" dir="0" index="0" bw="2" slack="0"/>
<pin id="636" dir="0" index="1" bw="2" slack="0"/>
<pin id="637" dir="1" index="2" bw="2" slack="0"/>
</pin_list>
<bind>
<opcode="or(24) " fcode="or"/>
<opset="or_ln684/1 "/>
</bind>
</comp>

<comp id="640" class="1004" name="icmp_ln684_fu_640">
<pin_list>
<pin id="641" dir="0" index="0" bw="2" slack="0"/>
<pin id="642" dir="0" index="1" bw="1" slack="0"/>
<pin id="643" dir="1" index="2" bw="1" slack="5"/>
</pin_list>
<bind>
<opcode="icmp(45) " fcode="icmp"/>
<opset="icmp_ln684/1 "/>
</bind>
</comp>

<comp id="646" class="1004" name="sext_ln1333_4_fu_646">
<pin_list>
<pin id="647" dir="0" index="0" bw="24" slack="1"/>
<pin id="648" dir="1" index="1" bw="27" slack="0"/>
</pin_list>
<bind>
<opcode="sext(35) " fcode="sext"/>
<opset="sext_ln1333_4/2 "/>
</bind>
</comp>

<comp id="649" class="1004" name="sext_ln1333_5_fu_649">
<pin_list>
<pin id="650" dir="0" index="0" bw="24" slack="1"/>
<pin id="651" dir="1" index="1" bw="27" slack="0"/>
</pin_list>
<bind>
<opcode="sext(35) " fcode="sext"/>
<opset="sext_ln1333_5/2 "/>
</bind>
</comp>

<comp id="652" class="1004" name="add_ln703_22_fu_652">
<pin_list>
<pin id="653" dir="0" index="0" bw="27" slack="1"/>
<pin id="654" dir="0" index="1" bw="24" slack="0"/>
<pin id="655" dir="1" index="2" bw="27" slack="0"/>
</pin_list>
<bind>
<opcode="add(8) " fcode="add"/>
<opset="add_ln703_22/2 "/>
</bind>
</comp>

<comp id="657" class="1004" name="sub_ln703_3_fu_657">
<pin_list>
<pin id="658" dir="0" index="0" bw="27" slack="1"/>
<pin id="659" dir="0" index="1" bw="24" slack="0"/>
<pin id="660" dir="1" index="2" bw="27" slack="0"/>
</pin_list>
<bind>
<opcode="sub(10) " fcode="sub"/>
<opset="sub_ln703_3/2 "/>
</bind>
</comp>

<comp id="662" class="1004" name="sub_ln703_24_fu_662">
<pin_list>
<pin id="663" dir="0" index="0" bw="27" slack="1"/>
<pin id="664" dir="0" index="1" bw="24" slack="0"/>
<pin id="665" dir="1" index="2" bw="27" slack="0"/>
</pin_list>
<bind>
<opcode="sub(10) " fcode="sub"/>
<opset="sub_ln703_24/2 "/>
</bind>
</comp>

<comp id="667" class="1004" name="add_ln703_23_fu_667">
<pin_list>
<pin id="668" dir="0" index="0" bw="27" slack="1"/>
<pin id="669" dir="0" index="1" bw="24" slack="0"/>
<pin id="670" dir="1" index="2" bw="27" slack="0"/>
</pin_list>
<bind>
<opcode="add(8) " fcode="add"/>
<opset="add_ln703_23/2 "/>
</bind>
</comp>

<comp id="672" class="1004" name="select_ln228_10_fu_672">
<pin_list>
<pin id="673" dir="0" index="0" bw="1" slack="1"/>
<pin id="674" dir="0" index="1" bw="27" slack="0"/>
<pin id="675" dir="0" index="2" bw="27" slack="0"/>
<pin id="676" dir="1" index="3" bw="27" slack="0"/>
</pin_list>
<bind>
<opcode="select(49) " fcode="select"/>
<opset="select_ln228_10/2 "/>
</bind>
</comp>

<comp id="679" class="1004" name="select_ln228_11_fu_679">
<pin_list>
<pin id="680" dir="0" index="0" bw="1" slack="1"/>
<pin id="681" dir="0" index="1" bw="27" slack="0"/>
<pin id="682" dir="0" index="2" bw="27" slack="0"/>
<pin id="683" dir="1" index="3" bw="27" slack="0"/>
</pin_list>
<bind>
<opcode="select(49) " fcode="select"/>
<opset="select_ln228_11/2 "/>
</bind>
</comp>

<comp id="686" class="1004" name="tmp_56_fu_686">
<pin_list>
<pin id="687" dir="0" index="0" bw="1" slack="0"/>
<pin id="688" dir="0" index="1" bw="27" slack="0"/>
<pin id="689" dir="0" index="2" bw="6" slack="0"/>
<pin id="690" dir="1" index="3" bw="1" slack="0"/>
</pin_list>
<bind>
<opcode="bitselect(1000) " fcode="bitselect"/>
<opset="tmp_56/2 "/>
</bind>
</comp>

<comp id="694" class="1004" name="trunc_ln1333_6_fu_694">
<pin_list>
<pin id="695" dir="0" index="0" bw="23" slack="0"/>
<pin id="696" dir="0" index="1" bw="27" slack="0"/>
<pin id="697" dir="0" index="2" bw="4" slack="0"/>
<pin id="698" dir="0" index="3" bw="6" slack="0"/>
<pin id="699" dir="1" index="4" bw="23" slack="0"/>
</pin_list>
<bind>
<opcode="partselect(1002) " fcode="partselect"/>
<opset="trunc_ln1333_6/2 "/>
</bind>
</comp>

<comp id="704" class="1004" name="sext_ln1333_6_fu_704">
<pin_list>
<pin id="705" dir="0" index="0" bw="23" slack="0"/>
<pin id="706" dir="1" index="1" bw="27" slack="0"/>
</pin_list>
<bind>
<opcode="sext(35) " fcode="sext"/>
<opset="sext_ln1333_6/2 "/>
</bind>
</comp>

<comp id="708" class="1004" name="trunc_ln1333_7_fu_708">
<pin_list>
<pin id="709" dir="0" index="0" bw="23" slack="0"/>
<pin id="710" dir="0" index="1" bw="27" slack="0"/>
<pin id="711" dir="0" index="2" bw="4" slack="0"/>
<pin id="712" dir="0" index="3" bw="6" slack="0"/>
<pin id="713" dir="1" index="4" bw="23" slack="0"/>
</pin_list>
<bind>
<opcode="partselect(1002) " fcode="partselect"/>
<opset="trunc_ln1333_7/2 "/>
</bind>
</comp>

<comp id="718" class="1004" name="sext_ln1333_7_fu_718">
<pin_list>
<pin id="719" dir="0" index="0" bw="23" slack="0"/>
<pin id="720" dir="1" index="1" bw="27" slack="0"/>
</pin_list>
<bind>
<opcode="sext(35) " fcode="sext"/>
<opset="sext_ln1333_7/2 "/>
</bind>
</comp>

<comp id="722" class="1004" name="add_ln703_24_fu_722">
<pin_list>
<pin id="723" dir="0" index="0" bw="27" slack="0"/>
<pin id="724" dir="0" index="1" bw="23" slack="0"/>
<pin id="725" dir="1" index="2" bw="27" slack="0"/>
</pin_list>
<bind>
<opcode="add(8) " fcode="add"/>
<opset="add_ln703_24/2 "/>
</bind>
</comp>

<comp id="728" class="1004" name="sub_ln703_4_fu_728">
<pin_list>
<pin id="729" dir="0" index="0" bw="27" slack="0"/>
<pin id="730" dir="0" index="1" bw="23" slack="0"/>
<pin id="731" dir="1" index="2" bw="27" slack="0"/>
</pin_list>
<bind>
<opcode="sub(10) " fcode="sub"/>
<opset="sub_ln703_4/2 "/>
</bind>
</comp>

<comp id="734" class="1004" name="sub_ln703_25_fu_734">
<pin_list>
<pin id="735" dir="0" index="0" bw="27" slack="0"/>
<pin id="736" dir="0" index="1" bw="23" slack="0"/>
<pin id="737" dir="1" index="2" bw="27" slack="0"/>
</pin_list>
<bind>
<opcode="sub(10) " fcode="sub"/>
<opset="sub_ln703_25/2 "/>
</bind>
</comp>

<comp id="740" class="1004" name="add_ln703_25_fu_740">
<pin_list>
<pin id="741" dir="0" index="0" bw="27" slack="0"/>
<pin id="742" dir="0" index="1" bw="23" slack="0"/>
<pin id="743" dir="1" index="2" bw="27" slack="0"/>
</pin_list>
<bind>
<opcode="add(8) " fcode="add"/>
<opset="add_ln703_25/2 "/>
</bind>
</comp>

<comp id="746" class="1004" name="select_ln228_13_fu_746">
<pin_list>
<pin id="747" dir="0" index="0" bw="1" slack="0"/>
<pin id="748" dir="0" index="1" bw="27" slack="0"/>
<pin id="749" dir="0" index="2" bw="27" slack="0"/>
<pin id="750" dir="1" index="3" bw="27" slack="0"/>
</pin_list>
<bind>
<opcode="select(49) " fcode="select"/>
<opset="select_ln228_13/2 "/>
</bind>
</comp>

<comp id="754" class="1004" name="select_ln228_14_fu_754">
<pin_list>
<pin id="755" dir="0" index="0" bw="1" slack="0"/>
<pin id="756" dir="0" index="1" bw="27" slack="0"/>
<pin id="757" dir="0" index="2" bw="27" slack="0"/>
<pin id="758" dir="1" index="3" bw="27" slack="0"/>
</pin_list>
<bind>
<opcode="select(49) " fcode="select"/>
<opset="select_ln228_14/2 "/>
</bind>
</comp>

<comp id="762" class="1004" name="tmp_57_fu_762">
<pin_list>
<pin id="763" dir="0" index="0" bw="1" slack="0"/>
<pin id="764" dir="0" index="1" bw="27" slack="0"/>
<pin id="765" dir="0" index="2" bw="6" slack="0"/>
<pin id="766" dir="1" index="3" bw="1" slack="0"/>
</pin_list>
<bind>
<opcode="bitselect(1000) " fcode="bitselect"/>
<opset="tmp_57/2 "/>
</bind>
</comp>

<comp id="770" class="1004" name="trunc_ln1333_8_fu_770">
<pin_list>
<pin id="771" dir="0" index="0" bw="22" slack="0"/>
<pin id="772" dir="0" index="1" bw="27" slack="0"/>
<pin id="773" dir="0" index="2" bw="4" slack="0"/>
<pin id="774" dir="0" index="3" bw="6" slack="0"/>
<pin id="775" dir="1" index="4" bw="22" slack="0"/>
</pin_list>
<bind>
<opcode="partselect(1002) " fcode="partselect"/>
<opset="trunc_ln1333_8/2 "/>
</bind>
</comp>

<comp id="780" class="1004" name="sext_ln1333_8_fu_780">
<pin_list>
<pin id="781" dir="0" index="0" bw="22" slack="0"/>
<pin id="782" dir="1" index="1" bw="27" slack="0"/>
</pin_list>
<bind>
<opcode="sext(35) " fcode="sext"/>
<opset="sext_ln1333_8/2 "/>
</bind>
</comp>

<comp id="784" class="1004" name="trunc_ln1333_9_fu_784">
<pin_list>
<pin id="785" dir="0" index="0" bw="22" slack="0"/>
<pin id="786" dir="0" index="1" bw="27" slack="0"/>
<pin id="787" dir="0" index="2" bw="4" slack="0"/>
<pin id="788" dir="0" index="3" bw="6" slack="0"/>
<pin id="789" dir="1" index="4" bw="22" slack="0"/>
</pin_list>
<bind>
<opcode="partselect(1002) " fcode="partselect"/>
<opset="trunc_ln1333_9/2 "/>
</bind>
</comp>

<comp id="794" class="1004" name="sext_ln1333_9_fu_794">
<pin_list>
<pin id="795" dir="0" index="0" bw="22" slack="0"/>
<pin id="796" dir="1" index="1" bw="27" slack="0"/>
</pin_list>
<bind>
<opcode="sext(35) " fcode="sext"/>
<opset="sext_ln1333_9/2 "/>
</bind>
</comp>

<comp id="798" class="1004" name="add_ln703_5_fu_798">
<pin_list>
<pin id="799" dir="0" index="0" bw="27" slack="0"/>
<pin id="800" dir="0" index="1" bw="22" slack="0"/>
<pin id="801" dir="1" index="2" bw="27" slack="0"/>
</pin_list>
<bind>
<opcode="add(8) " fcode="add"/>
<opset="add_ln703_5/2 "/>
</bind>
</comp>

<comp id="804" class="1004" name="sub_ln703_26_fu_804">
<pin_list>
<pin id="805" dir="0" index="0" bw="27" slack="0"/>
<pin id="806" dir="0" index="1" bw="22" slack="0"/>
<pin id="807" dir="1" index="2" bw="27" slack="0"/>
</pin_list>
<bind>
<opcode="sub(10) " fcode="sub"/>
<opset="sub_ln703_26/2 "/>
</bind>
</comp>

<comp id="810" class="1004" name="sub_ln703_27_fu_810">
<pin_list>
<pin id="811" dir="0" index="0" bw="27" slack="0"/>
<pin id="812" dir="0" index="1" bw="22" slack="0"/>
<pin id="813" dir="1" index="2" bw="27" slack="0"/>
</pin_list>
<bind>
<opcode="sub(10) " fcode="sub"/>
<opset="sub_ln703_27/2 "/>
</bind>
</comp>

<comp id="816" class="1004" name="add_ln703_26_fu_816">
<pin_list>
<pin id="817" dir="0" index="0" bw="27" slack="0"/>
<pin id="818" dir="0" index="1" bw="22" slack="0"/>
<pin id="819" dir="1" index="2" bw="27" slack="0"/>
</pin_list>
<bind>
<opcode="add(8) " fcode="add"/>
<opset="add_ln703_26/2 "/>
</bind>
</comp>

<comp id="822" class="1004" name="select_ln228_16_fu_822">
<pin_list>
<pin id="823" dir="0" index="0" bw="1" slack="0"/>
<pin id="824" dir="0" index="1" bw="27" slack="0"/>
<pin id="825" dir="0" index="2" bw="27" slack="0"/>
<pin id="826" dir="1" index="3" bw="27" slack="0"/>
</pin_list>
<bind>
<opcode="select(49) " fcode="select"/>
<opset="select_ln228_16/2 "/>
</bind>
</comp>

<comp id="830" class="1004" name="select_ln228_17_fu_830">
<pin_list>
<pin id="831" dir="0" index="0" bw="1" slack="0"/>
<pin id="832" dir="0" index="1" bw="27" slack="0"/>
<pin id="833" dir="0" index="2" bw="27" slack="0"/>
<pin id="834" dir="1" index="3" bw="27" slack="0"/>
</pin_list>
<bind>
<opcode="select(49) " fcode="select"/>
<opset="select_ln228_17/2 "/>
</bind>
</comp>

<comp id="838" class="1004" name="tmp_59_fu_838">
<pin_list>
<pin id="839" dir="0" index="0" bw="1" slack="0"/>
<pin id="840" dir="0" index="1" bw="27" slack="0"/>
<pin id="841" dir="0" index="2" bw="6" slack="0"/>
<pin id="842" dir="1" index="3" bw="1" slack="0"/>
</pin_list>
<bind>
<opcode="bitselect(1000) " fcode="bitselect"/>
<opset="tmp_59/2 "/>
</bind>
</comp>

<comp id="846" class="1004" name="trunc_ln1333_s_fu_846">
<pin_list>
<pin id="847" dir="0" index="0" bw="21" slack="0"/>
<pin id="848" dir="0" index="1" bw="27" slack="0"/>
<pin id="849" dir="0" index="2" bw="4" slack="0"/>
<pin id="850" dir="0" index="3" bw="6" slack="0"/>
<pin id="851" dir="1" index="4" bw="21" slack="0"/>
</pin_list>
<bind>
<opcode="partselect(1002) " fcode="partselect"/>
<opset="trunc_ln1333_s/2 "/>
</bind>
</comp>

<comp id="856" class="1004" name="sext_ln1333_10_fu_856">
<pin_list>
<pin id="857" dir="0" index="0" bw="21" slack="0"/>
<pin id="858" dir="1" index="1" bw="27" slack="0"/>
</pin_list>
<bind>
<opcode="sext(35) " fcode="sext"/>
<opset="sext_ln1333_10/2 "/>
</bind>
</comp>

<comp id="860" class="1004" name="trunc_ln1333_10_fu_860">
<pin_list>
<pin id="861" dir="0" index="0" bw="21" slack="0"/>
<pin id="862" dir="0" index="1" bw="27" slack="0"/>
<pin id="863" dir="0" index="2" bw="4" slack="0"/>
<pin id="864" dir="0" index="3" bw="6" slack="0"/>
<pin id="865" dir="1" index="4" bw="21" slack="0"/>
</pin_list>
<bind>
<opcode="partselect(1002) " fcode="partselect"/>
<opset="trunc_ln1333_10/2 "/>
</bind>
</comp>

<comp id="870" class="1004" name="sext_ln1333_11_fu_870">
<pin_list>
<pin id="871" dir="0" index="0" bw="21" slack="0"/>
<pin id="872" dir="1" index="1" bw="27" slack="0"/>
</pin_list>
<bind>
<opcode="sext(35) " fcode="sext"/>
<opset="sext_ln1333_11/2 "/>
</bind>
</comp>

<comp id="874" class="1004" name="add_ln703_6_fu_874">
<pin_list>
<pin id="875" dir="0" index="0" bw="27" slack="0"/>
<pin id="876" dir="0" index="1" bw="21" slack="0"/>
<pin id="877" dir="1" index="2" bw="27" slack="0"/>
</pin_list>
<bind>
<opcode="add(8) " fcode="add"/>
<opset="add_ln703_6/2 "/>
</bind>
</comp>

<comp id="880" class="1004" name="sub_ln703_28_fu_880">
<pin_list>
<pin id="881" dir="0" index="0" bw="27" slack="0"/>
<pin id="882" dir="0" index="1" bw="21" slack="0"/>
<pin id="883" dir="1" index="2" bw="27" slack="0"/>
</pin_list>
<bind>
<opcode="sub(10) " fcode="sub"/>
<opset="sub_ln703_28/2 "/>
</bind>
</comp>

<comp id="886" class="1004" name="sub_ln703_29_fu_886">
<pin_list>
<pin id="887" dir="0" index="0" bw="27" slack="0"/>
<pin id="888" dir="0" index="1" bw="21" slack="0"/>
<pin id="889" dir="1" index="2" bw="27" slack="0"/>
</pin_list>
<bind>
<opcode="sub(10) " fcode="sub"/>
<opset="sub_ln703_29/2 "/>
</bind>
</comp>

<comp id="892" class="1004" name="add_ln703_27_fu_892">
<pin_list>
<pin id="893" dir="0" index="0" bw="27" slack="0"/>
<pin id="894" dir="0" index="1" bw="21" slack="0"/>
<pin id="895" dir="1" index="2" bw="27" slack="0"/>
</pin_list>
<bind>
<opcode="add(8) " fcode="add"/>
<opset="add_ln703_27/2 "/>
</bind>
</comp>

<comp id="898" class="1004" name="select_ln228_19_fu_898">
<pin_list>
<pin id="899" dir="0" index="0" bw="1" slack="0"/>
<pin id="900" dir="0" index="1" bw="27" slack="0"/>
<pin id="901" dir="0" index="2" bw="27" slack="0"/>
<pin id="902" dir="1" index="3" bw="27" slack="0"/>
</pin_list>
<bind>
<opcode="select(49) " fcode="select"/>
<opset="select_ln228_19/2 "/>
</bind>
</comp>

<comp id="906" class="1004" name="select_ln228_20_fu_906">
<pin_list>
<pin id="907" dir="0" index="0" bw="1" slack="0"/>
<pin id="908" dir="0" index="1" bw="27" slack="0"/>
<pin id="909" dir="0" index="2" bw="27" slack="0"/>
<pin id="910" dir="1" index="3" bw="27" slack="0"/>
</pin_list>
<bind>
<opcode="select(49) " fcode="select"/>
<opset="select_ln228_20/2 "/>
</bind>
</comp>

<comp id="914" class="1004" name="tmp_60_fu_914">
<pin_list>
<pin id="915" dir="0" index="0" bw="1" slack="0"/>
<pin id="916" dir="0" index="1" bw="27" slack="0"/>
<pin id="917" dir="0" index="2" bw="6" slack="0"/>
<pin id="918" dir="1" index="3" bw="1" slack="0"/>
</pin_list>
<bind>
<opcode="bitselect(1000) " fcode="bitselect"/>
<opset="tmp_60/2 "/>
</bind>
</comp>

<comp id="922" class="1004" name="trunc_ln1333_11_fu_922">
<pin_list>
<pin id="923" dir="0" index="0" bw="20" slack="0"/>
<pin id="924" dir="0" index="1" bw="27" slack="0"/>
<pin id="925" dir="0" index="2" bw="4" slack="0"/>
<pin id="926" dir="0" index="3" bw="6" slack="0"/>
<pin id="927" dir="1" index="4" bw="20" slack="0"/>
</pin_list>
<bind>
<opcode="partselect(1002) " fcode="partselect"/>
<opset="trunc_ln1333_11/2 "/>
</bind>
</comp>

<comp id="932" class="1004" name="sext_ln1333_12_fu_932">
<pin_list>
<pin id="933" dir="0" index="0" bw="20" slack="0"/>
<pin id="934" dir="1" index="1" bw="27" slack="0"/>
</pin_list>
<bind>
<opcode="sext(35) " fcode="sext"/>
<opset="sext_ln1333_12/2 "/>
</bind>
</comp>

<comp id="936" class="1004" name="trunc_ln1333_12_fu_936">
<pin_list>
<pin id="937" dir="0" index="0" bw="20" slack="0"/>
<pin id="938" dir="0" index="1" bw="27" slack="0"/>
<pin id="939" dir="0" index="2" bw="4" slack="0"/>
<pin id="940" dir="0" index="3" bw="6" slack="0"/>
<pin id="941" dir="1" index="4" bw="20" slack="0"/>
</pin_list>
<bind>
<opcode="partselect(1002) " fcode="partselect"/>
<opset="trunc_ln1333_12/2 "/>
</bind>
</comp>

<comp id="946" class="1004" name="sext_ln1333_13_fu_946">
<pin_list>
<pin id="947" dir="0" index="0" bw="20" slack="0"/>
<pin id="948" dir="1" index="1" bw="27" slack="0"/>
</pin_list>
<bind>
<opcode="sext(35) " fcode="sext"/>
<opset="sext_ln1333_13/2 "/>
</bind>
</comp>

<comp id="950" class="1004" name="add_ln703_7_fu_950">
<pin_list>
<pin id="951" dir="0" index="0" bw="27" slack="0"/>
<pin id="952" dir="0" index="1" bw="20" slack="0"/>
<pin id="953" dir="1" index="2" bw="27" slack="0"/>
</pin_list>
<bind>
<opcode="add(8) " fcode="add"/>
<opset="add_ln703_7/2 "/>
</bind>
</comp>

<comp id="956" class="1004" name="sub_ln703_7_fu_956">
<pin_list>
<pin id="957" dir="0" index="0" bw="27" slack="0"/>
<pin id="958" dir="0" index="1" bw="20" slack="0"/>
<pin id="959" dir="1" index="2" bw="27" slack="0"/>
</pin_list>
<bind>
<opcode="sub(10) " fcode="sub"/>
<opset="sub_ln703_7/2 "/>
</bind>
</comp>

<comp id="962" class="1004" name="sub_ln703_30_fu_962">
<pin_list>
<pin id="963" dir="0" index="0" bw="27" slack="0"/>
<pin id="964" dir="0" index="1" bw="20" slack="0"/>
<pin id="965" dir="1" index="2" bw="27" slack="0"/>
</pin_list>
<bind>
<opcode="sub(10) " fcode="sub"/>
<opset="sub_ln703_30/2 "/>
</bind>
</comp>

<comp id="968" class="1004" name="add_ln703_28_fu_968">
<pin_list>
<pin id="969" dir="0" index="0" bw="27" slack="0"/>
<pin id="970" dir="0" index="1" bw="20" slack="0"/>
<pin id="971" dir="1" index="2" bw="27" slack="0"/>
</pin_list>
<bind>
<opcode="add(8) " fcode="add"/>
<opset="add_ln703_28/2 "/>
</bind>
</comp>

<comp id="974" class="1004" name="select_ln228_22_fu_974">
<pin_list>
<pin id="975" dir="0" index="0" bw="1" slack="0"/>
<pin id="976" dir="0" index="1" bw="27" slack="0"/>
<pin id="977" dir="0" index="2" bw="27" slack="0"/>
<pin id="978" dir="1" index="3" bw="27" slack="0"/>
</pin_list>
<bind>
<opcode="select(49) " fcode="select"/>
<opset="select_ln228_22/2 "/>
</bind>
</comp>

<comp id="982" class="1004" name="select_ln228_23_fu_982">
<pin_list>
<pin id="983" dir="0" index="0" bw="1" slack="0"/>
<pin id="984" dir="0" index="1" bw="27" slack="0"/>
<pin id="985" dir="0" index="2" bw="27" slack="0"/>
<pin id="986" dir="1" index="3" bw="27" slack="0"/>
</pin_list>
<bind>
<opcode="select(49) " fcode="select"/>
<opset="select_ln228_23/2 "/>
</bind>
</comp>

<comp id="990" class="1004" name="tmp_65_fu_990">
<pin_list>
<pin id="991" dir="0" index="0" bw="1" slack="0"/>
<pin id="992" dir="0" index="1" bw="27" slack="0"/>
<pin id="993" dir="0" index="2" bw="6" slack="0"/>
<pin id="994" dir="1" index="3" bw="1" slack="1"/>
</pin_list>
<bind>
<opcode="bitselect(1000) " fcode="bitselect"/>
<opset="tmp_65/2 "/>
</bind>
</comp>

<comp id="998" class="1004" name="trunc_ln1333_13_fu_998">
<pin_list>
<pin id="999" dir="0" index="0" bw="19" slack="0"/>
<pin id="1000" dir="0" index="1" bw="27" slack="0"/>
<pin id="1001" dir="0" index="2" bw="5" slack="0"/>
<pin id="1002" dir="0" index="3" bw="6" slack="0"/>
<pin id="1003" dir="1" index="4" bw="19" slack="1"/>
</pin_list>
<bind>
<opcode="partselect(1002) " fcode="partselect"/>
<opset="trunc_ln1333_13/2 "/>
</bind>
</comp>

<comp id="1008" class="1004" name="trunc_ln1333_14_fu_1008">
<pin_list>
<pin id="1009" dir="0" index="0" bw="19" slack="0"/>
<pin id="1010" dir="0" index="1" bw="27" slack="0"/>
<pin id="1011" dir="0" index="2" bw="5" slack="0"/>
<pin id="1012" dir="0" index="3" bw="6" slack="0"/>
<pin id="1013" dir="1" index="4" bw="19" slack="1"/>
</pin_list>
<bind>
<opcode="partselect(1002) " fcode="partselect"/>
<opset="trunc_ln1333_14/2 "/>
</bind>
</comp>

<comp id="1018" class="1004" name="sext_ln1333_14_fu_1018">
<pin_list>
<pin id="1019" dir="0" index="0" bw="19" slack="1"/>
<pin id="1020" dir="1" index="1" bw="27" slack="0"/>
</pin_list>
<bind>
<opcode="sext(35) " fcode="sext"/>
<opset="sext_ln1333_14/3 "/>
</bind>
</comp>

<comp id="1021" class="1004" name="sext_ln1333_15_fu_1021">
<pin_list>
<pin id="1022" dir="0" index="0" bw="19" slack="1"/>
<pin id="1023" dir="1" index="1" bw="27" slack="0"/>
</pin_list>
<bind>
<opcode="sext(35) " fcode="sext"/>
<opset="sext_ln1333_15/3 "/>
</bind>
</comp>

<comp id="1024" class="1004" name="add_ln703_8_fu_1024">
<pin_list>
<pin id="1025" dir="0" index="0" bw="27" slack="1"/>
<pin id="1026" dir="0" index="1" bw="19" slack="0"/>
<pin id="1027" dir="1" index="2" bw="27" slack="0"/>
</pin_list>
<bind>
<opcode="add(8) " fcode="add"/>
<opset="add_ln703_8/3 "/>
</bind>
</comp>

<comp id="1029" class="1004" name="sub_ln703_8_fu_1029">
<pin_list>
<pin id="1030" dir="0" index="0" bw="27" slack="1"/>
<pin id="1031" dir="0" index="1" bw="19" slack="0"/>
<pin id="1032" dir="1" index="2" bw="27" slack="0"/>
</pin_list>
<bind>
<opcode="sub(10) " fcode="sub"/>
<opset="sub_ln703_8/3 "/>
</bind>
</comp>

<comp id="1034" class="1004" name="sub_ln703_31_fu_1034">
<pin_list>
<pin id="1035" dir="0" index="0" bw="27" slack="1"/>
<pin id="1036" dir="0" index="1" bw="19" slack="0"/>
<pin id="1037" dir="1" index="2" bw="27" slack="0"/>
</pin_list>
<bind>
<opcode="sub(10) " fcode="sub"/>
<opset="sub_ln703_31/3 "/>
</bind>
</comp>

<comp id="1039" class="1004" name="add_ln703_29_fu_1039">
<pin_list>
<pin id="1040" dir="0" index="0" bw="27" slack="1"/>
<pin id="1041" dir="0" index="1" bw="19" slack="0"/>
<pin id="1042" dir="1" index="2" bw="27" slack="0"/>
</pin_list>
<bind>
<opcode="add(8) " fcode="add"/>
<opset="add_ln703_29/3 "/>
</bind>
</comp>

<comp id="1044" class="1004" name="select_ln228_25_fu_1044">
<pin_list>
<pin id="1045" dir="0" index="0" bw="1" slack="1"/>
<pin id="1046" dir="0" index="1" bw="27" slack="0"/>
<pin id="1047" dir="0" index="2" bw="27" slack="0"/>
<pin id="1048" dir="1" index="3" bw="27" slack="0"/>
</pin_list>
<bind>
<opcode="select(49) " fcode="select"/>
<opset="select_ln228_25/3 "/>
</bind>
</comp>

<comp id="1051" class="1004" name="select_ln228_26_fu_1051">
<pin_list>
<pin id="1052" dir="0" index="0" bw="1" slack="1"/>
<pin id="1053" dir="0" index="1" bw="27" slack="0"/>
<pin id="1054" dir="0" index="2" bw="27" slack="0"/>
<pin id="1055" dir="1" index="3" bw="27" slack="0"/>
</pin_list>
<bind>
<opcode="select(49) " fcode="select"/>
<opset="select_ln228_26/3 "/>
</bind>
</comp>

<comp id="1058" class="1004" name="tmp_66_fu_1058">
<pin_list>
<pin id="1059" dir="0" index="0" bw="1" slack="0"/>
<pin id="1060" dir="0" index="1" bw="27" slack="0"/>
<pin id="1061" dir="0" index="2" bw="6" slack="0"/>
<pin id="1062" dir="1" index="3" bw="1" slack="0"/>
</pin_list>
<bind>
<opcode="bitselect(1000) " fcode="bitselect"/>
<opset="tmp_66/3 "/>
</bind>
</comp>

<comp id="1066" class="1004" name="trunc_ln1333_15_fu_1066">
<pin_list>
<pin id="1067" dir="0" index="0" bw="18" slack="0"/>
<pin id="1068" dir="0" index="1" bw="27" slack="0"/>
<pin id="1069" dir="0" index="2" bw="5" slack="0"/>
<pin id="1070" dir="0" index="3" bw="6" slack="0"/>
<pin id="1071" dir="1" index="4" bw="18" slack="0"/>
</pin_list>
<bind>
<opcode="partselect(1002) " fcode="partselect"/>
<opset="trunc_ln1333_15/3 "/>
</bind>
</comp>

<comp id="1076" class="1004" name="sext_ln1333_16_fu_1076">
<pin_list>
<pin id="1077" dir="0" index="0" bw="18" slack="0"/>
<pin id="1078" dir="1" index="1" bw="27" slack="0"/>
</pin_list>
<bind>
<opcode="sext(35) " fcode="sext"/>
<opset="sext_ln1333_16/3 "/>
</bind>
</comp>

<comp id="1080" class="1004" name="trunc_ln1333_16_fu_1080">
<pin_list>
<pin id="1081" dir="0" index="0" bw="18" slack="0"/>
<pin id="1082" dir="0" index="1" bw="27" slack="0"/>
<pin id="1083" dir="0" index="2" bw="5" slack="0"/>
<pin id="1084" dir="0" index="3" bw="6" slack="0"/>
<pin id="1085" dir="1" index="4" bw="18" slack="0"/>
</pin_list>
<bind>
<opcode="partselect(1002) " fcode="partselect"/>
<opset="trunc_ln1333_16/3 "/>
</bind>
</comp>

<comp id="1090" class="1004" name="sext_ln1333_17_fu_1090">
<pin_list>
<pin id="1091" dir="0" index="0" bw="18" slack="0"/>
<pin id="1092" dir="1" index="1" bw="27" slack="0"/>
</pin_list>
<bind>
<opcode="sext(35) " fcode="sext"/>
<opset="sext_ln1333_17/3 "/>
</bind>
</comp>

<comp id="1094" class="1004" name="add_ln703_9_fu_1094">
<pin_list>
<pin id="1095" dir="0" index="0" bw="27" slack="0"/>
<pin id="1096" dir="0" index="1" bw="18" slack="0"/>
<pin id="1097" dir="1" index="2" bw="27" slack="0"/>
</pin_list>
<bind>
<opcode="add(8) " fcode="add"/>
<opset="add_ln703_9/3 "/>
</bind>
</comp>

<comp id="1100" class="1004" name="sub_ln703_9_fu_1100">
<pin_list>
<pin id="1101" dir="0" index="0" bw="27" slack="0"/>
<pin id="1102" dir="0" index="1" bw="18" slack="0"/>
<pin id="1103" dir="1" index="2" bw="27" slack="0"/>
</pin_list>
<bind>
<opcode="sub(10) " fcode="sub"/>
<opset="sub_ln703_9/3 "/>
</bind>
</comp>

<comp id="1106" class="1004" name="sub_ln703_32_fu_1106">
<pin_list>
<pin id="1107" dir="0" index="0" bw="27" slack="0"/>
<pin id="1108" dir="0" index="1" bw="18" slack="0"/>
<pin id="1109" dir="1" index="2" bw="27" slack="0"/>
</pin_list>
<bind>
<opcode="sub(10) " fcode="sub"/>
<opset="sub_ln703_32/3 "/>
</bind>
</comp>

<comp id="1112" class="1004" name="add_ln703_30_fu_1112">
<pin_list>
<pin id="1113" dir="0" index="0" bw="27" slack="0"/>
<pin id="1114" dir="0" index="1" bw="18" slack="0"/>
<pin id="1115" dir="1" index="2" bw="27" slack="0"/>
</pin_list>
<bind>
<opcode="add(8) " fcode="add"/>
<opset="add_ln703_30/3 "/>
</bind>
</comp>

<comp id="1118" class="1004" name="select_ln228_28_fu_1118">
<pin_list>
<pin id="1119" dir="0" index="0" bw="1" slack="0"/>
<pin id="1120" dir="0" index="1" bw="27" slack="0"/>
<pin id="1121" dir="0" index="2" bw="27" slack="0"/>
<pin id="1122" dir="1" index="3" bw="27" slack="0"/>
</pin_list>
<bind>
<opcode="select(49) " fcode="select"/>
<opset="select_ln228_28/3 "/>
</bind>
</comp>

<comp id="1126" class="1004" name="select_ln228_29_fu_1126">
<pin_list>
<pin id="1127" dir="0" index="0" bw="1" slack="0"/>
<pin id="1128" dir="0" index="1" bw="27" slack="0"/>
<pin id="1129" dir="0" index="2" bw="27" slack="0"/>
<pin id="1130" dir="1" index="3" bw="27" slack="0"/>
</pin_list>
<bind>
<opcode="select(49) " fcode="select"/>
<opset="select_ln228_29/3 "/>
</bind>
</comp>

<comp id="1134" class="1004" name="tmp_67_fu_1134">
<pin_list>
<pin id="1135" dir="0" index="0" bw="1" slack="0"/>
<pin id="1136" dir="0" index="1" bw="27" slack="0"/>
<pin id="1137" dir="0" index="2" bw="6" slack="0"/>
<pin id="1138" dir="1" index="3" bw="1" slack="0"/>
</pin_list>
<bind>
<opcode="bitselect(1000) " fcode="bitselect"/>
<opset="tmp_67/3 "/>
</bind>
</comp>

<comp id="1142" class="1004" name="trunc_ln1333_17_fu_1142">
<pin_list>
<pin id="1143" dir="0" index="0" bw="17" slack="0"/>
<pin id="1144" dir="0" index="1" bw="27" slack="0"/>
<pin id="1145" dir="0" index="2" bw="5" slack="0"/>
<pin id="1146" dir="0" index="3" bw="6" slack="0"/>
<pin id="1147" dir="1" index="4" bw="17" slack="0"/>
</pin_list>
<bind>
<opcode="partselect(1002) " fcode="partselect"/>
<opset="trunc_ln1333_17/3 "/>
</bind>
</comp>

<comp id="1152" class="1004" name="sext_ln1333_18_fu_1152">
<pin_list>
<pin id="1153" dir="0" index="0" bw="17" slack="0"/>
<pin id="1154" dir="1" index="1" bw="27" slack="0"/>
</pin_list>
<bind>
<opcode="sext(35) " fcode="sext"/>
<opset="sext_ln1333_18/3 "/>
</bind>
</comp>

<comp id="1156" class="1004" name="trunc_ln1333_18_fu_1156">
<pin_list>
<pin id="1157" dir="0" index="0" bw="17" slack="0"/>
<pin id="1158" dir="0" index="1" bw="27" slack="0"/>
<pin id="1159" dir="0" index="2" bw="5" slack="0"/>
<pin id="1160" dir="0" index="3" bw="6" slack="0"/>
<pin id="1161" dir="1" index="4" bw="17" slack="0"/>
</pin_list>
<bind>
<opcode="partselect(1002) " fcode="partselect"/>
<opset="trunc_ln1333_18/3 "/>
</bind>
</comp>

<comp id="1166" class="1004" name="sext_ln1333_19_fu_1166">
<pin_list>
<pin id="1167" dir="0" index="0" bw="17" slack="0"/>
<pin id="1168" dir="1" index="1" bw="27" slack="0"/>
</pin_list>
<bind>
<opcode="sext(35) " fcode="sext"/>
<opset="sext_ln1333_19/3 "/>
</bind>
</comp>

<comp id="1170" class="1004" name="add_ln703_10_fu_1170">
<pin_list>
<pin id="1171" dir="0" index="0" bw="27" slack="0"/>
<pin id="1172" dir="0" index="1" bw="17" slack="0"/>
<pin id="1173" dir="1" index="2" bw="27" slack="0"/>
</pin_list>
<bind>
<opcode="add(8) " fcode="add"/>
<opset="add_ln703_10/3 "/>
</bind>
</comp>

<comp id="1176" class="1004" name="sub_ln703_10_fu_1176">
<pin_list>
<pin id="1177" dir="0" index="0" bw="27" slack="0"/>
<pin id="1178" dir="0" index="1" bw="17" slack="0"/>
<pin id="1179" dir="1" index="2" bw="27" slack="0"/>
</pin_list>
<bind>
<opcode="sub(10) " fcode="sub"/>
<opset="sub_ln703_10/3 "/>
</bind>
</comp>

<comp id="1182" class="1004" name="sub_ln703_33_fu_1182">
<pin_list>
<pin id="1183" dir="0" index="0" bw="27" slack="0"/>
<pin id="1184" dir="0" index="1" bw="17" slack="0"/>
<pin id="1185" dir="1" index="2" bw="27" slack="0"/>
</pin_list>
<bind>
<opcode="sub(10) " fcode="sub"/>
<opset="sub_ln703_33/3 "/>
</bind>
</comp>

<comp id="1188" class="1004" name="add_ln703_31_fu_1188">
<pin_list>
<pin id="1189" dir="0" index="0" bw="27" slack="0"/>
<pin id="1190" dir="0" index="1" bw="17" slack="0"/>
<pin id="1191" dir="1" index="2" bw="27" slack="0"/>
</pin_list>
<bind>
<opcode="add(8) " fcode="add"/>
<opset="add_ln703_31/3 "/>
</bind>
</comp>

<comp id="1194" class="1004" name="select_ln228_31_fu_1194">
<pin_list>
<pin id="1195" dir="0" index="0" bw="1" slack="0"/>
<pin id="1196" dir="0" index="1" bw="27" slack="0"/>
<pin id="1197" dir="0" index="2" bw="27" slack="0"/>
<pin id="1198" dir="1" index="3" bw="27" slack="0"/>
</pin_list>
<bind>
<opcode="select(49) " fcode="select"/>
<opset="select_ln228_31/3 "/>
</bind>
</comp>

<comp id="1202" class="1004" name="select_ln228_32_fu_1202">
<pin_list>
<pin id="1203" dir="0" index="0" bw="1" slack="0"/>
<pin id="1204" dir="0" index="1" bw="27" slack="0"/>
<pin id="1205" dir="0" index="2" bw="27" slack="0"/>
<pin id="1206" dir="1" index="3" bw="27" slack="0"/>
</pin_list>
<bind>
<opcode="select(49) " fcode="select"/>
<opset="select_ln228_32/3 "/>
</bind>
</comp>

<comp id="1210" class="1004" name="tmp_68_fu_1210">
<pin_list>
<pin id="1211" dir="0" index="0" bw="1" slack="0"/>
<pin id="1212" dir="0" index="1" bw="27" slack="0"/>
<pin id="1213" dir="0" index="2" bw="6" slack="0"/>
<pin id="1214" dir="1" index="3" bw="1" slack="0"/>
</pin_list>
<bind>
<opcode="bitselect(1000) " fcode="bitselect"/>
<opset="tmp_68/3 "/>
</bind>
</comp>

<comp id="1218" class="1004" name="trunc_ln1333_19_fu_1218">
<pin_list>
<pin id="1219" dir="0" index="0" bw="16" slack="0"/>
<pin id="1220" dir="0" index="1" bw="27" slack="0"/>
<pin id="1221" dir="0" index="2" bw="5" slack="0"/>
<pin id="1222" dir="0" index="3" bw="6" slack="0"/>
<pin id="1223" dir="1" index="4" bw="16" slack="0"/>
</pin_list>
<bind>
<opcode="partselect(1002) " fcode="partselect"/>
<opset="trunc_ln1333_19/3 "/>
</bind>
</comp>

<comp id="1228" class="1004" name="sext_ln1333_20_fu_1228">
<pin_list>
<pin id="1229" dir="0" index="0" bw="16" slack="0"/>
<pin id="1230" dir="1" index="1" bw="27" slack="0"/>
</pin_list>
<bind>
<opcode="sext(35) " fcode="sext"/>
<opset="sext_ln1333_20/3 "/>
</bind>
</comp>

<comp id="1232" class="1004" name="trunc_ln1333_20_fu_1232">
<pin_list>
<pin id="1233" dir="0" index="0" bw="16" slack="0"/>
<pin id="1234" dir="0" index="1" bw="27" slack="0"/>
<pin id="1235" dir="0" index="2" bw="5" slack="0"/>
<pin id="1236" dir="0" index="3" bw="6" slack="0"/>
<pin id="1237" dir="1" index="4" bw="16" slack="0"/>
</pin_list>
<bind>
<opcode="partselect(1002) " fcode="partselect"/>
<opset="trunc_ln1333_20/3 "/>
</bind>
</comp>

<comp id="1242" class="1004" name="sext_ln1333_21_fu_1242">
<pin_list>
<pin id="1243" dir="0" index="0" bw="16" slack="0"/>
<pin id="1244" dir="1" index="1" bw="27" slack="0"/>
</pin_list>
<bind>
<opcode="sext(35) " fcode="sext"/>
<opset="sext_ln1333_21/3 "/>
</bind>
</comp>

<comp id="1246" class="1004" name="add_ln703_11_fu_1246">
<pin_list>
<pin id="1247" dir="0" index="0" bw="27" slack="0"/>
<pin id="1248" dir="0" index="1" bw="16" slack="0"/>
<pin id="1249" dir="1" index="2" bw="27" slack="0"/>
</pin_list>
<bind>
<opcode="add(8) " fcode="add"/>
<opset="add_ln703_11/3 "/>
</bind>
</comp>

<comp id="1252" class="1004" name="sub_ln703_11_fu_1252">
<pin_list>
<pin id="1253" dir="0" index="0" bw="27" slack="0"/>
<pin id="1254" dir="0" index="1" bw="16" slack="0"/>
<pin id="1255" dir="1" index="2" bw="27" slack="0"/>
</pin_list>
<bind>
<opcode="sub(10) " fcode="sub"/>
<opset="sub_ln703_11/3 "/>
</bind>
</comp>

<comp id="1258" class="1004" name="sub_ln703_34_fu_1258">
<pin_list>
<pin id="1259" dir="0" index="0" bw="27" slack="0"/>
<pin id="1260" dir="0" index="1" bw="16" slack="0"/>
<pin id="1261" dir="1" index="2" bw="27" slack="0"/>
</pin_list>
<bind>
<opcode="sub(10) " fcode="sub"/>
<opset="sub_ln703_34/3 "/>
</bind>
</comp>

<comp id="1264" class="1004" name="add_ln703_32_fu_1264">
<pin_list>
<pin id="1265" dir="0" index="0" bw="27" slack="0"/>
<pin id="1266" dir="0" index="1" bw="16" slack="0"/>
<pin id="1267" dir="1" index="2" bw="27" slack="0"/>
</pin_list>
<bind>
<opcode="add(8) " fcode="add"/>
<opset="add_ln703_32/3 "/>
</bind>
</comp>

<comp id="1270" class="1004" name="select_ln228_34_fu_1270">
<pin_list>
<pin id="1271" dir="0" index="0" bw="1" slack="0"/>
<pin id="1272" dir="0" index="1" bw="27" slack="0"/>
<pin id="1273" dir="0" index="2" bw="27" slack="0"/>
<pin id="1274" dir="1" index="3" bw="27" slack="0"/>
</pin_list>
<bind>
<opcode="select(49) " fcode="select"/>
<opset="select_ln228_34/3 "/>
</bind>
</comp>

<comp id="1278" class="1004" name="select_ln228_35_fu_1278">
<pin_list>
<pin id="1279" dir="0" index="0" bw="1" slack="0"/>
<pin id="1280" dir="0" index="1" bw="27" slack="0"/>
<pin id="1281" dir="0" index="2" bw="27" slack="0"/>
<pin id="1282" dir="1" index="3" bw="27" slack="0"/>
</pin_list>
<bind>
<opcode="select(49) " fcode="select"/>
<opset="select_ln228_35/3 "/>
</bind>
</comp>

<comp id="1286" class="1004" name="tmp_69_fu_1286">
<pin_list>
<pin id="1287" dir="0" index="0" bw="1" slack="0"/>
<pin id="1288" dir="0" index="1" bw="27" slack="0"/>
<pin id="1289" dir="0" index="2" bw="6" slack="0"/>
<pin id="1290" dir="1" index="3" bw="1" slack="0"/>
</pin_list>
<bind>
<opcode="bitselect(1000) " fcode="bitselect"/>
<opset="tmp_69/3 "/>
</bind>
</comp>

<comp id="1294" class="1004" name="trunc_ln1333_21_fu_1294">
<pin_list>
<pin id="1295" dir="0" index="0" bw="15" slack="0"/>
<pin id="1296" dir="0" index="1" bw="27" slack="0"/>
<pin id="1297" dir="0" index="2" bw="5" slack="0"/>
<pin id="1298" dir="0" index="3" bw="6" slack="0"/>
<pin id="1299" dir="1" index="4" bw="15" slack="0"/>
</pin_list>
<bind>
<opcode="partselect(1002) " fcode="partselect"/>
<opset="trunc_ln1333_21/3 "/>
</bind>
</comp>

<comp id="1304" class="1004" name="sext_ln1333_22_fu_1304">
<pin_list>
<pin id="1305" dir="0" index="0" bw="15" slack="0"/>
<pin id="1306" dir="1" index="1" bw="27" slack="0"/>
</pin_list>
<bind>
<opcode="sext(35) " fcode="sext"/>
<opset="sext_ln1333_22/3 "/>
</bind>
</comp>

<comp id="1308" class="1004" name="trunc_ln1333_22_fu_1308">
<pin_list>
<pin id="1309" dir="0" index="0" bw="15" slack="0"/>
<pin id="1310" dir="0" index="1" bw="27" slack="0"/>
<pin id="1311" dir="0" index="2" bw="5" slack="0"/>
<pin id="1312" dir="0" index="3" bw="6" slack="0"/>
<pin id="1313" dir="1" index="4" bw="15" slack="0"/>
</pin_list>
<bind>
<opcode="partselect(1002) " fcode="partselect"/>
<opset="trunc_ln1333_22/3 "/>
</bind>
</comp>

<comp id="1318" class="1004" name="sext_ln1333_23_fu_1318">
<pin_list>
<pin id="1319" dir="0" index="0" bw="15" slack="0"/>
<pin id="1320" dir="1" index="1" bw="27" slack="0"/>
</pin_list>
<bind>
<opcode="sext(35) " fcode="sext"/>
<opset="sext_ln1333_23/3 "/>
</bind>
</comp>

<comp id="1322" class="1004" name="add_ln703_12_fu_1322">
<pin_list>
<pin id="1323" dir="0" index="0" bw="27" slack="0"/>
<pin id="1324" dir="0" index="1" bw="15" slack="0"/>
<pin id="1325" dir="1" index="2" bw="27" slack="0"/>
</pin_list>
<bind>
<opcode="add(8) " fcode="add"/>
<opset="add_ln703_12/3 "/>
</bind>
</comp>

<comp id="1328" class="1004" name="sub_ln703_12_fu_1328">
<pin_list>
<pin id="1329" dir="0" index="0" bw="27" slack="0"/>
<pin id="1330" dir="0" index="1" bw="15" slack="0"/>
<pin id="1331" dir="1" index="2" bw="27" slack="0"/>
</pin_list>
<bind>
<opcode="sub(10) " fcode="sub"/>
<opset="sub_ln703_12/3 "/>
</bind>
</comp>

<comp id="1334" class="1004" name="sub_ln703_35_fu_1334">
<pin_list>
<pin id="1335" dir="0" index="0" bw="27" slack="0"/>
<pin id="1336" dir="0" index="1" bw="15" slack="0"/>
<pin id="1337" dir="1" index="2" bw="27" slack="0"/>
</pin_list>
<bind>
<opcode="sub(10) " fcode="sub"/>
<opset="sub_ln703_35/3 "/>
</bind>
</comp>

<comp id="1340" class="1004" name="add_ln703_33_fu_1340">
<pin_list>
<pin id="1341" dir="0" index="0" bw="27" slack="0"/>
<pin id="1342" dir="0" index="1" bw="15" slack="0"/>
<pin id="1343" dir="1" index="2" bw="27" slack="0"/>
</pin_list>
<bind>
<opcode="add(8) " fcode="add"/>
<opset="add_ln703_33/3 "/>
</bind>
</comp>

<comp id="1346" class="1004" name="select_ln228_37_fu_1346">
<pin_list>
<pin id="1347" dir="0" index="0" bw="1" slack="0"/>
<pin id="1348" dir="0" index="1" bw="27" slack="0"/>
<pin id="1349" dir="0" index="2" bw="27" slack="0"/>
<pin id="1350" dir="1" index="3" bw="27" slack="0"/>
</pin_list>
<bind>
<opcode="select(49) " fcode="select"/>
<opset="select_ln228_37/3 "/>
</bind>
</comp>

<comp id="1354" class="1004" name="select_ln228_38_fu_1354">
<pin_list>
<pin id="1355" dir="0" index="0" bw="1" slack="0"/>
<pin id="1356" dir="0" index="1" bw="27" slack="0"/>
<pin id="1357" dir="0" index="2" bw="27" slack="0"/>
<pin id="1358" dir="1" index="3" bw="27" slack="0"/>
</pin_list>
<bind>
<opcode="select(49) " fcode="select"/>
<opset="select_ln228_38/3 "/>
</bind>
</comp>

<comp id="1362" class="1004" name="tmp_70_fu_1362">
<pin_list>
<pin id="1363" dir="0" index="0" bw="1" slack="0"/>
<pin id="1364" dir="0" index="1" bw="27" slack="0"/>
<pin id="1365" dir="0" index="2" bw="6" slack="0"/>
<pin id="1366" dir="1" index="3" bw="1" slack="1"/>
</pin_list>
<bind>
<opcode="bitselect(1000) " fcode="bitselect"/>
<opset="tmp_70/3 "/>
</bind>
</comp>

<comp id="1370" class="1004" name="trunc_ln1333_23_fu_1370">
<pin_list>
<pin id="1371" dir="0" index="0" bw="14" slack="0"/>
<pin id="1372" dir="0" index="1" bw="27" slack="0"/>
<pin id="1373" dir="0" index="2" bw="5" slack="0"/>
<pin id="1374" dir="0" index="3" bw="6" slack="0"/>
<pin id="1375" dir="1" index="4" bw="14" slack="1"/>
</pin_list>
<bind>
<opcode="partselect(1002) " fcode="partselect"/>
<opset="trunc_ln1333_23/3 "/>
</bind>
</comp>

<comp id="1380" class="1004" name="trunc_ln1333_24_fu_1380">
<pin_list>
<pin id="1381" dir="0" index="0" bw="14" slack="0"/>
<pin id="1382" dir="0" index="1" bw="27" slack="0"/>
<pin id="1383" dir="0" index="2" bw="5" slack="0"/>
<pin id="1384" dir="0" index="3" bw="6" slack="0"/>
<pin id="1385" dir="1" index="4" bw="14" slack="1"/>
</pin_list>
<bind>
<opcode="partselect(1002) " fcode="partselect"/>
<opset="trunc_ln1333_24/3 "/>
</bind>
</comp>

<comp id="1390" class="1004" name="sext_ln1333_24_fu_1390">
<pin_list>
<pin id="1391" dir="0" index="0" bw="14" slack="1"/>
<pin id="1392" dir="1" index="1" bw="27" slack="0"/>
</pin_list>
<bind>
<opcode="sext(35) " fcode="sext"/>
<opset="sext_ln1333_24/4 "/>
</bind>
</comp>

<comp id="1393" class="1004" name="sext_ln1333_25_fu_1393">
<pin_list>
<pin id="1394" dir="0" index="0" bw="14" slack="1"/>
<pin id="1395" dir="1" index="1" bw="27" slack="0"/>
</pin_list>
<bind>
<opcode="sext(35) " fcode="sext"/>
<opset="sext_ln1333_25/4 "/>
</bind>
</comp>

<comp id="1396" class="1004" name="add_ln703_13_fu_1396">
<pin_list>
<pin id="1397" dir="0" index="0" bw="27" slack="1"/>
<pin id="1398" dir="0" index="1" bw="14" slack="0"/>
<pin id="1399" dir="1" index="2" bw="27" slack="0"/>
</pin_list>
<bind>
<opcode="add(8) " fcode="add"/>
<opset="add_ln703_13/4 "/>
</bind>
</comp>

<comp id="1401" class="1004" name="sub_ln703_13_fu_1401">
<pin_list>
<pin id="1402" dir="0" index="0" bw="27" slack="1"/>
<pin id="1403" dir="0" index="1" bw="14" slack="0"/>
<pin id="1404" dir="1" index="2" bw="27" slack="0"/>
</pin_list>
<bind>
<opcode="sub(10) " fcode="sub"/>
<opset="sub_ln703_13/4 "/>
</bind>
</comp>

<comp id="1406" class="1004" name="sub_ln703_36_fu_1406">
<pin_list>
<pin id="1407" dir="0" index="0" bw="27" slack="1"/>
<pin id="1408" dir="0" index="1" bw="14" slack="0"/>
<pin id="1409" dir="1" index="2" bw="27" slack="0"/>
</pin_list>
<bind>
<opcode="sub(10) " fcode="sub"/>
<opset="sub_ln703_36/4 "/>
</bind>
</comp>

<comp id="1411" class="1004" name="add_ln703_34_fu_1411">
<pin_list>
<pin id="1412" dir="0" index="0" bw="27" slack="1"/>
<pin id="1413" dir="0" index="1" bw="14" slack="0"/>
<pin id="1414" dir="1" index="2" bw="27" slack="0"/>
</pin_list>
<bind>
<opcode="add(8) " fcode="add"/>
<opset="add_ln703_34/4 "/>
</bind>
</comp>

<comp id="1416" class="1004" name="select_ln228_40_fu_1416">
<pin_list>
<pin id="1417" dir="0" index="0" bw="1" slack="1"/>
<pin id="1418" dir="0" index="1" bw="27" slack="0"/>
<pin id="1419" dir="0" index="2" bw="27" slack="0"/>
<pin id="1420" dir="1" index="3" bw="27" slack="0"/>
</pin_list>
<bind>
<opcode="select(49) " fcode="select"/>
<opset="select_ln228_40/4 "/>
</bind>
</comp>

<comp id="1423" class="1004" name="select_ln228_41_fu_1423">
<pin_list>
<pin id="1424" dir="0" index="0" bw="1" slack="1"/>
<pin id="1425" dir="0" index="1" bw="27" slack="0"/>
<pin id="1426" dir="0" index="2" bw="27" slack="0"/>
<pin id="1427" dir="1" index="3" bw="27" slack="0"/>
</pin_list>
<bind>
<opcode="select(49) " fcode="select"/>
<opset="select_ln228_41/4 "/>
</bind>
</comp>

<comp id="1430" class="1004" name="tmp_71_fu_1430">
<pin_list>
<pin id="1431" dir="0" index="0" bw="1" slack="0"/>
<pin id="1432" dir="0" index="1" bw="27" slack="0"/>
<pin id="1433" dir="0" index="2" bw="6" slack="0"/>
<pin id="1434" dir="1" index="3" bw="1" slack="0"/>
</pin_list>
<bind>
<opcode="bitselect(1000) " fcode="bitselect"/>
<opset="tmp_71/4 "/>
</bind>
</comp>

<comp id="1438" class="1004" name="trunc_ln1333_25_fu_1438">
<pin_list>
<pin id="1439" dir="0" index="0" bw="13" slack="0"/>
<pin id="1440" dir="0" index="1" bw="27" slack="0"/>
<pin id="1441" dir="0" index="2" bw="5" slack="0"/>
<pin id="1442" dir="0" index="3" bw="6" slack="0"/>
<pin id="1443" dir="1" index="4" bw="13" slack="0"/>
</pin_list>
<bind>
<opcode="partselect(1002) " fcode="partselect"/>
<opset="trunc_ln1333_25/4 "/>
</bind>
</comp>

<comp id="1448" class="1004" name="sext_ln1333_26_fu_1448">
<pin_list>
<pin id="1449" dir="0" index="0" bw="13" slack="0"/>
<pin id="1450" dir="1" index="1" bw="27" slack="0"/>
</pin_list>
<bind>
<opcode="sext(35) " fcode="sext"/>
<opset="sext_ln1333_26/4 "/>
</bind>
</comp>

<comp id="1452" class="1004" name="trunc_ln1333_26_fu_1452">
<pin_list>
<pin id="1453" dir="0" index="0" bw="13" slack="0"/>
<pin id="1454" dir="0" index="1" bw="27" slack="0"/>
<pin id="1455" dir="0" index="2" bw="5" slack="0"/>
<pin id="1456" dir="0" index="3" bw="6" slack="0"/>
<pin id="1457" dir="1" index="4" bw="13" slack="0"/>
</pin_list>
<bind>
<opcode="partselect(1002) " fcode="partselect"/>
<opset="trunc_ln1333_26/4 "/>
</bind>
</comp>

<comp id="1462" class="1004" name="sext_ln1333_27_fu_1462">
<pin_list>
<pin id="1463" dir="0" index="0" bw="13" slack="0"/>
<pin id="1464" dir="1" index="1" bw="27" slack="0"/>
</pin_list>
<bind>
<opcode="sext(35) " fcode="sext"/>
<opset="sext_ln1333_27/4 "/>
</bind>
</comp>

<comp id="1466" class="1004" name="add_ln703_14_fu_1466">
<pin_list>
<pin id="1467" dir="0" index="0" bw="27" slack="0"/>
<pin id="1468" dir="0" index="1" bw="13" slack="0"/>
<pin id="1469" dir="1" index="2" bw="27" slack="0"/>
</pin_list>
<bind>
<opcode="add(8) " fcode="add"/>
<opset="add_ln703_14/4 "/>
</bind>
</comp>

<comp id="1472" class="1004" name="sub_ln703_14_fu_1472">
<pin_list>
<pin id="1473" dir="0" index="0" bw="27" slack="0"/>
<pin id="1474" dir="0" index="1" bw="13" slack="0"/>
<pin id="1475" dir="1" index="2" bw="27" slack="0"/>
</pin_list>
<bind>
<opcode="sub(10) " fcode="sub"/>
<opset="sub_ln703_14/4 "/>
</bind>
</comp>

<comp id="1478" class="1004" name="sub_ln703_37_fu_1478">
<pin_list>
<pin id="1479" dir="0" index="0" bw="27" slack="0"/>
<pin id="1480" dir="0" index="1" bw="13" slack="0"/>
<pin id="1481" dir="1" index="2" bw="27" slack="0"/>
</pin_list>
<bind>
<opcode="sub(10) " fcode="sub"/>
<opset="sub_ln703_37/4 "/>
</bind>
</comp>

<comp id="1484" class="1004" name="add_ln703_35_fu_1484">
<pin_list>
<pin id="1485" dir="0" index="0" bw="27" slack="0"/>
<pin id="1486" dir="0" index="1" bw="13" slack="0"/>
<pin id="1487" dir="1" index="2" bw="27" slack="0"/>
</pin_list>
<bind>
<opcode="add(8) " fcode="add"/>
<opset="add_ln703_35/4 "/>
</bind>
</comp>

<comp id="1490" class="1004" name="select_ln228_43_fu_1490">
<pin_list>
<pin id="1491" dir="0" index="0" bw="1" slack="0"/>
<pin id="1492" dir="0" index="1" bw="27" slack="0"/>
<pin id="1493" dir="0" index="2" bw="27" slack="0"/>
<pin id="1494" dir="1" index="3" bw="27" slack="0"/>
</pin_list>
<bind>
<opcode="select(49) " fcode="select"/>
<opset="select_ln228_43/4 "/>
</bind>
</comp>

<comp id="1498" class="1004" name="select_ln228_44_fu_1498">
<pin_list>
<pin id="1499" dir="0" index="0" bw="1" slack="0"/>
<pin id="1500" dir="0" index="1" bw="27" slack="0"/>
<pin id="1501" dir="0" index="2" bw="27" slack="0"/>
<pin id="1502" dir="1" index="3" bw="27" slack="0"/>
</pin_list>
<bind>
<opcode="select(49) " fcode="select"/>
<opset="select_ln228_44/4 "/>
</bind>
</comp>

<comp id="1506" class="1004" name="tmp_72_fu_1506">
<pin_list>
<pin id="1507" dir="0" index="0" bw="1" slack="0"/>
<pin id="1508" dir="0" index="1" bw="27" slack="0"/>
<pin id="1509" dir="0" index="2" bw="6" slack="0"/>
<pin id="1510" dir="1" index="3" bw="1" slack="0"/>
</pin_list>
<bind>
<opcode="bitselect(1000) " fcode="bitselect"/>
<opset="tmp_72/4 "/>
</bind>
</comp>

<comp id="1514" class="1004" name="trunc_ln1333_27_fu_1514">
<pin_list>
<pin id="1515" dir="0" index="0" bw="12" slack="0"/>
<pin id="1516" dir="0" index="1" bw="27" slack="0"/>
<pin id="1517" dir="0" index="2" bw="5" slack="0"/>
<pin id="1518" dir="0" index="3" bw="6" slack="0"/>
<pin id="1519" dir="1" index="4" bw="12" slack="0"/>
</pin_list>
<bind>
<opcode="partselect(1002) " fcode="partselect"/>
<opset="trunc_ln1333_27/4 "/>
</bind>
</comp>

<comp id="1524" class="1004" name="sext_ln1333_28_fu_1524">
<pin_list>
<pin id="1525" dir="0" index="0" bw="12" slack="0"/>
<pin id="1526" dir="1" index="1" bw="27" slack="0"/>
</pin_list>
<bind>
<opcode="sext(35) " fcode="sext"/>
<opset="sext_ln1333_28/4 "/>
</bind>
</comp>

<comp id="1528" class="1004" name="trunc_ln1333_28_fu_1528">
<pin_list>
<pin id="1529" dir="0" index="0" bw="12" slack="0"/>
<pin id="1530" dir="0" index="1" bw="27" slack="0"/>
<pin id="1531" dir="0" index="2" bw="5" slack="0"/>
<pin id="1532" dir="0" index="3" bw="6" slack="0"/>
<pin id="1533" dir="1" index="4" bw="12" slack="0"/>
</pin_list>
<bind>
<opcode="partselect(1002) " fcode="partselect"/>
<opset="trunc_ln1333_28/4 "/>
</bind>
</comp>

<comp id="1538" class="1004" name="sext_ln1333_29_fu_1538">
<pin_list>
<pin id="1539" dir="0" index="0" bw="12" slack="0"/>
<pin id="1540" dir="1" index="1" bw="27" slack="0"/>
</pin_list>
<bind>
<opcode="sext(35) " fcode="sext"/>
<opset="sext_ln1333_29/4 "/>
</bind>
</comp>

<comp id="1542" class="1004" name="add_ln703_15_fu_1542">
<pin_list>
<pin id="1543" dir="0" index="0" bw="27" slack="0"/>
<pin id="1544" dir="0" index="1" bw="12" slack="0"/>
<pin id="1545" dir="1" index="2" bw="27" slack="0"/>
</pin_list>
<bind>
<opcode="add(8) " fcode="add"/>
<opset="add_ln703_15/4 "/>
</bind>
</comp>

<comp id="1548" class="1004" name="sub_ln703_15_fu_1548">
<pin_list>
<pin id="1549" dir="0" index="0" bw="27" slack="0"/>
<pin id="1550" dir="0" index="1" bw="12" slack="0"/>
<pin id="1551" dir="1" index="2" bw="27" slack="0"/>
</pin_list>
<bind>
<opcode="sub(10) " fcode="sub"/>
<opset="sub_ln703_15/4 "/>
</bind>
</comp>

<comp id="1554" class="1004" name="sub_ln703_38_fu_1554">
<pin_list>
<pin id="1555" dir="0" index="0" bw="27" slack="0"/>
<pin id="1556" dir="0" index="1" bw="12" slack="0"/>
<pin id="1557" dir="1" index="2" bw="27" slack="0"/>
</pin_list>
<bind>
<opcode="sub(10) " fcode="sub"/>
<opset="sub_ln703_38/4 "/>
</bind>
</comp>

<comp id="1560" class="1004" name="add_ln703_36_fu_1560">
<pin_list>
<pin id="1561" dir="0" index="0" bw="27" slack="0"/>
<pin id="1562" dir="0" index="1" bw="12" slack="0"/>
<pin id="1563" dir="1" index="2" bw="27" slack="0"/>
</pin_list>
<bind>
<opcode="add(8) " fcode="add"/>
<opset="add_ln703_36/4 "/>
</bind>
</comp>

<comp id="1566" class="1004" name="select_ln228_46_fu_1566">
<pin_list>
<pin id="1567" dir="0" index="0" bw="1" slack="0"/>
<pin id="1568" dir="0" index="1" bw="27" slack="0"/>
<pin id="1569" dir="0" index="2" bw="27" slack="0"/>
<pin id="1570" dir="1" index="3" bw="27" slack="0"/>
</pin_list>
<bind>
<opcode="select(49) " fcode="select"/>
<opset="select_ln228_46/4 "/>
</bind>
</comp>

<comp id="1574" class="1004" name="select_ln228_47_fu_1574">
<pin_list>
<pin id="1575" dir="0" index="0" bw="1" slack="0"/>
<pin id="1576" dir="0" index="1" bw="27" slack="0"/>
<pin id="1577" dir="0" index="2" bw="27" slack="0"/>
<pin id="1578" dir="1" index="3" bw="27" slack="0"/>
</pin_list>
<bind>
<opcode="select(49) " fcode="select"/>
<opset="select_ln228_47/4 "/>
</bind>
</comp>

<comp id="1582" class="1004" name="tmp_73_fu_1582">
<pin_list>
<pin id="1583" dir="0" index="0" bw="1" slack="0"/>
<pin id="1584" dir="0" index="1" bw="27" slack="0"/>
<pin id="1585" dir="0" index="2" bw="6" slack="0"/>
<pin id="1586" dir="1" index="3" bw="1" slack="0"/>
</pin_list>
<bind>
<opcode="bitselect(1000) " fcode="bitselect"/>
<opset="tmp_73/4 "/>
</bind>
</comp>

<comp id="1590" class="1004" name="trunc_ln1333_29_fu_1590">
<pin_list>
<pin id="1591" dir="0" index="0" bw="11" slack="0"/>
<pin id="1592" dir="0" index="1" bw="27" slack="0"/>
<pin id="1593" dir="0" index="2" bw="6" slack="0"/>
<pin id="1594" dir="0" index="3" bw="6" slack="0"/>
<pin id="1595" dir="1" index="4" bw="11" slack="0"/>
</pin_list>
<bind>
<opcode="partselect(1002) " fcode="partselect"/>
<opset="trunc_ln1333_29/4 "/>
</bind>
</comp>

<comp id="1600" class="1004" name="sext_ln1333_30_fu_1600">
<pin_list>
<pin id="1601" dir="0" index="0" bw="11" slack="0"/>
<pin id="1602" dir="1" index="1" bw="27" slack="0"/>
</pin_list>
<bind>
<opcode="sext(35) " fcode="sext"/>
<opset="sext_ln1333_30/4 "/>
</bind>
</comp>

<comp id="1604" class="1004" name="trunc_ln1333_30_fu_1604">
<pin_list>
<pin id="1605" dir="0" index="0" bw="11" slack="0"/>
<pin id="1606" dir="0" index="1" bw="27" slack="0"/>
<pin id="1607" dir="0" index="2" bw="6" slack="0"/>
<pin id="1608" dir="0" index="3" bw="6" slack="0"/>
<pin id="1609" dir="1" index="4" bw="11" slack="0"/>
</pin_list>
<bind>
<opcode="partselect(1002) " fcode="partselect"/>
<opset="trunc_ln1333_30/4 "/>
</bind>
</comp>

<comp id="1614" class="1004" name="sext_ln1333_31_fu_1614">
<pin_list>
<pin id="1615" dir="0" index="0" bw="11" slack="0"/>
<pin id="1616" dir="1" index="1" bw="27" slack="0"/>
</pin_list>
<bind>
<opcode="sext(35) " fcode="sext"/>
<opset="sext_ln1333_31/4 "/>
</bind>
</comp>

<comp id="1618" class="1004" name="add_ln703_16_fu_1618">
<pin_list>
<pin id="1619" dir="0" index="0" bw="27" slack="0"/>
<pin id="1620" dir="0" index="1" bw="11" slack="0"/>
<pin id="1621" dir="1" index="2" bw="27" slack="0"/>
</pin_list>
<bind>
<opcode="add(8) " fcode="add"/>
<opset="add_ln703_16/4 "/>
</bind>
</comp>

<comp id="1624" class="1004" name="sub_ln703_16_fu_1624">
<pin_list>
<pin id="1625" dir="0" index="0" bw="27" slack="0"/>
<pin id="1626" dir="0" index="1" bw="11" slack="0"/>
<pin id="1627" dir="1" index="2" bw="27" slack="0"/>
</pin_list>
<bind>
<opcode="sub(10) " fcode="sub"/>
<opset="sub_ln703_16/4 "/>
</bind>
</comp>

<comp id="1630" class="1004" name="sub_ln703_39_fu_1630">
<pin_list>
<pin id="1631" dir="0" index="0" bw="27" slack="0"/>
<pin id="1632" dir="0" index="1" bw="11" slack="0"/>
<pin id="1633" dir="1" index="2" bw="27" slack="0"/>
</pin_list>
<bind>
<opcode="sub(10) " fcode="sub"/>
<opset="sub_ln703_39/4 "/>
</bind>
</comp>

<comp id="1636" class="1004" name="add_ln703_37_fu_1636">
<pin_list>
<pin id="1637" dir="0" index="0" bw="27" slack="0"/>
<pin id="1638" dir="0" index="1" bw="11" slack="0"/>
<pin id="1639" dir="1" index="2" bw="27" slack="0"/>
</pin_list>
<bind>
<opcode="add(8) " fcode="add"/>
<opset="add_ln703_37/4 "/>
</bind>
</comp>

<comp id="1642" class="1004" name="select_ln228_49_fu_1642">
<pin_list>
<pin id="1643" dir="0" index="0" bw="1" slack="0"/>
<pin id="1644" dir="0" index="1" bw="27" slack="0"/>
<pin id="1645" dir="0" index="2" bw="27" slack="0"/>
<pin id="1646" dir="1" index="3" bw="27" slack="0"/>
</pin_list>
<bind>
<opcode="select(49) " fcode="select"/>
<opset="select_ln228_49/4 "/>
</bind>
</comp>

<comp id="1650" class="1004" name="select_ln228_50_fu_1650">
<pin_list>
<pin id="1651" dir="0" index="0" bw="1" slack="0"/>
<pin id="1652" dir="0" index="1" bw="27" slack="0"/>
<pin id="1653" dir="0" index="2" bw="27" slack="0"/>
<pin id="1654" dir="1" index="3" bw="27" slack="0"/>
</pin_list>
<bind>
<opcode="select(49) " fcode="select"/>
<opset="select_ln228_50/4 "/>
</bind>
</comp>

<comp id="1658" class="1004" name="tmp_74_fu_1658">
<pin_list>
<pin id="1659" dir="0" index="0" bw="1" slack="0"/>
<pin id="1660" dir="0" index="1" bw="27" slack="0"/>
<pin id="1661" dir="0" index="2" bw="6" slack="0"/>
<pin id="1662" dir="1" index="3" bw="1" slack="0"/>
</pin_list>
<bind>
<opcode="bitselect(1000) " fcode="bitselect"/>
<opset="tmp_74/4 "/>
</bind>
</comp>

<comp id="1666" class="1004" name="trunc_ln1333_31_fu_1666">
<pin_list>
<pin id="1667" dir="0" index="0" bw="10" slack="0"/>
<pin id="1668" dir="0" index="1" bw="27" slack="0"/>
<pin id="1669" dir="0" index="2" bw="6" slack="0"/>
<pin id="1670" dir="0" index="3" bw="6" slack="0"/>
<pin id="1671" dir="1" index="4" bw="10" slack="0"/>
</pin_list>
<bind>
<opcode="partselect(1002) " fcode="partselect"/>
<opset="trunc_ln1333_31/4 "/>
</bind>
</comp>

<comp id="1676" class="1004" name="sext_ln1333_32_fu_1676">
<pin_list>
<pin id="1677" dir="0" index="0" bw="10" slack="0"/>
<pin id="1678" dir="1" index="1" bw="27" slack="0"/>
</pin_list>
<bind>
<opcode="sext(35) " fcode="sext"/>
<opset="sext_ln1333_32/4 "/>
</bind>
</comp>

<comp id="1680" class="1004" name="trunc_ln1333_32_fu_1680">
<pin_list>
<pin id="1681" dir="0" index="0" bw="10" slack="0"/>
<pin id="1682" dir="0" index="1" bw="27" slack="0"/>
<pin id="1683" dir="0" index="2" bw="6" slack="0"/>
<pin id="1684" dir="0" index="3" bw="6" slack="0"/>
<pin id="1685" dir="1" index="4" bw="10" slack="0"/>
</pin_list>
<bind>
<opcode="partselect(1002) " fcode="partselect"/>
<opset="trunc_ln1333_32/4 "/>
</bind>
</comp>

<comp id="1690" class="1004" name="sext_ln1333_33_fu_1690">
<pin_list>
<pin id="1691" dir="0" index="0" bw="10" slack="0"/>
<pin id="1692" dir="1" index="1" bw="27" slack="0"/>
</pin_list>
<bind>
<opcode="sext(35) " fcode="sext"/>
<opset="sext_ln1333_33/4 "/>
</bind>
</comp>

<comp id="1694" class="1004" name="add_ln703_17_fu_1694">
<pin_list>
<pin id="1695" dir="0" index="0" bw="27" slack="0"/>
<pin id="1696" dir="0" index="1" bw="10" slack="0"/>
<pin id="1697" dir="1" index="2" bw="27" slack="0"/>
</pin_list>
<bind>
<opcode="add(8) " fcode="add"/>
<opset="add_ln703_17/4 "/>
</bind>
</comp>

<comp id="1700" class="1004" name="sub_ln703_17_fu_1700">
<pin_list>
<pin id="1701" dir="0" index="0" bw="27" slack="0"/>
<pin id="1702" dir="0" index="1" bw="10" slack="0"/>
<pin id="1703" dir="1" index="2" bw="27" slack="0"/>
</pin_list>
<bind>
<opcode="sub(10) " fcode="sub"/>
<opset="sub_ln703_17/4 "/>
</bind>
</comp>

<comp id="1706" class="1004" name="sub_ln703_40_fu_1706">
<pin_list>
<pin id="1707" dir="0" index="0" bw="27" slack="0"/>
<pin id="1708" dir="0" index="1" bw="10" slack="0"/>
<pin id="1709" dir="1" index="2" bw="27" slack="0"/>
</pin_list>
<bind>
<opcode="sub(10) " fcode="sub"/>
<opset="sub_ln703_40/4 "/>
</bind>
</comp>

<comp id="1712" class="1004" name="add_ln703_38_fu_1712">
<pin_list>
<pin id="1713" dir="0" index="0" bw="27" slack="0"/>
<pin id="1714" dir="0" index="1" bw="10" slack="0"/>
<pin id="1715" dir="1" index="2" bw="27" slack="0"/>
</pin_list>
<bind>
<opcode="add(8) " fcode="add"/>
<opset="add_ln703_38/4 "/>
</bind>
</comp>

<comp id="1718" class="1004" name="select_ln228_52_fu_1718">
<pin_list>
<pin id="1719" dir="0" index="0" bw="1" slack="0"/>
<pin id="1720" dir="0" index="1" bw="27" slack="0"/>
<pin id="1721" dir="0" index="2" bw="27" slack="0"/>
<pin id="1722" dir="1" index="3" bw="27" slack="0"/>
</pin_list>
<bind>
<opcode="select(49) " fcode="select"/>
<opset="select_ln228_52/4 "/>
</bind>
</comp>

<comp id="1726" class="1004" name="select_ln228_53_fu_1726">
<pin_list>
<pin id="1727" dir="0" index="0" bw="1" slack="0"/>
<pin id="1728" dir="0" index="1" bw="27" slack="0"/>
<pin id="1729" dir="0" index="2" bw="27" slack="0"/>
<pin id="1730" dir="1" index="3" bw="27" slack="0"/>
</pin_list>
<bind>
<opcode="select(49) " fcode="select"/>
<opset="select_ln228_53/4 "/>
</bind>
</comp>

<comp id="1734" class="1004" name="tmp_75_fu_1734">
<pin_list>
<pin id="1735" dir="0" index="0" bw="1" slack="0"/>
<pin id="1736" dir="0" index="1" bw="27" slack="0"/>
<pin id="1737" dir="0" index="2" bw="6" slack="0"/>
<pin id="1738" dir="1" index="3" bw="1" slack="1"/>
</pin_list>
<bind>
<opcode="bitselect(1000) " fcode="bitselect"/>
<opset="tmp_75/4 "/>
</bind>
</comp>

<comp id="1742" class="1004" name="trunc_ln1333_33_fu_1742">
<pin_list>
<pin id="1743" dir="0" index="0" bw="9" slack="0"/>
<pin id="1744" dir="0" index="1" bw="27" slack="0"/>
<pin id="1745" dir="0" index="2" bw="6" slack="0"/>
<pin id="1746" dir="0" index="3" bw="6" slack="0"/>
<pin id="1747" dir="1" index="4" bw="9" slack="1"/>
</pin_list>
<bind>
<opcode="partselect(1002) " fcode="partselect"/>
<opset="trunc_ln1333_33/4 "/>
</bind>
</comp>

<comp id="1752" class="1004" name="trunc_ln1333_34_fu_1752">
<pin_list>
<pin id="1753" dir="0" index="0" bw="9" slack="0"/>
<pin id="1754" dir="0" index="1" bw="27" slack="0"/>
<pin id="1755" dir="0" index="2" bw="6" slack="0"/>
<pin id="1756" dir="0" index="3" bw="6" slack="0"/>
<pin id="1757" dir="1" index="4" bw="9" slack="1"/>
</pin_list>
<bind>
<opcode="partselect(1002) " fcode="partselect"/>
<opset="trunc_ln1333_34/4 "/>
</bind>
</comp>

<comp id="1762" class="1004" name="sext_ln1333_34_fu_1762">
<pin_list>
<pin id="1763" dir="0" index="0" bw="9" slack="1"/>
<pin id="1764" dir="1" index="1" bw="27" slack="0"/>
</pin_list>
<bind>
<opcode="sext(35) " fcode="sext"/>
<opset="sext_ln1333_34/5 "/>
</bind>
</comp>

<comp id="1765" class="1004" name="sext_ln1333_35_fu_1765">
<pin_list>
<pin id="1766" dir="0" index="0" bw="9" slack="1"/>
<pin id="1767" dir="1" index="1" bw="27" slack="0"/>
</pin_list>
<bind>
<opcode="sext(35) " fcode="sext"/>
<opset="sext_ln1333_35/5 "/>
</bind>
</comp>

<comp id="1768" class="1004" name="add_ln703_18_fu_1768">
<pin_list>
<pin id="1769" dir="0" index="0" bw="27" slack="1"/>
<pin id="1770" dir="0" index="1" bw="9" slack="0"/>
<pin id="1771" dir="1" index="2" bw="27" slack="0"/>
</pin_list>
<bind>
<opcode="add(8) " fcode="add"/>
<opset="add_ln703_18/5 "/>
</bind>
</comp>

<comp id="1773" class="1004" name="sub_ln703_18_fu_1773">
<pin_list>
<pin id="1774" dir="0" index="0" bw="27" slack="1"/>
<pin id="1775" dir="0" index="1" bw="9" slack="0"/>
<pin id="1776" dir="1" index="2" bw="27" slack="0"/>
</pin_list>
<bind>
<opcode="sub(10) " fcode="sub"/>
<opset="sub_ln703_18/5 "/>
</bind>
</comp>

<comp id="1778" class="1004" name="sub_ln703_41_fu_1778">
<pin_list>
<pin id="1779" dir="0" index="0" bw="27" slack="1"/>
<pin id="1780" dir="0" index="1" bw="9" slack="0"/>
<pin id="1781" dir="1" index="2" bw="27" slack="0"/>
</pin_list>
<bind>
<opcode="sub(10) " fcode="sub"/>
<opset="sub_ln703_41/5 "/>
</bind>
</comp>

<comp id="1783" class="1004" name="add_ln703_39_fu_1783">
<pin_list>
<pin id="1784" dir="0" index="0" bw="27" slack="1"/>
<pin id="1785" dir="0" index="1" bw="9" slack="0"/>
<pin id="1786" dir="1" index="2" bw="27" slack="0"/>
</pin_list>
<bind>
<opcode="add(8) " fcode="add"/>
<opset="add_ln703_39/5 "/>
</bind>
</comp>

<comp id="1788" class="1004" name="select_ln228_55_fu_1788">
<pin_list>
<pin id="1789" dir="0" index="0" bw="1" slack="1"/>
<pin id="1790" dir="0" index="1" bw="27" slack="0"/>
<pin id="1791" dir="0" index="2" bw="27" slack="0"/>
<pin id="1792" dir="1" index="3" bw="27" slack="0"/>
</pin_list>
<bind>
<opcode="select(49) " fcode="select"/>
<opset="select_ln228_55/5 "/>
</bind>
</comp>

<comp id="1795" class="1004" name="select_ln228_56_fu_1795">
<pin_list>
<pin id="1796" dir="0" index="0" bw="1" slack="1"/>
<pin id="1797" dir="0" index="1" bw="27" slack="0"/>
<pin id="1798" dir="0" index="2" bw="27" slack="0"/>
<pin id="1799" dir="1" index="3" bw="27" slack="0"/>
</pin_list>
<bind>
<opcode="select(49) " fcode="select"/>
<opset="select_ln228_56/5 "/>
</bind>
</comp>

<comp id="1802" class="1004" name="tmp_76_fu_1802">
<pin_list>
<pin id="1803" dir="0" index="0" bw="1" slack="0"/>
<pin id="1804" dir="0" index="1" bw="27" slack="0"/>
<pin id="1805" dir="0" index="2" bw="6" slack="0"/>
<pin id="1806" dir="1" index="3" bw="1" slack="0"/>
</pin_list>
<bind>
<opcode="bitselect(1000) " fcode="bitselect"/>
<opset="tmp_76/5 "/>
</bind>
</comp>

<comp id="1810" class="1004" name="trunc_ln1333_35_fu_1810">
<pin_list>
<pin id="1811" dir="0" index="0" bw="8" slack="0"/>
<pin id="1812" dir="0" index="1" bw="27" slack="0"/>
<pin id="1813" dir="0" index="2" bw="6" slack="0"/>
<pin id="1814" dir="0" index="3" bw="6" slack="0"/>
<pin id="1815" dir="1" index="4" bw="8" slack="0"/>
</pin_list>
<bind>
<opcode="partselect(1002) " fcode="partselect"/>
<opset="trunc_ln1333_35/5 "/>
</bind>
</comp>

<comp id="1820" class="1004" name="sext_ln1333_36_fu_1820">
<pin_list>
<pin id="1821" dir="0" index="0" bw="8" slack="0"/>
<pin id="1822" dir="1" index="1" bw="27" slack="0"/>
</pin_list>
<bind>
<opcode="sext(35) " fcode="sext"/>
<opset="sext_ln1333_36/5 "/>
</bind>
</comp>

<comp id="1824" class="1004" name="trunc_ln1333_36_fu_1824">
<pin_list>
<pin id="1825" dir="0" index="0" bw="8" slack="0"/>
<pin id="1826" dir="0" index="1" bw="27" slack="0"/>
<pin id="1827" dir="0" index="2" bw="6" slack="0"/>
<pin id="1828" dir="0" index="3" bw="6" slack="0"/>
<pin id="1829" dir="1" index="4" bw="8" slack="0"/>
</pin_list>
<bind>
<opcode="partselect(1002) " fcode="partselect"/>
<opset="trunc_ln1333_36/5 "/>
</bind>
</comp>

<comp id="1834" class="1004" name="sext_ln1333_37_fu_1834">
<pin_list>
<pin id="1835" dir="0" index="0" bw="8" slack="0"/>
<pin id="1836" dir="1" index="1" bw="27" slack="0"/>
</pin_list>
<bind>
<opcode="sext(35) " fcode="sext"/>
<opset="sext_ln1333_37/5 "/>
</bind>
</comp>

<comp id="1838" class="1004" name="add_ln703_19_fu_1838">
<pin_list>
<pin id="1839" dir="0" index="0" bw="27" slack="0"/>
<pin id="1840" dir="0" index="1" bw="8" slack="0"/>
<pin id="1841" dir="1" index="2" bw="27" slack="0"/>
</pin_list>
<bind>
<opcode="add(8) " fcode="add"/>
<opset="add_ln703_19/5 "/>
</bind>
</comp>

<comp id="1844" class="1004" name="sub_ln703_19_fu_1844">
<pin_list>
<pin id="1845" dir="0" index="0" bw="27" slack="0"/>
<pin id="1846" dir="0" index="1" bw="8" slack="0"/>
<pin id="1847" dir="1" index="2" bw="27" slack="0"/>
</pin_list>
<bind>
<opcode="sub(10) " fcode="sub"/>
<opset="sub_ln703_19/5 "/>
</bind>
</comp>

<comp id="1850" class="1004" name="sub_ln703_42_fu_1850">
<pin_list>
<pin id="1851" dir="0" index="0" bw="27" slack="0"/>
<pin id="1852" dir="0" index="1" bw="8" slack="0"/>
<pin id="1853" dir="1" index="2" bw="27" slack="0"/>
</pin_list>
<bind>
<opcode="sub(10) " fcode="sub"/>
<opset="sub_ln703_42/5 "/>
</bind>
</comp>

<comp id="1856" class="1004" name="add_ln703_40_fu_1856">
<pin_list>
<pin id="1857" dir="0" index="0" bw="27" slack="0"/>
<pin id="1858" dir="0" index="1" bw="8" slack="0"/>
<pin id="1859" dir="1" index="2" bw="27" slack="0"/>
</pin_list>
<bind>
<opcode="add(8) " fcode="add"/>
<opset="add_ln703_40/5 "/>
</bind>
</comp>

<comp id="1862" class="1004" name="select_ln228_58_fu_1862">
<pin_list>
<pin id="1863" dir="0" index="0" bw="1" slack="0"/>
<pin id="1864" dir="0" index="1" bw="27" slack="0"/>
<pin id="1865" dir="0" index="2" bw="27" slack="0"/>
<pin id="1866" dir="1" index="3" bw="27" slack="0"/>
</pin_list>
<bind>
<opcode="select(49) " fcode="select"/>
<opset="select_ln228_58/5 "/>
</bind>
</comp>

<comp id="1870" class="1004" name="select_ln228_59_fu_1870">
<pin_list>
<pin id="1871" dir="0" index="0" bw="1" slack="0"/>
<pin id="1872" dir="0" index="1" bw="27" slack="0"/>
<pin id="1873" dir="0" index="2" bw="27" slack="0"/>
<pin id="1874" dir="1" index="3" bw="27" slack="0"/>
</pin_list>
<bind>
<opcode="select(49) " fcode="select"/>
<opset="select_ln228_59/5 "/>
</bind>
</comp>

<comp id="1878" class="1004" name="tmp_77_fu_1878">
<pin_list>
<pin id="1879" dir="0" index="0" bw="1" slack="0"/>
<pin id="1880" dir="0" index="1" bw="27" slack="0"/>
<pin id="1881" dir="0" index="2" bw="6" slack="0"/>
<pin id="1882" dir="1" index="3" bw="1" slack="0"/>
</pin_list>
<bind>
<opcode="bitselect(1000) " fcode="bitselect"/>
<opset="tmp_77/5 "/>
</bind>
</comp>

<comp id="1886" class="1004" name="trunc_ln1333_37_fu_1886">
<pin_list>
<pin id="1887" dir="0" index="0" bw="7" slack="0"/>
<pin id="1888" dir="0" index="1" bw="27" slack="0"/>
<pin id="1889" dir="0" index="2" bw="6" slack="0"/>
<pin id="1890" dir="0" index="3" bw="6" slack="0"/>
<pin id="1891" dir="1" index="4" bw="7" slack="0"/>
</pin_list>
<bind>
<opcode="partselect(1002) " fcode="partselect"/>
<opset="trunc_ln1333_37/5 "/>
</bind>
</comp>

<comp id="1896" class="1004" name="sext_ln1333_38_fu_1896">
<pin_list>
<pin id="1897" dir="0" index="0" bw="7" slack="0"/>
<pin id="1898" dir="1" index="1" bw="27" slack="0"/>
</pin_list>
<bind>
<opcode="sext(35) " fcode="sext"/>
<opset="sext_ln1333_38/5 "/>
</bind>
</comp>

<comp id="1900" class="1004" name="trunc_ln1333_38_fu_1900">
<pin_list>
<pin id="1901" dir="0" index="0" bw="7" slack="0"/>
<pin id="1902" dir="0" index="1" bw="27" slack="0"/>
<pin id="1903" dir="0" index="2" bw="6" slack="0"/>
<pin id="1904" dir="0" index="3" bw="6" slack="0"/>
<pin id="1905" dir="1" index="4" bw="7" slack="0"/>
</pin_list>
<bind>
<opcode="partselect(1002) " fcode="partselect"/>
<opset="trunc_ln1333_38/5 "/>
</bind>
</comp>

<comp id="1910" class="1004" name="sext_ln1333_39_fu_1910">
<pin_list>
<pin id="1911" dir="0" index="0" bw="7" slack="0"/>
<pin id="1912" dir="1" index="1" bw="27" slack="0"/>
</pin_list>
<bind>
<opcode="sext(35) " fcode="sext"/>
<opset="sext_ln1333_39/5 "/>
</bind>
</comp>

<comp id="1914" class="1004" name="add_ln703_20_fu_1914">
<pin_list>
<pin id="1915" dir="0" index="0" bw="27" slack="0"/>
<pin id="1916" dir="0" index="1" bw="7" slack="0"/>
<pin id="1917" dir="1" index="2" bw="27" slack="0"/>
</pin_list>
<bind>
<opcode="add(8) " fcode="add"/>
<opset="add_ln703_20/5 "/>
</bind>
</comp>

<comp id="1920" class="1004" name="sub_ln703_20_fu_1920">
<pin_list>
<pin id="1921" dir="0" index="0" bw="27" slack="0"/>
<pin id="1922" dir="0" index="1" bw="7" slack="0"/>
<pin id="1923" dir="1" index="2" bw="27" slack="0"/>
</pin_list>
<bind>
<opcode="sub(10) " fcode="sub"/>
<opset="sub_ln703_20/5 "/>
</bind>
</comp>

<comp id="1926" class="1004" name="sub_ln703_43_fu_1926">
<pin_list>
<pin id="1927" dir="0" index="0" bw="27" slack="0"/>
<pin id="1928" dir="0" index="1" bw="7" slack="0"/>
<pin id="1929" dir="1" index="2" bw="27" slack="0"/>
</pin_list>
<bind>
<opcode="sub(10) " fcode="sub"/>
<opset="sub_ln703_43/5 "/>
</bind>
</comp>

<comp id="1932" class="1004" name="add_ln703_41_fu_1932">
<pin_list>
<pin id="1933" dir="0" index="0" bw="27" slack="0"/>
<pin id="1934" dir="0" index="1" bw="7" slack="0"/>
<pin id="1935" dir="1" index="2" bw="27" slack="0"/>
</pin_list>
<bind>
<opcode="add(8) " fcode="add"/>
<opset="add_ln703_41/5 "/>
</bind>
</comp>

<comp id="1938" class="1004" name="select_ln228_61_fu_1938">
<pin_list>
<pin id="1939" dir="0" index="0" bw="1" slack="0"/>
<pin id="1940" dir="0" index="1" bw="27" slack="0"/>
<pin id="1941" dir="0" index="2" bw="27" slack="0"/>
<pin id="1942" dir="1" index="3" bw="27" slack="0"/>
</pin_list>
<bind>
<opcode="select(49) " fcode="select"/>
<opset="select_ln228_61/5 "/>
</bind>
</comp>

<comp id="1946" class="1004" name="select_ln228_62_fu_1946">
<pin_list>
<pin id="1947" dir="0" index="0" bw="1" slack="0"/>
<pin id="1948" dir="0" index="1" bw="27" slack="0"/>
<pin id="1949" dir="0" index="2" bw="27" slack="0"/>
<pin id="1950" dir="1" index="3" bw="27" slack="0"/>
</pin_list>
<bind>
<opcode="select(49) " fcode="select"/>
<opset="select_ln228_62/5 "/>
</bind>
</comp>

<comp id="1954" class="1004" name="tmp_78_fu_1954">
<pin_list>
<pin id="1955" dir="0" index="0" bw="1" slack="0"/>
<pin id="1956" dir="0" index="1" bw="27" slack="0"/>
<pin id="1957" dir="0" index="2" bw="6" slack="0"/>
<pin id="1958" dir="1" index="3" bw="1" slack="0"/>
</pin_list>
<bind>
<opcode="bitselect(1000) " fcode="bitselect"/>
<opset="tmp_78/5 "/>
</bind>
</comp>

<comp id="1962" class="1004" name="trunc_ln1333_39_fu_1962">
<pin_list>
<pin id="1963" dir="0" index="0" bw="6" slack="0"/>
<pin id="1964" dir="0" index="1" bw="27" slack="0"/>
<pin id="1965" dir="0" index="2" bw="6" slack="0"/>
<pin id="1966" dir="0" index="3" bw="6" slack="0"/>
<pin id="1967" dir="1" index="4" bw="6" slack="0"/>
</pin_list>
<bind>
<opcode="partselect(1002) " fcode="partselect"/>
<opset="trunc_ln1333_39/5 "/>
</bind>
</comp>

<comp id="1972" class="1004" name="sext_ln1333_40_fu_1972">
<pin_list>
<pin id="1973" dir="0" index="0" bw="6" slack="0"/>
<pin id="1974" dir="1" index="1" bw="27" slack="0"/>
</pin_list>
<bind>
<opcode="sext(35) " fcode="sext"/>
<opset="sext_ln1333_40/5 "/>
</bind>
</comp>

<comp id="1976" class="1004" name="trunc_ln1333_40_fu_1976">
<pin_list>
<pin id="1977" dir="0" index="0" bw="6" slack="0"/>
<pin id="1978" dir="0" index="1" bw="27" slack="0"/>
<pin id="1979" dir="0" index="2" bw="6" slack="0"/>
<pin id="1980" dir="0" index="3" bw="6" slack="0"/>
<pin id="1981" dir="1" index="4" bw="6" slack="0"/>
</pin_list>
<bind>
<opcode="partselect(1002) " fcode="partselect"/>
<opset="trunc_ln1333_40/5 "/>
</bind>
</comp>

<comp id="1986" class="1004" name="sext_ln1333_41_fu_1986">
<pin_list>
<pin id="1987" dir="0" index="0" bw="6" slack="0"/>
<pin id="1988" dir="1" index="1" bw="27" slack="0"/>
</pin_list>
<bind>
<opcode="sext(35) " fcode="sext"/>
<opset="sext_ln1333_41/5 "/>
</bind>
</comp>

<comp id="1990" class="1004" name="add_ln703_21_fu_1990">
<pin_list>
<pin id="1991" dir="0" index="0" bw="27" slack="0"/>
<pin id="1992" dir="0" index="1" bw="6" slack="0"/>
<pin id="1993" dir="1" index="2" bw="27" slack="0"/>
</pin_list>
<bind>
<opcode="add(8) " fcode="add"/>
<opset="add_ln703_21/5 "/>
</bind>
</comp>

<comp id="1996" class="1004" name="sub_ln703_21_fu_1996">
<pin_list>
<pin id="1997" dir="0" index="0" bw="27" slack="0"/>
<pin id="1998" dir="0" index="1" bw="6" slack="0"/>
<pin id="1999" dir="1" index="2" bw="27" slack="0"/>
</pin_list>
<bind>
<opcode="sub(10) " fcode="sub"/>
<opset="sub_ln703_21/5 "/>
</bind>
</comp>

<comp id="2002" class="1004" name="sub_ln703_44_fu_2002">
<pin_list>
<pin id="2003" dir="0" index="0" bw="27" slack="0"/>
<pin id="2004" dir="0" index="1" bw="6" slack="0"/>
<pin id="2005" dir="1" index="2" bw="27" slack="0"/>
</pin_list>
<bind>
<opcode="sub(10) " fcode="sub"/>
<opset="sub_ln703_44/5 "/>
</bind>
</comp>

<comp id="2008" class="1004" name="add_ln703_42_fu_2008">
<pin_list>
<pin id="2009" dir="0" index="0" bw="27" slack="0"/>
<pin id="2010" dir="0" index="1" bw="6" slack="0"/>
<pin id="2011" dir="1" index="2" bw="27" slack="0"/>
</pin_list>
<bind>
<opcode="add(8) " fcode="add"/>
<opset="add_ln703_42/5 "/>
</bind>
</comp>

<comp id="2014" class="1004" name="select_ln228_64_fu_2014">
<pin_list>
<pin id="2015" dir="0" index="0" bw="1" slack="0"/>
<pin id="2016" dir="0" index="1" bw="27" slack="0"/>
<pin id="2017" dir="0" index="2" bw="27" slack="0"/>
<pin id="2018" dir="1" index="3" bw="27" slack="0"/>
</pin_list>
<bind>
<opcode="select(49) " fcode="select"/>
<opset="select_ln228_64/5 "/>
</bind>
</comp>

<comp id="2022" class="1004" name="tmp_79_fu_2022">
<pin_list>
<pin id="2023" dir="0" index="0" bw="1" slack="0"/>
<pin id="2024" dir="0" index="1" bw="27" slack="0"/>
<pin id="2025" dir="0" index="2" bw="6" slack="0"/>
<pin id="2026" dir="1" index="3" bw="1" slack="0"/>
</pin_list>
<bind>
<opcode="bitselect(1000) " fcode="bitselect"/>
<opset="tmp_79/5 "/>
</bind>
</comp>

<comp id="2030" class="1004" name="tmp_fu_2030">
<pin_list>
<pin id="2031" dir="0" index="0" bw="5" slack="0"/>
<pin id="2032" dir="0" index="1" bw="27" slack="0"/>
<pin id="2033" dir="0" index="2" bw="6" slack="0"/>
<pin id="2034" dir="0" index="3" bw="6" slack="0"/>
<pin id="2035" dir="1" index="4" bw="5" slack="0"/>
</pin_list>
<bind>
<opcode="partselect(1002) " fcode="partselect"/>
<opset="tmp/5 "/>
</bind>
</comp>

<comp id="2040" class="1004" name="tmp_s_fu_2040">
<pin_list>
<pin id="2041" dir="0" index="0" bw="5" slack="0"/>
<pin id="2042" dir="0" index="1" bw="27" slack="0"/>
<pin id="2043" dir="0" index="2" bw="6" slack="0"/>
<pin id="2044" dir="0" index="3" bw="6" slack="0"/>
<pin id="2045" dir="1" index="4" bw="5" slack="0"/>
</pin_list>
<bind>
<opcode="partselect(1002) " fcode="partselect"/>
<opset="tmp_s/5 "/>
</bind>
</comp>

<comp id="2050" class="1004" name="select_ln228_65_fu_2050">
<pin_list>
<pin id="2051" dir="0" index="0" bw="1" slack="0"/>
<pin id="2052" dir="0" index="1" bw="5" slack="0"/>
<pin id="2053" dir="0" index="2" bw="5" slack="0"/>
<pin id="2054" dir="1" index="3" bw="5" slack="0"/>
</pin_list>
<bind>
<opcode="select(49) " fcode="select"/>
<opset="select_ln228_65/5 "/>
</bind>
</comp>

<comp id="2058" class="1004" name="sext_ln1333_42_fu_2058">
<pin_list>
<pin id="2059" dir="0" index="0" bw="5" slack="0"/>
<pin id="2060" dir="1" index="1" bw="27" slack="0"/>
</pin_list>
<bind>
<opcode="sext(35) " fcode="sext"/>
<opset="sext_ln1333_42/5 "/>
</bind>
</comp>

<comp id="2062" class="1004" name="sub_ln703_22_fu_2062">
<pin_list>
<pin id="2063" dir="0" index="0" bw="27" slack="0"/>
<pin id="2064" dir="0" index="1" bw="5" slack="0"/>
<pin id="2065" dir="1" index="2" bw="27" slack="0"/>
</pin_list>
<bind>
<opcode="sub(10) " fcode="sub"/>
<opset="sub_ln703_22/5 "/>
</bind>
</comp>

<comp id="2068" class="1004" name="add_ln703_43_fu_2068">
<pin_list>
<pin id="2069" dir="0" index="0" bw="27" slack="0"/>
<pin id="2070" dir="0" index="1" bw="5" slack="0"/>
<pin id="2071" dir="1" index="2" bw="27" slack="0"/>
</pin_list>
<bind>
<opcode="add(8) " fcode="add"/>
<opset="add_ln703_43/5 "/>
</bind>
</comp>

<comp id="2074" class="1004" name="select_ln101_fu_2074">
<pin_list>
<pin id="2075" dir="0" index="0" bw="1" slack="0"/>
<pin id="2076" dir="0" index="1" bw="3" slack="0"/>
<pin id="2077" dir="0" index="2" bw="3" slack="0"/>
<pin id="2078" dir="1" index="3" bw="4" slack="0"/>
</pin_list>
<bind>
<opcode="select(49) " fcode="select"/>
<opset="select_ln101/5 "/>
</bind>
</comp>

<comp id="2082" class="1004" name="tmp_80_fu_2082">
<pin_list>
<pin id="2083" dir="0" index="0" bw="1" slack="0"/>
<pin id="2084" dir="0" index="1" bw="27" slack="0"/>
<pin id="2085" dir="0" index="2" bw="6" slack="0"/>
<pin id="2086" dir="1" index="3" bw="1" slack="0"/>
</pin_list>
<bind>
<opcode="bitselect(1000) " fcode="bitselect"/>
<opset="tmp_80/5 "/>
</bind>
</comp>

<comp id="2090" class="1004" name="tmp_81_fu_2090">
<pin_list>
<pin id="2091" dir="0" index="0" bw="1" slack="0"/>
<pin id="2092" dir="0" index="1" bw="27" slack="0"/>
<pin id="2093" dir="0" index="2" bw="6" slack="0"/>
<pin id="2094" dir="1" index="3" bw="1" slack="0"/>
</pin_list>
<bind>
<opcode="bitselect(1000) " fcode="bitselect"/>
<opset="tmp_81/5 "/>
</bind>
</comp>

<comp id="2098" class="1004" name="select_ln228_66_fu_2098">
<pin_list>
<pin id="2099" dir="0" index="0" bw="1" slack="0"/>
<pin id="2100" dir="0" index="1" bw="1" slack="0"/>
<pin id="2101" dir="0" index="2" bw="1" slack="0"/>
<pin id="2102" dir="1" index="3" bw="1" slack="0"/>
</pin_list>
<bind>
<opcode="select(49) " fcode="select"/>
<opset="select_ln228_66/5 "/>
</bind>
</comp>

<comp id="2106" class="1004" name="select_ln101_1_fu_2106">
<pin_list>
<pin id="2107" dir="0" index="0" bw="1" slack="0"/>
<pin id="2108" dir="0" index="1" bw="1" slack="0"/>
<pin id="2109" dir="0" index="2" bw="1" slack="0"/>
<pin id="2110" dir="1" index="3" bw="4" slack="0"/>
</pin_list>
<bind>
<opcode="select(49) " fcode="select"/>
<opset="select_ln101_1/5 "/>
</bind>
</comp>

<comp id="2114" class="1004" name="add_ln101_19_fu_2114">
<pin_list>
<pin id="2115" dir="0" index="0" bw="3" slack="0"/>
<pin id="2116" dir="0" index="1" bw="4" slack="0"/>
<pin id="2117" dir="1" index="2" bw="4" slack="1"/>
</pin_list>
<bind>
<opcode="add(8) " fcode="add"/>
<opset="add_ln101_19/5 "/>
</bind>
</comp>

<comp id="2120" class="1004" name="and_ln608_fu_2120">
<pin_list>
<pin id="2121" dir="0" index="0" bw="1" slack="5"/>
<pin id="2122" dir="0" index="1" bw="1" slack="5"/>
<pin id="2123" dir="1" index="2" bw="1" slack="0"/>
</pin_list>
<bind>
<opcode="and(23) " fcode="and"/>
<opset="and_ln608/6 "/>
</bind>
</comp>

<comp id="2124" class="1004" name="and_ln612_fu_2124">
<pin_list>
<pin id="2125" dir="0" index="0" bw="1" slack="5"/>
<pin id="2126" dir="0" index="1" bw="1" slack="5"/>
<pin id="2127" dir="1" index="2" bw="1" slack="0"/>
</pin_list>
<bind>
<opcode="and(23) " fcode="and"/>
<opset="and_ln612/6 "/>
</bind>
</comp>

<comp id="2128" class="1004" name="and_ln616_fu_2128">
<pin_list>
<pin id="2129" dir="0" index="0" bw="1" slack="5"/>
<pin id="2130" dir="0" index="1" bw="1" slack="5"/>
<pin id="2131" dir="1" index="2" bw="1" slack="0"/>
</pin_list>
<bind>
<opcode="and(23) " fcode="and"/>
<opset="and_ln616/6 "/>
</bind>
</comp>

<comp id="2132" class="1004" name="and_ln620_fu_2132">
<pin_list>
<pin id="2133" dir="0" index="0" bw="1" slack="5"/>
<pin id="2134" dir="0" index="1" bw="1" slack="5"/>
<pin id="2135" dir="1" index="2" bw="1" slack="0"/>
</pin_list>
<bind>
<opcode="and(23) " fcode="and"/>
<opset="and_ln620/6 "/>
</bind>
</comp>

<comp id="2136" class="1004" name="select_ln631_fu_2136">
<pin_list>
<pin id="2137" dir="0" index="0" bw="1" slack="5"/>
<pin id="2138" dir="0" index="1" bw="1" slack="0"/>
<pin id="2139" dir="0" index="2" bw="20" slack="0"/>
<pin id="2140" dir="1" index="3" bw="20" slack="0"/>
</pin_list>
<bind>
<opcode="select(49) " fcode="select"/>
<opset="select_ln631/6 "/>
</bind>
</comp>

<comp id="2143" class="1004" name="select_ln228_2_fu_2143">
<pin_list>
<pin id="2144" dir="0" index="0" bw="1" slack="5"/>
<pin id="2145" dir="0" index="1" bw="26" slack="0"/>
<pin id="2146" dir="0" index="2" bw="1" slack="0"/>
<pin id="2147" dir="1" index="3" bw="26" slack="0"/>
</pin_list>
<bind>
<opcode="select(49) " fcode="select"/>
<opset="select_ln228_2/6 "/>
</bind>
</comp>

<comp id="2150" class="1004" name="select_ln228_3_fu_2150">
<pin_list>
<pin id="2151" dir="0" index="0" bw="1" slack="5"/>
<pin id="2152" dir="0" index="1" bw="24" slack="0"/>
<pin id="2153" dir="0" index="2" bw="25" slack="0"/>
<pin id="2154" dir="1" index="3" bw="25" slack="0"/>
</pin_list>
<bind>
<opcode="select(49) " fcode="select"/>
<opset="select_ln228_3/6 "/>
</bind>
</comp>

<comp id="2157" class="1004" name="select_ln228_6_fu_2157">
<pin_list>
<pin id="2158" dir="0" index="0" bw="1" slack="5"/>
<pin id="2159" dir="0" index="1" bw="23" slack="0"/>
<pin id="2160" dir="0" index="2" bw="23" slack="0"/>
<pin id="2161" dir="1" index="3" bw="25" slack="0"/>
</pin_list>
<bind>
<opcode="select(49) " fcode="select"/>
<opset="select_ln228_6/6 "/>
</bind>
</comp>

<comp id="2164" class="1004" name="select_ln228_9_fu_2164">
<pin_list>
<pin id="2165" dir="0" index="0" bw="1" slack="5"/>
<pin id="2166" dir="0" index="1" bw="22" slack="0"/>
<pin id="2167" dir="0" index="2" bw="22" slack="0"/>
<pin id="2168" dir="1" index="3" bw="23" slack="0"/>
</pin_list>
<bind>
<opcode="select(49) " fcode="select"/>
<opset="select_ln228_9/6 "/>
</bind>
</comp>

<comp id="2171" class="1004" name="select_ln228_12_fu_2171">
<pin_list>
<pin id="2172" dir="0" index="0" bw="1" slack="4"/>
<pin id="2173" dir="0" index="1" bw="21" slack="0"/>
<pin id="2174" dir="0" index="2" bw="21" slack="0"/>
<pin id="2175" dir="1" index="3" bw="22" slack="0"/>
</pin_list>
<bind>
<opcode="select(49) " fcode="select"/>
<opset="select_ln228_12/6 "/>
</bind>
</comp>

<comp id="2178" class="1004" name="select_ln228_15_fu_2178">
<pin_list>
<pin id="2179" dir="0" index="0" bw="1" slack="4"/>
<pin id="2180" dir="0" index="1" bw="20" slack="0"/>
<pin id="2181" dir="0" index="2" bw="20" slack="0"/>
<pin id="2182" dir="1" index="3" bw="22" slack="0"/>
</pin_list>
<bind>
<opcode="select(49) " fcode="select"/>
<opset="select_ln228_15/6 "/>
</bind>
</comp>

<comp id="2185" class="1004" name="select_ln228_18_fu_2185">
<pin_list>
<pin id="2186" dir="0" index="0" bw="1" slack="4"/>
<pin id="2187" dir="0" index="1" bw="19" slack="0"/>
<pin id="2188" dir="0" index="2" bw="19" slack="0"/>
<pin id="2189" dir="1" index="3" bw="20" slack="0"/>
</pin_list>
<bind>
<opcode="select(49) " fcode="select"/>
<opset="select_ln228_18/6 "/>
</bind>
</comp>

<comp id="2192" class="1004" name="select_ln228_21_fu_2192">
<pin_list>
<pin id="2193" dir="0" index="0" bw="1" slack="4"/>
<pin id="2194" dir="0" index="1" bw="18" slack="0"/>
<pin id="2195" dir="0" index="2" bw="18" slack="0"/>
<pin id="2196" dir="1" index="3" bw="19" slack="0"/>
</pin_list>
<bind>
<opcode="select(49) " fcode="select"/>
<opset="select_ln228_21/6 "/>
</bind>
</comp>

<comp id="2199" class="1004" name="select_ln228_24_fu_2199">
<pin_list>
<pin id="2200" dir="0" index="0" bw="1" slack="4"/>
<pin id="2201" dir="0" index="1" bw="17" slack="0"/>
<pin id="2202" dir="0" index="2" bw="17" slack="0"/>
<pin id="2203" dir="1" index="3" bw="19" slack="0"/>
</pin_list>
<bind>
<opcode="select(49) " fcode="select"/>
<opset="select_ln228_24/6 "/>
</bind>
</comp>

<comp id="2206" class="1004" name="select_ln228_27_fu_2206">
<pin_list>
<pin id="2207" dir="0" index="0" bw="1" slack="3"/>
<pin id="2208" dir="0" index="1" bw="16" slack="0"/>
<pin id="2209" dir="0" index="2" bw="16" slack="0"/>
<pin id="2210" dir="1" index="3" bw="17" slack="0"/>
</pin_list>
<bind>
<opcode="select(49) " fcode="select"/>
<opset="select_ln228_27/6 "/>
</bind>
</comp>

<comp id="2213" class="1004" name="select_ln228_30_fu_2213">
<pin_list>
<pin id="2214" dir="0" index="0" bw="1" slack="3"/>
<pin id="2215" dir="0" index="1" bw="15" slack="0"/>
<pin id="2216" dir="0" index="2" bw="15" slack="0"/>
<pin id="2217" dir="1" index="3" bw="16" slack="0"/>
</pin_list>
<bind>
<opcode="select(49) " fcode="select"/>
<opset="select_ln228_30/6 "/>
</bind>
</comp>

<comp id="2220" class="1004" name="select_ln228_33_fu_2220">
<pin_list>
<pin id="2221" dir="0" index="0" bw="1" slack="3"/>
<pin id="2222" dir="0" index="1" bw="14" slack="0"/>
<pin id="2223" dir="0" index="2" bw="14" slack="0"/>
<pin id="2224" dir="1" index="3" bw="16" slack="0"/>
</pin_list>
<bind>
<opcode="select(49) " fcode="select"/>
<opset="select_ln228_33/6 "/>
</bind>
</comp>

<comp id="2227" class="1004" name="select_ln228_36_fu_2227">
<pin_list>
<pin id="2228" dir="0" index="0" bw="1" slack="3"/>
<pin id="2229" dir="0" index="1" bw="13" slack="0"/>
<pin id="2230" dir="0" index="2" bw="13" slack="0"/>
<pin id="2231" dir="1" index="3" bw="14" slack="0"/>
</pin_list>
<bind>
<opcode="select(49) " fcode="select"/>
<opset="select_ln228_36/6 "/>
</bind>
</comp>

<comp id="2234" class="1004" name="select_ln228_39_fu_2234">
<pin_list>
<pin id="2235" dir="0" index="0" bw="1" slack="3"/>
<pin id="2236" dir="0" index="1" bw="12" slack="0"/>
<pin id="2237" dir="0" index="2" bw="12" slack="0"/>
<pin id="2238" dir="1" index="3" bw="13" slack="0"/>
</pin_list>
<bind>
<opcode="select(49) " fcode="select"/>
<opset="select_ln228_39/6 "/>
</bind>
</comp>

<comp id="2241" class="1004" name="select_ln228_42_fu_2241">
<pin_list>
<pin id="2242" dir="0" index="0" bw="1" slack="2"/>
<pin id="2243" dir="0" index="1" bw="11" slack="0"/>
<pin id="2244" dir="0" index="2" bw="11" slack="0"/>
<pin id="2245" dir="1" index="3" bw="13" slack="0"/>
</pin_list>
<bind>
<opcode="select(49) " fcode="select"/>
<opset="select_ln228_42/6 "/>
</bind>
</comp>

<comp id="2248" class="1004" name="select_ln228_45_fu_2248">
<pin_list>
<pin id="2249" dir="0" index="0" bw="1" slack="2"/>
<pin id="2250" dir="0" index="1" bw="10" slack="0"/>
<pin id="2251" dir="0" index="2" bw="10" slack="0"/>
<pin id="2252" dir="1" index="3" bw="11" slack="0"/>
</pin_list>
<bind>
<opcode="select(49) " fcode="select"/>
<opset="select_ln228_45/6 "/>
</bind>
</comp>

<comp id="2255" class="1004" name="select_ln228_48_fu_2255">
<pin_list>
<pin id="2256" dir="0" index="0" bw="1" slack="2"/>
<pin id="2257" dir="0" index="1" bw="9" slack="0"/>
<pin id="2258" dir="0" index="2" bw="9" slack="0"/>
<pin id="2259" dir="1" index="3" bw="10" slack="0"/>
</pin_list>
<bind>
<opcode="select(49) " fcode="select"/>
<opset="select_ln228_48/6 "/>
</bind>
</comp>

<comp id="2262" class="1004" name="select_ln228_51_fu_2262">
<pin_list>
<pin id="2263" dir="0" index="0" bw="1" slack="2"/>
<pin id="2264" dir="0" index="1" bw="8" slack="0"/>
<pin id="2265" dir="0" index="2" bw="8" slack="0"/>
<pin id="2266" dir="1" index="3" bw="10" slack="0"/>
</pin_list>
<bind>
<opcode="select(49) " fcode="select"/>
<opset="select_ln228_51/6 "/>
</bind>
</comp>

<comp id="2269" class="1004" name="select_ln228_54_fu_2269">
<pin_list>
<pin id="2270" dir="0" index="0" bw="1" slack="2"/>
<pin id="2271" dir="0" index="1" bw="7" slack="0"/>
<pin id="2272" dir="0" index="2" bw="7" slack="0"/>
<pin id="2273" dir="1" index="3" bw="8" slack="0"/>
</pin_list>
<bind>
<opcode="select(49) " fcode="select"/>
<opset="select_ln228_54/6 "/>
</bind>
</comp>

<comp id="2276" class="1004" name="select_ln228_57_fu_2276">
<pin_list>
<pin id="2277" dir="0" index="0" bw="1" slack="1"/>
<pin id="2278" dir="0" index="1" bw="6" slack="0"/>
<pin id="2279" dir="0" index="2" bw="6" slack="0"/>
<pin id="2280" dir="1" index="3" bw="7" slack="0"/>
</pin_list>
<bind>
<opcode="select(49) " fcode="select"/>
<opset="select_ln228_57/6 "/>
</bind>
</comp>

<comp id="2283" class="1004" name="select_ln228_60_fu_2283">
<pin_list>
<pin id="2284" dir="0" index="0" bw="1" slack="1"/>
<pin id="2285" dir="0" index="1" bw="5" slack="0"/>
<pin id="2286" dir="0" index="2" bw="5" slack="0"/>
<pin id="2287" dir="1" index="3" bw="7" slack="0"/>
</pin_list>
<bind>
<opcode="select(49) " fcode="select"/>
<opset="select_ln228_60/6 "/>
</bind>
</comp>

<comp id="2290" class="1004" name="select_ln228_63_fu_2290">
<pin_list>
<pin id="2291" dir="0" index="0" bw="1" slack="1"/>
<pin id="2292" dir="0" index="1" bw="4" slack="0"/>
<pin id="2293" dir="0" index="2" bw="4" slack="0"/>
<pin id="2294" dir="1" index="3" bw="5" slack="0"/>
</pin_list>
<bind>
<opcode="select(49) " fcode="select"/>
<opset="select_ln228_63/6 "/>
</bind>
</comp>

<comp id="2297" class="1004" name="add_ln101_1_fu_2297">
<pin_list>
<pin id="2298" dir="0" index="0" bw="25" slack="0"/>
<pin id="2299" dir="0" index="1" bw="23" slack="0"/>
<pin id="2300" dir="1" index="2" bw="25" slack="0"/>
</pin_list>
<bind>
<opcode="add(8) " fcode="add"/>
<opset="add_ln101_1/6 "/>
</bind>
</comp>

<comp id="2303" class="1004" name="zext_ln101_fu_2303">
<pin_list>
<pin id="2304" dir="0" index="0" bw="25" slack="0"/>
<pin id="2305" dir="1" index="1" bw="26" slack="0"/>
</pin_list>
<bind>
<opcode="zext(34) " fcode="zext"/>
<opset="zext_ln101/6 "/>
</bind>
</comp>

<comp id="2307" class="1004" name="add_ln101_2_fu_2307">
<pin_list>
<pin id="2308" dir="0" index="0" bw="25" slack="0"/>
<pin id="2309" dir="0" index="1" bw="26" slack="0"/>
<pin id="2310" dir="1" index="2" bw="26" slack="0"/>
</pin_list>
<bind>
<opcode="add(8) " fcode="add"/>
<opset="add_ln101_2/6 "/>
</bind>
</comp>

<comp id="2313" class="1004" name="add_ln101_3_fu_2313">
<pin_list>
<pin id="2314" dir="0" index="0" bw="21" slack="0"/>
<pin id="2315" dir="0" index="1" bw="20" slack="0"/>
<pin id="2316" dir="1" index="2" bw="22" slack="0"/>
</pin_list>
<bind>
<opcode="add(8) " fcode="add"/>
<opset="add_ln101_3/6 "/>
</bind>
</comp>

<comp id="2319" class="1004" name="sext_ln101_fu_2319">
<pin_list>
<pin id="2320" dir="0" index="0" bw="22" slack="0"/>
<pin id="2321" dir="1" index="1" bw="23" slack="0"/>
</pin_list>
<bind>
<opcode="sext(35) " fcode="sext"/>
<opset="sext_ln101/6 "/>
</bind>
</comp>

<comp id="2323" class="1004" name="add_ln101_4_fu_2323">
<pin_list>
<pin id="2324" dir="0" index="0" bw="22" slack="0"/>
<pin id="2325" dir="0" index="1" bw="22" slack="0"/>
<pin id="2326" dir="1" index="2" bw="23" slack="0"/>
</pin_list>
<bind>
<opcode="add(8) " fcode="add"/>
<opset="add_ln101_4/6 "/>
</bind>
</comp>

<comp id="2329" class="1004" name="sext_ln101_1_fu_2329">
<pin_list>
<pin id="2330" dir="0" index="0" bw="23" slack="0"/>
<pin id="2331" dir="1" index="1" bw="26" slack="0"/>
</pin_list>
<bind>
<opcode="sext(35) " fcode="sext"/>
<opset="sext_ln101_1/6 "/>
</bind>
</comp>

<comp id="2333" class="1004" name="add_ln101_5_fu_2333">
<pin_list>
<pin id="2334" dir="0" index="0" bw="23" slack="0"/>
<pin id="2335" dir="0" index="1" bw="26" slack="0"/>
<pin id="2336" dir="1" index="2" bw="26" slack="0"/>
</pin_list>
<bind>
<opcode="add(8) " fcode="add"/>
<opset="add_ln101_5/6 "/>
</bind>
</comp>

<comp id="2339" class="1004" name="add_ln101_6_fu_2339">
<pin_list>
<pin id="2340" dir="0" index="0" bw="18" slack="0"/>
<pin id="2341" dir="0" index="1" bw="17" slack="0"/>
<pin id="2342" dir="1" index="2" bw="19" slack="0"/>
</pin_list>
<bind>
<opcode="add(8) " fcode="add"/>
<opset="add_ln101_6/6 "/>
</bind>
</comp>

<comp id="2345" class="1004" name="sext_ln101_2_fu_2345">
<pin_list>
<pin id="2346" dir="0" index="0" bw="19" slack="0"/>
<pin id="2347" dir="1" index="1" bw="20" slack="0"/>
</pin_list>
<bind>
<opcode="sext(35) " fcode="sext"/>
<opset="sext_ln101_2/6 "/>
</bind>
</comp>

<comp id="2349" class="1004" name="add_ln101_7_fu_2349">
<pin_list>
<pin id="2350" dir="0" index="0" bw="19" slack="0"/>
<pin id="2351" dir="0" index="1" bw="19" slack="0"/>
<pin id="2352" dir="1" index="2" bw="20" slack="0"/>
</pin_list>
<bind>
<opcode="add(8) " fcode="add"/>
<opset="add_ln101_7/6 "/>
</bind>
</comp>

<comp id="2355" class="1004" name="add_ln101_8_fu_2355">
<pin_list>
<pin id="2356" dir="0" index="0" bw="15" slack="0"/>
<pin id="2357" dir="0" index="1" bw="14" slack="0"/>
<pin id="2358" dir="1" index="2" bw="16" slack="0"/>
</pin_list>
<bind>
<opcode="add(8) " fcode="add"/>
<opset="add_ln101_8/6 "/>
</bind>
</comp>

<comp id="2361" class="1004" name="sext_ln101_3_fu_2361">
<pin_list>
<pin id="2362" dir="0" index="0" bw="16" slack="0"/>
<pin id="2363" dir="1" index="1" bw="17" slack="0"/>
</pin_list>
<bind>
<opcode="sext(35) " fcode="sext"/>
<opset="sext_ln101_3/6 "/>
</bind>
</comp>

<comp id="2365" class="1004" name="add_ln101_9_fu_2365">
<pin_list>
<pin id="2366" dir="0" index="0" bw="16" slack="0"/>
<pin id="2367" dir="0" index="1" bw="16" slack="0"/>
<pin id="2368" dir="1" index="2" bw="17" slack="0"/>
</pin_list>
<bind>
<opcode="add(8) " fcode="add"/>
<opset="add_ln101_9/6 "/>
</bind>
</comp>

<comp id="2371" class="1004" name="sext_ln101_4_fu_2371">
<pin_list>
<pin id="2372" dir="0" index="0" bw="17" slack="0"/>
<pin id="2373" dir="1" index="1" bw="20" slack="0"/>
</pin_list>
<bind>
<opcode="sext(35) " fcode="sext"/>
<opset="sext_ln101_4/6 "/>
</bind>
</comp>

<comp id="2375" class="1004" name="add_ln101_10_fu_2375">
<pin_list>
<pin id="2376" dir="0" index="0" bw="17" slack="0"/>
<pin id="2377" dir="0" index="1" bw="20" slack="0"/>
<pin id="2378" dir="1" index="2" bw="20" slack="0"/>
</pin_list>
<bind>
<opcode="add(8) " fcode="add"/>
<opset="add_ln101_10/6 "/>
</bind>
</comp>

<comp id="2381" class="1004" name="sext_ln101_5_fu_2381">
<pin_list>
<pin id="2382" dir="0" index="0" bw="20" slack="0"/>
<pin id="2383" dir="1" index="1" bw="26" slack="0"/>
</pin_list>
<bind>
<opcode="sext(35) " fcode="sext"/>
<opset="sext_ln101_5/6 "/>
</bind>
</comp>

<comp id="2385" class="1004" name="add_ln101_11_fu_2385">
<pin_list>
<pin id="2386" dir="0" index="0" bw="20" slack="0"/>
<pin id="2387" dir="0" index="1" bw="26" slack="0"/>
<pin id="2388" dir="1" index="2" bw="26" slack="0"/>
</pin_list>
<bind>
<opcode="add(8) " fcode="add"/>
<opset="add_ln101_11/6 "/>
</bind>
</comp>

<comp id="2391" class="1004" name="add_ln101_12_fu_2391">
<pin_list>
<pin id="2392" dir="0" index="0" bw="12" slack="0"/>
<pin id="2393" dir="0" index="1" bw="11" slack="0"/>
<pin id="2394" dir="1" index="2" bw="13" slack="0"/>
</pin_list>
<bind>
<opcode="add(8) " fcode="add"/>
<opset="add_ln101_12/6 "/>
</bind>
</comp>

<comp id="2397" class="1004" name="sext_ln101_6_fu_2397">
<pin_list>
<pin id="2398" dir="0" index="0" bw="13" slack="0"/>
<pin id="2399" dir="1" index="1" bw="14" slack="0"/>
</pin_list>
<bind>
<opcode="sext(35) " fcode="sext"/>
<opset="sext_ln101_6/6 "/>
</bind>
</comp>

<comp id="2401" class="1004" name="add_ln101_13_fu_2401">
<pin_list>
<pin id="2402" dir="0" index="0" bw="13" slack="0"/>
<pin id="2403" dir="0" index="1" bw="13" slack="0"/>
<pin id="2404" dir="1" index="2" bw="14" slack="0"/>
</pin_list>
<bind>
<opcode="add(8) " fcode="add"/>
<opset="add_ln101_13/6 "/>
</bind>
</comp>

<comp id="2407" class="1004" name="add_ln101_14_fu_2407">
<pin_list>
<pin id="2408" dir="0" index="0" bw="9" slack="0"/>
<pin id="2409" dir="0" index="1" bw="8" slack="0"/>
<pin id="2410" dir="1" index="2" bw="10" slack="0"/>
</pin_list>
<bind>
<opcode="add(8) " fcode="add"/>
<opset="add_ln101_14/6 "/>
</bind>
</comp>

<comp id="2413" class="1004" name="sext_ln101_7_fu_2413">
<pin_list>
<pin id="2414" dir="0" index="0" bw="10" slack="0"/>
<pin id="2415" dir="1" index="1" bw="11" slack="0"/>
</pin_list>
<bind>
<opcode="sext(35) " fcode="sext"/>
<opset="sext_ln101_7/6 "/>
</bind>
</comp>

<comp id="2417" class="1004" name="add_ln101_15_fu_2417">
<pin_list>
<pin id="2418" dir="0" index="0" bw="10" slack="0"/>
<pin id="2419" dir="0" index="1" bw="10" slack="0"/>
<pin id="2420" dir="1" index="2" bw="11" slack="0"/>
</pin_list>
<bind>
<opcode="add(8) " fcode="add"/>
<opset="add_ln101_15/6 "/>
</bind>
</comp>

<comp id="2423" class="1004" name="sext_ln101_8_fu_2423">
<pin_list>
<pin id="2424" dir="0" index="0" bw="11" slack="0"/>
<pin id="2425" dir="1" index="1" bw="14" slack="0"/>
</pin_list>
<bind>
<opcode="sext(35) " fcode="sext"/>
<opset="sext_ln101_8/6 "/>
</bind>
</comp>

<comp id="2427" class="1004" name="add_ln101_16_fu_2427">
<pin_list>
<pin id="2428" dir="0" index="0" bw="11" slack="0"/>
<pin id="2429" dir="0" index="1" bw="14" slack="0"/>
<pin id="2430" dir="1" index="2" bw="14" slack="0"/>
</pin_list>
<bind>
<opcode="add(8) " fcode="add"/>
<opset="add_ln101_16/6 "/>
</bind>
</comp>

<comp id="2433" class="1004" name="add_ln101_17_fu_2433">
<pin_list>
<pin id="2434" dir="0" index="0" bw="6" slack="0"/>
<pin id="2435" dir="0" index="1" bw="5" slack="0"/>
<pin id="2436" dir="1" index="2" bw="7" slack="0"/>
</pin_list>
<bind>
<opcode="add(8) " fcode="add"/>
<opset="add_ln101_17/6 "/>
</bind>
</comp>

<comp id="2439" class="1004" name="sext_ln101_9_fu_2439">
<pin_list>
<pin id="2440" dir="0" index="0" bw="7" slack="0"/>
<pin id="2441" dir="1" index="1" bw="8" slack="0"/>
</pin_list>
<bind>
<opcode="sext(35) " fcode="sext"/>
<opset="sext_ln101_9/6 "/>
</bind>
</comp>

<comp id="2443" class="1004" name="add_ln101_18_fu_2443">
<pin_list>
<pin id="2444" dir="0" index="0" bw="7" slack="0"/>
<pin id="2445" dir="0" index="1" bw="7" slack="0"/>
<pin id="2446" dir="1" index="2" bw="8" slack="0"/>
</pin_list>
<bind>
<opcode="add(8) " fcode="add"/>
<opset="add_ln101_18/6 "/>
</bind>
</comp>

<comp id="2449" class="1004" name="sext_ln101_10_fu_2449">
<pin_list>
<pin id="2450" dir="0" index="0" bw="4" slack="1"/>
<pin id="2451" dir="1" index="1" bw="5" slack="0"/>
</pin_list>
<bind>
<opcode="sext(35) " fcode="sext"/>
<opset="sext_ln101_10/6 "/>
</bind>
</comp>

<comp id="2452" class="1004" name="add_ln101_20_fu_2452">
<pin_list>
<pin id="2453" dir="0" index="0" bw="4" slack="0"/>
<pin id="2454" dir="0" index="1" bw="4" slack="0"/>
<pin id="2455" dir="1" index="2" bw="5" slack="0"/>
</pin_list>
<bind>
<opcode="add(8) " fcode="add"/>
<opset="add_ln101_20/6 "/>
</bind>
</comp>

<comp id="2458" class="1004" name="sext_ln101_11_fu_2458">
<pin_list>
<pin id="2459" dir="0" index="0" bw="5" slack="0"/>
<pin id="2460" dir="1" index="1" bw="8" slack="0"/>
</pin_list>
<bind>
<opcode="sext(35) " fcode="sext"/>
<opset="sext_ln101_11/6 "/>
</bind>
</comp>

<comp id="2462" class="1004" name="add_ln101_21_fu_2462">
<pin_list>
<pin id="2463" dir="0" index="0" bw="5" slack="0"/>
<pin id="2464" dir="0" index="1" bw="8" slack="0"/>
<pin id="2465" dir="1" index="2" bw="8" slack="0"/>
</pin_list>
<bind>
<opcode="add(8) " fcode="add"/>
<opset="add_ln101_21/6 "/>
</bind>
</comp>

<comp id="2468" class="1004" name="sext_ln101_12_fu_2468">
<pin_list>
<pin id="2469" dir="0" index="0" bw="8" slack="0"/>
<pin id="2470" dir="1" index="1" bw="14" slack="0"/>
</pin_list>
<bind>
<opcode="sext(35) " fcode="sext"/>
<opset="sext_ln101_12/6 "/>
</bind>
</comp>

<comp id="2472" class="1004" name="add_ln101_22_fu_2472">
<pin_list>
<pin id="2473" dir="0" index="0" bw="8" slack="0"/>
<pin id="2474" dir="0" index="1" bw="14" slack="0"/>
<pin id="2475" dir="1" index="2" bw="14" slack="0"/>
</pin_list>
<bind>
<opcode="add(8) " fcode="add"/>
<opset="add_ln101_22/6 "/>
</bind>
</comp>

<comp id="2478" class="1004" name="sext_ln101_13_fu_2478">
<pin_list>
<pin id="2479" dir="0" index="0" bw="14" slack="0"/>
<pin id="2480" dir="1" index="1" bw="26" slack="0"/>
</pin_list>
<bind>
<opcode="sext(35) " fcode="sext"/>
<opset="sext_ln101_13/6 "/>
</bind>
</comp>

<comp id="2482" class="1004" name="add_ln101_fu_2482">
<pin_list>
<pin id="2483" dir="0" index="0" bw="14" slack="0"/>
<pin id="2484" dir="0" index="1" bw="26" slack="0"/>
<pin id="2485" dir="1" index="2" bw="26" slack="0"/>
</pin_list>
<bind>
<opcode="add(8) " fcode="add"/>
<opset="add_ln101/6 "/>
</bind>
</comp>

<comp id="2488" class="1004" name="sext_ln703_2_fu_2488">
<pin_list>
<pin id="2489" dir="0" index="0" bw="26" slack="0"/>
<pin id="2490" dir="1" index="1" bw="27" slack="0"/>
</pin_list>
<bind>
<opcode="sext(35) " fcode="sext"/>
<opset="sext_ln703_2/6 "/>
</bind>
</comp>

<comp id="2492" class="1004" name="z_V_fu_2492">
<pin_list>
<pin id="2493" dir="0" index="0" bw="26" slack="0"/>
<pin id="2494" dir="0" index="1" bw="26" slack="0"/>
<pin id="2495" dir="1" index="2" bw="27" slack="0"/>
</pin_list>
<bind>
<opcode="sub(10) " fcode="sub"/>
<opset="z_V/6 "/>
</bind>
</comp>

<comp id="2498" class="1004" name="z_V_1_fu_2498">
<pin_list>
<pin id="2499" dir="0" index="0" bw="1" slack="5"/>
<pin id="2500" dir="0" index="1" bw="27" slack="0"/>
<pin id="2501" dir="0" index="2" bw="26" slack="0"/>
<pin id="2502" dir="1" index="3" bw="27" slack="0"/>
</pin_list>
<bind>
<opcode="select(49) " fcode="select"/>
<opset="z_V_1/6 "/>
</bind>
</comp>

<comp id="2505" class="1004" name="and_ln681_fu_2505">
<pin_list>
<pin id="2506" dir="0" index="0" bw="1" slack="5"/>
<pin id="2507" dir="0" index="1" bw="1" slack="5"/>
<pin id="2508" dir="1" index="2" bw="1" slack="0"/>
</pin_list>
<bind>
<opcode="and(23) " fcode="and"/>
<opset="and_ln681/6 "/>
</bind>
</comp>

<comp id="2509" class="1004" name="ret_V_fu_2509">
<pin_list>
<pin id="2510" dir="0" index="0" bw="27" slack="0"/>
<pin id="2511" dir="0" index="1" bw="27" slack="0"/>
<pin id="2512" dir="1" index="2" bw="27" slack="0"/>
</pin_list>
<bind>
<opcode="sub(10) " fcode="sub"/>
<opset="ret_V/6 "/>
</bind>
</comp>

<comp id="2515" class="1004" name="ret_V_20_fu_2515">
<pin_list>
<pin id="2516" dir="0" index="0" bw="27" slack="0"/>
<pin id="2517" dir="0" index="1" bw="27" slack="0"/>
<pin id="2518" dir="1" index="2" bw="27" slack="0"/>
</pin_list>
<bind>
<opcode="add(8) " fcode="add"/>
<opset="ret_V_20/6 "/>
</bind>
</comp>

<comp id="2521" class="1004" name="r_fu_2521">
<pin_list>
<pin id="2522" dir="0" index="0" bw="1" slack="0"/>
<pin id="2523" dir="0" index="1" bw="27" slack="0"/>
<pin id="2524" dir="1" index="2" bw="27" slack="0"/>
</pin_list>
<bind>
<opcode="sub(10) " fcode="sub"/>
<opset="r/6 "/>
</bind>
</comp>

<comp id="2527" class="1004" name="or_ln612_fu_2527">
<pin_list>
<pin id="2528" dir="0" index="0" bw="1" slack="0"/>
<pin id="2529" dir="0" index="1" bw="1" slack="0"/>
<pin id="2530" dir="1" index="2" bw="1" slack="0"/>
</pin_list>
<bind>
<opcode="or(24) " fcode="or"/>
<opset="or_ln612/6 "/>
</bind>
</comp>

<comp id="2533" class="1004" name="or_ln616_fu_2533">
<pin_list>
<pin id="2534" dir="0" index="0" bw="1" slack="0"/>
<pin id="2535" dir="0" index="1" bw="1" slack="0"/>
<pin id="2536" dir="1" index="2" bw="1" slack="0"/>
</pin_list>
<bind>
<opcode="or(24) " fcode="or"/>
<opset="or_ln616/6 "/>
</bind>
</comp>

<comp id="2539" class="1004" name="or_ln620_fu_2539">
<pin_list>
<pin id="2540" dir="0" index="0" bw="1" slack="0"/>
<pin id="2541" dir="0" index="1" bw="1" slack="0"/>
<pin id="2542" dir="1" index="2" bw="1" slack="0"/>
</pin_list>
<bind>
<opcode="or(24) " fcode="or"/>
<opset="or_ln620/6 "/>
</bind>
</comp>

<comp id="2545" class="1004" name="or_ln1498_fu_2545">
<pin_list>
<pin id="2546" dir="0" index="0" bw="1" slack="0"/>
<pin id="2547" dir="0" index="1" bw="1" slack="5"/>
<pin id="2548" dir="1" index="2" bw="1" slack="0"/>
</pin_list>
<bind>
<opcode="or(24) " fcode="or"/>
<opset="or_ln1498/6 "/>
</bind>
</comp>

<comp id="2550" class="1004" name="xor_ln1498_fu_2550">
<pin_list>
<pin id="2551" dir="0" index="0" bw="1" slack="0"/>
<pin id="2552" dir="0" index="1" bw="1" slack="0"/>
<pin id="2553" dir="1" index="2" bw="1" slack="0"/>
</pin_list>
<bind>
<opcode="xor(25) " fcode="xor"/>
<opset="xor_ln1498/6 "/>
</bind>
</comp>

<comp id="2556" class="1004" name="and_ln681_1_fu_2556">
<pin_list>
<pin id="2557" dir="0" index="0" bw="1" slack="0"/>
<pin id="2558" dir="0" index="1" bw="1" slack="0"/>
<pin id="2559" dir="1" index="2" bw="1" slack="0"/>
</pin_list>
<bind>
<opcode="and(23) " fcode="and"/>
<opset="and_ln681_1/6 "/>
</bind>
</comp>

<comp id="2562" class="1004" name="or_ln681_fu_2562">
<pin_list>
<pin id="2563" dir="0" index="0" bw="1" slack="0"/>
<pin id="2564" dir="0" index="1" bw="1" slack="0"/>
<pin id="2565" dir="1" index="2" bw="1" slack="0"/>
</pin_list>
<bind>
<opcode="or(24) " fcode="or"/>
<opset="or_ln681/6 "/>
</bind>
</comp>

<comp id="2568" class="1004" name="xor_ln681_fu_2568">
<pin_list>
<pin id="2569" dir="0" index="0" bw="1" slack="0"/>
<pin id="2570" dir="0" index="1" bw="1" slack="0"/>
<pin id="2571" dir="1" index="2" bw="1" slack="0"/>
</pin_list>
<bind>
<opcode="xor(25) " fcode="xor"/>
<opset="xor_ln681/6 "/>
</bind>
</comp>

<comp id="2574" class="1004" name="and_ln684_fu_2574">
<pin_list>
<pin id="2575" dir="0" index="0" bw="1" slack="5"/>
<pin id="2576" dir="0" index="1" bw="1" slack="0"/>
<pin id="2577" dir="1" index="2" bw="1" slack="0"/>
</pin_list>
<bind>
<opcode="and(23) " fcode="and"/>
<opset="and_ln684/6 "/>
</bind>
</comp>

<comp id="2579" class="1004" name="or_ln684_1_fu_2579">
<pin_list>
<pin id="2580" dir="0" index="0" bw="1" slack="0"/>
<pin id="2581" dir="0" index="1" bw="1" slack="5"/>
<pin id="2582" dir="1" index="2" bw="1" slack="0"/>
</pin_list>
<bind>
<opcode="or(24) " fcode="or"/>
<opset="or_ln684_1/6 "/>
</bind>
</comp>

<comp id="2584" class="1004" name="xor_ln684_fu_2584">
<pin_list>
<pin id="2585" dir="0" index="0" bw="1" slack="0"/>
<pin id="2586" dir="0" index="1" bw="1" slack="0"/>
<pin id="2587" dir="1" index="2" bw="1" slack="0"/>
</pin_list>
<bind>
<opcode="xor(25) " fcode="xor"/>
<opset="xor_ln684/6 "/>
</bind>
</comp>

<comp id="2590" class="1004" name="and_ln687_fu_2590">
<pin_list>
<pin id="2591" dir="0" index="0" bw="1" slack="5"/>
<pin id="2592" dir="0" index="1" bw="1" slack="0"/>
<pin id="2593" dir="1" index="2" bw="1" slack="0"/>
</pin_list>
<bind>
<opcode="and(23) " fcode="and"/>
<opset="and_ln687/6 "/>
</bind>
</comp>

<comp id="2595" class="1004" name="and_ln687_1_fu_2595">
<pin_list>
<pin id="2596" dir="0" index="0" bw="1" slack="0"/>
<pin id="2597" dir="0" index="1" bw="1" slack="5"/>
<pin id="2598" dir="1" index="2" bw="1" slack="0"/>
</pin_list>
<bind>
<opcode="and(23) " fcode="and"/>
<opset="and_ln687_1/6 "/>
</bind>
</comp>

<comp id="2600" class="1004" name="tmp_46_fu_2600">
<pin_list>
<pin id="2601" dir="0" index="0" bw="20" slack="0"/>
<pin id="2602" dir="0" index="1" bw="27" slack="0"/>
<pin id="2603" dir="0" index="2" bw="4" slack="0"/>
<pin id="2604" dir="0" index="3" bw="6" slack="0"/>
<pin id="2605" dir="1" index="4" bw="20" slack="0"/>
</pin_list>
<bind>
<opcode="partselect(1002) " fcode="partselect"/>
<opset="tmp_46/6 "/>
</bind>
</comp>

<comp id="2610" class="1004" name="tmp_47_fu_2610">
<pin_list>
<pin id="2611" dir="0" index="0" bw="20" slack="0"/>
<pin id="2612" dir="0" index="1" bw="27" slack="0"/>
<pin id="2613" dir="0" index="2" bw="4" slack="0"/>
<pin id="2614" dir="0" index="3" bw="6" slack="0"/>
<pin id="2615" dir="1" index="4" bw="20" slack="0"/>
</pin_list>
<bind>
<opcode="partselect(1002) " fcode="partselect"/>
<opset="tmp_47/6 "/>
</bind>
</comp>

<comp id="2620" class="1004" name="tmp_48_fu_2620">
<pin_list>
<pin id="2621" dir="0" index="0" bw="20" slack="0"/>
<pin id="2622" dir="0" index="1" bw="27" slack="0"/>
<pin id="2623" dir="0" index="2" bw="4" slack="0"/>
<pin id="2624" dir="0" index="3" bw="6" slack="0"/>
<pin id="2625" dir="1" index="4" bw="20" slack="0"/>
</pin_list>
<bind>
<opcode="partselect(1002) " fcode="partselect"/>
<opset="tmp_48/6 "/>
</bind>
</comp>

<comp id="2630" class="1004" name="tmp_49_fu_2630">
<pin_list>
<pin id="2631" dir="0" index="0" bw="20" slack="0"/>
<pin id="2632" dir="0" index="1" bw="27" slack="0"/>
<pin id="2633" dir="0" index="2" bw="4" slack="0"/>
<pin id="2634" dir="0" index="3" bw="6" slack="0"/>
<pin id="2635" dir="1" index="4" bw="20" slack="0"/>
</pin_list>
<bind>
<opcode="partselect(1002) " fcode="partselect"/>
<opset="tmp_49/6 "/>
</bind>
</comp>

<comp id="2640" class="1004" name="select_ln681_fu_2640">
<pin_list>
<pin id="2641" dir="0" index="0" bw="1" slack="0"/>
<pin id="2642" dir="0" index="1" bw="20" slack="0"/>
<pin id="2643" dir="0" index="2" bw="20" slack="0"/>
<pin id="2644" dir="1" index="3" bw="20" slack="0"/>
</pin_list>
<bind>
<opcode="select(49) " fcode="select"/>
<opset="select_ln681/6 "/>
</bind>
</comp>

<comp id="2648" class="1004" name="select_ln684_fu_2648">
<pin_list>
<pin id="2649" dir="0" index="0" bw="1" slack="0"/>
<pin id="2650" dir="0" index="1" bw="20" slack="0"/>
<pin id="2651" dir="0" index="2" bw="20" slack="0"/>
<pin id="2652" dir="1" index="3" bw="20" slack="0"/>
</pin_list>
<bind>
<opcode="select(49) " fcode="select"/>
<opset="select_ln684/6 "/>
</bind>
</comp>

<comp id="2656" class="1004" name="out_V_fu_2656">
<pin_list>
<pin id="2657" dir="0" index="0" bw="1" slack="0"/>
<pin id="2658" dir="0" index="1" bw="20" slack="0"/>
<pin id="2659" dir="0" index="2" bw="20" slack="0"/>
<pin id="2660" dir="1" index="3" bw="20" slack="0"/>
</pin_list>
<bind>
<opcode="select(49) " fcode="select"/>
<opset="out_V/6 "/>
</bind>
</comp>

<comp id="2664" class="1004" name="xor_ln620_fu_2664">
<pin_list>
<pin id="2665" dir="0" index="0" bw="1" slack="0"/>
<pin id="2666" dir="0" index="1" bw="1" slack="0"/>
<pin id="2667" dir="1" index="2" bw="1" slack="0"/>
</pin_list>
<bind>
<opcode="xor(25) " fcode="xor"/>
<opset="xor_ln620/6 "/>
</bind>
</comp>

<comp id="2670" class="1004" name="and_ln1498_fu_2670">
<pin_list>
<pin id="2671" dir="0" index="0" bw="1" slack="5"/>
<pin id="2672" dir="0" index="1" bw="1" slack="0"/>
<pin id="2673" dir="1" index="2" bw="1" slack="0"/>
</pin_list>
<bind>
<opcode="and(23) " fcode="and"/>
<opset="and_ln1498/6 "/>
</bind>
</comp>

<comp id="2675" class="1004" name="xor_ln1494_fu_2675">
<pin_list>
<pin id="2676" dir="0" index="0" bw="1" slack="5"/>
<pin id="2677" dir="0" index="1" bw="1" slack="0"/>
<pin id="2678" dir="1" index="2" bw="1" slack="0"/>
</pin_list>
<bind>
<opcode="xor(25) " fcode="xor"/>
<opset="xor_ln1494/6 "/>
</bind>
</comp>

<comp id="2680" class="1004" name="and_ln1494_fu_2680">
<pin_list>
<pin id="2681" dir="0" index="0" bw="1" slack="0"/>
<pin id="2682" dir="0" index="1" bw="1" slack="0"/>
<pin id="2683" dir="1" index="2" bw="1" slack="0"/>
</pin_list>
<bind>
<opcode="and(23) " fcode="and"/>
<opset="and_ln1494/6 "/>
</bind>
</comp>

<comp id="2686" class="1004" name="out_V_1_fu_2686">
<pin_list>
<pin id="2687" dir="0" index="0" bw="1" slack="0"/>
<pin id="2688" dir="0" index="1" bw="20" slack="0"/>
<pin id="2689" dir="0" index="2" bw="20" slack="0"/>
<pin id="2690" dir="1" index="3" bw="20" slack="0"/>
</pin_list>
<bind>
<opcode="select(49) " fcode="select"/>
<opset="out_V_1/6 "/>
</bind>
</comp>

<comp id="2694" class="1004" name="out_V_2_fu_2694">
<pin_list>
<pin id="2695" dir="0" index="0" bw="1" slack="0"/>
<pin id="2696" dir="0" index="1" bw="1" slack="0"/>
<pin id="2697" dir="0" index="2" bw="20" slack="0"/>
<pin id="2698" dir="1" index="3" bw="20" slack="0"/>
</pin_list>
<bind>
<opcode="select(49) " fcode="select"/>
<opset="out_V_2/6 "/>
</bind>
</comp>

<comp id="2702" class="1004" name="xor_ln608_fu_2702">
<pin_list>
<pin id="2703" dir="0" index="0" bw="1" slack="0"/>
<pin id="2704" dir="0" index="1" bw="1" slack="0"/>
<pin id="2705" dir="1" index="2" bw="1" slack="0"/>
</pin_list>
<bind>
<opcode="xor(25) " fcode="xor"/>
<opset="xor_ln608/6 "/>
</bind>
</comp>

<comp id="2708" class="1004" name="and_ln612_1_fu_2708">
<pin_list>
<pin id="2709" dir="0" index="0" bw="1" slack="0"/>
<pin id="2710" dir="0" index="1" bw="1" slack="0"/>
<pin id="2711" dir="1" index="2" bw="1" slack="0"/>
</pin_list>
<bind>
<opcode="and(23) " fcode="and"/>
<opset="and_ln612_1/6 "/>
</bind>
</comp>

<comp id="2714" class="1004" name="xor_ln612_fu_2714">
<pin_list>
<pin id="2715" dir="0" index="0" bw="1" slack="0"/>
<pin id="2716" dir="0" index="1" bw="1" slack="0"/>
<pin id="2717" dir="1" index="2" bw="1" slack="0"/>
</pin_list>
<bind>
<opcode="xor(25) " fcode="xor"/>
<opset="xor_ln612/6 "/>
</bind>
</comp>

<comp id="2720" class="1004" name="and_ln616_1_fu_2720">
<pin_list>
<pin id="2721" dir="0" index="0" bw="1" slack="0"/>
<pin id="2722" dir="0" index="1" bw="1" slack="0"/>
<pin id="2723" dir="1" index="2" bw="1" slack="0"/>
</pin_list>
<bind>
<opcode="and(23) " fcode="and"/>
<opset="and_ln616_1/6 "/>
</bind>
</comp>

<comp id="2726" class="1004" name="select_ln616_fu_2726">
<pin_list>
<pin id="2727" dir="0" index="0" bw="1" slack="0"/>
<pin id="2728" dir="0" index="1" bw="19" slack="0"/>
<pin id="2729" dir="0" index="2" bw="20" slack="0"/>
<pin id="2730" dir="1" index="3" bw="20" slack="0"/>
</pin_list>
<bind>
<opcode="select(49) " fcode="select"/>
<opset="select_ln616/6 "/>
</bind>
</comp>

<comp id="2734" class="1004" name="or_ln616_1_fu_2734">
<pin_list>
<pin id="2735" dir="0" index="0" bw="1" slack="0"/>
<pin id="2736" dir="0" index="1" bw="1" slack="0"/>
<pin id="2737" dir="1" index="2" bw="1" slack="0"/>
</pin_list>
<bind>
<opcode="or(24) " fcode="or"/>
<opset="or_ln616_1/6 "/>
</bind>
</comp>

<comp id="2740" class="1004" name="out_V_3_fu_2740">
<pin_list>
<pin id="2741" dir="0" index="0" bw="1" slack="0"/>
<pin id="2742" dir="0" index="1" bw="20" slack="0"/>
<pin id="2743" dir="0" index="2" bw="20" slack="0"/>
<pin id="2744" dir="1" index="3" bw="20" slack="1"/>
</pin_list>
<bind>
<opcode="select(49) " fcode="select"/>
<opset="out_V_3/6 "/>
</bind>
</comp>

<comp id="2748" class="1004" name="and_ln1494_1_fu_2748">
<pin_list>
<pin id="2749" dir="0" index="0" bw="1" slack="0"/>
<pin id="2750" dir="0" index="1" bw="1" slack="5"/>
<pin id="2751" dir="1" index="2" bw="1" slack="1"/>
</pin_list>
<bind>
<opcode="and(23) " fcode="and"/>
<opset="and_ln1494_1/6 "/>
</bind>
</comp>

<comp id="2753" class="1004" name="xor_ln616_fu_2753">
<pin_list>
<pin id="2754" dir="0" index="0" bw="1" slack="1"/>
<pin id="2755" dir="0" index="1" bw="1" slack="0"/>
<pin id="2756" dir="1" index="2" bw="1" slack="0"/>
</pin_list>
<bind>
<opcode="xor(25) " fcode="xor"/>
<opset="xor_ln616/7 "/>
</bind>
</comp>

<comp id="2758" class="1004" name="and_ln620_1_fu_2758">
<pin_list>
<pin id="2759" dir="0" index="0" bw="1" slack="1"/>
<pin id="2760" dir="0" index="1" bw="1" slack="0"/>
<pin id="2761" dir="1" index="2" bw="1" slack="0"/>
</pin_list>
<bind>
<opcode="and(23) " fcode="and"/>
<opset="and_ln620_1/7 "/>
</bind>
</comp>

<comp id="2763" class="1004" name="select_ln1494_fu_2763">
<pin_list>
<pin id="2764" dir="0" index="0" bw="1" slack="1"/>
<pin id="2765" dir="0" index="1" bw="18" slack="0"/>
<pin id="2766" dir="0" index="2" bw="19" slack="0"/>
<pin id="2767" dir="1" index="3" bw="20" slack="0"/>
</pin_list>
<bind>
<opcode="select(49) " fcode="select"/>
<opset="select_ln1494/7 "/>
</bind>
</comp>

<comp id="2770" class="1004" name="or_ln1494_fu_2770">
<pin_list>
<pin id="2771" dir="0" index="0" bw="1" slack="1"/>
<pin id="2772" dir="0" index="1" bw="1" slack="0"/>
<pin id="2773" dir="1" index="2" bw="1" slack="0"/>
</pin_list>
<bind>
<opcode="or(24) " fcode="or"/>
<opset="or_ln1494/7 "/>
</bind>
</comp>

<comp id="2775" class="1004" name="out_V_4_fu_2775">
<pin_list>
<pin id="2776" dir="0" index="0" bw="1" slack="0"/>
<pin id="2777" dir="0" index="1" bw="19" slack="0"/>
<pin id="2778" dir="0" index="2" bw="20" slack="1"/>
<pin id="2779" dir="1" index="3" bw="20" slack="2147483647"/>
</pin_list>
<bind>
<opcode="select(49) " fcode="select"/>
<opset="out_V_4/7 "/>
</bind>
</comp>

<comp id="2782" class="1005" name="icmp_ln1494_reg_2782">
<pin_list>
<pin id="2783" dir="0" index="0" bw="1" slack="5"/>
<pin id="2784" dir="1" index="1" bw="1" slack="5"/>
</pin_list>
<bind>
<opset="icmp_ln1494 "/>
</bind>
</comp>

<comp id="2790" class="1005" name="icmp_ln1494_1_reg_2790">
<pin_list>
<pin id="2791" dir="0" index="0" bw="1" slack="5"/>
<pin id="2792" dir="1" index="1" bw="1" slack="5"/>
</pin_list>
<bind>
<opset="icmp_ln1494_1 "/>
</bind>
</comp>

<comp id="2796" class="1005" name="icmp_ln870_reg_2796">
<pin_list>
<pin id="2797" dir="0" index="0" bw="1" slack="5"/>
<pin id="2798" dir="1" index="1" bw="1" slack="5"/>
</pin_list>
<bind>
<opset="icmp_ln870 "/>
</bind>
</comp>

<comp id="2803" class="1005" name="icmp_ln870_4_reg_2803">
<pin_list>
<pin id="2804" dir="0" index="0" bw="1" slack="5"/>
<pin id="2805" dir="1" index="1" bw="1" slack="5"/>
</pin_list>
<bind>
<opset="icmp_ln870_4 "/>
</bind>
</comp>

<comp id="2809" class="1005" name="icmp_ln870_5_reg_2809">
<pin_list>
<pin id="2810" dir="0" index="0" bw="1" slack="5"/>
<pin id="2811" dir="1" index="1" bw="1" slack="5"/>
</pin_list>
<bind>
<opset="icmp_ln870_5 "/>
</bind>
</comp>

<comp id="2815" class="1005" name="icmp_ln870_6_reg_2815">
<pin_list>
<pin id="2816" dir="0" index="0" bw="1" slack="5"/>
<pin id="2817" dir="1" index="1" bw="1" slack="5"/>
</pin_list>
<bind>
<opset="icmp_ln870_6 "/>
</bind>
</comp>

<comp id="2821" class="1005" name="icmp_ln1498_2_reg_2821">
<pin_list>
<pin id="2822" dir="0" index="0" bw="1" slack="5"/>
<pin id="2823" dir="1" index="1" bw="1" slack="5"/>
</pin_list>
<bind>
<opset="icmp_ln1498_2 "/>
</bind>
</comp>

<comp id="2827" class="1005" name="icmp_ln1494_2_reg_2827">
<pin_list>
<pin id="2828" dir="0" index="0" bw="1" slack="5"/>
<pin id="2829" dir="1" index="1" bw="1" slack="5"/>
</pin_list>
<bind>
<opset="icmp_ln1494_2 "/>
</bind>
</comp>

<comp id="2832" class="1005" name="tmp_52_reg_2832">
<pin_list>
<pin id="2833" dir="0" index="0" bw="1" slack="5"/>
<pin id="2834" dir="1" index="1" bw="1" slack="5"/>
</pin_list>
<bind>
<opset="tmp_52 "/>
</bind>
</comp>

<comp id="2837" class="1005" name="tmp_53_reg_2837">
<pin_list>
<pin id="2838" dir="0" index="0" bw="1" slack="5"/>
<pin id="2839" dir="1" index="1" bw="1" slack="5"/>
</pin_list>
<bind>
<opset="tmp_53 "/>
</bind>
</comp>

<comp id="2842" class="1005" name="tmp_54_reg_2842">
<pin_list>
<pin id="2843" dir="0" index="0" bw="1" slack="5"/>
<pin id="2844" dir="1" index="1" bw="1" slack="5"/>
</pin_list>
<bind>
<opset="tmp_54 "/>
</bind>
</comp>

<comp id="2847" class="1005" name="select_ln228_7_reg_2847">
<pin_list>
<pin id="2848" dir="0" index="0" bw="27" slack="1"/>
<pin id="2849" dir="1" index="1" bw="27" slack="1"/>
</pin_list>
<bind>
<opset="select_ln228_7 "/>
</bind>
</comp>

<comp id="2853" class="1005" name="select_ln228_8_reg_2853">
<pin_list>
<pin id="2854" dir="0" index="0" bw="27" slack="1"/>
<pin id="2855" dir="1" index="1" bw="27" slack="1"/>
</pin_list>
<bind>
<opset="select_ln228_8 "/>
</bind>
</comp>

<comp id="2859" class="1005" name="tmp_55_reg_2859">
<pin_list>
<pin id="2860" dir="0" index="0" bw="1" slack="1"/>
<pin id="2861" dir="1" index="1" bw="1" slack="1"/>
</pin_list>
<bind>
<opset="tmp_55 "/>
</bind>
</comp>

<comp id="2866" class="1005" name="trunc_ln1333_4_reg_2866">
<pin_list>
<pin id="2867" dir="0" index="0" bw="24" slack="1"/>
<pin id="2868" dir="1" index="1" bw="24" slack="1"/>
</pin_list>
<bind>
<opset="trunc_ln1333_4 "/>
</bind>
</comp>

<comp id="2871" class="1005" name="trunc_ln1333_5_reg_2871">
<pin_list>
<pin id="2872" dir="0" index="0" bw="24" slack="1"/>
<pin id="2873" dir="1" index="1" bw="24" slack="1"/>
</pin_list>
<bind>
<opset="trunc_ln1333_5 "/>
</bind>
</comp>

<comp id="2876" class="1005" name="icmp_ln684_reg_2876">
<pin_list>
<pin id="2877" dir="0" index="0" bw="1" slack="5"/>
<pin id="2878" dir="1" index="1" bw="1" slack="5"/>
</pin_list>
<bind>
<opset="icmp_ln684 "/>
</bind>
</comp>

<comp id="2882" class="1005" name="tmp_56_reg_2882">
<pin_list>
<pin id="2883" dir="0" index="0" bw="1" slack="4"/>
<pin id="2884" dir="1" index="1" bw="1" slack="4"/>
</pin_list>
<bind>
<opset="tmp_56 "/>
</bind>
</comp>

<comp id="2887" class="1005" name="tmp_57_reg_2887">
<pin_list>
<pin id="2888" dir="0" index="0" bw="1" slack="4"/>
<pin id="2889" dir="1" index="1" bw="1" slack="4"/>
</pin_list>
<bind>
<opset="tmp_57 "/>
</bind>
</comp>

<comp id="2892" class="1005" name="tmp_59_reg_2892">
<pin_list>
<pin id="2893" dir="0" index="0" bw="1" slack="4"/>
<pin id="2894" dir="1" index="1" bw="1" slack="4"/>
</pin_list>
<bind>
<opset="tmp_59 "/>
</bind>
</comp>

<comp id="2897" class="1005" name="tmp_60_reg_2897">
<pin_list>
<pin id="2898" dir="0" index="0" bw="1" slack="4"/>
<pin id="2899" dir="1" index="1" bw="1" slack="4"/>
</pin_list>
<bind>
<opset="tmp_60 "/>
</bind>
</comp>

<comp id="2902" class="1005" name="select_ln228_22_reg_2902">
<pin_list>
<pin id="2903" dir="0" index="0" bw="27" slack="1"/>
<pin id="2904" dir="1" index="1" bw="27" slack="1"/>
</pin_list>
<bind>
<opset="select_ln228_22 "/>
</bind>
</comp>

<comp id="2908" class="1005" name="select_ln228_23_reg_2908">
<pin_list>
<pin id="2909" dir="0" index="0" bw="27" slack="1"/>
<pin id="2910" dir="1" index="1" bw="27" slack="1"/>
</pin_list>
<bind>
<opset="select_ln228_23 "/>
</bind>
</comp>

<comp id="2914" class="1005" name="tmp_65_reg_2914">
<pin_list>
<pin id="2915" dir="0" index="0" bw="1" slack="1"/>
<pin id="2916" dir="1" index="1" bw="1" slack="1"/>
</pin_list>
<bind>
<opset="tmp_65 "/>
</bind>
</comp>

<comp id="2921" class="1005" name="trunc_ln1333_13_reg_2921">
<pin_list>
<pin id="2922" dir="0" index="0" bw="19" slack="1"/>
<pin id="2923" dir="1" index="1" bw="19" slack="1"/>
</pin_list>
<bind>
<opset="trunc_ln1333_13 "/>
</bind>
</comp>

<comp id="2926" class="1005" name="trunc_ln1333_14_reg_2926">
<pin_list>
<pin id="2927" dir="0" index="0" bw="19" slack="1"/>
<pin id="2928" dir="1" index="1" bw="19" slack="1"/>
</pin_list>
<bind>
<opset="trunc_ln1333_14 "/>
</bind>
</comp>

<comp id="2931" class="1005" name="tmp_66_reg_2931">
<pin_list>
<pin id="2932" dir="0" index="0" bw="1" slack="3"/>
<pin id="2933" dir="1" index="1" bw="1" slack="3"/>
</pin_list>
<bind>
<opset="tmp_66 "/>
</bind>
</comp>

<comp id="2936" class="1005" name="tmp_67_reg_2936">
<pin_list>
<pin id="2937" dir="0" index="0" bw="1" slack="3"/>
<pin id="2938" dir="1" index="1" bw="1" slack="3"/>
</pin_list>
<bind>
<opset="tmp_67 "/>
</bind>
</comp>

<comp id="2941" class="1005" name="tmp_68_reg_2941">
<pin_list>
<pin id="2942" dir="0" index="0" bw="1" slack="3"/>
<pin id="2943" dir="1" index="1" bw="1" slack="3"/>
</pin_list>
<bind>
<opset="tmp_68 "/>
</bind>
</comp>

<comp id="2946" class="1005" name="tmp_69_reg_2946">
<pin_list>
<pin id="2947" dir="0" index="0" bw="1" slack="3"/>
<pin id="2948" dir="1" index="1" bw="1" slack="3"/>
</pin_list>
<bind>
<opset="tmp_69 "/>
</bind>
</comp>

<comp id="2951" class="1005" name="select_ln228_37_reg_2951">
<pin_list>
<pin id="2952" dir="0" index="0" bw="27" slack="1"/>
<pin id="2953" dir="1" index="1" bw="27" slack="1"/>
</pin_list>
<bind>
<opset="select_ln228_37 "/>
</bind>
</comp>

<comp id="2957" class="1005" name="select_ln228_38_reg_2957">
<pin_list>
<pin id="2958" dir="0" index="0" bw="27" slack="1"/>
<pin id="2959" dir="1" index="1" bw="27" slack="1"/>
</pin_list>
<bind>
<opset="select_ln228_38 "/>
</bind>
</comp>

<comp id="2963" class="1005" name="tmp_70_reg_2963">
<pin_list>
<pin id="2964" dir="0" index="0" bw="1" slack="1"/>
<pin id="2965" dir="1" index="1" bw="1" slack="1"/>
</pin_list>
<bind>
<opset="tmp_70 "/>
</bind>
</comp>

<comp id="2970" class="1005" name="trunc_ln1333_23_reg_2970">
<pin_list>
<pin id="2971" dir="0" index="0" bw="14" slack="1"/>
<pin id="2972" dir="1" index="1" bw="14" slack="1"/>
</pin_list>
<bind>
<opset="trunc_ln1333_23 "/>
</bind>
</comp>

<comp id="2975" class="1005" name="trunc_ln1333_24_reg_2975">
<pin_list>
<pin id="2976" dir="0" index="0" bw="14" slack="1"/>
<pin id="2977" dir="1" index="1" bw="14" slack="1"/>
</pin_list>
<bind>
<opset="trunc_ln1333_24 "/>
</bind>
</comp>

<comp id="2980" class="1005" name="tmp_71_reg_2980">
<pin_list>
<pin id="2981" dir="0" index="0" bw="1" slack="2"/>
<pin id="2982" dir="1" index="1" bw="1" slack="2"/>
</pin_list>
<bind>
<opset="tmp_71 "/>
</bind>
</comp>

<comp id="2985" class="1005" name="tmp_72_reg_2985">
<pin_list>
<pin id="2986" dir="0" index="0" bw="1" slack="2"/>
<pin id="2987" dir="1" index="1" bw="1" slack="2"/>
</pin_list>
<bind>
<opset="tmp_72 "/>
</bind>
</comp>

<comp id="2990" class="1005" name="tmp_73_reg_2990">
<pin_list>
<pin id="2991" dir="0" index="0" bw="1" slack="2"/>
<pin id="2992" dir="1" index="1" bw="1" slack="2"/>
</pin_list>
<bind>
<opset="tmp_73 "/>
</bind>
</comp>

<comp id="2995" class="1005" name="tmp_74_reg_2995">
<pin_list>
<pin id="2996" dir="0" index="0" bw="1" slack="2"/>
<pin id="2997" dir="1" index="1" bw="1" slack="2"/>
</pin_list>
<bind>
<opset="tmp_74 "/>
</bind>
</comp>

<comp id="3000" class="1005" name="select_ln228_52_reg_3000">
<pin_list>
<pin id="3001" dir="0" index="0" bw="27" slack="1"/>
<pin id="3002" dir="1" index="1" bw="27" slack="1"/>
</pin_list>
<bind>
<opset="select_ln228_52 "/>
</bind>
</comp>

<comp id="3006" class="1005" name="select_ln228_53_reg_3006">
<pin_list>
<pin id="3007" dir="0" index="0" bw="27" slack="1"/>
<pin id="3008" dir="1" index="1" bw="27" slack="1"/>
</pin_list>
<bind>
<opset="select_ln228_53 "/>
</bind>
</comp>

<comp id="3012" class="1005" name="tmp_75_reg_3012">
<pin_list>
<pin id="3013" dir="0" index="0" bw="1" slack="1"/>
<pin id="3014" dir="1" index="1" bw="1" slack="1"/>
</pin_list>
<bind>
<opset="tmp_75 "/>
</bind>
</comp>

<comp id="3019" class="1005" name="trunc_ln1333_33_reg_3019">
<pin_list>
<pin id="3020" dir="0" index="0" bw="9" slack="1"/>
<pin id="3021" dir="1" index="1" bw="9" slack="1"/>
</pin_list>
<bind>
<opset="trunc_ln1333_33 "/>
</bind>
</comp>

<comp id="3024" class="1005" name="trunc_ln1333_34_reg_3024">
<pin_list>
<pin id="3025" dir="0" index="0" bw="9" slack="1"/>
<pin id="3026" dir="1" index="1" bw="9" slack="1"/>
</pin_list>
<bind>
<opset="trunc_ln1333_34 "/>
</bind>
</comp>

<comp id="3029" class="1005" name="tmp_76_reg_3029">
<pin_list>
<pin id="3030" dir="0" index="0" bw="1" slack="1"/>
<pin id="3031" dir="1" index="1" bw="1" slack="1"/>
</pin_list>
<bind>
<opset="tmp_76 "/>
</bind>
</comp>

<comp id="3034" class="1005" name="tmp_77_reg_3034">
<pin_list>
<pin id="3035" dir="0" index="0" bw="1" slack="1"/>
<pin id="3036" dir="1" index="1" bw="1" slack="1"/>
</pin_list>
<bind>
<opset="tmp_77 "/>
</bind>
</comp>

<comp id="3039" class="1005" name="tmp_78_reg_3039">
<pin_list>
<pin id="3040" dir="0" index="0" bw="1" slack="1"/>
<pin id="3041" dir="1" index="1" bw="1" slack="1"/>
</pin_list>
<bind>
<opset="tmp_78 "/>
</bind>
</comp>

<comp id="3044" class="1005" name="add_ln101_19_reg_3044">
<pin_list>
<pin id="3045" dir="0" index="0" bw="4" slack="1"/>
<pin id="3046" dir="1" index="1" bw="4" slack="1"/>
</pin_list>
<bind>
<opset="add_ln101_19 "/>
</bind>
</comp>

<comp id="3049" class="1005" name="and_ln620_reg_3049">
<pin_list>
<pin id="3050" dir="0" index="0" bw="1" slack="1"/>
<pin id="3051" dir="1" index="1" bw="1" slack="1"/>
</pin_list>
<bind>
<opset="and_ln620 "/>
</bind>
</comp>

<comp id="3054" class="1005" name="or_ln616_reg_3054">
<pin_list>
<pin id="3055" dir="0" index="0" bw="1" slack="1"/>
<pin id="3056" dir="1" index="1" bw="1" slack="1"/>
</pin_list>
<bind>
<opset="or_ln616 "/>
</bind>
</comp>

<comp id="3059" class="1005" name="out_V_3_reg_3059">
<pin_list>
<pin id="3060" dir="0" index="0" bw="20" slack="1"/>
<pin id="3061" dir="1" index="1" bw="20" slack="1"/>
</pin_list>
<bind>
<opset="out_V_3 "/>
</bind>
</comp>

<comp id="3064" class="1005" name="and_ln1494_1_reg_3064">
<pin_list>
<pin id="3065" dir="0" index="0" bw="1" slack="1"/>
<pin id="3066" dir="1" index="1" bw="1" slack="1"/>
</pin_list>
<bind>
<opset="and_ln1494_1 "/>
</bind>
</comp>

</comp_list>

<net_list>
<net id="236"><net_src comp="4" pin="0"/><net_sink comp="232" pin=0"/></net>

<net id="237"><net_src comp="2" pin="0"/><net_sink comp="232" pin=1"/></net>

<net id="242"><net_src comp="4" pin="0"/><net_sink comp="238" pin=0"/></net>

<net id="243"><net_src comp="0" pin="0"/><net_sink comp="238" pin=1"/></net>

<net id="248"><net_src comp="238" pin="2"/><net_sink comp="244" pin=0"/></net>

<net id="249"><net_src comp="6" pin="0"/><net_sink comp="244" pin=1"/></net>

<net id="254"><net_src comp="238" pin="2"/><net_sink comp="250" pin=0"/></net>

<net id="255"><net_src comp="6" pin="0"/><net_sink comp="250" pin=1"/></net>

<net id="259"><net_src comp="250" pin="2"/><net_sink comp="256" pin=0"/></net>

<net id="265"><net_src comp="244" pin="2"/><net_sink comp="260" pin=0"/></net>

<net id="266"><net_src comp="8" pin="0"/><net_sink comp="260" pin=1"/></net>

<net id="267"><net_src comp="256" pin="1"/><net_sink comp="260" pin=2"/></net>

<net id="272"><net_src comp="232" pin="2"/><net_sink comp="268" pin=0"/></net>

<net id="273"><net_src comp="6" pin="0"/><net_sink comp="268" pin=1"/></net>

<net id="278"><net_src comp="232" pin="2"/><net_sink comp="274" pin=0"/></net>

<net id="279"><net_src comp="6" pin="0"/><net_sink comp="274" pin=1"/></net>

<net id="283"><net_src comp="274" pin="2"/><net_sink comp="280" pin=0"/></net>

<net id="289"><net_src comp="268" pin="2"/><net_sink comp="284" pin=0"/></net>

<net id="290"><net_src comp="8" pin="0"/><net_sink comp="284" pin=1"/></net>

<net id="291"><net_src comp="280" pin="1"/><net_sink comp="284" pin=2"/></net>

<net id="296"><net_src comp="260" pin="3"/><net_sink comp="292" pin=0"/></net>

<net id="297"><net_src comp="10" pin="0"/><net_sink comp="292" pin=1"/></net>

<net id="302"><net_src comp="284" pin="3"/><net_sink comp="298" pin=0"/></net>

<net id="303"><net_src comp="12" pin="0"/><net_sink comp="298" pin=1"/></net>

<net id="308"><net_src comp="284" pin="3"/><net_sink comp="304" pin=0"/></net>

<net id="309"><net_src comp="10" pin="0"/><net_sink comp="304" pin=1"/></net>

<net id="314"><net_src comp="260" pin="3"/><net_sink comp="310" pin=0"/></net>

<net id="315"><net_src comp="12" pin="0"/><net_sink comp="310" pin=1"/></net>

<net id="320"><net_src comp="238" pin="2"/><net_sink comp="316" pin=0"/></net>

<net id="321"><net_src comp="232" pin="2"/><net_sink comp="316" pin=1"/></net>

<net id="325"><net_src comp="238" pin="2"/><net_sink comp="322" pin=0"/></net>

<net id="330"><net_src comp="14" pin="0"/><net_sink comp="326" pin=0"/></net>

<net id="331"><net_src comp="322" pin="1"/><net_sink comp="326" pin=1"/></net>

<net id="337"><net_src comp="310" pin="2"/><net_sink comp="332" pin=0"/></net>

<net id="338"><net_src comp="326" pin="2"/><net_sink comp="332" pin=1"/></net>

<net id="339"><net_src comp="322" pin="1"/><net_sink comp="332" pin=2"/></net>

<net id="343"><net_src comp="232" pin="2"/><net_sink comp="340" pin=0"/></net>

<net id="348"><net_src comp="14" pin="0"/><net_sink comp="344" pin=0"/></net>

<net id="349"><net_src comp="340" pin="1"/><net_sink comp="344" pin=1"/></net>

<net id="355"><net_src comp="298" pin="2"/><net_sink comp="350" pin=0"/></net>

<net id="356"><net_src comp="344" pin="2"/><net_sink comp="350" pin=1"/></net>

<net id="357"><net_src comp="340" pin="1"/><net_sink comp="350" pin=2"/></net>

<net id="362"><net_src comp="332" pin="3"/><net_sink comp="358" pin=0"/></net>

<net id="363"><net_src comp="350" pin="3"/><net_sink comp="358" pin=1"/></net>

<net id="369"><net_src comp="16" pin="0"/><net_sink comp="364" pin=0"/></net>

<net id="370"><net_src comp="332" pin="3"/><net_sink comp="364" pin=1"/></net>

<net id="371"><net_src comp="18" pin="0"/><net_sink comp="364" pin=2"/></net>

<net id="377"><net_src comp="16" pin="0"/><net_sink comp="372" pin=0"/></net>

<net id="378"><net_src comp="350" pin="3"/><net_sink comp="372" pin=1"/></net>

<net id="379"><net_src comp="18" pin="0"/><net_sink comp="372" pin=2"/></net>

<net id="385"><net_src comp="358" pin="2"/><net_sink comp="380" pin=0"/></net>

<net id="386"><net_src comp="372" pin="3"/><net_sink comp="380" pin=1"/></net>

<net id="387"><net_src comp="364" pin="3"/><net_sink comp="380" pin=2"/></net>

<net id="391"><net_src comp="380" pin="3"/><net_sink comp="388" pin=0"/></net>

<net id="397"><net_src comp="358" pin="2"/><net_sink comp="392" pin=0"/></net>

<net id="398"><net_src comp="364" pin="3"/><net_sink comp="392" pin=1"/></net>

<net id="399"><net_src comp="372" pin="3"/><net_sink comp="392" pin=2"/></net>

<net id="403"><net_src comp="392" pin="3"/><net_sink comp="400" pin=0"/></net>

<net id="409"><net_src comp="20" pin="0"/><net_sink comp="404" pin=0"/></net>

<net id="410"><net_src comp="380" pin="3"/><net_sink comp="404" pin=1"/></net>

<net id="411"><net_src comp="22" pin="0"/><net_sink comp="404" pin=2"/></net>

<net id="416"><net_src comp="388" pin="1"/><net_sink comp="412" pin=0"/></net>

<net id="417"><net_src comp="400" pin="1"/><net_sink comp="412" pin=1"/></net>

<net id="422"><net_src comp="388" pin="1"/><net_sink comp="418" pin=0"/></net>

<net id="423"><net_src comp="400" pin="1"/><net_sink comp="418" pin=1"/></net>

<net id="428"><net_src comp="400" pin="1"/><net_sink comp="424" pin=0"/></net>

<net id="429"><net_src comp="388" pin="1"/><net_sink comp="424" pin=1"/></net>

<net id="435"><net_src comp="404" pin="3"/><net_sink comp="430" pin=0"/></net>

<net id="436"><net_src comp="412" pin="2"/><net_sink comp="430" pin=1"/></net>

<net id="437"><net_src comp="418" pin="2"/><net_sink comp="430" pin=2"/></net>

<net id="443"><net_src comp="404" pin="3"/><net_sink comp="438" pin=0"/></net>

<net id="444"><net_src comp="424" pin="2"/><net_sink comp="438" pin=1"/></net>

<net id="445"><net_src comp="412" pin="2"/><net_sink comp="438" pin=2"/></net>

<net id="451"><net_src comp="20" pin="0"/><net_sink comp="446" pin=0"/></net>

<net id="452"><net_src comp="380" pin="3"/><net_sink comp="446" pin=1"/></net>

<net id="453"><net_src comp="22" pin="0"/><net_sink comp="446" pin=2"/></net>

<net id="459"><net_src comp="24" pin="0"/><net_sink comp="454" pin=0"/></net>

<net id="460"><net_src comp="430" pin="3"/><net_sink comp="454" pin=1"/></net>

<net id="461"><net_src comp="26" pin="0"/><net_sink comp="454" pin=2"/></net>

<net id="468"><net_src comp="28" pin="0"/><net_sink comp="462" pin=0"/></net>

<net id="469"><net_src comp="438" pin="3"/><net_sink comp="462" pin=1"/></net>

<net id="470"><net_src comp="30" pin="0"/><net_sink comp="462" pin=2"/></net>

<net id="471"><net_src comp="26" pin="0"/><net_sink comp="462" pin=3"/></net>

<net id="475"><net_src comp="462" pin="4"/><net_sink comp="472" pin=0"/></net>

<net id="482"><net_src comp="28" pin="0"/><net_sink comp="476" pin=0"/></net>

<net id="483"><net_src comp="430" pin="3"/><net_sink comp="476" pin=1"/></net>

<net id="484"><net_src comp="30" pin="0"/><net_sink comp="476" pin=2"/></net>

<net id="485"><net_src comp="26" pin="0"/><net_sink comp="476" pin=3"/></net>

<net id="489"><net_src comp="476" pin="4"/><net_sink comp="486" pin=0"/></net>

<net id="494"><net_src comp="438" pin="3"/><net_sink comp="490" pin=0"/></net>

<net id="495"><net_src comp="486" pin="1"/><net_sink comp="490" pin=1"/></net>

<net id="500"><net_src comp="430" pin="3"/><net_sink comp="496" pin=0"/></net>

<net id="501"><net_src comp="472" pin="1"/><net_sink comp="496" pin=1"/></net>

<net id="506"><net_src comp="438" pin="3"/><net_sink comp="502" pin=0"/></net>

<net id="507"><net_src comp="486" pin="1"/><net_sink comp="502" pin=1"/></net>

<net id="512"><net_src comp="430" pin="3"/><net_sink comp="508" pin=0"/></net>

<net id="513"><net_src comp="472" pin="1"/><net_sink comp="508" pin=1"/></net>

<net id="519"><net_src comp="454" pin="3"/><net_sink comp="514" pin=0"/></net>

<net id="520"><net_src comp="508" pin="2"/><net_sink comp="514" pin=1"/></net>

<net id="521"><net_src comp="496" pin="2"/><net_sink comp="514" pin=2"/></net>

<net id="527"><net_src comp="454" pin="3"/><net_sink comp="522" pin=0"/></net>

<net id="528"><net_src comp="502" pin="2"/><net_sink comp="522" pin=1"/></net>

<net id="529"><net_src comp="490" pin="2"/><net_sink comp="522" pin=2"/></net>

<net id="535"><net_src comp="24" pin="0"/><net_sink comp="530" pin=0"/></net>

<net id="536"><net_src comp="514" pin="3"/><net_sink comp="530" pin=1"/></net>

<net id="537"><net_src comp="26" pin="0"/><net_sink comp="530" pin=2"/></net>

<net id="544"><net_src comp="32" pin="0"/><net_sink comp="538" pin=0"/></net>

<net id="545"><net_src comp="522" pin="3"/><net_sink comp="538" pin=1"/></net>

<net id="546"><net_src comp="34" pin="0"/><net_sink comp="538" pin=2"/></net>

<net id="547"><net_src comp="26" pin="0"/><net_sink comp="538" pin=3"/></net>

<net id="551"><net_src comp="538" pin="4"/><net_sink comp="548" pin=0"/></net>

<net id="558"><net_src comp="32" pin="0"/><net_sink comp="552" pin=0"/></net>

<net id="559"><net_src comp="514" pin="3"/><net_sink comp="552" pin=1"/></net>

<net id="560"><net_src comp="34" pin="0"/><net_sink comp="552" pin=2"/></net>

<net id="561"><net_src comp="26" pin="0"/><net_sink comp="552" pin=3"/></net>

<net id="565"><net_src comp="552" pin="4"/><net_sink comp="562" pin=0"/></net>

<net id="570"><net_src comp="522" pin="3"/><net_sink comp="566" pin=0"/></net>

<net id="571"><net_src comp="562" pin="1"/><net_sink comp="566" pin=1"/></net>

<net id="576"><net_src comp="514" pin="3"/><net_sink comp="572" pin=0"/></net>

<net id="577"><net_src comp="548" pin="1"/><net_sink comp="572" pin=1"/></net>

<net id="582"><net_src comp="522" pin="3"/><net_sink comp="578" pin=0"/></net>

<net id="583"><net_src comp="562" pin="1"/><net_sink comp="578" pin=1"/></net>

<net id="588"><net_src comp="514" pin="3"/><net_sink comp="584" pin=0"/></net>

<net id="589"><net_src comp="548" pin="1"/><net_sink comp="584" pin=1"/></net>

<net id="595"><net_src comp="530" pin="3"/><net_sink comp="590" pin=0"/></net>

<net id="596"><net_src comp="584" pin="2"/><net_sink comp="590" pin=1"/></net>

<net id="597"><net_src comp="572" pin="2"/><net_sink comp="590" pin=2"/></net>

<net id="603"><net_src comp="530" pin="3"/><net_sink comp="598" pin=0"/></net>

<net id="604"><net_src comp="578" pin="2"/><net_sink comp="598" pin=1"/></net>

<net id="605"><net_src comp="566" pin="2"/><net_sink comp="598" pin=2"/></net>

<net id="611"><net_src comp="24" pin="0"/><net_sink comp="606" pin=0"/></net>

<net id="612"><net_src comp="590" pin="3"/><net_sink comp="606" pin=1"/></net>

<net id="613"><net_src comp="26" pin="0"/><net_sink comp="606" pin=2"/></net>

<net id="620"><net_src comp="36" pin="0"/><net_sink comp="614" pin=0"/></net>

<net id="621"><net_src comp="598" pin="3"/><net_sink comp="614" pin=1"/></net>

<net id="622"><net_src comp="38" pin="0"/><net_sink comp="614" pin=2"/></net>

<net id="623"><net_src comp="26" pin="0"/><net_sink comp="614" pin=3"/></net>

<net id="630"><net_src comp="36" pin="0"/><net_sink comp="624" pin=0"/></net>

<net id="631"><net_src comp="590" pin="3"/><net_sink comp="624" pin=1"/></net>

<net id="632"><net_src comp="38" pin="0"/><net_sink comp="624" pin=2"/></net>

<net id="633"><net_src comp="26" pin="0"/><net_sink comp="624" pin=3"/></net>

<net id="638"><net_src comp="284" pin="3"/><net_sink comp="634" pin=0"/></net>

<net id="639"><net_src comp="260" pin="3"/><net_sink comp="634" pin=1"/></net>

<net id="644"><net_src comp="634" pin="2"/><net_sink comp="640" pin=0"/></net>

<net id="645"><net_src comp="12" pin="0"/><net_sink comp="640" pin=1"/></net>

<net id="656"><net_src comp="649" pin="1"/><net_sink comp="652" pin=1"/></net>

<net id="661"><net_src comp="646" pin="1"/><net_sink comp="657" pin=1"/></net>

<net id="666"><net_src comp="649" pin="1"/><net_sink comp="662" pin=1"/></net>

<net id="671"><net_src comp="646" pin="1"/><net_sink comp="667" pin=1"/></net>

<net id="677"><net_src comp="667" pin="2"/><net_sink comp="672" pin=1"/></net>

<net id="678"><net_src comp="657" pin="2"/><net_sink comp="672" pin=2"/></net>

<net id="684"><net_src comp="662" pin="2"/><net_sink comp="679" pin=1"/></net>

<net id="685"><net_src comp="652" pin="2"/><net_sink comp="679" pin=2"/></net>

<net id="691"><net_src comp="24" pin="0"/><net_sink comp="686" pin=0"/></net>

<net id="692"><net_src comp="672" pin="3"/><net_sink comp="686" pin=1"/></net>

<net id="693"><net_src comp="26" pin="0"/><net_sink comp="686" pin=2"/></net>

<net id="700"><net_src comp="40" pin="0"/><net_sink comp="694" pin=0"/></net>

<net id="701"><net_src comp="679" pin="3"/><net_sink comp="694" pin=1"/></net>

<net id="702"><net_src comp="42" pin="0"/><net_sink comp="694" pin=2"/></net>

<net id="703"><net_src comp="26" pin="0"/><net_sink comp="694" pin=3"/></net>

<net id="707"><net_src comp="694" pin="4"/><net_sink comp="704" pin=0"/></net>

<net id="714"><net_src comp="40" pin="0"/><net_sink comp="708" pin=0"/></net>

<net id="715"><net_src comp="672" pin="3"/><net_sink comp="708" pin=1"/></net>

<net id="716"><net_src comp="42" pin="0"/><net_sink comp="708" pin=2"/></net>

<net id="717"><net_src comp="26" pin="0"/><net_sink comp="708" pin=3"/></net>

<net id="721"><net_src comp="708" pin="4"/><net_sink comp="718" pin=0"/></net>

<net id="726"><net_src comp="679" pin="3"/><net_sink comp="722" pin=0"/></net>

<net id="727"><net_src comp="718" pin="1"/><net_sink comp="722" pin=1"/></net>

<net id="732"><net_src comp="672" pin="3"/><net_sink comp="728" pin=0"/></net>

<net id="733"><net_src comp="704" pin="1"/><net_sink comp="728" pin=1"/></net>

<net id="738"><net_src comp="679" pin="3"/><net_sink comp="734" pin=0"/></net>

<net id="739"><net_src comp="718" pin="1"/><net_sink comp="734" pin=1"/></net>

<net id="744"><net_src comp="672" pin="3"/><net_sink comp="740" pin=0"/></net>

<net id="745"><net_src comp="704" pin="1"/><net_sink comp="740" pin=1"/></net>

<net id="751"><net_src comp="686" pin="3"/><net_sink comp="746" pin=0"/></net>

<net id="752"><net_src comp="740" pin="2"/><net_sink comp="746" pin=1"/></net>

<net id="753"><net_src comp="728" pin="2"/><net_sink comp="746" pin=2"/></net>

<net id="759"><net_src comp="686" pin="3"/><net_sink comp="754" pin=0"/></net>

<net id="760"><net_src comp="734" pin="2"/><net_sink comp="754" pin=1"/></net>

<net id="761"><net_src comp="722" pin="2"/><net_sink comp="754" pin=2"/></net>

<net id="767"><net_src comp="24" pin="0"/><net_sink comp="762" pin=0"/></net>

<net id="768"><net_src comp="746" pin="3"/><net_sink comp="762" pin=1"/></net>

<net id="769"><net_src comp="26" pin="0"/><net_sink comp="762" pin=2"/></net>

<net id="776"><net_src comp="44" pin="0"/><net_sink comp="770" pin=0"/></net>

<net id="777"><net_src comp="754" pin="3"/><net_sink comp="770" pin=1"/></net>

<net id="778"><net_src comp="46" pin="0"/><net_sink comp="770" pin=2"/></net>

<net id="779"><net_src comp="26" pin="0"/><net_sink comp="770" pin=3"/></net>

<net id="783"><net_src comp="770" pin="4"/><net_sink comp="780" pin=0"/></net>

<net id="790"><net_src comp="44" pin="0"/><net_sink comp="784" pin=0"/></net>

<net id="791"><net_src comp="746" pin="3"/><net_sink comp="784" pin=1"/></net>

<net id="792"><net_src comp="46" pin="0"/><net_sink comp="784" pin=2"/></net>

<net id="793"><net_src comp="26" pin="0"/><net_sink comp="784" pin=3"/></net>

<net id="797"><net_src comp="784" pin="4"/><net_sink comp="794" pin=0"/></net>

<net id="802"><net_src comp="754" pin="3"/><net_sink comp="798" pin=0"/></net>

<net id="803"><net_src comp="794" pin="1"/><net_sink comp="798" pin=1"/></net>

<net id="808"><net_src comp="746" pin="3"/><net_sink comp="804" pin=0"/></net>

<net id="809"><net_src comp="780" pin="1"/><net_sink comp="804" pin=1"/></net>

<net id="814"><net_src comp="754" pin="3"/><net_sink comp="810" pin=0"/></net>

<net id="815"><net_src comp="794" pin="1"/><net_sink comp="810" pin=1"/></net>

<net id="820"><net_src comp="746" pin="3"/><net_sink comp="816" pin=0"/></net>

<net id="821"><net_src comp="780" pin="1"/><net_sink comp="816" pin=1"/></net>

<net id="827"><net_src comp="762" pin="3"/><net_sink comp="822" pin=0"/></net>

<net id="828"><net_src comp="816" pin="2"/><net_sink comp="822" pin=1"/></net>

<net id="829"><net_src comp="804" pin="2"/><net_sink comp="822" pin=2"/></net>

<net id="835"><net_src comp="762" pin="3"/><net_sink comp="830" pin=0"/></net>

<net id="836"><net_src comp="810" pin="2"/><net_sink comp="830" pin=1"/></net>

<net id="837"><net_src comp="798" pin="2"/><net_sink comp="830" pin=2"/></net>

<net id="843"><net_src comp="24" pin="0"/><net_sink comp="838" pin=0"/></net>

<net id="844"><net_src comp="822" pin="3"/><net_sink comp="838" pin=1"/></net>

<net id="845"><net_src comp="26" pin="0"/><net_sink comp="838" pin=2"/></net>

<net id="852"><net_src comp="48" pin="0"/><net_sink comp="846" pin=0"/></net>

<net id="853"><net_src comp="830" pin="3"/><net_sink comp="846" pin=1"/></net>

<net id="854"><net_src comp="50" pin="0"/><net_sink comp="846" pin=2"/></net>

<net id="855"><net_src comp="26" pin="0"/><net_sink comp="846" pin=3"/></net>

<net id="859"><net_src comp="846" pin="4"/><net_sink comp="856" pin=0"/></net>

<net id="866"><net_src comp="48" pin="0"/><net_sink comp="860" pin=0"/></net>

<net id="867"><net_src comp="822" pin="3"/><net_sink comp="860" pin=1"/></net>

<net id="868"><net_src comp="50" pin="0"/><net_sink comp="860" pin=2"/></net>

<net id="869"><net_src comp="26" pin="0"/><net_sink comp="860" pin=3"/></net>

<net id="873"><net_src comp="860" pin="4"/><net_sink comp="870" pin=0"/></net>

<net id="878"><net_src comp="830" pin="3"/><net_sink comp="874" pin=0"/></net>

<net id="879"><net_src comp="870" pin="1"/><net_sink comp="874" pin=1"/></net>

<net id="884"><net_src comp="822" pin="3"/><net_sink comp="880" pin=0"/></net>

<net id="885"><net_src comp="856" pin="1"/><net_sink comp="880" pin=1"/></net>

<net id="890"><net_src comp="830" pin="3"/><net_sink comp="886" pin=0"/></net>

<net id="891"><net_src comp="870" pin="1"/><net_sink comp="886" pin=1"/></net>

<net id="896"><net_src comp="822" pin="3"/><net_sink comp="892" pin=0"/></net>

<net id="897"><net_src comp="856" pin="1"/><net_sink comp="892" pin=1"/></net>

<net id="903"><net_src comp="838" pin="3"/><net_sink comp="898" pin=0"/></net>

<net id="904"><net_src comp="892" pin="2"/><net_sink comp="898" pin=1"/></net>

<net id="905"><net_src comp="880" pin="2"/><net_sink comp="898" pin=2"/></net>

<net id="911"><net_src comp="838" pin="3"/><net_sink comp="906" pin=0"/></net>

<net id="912"><net_src comp="886" pin="2"/><net_sink comp="906" pin=1"/></net>

<net id="913"><net_src comp="874" pin="2"/><net_sink comp="906" pin=2"/></net>

<net id="919"><net_src comp="24" pin="0"/><net_sink comp="914" pin=0"/></net>

<net id="920"><net_src comp="898" pin="3"/><net_sink comp="914" pin=1"/></net>

<net id="921"><net_src comp="26" pin="0"/><net_sink comp="914" pin=2"/></net>

<net id="928"><net_src comp="52" pin="0"/><net_sink comp="922" pin=0"/></net>

<net id="929"><net_src comp="906" pin="3"/><net_sink comp="922" pin=1"/></net>

<net id="930"><net_src comp="54" pin="0"/><net_sink comp="922" pin=2"/></net>

<net id="931"><net_src comp="26" pin="0"/><net_sink comp="922" pin=3"/></net>

<net id="935"><net_src comp="922" pin="4"/><net_sink comp="932" pin=0"/></net>

<net id="942"><net_src comp="52" pin="0"/><net_sink comp="936" pin=0"/></net>

<net id="943"><net_src comp="898" pin="3"/><net_sink comp="936" pin=1"/></net>

<net id="944"><net_src comp="54" pin="0"/><net_sink comp="936" pin=2"/></net>

<net id="945"><net_src comp="26" pin="0"/><net_sink comp="936" pin=3"/></net>

<net id="949"><net_src comp="936" pin="4"/><net_sink comp="946" pin=0"/></net>

<net id="954"><net_src comp="906" pin="3"/><net_sink comp="950" pin=0"/></net>

<net id="955"><net_src comp="946" pin="1"/><net_sink comp="950" pin=1"/></net>

<net id="960"><net_src comp="898" pin="3"/><net_sink comp="956" pin=0"/></net>

<net id="961"><net_src comp="932" pin="1"/><net_sink comp="956" pin=1"/></net>

<net id="966"><net_src comp="906" pin="3"/><net_sink comp="962" pin=0"/></net>

<net id="967"><net_src comp="946" pin="1"/><net_sink comp="962" pin=1"/></net>

<net id="972"><net_src comp="898" pin="3"/><net_sink comp="968" pin=0"/></net>

<net id="973"><net_src comp="932" pin="1"/><net_sink comp="968" pin=1"/></net>

<net id="979"><net_src comp="914" pin="3"/><net_sink comp="974" pin=0"/></net>

<net id="980"><net_src comp="968" pin="2"/><net_sink comp="974" pin=1"/></net>

<net id="981"><net_src comp="956" pin="2"/><net_sink comp="974" pin=2"/></net>

<net id="987"><net_src comp="914" pin="3"/><net_sink comp="982" pin=0"/></net>

<net id="988"><net_src comp="962" pin="2"/><net_sink comp="982" pin=1"/></net>

<net id="989"><net_src comp="950" pin="2"/><net_sink comp="982" pin=2"/></net>

<net id="995"><net_src comp="24" pin="0"/><net_sink comp="990" pin=0"/></net>

<net id="996"><net_src comp="974" pin="3"/><net_sink comp="990" pin=1"/></net>

<net id="997"><net_src comp="26" pin="0"/><net_sink comp="990" pin=2"/></net>

<net id="1004"><net_src comp="56" pin="0"/><net_sink comp="998" pin=0"/></net>

<net id="1005"><net_src comp="982" pin="3"/><net_sink comp="998" pin=1"/></net>

<net id="1006"><net_src comp="58" pin="0"/><net_sink comp="998" pin=2"/></net>

<net id="1007"><net_src comp="26" pin="0"/><net_sink comp="998" pin=3"/></net>

<net id="1014"><net_src comp="56" pin="0"/><net_sink comp="1008" pin=0"/></net>

<net id="1015"><net_src comp="974" pin="3"/><net_sink comp="1008" pin=1"/></net>

<net id="1016"><net_src comp="58" pin="0"/><net_sink comp="1008" pin=2"/></net>

<net id="1017"><net_src comp="26" pin="0"/><net_sink comp="1008" pin=3"/></net>

<net id="1028"><net_src comp="1021" pin="1"/><net_sink comp="1024" pin=1"/></net>

<net id="1033"><net_src comp="1018" pin="1"/><net_sink comp="1029" pin=1"/></net>

<net id="1038"><net_src comp="1021" pin="1"/><net_sink comp="1034" pin=1"/></net>

<net id="1043"><net_src comp="1018" pin="1"/><net_sink comp="1039" pin=1"/></net>

<net id="1049"><net_src comp="1039" pin="2"/><net_sink comp="1044" pin=1"/></net>

<net id="1050"><net_src comp="1029" pin="2"/><net_sink comp="1044" pin=2"/></net>

<net id="1056"><net_src comp="1034" pin="2"/><net_sink comp="1051" pin=1"/></net>

<net id="1057"><net_src comp="1024" pin="2"/><net_sink comp="1051" pin=2"/></net>

<net id="1063"><net_src comp="24" pin="0"/><net_sink comp="1058" pin=0"/></net>

<net id="1064"><net_src comp="1044" pin="3"/><net_sink comp="1058" pin=1"/></net>

<net id="1065"><net_src comp="26" pin="0"/><net_sink comp="1058" pin=2"/></net>

<net id="1072"><net_src comp="60" pin="0"/><net_sink comp="1066" pin=0"/></net>

<net id="1073"><net_src comp="1051" pin="3"/><net_sink comp="1066" pin=1"/></net>

<net id="1074"><net_src comp="62" pin="0"/><net_sink comp="1066" pin=2"/></net>

<net id="1075"><net_src comp="26" pin="0"/><net_sink comp="1066" pin=3"/></net>

<net id="1079"><net_src comp="1066" pin="4"/><net_sink comp="1076" pin=0"/></net>

<net id="1086"><net_src comp="60" pin="0"/><net_sink comp="1080" pin=0"/></net>

<net id="1087"><net_src comp="1044" pin="3"/><net_sink comp="1080" pin=1"/></net>

<net id="1088"><net_src comp="62" pin="0"/><net_sink comp="1080" pin=2"/></net>

<net id="1089"><net_src comp="26" pin="0"/><net_sink comp="1080" pin=3"/></net>

<net id="1093"><net_src comp="1080" pin="4"/><net_sink comp="1090" pin=0"/></net>

<net id="1098"><net_src comp="1051" pin="3"/><net_sink comp="1094" pin=0"/></net>

<net id="1099"><net_src comp="1090" pin="1"/><net_sink comp="1094" pin=1"/></net>

<net id="1104"><net_src comp="1044" pin="3"/><net_sink comp="1100" pin=0"/></net>

<net id="1105"><net_src comp="1076" pin="1"/><net_sink comp="1100" pin=1"/></net>

<net id="1110"><net_src comp="1051" pin="3"/><net_sink comp="1106" pin=0"/></net>

<net id="1111"><net_src comp="1090" pin="1"/><net_sink comp="1106" pin=1"/></net>

<net id="1116"><net_src comp="1044" pin="3"/><net_sink comp="1112" pin=0"/></net>

<net id="1117"><net_src comp="1076" pin="1"/><net_sink comp="1112" pin=1"/></net>

<net id="1123"><net_src comp="1058" pin="3"/><net_sink comp="1118" pin=0"/></net>

<net id="1124"><net_src comp="1112" pin="2"/><net_sink comp="1118" pin=1"/></net>

<net id="1125"><net_src comp="1100" pin="2"/><net_sink comp="1118" pin=2"/></net>

<net id="1131"><net_src comp="1058" pin="3"/><net_sink comp="1126" pin=0"/></net>

<net id="1132"><net_src comp="1106" pin="2"/><net_sink comp="1126" pin=1"/></net>

<net id="1133"><net_src comp="1094" pin="2"/><net_sink comp="1126" pin=2"/></net>

<net id="1139"><net_src comp="24" pin="0"/><net_sink comp="1134" pin=0"/></net>

<net id="1140"><net_src comp="1118" pin="3"/><net_sink comp="1134" pin=1"/></net>

<net id="1141"><net_src comp="26" pin="0"/><net_sink comp="1134" pin=2"/></net>

<net id="1148"><net_src comp="64" pin="0"/><net_sink comp="1142" pin=0"/></net>

<net id="1149"><net_src comp="1126" pin="3"/><net_sink comp="1142" pin=1"/></net>

<net id="1150"><net_src comp="66" pin="0"/><net_sink comp="1142" pin=2"/></net>

<net id="1151"><net_src comp="26" pin="0"/><net_sink comp="1142" pin=3"/></net>

<net id="1155"><net_src comp="1142" pin="4"/><net_sink comp="1152" pin=0"/></net>

<net id="1162"><net_src comp="64" pin="0"/><net_sink comp="1156" pin=0"/></net>

<net id="1163"><net_src comp="1118" pin="3"/><net_sink comp="1156" pin=1"/></net>

<net id="1164"><net_src comp="66" pin="0"/><net_sink comp="1156" pin=2"/></net>

<net id="1165"><net_src comp="26" pin="0"/><net_sink comp="1156" pin=3"/></net>

<net id="1169"><net_src comp="1156" pin="4"/><net_sink comp="1166" pin=0"/></net>

<net id="1174"><net_src comp="1126" pin="3"/><net_sink comp="1170" pin=0"/></net>

<net id="1175"><net_src comp="1166" pin="1"/><net_sink comp="1170" pin=1"/></net>

<net id="1180"><net_src comp="1118" pin="3"/><net_sink comp="1176" pin=0"/></net>

<net id="1181"><net_src comp="1152" pin="1"/><net_sink comp="1176" pin=1"/></net>

<net id="1186"><net_src comp="1126" pin="3"/><net_sink comp="1182" pin=0"/></net>

<net id="1187"><net_src comp="1166" pin="1"/><net_sink comp="1182" pin=1"/></net>

<net id="1192"><net_src comp="1118" pin="3"/><net_sink comp="1188" pin=0"/></net>

<net id="1193"><net_src comp="1152" pin="1"/><net_sink comp="1188" pin=1"/></net>

<net id="1199"><net_src comp="1134" pin="3"/><net_sink comp="1194" pin=0"/></net>

<net id="1200"><net_src comp="1188" pin="2"/><net_sink comp="1194" pin=1"/></net>

<net id="1201"><net_src comp="1176" pin="2"/><net_sink comp="1194" pin=2"/></net>

<net id="1207"><net_src comp="1134" pin="3"/><net_sink comp="1202" pin=0"/></net>

<net id="1208"><net_src comp="1182" pin="2"/><net_sink comp="1202" pin=1"/></net>

<net id="1209"><net_src comp="1170" pin="2"/><net_sink comp="1202" pin=2"/></net>

<net id="1215"><net_src comp="24" pin="0"/><net_sink comp="1210" pin=0"/></net>

<net id="1216"><net_src comp="1194" pin="3"/><net_sink comp="1210" pin=1"/></net>

<net id="1217"><net_src comp="26" pin="0"/><net_sink comp="1210" pin=2"/></net>

<net id="1224"><net_src comp="68" pin="0"/><net_sink comp="1218" pin=0"/></net>

<net id="1225"><net_src comp="1202" pin="3"/><net_sink comp="1218" pin=1"/></net>

<net id="1226"><net_src comp="70" pin="0"/><net_sink comp="1218" pin=2"/></net>

<net id="1227"><net_src comp="26" pin="0"/><net_sink comp="1218" pin=3"/></net>

<net id="1231"><net_src comp="1218" pin="4"/><net_sink comp="1228" pin=0"/></net>

<net id="1238"><net_src comp="68" pin="0"/><net_sink comp="1232" pin=0"/></net>

<net id="1239"><net_src comp="1194" pin="3"/><net_sink comp="1232" pin=1"/></net>

<net id="1240"><net_src comp="70" pin="0"/><net_sink comp="1232" pin=2"/></net>

<net id="1241"><net_src comp="26" pin="0"/><net_sink comp="1232" pin=3"/></net>

<net id="1245"><net_src comp="1232" pin="4"/><net_sink comp="1242" pin=0"/></net>

<net id="1250"><net_src comp="1202" pin="3"/><net_sink comp="1246" pin=0"/></net>

<net id="1251"><net_src comp="1242" pin="1"/><net_sink comp="1246" pin=1"/></net>

<net id="1256"><net_src comp="1194" pin="3"/><net_sink comp="1252" pin=0"/></net>

<net id="1257"><net_src comp="1228" pin="1"/><net_sink comp="1252" pin=1"/></net>

<net id="1262"><net_src comp="1202" pin="3"/><net_sink comp="1258" pin=0"/></net>

<net id="1263"><net_src comp="1242" pin="1"/><net_sink comp="1258" pin=1"/></net>

<net id="1268"><net_src comp="1194" pin="3"/><net_sink comp="1264" pin=0"/></net>

<net id="1269"><net_src comp="1228" pin="1"/><net_sink comp="1264" pin=1"/></net>

<net id="1275"><net_src comp="1210" pin="3"/><net_sink comp="1270" pin=0"/></net>

<net id="1276"><net_src comp="1264" pin="2"/><net_sink comp="1270" pin=1"/></net>

<net id="1277"><net_src comp="1252" pin="2"/><net_sink comp="1270" pin=2"/></net>

<net id="1283"><net_src comp="1210" pin="3"/><net_sink comp="1278" pin=0"/></net>

<net id="1284"><net_src comp="1258" pin="2"/><net_sink comp="1278" pin=1"/></net>

<net id="1285"><net_src comp="1246" pin="2"/><net_sink comp="1278" pin=2"/></net>

<net id="1291"><net_src comp="24" pin="0"/><net_sink comp="1286" pin=0"/></net>

<net id="1292"><net_src comp="1270" pin="3"/><net_sink comp="1286" pin=1"/></net>

<net id="1293"><net_src comp="26" pin="0"/><net_sink comp="1286" pin=2"/></net>

<net id="1300"><net_src comp="72" pin="0"/><net_sink comp="1294" pin=0"/></net>

<net id="1301"><net_src comp="1278" pin="3"/><net_sink comp="1294" pin=1"/></net>

<net id="1302"><net_src comp="74" pin="0"/><net_sink comp="1294" pin=2"/></net>

<net id="1303"><net_src comp="26" pin="0"/><net_sink comp="1294" pin=3"/></net>

<net id="1307"><net_src comp="1294" pin="4"/><net_sink comp="1304" pin=0"/></net>

<net id="1314"><net_src comp="72" pin="0"/><net_sink comp="1308" pin=0"/></net>

<net id="1315"><net_src comp="1270" pin="3"/><net_sink comp="1308" pin=1"/></net>

<net id="1316"><net_src comp="74" pin="0"/><net_sink comp="1308" pin=2"/></net>

<net id="1317"><net_src comp="26" pin="0"/><net_sink comp="1308" pin=3"/></net>

<net id="1321"><net_src comp="1308" pin="4"/><net_sink comp="1318" pin=0"/></net>

<net id="1326"><net_src comp="1278" pin="3"/><net_sink comp="1322" pin=0"/></net>

<net id="1327"><net_src comp="1318" pin="1"/><net_sink comp="1322" pin=1"/></net>

<net id="1332"><net_src comp="1270" pin="3"/><net_sink comp="1328" pin=0"/></net>

<net id="1333"><net_src comp="1304" pin="1"/><net_sink comp="1328" pin=1"/></net>

<net id="1338"><net_src comp="1278" pin="3"/><net_sink comp="1334" pin=0"/></net>

<net id="1339"><net_src comp="1318" pin="1"/><net_sink comp="1334" pin=1"/></net>

<net id="1344"><net_src comp="1270" pin="3"/><net_sink comp="1340" pin=0"/></net>

<net id="1345"><net_src comp="1304" pin="1"/><net_sink comp="1340" pin=1"/></net>

<net id="1351"><net_src comp="1286" pin="3"/><net_sink comp="1346" pin=0"/></net>

<net id="1352"><net_src comp="1340" pin="2"/><net_sink comp="1346" pin=1"/></net>

<net id="1353"><net_src comp="1328" pin="2"/><net_sink comp="1346" pin=2"/></net>

<net id="1359"><net_src comp="1286" pin="3"/><net_sink comp="1354" pin=0"/></net>

<net id="1360"><net_src comp="1334" pin="2"/><net_sink comp="1354" pin=1"/></net>

<net id="1361"><net_src comp="1322" pin="2"/><net_sink comp="1354" pin=2"/></net>

<net id="1367"><net_src comp="24" pin="0"/><net_sink comp="1362" pin=0"/></net>

<net id="1368"><net_src comp="1346" pin="3"/><net_sink comp="1362" pin=1"/></net>

<net id="1369"><net_src comp="26" pin="0"/><net_sink comp="1362" pin=2"/></net>

<net id="1376"><net_src comp="76" pin="0"/><net_sink comp="1370" pin=0"/></net>

<net id="1377"><net_src comp="1354" pin="3"/><net_sink comp="1370" pin=1"/></net>

<net id="1378"><net_src comp="78" pin="0"/><net_sink comp="1370" pin=2"/></net>

<net id="1379"><net_src comp="26" pin="0"/><net_sink comp="1370" pin=3"/></net>

<net id="1386"><net_src comp="76" pin="0"/><net_sink comp="1380" pin=0"/></net>

<net id="1387"><net_src comp="1346" pin="3"/><net_sink comp="1380" pin=1"/></net>

<net id="1388"><net_src comp="78" pin="0"/><net_sink comp="1380" pin=2"/></net>

<net id="1389"><net_src comp="26" pin="0"/><net_sink comp="1380" pin=3"/></net>

<net id="1400"><net_src comp="1393" pin="1"/><net_sink comp="1396" pin=1"/></net>

<net id="1405"><net_src comp="1390" pin="1"/><net_sink comp="1401" pin=1"/></net>

<net id="1410"><net_src comp="1393" pin="1"/><net_sink comp="1406" pin=1"/></net>

<net id="1415"><net_src comp="1390" pin="1"/><net_sink comp="1411" pin=1"/></net>

<net id="1421"><net_src comp="1411" pin="2"/><net_sink comp="1416" pin=1"/></net>

<net id="1422"><net_src comp="1401" pin="2"/><net_sink comp="1416" pin=2"/></net>

<net id="1428"><net_src comp="1406" pin="2"/><net_sink comp="1423" pin=1"/></net>

<net id="1429"><net_src comp="1396" pin="2"/><net_sink comp="1423" pin=2"/></net>

<net id="1435"><net_src comp="24" pin="0"/><net_sink comp="1430" pin=0"/></net>

<net id="1436"><net_src comp="1416" pin="3"/><net_sink comp="1430" pin=1"/></net>

<net id="1437"><net_src comp="26" pin="0"/><net_sink comp="1430" pin=2"/></net>

<net id="1444"><net_src comp="80" pin="0"/><net_sink comp="1438" pin=0"/></net>

<net id="1445"><net_src comp="1423" pin="3"/><net_sink comp="1438" pin=1"/></net>

<net id="1446"><net_src comp="82" pin="0"/><net_sink comp="1438" pin=2"/></net>

<net id="1447"><net_src comp="26" pin="0"/><net_sink comp="1438" pin=3"/></net>

<net id="1451"><net_src comp="1438" pin="4"/><net_sink comp="1448" pin=0"/></net>

<net id="1458"><net_src comp="80" pin="0"/><net_sink comp="1452" pin=0"/></net>

<net id="1459"><net_src comp="1416" pin="3"/><net_sink comp="1452" pin=1"/></net>

<net id="1460"><net_src comp="82" pin="0"/><net_sink comp="1452" pin=2"/></net>

<net id="1461"><net_src comp="26" pin="0"/><net_sink comp="1452" pin=3"/></net>

<net id="1465"><net_src comp="1452" pin="4"/><net_sink comp="1462" pin=0"/></net>

<net id="1470"><net_src comp="1423" pin="3"/><net_sink comp="1466" pin=0"/></net>

<net id="1471"><net_src comp="1462" pin="1"/><net_sink comp="1466" pin=1"/></net>

<net id="1476"><net_src comp="1416" pin="3"/><net_sink comp="1472" pin=0"/></net>

<net id="1477"><net_src comp="1448" pin="1"/><net_sink comp="1472" pin=1"/></net>

<net id="1482"><net_src comp="1423" pin="3"/><net_sink comp="1478" pin=0"/></net>

<net id="1483"><net_src comp="1462" pin="1"/><net_sink comp="1478" pin=1"/></net>

<net id="1488"><net_src comp="1416" pin="3"/><net_sink comp="1484" pin=0"/></net>

<net id="1489"><net_src comp="1448" pin="1"/><net_sink comp="1484" pin=1"/></net>

<net id="1495"><net_src comp="1430" pin="3"/><net_sink comp="1490" pin=0"/></net>

<net id="1496"><net_src comp="1484" pin="2"/><net_sink comp="1490" pin=1"/></net>

<net id="1497"><net_src comp="1472" pin="2"/><net_sink comp="1490" pin=2"/></net>

<net id="1503"><net_src comp="1430" pin="3"/><net_sink comp="1498" pin=0"/></net>

<net id="1504"><net_src comp="1478" pin="2"/><net_sink comp="1498" pin=1"/></net>

<net id="1505"><net_src comp="1466" pin="2"/><net_sink comp="1498" pin=2"/></net>

<net id="1511"><net_src comp="24" pin="0"/><net_sink comp="1506" pin=0"/></net>

<net id="1512"><net_src comp="1490" pin="3"/><net_sink comp="1506" pin=1"/></net>

<net id="1513"><net_src comp="26" pin="0"/><net_sink comp="1506" pin=2"/></net>

<net id="1520"><net_src comp="84" pin="0"/><net_sink comp="1514" pin=0"/></net>

<net id="1521"><net_src comp="1498" pin="3"/><net_sink comp="1514" pin=1"/></net>

<net id="1522"><net_src comp="86" pin="0"/><net_sink comp="1514" pin=2"/></net>

<net id="1523"><net_src comp="26" pin="0"/><net_sink comp="1514" pin=3"/></net>

<net id="1527"><net_src comp="1514" pin="4"/><net_sink comp="1524" pin=0"/></net>

<net id="1534"><net_src comp="84" pin="0"/><net_sink comp="1528" pin=0"/></net>

<net id="1535"><net_src comp="1490" pin="3"/><net_sink comp="1528" pin=1"/></net>

<net id="1536"><net_src comp="86" pin="0"/><net_sink comp="1528" pin=2"/></net>

<net id="1537"><net_src comp="26" pin="0"/><net_sink comp="1528" pin=3"/></net>

<net id="1541"><net_src comp="1528" pin="4"/><net_sink comp="1538" pin=0"/></net>

<net id="1546"><net_src comp="1498" pin="3"/><net_sink comp="1542" pin=0"/></net>

<net id="1547"><net_src comp="1538" pin="1"/><net_sink comp="1542" pin=1"/></net>

<net id="1552"><net_src comp="1490" pin="3"/><net_sink comp="1548" pin=0"/></net>

<net id="1553"><net_src comp="1524" pin="1"/><net_sink comp="1548" pin=1"/></net>

<net id="1558"><net_src comp="1498" pin="3"/><net_sink comp="1554" pin=0"/></net>

<net id="1559"><net_src comp="1538" pin="1"/><net_sink comp="1554" pin=1"/></net>

<net id="1564"><net_src comp="1490" pin="3"/><net_sink comp="1560" pin=0"/></net>

<net id="1565"><net_src comp="1524" pin="1"/><net_sink comp="1560" pin=1"/></net>

<net id="1571"><net_src comp="1506" pin="3"/><net_sink comp="1566" pin=0"/></net>

<net id="1572"><net_src comp="1560" pin="2"/><net_sink comp="1566" pin=1"/></net>

<net id="1573"><net_src comp="1548" pin="2"/><net_sink comp="1566" pin=2"/></net>

<net id="1579"><net_src comp="1506" pin="3"/><net_sink comp="1574" pin=0"/></net>

<net id="1580"><net_src comp="1554" pin="2"/><net_sink comp="1574" pin=1"/></net>

<net id="1581"><net_src comp="1542" pin="2"/><net_sink comp="1574" pin=2"/></net>

<net id="1587"><net_src comp="24" pin="0"/><net_sink comp="1582" pin=0"/></net>

<net id="1588"><net_src comp="1566" pin="3"/><net_sink comp="1582" pin=1"/></net>

<net id="1589"><net_src comp="26" pin="0"/><net_sink comp="1582" pin=2"/></net>

<net id="1596"><net_src comp="88" pin="0"/><net_sink comp="1590" pin=0"/></net>

<net id="1597"><net_src comp="1574" pin="3"/><net_sink comp="1590" pin=1"/></net>

<net id="1598"><net_src comp="90" pin="0"/><net_sink comp="1590" pin=2"/></net>

<net id="1599"><net_src comp="26" pin="0"/><net_sink comp="1590" pin=3"/></net>

<net id="1603"><net_src comp="1590" pin="4"/><net_sink comp="1600" pin=0"/></net>

<net id="1610"><net_src comp="88" pin="0"/><net_sink comp="1604" pin=0"/></net>

<net id="1611"><net_src comp="1566" pin="3"/><net_sink comp="1604" pin=1"/></net>

<net id="1612"><net_src comp="90" pin="0"/><net_sink comp="1604" pin=2"/></net>

<net id="1613"><net_src comp="26" pin="0"/><net_sink comp="1604" pin=3"/></net>

<net id="1617"><net_src comp="1604" pin="4"/><net_sink comp="1614" pin=0"/></net>

<net id="1622"><net_src comp="1574" pin="3"/><net_sink comp="1618" pin=0"/></net>

<net id="1623"><net_src comp="1614" pin="1"/><net_sink comp="1618" pin=1"/></net>

<net id="1628"><net_src comp="1566" pin="3"/><net_sink comp="1624" pin=0"/></net>

<net id="1629"><net_src comp="1600" pin="1"/><net_sink comp="1624" pin=1"/></net>

<net id="1634"><net_src comp="1574" pin="3"/><net_sink comp="1630" pin=0"/></net>

<net id="1635"><net_src comp="1614" pin="1"/><net_sink comp="1630" pin=1"/></net>

<net id="1640"><net_src comp="1566" pin="3"/><net_sink comp="1636" pin=0"/></net>

<net id="1641"><net_src comp="1600" pin="1"/><net_sink comp="1636" pin=1"/></net>

<net id="1647"><net_src comp="1582" pin="3"/><net_sink comp="1642" pin=0"/></net>

<net id="1648"><net_src comp="1636" pin="2"/><net_sink comp="1642" pin=1"/></net>

<net id="1649"><net_src comp="1624" pin="2"/><net_sink comp="1642" pin=2"/></net>

<net id="1655"><net_src comp="1582" pin="3"/><net_sink comp="1650" pin=0"/></net>

<net id="1656"><net_src comp="1630" pin="2"/><net_sink comp="1650" pin=1"/></net>

<net id="1657"><net_src comp="1618" pin="2"/><net_sink comp="1650" pin=2"/></net>

<net id="1663"><net_src comp="24" pin="0"/><net_sink comp="1658" pin=0"/></net>

<net id="1664"><net_src comp="1642" pin="3"/><net_sink comp="1658" pin=1"/></net>

<net id="1665"><net_src comp="26" pin="0"/><net_sink comp="1658" pin=2"/></net>

<net id="1672"><net_src comp="92" pin="0"/><net_sink comp="1666" pin=0"/></net>

<net id="1673"><net_src comp="1650" pin="3"/><net_sink comp="1666" pin=1"/></net>

<net id="1674"><net_src comp="94" pin="0"/><net_sink comp="1666" pin=2"/></net>

<net id="1675"><net_src comp="26" pin="0"/><net_sink comp="1666" pin=3"/></net>

<net id="1679"><net_src comp="1666" pin="4"/><net_sink comp="1676" pin=0"/></net>

<net id="1686"><net_src comp="92" pin="0"/><net_sink comp="1680" pin=0"/></net>

<net id="1687"><net_src comp="1642" pin="3"/><net_sink comp="1680" pin=1"/></net>

<net id="1688"><net_src comp="94" pin="0"/><net_sink comp="1680" pin=2"/></net>

<net id="1689"><net_src comp="26" pin="0"/><net_sink comp="1680" pin=3"/></net>

<net id="1693"><net_src comp="1680" pin="4"/><net_sink comp="1690" pin=0"/></net>

<net id="1698"><net_src comp="1650" pin="3"/><net_sink comp="1694" pin=0"/></net>

<net id="1699"><net_src comp="1690" pin="1"/><net_sink comp="1694" pin=1"/></net>

<net id="1704"><net_src comp="1642" pin="3"/><net_sink comp="1700" pin=0"/></net>

<net id="1705"><net_src comp="1676" pin="1"/><net_sink comp="1700" pin=1"/></net>

<net id="1710"><net_src comp="1650" pin="3"/><net_sink comp="1706" pin=0"/></net>

<net id="1711"><net_src comp="1690" pin="1"/><net_sink comp="1706" pin=1"/></net>

<net id="1716"><net_src comp="1642" pin="3"/><net_sink comp="1712" pin=0"/></net>

<net id="1717"><net_src comp="1676" pin="1"/><net_sink comp="1712" pin=1"/></net>

<net id="1723"><net_src comp="1658" pin="3"/><net_sink comp="1718" pin=0"/></net>

<net id="1724"><net_src comp="1712" pin="2"/><net_sink comp="1718" pin=1"/></net>

<net id="1725"><net_src comp="1700" pin="2"/><net_sink comp="1718" pin=2"/></net>

<net id="1731"><net_src comp="1658" pin="3"/><net_sink comp="1726" pin=0"/></net>

<net id="1732"><net_src comp="1706" pin="2"/><net_sink comp="1726" pin=1"/></net>

<net id="1733"><net_src comp="1694" pin="2"/><net_sink comp="1726" pin=2"/></net>

<net id="1739"><net_src comp="24" pin="0"/><net_sink comp="1734" pin=0"/></net>

<net id="1740"><net_src comp="1718" pin="3"/><net_sink comp="1734" pin=1"/></net>

<net id="1741"><net_src comp="26" pin="0"/><net_sink comp="1734" pin=2"/></net>

<net id="1748"><net_src comp="96" pin="0"/><net_sink comp="1742" pin=0"/></net>

<net id="1749"><net_src comp="1726" pin="3"/><net_sink comp="1742" pin=1"/></net>

<net id="1750"><net_src comp="98" pin="0"/><net_sink comp="1742" pin=2"/></net>

<net id="1751"><net_src comp="26" pin="0"/><net_sink comp="1742" pin=3"/></net>

<net id="1758"><net_src comp="96" pin="0"/><net_sink comp="1752" pin=0"/></net>

<net id="1759"><net_src comp="1718" pin="3"/><net_sink comp="1752" pin=1"/></net>

<net id="1760"><net_src comp="98" pin="0"/><net_sink comp="1752" pin=2"/></net>

<net id="1761"><net_src comp="26" pin="0"/><net_sink comp="1752" pin=3"/></net>

<net id="1772"><net_src comp="1765" pin="1"/><net_sink comp="1768" pin=1"/></net>

<net id="1777"><net_src comp="1762" pin="1"/><net_sink comp="1773" pin=1"/></net>

<net id="1782"><net_src comp="1765" pin="1"/><net_sink comp="1778" pin=1"/></net>

<net id="1787"><net_src comp="1762" pin="1"/><net_sink comp="1783" pin=1"/></net>

<net id="1793"><net_src comp="1783" pin="2"/><net_sink comp="1788" pin=1"/></net>

<net id="1794"><net_src comp="1773" pin="2"/><net_sink comp="1788" pin=2"/></net>

<net id="1800"><net_src comp="1778" pin="2"/><net_sink comp="1795" pin=1"/></net>

<net id="1801"><net_src comp="1768" pin="2"/><net_sink comp="1795" pin=2"/></net>

<net id="1807"><net_src comp="24" pin="0"/><net_sink comp="1802" pin=0"/></net>

<net id="1808"><net_src comp="1788" pin="3"/><net_sink comp="1802" pin=1"/></net>

<net id="1809"><net_src comp="26" pin="0"/><net_sink comp="1802" pin=2"/></net>

<net id="1816"><net_src comp="100" pin="0"/><net_sink comp="1810" pin=0"/></net>

<net id="1817"><net_src comp="1795" pin="3"/><net_sink comp="1810" pin=1"/></net>

<net id="1818"><net_src comp="102" pin="0"/><net_sink comp="1810" pin=2"/></net>

<net id="1819"><net_src comp="26" pin="0"/><net_sink comp="1810" pin=3"/></net>

<net id="1823"><net_src comp="1810" pin="4"/><net_sink comp="1820" pin=0"/></net>

<net id="1830"><net_src comp="100" pin="0"/><net_sink comp="1824" pin=0"/></net>

<net id="1831"><net_src comp="1788" pin="3"/><net_sink comp="1824" pin=1"/></net>

<net id="1832"><net_src comp="102" pin="0"/><net_sink comp="1824" pin=2"/></net>

<net id="1833"><net_src comp="26" pin="0"/><net_sink comp="1824" pin=3"/></net>

<net id="1837"><net_src comp="1824" pin="4"/><net_sink comp="1834" pin=0"/></net>

<net id="1842"><net_src comp="1795" pin="3"/><net_sink comp="1838" pin=0"/></net>

<net id="1843"><net_src comp="1834" pin="1"/><net_sink comp="1838" pin=1"/></net>

<net id="1848"><net_src comp="1788" pin="3"/><net_sink comp="1844" pin=0"/></net>

<net id="1849"><net_src comp="1820" pin="1"/><net_sink comp="1844" pin=1"/></net>

<net id="1854"><net_src comp="1795" pin="3"/><net_sink comp="1850" pin=0"/></net>

<net id="1855"><net_src comp="1834" pin="1"/><net_sink comp="1850" pin=1"/></net>

<net id="1860"><net_src comp="1788" pin="3"/><net_sink comp="1856" pin=0"/></net>

<net id="1861"><net_src comp="1820" pin="1"/><net_sink comp="1856" pin=1"/></net>

<net id="1867"><net_src comp="1802" pin="3"/><net_sink comp="1862" pin=0"/></net>

<net id="1868"><net_src comp="1856" pin="2"/><net_sink comp="1862" pin=1"/></net>

<net id="1869"><net_src comp="1844" pin="2"/><net_sink comp="1862" pin=2"/></net>

<net id="1875"><net_src comp="1802" pin="3"/><net_sink comp="1870" pin=0"/></net>

<net id="1876"><net_src comp="1850" pin="2"/><net_sink comp="1870" pin=1"/></net>

<net id="1877"><net_src comp="1838" pin="2"/><net_sink comp="1870" pin=2"/></net>

<net id="1883"><net_src comp="24" pin="0"/><net_sink comp="1878" pin=0"/></net>

<net id="1884"><net_src comp="1862" pin="3"/><net_sink comp="1878" pin=1"/></net>

<net id="1885"><net_src comp="26" pin="0"/><net_sink comp="1878" pin=2"/></net>

<net id="1892"><net_src comp="104" pin="0"/><net_sink comp="1886" pin=0"/></net>

<net id="1893"><net_src comp="1870" pin="3"/><net_sink comp="1886" pin=1"/></net>

<net id="1894"><net_src comp="106" pin="0"/><net_sink comp="1886" pin=2"/></net>

<net id="1895"><net_src comp="26" pin="0"/><net_sink comp="1886" pin=3"/></net>

<net id="1899"><net_src comp="1886" pin="4"/><net_sink comp="1896" pin=0"/></net>

<net id="1906"><net_src comp="104" pin="0"/><net_sink comp="1900" pin=0"/></net>

<net id="1907"><net_src comp="1862" pin="3"/><net_sink comp="1900" pin=1"/></net>

<net id="1908"><net_src comp="106" pin="0"/><net_sink comp="1900" pin=2"/></net>

<net id="1909"><net_src comp="26" pin="0"/><net_sink comp="1900" pin=3"/></net>

<net id="1913"><net_src comp="1900" pin="4"/><net_sink comp="1910" pin=0"/></net>

<net id="1918"><net_src comp="1870" pin="3"/><net_sink comp="1914" pin=0"/></net>

<net id="1919"><net_src comp="1910" pin="1"/><net_sink comp="1914" pin=1"/></net>

<net id="1924"><net_src comp="1862" pin="3"/><net_sink comp="1920" pin=0"/></net>

<net id="1925"><net_src comp="1896" pin="1"/><net_sink comp="1920" pin=1"/></net>

<net id="1930"><net_src comp="1870" pin="3"/><net_sink comp="1926" pin=0"/></net>

<net id="1931"><net_src comp="1910" pin="1"/><net_sink comp="1926" pin=1"/></net>

<net id="1936"><net_src comp="1862" pin="3"/><net_sink comp="1932" pin=0"/></net>

<net id="1937"><net_src comp="1896" pin="1"/><net_sink comp="1932" pin=1"/></net>

<net id="1943"><net_src comp="1878" pin="3"/><net_sink comp="1938" pin=0"/></net>

<net id="1944"><net_src comp="1932" pin="2"/><net_sink comp="1938" pin=1"/></net>

<net id="1945"><net_src comp="1920" pin="2"/><net_sink comp="1938" pin=2"/></net>

<net id="1951"><net_src comp="1878" pin="3"/><net_sink comp="1946" pin=0"/></net>

<net id="1952"><net_src comp="1926" pin="2"/><net_sink comp="1946" pin=1"/></net>

<net id="1953"><net_src comp="1914" pin="2"/><net_sink comp="1946" pin=2"/></net>

<net id="1959"><net_src comp="24" pin="0"/><net_sink comp="1954" pin=0"/></net>

<net id="1960"><net_src comp="1938" pin="3"/><net_sink comp="1954" pin=1"/></net>

<net id="1961"><net_src comp="26" pin="0"/><net_sink comp="1954" pin=2"/></net>

<net id="1968"><net_src comp="108" pin="0"/><net_sink comp="1962" pin=0"/></net>

<net id="1969"><net_src comp="1946" pin="3"/><net_sink comp="1962" pin=1"/></net>

<net id="1970"><net_src comp="110" pin="0"/><net_sink comp="1962" pin=2"/></net>

<net id="1971"><net_src comp="26" pin="0"/><net_sink comp="1962" pin=3"/></net>

<net id="1975"><net_src comp="1962" pin="4"/><net_sink comp="1972" pin=0"/></net>

<net id="1982"><net_src comp="108" pin="0"/><net_sink comp="1976" pin=0"/></net>

<net id="1983"><net_src comp="1938" pin="3"/><net_sink comp="1976" pin=1"/></net>

<net id="1984"><net_src comp="110" pin="0"/><net_sink comp="1976" pin=2"/></net>

<net id="1985"><net_src comp="26" pin="0"/><net_sink comp="1976" pin=3"/></net>

<net id="1989"><net_src comp="1976" pin="4"/><net_sink comp="1986" pin=0"/></net>

<net id="1994"><net_src comp="1946" pin="3"/><net_sink comp="1990" pin=0"/></net>

<net id="1995"><net_src comp="1986" pin="1"/><net_sink comp="1990" pin=1"/></net>

<net id="2000"><net_src comp="1938" pin="3"/><net_sink comp="1996" pin=0"/></net>

<net id="2001"><net_src comp="1972" pin="1"/><net_sink comp="1996" pin=1"/></net>

<net id="2006"><net_src comp="1946" pin="3"/><net_sink comp="2002" pin=0"/></net>

<net id="2007"><net_src comp="1986" pin="1"/><net_sink comp="2002" pin=1"/></net>

<net id="2012"><net_src comp="1938" pin="3"/><net_sink comp="2008" pin=0"/></net>

<net id="2013"><net_src comp="1972" pin="1"/><net_sink comp="2008" pin=1"/></net>

<net id="2019"><net_src comp="1954" pin="3"/><net_sink comp="2014" pin=0"/></net>

<net id="2020"><net_src comp="2008" pin="2"/><net_sink comp="2014" pin=1"/></net>

<net id="2021"><net_src comp="1996" pin="2"/><net_sink comp="2014" pin=2"/></net>

<net id="2027"><net_src comp="24" pin="0"/><net_sink comp="2022" pin=0"/></net>

<net id="2028"><net_src comp="2014" pin="3"/><net_sink comp="2022" pin=1"/></net>

<net id="2029"><net_src comp="26" pin="0"/><net_sink comp="2022" pin=2"/></net>

<net id="2036"><net_src comp="112" pin="0"/><net_sink comp="2030" pin=0"/></net>

<net id="2037"><net_src comp="1990" pin="2"/><net_sink comp="2030" pin=1"/></net>

<net id="2038"><net_src comp="114" pin="0"/><net_sink comp="2030" pin=2"/></net>

<net id="2039"><net_src comp="26" pin="0"/><net_sink comp="2030" pin=3"/></net>

<net id="2046"><net_src comp="112" pin="0"/><net_sink comp="2040" pin=0"/></net>

<net id="2047"><net_src comp="2002" pin="2"/><net_sink comp="2040" pin=1"/></net>

<net id="2048"><net_src comp="114" pin="0"/><net_sink comp="2040" pin=2"/></net>

<net id="2049"><net_src comp="26" pin="0"/><net_sink comp="2040" pin=3"/></net>

<net id="2055"><net_src comp="1954" pin="3"/><net_sink comp="2050" pin=0"/></net>

<net id="2056"><net_src comp="2040" pin="4"/><net_sink comp="2050" pin=1"/></net>

<net id="2057"><net_src comp="2030" pin="4"/><net_sink comp="2050" pin=2"/></net>

<net id="2061"><net_src comp="2050" pin="3"/><net_sink comp="2058" pin=0"/></net>

<net id="2066"><net_src comp="2014" pin="3"/><net_sink comp="2062" pin=0"/></net>

<net id="2067"><net_src comp="2058" pin="1"/><net_sink comp="2062" pin=1"/></net>

<net id="2072"><net_src comp="2014" pin="3"/><net_sink comp="2068" pin=0"/></net>

<net id="2073"><net_src comp="2058" pin="1"/><net_sink comp="2068" pin=1"/></net>

<net id="2079"><net_src comp="2022" pin="3"/><net_sink comp="2074" pin=0"/></net>

<net id="2080"><net_src comp="116" pin="0"/><net_sink comp="2074" pin=1"/></net>

<net id="2081"><net_src comp="118" pin="0"/><net_sink comp="2074" pin=2"/></net>

<net id="2087"><net_src comp="24" pin="0"/><net_sink comp="2082" pin=0"/></net>

<net id="2088"><net_src comp="2062" pin="2"/><net_sink comp="2082" pin=1"/></net>

<net id="2089"><net_src comp="26" pin="0"/><net_sink comp="2082" pin=2"/></net>

<net id="2095"><net_src comp="24" pin="0"/><net_sink comp="2090" pin=0"/></net>

<net id="2096"><net_src comp="2068" pin="2"/><net_sink comp="2090" pin=1"/></net>

<net id="2097"><net_src comp="26" pin="0"/><net_sink comp="2090" pin=2"/></net>

<net id="2103"><net_src comp="2022" pin="3"/><net_sink comp="2098" pin=0"/></net>

<net id="2104"><net_src comp="2090" pin="3"/><net_sink comp="2098" pin=1"/></net>

<net id="2105"><net_src comp="2082" pin="3"/><net_sink comp="2098" pin=2"/></net>

<net id="2111"><net_src comp="2098" pin="3"/><net_sink comp="2106" pin=0"/></net>

<net id="2112"><net_src comp="120" pin="0"/><net_sink comp="2106" pin=1"/></net>

<net id="2113"><net_src comp="122" pin="0"/><net_sink comp="2106" pin=2"/></net>

<net id="2118"><net_src comp="2074" pin="3"/><net_sink comp="2114" pin=0"/></net>

<net id="2119"><net_src comp="2106" pin="3"/><net_sink comp="2114" pin=1"/></net>

<net id="2141"><net_src comp="6" pin="0"/><net_sink comp="2136" pin=1"/></net>

<net id="2142"><net_src comp="124" pin="0"/><net_sink comp="2136" pin=2"/></net>

<net id="2148"><net_src comp="126" pin="0"/><net_sink comp="2143" pin=1"/></net>

<net id="2149"><net_src comp="128" pin="0"/><net_sink comp="2143" pin=2"/></net>

<net id="2155"><net_src comp="130" pin="0"/><net_sink comp="2150" pin=1"/></net>

<net id="2156"><net_src comp="132" pin="0"/><net_sink comp="2150" pin=2"/></net>

<net id="2162"><net_src comp="134" pin="0"/><net_sink comp="2157" pin=1"/></net>

<net id="2163"><net_src comp="136" pin="0"/><net_sink comp="2157" pin=2"/></net>

<net id="2169"><net_src comp="138" pin="0"/><net_sink comp="2164" pin=1"/></net>

<net id="2170"><net_src comp="140" pin="0"/><net_sink comp="2164" pin=2"/></net>

<net id="2176"><net_src comp="142" pin="0"/><net_sink comp="2171" pin=1"/></net>

<net id="2177"><net_src comp="144" pin="0"/><net_sink comp="2171" pin=2"/></net>

<net id="2183"><net_src comp="146" pin="0"/><net_sink comp="2178" pin=1"/></net>

<net id="2184"><net_src comp="148" pin="0"/><net_sink comp="2178" pin=2"/></net>

<net id="2190"><net_src comp="150" pin="0"/><net_sink comp="2185" pin=1"/></net>

<net id="2191"><net_src comp="152" pin="0"/><net_sink comp="2185" pin=2"/></net>

<net id="2197"><net_src comp="154" pin="0"/><net_sink comp="2192" pin=1"/></net>

<net id="2198"><net_src comp="156" pin="0"/><net_sink comp="2192" pin=2"/></net>

<net id="2204"><net_src comp="158" pin="0"/><net_sink comp="2199" pin=1"/></net>

<net id="2205"><net_src comp="160" pin="0"/><net_sink comp="2199" pin=2"/></net>

<net id="2211"><net_src comp="162" pin="0"/><net_sink comp="2206" pin=1"/></net>

<net id="2212"><net_src comp="164" pin="0"/><net_sink comp="2206" pin=2"/></net>

<net id="2218"><net_src comp="166" pin="0"/><net_sink comp="2213" pin=1"/></net>

<net id="2219"><net_src comp="168" pin="0"/><net_sink comp="2213" pin=2"/></net>

<net id="2225"><net_src comp="170" pin="0"/><net_sink comp="2220" pin=1"/></net>

<net id="2226"><net_src comp="172" pin="0"/><net_sink comp="2220" pin=2"/></net>

<net id="2232"><net_src comp="174" pin="0"/><net_sink comp="2227" pin=1"/></net>

<net id="2233"><net_src comp="176" pin="0"/><net_sink comp="2227" pin=2"/></net>

<net id="2239"><net_src comp="178" pin="0"/><net_sink comp="2234" pin=1"/></net>

<net id="2240"><net_src comp="180" pin="0"/><net_sink comp="2234" pin=2"/></net>

<net id="2246"><net_src comp="182" pin="0"/><net_sink comp="2241" pin=1"/></net>

<net id="2247"><net_src comp="184" pin="0"/><net_sink comp="2241" pin=2"/></net>

<net id="2253"><net_src comp="186" pin="0"/><net_sink comp="2248" pin=1"/></net>

<net id="2254"><net_src comp="188" pin="0"/><net_sink comp="2248" pin=2"/></net>

<net id="2260"><net_src comp="190" pin="0"/><net_sink comp="2255" pin=1"/></net>

<net id="2261"><net_src comp="192" pin="0"/><net_sink comp="2255" pin=2"/></net>

<net id="2267"><net_src comp="194" pin="0"/><net_sink comp="2262" pin=1"/></net>

<net id="2268"><net_src comp="196" pin="0"/><net_sink comp="2262" pin=2"/></net>

<net id="2274"><net_src comp="198" pin="0"/><net_sink comp="2269" pin=1"/></net>

<net id="2275"><net_src comp="200" pin="0"/><net_sink comp="2269" pin=2"/></net>

<net id="2281"><net_src comp="202" pin="0"/><net_sink comp="2276" pin=1"/></net>

<net id="2282"><net_src comp="204" pin="0"/><net_sink comp="2276" pin=2"/></net>

<net id="2288"><net_src comp="206" pin="0"/><net_sink comp="2283" pin=1"/></net>

<net id="2289"><net_src comp="208" pin="0"/><net_sink comp="2283" pin=2"/></net>

<net id="2295"><net_src comp="210" pin="0"/><net_sink comp="2290" pin=1"/></net>

<net id="2296"><net_src comp="212" pin="0"/><net_sink comp="2290" pin=2"/></net>

<net id="2301"><net_src comp="2150" pin="3"/><net_sink comp="2297" pin=0"/></net>

<net id="2302"><net_src comp="2157" pin="3"/><net_sink comp="2297" pin=1"/></net>

<net id="2306"><net_src comp="2297" pin="2"/><net_sink comp="2303" pin=0"/></net>

<net id="2311"><net_src comp="2303" pin="1"/><net_sink comp="2307" pin=0"/></net>

<net id="2312"><net_src comp="2143" pin="3"/><net_sink comp="2307" pin=1"/></net>

<net id="2317"><net_src comp="2171" pin="3"/><net_sink comp="2313" pin=0"/></net>

<net id="2318"><net_src comp="2178" pin="3"/><net_sink comp="2313" pin=1"/></net>

<net id="2322"><net_src comp="2313" pin="2"/><net_sink comp="2319" pin=0"/></net>

<net id="2327"><net_src comp="2319" pin="1"/><net_sink comp="2323" pin=0"/></net>

<net id="2328"><net_src comp="2164" pin="3"/><net_sink comp="2323" pin=1"/></net>

<net id="2332"><net_src comp="2323" pin="2"/><net_sink comp="2329" pin=0"/></net>

<net id="2337"><net_src comp="2329" pin="1"/><net_sink comp="2333" pin=0"/></net>

<net id="2338"><net_src comp="2307" pin="2"/><net_sink comp="2333" pin=1"/></net>

<net id="2343"><net_src comp="2192" pin="3"/><net_sink comp="2339" pin=0"/></net>

<net id="2344"><net_src comp="2199" pin="3"/><net_sink comp="2339" pin=1"/></net>

<net id="2348"><net_src comp="2339" pin="2"/><net_sink comp="2345" pin=0"/></net>

<net id="2353"><net_src comp="2345" pin="1"/><net_sink comp="2349" pin=0"/></net>

<net id="2354"><net_src comp="2185" pin="3"/><net_sink comp="2349" pin=1"/></net>

<net id="2359"><net_src comp="2213" pin="3"/><net_sink comp="2355" pin=0"/></net>

<net id="2360"><net_src comp="2220" pin="3"/><net_sink comp="2355" pin=1"/></net>

<net id="2364"><net_src comp="2355" pin="2"/><net_sink comp="2361" pin=0"/></net>

<net id="2369"><net_src comp="2361" pin="1"/><net_sink comp="2365" pin=0"/></net>

<net id="2370"><net_src comp="2206" pin="3"/><net_sink comp="2365" pin=1"/></net>

<net id="2374"><net_src comp="2365" pin="2"/><net_sink comp="2371" pin=0"/></net>

<net id="2379"><net_src comp="2371" pin="1"/><net_sink comp="2375" pin=0"/></net>

<net id="2380"><net_src comp="2349" pin="2"/><net_sink comp="2375" pin=1"/></net>

<net id="2384"><net_src comp="2375" pin="2"/><net_sink comp="2381" pin=0"/></net>

<net id="2389"><net_src comp="2381" pin="1"/><net_sink comp="2385" pin=0"/></net>

<net id="2390"><net_src comp="2333" pin="2"/><net_sink comp="2385" pin=1"/></net>

<net id="2395"><net_src comp="2234" pin="3"/><net_sink comp="2391" pin=0"/></net>

<net id="2396"><net_src comp="2241" pin="3"/><net_sink comp="2391" pin=1"/></net>

<net id="2400"><net_src comp="2391" pin="2"/><net_sink comp="2397" pin=0"/></net>

<net id="2405"><net_src comp="2397" pin="1"/><net_sink comp="2401" pin=0"/></net>

<net id="2406"><net_src comp="2227" pin="3"/><net_sink comp="2401" pin=1"/></net>

<net id="2411"><net_src comp="2255" pin="3"/><net_sink comp="2407" pin=0"/></net>

<net id="2412"><net_src comp="2262" pin="3"/><net_sink comp="2407" pin=1"/></net>

<net id="2416"><net_src comp="2407" pin="2"/><net_sink comp="2413" pin=0"/></net>

<net id="2421"><net_src comp="2413" pin="1"/><net_sink comp="2417" pin=0"/></net>

<net id="2422"><net_src comp="2248" pin="3"/><net_sink comp="2417" pin=1"/></net>

<net id="2426"><net_src comp="2417" pin="2"/><net_sink comp="2423" pin=0"/></net>

<net id="2431"><net_src comp="2423" pin="1"/><net_sink comp="2427" pin=0"/></net>

<net id="2432"><net_src comp="2401" pin="2"/><net_sink comp="2427" pin=1"/></net>

<net id="2437"><net_src comp="2276" pin="3"/><net_sink comp="2433" pin=0"/></net>

<net id="2438"><net_src comp="2283" pin="3"/><net_sink comp="2433" pin=1"/></net>

<net id="2442"><net_src comp="2433" pin="2"/><net_sink comp="2439" pin=0"/></net>

<net id="2447"><net_src comp="2439" pin="1"/><net_sink comp="2443" pin=0"/></net>

<net id="2448"><net_src comp="2269" pin="3"/><net_sink comp="2443" pin=1"/></net>

<net id="2456"><net_src comp="2449" pin="1"/><net_sink comp="2452" pin=0"/></net>

<net id="2457"><net_src comp="2290" pin="3"/><net_sink comp="2452" pin=1"/></net>

<net id="2461"><net_src comp="2452" pin="2"/><net_sink comp="2458" pin=0"/></net>

<net id="2466"><net_src comp="2458" pin="1"/><net_sink comp="2462" pin=0"/></net>

<net id="2467"><net_src comp="2443" pin="2"/><net_sink comp="2462" pin=1"/></net>

<net id="2471"><net_src comp="2462" pin="2"/><net_sink comp="2468" pin=0"/></net>

<net id="2476"><net_src comp="2468" pin="1"/><net_sink comp="2472" pin=0"/></net>

<net id="2477"><net_src comp="2427" pin="2"/><net_sink comp="2472" pin=1"/></net>

<net id="2481"><net_src comp="2472" pin="2"/><net_sink comp="2478" pin=0"/></net>

<net id="2486"><net_src comp="2478" pin="1"/><net_sink comp="2482" pin=0"/></net>

<net id="2487"><net_src comp="2385" pin="2"/><net_sink comp="2482" pin=1"/></net>

<net id="2491"><net_src comp="2482" pin="2"/><net_sink comp="2488" pin=0"/></net>

<net id="2496"><net_src comp="214" pin="0"/><net_sink comp="2492" pin=0"/></net>

<net id="2497"><net_src comp="2488" pin="1"/><net_sink comp="2492" pin=1"/></net>

<net id="2503"><net_src comp="2492" pin="2"/><net_sink comp="2498" pin=1"/></net>

<net id="2504"><net_src comp="2488" pin="1"/><net_sink comp="2498" pin=2"/></net>

<net id="2513"><net_src comp="216" pin="0"/><net_sink comp="2509" pin=0"/></net>

<net id="2514"><net_src comp="2498" pin="3"/><net_sink comp="2509" pin=1"/></net>

<net id="2519"><net_src comp="2498" pin="3"/><net_sink comp="2515" pin=0"/></net>

<net id="2520"><net_src comp="218" pin="0"/><net_sink comp="2515" pin=1"/></net>

<net id="2525"><net_src comp="220" pin="0"/><net_sink comp="2521" pin=0"/></net>

<net id="2526"><net_src comp="2498" pin="3"/><net_sink comp="2521" pin=1"/></net>

<net id="2531"><net_src comp="2120" pin="2"/><net_sink comp="2527" pin=0"/></net>

<net id="2532"><net_src comp="2124" pin="2"/><net_sink comp="2527" pin=1"/></net>

<net id="2537"><net_src comp="2527" pin="2"/><net_sink comp="2533" pin=0"/></net>

<net id="2538"><net_src comp="2128" pin="2"/><net_sink comp="2533" pin=1"/></net>

<net id="2543"><net_src comp="2533" pin="2"/><net_sink comp="2539" pin=0"/></net>

<net id="2544"><net_src comp="2132" pin="2"/><net_sink comp="2539" pin=1"/></net>

<net id="2549"><net_src comp="2539" pin="2"/><net_sink comp="2545" pin=0"/></net>

<net id="2554"><net_src comp="2545" pin="2"/><net_sink comp="2550" pin=0"/></net>

<net id="2555"><net_src comp="222" pin="0"/><net_sink comp="2550" pin=1"/></net>

<net id="2560"><net_src comp="2505" pin="2"/><net_sink comp="2556" pin=0"/></net>

<net id="2561"><net_src comp="2550" pin="2"/><net_sink comp="2556" pin=1"/></net>

<net id="2566"><net_src comp="2545" pin="2"/><net_sink comp="2562" pin=0"/></net>

<net id="2567"><net_src comp="2505" pin="2"/><net_sink comp="2562" pin=1"/></net>

<net id="2572"><net_src comp="2562" pin="2"/><net_sink comp="2568" pin=0"/></net>

<net id="2573"><net_src comp="222" pin="0"/><net_sink comp="2568" pin=1"/></net>

<net id="2578"><net_src comp="2568" pin="2"/><net_sink comp="2574" pin=1"/></net>

<net id="2583"><net_src comp="2562" pin="2"/><net_sink comp="2579" pin=0"/></net>

<net id="2588"><net_src comp="2579" pin="2"/><net_sink comp="2584" pin=0"/></net>

<net id="2589"><net_src comp="222" pin="0"/><net_sink comp="2584" pin=1"/></net>

<net id="2594"><net_src comp="2584" pin="2"/><net_sink comp="2590" pin=1"/></net>

<net id="2599"><net_src comp="2590" pin="2"/><net_sink comp="2595" pin=0"/></net>

<net id="2606"><net_src comp="52" pin="0"/><net_sink comp="2600" pin=0"/></net>

<net id="2607"><net_src comp="2521" pin="2"/><net_sink comp="2600" pin=1"/></net>

<net id="2608"><net_src comp="54" pin="0"/><net_sink comp="2600" pin=2"/></net>

<net id="2609"><net_src comp="26" pin="0"/><net_sink comp="2600" pin=3"/></net>

<net id="2616"><net_src comp="52" pin="0"/><net_sink comp="2610" pin=0"/></net>

<net id="2617"><net_src comp="2515" pin="2"/><net_sink comp="2610" pin=1"/></net>

<net id="2618"><net_src comp="54" pin="0"/><net_sink comp="2610" pin=2"/></net>

<net id="2619"><net_src comp="26" pin="0"/><net_sink comp="2610" pin=3"/></net>

<net id="2626"><net_src comp="52" pin="0"/><net_sink comp="2620" pin=0"/></net>

<net id="2627"><net_src comp="2509" pin="2"/><net_sink comp="2620" pin=1"/></net>

<net id="2628"><net_src comp="54" pin="0"/><net_sink comp="2620" pin=2"/></net>

<net id="2629"><net_src comp="26" pin="0"/><net_sink comp="2620" pin=3"/></net>

<net id="2636"><net_src comp="52" pin="0"/><net_sink comp="2630" pin=0"/></net>

<net id="2637"><net_src comp="2498" pin="3"/><net_sink comp="2630" pin=1"/></net>

<net id="2638"><net_src comp="54" pin="0"/><net_sink comp="2630" pin=2"/></net>

<net id="2639"><net_src comp="26" pin="0"/><net_sink comp="2630" pin=3"/></net>

<net id="2645"><net_src comp="2556" pin="2"/><net_sink comp="2640" pin=0"/></net>

<net id="2646"><net_src comp="2620" pin="4"/><net_sink comp="2640" pin=1"/></net>

<net id="2647"><net_src comp="2630" pin="4"/><net_sink comp="2640" pin=2"/></net>

<net id="2653"><net_src comp="2574" pin="2"/><net_sink comp="2648" pin=0"/></net>

<net id="2654"><net_src comp="2610" pin="4"/><net_sink comp="2648" pin=1"/></net>

<net id="2655"><net_src comp="2640" pin="3"/><net_sink comp="2648" pin=2"/></net>

<net id="2661"><net_src comp="2595" pin="2"/><net_sink comp="2656" pin=0"/></net>

<net id="2662"><net_src comp="2600" pin="4"/><net_sink comp="2656" pin=1"/></net>

<net id="2663"><net_src comp="2648" pin="3"/><net_sink comp="2656" pin=2"/></net>

<net id="2668"><net_src comp="2539" pin="2"/><net_sink comp="2664" pin=0"/></net>

<net id="2669"><net_src comp="222" pin="0"/><net_sink comp="2664" pin=1"/></net>

<net id="2674"><net_src comp="2664" pin="2"/><net_sink comp="2670" pin=1"/></net>

<net id="2679"><net_src comp="222" pin="0"/><net_sink comp="2675" pin=1"/></net>

<net id="2684"><net_src comp="2670" pin="2"/><net_sink comp="2680" pin=0"/></net>

<net id="2685"><net_src comp="2675" pin="2"/><net_sink comp="2680" pin=1"/></net>

<net id="2691"><net_src comp="2680" pin="2"/><net_sink comp="2686" pin=0"/></net>

<net id="2692"><net_src comp="2136" pin="3"/><net_sink comp="2686" pin=1"/></net>

<net id="2693"><net_src comp="2656" pin="3"/><net_sink comp="2686" pin=2"/></net>

<net id="2699"><net_src comp="2120" pin="2"/><net_sink comp="2694" pin=0"/></net>

<net id="2700"><net_src comp="6" pin="0"/><net_sink comp="2694" pin=1"/></net>

<net id="2701"><net_src comp="2686" pin="3"/><net_sink comp="2694" pin=2"/></net>

<net id="2706"><net_src comp="2120" pin="2"/><net_sink comp="2702" pin=0"/></net>

<net id="2707"><net_src comp="222" pin="0"/><net_sink comp="2702" pin=1"/></net>

<net id="2712"><net_src comp="2124" pin="2"/><net_sink comp="2708" pin=0"/></net>

<net id="2713"><net_src comp="2702" pin="2"/><net_sink comp="2708" pin=1"/></net>

<net id="2718"><net_src comp="2527" pin="2"/><net_sink comp="2714" pin=0"/></net>

<net id="2719"><net_src comp="222" pin="0"/><net_sink comp="2714" pin=1"/></net>

<net id="2724"><net_src comp="2128" pin="2"/><net_sink comp="2720" pin=0"/></net>

<net id="2725"><net_src comp="2714" pin="2"/><net_sink comp="2720" pin=1"/></net>

<net id="2731"><net_src comp="2720" pin="2"/><net_sink comp="2726" pin=0"/></net>

<net id="2732"><net_src comp="224" pin="0"/><net_sink comp="2726" pin=1"/></net>

<net id="2733"><net_src comp="226" pin="0"/><net_sink comp="2726" pin=2"/></net>

<net id="2738"><net_src comp="2720" pin="2"/><net_sink comp="2734" pin=0"/></net>

<net id="2739"><net_src comp="2708" pin="2"/><net_sink comp="2734" pin=1"/></net>

<net id="2745"><net_src comp="2734" pin="2"/><net_sink comp="2740" pin=0"/></net>

<net id="2746"><net_src comp="2726" pin="3"/><net_sink comp="2740" pin=1"/></net>

<net id="2747"><net_src comp="2694" pin="3"/><net_sink comp="2740" pin=2"/></net>

<net id="2752"><net_src comp="2670" pin="2"/><net_sink comp="2748" pin=0"/></net>

<net id="2757"><net_src comp="222" pin="0"/><net_sink comp="2753" pin=1"/></net>

<net id="2762"><net_src comp="2753" pin="2"/><net_sink comp="2758" pin=1"/></net>

<net id="2768"><net_src comp="228" pin="0"/><net_sink comp="2763" pin=1"/></net>

<net id="2769"><net_src comp="230" pin="0"/><net_sink comp="2763" pin=2"/></net>

<net id="2774"><net_src comp="2758" pin="2"/><net_sink comp="2770" pin=1"/></net>

<net id="2780"><net_src comp="2770" pin="2"/><net_sink comp="2775" pin=0"/></net>

<net id="2781"><net_src comp="2763" pin="3"/><net_sink comp="2775" pin=1"/></net>

<net id="2785"><net_src comp="244" pin="2"/><net_sink comp="2782" pin=0"/></net>

<net id="2786"><net_src comp="2782" pin="1"/><net_sink comp="2128" pin=0"/></net>

<net id="2787"><net_src comp="2782" pin="1"/><net_sink comp="2505" pin=1"/></net>

<net id="2788"><net_src comp="2782" pin="1"/><net_sink comp="2675" pin=0"/></net>

<net id="2789"><net_src comp="2782" pin="1"/><net_sink comp="2748" pin=1"/></net>

<net id="2793"><net_src comp="268" pin="2"/><net_sink comp="2790" pin=0"/></net>

<net id="2794"><net_src comp="2790" pin="1"/><net_sink comp="2120" pin=1"/></net>

<net id="2795"><net_src comp="2790" pin="1"/><net_sink comp="2595" pin=1"/></net>

<net id="2799"><net_src comp="292" pin="2"/><net_sink comp="2796" pin=0"/></net>

<net id="2800"><net_src comp="2796" pin="1"/><net_sink comp="2120" pin=0"/></net>

<net id="2801"><net_src comp="2796" pin="1"/><net_sink comp="2124" pin=0"/></net>

<net id="2802"><net_src comp="2796" pin="1"/><net_sink comp="2136" pin=0"/></net>

<net id="2806"><net_src comp="298" pin="2"/><net_sink comp="2803" pin=0"/></net>

<net id="2807"><net_src comp="2803" pin="1"/><net_sink comp="2124" pin=1"/></net>

<net id="2808"><net_src comp="2803" pin="1"/><net_sink comp="2505" pin=0"/></net>

<net id="2812"><net_src comp="304" pin="2"/><net_sink comp="2809" pin=0"/></net>

<net id="2813"><net_src comp="2809" pin="1"/><net_sink comp="2128" pin=1"/></net>

<net id="2814"><net_src comp="2809" pin="1"/><net_sink comp="2132" pin=1"/></net>

<net id="2818"><net_src comp="310" pin="2"/><net_sink comp="2815" pin=0"/></net>

<net id="2819"><net_src comp="2815" pin="1"/><net_sink comp="2132" pin=0"/></net>

<net id="2820"><net_src comp="2815" pin="1"/><net_sink comp="2590" pin=0"/></net>

<net id="2824"><net_src comp="316" pin="2"/><net_sink comp="2821" pin=0"/></net>

<net id="2825"><net_src comp="2821" pin="1"/><net_sink comp="2545" pin=1"/></net>

<net id="2826"><net_src comp="2821" pin="1"/><net_sink comp="2670" pin=0"/></net>

<net id="2830"><net_src comp="358" pin="2"/><net_sink comp="2827" pin=0"/></net>

<net id="2831"><net_src comp="2827" pin="1"/><net_sink comp="2498" pin=0"/></net>

<net id="2835"><net_src comp="446" pin="3"/><net_sink comp="2832" pin=0"/></net>

<net id="2836"><net_src comp="2832" pin="1"/><net_sink comp="2143" pin=0"/></net>

<net id="2840"><net_src comp="454" pin="3"/><net_sink comp="2837" pin=0"/></net>

<net id="2841"><net_src comp="2837" pin="1"/><net_sink comp="2150" pin=0"/></net>

<net id="2845"><net_src comp="530" pin="3"/><net_sink comp="2842" pin=0"/></net>

<net id="2846"><net_src comp="2842" pin="1"/><net_sink comp="2157" pin=0"/></net>

<net id="2850"><net_src comp="590" pin="3"/><net_sink comp="2847" pin=0"/></net>

<net id="2851"><net_src comp="2847" pin="1"/><net_sink comp="657" pin=0"/></net>

<net id="2852"><net_src comp="2847" pin="1"/><net_sink comp="667" pin=0"/></net>

<net id="2856"><net_src comp="598" pin="3"/><net_sink comp="2853" pin=0"/></net>

<net id="2857"><net_src comp="2853" pin="1"/><net_sink comp="652" pin=0"/></net>

<net id="2858"><net_src comp="2853" pin="1"/><net_sink comp="662" pin=0"/></net>

<net id="2862"><net_src comp="606" pin="3"/><net_sink comp="2859" pin=0"/></net>

<net id="2863"><net_src comp="2859" pin="1"/><net_sink comp="672" pin=0"/></net>

<net id="2864"><net_src comp="2859" pin="1"/><net_sink comp="679" pin=0"/></net>

<net id="2865"><net_src comp="2859" pin="1"/><net_sink comp="2164" pin=0"/></net>

<net id="2869"><net_src comp="614" pin="4"/><net_sink comp="2866" pin=0"/></net>

<net id="2870"><net_src comp="2866" pin="1"/><net_sink comp="646" pin=0"/></net>

<net id="2874"><net_src comp="624" pin="4"/><net_sink comp="2871" pin=0"/></net>

<net id="2875"><net_src comp="2871" pin="1"/><net_sink comp="649" pin=0"/></net>

<net id="2879"><net_src comp="640" pin="2"/><net_sink comp="2876" pin=0"/></net>

<net id="2880"><net_src comp="2876" pin="1"/><net_sink comp="2574" pin=0"/></net>

<net id="2881"><net_src comp="2876" pin="1"/><net_sink comp="2579" pin=1"/></net>

<net id="2885"><net_src comp="686" pin="3"/><net_sink comp="2882" pin=0"/></net>

<net id="2886"><net_src comp="2882" pin="1"/><net_sink comp="2171" pin=0"/></net>

<net id="2890"><net_src comp="762" pin="3"/><net_sink comp="2887" pin=0"/></net>

<net id="2891"><net_src comp="2887" pin="1"/><net_sink comp="2178" pin=0"/></net>

<net id="2895"><net_src comp="838" pin="3"/><net_sink comp="2892" pin=0"/></net>

<net id="2896"><net_src comp="2892" pin="1"/><net_sink comp="2185" pin=0"/></net>

<net id="2900"><net_src comp="914" pin="3"/><net_sink comp="2897" pin=0"/></net>

<net id="2901"><net_src comp="2897" pin="1"/><net_sink comp="2192" pin=0"/></net>

<net id="2905"><net_src comp="974" pin="3"/><net_sink comp="2902" pin=0"/></net>

<net id="2906"><net_src comp="2902" pin="1"/><net_sink comp="1029" pin=0"/></net>

<net id="2907"><net_src comp="2902" pin="1"/><net_sink comp="1039" pin=0"/></net>

<net id="2911"><net_src comp="982" pin="3"/><net_sink comp="2908" pin=0"/></net>

<net id="2912"><net_src comp="2908" pin="1"/><net_sink comp="1024" pin=0"/></net>

<net id="2913"><net_src comp="2908" pin="1"/><net_sink comp="1034" pin=0"/></net>

<net id="2917"><net_src comp="990" pin="3"/><net_sink comp="2914" pin=0"/></net>

<net id="2918"><net_src comp="2914" pin="1"/><net_sink comp="1044" pin=0"/></net>

<net id="2919"><net_src comp="2914" pin="1"/><net_sink comp="1051" pin=0"/></net>

<net id="2920"><net_src comp="2914" pin="1"/><net_sink comp="2199" pin=0"/></net>

<net id="2924"><net_src comp="998" pin="4"/><net_sink comp="2921" pin=0"/></net>

<net id="2925"><net_src comp="2921" pin="1"/><net_sink comp="1018" pin=0"/></net>

<net id="2929"><net_src comp="1008" pin="4"/><net_sink comp="2926" pin=0"/></net>

<net id="2930"><net_src comp="2926" pin="1"/><net_sink comp="1021" pin=0"/></net>

<net id="2934"><net_src comp="1058" pin="3"/><net_sink comp="2931" pin=0"/></net>

<net id="2935"><net_src comp="2931" pin="1"/><net_sink comp="2206" pin=0"/></net>

<net id="2939"><net_src comp="1134" pin="3"/><net_sink comp="2936" pin=0"/></net>

<net id="2940"><net_src comp="2936" pin="1"/><net_sink comp="2213" pin=0"/></net>

<net id="2944"><net_src comp="1210" pin="3"/><net_sink comp="2941" pin=0"/></net>

<net id="2945"><net_src comp="2941" pin="1"/><net_sink comp="2220" pin=0"/></net>

<net id="2949"><net_src comp="1286" pin="3"/><net_sink comp="2946" pin=0"/></net>

<net id="2950"><net_src comp="2946" pin="1"/><net_sink comp="2227" pin=0"/></net>

<net id="2954"><net_src comp="1346" pin="3"/><net_sink comp="2951" pin=0"/></net>

<net id="2955"><net_src comp="2951" pin="1"/><net_sink comp="1401" pin=0"/></net>

<net id="2956"><net_src comp="2951" pin="1"/><net_sink comp="1411" pin=0"/></net>

<net id="2960"><net_src comp="1354" pin="3"/><net_sink comp="2957" pin=0"/></net>

<net id="2961"><net_src comp="2957" pin="1"/><net_sink comp="1396" pin=0"/></net>

<net id="2962"><net_src comp="2957" pin="1"/><net_sink comp="1406" pin=0"/></net>

<net id="2966"><net_src comp="1362" pin="3"/><net_sink comp="2963" pin=0"/></net>

<net id="2967"><net_src comp="2963" pin="1"/><net_sink comp="1416" pin=0"/></net>

<net id="2968"><net_src comp="2963" pin="1"/><net_sink comp="1423" pin=0"/></net>

<net id="2969"><net_src comp="2963" pin="1"/><net_sink comp="2234" pin=0"/></net>

<net id="2973"><net_src comp="1370" pin="4"/><net_sink comp="2970" pin=0"/></net>

<net id="2974"><net_src comp="2970" pin="1"/><net_sink comp="1390" pin=0"/></net>

<net id="2978"><net_src comp="1380" pin="4"/><net_sink comp="2975" pin=0"/></net>

<net id="2979"><net_src comp="2975" pin="1"/><net_sink comp="1393" pin=0"/></net>

<net id="2983"><net_src comp="1430" pin="3"/><net_sink comp="2980" pin=0"/></net>

<net id="2984"><net_src comp="2980" pin="1"/><net_sink comp="2241" pin=0"/></net>

<net id="2988"><net_src comp="1506" pin="3"/><net_sink comp="2985" pin=0"/></net>

<net id="2989"><net_src comp="2985" pin="1"/><net_sink comp="2248" pin=0"/></net>

<net id="2993"><net_src comp="1582" pin="3"/><net_sink comp="2990" pin=0"/></net>

<net id="2994"><net_src comp="2990" pin="1"/><net_sink comp="2255" pin=0"/></net>

<net id="2998"><net_src comp="1658" pin="3"/><net_sink comp="2995" pin=0"/></net>

<net id="2999"><net_src comp="2995" pin="1"/><net_sink comp="2262" pin=0"/></net>

<net id="3003"><net_src comp="1718" pin="3"/><net_sink comp="3000" pin=0"/></net>

<net id="3004"><net_src comp="3000" pin="1"/><net_sink comp="1773" pin=0"/></net>

<net id="3005"><net_src comp="3000" pin="1"/><net_sink comp="1783" pin=0"/></net>

<net id="3009"><net_src comp="1726" pin="3"/><net_sink comp="3006" pin=0"/></net>

<net id="3010"><net_src comp="3006" pin="1"/><net_sink comp="1768" pin=0"/></net>

<net id="3011"><net_src comp="3006" pin="1"/><net_sink comp="1778" pin=0"/></net>

<net id="3015"><net_src comp="1734" pin="3"/><net_sink comp="3012" pin=0"/></net>

<net id="3016"><net_src comp="3012" pin="1"/><net_sink comp="1788" pin=0"/></net>

<net id="3017"><net_src comp="3012" pin="1"/><net_sink comp="1795" pin=0"/></net>

<net id="3018"><net_src comp="3012" pin="1"/><net_sink comp="2269" pin=0"/></net>

<net id="3022"><net_src comp="1742" pin="4"/><net_sink comp="3019" pin=0"/></net>

<net id="3023"><net_src comp="3019" pin="1"/><net_sink comp="1762" pin=0"/></net>

<net id="3027"><net_src comp="1752" pin="4"/><net_sink comp="3024" pin=0"/></net>

<net id="3028"><net_src comp="3024" pin="1"/><net_sink comp="1765" pin=0"/></net>

<net id="3032"><net_src comp="1802" pin="3"/><net_sink comp="3029" pin=0"/></net>

<net id="3033"><net_src comp="3029" pin="1"/><net_sink comp="2276" pin=0"/></net>

<net id="3037"><net_src comp="1878" pin="3"/><net_sink comp="3034" pin=0"/></net>

<net id="3038"><net_src comp="3034" pin="1"/><net_sink comp="2283" pin=0"/></net>

<net id="3042"><net_src comp="1954" pin="3"/><net_sink comp="3039" pin=0"/></net>

<net id="3043"><net_src comp="3039" pin="1"/><net_sink comp="2290" pin=0"/></net>

<net id="3047"><net_src comp="2114" pin="2"/><net_sink comp="3044" pin=0"/></net>

<net id="3048"><net_src comp="3044" pin="1"/><net_sink comp="2449" pin=0"/></net>

<net id="3052"><net_src comp="2132" pin="2"/><net_sink comp="3049" pin=0"/></net>

<net id="3053"><net_src comp="3049" pin="1"/><net_sink comp="2758" pin=0"/></net>

<net id="3057"><net_src comp="2533" pin="2"/><net_sink comp="3054" pin=0"/></net>

<net id="3058"><net_src comp="3054" pin="1"/><net_sink comp="2753" pin=0"/></net>

<net id="3062"><net_src comp="2740" pin="3"/><net_sink comp="3059" pin=0"/></net>

<net id="3063"><net_src comp="3059" pin="1"/><net_sink comp="2775" pin=2"/></net>

<net id="3067"><net_src comp="2748" pin="2"/><net_sink comp="3064" pin=0"/></net>

<net id="3068"><net_src comp="3064" pin="1"/><net_sink comp="2763" pin=0"/></net>

<net id="3069"><net_src comp="3064" pin="1"/><net_sink comp="2770" pin=0"/></net>

</net_list>

</model> 
---------------- Datapath Model END ------------------

* FSMD analyzer results:
  - Output states:
 - Input state : 
	Port: generic_atan2<20, 20> : in1 | {1 }
	Port: generic_atan2<20, 20> : in2 | {1 }
  - Chain level:
	State 1
		zext_ln601 : 1
		signin1 : 2
		zext_ln602 : 1
		signin2 : 2
		icmp_ln870 : 3
		icmp_ln870_4 : 3
		icmp_ln870_5 : 3
		icmp_ln870_6 : 3
		r_V : 1
		in1abs_V : 4
		r_V_10 : 1
		in2abs_V : 4
		icmp_ln1494_2 : 5
		shl_ln : 5
		shl_ln728_1 : 5
		y_V : 6
		sext_ln669 : 7
		x_V : 6
		sext_ln664 : 7
		tmp_51 : 7
		add_ln703 : 8
		sub_ln703 : 8
		sub_ln703_5 : 8
		select_ln228 : 9
		select_ln228_1 : 9
		tmp_52 : 7
		tmp_53 : 10
		trunc_ln6 : 10
		sext_ln1333 : 11
		trunc_ln1333_1 : 10
		sext_ln1333_1 : 11
		add_ln703_1 : 12
		sub_ln703_1 : 12
		sub_ln703_6 : 12
		add_ln703_3 : 12
		select_ln228_4 : 13
		select_ln228_5 : 13
		tmp_54 : 14
		trunc_ln1333_2 : 14
		sext_ln1333_2 : 15
		trunc_ln1333_3 : 14
		sext_ln1333_3 : 15
		add_ln703_2 : 16
		sub_ln703_2 : 16
		sub_ln703_23 : 16
		add_ln703_4 : 16
		select_ln228_7 : 17
		select_ln228_8 : 17
		tmp_55 : 18
		trunc_ln1333_4 : 18
		trunc_ln1333_5 : 18
		or_ln684 : 3
		icmp_ln684 : 3
	State 2
		add_ln703_22 : 1
		sub_ln703_3 : 1
		sub_ln703_24 : 1
		add_ln703_23 : 1
		select_ln228_10 : 2
		select_ln228_11 : 2
		tmp_56 : 3
		trunc_ln1333_6 : 3
		sext_ln1333_6 : 4
		trunc_ln1333_7 : 3
		sext_ln1333_7 : 4
		add_ln703_24 : 5
		sub_ln703_4 : 5
		sub_ln703_25 : 5
		add_ln703_25 : 5
		select_ln228_13 : 6
		select_ln228_14 : 6
		tmp_57 : 7
		trunc_ln1333_8 : 7
		sext_ln1333_8 : 8
		trunc_ln1333_9 : 7
		sext_ln1333_9 : 8
		add_ln703_5 : 9
		sub_ln703_26 : 9
		sub_ln703_27 : 9
		add_ln703_26 : 9
		select_ln228_16 : 10
		select_ln228_17 : 10
		tmp_59 : 11
		trunc_ln1333_s : 11
		sext_ln1333_10 : 12
		trunc_ln1333_10 : 11
		sext_ln1333_11 : 12
		add_ln703_6 : 13
		sub_ln703_28 : 13
		sub_ln703_29 : 13
		add_ln703_27 : 13
		select_ln228_19 : 14
		select_ln228_20 : 14
		tmp_60 : 15
		trunc_ln1333_11 : 15
		sext_ln1333_12 : 16
		trunc_ln1333_12 : 15
		sext_ln1333_13 : 16
		add_ln703_7 : 17
		sub_ln703_7 : 17
		sub_ln703_30 : 17
		add_ln703_28 : 17
		select_ln228_22 : 18
		select_ln228_23 : 18
		tmp_65 : 19
		trunc_ln1333_13 : 19
		trunc_ln1333_14 : 19
	State 3
		add_ln703_8 : 1
		sub_ln703_8 : 1
		sub_ln703_31 : 1
		add_ln703_29 : 1
		select_ln228_25 : 2
		select_ln228_26 : 2
		tmp_66 : 3
		trunc_ln1333_15 : 3
		sext_ln1333_16 : 4
		trunc_ln1333_16 : 3
		sext_ln1333_17 : 4
		add_ln703_9 : 5
		sub_ln703_9 : 5
		sub_ln703_32 : 5
		add_ln703_30 : 5
		select_ln228_28 : 6
		select_ln228_29 : 6
		tmp_67 : 7
		trunc_ln1333_17 : 7
		sext_ln1333_18 : 8
		trunc_ln1333_18 : 7
		sext_ln1333_19 : 8
		add_ln703_10 : 9
		sub_ln703_10 : 9
		sub_ln703_33 : 9
		add_ln703_31 : 9
		select_ln228_31 : 10
		select_ln228_32 : 10
		tmp_68 : 11
		trunc_ln1333_19 : 11
		sext_ln1333_20 : 12
		trunc_ln1333_20 : 11
		sext_ln1333_21 : 12
		add_ln703_11 : 13
		sub_ln703_11 : 13
		sub_ln703_34 : 13
		add_ln703_32 : 13
		select_ln228_34 : 14
		select_ln228_35 : 14
		tmp_69 : 15
		trunc_ln1333_21 : 15
		sext_ln1333_22 : 16
		trunc_ln1333_22 : 15
		sext_ln1333_23 : 16
		add_ln703_12 : 17
		sub_ln703_12 : 17
		sub_ln703_35 : 17
		add_ln703_33 : 17
		select_ln228_37 : 18
		select_ln228_38 : 18
		tmp_70 : 19
		trunc_ln1333_23 : 19
		trunc_ln1333_24 : 19
	State 4
		add_ln703_13 : 1
		sub_ln703_13 : 1
		sub_ln703_36 : 1
		add_ln703_34 : 1
		select_ln228_40 : 2
		select_ln228_41 : 2
		tmp_71 : 3
		trunc_ln1333_25 : 3
		sext_ln1333_26 : 4
		trunc_ln1333_26 : 3
		sext_ln1333_27 : 4
		add_ln703_14 : 5
		sub_ln703_14 : 5
		sub_ln703_37 : 5
		add_ln703_35 : 5
		select_ln228_43 : 6
		select_ln228_44 : 6
		tmp_72 : 7
		trunc_ln1333_27 : 7
		sext_ln1333_28 : 8
		trunc_ln1333_28 : 7
		sext_ln1333_29 : 8
		add_ln703_15 : 9
		sub_ln703_15 : 9
		sub_ln703_38 : 9
		add_ln703_36 : 9
		select_ln228_46 : 10
		select_ln228_47 : 10
		tmp_73 : 11
		trunc_ln1333_29 : 11
		sext_ln1333_30 : 12
		trunc_ln1333_30 : 11
		sext_ln1333_31 : 12
		add_ln703_16 : 13
		sub_ln703_16 : 13
		sub_ln703_39 : 13
		add_ln703_37 : 13
		select_ln228_49 : 14
		select_ln228_50 : 14
		tmp_74 : 15
		trunc_ln1333_31 : 15
		sext_ln1333_32 : 16
		trunc_ln1333_32 : 15
		sext_ln1333_33 : 16
		add_ln703_17 : 17
		sub_ln703_17 : 17
		sub_ln703_40 : 17
		add_ln703_38 : 17
		select_ln228_52 : 18
		select_ln228_53 : 18
		tmp_75 : 19
		trunc_ln1333_33 : 19
		trunc_ln1333_34 : 19
	State 5
		add_ln703_18 : 1
		sub_ln703_18 : 1
		sub_ln703_41 : 1
		add_ln703_39 : 1
		select_ln228_55 : 2
		select_ln228_56 : 2
		tmp_76 : 3
		trunc_ln1333_35 : 3
		sext_ln1333_36 : 4
		trunc_ln1333_36 : 3
		sext_ln1333_37 : 4
		add_ln703_19 : 5
		sub_ln703_19 : 5
		sub_ln703_42 : 5
		add_ln703_40 : 5
		select_ln228_58 : 6
		select_ln228_59 : 6
		tmp_77 : 7
		trunc_ln1333_37 : 7
		sext_ln1333_38 : 8
		trunc_ln1333_38 : 7
		sext_ln1333_39 : 8
		add_ln703_20 : 9
		sub_ln703_20 : 9
		sub_ln703_43 : 9
		add_ln703_41 : 9
		select_ln228_61 : 10
		select_ln228_62 : 10
		tmp_78 : 11
		trunc_ln1333_39 : 11
		sext_ln1333_40 : 12
		trunc_ln1333_40 : 11
		sext_ln1333_41 : 12
		add_ln703_21 : 13
		sub_ln703_21 : 13
		sub_ln703_44 : 13
		add_ln703_42 : 13
		select_ln228_64 : 14
		tmp_79 : 15
		tmp : 14
		tmp_s : 14
		select_ln228_65 : 15
		sext_ln1333_42 : 16
		sub_ln703_22 : 17
		add_ln703_43 : 17
		select_ln101 : 16
		tmp_80 : 18
		tmp_81 : 18
		select_ln228_66 : 19
		select_ln101_1 : 20
		add_ln101_19 : 21
	State 6
		add_ln101_1 : 1
		zext_ln101 : 2
		add_ln101_2 : 3
		add_ln101_3 : 1
		sext_ln101 : 2
		add_ln101_4 : 3
		sext_ln101_1 : 4
		add_ln101_5 : 5
		add_ln101_6 : 1
		sext_ln101_2 : 2
		add_ln101_7 : 3
		add_ln101_8 : 1
		sext_ln101_3 : 2
		add_ln101_9 : 3
		sext_ln101_4 : 4
		add_ln101_10 : 5
		sext_ln101_5 : 6
		add_ln101_11 : 7
		add_ln101_12 : 1
		sext_ln101_6 : 2
		add_ln101_13 : 3
		add_ln101_14 : 1
		sext_ln101_7 : 2
		add_ln101_15 : 3
		sext_ln101_8 : 4
		add_ln101_16 : 5
		add_ln101_17 : 1
		sext_ln101_9 : 2
		add_ln101_18 : 3
		add_ln101_20 : 1
		sext_ln101_11 : 2
		add_ln101_21 : 4
		sext_ln101_12 : 5
		add_ln101_22 : 6
		sext_ln101_13 : 7
		add_ln101 : 8
		sext_ln703_2 : 9
		z_V : 10
		z_V_1 : 11
		ret_V : 12
		ret_V_20 : 12
		r : 12
		tmp_46 : 13
		tmp_47 : 13
		tmp_48 : 13
		tmp_49 : 12
		select_ln681 : 14
		select_ln684 : 15
		out_V : 16
		out_V_1 : 17
		out_V_2 : 18
		out_V_3 : 19
	State 7
		ret_ln695 : 1


============================================================
+ Verbose Summary: Datapath Resource usage 
============================================================

* Functional unit list:
|----------|-------------------------|---------|---------|
| Operation|     Functional Unit     |    FF   |   LUT   |
|----------|-------------------------|---------|---------|
|          |     add_ln703_fu_412    |    0    |    33   |
|          |    add_ln703_1_fu_490   |    0    |    34   |
|          |    add_ln703_3_fu_508   |    0    |    34   |
|          |    add_ln703_2_fu_566   |    0    |    34   |
|          |    add_ln703_4_fu_584   |    0    |    34   |
|          |   add_ln703_22_fu_652   |    0    |    34   |
|          |   add_ln703_23_fu_667   |    0    |    34   |
|          |   add_ln703_24_fu_722   |    0    |    34   |
|          |   add_ln703_25_fu_740   |    0    |    34   |
|          |    add_ln703_5_fu_798   |    0    |    34   |
|          |   add_ln703_26_fu_816   |    0    |    34   |
|          |    add_ln703_6_fu_874   |    0    |    34   |
|          |   add_ln703_27_fu_892   |    0    |    34   |
|          |    add_ln703_7_fu_950   |    0    |    34   |
|          |   add_ln703_28_fu_968   |    0    |    34   |
|          |   add_ln703_8_fu_1024   |    0    |    34   |
|          |   add_ln703_29_fu_1039  |    0    |    34   |
|          |   add_ln703_9_fu_1094   |    0    |    34   |
|          |   add_ln703_30_fu_1112  |    0    |    34   |
|          |   add_ln703_10_fu_1170  |    0    |    34   |
|          |   add_ln703_31_fu_1188  |    0    |    34   |
|          |   add_ln703_11_fu_1246  |    0    |    34   |
|          |   add_ln703_32_fu_1264  |    0    |    34   |
|          |   add_ln703_12_fu_1322  |    0    |    34   |
|          |   add_ln703_33_fu_1340  |    0    |    34   |
|          |   add_ln703_13_fu_1396  |    0    |    34   |
|          |   add_ln703_34_fu_1411  |    0    |    34   |
|          |   add_ln703_14_fu_1466  |    0    |    34   |
|          |   add_ln703_35_fu_1484  |    0    |    34   |
|          |   add_ln703_15_fu_1542  |    0    |    34   |
|          |   add_ln703_36_fu_1560  |    0    |    34   |
|          |   add_ln703_16_fu_1618  |    0    |    34   |
|          |   add_ln703_37_fu_1636  |    0    |    34   |
|    add   |   add_ln703_17_fu_1694  |    0    |    34   |
|          |   add_ln703_38_fu_1712  |    0    |    34   |
|          |   add_ln703_18_fu_1768  |    0    |    34   |
|          |   add_ln703_39_fu_1783  |    0    |    34   |
|          |   add_ln703_19_fu_1838  |    0    |    34   |
|          |   add_ln703_40_fu_1856  |    0    |    34   |
|          |   add_ln703_20_fu_1914  |    0    |    34   |
|          |   add_ln703_41_fu_1932  |    0    |    34   |
|          |   add_ln703_21_fu_1990  |    0    |    34   |
|          |   add_ln703_42_fu_2008  |    0    |    34   |
|          |   add_ln703_43_fu_2068  |    0    |    34   |
|          |   add_ln101_19_fu_2114  |    0    |    12   |
|          |   add_ln101_1_fu_2297   |    0    |    32   |
|          |   add_ln101_2_fu_2307   |    0    |    26   |
|          |   add_ln101_3_fu_2313   |    0    |    28   |
|          |   add_ln101_4_fu_2323   |    0    |    29   |
|          |   add_ln101_5_fu_2333   |    0    |    26   |
|          |   add_ln101_6_fu_2339   |    0    |    25   |
|          |   add_ln101_7_fu_2349   |    0    |    26   |
|          |   add_ln101_8_fu_2355   |    0    |    22   |
|          |   add_ln101_9_fu_2365   |    0    |    23   |
|          |   add_ln101_10_fu_2375  |    0    |    26   |
|          |   add_ln101_11_fu_2385  |    0    |    26   |
|          |   add_ln101_12_fu_2391  |    0    |    19   |
|          |   add_ln101_13_fu_2401  |    0    |    20   |
|          |   add_ln101_14_fu_2407  |    0    |    16   |
|          |   add_ln101_15_fu_2417  |    0    |    17   |
|          |   add_ln101_16_fu_2427  |    0    |    26   |
|          |   add_ln101_17_fu_2433  |    0    |    13   |
|          |   add_ln101_18_fu_2443  |    0    |    26   |
|          |   add_ln101_20_fu_2452  |    0    |    12   |
|          |   add_ln101_21_fu_2462  |    0    |    26   |
|          |   add_ln101_22_fu_2472  |    0    |    26   |
|          |    add_ln101_fu_2482    |    0    |    26   |
|          |     ret_V_20_fu_2515    |    0    |    34   |
|----------|-------------------------|---------|---------|
|          |      signin1_fu_260     |    0    |    2    |
|          |      signin2_fu_284     |    0    |    2    |
|          |     in1abs_V_fu_332     |    0    |    20   |
|          |     in2abs_V_fu_350     |    0    |    20   |
|          |        y_V_fu_380       |    0    |    26   |
|          |        x_V_fu_392       |    0    |    26   |
|          |   select_ln228_fu_430   |    0    |    27   |
|          |  select_ln228_1_fu_438  |    0    |    27   |
|          |  select_ln228_4_fu_514  |    0    |    27   |
|          |  select_ln228_5_fu_522  |    0    |    27   |
|          |  select_ln228_7_fu_590  |    0    |    27   |
|          |  select_ln228_8_fu_598  |    0    |    27   |
|          |  select_ln228_10_fu_672 |    0    |    27   |
|          |  select_ln228_11_fu_679 |    0    |    27   |
|          |  select_ln228_13_fu_746 |    0    |    27   |
|          |  select_ln228_14_fu_754 |    0    |    27   |
|          |  select_ln228_16_fu_822 |    0    |    27   |
|          |  select_ln228_17_fu_830 |    0    |    27   |
|          |  select_ln228_19_fu_898 |    0    |    27   |
|          |  select_ln228_20_fu_906 |    0    |    27   |
|          |  select_ln228_22_fu_974 |    0    |    27   |
|          |  select_ln228_23_fu_982 |    0    |    27   |
|          | select_ln228_25_fu_1044 |    0    |    27   |
|          | select_ln228_26_fu_1051 |    0    |    27   |
|          | select_ln228_28_fu_1118 |    0    |    27   |
|          | select_ln228_29_fu_1126 |    0    |    27   |
|          | select_ln228_31_fu_1194 |    0    |    27   |
|          | select_ln228_32_fu_1202 |    0    |    27   |
|          | select_ln228_34_fu_1270 |    0    |    27   |
|          | select_ln228_35_fu_1278 |    0    |    27   |
|          | select_ln228_37_fu_1346 |    0    |    27   |
|          | select_ln228_38_fu_1354 |    0    |    27   |
|          | select_ln228_40_fu_1416 |    0    |    27   |
|          | select_ln228_41_fu_1423 |    0    |    27   |
|          | select_ln228_43_fu_1490 |    0    |    27   |
|          | select_ln228_44_fu_1498 |    0    |    27   |
|          | select_ln228_46_fu_1566 |    0    |    27   |
|          | select_ln228_47_fu_1574 |    0    |    27   |
|          | select_ln228_49_fu_1642 |    0    |    27   |
|          | select_ln228_50_fu_1650 |    0    |    27   |
|          | select_ln228_52_fu_1718 |    0    |    27   |
|          | select_ln228_53_fu_1726 |    0    |    27   |
|  select  | select_ln228_55_fu_1788 |    0    |    27   |
|          | select_ln228_56_fu_1795 |    0    |    27   |
|          | select_ln228_58_fu_1862 |    0    |    27   |
|          | select_ln228_59_fu_1870 |    0    |    27   |
|          | select_ln228_61_fu_1938 |    0    |    27   |
|          | select_ln228_62_fu_1946 |    0    |    27   |
|          | select_ln228_64_fu_2014 |    0    |    27   |
|          | select_ln228_65_fu_2050 |    0    |    5    |
|          |   select_ln101_fu_2074  |    0    |    3    |
|          | select_ln228_66_fu_2098 |    0    |    2    |
|          |  select_ln101_1_fu_2106 |    0    |    2    |
|          |   select_ln631_fu_2136  |    0    |    19   |
|          |  select_ln228_2_fu_2143 |    0    |    26   |
|          |  select_ln228_3_fu_2150 |    0    |    25   |
|          |  select_ln228_6_fu_2157 |    0    |    22   |
|          |  select_ln228_9_fu_2164 |    0    |    21   |
|          | select_ln228_12_fu_2171 |    0    |    20   |
|          | select_ln228_15_fu_2178 |    0    |    19   |
|          | select_ln228_18_fu_2185 |    0    |    18   |
|          | select_ln228_21_fu_2192 |    0    |    17   |
|          | select_ln228_24_fu_2199 |    0    |    16   |
|          | select_ln228_27_fu_2206 |    0    |    16   |
|          | select_ln228_30_fu_2213 |    0    |    15   |
|          | select_ln228_33_fu_2220 |    0    |    14   |
|          | select_ln228_36_fu_2227 |    0    |    12   |
|          | select_ln228_39_fu_2234 |    0    |    11   |
|          | select_ln228_42_fu_2241 |    0    |    10   |
|          | select_ln228_45_fu_2248 |    0    |    10   |
|          | select_ln228_48_fu_2255 |    0    |    9    |
|          | select_ln228_51_fu_2262 |    0    |    8    |
|          | select_ln228_54_fu_2269 |    0    |    7    |
|          | select_ln228_57_fu_2276 |    0    |    6    |
|          | select_ln228_60_fu_2283 |    0    |    5    |
|          | select_ln228_63_fu_2290 |    0    |    4    |
|          |      z_V_1_fu_2498      |    0    |    27   |
|          |   select_ln681_fu_2640  |    0    |    19   |
|          |   select_ln684_fu_2648  |    0    |    19   |
|          |      out_V_fu_2656      |    0    |    19   |
|          |     out_V_1_fu_2686     |    0    |    19   |
|          |     out_V_2_fu_2694     |    0    |    19   |
|          |   select_ln616_fu_2726  |    0    |    19   |
|          |     out_V_3_fu_2740     |    0    |    19   |
|          |  select_ln1494_fu_2763  |    0    |    18   |
|          |     out_V_4_fu_2775     |    0    |    19   |
|----------|-------------------------|---------|---------|
|          |        r_V_fu_326       |    0    |    27   |
|          |      r_V_10_fu_344      |    0    |    27   |
|          |     sub_ln703_fu_418    |    0    |    33   |
|          |    sub_ln703_5_fu_424   |    0    |    33   |
|          |    sub_ln703_1_fu_496   |    0    |    34   |
|          |    sub_ln703_6_fu_502   |    0    |    34   |
|          |    sub_ln703_2_fu_572   |    0    |    34   |
|          |   sub_ln703_23_fu_578   |    0    |    34   |
|          |    sub_ln703_3_fu_657   |    0    |    34   |
|          |   sub_ln703_24_fu_662   |    0    |    34   |
|          |    sub_ln703_4_fu_728   |    0    |    34   |
|          |   sub_ln703_25_fu_734   |    0    |    34   |
|          |   sub_ln703_26_fu_804   |    0    |    34   |
|          |   sub_ln703_27_fu_810   |    0    |    34   |
|          |   sub_ln703_28_fu_880   |    0    |    34   |
|          |   sub_ln703_29_fu_886   |    0    |    34   |
|          |    sub_ln703_7_fu_956   |    0    |    34   |
|          |   sub_ln703_30_fu_962   |    0    |    34   |
|          |   sub_ln703_8_fu_1029   |    0    |    34   |
|          |   sub_ln703_31_fu_1034  |    0    |    34   |
|          |   sub_ln703_9_fu_1100   |    0    |    34   |
|          |   sub_ln703_32_fu_1106  |    0    |    34   |
|          |   sub_ln703_10_fu_1176  |    0    |    34   |
|          |   sub_ln703_33_fu_1182  |    0    |    34   |
|    sub   |   sub_ln703_11_fu_1252  |    0    |    34   |
|          |   sub_ln703_34_fu_1258  |    0    |    34   |
|          |   sub_ln703_12_fu_1328  |    0    |    34   |
|          |   sub_ln703_35_fu_1334  |    0    |    34   |
|          |   sub_ln703_13_fu_1401  |    0    |    34   |
|          |   sub_ln703_36_fu_1406  |    0    |    34   |
|          |   sub_ln703_14_fu_1472  |    0    |    34   |
|          |   sub_ln703_37_fu_1478  |    0    |    34   |
|          |   sub_ln703_15_fu_1548  |    0    |    34   |
|          |   sub_ln703_38_fu_1554  |    0    |    34   |
|          |   sub_ln703_16_fu_1624  |    0    |    34   |
|          |   sub_ln703_39_fu_1630  |    0    |    34   |
|          |   sub_ln703_17_fu_1700  |    0    |    34   |
|          |   sub_ln703_40_fu_1706  |    0    |    34   |
|          |   sub_ln703_18_fu_1773  |    0    |    34   |
|          |   sub_ln703_41_fu_1778  |    0    |    34   |
|          |   sub_ln703_19_fu_1844  |    0    |    34   |
|          |   sub_ln703_42_fu_1850  |    0    |    34   |
|          |   sub_ln703_20_fu_1920  |    0    |    34   |
|          |   sub_ln703_43_fu_1926  |    0    |    34   |
|          |   sub_ln703_21_fu_1996  |    0    |    34   |
|          |   sub_ln703_44_fu_2002  |    0    |    34   |
|          |   sub_ln703_22_fu_2062  |    0    |    34   |
|          |       z_V_fu_2492       |    0    |    33   |
|          |      ret_V_fu_2509      |    0    |    34   |
|          |        r_fu_2521        |    0    |    34   |
|----------|-------------------------|---------|---------|
|          |    icmp_ln1494_fu_244   |    0    |    14   |
|          |    icmp_ln1498_fu_250   |    0    |    14   |
|          |   icmp_ln1494_1_fu_268  |    0    |    14   |
|          |   icmp_ln1498_1_fu_274  |    0    |    14   |
|          |    icmp_ln870_fu_292    |    0    |    8    |
|   icmp   |   icmp_ln870_4_fu_298   |    0    |    8    |
|          |   icmp_ln870_5_fu_304   |    0    |    8    |
|          |   icmp_ln870_6_fu_310   |    0    |    8    |
|          |   icmp_ln1498_2_fu_316  |    0    |    14   |
|          |   icmp_ln1494_2_fu_358  |    0    |    15   |
|          |    icmp_ln684_fu_640    |    0    |    8    |
|----------|-------------------------|---------|---------|
|          |    and_ln608_fu_2120    |    0    |    2    |
|          |    and_ln612_fu_2124    |    0    |    2    |
|          |    and_ln616_fu_2128    |    0    |    2    |
|          |    and_ln620_fu_2132    |    0    |    2    |
|          |    and_ln681_fu_2505    |    0    |    2    |
|          |   and_ln681_1_fu_2556   |    0    |    2    |
|          |    and_ln684_fu_2574    |    0    |    2    |
|    and   |    and_ln687_fu_2590    |    0    |    2    |
|          |   and_ln687_1_fu_2595   |    0    |    2    |
|          |    and_ln1498_fu_2670   |    0    |    2    |
|          |    and_ln1494_fu_2680   |    0    |    2    |
|          |   and_ln612_1_fu_2708   |    0    |    2    |
|          |   and_ln616_1_fu_2720   |    0    |    2    |
|          |   and_ln1494_1_fu_2748  |    0    |    2    |
|          |   and_ln620_1_fu_2758   |    0    |    2    |
|----------|-------------------------|---------|---------|
|          |     or_ln684_fu_634     |    0    |    2    |
|          |     or_ln612_fu_2527    |    0    |    2    |
|          |     or_ln616_fu_2533    |    0    |    2    |
|          |     or_ln620_fu_2539    |    0    |    2    |
|    or    |    or_ln1498_fu_2545    |    0    |    2    |
|          |     or_ln681_fu_2562    |    0    |    2    |
|          |    or_ln684_1_fu_2579   |    0    |    2    |
|          |    or_ln616_1_fu_2734   |    0    |    2    |
|          |    or_ln1494_fu_2770    |    0    |    2    |
|----------|-------------------------|---------|---------|
|          |    xor_ln1498_fu_2550   |    0    |    2    |
|          |    xor_ln681_fu_2568    |    0    |    2    |
|          |    xor_ln684_fu_2584    |    0    |    2    |
|    xor   |    xor_ln620_fu_2664    |    0    |    2    |
|          |    xor_ln1494_fu_2675   |    0    |    2    |
|          |    xor_ln608_fu_2702    |    0    |    2    |
|          |    xor_ln612_fu_2714    |    0    |    2    |
|          |    xor_ln616_fu_2753    |    0    |    2    |
|----------|-------------------------|---------|---------|
|   read   |   in2_read_read_fu_232  |    0    |    0    |
|          |   in1_read_read_fu_238  |    0    |    0    |
|----------|-------------------------|---------|---------|
|          |    zext_ln601_fu_256    |    0    |    0    |
|   zext   |    zext_ln602_fu_280    |    0    |    0    |
|          |    zext_ln101_fu_2303   |    0    |    0    |
|----------|-------------------------|---------|---------|
|          |    sext_ln703_fu_322    |    0    |    0    |
|          |   sext_ln703_1_fu_340   |    0    |    0    |
|          |    sext_ln669_fu_388    |    0    |    0    |
|          |    sext_ln664_fu_400    |    0    |    0    |
|          |    sext_ln1333_fu_472   |    0    |    0    |
|          |   sext_ln1333_1_fu_486  |    0    |    0    |
|          |   sext_ln1333_2_fu_548  |    0    |    0    |
|          |   sext_ln1333_3_fu_562  |    0    |    0    |
|          |   sext_ln1333_4_fu_646  |    0    |    0    |
|          |   sext_ln1333_5_fu_649  |    0    |    0    |
|          |   sext_ln1333_6_fu_704  |    0    |    0    |
|          |   sext_ln1333_7_fu_718  |    0    |    0    |
|          |   sext_ln1333_8_fu_780  |    0    |    0    |
|          |   sext_ln1333_9_fu_794  |    0    |    0    |
|          |  sext_ln1333_10_fu_856  |    0    |    0    |
|          |  sext_ln1333_11_fu_870  |    0    |    0    |
|          |  sext_ln1333_12_fu_932  |    0    |    0    |
|          |  sext_ln1333_13_fu_946  |    0    |    0    |
|          |  sext_ln1333_14_fu_1018 |    0    |    0    |
|          |  sext_ln1333_15_fu_1021 |    0    |    0    |
|          |  sext_ln1333_16_fu_1076 |    0    |    0    |
|          |  sext_ln1333_17_fu_1090 |    0    |    0    |
|          |  sext_ln1333_18_fu_1152 |    0    |    0    |
|          |  sext_ln1333_19_fu_1166 |    0    |    0    |
|          |  sext_ln1333_20_fu_1228 |    0    |    0    |
|          |  sext_ln1333_21_fu_1242 |    0    |    0    |
|          |  sext_ln1333_22_fu_1304 |    0    |    0    |
|          |  sext_ln1333_23_fu_1318 |    0    |    0    |
|          |  sext_ln1333_24_fu_1390 |    0    |    0    |
|          |  sext_ln1333_25_fu_1393 |    0    |    0    |
|   sext   |  sext_ln1333_26_fu_1448 |    0    |    0    |
|          |  sext_ln1333_27_fu_1462 |    0    |    0    |
|          |  sext_ln1333_28_fu_1524 |    0    |    0    |
|          |  sext_ln1333_29_fu_1538 |    0    |    0    |
|          |  sext_ln1333_30_fu_1600 |    0    |    0    |
|          |  sext_ln1333_31_fu_1614 |    0    |    0    |
|          |  sext_ln1333_32_fu_1676 |    0    |    0    |
|          |  sext_ln1333_33_fu_1690 |    0    |    0    |
|          |  sext_ln1333_34_fu_1762 |    0    |    0    |
|          |  sext_ln1333_35_fu_1765 |    0    |    0    |
|          |  sext_ln1333_36_fu_1820 |    0    |    0    |
|          |  sext_ln1333_37_fu_1834 |    0    |    0    |
|          |  sext_ln1333_38_fu_1896 |    0    |    0    |
|          |  sext_ln1333_39_fu_1910 |    0    |    0    |
|          |  sext_ln1333_40_fu_1972 |    0    |    0    |
|          |  sext_ln1333_41_fu_1986 |    0    |    0    |
|          |  sext_ln1333_42_fu_2058 |    0    |    0    |
|          |    sext_ln101_fu_2319   |    0    |    0    |
|          |   sext_ln101_1_fu_2329  |    0    |    0    |
|          |   sext_ln101_2_fu_2345  |    0    |    0    |
|          |   sext_ln101_3_fu_2361  |    0    |    0    |
|          |   sext_ln101_4_fu_2371  |    0    |    0    |
|          |   sext_ln101_5_fu_2381  |    0    |    0    |
|          |   sext_ln101_6_fu_2397  |    0    |    0    |
|          |   sext_ln101_7_fu_2413  |    0    |    0    |
|          |   sext_ln101_8_fu_2423  |    0    |    0    |
|          |   sext_ln101_9_fu_2439  |    0    |    0    |
|          |  sext_ln101_10_fu_2449  |    0    |    0    |
|          |  sext_ln101_11_fu_2458  |    0    |    0    |
|          |  sext_ln101_12_fu_2468  |    0    |    0    |
|          |  sext_ln101_13_fu_2478  |    0    |    0    |
|          |   sext_ln703_2_fu_2488  |    0    |    0    |
|----------|-------------------------|---------|---------|
|bitconcatenate|      shl_ln_fu_364      |    0    |    0    |
|          |    shl_ln728_1_fu_372   |    0    |    0    |
|----------|-------------------------|---------|---------|
|          |      tmp_51_fu_404      |    0    |    0    |
|          |      tmp_52_fu_446      |    0    |    0    |
|          |      tmp_53_fu_454      |    0    |    0    |
|          |      tmp_54_fu_530      |    0    |    0    |
|          |      tmp_55_fu_606      |    0    |    0    |
|          |      tmp_56_fu_686      |    0    |    0    |
|          |      tmp_57_fu_762      |    0    |    0    |
|          |      tmp_59_fu_838      |    0    |    0    |
|          |      tmp_60_fu_914      |    0    |    0    |
|          |      tmp_65_fu_990      |    0    |    0    |
|          |      tmp_66_fu_1058     |    0    |    0    |
|          |      tmp_67_fu_1134     |    0    |    0    |
| bitselect|      tmp_68_fu_1210     |    0    |    0    |
|          |      tmp_69_fu_1286     |    0    |    0    |
|          |      tmp_70_fu_1362     |    0    |    0    |
|          |      tmp_71_fu_1430     |    0    |    0    |
|          |      tmp_72_fu_1506     |    0    |    0    |
|          |      tmp_73_fu_1582     |    0    |    0    |
|          |      tmp_74_fu_1658     |    0    |    0    |
|          |      tmp_75_fu_1734     |    0    |    0    |
|          |      tmp_76_fu_1802     |    0    |    0    |
|          |      tmp_77_fu_1878     |    0    |    0    |
|          |      tmp_78_fu_1954     |    0    |    0    |
|          |      tmp_79_fu_2022     |    0    |    0    |
|          |      tmp_80_fu_2082     |    0    |    0    |
|          |      tmp_81_fu_2090     |    0    |    0    |
|----------|-------------------------|---------|---------|
|          |     trunc_ln6_fu_462    |    0    |    0    |
|          |  trunc_ln1333_1_fu_476  |    0    |    0    |
|          |  trunc_ln1333_2_fu_538  |    0    |    0    |
|          |  trunc_ln1333_3_fu_552  |    0    |    0    |
|          |  trunc_ln1333_4_fu_614  |    0    |    0    |
|          |  trunc_ln1333_5_fu_624  |    0    |    0    |
|          |  trunc_ln1333_6_fu_694  |    0    |    0    |
|          |  trunc_ln1333_7_fu_708  |    0    |    0    |
|          |  trunc_ln1333_8_fu_770  |    0    |    0    |
|          |  trunc_ln1333_9_fu_784  |    0    |    0    |
|          |  trunc_ln1333_s_fu_846  |    0    |    0    |
|          |  trunc_ln1333_10_fu_860 |    0    |    0    |
|          |  trunc_ln1333_11_fu_922 |    0    |    0    |
|          |  trunc_ln1333_12_fu_936 |    0    |    0    |
|          |  trunc_ln1333_13_fu_998 |    0    |    0    |
|          | trunc_ln1333_14_fu_1008 |    0    |    0    |
|          | trunc_ln1333_15_fu_1066 |    0    |    0    |
|          | trunc_ln1333_16_fu_1080 |    0    |    0    |
|          | trunc_ln1333_17_fu_1142 |    0    |    0    |
|          | trunc_ln1333_18_fu_1156 |    0    |    0    |
|          | trunc_ln1333_19_fu_1218 |    0    |    0    |
|          | trunc_ln1333_20_fu_1232 |    0    |    0    |
|          | trunc_ln1333_21_fu_1294 |    0    |    0    |
|partselect| trunc_ln1333_22_fu_1308 |    0    |    0    |
|          | trunc_ln1333_23_fu_1370 |    0    |    0    |
|          | trunc_ln1333_24_fu_1380 |    0    |    0    |
|          | trunc_ln1333_25_fu_1438 |    0    |    0    |
|          | trunc_ln1333_26_fu_1452 |    0    |    0    |
|          | trunc_ln1333_27_fu_1514 |    0    |    0    |
|          | trunc_ln1333_28_fu_1528 |    0    |    0    |
|          | trunc_ln1333_29_fu_1590 |    0    |    0    |
|          | trunc_ln1333_30_fu_1604 |    0    |    0    |
|          | trunc_ln1333_31_fu_1666 |    0    |    0    |
|          | trunc_ln1333_32_fu_1680 |    0    |    0    |
|          | trunc_ln1333_33_fu_1742 |    0    |    0    |
|          | trunc_ln1333_34_fu_1752 |    0    |    0    |
|          | trunc_ln1333_35_fu_1810 |    0    |    0    |
|          | trunc_ln1333_36_fu_1824 |    0    |    0    |
|          | trunc_ln1333_37_fu_1886 |    0    |    0    |
|          | trunc_ln1333_38_fu_1900 |    0    |    0    |
|          | trunc_ln1333_39_fu_1962 |    0    |    0    |
|          | trunc_ln1333_40_fu_1976 |    0    |    0    |
|          |       tmp_fu_2030       |    0    |    0    |
|          |      tmp_s_fu_2040      |    0    |    0    |
|          |      tmp_46_fu_2600     |    0    |    0    |
|          |      tmp_47_fu_2610     |    0    |    0    |
|          |      tmp_48_fu_2620     |    0    |    0    |
|          |      tmp_49_fu_2630     |    0    |    0    |
|----------|-------------------------|---------|---------|
|   Total  |                         |    0    |   5725  |
|----------|-------------------------|---------|---------|

Memories:
N/A

* Register list:
+------------------------+--------+
|                        |   FF   |
+------------------------+--------+
|  add_ln101_19_reg_3044 |    4   |
|  and_ln1494_1_reg_3064 |    1   |
|   and_ln620_reg_3049   |    1   |
| icmp_ln1494_1_reg_2790 |    1   |
| icmp_ln1494_2_reg_2827 |    1   |
|  icmp_ln1494_reg_2782  |    1   |
| icmp_ln1498_2_reg_2821 |    1   |
|   icmp_ln684_reg_2876  |    1   |
|  icmp_ln870_4_reg_2803 |    1   |
|  icmp_ln870_5_reg_2809 |    1   |
|  icmp_ln870_6_reg_2815 |    1   |
|   icmp_ln870_reg_2796  |    1   |
|    or_ln616_reg_3054   |    1   |
|    out_V_3_reg_3059    |   20   |
|select_ln228_22_reg_2902|   27   |
|select_ln228_23_reg_2908|   27   |
|select_ln228_37_reg_2951|   27   |
|select_ln228_38_reg_2957|   27   |
|select_ln228_52_reg_3000|   27   |
|select_ln228_53_reg_3006|   27   |
| select_ln228_7_reg_2847|   27   |
| select_ln228_8_reg_2853|   27   |
|     tmp_52_reg_2832    |    1   |
|     tmp_53_reg_2837    |    1   |
|     tmp_54_reg_2842    |    1   |
|     tmp_55_reg_2859    |    1   |
|     tmp_56_reg_2882    |    1   |
|     tmp_57_reg_2887    |    1   |
|     tmp_59_reg_2892    |    1   |
|     tmp_60_reg_2897    |    1   |
|     tmp_65_reg_2914    |    1   |
|     tmp_66_reg_2931    |    1   |
|     tmp_67_reg_2936    |    1   |
|     tmp_68_reg_2941    |    1   |
|     tmp_69_reg_2946    |    1   |
|     tmp_70_reg_2963    |    1   |
|     tmp_71_reg_2980    |    1   |
|     tmp_72_reg_2985    |    1   |
|     tmp_73_reg_2990    |    1   |
|     tmp_74_reg_2995    |    1   |
|     tmp_75_reg_3012    |    1   |
|     tmp_76_reg_3029    |    1   |
|     tmp_77_reg_3034    |    1   |
|     tmp_78_reg_3039    |    1   |
|trunc_ln1333_13_reg_2921|   19   |
|trunc_ln1333_14_reg_2926|   19   |
|trunc_ln1333_23_reg_2970|   14   |
|trunc_ln1333_24_reg_2975|   14   |
|trunc_ln1333_33_reg_3019|    9   |
|trunc_ln1333_34_reg_3024|    9   |
| trunc_ln1333_4_reg_2866|   24   |
| trunc_ln1333_5_reg_2871|   24   |
+------------------------+--------+
|          Total         |   406  |
+------------------------+--------+

* Multiplexer (MUX) list: 
|--------|------|------|------|--------|
|  Comp  |  Pin | Size |  BW  | S x BW |
|--------|------|------|------|--------|
|  Total |      |      |      |    0   |
|--------|------|------|------|--------|



* Summary:
+-----------+--------+--------+
|           |   FF   |   LUT  |
+-----------+--------+--------+
|  Function |    0   |  5725  |
|   Memory  |    -   |    -   |
|Multiplexer|    -   |    -   |
|  Register |   406  |    -   |
+-----------+--------+--------+
|   Total   |   406  |  5725  |
+-----------+--------+--------+
