

================================================================
== Vitis HLS Report for 'process_fast_8_1080_1920_1_s'
================================================================
* Date:           Sun Jan 21 17:46:58 2024

* Version:        2020.2 (Build 3064766 on Wed Nov 18 09:12:45 MST 2020)
* Project:        hls_project
* Solution:       solution1 (Vivado IP Flow Target)
* Product family: zynquplus
* Target device:  xczu7ev-ffvc1156-2-e


================================================================
== Performance Estimates
================================================================
+ Timing: 
    * Summary: 
    +--------+----------+----------+------------+
    |  Clock |  Target  | Estimated| Uncertainty|
    +--------+----------+----------+------------+
    |ap_clk  |  10.00 ns|  7.274 ns|     2.70 ns|
    +--------+----------+----------+------------+

+ Latency: 
    * Summary: 
    +---------+---------+----------+----------+-----+-----+---------+
    |  Latency (cycles) |  Latency (absolute) |  Interval | Pipeline|
    |   min   |   max   |    min   |    max   | min | max |   Type  |
    +---------+---------+----------+----------+-----+-----+---------+
    |        ?|        ?|         ?|         ?|    ?|    ?|     none|
    +---------+---------+----------+----------+-----+-----+---------+

    + Detail: 
        * Instance: 
        +-----------------------+------------+---------+---------+-----------+-----------+-----+-----+---------+
        |                       |            |  Latency (cycles) |   Latency (absolute)  |  Interval | Pipeline|
        |        Instance       |   Module   |   min   |   max   |    min    |    max    | min | max |   Type  |
        +-----------------------+------------+---------+---------+-----------+-----------+-----+-----+---------+
        |grp_fast_score_fu_531  |fast_score  |        3|        3|  30.000 ns|  30.000 ns|    1|    1|      yes|
        +-----------------------+------------+---------+---------+-----------+-----------+-----+-----+---------+

        * Loop: 
        +--------------------+---------+---------+----------+-----------+-----------+----------+----------+
        |                    |  Latency (cycles) | Iteration|  Initiation Interval  |   Trip   |          |
        |      Loop Name     |   min   |   max   |  Latency |  achieved |   target  |   Count  | Pipelined|
        +--------------------+---------+---------+----------+-----------+-----------+----------+----------+
        |- loop_buffer_row   |        ?|        ?|     2 ~ ?|          -|          -|         ?|        no|
        | + loop_buffer_col  |        9|        ?|        10|          1|          1|     1 ~ ?|       yes|
        |- VITIS_LOOP_152_4  |        0|     8194|         2|          1|          1|  0 ~ 8194|       yes|
        +--------------------+---------+---------+----------+-----------+-----------+----------+----------+



================================================================
== Utilization Estimates
================================================================
* Summary: 
+-----------------+---------+------+--------+--------+-----+
|       Name      | BRAM_18K|  DSP |   FF   |   LUT  | URAM|
+-----------------+---------+------+--------+--------+-----+
|DSP              |        -|     -|       -|       -|    -|
|Expression       |        -|     -|       0|    1688|    -|
|FIFO             |        -|     -|       -|       -|    -|
|Instance         |        -|     -|     919|    2425|    -|
|Memory           |        6|     -|       0|       0|    -|
|Multiplexer      |        -|     -|       -|     263|    -|
|Register         |        -|     -|    2172|     640|    -|
+-----------------+---------+------+--------+--------+-----+
|Total            |        6|     0|    3091|    5016|    0|
+-----------------+---------+------+--------+--------+-----+
|Available        |      624|  1728|  460800|  230400|   96|
+-----------------+---------+------+--------+--------+-----+
|Utilization (%)  |       ~0|     0|      ~0|       2|    0|
+-----------------+---------+------+--------+--------+-----+

+ Detail: 
    * Instance: 
    +-----------------------+------------+---------+----+-----+------+-----+
    |        Instance       |   Module   | BRAM_18K| DSP|  FF |  LUT | URAM|
    +-----------------------+------------+---------+----+-----+------+-----+
    |grp_fast_score_fu_531  |fast_score  |        0|   0|  919|  2425|    0|
    +-----------------------+------------+---------+----+-----+------+-----+
    |Total                  |            |        0|   0|  919|  2425|    0|
    +-----------------------+------------+---------+----+-----+------+-----+

    * DSP: 
    N/A

    * Memory: 
    +-----------------------+----------------------------------------------------+---------+---+----+-----+------+-----+------+-------------+
    |         Memory        |                       Module                       | BRAM_18K| FF| LUT| URAM| Words| Bits| Banks| W*Bits*Banks|
    +-----------------------+----------------------------------------------------+---------+---+----+-----+------+-----+------+-------------+
    |line_buffer_val_V_1_U  |process_blur_8_0_1080_1920_1_s_line_buffer_val_V_1  |        1|  0|   0|    0|  1920|    8|     1|        15360|
    |line_buffer_val_V_2_U  |process_blur_8_0_1080_1920_1_s_line_buffer_val_V_1  |        1|  0|   0|    0|  1920|    8|     1|        15360|
    |line_buffer_val_V_3_U  |process_blur_8_0_1080_1920_1_s_line_buffer_val_V_1  |        1|  0|   0|    0|  1920|    8|     1|        15360|
    |line_buffer_val_V_4_U  |process_blur_8_0_1080_1920_1_s_line_buffer_val_V_1  |        1|  0|   0|    0|  1920|    8|     1|        15360|
    |line_buffer_val_V_5_U  |process_blur_8_0_1080_1920_1_s_line_buffer_val_V_1  |        1|  0|   0|    0|  1920|    8|     1|        15360|
    |line_buffer_val_V_6_U  |process_blur_8_0_1080_1920_1_s_line_buffer_val_V_1  |        1|  0|   0|    0|  1920|    8|     1|        15360|
    +-----------------------+----------------------------------------------------+---------+---+----+-----+------+-----+------+-------------+
    |Total                  |                                                    |        6|  0|   0|    0| 11520|   48|     6|        92160|
    +-----------------------+----------------------------------------------------+---------+---+----+-----+------+-----+------+-------------+

    * FIFO: 
    N/A

    * Expression: 
    +-----------------------------------+----------+----+---+----+------------+------------+
    |           Variable Name           | Operation| DSP| FF| LUT| Bitwidth P0| Bitwidth P1|
    +-----------------------------------+----------+----+---+----+------------+------------+
    |add_i_fu_582_p2                    |         +|   0|  0|  22|          15|           2|
    |add_ln134_1_fu_1844_p2             |         +|   0|  0|  12|           4|           1|
    |add_ln134_2_fu_1918_p2             |         +|   0|  0|  12|           4|           1|
    |add_ln134_3_fu_1998_p2             |         +|   0|  0|  12|           4|           1|
    |add_ln134_4_fu_2124_p2             |         +|   0|  0|  12|           5|           1|
    |add_ln134_5_fu_2170_p2             |         +|   0|  0|  12|           5|           1|
    |add_ln134_6_fu_2218_p2             |         +|   0|  0|  12|           5|           1|
    |add_ln134_7_fu_2266_p2             |         +|   0|  0|  12|           5|           1|
    |add_ln134_fu_1358_p2               |         +|   0|  0|  12|           4|           1|
    |add_ln138_1_fu_1855_p2             |         +|   0|  0|  12|           4|           2|
    |add_ln138_2_fu_1930_p2             |         +|   0|  0|  12|           4|           2|
    |add_ln138_3_fu_2010_p2             |         +|   0|  0|  12|           5|           2|
    |add_ln138_4_fu_2135_p2             |         +|   0|  0|  12|           5|           2|
    |add_ln138_5_fu_2182_p2             |         +|   0|  0|  12|           5|           2|
    |add_ln138_6_fu_2230_p2             |         +|   0|  0|  12|           5|           2|
    |add_ln138_7_fu_2278_p2             |         +|   0|  0|  12|           5|           2|
    |add_ln138_fu_1370_p2               |         +|   0|  0|  12|           4|           2|
    |add_ln72_1_fu_633_p2               |         +|   0|  0|  18|          11|           1|
    |add_ln72_fu_2347_p2                |         +|   0|  0|  39|          32|          32|
    |cnt_7_fu_670_p2                    |         +|   0|  0|  39|          32|           1|
    |i_5_fu_613_p2                      |         +|   0|  0|  18|          11|           1|
    |k_2_fu_2356_p2                     |         +|   0|  0|  21|          14|           1|
    |mul_i_fu_572_p2                    |         -|   0|  0|  21|          14|          14|
    |ret_11_fu_780_p2                   |         -|   0|  0|  16|           9|           9|
    |ret_12_fu_790_p2                   |         -|   0|  0|  16|           9|           9|
    |ret_13_fu_800_p2                   |         -|   0|  0|  16|           9|           9|
    |ret_14_fu_810_p2                   |         -|   0|  0|  16|           9|           9|
    |ret_15_fu_820_p2                   |         -|   0|  0|  16|           9|           9|
    |ret_16_fu_830_p2                   |         -|   0|  0|  16|           9|           9|
    |ret_17_fu_840_p2                   |         -|   0|  0|  16|           9|           9|
    |ret_18_fu_850_p2                   |         -|   0|  0|  16|           9|           9|
    |ret_19_fu_860_p2                   |         -|   0|  0|  16|           9|           9|
    |ret_20_fu_870_p2                   |         -|   0|  0|  16|           9|           9|
    |ret_21_fu_880_p2                   |         -|   0|  0|  16|           9|           9|
    |ret_22_fu_1612_p2                  |         -|   0|  0|  16|           9|           9|
    |ret_23_fu_1621_p2                  |         -|   0|  0|  16|           9|           9|
    |ret_24_fu_1630_p2                  |         -|   0|  0|  16|           9|           9|
    |ret_25_fu_1639_p2                  |         -|   0|  0|  16|           9|           9|
    |ret_fu_1603_p2                     |         -|   0|  0|  16|           9|           9|
    |sub_i_fu_596_p2                    |         -|   0|  0|  16|           1|           9|
    |and_ln133_10_fu_1880_p2            |       and|   0|  0|   2|           1|           1|
    |and_ln133_11_fu_1912_p2            |       and|   0|  0|   2|           1|           1|
    |and_ln133_12_fu_1956_p2            |       and|   0|  0|   2|           1|           1|
    |and_ln133_13_fu_1992_p2            |       and|   0|  0|   2|           1|           1|
    |and_ln133_14_fu_2036_p2            |       and|   0|  0|   2|           1|           1|
    |and_ln133_15_fu_2067_p2            |       and|   0|  0|   2|           1|           1|
    |and_ln133_16_fu_1384_p2            |       and|   0|  0|   2|           1|           1|
    |and_ln133_17_fu_1416_p2            |       and|   0|  0|   2|           1|           1|
    |and_ln133_18_fu_1868_p2            |       and|   0|  0|   2|           1|           1|
    |and_ln133_19_fu_1900_p2            |       and|   0|  0|   2|           1|           1|
    |and_ln133_1_fu_1224_p2             |       and|   0|  0|   2|           1|           1|
    |and_ln133_20_fu_1944_p2            |       and|   0|  0|   2|           1|           1|
    |and_ln133_21_fu_1976_p2            |       and|   0|  0|   2|           1|           1|
    |and_ln133_22_fu_2024_p2            |       and|   0|  0|   2|           1|           1|
    |and_ln133_23_fu_2056_p2            |       and|   0|  0|   2|           1|           1|
    |and_ln133_24_fu_2147_p2            |       and|   0|  0|   2|           1|           1|
    |and_ln133_25_fu_2165_p2            |       and|   0|  0|   2|           1|           1|
    |and_ln133_26_fu_2195_p2            |       and|   0|  0|   2|           1|           1|
    |and_ln133_27_fu_2213_p2            |       and|   0|  0|   2|           1|           1|
    |and_ln133_28_fu_2243_p2            |       and|   0|  0|   2|           1|           1|
    |and_ln133_29_fu_2261_p2            |       and|   0|  0|   2|           1|           1|
    |and_ln133_2_fu_1236_p2             |       and|   0|  0|   2|           1|           1|
    |and_ln133_30_fu_2290_p2            |       and|   0|  0|   2|           1|           1|
    |and_ln133_31_fu_2325_p2            |       and|   0|  0|   2|           1|           1|
    |and_ln133_3_fu_1248_p2             |       and|   0|  0|   2|           1|           1|
    |and_ln133_4_fu_1260_p2             |       and|   0|  0|   2|           1|           1|
    |and_ln133_5_fu_1272_p2             |       and|   0|  0|   2|           1|           1|
    |and_ln133_6_fu_1332_p2             |       and|   0|  0|   2|           1|           1|
    |and_ln133_7_fu_1352_p2             |       and|   0|  0|   2|           1|           1|
    |and_ln133_8_fu_1396_p2             |       and|   0|  0|   2|           1|           1|
    |and_ln133_9_fu_1839_p2             |       and|   0|  0|   2|           1|           1|
    |and_ln133_fu_1212_p2               |       and|   0|  0|   2|           1|           1|
    |and_ln85_fu_665_p2                 |       and|   0|  0|   2|           1|           1|
    |ap_block_pp0                       |       and|   0|  0|   2|           1|           1|
    |ap_block_pp1                       |       and|   0|  0|   2|           1|           1|
    |ap_block_pp1_stage0_01001          |       and|   0|  0|   2|           1|           1|
    |ap_block_state12_pp0_stage0_iter9  |       and|   0|  0|   2|           1|           1|
    |ap_block_state15_pp1_stage0_iter1  |       and|   0|  0|   2|           1|           1|
    |ap_condition_212                   |       and|   0|  0|   2|           1|           1|
    |ap_condition_755                   |       and|   0|  0|   2|           1|           1|
    |ap_condition_766                   |       and|   0|  0|   2|           1|           1|
    |ap_enable_state3_pp0_iter0_stage0  |       and|   0|  0|   2|           1|           1|
    |ap_enable_state4_pp0_iter1_stage0  |       and|   0|  0|   2|           1|           1|
    |ap_predicate_op451_call_state7     |       and|   0|  0|   2|           1|           1|
    |cmp1633_i_fu_602_p2                |      icmp|   0|  0|  11|          11|           1|
    |cmp7_i_fu_627_p2                   |      icmp|   0|  0|  11|          11|           3|
    |icmp_ln113_10_fu_1174_p2           |      icmp|   0|  0|  11|           9|           9|
    |icmp_ln113_11_fu_1676_p2           |      icmp|   0|  0|  11|           9|           9|
    |icmp_ln113_12_fu_1706_p2           |      icmp|   0|  0|  11|           9|           9|
    |icmp_ln113_13_fu_1738_p2           |      icmp|   0|  0|  11|           9|           9|
    |icmp_ln113_14_fu_1770_p2           |      icmp|   0|  0|  11|           9|           9|
    |icmp_ln113_15_fu_1802_p2           |      icmp|   0|  0|  11|           9|           9|
    |icmp_ln113_1_fu_886_p2             |      icmp|   0|  0|  11|           9|           9|
    |icmp_ln113_2_fu_918_p2             |      icmp|   0|  0|  11|           9|           9|
    |icmp_ln113_3_fu_950_p2             |      icmp|   0|  0|  11|           9|           9|
    |icmp_ln113_4_fu_982_p2             |      icmp|   0|  0|  11|           9|           9|
    |icmp_ln113_5_fu_1014_p2            |      icmp|   0|  0|  11|           9|           9|
    |icmp_ln113_6_fu_1046_p2            |      icmp|   0|  0|  11|           9|           9|
    |icmp_ln113_7_fu_1078_p2            |      icmp|   0|  0|  11|           9|           9|
    |icmp_ln113_8_fu_1110_p2            |      icmp|   0|  0|  11|           9|           9|
    |icmp_ln113_9_fu_1142_p2            |      icmp|   0|  0|  11|           9|           9|
    |icmp_ln113_fu_1644_p2              |      icmp|   0|  0|  11|           9|           9|
    |icmp_ln115_10_fu_1179_p2           |      icmp|   0|  0|  11|           9|           9|
    |icmp_ln115_11_fu_1680_p2           |      icmp|   0|  0|  11|           9|           9|
    |icmp_ln115_12_fu_1711_p2           |      icmp|   0|  0|  11|           9|           9|
    |icmp_ln115_13_fu_1743_p2           |      icmp|   0|  0|  11|           9|           9|
    |icmp_ln115_14_fu_1775_p2           |      icmp|   0|  0|  11|           9|           9|
    |icmp_ln115_15_fu_1807_p2           |      icmp|   0|  0|  11|           9|           9|
    |icmp_ln115_1_fu_891_p2             |      icmp|   0|  0|  11|           9|           9|
    |icmp_ln115_2_fu_923_p2             |      icmp|   0|  0|  11|           9|           9|
    |icmp_ln115_3_fu_955_p2             |      icmp|   0|  0|  11|           9|           9|
    |icmp_ln115_4_fu_987_p2             |      icmp|   0|  0|  11|           9|           9|
    |icmp_ln115_5_fu_1019_p2            |      icmp|   0|  0|  11|           9|           9|
    |icmp_ln115_6_fu_1051_p2            |      icmp|   0|  0|  11|           9|           9|
    |icmp_ln115_7_fu_1083_p2            |      icmp|   0|  0|  11|           9|           9|
    |icmp_ln115_8_fu_1115_p2            |      icmp|   0|  0|  11|           9|           9|
    |icmp_ln115_9_fu_1147_p2            |      icmp|   0|  0|  11|           9|           9|
    |icmp_ln115_fu_1649_p2              |      icmp|   0|  0|  11|           9|           9|
    |icmp_ln133_10_fu_1874_p2           |      icmp|   0|  0|   8|           2|           2|
    |icmp_ln133_11_fu_1906_p2           |      icmp|   0|  0|   8|           2|           2|
    |icmp_ln133_12_fu_1950_p2           |      icmp|   0|  0|   8|           2|           2|
    |icmp_ln133_13_fu_1986_p2           |      icmp|   0|  0|   8|           2|           2|
    |icmp_ln133_14_fu_2030_p2           |      icmp|   0|  0|   8|           2|           2|
    |icmp_ln133_15_fu_2062_p2           |      icmp|   0|  0|   8|           2|           2|
    |icmp_ln133_1_fu_1218_p2            |      icmp|   0|  0|   8|           2|           2|
    |icmp_ln133_2_fu_1230_p2            |      icmp|   0|  0|   8|           2|           2|
    |icmp_ln133_3_fu_1242_p2            |      icmp|   0|  0|   8|           2|           2|
    |icmp_ln133_4_fu_1254_p2            |      icmp|   0|  0|   8|           2|           2|
    |icmp_ln133_5_fu_1266_p2            |      icmp|   0|  0|   8|           2|           2|
    |icmp_ln133_6_fu_1326_p2            |      icmp|   0|  0|   8|           2|           2|
    |icmp_ln133_7_fu_1346_p2            |      icmp|   0|  0|   8|           2|           2|
    |icmp_ln133_8_fu_1390_p2            |      icmp|   0|  0|   8|           2|           2|
    |icmp_ln133_9_fu_1834_p2            |      icmp|   0|  0|   8|           2|           2|
    |icmp_ln133_fu_1206_p2              |      icmp|   0|  0|   8|           2|           2|
    |icmp_ln135_10_fu_2176_p2           |      icmp|   0|  0|   9|           5|           4|
    |icmp_ln135_11_fu_2200_p2           |      icmp|   0|  0|   9|           5|           4|
    |icmp_ln135_12_fu_2224_p2           |      icmp|   0|  0|   9|           5|           4|
    |icmp_ln135_13_fu_2248_p2           |      icmp|   0|  0|   9|           5|           4|
    |icmp_ln135_14_fu_2272_p2           |      icmp|   0|  0|   9|           5|           4|
    |icmp_ln135_15_fu_2284_p2           |      icmp|   0|  0|   9|           5|           4|
    |icmp_ln135_1_fu_1402_p2            |      icmp|   0|  0|   9|           4|           5|
    |icmp_ln135_2_fu_1849_p2            |      icmp|   0|  0|   9|           4|           5|
    |icmp_ln135_3_fu_1886_p2            |      icmp|   0|  0|   9|           4|           5|
    |icmp_ln135_4_fu_1924_p2            |      icmp|   0|  0|   9|           4|           5|
    |icmp_ln135_5_fu_1962_p2            |      icmp|   0|  0|   9|           4|           5|
    |icmp_ln135_6_fu_2004_p2            |      icmp|   0|  0|   9|           4|           5|
    |icmp_ln135_7_fu_2042_p2            |      icmp|   0|  0|   9|           5|           4|
    |icmp_ln135_8_fu_2129_p2            |      icmp|   0|  0|   9|           5|           4|
    |icmp_ln135_9_fu_2152_p2            |      icmp|   0|  0|   9|           5|           4|
    |icmp_ln135_fu_1364_p2              |      icmp|   0|  0|   9|           4|           5|
    |icmp_ln152_fu_2366_p2              |      icmp|   0|  0|  12|          15|          15|
    |icmp_ln70_fu_622_p2                |      icmp|   0|  0|  11|          11|          11|
    |icmp_ln72_fu_639_p2                |      icmp|   0|  0|  11|          11|          11|
    |icmp_ln83_fu_654_p2                |      icmp|   0|  0|  20|          32|          32|
    |icmp_ln85_fu_659_p2                |      icmp|   0|  0|  11|          11|           3|
    |ap_block_pp0_stage0_01001          |        or|   0|  0|   2|           1|           1|
    |ap_block_state1                    |        or|   0|  0|   2|           1|           1|
    |ap_block_state4_pp0_stage0_iter1   |        or|   0|  0|   2|           1|           1|
    |or_ln113_10_fu_1192_p2             |        or|   0|  0|   2|           1|           1|
    |or_ln113_11_fu_1692_p2             |        or|   0|  0|   2|           1|           1|
    |or_ln113_12_fu_1724_p2             |        or|   0|  0|   2|           1|           1|
    |or_ln113_13_fu_1756_p2             |        or|   0|  0|   2|           1|           1|
    |or_ln113_14_fu_1788_p2             |        or|   0|  0|   2|           1|           1|
    |or_ln113_15_fu_1820_p2             |        or|   0|  0|   2|           1|           1|
    |or_ln113_1_fu_904_p2               |        or|   0|  0|   2|           1|           1|
    |or_ln113_2_fu_936_p2               |        or|   0|  0|   2|           1|           1|
    |or_ln113_3_fu_968_p2               |        or|   0|  0|   2|           1|           1|
    |or_ln113_4_fu_1000_p2              |        or|   0|  0|   2|           1|           1|
    |or_ln113_5_fu_1032_p2              |        or|   0|  0|   2|           1|           1|
    |or_ln113_6_fu_1064_p2              |        or|   0|  0|   2|           1|           1|
    |or_ln113_7_fu_1096_p2              |        or|   0|  0|   2|           1|           1|
    |or_ln113_8_fu_1128_p2              |        or|   0|  0|   2|           1|           1|
    |or_ln113_9_fu_1160_p2              |        or|   0|  0|   2|           1|           1|
    |or_ln113_fu_1662_p2                |        or|   0|  0|   2|           1|           1|
    |or_ln133_10_fu_2313_p2             |        or|   0|  0|   2|           1|           1|
    |or_ln133_11_fu_2319_p2             |        or|   0|  0|   2|           1|           1|
    |or_ln133_12_fu_2330_p2             |        or|   0|  0|   2|           1|           1|
    |or_ln133_13_fu_2336_p2             |        or|   0|  0|   2|           1|           1|
    |or_ln133_14_fu_2342_p2             |        or|   0|  0|   2|           1|           1|
    |or_ln133_1_fu_2073_p2              |        or|   0|  0|   2|           1|           1|
    |or_ln133_2_fu_2079_p2              |        or|   0|  0|   2|           1|           1|
    |or_ln133_3_fu_2084_p2              |        or|   0|  0|   2|           1|           1|
    |or_ln133_4_fu_2090_p2              |        or|   0|  0|   2|           1|           1|
    |or_ln133_5_fu_2096_p2              |        or|   0|  0|   2|           1|           1|
    |or_ln133_6_fu_2102_p2              |        or|   0|  0|   2|           1|           1|
    |or_ln133_7_fu_2295_p2              |        or|   0|  0|   2|           1|           1|
    |or_ln133_8_fu_2301_p2              |        or|   0|  0|   2|           1|           1|
    |or_ln133_9_fu_2307_p2              |        or|   0|  0|   2|           1|           1|
    |or_ln133_fu_1422_p2                |        or|   0|  0|   2|           1|           1|
    |select_ln113_10_fu_1024_p3         |    select|   0|  0|   3|           1|           1|
    |select_ln113_11_fu_1038_p3         |    select|   0|  0|   2|           1|           2|
    |select_ln113_12_fu_1056_p3         |    select|   0|  0|   3|           1|           1|
    |select_ln113_13_fu_1070_p3         |    select|   0|  0|   2|           1|           2|
    |select_ln113_14_fu_1088_p3         |    select|   0|  0|   3|           1|           1|
    |select_ln113_15_fu_1102_p3         |    select|   0|  0|   2|           1|           2|
    |select_ln113_16_fu_1120_p3         |    select|   0|  0|   3|           1|           1|
    |select_ln113_17_fu_1134_p3         |    select|   0|  0|   2|           1|           2|
    |select_ln113_18_fu_1152_p3         |    select|   0|  0|   3|           1|           1|
    |select_ln113_19_fu_1166_p3         |    select|   0|  0|   2|           1|           2|
    |select_ln113_1_fu_1668_p3          |    select|   0|  0|   2|           1|           2|
    |select_ln113_20_fu_1184_p3         |    select|   0|  0|   3|           1|           1|
    |select_ln113_21_fu_1198_p3         |    select|   0|  0|   2|           1|           2|
    |select_ln113_22_fu_1684_p3         |    select|   0|  0|   3|           1|           1|
    |select_ln113_23_fu_1698_p3         |    select|   0|  0|   2|           1|           2|
    |select_ln113_24_fu_1716_p3         |    select|   0|  0|   3|           1|           1|
    |select_ln113_25_fu_1730_p3         |    select|   0|  0|   2|           1|           2|
    |select_ln113_26_fu_1748_p3         |    select|   0|  0|   3|           1|           1|
    |select_ln113_27_fu_1762_p3         |    select|   0|  0|   2|           1|           2|
    |select_ln113_28_fu_1780_p3         |    select|   0|  0|   3|           1|           1|
    |select_ln113_29_fu_1794_p3         |    select|   0|  0|   2|           1|           2|
    |select_ln113_2_fu_896_p3           |    select|   0|  0|   3|           1|           1|
    |select_ln113_30_fu_1812_p3         |    select|   0|  0|   3|           1|           1|
    |select_ln113_31_fu_1826_p3         |    select|   0|  0|   2|           1|           2|
    |select_ln113_3_fu_910_p3           |    select|   0|  0|   2|           1|           2|
    |select_ln113_4_fu_928_p3           |    select|   0|  0|   3|           1|           1|
    |select_ln113_5_fu_942_p3           |    select|   0|  0|   2|           1|           2|
    |select_ln113_6_fu_960_p3           |    select|   0|  0|   3|           1|           1|
    |select_ln113_7_fu_974_p3           |    select|   0|  0|   2|           1|           2|
    |select_ln113_8_fu_992_p3           |    select|   0|  0|   3|           1|           1|
    |select_ln113_9_fu_1006_p3          |    select|   0|  0|   2|           1|           2|
    |select_ln113_fu_1654_p3            |    select|   0|  0|   3|           1|           1|
    |select_ln133_10_fu_2140_p3         |    select|   0|  0|   5|           1|           5|
    |select_ln133_11_fu_2158_p3         |    select|   0|  0|   5|           1|           5|
    |select_ln133_12_fu_2188_p3         |    select|   0|  0|   5|           1|           5|
    |select_ln133_13_fu_2206_p3         |    select|   0|  0|   5|           1|           5|
    |select_ln133_14_fu_2236_p3         |    select|   0|  0|   5|           1|           5|
    |select_ln133_15_fu_2254_p3         |    select|   0|  0|   5|           1|           5|
    |select_ln133_1_fu_1338_p3          |    select|   0|  0|   4|           1|           4|
    |select_ln133_2_fu_1376_p3          |    select|   0|  0|   4|           1|           4|
    |select_ln133_3_fu_1408_p3          |    select|   0|  0|   4|           1|           4|
    |select_ln133_4_fu_1860_p3          |    select|   0|  0|   4|           1|           4|
    |select_ln133_5_fu_1892_p3          |    select|   0|  0|   4|           1|           4|
    |select_ln133_6_fu_1936_p3          |    select|   0|  0|   4|           1|           4|
    |select_ln133_7_fu_1968_p3          |    select|   0|  0|   4|           1|           4|
    |select_ln133_8_fu_2016_p3          |    select|   0|  0|   5|           1|           5|
    |select_ln133_9_fu_2048_p3          |    select|   0|  0|   5|           1|           5|
    |select_ln133_fu_1318_p3            |    select|   0|  0|   4|           1|           4|
    |select_ln138_1_fu_1286_p3          |    select|   0|  0|   4|           1|           4|
    |select_ln138_2_fu_1294_p3          |    select|   0|  0|   4|           1|           4|
    |select_ln138_3_fu_1302_p3          |    select|   0|  0|   4|           1|           4|
    |select_ln138_4_fu_1310_p3          |    select|   0|  0|   4|           1|           4|
    |select_ln138_fu_1278_p3            |    select|   0|  0|   5|           1|           5|
    |ap_enable_pp0                      |       xor|   0|  0|   2|           1|           2|
    |ap_enable_pp1                      |       xor|   0|  0|   2|           1|           2|
    |ap_enable_reg_pp1_iter1            |       xor|   0|  0|   2|           2|           1|
    +-----------------------------------+----------+----+---+----+------------+------------+
    |Total                              |          |   0|  0|1688|         977|         920|
    +-----------------------------------+----------+----+---+----+------------+------------+

    * Multiplexer: 
    +-----------------------------------+----+-----------+-----+-----------+
    |                Name               | LUT| Input Size| Bits| Total Bits|
    +-----------------------------------+----+-----------+-----+-----------+
    |ap_NS_fsm                          |  37|          7|    1|          7|
    |ap_done                            |   9|          2|    1|          2|
    |ap_enable_reg_pp0_iter2            |   9|          2|    1|          2|
    |ap_enable_reg_pp0_iter9            |   9|          2|    1|          2|
    |ap_enable_reg_pp1_iter1            |  14|          3|    1|          3|
    |ap_phi_mux_mask_phi_fu_509_p6      |   9|          2|    8|         16|
    |ap_phi_reg_pp0_iter1_mask_reg_505  |   9|          2|    8|         16|
    |ap_phi_reg_pp0_iter5_mask_reg_505  |   9|          2|    8|         16|
    |blur_in_blk_n                      |   9|          2|    1|          2|
    |blur_out_blk_n                     |   9|          2|    1|          2|
    |cnt_6_reg_496                      |   9|          2|   32|         64|
    |cnt_fu_130                         |   9|          2|   32|         64|
    |height_blk_n                       |   9|          2|    1|          2|
    |height_out_blk_n                   |   9|          2|    1|          2|
    |i_reg_474                          |   9|          2|   11|         22|
    |img_in_blk_n                       |   9|          2|    1|          2|
    |img_out_blk_n                      |   9|          2|    1|          2|
    |j_reg_485                          |   9|          2|   11|         22|
    |k_reg_520                          |   9|          2|   14|         28|
    |mask_out_blk_n                     |   9|          2|    1|          2|
    |mask_out_din                       |  14|          3|    8|         24|
    |p_threshold_blk_n                  |   9|          2|    1|          2|
    |real_start                         |   9|          2|    1|          2|
    |width_blk_n                        |   9|          2|    1|          2|
    |width_out_blk_n                    |   9|          2|    1|          2|
    +-----------------------------------+----+-----------+-----+-----------+
    |Total                              | 263|         57|  148|        310|
    +-----------------------------------+----+-----------+-----+-----------+

    * Register: 
    +------------------------------------+----+----+-----+-----------+
    |                Name                | FF | LUT| Bits| Const Bits|
    +------------------------------------+----+----+-----+-----------+
    |add_cast_i_reg_2619                 |  32|   0|   32|          0|
    |add_i_reg_2614                      |  15|   0|   15|          0|
    |and_ln133_15_reg_2929               |   1|   0|    1|          0|
    |and_ln133_1_reg_2853                |   1|   0|    1|          0|
    |and_ln133_1_reg_2853_pp0_iter2_reg  |   1|   0|    1|          0|
    |and_ln133_2_reg_2859                |   1|   0|    1|          0|
    |and_ln133_2_reg_2859_pp0_iter2_reg  |   1|   0|    1|          0|
    |and_ln133_3_reg_2865                |   1|   0|    1|          0|
    |and_ln133_3_reg_2865_pp0_iter2_reg  |   1|   0|    1|          0|
    |and_ln133_4_reg_2871                |   1|   0|    1|          0|
    |and_ln133_4_reg_2871_pp0_iter2_reg  |   1|   0|    1|          0|
    |and_ln133_5_reg_2877                |   1|   0|    1|          0|
    |and_ln133_5_reg_2877_pp0_iter2_reg  |   1|   0|    1|          0|
    |and_ln133_6_reg_2882                |   1|   0|    1|          0|
    |and_ln133_6_reg_2882_pp0_iter2_reg  |   1|   0|    1|          0|
    |and_ln133_reg_2847                  |   1|   0|    1|          0|
    |and_ln133_reg_2847_pp0_iter2_reg    |   1|   0|    1|          0|
    |and_ln85_reg_2736                   |   1|   0|    1|          0|
    |ap_CS_fsm                           |   6|   0|    6|          0|
    |ap_done_reg                         |   1|   0|    1|          0|
    |ap_enable_reg_pp0_iter0             |   1|   0|    1|          0|
    |ap_enable_reg_pp0_iter1             |   1|   0|    1|          0|
    |ap_enable_reg_pp0_iter2             |   1|   0|    1|          0|
    |ap_enable_reg_pp0_iter3             |   1|   0|    1|          0|
    |ap_enable_reg_pp0_iter4             |   1|   0|    1|          0|
    |ap_enable_reg_pp0_iter5             |   1|   0|    1|          0|
    |ap_enable_reg_pp0_iter6             |   1|   0|    1|          0|
    |ap_enable_reg_pp0_iter7             |   1|   0|    1|          0|
    |ap_enable_reg_pp0_iter8             |   1|   0|    1|          0|
    |ap_enable_reg_pp0_iter9             |   1|   0|    1|          0|
    |ap_enable_reg_pp1_iter0             |   1|   0|    1|          0|
    |ap_enable_reg_pp1_iter1             |   1|   0|    1|          0|
    |ap_phi_reg_pp0_iter1_mask_reg_505   |   8|   0|    8|          0|
    |ap_phi_reg_pp0_iter2_mask_reg_505   |   8|   0|    8|          0|
    |ap_phi_reg_pp0_iter3_mask_reg_505   |   8|   0|    8|          0|
    |ap_phi_reg_pp0_iter4_mask_reg_505   |   8|   0|    8|          0|
    |ap_phi_reg_pp0_iter5_mask_reg_505   |   8|   0|    8|          0|
    |ap_phi_reg_pp0_iter6_mask_reg_505   |   8|   0|    8|          0|
    |ap_phi_reg_pp0_iter7_mask_reg_505   |   8|   0|    8|          0|
    |ap_phi_reg_pp0_iter8_mask_reg_505   |   8|   0|    8|          0|
    |ap_phi_reg_pp0_iter9_mask_reg_505   |   8|   0|    8|          0|
    |cmp1633_i_reg_2664                  |   1|   0|    1|          0|
    |cmp7_i_reg_2682                     |   1|   0|    1|          0|
    |cnt_6_reg_496                       |  32|   0|   32|          0|
    |cnt_fu_130                          |  32|   0|   32|          0|
    |height_read_reg_2594                |  11|   0|   11|          0|
    |i_5_reg_2668                        |  11|   0|   11|          0|
    |i_reg_474                           |  11|   0|   11|          0|
    |icmp_ln152_reg_2954                 |   1|   0|    1|          0|
    |icmp_ln72_reg_2692                  |   1|   0|    1|          0|
    |icmp_ln83_reg_2732                  |   1|   0|    1|          0|
    |j_reg_485                           |  11|   0|   11|          0|
    |k_reg_520                           |  14|   0|   14|          0|
    |line_buffer_val_V_1_addr_reg_2696   |  11|   0|   11|          0|
    |line_buffer_val_V_2_addr_reg_2702   |  11|   0|   11|          0|
    |line_buffer_val_V_3_addr_reg_2708   |  11|   0|   11|          0|
    |line_buffer_val_V_4_addr_reg_2714   |  11|   0|   11|          0|
    |line_buffer_val_V_5_addr_reg_2720   |  11|   0|   11|          0|
    |line_buffer_val_V_6_addr_reg_2726   |  11|   0|   11|          0|
    |or_ln113_10_reg_2837                |   1|   0|    1|          0|
    |or_ln133_14_reg_2940                |   1|   0|    1|          0|
    |or_ln133_6_reg_2935                 |   1|   0|    1|          0|
    |or_ln133_reg_2893                   |   1|   0|    1|          0|
    |p_threshold_cast_i_reg_2624         |   8|   0|    9|          1|
    |p_threshold_read_reg_2604           |   8|   0|    8|          0|
    |ref_tmp166_i_reg_2944               |   8|   0|    8|          0|
    |ret_11_reg_2775                     |   9|   0|    9|          0|
    |ret_12_reg_2780                     |   9|   0|    9|          0|
    |ret_13_reg_2785                     |   9|   0|    9|          0|
    |ret_14_reg_2790                     |   9|   0|    9|          0|
    |ret_15_reg_2795                     |   9|   0|    9|          0|
    |ret_16_reg_2800                     |   9|   0|    9|          0|
    |ret_17_reg_2805                     |   9|   0|    9|          0|
    |ret_18_reg_2810                     |   9|   0|    9|          0|
    |ret_19_reg_2815                     |   9|   0|    9|          0|
    |ret_20_reg_2820                     |   9|   0|    9|          0|
    |ret_21_reg_2825                     |   9|   0|    9|          0|
    |ret_22_reg_2903                     |   9|   0|    9|          0|
    |ret_23_reg_2908                     |   9|   0|    9|          0|
    |ret_24_reg_2913                     |   9|   0|    9|          0|
    |ret_25_reg_2918                     |   9|   0|    9|          0|
    |ret_reg_2898                        |   9|   0|    9|          0|
    |select_ln113_21_reg_2842            |   2|   0|    2|          0|
    |select_ln113_3_reg_2832             |   2|   0|    2|          0|
    |select_ln133_3_reg_2887             |   4|   0|    4|          0|
    |select_ln133_9_reg_2923             |   5|   0|    5|          0|
    |start_once_reg                      |   1|   0|    1|          0|
    |sub_i_reg_2644                      |   9|   0|    9|          0|
    |width_cast4_i_reg_2609              |  11|   0|   32|         21|
    |width_read_reg_2599                 |  11|   0|   11|          0|
    |window_val_V_0_3_1_fu_138           |   8|   0|    8|          0|
    |window_val_V_0_3_2_reg_2745         |   8|   0|    8|          0|
    |window_val_V_0_3_fu_134             |   8|   0|    8|          0|
    |window_val_V_0_4_fu_142             |   8|   0|    8|          0|
    |window_val_V_0_5_fu_146             |   8|   0|    8|          0|
    |window_val_V_1_2_1_fu_154           |   8|   0|    8|          0|
    |window_val_V_1_2_2_reg_2751         |   8|   0|    8|          0|
    |window_val_V_1_2_fu_150             |   8|   0|    8|          0|
    |window_val_V_1_3_fu_158             |   8|   0|    8|          0|
    |window_val_V_1_4_fu_162             |   8|   0|    8|          0|
    |window_val_V_1_5_fu_166             |   8|   0|    8|          0|
    |window_val_V_2_1_3_fu_174           |   8|   0|    8|          0|
    |window_val_V_2_1_4_reg_2756         |   8|   0|    8|          0|
    |window_val_V_2_1_fu_170             |   8|   0|    8|          0|
    |window_val_V_2_2_fu_178             |   8|   0|    8|          0|
    |window_val_V_2_3_fu_182             |   8|   0|    8|          0|
    |window_val_V_2_4_fu_186             |   8|   0|    8|          0|
    |window_val_V_2_5_fu_190             |   8|   0|    8|          0|
    |window_val_V_3_1_1_fu_198           |   8|   0|    8|          0|
    |window_val_V_3_1_2_reg_2761         |   8|   0|    8|          0|
    |window_val_V_3_1_fu_194             |   8|   0|    8|          0|
    |window_val_V_3_2_fu_202             |   8|   0|    8|          0|
    |window_val_V_3_3_fu_206             |   8|   0|    8|          0|
    |window_val_V_3_4_fu_210             |   8|   0|    8|          0|
    |window_val_V_3_5_fu_214             |   8|   0|    8|          0|
    |window_val_V_4_1_1_fu_222           |   8|   0|    8|          0|
    |window_val_V_4_1_fu_218             |   8|   0|    8|          0|
    |window_val_V_4_2_fu_226             |   8|   0|    8|          0|
    |window_val_V_4_3_fu_230             |   8|   0|    8|          0|
    |window_val_V_4_4_fu_234             |   8|   0|    8|          0|
    |window_val_V_4_5_fu_238             |   8|   0|    8|          0|
    |window_val_V_5_2_1_fu_246           |   8|   0|    8|          0|
    |window_val_V_5_2_fu_242             |   8|   0|    8|          0|
    |window_val_V_5_3_fu_250             |   8|   0|    8|          0|
    |window_val_V_5_4_fu_254             |   8|   0|    8|          0|
    |window_val_V_5_5_fu_258             |   8|   0|    8|          0|
    |window_val_V_6_3_1_fu_266           |   8|   0|    8|          0|
    |window_val_V_6_3_fu_262             |   8|   0|    8|          0|
    |window_val_V_6_4_fu_270             |   8|   0|    8|          0|
    |window_val_V_6_5_fu_274             |   8|   0|    8|          0|
    |zext_ln1347_reg_2766                |   8|   0|    9|          1|
    |and_ln85_reg_2736                   |  64|  32|    1|          0|
    |icmp_ln72_reg_2692                  |  64|  32|    1|          0|
    |icmp_ln83_reg_2732                  |  64|  32|    1|          0|
    |or_ln133_14_reg_2940                |  64|  32|    1|          0|
    |ret_11_reg_2775                     |  64|  32|    9|          0|
    |ret_12_reg_2780                     |  64|  32|    9|          0|
    |ret_13_reg_2785                     |  64|  32|    9|          0|
    |ret_14_reg_2790                     |  64|  32|    9|          0|
    |ret_15_reg_2795                     |  64|  32|    9|          0|
    |ret_16_reg_2800                     |  64|  32|    9|          0|
    |ret_17_reg_2805                     |  64|  32|    9|          0|
    |ret_18_reg_2810                     |  64|  32|    9|          0|
    |ret_19_reg_2815                     |  64|  32|    9|          0|
    |ret_20_reg_2820                     |  64|  32|    9|          0|
    |ret_21_reg_2825                     |  64|  32|    9|          0|
    |ret_22_reg_2903                     |  64|  32|    9|          0|
    |ret_23_reg_2908                     |  64|  32|    9|          0|
    |ret_24_reg_2913                     |  64|  32|    9|          0|
    |ret_25_reg_2918                     |  64|  32|    9|          0|
    |ret_reg_2898                        |  64|  32|    9|          0|
    +------------------------------------+----+----+-----+-----------+
    |Total                               |2172| 640| 1063|         23|
    +------------------------------------+----+----+-----+-----------+



================================================================
== Interface
================================================================
* Summary: 
+---------------------+-----+-----+------------+--------------------------------+--------------+
|      RTL Ports      | Dir | Bits|  Protocol  |          Source Object         |    C Type    |
+---------------------+-----+-----+------------+--------------------------------+--------------+
|ap_clk               |   in|    1|  ap_ctrl_hs|  process_fast<8, 1080, 1920, 1>|  return value|
|ap_rst               |   in|    1|  ap_ctrl_hs|  process_fast<8, 1080, 1920, 1>|  return value|
|ap_start             |   in|    1|  ap_ctrl_hs|  process_fast<8, 1080, 1920, 1>|  return value|
|start_full_n         |   in|    1|  ap_ctrl_hs|  process_fast<8, 1080, 1920, 1>|  return value|
|ap_done              |  out|    1|  ap_ctrl_hs|  process_fast<8, 1080, 1920, 1>|  return value|
|ap_continue          |   in|    1|  ap_ctrl_hs|  process_fast<8, 1080, 1920, 1>|  return value|
|ap_idle              |  out|    1|  ap_ctrl_hs|  process_fast<8, 1080, 1920, 1>|  return value|
|ap_ready             |  out|    1|  ap_ctrl_hs|  process_fast<8, 1080, 1920, 1>|  return value|
|start_out            |  out|    1|  ap_ctrl_hs|  process_fast<8, 1080, 1920, 1>|  return value|
|start_write          |  out|    1|  ap_ctrl_hs|  process_fast<8, 1080, 1920, 1>|  return value|
|img_in_dout          |   in|    8|     ap_fifo|                          img_in|       pointer|
|img_in_empty_n       |   in|    1|     ap_fifo|                          img_in|       pointer|
|img_in_read          |  out|    1|     ap_fifo|                          img_in|       pointer|
|img_out_din          |  out|    8|     ap_fifo|                         img_out|       pointer|
|img_out_full_n       |   in|    1|     ap_fifo|                         img_out|       pointer|
|img_out_write        |  out|    1|     ap_fifo|                         img_out|       pointer|
|blur_in_dout         |   in|    8|     ap_fifo|                         blur_in|       pointer|
|blur_in_empty_n      |   in|    1|     ap_fifo|                         blur_in|       pointer|
|blur_in_read         |  out|    1|     ap_fifo|                         blur_in|       pointer|
|blur_out_din         |  out|    8|     ap_fifo|                        blur_out|       pointer|
|blur_out_full_n      |   in|    1|     ap_fifo|                        blur_out|       pointer|
|blur_out_write       |  out|    1|     ap_fifo|                        blur_out|       pointer|
|mask_out_din         |  out|    8|     ap_fifo|                        mask_out|       pointer|
|mask_out_full_n      |   in|    1|     ap_fifo|                        mask_out|       pointer|
|mask_out_write       |  out|    1|     ap_fifo|                        mask_out|       pointer|
|height_dout          |   in|   11|     ap_fifo|                          height|       pointer|
|height_empty_n       |   in|    1|     ap_fifo|                          height|       pointer|
|height_read          |  out|    1|     ap_fifo|                          height|       pointer|
|width_dout           |   in|   11|     ap_fifo|                           width|       pointer|
|width_empty_n        |   in|    1|     ap_fifo|                           width|       pointer|
|width_read           |  out|    1|     ap_fifo|                           width|       pointer|
|p_threshold_dout     |   in|    8|     ap_fifo|                     p_threshold|       pointer|
|p_threshold_empty_n  |   in|    1|     ap_fifo|                     p_threshold|       pointer|
|p_threshold_read     |  out|    1|     ap_fifo|                     p_threshold|       pointer|
|height_out_din       |  out|   11|     ap_fifo|                      height_out|       pointer|
|height_out_full_n    |   in|    1|     ap_fifo|                      height_out|       pointer|
|height_out_write     |  out|    1|     ap_fifo|                      height_out|       pointer|
|width_out_din        |  out|   11|     ap_fifo|                       width_out|       pointer|
|width_out_full_n     |   in|    1|     ap_fifo|                       width_out|       pointer|
|width_out_write      |  out|    1|     ap_fifo|                       width_out|       pointer|
+---------------------+-----+-----+------------+--------------------------------+--------------+

============================================================
+ Verbose Summary: Synthesis Manager
============================================================
InlineROM: 1
ExposeGlobal: 0
============================================================
+ Verbose Summary: CDFG Model
============================================================
IsTopModel: 0
ResetActiveHigh: 1
IsCombinational: 2
IsDatapathOnly: 0
HasWiredReturn: 1
HasMFsm: 0
HasVarLatency: 1
IsPipeline: 0
IsRtlPipelined: 0
IsInstanceOverlapped: 0
IsDontTouch: 0
HasImplIP: 0
IsGatedGlobalClock: 0

+ Individual pipeline summary: 
  * Pipeline-0: initiation interval (II) = 1, depth = 10
  * Pipeline-1: initiation interval (II) = 1, depth = 2


============================================================
+ Verbose Summary: Schedule
============================================================
* Number of FSM states : 16
* Pipeline : 2
  Pipeline-0 : II = 1, D = 10, States = { 3 4 5 6 7 8 9 10 11 12 }
  Pipeline-1 : II = 1, D = 2, States = { 14 15 }
* Dataflow Pipeline: 0

* FSM state transitions: 
1 --> 2 
2 --> 13 3 14 
3 --> 4 
4 --> 13 5 
5 --> 6 
6 --> 7 
7 --> 8 
8 --> 9 
9 --> 10 
10 --> 11 
11 --> 12 
12 --> 3 
13 --> 2 
14 --> 16 15 
15 --> 14 
16 --> 

* FSM state operations: 

State 1 <SV = 0> <Delay = 3.67>
ST_1 : Operation 17 [1/1] (0.00ns)   --->   "%cnt = alloca i32 1"   --->   Operation 17 'alloca' 'cnt' <Predicate = true> <Delay = 0.00>
ST_1 : Operation 18 [1/1] (0.00ns)   --->   "%window_val_V_0_3 = alloca i32 1"   --->   Operation 18 'alloca' 'window_val_V_0_3' <Predicate = true> <Delay = 0.00>
ST_1 : Operation 19 [1/1] (0.00ns)   --->   "%window_val_V_0_3_1 = alloca i32 1"   --->   Operation 19 'alloca' 'window_val_V_0_3_1' <Predicate = true> <Delay = 0.00>
ST_1 : Operation 20 [1/1] (0.00ns)   --->   "%window_val_V_0_4 = alloca i32 1"   --->   Operation 20 'alloca' 'window_val_V_0_4' <Predicate = true> <Delay = 0.00>
ST_1 : Operation 21 [1/1] (0.00ns)   --->   "%window_val_V_0_5 = alloca i32 1"   --->   Operation 21 'alloca' 'window_val_V_0_5' <Predicate = true> <Delay = 0.00>
ST_1 : Operation 22 [1/1] (0.00ns)   --->   "%window_val_V_1_2 = alloca i32 1"   --->   Operation 22 'alloca' 'window_val_V_1_2' <Predicate = true> <Delay = 0.00>
ST_1 : Operation 23 [1/1] (0.00ns)   --->   "%window_val_V_1_2_1 = alloca i32 1"   --->   Operation 23 'alloca' 'window_val_V_1_2_1' <Predicate = true> <Delay = 0.00>
ST_1 : Operation 24 [1/1] (0.00ns)   --->   "%window_val_V_1_3 = alloca i32 1"   --->   Operation 24 'alloca' 'window_val_V_1_3' <Predicate = true> <Delay = 0.00>
ST_1 : Operation 25 [1/1] (0.00ns)   --->   "%window_val_V_1_4 = alloca i32 1"   --->   Operation 25 'alloca' 'window_val_V_1_4' <Predicate = true> <Delay = 0.00>
ST_1 : Operation 26 [1/1] (0.00ns)   --->   "%window_val_V_1_5 = alloca i32 1"   --->   Operation 26 'alloca' 'window_val_V_1_5' <Predicate = true> <Delay = 0.00>
ST_1 : Operation 27 [1/1] (0.00ns)   --->   "%window_val_V_2_1 = alloca i32 1"   --->   Operation 27 'alloca' 'window_val_V_2_1' <Predicate = true> <Delay = 0.00>
ST_1 : Operation 28 [1/1] (0.00ns)   --->   "%window_val_V_2_1_3 = alloca i32 1"   --->   Operation 28 'alloca' 'window_val_V_2_1_3' <Predicate = true> <Delay = 0.00>
ST_1 : Operation 29 [1/1] (0.00ns)   --->   "%window_val_V_2_2 = alloca i32 1"   --->   Operation 29 'alloca' 'window_val_V_2_2' <Predicate = true> <Delay = 0.00>
ST_1 : Operation 30 [1/1] (0.00ns)   --->   "%window_val_V_2_3 = alloca i32 1"   --->   Operation 30 'alloca' 'window_val_V_2_3' <Predicate = true> <Delay = 0.00>
ST_1 : Operation 31 [1/1] (0.00ns)   --->   "%window_val_V_2_4 = alloca i32 1"   --->   Operation 31 'alloca' 'window_val_V_2_4' <Predicate = true> <Delay = 0.00>
ST_1 : Operation 32 [1/1] (0.00ns)   --->   "%window_val_V_2_5 = alloca i32 1"   --->   Operation 32 'alloca' 'window_val_V_2_5' <Predicate = true> <Delay = 0.00>
ST_1 : Operation 33 [1/1] (0.00ns)   --->   "%window_val_V_3_1 = alloca i32 1"   --->   Operation 33 'alloca' 'window_val_V_3_1' <Predicate = true> <Delay = 0.00>
ST_1 : Operation 34 [1/1] (0.00ns)   --->   "%window_val_V_3_1_1 = alloca i32 1"   --->   Operation 34 'alloca' 'window_val_V_3_1_1' <Predicate = true> <Delay = 0.00>
ST_1 : Operation 35 [1/1] (0.00ns)   --->   "%window_val_V_3_2 = alloca i32 1"   --->   Operation 35 'alloca' 'window_val_V_3_2' <Predicate = true> <Delay = 0.00>
ST_1 : Operation 36 [1/1] (0.00ns)   --->   "%window_val_V_3_3 = alloca i32 1"   --->   Operation 36 'alloca' 'window_val_V_3_3' <Predicate = true> <Delay = 0.00>
ST_1 : Operation 37 [1/1] (0.00ns)   --->   "%window_val_V_3_4 = alloca i32 1"   --->   Operation 37 'alloca' 'window_val_V_3_4' <Predicate = true> <Delay = 0.00>
ST_1 : Operation 38 [1/1] (0.00ns)   --->   "%window_val_V_3_5 = alloca i32 1"   --->   Operation 38 'alloca' 'window_val_V_3_5' <Predicate = true> <Delay = 0.00>
ST_1 : Operation 39 [1/1] (0.00ns)   --->   "%window_val_V_4_1 = alloca i32 1"   --->   Operation 39 'alloca' 'window_val_V_4_1' <Predicate = true> <Delay = 0.00>
ST_1 : Operation 40 [1/1] (0.00ns)   --->   "%window_val_V_4_1_1 = alloca i32 1"   --->   Operation 40 'alloca' 'window_val_V_4_1_1' <Predicate = true> <Delay = 0.00>
ST_1 : Operation 41 [1/1] (0.00ns)   --->   "%window_val_V_4_2 = alloca i32 1"   --->   Operation 41 'alloca' 'window_val_V_4_2' <Predicate = true> <Delay = 0.00>
ST_1 : Operation 42 [1/1] (0.00ns)   --->   "%window_val_V_4_3 = alloca i32 1"   --->   Operation 42 'alloca' 'window_val_V_4_3' <Predicate = true> <Delay = 0.00>
ST_1 : Operation 43 [1/1] (0.00ns)   --->   "%window_val_V_4_4 = alloca i32 1"   --->   Operation 43 'alloca' 'window_val_V_4_4' <Predicate = true> <Delay = 0.00>
ST_1 : Operation 44 [1/1] (0.00ns)   --->   "%window_val_V_4_5 = alloca i32 1"   --->   Operation 44 'alloca' 'window_val_V_4_5' <Predicate = true> <Delay = 0.00>
ST_1 : Operation 45 [1/1] (0.00ns)   --->   "%window_val_V_5_2 = alloca i32 1"   --->   Operation 45 'alloca' 'window_val_V_5_2' <Predicate = true> <Delay = 0.00>
ST_1 : Operation 46 [1/1] (0.00ns)   --->   "%window_val_V_5_2_1 = alloca i32 1"   --->   Operation 46 'alloca' 'window_val_V_5_2_1' <Predicate = true> <Delay = 0.00>
ST_1 : Operation 47 [1/1] (0.00ns)   --->   "%window_val_V_5_3 = alloca i32 1"   --->   Operation 47 'alloca' 'window_val_V_5_3' <Predicate = true> <Delay = 0.00>
ST_1 : Operation 48 [1/1] (0.00ns)   --->   "%window_val_V_5_4 = alloca i32 1"   --->   Operation 48 'alloca' 'window_val_V_5_4' <Predicate = true> <Delay = 0.00>
ST_1 : Operation 49 [1/1] (0.00ns)   --->   "%window_val_V_5_5 = alloca i32 1"   --->   Operation 49 'alloca' 'window_val_V_5_5' <Predicate = true> <Delay = 0.00>
ST_1 : Operation 50 [1/1] (0.00ns)   --->   "%window_val_V_6_3 = alloca i32 1"   --->   Operation 50 'alloca' 'window_val_V_6_3' <Predicate = true> <Delay = 0.00>
ST_1 : Operation 51 [1/1] (0.00ns)   --->   "%window_val_V_6_3_1 = alloca i32 1"   --->   Operation 51 'alloca' 'window_val_V_6_3_1' <Predicate = true> <Delay = 0.00>
ST_1 : Operation 52 [1/1] (0.00ns)   --->   "%window_val_V_6_4 = alloca i32 1"   --->   Operation 52 'alloca' 'window_val_V_6_4' <Predicate = true> <Delay = 0.00>
ST_1 : Operation 53 [1/1] (0.00ns)   --->   "%window_val_V_6_5 = alloca i32 1"   --->   Operation 53 'alloca' 'window_val_V_6_5' <Predicate = true> <Delay = 0.00>
ST_1 : Operation 54 [1/1] (1.23ns)   --->   "%line_buffer_val_V_1 = alloca i64 1" [src/fast.hpp:61->vitis_library_vision_L1/include\common/xf_structs.hpp:509]   --->   Operation 54 'alloca' 'line_buffer_val_V_1' <Predicate = true> <Delay = 1.23> <CoreInst = "RAM_S2P_BRAM">   --->   Core 97 'RAM_S2P_BRAM' <Latency = 1> <II = 1> <Delay = 1.23> <Storage> <Opcode : 'load' 'store'> <Ports = 2> <Width = 8> <Depth = 1920> <RAM>
ST_1 : Operation 55 [1/1] (1.23ns)   --->   "%line_buffer_val_V_2 = alloca i64 1" [src/fast.hpp:61->vitis_library_vision_L1/include\common/xf_structs.hpp:509]   --->   Operation 55 'alloca' 'line_buffer_val_V_2' <Predicate = true> <Delay = 1.23> <CoreInst = "RAM_S2P_BRAM">   --->   Core 97 'RAM_S2P_BRAM' <Latency = 1> <II = 1> <Delay = 1.23> <Storage> <Opcode : 'load' 'store'> <Ports = 2> <Width = 8> <Depth = 1920> <RAM>
ST_1 : Operation 56 [1/1] (1.23ns)   --->   "%line_buffer_val_V_3 = alloca i64 1" [src/fast.hpp:61->vitis_library_vision_L1/include\common/xf_structs.hpp:509]   --->   Operation 56 'alloca' 'line_buffer_val_V_3' <Predicate = true> <Delay = 1.23> <CoreInst = "RAM_S2P_BRAM">   --->   Core 97 'RAM_S2P_BRAM' <Latency = 1> <II = 1> <Delay = 1.23> <Storage> <Opcode : 'load' 'store'> <Ports = 2> <Width = 8> <Depth = 1920> <RAM>
ST_1 : Operation 57 [1/1] (1.23ns)   --->   "%line_buffer_val_V_4 = alloca i64 1" [src/fast.hpp:61->vitis_library_vision_L1/include\common/xf_structs.hpp:509]   --->   Operation 57 'alloca' 'line_buffer_val_V_4' <Predicate = true> <Delay = 1.23> <CoreInst = "RAM_S2P_BRAM">   --->   Core 97 'RAM_S2P_BRAM' <Latency = 1> <II = 1> <Delay = 1.23> <Storage> <Opcode : 'load' 'store'> <Ports = 2> <Width = 8> <Depth = 1920> <RAM>
ST_1 : Operation 58 [1/1] (1.23ns)   --->   "%line_buffer_val_V_5 = alloca i64 1" [src/fast.hpp:61->vitis_library_vision_L1/include\common/xf_structs.hpp:509]   --->   Operation 58 'alloca' 'line_buffer_val_V_5' <Predicate = true> <Delay = 1.23> <CoreInst = "RAM_S2P_BRAM">   --->   Core 97 'RAM_S2P_BRAM' <Latency = 1> <II = 1> <Delay = 1.23> <Storage> <Opcode : 'load' 'store'> <Ports = 2> <Width = 8> <Depth = 1920> <RAM>
ST_1 : Operation 59 [1/1] (1.23ns)   --->   "%line_buffer_val_V_6 = alloca i64 1" [src/fast.hpp:61->vitis_library_vision_L1/include\common/xf_structs.hpp:509]   --->   Operation 59 'alloca' 'line_buffer_val_V_6' <Predicate = true> <Delay = 1.23> <CoreInst = "RAM_S2P_BRAM">   --->   Core 97 'RAM_S2P_BRAM' <Latency = 1> <II = 1> <Delay = 1.23> <Storage> <Opcode : 'load' 'store'> <Ports = 2> <Width = 8> <Depth = 1920> <RAM>
ST_1 : Operation 60 [1/1] (0.00ns)   --->   "%specinterface_ln0 = specinterface void @_ssdm_op_SpecInterface, i8 %img_in, void @empty_1, i32 0, i32 0, void @empty_24, i32 0, i32 0, void @empty_24, void @empty_24, void @empty_24, i32 0, i32 0, i32 0, i32 0, void @empty_24, void @empty_24"   --->   Operation 60 'specinterface' 'specinterface_ln0' <Predicate = true> <Delay = 0.00>
ST_1 : Operation 61 [1/1] (0.00ns)   --->   "%specinterface_ln0 = specinterface void @_ssdm_op_SpecInterface, i8 %img_out, void @empty_1, i32 0, i32 0, void @empty_24, i32 0, i32 0, void @empty_24, void @empty_24, void @empty_24, i32 0, i32 0, i32 0, i32 0, void @empty_24, void @empty_24"   --->   Operation 61 'specinterface' 'specinterface_ln0' <Predicate = true> <Delay = 0.00>
ST_1 : Operation 62 [1/1] (0.00ns)   --->   "%specinterface_ln0 = specinterface void @_ssdm_op_SpecInterface, i8 %blur_in, void @empty_1, i32 0, i32 0, void @empty_24, i32 0, i32 0, void @empty_24, void @empty_24, void @empty_24, i32 0, i32 0, i32 0, i32 0, void @empty_24, void @empty_24"   --->   Operation 62 'specinterface' 'specinterface_ln0' <Predicate = true> <Delay = 0.00>
ST_1 : Operation 63 [1/1] (0.00ns)   --->   "%specinterface_ln0 = specinterface void @_ssdm_op_SpecInterface, i8 %blur_out, void @empty_1, i32 0, i32 0, void @empty_24, i32 0, i32 0, void @empty_24, void @empty_24, void @empty_24, i32 0, i32 0, i32 0, i32 0, void @empty_24, void @empty_24"   --->   Operation 63 'specinterface' 'specinterface_ln0' <Predicate = true> <Delay = 0.00>
ST_1 : Operation 64 [1/1] (0.00ns)   --->   "%specinterface_ln0 = specinterface void @_ssdm_op_SpecInterface, i8 %mask_out, void @empty_1, i32 0, i32 0, void @empty_24, i32 0, i32 0, void @empty_24, void @empty_24, void @empty_24, i32 0, i32 0, i32 0, i32 0, void @empty_24, void @empty_24"   --->   Operation 64 'specinterface' 'specinterface_ln0' <Predicate = true> <Delay = 0.00>
ST_1 : Operation 65 [1/1] (0.00ns)   --->   "%specinterface_ln0 = specinterface void @_ssdm_op_SpecInterface, i8 %p_threshold, void @ap_fifo_str, i32 0, i32 0, void @p_str, i32 0, i32 0, void @p_str, void @p_str, void @p_str, i32 2, i32 2, i32 16, i32 16, void @p_str, void @ScalarProp_str"   --->   Operation 65 'specinterface' 'specinterface_ln0' <Predicate = true> <Delay = 0.00>
ST_1 : Operation 66 [1/1] (0.00ns)   --->   "%specinterface_ln0 = specinterface void @_ssdm_op_SpecInterface, i11 %width, void @ap_fifo_str, i32 0, i32 0, void @p_str, i32 0, i32 0, void @p_str, void @p_str, void @p_str, i32 2, i32 2, i32 16, i32 16, void @p_str, void @ScalarProp_str"   --->   Operation 66 'specinterface' 'specinterface_ln0' <Predicate = true> <Delay = 0.00>
ST_1 : Operation 67 [1/1] (0.00ns)   --->   "%specinterface_ln0 = specinterface void @_ssdm_op_SpecInterface, i11 %height, void @ap_fifo_str, i32 0, i32 0, void @p_str, i32 0, i32 0, void @p_str, void @p_str, void @p_str, i32 2, i32 2, i32 16, i32 16, void @p_str, void @ScalarProp_str"   --->   Operation 67 'specinterface' 'specinterface_ln0' <Predicate = true> <Delay = 0.00>
ST_1 : Operation 68 [1/1] (1.83ns)   --->   "%height_read = read i11 @_ssdm_op_Read.ap_fifo.i11P0A, i11 %height" [src/fast.hpp:57]   --->   Operation 68 'read' 'height_read' <Predicate = true> <Delay = 1.83> <CoreInst = "FIFO_SRL">   --->   Core 81 'FIFO_SRL' <Latency = 0> <II = 1> <Delay = 1.83> <Storage> <Opcode : 'read' 'write' 'nbread' 'nbwrite'> <Ports = 0> <Width = 11> <Depth = 2> <FIFO>
ST_1 : Operation 69 [1/1] (1.83ns)   --->   "%width_read = read i11 @_ssdm_op_Read.ap_fifo.i11P0A, i11 %width" [src/fast.hpp:58]   --->   Operation 69 'read' 'width_read' <Predicate = true> <Delay = 1.83> <CoreInst = "FIFO_SRL">   --->   Core 81 'FIFO_SRL' <Latency = 0> <II = 1> <Delay = 1.83> <Storage> <Opcode : 'read' 'write' 'nbread' 'nbwrite'> <Ports = 0> <Width = 11> <Depth = 2> <FIFO>
ST_1 : Operation 70 [1/1] (1.90ns)   --->   "%p_threshold_read = read i8 @_ssdm_op_Read.ap_fifo.i8P0A, i8 %p_threshold" [src/fast.hpp:59]   --->   Operation 70 'read' 'p_threshold_read' <Predicate = true> <Delay = 1.90> <CoreInst = "FIFO_SRL">   --->   Core 81 'FIFO_SRL' <Latency = 0> <II = 1> <Delay = 1.90> <Storage> <Opcode : 'read' 'write' 'nbread' 'nbwrite'> <Ports = 0> <Width = 8> <Depth = 7> <FIFO>
ST_1 : Operation 71 [1/1] (0.00ns)   --->   "%specinterface_ln0 = specinterface void @_ssdm_op_SpecInterface, i11 %height_out, void @ap_fifo_str, i32 0, i32 0, void @p_str, i32 0, i32 0, void @p_str, void @p_str, void @p_str, i32 2, i32 2, i32 16, i32 16, void @p_str, void @ScalarProp_str"   --->   Operation 71 'specinterface' 'specinterface_ln0' <Predicate = true> <Delay = 0.00>
ST_1 : Operation 72 [1/1] (1.83ns)   --->   "%write_ln509 = write void @_ssdm_op_Write.ap_fifo.i11P0A, i11 %height_out, i11 %height_read" [vitis_library_vision_L1/include\common/xf_structs.hpp:509]   --->   Operation 72 'write' 'write_ln509' <Predicate = true> <Delay = 1.83> <CoreInst = "FIFO_SRL">   --->   Core 81 'FIFO_SRL' <Latency = 0> <II = 1> <Delay = 1.83> <Storage> <Opcode : 'read' 'write' 'nbread' 'nbwrite'> <Ports = 0> <Width = 11> <Depth = 2> <FIFO>
ST_1 : Operation 73 [1/1] (0.00ns)   --->   "%specinterface_ln0 = specinterface void @_ssdm_op_SpecInterface, i11 %width_out, void @ap_fifo_str, i32 0, i32 0, void @p_str, i32 0, i32 0, void @p_str, void @p_str, void @p_str, i32 2, i32 2, i32 16, i32 16, void @p_str, void @ScalarProp_str"   --->   Operation 73 'specinterface' 'specinterface_ln0' <Predicate = true> <Delay = 0.00>
ST_1 : Operation 74 [1/1] (1.83ns)   --->   "%write_ln509 = write void @_ssdm_op_Write.ap_fifo.i11P0A, i11 %width_out, i11 %width_read" [vitis_library_vision_L1/include\common/xf_structs.hpp:509]   --->   Operation 74 'write' 'write_ln509' <Predicate = true> <Delay = 1.83> <CoreInst = "FIFO_SRL">   --->   Core 81 'FIFO_SRL' <Latency = 0> <II = 1> <Delay = 1.83> <Storage> <Opcode : 'read' 'write' 'nbread' 'nbwrite'> <Ports = 0> <Width = 11> <Depth = 2> <FIFO>
ST_1 : Operation 75 [1/1] (0.00ns)   --->   "%width_cast4_i = zext i11 %width_read" [src/fast.hpp:58]   --->   Operation 75 'zext' 'width_cast4_i' <Predicate = true> <Delay = 0.00>
ST_1 : Operation 76 [1/1] (0.00ns)   --->   "%width_cast1_i = zext i11 %width_read" [src/fast.hpp:58]   --->   Operation 76 'zext' 'width_cast1_i' <Predicate = true> <Delay = 0.00>
ST_1 : Operation 77 [1/1] (0.00ns)   --->   "%specinterface_ln0 = specinterface void @_ssdm_op_SpecInterface, i8 %blur_out, void @empty_1, i32 0, i32 0, void @empty_24, i32 0, i32 0, void @empty_24, void @empty_24, void @empty_24, i32 0, i32 0, i32 0, i32 0, void @empty_24, void @empty_24"   --->   Operation 77 'specinterface' 'specinterface_ln0' <Predicate = true> <Delay = 0.00>
ST_1 : Operation 78 [1/1] (0.00ns)   --->   "%specinterface_ln0 = specinterface void @_ssdm_op_SpecInterface, i8 %blur_in, void @empty_1, i32 0, i32 0, void @empty_24, i32 0, i32 0, void @empty_24, void @empty_24, void @empty_24, i32 0, i32 0, i32 0, i32 0, void @empty_24, void @empty_24"   --->   Operation 78 'specinterface' 'specinterface_ln0' <Predicate = true> <Delay = 0.00>
ST_1 : Operation 79 [1/1] (0.00ns)   --->   "%specinterface_ln0 = specinterface void @_ssdm_op_SpecInterface, i8 %mask_out, void @empty_1, i32 0, i32 0, void @empty_24, i32 0, i32 0, void @empty_24, void @empty_24, void @empty_24, i32 0, i32 0, i32 0, i32 0, void @empty_24, void @empty_24"   --->   Operation 79 'specinterface' 'specinterface_ln0' <Predicate = true> <Delay = 0.00>
ST_1 : Operation 80 [1/1] (0.00ns)   --->   "%specinterface_ln0 = specinterface void @_ssdm_op_SpecInterface, i8 %img_out, void @empty_1, i32 0, i32 0, void @empty_24, i32 0, i32 0, void @empty_24, void @empty_24, void @empty_24, i32 0, i32 0, i32 0, i32 0, void @empty_24, void @empty_24"   --->   Operation 80 'specinterface' 'specinterface_ln0' <Predicate = true> <Delay = 0.00>
ST_1 : Operation 81 [1/1] (0.00ns)   --->   "%specinterface_ln0 = specinterface void @_ssdm_op_SpecInterface, i8 %img_in, void @empty_1, i32 0, i32 0, void @empty_24, i32 0, i32 0, void @empty_24, void @empty_24, void @empty_24, i32 0, i32 0, i32 0, i32 0, void @empty_24, void @empty_24"   --->   Operation 81 'specinterface' 'specinterface_ln0' <Predicate = true> <Delay = 0.00>
ST_1 : Operation 82 [1/1] (0.00ns)   --->   "%specmemcore_ln0 = specmemcore void @_ssdm_op_SpecMemCore, i8 %line_buffer_val_V_1, i8 %line_buffer_val_V_2, i8 %line_buffer_val_V_3, i8 %line_buffer_val_V_4, i8 %line_buffer_val_V_5, i8 %line_buffer_val_V_6, i64 666, i64 25, i64 18446744073709551615"   --->   Operation 82 'specmemcore' 'specmemcore_ln0' <Predicate = true> <Delay = 0.00>
ST_1 : Operation 83 [1/1] (0.00ns)   --->   "%p_shl_i = bitconcatenate i13 @_ssdm_op_BitConcatenate.i13.i11.i2, i11 %width_read, i2 0" [src/fast.hpp:58]   --->   Operation 83 'bitconcatenate' 'p_shl_i' <Predicate = true> <Delay = 0.00>
ST_1 : Operation 84 [1/1] (0.00ns)   --->   "%p_shl_cast_i = zext i13 %p_shl_i" [src/fast.hpp:58]   --->   Operation 84 'zext' 'p_shl_cast_i' <Predicate = true> <Delay = 0.00>
ST_1 : Operation 85 [1/1] (0.82ns)   --->   "%mul_i = sub i14 %p_shl_cast_i, i14 %width_cast1_i" [src/fast.hpp:58]   --->   Operation 85 'sub' 'mul_i' <Predicate = true> <Delay = 0.82> <CoreInst = "Adder">   --->   Core 1 'Adder' <Latency = 0> <II = 1> <Delay = 0.77> <FuncUnit> <Opcode : 'add' 'sub'> <InPorts = 2> <OutPorts = 1>
ST_1 : Operation 86 [1/1] (0.00ns)   --->   "%mul_cast_i = sext i14 %mul_i" [src/fast.hpp:58]   --->   Operation 86 'sext' 'mul_cast_i' <Predicate = true> <Delay = 0.00>
ST_1 : Operation 87 [1/1] (0.83ns)   --->   "%add_i = add i15 %mul_cast_i, i15 3" [src/fast.hpp:58]   --->   Operation 87 'add' 'add_i' <Predicate = true> <Delay = 0.83> <CoreInst = "Adder">   --->   Core 1 'Adder' <Latency = 0> <II = 1> <Delay = 0.77> <FuncUnit> <Opcode : 'add' 'sub'> <InPorts = 2> <OutPorts = 1>
ST_1 : Operation 88 [1/1] (0.00ns)   --->   "%add_cast_i = sext i15 %add_i" [src/fast.hpp:58]   --->   Operation 88 'sext' 'add_cast_i' <Predicate = true> <Delay = 0.00>
ST_1 : Operation 89 [1/1] (0.00ns)   --->   "%p_threshold_cast_i = zext i8 %p_threshold_read" [src/fast.hpp:59]   --->   Operation 89 'zext' 'p_threshold_cast_i' <Predicate = true> <Delay = 0.00>
ST_1 : Operation 90 [1/1] (0.76ns)   --->   "%sub_i = sub i9 0, i9 %p_threshold_cast_i" [src/fast.hpp:59]   --->   Operation 90 'sub' 'sub_i' <Predicate = true> <Delay = 0.76> <CoreInst = "Adder">   --->   Core 1 'Adder' <Latency = 0> <II = 1> <Delay = 0.77> <FuncUnit> <Opcode : 'add' 'sub'> <InPorts = 2> <OutPorts = 1>
ST_1 : Operation 91 [1/1] (0.94ns)   --->   "%cmp1633_i = icmp_eq  i11 %width_read, i11 0" [src/fast.hpp:58]   --->   Operation 91 'icmp' 'cmp1633_i' <Predicate = true> <Delay = 0.94> <CoreInst = "Cmp">   --->   Core 9 'Cmp' <Latency = 0> <II = 1> <Delay = 0.94> <FuncUnit> <Opcode : 'icmp'> <InPorts = 2> <OutPorts = 1>
ST_1 : Operation 92 [1/1] (0.42ns)   --->   "%store_ln70 = store i32 0, i32 %cnt" [src/fast.hpp:70->vitis_library_vision_L1/include\common/xf_structs.hpp:509]   --->   Operation 92 'store' 'store_ln70' <Predicate = true> <Delay = 0.42>
ST_1 : Operation 93 [1/1] (0.42ns)   --->   "%br_ln70 = br void" [src/fast.hpp:70->vitis_library_vision_L1/include\common/xf_structs.hpp:509]   --->   Operation 93 'br' 'br_ln70' <Predicate = true> <Delay = 0.42>

State 2 <SV = 1> <Delay = 0.94>
ST_2 : Operation 94 [1/1] (0.00ns)   --->   "%i = phi i11 0, void %entry, i11 %i_5, void %._crit_edge639.i"   --->   Operation 94 'phi' 'i' <Predicate = true> <Delay = 0.00>
ST_2 : Operation 95 [1/1] (0.79ns)   --->   "%i_5 = add i11 %i, i11 1" [src/fast.hpp:70->vitis_library_vision_L1/include\common/xf_structs.hpp:509]   --->   Operation 95 'add' 'i_5' <Predicate = true> <Delay = 0.79> <CoreInst = "Adder">   --->   Core 1 'Adder' <Latency = 0> <II = 1> <Delay = 0.77> <FuncUnit> <Opcode : 'add' 'sub'> <InPorts = 2> <OutPorts = 1>
ST_2 : Operation 96 [1/1] (0.00ns)   --->   "%cnt_5 = load i32 %cnt" [src/fast.hpp:72->vitis_library_vision_L1/include\common/xf_structs.hpp:509]   --->   Operation 96 'load' 'cnt_5' <Predicate = true> <Delay = 0.00>
ST_2 : Operation 97 [1/1] (0.94ns)   --->   "%icmp_ln70 = icmp_eq  i11 %i, i11 %height_read" [src/fast.hpp:70->vitis_library_vision_L1/include\common/xf_structs.hpp:509]   --->   Operation 97 'icmp' 'icmp_ln70' <Predicate = true> <Delay = 0.94> <CoreInst = "Cmp">   --->   Core 9 'Cmp' <Latency = 0> <II = 1> <Delay = 0.94> <FuncUnit> <Opcode : 'icmp'> <InPorts = 2> <OutPorts = 1>
ST_2 : Operation 98 [1/1] (0.00ns)   --->   "%br_ln70 = br i1 %icmp_ln70, void %.split10.i, void %._crit_edge647.loopexit.i.preheader" [src/fast.hpp:70->vitis_library_vision_L1/include\common/xf_structs.hpp:509]   --->   Operation 98 'br' 'br_ln70' <Predicate = true> <Delay = 0.00>
ST_2 : Operation 99 [1/1] (0.00ns)   --->   "%specloopname_ln66 = specloopname void @_ssdm_op_SpecLoopName, void @empty_12" [src/fast.hpp:66->vitis_library_vision_L1/include\common/xf_structs.hpp:509]   --->   Operation 99 'specloopname' 'specloopname_ln66' <Predicate = (!icmp_ln70)> <Delay = 0.00>
ST_2 : Operation 100 [1/1] (0.94ns)   --->   "%cmp7_i = icmp_ugt  i11 %i, i11 5" [src/fast.hpp:70->vitis_library_vision_L1/include\common/xf_structs.hpp:509]   --->   Operation 100 'icmp' 'cmp7_i' <Predicate = (!icmp_ln70)> <Delay = 0.94> <CoreInst = "Cmp">   --->   Core 9 'Cmp' <Latency = 0> <II = 1> <Delay = 0.94> <FuncUnit> <Opcode : 'icmp'> <InPorts = 2> <OutPorts = 1>
ST_2 : Operation 101 [1/1] (0.00ns)   --->   "%br_ln72 = br i1 %cmp1633_i, void %.lr.ph638.i.preheader, void %._crit_edge639.i" [src/fast.hpp:72->vitis_library_vision_L1/include\common/xf_structs.hpp:509]   --->   Operation 101 'br' 'br_ln72' <Predicate = (!icmp_ln70)> <Delay = 0.00>
ST_2 : Operation 102 [1/1] (0.42ns)   --->   "%br_ln1347 = br void %.lr.ph638.i"   --->   Operation 102 'br' 'br_ln1347' <Predicate = (!icmp_ln70 & !cmp1633_i)> <Delay = 0.42>
ST_2 : Operation 103 [1/1] (0.42ns)   --->   "%br_ln0 = br void %._crit_edge647.loopexit.i"   --->   Operation 103 'br' 'br_ln0' <Predicate = (icmp_ln70)> <Delay = 0.42>

State 3 <SV = 2> <Delay = 1.65>
ST_3 : Operation 104 [1/1] (0.00ns)   --->   "%j = phi i11 %add_ln72_1, void %._crit_edge.i, i11 0, void %.lr.ph638.i.preheader" [src/fast.hpp:72->vitis_library_vision_L1/include\common/xf_structs.hpp:509]   --->   Operation 104 'phi' 'j' <Predicate = true> <Delay = 0.00>
ST_3 : Operation 105 [1/1] (0.00ns)   --->   "%cnt_6 = phi i32 %cnt_7, void %._crit_edge.i, i32 %cnt_5, void %.lr.ph638.i.preheader"   --->   Operation 105 'phi' 'cnt_6' <Predicate = true> <Delay = 0.00>
ST_3 : Operation 106 [1/1] (0.79ns)   --->   "%add_ln72_1 = add i11 %j, i11 1" [src/fast.hpp:72->vitis_library_vision_L1/include\common/xf_structs.hpp:509]   --->   Operation 106 'add' 'add_ln72_1' <Predicate = true> <Delay = 0.79> <CoreInst = "Adder">   --->   Core 1 'Adder' <Latency = 0> <II = 1> <Delay = 0.77> <FuncUnit> <Opcode : 'add' 'sub'> <InPorts = 2> <OutPorts = 1>
ST_3 : Operation 107 [1/1] (0.94ns)   --->   "%icmp_ln72 = icmp_eq  i11 %j, i11 %width_read" [src/fast.hpp:72->vitis_library_vision_L1/include\common/xf_structs.hpp:509]   --->   Operation 107 'icmp' 'icmp_ln72' <Predicate = true> <Delay = 0.94> <CoreInst = "Cmp">   --->   Core 9 'Cmp' <Latency = 0> <II = 1> <Delay = 0.94> <FuncUnit> <Opcode : 'icmp'> <InPorts = 2> <OutPorts = 1>
ST_3 : Operation 108 [1/1] (0.00ns)   --->   "%br_ln72 = br i1 %icmp_ln72, void %.split8.i, void %._crit_edge639.loopexit.i" [src/fast.hpp:72->vitis_library_vision_L1/include\common/xf_structs.hpp:509]   --->   Operation 108 'br' 'br_ln72' <Predicate = true> <Delay = 0.00>
ST_3 : Operation 109 [1/1] (0.00ns)   --->   "%j_cast5_i = zext i11 %j" [src/fast.hpp:72->vitis_library_vision_L1/include\common/xf_structs.hpp:509]   --->   Operation 109 'zext' 'j_cast5_i' <Predicate = (!icmp_ln72)> <Delay = 0.00>
ST_3 : Operation 110 [1/1] (0.00ns)   --->   "%line_buffer_val_V_1_addr = getelementptr i8 %line_buffer_val_V_1, i64 0, i64 %j_cast5_i" [vitis_library_vision_L1/include\common/xf_video_mem.hpp:871]   --->   Operation 110 'getelementptr' 'line_buffer_val_V_1_addr' <Predicate = (!icmp_ln72)> <Delay = 0.00>
ST_3 : Operation 111 [2/2] (1.23ns)   --->   "%window_val_V_0_6 = load i11 %line_buffer_val_V_1_addr" [vitis_library_vision_L1/include\common/xf_video_mem.hpp:871]   --->   Operation 111 'load' 'window_val_V_0_6' <Predicate = (!icmp_ln72)> <Delay = 1.23> <CoreInst = "RAM_S2P_BRAM">   --->   Core 97 'RAM_S2P_BRAM' <Latency = 1> <II = 1> <Delay = 1.23> <Storage> <Opcode : 'load' 'store'> <Ports = 2> <Width = 8> <Depth = 1920> <RAM>
ST_3 : Operation 112 [1/1] (0.00ns)   --->   "%line_buffer_val_V_2_addr = getelementptr i8 %line_buffer_val_V_2, i64 0, i64 %j_cast5_i" [vitis_library_vision_L1/include\common/xf_video_mem.hpp:871]   --->   Operation 112 'getelementptr' 'line_buffer_val_V_2_addr' <Predicate = (!icmp_ln72)> <Delay = 0.00>
ST_3 : Operation 113 [2/2] (1.23ns)   --->   "%window_val_V_1_6 = load i11 %line_buffer_val_V_2_addr" [vitis_library_vision_L1/include\common/xf_video_mem.hpp:871]   --->   Operation 113 'load' 'window_val_V_1_6' <Predicate = (!icmp_ln72)> <Delay = 1.23> <CoreInst = "RAM_S2P_BRAM">   --->   Core 97 'RAM_S2P_BRAM' <Latency = 1> <II = 1> <Delay = 1.23> <Storage> <Opcode : 'load' 'store'> <Ports = 2> <Width = 8> <Depth = 1920> <RAM>
ST_3 : Operation 114 [1/1] (0.00ns)   --->   "%line_buffer_val_V_3_addr = getelementptr i8 %line_buffer_val_V_3, i64 0, i64 %j_cast5_i" [vitis_library_vision_L1/include\common/xf_video_mem.hpp:871]   --->   Operation 114 'getelementptr' 'line_buffer_val_V_3_addr' <Predicate = (!icmp_ln72)> <Delay = 0.00>
ST_3 : Operation 115 [2/2] (1.23ns)   --->   "%window_val_V_2_6 = load i11 %line_buffer_val_V_3_addr" [vitis_library_vision_L1/include\common/xf_video_mem.hpp:871]   --->   Operation 115 'load' 'window_val_V_2_6' <Predicate = (!icmp_ln72)> <Delay = 1.23> <CoreInst = "RAM_S2P_BRAM">   --->   Core 97 'RAM_S2P_BRAM' <Latency = 1> <II = 1> <Delay = 1.23> <Storage> <Opcode : 'load' 'store'> <Ports = 2> <Width = 8> <Depth = 1920> <RAM>
ST_3 : Operation 116 [1/1] (0.00ns)   --->   "%line_buffer_val_V_4_addr = getelementptr i8 %line_buffer_val_V_4, i64 0, i64 %j_cast5_i" [vitis_library_vision_L1/include\common/xf_video_mem.hpp:871]   --->   Operation 116 'getelementptr' 'line_buffer_val_V_4_addr' <Predicate = (!icmp_ln72)> <Delay = 0.00>
ST_3 : Operation 117 [2/2] (1.23ns)   --->   "%window_val_V_3_6 = load i11 %line_buffer_val_V_4_addr" [vitis_library_vision_L1/include\common/xf_video_mem.hpp:871]   --->   Operation 117 'load' 'window_val_V_3_6' <Predicate = (!icmp_ln72)> <Delay = 1.23> <CoreInst = "RAM_S2P_BRAM">   --->   Core 97 'RAM_S2P_BRAM' <Latency = 1> <II = 1> <Delay = 1.23> <Storage> <Opcode : 'load' 'store'> <Ports = 2> <Width = 8> <Depth = 1920> <RAM>
ST_3 : Operation 118 [1/1] (0.00ns)   --->   "%line_buffer_val_V_5_addr = getelementptr i8 %line_buffer_val_V_5, i64 0, i64 %j_cast5_i" [vitis_library_vision_L1/include\common/xf_video_mem.hpp:871]   --->   Operation 118 'getelementptr' 'line_buffer_val_V_5_addr' <Predicate = (!icmp_ln72)> <Delay = 0.00>
ST_3 : Operation 119 [2/2] (1.23ns)   --->   "%window_val_V_4_6 = load i11 %line_buffer_val_V_5_addr" [vitis_library_vision_L1/include\common/xf_video_mem.hpp:871]   --->   Operation 119 'load' 'window_val_V_4_6' <Predicate = (!icmp_ln72)> <Delay = 1.23> <CoreInst = "RAM_S2P_BRAM">   --->   Core 97 'RAM_S2P_BRAM' <Latency = 1> <II = 1> <Delay = 1.23> <Storage> <Opcode : 'load' 'store'> <Ports = 2> <Width = 8> <Depth = 1920> <RAM>
ST_3 : Operation 120 [1/1] (0.00ns)   --->   "%line_buffer_val_V_6_addr = getelementptr i8 %line_buffer_val_V_6, i64 0, i64 %j_cast5_i" [vitis_library_vision_L1/include\common/xf_video_mem.hpp:871]   --->   Operation 120 'getelementptr' 'line_buffer_val_V_6_addr' <Predicate = (!icmp_ln72)> <Delay = 0.00>
ST_3 : Operation 121 [2/2] (1.23ns)   --->   "%window_val_V_5_6 = load i11 %line_buffer_val_V_6_addr" [vitis_library_vision_L1/include\common/xf_video_mem.hpp:871]   --->   Operation 121 'load' 'window_val_V_5_6' <Predicate = (!icmp_ln72)> <Delay = 1.23> <CoreInst = "RAM_S2P_BRAM">   --->   Core 97 'RAM_S2P_BRAM' <Latency = 1> <II = 1> <Delay = 1.23> <Storage> <Opcode : 'load' 'store'> <Ports = 2> <Width = 8> <Depth = 1920> <RAM>
ST_3 : Operation 122 [1/1] (0.99ns)   --->   "%icmp_ln83 = icmp_slt  i32 %cnt_6, i32 %add_cast_i" [src/fast.hpp:83->vitis_library_vision_L1/include\common/xf_structs.hpp:509]   --->   Operation 122 'icmp' 'icmp_ln83' <Predicate = (!icmp_ln72)> <Delay = 0.99> <CoreInst = "Cmp">   --->   Core 9 'Cmp' <Latency = 0> <II = 1> <Delay = 0.94> <FuncUnit> <Opcode : 'icmp'> <InPorts = 2> <OutPorts = 1>
ST_3 : Operation 123 [1/1] (0.00ns)   --->   "%br_ln83 = br i1 %icmp_ln83, void, void %._crit_edge.i" [src/fast.hpp:83->vitis_library_vision_L1/include\common/xf_structs.hpp:509]   --->   Operation 123 'br' 'br_ln83' <Predicate = (!icmp_ln72)> <Delay = 0.00>
ST_3 : Operation 124 [1/1] (0.94ns)   --->   "%icmp_ln85 = icmp_ugt  i11 %j, i11 5" [src/fast.hpp:85->vitis_library_vision_L1/include\common/xf_structs.hpp:509]   --->   Operation 124 'icmp' 'icmp_ln85' <Predicate = (!icmp_ln72 & !icmp_ln83)> <Delay = 0.94> <CoreInst = "Cmp">   --->   Core 9 'Cmp' <Latency = 0> <II = 1> <Delay = 0.94> <FuncUnit> <Opcode : 'icmp'> <InPorts = 2> <OutPorts = 1>
ST_3 : Operation 125 [1/1] (0.28ns)   --->   "%and_ln85 = and i1 %cmp7_i, i1 %icmp_ln85" [src/fast.hpp:85->vitis_library_vision_L1/include\common/xf_structs.hpp:509]   --->   Operation 125 'and' 'and_ln85' <Predicate = (!icmp_ln72 & !icmp_ln83)> <Delay = 0.28> <CoreInst = "LogicGate">   --->   Core 74 'LogicGate' <Latency = 0> <II = 1> <Delay = 0.28> <FuncUnit> <Opcode : 'and' 'or' 'xor'> <InPorts = 2> <OutPorts = 1>
ST_3 : Operation 126 [1/1] (0.42ns)   --->   "%br_ln85 = br i1 %and_ln85, void %._crit_edge1.i, void %.split4.0.i_ifconv" [src/fast.hpp:85->vitis_library_vision_L1/include\common/xf_structs.hpp:509]   --->   Operation 126 'br' 'br_ln85' <Predicate = (!icmp_ln72 & !icmp_ln83)> <Delay = 0.42>
ST_3 : Operation 127 [1/1] (1.01ns)   --->   "%cnt_7 = add i32 %cnt_6, i32 1" [src/fast.hpp:149->vitis_library_vision_L1/include\common/xf_structs.hpp:509]   --->   Operation 127 'add' 'cnt_7' <Predicate = (!icmp_ln72)> <Delay = 1.01> <CoreInst = "Adder">   --->   Core 1 'Adder' <Latency = 0> <II = 1> <Delay = 0.77> <FuncUnit> <Opcode : 'add' 'sub'> <InPorts = 2> <OutPorts = 1>

State 4 <SV = 3> <Delay = 7.05>
ST_4 : Operation 128 [1/1] (0.00ns)   --->   "%window_val_V_0_3_2 = load i8 %window_val_V_0_3_1"   --->   Operation 128 'load' 'window_val_V_0_3_2' <Predicate = true> <Delay = 0.00>
ST_4 : Operation 129 [1/1] (0.00ns)   --->   "%window_val_V_0_4_1 = load i8 %window_val_V_0_4"   --->   Operation 129 'load' 'window_val_V_0_4_1' <Predicate = true> <Delay = 0.00>
ST_4 : Operation 130 [1/1] (0.00ns)   --->   "%window_val_V_0_5_1 = load i8 %window_val_V_0_5"   --->   Operation 130 'load' 'window_val_V_0_5_1' <Predicate = true> <Delay = 0.00>
ST_4 : Operation 131 [1/1] (0.00ns)   --->   "%window_val_V_1_2_2 = load i8 %window_val_V_1_2_1"   --->   Operation 131 'load' 'window_val_V_1_2_2' <Predicate = true> <Delay = 0.00>
ST_4 : Operation 132 [1/1] (0.00ns)   --->   "%window_val_V_1_3_1 = load i8 %window_val_V_1_3"   --->   Operation 132 'load' 'window_val_V_1_3_1' <Predicate = true> <Delay = 0.00>
ST_4 : Operation 133 [1/1] (0.00ns)   --->   "%window_val_V_1_4_1 = load i8 %window_val_V_1_4"   --->   Operation 133 'load' 'window_val_V_1_4_1' <Predicate = true> <Delay = 0.00>
ST_4 : Operation 134 [1/1] (0.00ns)   --->   "%window_val_V_1_5_1 = load i8 %window_val_V_1_5"   --->   Operation 134 'load' 'window_val_V_1_5_1' <Predicate = true> <Delay = 0.00>
ST_4 : Operation 135 [1/1] (0.00ns)   --->   "%window_val_V_2_1_4 = load i8 %window_val_V_2_1_3"   --->   Operation 135 'load' 'window_val_V_2_1_4' <Predicate = true> <Delay = 0.00>
ST_4 : Operation 136 [1/1] (0.00ns)   --->   "%window_val_V_2_2_1 = load i8 %window_val_V_2_2"   --->   Operation 136 'load' 'window_val_V_2_2_1' <Predicate = true> <Delay = 0.00>
ST_4 : Operation 137 [1/1] (0.00ns)   --->   "%window_val_V_2_3_1 = load i8 %window_val_V_2_3"   --->   Operation 137 'load' 'window_val_V_2_3_1' <Predicate = true> <Delay = 0.00>
ST_4 : Operation 138 [1/1] (0.00ns)   --->   "%window_val_V_2_4_1 = load i8 %window_val_V_2_4"   --->   Operation 138 'load' 'window_val_V_2_4_1' <Predicate = true> <Delay = 0.00>
ST_4 : Operation 139 [1/1] (0.00ns)   --->   "%window_val_V_2_5_1 = load i8 %window_val_V_2_5"   --->   Operation 139 'load' 'window_val_V_2_5_1' <Predicate = true> <Delay = 0.00>
ST_4 : Operation 140 [1/1] (0.00ns)   --->   "%window_val_V_3_1_2 = load i8 %window_val_V_3_1_1"   --->   Operation 140 'load' 'window_val_V_3_1_2' <Predicate = true> <Delay = 0.00>
ST_4 : Operation 141 [1/1] (0.00ns)   --->   "%window_val_V_3_2_1 = load i8 %window_val_V_3_2"   --->   Operation 141 'load' 'window_val_V_3_2_1' <Predicate = true> <Delay = 0.00>
ST_4 : Operation 142 [1/1] (0.00ns)   --->   "%window_val_V_3_3_1 = load i8 %window_val_V_3_3"   --->   Operation 142 'load' 'window_val_V_3_3_1' <Predicate = true> <Delay = 0.00>
ST_4 : Operation 143 [1/1] (0.00ns)   --->   "%window_val_V_3_4_1 = load i8 %window_val_V_3_4"   --->   Operation 143 'load' 'window_val_V_3_4_1' <Predicate = true> <Delay = 0.00>
ST_4 : Operation 144 [1/1] (0.00ns)   --->   "%window_val_V_3_5_1 = load i8 %window_val_V_3_5"   --->   Operation 144 'load' 'window_val_V_3_5_1' <Predicate = true> <Delay = 0.00>
ST_4 : Operation 145 [1/1] (0.00ns)   --->   "%window_val_V_4_1_2 = load i8 %window_val_V_4_1_1"   --->   Operation 145 'load' 'window_val_V_4_1_2' <Predicate = true> <Delay = 0.00>
ST_4 : Operation 146 [1/1] (0.00ns)   --->   "%window_val_V_4_2_1 = load i8 %window_val_V_4_2"   --->   Operation 146 'load' 'window_val_V_4_2_1' <Predicate = true> <Delay = 0.00>
ST_4 : Operation 147 [1/1] (0.00ns)   --->   "%window_val_V_4_3_1 = load i8 %window_val_V_4_3"   --->   Operation 147 'load' 'window_val_V_4_3_1' <Predicate = true> <Delay = 0.00>
ST_4 : Operation 148 [1/1] (0.00ns)   --->   "%window_val_V_4_4_1 = load i8 %window_val_V_4_4"   --->   Operation 148 'load' 'window_val_V_4_4_1' <Predicate = true> <Delay = 0.00>
ST_4 : Operation 149 [1/1] (0.00ns)   --->   "%window_val_V_4_5_1 = load i8 %window_val_V_4_5"   --->   Operation 149 'load' 'window_val_V_4_5_1' <Predicate = true> <Delay = 0.00>
ST_4 : Operation 150 [1/1] (0.00ns)   --->   "%window_val_V_5_2_2 = load i8 %window_val_V_5_2_1"   --->   Operation 150 'load' 'window_val_V_5_2_2' <Predicate = true> <Delay = 0.00>
ST_4 : Operation 151 [1/1] (0.00ns)   --->   "%window_val_V_5_3_1 = load i8 %window_val_V_5_3"   --->   Operation 151 'load' 'window_val_V_5_3_1' <Predicate = true> <Delay = 0.00>
ST_4 : Operation 152 [1/1] (0.00ns)   --->   "%window_val_V_5_4_1 = load i8 %window_val_V_5_4"   --->   Operation 152 'load' 'window_val_V_5_4_1' <Predicate = true> <Delay = 0.00>
ST_4 : Operation 153 [1/1] (0.00ns)   --->   "%window_val_V_5_5_1 = load i8 %window_val_V_5_5"   --->   Operation 153 'load' 'window_val_V_5_5_1' <Predicate = true> <Delay = 0.00>
ST_4 : Operation 154 [1/1] (0.00ns)   --->   "%window_val_V_6_3_2 = load i8 %window_val_V_6_3_1"   --->   Operation 154 'load' 'window_val_V_6_3_2' <Predicate = true> <Delay = 0.00>
ST_4 : Operation 155 [1/1] (0.00ns)   --->   "%window_val_V_6_4_1 = load i8 %window_val_V_6_4"   --->   Operation 155 'load' 'window_val_V_6_4_1' <Predicate = true> <Delay = 0.00>
ST_4 : Operation 156 [1/1] (0.00ns)   --->   "%window_val_V_6_5_1 = load i8 %window_val_V_6_5"   --->   Operation 156 'load' 'window_val_V_6_5_1' <Predicate = true> <Delay = 0.00>
ST_4 : Operation 157 [1/1] (0.00ns)   --->   "%specpipeline_ln0 = specpipeline void @_ssdm_op_SpecPipeline, i32 4294967295, i32 0, i32 1, i32 0, void @p_str29"   --->   Operation 157 'specpipeline' 'specpipeline_ln0' <Predicate = true> <Delay = 0.00>
ST_4 : Operation 158 [1/1] (0.00ns)   --->   "%speclooptripcount_ln0 = speclooptripcount void @_ssdm_op_SpecLoopTripCount, i64 1, i64 18446744073709551615, i64 0"   --->   Operation 158 'speclooptripcount' 'speclooptripcount_ln0' <Predicate = true> <Delay = 0.00>
ST_4 : Operation 159 [1/1] (0.00ns)   --->   "%specloopname_ln66 = specloopname void @_ssdm_op_SpecLoopName, void @empty_3" [src/fast.hpp:66->vitis_library_vision_L1/include\common/xf_structs.hpp:509]   --->   Operation 159 'specloopname' 'specloopname_ln66' <Predicate = (!icmp_ln72)> <Delay = 0.00>
ST_4 : Operation 160 [1/1] (1.75ns)   --->   "%tmp = read i8 @_ssdm_op_Read.ap_fifo.volatile.i8P0A, i8 %img_in" [C:/Xilinx/Vitis_HLS/2020.2/common/technology/autopilot/hls_stream_39.h:145]   --->   Operation 160 'read' 'tmp' <Predicate = (!icmp_ln72)> <Delay = 1.75> <CoreInst = "FIFO">   --->   Core 78 'FIFO' <Latency = 0> <II = 1> <Delay = 1.75> <Storage> <Opcode : 'read' 'write' 'nbread' 'nbwrite'> <Ports = 0> <Width = 8> <Depth = 7680> <FIFO>
ST_4 : Operation 161 [1/1] (1.83ns)   --->   "%tmp_26 = read i8 @_ssdm_op_Read.ap_fifo.volatile.i8P0A, i8 %blur_in" [C:/Xilinx/Vitis_HLS/2020.2/common/technology/autopilot/hls_stream_39.h:145]   --->   Operation 161 'read' 'tmp_26' <Predicate = (!icmp_ln72)> <Delay = 1.83> <CoreInst = "FIFO_SRL">   --->   Core 81 'FIFO_SRL' <Latency = 0> <II = 1> <Delay = 1.83> <Storage> <Opcode : 'read' 'write' 'nbread' 'nbwrite'> <Ports = 0> <Width = 8> <Depth = 2> <FIFO>
ST_4 : Operation 162 [1/1] (1.75ns)   --->   "%write_ln174 = write void @_ssdm_op_Write.ap_fifo.volatile.i8P0A, i8 %blur_out, i8 %tmp_26" [C:/Xilinx/Vitis_HLS/2020.2/common/technology/autopilot/hls_stream_39.h:174]   --->   Operation 162 'write' 'write_ln174' <Predicate = (!icmp_ln72)> <Delay = 1.75> <CoreInst = "FIFO">   --->   Core 78 'FIFO' <Latency = 0> <II = 1> <Delay = 1.75> <Storage> <Opcode : 'read' 'write' 'nbread' 'nbwrite'> <Ports = 0> <Width = 8> <Depth = 7680> <FIFO>
ST_4 : Operation 163 [1/1] (1.75ns)   --->   "%write_ln174 = write void @_ssdm_op_Write.ap_fifo.volatile.i8P0A, i8 %img_out, i8 %tmp" [C:/Xilinx/Vitis_HLS/2020.2/common/technology/autopilot/hls_stream_39.h:174]   --->   Operation 163 'write' 'write_ln174' <Predicate = (!icmp_ln72)> <Delay = 1.75> <CoreInst = "FIFO">   --->   Core 78 'FIFO' <Latency = 0> <II = 1> <Delay = 1.75> <Storage> <Opcode : 'read' 'write' 'nbread' 'nbwrite'> <Ports = 0> <Width = 8> <Depth = 7680> <FIFO>
ST_4 : Operation 164 [1/2] (1.23ns)   --->   "%window_val_V_0_6 = load i11 %line_buffer_val_V_1_addr" [vitis_library_vision_L1/include\common/xf_video_mem.hpp:871]   --->   Operation 164 'load' 'window_val_V_0_6' <Predicate = (!icmp_ln72)> <Delay = 1.23> <CoreInst = "RAM_S2P_BRAM">   --->   Core 97 'RAM_S2P_BRAM' <Latency = 1> <II = 1> <Delay = 1.23> <Storage> <Opcode : 'load' 'store'> <Ports = 2> <Width = 8> <Depth = 1920> <RAM>
ST_4 : Operation 165 [1/2] (1.23ns)   --->   "%window_val_V_1_6 = load i11 %line_buffer_val_V_2_addr" [vitis_library_vision_L1/include\common/xf_video_mem.hpp:871]   --->   Operation 165 'load' 'window_val_V_1_6' <Predicate = (!icmp_ln72)> <Delay = 1.23> <CoreInst = "RAM_S2P_BRAM">   --->   Core 97 'RAM_S2P_BRAM' <Latency = 1> <II = 1> <Delay = 1.23> <Storage> <Opcode : 'load' 'store'> <Ports = 2> <Width = 8> <Depth = 1920> <RAM>
ST_4 : Operation 166 [1/1] (1.23ns)   --->   "%store_ln871 = store i8 %window_val_V_1_6, i11 %line_buffer_val_V_1_addr" [vitis_library_vision_L1/include\common/xf_video_mem.hpp:871]   --->   Operation 166 'store' 'store_ln871' <Predicate = (!icmp_ln72)> <Delay = 1.23> <CoreInst = "RAM_S2P_BRAM">   --->   Core 97 'RAM_S2P_BRAM' <Latency = 1> <II = 1> <Delay = 1.23> <Storage> <Opcode : 'load' 'store'> <Ports = 2> <Width = 8> <Depth = 1920> <RAM>
ST_4 : Operation 167 [1/2] (1.23ns)   --->   "%window_val_V_2_6 = load i11 %line_buffer_val_V_3_addr" [vitis_library_vision_L1/include\common/xf_video_mem.hpp:871]   --->   Operation 167 'load' 'window_val_V_2_6' <Predicate = (!icmp_ln72)> <Delay = 1.23> <CoreInst = "RAM_S2P_BRAM">   --->   Core 97 'RAM_S2P_BRAM' <Latency = 1> <II = 1> <Delay = 1.23> <Storage> <Opcode : 'load' 'store'> <Ports = 2> <Width = 8> <Depth = 1920> <RAM>
ST_4 : Operation 168 [1/1] (1.23ns)   --->   "%store_ln871 = store i8 %window_val_V_2_6, i11 %line_buffer_val_V_2_addr" [vitis_library_vision_L1/include\common/xf_video_mem.hpp:871]   --->   Operation 168 'store' 'store_ln871' <Predicate = (!icmp_ln72)> <Delay = 1.23> <CoreInst = "RAM_S2P_BRAM">   --->   Core 97 'RAM_S2P_BRAM' <Latency = 1> <II = 1> <Delay = 1.23> <Storage> <Opcode : 'load' 'store'> <Ports = 2> <Width = 8> <Depth = 1920> <RAM>
ST_4 : Operation 169 [1/2] (1.23ns)   --->   "%window_val_V_3_6 = load i11 %line_buffer_val_V_4_addr" [vitis_library_vision_L1/include\common/xf_video_mem.hpp:871]   --->   Operation 169 'load' 'window_val_V_3_6' <Predicate = (!icmp_ln72)> <Delay = 1.23> <CoreInst = "RAM_S2P_BRAM">   --->   Core 97 'RAM_S2P_BRAM' <Latency = 1> <II = 1> <Delay = 1.23> <Storage> <Opcode : 'load' 'store'> <Ports = 2> <Width = 8> <Depth = 1920> <RAM>
ST_4 : Operation 170 [1/1] (1.23ns)   --->   "%store_ln871 = store i8 %window_val_V_3_6, i11 %line_buffer_val_V_3_addr" [vitis_library_vision_L1/include\common/xf_video_mem.hpp:871]   --->   Operation 170 'store' 'store_ln871' <Predicate = (!icmp_ln72)> <Delay = 1.23> <CoreInst = "RAM_S2P_BRAM">   --->   Core 97 'RAM_S2P_BRAM' <Latency = 1> <II = 1> <Delay = 1.23> <Storage> <Opcode : 'load' 'store'> <Ports = 2> <Width = 8> <Depth = 1920> <RAM>
ST_4 : Operation 171 [1/2] (1.23ns)   --->   "%window_val_V_4_6 = load i11 %line_buffer_val_V_5_addr" [vitis_library_vision_L1/include\common/xf_video_mem.hpp:871]   --->   Operation 171 'load' 'window_val_V_4_6' <Predicate = (!icmp_ln72)> <Delay = 1.23> <CoreInst = "RAM_S2P_BRAM">   --->   Core 97 'RAM_S2P_BRAM' <Latency = 1> <II = 1> <Delay = 1.23> <Storage> <Opcode : 'load' 'store'> <Ports = 2> <Width = 8> <Depth = 1920> <RAM>
ST_4 : Operation 172 [1/1] (1.23ns)   --->   "%store_ln871 = store i8 %window_val_V_4_6, i11 %line_buffer_val_V_4_addr" [vitis_library_vision_L1/include\common/xf_video_mem.hpp:871]   --->   Operation 172 'store' 'store_ln871' <Predicate = (!icmp_ln72)> <Delay = 1.23> <CoreInst = "RAM_S2P_BRAM">   --->   Core 97 'RAM_S2P_BRAM' <Latency = 1> <II = 1> <Delay = 1.23> <Storage> <Opcode : 'load' 'store'> <Ports = 2> <Width = 8> <Depth = 1920> <RAM>
ST_4 : Operation 173 [1/2] (1.23ns)   --->   "%window_val_V_5_6 = load i11 %line_buffer_val_V_6_addr" [vitis_library_vision_L1/include\common/xf_video_mem.hpp:871]   --->   Operation 173 'load' 'window_val_V_5_6' <Predicate = (!icmp_ln72)> <Delay = 1.23> <CoreInst = "RAM_S2P_BRAM">   --->   Core 97 'RAM_S2P_BRAM' <Latency = 1> <II = 1> <Delay = 1.23> <Storage> <Opcode : 'load' 'store'> <Ports = 2> <Width = 8> <Depth = 1920> <RAM>
ST_4 : Operation 174 [1/1] (1.23ns)   --->   "%store_ln871 = store i8 %window_val_V_5_6, i11 %line_buffer_val_V_5_addr" [vitis_library_vision_L1/include\common/xf_video_mem.hpp:871]   --->   Operation 174 'store' 'store_ln871' <Predicate = (!icmp_ln72)> <Delay = 1.23> <CoreInst = "RAM_S2P_BRAM">   --->   Core 97 'RAM_S2P_BRAM' <Latency = 1> <II = 1> <Delay = 1.23> <Storage> <Opcode : 'load' 'store'> <Ports = 2> <Width = 8> <Depth = 1920> <RAM>
ST_4 : Operation 175 [1/1] (1.23ns)   --->   "%store_ln908 = store i8 %tmp, i11 %line_buffer_val_V_6_addr" [vitis_library_vision_L1/include\common/xf_video_mem.hpp:908]   --->   Operation 175 'store' 'store_ln908' <Predicate = (!icmp_ln72)> <Delay = 1.23> <CoreInst = "RAM_S2P_BRAM">   --->   Core 97 'RAM_S2P_BRAM' <Latency = 1> <II = 1> <Delay = 1.23> <Storage> <Opcode : 'load' 'store'> <Ports = 2> <Width = 8> <Depth = 1920> <RAM>
ST_4 : Operation 176 [1/1] (0.00ns)   --->   "%window_val_V_4_1_load = load i8 %window_val_V_4_1"   --->   Operation 176 'load' 'window_val_V_4_1_load' <Predicate = (!icmp_ln72 & !icmp_ln83 & and_ln85)> <Delay = 0.00>
ST_4 : Operation 177 [1/1] (0.00ns)   --->   "%window_val_V_5_2_load = load i8 %window_val_V_5_2"   --->   Operation 177 'load' 'window_val_V_5_2_load' <Predicate = (!icmp_ln72 & !icmp_ln83 & and_ln85)> <Delay = 0.00>
ST_4 : Operation 178 [1/1] (0.00ns)   --->   "%window_val_V_6_3_load = load i8 %window_val_V_6_3"   --->   Operation 178 'load' 'window_val_V_6_3_load' <Predicate = (!icmp_ln72 & !icmp_ln83 & and_ln85)> <Delay = 0.00>
ST_4 : Operation 179 [1/1] (0.00ns)   --->   "%zext_ln1347 = zext i8 %window_val_V_3_3_1"   --->   Operation 179 'zext' 'zext_ln1347' <Predicate = (!icmp_ln72 & !icmp_ln83 & and_ln85)> <Delay = 0.00>
ST_4 : Operation 180 [1/1] (0.00ns)   --->   "%zext_ln1347_2 = zext i8 %window_val_V_0_4_1"   --->   Operation 180 'zext' 'zext_ln1347_2' <Predicate = (!icmp_ln72 & !icmp_ln83 & and_ln85)> <Delay = 0.00>
ST_4 : Operation 181 [1/1] (0.76ns)   --->   "%ret_11 = sub i9 %zext_ln1347, i9 %zext_ln1347_2"   --->   Operation 181 'sub' 'ret_11' <Predicate = (!icmp_ln72 & !icmp_ln83 & and_ln85)> <Delay = 0.76> <CoreInst = "Adder">   --->   Core 1 'Adder' <Latency = 0> <II = 1> <Delay = 0.77> <FuncUnit> <Opcode : 'add' 'sub'> <InPorts = 2> <OutPorts = 1>
ST_4 : Operation 182 [1/1] (0.00ns)   --->   "%zext_ln1347_3 = zext i8 %window_val_V_1_5_1"   --->   Operation 182 'zext' 'zext_ln1347_3' <Predicate = (!icmp_ln72 & !icmp_ln83 & and_ln85)> <Delay = 0.00>
ST_4 : Operation 183 [1/1] (0.76ns)   --->   "%ret_12 = sub i9 %zext_ln1347, i9 %zext_ln1347_3"   --->   Operation 183 'sub' 'ret_12' <Predicate = (!icmp_ln72 & !icmp_ln83 & and_ln85)> <Delay = 0.76> <CoreInst = "Adder">   --->   Core 1 'Adder' <Latency = 0> <II = 1> <Delay = 0.77> <FuncUnit> <Opcode : 'add' 'sub'> <InPorts = 2> <OutPorts = 1>
ST_4 : Operation 184 [1/1] (0.00ns)   --->   "%zext_ln1347_4 = zext i8 %window_val_V_2_6"   --->   Operation 184 'zext' 'zext_ln1347_4' <Predicate = (!icmp_ln72 & !icmp_ln83 & and_ln85)> <Delay = 0.00>
ST_4 : Operation 185 [1/1] (0.76ns)   --->   "%ret_13 = sub i9 %zext_ln1347, i9 %zext_ln1347_4"   --->   Operation 185 'sub' 'ret_13' <Predicate = (!icmp_ln72 & !icmp_ln83 & and_ln85)> <Delay = 0.76> <CoreInst = "Adder">   --->   Core 1 'Adder' <Latency = 0> <II = 1> <Delay = 0.77> <FuncUnit> <Opcode : 'add' 'sub'> <InPorts = 2> <OutPorts = 1>
ST_4 : Operation 186 [1/1] (0.00ns)   --->   "%zext_ln1347_5 = zext i8 %window_val_V_3_6"   --->   Operation 186 'zext' 'zext_ln1347_5' <Predicate = (!icmp_ln72 & !icmp_ln83 & and_ln85)> <Delay = 0.00>
ST_4 : Operation 187 [1/1] (0.76ns)   --->   "%ret_14 = sub i9 %zext_ln1347, i9 %zext_ln1347_5"   --->   Operation 187 'sub' 'ret_14' <Predicate = (!icmp_ln72 & !icmp_ln83 & and_ln85)> <Delay = 0.76> <CoreInst = "Adder">   --->   Core 1 'Adder' <Latency = 0> <II = 1> <Delay = 0.77> <FuncUnit> <Opcode : 'add' 'sub'> <InPorts = 2> <OutPorts = 1>
ST_4 : Operation 188 [1/1] (0.00ns)   --->   "%zext_ln1347_6 = zext i8 %window_val_V_4_6"   --->   Operation 188 'zext' 'zext_ln1347_6' <Predicate = (!icmp_ln72 & !icmp_ln83 & and_ln85)> <Delay = 0.00>
ST_4 : Operation 189 [1/1] (0.76ns)   --->   "%ret_15 = sub i9 %zext_ln1347, i9 %zext_ln1347_6"   --->   Operation 189 'sub' 'ret_15' <Predicate = (!icmp_ln72 & !icmp_ln83 & and_ln85)> <Delay = 0.76> <CoreInst = "Adder">   --->   Core 1 'Adder' <Latency = 0> <II = 1> <Delay = 0.77> <FuncUnit> <Opcode : 'add' 'sub'> <InPorts = 2> <OutPorts = 1>
ST_4 : Operation 190 [1/1] (0.00ns)   --->   "%zext_ln1347_7 = zext i8 %window_val_V_5_5_1"   --->   Operation 190 'zext' 'zext_ln1347_7' <Predicate = (!icmp_ln72 & !icmp_ln83 & and_ln85)> <Delay = 0.00>
ST_4 : Operation 191 [1/1] (0.76ns)   --->   "%ret_16 = sub i9 %zext_ln1347, i9 %zext_ln1347_7"   --->   Operation 191 'sub' 'ret_16' <Predicate = (!icmp_ln72 & !icmp_ln83 & and_ln85)> <Delay = 0.76> <CoreInst = "Adder">   --->   Core 1 'Adder' <Latency = 0> <II = 1> <Delay = 0.77> <FuncUnit> <Opcode : 'add' 'sub'> <InPorts = 2> <OutPorts = 1>
ST_4 : Operation 192 [1/1] (0.00ns)   --->   "%zext_ln1347_8 = zext i8 %window_val_V_6_4_1"   --->   Operation 192 'zext' 'zext_ln1347_8' <Predicate = (!icmp_ln72 & !icmp_ln83 & and_ln85)> <Delay = 0.00>
ST_4 : Operation 193 [1/1] (0.76ns)   --->   "%ret_17 = sub i9 %zext_ln1347, i9 %zext_ln1347_8"   --->   Operation 193 'sub' 'ret_17' <Predicate = (!icmp_ln72 & !icmp_ln83 & and_ln85)> <Delay = 0.76> <CoreInst = "Adder">   --->   Core 1 'Adder' <Latency = 0> <II = 1> <Delay = 0.77> <FuncUnit> <Opcode : 'add' 'sub'> <InPorts = 2> <OutPorts = 1>
ST_4 : Operation 194 [1/1] (0.00ns)   --->   "%zext_ln1347_9 = zext i8 %window_val_V_6_3_2"   --->   Operation 194 'zext' 'zext_ln1347_9' <Predicate = (!icmp_ln72 & !icmp_ln83 & and_ln85)> <Delay = 0.00>
ST_4 : Operation 195 [1/1] (0.76ns)   --->   "%ret_18 = sub i9 %zext_ln1347, i9 %zext_ln1347_9"   --->   Operation 195 'sub' 'ret_18' <Predicate = (!icmp_ln72 & !icmp_ln83 & and_ln85)> <Delay = 0.76> <CoreInst = "Adder">   --->   Core 1 'Adder' <Latency = 0> <II = 1> <Delay = 0.77> <FuncUnit> <Opcode : 'add' 'sub'> <InPorts = 2> <OutPorts = 1>
ST_4 : Operation 196 [1/1] (0.00ns)   --->   "%zext_ln1347_10 = zext i8 %window_val_V_6_3_load"   --->   Operation 196 'zext' 'zext_ln1347_10' <Predicate = (!icmp_ln72 & !icmp_ln83 & and_ln85)> <Delay = 0.00>
ST_4 : Operation 197 [1/1] (0.76ns)   --->   "%ret_19 = sub i9 %zext_ln1347, i9 %zext_ln1347_10"   --->   Operation 197 'sub' 'ret_19' <Predicate = (!icmp_ln72 & !icmp_ln83 & and_ln85)> <Delay = 0.76> <CoreInst = "Adder">   --->   Core 1 'Adder' <Latency = 0> <II = 1> <Delay = 0.77> <FuncUnit> <Opcode : 'add' 'sub'> <InPorts = 2> <OutPorts = 1>
ST_4 : Operation 198 [1/1] (0.00ns)   --->   "%zext_ln1347_11 = zext i8 %window_val_V_5_2_load"   --->   Operation 198 'zext' 'zext_ln1347_11' <Predicate = (!icmp_ln72 & !icmp_ln83 & and_ln85)> <Delay = 0.00>
ST_4 : Operation 199 [1/1] (0.76ns)   --->   "%ret_20 = sub i9 %zext_ln1347, i9 %zext_ln1347_11"   --->   Operation 199 'sub' 'ret_20' <Predicate = (!icmp_ln72 & !icmp_ln83 & and_ln85)> <Delay = 0.76> <CoreInst = "Adder">   --->   Core 1 'Adder' <Latency = 0> <II = 1> <Delay = 0.77> <FuncUnit> <Opcode : 'add' 'sub'> <InPorts = 2> <OutPorts = 1>
ST_4 : Operation 200 [1/1] (0.00ns)   --->   "%zext_ln1347_12 = zext i8 %window_val_V_4_1_load"   --->   Operation 200 'zext' 'zext_ln1347_12' <Predicate = (!icmp_ln72 & !icmp_ln83 & and_ln85)> <Delay = 0.00>
ST_4 : Operation 201 [1/1] (0.76ns)   --->   "%ret_21 = sub i9 %zext_ln1347, i9 %zext_ln1347_12"   --->   Operation 201 'sub' 'ret_21' <Predicate = (!icmp_ln72 & !icmp_ln83 & and_ln85)> <Delay = 0.76> <CoreInst = "Adder">   --->   Core 1 'Adder' <Latency = 0> <II = 1> <Delay = 0.77> <FuncUnit> <Opcode : 'add' 'sub'> <InPorts = 2> <OutPorts = 1>
ST_4 : Operation 202 [1/1] (0.88ns)   --->   "%icmp_ln113_1 = icmp_sgt  i9 %ret_11, i9 %p_threshold_cast_i" [src/fast.hpp:113->vitis_library_vision_L1/include\common/xf_structs.hpp:509]   --->   Operation 202 'icmp' 'icmp_ln113_1' <Predicate = (!icmp_ln72 & !icmp_ln83 & and_ln85)> <Delay = 0.88> <CoreInst = "Cmp">   --->   Core 9 'Cmp' <Latency = 0> <II = 1> <Delay = 0.94> <FuncUnit> <Opcode : 'icmp'> <InPorts = 2> <OutPorts = 1>
ST_4 : Operation 203 [1/1] (0.88ns)   --->   "%icmp_ln115_1 = icmp_slt  i9 %ret_11, i9 %sub_i" [src/fast.hpp:115->vitis_library_vision_L1/include\common/xf_structs.hpp:509]   --->   Operation 203 'icmp' 'icmp_ln115_1' <Predicate = (!icmp_ln72 & !icmp_ln83 & and_ln85)> <Delay = 0.88> <CoreInst = "Cmp">   --->   Core 9 'Cmp' <Latency = 0> <II = 1> <Delay = 0.94> <FuncUnit> <Opcode : 'icmp'> <InPorts = 2> <OutPorts = 1>
ST_4 : Operation 204 [1/1] (0.00ns) (grouped into LUT with out node select_ln113_3)   --->   "%select_ln113_2 = select i1 %icmp_ln113_1, i2 1, i2 2" [src/fast.hpp:113->vitis_library_vision_L1/include\common/xf_structs.hpp:509]   --->   Operation 204 'select' 'select_ln113_2' <Predicate = (!icmp_ln72 & !icmp_ln83 & and_ln85)> <Delay = 0.00> <CoreInst = "Sel">   --->   Core 73 'Sel' <Latency = 0> <II = 1> <Delay = 0.41> <FuncUnit> <Opcode : 'select'> <InPorts = 3> <OutPorts = 1>
ST_4 : Operation 205 [1/1] (0.28ns)   --->   "%or_ln113_1 = or i1 %icmp_ln113_1, i1 %icmp_ln115_1" [src/fast.hpp:113->vitis_library_vision_L1/include\common/xf_structs.hpp:509]   --->   Operation 205 'or' 'or_ln113_1' <Predicate = (!icmp_ln72 & !icmp_ln83 & and_ln85)> <Delay = 0.28> <CoreInst = "LogicGate">   --->   Core 74 'LogicGate' <Latency = 0> <II = 1> <Delay = 0.28> <FuncUnit> <Opcode : 'and' 'or' 'xor'> <InPorts = 2> <OutPorts = 1>
ST_4 : Operation 206 [1/1] (0.17ns) (out node of the LUT)   --->   "%select_ln113_3 = select i1 %or_ln113_1, i2 %select_ln113_2, i2 0" [src/fast.hpp:113->vitis_library_vision_L1/include\common/xf_structs.hpp:509]   --->   Operation 206 'select' 'select_ln113_3' <Predicate = (!icmp_ln72 & !icmp_ln83 & and_ln85)> <Delay = 0.17> <CoreInst = "Sel">   --->   Core 73 'Sel' <Latency = 0> <II = 1> <Delay = 0.41> <FuncUnit> <Opcode : 'select'> <InPorts = 3> <OutPorts = 1>
ST_4 : Operation 207 [1/1] (0.88ns)   --->   "%icmp_ln113_2 = icmp_sgt  i9 %ret_12, i9 %p_threshold_cast_i" [src/fast.hpp:113->vitis_library_vision_L1/include\common/xf_structs.hpp:509]   --->   Operation 207 'icmp' 'icmp_ln113_2' <Predicate = (!icmp_ln72 & !icmp_ln83 & and_ln85)> <Delay = 0.88> <CoreInst = "Cmp">   --->   Core 9 'Cmp' <Latency = 0> <II = 1> <Delay = 0.94> <FuncUnit> <Opcode : 'icmp'> <InPorts = 2> <OutPorts = 1>
ST_4 : Operation 208 [1/1] (0.88ns)   --->   "%icmp_ln115_2 = icmp_slt  i9 %ret_12, i9 %sub_i" [src/fast.hpp:115->vitis_library_vision_L1/include\common/xf_structs.hpp:509]   --->   Operation 208 'icmp' 'icmp_ln115_2' <Predicate = (!icmp_ln72 & !icmp_ln83 & and_ln85)> <Delay = 0.88> <CoreInst = "Cmp">   --->   Core 9 'Cmp' <Latency = 0> <II = 1> <Delay = 0.94> <FuncUnit> <Opcode : 'icmp'> <InPorts = 2> <OutPorts = 1>
ST_4 : Operation 209 [1/1] (0.00ns) (grouped into LUT with out node select_ln113_5)   --->   "%select_ln113_4 = select i1 %icmp_ln113_2, i2 1, i2 2" [src/fast.hpp:113->vitis_library_vision_L1/include\common/xf_structs.hpp:509]   --->   Operation 209 'select' 'select_ln113_4' <Predicate = (!icmp_ln72 & !icmp_ln83 & and_ln85)> <Delay = 0.00> <CoreInst = "Sel">   --->   Core 73 'Sel' <Latency = 0> <II = 1> <Delay = 0.41> <FuncUnit> <Opcode : 'select'> <InPorts = 3> <OutPorts = 1>
ST_4 : Operation 210 [1/1] (0.28ns)   --->   "%or_ln113_2 = or i1 %icmp_ln113_2, i1 %icmp_ln115_2" [src/fast.hpp:113->vitis_library_vision_L1/include\common/xf_structs.hpp:509]   --->   Operation 210 'or' 'or_ln113_2' <Predicate = (!icmp_ln72 & !icmp_ln83 & and_ln85)> <Delay = 0.28> <CoreInst = "LogicGate">   --->   Core 74 'LogicGate' <Latency = 0> <II = 1> <Delay = 0.28> <FuncUnit> <Opcode : 'and' 'or' 'xor'> <InPorts = 2> <OutPorts = 1>
ST_4 : Operation 211 [1/1] (0.17ns) (out node of the LUT)   --->   "%select_ln113_5 = select i1 %or_ln113_2, i2 %select_ln113_4, i2 0" [src/fast.hpp:113->vitis_library_vision_L1/include\common/xf_structs.hpp:509]   --->   Operation 211 'select' 'select_ln113_5' <Predicate = (!icmp_ln72 & !icmp_ln83 & and_ln85)> <Delay = 0.17> <CoreInst = "Sel">   --->   Core 73 'Sel' <Latency = 0> <II = 1> <Delay = 0.41> <FuncUnit> <Opcode : 'select'> <InPorts = 3> <OutPorts = 1>
ST_4 : Operation 212 [1/1] (0.88ns)   --->   "%icmp_ln113_3 = icmp_sgt  i9 %ret_13, i9 %p_threshold_cast_i" [src/fast.hpp:113->vitis_library_vision_L1/include\common/xf_structs.hpp:509]   --->   Operation 212 'icmp' 'icmp_ln113_3' <Predicate = (!icmp_ln72 & !icmp_ln83 & and_ln85)> <Delay = 0.88> <CoreInst = "Cmp">   --->   Core 9 'Cmp' <Latency = 0> <II = 1> <Delay = 0.94> <FuncUnit> <Opcode : 'icmp'> <InPorts = 2> <OutPorts = 1>
ST_4 : Operation 213 [1/1] (0.88ns)   --->   "%icmp_ln115_3 = icmp_slt  i9 %ret_13, i9 %sub_i" [src/fast.hpp:115->vitis_library_vision_L1/include\common/xf_structs.hpp:509]   --->   Operation 213 'icmp' 'icmp_ln115_3' <Predicate = (!icmp_ln72 & !icmp_ln83 & and_ln85)> <Delay = 0.88> <CoreInst = "Cmp">   --->   Core 9 'Cmp' <Latency = 0> <II = 1> <Delay = 0.94> <FuncUnit> <Opcode : 'icmp'> <InPorts = 2> <OutPorts = 1>
ST_4 : Operation 214 [1/1] (0.00ns) (grouped into LUT with out node select_ln113_7)   --->   "%select_ln113_6 = select i1 %icmp_ln113_3, i2 1, i2 2" [src/fast.hpp:113->vitis_library_vision_L1/include\common/xf_structs.hpp:509]   --->   Operation 214 'select' 'select_ln113_6' <Predicate = (!icmp_ln72 & !icmp_ln83 & and_ln85)> <Delay = 0.00> <CoreInst = "Sel">   --->   Core 73 'Sel' <Latency = 0> <II = 1> <Delay = 0.41> <FuncUnit> <Opcode : 'select'> <InPorts = 3> <OutPorts = 1>
ST_4 : Operation 215 [1/1] (0.28ns)   --->   "%or_ln113_3 = or i1 %icmp_ln113_3, i1 %icmp_ln115_3" [src/fast.hpp:113->vitis_library_vision_L1/include\common/xf_structs.hpp:509]   --->   Operation 215 'or' 'or_ln113_3' <Predicate = (!icmp_ln72 & !icmp_ln83 & and_ln85)> <Delay = 0.28> <CoreInst = "LogicGate">   --->   Core 74 'LogicGate' <Latency = 0> <II = 1> <Delay = 0.28> <FuncUnit> <Opcode : 'and' 'or' 'xor'> <InPorts = 2> <OutPorts = 1>
ST_4 : Operation 216 [1/1] (0.17ns) (out node of the LUT)   --->   "%select_ln113_7 = select i1 %or_ln113_3, i2 %select_ln113_6, i2 0" [src/fast.hpp:113->vitis_library_vision_L1/include\common/xf_structs.hpp:509]   --->   Operation 216 'select' 'select_ln113_7' <Predicate = (!icmp_ln72 & !icmp_ln83 & and_ln85)> <Delay = 0.17> <CoreInst = "Sel">   --->   Core 73 'Sel' <Latency = 0> <II = 1> <Delay = 0.41> <FuncUnit> <Opcode : 'select'> <InPorts = 3> <OutPorts = 1>
ST_4 : Operation 217 [1/1] (0.88ns)   --->   "%icmp_ln113_4 = icmp_sgt  i9 %ret_14, i9 %p_threshold_cast_i" [src/fast.hpp:113->vitis_library_vision_L1/include\common/xf_structs.hpp:509]   --->   Operation 217 'icmp' 'icmp_ln113_4' <Predicate = (!icmp_ln72 & !icmp_ln83 & and_ln85)> <Delay = 0.88> <CoreInst = "Cmp">   --->   Core 9 'Cmp' <Latency = 0> <II = 1> <Delay = 0.94> <FuncUnit> <Opcode : 'icmp'> <InPorts = 2> <OutPorts = 1>
ST_4 : Operation 218 [1/1] (0.88ns)   --->   "%icmp_ln115_4 = icmp_slt  i9 %ret_14, i9 %sub_i" [src/fast.hpp:115->vitis_library_vision_L1/include\common/xf_structs.hpp:509]   --->   Operation 218 'icmp' 'icmp_ln115_4' <Predicate = (!icmp_ln72 & !icmp_ln83 & and_ln85)> <Delay = 0.88> <CoreInst = "Cmp">   --->   Core 9 'Cmp' <Latency = 0> <II = 1> <Delay = 0.94> <FuncUnit> <Opcode : 'icmp'> <InPorts = 2> <OutPorts = 1>
ST_4 : Operation 219 [1/1] (0.00ns) (grouped into LUT with out node select_ln113_9)   --->   "%select_ln113_8 = select i1 %icmp_ln113_4, i2 1, i2 2" [src/fast.hpp:113->vitis_library_vision_L1/include\common/xf_structs.hpp:509]   --->   Operation 219 'select' 'select_ln113_8' <Predicate = (!icmp_ln72 & !icmp_ln83 & and_ln85)> <Delay = 0.00> <CoreInst = "Sel">   --->   Core 73 'Sel' <Latency = 0> <II = 1> <Delay = 0.41> <FuncUnit> <Opcode : 'select'> <InPorts = 3> <OutPorts = 1>
ST_4 : Operation 220 [1/1] (0.28ns)   --->   "%or_ln113_4 = or i1 %icmp_ln113_4, i1 %icmp_ln115_4" [src/fast.hpp:113->vitis_library_vision_L1/include\common/xf_structs.hpp:509]   --->   Operation 220 'or' 'or_ln113_4' <Predicate = (!icmp_ln72 & !icmp_ln83 & and_ln85)> <Delay = 0.28> <CoreInst = "LogicGate">   --->   Core 74 'LogicGate' <Latency = 0> <II = 1> <Delay = 0.28> <FuncUnit> <Opcode : 'and' 'or' 'xor'> <InPorts = 2> <OutPorts = 1>
ST_4 : Operation 221 [1/1] (0.17ns) (out node of the LUT)   --->   "%select_ln113_9 = select i1 %or_ln113_4, i2 %select_ln113_8, i2 0" [src/fast.hpp:113->vitis_library_vision_L1/include\common/xf_structs.hpp:509]   --->   Operation 221 'select' 'select_ln113_9' <Predicate = (!icmp_ln72 & !icmp_ln83 & and_ln85)> <Delay = 0.17> <CoreInst = "Sel">   --->   Core 73 'Sel' <Latency = 0> <II = 1> <Delay = 0.41> <FuncUnit> <Opcode : 'select'> <InPorts = 3> <OutPorts = 1>
ST_4 : Operation 222 [1/1] (0.88ns)   --->   "%icmp_ln113_5 = icmp_sgt  i9 %ret_15, i9 %p_threshold_cast_i" [src/fast.hpp:113->vitis_library_vision_L1/include\common/xf_structs.hpp:509]   --->   Operation 222 'icmp' 'icmp_ln113_5' <Predicate = (!icmp_ln72 & !icmp_ln83 & and_ln85)> <Delay = 0.88> <CoreInst = "Cmp">   --->   Core 9 'Cmp' <Latency = 0> <II = 1> <Delay = 0.94> <FuncUnit> <Opcode : 'icmp'> <InPorts = 2> <OutPorts = 1>
ST_4 : Operation 223 [1/1] (0.88ns)   --->   "%icmp_ln115_5 = icmp_slt  i9 %ret_15, i9 %sub_i" [src/fast.hpp:115->vitis_library_vision_L1/include\common/xf_structs.hpp:509]   --->   Operation 223 'icmp' 'icmp_ln115_5' <Predicate = (!icmp_ln72 & !icmp_ln83 & and_ln85)> <Delay = 0.88> <CoreInst = "Cmp">   --->   Core 9 'Cmp' <Latency = 0> <II = 1> <Delay = 0.94> <FuncUnit> <Opcode : 'icmp'> <InPorts = 2> <OutPorts = 1>
ST_4 : Operation 224 [1/1] (0.00ns) (grouped into LUT with out node select_ln113_11)   --->   "%select_ln113_10 = select i1 %icmp_ln113_5, i2 1, i2 2" [src/fast.hpp:113->vitis_library_vision_L1/include\common/xf_structs.hpp:509]   --->   Operation 224 'select' 'select_ln113_10' <Predicate = (!icmp_ln72 & !icmp_ln83 & and_ln85)> <Delay = 0.00> <CoreInst = "Sel">   --->   Core 73 'Sel' <Latency = 0> <II = 1> <Delay = 0.41> <FuncUnit> <Opcode : 'select'> <InPorts = 3> <OutPorts = 1>
ST_4 : Operation 225 [1/1] (0.28ns)   --->   "%or_ln113_5 = or i1 %icmp_ln113_5, i1 %icmp_ln115_5" [src/fast.hpp:113->vitis_library_vision_L1/include\common/xf_structs.hpp:509]   --->   Operation 225 'or' 'or_ln113_5' <Predicate = (!icmp_ln72 & !icmp_ln83 & and_ln85)> <Delay = 0.28> <CoreInst = "LogicGate">   --->   Core 74 'LogicGate' <Latency = 0> <II = 1> <Delay = 0.28> <FuncUnit> <Opcode : 'and' 'or' 'xor'> <InPorts = 2> <OutPorts = 1>
ST_4 : Operation 226 [1/1] (0.17ns) (out node of the LUT)   --->   "%select_ln113_11 = select i1 %or_ln113_5, i2 %select_ln113_10, i2 0" [src/fast.hpp:113->vitis_library_vision_L1/include\common/xf_structs.hpp:509]   --->   Operation 226 'select' 'select_ln113_11' <Predicate = (!icmp_ln72 & !icmp_ln83 & and_ln85)> <Delay = 0.17> <CoreInst = "Sel">   --->   Core 73 'Sel' <Latency = 0> <II = 1> <Delay = 0.41> <FuncUnit> <Opcode : 'select'> <InPorts = 3> <OutPorts = 1>
ST_4 : Operation 227 [1/1] (0.88ns)   --->   "%icmp_ln113_6 = icmp_sgt  i9 %ret_16, i9 %p_threshold_cast_i" [src/fast.hpp:113->vitis_library_vision_L1/include\common/xf_structs.hpp:509]   --->   Operation 227 'icmp' 'icmp_ln113_6' <Predicate = (!icmp_ln72 & !icmp_ln83 & and_ln85)> <Delay = 0.88> <CoreInst = "Cmp">   --->   Core 9 'Cmp' <Latency = 0> <II = 1> <Delay = 0.94> <FuncUnit> <Opcode : 'icmp'> <InPorts = 2> <OutPorts = 1>
ST_4 : Operation 228 [1/1] (0.88ns)   --->   "%icmp_ln115_6 = icmp_slt  i9 %ret_16, i9 %sub_i" [src/fast.hpp:115->vitis_library_vision_L1/include\common/xf_structs.hpp:509]   --->   Operation 228 'icmp' 'icmp_ln115_6' <Predicate = (!icmp_ln72 & !icmp_ln83 & and_ln85)> <Delay = 0.88> <CoreInst = "Cmp">   --->   Core 9 'Cmp' <Latency = 0> <II = 1> <Delay = 0.94> <FuncUnit> <Opcode : 'icmp'> <InPorts = 2> <OutPorts = 1>
ST_4 : Operation 229 [1/1] (0.00ns) (grouped into LUT with out node select_ln113_13)   --->   "%select_ln113_12 = select i1 %icmp_ln113_6, i2 1, i2 2" [src/fast.hpp:113->vitis_library_vision_L1/include\common/xf_structs.hpp:509]   --->   Operation 229 'select' 'select_ln113_12' <Predicate = (!icmp_ln72 & !icmp_ln83 & and_ln85)> <Delay = 0.00> <CoreInst = "Sel">   --->   Core 73 'Sel' <Latency = 0> <II = 1> <Delay = 0.41> <FuncUnit> <Opcode : 'select'> <InPorts = 3> <OutPorts = 1>
ST_4 : Operation 230 [1/1] (0.28ns)   --->   "%or_ln113_6 = or i1 %icmp_ln113_6, i1 %icmp_ln115_6" [src/fast.hpp:113->vitis_library_vision_L1/include\common/xf_structs.hpp:509]   --->   Operation 230 'or' 'or_ln113_6' <Predicate = (!icmp_ln72 & !icmp_ln83 & and_ln85)> <Delay = 0.28> <CoreInst = "LogicGate">   --->   Core 74 'LogicGate' <Latency = 0> <II = 1> <Delay = 0.28> <FuncUnit> <Opcode : 'and' 'or' 'xor'> <InPorts = 2> <OutPorts = 1>
ST_4 : Operation 231 [1/1] (0.17ns) (out node of the LUT)   --->   "%select_ln113_13 = select i1 %or_ln113_6, i2 %select_ln113_12, i2 0" [src/fast.hpp:113->vitis_library_vision_L1/include\common/xf_structs.hpp:509]   --->   Operation 231 'select' 'select_ln113_13' <Predicate = (!icmp_ln72 & !icmp_ln83 & and_ln85)> <Delay = 0.17> <CoreInst = "Sel">   --->   Core 73 'Sel' <Latency = 0> <II = 1> <Delay = 0.41> <FuncUnit> <Opcode : 'select'> <InPorts = 3> <OutPorts = 1>
ST_4 : Operation 232 [1/1] (0.88ns)   --->   "%icmp_ln113_7 = icmp_sgt  i9 %ret_17, i9 %p_threshold_cast_i" [src/fast.hpp:113->vitis_library_vision_L1/include\common/xf_structs.hpp:509]   --->   Operation 232 'icmp' 'icmp_ln113_7' <Predicate = (!icmp_ln72 & !icmp_ln83 & and_ln85)> <Delay = 0.88> <CoreInst = "Cmp">   --->   Core 9 'Cmp' <Latency = 0> <II = 1> <Delay = 0.94> <FuncUnit> <Opcode : 'icmp'> <InPorts = 2> <OutPorts = 1>
ST_4 : Operation 233 [1/1] (0.88ns)   --->   "%icmp_ln115_7 = icmp_slt  i9 %ret_17, i9 %sub_i" [src/fast.hpp:115->vitis_library_vision_L1/include\common/xf_structs.hpp:509]   --->   Operation 233 'icmp' 'icmp_ln115_7' <Predicate = (!icmp_ln72 & !icmp_ln83 & and_ln85)> <Delay = 0.88> <CoreInst = "Cmp">   --->   Core 9 'Cmp' <Latency = 0> <II = 1> <Delay = 0.94> <FuncUnit> <Opcode : 'icmp'> <InPorts = 2> <OutPorts = 1>
ST_4 : Operation 234 [1/1] (0.00ns) (grouped into LUT with out node select_ln113_15)   --->   "%select_ln113_14 = select i1 %icmp_ln113_7, i2 1, i2 2" [src/fast.hpp:113->vitis_library_vision_L1/include\common/xf_structs.hpp:509]   --->   Operation 234 'select' 'select_ln113_14' <Predicate = (!icmp_ln72 & !icmp_ln83 & and_ln85)> <Delay = 0.00> <CoreInst = "Sel">   --->   Core 73 'Sel' <Latency = 0> <II = 1> <Delay = 0.41> <FuncUnit> <Opcode : 'select'> <InPorts = 3> <OutPorts = 1>
ST_4 : Operation 235 [1/1] (0.28ns)   --->   "%or_ln113_7 = or i1 %icmp_ln113_7, i1 %icmp_ln115_7" [src/fast.hpp:113->vitis_library_vision_L1/include\common/xf_structs.hpp:509]   --->   Operation 235 'or' 'or_ln113_7' <Predicate = (!icmp_ln72 & !icmp_ln83 & and_ln85)> <Delay = 0.28> <CoreInst = "LogicGate">   --->   Core 74 'LogicGate' <Latency = 0> <II = 1> <Delay = 0.28> <FuncUnit> <Opcode : 'and' 'or' 'xor'> <InPorts = 2> <OutPorts = 1>
ST_4 : Operation 236 [1/1] (0.17ns) (out node of the LUT)   --->   "%select_ln113_15 = select i1 %or_ln113_7, i2 %select_ln113_14, i2 0" [src/fast.hpp:113->vitis_library_vision_L1/include\common/xf_structs.hpp:509]   --->   Operation 236 'select' 'select_ln113_15' <Predicate = (!icmp_ln72 & !icmp_ln83 & and_ln85)> <Delay = 0.17> <CoreInst = "Sel">   --->   Core 73 'Sel' <Latency = 0> <II = 1> <Delay = 0.41> <FuncUnit> <Opcode : 'select'> <InPorts = 3> <OutPorts = 1>
ST_4 : Operation 237 [1/1] (0.88ns)   --->   "%icmp_ln113_8 = icmp_sgt  i9 %ret_18, i9 %p_threshold_cast_i" [src/fast.hpp:113->vitis_library_vision_L1/include\common/xf_structs.hpp:509]   --->   Operation 237 'icmp' 'icmp_ln113_8' <Predicate = (!icmp_ln72 & !icmp_ln83 & and_ln85)> <Delay = 0.88> <CoreInst = "Cmp">   --->   Core 9 'Cmp' <Latency = 0> <II = 1> <Delay = 0.94> <FuncUnit> <Opcode : 'icmp'> <InPorts = 2> <OutPorts = 1>
ST_4 : Operation 238 [1/1] (0.88ns)   --->   "%icmp_ln115_8 = icmp_slt  i9 %ret_18, i9 %sub_i" [src/fast.hpp:115->vitis_library_vision_L1/include\common/xf_structs.hpp:509]   --->   Operation 238 'icmp' 'icmp_ln115_8' <Predicate = (!icmp_ln72 & !icmp_ln83 & and_ln85)> <Delay = 0.88> <CoreInst = "Cmp">   --->   Core 9 'Cmp' <Latency = 0> <II = 1> <Delay = 0.94> <FuncUnit> <Opcode : 'icmp'> <InPorts = 2> <OutPorts = 1>
ST_4 : Operation 239 [1/1] (0.00ns) (grouped into LUT with out node select_ln113_17)   --->   "%select_ln113_16 = select i1 %icmp_ln113_8, i2 1, i2 2" [src/fast.hpp:113->vitis_library_vision_L1/include\common/xf_structs.hpp:509]   --->   Operation 239 'select' 'select_ln113_16' <Predicate = (!icmp_ln72 & !icmp_ln83 & and_ln85)> <Delay = 0.00> <CoreInst = "Sel">   --->   Core 73 'Sel' <Latency = 0> <II = 1> <Delay = 0.41> <FuncUnit> <Opcode : 'select'> <InPorts = 3> <OutPorts = 1>
ST_4 : Operation 240 [1/1] (0.28ns)   --->   "%or_ln113_8 = or i1 %icmp_ln113_8, i1 %icmp_ln115_8" [src/fast.hpp:113->vitis_library_vision_L1/include\common/xf_structs.hpp:509]   --->   Operation 240 'or' 'or_ln113_8' <Predicate = (!icmp_ln72 & !icmp_ln83 & and_ln85)> <Delay = 0.28> <CoreInst = "LogicGate">   --->   Core 74 'LogicGate' <Latency = 0> <II = 1> <Delay = 0.28> <FuncUnit> <Opcode : 'and' 'or' 'xor'> <InPorts = 2> <OutPorts = 1>
ST_4 : Operation 241 [1/1] (0.17ns) (out node of the LUT)   --->   "%select_ln113_17 = select i1 %or_ln113_8, i2 %select_ln113_16, i2 0" [src/fast.hpp:113->vitis_library_vision_L1/include\common/xf_structs.hpp:509]   --->   Operation 241 'select' 'select_ln113_17' <Predicate = (!icmp_ln72 & !icmp_ln83 & and_ln85)> <Delay = 0.17> <CoreInst = "Sel">   --->   Core 73 'Sel' <Latency = 0> <II = 1> <Delay = 0.41> <FuncUnit> <Opcode : 'select'> <InPorts = 3> <OutPorts = 1>
ST_4 : Operation 242 [1/1] (0.88ns)   --->   "%icmp_ln113_9 = icmp_sgt  i9 %ret_19, i9 %p_threshold_cast_i" [src/fast.hpp:113->vitis_library_vision_L1/include\common/xf_structs.hpp:509]   --->   Operation 242 'icmp' 'icmp_ln113_9' <Predicate = (!icmp_ln72 & !icmp_ln83 & and_ln85)> <Delay = 0.88> <CoreInst = "Cmp">   --->   Core 9 'Cmp' <Latency = 0> <II = 1> <Delay = 0.94> <FuncUnit> <Opcode : 'icmp'> <InPorts = 2> <OutPorts = 1>
ST_4 : Operation 243 [1/1] (0.88ns)   --->   "%icmp_ln115_9 = icmp_slt  i9 %ret_19, i9 %sub_i" [src/fast.hpp:115->vitis_library_vision_L1/include\common/xf_structs.hpp:509]   --->   Operation 243 'icmp' 'icmp_ln115_9' <Predicate = (!icmp_ln72 & !icmp_ln83 & and_ln85)> <Delay = 0.88> <CoreInst = "Cmp">   --->   Core 9 'Cmp' <Latency = 0> <II = 1> <Delay = 0.94> <FuncUnit> <Opcode : 'icmp'> <InPorts = 2> <OutPorts = 1>
ST_4 : Operation 244 [1/1] (0.00ns) (grouped into LUT with out node select_ln113_19)   --->   "%select_ln113_18 = select i1 %icmp_ln113_9, i2 1, i2 2" [src/fast.hpp:113->vitis_library_vision_L1/include\common/xf_structs.hpp:509]   --->   Operation 244 'select' 'select_ln113_18' <Predicate = (!icmp_ln72 & !icmp_ln83 & and_ln85)> <Delay = 0.00> <CoreInst = "Sel">   --->   Core 73 'Sel' <Latency = 0> <II = 1> <Delay = 0.41> <FuncUnit> <Opcode : 'select'> <InPorts = 3> <OutPorts = 1>
ST_4 : Operation 245 [1/1] (0.28ns)   --->   "%or_ln113_9 = or i1 %icmp_ln113_9, i1 %icmp_ln115_9" [src/fast.hpp:113->vitis_library_vision_L1/include\common/xf_structs.hpp:509]   --->   Operation 245 'or' 'or_ln113_9' <Predicate = (!icmp_ln72 & !icmp_ln83 & and_ln85)> <Delay = 0.28> <CoreInst = "LogicGate">   --->   Core 74 'LogicGate' <Latency = 0> <II = 1> <Delay = 0.28> <FuncUnit> <Opcode : 'and' 'or' 'xor'> <InPorts = 2> <OutPorts = 1>
ST_4 : Operation 246 [1/1] (0.17ns) (out node of the LUT)   --->   "%select_ln113_19 = select i1 %or_ln113_9, i2 %select_ln113_18, i2 0" [src/fast.hpp:113->vitis_library_vision_L1/include\common/xf_structs.hpp:509]   --->   Operation 246 'select' 'select_ln113_19' <Predicate = (!icmp_ln72 & !icmp_ln83 & and_ln85)> <Delay = 0.17> <CoreInst = "Sel">   --->   Core 73 'Sel' <Latency = 0> <II = 1> <Delay = 0.41> <FuncUnit> <Opcode : 'select'> <InPorts = 3> <OutPorts = 1>
ST_4 : Operation 247 [1/1] (0.88ns)   --->   "%icmp_ln113_10 = icmp_sgt  i9 %ret_20, i9 %p_threshold_cast_i" [src/fast.hpp:113->vitis_library_vision_L1/include\common/xf_structs.hpp:509]   --->   Operation 247 'icmp' 'icmp_ln113_10' <Predicate = (!icmp_ln72 & !icmp_ln83 & and_ln85)> <Delay = 0.88> <CoreInst = "Cmp">   --->   Core 9 'Cmp' <Latency = 0> <II = 1> <Delay = 0.94> <FuncUnit> <Opcode : 'icmp'> <InPorts = 2> <OutPorts = 1>
ST_4 : Operation 248 [1/1] (0.88ns)   --->   "%icmp_ln115_10 = icmp_slt  i9 %ret_20, i9 %sub_i" [src/fast.hpp:115->vitis_library_vision_L1/include\common/xf_structs.hpp:509]   --->   Operation 248 'icmp' 'icmp_ln115_10' <Predicate = (!icmp_ln72 & !icmp_ln83 & and_ln85)> <Delay = 0.88> <CoreInst = "Cmp">   --->   Core 9 'Cmp' <Latency = 0> <II = 1> <Delay = 0.94> <FuncUnit> <Opcode : 'icmp'> <InPorts = 2> <OutPorts = 1>
ST_4 : Operation 249 [1/1] (0.00ns) (grouped into LUT with out node select_ln113_21)   --->   "%select_ln113_20 = select i1 %icmp_ln113_10, i2 1, i2 2" [src/fast.hpp:113->vitis_library_vision_L1/include\common/xf_structs.hpp:509]   --->   Operation 249 'select' 'select_ln113_20' <Predicate = (!icmp_ln72 & !icmp_ln83 & and_ln85)> <Delay = 0.00> <CoreInst = "Sel">   --->   Core 73 'Sel' <Latency = 0> <II = 1> <Delay = 0.41> <FuncUnit> <Opcode : 'select'> <InPorts = 3> <OutPorts = 1>
ST_4 : Operation 250 [1/1] (0.28ns)   --->   "%or_ln113_10 = or i1 %icmp_ln113_10, i1 %icmp_ln115_10" [src/fast.hpp:113->vitis_library_vision_L1/include\common/xf_structs.hpp:509]   --->   Operation 250 'or' 'or_ln113_10' <Predicate = (!icmp_ln72 & !icmp_ln83 & and_ln85)> <Delay = 0.28> <CoreInst = "LogicGate">   --->   Core 74 'LogicGate' <Latency = 0> <II = 1> <Delay = 0.28> <FuncUnit> <Opcode : 'and' 'or' 'xor'> <InPorts = 2> <OutPorts = 1>
ST_4 : Operation 251 [1/1] (0.17ns) (out node of the LUT)   --->   "%select_ln113_21 = select i1 %or_ln113_10, i2 %select_ln113_20, i2 0" [src/fast.hpp:113->vitis_library_vision_L1/include\common/xf_structs.hpp:509]   --->   Operation 251 'select' 'select_ln113_21' <Predicate = (!icmp_ln72 & !icmp_ln83 & and_ln85)> <Delay = 0.17> <CoreInst = "Sel">   --->   Core 73 'Sel' <Latency = 0> <II = 1> <Delay = 0.41> <FuncUnit> <Opcode : 'select'> <InPorts = 3> <OutPorts = 1>
ST_4 : Operation 252 [1/1] (0.44ns)   --->   "%icmp_ln133 = icmp_eq  i2 %select_ln113_3, i2 %select_ln113_5" [src/fast.hpp:133->vitis_library_vision_L1/include\common/xf_structs.hpp:509]   --->   Operation 252 'icmp' 'icmp_ln133' <Predicate = (!icmp_ln72 & !icmp_ln83 & and_ln85)> <Delay = 0.44> <CoreInst = "Cmp">   --->   Core 9 'Cmp' <Latency = 0> <II = 1> <Delay = 0.94> <FuncUnit> <Opcode : 'icmp'> <InPorts = 2> <OutPorts = 1>
ST_4 : Operation 253 [1/1] (0.28ns)   --->   "%and_ln133 = and i1 %icmp_ln133, i1 %or_ln113_1" [src/fast.hpp:133->vitis_library_vision_L1/include\common/xf_structs.hpp:509]   --->   Operation 253 'and' 'and_ln133' <Predicate = (!icmp_ln72 & !icmp_ln83 & and_ln85)> <Delay = 0.28> <CoreInst = "LogicGate">   --->   Core 74 'LogicGate' <Latency = 0> <II = 1> <Delay = 0.28> <FuncUnit> <Opcode : 'and' 'or' 'xor'> <InPorts = 2> <OutPorts = 1>
ST_4 : Operation 254 [1/1] (0.44ns)   --->   "%icmp_ln133_1 = icmp_eq  i2 %select_ln113_5, i2 %select_ln113_7" [src/fast.hpp:133->vitis_library_vision_L1/include\common/xf_structs.hpp:509]   --->   Operation 254 'icmp' 'icmp_ln133_1' <Predicate = (!icmp_ln72 & !icmp_ln83 & and_ln85)> <Delay = 0.44> <CoreInst = "Cmp">   --->   Core 9 'Cmp' <Latency = 0> <II = 1> <Delay = 0.94> <FuncUnit> <Opcode : 'icmp'> <InPorts = 2> <OutPorts = 1>
ST_4 : Operation 255 [1/1] (0.28ns)   --->   "%and_ln133_1 = and i1 %icmp_ln133_1, i1 %or_ln113_2" [src/fast.hpp:133->vitis_library_vision_L1/include\common/xf_structs.hpp:509]   --->   Operation 255 'and' 'and_ln133_1' <Predicate = (!icmp_ln72 & !icmp_ln83 & and_ln85)> <Delay = 0.28> <CoreInst = "LogicGate">   --->   Core 74 'LogicGate' <Latency = 0> <II = 1> <Delay = 0.28> <FuncUnit> <Opcode : 'and' 'or' 'xor'> <InPorts = 2> <OutPorts = 1>
ST_4 : Operation 256 [1/1] (0.44ns)   --->   "%icmp_ln133_2 = icmp_eq  i2 %select_ln113_7, i2 %select_ln113_9" [src/fast.hpp:133->vitis_library_vision_L1/include\common/xf_structs.hpp:509]   --->   Operation 256 'icmp' 'icmp_ln133_2' <Predicate = (!icmp_ln72 & !icmp_ln83 & and_ln85)> <Delay = 0.44> <CoreInst = "Cmp">   --->   Core 9 'Cmp' <Latency = 0> <II = 1> <Delay = 0.94> <FuncUnit> <Opcode : 'icmp'> <InPorts = 2> <OutPorts = 1>
ST_4 : Operation 257 [1/1] (0.28ns)   --->   "%and_ln133_2 = and i1 %icmp_ln133_2, i1 %or_ln113_3" [src/fast.hpp:133->vitis_library_vision_L1/include\common/xf_structs.hpp:509]   --->   Operation 257 'and' 'and_ln133_2' <Predicate = (!icmp_ln72 & !icmp_ln83 & and_ln85)> <Delay = 0.28> <CoreInst = "LogicGate">   --->   Core 74 'LogicGate' <Latency = 0> <II = 1> <Delay = 0.28> <FuncUnit> <Opcode : 'and' 'or' 'xor'> <InPorts = 2> <OutPorts = 1>
ST_4 : Operation 258 [1/1] (0.44ns)   --->   "%icmp_ln133_3 = icmp_eq  i2 %select_ln113_9, i2 %select_ln113_11" [src/fast.hpp:133->vitis_library_vision_L1/include\common/xf_structs.hpp:509]   --->   Operation 258 'icmp' 'icmp_ln133_3' <Predicate = (!icmp_ln72 & !icmp_ln83 & and_ln85)> <Delay = 0.44> <CoreInst = "Cmp">   --->   Core 9 'Cmp' <Latency = 0> <II = 1> <Delay = 0.94> <FuncUnit> <Opcode : 'icmp'> <InPorts = 2> <OutPorts = 1>
ST_4 : Operation 259 [1/1] (0.28ns)   --->   "%and_ln133_3 = and i1 %icmp_ln133_3, i1 %or_ln113_4" [src/fast.hpp:133->vitis_library_vision_L1/include\common/xf_structs.hpp:509]   --->   Operation 259 'and' 'and_ln133_3' <Predicate = (!icmp_ln72 & !icmp_ln83 & and_ln85)> <Delay = 0.28> <CoreInst = "LogicGate">   --->   Core 74 'LogicGate' <Latency = 0> <II = 1> <Delay = 0.28> <FuncUnit> <Opcode : 'and' 'or' 'xor'> <InPorts = 2> <OutPorts = 1>
ST_4 : Operation 260 [1/1] (0.44ns)   --->   "%icmp_ln133_4 = icmp_eq  i2 %select_ln113_11, i2 %select_ln113_13" [src/fast.hpp:133->vitis_library_vision_L1/include\common/xf_structs.hpp:509]   --->   Operation 260 'icmp' 'icmp_ln133_4' <Predicate = (!icmp_ln72 & !icmp_ln83 & and_ln85)> <Delay = 0.44> <CoreInst = "Cmp">   --->   Core 9 'Cmp' <Latency = 0> <II = 1> <Delay = 0.94> <FuncUnit> <Opcode : 'icmp'> <InPorts = 2> <OutPorts = 1>
ST_4 : Operation 261 [1/1] (0.28ns)   --->   "%and_ln133_4 = and i1 %icmp_ln133_4, i1 %or_ln113_5" [src/fast.hpp:133->vitis_library_vision_L1/include\common/xf_structs.hpp:509]   --->   Operation 261 'and' 'and_ln133_4' <Predicate = (!icmp_ln72 & !icmp_ln83 & and_ln85)> <Delay = 0.28> <CoreInst = "LogicGate">   --->   Core 74 'LogicGate' <Latency = 0> <II = 1> <Delay = 0.28> <FuncUnit> <Opcode : 'and' 'or' 'xor'> <InPorts = 2> <OutPorts = 1>
ST_4 : Operation 262 [1/1] (0.44ns)   --->   "%icmp_ln133_5 = icmp_eq  i2 %select_ln113_13, i2 %select_ln113_15" [src/fast.hpp:133->vitis_library_vision_L1/include\common/xf_structs.hpp:509]   --->   Operation 262 'icmp' 'icmp_ln133_5' <Predicate = (!icmp_ln72 & !icmp_ln83 & and_ln85)> <Delay = 0.44> <CoreInst = "Cmp">   --->   Core 9 'Cmp' <Latency = 0> <II = 1> <Delay = 0.94> <FuncUnit> <Opcode : 'icmp'> <InPorts = 2> <OutPorts = 1>
ST_4 : Operation 263 [1/1] (0.28ns)   --->   "%and_ln133_5 = and i1 %icmp_ln133_5, i1 %or_ln113_6" [src/fast.hpp:133->vitis_library_vision_L1/include\common/xf_structs.hpp:509]   --->   Operation 263 'and' 'and_ln133_5' <Predicate = (!icmp_ln72 & !icmp_ln83 & and_ln85)> <Delay = 0.28> <CoreInst = "LogicGate">   --->   Core 74 'LogicGate' <Latency = 0> <II = 1> <Delay = 0.28> <FuncUnit> <Opcode : 'and' 'or' 'xor'> <InPorts = 2> <OutPorts = 1>
ST_4 : Operation 264 [1/1] (0.00ns) (grouped into LUT with out node select_ln133)   --->   "%select_ln138 = select i1 %and_ln133, i4 8, i4 7" [src/fast.hpp:138->vitis_library_vision_L1/include\common/xf_structs.hpp:509]   --->   Operation 264 'select' 'select_ln138' <Predicate = (!icmp_ln72 & !icmp_ln83 & and_ln85)> <Delay = 0.00> <CoreInst = "Sel">   --->   Core 73 'Sel' <Latency = 0> <II = 1> <Delay = 0.41> <FuncUnit> <Opcode : 'select'> <InPorts = 3> <OutPorts = 1>
ST_4 : Operation 265 [1/1] (0.00ns) (grouped into LUT with out node select_ln133)   --->   "%select_ln138_1 = select i1 %and_ln133_1, i4 %select_ln138, i4 6" [src/fast.hpp:138->vitis_library_vision_L1/include\common/xf_structs.hpp:509]   --->   Operation 265 'select' 'select_ln138_1' <Predicate = (!icmp_ln72 & !icmp_ln83 & and_ln85)> <Delay = 0.00> <CoreInst = "Sel">   --->   Core 73 'Sel' <Latency = 0> <II = 1> <Delay = 0.41> <FuncUnit> <Opcode : 'select'> <InPorts = 3> <OutPorts = 1>
ST_4 : Operation 266 [1/1] (0.00ns) (grouped into LUT with out node select_ln133)   --->   "%select_ln138_2 = select i1 %and_ln133_2, i4 %select_ln138_1, i4 5" [src/fast.hpp:138->vitis_library_vision_L1/include\common/xf_structs.hpp:509]   --->   Operation 266 'select' 'select_ln138_2' <Predicate = (!icmp_ln72 & !icmp_ln83 & and_ln85)> <Delay = 0.00> <CoreInst = "Sel">   --->   Core 73 'Sel' <Latency = 0> <II = 1> <Delay = 0.41> <FuncUnit> <Opcode : 'select'> <InPorts = 3> <OutPorts = 1>
ST_4 : Operation 267 [1/1] (0.00ns) (grouped into LUT with out node select_ln133)   --->   "%select_ln138_3 = select i1 %and_ln133_3, i4 %select_ln138_2, i4 4" [src/fast.hpp:138->vitis_library_vision_L1/include\common/xf_structs.hpp:509]   --->   Operation 267 'select' 'select_ln138_3' <Predicate = (!icmp_ln72 & !icmp_ln83 & and_ln85)> <Delay = 0.00> <CoreInst = "Sel">   --->   Core 73 'Sel' <Latency = 0> <II = 1> <Delay = 0.41> <FuncUnit> <Opcode : 'select'> <InPorts = 3> <OutPorts = 1>
ST_4 : Operation 268 [1/1] (0.00ns) (grouped into LUT with out node select_ln133)   --->   "%select_ln138_4 = select i1 %and_ln133_4, i4 %select_ln138_3, i4 3" [src/fast.hpp:138->vitis_library_vision_L1/include\common/xf_structs.hpp:509]   --->   Operation 268 'select' 'select_ln138_4' <Predicate = (!icmp_ln72 & !icmp_ln83 & and_ln85)> <Delay = 0.00> <CoreInst = "Sel">   --->   Core 73 'Sel' <Latency = 0> <II = 1> <Delay = 0.41> <FuncUnit> <Opcode : 'select'> <InPorts = 3> <OutPorts = 1>
ST_4 : Operation 269 [1/1] (0.39ns) (out node of the LUT)   --->   "%select_ln133 = select i1 %and_ln133_5, i4 %select_ln138_4, i4 2" [src/fast.hpp:133->vitis_library_vision_L1/include\common/xf_structs.hpp:509]   --->   Operation 269 'select' 'select_ln133' <Predicate = (!icmp_ln72 & !icmp_ln83 & and_ln85)> <Delay = 0.39> <CoreInst = "Sel">   --->   Core 73 'Sel' <Latency = 0> <II = 1> <Delay = 0.41> <FuncUnit> <Opcode : 'select'> <InPorts = 3> <OutPorts = 1>
ST_4 : Operation 270 [1/1] (0.44ns)   --->   "%icmp_ln133_6 = icmp_eq  i2 %select_ln113_15, i2 %select_ln113_17" [src/fast.hpp:133->vitis_library_vision_L1/include\common/xf_structs.hpp:509]   --->   Operation 270 'icmp' 'icmp_ln133_6' <Predicate = (!icmp_ln72 & !icmp_ln83 & and_ln85)> <Delay = 0.44> <CoreInst = "Cmp">   --->   Core 9 'Cmp' <Latency = 0> <II = 1> <Delay = 0.94> <FuncUnit> <Opcode : 'icmp'> <InPorts = 2> <OutPorts = 1>
ST_4 : Operation 271 [1/1] (0.28ns)   --->   "%and_ln133_6 = and i1 %icmp_ln133_6, i1 %or_ln113_7" [src/fast.hpp:133->vitis_library_vision_L1/include\common/xf_structs.hpp:509]   --->   Operation 271 'and' 'and_ln133_6' <Predicate = (!icmp_ln72 & !icmp_ln83 & and_ln85)> <Delay = 0.28> <CoreInst = "LogicGate">   --->   Core 74 'LogicGate' <Latency = 0> <II = 1> <Delay = 0.28> <FuncUnit> <Opcode : 'and' 'or' 'xor'> <InPorts = 2> <OutPorts = 1>
ST_4 : Operation 272 [1/1] (0.39ns) (out node of the LUT)   --->   "%select_ln133_1 = select i1 %and_ln133_6, i4 %select_ln133, i4 1" [src/fast.hpp:133->vitis_library_vision_L1/include\common/xf_structs.hpp:509]   --->   Operation 272 'select' 'select_ln133_1' <Predicate = (!icmp_ln72 & !icmp_ln83 & and_ln85)> <Delay = 0.39> <CoreInst = "Sel">   --->   Core 73 'Sel' <Latency = 0> <II = 1> <Delay = 0.41> <FuncUnit> <Opcode : 'select'> <InPorts = 3> <OutPorts = 1>
ST_4 : Operation 273 [1/1] (0.44ns)   --->   "%icmp_ln133_7 = icmp_eq  i2 %select_ln113_17, i2 %select_ln113_19" [src/fast.hpp:133->vitis_library_vision_L1/include\common/xf_structs.hpp:509]   --->   Operation 273 'icmp' 'icmp_ln133_7' <Predicate = (!icmp_ln72 & !icmp_ln83 & and_ln85)> <Delay = 0.44> <CoreInst = "Cmp">   --->   Core 9 'Cmp' <Latency = 0> <II = 1> <Delay = 0.94> <FuncUnit> <Opcode : 'icmp'> <InPorts = 2> <OutPorts = 1>
ST_4 : Operation 274 [1/1] (0.28ns)   --->   "%and_ln133_7 = and i1 %icmp_ln133_7, i1 %or_ln113_8" [src/fast.hpp:133->vitis_library_vision_L1/include\common/xf_structs.hpp:509]   --->   Operation 274 'and' 'and_ln133_7' <Predicate = (!icmp_ln72 & !icmp_ln83 & and_ln85)> <Delay = 0.28> <CoreInst = "LogicGate">   --->   Core 74 'LogicGate' <Latency = 0> <II = 1> <Delay = 0.28> <FuncUnit> <Opcode : 'and' 'or' 'xor'> <InPorts = 2> <OutPorts = 1>
ST_4 : Operation 275 [1/1] (0.79ns)   --->   "%add_ln134 = add i4 %select_ln133_1, i4 1" [src/fast.hpp:134->vitis_library_vision_L1/include\common/xf_structs.hpp:509]   --->   Operation 275 'add' 'add_ln134' <Predicate = (!icmp_ln72 & !icmp_ln83 & and_ln85)> <Delay = 0.79> <CoreInst = "Adder">   --->   Core 1 'Adder' <Latency = 0> <II = 1> <Delay = 0.77> <FuncUnit> <Opcode : 'add' 'sub'> <InPorts = 2> <OutPorts = 1>
ST_4 : Operation 276 [1/1] (0.72ns)   --->   "%icmp_ln135 = icmp_ugt  i4 %add_ln134, i4 8" [src/fast.hpp:135->vitis_library_vision_L1/include\common/xf_structs.hpp:509]   --->   Operation 276 'icmp' 'icmp_ln135' <Predicate = (!icmp_ln72 & !icmp_ln83 & and_ln85)> <Delay = 0.72> <CoreInst = "Cmp">   --->   Core 9 'Cmp' <Latency = 0> <II = 1> <Delay = 0.94> <FuncUnit> <Opcode : 'icmp'> <InPorts = 2> <OutPorts = 1>
ST_4 : Operation 277 [1/1] (0.79ns)   --->   "%add_ln138 = add i4 %select_ln133_1, i4 2" [src/fast.hpp:138->vitis_library_vision_L1/include\common/xf_structs.hpp:509]   --->   Operation 277 'add' 'add_ln138' <Predicate = (!icmp_ln72 & !icmp_ln83 & and_ln85)> <Delay = 0.79> <CoreInst = "Adder">   --->   Core 1 'Adder' <Latency = 0> <II = 1> <Delay = 0.77> <FuncUnit> <Opcode : 'add' 'sub'> <InPorts = 2> <OutPorts = 1>
ST_4 : Operation 278 [1/1] (0.39ns)   --->   "%select_ln133_2 = select i1 %and_ln133_7, i4 %add_ln138, i4 2" [src/fast.hpp:133->vitis_library_vision_L1/include\common/xf_structs.hpp:509]   --->   Operation 278 'select' 'select_ln133_2' <Predicate = (!icmp_ln72 & !icmp_ln83 & and_ln85)> <Delay = 0.39> <CoreInst = "Sel">   --->   Core 73 'Sel' <Latency = 0> <II = 1> <Delay = 0.41> <FuncUnit> <Opcode : 'select'> <InPorts = 3> <OutPorts = 1>
ST_4 : Operation 279 [1/1] (0.00ns) (grouped into LUT with out node or_ln133)   --->   "%and_ln133_16 = and i1 %and_ln133_7, i1 %icmp_ln135" [src/fast.hpp:133->vitis_library_vision_L1/include\common/xf_structs.hpp:509]   --->   Operation 279 'and' 'and_ln133_16' <Predicate = (!icmp_ln72 & !icmp_ln83 & and_ln85)> <Delay = 0.00> <CoreInst = "LogicGate">   --->   Core 74 'LogicGate' <Latency = 0> <II = 1> <Delay = 0.28> <FuncUnit> <Opcode : 'and' 'or' 'xor'> <InPorts = 2> <OutPorts = 1>
ST_4 : Operation 280 [1/1] (0.44ns)   --->   "%icmp_ln133_8 = icmp_eq  i2 %select_ln113_19, i2 %select_ln113_21" [src/fast.hpp:133->vitis_library_vision_L1/include\common/xf_structs.hpp:509]   --->   Operation 280 'icmp' 'icmp_ln133_8' <Predicate = (!icmp_ln72 & !icmp_ln83 & and_ln85)> <Delay = 0.44> <CoreInst = "Cmp">   --->   Core 9 'Cmp' <Latency = 0> <II = 1> <Delay = 0.94> <FuncUnit> <Opcode : 'icmp'> <InPorts = 2> <OutPorts = 1>
ST_4 : Operation 281 [1/1] (0.28ns)   --->   "%and_ln133_8 = and i1 %icmp_ln133_8, i1 %or_ln113_9" [src/fast.hpp:133->vitis_library_vision_L1/include\common/xf_structs.hpp:509]   --->   Operation 281 'and' 'and_ln133_8' <Predicate = (!icmp_ln72 & !icmp_ln83 & and_ln85)> <Delay = 0.28> <CoreInst = "LogicGate">   --->   Core 74 'LogicGate' <Latency = 0> <II = 1> <Delay = 0.28> <FuncUnit> <Opcode : 'and' 'or' 'xor'> <InPorts = 2> <OutPorts = 1>
ST_4 : Operation 282 [1/1] (0.72ns)   --->   "%icmp_ln135_1 = icmp_ugt  i4 %select_ln133_2, i4 8" [src/fast.hpp:135->vitis_library_vision_L1/include\common/xf_structs.hpp:509]   --->   Operation 282 'icmp' 'icmp_ln135_1' <Predicate = (!icmp_ln72 & !icmp_ln83 & and_ln85)> <Delay = 0.72> <CoreInst = "Cmp">   --->   Core 9 'Cmp' <Latency = 0> <II = 1> <Delay = 0.94> <FuncUnit> <Opcode : 'icmp'> <InPorts = 2> <OutPorts = 1>
ST_4 : Operation 283 [1/1] (0.39ns)   --->   "%select_ln133_3 = select i1 %and_ln133_8, i4 %select_ln133_2, i4 1" [src/fast.hpp:133->vitis_library_vision_L1/include\common/xf_structs.hpp:509]   --->   Operation 283 'select' 'select_ln133_3' <Predicate = (!icmp_ln72 & !icmp_ln83 & and_ln85)> <Delay = 0.39> <CoreInst = "Sel">   --->   Core 73 'Sel' <Latency = 0> <II = 1> <Delay = 0.41> <FuncUnit> <Opcode : 'select'> <InPorts = 3> <OutPorts = 1>
ST_4 : Operation 284 [1/1] (0.00ns) (grouped into LUT with out node or_ln133)   --->   "%and_ln133_17 = and i1 %and_ln133_8, i1 %icmp_ln135_1" [src/fast.hpp:133->vitis_library_vision_L1/include\common/xf_structs.hpp:509]   --->   Operation 284 'and' 'and_ln133_17' <Predicate = (!icmp_ln72 & !icmp_ln83 & and_ln85)> <Delay = 0.00> <CoreInst = "LogicGate">   --->   Core 74 'LogicGate' <Latency = 0> <II = 1> <Delay = 0.28> <FuncUnit> <Opcode : 'and' 'or' 'xor'> <InPorts = 2> <OutPorts = 1>
ST_4 : Operation 285 [1/1] (0.28ns) (out node of the LUT)   --->   "%or_ln133 = or i1 %and_ln133_16, i1 %and_ln133_17" [src/fast.hpp:133->vitis_library_vision_L1/include\common/xf_structs.hpp:509]   --->   Operation 285 'or' 'or_ln133' <Predicate = (!icmp_ln72 & !icmp_ln83 & and_ln85)> <Delay = 0.28> <CoreInst = "LogicGate">   --->   Core 74 'LogicGate' <Latency = 0> <II = 1> <Delay = 0.28> <FuncUnit> <Opcode : 'and' 'or' 'xor'> <InPorts = 2> <OutPorts = 1>
ST_4 : Operation 286 [1/1] (0.00ns)   --->   "%store_ln145 = store i8 %tmp, i8 %window_val_V_6_5" [C:/Xilinx/Vitis_HLS/2020.2/common/technology/autopilot/hls_stream_39.h:145]   --->   Operation 286 'store' 'store_ln145' <Predicate = (!icmp_ln72)> <Delay = 0.00>
ST_4 : Operation 287 [1/1] (0.00ns)   --->   "%store_ln0 = store i8 %window_val_V_6_5_1, i8 %window_val_V_6_4"   --->   Operation 287 'store' 'store_ln0' <Predicate = (!icmp_ln72)> <Delay = 0.00>
ST_4 : Operation 288 [1/1] (0.00ns)   --->   "%store_ln1347 = store i8 %window_val_V_6_4_1, i8 %window_val_V_6_3_1"   --->   Operation 288 'store' 'store_ln1347' <Predicate = (!icmp_ln72)> <Delay = 0.00>
ST_4 : Operation 289 [1/1] (0.00ns)   --->   "%store_ln1347 = store i8 %window_val_V_6_3_2, i8 %window_val_V_6_3"   --->   Operation 289 'store' 'store_ln1347' <Predicate = (!icmp_ln72)> <Delay = 0.00>
ST_4 : Operation 290 [1/1] (0.00ns)   --->   "%store_ln871 = store i8 %window_val_V_5_6, i8 %window_val_V_5_5" [vitis_library_vision_L1/include\common/xf_video_mem.hpp:871]   --->   Operation 290 'store' 'store_ln871' <Predicate = (!icmp_ln72)> <Delay = 0.00>
ST_4 : Operation 291 [1/1] (0.00ns)   --->   "%store_ln1347 = store i8 %window_val_V_5_5_1, i8 %window_val_V_5_4"   --->   Operation 291 'store' 'store_ln1347' <Predicate = (!icmp_ln72)> <Delay = 0.00>
ST_4 : Operation 292 [1/1] (0.00ns)   --->   "%store_ln0 = store i8 %window_val_V_5_4_1, i8 %window_val_V_5_3"   --->   Operation 292 'store' 'store_ln0' <Predicate = (!icmp_ln72)> <Delay = 0.00>
ST_4 : Operation 293 [1/1] (0.00ns)   --->   "%store_ln0 = store i8 %window_val_V_5_3_1, i8 %window_val_V_5_2_1"   --->   Operation 293 'store' 'store_ln0' <Predicate = (!icmp_ln72)> <Delay = 0.00>
ST_4 : Operation 294 [1/1] (0.00ns)   --->   "%store_ln0 = store i8 %window_val_V_5_2_2, i8 %window_val_V_5_2"   --->   Operation 294 'store' 'store_ln0' <Predicate = (!icmp_ln72)> <Delay = 0.00>
ST_4 : Operation 295 [1/1] (0.00ns)   --->   "%store_ln871 = store i8 %window_val_V_4_6, i8 %window_val_V_4_5" [vitis_library_vision_L1/include\common/xf_video_mem.hpp:871]   --->   Operation 295 'store' 'store_ln871' <Predicate = (!icmp_ln72)> <Delay = 0.00>
ST_4 : Operation 296 [1/1] (0.00ns)   --->   "%store_ln0 = store i8 %window_val_V_4_5_1, i8 %window_val_V_4_4"   --->   Operation 296 'store' 'store_ln0' <Predicate = (!icmp_ln72)> <Delay = 0.00>
ST_4 : Operation 297 [1/1] (0.00ns)   --->   "%store_ln0 = store i8 %window_val_V_4_4_1, i8 %window_val_V_4_3"   --->   Operation 297 'store' 'store_ln0' <Predicate = (!icmp_ln72)> <Delay = 0.00>
ST_4 : Operation 298 [1/1] (0.00ns)   --->   "%store_ln0 = store i8 %window_val_V_4_3_1, i8 %window_val_V_4_2"   --->   Operation 298 'store' 'store_ln0' <Predicate = (!icmp_ln72)> <Delay = 0.00>
ST_4 : Operation 299 [1/1] (0.00ns)   --->   "%store_ln0 = store i8 %window_val_V_4_2_1, i8 %window_val_V_4_1_1"   --->   Operation 299 'store' 'store_ln0' <Predicate = (!icmp_ln72)> <Delay = 0.00>
ST_4 : Operation 300 [1/1] (0.00ns)   --->   "%store_ln0 = store i8 %window_val_V_4_1_2, i8 %window_val_V_4_1"   --->   Operation 300 'store' 'store_ln0' <Predicate = (!icmp_ln72)> <Delay = 0.00>
ST_4 : Operation 301 [1/1] (0.00ns)   --->   "%store_ln871 = store i8 %window_val_V_3_6, i8 %window_val_V_3_5" [vitis_library_vision_L1/include\common/xf_video_mem.hpp:871]   --->   Operation 301 'store' 'store_ln871' <Predicate = (!icmp_ln72)> <Delay = 0.00>
ST_4 : Operation 302 [1/1] (0.00ns)   --->   "%store_ln0 = store i8 %window_val_V_3_5_1, i8 %window_val_V_3_4"   --->   Operation 302 'store' 'store_ln0' <Predicate = (!icmp_ln72)> <Delay = 0.00>
ST_4 : Operation 303 [1/1] (0.00ns)   --->   "%store_ln0 = store i8 %window_val_V_3_4_1, i8 %window_val_V_3_3"   --->   Operation 303 'store' 'store_ln0' <Predicate = (!icmp_ln72)> <Delay = 0.00>
ST_4 : Operation 304 [1/1] (0.00ns)   --->   "%store_ln1347 = store i8 %window_val_V_3_3_1, i8 %window_val_V_3_2"   --->   Operation 304 'store' 'store_ln1347' <Predicate = (!icmp_ln72)> <Delay = 0.00>
ST_4 : Operation 305 [1/1] (0.00ns)   --->   "%store_ln0 = store i8 %window_val_V_3_2_1, i8 %window_val_V_3_1_1"   --->   Operation 305 'store' 'store_ln0' <Predicate = (!icmp_ln72)> <Delay = 0.00>
ST_4 : Operation 306 [1/1] (0.00ns)   --->   "%store_ln871 = store i8 %window_val_V_2_6, i8 %window_val_V_2_5" [vitis_library_vision_L1/include\common/xf_video_mem.hpp:871]   --->   Operation 306 'store' 'store_ln871' <Predicate = (!icmp_ln72)> <Delay = 0.00>
ST_4 : Operation 307 [1/1] (0.00ns)   --->   "%store_ln0 = store i8 %window_val_V_2_5_1, i8 %window_val_V_2_4"   --->   Operation 307 'store' 'store_ln0' <Predicate = (!icmp_ln72)> <Delay = 0.00>
ST_4 : Operation 308 [1/1] (0.00ns)   --->   "%store_ln0 = store i8 %window_val_V_2_4_1, i8 %window_val_V_2_3"   --->   Operation 308 'store' 'store_ln0' <Predicate = (!icmp_ln72)> <Delay = 0.00>
ST_4 : Operation 309 [1/1] (0.00ns)   --->   "%store_ln0 = store i8 %window_val_V_2_3_1, i8 %window_val_V_2_2"   --->   Operation 309 'store' 'store_ln0' <Predicate = (!icmp_ln72)> <Delay = 0.00>
ST_4 : Operation 310 [1/1] (0.00ns)   --->   "%store_ln0 = store i8 %window_val_V_2_2_1, i8 %window_val_V_2_1_3"   --->   Operation 310 'store' 'store_ln0' <Predicate = (!icmp_ln72)> <Delay = 0.00>
ST_4 : Operation 311 [1/1] (0.00ns)   --->   "%store_ln871 = store i8 %window_val_V_1_6, i8 %window_val_V_1_5" [vitis_library_vision_L1/include\common/xf_video_mem.hpp:871]   --->   Operation 311 'store' 'store_ln871' <Predicate = (!icmp_ln72)> <Delay = 0.00>
ST_4 : Operation 312 [1/1] (0.00ns)   --->   "%store_ln1347 = store i8 %window_val_V_1_5_1, i8 %window_val_V_1_4"   --->   Operation 312 'store' 'store_ln1347' <Predicate = (!icmp_ln72)> <Delay = 0.00>
ST_4 : Operation 313 [1/1] (0.00ns)   --->   "%store_ln0 = store i8 %window_val_V_1_4_1, i8 %window_val_V_1_3"   --->   Operation 313 'store' 'store_ln0' <Predicate = (!icmp_ln72)> <Delay = 0.00>
ST_4 : Operation 314 [1/1] (0.00ns)   --->   "%store_ln0 = store i8 %window_val_V_1_3_1, i8 %window_val_V_1_2_1"   --->   Operation 314 'store' 'store_ln0' <Predicate = (!icmp_ln72)> <Delay = 0.00>
ST_4 : Operation 315 [1/1] (0.00ns)   --->   "%store_ln871 = store i8 %window_val_V_0_6, i8 %window_val_V_0_5" [vitis_library_vision_L1/include\common/xf_video_mem.hpp:871]   --->   Operation 315 'store' 'store_ln871' <Predicate = (!icmp_ln72)> <Delay = 0.00>
ST_4 : Operation 316 [1/1] (0.00ns)   --->   "%store_ln0 = store i8 %window_val_V_0_5_1, i8 %window_val_V_0_4"   --->   Operation 316 'store' 'store_ln0' <Predicate = (!icmp_ln72)> <Delay = 0.00>
ST_4 : Operation 317 [1/1] (0.00ns)   --->   "%store_ln1347 = store i8 %window_val_V_0_4_1, i8 %window_val_V_0_3_1"   --->   Operation 317 'store' 'store_ln1347' <Predicate = (!icmp_ln72)> <Delay = 0.00>

State 5 <SV = 4> <Delay = 7.06>
ST_5 : Operation 318 [1/1] (0.00ns)   --->   "%window_val_V_0_3_load = load i8 %window_val_V_0_3"   --->   Operation 318 'load' 'window_val_V_0_3_load' <Predicate = (!icmp_ln72 & !icmp_ln83 & and_ln85)> <Delay = 0.00>
ST_5 : Operation 319 [1/1] (0.00ns)   --->   "%window_val_V_1_2_load = load i8 %window_val_V_1_2"   --->   Operation 319 'load' 'window_val_V_1_2_load' <Predicate = (!icmp_ln72 & !icmp_ln83 & and_ln85)> <Delay = 0.00>
ST_5 : Operation 320 [1/1] (0.00ns)   --->   "%window_val_V_2_1_load = load i8 %window_val_V_2_1"   --->   Operation 320 'load' 'window_val_V_2_1_load' <Predicate = (!icmp_ln72 & !icmp_ln83 & and_ln85)> <Delay = 0.00>
ST_5 : Operation 321 [1/1] (0.00ns)   --->   "%window_val_V_3_1_load = load i8 %window_val_V_3_1"   --->   Operation 321 'load' 'window_val_V_3_1_load' <Predicate = (!icmp_ln72 & !icmp_ln83 & and_ln85)> <Delay = 0.00>
ST_5 : Operation 322 [1/1] (0.00ns)   --->   "%zext_ln1347_1 = zext i8 %window_val_V_0_3_2"   --->   Operation 322 'zext' 'zext_ln1347_1' <Predicate = (!icmp_ln72 & !icmp_ln83 & and_ln85)> <Delay = 0.00>
ST_5 : Operation 323 [1/1] (0.76ns)   --->   "%ret = sub i9 %zext_ln1347, i9 %zext_ln1347_1"   --->   Operation 323 'sub' 'ret' <Predicate = (!icmp_ln72 & !icmp_ln83 & and_ln85)> <Delay = 0.76> <CoreInst = "Adder">   --->   Core 1 'Adder' <Latency = 0> <II = 1> <Delay = 0.77> <FuncUnit> <Opcode : 'add' 'sub'> <InPorts = 2> <OutPorts = 1>
ST_5 : Operation 324 [1/1] (0.00ns)   --->   "%zext_ln1347_13 = zext i8 %window_val_V_3_1_load"   --->   Operation 324 'zext' 'zext_ln1347_13' <Predicate = (!icmp_ln72 & !icmp_ln83 & and_ln85)> <Delay = 0.00>
ST_5 : Operation 325 [1/1] (0.76ns)   --->   "%ret_22 = sub i9 %zext_ln1347, i9 %zext_ln1347_13"   --->   Operation 325 'sub' 'ret_22' <Predicate = (!icmp_ln72 & !icmp_ln83 & and_ln85)> <Delay = 0.76> <CoreInst = "Adder">   --->   Core 1 'Adder' <Latency = 0> <II = 1> <Delay = 0.77> <FuncUnit> <Opcode : 'add' 'sub'> <InPorts = 2> <OutPorts = 1>
ST_5 : Operation 326 [1/1] (0.00ns)   --->   "%zext_ln1347_14 = zext i8 %window_val_V_2_1_load"   --->   Operation 326 'zext' 'zext_ln1347_14' <Predicate = (!icmp_ln72 & !icmp_ln83 & and_ln85)> <Delay = 0.00>
ST_5 : Operation 327 [1/1] (0.76ns)   --->   "%ret_23 = sub i9 %zext_ln1347, i9 %zext_ln1347_14"   --->   Operation 327 'sub' 'ret_23' <Predicate = (!icmp_ln72 & !icmp_ln83 & and_ln85)> <Delay = 0.76> <CoreInst = "Adder">   --->   Core 1 'Adder' <Latency = 0> <II = 1> <Delay = 0.77> <FuncUnit> <Opcode : 'add' 'sub'> <InPorts = 2> <OutPorts = 1>
ST_5 : Operation 328 [1/1] (0.00ns)   --->   "%zext_ln1347_15 = zext i8 %window_val_V_1_2_load"   --->   Operation 328 'zext' 'zext_ln1347_15' <Predicate = (!icmp_ln72 & !icmp_ln83 & and_ln85)> <Delay = 0.00>
ST_5 : Operation 329 [1/1] (0.76ns)   --->   "%ret_24 = sub i9 %zext_ln1347, i9 %zext_ln1347_15"   --->   Operation 329 'sub' 'ret_24' <Predicate = (!icmp_ln72 & !icmp_ln83 & and_ln85)> <Delay = 0.76> <CoreInst = "Adder">   --->   Core 1 'Adder' <Latency = 0> <II = 1> <Delay = 0.77> <FuncUnit> <Opcode : 'add' 'sub'> <InPorts = 2> <OutPorts = 1>
ST_5 : Operation 330 [1/1] (0.00ns)   --->   "%zext_ln1347_16 = zext i8 %window_val_V_0_3_load"   --->   Operation 330 'zext' 'zext_ln1347_16' <Predicate = (!icmp_ln72 & !icmp_ln83 & and_ln85)> <Delay = 0.00>
ST_5 : Operation 331 [1/1] (0.76ns)   --->   "%ret_25 = sub i9 %zext_ln1347, i9 %zext_ln1347_16"   --->   Operation 331 'sub' 'ret_25' <Predicate = (!icmp_ln72 & !icmp_ln83 & and_ln85)> <Delay = 0.76> <CoreInst = "Adder">   --->   Core 1 'Adder' <Latency = 0> <II = 1> <Delay = 0.77> <FuncUnit> <Opcode : 'add' 'sub'> <InPorts = 2> <OutPorts = 1>
ST_5 : Operation 332 [1/1] (0.88ns)   --->   "%icmp_ln113 = icmp_sgt  i9 %ret, i9 %p_threshold_cast_i" [src/fast.hpp:113->vitis_library_vision_L1/include\common/xf_structs.hpp:509]   --->   Operation 332 'icmp' 'icmp_ln113' <Predicate = (!icmp_ln72 & !icmp_ln83 & and_ln85)> <Delay = 0.88> <CoreInst = "Cmp">   --->   Core 9 'Cmp' <Latency = 0> <II = 1> <Delay = 0.94> <FuncUnit> <Opcode : 'icmp'> <InPorts = 2> <OutPorts = 1>
ST_5 : Operation 333 [1/1] (0.88ns)   --->   "%icmp_ln115 = icmp_slt  i9 %ret, i9 %sub_i" [src/fast.hpp:115->vitis_library_vision_L1/include\common/xf_structs.hpp:509]   --->   Operation 333 'icmp' 'icmp_ln115' <Predicate = (!icmp_ln72 & !icmp_ln83 & and_ln85)> <Delay = 0.88> <CoreInst = "Cmp">   --->   Core 9 'Cmp' <Latency = 0> <II = 1> <Delay = 0.94> <FuncUnit> <Opcode : 'icmp'> <InPorts = 2> <OutPorts = 1>
ST_5 : Operation 334 [1/1] (0.00ns) (grouped into LUT with out node select_ln113_1)   --->   "%select_ln113 = select i1 %icmp_ln113, i2 1, i2 2" [src/fast.hpp:113->vitis_library_vision_L1/include\common/xf_structs.hpp:509]   --->   Operation 334 'select' 'select_ln113' <Predicate = (!icmp_ln72 & !icmp_ln83 & and_ln85)> <Delay = 0.00> <CoreInst = "Sel">   --->   Core 73 'Sel' <Latency = 0> <II = 1> <Delay = 0.41> <FuncUnit> <Opcode : 'select'> <InPorts = 3> <OutPorts = 1>
ST_5 : Operation 335 [1/1] (0.28ns)   --->   "%or_ln113 = or i1 %icmp_ln113, i1 %icmp_ln115" [src/fast.hpp:113->vitis_library_vision_L1/include\common/xf_structs.hpp:509]   --->   Operation 335 'or' 'or_ln113' <Predicate = (!icmp_ln72 & !icmp_ln83 & and_ln85)> <Delay = 0.28> <CoreInst = "LogicGate">   --->   Core 74 'LogicGate' <Latency = 0> <II = 1> <Delay = 0.28> <FuncUnit> <Opcode : 'and' 'or' 'xor'> <InPorts = 2> <OutPorts = 1>
ST_5 : Operation 336 [1/1] (0.17ns) (out node of the LUT)   --->   "%select_ln113_1 = select i1 %or_ln113, i2 %select_ln113, i2 0" [src/fast.hpp:113->vitis_library_vision_L1/include\common/xf_structs.hpp:509]   --->   Operation 336 'select' 'select_ln113_1' <Predicate = (!icmp_ln72 & !icmp_ln83 & and_ln85)> <Delay = 0.17> <CoreInst = "Sel">   --->   Core 73 'Sel' <Latency = 0> <II = 1> <Delay = 0.41> <FuncUnit> <Opcode : 'select'> <InPorts = 3> <OutPorts = 1>
ST_5 : Operation 337 [1/1] (0.88ns)   --->   "%icmp_ln113_11 = icmp_sgt  i9 %ret_21, i9 %p_threshold_cast_i" [src/fast.hpp:113->vitis_library_vision_L1/include\common/xf_structs.hpp:509]   --->   Operation 337 'icmp' 'icmp_ln113_11' <Predicate = (!icmp_ln72 & !icmp_ln83 & and_ln85)> <Delay = 0.88> <CoreInst = "Cmp">   --->   Core 9 'Cmp' <Latency = 0> <II = 1> <Delay = 0.94> <FuncUnit> <Opcode : 'icmp'> <InPorts = 2> <OutPorts = 1>
ST_5 : Operation 338 [1/1] (0.88ns)   --->   "%icmp_ln115_11 = icmp_slt  i9 %ret_21, i9 %sub_i" [src/fast.hpp:115->vitis_library_vision_L1/include\common/xf_structs.hpp:509]   --->   Operation 338 'icmp' 'icmp_ln115_11' <Predicate = (!icmp_ln72 & !icmp_ln83 & and_ln85)> <Delay = 0.88> <CoreInst = "Cmp">   --->   Core 9 'Cmp' <Latency = 0> <II = 1> <Delay = 0.94> <FuncUnit> <Opcode : 'icmp'> <InPorts = 2> <OutPorts = 1>
ST_5 : Operation 339 [1/1] (0.00ns) (grouped into LUT with out node select_ln113_23)   --->   "%select_ln113_22 = select i1 %icmp_ln113_11, i2 1, i2 2" [src/fast.hpp:113->vitis_library_vision_L1/include\common/xf_structs.hpp:509]   --->   Operation 339 'select' 'select_ln113_22' <Predicate = (!icmp_ln72 & !icmp_ln83 & and_ln85)> <Delay = 0.00> <CoreInst = "Sel">   --->   Core 73 'Sel' <Latency = 0> <II = 1> <Delay = 0.41> <FuncUnit> <Opcode : 'select'> <InPorts = 3> <OutPorts = 1>
ST_5 : Operation 340 [1/1] (0.28ns)   --->   "%or_ln113_11 = or i1 %icmp_ln113_11, i1 %icmp_ln115_11" [src/fast.hpp:113->vitis_library_vision_L1/include\common/xf_structs.hpp:509]   --->   Operation 340 'or' 'or_ln113_11' <Predicate = (!icmp_ln72 & !icmp_ln83 & and_ln85)> <Delay = 0.28> <CoreInst = "LogicGate">   --->   Core 74 'LogicGate' <Latency = 0> <II = 1> <Delay = 0.28> <FuncUnit> <Opcode : 'and' 'or' 'xor'> <InPorts = 2> <OutPorts = 1>
ST_5 : Operation 341 [1/1] (0.17ns) (out node of the LUT)   --->   "%select_ln113_23 = select i1 %or_ln113_11, i2 %select_ln113_22, i2 0" [src/fast.hpp:113->vitis_library_vision_L1/include\common/xf_structs.hpp:509]   --->   Operation 341 'select' 'select_ln113_23' <Predicate = (!icmp_ln72 & !icmp_ln83 & and_ln85)> <Delay = 0.17> <CoreInst = "Sel">   --->   Core 73 'Sel' <Latency = 0> <II = 1> <Delay = 0.41> <FuncUnit> <Opcode : 'select'> <InPorts = 3> <OutPorts = 1>
ST_5 : Operation 342 [1/1] (0.88ns)   --->   "%icmp_ln113_12 = icmp_sgt  i9 %ret_22, i9 %p_threshold_cast_i" [src/fast.hpp:113->vitis_library_vision_L1/include\common/xf_structs.hpp:509]   --->   Operation 342 'icmp' 'icmp_ln113_12' <Predicate = (!icmp_ln72 & !icmp_ln83 & and_ln85)> <Delay = 0.88> <CoreInst = "Cmp">   --->   Core 9 'Cmp' <Latency = 0> <II = 1> <Delay = 0.94> <FuncUnit> <Opcode : 'icmp'> <InPorts = 2> <OutPorts = 1>
ST_5 : Operation 343 [1/1] (0.88ns)   --->   "%icmp_ln115_12 = icmp_slt  i9 %ret_22, i9 %sub_i" [src/fast.hpp:115->vitis_library_vision_L1/include\common/xf_structs.hpp:509]   --->   Operation 343 'icmp' 'icmp_ln115_12' <Predicate = (!icmp_ln72 & !icmp_ln83 & and_ln85)> <Delay = 0.88> <CoreInst = "Cmp">   --->   Core 9 'Cmp' <Latency = 0> <II = 1> <Delay = 0.94> <FuncUnit> <Opcode : 'icmp'> <InPorts = 2> <OutPorts = 1>
ST_5 : Operation 344 [1/1] (0.00ns) (grouped into LUT with out node select_ln113_25)   --->   "%select_ln113_24 = select i1 %icmp_ln113_12, i2 1, i2 2" [src/fast.hpp:113->vitis_library_vision_L1/include\common/xf_structs.hpp:509]   --->   Operation 344 'select' 'select_ln113_24' <Predicate = (!icmp_ln72 & !icmp_ln83 & and_ln85)> <Delay = 0.00> <CoreInst = "Sel">   --->   Core 73 'Sel' <Latency = 0> <II = 1> <Delay = 0.41> <FuncUnit> <Opcode : 'select'> <InPorts = 3> <OutPorts = 1>
ST_5 : Operation 345 [1/1] (0.28ns)   --->   "%or_ln113_12 = or i1 %icmp_ln113_12, i1 %icmp_ln115_12" [src/fast.hpp:113->vitis_library_vision_L1/include\common/xf_structs.hpp:509]   --->   Operation 345 'or' 'or_ln113_12' <Predicate = (!icmp_ln72 & !icmp_ln83 & and_ln85)> <Delay = 0.28> <CoreInst = "LogicGate">   --->   Core 74 'LogicGate' <Latency = 0> <II = 1> <Delay = 0.28> <FuncUnit> <Opcode : 'and' 'or' 'xor'> <InPorts = 2> <OutPorts = 1>
ST_5 : Operation 346 [1/1] (0.17ns) (out node of the LUT)   --->   "%select_ln113_25 = select i1 %or_ln113_12, i2 %select_ln113_24, i2 0" [src/fast.hpp:113->vitis_library_vision_L1/include\common/xf_structs.hpp:509]   --->   Operation 346 'select' 'select_ln113_25' <Predicate = (!icmp_ln72 & !icmp_ln83 & and_ln85)> <Delay = 0.17> <CoreInst = "Sel">   --->   Core 73 'Sel' <Latency = 0> <II = 1> <Delay = 0.41> <FuncUnit> <Opcode : 'select'> <InPorts = 3> <OutPorts = 1>
ST_5 : Operation 347 [1/1] (0.88ns)   --->   "%icmp_ln113_13 = icmp_sgt  i9 %ret_23, i9 %p_threshold_cast_i" [src/fast.hpp:113->vitis_library_vision_L1/include\common/xf_structs.hpp:509]   --->   Operation 347 'icmp' 'icmp_ln113_13' <Predicate = (!icmp_ln72 & !icmp_ln83 & and_ln85)> <Delay = 0.88> <CoreInst = "Cmp">   --->   Core 9 'Cmp' <Latency = 0> <II = 1> <Delay = 0.94> <FuncUnit> <Opcode : 'icmp'> <InPorts = 2> <OutPorts = 1>
ST_5 : Operation 348 [1/1] (0.88ns)   --->   "%icmp_ln115_13 = icmp_slt  i9 %ret_23, i9 %sub_i" [src/fast.hpp:115->vitis_library_vision_L1/include\common/xf_structs.hpp:509]   --->   Operation 348 'icmp' 'icmp_ln115_13' <Predicate = (!icmp_ln72 & !icmp_ln83 & and_ln85)> <Delay = 0.88> <CoreInst = "Cmp">   --->   Core 9 'Cmp' <Latency = 0> <II = 1> <Delay = 0.94> <FuncUnit> <Opcode : 'icmp'> <InPorts = 2> <OutPorts = 1>
ST_5 : Operation 349 [1/1] (0.00ns) (grouped into LUT with out node select_ln113_27)   --->   "%select_ln113_26 = select i1 %icmp_ln113_13, i2 1, i2 2" [src/fast.hpp:113->vitis_library_vision_L1/include\common/xf_structs.hpp:509]   --->   Operation 349 'select' 'select_ln113_26' <Predicate = (!icmp_ln72 & !icmp_ln83 & and_ln85)> <Delay = 0.00> <CoreInst = "Sel">   --->   Core 73 'Sel' <Latency = 0> <II = 1> <Delay = 0.41> <FuncUnit> <Opcode : 'select'> <InPorts = 3> <OutPorts = 1>
ST_5 : Operation 350 [1/1] (0.28ns)   --->   "%or_ln113_13 = or i1 %icmp_ln113_13, i1 %icmp_ln115_13" [src/fast.hpp:113->vitis_library_vision_L1/include\common/xf_structs.hpp:509]   --->   Operation 350 'or' 'or_ln113_13' <Predicate = (!icmp_ln72 & !icmp_ln83 & and_ln85)> <Delay = 0.28> <CoreInst = "LogicGate">   --->   Core 74 'LogicGate' <Latency = 0> <II = 1> <Delay = 0.28> <FuncUnit> <Opcode : 'and' 'or' 'xor'> <InPorts = 2> <OutPorts = 1>
ST_5 : Operation 351 [1/1] (0.17ns) (out node of the LUT)   --->   "%select_ln113_27 = select i1 %or_ln113_13, i2 %select_ln113_26, i2 0" [src/fast.hpp:113->vitis_library_vision_L1/include\common/xf_structs.hpp:509]   --->   Operation 351 'select' 'select_ln113_27' <Predicate = (!icmp_ln72 & !icmp_ln83 & and_ln85)> <Delay = 0.17> <CoreInst = "Sel">   --->   Core 73 'Sel' <Latency = 0> <II = 1> <Delay = 0.41> <FuncUnit> <Opcode : 'select'> <InPorts = 3> <OutPorts = 1>
ST_5 : Operation 352 [1/1] (0.88ns)   --->   "%icmp_ln113_14 = icmp_sgt  i9 %ret_24, i9 %p_threshold_cast_i" [src/fast.hpp:113->vitis_library_vision_L1/include\common/xf_structs.hpp:509]   --->   Operation 352 'icmp' 'icmp_ln113_14' <Predicate = (!icmp_ln72 & !icmp_ln83 & and_ln85)> <Delay = 0.88> <CoreInst = "Cmp">   --->   Core 9 'Cmp' <Latency = 0> <II = 1> <Delay = 0.94> <FuncUnit> <Opcode : 'icmp'> <InPorts = 2> <OutPorts = 1>
ST_5 : Operation 353 [1/1] (0.88ns)   --->   "%icmp_ln115_14 = icmp_slt  i9 %ret_24, i9 %sub_i" [src/fast.hpp:115->vitis_library_vision_L1/include\common/xf_structs.hpp:509]   --->   Operation 353 'icmp' 'icmp_ln115_14' <Predicate = (!icmp_ln72 & !icmp_ln83 & and_ln85)> <Delay = 0.88> <CoreInst = "Cmp">   --->   Core 9 'Cmp' <Latency = 0> <II = 1> <Delay = 0.94> <FuncUnit> <Opcode : 'icmp'> <InPorts = 2> <OutPorts = 1>
ST_5 : Operation 354 [1/1] (0.00ns) (grouped into LUT with out node select_ln113_29)   --->   "%select_ln113_28 = select i1 %icmp_ln113_14, i2 1, i2 2" [src/fast.hpp:113->vitis_library_vision_L1/include\common/xf_structs.hpp:509]   --->   Operation 354 'select' 'select_ln113_28' <Predicate = (!icmp_ln72 & !icmp_ln83 & and_ln85)> <Delay = 0.00> <CoreInst = "Sel">   --->   Core 73 'Sel' <Latency = 0> <II = 1> <Delay = 0.41> <FuncUnit> <Opcode : 'select'> <InPorts = 3> <OutPorts = 1>
ST_5 : Operation 355 [1/1] (0.28ns)   --->   "%or_ln113_14 = or i1 %icmp_ln113_14, i1 %icmp_ln115_14" [src/fast.hpp:113->vitis_library_vision_L1/include\common/xf_structs.hpp:509]   --->   Operation 355 'or' 'or_ln113_14' <Predicate = (!icmp_ln72 & !icmp_ln83 & and_ln85)> <Delay = 0.28> <CoreInst = "LogicGate">   --->   Core 74 'LogicGate' <Latency = 0> <II = 1> <Delay = 0.28> <FuncUnit> <Opcode : 'and' 'or' 'xor'> <InPorts = 2> <OutPorts = 1>
ST_5 : Operation 356 [1/1] (0.17ns) (out node of the LUT)   --->   "%select_ln113_29 = select i1 %or_ln113_14, i2 %select_ln113_28, i2 0" [src/fast.hpp:113->vitis_library_vision_L1/include\common/xf_structs.hpp:509]   --->   Operation 356 'select' 'select_ln113_29' <Predicate = (!icmp_ln72 & !icmp_ln83 & and_ln85)> <Delay = 0.17> <CoreInst = "Sel">   --->   Core 73 'Sel' <Latency = 0> <II = 1> <Delay = 0.41> <FuncUnit> <Opcode : 'select'> <InPorts = 3> <OutPorts = 1>
ST_5 : Operation 357 [1/1] (0.88ns)   --->   "%icmp_ln113_15 = icmp_sgt  i9 %ret_25, i9 %p_threshold_cast_i" [src/fast.hpp:113->vitis_library_vision_L1/include\common/xf_structs.hpp:509]   --->   Operation 357 'icmp' 'icmp_ln113_15' <Predicate = (!icmp_ln72 & !icmp_ln83 & and_ln85)> <Delay = 0.88> <CoreInst = "Cmp">   --->   Core 9 'Cmp' <Latency = 0> <II = 1> <Delay = 0.94> <FuncUnit> <Opcode : 'icmp'> <InPorts = 2> <OutPorts = 1>
ST_5 : Operation 358 [1/1] (0.88ns)   --->   "%icmp_ln115_15 = icmp_slt  i9 %ret_25, i9 %sub_i" [src/fast.hpp:115->vitis_library_vision_L1/include\common/xf_structs.hpp:509]   --->   Operation 358 'icmp' 'icmp_ln115_15' <Predicate = (!icmp_ln72 & !icmp_ln83 & and_ln85)> <Delay = 0.88> <CoreInst = "Cmp">   --->   Core 9 'Cmp' <Latency = 0> <II = 1> <Delay = 0.94> <FuncUnit> <Opcode : 'icmp'> <InPorts = 2> <OutPorts = 1>
ST_5 : Operation 359 [1/1] (0.00ns) (grouped into LUT with out node select_ln113_31)   --->   "%select_ln113_30 = select i1 %icmp_ln113_15, i2 1, i2 2" [src/fast.hpp:113->vitis_library_vision_L1/include\common/xf_structs.hpp:509]   --->   Operation 359 'select' 'select_ln113_30' <Predicate = (!icmp_ln72 & !icmp_ln83 & and_ln85)> <Delay = 0.00> <CoreInst = "Sel">   --->   Core 73 'Sel' <Latency = 0> <II = 1> <Delay = 0.41> <FuncUnit> <Opcode : 'select'> <InPorts = 3> <OutPorts = 1>
ST_5 : Operation 360 [1/1] (0.28ns)   --->   "%or_ln113_15 = or i1 %icmp_ln113_15, i1 %icmp_ln115_15" [src/fast.hpp:113->vitis_library_vision_L1/include\common/xf_structs.hpp:509]   --->   Operation 360 'or' 'or_ln113_15' <Predicate = (!icmp_ln72 & !icmp_ln83 & and_ln85)> <Delay = 0.28> <CoreInst = "LogicGate">   --->   Core 74 'LogicGate' <Latency = 0> <II = 1> <Delay = 0.28> <FuncUnit> <Opcode : 'and' 'or' 'xor'> <InPorts = 2> <OutPorts = 1>
ST_5 : Operation 361 [1/1] (0.17ns) (out node of the LUT)   --->   "%select_ln113_31 = select i1 %or_ln113_15, i2 %select_ln113_30, i2 0" [src/fast.hpp:113->vitis_library_vision_L1/include\common/xf_structs.hpp:509]   --->   Operation 361 'select' 'select_ln113_31' <Predicate = (!icmp_ln72 & !icmp_ln83 & and_ln85)> <Delay = 0.17> <CoreInst = "Sel">   --->   Core 73 'Sel' <Latency = 0> <II = 1> <Delay = 0.41> <FuncUnit> <Opcode : 'select'> <InPorts = 3> <OutPorts = 1>
ST_5 : Operation 362 [1/1] (0.44ns)   --->   "%icmp_ln133_9 = icmp_eq  i2 %select_ln113_21, i2 %select_ln113_23" [src/fast.hpp:133->vitis_library_vision_L1/include\common/xf_structs.hpp:509]   --->   Operation 362 'icmp' 'icmp_ln133_9' <Predicate = (!icmp_ln72 & !icmp_ln83 & and_ln85)> <Delay = 0.44> <CoreInst = "Cmp">   --->   Core 9 'Cmp' <Latency = 0> <II = 1> <Delay = 0.94> <FuncUnit> <Opcode : 'icmp'> <InPorts = 2> <OutPorts = 1>
ST_5 : Operation 363 [1/1] (0.28ns)   --->   "%and_ln133_9 = and i1 %icmp_ln133_9, i1 %or_ln113_10" [src/fast.hpp:133->vitis_library_vision_L1/include\common/xf_structs.hpp:509]   --->   Operation 363 'and' 'and_ln133_9' <Predicate = (!icmp_ln72 & !icmp_ln83 & and_ln85)> <Delay = 0.28> <CoreInst = "LogicGate">   --->   Core 74 'LogicGate' <Latency = 0> <II = 1> <Delay = 0.28> <FuncUnit> <Opcode : 'and' 'or' 'xor'> <InPorts = 2> <OutPorts = 1>
ST_5 : Operation 364 [1/1] (0.79ns)   --->   "%add_ln134_1 = add i4 %select_ln133_3, i4 1" [src/fast.hpp:134->vitis_library_vision_L1/include\common/xf_structs.hpp:509]   --->   Operation 364 'add' 'add_ln134_1' <Predicate = (!icmp_ln72 & !icmp_ln83 & and_ln85)> <Delay = 0.79> <CoreInst = "Adder">   --->   Core 1 'Adder' <Latency = 0> <II = 1> <Delay = 0.77> <FuncUnit> <Opcode : 'add' 'sub'> <InPorts = 2> <OutPorts = 1>
ST_5 : Operation 365 [1/1] (0.72ns)   --->   "%icmp_ln135_2 = icmp_ugt  i4 %add_ln134_1, i4 8" [src/fast.hpp:135->vitis_library_vision_L1/include\common/xf_structs.hpp:509]   --->   Operation 365 'icmp' 'icmp_ln135_2' <Predicate = (!icmp_ln72 & !icmp_ln83 & and_ln85)> <Delay = 0.72> <CoreInst = "Cmp">   --->   Core 9 'Cmp' <Latency = 0> <II = 1> <Delay = 0.94> <FuncUnit> <Opcode : 'icmp'> <InPorts = 2> <OutPorts = 1>
ST_5 : Operation 366 [1/1] (0.79ns)   --->   "%add_ln138_1 = add i4 %select_ln133_3, i4 2" [src/fast.hpp:138->vitis_library_vision_L1/include\common/xf_structs.hpp:509]   --->   Operation 366 'add' 'add_ln138_1' <Predicate = (!icmp_ln72 & !icmp_ln83 & and_ln85)> <Delay = 0.79> <CoreInst = "Adder">   --->   Core 1 'Adder' <Latency = 0> <II = 1> <Delay = 0.77> <FuncUnit> <Opcode : 'add' 'sub'> <InPorts = 2> <OutPorts = 1>
ST_5 : Operation 367 [1/1] (0.39ns)   --->   "%select_ln133_4 = select i1 %and_ln133_9, i4 %add_ln138_1, i4 2" [src/fast.hpp:133->vitis_library_vision_L1/include\common/xf_structs.hpp:509]   --->   Operation 367 'select' 'select_ln133_4' <Predicate = (!icmp_ln72 & !icmp_ln83 & and_ln85)> <Delay = 0.39> <CoreInst = "Sel">   --->   Core 73 'Sel' <Latency = 0> <II = 1> <Delay = 0.41> <FuncUnit> <Opcode : 'select'> <InPorts = 3> <OutPorts = 1>
ST_5 : Operation 368 [1/1] (0.00ns) (grouped into LUT with out node or_ln133_2)   --->   "%and_ln133_18 = and i1 %and_ln133_9, i1 %icmp_ln135_2" [src/fast.hpp:133->vitis_library_vision_L1/include\common/xf_structs.hpp:509]   --->   Operation 368 'and' 'and_ln133_18' <Predicate = (!icmp_ln72 & !icmp_ln83 & and_ln85)> <Delay = 0.00> <CoreInst = "LogicGate">   --->   Core 74 'LogicGate' <Latency = 0> <II = 1> <Delay = 0.28> <FuncUnit> <Opcode : 'and' 'or' 'xor'> <InPorts = 2> <OutPorts = 1>
ST_5 : Operation 369 [1/1] (0.44ns)   --->   "%icmp_ln133_10 = icmp_eq  i2 %select_ln113_23, i2 %select_ln113_25" [src/fast.hpp:133->vitis_library_vision_L1/include\common/xf_structs.hpp:509]   --->   Operation 369 'icmp' 'icmp_ln133_10' <Predicate = (!icmp_ln72 & !icmp_ln83 & and_ln85)> <Delay = 0.44> <CoreInst = "Cmp">   --->   Core 9 'Cmp' <Latency = 0> <II = 1> <Delay = 0.94> <FuncUnit> <Opcode : 'icmp'> <InPorts = 2> <OutPorts = 1>
ST_5 : Operation 370 [1/1] (0.28ns)   --->   "%and_ln133_10 = and i1 %icmp_ln133_10, i1 %or_ln113_11" [src/fast.hpp:133->vitis_library_vision_L1/include\common/xf_structs.hpp:509]   --->   Operation 370 'and' 'and_ln133_10' <Predicate = (!icmp_ln72 & !icmp_ln83 & and_ln85)> <Delay = 0.28> <CoreInst = "LogicGate">   --->   Core 74 'LogicGate' <Latency = 0> <II = 1> <Delay = 0.28> <FuncUnit> <Opcode : 'and' 'or' 'xor'> <InPorts = 2> <OutPorts = 1>
ST_5 : Operation 371 [1/1] (0.72ns)   --->   "%icmp_ln135_3 = icmp_ugt  i4 %select_ln133_4, i4 8" [src/fast.hpp:135->vitis_library_vision_L1/include\common/xf_structs.hpp:509]   --->   Operation 371 'icmp' 'icmp_ln135_3' <Predicate = (!icmp_ln72 & !icmp_ln83 & and_ln85)> <Delay = 0.72> <CoreInst = "Cmp">   --->   Core 9 'Cmp' <Latency = 0> <II = 1> <Delay = 0.94> <FuncUnit> <Opcode : 'icmp'> <InPorts = 2> <OutPorts = 1>
ST_5 : Operation 372 [1/1] (0.39ns)   --->   "%select_ln133_5 = select i1 %and_ln133_10, i4 %select_ln133_4, i4 1" [src/fast.hpp:133->vitis_library_vision_L1/include\common/xf_structs.hpp:509]   --->   Operation 372 'select' 'select_ln133_5' <Predicate = (!icmp_ln72 & !icmp_ln83 & and_ln85)> <Delay = 0.39> <CoreInst = "Sel">   --->   Core 73 'Sel' <Latency = 0> <II = 1> <Delay = 0.41> <FuncUnit> <Opcode : 'select'> <InPorts = 3> <OutPorts = 1>
ST_5 : Operation 373 [1/1] (0.00ns) (grouped into LUT with out node or_ln133_2)   --->   "%and_ln133_19 = and i1 %and_ln133_10, i1 %icmp_ln135_3" [src/fast.hpp:133->vitis_library_vision_L1/include\common/xf_structs.hpp:509]   --->   Operation 373 'and' 'and_ln133_19' <Predicate = (!icmp_ln72 & !icmp_ln83 & and_ln85)> <Delay = 0.00> <CoreInst = "LogicGate">   --->   Core 74 'LogicGate' <Latency = 0> <II = 1> <Delay = 0.28> <FuncUnit> <Opcode : 'and' 'or' 'xor'> <InPorts = 2> <OutPorts = 1>
ST_5 : Operation 374 [1/1] (0.44ns)   --->   "%icmp_ln133_11 = icmp_eq  i2 %select_ln113_25, i2 %select_ln113_27" [src/fast.hpp:133->vitis_library_vision_L1/include\common/xf_structs.hpp:509]   --->   Operation 374 'icmp' 'icmp_ln133_11' <Predicate = (!icmp_ln72 & !icmp_ln83 & and_ln85)> <Delay = 0.44> <CoreInst = "Cmp">   --->   Core 9 'Cmp' <Latency = 0> <II = 1> <Delay = 0.94> <FuncUnit> <Opcode : 'icmp'> <InPorts = 2> <OutPorts = 1>
ST_5 : Operation 375 [1/1] (0.28ns)   --->   "%and_ln133_11 = and i1 %icmp_ln133_11, i1 %or_ln113_12" [src/fast.hpp:133->vitis_library_vision_L1/include\common/xf_structs.hpp:509]   --->   Operation 375 'and' 'and_ln133_11' <Predicate = (!icmp_ln72 & !icmp_ln83 & and_ln85)> <Delay = 0.28> <CoreInst = "LogicGate">   --->   Core 74 'LogicGate' <Latency = 0> <II = 1> <Delay = 0.28> <FuncUnit> <Opcode : 'and' 'or' 'xor'> <InPorts = 2> <OutPorts = 1>
ST_5 : Operation 376 [1/1] (0.79ns)   --->   "%add_ln134_2 = add i4 %select_ln133_5, i4 1" [src/fast.hpp:134->vitis_library_vision_L1/include\common/xf_structs.hpp:509]   --->   Operation 376 'add' 'add_ln134_2' <Predicate = (!icmp_ln72 & !icmp_ln83 & and_ln85)> <Delay = 0.79> <CoreInst = "Adder">   --->   Core 1 'Adder' <Latency = 0> <II = 1> <Delay = 0.77> <FuncUnit> <Opcode : 'add' 'sub'> <InPorts = 2> <OutPorts = 1>
ST_5 : Operation 377 [1/1] (0.72ns)   --->   "%icmp_ln135_4 = icmp_ugt  i4 %add_ln134_2, i4 8" [src/fast.hpp:135->vitis_library_vision_L1/include\common/xf_structs.hpp:509]   --->   Operation 377 'icmp' 'icmp_ln135_4' <Predicate = (!icmp_ln72 & !icmp_ln83 & and_ln85)> <Delay = 0.72> <CoreInst = "Cmp">   --->   Core 9 'Cmp' <Latency = 0> <II = 1> <Delay = 0.94> <FuncUnit> <Opcode : 'icmp'> <InPorts = 2> <OutPorts = 1>
ST_5 : Operation 378 [1/1] (0.79ns)   --->   "%add_ln138_2 = add i4 %select_ln133_5, i4 2" [src/fast.hpp:138->vitis_library_vision_L1/include\common/xf_structs.hpp:509]   --->   Operation 378 'add' 'add_ln138_2' <Predicate = (!icmp_ln72 & !icmp_ln83 & and_ln85)> <Delay = 0.79> <CoreInst = "Adder">   --->   Core 1 'Adder' <Latency = 0> <II = 1> <Delay = 0.77> <FuncUnit> <Opcode : 'add' 'sub'> <InPorts = 2> <OutPorts = 1>
ST_5 : Operation 379 [1/1] (0.39ns)   --->   "%select_ln133_6 = select i1 %and_ln133_11, i4 %add_ln138_2, i4 2" [src/fast.hpp:133->vitis_library_vision_L1/include\common/xf_structs.hpp:509]   --->   Operation 379 'select' 'select_ln133_6' <Predicate = (!icmp_ln72 & !icmp_ln83 & and_ln85)> <Delay = 0.39> <CoreInst = "Sel">   --->   Core 73 'Sel' <Latency = 0> <II = 1> <Delay = 0.41> <FuncUnit> <Opcode : 'select'> <InPorts = 3> <OutPorts = 1>
ST_5 : Operation 380 [1/1] (0.00ns) (grouped into LUT with out node or_ln133_3)   --->   "%and_ln133_20 = and i1 %and_ln133_11, i1 %icmp_ln135_4" [src/fast.hpp:133->vitis_library_vision_L1/include\common/xf_structs.hpp:509]   --->   Operation 380 'and' 'and_ln133_20' <Predicate = (!icmp_ln72 & !icmp_ln83 & and_ln85)> <Delay = 0.00> <CoreInst = "LogicGate">   --->   Core 74 'LogicGate' <Latency = 0> <II = 1> <Delay = 0.28> <FuncUnit> <Opcode : 'and' 'or' 'xor'> <InPorts = 2> <OutPorts = 1>
ST_5 : Operation 381 [1/1] (0.44ns)   --->   "%icmp_ln133_12 = icmp_eq  i2 %select_ln113_27, i2 %select_ln113_29" [src/fast.hpp:133->vitis_library_vision_L1/include\common/xf_structs.hpp:509]   --->   Operation 381 'icmp' 'icmp_ln133_12' <Predicate = (!icmp_ln72 & !icmp_ln83 & and_ln85)> <Delay = 0.44> <CoreInst = "Cmp">   --->   Core 9 'Cmp' <Latency = 0> <II = 1> <Delay = 0.94> <FuncUnit> <Opcode : 'icmp'> <InPorts = 2> <OutPorts = 1>
ST_5 : Operation 382 [1/1] (0.28ns)   --->   "%and_ln133_12 = and i1 %icmp_ln133_12, i1 %or_ln113_13" [src/fast.hpp:133->vitis_library_vision_L1/include\common/xf_structs.hpp:509]   --->   Operation 382 'and' 'and_ln133_12' <Predicate = (!icmp_ln72 & !icmp_ln83 & and_ln85)> <Delay = 0.28> <CoreInst = "LogicGate">   --->   Core 74 'LogicGate' <Latency = 0> <II = 1> <Delay = 0.28> <FuncUnit> <Opcode : 'and' 'or' 'xor'> <InPorts = 2> <OutPorts = 1>
ST_5 : Operation 383 [1/1] (0.72ns)   --->   "%icmp_ln135_5 = icmp_ugt  i4 %select_ln133_6, i4 8" [src/fast.hpp:135->vitis_library_vision_L1/include\common/xf_structs.hpp:509]   --->   Operation 383 'icmp' 'icmp_ln135_5' <Predicate = (!icmp_ln72 & !icmp_ln83 & and_ln85)> <Delay = 0.72> <CoreInst = "Cmp">   --->   Core 9 'Cmp' <Latency = 0> <II = 1> <Delay = 0.94> <FuncUnit> <Opcode : 'icmp'> <InPorts = 2> <OutPorts = 1>
ST_5 : Operation 384 [1/1] (0.39ns)   --->   "%select_ln133_7 = select i1 %and_ln133_12, i4 %select_ln133_6, i4 1" [src/fast.hpp:133->vitis_library_vision_L1/include\common/xf_structs.hpp:509]   --->   Operation 384 'select' 'select_ln133_7' <Predicate = (!icmp_ln72 & !icmp_ln83 & and_ln85)> <Delay = 0.39> <CoreInst = "Sel">   --->   Core 73 'Sel' <Latency = 0> <II = 1> <Delay = 0.41> <FuncUnit> <Opcode : 'select'> <InPorts = 3> <OutPorts = 1>
ST_5 : Operation 385 [1/1] (0.00ns) (grouped into LUT with out node or_ln133_3)   --->   "%and_ln133_21 = and i1 %and_ln133_12, i1 %icmp_ln135_5" [src/fast.hpp:133->vitis_library_vision_L1/include\common/xf_structs.hpp:509]   --->   Operation 385 'and' 'and_ln133_21' <Predicate = (!icmp_ln72 & !icmp_ln83 & and_ln85)> <Delay = 0.00> <CoreInst = "LogicGate">   --->   Core 74 'LogicGate' <Latency = 0> <II = 1> <Delay = 0.28> <FuncUnit> <Opcode : 'and' 'or' 'xor'> <InPorts = 2> <OutPorts = 1>
ST_5 : Operation 386 [1/1] (0.00ns)   --->   "%zext_ln133 = zext i4 %select_ln133_7" [src/fast.hpp:133->vitis_library_vision_L1/include\common/xf_structs.hpp:509]   --->   Operation 386 'zext' 'zext_ln133' <Predicate = (!icmp_ln72 & !icmp_ln83 & and_ln85)> <Delay = 0.00>
ST_5 : Operation 387 [1/1] (0.44ns)   --->   "%icmp_ln133_13 = icmp_eq  i2 %select_ln113_29, i2 %select_ln113_31" [src/fast.hpp:133->vitis_library_vision_L1/include\common/xf_structs.hpp:509]   --->   Operation 387 'icmp' 'icmp_ln133_13' <Predicate = (!icmp_ln72 & !icmp_ln83 & and_ln85)> <Delay = 0.44> <CoreInst = "Cmp">   --->   Core 9 'Cmp' <Latency = 0> <II = 1> <Delay = 0.94> <FuncUnit> <Opcode : 'icmp'> <InPorts = 2> <OutPorts = 1>
ST_5 : Operation 388 [1/1] (0.28ns)   --->   "%and_ln133_13 = and i1 %icmp_ln133_13, i1 %or_ln113_14" [src/fast.hpp:133->vitis_library_vision_L1/include\common/xf_structs.hpp:509]   --->   Operation 388 'and' 'and_ln133_13' <Predicate = (!icmp_ln72 & !icmp_ln83 & and_ln85)> <Delay = 0.28> <CoreInst = "LogicGate">   --->   Core 74 'LogicGate' <Latency = 0> <II = 1> <Delay = 0.28> <FuncUnit> <Opcode : 'and' 'or' 'xor'> <InPorts = 2> <OutPorts = 1>
ST_5 : Operation 389 [1/1] (0.79ns)   --->   "%add_ln134_3 = add i4 %select_ln133_7, i4 1" [src/fast.hpp:134->vitis_library_vision_L1/include\common/xf_structs.hpp:509]   --->   Operation 389 'add' 'add_ln134_3' <Predicate = (!icmp_ln72 & !icmp_ln83 & and_ln85)> <Delay = 0.79> <CoreInst = "Adder">   --->   Core 1 'Adder' <Latency = 0> <II = 1> <Delay = 0.77> <FuncUnit> <Opcode : 'add' 'sub'> <InPorts = 2> <OutPorts = 1>
ST_5 : Operation 390 [1/1] (0.72ns)   --->   "%icmp_ln135_6 = icmp_ugt  i4 %add_ln134_3, i4 8" [src/fast.hpp:135->vitis_library_vision_L1/include\common/xf_structs.hpp:509]   --->   Operation 390 'icmp' 'icmp_ln135_6' <Predicate = (!icmp_ln72 & !icmp_ln83 & and_ln85)> <Delay = 0.72> <CoreInst = "Cmp">   --->   Core 9 'Cmp' <Latency = 0> <II = 1> <Delay = 0.94> <FuncUnit> <Opcode : 'icmp'> <InPorts = 2> <OutPorts = 1>
ST_5 : Operation 391 [1/1] (0.79ns)   --->   "%add_ln138_3 = add i5 %zext_ln133, i5 2" [src/fast.hpp:138->vitis_library_vision_L1/include\common/xf_structs.hpp:509]   --->   Operation 391 'add' 'add_ln138_3' <Predicate = (!icmp_ln72 & !icmp_ln83 & and_ln85)> <Delay = 0.79> <CoreInst = "Adder">   --->   Core 1 'Adder' <Latency = 0> <II = 1> <Delay = 0.77> <FuncUnit> <Opcode : 'add' 'sub'> <InPorts = 2> <OutPorts = 1>
ST_5 : Operation 392 [1/1] (0.41ns)   --->   "%select_ln133_8 = select i1 %and_ln133_13, i5 %add_ln138_3, i5 2" [src/fast.hpp:133->vitis_library_vision_L1/include\common/xf_structs.hpp:509]   --->   Operation 392 'select' 'select_ln133_8' <Predicate = (!icmp_ln72 & !icmp_ln83 & and_ln85)> <Delay = 0.41> <CoreInst = "Sel">   --->   Core 73 'Sel' <Latency = 0> <II = 1> <Delay = 0.41> <FuncUnit> <Opcode : 'select'> <InPorts = 3> <OutPorts = 1>
ST_5 : Operation 393 [1/1] (0.00ns) (grouped into LUT with out node or_ln133_6)   --->   "%and_ln133_22 = and i1 %and_ln133_13, i1 %icmp_ln135_6" [src/fast.hpp:133->vitis_library_vision_L1/include\common/xf_structs.hpp:509]   --->   Operation 393 'and' 'and_ln133_22' <Predicate = (!icmp_ln72 & !icmp_ln83 & and_ln85)> <Delay = 0.00> <CoreInst = "LogicGate">   --->   Core 74 'LogicGate' <Latency = 0> <II = 1> <Delay = 0.28> <FuncUnit> <Opcode : 'and' 'or' 'xor'> <InPorts = 2> <OutPorts = 1>
ST_5 : Operation 394 [1/1] (0.44ns)   --->   "%icmp_ln133_14 = icmp_eq  i2 %select_ln113_31, i2 %select_ln113_1" [src/fast.hpp:133->vitis_library_vision_L1/include\common/xf_structs.hpp:509]   --->   Operation 394 'icmp' 'icmp_ln133_14' <Predicate = (!icmp_ln72 & !icmp_ln83 & and_ln85)> <Delay = 0.44> <CoreInst = "Cmp">   --->   Core 9 'Cmp' <Latency = 0> <II = 1> <Delay = 0.94> <FuncUnit> <Opcode : 'icmp'> <InPorts = 2> <OutPorts = 1>
ST_5 : Operation 395 [1/1] (0.28ns)   --->   "%and_ln133_14 = and i1 %icmp_ln133_14, i1 %or_ln113_15" [src/fast.hpp:133->vitis_library_vision_L1/include\common/xf_structs.hpp:509]   --->   Operation 395 'and' 'and_ln133_14' <Predicate = (!icmp_ln72 & !icmp_ln83 & and_ln85)> <Delay = 0.28> <CoreInst = "LogicGate">   --->   Core 74 'LogicGate' <Latency = 0> <II = 1> <Delay = 0.28> <FuncUnit> <Opcode : 'and' 'or' 'xor'> <InPorts = 2> <OutPorts = 1>
ST_5 : Operation 396 [1/1] (0.75ns)   --->   "%icmp_ln135_7 = icmp_ugt  i5 %select_ln133_8, i5 8" [src/fast.hpp:135->vitis_library_vision_L1/include\common/xf_structs.hpp:509]   --->   Operation 396 'icmp' 'icmp_ln135_7' <Predicate = (!icmp_ln72 & !icmp_ln83 & and_ln85)> <Delay = 0.75> <CoreInst = "Cmp">   --->   Core 9 'Cmp' <Latency = 0> <II = 1> <Delay = 0.94> <FuncUnit> <Opcode : 'icmp'> <InPorts = 2> <OutPorts = 1>
ST_5 : Operation 397 [1/1] (0.41ns)   --->   "%select_ln133_9 = select i1 %and_ln133_14, i5 %select_ln133_8, i5 1" [src/fast.hpp:133->vitis_library_vision_L1/include\common/xf_structs.hpp:509]   --->   Operation 397 'select' 'select_ln133_9' <Predicate = (!icmp_ln72 & !icmp_ln83 & and_ln85)> <Delay = 0.41> <CoreInst = "Sel">   --->   Core 73 'Sel' <Latency = 0> <II = 1> <Delay = 0.41> <FuncUnit> <Opcode : 'select'> <InPorts = 3> <OutPorts = 1>
ST_5 : Operation 398 [1/1] (0.00ns) (grouped into LUT with out node or_ln133_6)   --->   "%and_ln133_23 = and i1 %and_ln133_14, i1 %icmp_ln135_7" [src/fast.hpp:133->vitis_library_vision_L1/include\common/xf_structs.hpp:509]   --->   Operation 398 'and' 'and_ln133_23' <Predicate = (!icmp_ln72 & !icmp_ln83 & and_ln85)> <Delay = 0.00> <CoreInst = "LogicGate">   --->   Core 74 'LogicGate' <Latency = 0> <II = 1> <Delay = 0.28> <FuncUnit> <Opcode : 'and' 'or' 'xor'> <InPorts = 2> <OutPorts = 1>
ST_5 : Operation 399 [1/1] (0.44ns)   --->   "%icmp_ln133_15 = icmp_eq  i2 %select_ln113_1, i2 %select_ln113_3" [src/fast.hpp:133->vitis_library_vision_L1/include\common/xf_structs.hpp:509]   --->   Operation 399 'icmp' 'icmp_ln133_15' <Predicate = (!icmp_ln72 & !icmp_ln83 & and_ln85)> <Delay = 0.44> <CoreInst = "Cmp">   --->   Core 9 'Cmp' <Latency = 0> <II = 1> <Delay = 0.94> <FuncUnit> <Opcode : 'icmp'> <InPorts = 2> <OutPorts = 1>
ST_5 : Operation 400 [1/1] (0.28ns)   --->   "%and_ln133_15 = and i1 %icmp_ln133_15, i1 %or_ln113" [src/fast.hpp:133->vitis_library_vision_L1/include\common/xf_structs.hpp:509]   --->   Operation 400 'and' 'and_ln133_15' <Predicate = (!icmp_ln72 & !icmp_ln83 & and_ln85)> <Delay = 0.28> <CoreInst = "LogicGate">   --->   Core 74 'LogicGate' <Latency = 0> <II = 1> <Delay = 0.28> <FuncUnit> <Opcode : 'and' 'or' 'xor'> <InPorts = 2> <OutPorts = 1>
ST_5 : Operation 401 [1/1] (0.00ns) (grouped into LUT with out node or_ln133_2)   --->   "%or_ln133_1 = or i1 %and_ln133_18, i1 %and_ln133_19" [src/fast.hpp:133->vitis_library_vision_L1/include\common/xf_structs.hpp:509]   --->   Operation 401 'or' 'or_ln133_1' <Predicate = (!icmp_ln72 & !icmp_ln83 & and_ln85)> <Delay = 0.00> <CoreInst = "LogicGate">   --->   Core 74 'LogicGate' <Latency = 0> <II = 1> <Delay = 0.28> <FuncUnit> <Opcode : 'and' 'or' 'xor'> <InPorts = 2> <OutPorts = 1>
ST_5 : Operation 402 [1/1] (0.28ns) (out node of the LUT)   --->   "%or_ln133_2 = or i1 %or_ln133_1, i1 %or_ln133" [src/fast.hpp:133->vitis_library_vision_L1/include\common/xf_structs.hpp:509]   --->   Operation 402 'or' 'or_ln133_2' <Predicate = (!icmp_ln72 & !icmp_ln83 & and_ln85)> <Delay = 0.28> <CoreInst = "LogicGate">   --->   Core 74 'LogicGate' <Latency = 0> <II = 1> <Delay = 0.28> <FuncUnit> <Opcode : 'and' 'or' 'xor'> <InPorts = 2> <OutPorts = 1>
ST_5 : Operation 403 [1/1] (0.28ns) (out node of the LUT)   --->   "%or_ln133_3 = or i1 %and_ln133_20, i1 %and_ln133_21" [src/fast.hpp:133->vitis_library_vision_L1/include\common/xf_structs.hpp:509]   --->   Operation 403 'or' 'or_ln133_3' <Predicate = (!icmp_ln72 & !icmp_ln83 & and_ln85)> <Delay = 0.28> <CoreInst = "LogicGate">   --->   Core 74 'LogicGate' <Latency = 0> <II = 1> <Delay = 0.28> <FuncUnit> <Opcode : 'and' 'or' 'xor'> <InPorts = 2> <OutPorts = 1>
ST_5 : Operation 404 [1/1] (0.00ns) (grouped into LUT with out node or_ln133_6)   --->   "%or_ln133_4 = or i1 %and_ln133_22, i1 %and_ln133_23" [src/fast.hpp:133->vitis_library_vision_L1/include\common/xf_structs.hpp:509]   --->   Operation 404 'or' 'or_ln133_4' <Predicate = (!icmp_ln72 & !icmp_ln83 & and_ln85)> <Delay = 0.00> <CoreInst = "LogicGate">   --->   Core 74 'LogicGate' <Latency = 0> <II = 1> <Delay = 0.28> <FuncUnit> <Opcode : 'and' 'or' 'xor'> <InPorts = 2> <OutPorts = 1>
ST_5 : Operation 405 [1/1] (0.00ns) (grouped into LUT with out node or_ln133_6)   --->   "%or_ln133_5 = or i1 %or_ln133_4, i1 %or_ln133_3" [src/fast.hpp:133->vitis_library_vision_L1/include\common/xf_structs.hpp:509]   --->   Operation 405 'or' 'or_ln133_5' <Predicate = (!icmp_ln72 & !icmp_ln83 & and_ln85)> <Delay = 0.00> <CoreInst = "LogicGate">   --->   Core 74 'LogicGate' <Latency = 0> <II = 1> <Delay = 0.28> <FuncUnit> <Opcode : 'and' 'or' 'xor'> <InPorts = 2> <OutPorts = 1>
ST_5 : Operation 406 [1/1] (0.28ns) (out node of the LUT)   --->   "%or_ln133_6 = or i1 %or_ln133_5, i1 %or_ln133_2" [src/fast.hpp:133->vitis_library_vision_L1/include\common/xf_structs.hpp:509]   --->   Operation 406 'or' 'or_ln133_6' <Predicate = (!icmp_ln72 & !icmp_ln83 & and_ln85)> <Delay = 0.28> <CoreInst = "LogicGate">   --->   Core 74 'LogicGate' <Latency = 0> <II = 1> <Delay = 0.28> <FuncUnit> <Opcode : 'and' 'or' 'xor'> <InPorts = 2> <OutPorts = 1>
ST_5 : Operation 407 [1/1] (0.00ns)   --->   "%store_ln0 = store i8 %window_val_V_3_1_2, i8 %window_val_V_3_1"   --->   Operation 407 'store' 'store_ln0' <Predicate = (!icmp_ln72)> <Delay = 0.00>
ST_5 : Operation 408 [1/1] (0.00ns)   --->   "%store_ln0 = store i8 %window_val_V_2_1_4, i8 %window_val_V_2_1"   --->   Operation 408 'store' 'store_ln0' <Predicate = (!icmp_ln72)> <Delay = 0.00>
ST_5 : Operation 409 [1/1] (0.00ns)   --->   "%store_ln0 = store i8 %window_val_V_1_2_2, i8 %window_val_V_1_2"   --->   Operation 409 'store' 'store_ln0' <Predicate = (!icmp_ln72)> <Delay = 0.00>
ST_5 : Operation 410 [1/1] (0.00ns)   --->   "%store_ln1347 = store i8 %window_val_V_0_3_2, i8 %window_val_V_0_3"   --->   Operation 410 'store' 'store_ln1347' <Predicate = (!icmp_ln72)> <Delay = 0.00>
ST_5 : Operation 411 [1/1] (0.00ns)   --->   "%br_ln0 = br void %.lr.ph638.i"   --->   Operation 411 'br' 'br_ln0' <Predicate = (!icmp_ln72)> <Delay = 0.00>

State 6 <SV = 5> <Delay = 7.25>
ST_6 : Operation 412 [1/1] (0.78ns)   --->   "%add_ln134_4 = add i5 %select_ln133_9, i5 1" [src/fast.hpp:134->vitis_library_vision_L1/include\common/xf_structs.hpp:509]   --->   Operation 412 'add' 'add_ln134_4' <Predicate = (!icmp_ln72 & !icmp_ln83 & and_ln85)> <Delay = 0.78> <CoreInst = "Adder">   --->   Core 1 'Adder' <Latency = 0> <II = 1> <Delay = 0.77> <FuncUnit> <Opcode : 'add' 'sub'> <InPorts = 2> <OutPorts = 1>
ST_6 : Operation 413 [1/1] (0.75ns)   --->   "%icmp_ln135_8 = icmp_ugt  i5 %add_ln134_4, i5 8" [src/fast.hpp:135->vitis_library_vision_L1/include\common/xf_structs.hpp:509]   --->   Operation 413 'icmp' 'icmp_ln135_8' <Predicate = (!icmp_ln72 & !icmp_ln83 & and_ln85)> <Delay = 0.75> <CoreInst = "Cmp">   --->   Core 9 'Cmp' <Latency = 0> <II = 1> <Delay = 0.94> <FuncUnit> <Opcode : 'icmp'> <InPorts = 2> <OutPorts = 1>
ST_6 : Operation 414 [1/1] (0.78ns)   --->   "%add_ln138_4 = add i5 %select_ln133_9, i5 2" [src/fast.hpp:138->vitis_library_vision_L1/include\common/xf_structs.hpp:509]   --->   Operation 414 'add' 'add_ln138_4' <Predicate = (!icmp_ln72 & !icmp_ln83 & and_ln85 & and_ln133_15)> <Delay = 0.78> <CoreInst = "Adder">   --->   Core 1 'Adder' <Latency = 0> <II = 1> <Delay = 0.77> <FuncUnit> <Opcode : 'add' 'sub'> <InPorts = 2> <OutPorts = 1>
ST_6 : Operation 415 [1/1] (0.41ns)   --->   "%select_ln133_10 = select i1 %and_ln133_15, i5 %add_ln138_4, i5 2" [src/fast.hpp:133->vitis_library_vision_L1/include\common/xf_structs.hpp:509]   --->   Operation 415 'select' 'select_ln133_10' <Predicate = (!icmp_ln72 & !icmp_ln83 & and_ln85)> <Delay = 0.41> <CoreInst = "Sel">   --->   Core 73 'Sel' <Latency = 0> <II = 1> <Delay = 0.41> <FuncUnit> <Opcode : 'select'> <InPorts = 3> <OutPorts = 1>
ST_6 : Operation 416 [1/1] (0.00ns) (grouped into LUT with out node or_ln133_7)   --->   "%and_ln133_24 = and i1 %and_ln133_15, i1 %icmp_ln135_8" [src/fast.hpp:133->vitis_library_vision_L1/include\common/xf_structs.hpp:509]   --->   Operation 416 'and' 'and_ln133_24' <Predicate = (!icmp_ln72 & !icmp_ln83 & and_ln85)> <Delay = 0.00> <CoreInst = "LogicGate">   --->   Core 74 'LogicGate' <Latency = 0> <II = 1> <Delay = 0.28> <FuncUnit> <Opcode : 'and' 'or' 'xor'> <InPorts = 2> <OutPorts = 1>
ST_6 : Operation 417 [1/1] (0.75ns)   --->   "%icmp_ln135_9 = icmp_ugt  i5 %select_ln133_10, i5 8" [src/fast.hpp:135->vitis_library_vision_L1/include\common/xf_structs.hpp:509]   --->   Operation 417 'icmp' 'icmp_ln135_9' <Predicate = (!icmp_ln72 & !icmp_ln83 & and_ln85)> <Delay = 0.75> <CoreInst = "Cmp">   --->   Core 9 'Cmp' <Latency = 0> <II = 1> <Delay = 0.94> <FuncUnit> <Opcode : 'icmp'> <InPorts = 2> <OutPorts = 1>
ST_6 : Operation 418 [1/1] (0.41ns)   --->   "%select_ln133_11 = select i1 %and_ln133, i5 %select_ln133_10, i5 1" [src/fast.hpp:133->vitis_library_vision_L1/include\common/xf_structs.hpp:509]   --->   Operation 418 'select' 'select_ln133_11' <Predicate = (!icmp_ln72 & !icmp_ln83 & and_ln85)> <Delay = 0.41> <CoreInst = "Sel">   --->   Core 73 'Sel' <Latency = 0> <II = 1> <Delay = 0.41> <FuncUnit> <Opcode : 'select'> <InPorts = 3> <OutPorts = 1>
ST_6 : Operation 419 [1/1] (0.00ns) (grouped into LUT with out node or_ln133_7)   --->   "%and_ln133_25 = and i1 %and_ln133, i1 %icmp_ln135_9" [src/fast.hpp:133->vitis_library_vision_L1/include\common/xf_structs.hpp:509]   --->   Operation 419 'and' 'and_ln133_25' <Predicate = (!icmp_ln72 & !icmp_ln83 & and_ln85)> <Delay = 0.00> <CoreInst = "LogicGate">   --->   Core 74 'LogicGate' <Latency = 0> <II = 1> <Delay = 0.28> <FuncUnit> <Opcode : 'and' 'or' 'xor'> <InPorts = 2> <OutPorts = 1>
ST_6 : Operation 420 [1/1] (0.78ns)   --->   "%add_ln134_5 = add i5 %select_ln133_11, i5 1" [src/fast.hpp:134->vitis_library_vision_L1/include\common/xf_structs.hpp:509]   --->   Operation 420 'add' 'add_ln134_5' <Predicate = (!icmp_ln72 & !icmp_ln83 & and_ln85)> <Delay = 0.78> <CoreInst = "Adder">   --->   Core 1 'Adder' <Latency = 0> <II = 1> <Delay = 0.77> <FuncUnit> <Opcode : 'add' 'sub'> <InPorts = 2> <OutPorts = 1>
ST_6 : Operation 421 [1/1] (0.75ns)   --->   "%icmp_ln135_10 = icmp_ugt  i5 %add_ln134_5, i5 8" [src/fast.hpp:135->vitis_library_vision_L1/include\common/xf_structs.hpp:509]   --->   Operation 421 'icmp' 'icmp_ln135_10' <Predicate = (!icmp_ln72 & !icmp_ln83 & and_ln85)> <Delay = 0.75> <CoreInst = "Cmp">   --->   Core 9 'Cmp' <Latency = 0> <II = 1> <Delay = 0.94> <FuncUnit> <Opcode : 'icmp'> <InPorts = 2> <OutPorts = 1>
ST_6 : Operation 422 [1/1] (0.78ns)   --->   "%add_ln138_5 = add i5 %select_ln133_11, i5 2" [src/fast.hpp:138->vitis_library_vision_L1/include\common/xf_structs.hpp:509]   --->   Operation 422 'add' 'add_ln138_5' <Predicate = (!icmp_ln72 & !icmp_ln83 & and_ln85 & and_ln133_1)> <Delay = 0.78> <CoreInst = "Adder">   --->   Core 1 'Adder' <Latency = 0> <II = 1> <Delay = 0.77> <FuncUnit> <Opcode : 'add' 'sub'> <InPorts = 2> <OutPorts = 1>
ST_6 : Operation 423 [1/1] (0.41ns)   --->   "%select_ln133_12 = select i1 %and_ln133_1, i5 %add_ln138_5, i5 2" [src/fast.hpp:133->vitis_library_vision_L1/include\common/xf_structs.hpp:509]   --->   Operation 423 'select' 'select_ln133_12' <Predicate = (!icmp_ln72 & !icmp_ln83 & and_ln85)> <Delay = 0.41> <CoreInst = "Sel">   --->   Core 73 'Sel' <Latency = 0> <II = 1> <Delay = 0.41> <FuncUnit> <Opcode : 'select'> <InPorts = 3> <OutPorts = 1>
ST_6 : Operation 424 [1/1] (0.00ns) (grouped into LUT with out node or_ln133_9)   --->   "%and_ln133_26 = and i1 %and_ln133_1, i1 %icmp_ln135_10" [src/fast.hpp:133->vitis_library_vision_L1/include\common/xf_structs.hpp:509]   --->   Operation 424 'and' 'and_ln133_26' <Predicate = (!icmp_ln72 & !icmp_ln83 & and_ln85)> <Delay = 0.00> <CoreInst = "LogicGate">   --->   Core 74 'LogicGate' <Latency = 0> <II = 1> <Delay = 0.28> <FuncUnit> <Opcode : 'and' 'or' 'xor'> <InPorts = 2> <OutPorts = 1>
ST_6 : Operation 425 [1/1] (0.75ns)   --->   "%icmp_ln135_11 = icmp_ugt  i5 %select_ln133_12, i5 8" [src/fast.hpp:135->vitis_library_vision_L1/include\common/xf_structs.hpp:509]   --->   Operation 425 'icmp' 'icmp_ln135_11' <Predicate = (!icmp_ln72 & !icmp_ln83 & and_ln85)> <Delay = 0.75> <CoreInst = "Cmp">   --->   Core 9 'Cmp' <Latency = 0> <II = 1> <Delay = 0.94> <FuncUnit> <Opcode : 'icmp'> <InPorts = 2> <OutPorts = 1>
ST_6 : Operation 426 [1/1] (0.41ns)   --->   "%select_ln133_13 = select i1 %and_ln133_2, i5 %select_ln133_12, i5 1" [src/fast.hpp:133->vitis_library_vision_L1/include\common/xf_structs.hpp:509]   --->   Operation 426 'select' 'select_ln133_13' <Predicate = (!icmp_ln72 & !icmp_ln83 & and_ln85)> <Delay = 0.41> <CoreInst = "Sel">   --->   Core 73 'Sel' <Latency = 0> <II = 1> <Delay = 0.41> <FuncUnit> <Opcode : 'select'> <InPorts = 3> <OutPorts = 1>
ST_6 : Operation 427 [1/1] (0.00ns) (grouped into LUT with out node or_ln133_9)   --->   "%and_ln133_27 = and i1 %and_ln133_2, i1 %icmp_ln135_11" [src/fast.hpp:133->vitis_library_vision_L1/include\common/xf_structs.hpp:509]   --->   Operation 427 'and' 'and_ln133_27' <Predicate = (!icmp_ln72 & !icmp_ln83 & and_ln85)> <Delay = 0.00> <CoreInst = "LogicGate">   --->   Core 74 'LogicGate' <Latency = 0> <II = 1> <Delay = 0.28> <FuncUnit> <Opcode : 'and' 'or' 'xor'> <InPorts = 2> <OutPorts = 1>
ST_6 : Operation 428 [1/1] (0.78ns)   --->   "%add_ln134_6 = add i5 %select_ln133_13, i5 1" [src/fast.hpp:134->vitis_library_vision_L1/include\common/xf_structs.hpp:509]   --->   Operation 428 'add' 'add_ln134_6' <Predicate = (!icmp_ln72 & !icmp_ln83 & and_ln85)> <Delay = 0.78> <CoreInst = "Adder">   --->   Core 1 'Adder' <Latency = 0> <II = 1> <Delay = 0.77> <FuncUnit> <Opcode : 'add' 'sub'> <InPorts = 2> <OutPorts = 1>
ST_6 : Operation 429 [1/1] (0.75ns)   --->   "%icmp_ln135_12 = icmp_ugt  i5 %add_ln134_6, i5 8" [src/fast.hpp:135->vitis_library_vision_L1/include\common/xf_structs.hpp:509]   --->   Operation 429 'icmp' 'icmp_ln135_12' <Predicate = (!icmp_ln72 & !icmp_ln83 & and_ln85)> <Delay = 0.75> <CoreInst = "Cmp">   --->   Core 9 'Cmp' <Latency = 0> <II = 1> <Delay = 0.94> <FuncUnit> <Opcode : 'icmp'> <InPorts = 2> <OutPorts = 1>
ST_6 : Operation 430 [1/1] (0.78ns)   --->   "%add_ln138_6 = add i5 %select_ln133_13, i5 2" [src/fast.hpp:138->vitis_library_vision_L1/include\common/xf_structs.hpp:509]   --->   Operation 430 'add' 'add_ln138_6' <Predicate = (!icmp_ln72 & !icmp_ln83 & and_ln85 & and_ln133_3)> <Delay = 0.78> <CoreInst = "Adder">   --->   Core 1 'Adder' <Latency = 0> <II = 1> <Delay = 0.77> <FuncUnit> <Opcode : 'add' 'sub'> <InPorts = 2> <OutPorts = 1>
ST_6 : Operation 431 [1/1] (0.41ns)   --->   "%select_ln133_14 = select i1 %and_ln133_3, i5 %add_ln138_6, i5 2" [src/fast.hpp:133->vitis_library_vision_L1/include\common/xf_structs.hpp:509]   --->   Operation 431 'select' 'select_ln133_14' <Predicate = (!icmp_ln72 & !icmp_ln83 & and_ln85)> <Delay = 0.41> <CoreInst = "Sel">   --->   Core 73 'Sel' <Latency = 0> <II = 1> <Delay = 0.41> <FuncUnit> <Opcode : 'select'> <InPorts = 3> <OutPorts = 1>
ST_6 : Operation 432 [1/1] (0.00ns) (grouped into LUT with out node or_ln133_13)   --->   "%and_ln133_28 = and i1 %and_ln133_3, i1 %icmp_ln135_12" [src/fast.hpp:133->vitis_library_vision_L1/include\common/xf_structs.hpp:509]   --->   Operation 432 'and' 'and_ln133_28' <Predicate = (!icmp_ln72 & !icmp_ln83 & and_ln85)> <Delay = 0.00> <CoreInst = "LogicGate">   --->   Core 74 'LogicGate' <Latency = 0> <II = 1> <Delay = 0.28> <FuncUnit> <Opcode : 'and' 'or' 'xor'> <InPorts = 2> <OutPorts = 1>
ST_6 : Operation 433 [1/1] (0.75ns)   --->   "%icmp_ln135_13 = icmp_ugt  i5 %select_ln133_14, i5 8" [src/fast.hpp:135->vitis_library_vision_L1/include\common/xf_structs.hpp:509]   --->   Operation 433 'icmp' 'icmp_ln135_13' <Predicate = (!icmp_ln72 & !icmp_ln83 & and_ln85)> <Delay = 0.75> <CoreInst = "Cmp">   --->   Core 9 'Cmp' <Latency = 0> <II = 1> <Delay = 0.94> <FuncUnit> <Opcode : 'icmp'> <InPorts = 2> <OutPorts = 1>
ST_6 : Operation 434 [1/1] (0.41ns)   --->   "%select_ln133_15 = select i1 %and_ln133_4, i5 %select_ln133_14, i5 1" [src/fast.hpp:133->vitis_library_vision_L1/include\common/xf_structs.hpp:509]   --->   Operation 434 'select' 'select_ln133_15' <Predicate = (!icmp_ln72 & !icmp_ln83 & and_ln85)> <Delay = 0.41> <CoreInst = "Sel">   --->   Core 73 'Sel' <Latency = 0> <II = 1> <Delay = 0.41> <FuncUnit> <Opcode : 'select'> <InPorts = 3> <OutPorts = 1>
ST_6 : Operation 435 [1/1] (0.00ns) (grouped into LUT with out node or_ln133_13)   --->   "%and_ln133_29 = and i1 %and_ln133_4, i1 %icmp_ln135_13" [src/fast.hpp:133->vitis_library_vision_L1/include\common/xf_structs.hpp:509]   --->   Operation 435 'and' 'and_ln133_29' <Predicate = (!icmp_ln72 & !icmp_ln83 & and_ln85)> <Delay = 0.00> <CoreInst = "LogicGate">   --->   Core 74 'LogicGate' <Latency = 0> <II = 1> <Delay = 0.28> <FuncUnit> <Opcode : 'and' 'or' 'xor'> <InPorts = 2> <OutPorts = 1>
ST_6 : Operation 436 [1/1] (0.78ns)   --->   "%add_ln134_7 = add i5 %select_ln133_15, i5 1" [src/fast.hpp:134->vitis_library_vision_L1/include\common/xf_structs.hpp:509]   --->   Operation 436 'add' 'add_ln134_7' <Predicate = (!icmp_ln72 & !icmp_ln83 & and_ln85)> <Delay = 0.78> <CoreInst = "Adder">   --->   Core 1 'Adder' <Latency = 0> <II = 1> <Delay = 0.77> <FuncUnit> <Opcode : 'add' 'sub'> <InPorts = 2> <OutPorts = 1>
ST_6 : Operation 437 [1/1] (0.75ns)   --->   "%icmp_ln135_14 = icmp_ugt  i5 %add_ln134_7, i5 8" [src/fast.hpp:135->vitis_library_vision_L1/include\common/xf_structs.hpp:509]   --->   Operation 437 'icmp' 'icmp_ln135_14' <Predicate = (!icmp_ln72 & !icmp_ln83 & and_ln85)> <Delay = 0.75> <CoreInst = "Cmp">   --->   Core 9 'Cmp' <Latency = 0> <II = 1> <Delay = 0.94> <FuncUnit> <Opcode : 'icmp'> <InPorts = 2> <OutPorts = 1>
ST_6 : Operation 438 [1/1] (0.78ns)   --->   "%add_ln138_7 = add i5 %select_ln133_15, i5 2" [src/fast.hpp:138->vitis_library_vision_L1/include\common/xf_structs.hpp:509]   --->   Operation 438 'add' 'add_ln138_7' <Predicate = (!icmp_ln72 & !icmp_ln83 & and_ln85)> <Delay = 0.78> <CoreInst = "Adder">   --->   Core 1 'Adder' <Latency = 0> <II = 1> <Delay = 0.77> <FuncUnit> <Opcode : 'add' 'sub'> <InPorts = 2> <OutPorts = 1>
ST_6 : Operation 439 [1/1] (0.75ns)   --->   "%icmp_ln135_15 = icmp_ugt  i5 %add_ln138_7, i5 8" [src/fast.hpp:135->vitis_library_vision_L1/include\common/xf_structs.hpp:509]   --->   Operation 439 'icmp' 'icmp_ln135_15' <Predicate = (!icmp_ln72 & !icmp_ln83 & and_ln85)> <Delay = 0.75> <CoreInst = "Cmp">   --->   Core 9 'Cmp' <Latency = 0> <II = 1> <Delay = 0.94> <FuncUnit> <Opcode : 'icmp'> <InPorts = 2> <OutPorts = 1>
ST_6 : Operation 440 [1/1] (0.00ns) (grouped into LUT with out node and_ln133_31)   --->   "%and_ln133_30 = and i1 %icmp_ln135_15, i1 %and_ln133_6" [src/fast.hpp:133->vitis_library_vision_L1/include\common/xf_structs.hpp:509]   --->   Operation 440 'and' 'and_ln133_30' <Predicate = (!icmp_ln72 & !icmp_ln83 & and_ln85)> <Delay = 0.00> <CoreInst = "LogicGate">   --->   Core 74 'LogicGate' <Latency = 0> <II = 1> <Delay = 0.28> <FuncUnit> <Opcode : 'and' 'or' 'xor'> <InPorts = 2> <OutPorts = 1>
ST_6 : Operation 441 [1/1] (0.28ns) (out node of the LUT)   --->   "%or_ln133_7 = or i1 %and_ln133_24, i1 %and_ln133_25" [src/fast.hpp:133->vitis_library_vision_L1/include\common/xf_structs.hpp:509]   --->   Operation 441 'or' 'or_ln133_7' <Predicate = (!icmp_ln72 & !icmp_ln83 & and_ln85)> <Delay = 0.28> <CoreInst = "LogicGate">   --->   Core 74 'LogicGate' <Latency = 0> <II = 1> <Delay = 0.28> <FuncUnit> <Opcode : 'and' 'or' 'xor'> <InPorts = 2> <OutPorts = 1>
ST_6 : Operation 442 [1/1] (0.00ns) (grouped into LUT with out node or_ln133_9)   --->   "%or_ln133_8 = or i1 %and_ln133_26, i1 %and_ln133_27" [src/fast.hpp:133->vitis_library_vision_L1/include\common/xf_structs.hpp:509]   --->   Operation 442 'or' 'or_ln133_8' <Predicate = (!icmp_ln72 & !icmp_ln83 & and_ln85)> <Delay = 0.00> <CoreInst = "LogicGate">   --->   Core 74 'LogicGate' <Latency = 0> <II = 1> <Delay = 0.28> <FuncUnit> <Opcode : 'and' 'or' 'xor'> <InPorts = 2> <OutPorts = 1>
ST_6 : Operation 443 [1/1] (0.28ns) (out node of the LUT)   --->   "%or_ln133_9 = or i1 %or_ln133_8, i1 %or_ln133_7" [src/fast.hpp:133->vitis_library_vision_L1/include\common/xf_structs.hpp:509]   --->   Operation 443 'or' 'or_ln133_9' <Predicate = (!icmp_ln72 & !icmp_ln83 & and_ln85)> <Delay = 0.28> <CoreInst = "LogicGate">   --->   Core 74 'LogicGate' <Latency = 0> <II = 1> <Delay = 0.28> <FuncUnit> <Opcode : 'and' 'or' 'xor'> <InPorts = 2> <OutPorts = 1>
ST_6 : Operation 444 [1/1] (0.00ns) (grouped into LUT with out node or_ln133_13)   --->   "%or_ln133_10 = or i1 %and_ln133_28, i1 %and_ln133_29" [src/fast.hpp:133->vitis_library_vision_L1/include\common/xf_structs.hpp:509]   --->   Operation 444 'or' 'or_ln133_10' <Predicate = (!icmp_ln72 & !icmp_ln83 & and_ln85)> <Delay = 0.00> <CoreInst = "LogicGate">   --->   Core 74 'LogicGate' <Latency = 0> <II = 1> <Delay = 0.28> <FuncUnit> <Opcode : 'and' 'or' 'xor'> <InPorts = 2> <OutPorts = 1>
ST_6 : Operation 445 [1/1] (0.00ns) (grouped into LUT with out node and_ln133_31)   --->   "%or_ln133_11 = or i1 %icmp_ln135_14, i1 %and_ln133_30" [src/fast.hpp:133->vitis_library_vision_L1/include\common/xf_structs.hpp:509]   --->   Operation 445 'or' 'or_ln133_11' <Predicate = (!icmp_ln72 & !icmp_ln83 & and_ln85)> <Delay = 0.00> <CoreInst = "LogicGate">   --->   Core 74 'LogicGate' <Latency = 0> <II = 1> <Delay = 0.28> <FuncUnit> <Opcode : 'and' 'or' 'xor'> <InPorts = 2> <OutPorts = 1>
ST_6 : Operation 446 [1/1] (0.28ns) (out node of the LUT)   --->   "%and_ln133_31 = and i1 %and_ln133_5, i1 %or_ln133_11" [src/fast.hpp:133->vitis_library_vision_L1/include\common/xf_structs.hpp:509]   --->   Operation 446 'and' 'and_ln133_31' <Predicate = (!icmp_ln72 & !icmp_ln83 & and_ln85)> <Delay = 0.28> <CoreInst = "LogicGate">   --->   Core 74 'LogicGate' <Latency = 0> <II = 1> <Delay = 0.28> <FuncUnit> <Opcode : 'and' 'or' 'xor'> <InPorts = 2> <OutPorts = 1>
ST_6 : Operation 447 [1/1] (0.00ns) (grouped into LUT with out node or_ln133_13)   --->   "%or_ln133_12 = or i1 %and_ln133_31, i1 %or_ln133_10" [src/fast.hpp:133->vitis_library_vision_L1/include\common/xf_structs.hpp:509]   --->   Operation 447 'or' 'or_ln133_12' <Predicate = (!icmp_ln72 & !icmp_ln83 & and_ln85)> <Delay = 0.00> <CoreInst = "LogicGate">   --->   Core 74 'LogicGate' <Latency = 0> <II = 1> <Delay = 0.28> <FuncUnit> <Opcode : 'and' 'or' 'xor'> <InPorts = 2> <OutPorts = 1>
ST_6 : Operation 448 [1/1] (0.28ns) (out node of the LUT)   --->   "%or_ln133_13 = or i1 %or_ln133_12, i1 %or_ln133_9" [src/fast.hpp:133->vitis_library_vision_L1/include\common/xf_structs.hpp:509]   --->   Operation 448 'or' 'or_ln133_13' <Predicate = (!icmp_ln72 & !icmp_ln83 & and_ln85)> <Delay = 0.28> <CoreInst = "LogicGate">   --->   Core 74 'LogicGate' <Latency = 0> <II = 1> <Delay = 0.28> <FuncUnit> <Opcode : 'and' 'or' 'xor'> <InPorts = 2> <OutPorts = 1>
ST_6 : Operation 449 [1/1] (0.28ns) (out node of the LUT)   --->   "%or_ln133_14 = or i1 %or_ln133_13, i1 %or_ln133_6" [src/fast.hpp:133->vitis_library_vision_L1/include\common/xf_structs.hpp:509]   --->   Operation 449 'or' 'or_ln133_14' <Predicate = (!icmp_ln72 & !icmp_ln83 & and_ln85)> <Delay = 0.28> <CoreInst = "LogicGate">   --->   Core 74 'LogicGate' <Latency = 0> <II = 1> <Delay = 0.28> <FuncUnit> <Opcode : 'and' 'or' 'xor'> <InPorts = 2> <OutPorts = 1>

State 7 <SV = 6> <Delay = 7.27>
ST_7 : Operation 450 [1/1] (0.42ns)   --->   "%br_ln142 = br i1 %or_ln133_14, void %._crit_edge1.i, void" [src/fast.hpp:142->vitis_library_vision_L1/include\common/xf_structs.hpp:509]   --->   Operation 450 'br' 'br_ln142' <Predicate = (!icmp_ln72 & !icmp_ln83 & and_ln85)> <Delay = 0.42>
ST_7 : Operation 451 [5/5] (7.27ns)   --->   "%ref_tmp166_i = call i8 @fast_score, i9 %ret, i9 %ret_11, i9 %ret_12, i9 %ret_13, i9 %ret_14, i9 %ret_15, i9 %ret_16, i9 %ret_17, i9 %ret_18, i9 %ret_19, i9 %ret_20, i9 %ret_21, i9 %ret_22, i9 %ret_23, i9 %ret_24, i9 %ret_25, i8 %p_threshold_read" [src/fast.hpp:143->vitis_library_vision_L1/include\common/xf_structs.hpp:509]   --->   Operation 451 'call' 'ref_tmp166_i' <Predicate = (!icmp_ln72 & !icmp_ln83 & and_ln85 & or_ln133_14)> <Delay = 7.27> <CoreType = "Generic">   --->   Core 0 '' <Latency = 0> <II = 1> <Delay = 1.00> <Generic> <Opcode : >

State 8 <SV = 7> <Delay = 7.27>
ST_8 : Operation 452 [4/5] (7.27ns)   --->   "%ref_tmp166_i = call i8 @fast_score, i9 %ret, i9 %ret_11, i9 %ret_12, i9 %ret_13, i9 %ret_14, i9 %ret_15, i9 %ret_16, i9 %ret_17, i9 %ret_18, i9 %ret_19, i9 %ret_20, i9 %ret_21, i9 %ret_22, i9 %ret_23, i9 %ret_24, i9 %ret_25, i8 %p_threshold_read" [src/fast.hpp:143->vitis_library_vision_L1/include\common/xf_structs.hpp:509]   --->   Operation 452 'call' 'ref_tmp166_i' <Predicate = (!icmp_ln72 & !icmp_ln83 & and_ln85 & or_ln133_14)> <Delay = 7.27> <CoreType = "Generic">   --->   Core 0 '' <Latency = 0> <II = 1> <Delay = 1.00> <Generic> <Opcode : >

State 9 <SV = 8> <Delay = 7.27>
ST_9 : Operation 453 [3/5] (7.27ns)   --->   "%ref_tmp166_i = call i8 @fast_score, i9 %ret, i9 %ret_11, i9 %ret_12, i9 %ret_13, i9 %ret_14, i9 %ret_15, i9 %ret_16, i9 %ret_17, i9 %ret_18, i9 %ret_19, i9 %ret_20, i9 %ret_21, i9 %ret_22, i9 %ret_23, i9 %ret_24, i9 %ret_25, i8 %p_threshold_read" [src/fast.hpp:143->vitis_library_vision_L1/include\common/xf_structs.hpp:509]   --->   Operation 453 'call' 'ref_tmp166_i' <Predicate = (!icmp_ln72 & !icmp_ln83 & and_ln85 & or_ln133_14)> <Delay = 7.27> <CoreType = "Generic">   --->   Core 0 '' <Latency = 0> <II = 1> <Delay = 1.00> <Generic> <Opcode : >

State 10 <SV = 9> <Delay = 7.27>
ST_10 : Operation 454 [2/5] (7.27ns)   --->   "%ref_tmp166_i = call i8 @fast_score, i9 %ret, i9 %ret_11, i9 %ret_12, i9 %ret_13, i9 %ret_14, i9 %ret_15, i9 %ret_16, i9 %ret_17, i9 %ret_18, i9 %ret_19, i9 %ret_20, i9 %ret_21, i9 %ret_22, i9 %ret_23, i9 %ret_24, i9 %ret_25, i8 %p_threshold_read" [src/fast.hpp:143->vitis_library_vision_L1/include\common/xf_structs.hpp:509]   --->   Operation 454 'call' 'ref_tmp166_i' <Predicate = (!icmp_ln72 & !icmp_ln83 & and_ln85 & or_ln133_14)> <Delay = 7.27> <CoreType = "Generic">   --->   Core 0 '' <Latency = 0> <II = 1> <Delay = 1.00> <Generic> <Opcode : >

State 11 <SV = 10> <Delay = 7.09>
ST_11 : Operation 455 [1/5] (7.09ns)   --->   "%ref_tmp166_i = call i8 @fast_score, i9 %ret, i9 %ret_11, i9 %ret_12, i9 %ret_13, i9 %ret_14, i9 %ret_15, i9 %ret_16, i9 %ret_17, i9 %ret_18, i9 %ret_19, i9 %ret_20, i9 %ret_21, i9 %ret_22, i9 %ret_23, i9 %ret_24, i9 %ret_25, i8 %p_threshold_read" [src/fast.hpp:143->vitis_library_vision_L1/include\common/xf_structs.hpp:509]   --->   Operation 455 'call' 'ref_tmp166_i' <Predicate = (!icmp_ln72 & !icmp_ln83 & and_ln85 & or_ln133_14)> <Delay = 7.09> <CoreType = "Generic">   --->   Core 0 '' <Latency = 0> <II = 1> <Delay = 1.00> <Generic> <Opcode : >

State 12 <SV = 11> <Delay = 2.26>
ST_12 : Operation 456 [1/1] (0.42ns)   --->   "%br_ln144 = br void %._crit_edge1.i" [src/fast.hpp:144->vitis_library_vision_L1/include\common/xf_structs.hpp:509]   --->   Operation 456 'br' 'br_ln144' <Predicate = (!icmp_ln72 & !icmp_ln83 & and_ln85 & or_ln133_14)> <Delay = 0.42>
ST_12 : Operation 457 [1/1] (0.00ns)   --->   "%mask = phi i8 0, void %.split4.0.i_ifconv, i8 %ref_tmp166_i, void, i8 0, void" [src/fast.hpp:143->vitis_library_vision_L1/include\common/xf_structs.hpp:509]   --->   Operation 457 'phi' 'mask' <Predicate = (!icmp_ln83)> <Delay = 0.00>
ST_12 : Operation 458 [1/1] (1.83ns)   --->   "%write_ln174 = write void @_ssdm_op_Write.ap_fifo.volatile.i8P0A, i8 %mask_out, i8 %mask" [C:/Xilinx/Vitis_HLS/2020.2/common/technology/autopilot/hls_stream_39.h:174]   --->   Operation 458 'write' 'write_ln174' <Predicate = (!icmp_ln83)> <Delay = 1.83> <CoreInst = "FIFO_SRL">   --->   Core 81 'FIFO_SRL' <Latency = 0> <II = 1> <Delay = 1.83> <Storage> <Opcode : 'read' 'write' 'nbread' 'nbwrite'> <Ports = 0> <Width = 8> <Depth = 2> <FIFO>
ST_12 : Operation 459 [1/1] (0.00ns)   --->   "%br_ln148 = br void %._crit_edge.i" [src/fast.hpp:148->vitis_library_vision_L1/include\common/xf_structs.hpp:509]   --->   Operation 459 'br' 'br_ln148' <Predicate = (!icmp_ln83)> <Delay = 0.00>

State 13 <SV = 4> <Delay = 1.44>
ST_13 : Operation 460 [1/1] (1.01ns)   --->   "%add_ln72 = add i32 %cnt_5, i32 %width_cast4_i" [src/fast.hpp:72->vitis_library_vision_L1/include\common/xf_structs.hpp:509]   --->   Operation 460 'add' 'add_ln72' <Predicate = (!cmp1633_i)> <Delay = 1.01> <CoreInst = "Adder">   --->   Core 1 'Adder' <Latency = 0> <II = 1> <Delay = 0.77> <FuncUnit> <Opcode : 'add' 'sub'> <InPorts = 2> <OutPorts = 1>
ST_13 : Operation 461 [1/1] (0.42ns)   --->   "%store_ln70 = store i32 %add_ln72, i32 %cnt" [src/fast.hpp:70->vitis_library_vision_L1/include\common/xf_structs.hpp:509]   --->   Operation 461 'store' 'store_ln70' <Predicate = (!cmp1633_i)> <Delay = 0.42>
ST_13 : Operation 462 [1/1] (0.00ns)   --->   "%br_ln70 = br void %._crit_edge639.i" [src/fast.hpp:70->vitis_library_vision_L1/include\common/xf_structs.hpp:509]   --->   Operation 462 'br' 'br_ln70' <Predicate = (!cmp1633_i)> <Delay = 0.00>
ST_13 : Operation 463 [1/1] (0.00ns)   --->   "%br_ln0 = br void"   --->   Operation 463 'br' 'br_ln0' <Predicate = true> <Delay = 0.00>

State 14 <SV = 2> <Delay = 1.07>
ST_14 : Operation 464 [1/1] (0.00ns)   --->   "%k = phi i14 %k_2, void %.split.i, i14 0, void %._crit_edge647.loopexit.i.preheader"   --->   Operation 464 'phi' 'k' <Predicate = true> <Delay = 0.00>
ST_14 : Operation 465 [1/1] (0.83ns)   --->   "%k_2 = add i14 %k, i14 1"   --->   Operation 465 'add' 'k_2' <Predicate = true> <Delay = 0.83> <CoreInst = "Adder">   --->   Core 1 'Adder' <Latency = 0> <II = 1> <Delay = 0.77> <FuncUnit> <Opcode : 'add' 'sub'> <InPorts = 2> <OutPorts = 1>
ST_14 : Operation 466 [1/1] (0.00ns)   --->   "%k_cast = zext i14 %k"   --->   Operation 466 'zext' 'k_cast' <Predicate = true> <Delay = 0.00>
ST_14 : Operation 467 [1/1] (0.00ns)   --->   "%specpipeline_ln0 = specpipeline void @_ssdm_op_SpecPipeline, i32 4294967295, i32 0, i32 1, i32 0, void @p_str30"   --->   Operation 467 'specpipeline' 'specpipeline_ln0' <Predicate = true> <Delay = 0.00>
ST_14 : Operation 468 [1/1] (1.07ns)   --->   "%icmp_ln152 = icmp_slt  i15 %k_cast, i15 %add_i" [src/fast.hpp:152->vitis_library_vision_L1/include\common/xf_structs.hpp:509]   --->   Operation 468 'icmp' 'icmp_ln152' <Predicate = true> <Delay = 1.07> <CoreInst = "Cmp">   --->   Core 9 'Cmp' <Latency = 0> <II = 1> <Delay = 0.94> <FuncUnit> <Opcode : 'icmp'> <InPorts = 2> <OutPorts = 1>
ST_14 : Operation 469 [1/1] (0.00ns)   --->   "%speclooptripcount_ln0 = speclooptripcount void @_ssdm_op_SpecLoopTripCount, i64 0, i64 8194, i64 0"   --->   Operation 469 'speclooptripcount' 'speclooptripcount_ln0' <Predicate = true> <Delay = 0.00>
ST_14 : Operation 470 [1/1] (0.00ns)   --->   "%br_ln152 = br i1 %icmp_ln152, void %.exit, void %.split.i" [src/fast.hpp:152->vitis_library_vision_L1/include\common/xf_structs.hpp:509]   --->   Operation 470 'br' 'br_ln152' <Predicate = true> <Delay = 0.00>

State 15 <SV = 3> <Delay = 1.83>
ST_15 : Operation 471 [1/1] (0.00ns)   --->   "%specloopname_ln152 = specloopname void @_ssdm_op_SpecLoopName, void @empty_10" [src/fast.hpp:152->vitis_library_vision_L1/include\common/xf_structs.hpp:509]   --->   Operation 471 'specloopname' 'specloopname_ln152' <Predicate = (icmp_ln152)> <Delay = 0.00>
ST_15 : Operation 472 [1/1] (1.83ns)   --->   "%write_ln174 = write void @_ssdm_op_Write.ap_fifo.volatile.i8P0A, i8 %mask_out, i8 0" [C:/Xilinx/Vitis_HLS/2020.2/common/technology/autopilot/hls_stream_39.h:174]   --->   Operation 472 'write' 'write_ln174' <Predicate = (icmp_ln152)> <Delay = 1.83> <CoreInst = "FIFO_SRL">   --->   Core 81 'FIFO_SRL' <Latency = 0> <II = 1> <Delay = 1.83> <Storage> <Opcode : 'read' 'write' 'nbread' 'nbwrite'> <Ports = 0> <Width = 8> <Depth = 2> <FIFO>
ST_15 : Operation 473 [1/1] (0.00ns)   --->   "%br_ln0 = br void %._crit_edge647.loopexit.i"   --->   Operation 473 'br' 'br_ln0' <Predicate = (icmp_ln152)> <Delay = 0.00>

State 16 <SV = 3> <Delay = 0.00>
ST_16 : Operation 474 [1/1] (0.00ns)   --->   "%ret_ln509 = ret" [vitis_library_vision_L1/include\common/xf_structs.hpp:509]   --->   Operation 474 'ret' 'ret_ln509' <Predicate = true> <Delay = 0.00>


============================================================
+ Verbose Summary: Binding
============================================================
STG Binding: 
---------------- STG Properties BEGIN ----------------
- Is combinational: 0
- Is one-state seq: 0
- Is datapath-only: 0
- Is pipelined: 0
- Is top level: 0
Port [ Return ] is wired: 1; IO mode=ap_ctrl_hs:ce=0
Port [ img_in]:  wired=1; compound=1; hidden=0; nouse=0; global=0; static=0; extern=0; dir=0; type=3; pingpong=0; private_global=0; IO mode=ap_fifo:ce=0
Port [ img_out]:  wired=1; compound=1; hidden=0; nouse=0; global=0; static=0; extern=0; dir=1; type=3; pingpong=0; private_global=0; IO mode=ap_fifo:ce=0
Port [ blur_in]:  wired=1; compound=1; hidden=0; nouse=0; global=0; static=0; extern=0; dir=0; type=3; pingpong=0; private_global=0; IO mode=ap_fifo:ce=0
Port [ blur_out]:  wired=1; compound=1; hidden=0; nouse=0; global=0; static=0; extern=0; dir=1; type=3; pingpong=0; private_global=0; IO mode=ap_fifo:ce=0
Port [ mask_out]:  wired=1; compound=1; hidden=0; nouse=0; global=0; static=0; extern=0; dir=1; type=3; pingpong=0; private_global=0; IO mode=ap_fifo:ce=0
Port [ height]:  wired=1; compound=1; hidden=0; nouse=0; global=0; static=0; extern=0; dir=0; type=3; pingpong=0; private_global=0; IO mode=ap_fifo:ce=0
Port [ width]:  wired=1; compound=1; hidden=0; nouse=0; global=0; static=0; extern=0; dir=0; type=3; pingpong=0; private_global=0; IO mode=ap_fifo:ce=0
Port [ p_threshold]:  wired=1; compound=1; hidden=0; nouse=0; global=0; static=0; extern=0; dir=0; type=3; pingpong=0; private_global=0; IO mode=ap_fifo:ce=0
Port [ height_out]:  wired=1; compound=1; hidden=0; nouse=0; global=0; static=0; extern=0; dir=1; type=3; pingpong=0; private_global=0; IO mode=ap_fifo:ce=0
Port [ width_out]:  wired=1; compound=1; hidden=0; nouse=0; global=0; static=0; extern=0; dir=1; type=3; pingpong=0; private_global=0; IO mode=ap_fifo:ce=0
---------------- STG Properties END ------------------

---------------- Datapath Model BEGIN ----------------

<LifeTime>
<method=bitvector/>
cnt                      (alloca           ) [ 01111111111111000]
window_val_V_0_3         (alloca           ) [ 00111111111111000]
window_val_V_0_3_1       (alloca           ) [ 00111111111111000]
window_val_V_0_4         (alloca           ) [ 00111111111111000]
window_val_V_0_5         (alloca           ) [ 00111111111111000]
window_val_V_1_2         (alloca           ) [ 00111111111111000]
window_val_V_1_2_1       (alloca           ) [ 00111111111111000]
window_val_V_1_3         (alloca           ) [ 00111111111111000]
window_val_V_1_4         (alloca           ) [ 00111111111111000]
window_val_V_1_5         (alloca           ) [ 00111111111111000]
window_val_V_2_1         (alloca           ) [ 00111111111111000]
window_val_V_2_1_3       (alloca           ) [ 00111111111111000]
window_val_V_2_2         (alloca           ) [ 00111111111111000]
window_val_V_2_3         (alloca           ) [ 00111111111111000]
window_val_V_2_4         (alloca           ) [ 00111111111111000]
window_val_V_2_5         (alloca           ) [ 00111111111111000]
window_val_V_3_1         (alloca           ) [ 00111111111111000]
window_val_V_3_1_1       (alloca           ) [ 00111111111111000]
window_val_V_3_2         (alloca           ) [ 00111111111111000]
window_val_V_3_3         (alloca           ) [ 00111111111111000]
window_val_V_3_4         (alloca           ) [ 00111111111111000]
window_val_V_3_5         (alloca           ) [ 00111111111111000]
window_val_V_4_1         (alloca           ) [ 00111111111111000]
window_val_V_4_1_1       (alloca           ) [ 00111111111111000]
window_val_V_4_2         (alloca           ) [ 00111111111111000]
window_val_V_4_3         (alloca           ) [ 00111111111111000]
window_val_V_4_4         (alloca           ) [ 00111111111111000]
window_val_V_4_5         (alloca           ) [ 00111111111111000]
window_val_V_5_2         (alloca           ) [ 00111111111111000]
window_val_V_5_2_1       (alloca           ) [ 00111111111111000]
window_val_V_5_3         (alloca           ) [ 00111111111111000]
window_val_V_5_4         (alloca           ) [ 00111111111111000]
window_val_V_5_5         (alloca           ) [ 00111111111111000]
window_val_V_6_3         (alloca           ) [ 00111111111111000]
window_val_V_6_3_1       (alloca           ) [ 00111111111111000]
window_val_V_6_4         (alloca           ) [ 00111111111111000]
window_val_V_6_5         (alloca           ) [ 00111111111111000]
line_buffer_val_V_1      (alloca           ) [ 00111111111111000]
line_buffer_val_V_2      (alloca           ) [ 00111111111111000]
line_buffer_val_V_3      (alloca           ) [ 00111111111111000]
line_buffer_val_V_4      (alloca           ) [ 00111111111111000]
line_buffer_val_V_5      (alloca           ) [ 00111111111111000]
line_buffer_val_V_6      (alloca           ) [ 00111111111111000]
specinterface_ln0        (specinterface    ) [ 00000000000000000]
specinterface_ln0        (specinterface    ) [ 00000000000000000]
specinterface_ln0        (specinterface    ) [ 00000000000000000]
specinterface_ln0        (specinterface    ) [ 00000000000000000]
specinterface_ln0        (specinterface    ) [ 00000000000000000]
specinterface_ln0        (specinterface    ) [ 00000000000000000]
specinterface_ln0        (specinterface    ) [ 00000000000000000]
specinterface_ln0        (specinterface    ) [ 00000000000000000]
height_read              (read             ) [ 00111111111111000]
width_read               (read             ) [ 00111111111111000]
p_threshold_read         (read             ) [ 00111111111111000]
specinterface_ln0        (specinterface    ) [ 00000000000000000]
write_ln509              (write            ) [ 00000000000000000]
specinterface_ln0        (specinterface    ) [ 00000000000000000]
write_ln509              (write            ) [ 00000000000000000]
width_cast4_i            (zext             ) [ 00111111111111000]
width_cast1_i            (zext             ) [ 00000000000000000]
specinterface_ln0        (specinterface    ) [ 00000000000000000]
specinterface_ln0        (specinterface    ) [ 00000000000000000]
specinterface_ln0        (specinterface    ) [ 00000000000000000]
specinterface_ln0        (specinterface    ) [ 00000000000000000]
specinterface_ln0        (specinterface    ) [ 00000000000000000]
specmemcore_ln0          (specmemcore      ) [ 00000000000000000]
p_shl_i                  (bitconcatenate   ) [ 00000000000000000]
p_shl_cast_i             (zext             ) [ 00000000000000000]
mul_i                    (sub              ) [ 00000000000000000]
mul_cast_i               (sext             ) [ 00000000000000000]
add_i                    (add              ) [ 00111111111111110]
add_cast_i               (sext             ) [ 00111111111111000]
p_threshold_cast_i       (zext             ) [ 00111111111111000]
sub_i                    (sub              ) [ 00111111111111000]
cmp1633_i                (icmp             ) [ 00111111111111000]
store_ln70               (store            ) [ 00000000000000000]
br_ln70                  (br               ) [ 01111111111111000]
i                        (phi              ) [ 00100000000000000]
i_5                      (add              ) [ 01111111111111000]
cnt_5                    (load             ) [ 00111111111111000]
icmp_ln70                (icmp             ) [ 00111111111111110]
br_ln70                  (br               ) [ 00000000000000000]
specloopname_ln66        (specloopname     ) [ 00000000000000000]
cmp7_i                   (icmp             ) [ 00011111111110000]
br_ln72                  (br               ) [ 00000000000000000]
br_ln1347                (br               ) [ 00111111111111000]
br_ln0                   (br               ) [ 00111111111111110]
j                        (phi              ) [ 00010011111110000]
cnt_6                    (phi              ) [ 00010011111110000]
add_ln72_1               (add              ) [ 00111111111111000]
icmp_ln72                (icmp             ) [ 00111111111111000]
br_ln72                  (br               ) [ 00000000000000000]
j_cast5_i                (zext             ) [ 00000000000000000]
line_buffer_val_V_1_addr (getelementptr    ) [ 00011000000000000]
line_buffer_val_V_2_addr (getelementptr    ) [ 00011000000000000]
line_buffer_val_V_3_addr (getelementptr    ) [ 00011000000000000]
line_buffer_val_V_4_addr (getelementptr    ) [ 00011000000000000]
line_buffer_val_V_5_addr (getelementptr    ) [ 00011000000000000]
line_buffer_val_V_6_addr (getelementptr    ) [ 00011000000000000]
icmp_ln83                (icmp             ) [ 00111111111111000]
br_ln83                  (br               ) [ 00000000000000000]
icmp_ln85                (icmp             ) [ 00000000000000000]
and_ln85                 (and              ) [ 00111111111111000]
br_ln85                  (br               ) [ 00111111111111000]
cnt_7                    (add              ) [ 00111111111111000]
window_val_V_0_3_2       (load             ) [ 00010100000000000]
window_val_V_0_4_1       (load             ) [ 00000000000000000]
window_val_V_0_5_1       (load             ) [ 00000000000000000]
window_val_V_1_2_2       (load             ) [ 00010100000000000]
window_val_V_1_3_1       (load             ) [ 00000000000000000]
window_val_V_1_4_1       (load             ) [ 00000000000000000]
window_val_V_1_5_1       (load             ) [ 00000000000000000]
window_val_V_2_1_4       (load             ) [ 00010100000000000]
window_val_V_2_2_1       (load             ) [ 00000000000000000]
window_val_V_2_3_1       (load             ) [ 00000000000000000]
window_val_V_2_4_1       (load             ) [ 00000000000000000]
window_val_V_2_5_1       (load             ) [ 00000000000000000]
window_val_V_3_1_2       (load             ) [ 00010100000000000]
window_val_V_3_2_1       (load             ) [ 00000000000000000]
window_val_V_3_3_1       (load             ) [ 00000000000000000]
window_val_V_3_4_1       (load             ) [ 00000000000000000]
window_val_V_3_5_1       (load             ) [ 00000000000000000]
window_val_V_4_1_2       (load             ) [ 00000000000000000]
window_val_V_4_2_1       (load             ) [ 00000000000000000]
window_val_V_4_3_1       (load             ) [ 00000000000000000]
window_val_V_4_4_1       (load             ) [ 00000000000000000]
window_val_V_4_5_1       (load             ) [ 00000000000000000]
window_val_V_5_2_2       (load             ) [ 00000000000000000]
window_val_V_5_3_1       (load             ) [ 00000000000000000]
window_val_V_5_4_1       (load             ) [ 00000000000000000]
window_val_V_5_5_1       (load             ) [ 00000000000000000]
window_val_V_6_3_2       (load             ) [ 00000000000000000]
window_val_V_6_4_1       (load             ) [ 00000000000000000]
window_val_V_6_5_1       (load             ) [ 00000000000000000]
specpipeline_ln0         (specpipeline     ) [ 00000000000000000]
speclooptripcount_ln0    (speclooptripcount) [ 00000000000000000]
specloopname_ln66        (specloopname     ) [ 00000000000000000]
tmp                      (read             ) [ 00000000000000000]
tmp_26                   (read             ) [ 00000000000000000]
write_ln174              (write            ) [ 00000000000000000]
write_ln174              (write            ) [ 00000000000000000]
window_val_V_0_6         (load             ) [ 00000000000000000]
window_val_V_1_6         (load             ) [ 00000000000000000]
store_ln871              (store            ) [ 00000000000000000]
window_val_V_2_6         (load             ) [ 00000000000000000]
store_ln871              (store            ) [ 00000000000000000]
window_val_V_3_6         (load             ) [ 00000000000000000]
store_ln871              (store            ) [ 00000000000000000]
window_val_V_4_6         (load             ) [ 00000000000000000]
store_ln871              (store            ) [ 00000000000000000]
window_val_V_5_6         (load             ) [ 00000000000000000]
store_ln871              (store            ) [ 00000000000000000]
store_ln908              (store            ) [ 00000000000000000]
window_val_V_4_1_load    (load             ) [ 00000000000000000]
window_val_V_5_2_load    (load             ) [ 00000000000000000]
window_val_V_6_3_load    (load             ) [ 00000000000000000]
zext_ln1347              (zext             ) [ 00010100000000000]
zext_ln1347_2            (zext             ) [ 00000000000000000]
ret_11                   (sub              ) [ 00010111111100000]
zext_ln1347_3            (zext             ) [ 00000000000000000]
ret_12                   (sub              ) [ 00010111111100000]
zext_ln1347_4            (zext             ) [ 00000000000000000]
ret_13                   (sub              ) [ 00010111111100000]
zext_ln1347_5            (zext             ) [ 00000000000000000]
ret_14                   (sub              ) [ 00010111111100000]
zext_ln1347_6            (zext             ) [ 00000000000000000]
ret_15                   (sub              ) [ 00010111111100000]
zext_ln1347_7            (zext             ) [ 00000000000000000]
ret_16                   (sub              ) [ 00010111111100000]
zext_ln1347_8            (zext             ) [ 00000000000000000]
ret_17                   (sub              ) [ 00010111111100000]
zext_ln1347_9            (zext             ) [ 00000000000000000]
ret_18                   (sub              ) [ 00010111111100000]
zext_ln1347_10           (zext             ) [ 00000000000000000]
ret_19                   (sub              ) [ 00010111111100000]
zext_ln1347_11           (zext             ) [ 00000000000000000]
ret_20                   (sub              ) [ 00010111111100000]
zext_ln1347_12           (zext             ) [ 00000000000000000]
ret_21                   (sub              ) [ 00010111111100000]
icmp_ln113_1             (icmp             ) [ 00000000000000000]
icmp_ln115_1             (icmp             ) [ 00000000000000000]
select_ln113_2           (select           ) [ 00000000000000000]
or_ln113_1               (or               ) [ 00000000000000000]
select_ln113_3           (select           ) [ 00010100000000000]
icmp_ln113_2             (icmp             ) [ 00000000000000000]
icmp_ln115_2             (icmp             ) [ 00000000000000000]
select_ln113_4           (select           ) [ 00000000000000000]
or_ln113_2               (or               ) [ 00000000000000000]
select_ln113_5           (select           ) [ 00000000000000000]
icmp_ln113_3             (icmp             ) [ 00000000000000000]
icmp_ln115_3             (icmp             ) [ 00000000000000000]
select_ln113_6           (select           ) [ 00000000000000000]
or_ln113_3               (or               ) [ 00000000000000000]
select_ln113_7           (select           ) [ 00000000000000000]
icmp_ln113_4             (icmp             ) [ 00000000000000000]
icmp_ln115_4             (icmp             ) [ 00000000000000000]
select_ln113_8           (select           ) [ 00000000000000000]
or_ln113_4               (or               ) [ 00000000000000000]
select_ln113_9           (select           ) [ 00000000000000000]
icmp_ln113_5             (icmp             ) [ 00000000000000000]
icmp_ln115_5             (icmp             ) [ 00000000000000000]
select_ln113_10          (select           ) [ 00000000000000000]
or_ln113_5               (or               ) [ 00000000000000000]
select_ln113_11          (select           ) [ 00000000000000000]
icmp_ln113_6             (icmp             ) [ 00000000000000000]
icmp_ln115_6             (icmp             ) [ 00000000000000000]
select_ln113_12          (select           ) [ 00000000000000000]
or_ln113_6               (or               ) [ 00000000000000000]
select_ln113_13          (select           ) [ 00000000000000000]
icmp_ln113_7             (icmp             ) [ 00000000000000000]
icmp_ln115_7             (icmp             ) [ 00000000000000000]
select_ln113_14          (select           ) [ 00000000000000000]
or_ln113_7               (or               ) [ 00000000000000000]
select_ln113_15          (select           ) [ 00000000000000000]
icmp_ln113_8             (icmp             ) [ 00000000000000000]
icmp_ln115_8             (icmp             ) [ 00000000000000000]
select_ln113_16          (select           ) [ 00000000000000000]
or_ln113_8               (or               ) [ 00000000000000000]
select_ln113_17          (select           ) [ 00000000000000000]
icmp_ln113_9             (icmp             ) [ 00000000000000000]
icmp_ln115_9             (icmp             ) [ 00000000000000000]
select_ln113_18          (select           ) [ 00000000000000000]
or_ln113_9               (or               ) [ 00000000000000000]
select_ln113_19          (select           ) [ 00000000000000000]
icmp_ln113_10            (icmp             ) [ 00000000000000000]
icmp_ln115_10            (icmp             ) [ 00000000000000000]
select_ln113_20          (select           ) [ 00000000000000000]
or_ln113_10              (or               ) [ 00010100000000000]
select_ln113_21          (select           ) [ 00010100000000000]
icmp_ln133               (icmp             ) [ 00000000000000000]
and_ln133                (and              ) [ 00010110000000000]
icmp_ln133_1             (icmp             ) [ 00000000000000000]
and_ln133_1              (and              ) [ 00010110000000000]
icmp_ln133_2             (icmp             ) [ 00000000000000000]
and_ln133_2              (and              ) [ 00010110000000000]
icmp_ln133_3             (icmp             ) [ 00000000000000000]
and_ln133_3              (and              ) [ 00010110000000000]
icmp_ln133_4             (icmp             ) [ 00000000000000000]
and_ln133_4              (and              ) [ 00010110000000000]
icmp_ln133_5             (icmp             ) [ 00000000000000000]
and_ln133_5              (and              ) [ 00010110000000000]
select_ln138             (select           ) [ 00000000000000000]
select_ln138_1           (select           ) [ 00000000000000000]
select_ln138_2           (select           ) [ 00000000000000000]
select_ln138_3           (select           ) [ 00000000000000000]
select_ln138_4           (select           ) [ 00000000000000000]
select_ln133             (select           ) [ 00000000000000000]
icmp_ln133_6             (icmp             ) [ 00000000000000000]
and_ln133_6              (and              ) [ 00010110000000000]
select_ln133_1           (select           ) [ 00000000000000000]
icmp_ln133_7             (icmp             ) [ 00000000000000000]
and_ln133_7              (and              ) [ 00000000000000000]
add_ln134                (add              ) [ 00000000000000000]
icmp_ln135               (icmp             ) [ 00000000000000000]
add_ln138                (add              ) [ 00000000000000000]
select_ln133_2           (select           ) [ 00000000000000000]
and_ln133_16             (and              ) [ 00000000000000000]
icmp_ln133_8             (icmp             ) [ 00000000000000000]
and_ln133_8              (and              ) [ 00000000000000000]
icmp_ln135_1             (icmp             ) [ 00000000000000000]
select_ln133_3           (select           ) [ 00010100000000000]
and_ln133_17             (and              ) [ 00000000000000000]
or_ln133                 (or               ) [ 00010100000000000]
store_ln145              (store            ) [ 00000000000000000]
store_ln0                (store            ) [ 00000000000000000]
store_ln1347             (store            ) [ 00000000000000000]
store_ln1347             (store            ) [ 00000000000000000]
store_ln871              (store            ) [ 00000000000000000]
store_ln1347             (store            ) [ 00000000000000000]
store_ln0                (store            ) [ 00000000000000000]
store_ln0                (store            ) [ 00000000000000000]
store_ln0                (store            ) [ 00000000000000000]
store_ln871              (store            ) [ 00000000000000000]
store_ln0                (store            ) [ 00000000000000000]
store_ln0                (store            ) [ 00000000000000000]
store_ln0                (store            ) [ 00000000000000000]
store_ln0                (store            ) [ 00000000000000000]
store_ln0                (store            ) [ 00000000000000000]
store_ln871              (store            ) [ 00000000000000000]
store_ln0                (store            ) [ 00000000000000000]
store_ln0                (store            ) [ 00000000000000000]
store_ln1347             (store            ) [ 00000000000000000]
store_ln0                (store            ) [ 00000000000000000]
store_ln871              (store            ) [ 00000000000000000]
store_ln0                (store            ) [ 00000000000000000]
store_ln0                (store            ) [ 00000000000000000]
store_ln0                (store            ) [ 00000000000000000]
store_ln0                (store            ) [ 00000000000000000]
store_ln871              (store            ) [ 00000000000000000]
store_ln1347             (store            ) [ 00000000000000000]
store_ln0                (store            ) [ 00000000000000000]
store_ln0                (store            ) [ 00000000000000000]
store_ln871              (store            ) [ 00000000000000000]
store_ln0                (store            ) [ 00000000000000000]
store_ln1347             (store            ) [ 00000000000000000]
window_val_V_0_3_load    (load             ) [ 00000000000000000]
window_val_V_1_2_load    (load             ) [ 00000000000000000]
window_val_V_2_1_load    (load             ) [ 00000000000000000]
window_val_V_3_1_load    (load             ) [ 00000000000000000]
zext_ln1347_1            (zext             ) [ 00000000000000000]
ret                      (sub              ) [ 00010011111100000]
zext_ln1347_13           (zext             ) [ 00000000000000000]
ret_22                   (sub              ) [ 00010011111100000]
zext_ln1347_14           (zext             ) [ 00000000000000000]
ret_23                   (sub              ) [ 00010011111100000]
zext_ln1347_15           (zext             ) [ 00000000000000000]
ret_24                   (sub              ) [ 00010011111100000]
zext_ln1347_16           (zext             ) [ 00000000000000000]
ret_25                   (sub              ) [ 00010011111100000]
icmp_ln113               (icmp             ) [ 00000000000000000]
icmp_ln115               (icmp             ) [ 00000000000000000]
select_ln113             (select           ) [ 00000000000000000]
or_ln113                 (or               ) [ 00000000000000000]
select_ln113_1           (select           ) [ 00000000000000000]
icmp_ln113_11            (icmp             ) [ 00000000000000000]
icmp_ln115_11            (icmp             ) [ 00000000000000000]
select_ln113_22          (select           ) [ 00000000000000000]
or_ln113_11              (or               ) [ 00000000000000000]
select_ln113_23          (select           ) [ 00000000000000000]
icmp_ln113_12            (icmp             ) [ 00000000000000000]
icmp_ln115_12            (icmp             ) [ 00000000000000000]
select_ln113_24          (select           ) [ 00000000000000000]
or_ln113_12              (or               ) [ 00000000000000000]
select_ln113_25          (select           ) [ 00000000000000000]
icmp_ln113_13            (icmp             ) [ 00000000000000000]
icmp_ln115_13            (icmp             ) [ 00000000000000000]
select_ln113_26          (select           ) [ 00000000000000000]
or_ln113_13              (or               ) [ 00000000000000000]
select_ln113_27          (select           ) [ 00000000000000000]
icmp_ln113_14            (icmp             ) [ 00000000000000000]
icmp_ln115_14            (icmp             ) [ 00000000000000000]
select_ln113_28          (select           ) [ 00000000000000000]
or_ln113_14              (or               ) [ 00000000000000000]
select_ln113_29          (select           ) [ 00000000000000000]
icmp_ln113_15            (icmp             ) [ 00000000000000000]
icmp_ln115_15            (icmp             ) [ 00000000000000000]
select_ln113_30          (select           ) [ 00000000000000000]
or_ln113_15              (or               ) [ 00000000000000000]
select_ln113_31          (select           ) [ 00000000000000000]
icmp_ln133_9             (icmp             ) [ 00000000000000000]
and_ln133_9              (and              ) [ 00000000000000000]
add_ln134_1              (add              ) [ 00000000000000000]
icmp_ln135_2             (icmp             ) [ 00000000000000000]
add_ln138_1              (add              ) [ 00000000000000000]
select_ln133_4           (select           ) [ 00000000000000000]
and_ln133_18             (and              ) [ 00000000000000000]
icmp_ln133_10            (icmp             ) [ 00000000000000000]
and_ln133_10             (and              ) [ 00000000000000000]
icmp_ln135_3             (icmp             ) [ 00000000000000000]
select_ln133_5           (select           ) [ 00000000000000000]
and_ln133_19             (and              ) [ 00000000000000000]
icmp_ln133_11            (icmp             ) [ 00000000000000000]
and_ln133_11             (and              ) [ 00000000000000000]
add_ln134_2              (add              ) [ 00000000000000000]
icmp_ln135_4             (icmp             ) [ 00000000000000000]
add_ln138_2              (add              ) [ 00000000000000000]
select_ln133_6           (select           ) [ 00000000000000000]
and_ln133_20             (and              ) [ 00000000000000000]
icmp_ln133_12            (icmp             ) [ 00000000000000000]
and_ln133_12             (and              ) [ 00000000000000000]
icmp_ln135_5             (icmp             ) [ 00000000000000000]
select_ln133_7           (select           ) [ 00000000000000000]
and_ln133_21             (and              ) [ 00000000000000000]
zext_ln133               (zext             ) [ 00000000000000000]
icmp_ln133_13            (icmp             ) [ 00000000000000000]
and_ln133_13             (and              ) [ 00000000000000000]
add_ln134_3              (add              ) [ 00000000000000000]
icmp_ln135_6             (icmp             ) [ 00000000000000000]
add_ln138_3              (add              ) [ 00000000000000000]
select_ln133_8           (select           ) [ 00000000000000000]
and_ln133_22             (and              ) [ 00000000000000000]
icmp_ln133_14            (icmp             ) [ 00000000000000000]
and_ln133_14             (and              ) [ 00000000000000000]
icmp_ln135_7             (icmp             ) [ 00000000000000000]
select_ln133_9           (select           ) [ 00010010000000000]
and_ln133_23             (and              ) [ 00000000000000000]
icmp_ln133_15            (icmp             ) [ 00000000000000000]
and_ln133_15             (and              ) [ 00010010000000000]
or_ln133_1               (or               ) [ 00000000000000000]
or_ln133_2               (or               ) [ 00000000000000000]
or_ln133_3               (or               ) [ 00000000000000000]
or_ln133_4               (or               ) [ 00000000000000000]
or_ln133_5               (or               ) [ 00000000000000000]
or_ln133_6               (or               ) [ 00010010000000000]
store_ln0                (store            ) [ 00000000000000000]
store_ln0                (store            ) [ 00000000000000000]
store_ln0                (store            ) [ 00000000000000000]
store_ln1347             (store            ) [ 00000000000000000]
br_ln0                   (br               ) [ 00111111111111000]
add_ln134_4              (add              ) [ 00000000000000000]
icmp_ln135_8             (icmp             ) [ 00000000000000000]
add_ln138_4              (add              ) [ 00000000000000000]
select_ln133_10          (select           ) [ 00000000000000000]
and_ln133_24             (and              ) [ 00000000000000000]
icmp_ln135_9             (icmp             ) [ 00000000000000000]
select_ln133_11          (select           ) [ 00000000000000000]
and_ln133_25             (and              ) [ 00000000000000000]
add_ln134_5              (add              ) [ 00000000000000000]
icmp_ln135_10            (icmp             ) [ 00000000000000000]
add_ln138_5              (add              ) [ 00000000000000000]
select_ln133_12          (select           ) [ 00000000000000000]
and_ln133_26             (and              ) [ 00000000000000000]
icmp_ln135_11            (icmp             ) [ 00000000000000000]
select_ln133_13          (select           ) [ 00000000000000000]
and_ln133_27             (and              ) [ 00000000000000000]
add_ln134_6              (add              ) [ 00000000000000000]
icmp_ln135_12            (icmp             ) [ 00000000000000000]
add_ln138_6              (add              ) [ 00000000000000000]
select_ln133_14          (select           ) [ 00000000000000000]
and_ln133_28             (and              ) [ 00000000000000000]
icmp_ln135_13            (icmp             ) [ 00000000000000000]
select_ln133_15          (select           ) [ 00000000000000000]
and_ln133_29             (and              ) [ 00000000000000000]
add_ln134_7              (add              ) [ 00000000000000000]
icmp_ln135_14            (icmp             ) [ 00000000000000000]
add_ln138_7              (add              ) [ 00000000000000000]
icmp_ln135_15            (icmp             ) [ 00000000000000000]
and_ln133_30             (and              ) [ 00000000000000000]
or_ln133_7               (or               ) [ 00000000000000000]
or_ln133_8               (or               ) [ 00000000000000000]
or_ln133_9               (or               ) [ 00000000000000000]
or_ln133_10              (or               ) [ 00000000000000000]
or_ln133_11              (or               ) [ 00000000000000000]
and_ln133_31             (and              ) [ 00000000000000000]
or_ln133_12              (or               ) [ 00000000000000000]
or_ln133_13              (or               ) [ 00000000000000000]
or_ln133_14              (or               ) [ 00010001111110000]
br_ln142                 (br               ) [ 00111111111111000]
ref_tmp166_i             (call             ) [ 00111111000011000]
br_ln144                 (br               ) [ 00000000000000000]
mask                     (phi              ) [ 00010000000010000]
write_ln174              (write            ) [ 00000000000000000]
br_ln148                 (br               ) [ 00000000000000000]
add_ln72                 (add              ) [ 00000000000000000]
store_ln70               (store            ) [ 00000000000000000]
br_ln70                  (br               ) [ 00000000000000000]
br_ln0                   (br               ) [ 01111111111111000]
k                        (phi              ) [ 00000000000000100]
k_2                      (add              ) [ 00100000000000110]
k_cast                   (zext             ) [ 00000000000000000]
specpipeline_ln0         (specpipeline     ) [ 00000000000000000]
icmp_ln152               (icmp             ) [ 00000000000000110]
speclooptripcount_ln0    (speclooptripcount) [ 00000000000000000]
br_ln152                 (br               ) [ 00000000000000000]
specloopname_ln152       (specloopname     ) [ 00000000000000000]
write_ln174              (write            ) [ 00000000000000000]
br_ln0                   (br               ) [ 00100000000000110]
ret_ln509                (ret              ) [ 00000000000000000]
</LifeTime>

<model>

<comp_list>
<comp id="0" class="1000" name="img_in">
<pin_list>
<pin id="1" dir="1" index="0" bw="1" slack="0"/>
</pin_list>
<bind>
<StgValue><ssdm name="img_in"/></StgValue>
</bind>
</comp>

<comp id="2" class="1000" name="img_out">
<pin_list>
<pin id="3" dir="1" index="0" bw="1" slack="0"/>
</pin_list>
<bind>
<StgValue><ssdm name="img_out"/></StgValue>
</bind>
</comp>

<comp id="4" class="1000" name="blur_in">
<pin_list>
<pin id="5" dir="1" index="0" bw="1" slack="0"/>
</pin_list>
<bind>
<StgValue><ssdm name="blur_in"/></StgValue>
</bind>
</comp>

<comp id="6" class="1000" name="blur_out">
<pin_list>
<pin id="7" dir="1" index="0" bw="1" slack="0"/>
</pin_list>
<bind>
<StgValue><ssdm name="blur_out"/></StgValue>
</bind>
</comp>

<comp id="8" class="1000" name="mask_out">
<pin_list>
<pin id="9" dir="1" index="0" bw="1" slack="0"/>
</pin_list>
<bind>
<StgValue><ssdm name="mask_out"/></StgValue>
</bind>
</comp>

<comp id="10" class="1000" name="height">
<pin_list>
<pin id="11" dir="1" index="0" bw="1" slack="0"/>
</pin_list>
<bind>
<StgValue><ssdm name="height"/></StgValue>
</bind>
</comp>

<comp id="12" class="1000" name="width">
<pin_list>
<pin id="13" dir="1" index="0" bw="1" slack="0"/>
</pin_list>
<bind>
<StgValue><ssdm name="width"/></StgValue>
</bind>
</comp>

<comp id="14" class="1000" name="p_threshold">
<pin_list>
<pin id="15" dir="1" index="0" bw="1" slack="0"/>
</pin_list>
<bind>
<StgValue><ssdm name="p_threshold"/></StgValue>
</bind>
</comp>

<comp id="16" class="1000" name="height_out">
<pin_list>
<pin id="17" dir="1" index="0" bw="1" slack="0"/>
</pin_list>
<bind>
<StgValue><ssdm name="height_out"/></StgValue>
</bind>
</comp>

<comp id="18" class="1000" name="width_out">
<pin_list>
<pin id="19" dir="1" index="0" bw="1" slack="0"/>
</pin_list>
<bind>
<StgValue><ssdm name="width_out"/></StgValue>
</bind>
</comp>

<comp id="20" class="1001" name="const_20">
<pin_list>
<pin id="21" dir="1" index="0" bw="1" slack="0"/>
</pin_list>
<bind>
<StgValue><ssdm name=""/></StgValue>
</bind>
</comp>

<comp id="22" class="1001" name="const_22">
<pin_list>
<pin id="23" dir="1" index="0" bw="1" slack="0"/>
</pin_list>
<bind>
<StgValue><ssdm name=""/></StgValue>
</bind>
</comp>

<comp id="24" class="1001" name="const_24">
<pin_list>
<pin id="25" dir="1" index="0" bw="1" slack="2147483647"/>
</pin_list>
<bind>
<StgValue><ssdm name="_ssdm_op_SpecInterface"/></StgValue>
</bind>
</comp>

<comp id="26" class="1001" name="const_26">
<pin_list>
<pin id="27" dir="1" index="0" bw="1" slack="2147483647"/>
</pin_list>
<bind>
<StgValue><ssdm name="empty_1"/></StgValue>
</bind>
</comp>

<comp id="28" class="1001" name="const_28">
<pin_list>
<pin id="29" dir="1" index="0" bw="1" slack="0"/>
</pin_list>
<bind>
<StgValue><ssdm name=""/></StgValue>
</bind>
</comp>

<comp id="30" class="1001" name="const_30">
<pin_list>
<pin id="31" dir="1" index="0" bw="1" slack="2147483647"/>
</pin_list>
<bind>
<StgValue><ssdm name="empty_24"/></StgValue>
</bind>
</comp>

<comp id="32" class="1001" name="const_32">
<pin_list>
<pin id="33" dir="1" index="0" bw="1" slack="2147483647"/>
</pin_list>
<bind>
<StgValue><ssdm name="ap_fifo_str"/></StgValue>
</bind>
</comp>

<comp id="34" class="1001" name="const_34">
<pin_list>
<pin id="35" dir="1" index="0" bw="1" slack="2147483647"/>
</pin_list>
<bind>
<StgValue><ssdm name="p_str"/></StgValue>
</bind>
</comp>

<comp id="36" class="1001" name="const_36">
<pin_list>
<pin id="37" dir="1" index="0" bw="1" slack="2147483647"/>
</pin_list>
<bind>
<StgValue><ssdm name=""/></StgValue>
</bind>
</comp>

<comp id="38" class="1001" name="const_38">
<pin_list>
<pin id="39" dir="1" index="0" bw="1" slack="2147483647"/>
</pin_list>
<bind>
<StgValue><ssdm name=""/></StgValue>
</bind>
</comp>

<comp id="40" class="1001" name="const_40">
<pin_list>
<pin id="41" dir="1" index="0" bw="1" slack="2147483647"/>
</pin_list>
<bind>
<StgValue><ssdm name="ScalarProp_str"/></StgValue>
</bind>
</comp>

<comp id="42" class="1001" name="const_42">
<pin_list>
<pin id="43" dir="1" index="0" bw="1" slack="0"/>
</pin_list>
<bind>
<StgValue><ssdm name="_ssdm_op_Read.ap_fifo.i11P0A"/></StgValue>
</bind>
</comp>

<comp id="44" class="1001" name="const_44">
<pin_list>
<pin id="45" dir="1" index="0" bw="1" slack="0"/>
</pin_list>
<bind>
<StgValue><ssdm name="_ssdm_op_Read.ap_fifo.i8P0A"/></StgValue>
</bind>
</comp>

<comp id="46" class="1001" name="const_46">
<pin_list>
<pin id="47" dir="1" index="0" bw="1" slack="0"/>
</pin_list>
<bind>
<StgValue><ssdm name="_ssdm_op_Write.ap_fifo.i11P0A"/></StgValue>
</bind>
</comp>

<comp id="48" class="1001" name="const_48">
<pin_list>
<pin id="49" dir="1" index="0" bw="1" slack="2147483647"/>
</pin_list>
<bind>
<StgValue><ssdm name="_ssdm_op_SpecMemCore"/></StgValue>
</bind>
</comp>

<comp id="50" class="1001" name="const_50">
<pin_list>
<pin id="51" dir="1" index="0" bw="1" slack="2147483647"/>
</pin_list>
<bind>
<StgValue><ssdm name=""/></StgValue>
</bind>
</comp>

<comp id="52" class="1001" name="const_52">
<pin_list>
<pin id="53" dir="1" index="0" bw="1" slack="2147483647"/>
</pin_list>
<bind>
<StgValue><ssdm name=""/></StgValue>
</bind>
</comp>

<comp id="54" class="1001" name="const_54">
<pin_list>
<pin id="55" dir="1" index="0" bw="1" slack="2147483647"/>
</pin_list>
<bind>
<StgValue><ssdm name=""/></StgValue>
</bind>
</comp>

<comp id="56" class="1001" name="const_56">
<pin_list>
<pin id="57" dir="1" index="0" bw="1" slack="0"/>
</pin_list>
<bind>
<StgValue><ssdm name="_ssdm_op_BitConcatenate.i13.i11.i2"/></StgValue>
</bind>
</comp>

<comp id="58" class="1001" name="const_58">
<pin_list>
<pin id="59" dir="1" index="0" bw="1" slack="0"/>
</pin_list>
<bind>
<StgValue><ssdm name=""/></StgValue>
</bind>
</comp>

<comp id="60" class="1001" name="const_60">
<pin_list>
<pin id="61" dir="1" index="0" bw="1" slack="0"/>
</pin_list>
<bind>
<StgValue><ssdm name=""/></StgValue>
</bind>
</comp>

<comp id="62" class="1001" name="const_62">
<pin_list>
<pin id="63" dir="1" index="0" bw="1" slack="0"/>
</pin_list>
<bind>
<StgValue><ssdm name=""/></StgValue>
</bind>
</comp>

<comp id="64" class="1001" name="const_64">
<pin_list>
<pin id="65" dir="1" index="0" bw="1" slack="0"/>
</pin_list>
<bind>
<StgValue><ssdm name=""/></StgValue>
</bind>
</comp>

<comp id="66" class="1001" name="const_66">
<pin_list>
<pin id="67" dir="1" index="0" bw="1" slack="0"/>
</pin_list>
<bind>
<StgValue><ssdm name=""/></StgValue>
</bind>
</comp>

<comp id="68" class="1001" name="const_68">
<pin_list>
<pin id="69" dir="1" index="0" bw="1" slack="2147483647"/>
</pin_list>
<bind>
<StgValue><ssdm name="_ssdm_op_SpecLoopName"/></StgValue>
</bind>
</comp>

<comp id="70" class="1001" name="const_70">
<pin_list>
<pin id="71" dir="1" index="0" bw="1" slack="2147483647"/>
</pin_list>
<bind>
<StgValue><ssdm name="empty_12"/></StgValue>
</bind>
</comp>

<comp id="72" class="1001" name="const_72">
<pin_list>
<pin id="73" dir="1" index="0" bw="1" slack="0"/>
</pin_list>
<bind>
<StgValue><ssdm name=""/></StgValue>
</bind>
</comp>

<comp id="74" class="1001" name="const_74">
<pin_list>
<pin id="75" dir="1" index="0" bw="1" slack="0"/>
</pin_list>
<bind>
<StgValue><ssdm name=""/></StgValue>
</bind>
</comp>

<comp id="76" class="1001" name="const_76">
<pin_list>
<pin id="77" dir="1" index="0" bw="1" slack="2147483647"/>
</pin_list>
<bind>
<StgValue><ssdm name="_ssdm_op_SpecPipeline"/></StgValue>
</bind>
</comp>

<comp id="78" class="1001" name="const_78">
<pin_list>
<pin id="79" dir="1" index="0" bw="1" slack="2147483647"/>
</pin_list>
<bind>
<StgValue><ssdm name=""/></StgValue>
</bind>
</comp>

<comp id="80" class="1001" name="const_80">
<pin_list>
<pin id="81" dir="1" index="0" bw="1" slack="2147483647"/>
</pin_list>
<bind>
<StgValue><ssdm name="p_str29"/></StgValue>
</bind>
</comp>

<comp id="82" class="1001" name="const_82">
<pin_list>
<pin id="83" dir="1" index="0" bw="1" slack="2147483647"/>
</pin_list>
<bind>
<StgValue><ssdm name="_ssdm_op_SpecLoopTripCount"/></StgValue>
</bind>
</comp>

<comp id="84" class="1001" name="const_84">
<pin_list>
<pin id="85" dir="1" index="0" bw="1" slack="2147483647"/>
</pin_list>
<bind>
<StgValue><ssdm name="empty_3"/></StgValue>
</bind>
</comp>

<comp id="86" class="1001" name="const_86">
<pin_list>
<pin id="87" dir="1" index="0" bw="1" slack="0"/>
</pin_list>
<bind>
<StgValue><ssdm name="_ssdm_op_Read.ap_fifo.volatile.i8P0A"/></StgValue>
</bind>
</comp>

<comp id="88" class="1001" name="const_88">
<pin_list>
<pin id="89" dir="1" index="0" bw="1" slack="0"/>
</pin_list>
<bind>
<StgValue><ssdm name="_ssdm_op_Write.ap_fifo.volatile.i8P0A"/></StgValue>
</bind>
</comp>

<comp id="90" class="1001" name="const_90">
<pin_list>
<pin id="91" dir="1" index="0" bw="1" slack="0"/>
</pin_list>
<bind>
<StgValue><ssdm name=""/></StgValue>
</bind>
</comp>

<comp id="92" class="1001" name="const_92">
<pin_list>
<pin id="93" dir="1" index="0" bw="1" slack="0"/>
</pin_list>
<bind>
<StgValue><ssdm name=""/></StgValue>
</bind>
</comp>

<comp id="94" class="1001" name="const_94">
<pin_list>
<pin id="95" dir="1" index="0" bw="1" slack="0"/>
</pin_list>
<bind>
<StgValue><ssdm name=""/></StgValue>
</bind>
</comp>

<comp id="96" class="1001" name="const_96">
<pin_list>
<pin id="97" dir="1" index="0" bw="1" slack="0"/>
</pin_list>
<bind>
<StgValue><ssdm name=""/></StgValue>
</bind>
</comp>

<comp id="98" class="1001" name="const_98">
<pin_list>
<pin id="99" dir="1" index="0" bw="1" slack="0"/>
</pin_list>
<bind>
<StgValue><ssdm name=""/></StgValue>
</bind>
</comp>

<comp id="100" class="1001" name="const_100">
<pin_list>
<pin id="101" dir="1" index="0" bw="1" slack="0"/>
</pin_list>
<bind>
<StgValue><ssdm name=""/></StgValue>
</bind>
</comp>

<comp id="102" class="1001" name="const_102">
<pin_list>
<pin id="103" dir="1" index="0" bw="1" slack="0"/>
</pin_list>
<bind>
<StgValue><ssdm name=""/></StgValue>
</bind>
</comp>

<comp id="104" class="1001" name="const_104">
<pin_list>
<pin id="105" dir="1" index="0" bw="1" slack="0"/>
</pin_list>
<bind>
<StgValue><ssdm name=""/></StgValue>
</bind>
</comp>

<comp id="106" class="1001" name="const_106">
<pin_list>
<pin id="107" dir="1" index="0" bw="1" slack="0"/>
</pin_list>
<bind>
<StgValue><ssdm name=""/></StgValue>
</bind>
</comp>

<comp id="108" class="1001" name="const_108">
<pin_list>
<pin id="109" dir="1" index="0" bw="1" slack="0"/>
</pin_list>
<bind>
<StgValue><ssdm name=""/></StgValue>
</bind>
</comp>

<comp id="110" class="1001" name="const_110">
<pin_list>
<pin id="111" dir="1" index="0" bw="1" slack="0"/>
</pin_list>
<bind>
<StgValue><ssdm name=""/></StgValue>
</bind>
</comp>

<comp id="112" class="1001" name="const_112">
<pin_list>
<pin id="113" dir="1" index="0" bw="1" slack="0"/>
</pin_list>
<bind>
<StgValue><ssdm name=""/></StgValue>
</bind>
</comp>

<comp id="114" class="1001" name="const_114">
<pin_list>
<pin id="115" dir="1" index="0" bw="1" slack="0"/>
</pin_list>
<bind>
<StgValue><ssdm name=""/></StgValue>
</bind>
</comp>

<comp id="116" class="1001" name="const_116">
<pin_list>
<pin id="117" dir="1" index="0" bw="1" slack="0"/>
</pin_list>
<bind>
<StgValue><ssdm name="fast_score"/></StgValue>
</bind>
</comp>

<comp id="118" class="1001" name="const_118">
<pin_list>
<pin id="119" dir="1" index="0" bw="1" slack="0"/>
</pin_list>
<bind>
<StgValue><ssdm name=""/></StgValue>
</bind>
</comp>

<comp id="120" class="1001" name="const_120">
<pin_list>
<pin id="121" dir="1" index="0" bw="1" slack="1"/>
</pin_list>
<bind>
<StgValue><ssdm name=""/></StgValue>
</bind>
</comp>

<comp id="122" class="1001" name="const_122">
<pin_list>
<pin id="123" dir="1" index="0" bw="1" slack="0"/>
</pin_list>
<bind>
<StgValue><ssdm name=""/></StgValue>
</bind>
</comp>

<comp id="124" class="1001" name="const_124">
<pin_list>
<pin id="125" dir="1" index="0" bw="1" slack="2147483647"/>
</pin_list>
<bind>
<StgValue><ssdm name="p_str30"/></StgValue>
</bind>
</comp>

<comp id="126" class="1001" name="const_126">
<pin_list>
<pin id="127" dir="1" index="0" bw="1" slack="2147483647"/>
</pin_list>
<bind>
<StgValue><ssdm name=""/></StgValue>
</bind>
</comp>

<comp id="128" class="1001" name="const_128">
<pin_list>
<pin id="129" dir="1" index="0" bw="1" slack="2147483647"/>
</pin_list>
<bind>
<StgValue><ssdm name="empty_10"/></StgValue>
</bind>
</comp>

<comp id="130" class="1004" name="cnt_fu_130">
<pin_list>
<pin id="131" dir="0" index="0" bw="1" slack="0"/>
<pin id="132" dir="1" index="1" bw="32" slack="0"/>
</pin_list>
<bind>
<opcode="alloca(26) " fcode="alloca"/>
<opset="cnt/1 "/>
</bind>
</comp>

<comp id="134" class="1004" name="window_val_V_0_3_fu_134">
<pin_list>
<pin id="135" dir="0" index="0" bw="1" slack="0"/>
<pin id="136" dir="1" index="1" bw="8" slack="4"/>
</pin_list>
<bind>
<opcode="alloca(26) " fcode="alloca"/>
<opset="window_val_V_0_3/1 "/>
</bind>
</comp>

<comp id="138" class="1004" name="window_val_V_0_3_1_fu_138">
<pin_list>
<pin id="139" dir="0" index="0" bw="1" slack="0"/>
<pin id="140" dir="1" index="1" bw="8" slack="3"/>
</pin_list>
<bind>
<opcode="alloca(26) " fcode="alloca"/>
<opset="window_val_V_0_3_1/1 "/>
</bind>
</comp>

<comp id="142" class="1004" name="window_val_V_0_4_fu_142">
<pin_list>
<pin id="143" dir="0" index="0" bw="1" slack="0"/>
<pin id="144" dir="1" index="1" bw="8" slack="3"/>
</pin_list>
<bind>
<opcode="alloca(26) " fcode="alloca"/>
<opset="window_val_V_0_4/1 "/>
</bind>
</comp>

<comp id="146" class="1004" name="window_val_V_0_5_fu_146">
<pin_list>
<pin id="147" dir="0" index="0" bw="1" slack="0"/>
<pin id="148" dir="1" index="1" bw="8" slack="3"/>
</pin_list>
<bind>
<opcode="alloca(26) " fcode="alloca"/>
<opset="window_val_V_0_5/1 "/>
</bind>
</comp>

<comp id="150" class="1004" name="window_val_V_1_2_fu_150">
<pin_list>
<pin id="151" dir="0" index="0" bw="1" slack="0"/>
<pin id="152" dir="1" index="1" bw="8" slack="4"/>
</pin_list>
<bind>
<opcode="alloca(26) " fcode="alloca"/>
<opset="window_val_V_1_2/1 "/>
</bind>
</comp>

<comp id="154" class="1004" name="window_val_V_1_2_1_fu_154">
<pin_list>
<pin id="155" dir="0" index="0" bw="1" slack="0"/>
<pin id="156" dir="1" index="1" bw="8" slack="3"/>
</pin_list>
<bind>
<opcode="alloca(26) " fcode="alloca"/>
<opset="window_val_V_1_2_1/1 "/>
</bind>
</comp>

<comp id="158" class="1004" name="window_val_V_1_3_fu_158">
<pin_list>
<pin id="159" dir="0" index="0" bw="1" slack="0"/>
<pin id="160" dir="1" index="1" bw="8" slack="3"/>
</pin_list>
<bind>
<opcode="alloca(26) " fcode="alloca"/>
<opset="window_val_V_1_3/1 "/>
</bind>
</comp>

<comp id="162" class="1004" name="window_val_V_1_4_fu_162">
<pin_list>
<pin id="163" dir="0" index="0" bw="1" slack="0"/>
<pin id="164" dir="1" index="1" bw="8" slack="3"/>
</pin_list>
<bind>
<opcode="alloca(26) " fcode="alloca"/>
<opset="window_val_V_1_4/1 "/>
</bind>
</comp>

<comp id="166" class="1004" name="window_val_V_1_5_fu_166">
<pin_list>
<pin id="167" dir="0" index="0" bw="1" slack="0"/>
<pin id="168" dir="1" index="1" bw="8" slack="3"/>
</pin_list>
<bind>
<opcode="alloca(26) " fcode="alloca"/>
<opset="window_val_V_1_5/1 "/>
</bind>
</comp>

<comp id="170" class="1004" name="window_val_V_2_1_fu_170">
<pin_list>
<pin id="171" dir="0" index="0" bw="1" slack="0"/>
<pin id="172" dir="1" index="1" bw="8" slack="4"/>
</pin_list>
<bind>
<opcode="alloca(26) " fcode="alloca"/>
<opset="window_val_V_2_1/1 "/>
</bind>
</comp>

<comp id="174" class="1004" name="window_val_V_2_1_3_fu_174">
<pin_list>
<pin id="175" dir="0" index="0" bw="1" slack="0"/>
<pin id="176" dir="1" index="1" bw="8" slack="3"/>
</pin_list>
<bind>
<opcode="alloca(26) " fcode="alloca"/>
<opset="window_val_V_2_1_3/1 "/>
</bind>
</comp>

<comp id="178" class="1004" name="window_val_V_2_2_fu_178">
<pin_list>
<pin id="179" dir="0" index="0" bw="1" slack="0"/>
<pin id="180" dir="1" index="1" bw="8" slack="3"/>
</pin_list>
<bind>
<opcode="alloca(26) " fcode="alloca"/>
<opset="window_val_V_2_2/1 "/>
</bind>
</comp>

<comp id="182" class="1004" name="window_val_V_2_3_fu_182">
<pin_list>
<pin id="183" dir="0" index="0" bw="1" slack="0"/>
<pin id="184" dir="1" index="1" bw="8" slack="3"/>
</pin_list>
<bind>
<opcode="alloca(26) " fcode="alloca"/>
<opset="window_val_V_2_3/1 "/>
</bind>
</comp>

<comp id="186" class="1004" name="window_val_V_2_4_fu_186">
<pin_list>
<pin id="187" dir="0" index="0" bw="1" slack="0"/>
<pin id="188" dir="1" index="1" bw="8" slack="3"/>
</pin_list>
<bind>
<opcode="alloca(26) " fcode="alloca"/>
<opset="window_val_V_2_4/1 "/>
</bind>
</comp>

<comp id="190" class="1004" name="window_val_V_2_5_fu_190">
<pin_list>
<pin id="191" dir="0" index="0" bw="1" slack="0"/>
<pin id="192" dir="1" index="1" bw="8" slack="3"/>
</pin_list>
<bind>
<opcode="alloca(26) " fcode="alloca"/>
<opset="window_val_V_2_5/1 "/>
</bind>
</comp>

<comp id="194" class="1004" name="window_val_V_3_1_fu_194">
<pin_list>
<pin id="195" dir="0" index="0" bw="1" slack="0"/>
<pin id="196" dir="1" index="1" bw="8" slack="4"/>
</pin_list>
<bind>
<opcode="alloca(26) " fcode="alloca"/>
<opset="window_val_V_3_1/1 "/>
</bind>
</comp>

<comp id="198" class="1004" name="window_val_V_3_1_1_fu_198">
<pin_list>
<pin id="199" dir="0" index="0" bw="1" slack="0"/>
<pin id="200" dir="1" index="1" bw="8" slack="3"/>
</pin_list>
<bind>
<opcode="alloca(26) " fcode="alloca"/>
<opset="window_val_V_3_1_1/1 "/>
</bind>
</comp>

<comp id="202" class="1004" name="window_val_V_3_2_fu_202">
<pin_list>
<pin id="203" dir="0" index="0" bw="1" slack="0"/>
<pin id="204" dir="1" index="1" bw="8" slack="3"/>
</pin_list>
<bind>
<opcode="alloca(26) " fcode="alloca"/>
<opset="window_val_V_3_2/1 "/>
</bind>
</comp>

<comp id="206" class="1004" name="window_val_V_3_3_fu_206">
<pin_list>
<pin id="207" dir="0" index="0" bw="1" slack="0"/>
<pin id="208" dir="1" index="1" bw="8" slack="3"/>
</pin_list>
<bind>
<opcode="alloca(26) " fcode="alloca"/>
<opset="window_val_V_3_3/1 "/>
</bind>
</comp>

<comp id="210" class="1004" name="window_val_V_3_4_fu_210">
<pin_list>
<pin id="211" dir="0" index="0" bw="1" slack="0"/>
<pin id="212" dir="1" index="1" bw="8" slack="3"/>
</pin_list>
<bind>
<opcode="alloca(26) " fcode="alloca"/>
<opset="window_val_V_3_4/1 "/>
</bind>
</comp>

<comp id="214" class="1004" name="window_val_V_3_5_fu_214">
<pin_list>
<pin id="215" dir="0" index="0" bw="1" slack="0"/>
<pin id="216" dir="1" index="1" bw="8" slack="3"/>
</pin_list>
<bind>
<opcode="alloca(26) " fcode="alloca"/>
<opset="window_val_V_3_5/1 "/>
</bind>
</comp>

<comp id="218" class="1004" name="window_val_V_4_1_fu_218">
<pin_list>
<pin id="219" dir="0" index="0" bw="1" slack="0"/>
<pin id="220" dir="1" index="1" bw="8" slack="3"/>
</pin_list>
<bind>
<opcode="alloca(26) " fcode="alloca"/>
<opset="window_val_V_4_1/1 "/>
</bind>
</comp>

<comp id="222" class="1004" name="window_val_V_4_1_1_fu_222">
<pin_list>
<pin id="223" dir="0" index="0" bw="1" slack="0"/>
<pin id="224" dir="1" index="1" bw="8" slack="3"/>
</pin_list>
<bind>
<opcode="alloca(26) " fcode="alloca"/>
<opset="window_val_V_4_1_1/1 "/>
</bind>
</comp>

<comp id="226" class="1004" name="window_val_V_4_2_fu_226">
<pin_list>
<pin id="227" dir="0" index="0" bw="1" slack="0"/>
<pin id="228" dir="1" index="1" bw="8" slack="3"/>
</pin_list>
<bind>
<opcode="alloca(26) " fcode="alloca"/>
<opset="window_val_V_4_2/1 "/>
</bind>
</comp>

<comp id="230" class="1004" name="window_val_V_4_3_fu_230">
<pin_list>
<pin id="231" dir="0" index="0" bw="1" slack="0"/>
<pin id="232" dir="1" index="1" bw="8" slack="3"/>
</pin_list>
<bind>
<opcode="alloca(26) " fcode="alloca"/>
<opset="window_val_V_4_3/1 "/>
</bind>
</comp>

<comp id="234" class="1004" name="window_val_V_4_4_fu_234">
<pin_list>
<pin id="235" dir="0" index="0" bw="1" slack="0"/>
<pin id="236" dir="1" index="1" bw="8" slack="3"/>
</pin_list>
<bind>
<opcode="alloca(26) " fcode="alloca"/>
<opset="window_val_V_4_4/1 "/>
</bind>
</comp>

<comp id="238" class="1004" name="window_val_V_4_5_fu_238">
<pin_list>
<pin id="239" dir="0" index="0" bw="1" slack="0"/>
<pin id="240" dir="1" index="1" bw="8" slack="3"/>
</pin_list>
<bind>
<opcode="alloca(26) " fcode="alloca"/>
<opset="window_val_V_4_5/1 "/>
</bind>
</comp>

<comp id="242" class="1004" name="window_val_V_5_2_fu_242">
<pin_list>
<pin id="243" dir="0" index="0" bw="1" slack="0"/>
<pin id="244" dir="1" index="1" bw="8" slack="3"/>
</pin_list>
<bind>
<opcode="alloca(26) " fcode="alloca"/>
<opset="window_val_V_5_2/1 "/>
</bind>
</comp>

<comp id="246" class="1004" name="window_val_V_5_2_1_fu_246">
<pin_list>
<pin id="247" dir="0" index="0" bw="1" slack="0"/>
<pin id="248" dir="1" index="1" bw="8" slack="3"/>
</pin_list>
<bind>
<opcode="alloca(26) " fcode="alloca"/>
<opset="window_val_V_5_2_1/1 "/>
</bind>
</comp>

<comp id="250" class="1004" name="window_val_V_5_3_fu_250">
<pin_list>
<pin id="251" dir="0" index="0" bw="1" slack="0"/>
<pin id="252" dir="1" index="1" bw="8" slack="3"/>
</pin_list>
<bind>
<opcode="alloca(26) " fcode="alloca"/>
<opset="window_val_V_5_3/1 "/>
</bind>
</comp>

<comp id="254" class="1004" name="window_val_V_5_4_fu_254">
<pin_list>
<pin id="255" dir="0" index="0" bw="1" slack="0"/>
<pin id="256" dir="1" index="1" bw="8" slack="3"/>
</pin_list>
<bind>
<opcode="alloca(26) " fcode="alloca"/>
<opset="window_val_V_5_4/1 "/>
</bind>
</comp>

<comp id="258" class="1004" name="window_val_V_5_5_fu_258">
<pin_list>
<pin id="259" dir="0" index="0" bw="1" slack="0"/>
<pin id="260" dir="1" index="1" bw="8" slack="3"/>
</pin_list>
<bind>
<opcode="alloca(26) " fcode="alloca"/>
<opset="window_val_V_5_5/1 "/>
</bind>
</comp>

<comp id="262" class="1004" name="window_val_V_6_3_fu_262">
<pin_list>
<pin id="263" dir="0" index="0" bw="1" slack="0"/>
<pin id="264" dir="1" index="1" bw="8" slack="3"/>
</pin_list>
<bind>
<opcode="alloca(26) " fcode="alloca"/>
<opset="window_val_V_6_3/1 "/>
</bind>
</comp>

<comp id="266" class="1004" name="window_val_V_6_3_1_fu_266">
<pin_list>
<pin id="267" dir="0" index="0" bw="1" slack="0"/>
<pin id="268" dir="1" index="1" bw="8" slack="3"/>
</pin_list>
<bind>
<opcode="alloca(26) " fcode="alloca"/>
<opset="window_val_V_6_3_1/1 "/>
</bind>
</comp>

<comp id="270" class="1004" name="window_val_V_6_4_fu_270">
<pin_list>
<pin id="271" dir="0" index="0" bw="1" slack="0"/>
<pin id="272" dir="1" index="1" bw="8" slack="3"/>
</pin_list>
<bind>
<opcode="alloca(26) " fcode="alloca"/>
<opset="window_val_V_6_4/1 "/>
</bind>
</comp>

<comp id="274" class="1004" name="window_val_V_6_5_fu_274">
<pin_list>
<pin id="275" dir="0" index="0" bw="1" slack="0"/>
<pin id="276" dir="1" index="1" bw="8" slack="3"/>
</pin_list>
<bind>
<opcode="alloca(26) " fcode="alloca"/>
<opset="window_val_V_6_5/1 "/>
</bind>
</comp>

<comp id="278" class="1004" name="line_buffer_val_V_1_alloca_fu_278">
<pin_list>
<pin id="279" dir="0" index="0" bw="1" slack="0"/>
<pin id="280" dir="1" index="1" bw="8" slack="2147483647"/>
</pin_list>
<bind>
<opcode="alloca(26) " fcode="alloca"/>
<opset="line_buffer_val_V_1/1 "/>
</bind>
</comp>

<comp id="282" class="1004" name="line_buffer_val_V_2_alloca_fu_282">
<pin_list>
<pin id="283" dir="0" index="0" bw="1" slack="0"/>
<pin id="284" dir="1" index="1" bw="8" slack="2147483647"/>
</pin_list>
<bind>
<opcode="alloca(26) " fcode="alloca"/>
<opset="line_buffer_val_V_2/1 "/>
</bind>
</comp>

<comp id="286" class="1004" name="line_buffer_val_V_3_alloca_fu_286">
<pin_list>
<pin id="287" dir="0" index="0" bw="1" slack="0"/>
<pin id="288" dir="1" index="1" bw="8" slack="2147483647"/>
</pin_list>
<bind>
<opcode="alloca(26) " fcode="alloca"/>
<opset="line_buffer_val_V_3/1 "/>
</bind>
</comp>

<comp id="290" class="1004" name="line_buffer_val_V_4_alloca_fu_290">
<pin_list>
<pin id="291" dir="0" index="0" bw="1" slack="0"/>
<pin id="292" dir="1" index="1" bw="8" slack="2147483647"/>
</pin_list>
<bind>
<opcode="alloca(26) " fcode="alloca"/>
<opset="line_buffer_val_V_4/1 "/>
</bind>
</comp>

<comp id="294" class="1004" name="line_buffer_val_V_5_alloca_fu_294">
<pin_list>
<pin id="295" dir="0" index="0" bw="1" slack="0"/>
<pin id="296" dir="1" index="1" bw="8" slack="2147483647"/>
</pin_list>
<bind>
<opcode="alloca(26) " fcode="alloca"/>
<opset="line_buffer_val_V_5/1 "/>
</bind>
</comp>

<comp id="298" class="1004" name="line_buffer_val_V_6_alloca_fu_298">
<pin_list>
<pin id="299" dir="0" index="0" bw="1" slack="0"/>
<pin id="300" dir="1" index="1" bw="8" slack="2147483647"/>
</pin_list>
<bind>
<opcode="alloca(26) " fcode="alloca"/>
<opset="line_buffer_val_V_6/1 "/>
</bind>
</comp>

<comp id="302" class="1004" name="height_read_read_fu_302">
<pin_list>
<pin id="303" dir="0" index="0" bw="11" slack="0"/>
<pin id="304" dir="0" index="1" bw="11" slack="0"/>
<pin id="305" dir="1" index="2" bw="11" slack="0"/>
</pin_list>
<bind>
<opcode="read(1150) " fcode="read"/>
<opset="height_read/1 "/>
</bind>
</comp>

<comp id="308" class="1004" name="width_read_read_fu_308">
<pin_list>
<pin id="309" dir="0" index="0" bw="11" slack="0"/>
<pin id="310" dir="0" index="1" bw="11" slack="0"/>
<pin id="311" dir="1" index="2" bw="11" slack="0"/>
</pin_list>
<bind>
<opcode="read(1150) " fcode="read"/>
<opset="width_read/1 "/>
</bind>
</comp>

<comp id="314" class="1004" name="p_threshold_read_read_fu_314">
<pin_list>
<pin id="315" dir="0" index="0" bw="8" slack="0"/>
<pin id="316" dir="0" index="1" bw="8" slack="0"/>
<pin id="317" dir="1" index="2" bw="8" slack="0"/>
</pin_list>
<bind>
<opcode="read(1150) " fcode="read"/>
<opset="p_threshold_read/1 "/>
</bind>
</comp>

<comp id="320" class="1004" name="write_ln509_write_fu_320">
<pin_list>
<pin id="321" dir="0" index="0" bw="0" slack="0"/>
<pin id="322" dir="0" index="1" bw="11" slack="0"/>
<pin id="323" dir="0" index="2" bw="11" slack="0"/>
<pin id="324" dir="1" index="3" bw="0" slack="2147483647"/>
</pin_list>
<bind>
<opcode="write(1151) " fcode="write"/>
<opset="write_ln509/1 "/>
</bind>
</comp>

<comp id="328" class="1004" name="write_ln509_write_fu_328">
<pin_list>
<pin id="329" dir="0" index="0" bw="0" slack="0"/>
<pin id="330" dir="0" index="1" bw="11" slack="0"/>
<pin id="331" dir="0" index="2" bw="11" slack="0"/>
<pin id="332" dir="1" index="3" bw="0" slack="2147483647"/>
</pin_list>
<bind>
<opcode="write(1151) " fcode="write"/>
<opset="write_ln509/1 "/>
</bind>
</comp>

<comp id="336" class="1004" name="tmp_read_fu_336">
<pin_list>
<pin id="337" dir="0" index="0" bw="8" slack="0"/>
<pin id="338" dir="0" index="1" bw="8" slack="0"/>
<pin id="339" dir="1" index="2" bw="8" slack="0"/>
</pin_list>
<bind>
<opcode="read(1150) " fcode="read"/>
<opset="tmp/4 "/>
</bind>
</comp>

<comp id="342" class="1004" name="tmp_26_read_fu_342">
<pin_list>
<pin id="343" dir="0" index="0" bw="8" slack="0"/>
<pin id="344" dir="0" index="1" bw="8" slack="0"/>
<pin id="345" dir="1" index="2" bw="8" slack="0"/>
</pin_list>
<bind>
<opcode="read(1150) " fcode="read"/>
<opset="tmp_26/4 "/>
</bind>
</comp>

<comp id="348" class="1004" name="write_ln174_write_fu_348">
<pin_list>
<pin id="349" dir="0" index="0" bw="0" slack="0"/>
<pin id="350" dir="0" index="1" bw="8" slack="0"/>
<pin id="351" dir="0" index="2" bw="8" slack="0"/>
<pin id="352" dir="1" index="3" bw="0" slack="2147483647"/>
</pin_list>
<bind>
<opcode="write(1151) " fcode="write"/>
<opset="write_ln174/4 "/>
</bind>
</comp>

<comp id="356" class="1004" name="write_ln174_write_fu_356">
<pin_list>
<pin id="357" dir="0" index="0" bw="0" slack="0"/>
<pin id="358" dir="0" index="1" bw="8" slack="0"/>
<pin id="359" dir="0" index="2" bw="8" slack="0"/>
<pin id="360" dir="1" index="3" bw="0" slack="2147483647"/>
</pin_list>
<bind>
<opcode="write(1151) " fcode="write"/>
<opset="write_ln174/4 "/>
</bind>
</comp>

<comp id="364" class="1004" name="grp_write_fu_364">
<pin_list>
<pin id="365" dir="0" index="0" bw="0" slack="0"/>
<pin id="366" dir="0" index="1" bw="8" slack="0"/>
<pin id="367" dir="0" index="2" bw="8" slack="0"/>
<pin id="368" dir="1" index="3" bw="0" slack="2147483647"/>
</pin_list>
<bind>
<opcode="write(1151) " fcode="write"/>
<opset="write_ln174/12 write_ln174/15 "/>
</bind>
</comp>

<comp id="372" class="1004" name="line_buffer_val_V_1_addr_gep_fu_372">
<pin_list>
<pin id="373" dir="0" index="0" bw="8" slack="2147483647"/>
<pin id="374" dir="0" index="1" bw="1" slack="0"/>
<pin id="375" dir="0" index="2" bw="11" slack="0"/>
<pin id="376" dir="1" index="3" bw="11" slack="0"/>
</pin_list>
<bind>
<opcode="getelementptr(29) " fcode="getelementptr"/>
<opset="line_buffer_val_V_1_addr/3 "/>
</bind>
</comp>

<comp id="378" class="1004" name="grp_access_fu_378">
<pin_list>
<pin id="379" dir="0" index="0" bw="11" slack="0"/>
<pin id="380" dir="0" index="1" bw="8" slack="2147483647"/>
<pin id="381" dir="0" index="2" bw="0" slack="1"/>
<pin id="444" dir="0" index="4" bw="11" slack="0"/>
<pin id="445" dir="0" index="5" bw="8" slack="2147483647"/>
<pin id="446" dir="0" index="6" bw="0" slack="2147483647"/>
<pin id="382" dir="1" index="3" bw="8" slack="0"/>
<pin id="447" dir="1" index="7" bw="8" slack="2147483647"/>
</pin_list>
<bind>
<opcode="load(27) store(28) " fcode="store"/>
<opset="window_val_V_0_6/3 store_ln871/4 "/>
</bind>
</comp>

<comp id="384" class="1004" name="line_buffer_val_V_2_addr_gep_fu_384">
<pin_list>
<pin id="385" dir="0" index="0" bw="8" slack="2147483647"/>
<pin id="386" dir="0" index="1" bw="1" slack="0"/>
<pin id="387" dir="0" index="2" bw="11" slack="0"/>
<pin id="388" dir="1" index="3" bw="11" slack="0"/>
</pin_list>
<bind>
<opcode="getelementptr(29) " fcode="getelementptr"/>
<opset="line_buffer_val_V_2_addr/3 "/>
</bind>
</comp>

<comp id="390" class="1004" name="grp_access_fu_390">
<pin_list>
<pin id="391" dir="0" index="0" bw="11" slack="0"/>
<pin id="392" dir="0" index="1" bw="8" slack="2147483647"/>
<pin id="393" dir="0" index="2" bw="0" slack="1"/>
<pin id="449" dir="0" index="4" bw="11" slack="0"/>
<pin id="450" dir="0" index="5" bw="8" slack="2147483647"/>
<pin id="451" dir="0" index="6" bw="0" slack="2147483647"/>
<pin id="394" dir="1" index="3" bw="8" slack="0"/>
<pin id="452" dir="1" index="7" bw="8" slack="2147483647"/>
</pin_list>
<bind>
<opcode="load(27) store(28) " fcode="store"/>
<opset="window_val_V_1_6/3 store_ln871/4 "/>
</bind>
</comp>

<comp id="396" class="1004" name="line_buffer_val_V_3_addr_gep_fu_396">
<pin_list>
<pin id="397" dir="0" index="0" bw="8" slack="2147483647"/>
<pin id="398" dir="0" index="1" bw="1" slack="0"/>
<pin id="399" dir="0" index="2" bw="11" slack="0"/>
<pin id="400" dir="1" index="3" bw="11" slack="0"/>
</pin_list>
<bind>
<opcode="getelementptr(29) " fcode="getelementptr"/>
<opset="line_buffer_val_V_3_addr/3 "/>
</bind>
</comp>

<comp id="402" class="1004" name="grp_access_fu_402">
<pin_list>
<pin id="403" dir="0" index="0" bw="11" slack="0"/>
<pin id="404" dir="0" index="1" bw="8" slack="2147483647"/>
<pin id="405" dir="0" index="2" bw="0" slack="1"/>
<pin id="454" dir="0" index="4" bw="11" slack="0"/>
<pin id="455" dir="0" index="5" bw="8" slack="2147483647"/>
<pin id="456" dir="0" index="6" bw="0" slack="2147483647"/>
<pin id="406" dir="1" index="3" bw="8" slack="0"/>
<pin id="457" dir="1" index="7" bw="8" slack="2147483647"/>
</pin_list>
<bind>
<opcode="load(27) store(28) " fcode="store"/>
<opset="window_val_V_2_6/3 store_ln871/4 "/>
</bind>
</comp>

<comp id="408" class="1004" name="line_buffer_val_V_4_addr_gep_fu_408">
<pin_list>
<pin id="409" dir="0" index="0" bw="8" slack="2147483647"/>
<pin id="410" dir="0" index="1" bw="1" slack="0"/>
<pin id="411" dir="0" index="2" bw="11" slack="0"/>
<pin id="412" dir="1" index="3" bw="11" slack="0"/>
</pin_list>
<bind>
<opcode="getelementptr(29) " fcode="getelementptr"/>
<opset="line_buffer_val_V_4_addr/3 "/>
</bind>
</comp>

<comp id="414" class="1004" name="grp_access_fu_414">
<pin_list>
<pin id="415" dir="0" index="0" bw="11" slack="0"/>
<pin id="416" dir="0" index="1" bw="8" slack="2147483647"/>
<pin id="417" dir="0" index="2" bw="0" slack="1"/>
<pin id="459" dir="0" index="4" bw="11" slack="0"/>
<pin id="460" dir="0" index="5" bw="8" slack="2147483647"/>
<pin id="461" dir="0" index="6" bw="0" slack="2147483647"/>
<pin id="418" dir="1" index="3" bw="8" slack="0"/>
<pin id="462" dir="1" index="7" bw="8" slack="2147483647"/>
</pin_list>
<bind>
<opcode="load(27) store(28) " fcode="store"/>
<opset="window_val_V_3_6/3 store_ln871/4 "/>
</bind>
</comp>

<comp id="420" class="1004" name="line_buffer_val_V_5_addr_gep_fu_420">
<pin_list>
<pin id="421" dir="0" index="0" bw="8" slack="2147483647"/>
<pin id="422" dir="0" index="1" bw="1" slack="0"/>
<pin id="423" dir="0" index="2" bw="11" slack="0"/>
<pin id="424" dir="1" index="3" bw="11" slack="0"/>
</pin_list>
<bind>
<opcode="getelementptr(29) " fcode="getelementptr"/>
<opset="line_buffer_val_V_5_addr/3 "/>
</bind>
</comp>

<comp id="426" class="1004" name="grp_access_fu_426">
<pin_list>
<pin id="427" dir="0" index="0" bw="11" slack="0"/>
<pin id="428" dir="0" index="1" bw="8" slack="2147483647"/>
<pin id="429" dir="0" index="2" bw="0" slack="1"/>
<pin id="464" dir="0" index="4" bw="11" slack="0"/>
<pin id="465" dir="0" index="5" bw="8" slack="2147483647"/>
<pin id="466" dir="0" index="6" bw="0" slack="2147483647"/>
<pin id="430" dir="1" index="3" bw="8" slack="0"/>
<pin id="467" dir="1" index="7" bw="8" slack="2147483647"/>
</pin_list>
<bind>
<opcode="load(27) store(28) " fcode="store"/>
<opset="window_val_V_4_6/3 store_ln871/4 "/>
</bind>
</comp>

<comp id="432" class="1004" name="line_buffer_val_V_6_addr_gep_fu_432">
<pin_list>
<pin id="433" dir="0" index="0" bw="8" slack="2147483647"/>
<pin id="434" dir="0" index="1" bw="1" slack="0"/>
<pin id="435" dir="0" index="2" bw="11" slack="0"/>
<pin id="436" dir="1" index="3" bw="11" slack="0"/>
</pin_list>
<bind>
<opcode="getelementptr(29) " fcode="getelementptr"/>
<opset="line_buffer_val_V_6_addr/3 "/>
</bind>
</comp>

<comp id="438" class="1004" name="grp_access_fu_438">
<pin_list>
<pin id="439" dir="0" index="0" bw="11" slack="0"/>
<pin id="440" dir="0" index="1" bw="8" slack="2147483647"/>
<pin id="441" dir="0" index="2" bw="0" slack="1"/>
<pin id="469" dir="0" index="4" bw="11" slack="0"/>
<pin id="470" dir="0" index="5" bw="8" slack="2147483647"/>
<pin id="471" dir="0" index="6" bw="0" slack="2147483647"/>
<pin id="442" dir="1" index="3" bw="8" slack="0"/>
<pin id="472" dir="1" index="7" bw="8" slack="2147483647"/>
</pin_list>
<bind>
<opcode="load(27) store(28) " fcode="store"/>
<opset="window_val_V_5_6/3 store_ln908/4 "/>
</bind>
</comp>

<comp id="474" class="1005" name="i_reg_474">
<pin_list>
<pin id="475" dir="0" index="0" bw="11" slack="1"/>
<pin id="476" dir="1" index="1" bw="11" slack="1"/>
</pin_list>
<bind>
<opset="i (phireg) "/>
</bind>
</comp>

<comp id="478" class="1004" name="i_phi_fu_478">
<pin_list>
<pin id="479" dir="0" index="0" bw="1" slack="1"/>
<pin id="480" dir="0" index="1" bw="0" slack="2147483647"/>
<pin id="481" dir="0" index="2" bw="11" slack="0"/>
<pin id="482" dir="0" index="3" bw="0" slack="2147483647"/>
<pin id="483" dir="1" index="4" bw="11" slack="0"/>
</pin_list>
<bind>
<opcode="phi(47) " fcode="phi"/>
<opset="i/2 "/>
</bind>
</comp>

<comp id="485" class="1005" name="j_reg_485">
<pin_list>
<pin id="486" dir="0" index="0" bw="11" slack="1"/>
<pin id="487" dir="1" index="1" bw="11" slack="1"/>
</pin_list>
<bind>
<opset="j (phireg) "/>
</bind>
</comp>

<comp id="489" class="1004" name="j_phi_fu_489">
<pin_list>
<pin id="490" dir="0" index="0" bw="11" slack="0"/>
<pin id="491" dir="0" index="1" bw="0" slack="2147483647"/>
<pin id="492" dir="0" index="2" bw="1" slack="1"/>
<pin id="493" dir="0" index="3" bw="0" slack="2147483647"/>
<pin id="494" dir="1" index="4" bw="11" slack="0"/>
</pin_list>
<bind>
<opcode="phi(47) " fcode="phi"/>
<opset="j/3 "/>
</bind>
</comp>

<comp id="496" class="1005" name="cnt_6_reg_496">
<pin_list>
<pin id="497" dir="0" index="0" bw="32" slack="2147483647"/>
<pin id="498" dir="1" index="1" bw="32" slack="2147483647"/>
</pin_list>
<bind>
<opset="cnt_6 (phireg) "/>
</bind>
</comp>

<comp id="499" class="1004" name="cnt_6_phi_fu_499">
<pin_list>
<pin id="500" dir="0" index="0" bw="32" slack="0"/>
<pin id="501" dir="0" index="1" bw="0" slack="2147483647"/>
<pin id="502" dir="0" index="2" bw="32" slack="1"/>
<pin id="503" dir="0" index="3" bw="0" slack="2147483647"/>
<pin id="504" dir="1" index="4" bw="32" slack="0"/>
</pin_list>
<bind>
<opcode="phi(47) " fcode="phi"/>
<opset="cnt_6/3 "/>
</bind>
</comp>

<comp id="505" class="1005" name="mask_reg_505">
<pin_list>
<pin id="506" dir="0" index="0" bw="8" slack="5"/>
<pin id="507" dir="1" index="1" bw="8" slack="5"/>
</pin_list>
<bind>
<opset="mask (phireg) "/>
</bind>
</comp>

<comp id="509" class="1004" name="mask_phi_fu_509">
<pin_list>
<pin id="510" dir="0" index="0" bw="1" slack="5"/>
<pin id="511" dir="0" index="1" bw="0" slack="2147483647"/>
<pin id="512" dir="0" index="2" bw="8" slack="1"/>
<pin id="513" dir="0" index="3" bw="0" slack="2147483647"/>
<pin id="514" dir="0" index="4" bw="1" slack="9"/>
<pin id="515" dir="0" index="5" bw="0" slack="2147483647"/>
<pin id="516" dir="1" index="6" bw="8" slack="0"/>
</pin_list>
<bind>
<opcode="phi(47) " fcode="phi"/>
<opset="mask/12 "/>
</bind>
</comp>

<comp id="520" class="1005" name="k_reg_520">
<pin_list>
<pin id="521" dir="0" index="0" bw="14" slack="1"/>
<pin id="522" dir="1" index="1" bw="14" slack="1"/>
</pin_list>
<bind>
<opset="k (phireg) "/>
</bind>
</comp>

<comp id="524" class="1004" name="k_phi_fu_524">
<pin_list>
<pin id="525" dir="0" index="0" bw="14" slack="0"/>
<pin id="526" dir="0" index="1" bw="0" slack="2147483647"/>
<pin id="527" dir="0" index="2" bw="1" slack="1"/>
<pin id="528" dir="0" index="3" bw="0" slack="2147483647"/>
<pin id="529" dir="1" index="4" bw="14" slack="0"/>
</pin_list>
<bind>
<opcode="phi(47) " fcode="phi"/>
<opset="k/14 "/>
</bind>
</comp>

<comp id="531" class="1004" name="grp_fast_score_fu_531">
<pin_list>
<pin id="532" dir="0" index="0" bw="8" slack="0"/>
<pin id="533" dir="0" index="1" bw="9" slack="2"/>
<pin id="534" dir="0" index="2" bw="9" slack="3"/>
<pin id="535" dir="0" index="3" bw="9" slack="3"/>
<pin id="536" dir="0" index="4" bw="9" slack="3"/>
<pin id="537" dir="0" index="5" bw="9" slack="3"/>
<pin id="538" dir="0" index="6" bw="9" slack="3"/>
<pin id="539" dir="0" index="7" bw="9" slack="3"/>
<pin id="540" dir="0" index="8" bw="9" slack="3"/>
<pin id="541" dir="0" index="9" bw="9" slack="3"/>
<pin id="542" dir="0" index="10" bw="9" slack="3"/>
<pin id="543" dir="0" index="11" bw="9" slack="3"/>
<pin id="544" dir="0" index="12" bw="9" slack="3"/>
<pin id="545" dir="0" index="13" bw="9" slack="2"/>
<pin id="546" dir="0" index="14" bw="9" slack="2"/>
<pin id="547" dir="0" index="15" bw="9" slack="2"/>
<pin id="548" dir="0" index="16" bw="9" slack="2"/>
<pin id="549" dir="0" index="17" bw="8" slack="6"/>
<pin id="550" dir="1" index="18" bw="8" slack="1"/>
</pin_list>
<bind>
<opcode="call(48) " fcode="call"/>
<opset="ref_tmp166_i/7 "/>
</bind>
</comp>

<comp id="552" class="1004" name="width_cast4_i_fu_552">
<pin_list>
<pin id="553" dir="0" index="0" bw="11" slack="0"/>
<pin id="554" dir="1" index="1" bw="32" slack="4"/>
</pin_list>
<bind>
<opcode="zext(34) " fcode="zext"/>
<opset="width_cast4_i/1 "/>
</bind>
</comp>

<comp id="556" class="1004" name="width_cast1_i_fu_556">
<pin_list>
<pin id="557" dir="0" index="0" bw="11" slack="0"/>
<pin id="558" dir="1" index="1" bw="14" slack="0"/>
</pin_list>
<bind>
<opcode="zext(34) " fcode="zext"/>
<opset="width_cast1_i/1 "/>
</bind>
</comp>

<comp id="560" class="1004" name="p_shl_i_fu_560">
<pin_list>
<pin id="561" dir="0" index="0" bw="13" slack="0"/>
<pin id="562" dir="0" index="1" bw="11" slack="0"/>
<pin id="563" dir="0" index="2" bw="1" slack="0"/>
<pin id="564" dir="1" index="3" bw="13" slack="0"/>
</pin_list>
<bind>
<opcode="bitconcatenate(1004) " fcode="bitconcatenate"/>
<opset="p_shl_i/1 "/>
</bind>
</comp>

<comp id="568" class="1004" name="p_shl_cast_i_fu_568">
<pin_list>
<pin id="569" dir="0" index="0" bw="13" slack="0"/>
<pin id="570" dir="1" index="1" bw="14" slack="0"/>
</pin_list>
<bind>
<opcode="zext(34) " fcode="zext"/>
<opset="p_shl_cast_i/1 "/>
</bind>
</comp>

<comp id="572" class="1004" name="mul_i_fu_572">
<pin_list>
<pin id="573" dir="0" index="0" bw="13" slack="0"/>
<pin id="574" dir="0" index="1" bw="11" slack="0"/>
<pin id="575" dir="1" index="2" bw="14" slack="0"/>
</pin_list>
<bind>
<opcode="sub(10) " fcode="sub"/>
<opset="mul_i/1 "/>
</bind>
</comp>

<comp id="578" class="1004" name="mul_cast_i_fu_578">
<pin_list>
<pin id="579" dir="0" index="0" bw="14" slack="0"/>
<pin id="580" dir="1" index="1" bw="15" slack="0"/>
</pin_list>
<bind>
<opcode="sext(35) " fcode="sext"/>
<opset="mul_cast_i/1 "/>
</bind>
</comp>

<comp id="582" class="1004" name="add_i_fu_582">
<pin_list>
<pin id="583" dir="0" index="0" bw="14" slack="0"/>
<pin id="584" dir="0" index="1" bw="3" slack="0"/>
<pin id="585" dir="1" index="2" bw="15" slack="0"/>
</pin_list>
<bind>
<opcode="add(8) " fcode="add"/>
<opset="add_i/1 "/>
</bind>
</comp>

<comp id="588" class="1004" name="add_cast_i_fu_588">
<pin_list>
<pin id="589" dir="0" index="0" bw="15" slack="0"/>
<pin id="590" dir="1" index="1" bw="32" slack="2"/>
</pin_list>
<bind>
<opcode="sext(35) " fcode="sext"/>
<opset="add_cast_i/1 "/>
</bind>
</comp>

<comp id="592" class="1004" name="p_threshold_cast_i_fu_592">
<pin_list>
<pin id="593" dir="0" index="0" bw="8" slack="0"/>
<pin id="594" dir="1" index="1" bw="9" slack="0"/>
</pin_list>
<bind>
<opcode="zext(34) " fcode="zext"/>
<opset="p_threshold_cast_i/1 "/>
</bind>
</comp>

<comp id="596" class="1004" name="sub_i_fu_596">
<pin_list>
<pin id="597" dir="0" index="0" bw="1" slack="0"/>
<pin id="598" dir="0" index="1" bw="8" slack="0"/>
<pin id="599" dir="1" index="2" bw="9" slack="3"/>
</pin_list>
<bind>
<opcode="sub(10) " fcode="sub"/>
<opset="sub_i/1 "/>
</bind>
</comp>

<comp id="602" class="1004" name="cmp1633_i_fu_602">
<pin_list>
<pin id="603" dir="0" index="0" bw="11" slack="0"/>
<pin id="604" dir="0" index="1" bw="11" slack="0"/>
<pin id="605" dir="1" index="2" bw="1" slack="1"/>
</pin_list>
<bind>
<opcode="icmp(45) " fcode="icmp"/>
<opset="cmp1633_i/1 "/>
</bind>
</comp>

<comp id="608" class="1004" name="store_ln70_store_fu_608">
<pin_list>
<pin id="609" dir="0" index="0" bw="1" slack="0"/>
<pin id="610" dir="0" index="1" bw="32" slack="0"/>
<pin id="611" dir="1" index="2" bw="0" slack="2147483647"/>
</pin_list>
<bind>
<opcode="store(28) " fcode="store"/>
<opset="store_ln70/1 "/>
</bind>
</comp>

<comp id="613" class="1004" name="i_5_fu_613">
<pin_list>
<pin id="614" dir="0" index="0" bw="11" slack="0"/>
<pin id="615" dir="0" index="1" bw="1" slack="0"/>
<pin id="616" dir="1" index="2" bw="11" slack="0"/>
</pin_list>
<bind>
<opcode="add(8) " fcode="add"/>
<opset="i_5/2 "/>
</bind>
</comp>

<comp id="619" class="1004" name="cnt_5_load_fu_619">
<pin_list>
<pin id="620" dir="0" index="0" bw="32" slack="1"/>
<pin id="621" dir="1" index="1" bw="32" slack="1"/>
</pin_list>
<bind>
<opcode="load(27) " fcode="load"/>
<opset="cnt_5/2 "/>
</bind>
</comp>

<comp id="622" class="1004" name="icmp_ln70_fu_622">
<pin_list>
<pin id="623" dir="0" index="0" bw="11" slack="0"/>
<pin id="624" dir="0" index="1" bw="11" slack="1"/>
<pin id="625" dir="1" index="2" bw="1" slack="1"/>
</pin_list>
<bind>
<opcode="icmp(45) " fcode="icmp"/>
<opset="icmp_ln70/2 "/>
</bind>
</comp>

<comp id="627" class="1004" name="cmp7_i_fu_627">
<pin_list>
<pin id="628" dir="0" index="0" bw="11" slack="0"/>
<pin id="629" dir="0" index="1" bw="11" slack="0"/>
<pin id="630" dir="1" index="2" bw="1" slack="1"/>
</pin_list>
<bind>
<opcode="icmp(45) " fcode="icmp"/>
<opset="cmp7_i/2 "/>
</bind>
</comp>

<comp id="633" class="1004" name="add_ln72_1_fu_633">
<pin_list>
<pin id="634" dir="0" index="0" bw="11" slack="0"/>
<pin id="635" dir="0" index="1" bw="1" slack="0"/>
<pin id="636" dir="1" index="2" bw="11" slack="0"/>
</pin_list>
<bind>
<opcode="add(8) " fcode="add"/>
<opset="add_ln72_1/3 "/>
</bind>
</comp>

<comp id="639" class="1004" name="icmp_ln72_fu_639">
<pin_list>
<pin id="640" dir="0" index="0" bw="11" slack="0"/>
<pin id="641" dir="0" index="1" bw="11" slack="2"/>
<pin id="642" dir="1" index="2" bw="1" slack="1"/>
</pin_list>
<bind>
<opcode="icmp(45) " fcode="icmp"/>
<opset="icmp_ln72/3 "/>
</bind>
</comp>

<comp id="644" class="1004" name="j_cast5_i_fu_644">
<pin_list>
<pin id="645" dir="0" index="0" bw="11" slack="0"/>
<pin id="646" dir="1" index="1" bw="64" slack="0"/>
</pin_list>
<bind>
<opcode="zext(34) " fcode="zext"/>
<opset="j_cast5_i/3 "/>
</bind>
</comp>

<comp id="654" class="1004" name="icmp_ln83_fu_654">
<pin_list>
<pin id="655" dir="0" index="0" bw="32" slack="0"/>
<pin id="656" dir="0" index="1" bw="32" slack="2"/>
<pin id="657" dir="1" index="2" bw="1" slack="1"/>
</pin_list>
<bind>
<opcode="icmp(45) " fcode="icmp"/>
<opset="icmp_ln83/3 "/>
</bind>
</comp>

<comp id="659" class="1004" name="icmp_ln85_fu_659">
<pin_list>
<pin id="660" dir="0" index="0" bw="11" slack="0"/>
<pin id="661" dir="0" index="1" bw="11" slack="0"/>
<pin id="662" dir="1" index="2" bw="1" slack="0"/>
</pin_list>
<bind>
<opcode="icmp(45) " fcode="icmp"/>
<opset="icmp_ln85/3 "/>
</bind>
</comp>

<comp id="665" class="1004" name="and_ln85_fu_665">
<pin_list>
<pin id="666" dir="0" index="0" bw="1" slack="1"/>
<pin id="667" dir="0" index="1" bw="1" slack="0"/>
<pin id="668" dir="1" index="2" bw="1" slack="1"/>
</pin_list>
<bind>
<opcode="and(23) " fcode="and"/>
<opset="and_ln85/3 "/>
</bind>
</comp>

<comp id="670" class="1004" name="cnt_7_fu_670">
<pin_list>
<pin id="671" dir="0" index="0" bw="32" slack="0"/>
<pin id="672" dir="0" index="1" bw="1" slack="0"/>
<pin id="673" dir="1" index="2" bw="32" slack="0"/>
</pin_list>
<bind>
<opcode="add(8) " fcode="add"/>
<opset="cnt_7/3 "/>
</bind>
</comp>

<comp id="676" class="1004" name="window_val_V_0_3_2_load_fu_676">
<pin_list>
<pin id="677" dir="0" index="0" bw="8" slack="3"/>
<pin id="678" dir="1" index="1" bw="8" slack="1"/>
</pin_list>
<bind>
<opcode="load(27) " fcode="load"/>
<opset="window_val_V_0_3_2/4 "/>
</bind>
</comp>

<comp id="679" class="1004" name="window_val_V_0_4_1_load_fu_679">
<pin_list>
<pin id="680" dir="0" index="0" bw="8" slack="3"/>
<pin id="681" dir="1" index="1" bw="8" slack="0"/>
</pin_list>
<bind>
<opcode="load(27) " fcode="load"/>
<opset="window_val_V_0_4_1/4 "/>
</bind>
</comp>

<comp id="682" class="1004" name="window_val_V_0_5_1_load_fu_682">
<pin_list>
<pin id="683" dir="0" index="0" bw="8" slack="3"/>
<pin id="684" dir="1" index="1" bw="8" slack="0"/>
</pin_list>
<bind>
<opcode="load(27) " fcode="load"/>
<opset="window_val_V_0_5_1/4 "/>
</bind>
</comp>

<comp id="685" class="1004" name="window_val_V_1_2_2_load_fu_685">
<pin_list>
<pin id="686" dir="0" index="0" bw="8" slack="3"/>
<pin id="687" dir="1" index="1" bw="8" slack="1"/>
</pin_list>
<bind>
<opcode="load(27) " fcode="load"/>
<opset="window_val_V_1_2_2/4 "/>
</bind>
</comp>

<comp id="688" class="1004" name="window_val_V_1_3_1_load_fu_688">
<pin_list>
<pin id="689" dir="0" index="0" bw="8" slack="3"/>
<pin id="690" dir="1" index="1" bw="8" slack="0"/>
</pin_list>
<bind>
<opcode="load(27) " fcode="load"/>
<opset="window_val_V_1_3_1/4 "/>
</bind>
</comp>

<comp id="691" class="1004" name="window_val_V_1_4_1_load_fu_691">
<pin_list>
<pin id="692" dir="0" index="0" bw="8" slack="3"/>
<pin id="693" dir="1" index="1" bw="8" slack="0"/>
</pin_list>
<bind>
<opcode="load(27) " fcode="load"/>
<opset="window_val_V_1_4_1/4 "/>
</bind>
</comp>

<comp id="694" class="1004" name="window_val_V_1_5_1_load_fu_694">
<pin_list>
<pin id="695" dir="0" index="0" bw="8" slack="3"/>
<pin id="696" dir="1" index="1" bw="8" slack="0"/>
</pin_list>
<bind>
<opcode="load(27) " fcode="load"/>
<opset="window_val_V_1_5_1/4 "/>
</bind>
</comp>

<comp id="697" class="1004" name="window_val_V_2_1_4_load_fu_697">
<pin_list>
<pin id="698" dir="0" index="0" bw="8" slack="3"/>
<pin id="699" dir="1" index="1" bw="8" slack="1"/>
</pin_list>
<bind>
<opcode="load(27) " fcode="load"/>
<opset="window_val_V_2_1_4/4 "/>
</bind>
</comp>

<comp id="700" class="1004" name="window_val_V_2_2_1_load_fu_700">
<pin_list>
<pin id="701" dir="0" index="0" bw="8" slack="3"/>
<pin id="702" dir="1" index="1" bw="8" slack="0"/>
</pin_list>
<bind>
<opcode="load(27) " fcode="load"/>
<opset="window_val_V_2_2_1/4 "/>
</bind>
</comp>

<comp id="703" class="1004" name="window_val_V_2_3_1_load_fu_703">
<pin_list>
<pin id="704" dir="0" index="0" bw="8" slack="3"/>
<pin id="705" dir="1" index="1" bw="8" slack="0"/>
</pin_list>
<bind>
<opcode="load(27) " fcode="load"/>
<opset="window_val_V_2_3_1/4 "/>
</bind>
</comp>

<comp id="706" class="1004" name="window_val_V_2_4_1_load_fu_706">
<pin_list>
<pin id="707" dir="0" index="0" bw="8" slack="3"/>
<pin id="708" dir="1" index="1" bw="8" slack="0"/>
</pin_list>
<bind>
<opcode="load(27) " fcode="load"/>
<opset="window_val_V_2_4_1/4 "/>
</bind>
</comp>

<comp id="709" class="1004" name="window_val_V_2_5_1_load_fu_709">
<pin_list>
<pin id="710" dir="0" index="0" bw="8" slack="3"/>
<pin id="711" dir="1" index="1" bw="8" slack="0"/>
</pin_list>
<bind>
<opcode="load(27) " fcode="load"/>
<opset="window_val_V_2_5_1/4 "/>
</bind>
</comp>

<comp id="712" class="1004" name="window_val_V_3_1_2_load_fu_712">
<pin_list>
<pin id="713" dir="0" index="0" bw="8" slack="3"/>
<pin id="714" dir="1" index="1" bw="8" slack="1"/>
</pin_list>
<bind>
<opcode="load(27) " fcode="load"/>
<opset="window_val_V_3_1_2/4 "/>
</bind>
</comp>

<comp id="715" class="1004" name="window_val_V_3_2_1_load_fu_715">
<pin_list>
<pin id="716" dir="0" index="0" bw="8" slack="3"/>
<pin id="717" dir="1" index="1" bw="8" slack="0"/>
</pin_list>
<bind>
<opcode="load(27) " fcode="load"/>
<opset="window_val_V_3_2_1/4 "/>
</bind>
</comp>

<comp id="718" class="1004" name="window_val_V_3_3_1_load_fu_718">
<pin_list>
<pin id="719" dir="0" index="0" bw="8" slack="3"/>
<pin id="720" dir="1" index="1" bw="8" slack="0"/>
</pin_list>
<bind>
<opcode="load(27) " fcode="load"/>
<opset="window_val_V_3_3_1/4 "/>
</bind>
</comp>

<comp id="721" class="1004" name="window_val_V_3_4_1_load_fu_721">
<pin_list>
<pin id="722" dir="0" index="0" bw="8" slack="3"/>
<pin id="723" dir="1" index="1" bw="8" slack="0"/>
</pin_list>
<bind>
<opcode="load(27) " fcode="load"/>
<opset="window_val_V_3_4_1/4 "/>
</bind>
</comp>

<comp id="724" class="1004" name="window_val_V_3_5_1_load_fu_724">
<pin_list>
<pin id="725" dir="0" index="0" bw="8" slack="3"/>
<pin id="726" dir="1" index="1" bw="8" slack="0"/>
</pin_list>
<bind>
<opcode="load(27) " fcode="load"/>
<opset="window_val_V_3_5_1/4 "/>
</bind>
</comp>

<comp id="727" class="1004" name="window_val_V_4_1_2_load_fu_727">
<pin_list>
<pin id="728" dir="0" index="0" bw="8" slack="3"/>
<pin id="729" dir="1" index="1" bw="8" slack="0"/>
</pin_list>
<bind>
<opcode="load(27) " fcode="load"/>
<opset="window_val_V_4_1_2/4 "/>
</bind>
</comp>

<comp id="730" class="1004" name="window_val_V_4_2_1_load_fu_730">
<pin_list>
<pin id="731" dir="0" index="0" bw="8" slack="3"/>
<pin id="732" dir="1" index="1" bw="8" slack="0"/>
</pin_list>
<bind>
<opcode="load(27) " fcode="load"/>
<opset="window_val_V_4_2_1/4 "/>
</bind>
</comp>

<comp id="733" class="1004" name="window_val_V_4_3_1_load_fu_733">
<pin_list>
<pin id="734" dir="0" index="0" bw="8" slack="3"/>
<pin id="735" dir="1" index="1" bw="8" slack="0"/>
</pin_list>
<bind>
<opcode="load(27) " fcode="load"/>
<opset="window_val_V_4_3_1/4 "/>
</bind>
</comp>

<comp id="736" class="1004" name="window_val_V_4_4_1_load_fu_736">
<pin_list>
<pin id="737" dir="0" index="0" bw="8" slack="3"/>
<pin id="738" dir="1" index="1" bw="8" slack="0"/>
</pin_list>
<bind>
<opcode="load(27) " fcode="load"/>
<opset="window_val_V_4_4_1/4 "/>
</bind>
</comp>

<comp id="739" class="1004" name="window_val_V_4_5_1_load_fu_739">
<pin_list>
<pin id="740" dir="0" index="0" bw="8" slack="3"/>
<pin id="741" dir="1" index="1" bw="8" slack="0"/>
</pin_list>
<bind>
<opcode="load(27) " fcode="load"/>
<opset="window_val_V_4_5_1/4 "/>
</bind>
</comp>

<comp id="742" class="1004" name="window_val_V_5_2_2_load_fu_742">
<pin_list>
<pin id="743" dir="0" index="0" bw="8" slack="3"/>
<pin id="744" dir="1" index="1" bw="8" slack="0"/>
</pin_list>
<bind>
<opcode="load(27) " fcode="load"/>
<opset="window_val_V_5_2_2/4 "/>
</bind>
</comp>

<comp id="745" class="1004" name="window_val_V_5_3_1_load_fu_745">
<pin_list>
<pin id="746" dir="0" index="0" bw="8" slack="3"/>
<pin id="747" dir="1" index="1" bw="8" slack="0"/>
</pin_list>
<bind>
<opcode="load(27) " fcode="load"/>
<opset="window_val_V_5_3_1/4 "/>
</bind>
</comp>

<comp id="748" class="1004" name="window_val_V_5_4_1_load_fu_748">
<pin_list>
<pin id="749" dir="0" index="0" bw="8" slack="3"/>
<pin id="750" dir="1" index="1" bw="8" slack="0"/>
</pin_list>
<bind>
<opcode="load(27) " fcode="load"/>
<opset="window_val_V_5_4_1/4 "/>
</bind>
</comp>

<comp id="751" class="1004" name="window_val_V_5_5_1_load_fu_751">
<pin_list>
<pin id="752" dir="0" index="0" bw="8" slack="3"/>
<pin id="753" dir="1" index="1" bw="8" slack="0"/>
</pin_list>
<bind>
<opcode="load(27) " fcode="load"/>
<opset="window_val_V_5_5_1/4 "/>
</bind>
</comp>

<comp id="754" class="1004" name="window_val_V_6_3_2_load_fu_754">
<pin_list>
<pin id="755" dir="0" index="0" bw="8" slack="3"/>
<pin id="756" dir="1" index="1" bw="8" slack="0"/>
</pin_list>
<bind>
<opcode="load(27) " fcode="load"/>
<opset="window_val_V_6_3_2/4 "/>
</bind>
</comp>

<comp id="757" class="1004" name="window_val_V_6_4_1_load_fu_757">
<pin_list>
<pin id="758" dir="0" index="0" bw="8" slack="3"/>
<pin id="759" dir="1" index="1" bw="8" slack="0"/>
</pin_list>
<bind>
<opcode="load(27) " fcode="load"/>
<opset="window_val_V_6_4_1/4 "/>
</bind>
</comp>

<comp id="760" class="1004" name="window_val_V_6_5_1_load_fu_760">
<pin_list>
<pin id="761" dir="0" index="0" bw="8" slack="3"/>
<pin id="762" dir="1" index="1" bw="8" slack="0"/>
</pin_list>
<bind>
<opcode="load(27) " fcode="load"/>
<opset="window_val_V_6_5_1/4 "/>
</bind>
</comp>

<comp id="763" class="1004" name="window_val_V_4_1_load_load_fu_763">
<pin_list>
<pin id="764" dir="0" index="0" bw="8" slack="3"/>
<pin id="765" dir="1" index="1" bw="8" slack="0"/>
</pin_list>
<bind>
<opcode="load(27) " fcode="load"/>
<opset="window_val_V_4_1_load/4 "/>
</bind>
</comp>

<comp id="766" class="1004" name="window_val_V_5_2_load_load_fu_766">
<pin_list>
<pin id="767" dir="0" index="0" bw="8" slack="3"/>
<pin id="768" dir="1" index="1" bw="8" slack="0"/>
</pin_list>
<bind>
<opcode="load(27) " fcode="load"/>
<opset="window_val_V_5_2_load/4 "/>
</bind>
</comp>

<comp id="769" class="1004" name="window_val_V_6_3_load_load_fu_769">
<pin_list>
<pin id="770" dir="0" index="0" bw="8" slack="3"/>
<pin id="771" dir="1" index="1" bw="8" slack="0"/>
</pin_list>
<bind>
<opcode="load(27) " fcode="load"/>
<opset="window_val_V_6_3_load/4 "/>
</bind>
</comp>

<comp id="772" class="1004" name="zext_ln1347_fu_772">
<pin_list>
<pin id="773" dir="0" index="0" bw="8" slack="0"/>
<pin id="774" dir="1" index="1" bw="9" slack="0"/>
</pin_list>
<bind>
<opcode="zext(34) " fcode="zext"/>
<opset="zext_ln1347/4 "/>
</bind>
</comp>

<comp id="776" class="1004" name="zext_ln1347_2_fu_776">
<pin_list>
<pin id="777" dir="0" index="0" bw="8" slack="0"/>
<pin id="778" dir="1" index="1" bw="9" slack="0"/>
</pin_list>
<bind>
<opcode="zext(34) " fcode="zext"/>
<opset="zext_ln1347_2/4 "/>
</bind>
</comp>

<comp id="780" class="1004" name="ret_11_fu_780">
<pin_list>
<pin id="781" dir="0" index="0" bw="8" slack="0"/>
<pin id="782" dir="0" index="1" bw="8" slack="0"/>
<pin id="783" dir="1" index="2" bw="9" slack="0"/>
</pin_list>
<bind>
<opcode="sub(10) " fcode="sub"/>
<opset="ret_11/4 "/>
</bind>
</comp>

<comp id="786" class="1004" name="zext_ln1347_3_fu_786">
<pin_list>
<pin id="787" dir="0" index="0" bw="8" slack="0"/>
<pin id="788" dir="1" index="1" bw="9" slack="0"/>
</pin_list>
<bind>
<opcode="zext(34) " fcode="zext"/>
<opset="zext_ln1347_3/4 "/>
</bind>
</comp>

<comp id="790" class="1004" name="ret_12_fu_790">
<pin_list>
<pin id="791" dir="0" index="0" bw="8" slack="0"/>
<pin id="792" dir="0" index="1" bw="8" slack="0"/>
<pin id="793" dir="1" index="2" bw="9" slack="0"/>
</pin_list>
<bind>
<opcode="sub(10) " fcode="sub"/>
<opset="ret_12/4 "/>
</bind>
</comp>

<comp id="796" class="1004" name="zext_ln1347_4_fu_796">
<pin_list>
<pin id="797" dir="0" index="0" bw="8" slack="0"/>
<pin id="798" dir="1" index="1" bw="9" slack="0"/>
</pin_list>
<bind>
<opcode="zext(34) " fcode="zext"/>
<opset="zext_ln1347_4/4 "/>
</bind>
</comp>

<comp id="800" class="1004" name="ret_13_fu_800">
<pin_list>
<pin id="801" dir="0" index="0" bw="8" slack="0"/>
<pin id="802" dir="0" index="1" bw="8" slack="0"/>
<pin id="803" dir="1" index="2" bw="9" slack="0"/>
</pin_list>
<bind>
<opcode="sub(10) " fcode="sub"/>
<opset="ret_13/4 "/>
</bind>
</comp>

<comp id="806" class="1004" name="zext_ln1347_5_fu_806">
<pin_list>
<pin id="807" dir="0" index="0" bw="8" slack="0"/>
<pin id="808" dir="1" index="1" bw="9" slack="0"/>
</pin_list>
<bind>
<opcode="zext(34) " fcode="zext"/>
<opset="zext_ln1347_5/4 "/>
</bind>
</comp>

<comp id="810" class="1004" name="ret_14_fu_810">
<pin_list>
<pin id="811" dir="0" index="0" bw="8" slack="0"/>
<pin id="812" dir="0" index="1" bw="8" slack="0"/>
<pin id="813" dir="1" index="2" bw="9" slack="0"/>
</pin_list>
<bind>
<opcode="sub(10) " fcode="sub"/>
<opset="ret_14/4 "/>
</bind>
</comp>

<comp id="816" class="1004" name="zext_ln1347_6_fu_816">
<pin_list>
<pin id="817" dir="0" index="0" bw="8" slack="0"/>
<pin id="818" dir="1" index="1" bw="9" slack="0"/>
</pin_list>
<bind>
<opcode="zext(34) " fcode="zext"/>
<opset="zext_ln1347_6/4 "/>
</bind>
</comp>

<comp id="820" class="1004" name="ret_15_fu_820">
<pin_list>
<pin id="821" dir="0" index="0" bw="8" slack="0"/>
<pin id="822" dir="0" index="1" bw="8" slack="0"/>
<pin id="823" dir="1" index="2" bw="9" slack="0"/>
</pin_list>
<bind>
<opcode="sub(10) " fcode="sub"/>
<opset="ret_15/4 "/>
</bind>
</comp>

<comp id="826" class="1004" name="zext_ln1347_7_fu_826">
<pin_list>
<pin id="827" dir="0" index="0" bw="8" slack="0"/>
<pin id="828" dir="1" index="1" bw="9" slack="0"/>
</pin_list>
<bind>
<opcode="zext(34) " fcode="zext"/>
<opset="zext_ln1347_7/4 "/>
</bind>
</comp>

<comp id="830" class="1004" name="ret_16_fu_830">
<pin_list>
<pin id="831" dir="0" index="0" bw="8" slack="0"/>
<pin id="832" dir="0" index="1" bw="8" slack="0"/>
<pin id="833" dir="1" index="2" bw="9" slack="0"/>
</pin_list>
<bind>
<opcode="sub(10) " fcode="sub"/>
<opset="ret_16/4 "/>
</bind>
</comp>

<comp id="836" class="1004" name="zext_ln1347_8_fu_836">
<pin_list>
<pin id="837" dir="0" index="0" bw="8" slack="0"/>
<pin id="838" dir="1" index="1" bw="9" slack="0"/>
</pin_list>
<bind>
<opcode="zext(34) " fcode="zext"/>
<opset="zext_ln1347_8/4 "/>
</bind>
</comp>

<comp id="840" class="1004" name="ret_17_fu_840">
<pin_list>
<pin id="841" dir="0" index="0" bw="8" slack="0"/>
<pin id="842" dir="0" index="1" bw="8" slack="0"/>
<pin id="843" dir="1" index="2" bw="9" slack="0"/>
</pin_list>
<bind>
<opcode="sub(10) " fcode="sub"/>
<opset="ret_17/4 "/>
</bind>
</comp>

<comp id="846" class="1004" name="zext_ln1347_9_fu_846">
<pin_list>
<pin id="847" dir="0" index="0" bw="8" slack="0"/>
<pin id="848" dir="1" index="1" bw="9" slack="0"/>
</pin_list>
<bind>
<opcode="zext(34) " fcode="zext"/>
<opset="zext_ln1347_9/4 "/>
</bind>
</comp>

<comp id="850" class="1004" name="ret_18_fu_850">
<pin_list>
<pin id="851" dir="0" index="0" bw="8" slack="0"/>
<pin id="852" dir="0" index="1" bw="8" slack="0"/>
<pin id="853" dir="1" index="2" bw="9" slack="0"/>
</pin_list>
<bind>
<opcode="sub(10) " fcode="sub"/>
<opset="ret_18/4 "/>
</bind>
</comp>

<comp id="856" class="1004" name="zext_ln1347_10_fu_856">
<pin_list>
<pin id="857" dir="0" index="0" bw="8" slack="0"/>
<pin id="858" dir="1" index="1" bw="9" slack="0"/>
</pin_list>
<bind>
<opcode="zext(34) " fcode="zext"/>
<opset="zext_ln1347_10/4 "/>
</bind>
</comp>

<comp id="860" class="1004" name="ret_19_fu_860">
<pin_list>
<pin id="861" dir="0" index="0" bw="8" slack="0"/>
<pin id="862" dir="0" index="1" bw="8" slack="0"/>
<pin id="863" dir="1" index="2" bw="9" slack="0"/>
</pin_list>
<bind>
<opcode="sub(10) " fcode="sub"/>
<opset="ret_19/4 "/>
</bind>
</comp>

<comp id="866" class="1004" name="zext_ln1347_11_fu_866">
<pin_list>
<pin id="867" dir="0" index="0" bw="8" slack="0"/>
<pin id="868" dir="1" index="1" bw="9" slack="0"/>
</pin_list>
<bind>
<opcode="zext(34) " fcode="zext"/>
<opset="zext_ln1347_11/4 "/>
</bind>
</comp>

<comp id="870" class="1004" name="ret_20_fu_870">
<pin_list>
<pin id="871" dir="0" index="0" bw="8" slack="0"/>
<pin id="872" dir="0" index="1" bw="8" slack="0"/>
<pin id="873" dir="1" index="2" bw="9" slack="0"/>
</pin_list>
<bind>
<opcode="sub(10) " fcode="sub"/>
<opset="ret_20/4 "/>
</bind>
</comp>

<comp id="876" class="1004" name="zext_ln1347_12_fu_876">
<pin_list>
<pin id="877" dir="0" index="0" bw="8" slack="0"/>
<pin id="878" dir="1" index="1" bw="9" slack="0"/>
</pin_list>
<bind>
<opcode="zext(34) " fcode="zext"/>
<opset="zext_ln1347_12/4 "/>
</bind>
</comp>

<comp id="880" class="1004" name="ret_21_fu_880">
<pin_list>
<pin id="881" dir="0" index="0" bw="8" slack="0"/>
<pin id="882" dir="0" index="1" bw="8" slack="0"/>
<pin id="883" dir="1" index="2" bw="9" slack="1"/>
</pin_list>
<bind>
<opcode="sub(10) " fcode="sub"/>
<opset="ret_21/4 "/>
</bind>
</comp>

<comp id="886" class="1004" name="icmp_ln113_1_fu_886">
<pin_list>
<pin id="887" dir="0" index="0" bw="9" slack="0"/>
<pin id="888" dir="0" index="1" bw="9" slack="3"/>
<pin id="889" dir="1" index="2" bw="1" slack="0"/>
</pin_list>
<bind>
<opcode="icmp(45) " fcode="icmp"/>
<opset="icmp_ln113_1/4 "/>
</bind>
</comp>

<comp id="891" class="1004" name="icmp_ln115_1_fu_891">
<pin_list>
<pin id="892" dir="0" index="0" bw="9" slack="0"/>
<pin id="893" dir="0" index="1" bw="9" slack="3"/>
<pin id="894" dir="1" index="2" bw="1" slack="0"/>
</pin_list>
<bind>
<opcode="icmp(45) " fcode="icmp"/>
<opset="icmp_ln115_1/4 "/>
</bind>
</comp>

<comp id="896" class="1004" name="select_ln113_2_fu_896">
<pin_list>
<pin id="897" dir="0" index="0" bw="1" slack="0"/>
<pin id="898" dir="0" index="1" bw="2" slack="0"/>
<pin id="899" dir="0" index="2" bw="2" slack="0"/>
<pin id="900" dir="1" index="3" bw="2" slack="0"/>
</pin_list>
<bind>
<opcode="select(49) " fcode="select"/>
<opset="select_ln113_2/4 "/>
</bind>
</comp>

<comp id="904" class="1004" name="or_ln113_1_fu_904">
<pin_list>
<pin id="905" dir="0" index="0" bw="1" slack="0"/>
<pin id="906" dir="0" index="1" bw="1" slack="0"/>
<pin id="907" dir="1" index="2" bw="1" slack="0"/>
</pin_list>
<bind>
<opcode="or(24) " fcode="or"/>
<opset="or_ln113_1/4 "/>
</bind>
</comp>

<comp id="910" class="1004" name="select_ln113_3_fu_910">
<pin_list>
<pin id="911" dir="0" index="0" bw="1" slack="0"/>
<pin id="912" dir="0" index="1" bw="2" slack="0"/>
<pin id="913" dir="0" index="2" bw="2" slack="0"/>
<pin id="914" dir="1" index="3" bw="2" slack="0"/>
</pin_list>
<bind>
<opcode="select(49) " fcode="select"/>
<opset="select_ln113_3/4 "/>
</bind>
</comp>

<comp id="918" class="1004" name="icmp_ln113_2_fu_918">
<pin_list>
<pin id="919" dir="0" index="0" bw="9" slack="0"/>
<pin id="920" dir="0" index="1" bw="9" slack="3"/>
<pin id="921" dir="1" index="2" bw="1" slack="0"/>
</pin_list>
<bind>
<opcode="icmp(45) " fcode="icmp"/>
<opset="icmp_ln113_2/4 "/>
</bind>
</comp>

<comp id="923" class="1004" name="icmp_ln115_2_fu_923">
<pin_list>
<pin id="924" dir="0" index="0" bw="9" slack="0"/>
<pin id="925" dir="0" index="1" bw="9" slack="3"/>
<pin id="926" dir="1" index="2" bw="1" slack="0"/>
</pin_list>
<bind>
<opcode="icmp(45) " fcode="icmp"/>
<opset="icmp_ln115_2/4 "/>
</bind>
</comp>

<comp id="928" class="1004" name="select_ln113_4_fu_928">
<pin_list>
<pin id="929" dir="0" index="0" bw="1" slack="0"/>
<pin id="930" dir="0" index="1" bw="2" slack="0"/>
<pin id="931" dir="0" index="2" bw="2" slack="0"/>
<pin id="932" dir="1" index="3" bw="2" slack="0"/>
</pin_list>
<bind>
<opcode="select(49) " fcode="select"/>
<opset="select_ln113_4/4 "/>
</bind>
</comp>

<comp id="936" class="1004" name="or_ln113_2_fu_936">
<pin_list>
<pin id="937" dir="0" index="0" bw="1" slack="0"/>
<pin id="938" dir="0" index="1" bw="1" slack="0"/>
<pin id="939" dir="1" index="2" bw="1" slack="0"/>
</pin_list>
<bind>
<opcode="or(24) " fcode="or"/>
<opset="or_ln113_2/4 "/>
</bind>
</comp>

<comp id="942" class="1004" name="select_ln113_5_fu_942">
<pin_list>
<pin id="943" dir="0" index="0" bw="1" slack="0"/>
<pin id="944" dir="0" index="1" bw="2" slack="0"/>
<pin id="945" dir="0" index="2" bw="2" slack="0"/>
<pin id="946" dir="1" index="3" bw="2" slack="0"/>
</pin_list>
<bind>
<opcode="select(49) " fcode="select"/>
<opset="select_ln113_5/4 "/>
</bind>
</comp>

<comp id="950" class="1004" name="icmp_ln113_3_fu_950">
<pin_list>
<pin id="951" dir="0" index="0" bw="9" slack="0"/>
<pin id="952" dir="0" index="1" bw="9" slack="3"/>
<pin id="953" dir="1" index="2" bw="1" slack="0"/>
</pin_list>
<bind>
<opcode="icmp(45) " fcode="icmp"/>
<opset="icmp_ln113_3/4 "/>
</bind>
</comp>

<comp id="955" class="1004" name="icmp_ln115_3_fu_955">
<pin_list>
<pin id="956" dir="0" index="0" bw="9" slack="0"/>
<pin id="957" dir="0" index="1" bw="9" slack="3"/>
<pin id="958" dir="1" index="2" bw="1" slack="0"/>
</pin_list>
<bind>
<opcode="icmp(45) " fcode="icmp"/>
<opset="icmp_ln115_3/4 "/>
</bind>
</comp>

<comp id="960" class="1004" name="select_ln113_6_fu_960">
<pin_list>
<pin id="961" dir="0" index="0" bw="1" slack="0"/>
<pin id="962" dir="0" index="1" bw="2" slack="0"/>
<pin id="963" dir="0" index="2" bw="2" slack="0"/>
<pin id="964" dir="1" index="3" bw="2" slack="0"/>
</pin_list>
<bind>
<opcode="select(49) " fcode="select"/>
<opset="select_ln113_6/4 "/>
</bind>
</comp>

<comp id="968" class="1004" name="or_ln113_3_fu_968">
<pin_list>
<pin id="969" dir="0" index="0" bw="1" slack="0"/>
<pin id="970" dir="0" index="1" bw="1" slack="0"/>
<pin id="971" dir="1" index="2" bw="1" slack="0"/>
</pin_list>
<bind>
<opcode="or(24) " fcode="or"/>
<opset="or_ln113_3/4 "/>
</bind>
</comp>

<comp id="974" class="1004" name="select_ln113_7_fu_974">
<pin_list>
<pin id="975" dir="0" index="0" bw="1" slack="0"/>
<pin id="976" dir="0" index="1" bw="2" slack="0"/>
<pin id="977" dir="0" index="2" bw="2" slack="0"/>
<pin id="978" dir="1" index="3" bw="2" slack="0"/>
</pin_list>
<bind>
<opcode="select(49) " fcode="select"/>
<opset="select_ln113_7/4 "/>
</bind>
</comp>

<comp id="982" class="1004" name="icmp_ln113_4_fu_982">
<pin_list>
<pin id="983" dir="0" index="0" bw="9" slack="0"/>
<pin id="984" dir="0" index="1" bw="9" slack="3"/>
<pin id="985" dir="1" index="2" bw="1" slack="0"/>
</pin_list>
<bind>
<opcode="icmp(45) " fcode="icmp"/>
<opset="icmp_ln113_4/4 "/>
</bind>
</comp>

<comp id="987" class="1004" name="icmp_ln115_4_fu_987">
<pin_list>
<pin id="988" dir="0" index="0" bw="9" slack="0"/>
<pin id="989" dir="0" index="1" bw="9" slack="3"/>
<pin id="990" dir="1" index="2" bw="1" slack="0"/>
</pin_list>
<bind>
<opcode="icmp(45) " fcode="icmp"/>
<opset="icmp_ln115_4/4 "/>
</bind>
</comp>

<comp id="992" class="1004" name="select_ln113_8_fu_992">
<pin_list>
<pin id="993" dir="0" index="0" bw="1" slack="0"/>
<pin id="994" dir="0" index="1" bw="2" slack="0"/>
<pin id="995" dir="0" index="2" bw="2" slack="0"/>
<pin id="996" dir="1" index="3" bw="2" slack="0"/>
</pin_list>
<bind>
<opcode="select(49) " fcode="select"/>
<opset="select_ln113_8/4 "/>
</bind>
</comp>

<comp id="1000" class="1004" name="or_ln113_4_fu_1000">
<pin_list>
<pin id="1001" dir="0" index="0" bw="1" slack="0"/>
<pin id="1002" dir="0" index="1" bw="1" slack="0"/>
<pin id="1003" dir="1" index="2" bw="1" slack="0"/>
</pin_list>
<bind>
<opcode="or(24) " fcode="or"/>
<opset="or_ln113_4/4 "/>
</bind>
</comp>

<comp id="1006" class="1004" name="select_ln113_9_fu_1006">
<pin_list>
<pin id="1007" dir="0" index="0" bw="1" slack="0"/>
<pin id="1008" dir="0" index="1" bw="2" slack="0"/>
<pin id="1009" dir="0" index="2" bw="2" slack="0"/>
<pin id="1010" dir="1" index="3" bw="2" slack="0"/>
</pin_list>
<bind>
<opcode="select(49) " fcode="select"/>
<opset="select_ln113_9/4 "/>
</bind>
</comp>

<comp id="1014" class="1004" name="icmp_ln113_5_fu_1014">
<pin_list>
<pin id="1015" dir="0" index="0" bw="9" slack="0"/>
<pin id="1016" dir="0" index="1" bw="9" slack="3"/>
<pin id="1017" dir="1" index="2" bw="1" slack="0"/>
</pin_list>
<bind>
<opcode="icmp(45) " fcode="icmp"/>
<opset="icmp_ln113_5/4 "/>
</bind>
</comp>

<comp id="1019" class="1004" name="icmp_ln115_5_fu_1019">
<pin_list>
<pin id="1020" dir="0" index="0" bw="9" slack="0"/>
<pin id="1021" dir="0" index="1" bw="9" slack="3"/>
<pin id="1022" dir="1" index="2" bw="1" slack="0"/>
</pin_list>
<bind>
<opcode="icmp(45) " fcode="icmp"/>
<opset="icmp_ln115_5/4 "/>
</bind>
</comp>

<comp id="1024" class="1004" name="select_ln113_10_fu_1024">
<pin_list>
<pin id="1025" dir="0" index="0" bw="1" slack="0"/>
<pin id="1026" dir="0" index="1" bw="2" slack="0"/>
<pin id="1027" dir="0" index="2" bw="2" slack="0"/>
<pin id="1028" dir="1" index="3" bw="2" slack="0"/>
</pin_list>
<bind>
<opcode="select(49) " fcode="select"/>
<opset="select_ln113_10/4 "/>
</bind>
</comp>

<comp id="1032" class="1004" name="or_ln113_5_fu_1032">
<pin_list>
<pin id="1033" dir="0" index="0" bw="1" slack="0"/>
<pin id="1034" dir="0" index="1" bw="1" slack="0"/>
<pin id="1035" dir="1" index="2" bw="1" slack="0"/>
</pin_list>
<bind>
<opcode="or(24) " fcode="or"/>
<opset="or_ln113_5/4 "/>
</bind>
</comp>

<comp id="1038" class="1004" name="select_ln113_11_fu_1038">
<pin_list>
<pin id="1039" dir="0" index="0" bw="1" slack="0"/>
<pin id="1040" dir="0" index="1" bw="2" slack="0"/>
<pin id="1041" dir="0" index="2" bw="2" slack="0"/>
<pin id="1042" dir="1" index="3" bw="2" slack="0"/>
</pin_list>
<bind>
<opcode="select(49) " fcode="select"/>
<opset="select_ln113_11/4 "/>
</bind>
</comp>

<comp id="1046" class="1004" name="icmp_ln113_6_fu_1046">
<pin_list>
<pin id="1047" dir="0" index="0" bw="9" slack="0"/>
<pin id="1048" dir="0" index="1" bw="9" slack="3"/>
<pin id="1049" dir="1" index="2" bw="1" slack="0"/>
</pin_list>
<bind>
<opcode="icmp(45) " fcode="icmp"/>
<opset="icmp_ln113_6/4 "/>
</bind>
</comp>

<comp id="1051" class="1004" name="icmp_ln115_6_fu_1051">
<pin_list>
<pin id="1052" dir="0" index="0" bw="9" slack="0"/>
<pin id="1053" dir="0" index="1" bw="9" slack="3"/>
<pin id="1054" dir="1" index="2" bw="1" slack="0"/>
</pin_list>
<bind>
<opcode="icmp(45) " fcode="icmp"/>
<opset="icmp_ln115_6/4 "/>
</bind>
</comp>

<comp id="1056" class="1004" name="select_ln113_12_fu_1056">
<pin_list>
<pin id="1057" dir="0" index="0" bw="1" slack="0"/>
<pin id="1058" dir="0" index="1" bw="2" slack="0"/>
<pin id="1059" dir="0" index="2" bw="2" slack="0"/>
<pin id="1060" dir="1" index="3" bw="2" slack="0"/>
</pin_list>
<bind>
<opcode="select(49) " fcode="select"/>
<opset="select_ln113_12/4 "/>
</bind>
</comp>

<comp id="1064" class="1004" name="or_ln113_6_fu_1064">
<pin_list>
<pin id="1065" dir="0" index="0" bw="1" slack="0"/>
<pin id="1066" dir="0" index="1" bw="1" slack="0"/>
<pin id="1067" dir="1" index="2" bw="1" slack="0"/>
</pin_list>
<bind>
<opcode="or(24) " fcode="or"/>
<opset="or_ln113_6/4 "/>
</bind>
</comp>

<comp id="1070" class="1004" name="select_ln113_13_fu_1070">
<pin_list>
<pin id="1071" dir="0" index="0" bw="1" slack="0"/>
<pin id="1072" dir="0" index="1" bw="2" slack="0"/>
<pin id="1073" dir="0" index="2" bw="2" slack="0"/>
<pin id="1074" dir="1" index="3" bw="2" slack="0"/>
</pin_list>
<bind>
<opcode="select(49) " fcode="select"/>
<opset="select_ln113_13/4 "/>
</bind>
</comp>

<comp id="1078" class="1004" name="icmp_ln113_7_fu_1078">
<pin_list>
<pin id="1079" dir="0" index="0" bw="9" slack="0"/>
<pin id="1080" dir="0" index="1" bw="9" slack="3"/>
<pin id="1081" dir="1" index="2" bw="1" slack="0"/>
</pin_list>
<bind>
<opcode="icmp(45) " fcode="icmp"/>
<opset="icmp_ln113_7/4 "/>
</bind>
</comp>

<comp id="1083" class="1004" name="icmp_ln115_7_fu_1083">
<pin_list>
<pin id="1084" dir="0" index="0" bw="9" slack="0"/>
<pin id="1085" dir="0" index="1" bw="9" slack="3"/>
<pin id="1086" dir="1" index="2" bw="1" slack="0"/>
</pin_list>
<bind>
<opcode="icmp(45) " fcode="icmp"/>
<opset="icmp_ln115_7/4 "/>
</bind>
</comp>

<comp id="1088" class="1004" name="select_ln113_14_fu_1088">
<pin_list>
<pin id="1089" dir="0" index="0" bw="1" slack="0"/>
<pin id="1090" dir="0" index="1" bw="2" slack="0"/>
<pin id="1091" dir="0" index="2" bw="2" slack="0"/>
<pin id="1092" dir="1" index="3" bw="2" slack="0"/>
</pin_list>
<bind>
<opcode="select(49) " fcode="select"/>
<opset="select_ln113_14/4 "/>
</bind>
</comp>

<comp id="1096" class="1004" name="or_ln113_7_fu_1096">
<pin_list>
<pin id="1097" dir="0" index="0" bw="1" slack="0"/>
<pin id="1098" dir="0" index="1" bw="1" slack="0"/>
<pin id="1099" dir="1" index="2" bw="1" slack="0"/>
</pin_list>
<bind>
<opcode="or(24) " fcode="or"/>
<opset="or_ln113_7/4 "/>
</bind>
</comp>

<comp id="1102" class="1004" name="select_ln113_15_fu_1102">
<pin_list>
<pin id="1103" dir="0" index="0" bw="1" slack="0"/>
<pin id="1104" dir="0" index="1" bw="2" slack="0"/>
<pin id="1105" dir="0" index="2" bw="2" slack="0"/>
<pin id="1106" dir="1" index="3" bw="2" slack="0"/>
</pin_list>
<bind>
<opcode="select(49) " fcode="select"/>
<opset="select_ln113_15/4 "/>
</bind>
</comp>

<comp id="1110" class="1004" name="icmp_ln113_8_fu_1110">
<pin_list>
<pin id="1111" dir="0" index="0" bw="9" slack="0"/>
<pin id="1112" dir="0" index="1" bw="9" slack="3"/>
<pin id="1113" dir="1" index="2" bw="1" slack="0"/>
</pin_list>
<bind>
<opcode="icmp(45) " fcode="icmp"/>
<opset="icmp_ln113_8/4 "/>
</bind>
</comp>

<comp id="1115" class="1004" name="icmp_ln115_8_fu_1115">
<pin_list>
<pin id="1116" dir="0" index="0" bw="9" slack="0"/>
<pin id="1117" dir="0" index="1" bw="9" slack="3"/>
<pin id="1118" dir="1" index="2" bw="1" slack="0"/>
</pin_list>
<bind>
<opcode="icmp(45) " fcode="icmp"/>
<opset="icmp_ln115_8/4 "/>
</bind>
</comp>

<comp id="1120" class="1004" name="select_ln113_16_fu_1120">
<pin_list>
<pin id="1121" dir="0" index="0" bw="1" slack="0"/>
<pin id="1122" dir="0" index="1" bw="2" slack="0"/>
<pin id="1123" dir="0" index="2" bw="2" slack="0"/>
<pin id="1124" dir="1" index="3" bw="2" slack="0"/>
</pin_list>
<bind>
<opcode="select(49) " fcode="select"/>
<opset="select_ln113_16/4 "/>
</bind>
</comp>

<comp id="1128" class="1004" name="or_ln113_8_fu_1128">
<pin_list>
<pin id="1129" dir="0" index="0" bw="1" slack="0"/>
<pin id="1130" dir="0" index="1" bw="1" slack="0"/>
<pin id="1131" dir="1" index="2" bw="1" slack="0"/>
</pin_list>
<bind>
<opcode="or(24) " fcode="or"/>
<opset="or_ln113_8/4 "/>
</bind>
</comp>

<comp id="1134" class="1004" name="select_ln113_17_fu_1134">
<pin_list>
<pin id="1135" dir="0" index="0" bw="1" slack="0"/>
<pin id="1136" dir="0" index="1" bw="2" slack="0"/>
<pin id="1137" dir="0" index="2" bw="2" slack="0"/>
<pin id="1138" dir="1" index="3" bw="2" slack="0"/>
</pin_list>
<bind>
<opcode="select(49) " fcode="select"/>
<opset="select_ln113_17/4 "/>
</bind>
</comp>

<comp id="1142" class="1004" name="icmp_ln113_9_fu_1142">
<pin_list>
<pin id="1143" dir="0" index="0" bw="9" slack="0"/>
<pin id="1144" dir="0" index="1" bw="9" slack="3"/>
<pin id="1145" dir="1" index="2" bw="1" slack="0"/>
</pin_list>
<bind>
<opcode="icmp(45) " fcode="icmp"/>
<opset="icmp_ln113_9/4 "/>
</bind>
</comp>

<comp id="1147" class="1004" name="icmp_ln115_9_fu_1147">
<pin_list>
<pin id="1148" dir="0" index="0" bw="9" slack="0"/>
<pin id="1149" dir="0" index="1" bw="9" slack="3"/>
<pin id="1150" dir="1" index="2" bw="1" slack="0"/>
</pin_list>
<bind>
<opcode="icmp(45) " fcode="icmp"/>
<opset="icmp_ln115_9/4 "/>
</bind>
</comp>

<comp id="1152" class="1004" name="select_ln113_18_fu_1152">
<pin_list>
<pin id="1153" dir="0" index="0" bw="1" slack="0"/>
<pin id="1154" dir="0" index="1" bw="2" slack="0"/>
<pin id="1155" dir="0" index="2" bw="2" slack="0"/>
<pin id="1156" dir="1" index="3" bw="2" slack="0"/>
</pin_list>
<bind>
<opcode="select(49) " fcode="select"/>
<opset="select_ln113_18/4 "/>
</bind>
</comp>

<comp id="1160" class="1004" name="or_ln113_9_fu_1160">
<pin_list>
<pin id="1161" dir="0" index="0" bw="1" slack="0"/>
<pin id="1162" dir="0" index="1" bw="1" slack="0"/>
<pin id="1163" dir="1" index="2" bw="1" slack="0"/>
</pin_list>
<bind>
<opcode="or(24) " fcode="or"/>
<opset="or_ln113_9/4 "/>
</bind>
</comp>

<comp id="1166" class="1004" name="select_ln113_19_fu_1166">
<pin_list>
<pin id="1167" dir="0" index="0" bw="1" slack="0"/>
<pin id="1168" dir="0" index="1" bw="2" slack="0"/>
<pin id="1169" dir="0" index="2" bw="2" slack="0"/>
<pin id="1170" dir="1" index="3" bw="2" slack="0"/>
</pin_list>
<bind>
<opcode="select(49) " fcode="select"/>
<opset="select_ln113_19/4 "/>
</bind>
</comp>

<comp id="1174" class="1004" name="icmp_ln113_10_fu_1174">
<pin_list>
<pin id="1175" dir="0" index="0" bw="9" slack="0"/>
<pin id="1176" dir="0" index="1" bw="9" slack="3"/>
<pin id="1177" dir="1" index="2" bw="1" slack="0"/>
</pin_list>
<bind>
<opcode="icmp(45) " fcode="icmp"/>
<opset="icmp_ln113_10/4 "/>
</bind>
</comp>

<comp id="1179" class="1004" name="icmp_ln115_10_fu_1179">
<pin_list>
<pin id="1180" dir="0" index="0" bw="9" slack="0"/>
<pin id="1181" dir="0" index="1" bw="9" slack="3"/>
<pin id="1182" dir="1" index="2" bw="1" slack="0"/>
</pin_list>
<bind>
<opcode="icmp(45) " fcode="icmp"/>
<opset="icmp_ln115_10/4 "/>
</bind>
</comp>

<comp id="1184" class="1004" name="select_ln113_20_fu_1184">
<pin_list>
<pin id="1185" dir="0" index="0" bw="1" slack="0"/>
<pin id="1186" dir="0" index="1" bw="2" slack="0"/>
<pin id="1187" dir="0" index="2" bw="2" slack="0"/>
<pin id="1188" dir="1" index="3" bw="2" slack="0"/>
</pin_list>
<bind>
<opcode="select(49) " fcode="select"/>
<opset="select_ln113_20/4 "/>
</bind>
</comp>

<comp id="1192" class="1004" name="or_ln113_10_fu_1192">
<pin_list>
<pin id="1193" dir="0" index="0" bw="1" slack="0"/>
<pin id="1194" dir="0" index="1" bw="1" slack="0"/>
<pin id="1195" dir="1" index="2" bw="1" slack="0"/>
</pin_list>
<bind>
<opcode="or(24) " fcode="or"/>
<opset="or_ln113_10/4 "/>
</bind>
</comp>

<comp id="1198" class="1004" name="select_ln113_21_fu_1198">
<pin_list>
<pin id="1199" dir="0" index="0" bw="1" slack="0"/>
<pin id="1200" dir="0" index="1" bw="2" slack="0"/>
<pin id="1201" dir="0" index="2" bw="2" slack="0"/>
<pin id="1202" dir="1" index="3" bw="2" slack="0"/>
</pin_list>
<bind>
<opcode="select(49) " fcode="select"/>
<opset="select_ln113_21/4 "/>
</bind>
</comp>

<comp id="1206" class="1004" name="icmp_ln133_fu_1206">
<pin_list>
<pin id="1207" dir="0" index="0" bw="2" slack="0"/>
<pin id="1208" dir="0" index="1" bw="2" slack="0"/>
<pin id="1209" dir="1" index="2" bw="1" slack="0"/>
</pin_list>
<bind>
<opcode="icmp(45) " fcode="icmp"/>
<opset="icmp_ln133/4 "/>
</bind>
</comp>

<comp id="1212" class="1004" name="and_ln133_fu_1212">
<pin_list>
<pin id="1213" dir="0" index="0" bw="1" slack="0"/>
<pin id="1214" dir="0" index="1" bw="1" slack="0"/>
<pin id="1215" dir="1" index="2" bw="1" slack="0"/>
</pin_list>
<bind>
<opcode="and(23) " fcode="and"/>
<opset="and_ln133/4 "/>
</bind>
</comp>

<comp id="1218" class="1004" name="icmp_ln133_1_fu_1218">
<pin_list>
<pin id="1219" dir="0" index="0" bw="2" slack="0"/>
<pin id="1220" dir="0" index="1" bw="2" slack="0"/>
<pin id="1221" dir="1" index="2" bw="1" slack="0"/>
</pin_list>
<bind>
<opcode="icmp(45) " fcode="icmp"/>
<opset="icmp_ln133_1/4 "/>
</bind>
</comp>

<comp id="1224" class="1004" name="and_ln133_1_fu_1224">
<pin_list>
<pin id="1225" dir="0" index="0" bw="1" slack="0"/>
<pin id="1226" dir="0" index="1" bw="1" slack="0"/>
<pin id="1227" dir="1" index="2" bw="1" slack="0"/>
</pin_list>
<bind>
<opcode="and(23) " fcode="and"/>
<opset="and_ln133_1/4 "/>
</bind>
</comp>

<comp id="1230" class="1004" name="icmp_ln133_2_fu_1230">
<pin_list>
<pin id="1231" dir="0" index="0" bw="2" slack="0"/>
<pin id="1232" dir="0" index="1" bw="2" slack="0"/>
<pin id="1233" dir="1" index="2" bw="1" slack="0"/>
</pin_list>
<bind>
<opcode="icmp(45) " fcode="icmp"/>
<opset="icmp_ln133_2/4 "/>
</bind>
</comp>

<comp id="1236" class="1004" name="and_ln133_2_fu_1236">
<pin_list>
<pin id="1237" dir="0" index="0" bw="1" slack="0"/>
<pin id="1238" dir="0" index="1" bw="1" slack="0"/>
<pin id="1239" dir="1" index="2" bw="1" slack="0"/>
</pin_list>
<bind>
<opcode="and(23) " fcode="and"/>
<opset="and_ln133_2/4 "/>
</bind>
</comp>

<comp id="1242" class="1004" name="icmp_ln133_3_fu_1242">
<pin_list>
<pin id="1243" dir="0" index="0" bw="2" slack="0"/>
<pin id="1244" dir="0" index="1" bw="2" slack="0"/>
<pin id="1245" dir="1" index="2" bw="1" slack="0"/>
</pin_list>
<bind>
<opcode="icmp(45) " fcode="icmp"/>
<opset="icmp_ln133_3/4 "/>
</bind>
</comp>

<comp id="1248" class="1004" name="and_ln133_3_fu_1248">
<pin_list>
<pin id="1249" dir="0" index="0" bw="1" slack="0"/>
<pin id="1250" dir="0" index="1" bw="1" slack="0"/>
<pin id="1251" dir="1" index="2" bw="1" slack="0"/>
</pin_list>
<bind>
<opcode="and(23) " fcode="and"/>
<opset="and_ln133_3/4 "/>
</bind>
</comp>

<comp id="1254" class="1004" name="icmp_ln133_4_fu_1254">
<pin_list>
<pin id="1255" dir="0" index="0" bw="2" slack="0"/>
<pin id="1256" dir="0" index="1" bw="2" slack="0"/>
<pin id="1257" dir="1" index="2" bw="1" slack="0"/>
</pin_list>
<bind>
<opcode="icmp(45) " fcode="icmp"/>
<opset="icmp_ln133_4/4 "/>
</bind>
</comp>

<comp id="1260" class="1004" name="and_ln133_4_fu_1260">
<pin_list>
<pin id="1261" dir="0" index="0" bw="1" slack="0"/>
<pin id="1262" dir="0" index="1" bw="1" slack="0"/>
<pin id="1263" dir="1" index="2" bw="1" slack="0"/>
</pin_list>
<bind>
<opcode="and(23) " fcode="and"/>
<opset="and_ln133_4/4 "/>
</bind>
</comp>

<comp id="1266" class="1004" name="icmp_ln133_5_fu_1266">
<pin_list>
<pin id="1267" dir="0" index="0" bw="2" slack="0"/>
<pin id="1268" dir="0" index="1" bw="2" slack="0"/>
<pin id="1269" dir="1" index="2" bw="1" slack="0"/>
</pin_list>
<bind>
<opcode="icmp(45) " fcode="icmp"/>
<opset="icmp_ln133_5/4 "/>
</bind>
</comp>

<comp id="1272" class="1004" name="and_ln133_5_fu_1272">
<pin_list>
<pin id="1273" dir="0" index="0" bw="1" slack="0"/>
<pin id="1274" dir="0" index="1" bw="1" slack="0"/>
<pin id="1275" dir="1" index="2" bw="1" slack="0"/>
</pin_list>
<bind>
<opcode="and(23) " fcode="and"/>
<opset="and_ln133_5/4 "/>
</bind>
</comp>

<comp id="1278" class="1004" name="select_ln138_fu_1278">
<pin_list>
<pin id="1279" dir="0" index="0" bw="1" slack="0"/>
<pin id="1280" dir="0" index="1" bw="4" slack="0"/>
<pin id="1281" dir="0" index="2" bw="4" slack="0"/>
<pin id="1282" dir="1" index="3" bw="4" slack="0"/>
</pin_list>
<bind>
<opcode="select(49) " fcode="select"/>
<opset="select_ln138/4 "/>
</bind>
</comp>

<comp id="1286" class="1004" name="select_ln138_1_fu_1286">
<pin_list>
<pin id="1287" dir="0" index="0" bw="1" slack="0"/>
<pin id="1288" dir="0" index="1" bw="4" slack="0"/>
<pin id="1289" dir="0" index="2" bw="4" slack="0"/>
<pin id="1290" dir="1" index="3" bw="4" slack="0"/>
</pin_list>
<bind>
<opcode="select(49) " fcode="select"/>
<opset="select_ln138_1/4 "/>
</bind>
</comp>

<comp id="1294" class="1004" name="select_ln138_2_fu_1294">
<pin_list>
<pin id="1295" dir="0" index="0" bw="1" slack="0"/>
<pin id="1296" dir="0" index="1" bw="4" slack="0"/>
<pin id="1297" dir="0" index="2" bw="4" slack="0"/>
<pin id="1298" dir="1" index="3" bw="4" slack="0"/>
</pin_list>
<bind>
<opcode="select(49) " fcode="select"/>
<opset="select_ln138_2/4 "/>
</bind>
</comp>

<comp id="1302" class="1004" name="select_ln138_3_fu_1302">
<pin_list>
<pin id="1303" dir="0" index="0" bw="1" slack="0"/>
<pin id="1304" dir="0" index="1" bw="4" slack="0"/>
<pin id="1305" dir="0" index="2" bw="4" slack="0"/>
<pin id="1306" dir="1" index="3" bw="4" slack="0"/>
</pin_list>
<bind>
<opcode="select(49) " fcode="select"/>
<opset="select_ln138_3/4 "/>
</bind>
</comp>

<comp id="1310" class="1004" name="select_ln138_4_fu_1310">
<pin_list>
<pin id="1311" dir="0" index="0" bw="1" slack="0"/>
<pin id="1312" dir="0" index="1" bw="4" slack="0"/>
<pin id="1313" dir="0" index="2" bw="4" slack="0"/>
<pin id="1314" dir="1" index="3" bw="4" slack="0"/>
</pin_list>
<bind>
<opcode="select(49) " fcode="select"/>
<opset="select_ln138_4/4 "/>
</bind>
</comp>

<comp id="1318" class="1004" name="select_ln133_fu_1318">
<pin_list>
<pin id="1319" dir="0" index="0" bw="1" slack="0"/>
<pin id="1320" dir="0" index="1" bw="4" slack="0"/>
<pin id="1321" dir="0" index="2" bw="4" slack="0"/>
<pin id="1322" dir="1" index="3" bw="4" slack="0"/>
</pin_list>
<bind>
<opcode="select(49) " fcode="select"/>
<opset="select_ln133/4 "/>
</bind>
</comp>

<comp id="1326" class="1004" name="icmp_ln133_6_fu_1326">
<pin_list>
<pin id="1327" dir="0" index="0" bw="2" slack="0"/>
<pin id="1328" dir="0" index="1" bw="2" slack="0"/>
<pin id="1329" dir="1" index="2" bw="1" slack="0"/>
</pin_list>
<bind>
<opcode="icmp(45) " fcode="icmp"/>
<opset="icmp_ln133_6/4 "/>
</bind>
</comp>

<comp id="1332" class="1004" name="and_ln133_6_fu_1332">
<pin_list>
<pin id="1333" dir="0" index="0" bw="1" slack="0"/>
<pin id="1334" dir="0" index="1" bw="1" slack="0"/>
<pin id="1335" dir="1" index="2" bw="1" slack="0"/>
</pin_list>
<bind>
<opcode="and(23) " fcode="and"/>
<opset="and_ln133_6/4 "/>
</bind>
</comp>

<comp id="1338" class="1004" name="select_ln133_1_fu_1338">
<pin_list>
<pin id="1339" dir="0" index="0" bw="1" slack="0"/>
<pin id="1340" dir="0" index="1" bw="4" slack="0"/>
<pin id="1341" dir="0" index="2" bw="4" slack="0"/>
<pin id="1342" dir="1" index="3" bw="4" slack="0"/>
</pin_list>
<bind>
<opcode="select(49) " fcode="select"/>
<opset="select_ln133_1/4 "/>
</bind>
</comp>

<comp id="1346" class="1004" name="icmp_ln133_7_fu_1346">
<pin_list>
<pin id="1347" dir="0" index="0" bw="2" slack="0"/>
<pin id="1348" dir="0" index="1" bw="2" slack="0"/>
<pin id="1349" dir="1" index="2" bw="1" slack="0"/>
</pin_list>
<bind>
<opcode="icmp(45) " fcode="icmp"/>
<opset="icmp_ln133_7/4 "/>
</bind>
</comp>

<comp id="1352" class="1004" name="and_ln133_7_fu_1352">
<pin_list>
<pin id="1353" dir="0" index="0" bw="1" slack="0"/>
<pin id="1354" dir="0" index="1" bw="1" slack="0"/>
<pin id="1355" dir="1" index="2" bw="1" slack="0"/>
</pin_list>
<bind>
<opcode="and(23) " fcode="and"/>
<opset="and_ln133_7/4 "/>
</bind>
</comp>

<comp id="1358" class="1004" name="add_ln134_fu_1358">
<pin_list>
<pin id="1359" dir="0" index="0" bw="4" slack="0"/>
<pin id="1360" dir="0" index="1" bw="1" slack="0"/>
<pin id="1361" dir="1" index="2" bw="4" slack="0"/>
</pin_list>
<bind>
<opcode="add(8) " fcode="add"/>
<opset="add_ln134/4 "/>
</bind>
</comp>

<comp id="1364" class="1004" name="icmp_ln135_fu_1364">
<pin_list>
<pin id="1365" dir="0" index="0" bw="4" slack="0"/>
<pin id="1366" dir="0" index="1" bw="4" slack="0"/>
<pin id="1367" dir="1" index="2" bw="1" slack="0"/>
</pin_list>
<bind>
<opcode="icmp(45) " fcode="icmp"/>
<opset="icmp_ln135/4 "/>
</bind>
</comp>

<comp id="1370" class="1004" name="add_ln138_fu_1370">
<pin_list>
<pin id="1371" dir="0" index="0" bw="4" slack="0"/>
<pin id="1372" dir="0" index="1" bw="3" slack="0"/>
<pin id="1373" dir="1" index="2" bw="4" slack="0"/>
</pin_list>
<bind>
<opcode="add(8) " fcode="add"/>
<opset="add_ln138/4 "/>
</bind>
</comp>

<comp id="1376" class="1004" name="select_ln133_2_fu_1376">
<pin_list>
<pin id="1377" dir="0" index="0" bw="1" slack="0"/>
<pin id="1378" dir="0" index="1" bw="4" slack="0"/>
<pin id="1379" dir="0" index="2" bw="4" slack="0"/>
<pin id="1380" dir="1" index="3" bw="4" slack="0"/>
</pin_list>
<bind>
<opcode="select(49) " fcode="select"/>
<opset="select_ln133_2/4 "/>
</bind>
</comp>

<comp id="1384" class="1004" name="and_ln133_16_fu_1384">
<pin_list>
<pin id="1385" dir="0" index="0" bw="1" slack="0"/>
<pin id="1386" dir="0" index="1" bw="1" slack="0"/>
<pin id="1387" dir="1" index="2" bw="1" slack="0"/>
</pin_list>
<bind>
<opcode="and(23) " fcode="and"/>
<opset="and_ln133_16/4 "/>
</bind>
</comp>

<comp id="1390" class="1004" name="icmp_ln133_8_fu_1390">
<pin_list>
<pin id="1391" dir="0" index="0" bw="2" slack="0"/>
<pin id="1392" dir="0" index="1" bw="2" slack="0"/>
<pin id="1393" dir="1" index="2" bw="1" slack="0"/>
</pin_list>
<bind>
<opcode="icmp(45) " fcode="icmp"/>
<opset="icmp_ln133_8/4 "/>
</bind>
</comp>

<comp id="1396" class="1004" name="and_ln133_8_fu_1396">
<pin_list>
<pin id="1397" dir="0" index="0" bw="1" slack="0"/>
<pin id="1398" dir="0" index="1" bw="1" slack="0"/>
<pin id="1399" dir="1" index="2" bw="1" slack="0"/>
</pin_list>
<bind>
<opcode="and(23) " fcode="and"/>
<opset="and_ln133_8/4 "/>
</bind>
</comp>

<comp id="1402" class="1004" name="icmp_ln135_1_fu_1402">
<pin_list>
<pin id="1403" dir="0" index="0" bw="4" slack="0"/>
<pin id="1404" dir="0" index="1" bw="4" slack="0"/>
<pin id="1405" dir="1" index="2" bw="1" slack="0"/>
</pin_list>
<bind>
<opcode="icmp(45) " fcode="icmp"/>
<opset="icmp_ln135_1/4 "/>
</bind>
</comp>

<comp id="1408" class="1004" name="select_ln133_3_fu_1408">
<pin_list>
<pin id="1409" dir="0" index="0" bw="1" slack="0"/>
<pin id="1410" dir="0" index="1" bw="4" slack="0"/>
<pin id="1411" dir="0" index="2" bw="4" slack="0"/>
<pin id="1412" dir="1" index="3" bw="4" slack="1"/>
</pin_list>
<bind>
<opcode="select(49) " fcode="select"/>
<opset="select_ln133_3/4 "/>
</bind>
</comp>

<comp id="1416" class="1004" name="and_ln133_17_fu_1416">
<pin_list>
<pin id="1417" dir="0" index="0" bw="1" slack="0"/>
<pin id="1418" dir="0" index="1" bw="1" slack="0"/>
<pin id="1419" dir="1" index="2" bw="1" slack="0"/>
</pin_list>
<bind>
<opcode="and(23) " fcode="and"/>
<opset="and_ln133_17/4 "/>
</bind>
</comp>

<comp id="1422" class="1004" name="or_ln133_fu_1422">
<pin_list>
<pin id="1423" dir="0" index="0" bw="1" slack="0"/>
<pin id="1424" dir="0" index="1" bw="1" slack="0"/>
<pin id="1425" dir="1" index="2" bw="1" slack="1"/>
</pin_list>
<bind>
<opcode="or(24) " fcode="or"/>
<opset="or_ln133/4 "/>
</bind>
</comp>

<comp id="1428" class="1004" name="store_ln145_store_fu_1428">
<pin_list>
<pin id="1429" dir="0" index="0" bw="8" slack="0"/>
<pin id="1430" dir="0" index="1" bw="8" slack="3"/>
<pin id="1431" dir="1" index="2" bw="0" slack="2147483647"/>
</pin_list>
<bind>
<opcode="store(28) " fcode="store"/>
<opset="store_ln145/4 "/>
</bind>
</comp>

<comp id="1433" class="1004" name="store_ln0_store_fu_1433">
<pin_list>
<pin id="1434" dir="0" index="0" bw="8" slack="0"/>
<pin id="1435" dir="0" index="1" bw="8" slack="3"/>
<pin id="1436" dir="1" index="2" bw="0" slack="2147483647"/>
</pin_list>
<bind>
<opcode="store(28) " fcode="store"/>
<opset="store_ln0/4 "/>
</bind>
</comp>

<comp id="1438" class="1004" name="store_ln1347_store_fu_1438">
<pin_list>
<pin id="1439" dir="0" index="0" bw="8" slack="0"/>
<pin id="1440" dir="0" index="1" bw="8" slack="3"/>
<pin id="1441" dir="1" index="2" bw="0" slack="2147483647"/>
</pin_list>
<bind>
<opcode="store(28) " fcode="store"/>
<opset="store_ln1347/4 "/>
</bind>
</comp>

<comp id="1443" class="1004" name="store_ln1347_store_fu_1443">
<pin_list>
<pin id="1444" dir="0" index="0" bw="8" slack="0"/>
<pin id="1445" dir="0" index="1" bw="8" slack="3"/>
<pin id="1446" dir="1" index="2" bw="0" slack="2147483647"/>
</pin_list>
<bind>
<opcode="store(28) " fcode="store"/>
<opset="store_ln1347/4 "/>
</bind>
</comp>

<comp id="1448" class="1004" name="store_ln871_store_fu_1448">
<pin_list>
<pin id="1449" dir="0" index="0" bw="8" slack="0"/>
<pin id="1450" dir="0" index="1" bw="8" slack="3"/>
<pin id="1451" dir="1" index="2" bw="0" slack="2147483647"/>
</pin_list>
<bind>
<opcode="store(28) " fcode="store"/>
<opset="store_ln871/4 "/>
</bind>
</comp>

<comp id="1453" class="1004" name="store_ln1347_store_fu_1453">
<pin_list>
<pin id="1454" dir="0" index="0" bw="8" slack="0"/>
<pin id="1455" dir="0" index="1" bw="8" slack="3"/>
<pin id="1456" dir="1" index="2" bw="0" slack="2147483647"/>
</pin_list>
<bind>
<opcode="store(28) " fcode="store"/>
<opset="store_ln1347/4 "/>
</bind>
</comp>

<comp id="1458" class="1004" name="store_ln0_store_fu_1458">
<pin_list>
<pin id="1459" dir="0" index="0" bw="8" slack="0"/>
<pin id="1460" dir="0" index="1" bw="8" slack="3"/>
<pin id="1461" dir="1" index="2" bw="0" slack="2147483647"/>
</pin_list>
<bind>
<opcode="store(28) " fcode="store"/>
<opset="store_ln0/4 "/>
</bind>
</comp>

<comp id="1463" class="1004" name="store_ln0_store_fu_1463">
<pin_list>
<pin id="1464" dir="0" index="0" bw="8" slack="0"/>
<pin id="1465" dir="0" index="1" bw="8" slack="3"/>
<pin id="1466" dir="1" index="2" bw="0" slack="2147483647"/>
</pin_list>
<bind>
<opcode="store(28) " fcode="store"/>
<opset="store_ln0/4 "/>
</bind>
</comp>

<comp id="1468" class="1004" name="store_ln0_store_fu_1468">
<pin_list>
<pin id="1469" dir="0" index="0" bw="8" slack="0"/>
<pin id="1470" dir="0" index="1" bw="8" slack="3"/>
<pin id="1471" dir="1" index="2" bw="0" slack="2147483647"/>
</pin_list>
<bind>
<opcode="store(28) " fcode="store"/>
<opset="store_ln0/4 "/>
</bind>
</comp>

<comp id="1473" class="1004" name="store_ln871_store_fu_1473">
<pin_list>
<pin id="1474" dir="0" index="0" bw="8" slack="0"/>
<pin id="1475" dir="0" index="1" bw="8" slack="3"/>
<pin id="1476" dir="1" index="2" bw="0" slack="2147483647"/>
</pin_list>
<bind>
<opcode="store(28) " fcode="store"/>
<opset="store_ln871/4 "/>
</bind>
</comp>

<comp id="1478" class="1004" name="store_ln0_store_fu_1478">
<pin_list>
<pin id="1479" dir="0" index="0" bw="8" slack="0"/>
<pin id="1480" dir="0" index="1" bw="8" slack="3"/>
<pin id="1481" dir="1" index="2" bw="0" slack="2147483647"/>
</pin_list>
<bind>
<opcode="store(28) " fcode="store"/>
<opset="store_ln0/4 "/>
</bind>
</comp>

<comp id="1483" class="1004" name="store_ln0_store_fu_1483">
<pin_list>
<pin id="1484" dir="0" index="0" bw="8" slack="0"/>
<pin id="1485" dir="0" index="1" bw="8" slack="3"/>
<pin id="1486" dir="1" index="2" bw="0" slack="2147483647"/>
</pin_list>
<bind>
<opcode="store(28) " fcode="store"/>
<opset="store_ln0/4 "/>
</bind>
</comp>

<comp id="1488" class="1004" name="store_ln0_store_fu_1488">
<pin_list>
<pin id="1489" dir="0" index="0" bw="8" slack="0"/>
<pin id="1490" dir="0" index="1" bw="8" slack="3"/>
<pin id="1491" dir="1" index="2" bw="0" slack="2147483647"/>
</pin_list>
<bind>
<opcode="store(28) " fcode="store"/>
<opset="store_ln0/4 "/>
</bind>
</comp>

<comp id="1493" class="1004" name="store_ln0_store_fu_1493">
<pin_list>
<pin id="1494" dir="0" index="0" bw="8" slack="0"/>
<pin id="1495" dir="0" index="1" bw="8" slack="3"/>
<pin id="1496" dir="1" index="2" bw="0" slack="2147483647"/>
</pin_list>
<bind>
<opcode="store(28) " fcode="store"/>
<opset="store_ln0/4 "/>
</bind>
</comp>

<comp id="1498" class="1004" name="store_ln0_store_fu_1498">
<pin_list>
<pin id="1499" dir="0" index="0" bw="8" slack="0"/>
<pin id="1500" dir="0" index="1" bw="8" slack="3"/>
<pin id="1501" dir="1" index="2" bw="0" slack="2147483647"/>
</pin_list>
<bind>
<opcode="store(28) " fcode="store"/>
<opset="store_ln0/4 "/>
</bind>
</comp>

<comp id="1503" class="1004" name="store_ln871_store_fu_1503">
<pin_list>
<pin id="1504" dir="0" index="0" bw="8" slack="0"/>
<pin id="1505" dir="0" index="1" bw="8" slack="3"/>
<pin id="1506" dir="1" index="2" bw="0" slack="2147483647"/>
</pin_list>
<bind>
<opcode="store(28) " fcode="store"/>
<opset="store_ln871/4 "/>
</bind>
</comp>

<comp id="1508" class="1004" name="store_ln0_store_fu_1508">
<pin_list>
<pin id="1509" dir="0" index="0" bw="8" slack="0"/>
<pin id="1510" dir="0" index="1" bw="8" slack="3"/>
<pin id="1511" dir="1" index="2" bw="0" slack="2147483647"/>
</pin_list>
<bind>
<opcode="store(28) " fcode="store"/>
<opset="store_ln0/4 "/>
</bind>
</comp>

<comp id="1513" class="1004" name="store_ln0_store_fu_1513">
<pin_list>
<pin id="1514" dir="0" index="0" bw="8" slack="0"/>
<pin id="1515" dir="0" index="1" bw="8" slack="3"/>
<pin id="1516" dir="1" index="2" bw="0" slack="2147483647"/>
</pin_list>
<bind>
<opcode="store(28) " fcode="store"/>
<opset="store_ln0/4 "/>
</bind>
</comp>

<comp id="1518" class="1004" name="store_ln1347_store_fu_1518">
<pin_list>
<pin id="1519" dir="0" index="0" bw="8" slack="0"/>
<pin id="1520" dir="0" index="1" bw="8" slack="3"/>
<pin id="1521" dir="1" index="2" bw="0" slack="2147483647"/>
</pin_list>
<bind>
<opcode="store(28) " fcode="store"/>
<opset="store_ln1347/4 "/>
</bind>
</comp>

<comp id="1523" class="1004" name="store_ln0_store_fu_1523">
<pin_list>
<pin id="1524" dir="0" index="0" bw="8" slack="0"/>
<pin id="1525" dir="0" index="1" bw="8" slack="3"/>
<pin id="1526" dir="1" index="2" bw="0" slack="2147483647"/>
</pin_list>
<bind>
<opcode="store(28) " fcode="store"/>
<opset="store_ln0/4 "/>
</bind>
</comp>

<comp id="1528" class="1004" name="store_ln871_store_fu_1528">
<pin_list>
<pin id="1529" dir="0" index="0" bw="8" slack="0"/>
<pin id="1530" dir="0" index="1" bw="8" slack="3"/>
<pin id="1531" dir="1" index="2" bw="0" slack="2147483647"/>
</pin_list>
<bind>
<opcode="store(28) " fcode="store"/>
<opset="store_ln871/4 "/>
</bind>
</comp>

<comp id="1533" class="1004" name="store_ln0_store_fu_1533">
<pin_list>
<pin id="1534" dir="0" index="0" bw="8" slack="0"/>
<pin id="1535" dir="0" index="1" bw="8" slack="3"/>
<pin id="1536" dir="1" index="2" bw="0" slack="2147483647"/>
</pin_list>
<bind>
<opcode="store(28) " fcode="store"/>
<opset="store_ln0/4 "/>
</bind>
</comp>

<comp id="1538" class="1004" name="store_ln0_store_fu_1538">
<pin_list>
<pin id="1539" dir="0" index="0" bw="8" slack="0"/>
<pin id="1540" dir="0" index="1" bw="8" slack="3"/>
<pin id="1541" dir="1" index="2" bw="0" slack="2147483647"/>
</pin_list>
<bind>
<opcode="store(28) " fcode="store"/>
<opset="store_ln0/4 "/>
</bind>
</comp>

<comp id="1543" class="1004" name="store_ln0_store_fu_1543">
<pin_list>
<pin id="1544" dir="0" index="0" bw="8" slack="0"/>
<pin id="1545" dir="0" index="1" bw="8" slack="3"/>
<pin id="1546" dir="1" index="2" bw="0" slack="2147483647"/>
</pin_list>
<bind>
<opcode="store(28) " fcode="store"/>
<opset="store_ln0/4 "/>
</bind>
</comp>

<comp id="1548" class="1004" name="store_ln0_store_fu_1548">
<pin_list>
<pin id="1549" dir="0" index="0" bw="8" slack="0"/>
<pin id="1550" dir="0" index="1" bw="8" slack="3"/>
<pin id="1551" dir="1" index="2" bw="0" slack="2147483647"/>
</pin_list>
<bind>
<opcode="store(28) " fcode="store"/>
<opset="store_ln0/4 "/>
</bind>
</comp>

<comp id="1553" class="1004" name="store_ln871_store_fu_1553">
<pin_list>
<pin id="1554" dir="0" index="0" bw="8" slack="0"/>
<pin id="1555" dir="0" index="1" bw="8" slack="3"/>
<pin id="1556" dir="1" index="2" bw="0" slack="2147483647"/>
</pin_list>
<bind>
<opcode="store(28) " fcode="store"/>
<opset="store_ln871/4 "/>
</bind>
</comp>

<comp id="1558" class="1004" name="store_ln1347_store_fu_1558">
<pin_list>
<pin id="1559" dir="0" index="0" bw="8" slack="0"/>
<pin id="1560" dir="0" index="1" bw="8" slack="3"/>
<pin id="1561" dir="1" index="2" bw="0" slack="2147483647"/>
</pin_list>
<bind>
<opcode="store(28) " fcode="store"/>
<opset="store_ln1347/4 "/>
</bind>
</comp>

<comp id="1563" class="1004" name="store_ln0_store_fu_1563">
<pin_list>
<pin id="1564" dir="0" index="0" bw="8" slack="0"/>
<pin id="1565" dir="0" index="1" bw="8" slack="3"/>
<pin id="1566" dir="1" index="2" bw="0" slack="2147483647"/>
</pin_list>
<bind>
<opcode="store(28) " fcode="store"/>
<opset="store_ln0/4 "/>
</bind>
</comp>

<comp id="1568" class="1004" name="store_ln0_store_fu_1568">
<pin_list>
<pin id="1569" dir="0" index="0" bw="8" slack="0"/>
<pin id="1570" dir="0" index="1" bw="8" slack="3"/>
<pin id="1571" dir="1" index="2" bw="0" slack="2147483647"/>
</pin_list>
<bind>
<opcode="store(28) " fcode="store"/>
<opset="store_ln0/4 "/>
</bind>
</comp>

<comp id="1573" class="1004" name="store_ln871_store_fu_1573">
<pin_list>
<pin id="1574" dir="0" index="0" bw="8" slack="0"/>
<pin id="1575" dir="0" index="1" bw="8" slack="3"/>
<pin id="1576" dir="1" index="2" bw="0" slack="2147483647"/>
</pin_list>
<bind>
<opcode="store(28) " fcode="store"/>
<opset="store_ln871/4 "/>
</bind>
</comp>

<comp id="1578" class="1004" name="store_ln0_store_fu_1578">
<pin_list>
<pin id="1579" dir="0" index="0" bw="8" slack="0"/>
<pin id="1580" dir="0" index="1" bw="8" slack="3"/>
<pin id="1581" dir="1" index="2" bw="0" slack="2147483647"/>
</pin_list>
<bind>
<opcode="store(28) " fcode="store"/>
<opset="store_ln0/4 "/>
</bind>
</comp>

<comp id="1583" class="1004" name="store_ln1347_store_fu_1583">
<pin_list>
<pin id="1584" dir="0" index="0" bw="8" slack="0"/>
<pin id="1585" dir="0" index="1" bw="8" slack="3"/>
<pin id="1586" dir="1" index="2" bw="0" slack="2147483647"/>
</pin_list>
<bind>
<opcode="store(28) " fcode="store"/>
<opset="store_ln1347/4 "/>
</bind>
</comp>

<comp id="1588" class="1004" name="window_val_V_0_3_load_load_fu_1588">
<pin_list>
<pin id="1589" dir="0" index="0" bw="8" slack="4"/>
<pin id="1590" dir="1" index="1" bw="8" slack="0"/>
</pin_list>
<bind>
<opcode="load(27) " fcode="load"/>
<opset="window_val_V_0_3_load/5 "/>
</bind>
</comp>

<comp id="1591" class="1004" name="window_val_V_1_2_load_load_fu_1591">
<pin_list>
<pin id="1592" dir="0" index="0" bw="8" slack="4"/>
<pin id="1593" dir="1" index="1" bw="8" slack="0"/>
</pin_list>
<bind>
<opcode="load(27) " fcode="load"/>
<opset="window_val_V_1_2_load/5 "/>
</bind>
</comp>

<comp id="1594" class="1004" name="window_val_V_2_1_load_load_fu_1594">
<pin_list>
<pin id="1595" dir="0" index="0" bw="8" slack="4"/>
<pin id="1596" dir="1" index="1" bw="8" slack="0"/>
</pin_list>
<bind>
<opcode="load(27) " fcode="load"/>
<opset="window_val_V_2_1_load/5 "/>
</bind>
</comp>

<comp id="1597" class="1004" name="window_val_V_3_1_load_load_fu_1597">
<pin_list>
<pin id="1598" dir="0" index="0" bw="8" slack="4"/>
<pin id="1599" dir="1" index="1" bw="8" slack="0"/>
</pin_list>
<bind>
<opcode="load(27) " fcode="load"/>
<opset="window_val_V_3_1_load/5 "/>
</bind>
</comp>

<comp id="1600" class="1004" name="zext_ln1347_1_fu_1600">
<pin_list>
<pin id="1601" dir="0" index="0" bw="8" slack="1"/>
<pin id="1602" dir="1" index="1" bw="9" slack="0"/>
</pin_list>
<bind>
<opcode="zext(34) " fcode="zext"/>
<opset="zext_ln1347_1/5 "/>
</bind>
</comp>

<comp id="1603" class="1004" name="ret_fu_1603">
<pin_list>
<pin id="1604" dir="0" index="0" bw="8" slack="1"/>
<pin id="1605" dir="0" index="1" bw="8" slack="0"/>
<pin id="1606" dir="1" index="2" bw="9" slack="0"/>
</pin_list>
<bind>
<opcode="sub(10) " fcode="sub"/>
<opset="ret/5 "/>
</bind>
</comp>

<comp id="1608" class="1004" name="zext_ln1347_13_fu_1608">
<pin_list>
<pin id="1609" dir="0" index="0" bw="8" slack="0"/>
<pin id="1610" dir="1" index="1" bw="9" slack="0"/>
</pin_list>
<bind>
<opcode="zext(34) " fcode="zext"/>
<opset="zext_ln1347_13/5 "/>
</bind>
</comp>

<comp id="1612" class="1004" name="ret_22_fu_1612">
<pin_list>
<pin id="1613" dir="0" index="0" bw="8" slack="1"/>
<pin id="1614" dir="0" index="1" bw="8" slack="0"/>
<pin id="1615" dir="1" index="2" bw="9" slack="0"/>
</pin_list>
<bind>
<opcode="sub(10) " fcode="sub"/>
<opset="ret_22/5 "/>
</bind>
</comp>

<comp id="1617" class="1004" name="zext_ln1347_14_fu_1617">
<pin_list>
<pin id="1618" dir="0" index="0" bw="8" slack="0"/>
<pin id="1619" dir="1" index="1" bw="9" slack="0"/>
</pin_list>
<bind>
<opcode="zext(34) " fcode="zext"/>
<opset="zext_ln1347_14/5 "/>
</bind>
</comp>

<comp id="1621" class="1004" name="ret_23_fu_1621">
<pin_list>
<pin id="1622" dir="0" index="0" bw="8" slack="1"/>
<pin id="1623" dir="0" index="1" bw="8" slack="0"/>
<pin id="1624" dir="1" index="2" bw="9" slack="0"/>
</pin_list>
<bind>
<opcode="sub(10) " fcode="sub"/>
<opset="ret_23/5 "/>
</bind>
</comp>

<comp id="1626" class="1004" name="zext_ln1347_15_fu_1626">
<pin_list>
<pin id="1627" dir="0" index="0" bw="8" slack="0"/>
<pin id="1628" dir="1" index="1" bw="9" slack="0"/>
</pin_list>
<bind>
<opcode="zext(34) " fcode="zext"/>
<opset="zext_ln1347_15/5 "/>
</bind>
</comp>

<comp id="1630" class="1004" name="ret_24_fu_1630">
<pin_list>
<pin id="1631" dir="0" index="0" bw="8" slack="1"/>
<pin id="1632" dir="0" index="1" bw="8" slack="0"/>
<pin id="1633" dir="1" index="2" bw="9" slack="0"/>
</pin_list>
<bind>
<opcode="sub(10) " fcode="sub"/>
<opset="ret_24/5 "/>
</bind>
</comp>

<comp id="1635" class="1004" name="zext_ln1347_16_fu_1635">
<pin_list>
<pin id="1636" dir="0" index="0" bw="8" slack="0"/>
<pin id="1637" dir="1" index="1" bw="9" slack="0"/>
</pin_list>
<bind>
<opcode="zext(34) " fcode="zext"/>
<opset="zext_ln1347_16/5 "/>
</bind>
</comp>

<comp id="1639" class="1004" name="ret_25_fu_1639">
<pin_list>
<pin id="1640" dir="0" index="0" bw="8" slack="1"/>
<pin id="1641" dir="0" index="1" bw="8" slack="0"/>
<pin id="1642" dir="1" index="2" bw="9" slack="0"/>
</pin_list>
<bind>
<opcode="sub(10) " fcode="sub"/>
<opset="ret_25/5 "/>
</bind>
</comp>

<comp id="1644" class="1004" name="icmp_ln113_fu_1644">
<pin_list>
<pin id="1645" dir="0" index="0" bw="9" slack="0"/>
<pin id="1646" dir="0" index="1" bw="9" slack="4"/>
<pin id="1647" dir="1" index="2" bw="1" slack="0"/>
</pin_list>
<bind>
<opcode="icmp(45) " fcode="icmp"/>
<opset="icmp_ln113/5 "/>
</bind>
</comp>

<comp id="1649" class="1004" name="icmp_ln115_fu_1649">
<pin_list>
<pin id="1650" dir="0" index="0" bw="9" slack="0"/>
<pin id="1651" dir="0" index="1" bw="9" slack="4"/>
<pin id="1652" dir="1" index="2" bw="1" slack="0"/>
</pin_list>
<bind>
<opcode="icmp(45) " fcode="icmp"/>
<opset="icmp_ln115/5 "/>
</bind>
</comp>

<comp id="1654" class="1004" name="select_ln113_fu_1654">
<pin_list>
<pin id="1655" dir="0" index="0" bw="1" slack="0"/>
<pin id="1656" dir="0" index="1" bw="2" slack="0"/>
<pin id="1657" dir="0" index="2" bw="2" slack="0"/>
<pin id="1658" dir="1" index="3" bw="2" slack="0"/>
</pin_list>
<bind>
<opcode="select(49) " fcode="select"/>
<opset="select_ln113/5 "/>
</bind>
</comp>

<comp id="1662" class="1004" name="or_ln113_fu_1662">
<pin_list>
<pin id="1663" dir="0" index="0" bw="1" slack="0"/>
<pin id="1664" dir="0" index="1" bw="1" slack="0"/>
<pin id="1665" dir="1" index="2" bw="1" slack="0"/>
</pin_list>
<bind>
<opcode="or(24) " fcode="or"/>
<opset="or_ln113/5 "/>
</bind>
</comp>

<comp id="1668" class="1004" name="select_ln113_1_fu_1668">
<pin_list>
<pin id="1669" dir="0" index="0" bw="1" slack="0"/>
<pin id="1670" dir="0" index="1" bw="2" slack="0"/>
<pin id="1671" dir="0" index="2" bw="2" slack="0"/>
<pin id="1672" dir="1" index="3" bw="2" slack="0"/>
</pin_list>
<bind>
<opcode="select(49) " fcode="select"/>
<opset="select_ln113_1/5 "/>
</bind>
</comp>

<comp id="1676" class="1004" name="icmp_ln113_11_fu_1676">
<pin_list>
<pin id="1677" dir="0" index="0" bw="9" slack="1"/>
<pin id="1678" dir="0" index="1" bw="9" slack="4"/>
<pin id="1679" dir="1" index="2" bw="1" slack="0"/>
</pin_list>
<bind>
<opcode="icmp(45) " fcode="icmp"/>
<opset="icmp_ln113_11/5 "/>
</bind>
</comp>

<comp id="1680" class="1004" name="icmp_ln115_11_fu_1680">
<pin_list>
<pin id="1681" dir="0" index="0" bw="9" slack="1"/>
<pin id="1682" dir="0" index="1" bw="9" slack="4"/>
<pin id="1683" dir="1" index="2" bw="1" slack="0"/>
</pin_list>
<bind>
<opcode="icmp(45) " fcode="icmp"/>
<opset="icmp_ln115_11/5 "/>
</bind>
</comp>

<comp id="1684" class="1004" name="select_ln113_22_fu_1684">
<pin_list>
<pin id="1685" dir="0" index="0" bw="1" slack="0"/>
<pin id="1686" dir="0" index="1" bw="2" slack="0"/>
<pin id="1687" dir="0" index="2" bw="2" slack="0"/>
<pin id="1688" dir="1" index="3" bw="2" slack="0"/>
</pin_list>
<bind>
<opcode="select(49) " fcode="select"/>
<opset="select_ln113_22/5 "/>
</bind>
</comp>

<comp id="1692" class="1004" name="or_ln113_11_fu_1692">
<pin_list>
<pin id="1693" dir="0" index="0" bw="1" slack="0"/>
<pin id="1694" dir="0" index="1" bw="1" slack="0"/>
<pin id="1695" dir="1" index="2" bw="1" slack="0"/>
</pin_list>
<bind>
<opcode="or(24) " fcode="or"/>
<opset="or_ln113_11/5 "/>
</bind>
</comp>

<comp id="1698" class="1004" name="select_ln113_23_fu_1698">
<pin_list>
<pin id="1699" dir="0" index="0" bw="1" slack="0"/>
<pin id="1700" dir="0" index="1" bw="2" slack="0"/>
<pin id="1701" dir="0" index="2" bw="2" slack="0"/>
<pin id="1702" dir="1" index="3" bw="2" slack="0"/>
</pin_list>
<bind>
<opcode="select(49) " fcode="select"/>
<opset="select_ln113_23/5 "/>
</bind>
</comp>

<comp id="1706" class="1004" name="icmp_ln113_12_fu_1706">
<pin_list>
<pin id="1707" dir="0" index="0" bw="9" slack="0"/>
<pin id="1708" dir="0" index="1" bw="9" slack="4"/>
<pin id="1709" dir="1" index="2" bw="1" slack="0"/>
</pin_list>
<bind>
<opcode="icmp(45) " fcode="icmp"/>
<opset="icmp_ln113_12/5 "/>
</bind>
</comp>

<comp id="1711" class="1004" name="icmp_ln115_12_fu_1711">
<pin_list>
<pin id="1712" dir="0" index="0" bw="9" slack="0"/>
<pin id="1713" dir="0" index="1" bw="9" slack="4"/>
<pin id="1714" dir="1" index="2" bw="1" slack="0"/>
</pin_list>
<bind>
<opcode="icmp(45) " fcode="icmp"/>
<opset="icmp_ln115_12/5 "/>
</bind>
</comp>

<comp id="1716" class="1004" name="select_ln113_24_fu_1716">
<pin_list>
<pin id="1717" dir="0" index="0" bw="1" slack="0"/>
<pin id="1718" dir="0" index="1" bw="2" slack="0"/>
<pin id="1719" dir="0" index="2" bw="2" slack="0"/>
<pin id="1720" dir="1" index="3" bw="2" slack="0"/>
</pin_list>
<bind>
<opcode="select(49) " fcode="select"/>
<opset="select_ln113_24/5 "/>
</bind>
</comp>

<comp id="1724" class="1004" name="or_ln113_12_fu_1724">
<pin_list>
<pin id="1725" dir="0" index="0" bw="1" slack="0"/>
<pin id="1726" dir="0" index="1" bw="1" slack="0"/>
<pin id="1727" dir="1" index="2" bw="1" slack="0"/>
</pin_list>
<bind>
<opcode="or(24) " fcode="or"/>
<opset="or_ln113_12/5 "/>
</bind>
</comp>

<comp id="1730" class="1004" name="select_ln113_25_fu_1730">
<pin_list>
<pin id="1731" dir="0" index="0" bw="1" slack="0"/>
<pin id="1732" dir="0" index="1" bw="2" slack="0"/>
<pin id="1733" dir="0" index="2" bw="2" slack="0"/>
<pin id="1734" dir="1" index="3" bw="2" slack="0"/>
</pin_list>
<bind>
<opcode="select(49) " fcode="select"/>
<opset="select_ln113_25/5 "/>
</bind>
</comp>

<comp id="1738" class="1004" name="icmp_ln113_13_fu_1738">
<pin_list>
<pin id="1739" dir="0" index="0" bw="9" slack="0"/>
<pin id="1740" dir="0" index="1" bw="9" slack="4"/>
<pin id="1741" dir="1" index="2" bw="1" slack="0"/>
</pin_list>
<bind>
<opcode="icmp(45) " fcode="icmp"/>
<opset="icmp_ln113_13/5 "/>
</bind>
</comp>

<comp id="1743" class="1004" name="icmp_ln115_13_fu_1743">
<pin_list>
<pin id="1744" dir="0" index="0" bw="9" slack="0"/>
<pin id="1745" dir="0" index="1" bw="9" slack="4"/>
<pin id="1746" dir="1" index="2" bw="1" slack="0"/>
</pin_list>
<bind>
<opcode="icmp(45) " fcode="icmp"/>
<opset="icmp_ln115_13/5 "/>
</bind>
</comp>

<comp id="1748" class="1004" name="select_ln113_26_fu_1748">
<pin_list>
<pin id="1749" dir="0" index="0" bw="1" slack="0"/>
<pin id="1750" dir="0" index="1" bw="2" slack="0"/>
<pin id="1751" dir="0" index="2" bw="2" slack="0"/>
<pin id="1752" dir="1" index="3" bw="2" slack="0"/>
</pin_list>
<bind>
<opcode="select(49) " fcode="select"/>
<opset="select_ln113_26/5 "/>
</bind>
</comp>

<comp id="1756" class="1004" name="or_ln113_13_fu_1756">
<pin_list>
<pin id="1757" dir="0" index="0" bw="1" slack="0"/>
<pin id="1758" dir="0" index="1" bw="1" slack="0"/>
<pin id="1759" dir="1" index="2" bw="1" slack="0"/>
</pin_list>
<bind>
<opcode="or(24) " fcode="or"/>
<opset="or_ln113_13/5 "/>
</bind>
</comp>

<comp id="1762" class="1004" name="select_ln113_27_fu_1762">
<pin_list>
<pin id="1763" dir="0" index="0" bw="1" slack="0"/>
<pin id="1764" dir="0" index="1" bw="2" slack="0"/>
<pin id="1765" dir="0" index="2" bw="2" slack="0"/>
<pin id="1766" dir="1" index="3" bw="2" slack="0"/>
</pin_list>
<bind>
<opcode="select(49) " fcode="select"/>
<opset="select_ln113_27/5 "/>
</bind>
</comp>

<comp id="1770" class="1004" name="icmp_ln113_14_fu_1770">
<pin_list>
<pin id="1771" dir="0" index="0" bw="9" slack="0"/>
<pin id="1772" dir="0" index="1" bw="9" slack="4"/>
<pin id="1773" dir="1" index="2" bw="1" slack="0"/>
</pin_list>
<bind>
<opcode="icmp(45) " fcode="icmp"/>
<opset="icmp_ln113_14/5 "/>
</bind>
</comp>

<comp id="1775" class="1004" name="icmp_ln115_14_fu_1775">
<pin_list>
<pin id="1776" dir="0" index="0" bw="9" slack="0"/>
<pin id="1777" dir="0" index="1" bw="9" slack="4"/>
<pin id="1778" dir="1" index="2" bw="1" slack="0"/>
</pin_list>
<bind>
<opcode="icmp(45) " fcode="icmp"/>
<opset="icmp_ln115_14/5 "/>
</bind>
</comp>

<comp id="1780" class="1004" name="select_ln113_28_fu_1780">
<pin_list>
<pin id="1781" dir="0" index="0" bw="1" slack="0"/>
<pin id="1782" dir="0" index="1" bw="2" slack="0"/>
<pin id="1783" dir="0" index="2" bw="2" slack="0"/>
<pin id="1784" dir="1" index="3" bw="2" slack="0"/>
</pin_list>
<bind>
<opcode="select(49) " fcode="select"/>
<opset="select_ln113_28/5 "/>
</bind>
</comp>

<comp id="1788" class="1004" name="or_ln113_14_fu_1788">
<pin_list>
<pin id="1789" dir="0" index="0" bw="1" slack="0"/>
<pin id="1790" dir="0" index="1" bw="1" slack="0"/>
<pin id="1791" dir="1" index="2" bw="1" slack="0"/>
</pin_list>
<bind>
<opcode="or(24) " fcode="or"/>
<opset="or_ln113_14/5 "/>
</bind>
</comp>

<comp id="1794" class="1004" name="select_ln113_29_fu_1794">
<pin_list>
<pin id="1795" dir="0" index="0" bw="1" slack="0"/>
<pin id="1796" dir="0" index="1" bw="2" slack="0"/>
<pin id="1797" dir="0" index="2" bw="2" slack="0"/>
<pin id="1798" dir="1" index="3" bw="2" slack="0"/>
</pin_list>
<bind>
<opcode="select(49) " fcode="select"/>
<opset="select_ln113_29/5 "/>
</bind>
</comp>

<comp id="1802" class="1004" name="icmp_ln113_15_fu_1802">
<pin_list>
<pin id="1803" dir="0" index="0" bw="9" slack="0"/>
<pin id="1804" dir="0" index="1" bw="9" slack="4"/>
<pin id="1805" dir="1" index="2" bw="1" slack="0"/>
</pin_list>
<bind>
<opcode="icmp(45) " fcode="icmp"/>
<opset="icmp_ln113_15/5 "/>
</bind>
</comp>

<comp id="1807" class="1004" name="icmp_ln115_15_fu_1807">
<pin_list>
<pin id="1808" dir="0" index="0" bw="9" slack="0"/>
<pin id="1809" dir="0" index="1" bw="9" slack="4"/>
<pin id="1810" dir="1" index="2" bw="1" slack="0"/>
</pin_list>
<bind>
<opcode="icmp(45) " fcode="icmp"/>
<opset="icmp_ln115_15/5 "/>
</bind>
</comp>

<comp id="1812" class="1004" name="select_ln113_30_fu_1812">
<pin_list>
<pin id="1813" dir="0" index="0" bw="1" slack="0"/>
<pin id="1814" dir="0" index="1" bw="2" slack="0"/>
<pin id="1815" dir="0" index="2" bw="2" slack="0"/>
<pin id="1816" dir="1" index="3" bw="2" slack="0"/>
</pin_list>
<bind>
<opcode="select(49) " fcode="select"/>
<opset="select_ln113_30/5 "/>
</bind>
</comp>

<comp id="1820" class="1004" name="or_ln113_15_fu_1820">
<pin_list>
<pin id="1821" dir="0" index="0" bw="1" slack="0"/>
<pin id="1822" dir="0" index="1" bw="1" slack="0"/>
<pin id="1823" dir="1" index="2" bw="1" slack="0"/>
</pin_list>
<bind>
<opcode="or(24) " fcode="or"/>
<opset="or_ln113_15/5 "/>
</bind>
</comp>

<comp id="1826" class="1004" name="select_ln113_31_fu_1826">
<pin_list>
<pin id="1827" dir="0" index="0" bw="1" slack="0"/>
<pin id="1828" dir="0" index="1" bw="2" slack="0"/>
<pin id="1829" dir="0" index="2" bw="2" slack="0"/>
<pin id="1830" dir="1" index="3" bw="2" slack="0"/>
</pin_list>
<bind>
<opcode="select(49) " fcode="select"/>
<opset="select_ln113_31/5 "/>
</bind>
</comp>

<comp id="1834" class="1004" name="icmp_ln133_9_fu_1834">
<pin_list>
<pin id="1835" dir="0" index="0" bw="2" slack="1"/>
<pin id="1836" dir="0" index="1" bw="2" slack="0"/>
<pin id="1837" dir="1" index="2" bw="1" slack="0"/>
</pin_list>
<bind>
<opcode="icmp(45) " fcode="icmp"/>
<opset="icmp_ln133_9/5 "/>
</bind>
</comp>

<comp id="1839" class="1004" name="and_ln133_9_fu_1839">
<pin_list>
<pin id="1840" dir="0" index="0" bw="1" slack="0"/>
<pin id="1841" dir="0" index="1" bw="1" slack="1"/>
<pin id="1842" dir="1" index="2" bw="1" slack="0"/>
</pin_list>
<bind>
<opcode="and(23) " fcode="and"/>
<opset="and_ln133_9/5 "/>
</bind>
</comp>

<comp id="1844" class="1004" name="add_ln134_1_fu_1844">
<pin_list>
<pin id="1845" dir="0" index="0" bw="4" slack="1"/>
<pin id="1846" dir="0" index="1" bw="1" slack="0"/>
<pin id="1847" dir="1" index="2" bw="4" slack="0"/>
</pin_list>
<bind>
<opcode="add(8) " fcode="add"/>
<opset="add_ln134_1/5 "/>
</bind>
</comp>

<comp id="1849" class="1004" name="icmp_ln135_2_fu_1849">
<pin_list>
<pin id="1850" dir="0" index="0" bw="4" slack="0"/>
<pin id="1851" dir="0" index="1" bw="4" slack="0"/>
<pin id="1852" dir="1" index="2" bw="1" slack="0"/>
</pin_list>
<bind>
<opcode="icmp(45) " fcode="icmp"/>
<opset="icmp_ln135_2/5 "/>
</bind>
</comp>

<comp id="1855" class="1004" name="add_ln138_1_fu_1855">
<pin_list>
<pin id="1856" dir="0" index="0" bw="4" slack="1"/>
<pin id="1857" dir="0" index="1" bw="3" slack="0"/>
<pin id="1858" dir="1" index="2" bw="4" slack="0"/>
</pin_list>
<bind>
<opcode="add(8) " fcode="add"/>
<opset="add_ln138_1/5 "/>
</bind>
</comp>

<comp id="1860" class="1004" name="select_ln133_4_fu_1860">
<pin_list>
<pin id="1861" dir="0" index="0" bw="1" slack="0"/>
<pin id="1862" dir="0" index="1" bw="4" slack="0"/>
<pin id="1863" dir="0" index="2" bw="4" slack="0"/>
<pin id="1864" dir="1" index="3" bw="4" slack="0"/>
</pin_list>
<bind>
<opcode="select(49) " fcode="select"/>
<opset="select_ln133_4/5 "/>
</bind>
</comp>

<comp id="1868" class="1004" name="and_ln133_18_fu_1868">
<pin_list>
<pin id="1869" dir="0" index="0" bw="1" slack="0"/>
<pin id="1870" dir="0" index="1" bw="1" slack="0"/>
<pin id="1871" dir="1" index="2" bw="1" slack="0"/>
</pin_list>
<bind>
<opcode="and(23) " fcode="and"/>
<opset="and_ln133_18/5 "/>
</bind>
</comp>

<comp id="1874" class="1004" name="icmp_ln133_10_fu_1874">
<pin_list>
<pin id="1875" dir="0" index="0" bw="2" slack="0"/>
<pin id="1876" dir="0" index="1" bw="2" slack="0"/>
<pin id="1877" dir="1" index="2" bw="1" slack="0"/>
</pin_list>
<bind>
<opcode="icmp(45) " fcode="icmp"/>
<opset="icmp_ln133_10/5 "/>
</bind>
</comp>

<comp id="1880" class="1004" name="and_ln133_10_fu_1880">
<pin_list>
<pin id="1881" dir="0" index="0" bw="1" slack="0"/>
<pin id="1882" dir="0" index="1" bw="1" slack="0"/>
<pin id="1883" dir="1" index="2" bw="1" slack="0"/>
</pin_list>
<bind>
<opcode="and(23) " fcode="and"/>
<opset="and_ln133_10/5 "/>
</bind>
</comp>

<comp id="1886" class="1004" name="icmp_ln135_3_fu_1886">
<pin_list>
<pin id="1887" dir="0" index="0" bw="4" slack="0"/>
<pin id="1888" dir="0" index="1" bw="4" slack="0"/>
<pin id="1889" dir="1" index="2" bw="1" slack="0"/>
</pin_list>
<bind>
<opcode="icmp(45) " fcode="icmp"/>
<opset="icmp_ln135_3/5 "/>
</bind>
</comp>

<comp id="1892" class="1004" name="select_ln133_5_fu_1892">
<pin_list>
<pin id="1893" dir="0" index="0" bw="1" slack="0"/>
<pin id="1894" dir="0" index="1" bw="4" slack="0"/>
<pin id="1895" dir="0" index="2" bw="4" slack="0"/>
<pin id="1896" dir="1" index="3" bw="4" slack="0"/>
</pin_list>
<bind>
<opcode="select(49) " fcode="select"/>
<opset="select_ln133_5/5 "/>
</bind>
</comp>

<comp id="1900" class="1004" name="and_ln133_19_fu_1900">
<pin_list>
<pin id="1901" dir="0" index="0" bw="1" slack="0"/>
<pin id="1902" dir="0" index="1" bw="1" slack="0"/>
<pin id="1903" dir="1" index="2" bw="1" slack="0"/>
</pin_list>
<bind>
<opcode="and(23) " fcode="and"/>
<opset="and_ln133_19/5 "/>
</bind>
</comp>

<comp id="1906" class="1004" name="icmp_ln133_11_fu_1906">
<pin_list>
<pin id="1907" dir="0" index="0" bw="2" slack="0"/>
<pin id="1908" dir="0" index="1" bw="2" slack="0"/>
<pin id="1909" dir="1" index="2" bw="1" slack="0"/>
</pin_list>
<bind>
<opcode="icmp(45) " fcode="icmp"/>
<opset="icmp_ln133_11/5 "/>
</bind>
</comp>

<comp id="1912" class="1004" name="and_ln133_11_fu_1912">
<pin_list>
<pin id="1913" dir="0" index="0" bw="1" slack="0"/>
<pin id="1914" dir="0" index="1" bw="1" slack="0"/>
<pin id="1915" dir="1" index="2" bw="1" slack="0"/>
</pin_list>
<bind>
<opcode="and(23) " fcode="and"/>
<opset="and_ln133_11/5 "/>
</bind>
</comp>

<comp id="1918" class="1004" name="add_ln134_2_fu_1918">
<pin_list>
<pin id="1919" dir="0" index="0" bw="4" slack="0"/>
<pin id="1920" dir="0" index="1" bw="1" slack="0"/>
<pin id="1921" dir="1" index="2" bw="4" slack="0"/>
</pin_list>
<bind>
<opcode="add(8) " fcode="add"/>
<opset="add_ln134_2/5 "/>
</bind>
</comp>

<comp id="1924" class="1004" name="icmp_ln135_4_fu_1924">
<pin_list>
<pin id="1925" dir="0" index="0" bw="4" slack="0"/>
<pin id="1926" dir="0" index="1" bw="4" slack="0"/>
<pin id="1927" dir="1" index="2" bw="1" slack="0"/>
</pin_list>
<bind>
<opcode="icmp(45) " fcode="icmp"/>
<opset="icmp_ln135_4/5 "/>
</bind>
</comp>

<comp id="1930" class="1004" name="add_ln138_2_fu_1930">
<pin_list>
<pin id="1931" dir="0" index="0" bw="4" slack="0"/>
<pin id="1932" dir="0" index="1" bw="3" slack="0"/>
<pin id="1933" dir="1" index="2" bw="4" slack="0"/>
</pin_list>
<bind>
<opcode="add(8) " fcode="add"/>
<opset="add_ln138_2/5 "/>
</bind>
</comp>

<comp id="1936" class="1004" name="select_ln133_6_fu_1936">
<pin_list>
<pin id="1937" dir="0" index="0" bw="1" slack="0"/>
<pin id="1938" dir="0" index="1" bw="4" slack="0"/>
<pin id="1939" dir="0" index="2" bw="4" slack="0"/>
<pin id="1940" dir="1" index="3" bw="4" slack="0"/>
</pin_list>
<bind>
<opcode="select(49) " fcode="select"/>
<opset="select_ln133_6/5 "/>
</bind>
</comp>

<comp id="1944" class="1004" name="and_ln133_20_fu_1944">
<pin_list>
<pin id="1945" dir="0" index="0" bw="1" slack="0"/>
<pin id="1946" dir="0" index="1" bw="1" slack="0"/>
<pin id="1947" dir="1" index="2" bw="1" slack="0"/>
</pin_list>
<bind>
<opcode="and(23) " fcode="and"/>
<opset="and_ln133_20/5 "/>
</bind>
</comp>

<comp id="1950" class="1004" name="icmp_ln133_12_fu_1950">
<pin_list>
<pin id="1951" dir="0" index="0" bw="2" slack="0"/>
<pin id="1952" dir="0" index="1" bw="2" slack="0"/>
<pin id="1953" dir="1" index="2" bw="1" slack="0"/>
</pin_list>
<bind>
<opcode="icmp(45) " fcode="icmp"/>
<opset="icmp_ln133_12/5 "/>
</bind>
</comp>

<comp id="1956" class="1004" name="and_ln133_12_fu_1956">
<pin_list>
<pin id="1957" dir="0" index="0" bw="1" slack="0"/>
<pin id="1958" dir="0" index="1" bw="1" slack="0"/>
<pin id="1959" dir="1" index="2" bw="1" slack="0"/>
</pin_list>
<bind>
<opcode="and(23) " fcode="and"/>
<opset="and_ln133_12/5 "/>
</bind>
</comp>

<comp id="1962" class="1004" name="icmp_ln135_5_fu_1962">
<pin_list>
<pin id="1963" dir="0" index="0" bw="4" slack="0"/>
<pin id="1964" dir="0" index="1" bw="4" slack="0"/>
<pin id="1965" dir="1" index="2" bw="1" slack="0"/>
</pin_list>
<bind>
<opcode="icmp(45) " fcode="icmp"/>
<opset="icmp_ln135_5/5 "/>
</bind>
</comp>

<comp id="1968" class="1004" name="select_ln133_7_fu_1968">
<pin_list>
<pin id="1969" dir="0" index="0" bw="1" slack="0"/>
<pin id="1970" dir="0" index="1" bw="4" slack="0"/>
<pin id="1971" dir="0" index="2" bw="4" slack="0"/>
<pin id="1972" dir="1" index="3" bw="4" slack="0"/>
</pin_list>
<bind>
<opcode="select(49) " fcode="select"/>
<opset="select_ln133_7/5 "/>
</bind>
</comp>

<comp id="1976" class="1004" name="and_ln133_21_fu_1976">
<pin_list>
<pin id="1977" dir="0" index="0" bw="1" slack="0"/>
<pin id="1978" dir="0" index="1" bw="1" slack="0"/>
<pin id="1979" dir="1" index="2" bw="1" slack="0"/>
</pin_list>
<bind>
<opcode="and(23) " fcode="and"/>
<opset="and_ln133_21/5 "/>
</bind>
</comp>

<comp id="1982" class="1004" name="zext_ln133_fu_1982">
<pin_list>
<pin id="1983" dir="0" index="0" bw="4" slack="0"/>
<pin id="1984" dir="1" index="1" bw="5" slack="0"/>
</pin_list>
<bind>
<opcode="zext(34) " fcode="zext"/>
<opset="zext_ln133/5 "/>
</bind>
</comp>

<comp id="1986" class="1004" name="icmp_ln133_13_fu_1986">
<pin_list>
<pin id="1987" dir="0" index="0" bw="2" slack="0"/>
<pin id="1988" dir="0" index="1" bw="2" slack="0"/>
<pin id="1989" dir="1" index="2" bw="1" slack="0"/>
</pin_list>
<bind>
<opcode="icmp(45) " fcode="icmp"/>
<opset="icmp_ln133_13/5 "/>
</bind>
</comp>

<comp id="1992" class="1004" name="and_ln133_13_fu_1992">
<pin_list>
<pin id="1993" dir="0" index="0" bw="1" slack="0"/>
<pin id="1994" dir="0" index="1" bw="1" slack="0"/>
<pin id="1995" dir="1" index="2" bw="1" slack="0"/>
</pin_list>
<bind>
<opcode="and(23) " fcode="and"/>
<opset="and_ln133_13/5 "/>
</bind>
</comp>

<comp id="1998" class="1004" name="add_ln134_3_fu_1998">
<pin_list>
<pin id="1999" dir="0" index="0" bw="4" slack="0"/>
<pin id="2000" dir="0" index="1" bw="1" slack="0"/>
<pin id="2001" dir="1" index="2" bw="4" slack="0"/>
</pin_list>
<bind>
<opcode="add(8) " fcode="add"/>
<opset="add_ln134_3/5 "/>
</bind>
</comp>

<comp id="2004" class="1004" name="icmp_ln135_6_fu_2004">
<pin_list>
<pin id="2005" dir="0" index="0" bw="4" slack="0"/>
<pin id="2006" dir="0" index="1" bw="4" slack="0"/>
<pin id="2007" dir="1" index="2" bw="1" slack="0"/>
</pin_list>
<bind>
<opcode="icmp(45) " fcode="icmp"/>
<opset="icmp_ln135_6/5 "/>
</bind>
</comp>

<comp id="2010" class="1004" name="add_ln138_3_fu_2010">
<pin_list>
<pin id="2011" dir="0" index="0" bw="4" slack="0"/>
<pin id="2012" dir="0" index="1" bw="3" slack="0"/>
<pin id="2013" dir="1" index="2" bw="5" slack="0"/>
</pin_list>
<bind>
<opcode="add(8) " fcode="add"/>
<opset="add_ln138_3/5 "/>
</bind>
</comp>

<comp id="2016" class="1004" name="select_ln133_8_fu_2016">
<pin_list>
<pin id="2017" dir="0" index="0" bw="1" slack="0"/>
<pin id="2018" dir="0" index="1" bw="5" slack="0"/>
<pin id="2019" dir="0" index="2" bw="5" slack="0"/>
<pin id="2020" dir="1" index="3" bw="5" slack="0"/>
</pin_list>
<bind>
<opcode="select(49) " fcode="select"/>
<opset="select_ln133_8/5 "/>
</bind>
</comp>

<comp id="2024" class="1004" name="and_ln133_22_fu_2024">
<pin_list>
<pin id="2025" dir="0" index="0" bw="1" slack="0"/>
<pin id="2026" dir="0" index="1" bw="1" slack="0"/>
<pin id="2027" dir="1" index="2" bw="1" slack="0"/>
</pin_list>
<bind>
<opcode="and(23) " fcode="and"/>
<opset="and_ln133_22/5 "/>
</bind>
</comp>

<comp id="2030" class="1004" name="icmp_ln133_14_fu_2030">
<pin_list>
<pin id="2031" dir="0" index="0" bw="2" slack="0"/>
<pin id="2032" dir="0" index="1" bw="2" slack="0"/>
<pin id="2033" dir="1" index="2" bw="1" slack="0"/>
</pin_list>
<bind>
<opcode="icmp(45) " fcode="icmp"/>
<opset="icmp_ln133_14/5 "/>
</bind>
</comp>

<comp id="2036" class="1004" name="and_ln133_14_fu_2036">
<pin_list>
<pin id="2037" dir="0" index="0" bw="1" slack="0"/>
<pin id="2038" dir="0" index="1" bw="1" slack="0"/>
<pin id="2039" dir="1" index="2" bw="1" slack="0"/>
</pin_list>
<bind>
<opcode="and(23) " fcode="and"/>
<opset="and_ln133_14/5 "/>
</bind>
</comp>

<comp id="2042" class="1004" name="icmp_ln135_7_fu_2042">
<pin_list>
<pin id="2043" dir="0" index="0" bw="5" slack="0"/>
<pin id="2044" dir="0" index="1" bw="5" slack="0"/>
<pin id="2045" dir="1" index="2" bw="1" slack="0"/>
</pin_list>
<bind>
<opcode="icmp(45) " fcode="icmp"/>
<opset="icmp_ln135_7/5 "/>
</bind>
</comp>

<comp id="2048" class="1004" name="select_ln133_9_fu_2048">
<pin_list>
<pin id="2049" dir="0" index="0" bw="1" slack="0"/>
<pin id="2050" dir="0" index="1" bw="5" slack="0"/>
<pin id="2051" dir="0" index="2" bw="5" slack="0"/>
<pin id="2052" dir="1" index="3" bw="5" slack="1"/>
</pin_list>
<bind>
<opcode="select(49) " fcode="select"/>
<opset="select_ln133_9/5 "/>
</bind>
</comp>

<comp id="2056" class="1004" name="and_ln133_23_fu_2056">
<pin_list>
<pin id="2057" dir="0" index="0" bw="1" slack="0"/>
<pin id="2058" dir="0" index="1" bw="1" slack="0"/>
<pin id="2059" dir="1" index="2" bw="1" slack="0"/>
</pin_list>
<bind>
<opcode="and(23) " fcode="and"/>
<opset="and_ln133_23/5 "/>
</bind>
</comp>

<comp id="2062" class="1004" name="icmp_ln133_15_fu_2062">
<pin_list>
<pin id="2063" dir="0" index="0" bw="2" slack="0"/>
<pin id="2064" dir="0" index="1" bw="2" slack="1"/>
<pin id="2065" dir="1" index="2" bw="1" slack="0"/>
</pin_list>
<bind>
<opcode="icmp(45) " fcode="icmp"/>
<opset="icmp_ln133_15/5 "/>
</bind>
</comp>

<comp id="2067" class="1004" name="and_ln133_15_fu_2067">
<pin_list>
<pin id="2068" dir="0" index="0" bw="1" slack="0"/>
<pin id="2069" dir="0" index="1" bw="1" slack="0"/>
<pin id="2070" dir="1" index="2" bw="1" slack="1"/>
</pin_list>
<bind>
<opcode="and(23) " fcode="and"/>
<opset="and_ln133_15/5 "/>
</bind>
</comp>

<comp id="2073" class="1004" name="or_ln133_1_fu_2073">
<pin_list>
<pin id="2074" dir="0" index="0" bw="1" slack="0"/>
<pin id="2075" dir="0" index="1" bw="1" slack="0"/>
<pin id="2076" dir="1" index="2" bw="1" slack="0"/>
</pin_list>
<bind>
<opcode="or(24) " fcode="or"/>
<opset="or_ln133_1/5 "/>
</bind>
</comp>

<comp id="2079" class="1004" name="or_ln133_2_fu_2079">
<pin_list>
<pin id="2080" dir="0" index="0" bw="1" slack="0"/>
<pin id="2081" dir="0" index="1" bw="1" slack="1"/>
<pin id="2082" dir="1" index="2" bw="1" slack="0"/>
</pin_list>
<bind>
<opcode="or(24) " fcode="or"/>
<opset="or_ln133_2/5 "/>
</bind>
</comp>

<comp id="2084" class="1004" name="or_ln133_3_fu_2084">
<pin_list>
<pin id="2085" dir="0" index="0" bw="1" slack="0"/>
<pin id="2086" dir="0" index="1" bw="1" slack="0"/>
<pin id="2087" dir="1" index="2" bw="1" slack="0"/>
</pin_list>
<bind>
<opcode="or(24) " fcode="or"/>
<opset="or_ln133_3/5 "/>
</bind>
</comp>

<comp id="2090" class="1004" name="or_ln133_4_fu_2090">
<pin_list>
<pin id="2091" dir="0" index="0" bw="1" slack="0"/>
<pin id="2092" dir="0" index="1" bw="1" slack="0"/>
<pin id="2093" dir="1" index="2" bw="1" slack="0"/>
</pin_list>
<bind>
<opcode="or(24) " fcode="or"/>
<opset="or_ln133_4/5 "/>
</bind>
</comp>

<comp id="2096" class="1004" name="or_ln133_5_fu_2096">
<pin_list>
<pin id="2097" dir="0" index="0" bw="1" slack="0"/>
<pin id="2098" dir="0" index="1" bw="1" slack="0"/>
<pin id="2099" dir="1" index="2" bw="1" slack="0"/>
</pin_list>
<bind>
<opcode="or(24) " fcode="or"/>
<opset="or_ln133_5/5 "/>
</bind>
</comp>

<comp id="2102" class="1004" name="or_ln133_6_fu_2102">
<pin_list>
<pin id="2103" dir="0" index="0" bw="1" slack="0"/>
<pin id="2104" dir="0" index="1" bw="1" slack="0"/>
<pin id="2105" dir="1" index="2" bw="1" slack="1"/>
</pin_list>
<bind>
<opcode="or(24) " fcode="or"/>
<opset="or_ln133_6/5 "/>
</bind>
</comp>

<comp id="2108" class="1004" name="store_ln0_store_fu_2108">
<pin_list>
<pin id="2109" dir="0" index="0" bw="8" slack="1"/>
<pin id="2110" dir="0" index="1" bw="8" slack="4"/>
<pin id="2111" dir="1" index="2" bw="0" slack="2147483647"/>
</pin_list>
<bind>
<opcode="store(28) " fcode="store"/>
<opset="store_ln0/5 "/>
</bind>
</comp>

<comp id="2112" class="1004" name="store_ln0_store_fu_2112">
<pin_list>
<pin id="2113" dir="0" index="0" bw="8" slack="1"/>
<pin id="2114" dir="0" index="1" bw="8" slack="4"/>
<pin id="2115" dir="1" index="2" bw="0" slack="2147483647"/>
</pin_list>
<bind>
<opcode="store(28) " fcode="store"/>
<opset="store_ln0/5 "/>
</bind>
</comp>

<comp id="2116" class="1004" name="store_ln0_store_fu_2116">
<pin_list>
<pin id="2117" dir="0" index="0" bw="8" slack="1"/>
<pin id="2118" dir="0" index="1" bw="8" slack="4"/>
<pin id="2119" dir="1" index="2" bw="0" slack="2147483647"/>
</pin_list>
<bind>
<opcode="store(28) " fcode="store"/>
<opset="store_ln0/5 "/>
</bind>
</comp>

<comp id="2120" class="1004" name="store_ln1347_store_fu_2120">
<pin_list>
<pin id="2121" dir="0" index="0" bw="8" slack="1"/>
<pin id="2122" dir="0" index="1" bw="8" slack="4"/>
<pin id="2123" dir="1" index="2" bw="0" slack="2147483647"/>
</pin_list>
<bind>
<opcode="store(28) " fcode="store"/>
<opset="store_ln1347/5 "/>
</bind>
</comp>

<comp id="2124" class="1004" name="add_ln134_4_fu_2124">
<pin_list>
<pin id="2125" dir="0" index="0" bw="5" slack="1"/>
<pin id="2126" dir="0" index="1" bw="1" slack="0"/>
<pin id="2127" dir="1" index="2" bw="5" slack="0"/>
</pin_list>
<bind>
<opcode="add(8) " fcode="add"/>
<opset="add_ln134_4/6 "/>
</bind>
</comp>

<comp id="2129" class="1004" name="icmp_ln135_8_fu_2129">
<pin_list>
<pin id="2130" dir="0" index="0" bw="5" slack="0"/>
<pin id="2131" dir="0" index="1" bw="5" slack="0"/>
<pin id="2132" dir="1" index="2" bw="1" slack="0"/>
</pin_list>
<bind>
<opcode="icmp(45) " fcode="icmp"/>
<opset="icmp_ln135_8/6 "/>
</bind>
</comp>

<comp id="2135" class="1004" name="add_ln138_4_fu_2135">
<pin_list>
<pin id="2136" dir="0" index="0" bw="5" slack="1"/>
<pin id="2137" dir="0" index="1" bw="3" slack="0"/>
<pin id="2138" dir="1" index="2" bw="5" slack="0"/>
</pin_list>
<bind>
<opcode="add(8) " fcode="add"/>
<opset="add_ln138_4/6 "/>
</bind>
</comp>

<comp id="2140" class="1004" name="select_ln133_10_fu_2140">
<pin_list>
<pin id="2141" dir="0" index="0" bw="1" slack="1"/>
<pin id="2142" dir="0" index="1" bw="5" slack="0"/>
<pin id="2143" dir="0" index="2" bw="5" slack="0"/>
<pin id="2144" dir="1" index="3" bw="5" slack="0"/>
</pin_list>
<bind>
<opcode="select(49) " fcode="select"/>
<opset="select_ln133_10/6 "/>
</bind>
</comp>

<comp id="2147" class="1004" name="and_ln133_24_fu_2147">
<pin_list>
<pin id="2148" dir="0" index="0" bw="1" slack="1"/>
<pin id="2149" dir="0" index="1" bw="1" slack="0"/>
<pin id="2150" dir="1" index="2" bw="1" slack="0"/>
</pin_list>
<bind>
<opcode="and(23) " fcode="and"/>
<opset="and_ln133_24/6 "/>
</bind>
</comp>

<comp id="2152" class="1004" name="icmp_ln135_9_fu_2152">
<pin_list>
<pin id="2153" dir="0" index="0" bw="5" slack="0"/>
<pin id="2154" dir="0" index="1" bw="5" slack="0"/>
<pin id="2155" dir="1" index="2" bw="1" slack="0"/>
</pin_list>
<bind>
<opcode="icmp(45) " fcode="icmp"/>
<opset="icmp_ln135_9/6 "/>
</bind>
</comp>

<comp id="2158" class="1004" name="select_ln133_11_fu_2158">
<pin_list>
<pin id="2159" dir="0" index="0" bw="1" slack="2"/>
<pin id="2160" dir="0" index="1" bw="5" slack="0"/>
<pin id="2161" dir="0" index="2" bw="5" slack="0"/>
<pin id="2162" dir="1" index="3" bw="5" slack="0"/>
</pin_list>
<bind>
<opcode="select(49) " fcode="select"/>
<opset="select_ln133_11/6 "/>
</bind>
</comp>

<comp id="2165" class="1004" name="and_ln133_25_fu_2165">
<pin_list>
<pin id="2166" dir="0" index="0" bw="1" slack="2"/>
<pin id="2167" dir="0" index="1" bw="1" slack="0"/>
<pin id="2168" dir="1" index="2" bw="1" slack="0"/>
</pin_list>
<bind>
<opcode="and(23) " fcode="and"/>
<opset="and_ln133_25/6 "/>
</bind>
</comp>

<comp id="2170" class="1004" name="add_ln134_5_fu_2170">
<pin_list>
<pin id="2171" dir="0" index="0" bw="5" slack="0"/>
<pin id="2172" dir="0" index="1" bw="1" slack="0"/>
<pin id="2173" dir="1" index="2" bw="5" slack="0"/>
</pin_list>
<bind>
<opcode="add(8) " fcode="add"/>
<opset="add_ln134_5/6 "/>
</bind>
</comp>

<comp id="2176" class="1004" name="icmp_ln135_10_fu_2176">
<pin_list>
<pin id="2177" dir="0" index="0" bw="5" slack="0"/>
<pin id="2178" dir="0" index="1" bw="5" slack="0"/>
<pin id="2179" dir="1" index="2" bw="1" slack="0"/>
</pin_list>
<bind>
<opcode="icmp(45) " fcode="icmp"/>
<opset="icmp_ln135_10/6 "/>
</bind>
</comp>

<comp id="2182" class="1004" name="add_ln138_5_fu_2182">
<pin_list>
<pin id="2183" dir="0" index="0" bw="5" slack="0"/>
<pin id="2184" dir="0" index="1" bw="3" slack="0"/>
<pin id="2185" dir="1" index="2" bw="5" slack="0"/>
</pin_list>
<bind>
<opcode="add(8) " fcode="add"/>
<opset="add_ln138_5/6 "/>
</bind>
</comp>

<comp id="2188" class="1004" name="select_ln133_12_fu_2188">
<pin_list>
<pin id="2189" dir="0" index="0" bw="1" slack="2"/>
<pin id="2190" dir="0" index="1" bw="5" slack="0"/>
<pin id="2191" dir="0" index="2" bw="5" slack="0"/>
<pin id="2192" dir="1" index="3" bw="5" slack="0"/>
</pin_list>
<bind>
<opcode="select(49) " fcode="select"/>
<opset="select_ln133_12/6 "/>
</bind>
</comp>

<comp id="2195" class="1004" name="and_ln133_26_fu_2195">
<pin_list>
<pin id="2196" dir="0" index="0" bw="1" slack="2"/>
<pin id="2197" dir="0" index="1" bw="1" slack="0"/>
<pin id="2198" dir="1" index="2" bw="1" slack="0"/>
</pin_list>
<bind>
<opcode="and(23) " fcode="and"/>
<opset="and_ln133_26/6 "/>
</bind>
</comp>

<comp id="2200" class="1004" name="icmp_ln135_11_fu_2200">
<pin_list>
<pin id="2201" dir="0" index="0" bw="5" slack="0"/>
<pin id="2202" dir="0" index="1" bw="5" slack="0"/>
<pin id="2203" dir="1" index="2" bw="1" slack="0"/>
</pin_list>
<bind>
<opcode="icmp(45) " fcode="icmp"/>
<opset="icmp_ln135_11/6 "/>
</bind>
</comp>

<comp id="2206" class="1004" name="select_ln133_13_fu_2206">
<pin_list>
<pin id="2207" dir="0" index="0" bw="1" slack="2"/>
<pin id="2208" dir="0" index="1" bw="5" slack="0"/>
<pin id="2209" dir="0" index="2" bw="5" slack="0"/>
<pin id="2210" dir="1" index="3" bw="5" slack="0"/>
</pin_list>
<bind>
<opcode="select(49) " fcode="select"/>
<opset="select_ln133_13/6 "/>
</bind>
</comp>

<comp id="2213" class="1004" name="and_ln133_27_fu_2213">
<pin_list>
<pin id="2214" dir="0" index="0" bw="1" slack="2"/>
<pin id="2215" dir="0" index="1" bw="1" slack="0"/>
<pin id="2216" dir="1" index="2" bw="1" slack="0"/>
</pin_list>
<bind>
<opcode="and(23) " fcode="and"/>
<opset="and_ln133_27/6 "/>
</bind>
</comp>

<comp id="2218" class="1004" name="add_ln134_6_fu_2218">
<pin_list>
<pin id="2219" dir="0" index="0" bw="5" slack="0"/>
<pin id="2220" dir="0" index="1" bw="1" slack="0"/>
<pin id="2221" dir="1" index="2" bw="5" slack="0"/>
</pin_list>
<bind>
<opcode="add(8) " fcode="add"/>
<opset="add_ln134_6/6 "/>
</bind>
</comp>

<comp id="2224" class="1004" name="icmp_ln135_12_fu_2224">
<pin_list>
<pin id="2225" dir="0" index="0" bw="5" slack="0"/>
<pin id="2226" dir="0" index="1" bw="5" slack="0"/>
<pin id="2227" dir="1" index="2" bw="1" slack="0"/>
</pin_list>
<bind>
<opcode="icmp(45) " fcode="icmp"/>
<opset="icmp_ln135_12/6 "/>
</bind>
</comp>

<comp id="2230" class="1004" name="add_ln138_6_fu_2230">
<pin_list>
<pin id="2231" dir="0" index="0" bw="5" slack="0"/>
<pin id="2232" dir="0" index="1" bw="3" slack="0"/>
<pin id="2233" dir="1" index="2" bw="5" slack="0"/>
</pin_list>
<bind>
<opcode="add(8) " fcode="add"/>
<opset="add_ln138_6/6 "/>
</bind>
</comp>

<comp id="2236" class="1004" name="select_ln133_14_fu_2236">
<pin_list>
<pin id="2237" dir="0" index="0" bw="1" slack="2"/>
<pin id="2238" dir="0" index="1" bw="5" slack="0"/>
<pin id="2239" dir="0" index="2" bw="5" slack="0"/>
<pin id="2240" dir="1" index="3" bw="5" slack="0"/>
</pin_list>
<bind>
<opcode="select(49) " fcode="select"/>
<opset="select_ln133_14/6 "/>
</bind>
</comp>

<comp id="2243" class="1004" name="and_ln133_28_fu_2243">
<pin_list>
<pin id="2244" dir="0" index="0" bw="1" slack="2"/>
<pin id="2245" dir="0" index="1" bw="1" slack="0"/>
<pin id="2246" dir="1" index="2" bw="1" slack="0"/>
</pin_list>
<bind>
<opcode="and(23) " fcode="and"/>
<opset="and_ln133_28/6 "/>
</bind>
</comp>

<comp id="2248" class="1004" name="icmp_ln135_13_fu_2248">
<pin_list>
<pin id="2249" dir="0" index="0" bw="5" slack="0"/>
<pin id="2250" dir="0" index="1" bw="5" slack="0"/>
<pin id="2251" dir="1" index="2" bw="1" slack="0"/>
</pin_list>
<bind>
<opcode="icmp(45) " fcode="icmp"/>
<opset="icmp_ln135_13/6 "/>
</bind>
</comp>

<comp id="2254" class="1004" name="select_ln133_15_fu_2254">
<pin_list>
<pin id="2255" dir="0" index="0" bw="1" slack="2"/>
<pin id="2256" dir="0" index="1" bw="5" slack="0"/>
<pin id="2257" dir="0" index="2" bw="5" slack="0"/>
<pin id="2258" dir="1" index="3" bw="5" slack="0"/>
</pin_list>
<bind>
<opcode="select(49) " fcode="select"/>
<opset="select_ln133_15/6 "/>
</bind>
</comp>

<comp id="2261" class="1004" name="and_ln133_29_fu_2261">
<pin_list>
<pin id="2262" dir="0" index="0" bw="1" slack="2"/>
<pin id="2263" dir="0" index="1" bw="1" slack="0"/>
<pin id="2264" dir="1" index="2" bw="1" slack="0"/>
</pin_list>
<bind>
<opcode="and(23) " fcode="and"/>
<opset="and_ln133_29/6 "/>
</bind>
</comp>

<comp id="2266" class="1004" name="add_ln134_7_fu_2266">
<pin_list>
<pin id="2267" dir="0" index="0" bw="5" slack="0"/>
<pin id="2268" dir="0" index="1" bw="1" slack="0"/>
<pin id="2269" dir="1" index="2" bw="5" slack="0"/>
</pin_list>
<bind>
<opcode="add(8) " fcode="add"/>
<opset="add_ln134_7/6 "/>
</bind>
</comp>

<comp id="2272" class="1004" name="icmp_ln135_14_fu_2272">
<pin_list>
<pin id="2273" dir="0" index="0" bw="5" slack="0"/>
<pin id="2274" dir="0" index="1" bw="5" slack="0"/>
<pin id="2275" dir="1" index="2" bw="1" slack="0"/>
</pin_list>
<bind>
<opcode="icmp(45) " fcode="icmp"/>
<opset="icmp_ln135_14/6 "/>
</bind>
</comp>

<comp id="2278" class="1004" name="add_ln138_7_fu_2278">
<pin_list>
<pin id="2279" dir="0" index="0" bw="5" slack="0"/>
<pin id="2280" dir="0" index="1" bw="3" slack="0"/>
<pin id="2281" dir="1" index="2" bw="5" slack="0"/>
</pin_list>
<bind>
<opcode="add(8) " fcode="add"/>
<opset="add_ln138_7/6 "/>
</bind>
</comp>

<comp id="2284" class="1004" name="icmp_ln135_15_fu_2284">
<pin_list>
<pin id="2285" dir="0" index="0" bw="5" slack="0"/>
<pin id="2286" dir="0" index="1" bw="5" slack="0"/>
<pin id="2287" dir="1" index="2" bw="1" slack="0"/>
</pin_list>
<bind>
<opcode="icmp(45) " fcode="icmp"/>
<opset="icmp_ln135_15/6 "/>
</bind>
</comp>

<comp id="2290" class="1004" name="and_ln133_30_fu_2290">
<pin_list>
<pin id="2291" dir="0" index="0" bw="1" slack="0"/>
<pin id="2292" dir="0" index="1" bw="1" slack="2"/>
<pin id="2293" dir="1" index="2" bw="1" slack="0"/>
</pin_list>
<bind>
<opcode="and(23) " fcode="and"/>
<opset="and_ln133_30/6 "/>
</bind>
</comp>

<comp id="2295" class="1004" name="or_ln133_7_fu_2295">
<pin_list>
<pin id="2296" dir="0" index="0" bw="1" slack="0"/>
<pin id="2297" dir="0" index="1" bw="1" slack="0"/>
<pin id="2298" dir="1" index="2" bw="1" slack="0"/>
</pin_list>
<bind>
<opcode="or(24) " fcode="or"/>
<opset="or_ln133_7/6 "/>
</bind>
</comp>

<comp id="2301" class="1004" name="or_ln133_8_fu_2301">
<pin_list>
<pin id="2302" dir="0" index="0" bw="1" slack="0"/>
<pin id="2303" dir="0" index="1" bw="1" slack="0"/>
<pin id="2304" dir="1" index="2" bw="1" slack="0"/>
</pin_list>
<bind>
<opcode="or(24) " fcode="or"/>
<opset="or_ln133_8/6 "/>
</bind>
</comp>

<comp id="2307" class="1004" name="or_ln133_9_fu_2307">
<pin_list>
<pin id="2308" dir="0" index="0" bw="1" slack="0"/>
<pin id="2309" dir="0" index="1" bw="1" slack="0"/>
<pin id="2310" dir="1" index="2" bw="1" slack="0"/>
</pin_list>
<bind>
<opcode="or(24) " fcode="or"/>
<opset="or_ln133_9/6 "/>
</bind>
</comp>

<comp id="2313" class="1004" name="or_ln133_10_fu_2313">
<pin_list>
<pin id="2314" dir="0" index="0" bw="1" slack="0"/>
<pin id="2315" dir="0" index="1" bw="1" slack="0"/>
<pin id="2316" dir="1" index="2" bw="1" slack="0"/>
</pin_list>
<bind>
<opcode="or(24) " fcode="or"/>
<opset="or_ln133_10/6 "/>
</bind>
</comp>

<comp id="2319" class="1004" name="or_ln133_11_fu_2319">
<pin_list>
<pin id="2320" dir="0" index="0" bw="1" slack="0"/>
<pin id="2321" dir="0" index="1" bw="1" slack="0"/>
<pin id="2322" dir="1" index="2" bw="1" slack="0"/>
</pin_list>
<bind>
<opcode="or(24) " fcode="or"/>
<opset="or_ln133_11/6 "/>
</bind>
</comp>

<comp id="2325" class="1004" name="and_ln133_31_fu_2325">
<pin_list>
<pin id="2326" dir="0" index="0" bw="1" slack="2"/>
<pin id="2327" dir="0" index="1" bw="1" slack="0"/>
<pin id="2328" dir="1" index="2" bw="1" slack="0"/>
</pin_list>
<bind>
<opcode="and(23) " fcode="and"/>
<opset="and_ln133_31/6 "/>
</bind>
</comp>

<comp id="2330" class="1004" name="or_ln133_12_fu_2330">
<pin_list>
<pin id="2331" dir="0" index="0" bw="1" slack="0"/>
<pin id="2332" dir="0" index="1" bw="1" slack="0"/>
<pin id="2333" dir="1" index="2" bw="1" slack="0"/>
</pin_list>
<bind>
<opcode="or(24) " fcode="or"/>
<opset="or_ln133_12/6 "/>
</bind>
</comp>

<comp id="2336" class="1004" name="or_ln133_13_fu_2336">
<pin_list>
<pin id="2337" dir="0" index="0" bw="1" slack="0"/>
<pin id="2338" dir="0" index="1" bw="1" slack="0"/>
<pin id="2339" dir="1" index="2" bw="1" slack="0"/>
</pin_list>
<bind>
<opcode="or(24) " fcode="or"/>
<opset="or_ln133_13/6 "/>
</bind>
</comp>

<comp id="2342" class="1004" name="or_ln133_14_fu_2342">
<pin_list>
<pin id="2343" dir="0" index="0" bw="1" slack="0"/>
<pin id="2344" dir="0" index="1" bw="1" slack="1"/>
<pin id="2345" dir="1" index="2" bw="1" slack="1"/>
</pin_list>
<bind>
<opcode="or(24) " fcode="or"/>
<opset="or_ln133_14/6 "/>
</bind>
</comp>

<comp id="2347" class="1004" name="add_ln72_fu_2347">
<pin_list>
<pin id="2348" dir="0" index="0" bw="32" slack="2147483647"/>
<pin id="2349" dir="0" index="1" bw="11" slack="4"/>
<pin id="2350" dir="1" index="2" bw="32" slack="0"/>
</pin_list>
<bind>
<opcode="add(8) " fcode="add"/>
<opset="add_ln72/13 "/>
</bind>
</comp>

<comp id="2351" class="1004" name="store_ln70_store_fu_2351">
<pin_list>
<pin id="2352" dir="0" index="0" bw="32" slack="0"/>
<pin id="2353" dir="0" index="1" bw="32" slack="4"/>
<pin id="2354" dir="1" index="2" bw="0" slack="2147483647"/>
</pin_list>
<bind>
<opcode="store(28) " fcode="store"/>
<opset="store_ln70/13 "/>
</bind>
</comp>

<comp id="2356" class="1004" name="k_2_fu_2356">
<pin_list>
<pin id="2357" dir="0" index="0" bw="14" slack="0"/>
<pin id="2358" dir="0" index="1" bw="1" slack="0"/>
<pin id="2359" dir="1" index="2" bw="14" slack="0"/>
</pin_list>
<bind>
<opcode="add(8) " fcode="add"/>
<opset="k_2/14 "/>
</bind>
</comp>

<comp id="2362" class="1004" name="k_cast_fu_2362">
<pin_list>
<pin id="2363" dir="0" index="0" bw="14" slack="0"/>
<pin id="2364" dir="1" index="1" bw="15" slack="0"/>
</pin_list>
<bind>
<opcode="zext(34) " fcode="zext"/>
<opset="k_cast/14 "/>
</bind>
</comp>

<comp id="2366" class="1004" name="icmp_ln152_fu_2366">
<pin_list>
<pin id="2367" dir="0" index="0" bw="15" slack="0"/>
<pin id="2368" dir="0" index="1" bw="15" slack="2"/>
<pin id="2369" dir="1" index="2" bw="1" slack="1"/>
</pin_list>
<bind>
<opcode="icmp(45) " fcode="icmp"/>
<opset="icmp_ln152/14 "/>
</bind>
</comp>

<comp id="2371" class="1005" name="cnt_reg_2371">
<pin_list>
<pin id="2372" dir="0" index="0" bw="32" slack="0"/>
<pin id="2373" dir="1" index="1" bw="32" slack="0"/>
</pin_list>
<bind>
<opset="cnt "/>
</bind>
</comp>

<comp id="2378" class="1005" name="window_val_V_0_3_reg_2378">
<pin_list>
<pin id="2379" dir="0" index="0" bw="8" slack="4"/>
<pin id="2380" dir="1" index="1" bw="8" slack="4"/>
</pin_list>
<bind>
<opset="window_val_V_0_3 "/>
</bind>
</comp>

<comp id="2384" class="1005" name="window_val_V_0_3_1_reg_2384">
<pin_list>
<pin id="2385" dir="0" index="0" bw="8" slack="3"/>
<pin id="2386" dir="1" index="1" bw="8" slack="3"/>
</pin_list>
<bind>
<opset="window_val_V_0_3_1 "/>
</bind>
</comp>

<comp id="2390" class="1005" name="window_val_V_0_4_reg_2390">
<pin_list>
<pin id="2391" dir="0" index="0" bw="8" slack="3"/>
<pin id="2392" dir="1" index="1" bw="8" slack="3"/>
</pin_list>
<bind>
<opset="window_val_V_0_4 "/>
</bind>
</comp>

<comp id="2396" class="1005" name="window_val_V_0_5_reg_2396">
<pin_list>
<pin id="2397" dir="0" index="0" bw="8" slack="3"/>
<pin id="2398" dir="1" index="1" bw="8" slack="3"/>
</pin_list>
<bind>
<opset="window_val_V_0_5 "/>
</bind>
</comp>

<comp id="2402" class="1005" name="window_val_V_1_2_reg_2402">
<pin_list>
<pin id="2403" dir="0" index="0" bw="8" slack="4"/>
<pin id="2404" dir="1" index="1" bw="8" slack="4"/>
</pin_list>
<bind>
<opset="window_val_V_1_2 "/>
</bind>
</comp>

<comp id="2408" class="1005" name="window_val_V_1_2_1_reg_2408">
<pin_list>
<pin id="2409" dir="0" index="0" bw="8" slack="3"/>
<pin id="2410" dir="1" index="1" bw="8" slack="3"/>
</pin_list>
<bind>
<opset="window_val_V_1_2_1 "/>
</bind>
</comp>

<comp id="2414" class="1005" name="window_val_V_1_3_reg_2414">
<pin_list>
<pin id="2415" dir="0" index="0" bw="8" slack="3"/>
<pin id="2416" dir="1" index="1" bw="8" slack="3"/>
</pin_list>
<bind>
<opset="window_val_V_1_3 "/>
</bind>
</comp>

<comp id="2420" class="1005" name="window_val_V_1_4_reg_2420">
<pin_list>
<pin id="2421" dir="0" index="0" bw="8" slack="3"/>
<pin id="2422" dir="1" index="1" bw="8" slack="3"/>
</pin_list>
<bind>
<opset="window_val_V_1_4 "/>
</bind>
</comp>

<comp id="2426" class="1005" name="window_val_V_1_5_reg_2426">
<pin_list>
<pin id="2427" dir="0" index="0" bw="8" slack="3"/>
<pin id="2428" dir="1" index="1" bw="8" slack="3"/>
</pin_list>
<bind>
<opset="window_val_V_1_5 "/>
</bind>
</comp>

<comp id="2432" class="1005" name="window_val_V_2_1_reg_2432">
<pin_list>
<pin id="2433" dir="0" index="0" bw="8" slack="4"/>
<pin id="2434" dir="1" index="1" bw="8" slack="4"/>
</pin_list>
<bind>
<opset="window_val_V_2_1 "/>
</bind>
</comp>

<comp id="2438" class="1005" name="window_val_V_2_1_3_reg_2438">
<pin_list>
<pin id="2439" dir="0" index="0" bw="8" slack="3"/>
<pin id="2440" dir="1" index="1" bw="8" slack="3"/>
</pin_list>
<bind>
<opset="window_val_V_2_1_3 "/>
</bind>
</comp>

<comp id="2444" class="1005" name="window_val_V_2_2_reg_2444">
<pin_list>
<pin id="2445" dir="0" index="0" bw="8" slack="3"/>
<pin id="2446" dir="1" index="1" bw="8" slack="3"/>
</pin_list>
<bind>
<opset="window_val_V_2_2 "/>
</bind>
</comp>

<comp id="2450" class="1005" name="window_val_V_2_3_reg_2450">
<pin_list>
<pin id="2451" dir="0" index="0" bw="8" slack="3"/>
<pin id="2452" dir="1" index="1" bw="8" slack="3"/>
</pin_list>
<bind>
<opset="window_val_V_2_3 "/>
</bind>
</comp>

<comp id="2456" class="1005" name="window_val_V_2_4_reg_2456">
<pin_list>
<pin id="2457" dir="0" index="0" bw="8" slack="3"/>
<pin id="2458" dir="1" index="1" bw="8" slack="3"/>
</pin_list>
<bind>
<opset="window_val_V_2_4 "/>
</bind>
</comp>

<comp id="2462" class="1005" name="window_val_V_2_5_reg_2462">
<pin_list>
<pin id="2463" dir="0" index="0" bw="8" slack="3"/>
<pin id="2464" dir="1" index="1" bw="8" slack="3"/>
</pin_list>
<bind>
<opset="window_val_V_2_5 "/>
</bind>
</comp>

<comp id="2468" class="1005" name="window_val_V_3_1_reg_2468">
<pin_list>
<pin id="2469" dir="0" index="0" bw="8" slack="4"/>
<pin id="2470" dir="1" index="1" bw="8" slack="4"/>
</pin_list>
<bind>
<opset="window_val_V_3_1 "/>
</bind>
</comp>

<comp id="2474" class="1005" name="window_val_V_3_1_1_reg_2474">
<pin_list>
<pin id="2475" dir="0" index="0" bw="8" slack="3"/>
<pin id="2476" dir="1" index="1" bw="8" slack="3"/>
</pin_list>
<bind>
<opset="window_val_V_3_1_1 "/>
</bind>
</comp>

<comp id="2480" class="1005" name="window_val_V_3_2_reg_2480">
<pin_list>
<pin id="2481" dir="0" index="0" bw="8" slack="3"/>
<pin id="2482" dir="1" index="1" bw="8" slack="3"/>
</pin_list>
<bind>
<opset="window_val_V_3_2 "/>
</bind>
</comp>

<comp id="2486" class="1005" name="window_val_V_3_3_reg_2486">
<pin_list>
<pin id="2487" dir="0" index="0" bw="8" slack="3"/>
<pin id="2488" dir="1" index="1" bw="8" slack="3"/>
</pin_list>
<bind>
<opset="window_val_V_3_3 "/>
</bind>
</comp>

<comp id="2492" class="1005" name="window_val_V_3_4_reg_2492">
<pin_list>
<pin id="2493" dir="0" index="0" bw="8" slack="3"/>
<pin id="2494" dir="1" index="1" bw="8" slack="3"/>
</pin_list>
<bind>
<opset="window_val_V_3_4 "/>
</bind>
</comp>

<comp id="2498" class="1005" name="window_val_V_3_5_reg_2498">
<pin_list>
<pin id="2499" dir="0" index="0" bw="8" slack="3"/>
<pin id="2500" dir="1" index="1" bw="8" slack="3"/>
</pin_list>
<bind>
<opset="window_val_V_3_5 "/>
</bind>
</comp>

<comp id="2504" class="1005" name="window_val_V_4_1_reg_2504">
<pin_list>
<pin id="2505" dir="0" index="0" bw="8" slack="3"/>
<pin id="2506" dir="1" index="1" bw="8" slack="3"/>
</pin_list>
<bind>
<opset="window_val_V_4_1 "/>
</bind>
</comp>

<comp id="2510" class="1005" name="window_val_V_4_1_1_reg_2510">
<pin_list>
<pin id="2511" dir="0" index="0" bw="8" slack="3"/>
<pin id="2512" dir="1" index="1" bw="8" slack="3"/>
</pin_list>
<bind>
<opset="window_val_V_4_1_1 "/>
</bind>
</comp>

<comp id="2516" class="1005" name="window_val_V_4_2_reg_2516">
<pin_list>
<pin id="2517" dir="0" index="0" bw="8" slack="3"/>
<pin id="2518" dir="1" index="1" bw="8" slack="3"/>
</pin_list>
<bind>
<opset="window_val_V_4_2 "/>
</bind>
</comp>

<comp id="2522" class="1005" name="window_val_V_4_3_reg_2522">
<pin_list>
<pin id="2523" dir="0" index="0" bw="8" slack="3"/>
<pin id="2524" dir="1" index="1" bw="8" slack="3"/>
</pin_list>
<bind>
<opset="window_val_V_4_3 "/>
</bind>
</comp>

<comp id="2528" class="1005" name="window_val_V_4_4_reg_2528">
<pin_list>
<pin id="2529" dir="0" index="0" bw="8" slack="3"/>
<pin id="2530" dir="1" index="1" bw="8" slack="3"/>
</pin_list>
<bind>
<opset="window_val_V_4_4 "/>
</bind>
</comp>

<comp id="2534" class="1005" name="window_val_V_4_5_reg_2534">
<pin_list>
<pin id="2535" dir="0" index="0" bw="8" slack="3"/>
<pin id="2536" dir="1" index="1" bw="8" slack="3"/>
</pin_list>
<bind>
<opset="window_val_V_4_5 "/>
</bind>
</comp>

<comp id="2540" class="1005" name="window_val_V_5_2_reg_2540">
<pin_list>
<pin id="2541" dir="0" index="0" bw="8" slack="3"/>
<pin id="2542" dir="1" index="1" bw="8" slack="3"/>
</pin_list>
<bind>
<opset="window_val_V_5_2 "/>
</bind>
</comp>

<comp id="2546" class="1005" name="window_val_V_5_2_1_reg_2546">
<pin_list>
<pin id="2547" dir="0" index="0" bw="8" slack="3"/>
<pin id="2548" dir="1" index="1" bw="8" slack="3"/>
</pin_list>
<bind>
<opset="window_val_V_5_2_1 "/>
</bind>
</comp>

<comp id="2552" class="1005" name="window_val_V_5_3_reg_2552">
<pin_list>
<pin id="2553" dir="0" index="0" bw="8" slack="3"/>
<pin id="2554" dir="1" index="1" bw="8" slack="3"/>
</pin_list>
<bind>
<opset="window_val_V_5_3 "/>
</bind>
</comp>

<comp id="2558" class="1005" name="window_val_V_5_4_reg_2558">
<pin_list>
<pin id="2559" dir="0" index="0" bw="8" slack="3"/>
<pin id="2560" dir="1" index="1" bw="8" slack="3"/>
</pin_list>
<bind>
<opset="window_val_V_5_4 "/>
</bind>
</comp>

<comp id="2564" class="1005" name="window_val_V_5_5_reg_2564">
<pin_list>
<pin id="2565" dir="0" index="0" bw="8" slack="3"/>
<pin id="2566" dir="1" index="1" bw="8" slack="3"/>
</pin_list>
<bind>
<opset="window_val_V_5_5 "/>
</bind>
</comp>

<comp id="2570" class="1005" name="window_val_V_6_3_reg_2570">
<pin_list>
<pin id="2571" dir="0" index="0" bw="8" slack="3"/>
<pin id="2572" dir="1" index="1" bw="8" slack="3"/>
</pin_list>
<bind>
<opset="window_val_V_6_3 "/>
</bind>
</comp>

<comp id="2576" class="1005" name="window_val_V_6_3_1_reg_2576">
<pin_list>
<pin id="2577" dir="0" index="0" bw="8" slack="3"/>
<pin id="2578" dir="1" index="1" bw="8" slack="3"/>
</pin_list>
<bind>
<opset="window_val_V_6_3_1 "/>
</bind>
</comp>

<comp id="2582" class="1005" name="window_val_V_6_4_reg_2582">
<pin_list>
<pin id="2583" dir="0" index="0" bw="8" slack="3"/>
<pin id="2584" dir="1" index="1" bw="8" slack="3"/>
</pin_list>
<bind>
<opset="window_val_V_6_4 "/>
</bind>
</comp>

<comp id="2588" class="1005" name="window_val_V_6_5_reg_2588">
<pin_list>
<pin id="2589" dir="0" index="0" bw="8" slack="3"/>
<pin id="2590" dir="1" index="1" bw="8" slack="3"/>
</pin_list>
<bind>
<opset="window_val_V_6_5 "/>
</bind>
</comp>

<comp id="2594" class="1005" name="height_read_reg_2594">
<pin_list>
<pin id="2595" dir="0" index="0" bw="11" slack="1"/>
<pin id="2596" dir="1" index="1" bw="11" slack="1"/>
</pin_list>
<bind>
<opset="height_read "/>
</bind>
</comp>

<comp id="2599" class="1005" name="width_read_reg_2599">
<pin_list>
<pin id="2600" dir="0" index="0" bw="11" slack="2"/>
<pin id="2601" dir="1" index="1" bw="11" slack="2"/>
</pin_list>
<bind>
<opset="width_read "/>
</bind>
</comp>

<comp id="2604" class="1005" name="p_threshold_read_reg_2604">
<pin_list>
<pin id="2605" dir="0" index="0" bw="8" slack="6"/>
<pin id="2606" dir="1" index="1" bw="8" slack="6"/>
</pin_list>
<bind>
<opset="p_threshold_read "/>
</bind>
</comp>

<comp id="2609" class="1005" name="width_cast4_i_reg_2609">
<pin_list>
<pin id="2610" dir="0" index="0" bw="32" slack="4"/>
<pin id="2611" dir="1" index="1" bw="32" slack="4"/>
</pin_list>
<bind>
<opset="width_cast4_i "/>
</bind>
</comp>

<comp id="2614" class="1005" name="add_i_reg_2614">
<pin_list>
<pin id="2615" dir="0" index="0" bw="15" slack="2"/>
<pin id="2616" dir="1" index="1" bw="15" slack="2"/>
</pin_list>
<bind>
<opset="add_i "/>
</bind>
</comp>

<comp id="2619" class="1005" name="add_cast_i_reg_2619">
<pin_list>
<pin id="2620" dir="0" index="0" bw="32" slack="2"/>
<pin id="2621" dir="1" index="1" bw="32" slack="2"/>
</pin_list>
<bind>
<opset="add_cast_i "/>
</bind>
</comp>

<comp id="2624" class="1005" name="p_threshold_cast_i_reg_2624">
<pin_list>
<pin id="2625" dir="0" index="0" bw="9" slack="3"/>
<pin id="2626" dir="1" index="1" bw="9" slack="3"/>
</pin_list>
<bind>
<opset="p_threshold_cast_i "/>
</bind>
</comp>

<comp id="2644" class="1005" name="sub_i_reg_2644">
<pin_list>
<pin id="2645" dir="0" index="0" bw="9" slack="3"/>
<pin id="2646" dir="1" index="1" bw="9" slack="3"/>
</pin_list>
<bind>
<opset="sub_i "/>
</bind>
</comp>

<comp id="2664" class="1005" name="cmp1633_i_reg_2664">
<pin_list>
<pin id="2665" dir="0" index="0" bw="1" slack="1"/>
<pin id="2666" dir="1" index="1" bw="1" slack="2147483647"/>
</pin_list>
<bind>
<opset="cmp1633_i "/>
</bind>
</comp>

<comp id="2668" class="1005" name="i_5_reg_2668">
<pin_list>
<pin id="2669" dir="0" index="0" bw="11" slack="0"/>
<pin id="2670" dir="1" index="1" bw="11" slack="0"/>
</pin_list>
<bind>
<opset="i_5 "/>
</bind>
</comp>

<comp id="2673" class="1005" name="cnt_5_reg_2673">
<pin_list>
<pin id="2674" dir="0" index="0" bw="32" slack="1"/>
<pin id="2675" dir="1" index="1" bw="32" slack="1"/>
</pin_list>
<bind>
<opset="cnt_5 "/>
</bind>
</comp>

<comp id="2678" class="1005" name="icmp_ln70_reg_2678">
<pin_list>
<pin id="2679" dir="0" index="0" bw="1" slack="1"/>
<pin id="2680" dir="1" index="1" bw="1" slack="2147483647"/>
</pin_list>
<bind>
<opset="icmp_ln70 "/>
</bind>
</comp>

<comp id="2682" class="1005" name="cmp7_i_reg_2682">
<pin_list>
<pin id="2683" dir="0" index="0" bw="1" slack="1"/>
<pin id="2684" dir="1" index="1" bw="1" slack="1"/>
</pin_list>
<bind>
<opset="cmp7_i "/>
</bind>
</comp>

<comp id="2687" class="1005" name="add_ln72_1_reg_2687">
<pin_list>
<pin id="2688" dir="0" index="0" bw="11" slack="0"/>
<pin id="2689" dir="1" index="1" bw="11" slack="0"/>
</pin_list>
<bind>
<opset="add_ln72_1 "/>
</bind>
</comp>

<comp id="2692" class="1005" name="icmp_ln72_reg_2692">
<pin_list>
<pin id="2693" dir="0" index="0" bw="1" slack="1"/>
<pin id="2694" dir="1" index="1" bw="1" slack="2147483647"/>
</pin_list>
<bind>
<opset="icmp_ln72 "/>
</bind>
</comp>

<comp id="2696" class="1005" name="line_buffer_val_V_1_addr_reg_2696">
<pin_list>
<pin id="2697" dir="0" index="0" bw="11" slack="1"/>
<pin id="2698" dir="1" index="1" bw="11" slack="1"/>
</pin_list>
<bind>
<opset="line_buffer_val_V_1_addr "/>
</bind>
</comp>

<comp id="2702" class="1005" name="line_buffer_val_V_2_addr_reg_2702">
<pin_list>
<pin id="2703" dir="0" index="0" bw="11" slack="1"/>
<pin id="2704" dir="1" index="1" bw="11" slack="1"/>
</pin_list>
<bind>
<opset="line_buffer_val_V_2_addr "/>
</bind>
</comp>

<comp id="2708" class="1005" name="line_buffer_val_V_3_addr_reg_2708">
<pin_list>
<pin id="2709" dir="0" index="0" bw="11" slack="1"/>
<pin id="2710" dir="1" index="1" bw="11" slack="1"/>
</pin_list>
<bind>
<opset="line_buffer_val_V_3_addr "/>
</bind>
</comp>

<comp id="2714" class="1005" name="line_buffer_val_V_4_addr_reg_2714">
<pin_list>
<pin id="2715" dir="0" index="0" bw="11" slack="1"/>
<pin id="2716" dir="1" index="1" bw="11" slack="1"/>
</pin_list>
<bind>
<opset="line_buffer_val_V_4_addr "/>
</bind>
</comp>

<comp id="2720" class="1005" name="line_buffer_val_V_5_addr_reg_2720">
<pin_list>
<pin id="2721" dir="0" index="0" bw="11" slack="1"/>
<pin id="2722" dir="1" index="1" bw="11" slack="1"/>
</pin_list>
<bind>
<opset="line_buffer_val_V_5_addr "/>
</bind>
</comp>

<comp id="2726" class="1005" name="line_buffer_val_V_6_addr_reg_2726">
<pin_list>
<pin id="2727" dir="0" index="0" bw="11" slack="1"/>
<pin id="2728" dir="1" index="1" bw="11" slack="1"/>
</pin_list>
<bind>
<opset="line_buffer_val_V_6_addr "/>
</bind>
</comp>

<comp id="2732" class="1005" name="icmp_ln83_reg_2732">
<pin_list>
<pin id="2733" dir="0" index="0" bw="1" slack="1"/>
<pin id="2734" dir="1" index="1" bw="1" slack="2147483647"/>
</pin_list>
<bind>
<opset="icmp_ln83 "/>
</bind>
</comp>

<comp id="2736" class="1005" name="and_ln85_reg_2736">
<pin_list>
<pin id="2737" dir="0" index="0" bw="1" slack="1"/>
<pin id="2738" dir="1" index="1" bw="1" slack="2147483647"/>
</pin_list>
<bind>
<opset="and_ln85 "/>
</bind>
</comp>

<comp id="2740" class="1005" name="cnt_7_reg_2740">
<pin_list>
<pin id="2741" dir="0" index="0" bw="32" slack="0"/>
<pin id="2742" dir="1" index="1" bw="32" slack="0"/>
</pin_list>
<bind>
<opset="cnt_7 "/>
</bind>
</comp>

<comp id="2745" class="1005" name="window_val_V_0_3_2_reg_2745">
<pin_list>
<pin id="2746" dir="0" index="0" bw="8" slack="1"/>
<pin id="2747" dir="1" index="1" bw="8" slack="1"/>
</pin_list>
<bind>
<opset="window_val_V_0_3_2 "/>
</bind>
</comp>

<comp id="2751" class="1005" name="window_val_V_1_2_2_reg_2751">
<pin_list>
<pin id="2752" dir="0" index="0" bw="8" slack="1"/>
<pin id="2753" dir="1" index="1" bw="8" slack="1"/>
</pin_list>
<bind>
<opset="window_val_V_1_2_2 "/>
</bind>
</comp>

<comp id="2756" class="1005" name="window_val_V_2_1_4_reg_2756">
<pin_list>
<pin id="2757" dir="0" index="0" bw="8" slack="1"/>
<pin id="2758" dir="1" index="1" bw="8" slack="1"/>
</pin_list>
<bind>
<opset="window_val_V_2_1_4 "/>
</bind>
</comp>

<comp id="2761" class="1005" name="window_val_V_3_1_2_reg_2761">
<pin_list>
<pin id="2762" dir="0" index="0" bw="8" slack="1"/>
<pin id="2763" dir="1" index="1" bw="8" slack="1"/>
</pin_list>
<bind>
<opset="window_val_V_3_1_2 "/>
</bind>
</comp>

<comp id="2766" class="1005" name="zext_ln1347_reg_2766">
<pin_list>
<pin id="2767" dir="0" index="0" bw="9" slack="1"/>
<pin id="2768" dir="1" index="1" bw="9" slack="1"/>
</pin_list>
<bind>
<opset="zext_ln1347 "/>
</bind>
</comp>

<comp id="2775" class="1005" name="ret_11_reg_2775">
<pin_list>
<pin id="2776" dir="0" index="0" bw="9" slack="3"/>
<pin id="2777" dir="1" index="1" bw="9" slack="3"/>
</pin_list>
<bind>
<opset="ret_11 "/>
</bind>
</comp>

<comp id="2780" class="1005" name="ret_12_reg_2780">
<pin_list>
<pin id="2781" dir="0" index="0" bw="9" slack="3"/>
<pin id="2782" dir="1" index="1" bw="9" slack="3"/>
</pin_list>
<bind>
<opset="ret_12 "/>
</bind>
</comp>

<comp id="2785" class="1005" name="ret_13_reg_2785">
<pin_list>
<pin id="2786" dir="0" index="0" bw="9" slack="3"/>
<pin id="2787" dir="1" index="1" bw="9" slack="3"/>
</pin_list>
<bind>
<opset="ret_13 "/>
</bind>
</comp>

<comp id="2790" class="1005" name="ret_14_reg_2790">
<pin_list>
<pin id="2791" dir="0" index="0" bw="9" slack="3"/>
<pin id="2792" dir="1" index="1" bw="9" slack="3"/>
</pin_list>
<bind>
<opset="ret_14 "/>
</bind>
</comp>

<comp id="2795" class="1005" name="ret_15_reg_2795">
<pin_list>
<pin id="2796" dir="0" index="0" bw="9" slack="3"/>
<pin id="2797" dir="1" index="1" bw="9" slack="3"/>
</pin_list>
<bind>
<opset="ret_15 "/>
</bind>
</comp>

<comp id="2800" class="1005" name="ret_16_reg_2800">
<pin_list>
<pin id="2801" dir="0" index="0" bw="9" slack="3"/>
<pin id="2802" dir="1" index="1" bw="9" slack="3"/>
</pin_list>
<bind>
<opset="ret_16 "/>
</bind>
</comp>

<comp id="2805" class="1005" name="ret_17_reg_2805">
<pin_list>
<pin id="2806" dir="0" index="0" bw="9" slack="3"/>
<pin id="2807" dir="1" index="1" bw="9" slack="3"/>
</pin_list>
<bind>
<opset="ret_17 "/>
</bind>
</comp>

<comp id="2810" class="1005" name="ret_18_reg_2810">
<pin_list>
<pin id="2811" dir="0" index="0" bw="9" slack="3"/>
<pin id="2812" dir="1" index="1" bw="9" slack="3"/>
</pin_list>
<bind>
<opset="ret_18 "/>
</bind>
</comp>

<comp id="2815" class="1005" name="ret_19_reg_2815">
<pin_list>
<pin id="2816" dir="0" index="0" bw="9" slack="3"/>
<pin id="2817" dir="1" index="1" bw="9" slack="3"/>
</pin_list>
<bind>
<opset="ret_19 "/>
</bind>
</comp>

<comp id="2820" class="1005" name="ret_20_reg_2820">
<pin_list>
<pin id="2821" dir="0" index="0" bw="9" slack="3"/>
<pin id="2822" dir="1" index="1" bw="9" slack="3"/>
</pin_list>
<bind>
<opset="ret_20 "/>
</bind>
</comp>

<comp id="2825" class="1005" name="ret_21_reg_2825">
<pin_list>
<pin id="2826" dir="0" index="0" bw="9" slack="1"/>
<pin id="2827" dir="1" index="1" bw="9" slack="1"/>
</pin_list>
<bind>
<opset="ret_21 "/>
</bind>
</comp>

<comp id="2832" class="1005" name="select_ln113_3_reg_2832">
<pin_list>
<pin id="2833" dir="0" index="0" bw="2" slack="1"/>
<pin id="2834" dir="1" index="1" bw="2" slack="1"/>
</pin_list>
<bind>
<opset="select_ln113_3 "/>
</bind>
</comp>

<comp id="2837" class="1005" name="or_ln113_10_reg_2837">
<pin_list>
<pin id="2838" dir="0" index="0" bw="1" slack="1"/>
<pin id="2839" dir="1" index="1" bw="1" slack="1"/>
</pin_list>
<bind>
<opset="or_ln113_10 "/>
</bind>
</comp>

<comp id="2842" class="1005" name="select_ln113_21_reg_2842">
<pin_list>
<pin id="2843" dir="0" index="0" bw="2" slack="1"/>
<pin id="2844" dir="1" index="1" bw="2" slack="1"/>
</pin_list>
<bind>
<opset="select_ln113_21 "/>
</bind>
</comp>

<comp id="2847" class="1005" name="and_ln133_reg_2847">
<pin_list>
<pin id="2848" dir="0" index="0" bw="1" slack="2"/>
<pin id="2849" dir="1" index="1" bw="1" slack="2"/>
</pin_list>
<bind>
<opset="and_ln133 "/>
</bind>
</comp>

<comp id="2853" class="1005" name="and_ln133_1_reg_2853">
<pin_list>
<pin id="2854" dir="0" index="0" bw="1" slack="2"/>
<pin id="2855" dir="1" index="1" bw="1" slack="2"/>
</pin_list>
<bind>
<opset="and_ln133_1 "/>
</bind>
</comp>

<comp id="2859" class="1005" name="and_ln133_2_reg_2859">
<pin_list>
<pin id="2860" dir="0" index="0" bw="1" slack="2"/>
<pin id="2861" dir="1" index="1" bw="1" slack="2"/>
</pin_list>
<bind>
<opset="and_ln133_2 "/>
</bind>
</comp>

<comp id="2865" class="1005" name="and_ln133_3_reg_2865">
<pin_list>
<pin id="2866" dir="0" index="0" bw="1" slack="2"/>
<pin id="2867" dir="1" index="1" bw="1" slack="2"/>
</pin_list>
<bind>
<opset="and_ln133_3 "/>
</bind>
</comp>

<comp id="2871" class="1005" name="and_ln133_4_reg_2871">
<pin_list>
<pin id="2872" dir="0" index="0" bw="1" slack="2"/>
<pin id="2873" dir="1" index="1" bw="1" slack="2"/>
</pin_list>
<bind>
<opset="and_ln133_4 "/>
</bind>
</comp>

<comp id="2877" class="1005" name="and_ln133_5_reg_2877">
<pin_list>
<pin id="2878" dir="0" index="0" bw="1" slack="2"/>
<pin id="2879" dir="1" index="1" bw="1" slack="2"/>
</pin_list>
<bind>
<opset="and_ln133_5 "/>
</bind>
</comp>

<comp id="2882" class="1005" name="and_ln133_6_reg_2882">
<pin_list>
<pin id="2883" dir="0" index="0" bw="1" slack="2"/>
<pin id="2884" dir="1" index="1" bw="1" slack="2"/>
</pin_list>
<bind>
<opset="and_ln133_6 "/>
</bind>
</comp>

<comp id="2887" class="1005" name="select_ln133_3_reg_2887">
<pin_list>
<pin id="2888" dir="0" index="0" bw="4" slack="1"/>
<pin id="2889" dir="1" index="1" bw="4" slack="1"/>
</pin_list>
<bind>
<opset="select_ln133_3 "/>
</bind>
</comp>

<comp id="2893" class="1005" name="or_ln133_reg_2893">
<pin_list>
<pin id="2894" dir="0" index="0" bw="1" slack="1"/>
<pin id="2895" dir="1" index="1" bw="1" slack="1"/>
</pin_list>
<bind>
<opset="or_ln133 "/>
</bind>
</comp>

<comp id="2898" class="1005" name="ret_reg_2898">
<pin_list>
<pin id="2899" dir="0" index="0" bw="9" slack="2"/>
<pin id="2900" dir="1" index="1" bw="9" slack="2"/>
</pin_list>
<bind>
<opset="ret "/>
</bind>
</comp>

<comp id="2903" class="1005" name="ret_22_reg_2903">
<pin_list>
<pin id="2904" dir="0" index="0" bw="9" slack="2"/>
<pin id="2905" dir="1" index="1" bw="9" slack="2"/>
</pin_list>
<bind>
<opset="ret_22 "/>
</bind>
</comp>

<comp id="2908" class="1005" name="ret_23_reg_2908">
<pin_list>
<pin id="2909" dir="0" index="0" bw="9" slack="2"/>
<pin id="2910" dir="1" index="1" bw="9" slack="2"/>
</pin_list>
<bind>
<opset="ret_23 "/>
</bind>
</comp>

<comp id="2913" class="1005" name="ret_24_reg_2913">
<pin_list>
<pin id="2914" dir="0" index="0" bw="9" slack="2"/>
<pin id="2915" dir="1" index="1" bw="9" slack="2"/>
</pin_list>
<bind>
<opset="ret_24 "/>
</bind>
</comp>

<comp id="2918" class="1005" name="ret_25_reg_2918">
<pin_list>
<pin id="2919" dir="0" index="0" bw="9" slack="2"/>
<pin id="2920" dir="1" index="1" bw="9" slack="2"/>
</pin_list>
<bind>
<opset="ret_25 "/>
</bind>
</comp>

<comp id="2923" class="1005" name="select_ln133_9_reg_2923">
<pin_list>
<pin id="2924" dir="0" index="0" bw="5" slack="1"/>
<pin id="2925" dir="1" index="1" bw="5" slack="1"/>
</pin_list>
<bind>
<opset="select_ln133_9 "/>
</bind>
</comp>

<comp id="2929" class="1005" name="and_ln133_15_reg_2929">
<pin_list>
<pin id="2930" dir="0" index="0" bw="1" slack="1"/>
<pin id="2931" dir="1" index="1" bw="1" slack="1"/>
</pin_list>
<bind>
<opset="and_ln133_15 "/>
</bind>
</comp>

<comp id="2935" class="1005" name="or_ln133_6_reg_2935">
<pin_list>
<pin id="2936" dir="0" index="0" bw="1" slack="1"/>
<pin id="2937" dir="1" index="1" bw="1" slack="1"/>
</pin_list>
<bind>
<opset="or_ln133_6 "/>
</bind>
</comp>

<comp id="2940" class="1005" name="or_ln133_14_reg_2940">
<pin_list>
<pin id="2941" dir="0" index="0" bw="1" slack="1"/>
<pin id="2942" dir="1" index="1" bw="1" slack="2147483647"/>
</pin_list>
<bind>
<opset="or_ln133_14 "/>
</bind>
</comp>

<comp id="2944" class="1005" name="ref_tmp166_i_reg_2944">
<pin_list>
<pin id="2945" dir="0" index="0" bw="8" slack="1"/>
<pin id="2946" dir="1" index="1" bw="8" slack="1"/>
</pin_list>
<bind>
<opset="ref_tmp166_i "/>
</bind>
</comp>

<comp id="2949" class="1005" name="k_2_reg_2949">
<pin_list>
<pin id="2950" dir="0" index="0" bw="14" slack="0"/>
<pin id="2951" dir="1" index="1" bw="14" slack="0"/>
</pin_list>
<bind>
<opset="k_2 "/>
</bind>
</comp>

<comp id="2954" class="1005" name="icmp_ln152_reg_2954">
<pin_list>
<pin id="2955" dir="0" index="0" bw="1" slack="1"/>
<pin id="2956" dir="1" index="1" bw="1" slack="2147483647"/>
</pin_list>
<bind>
<opset="icmp_ln152 "/>
</bind>
</comp>

</comp_list>

<net_list>
<net id="133"><net_src comp="20" pin="0"/><net_sink comp="130" pin=0"/></net>

<net id="137"><net_src comp="20" pin="0"/><net_sink comp="134" pin=0"/></net>

<net id="141"><net_src comp="20" pin="0"/><net_sink comp="138" pin=0"/></net>

<net id="145"><net_src comp="20" pin="0"/><net_sink comp="142" pin=0"/></net>

<net id="149"><net_src comp="20" pin="0"/><net_sink comp="146" pin=0"/></net>

<net id="153"><net_src comp="20" pin="0"/><net_sink comp="150" pin=0"/></net>

<net id="157"><net_src comp="20" pin="0"/><net_sink comp="154" pin=0"/></net>

<net id="161"><net_src comp="20" pin="0"/><net_sink comp="158" pin=0"/></net>

<net id="165"><net_src comp="20" pin="0"/><net_sink comp="162" pin=0"/></net>

<net id="169"><net_src comp="20" pin="0"/><net_sink comp="166" pin=0"/></net>

<net id="173"><net_src comp="20" pin="0"/><net_sink comp="170" pin=0"/></net>

<net id="177"><net_src comp="20" pin="0"/><net_sink comp="174" pin=0"/></net>

<net id="181"><net_src comp="20" pin="0"/><net_sink comp="178" pin=0"/></net>

<net id="185"><net_src comp="20" pin="0"/><net_sink comp="182" pin=0"/></net>

<net id="189"><net_src comp="20" pin="0"/><net_sink comp="186" pin=0"/></net>

<net id="193"><net_src comp="20" pin="0"/><net_sink comp="190" pin=0"/></net>

<net id="197"><net_src comp="20" pin="0"/><net_sink comp="194" pin=0"/></net>

<net id="201"><net_src comp="20" pin="0"/><net_sink comp="198" pin=0"/></net>

<net id="205"><net_src comp="20" pin="0"/><net_sink comp="202" pin=0"/></net>

<net id="209"><net_src comp="20" pin="0"/><net_sink comp="206" pin=0"/></net>

<net id="213"><net_src comp="20" pin="0"/><net_sink comp="210" pin=0"/></net>

<net id="217"><net_src comp="20" pin="0"/><net_sink comp="214" pin=0"/></net>

<net id="221"><net_src comp="20" pin="0"/><net_sink comp="218" pin=0"/></net>

<net id="225"><net_src comp="20" pin="0"/><net_sink comp="222" pin=0"/></net>

<net id="229"><net_src comp="20" pin="0"/><net_sink comp="226" pin=0"/></net>

<net id="233"><net_src comp="20" pin="0"/><net_sink comp="230" pin=0"/></net>

<net id="237"><net_src comp="20" pin="0"/><net_sink comp="234" pin=0"/></net>

<net id="241"><net_src comp="20" pin="0"/><net_sink comp="238" pin=0"/></net>

<net id="245"><net_src comp="20" pin="0"/><net_sink comp="242" pin=0"/></net>

<net id="249"><net_src comp="20" pin="0"/><net_sink comp="246" pin=0"/></net>

<net id="253"><net_src comp="20" pin="0"/><net_sink comp="250" pin=0"/></net>

<net id="257"><net_src comp="20" pin="0"/><net_sink comp="254" pin=0"/></net>

<net id="261"><net_src comp="20" pin="0"/><net_sink comp="258" pin=0"/></net>

<net id="265"><net_src comp="20" pin="0"/><net_sink comp="262" pin=0"/></net>

<net id="269"><net_src comp="20" pin="0"/><net_sink comp="266" pin=0"/></net>

<net id="273"><net_src comp="20" pin="0"/><net_sink comp="270" pin=0"/></net>

<net id="277"><net_src comp="20" pin="0"/><net_sink comp="274" pin=0"/></net>

<net id="281"><net_src comp="22" pin="0"/><net_sink comp="278" pin=0"/></net>

<net id="285"><net_src comp="22" pin="0"/><net_sink comp="282" pin=0"/></net>

<net id="289"><net_src comp="22" pin="0"/><net_sink comp="286" pin=0"/></net>

<net id="293"><net_src comp="22" pin="0"/><net_sink comp="290" pin=0"/></net>

<net id="297"><net_src comp="22" pin="0"/><net_sink comp="294" pin=0"/></net>

<net id="301"><net_src comp="22" pin="0"/><net_sink comp="298" pin=0"/></net>

<net id="306"><net_src comp="42" pin="0"/><net_sink comp="302" pin=0"/></net>

<net id="307"><net_src comp="10" pin="0"/><net_sink comp="302" pin=1"/></net>

<net id="312"><net_src comp="42" pin="0"/><net_sink comp="308" pin=0"/></net>

<net id="313"><net_src comp="12" pin="0"/><net_sink comp="308" pin=1"/></net>

<net id="318"><net_src comp="44" pin="0"/><net_sink comp="314" pin=0"/></net>

<net id="319"><net_src comp="14" pin="0"/><net_sink comp="314" pin=1"/></net>

<net id="325"><net_src comp="46" pin="0"/><net_sink comp="320" pin=0"/></net>

<net id="326"><net_src comp="16" pin="0"/><net_sink comp="320" pin=1"/></net>

<net id="327"><net_src comp="302" pin="2"/><net_sink comp="320" pin=2"/></net>

<net id="333"><net_src comp="46" pin="0"/><net_sink comp="328" pin=0"/></net>

<net id="334"><net_src comp="18" pin="0"/><net_sink comp="328" pin=1"/></net>

<net id="335"><net_src comp="308" pin="2"/><net_sink comp="328" pin=2"/></net>

<net id="340"><net_src comp="86" pin="0"/><net_sink comp="336" pin=0"/></net>

<net id="341"><net_src comp="0" pin="0"/><net_sink comp="336" pin=1"/></net>

<net id="346"><net_src comp="86" pin="0"/><net_sink comp="342" pin=0"/></net>

<net id="347"><net_src comp="4" pin="0"/><net_sink comp="342" pin=1"/></net>

<net id="353"><net_src comp="88" pin="0"/><net_sink comp="348" pin=0"/></net>

<net id="354"><net_src comp="6" pin="0"/><net_sink comp="348" pin=1"/></net>

<net id="355"><net_src comp="342" pin="2"/><net_sink comp="348" pin=2"/></net>

<net id="361"><net_src comp="88" pin="0"/><net_sink comp="356" pin=0"/></net>

<net id="362"><net_src comp="2" pin="0"/><net_sink comp="356" pin=1"/></net>

<net id="363"><net_src comp="336" pin="2"/><net_sink comp="356" pin=2"/></net>

<net id="369"><net_src comp="88" pin="0"/><net_sink comp="364" pin=0"/></net>

<net id="370"><net_src comp="8" pin="0"/><net_sink comp="364" pin=1"/></net>

<net id="371"><net_src comp="118" pin="0"/><net_sink comp="364" pin=2"/></net>

<net id="377"><net_src comp="74" pin="0"/><net_sink comp="372" pin=1"/></net>

<net id="383"><net_src comp="372" pin="3"/><net_sink comp="378" pin=0"/></net>

<net id="389"><net_src comp="74" pin="0"/><net_sink comp="384" pin=1"/></net>

<net id="395"><net_src comp="384" pin="3"/><net_sink comp="390" pin=0"/></net>

<net id="401"><net_src comp="74" pin="0"/><net_sink comp="396" pin=1"/></net>

<net id="407"><net_src comp="396" pin="3"/><net_sink comp="402" pin=0"/></net>

<net id="413"><net_src comp="74" pin="0"/><net_sink comp="408" pin=1"/></net>

<net id="419"><net_src comp="408" pin="3"/><net_sink comp="414" pin=0"/></net>

<net id="425"><net_src comp="74" pin="0"/><net_sink comp="420" pin=1"/></net>

<net id="431"><net_src comp="420" pin="3"/><net_sink comp="426" pin=0"/></net>

<net id="437"><net_src comp="74" pin="0"/><net_sink comp="432" pin=1"/></net>

<net id="443"><net_src comp="432" pin="3"/><net_sink comp="438" pin=0"/></net>

<net id="448"><net_src comp="390" pin="3"/><net_sink comp="378" pin=4"/></net>

<net id="453"><net_src comp="402" pin="3"/><net_sink comp="390" pin=4"/></net>

<net id="458"><net_src comp="414" pin="3"/><net_sink comp="402" pin=4"/></net>

<net id="463"><net_src comp="426" pin="3"/><net_sink comp="414" pin=4"/></net>

<net id="468"><net_src comp="438" pin="3"/><net_sink comp="426" pin=4"/></net>

<net id="473"><net_src comp="336" pin="2"/><net_sink comp="438" pin=4"/></net>

<net id="477"><net_src comp="64" pin="0"/><net_sink comp="474" pin=0"/></net>

<net id="484"><net_src comp="474" pin="1"/><net_sink comp="478" pin=0"/></net>

<net id="488"><net_src comp="64" pin="0"/><net_sink comp="485" pin=0"/></net>

<net id="495"><net_src comp="485" pin="1"/><net_sink comp="489" pin=2"/></net>

<net id="508"><net_src comp="118" pin="0"/><net_sink comp="505" pin=0"/></net>

<net id="517"><net_src comp="505" pin="1"/><net_sink comp="509" pin=0"/></net>

<net id="518"><net_src comp="505" pin="1"/><net_sink comp="509" pin=4"/></net>

<net id="519"><net_src comp="509" pin="6"/><net_sink comp="364" pin=2"/></net>

<net id="523"><net_src comp="120" pin="0"/><net_sink comp="520" pin=0"/></net>

<net id="530"><net_src comp="520" pin="1"/><net_sink comp="524" pin=2"/></net>

<net id="551"><net_src comp="116" pin="0"/><net_sink comp="531" pin=0"/></net>

<net id="555"><net_src comp="308" pin="2"/><net_sink comp="552" pin=0"/></net>

<net id="559"><net_src comp="308" pin="2"/><net_sink comp="556" pin=0"/></net>

<net id="565"><net_src comp="56" pin="0"/><net_sink comp="560" pin=0"/></net>

<net id="566"><net_src comp="308" pin="2"/><net_sink comp="560" pin=1"/></net>

<net id="567"><net_src comp="58" pin="0"/><net_sink comp="560" pin=2"/></net>

<net id="571"><net_src comp="560" pin="3"/><net_sink comp="568" pin=0"/></net>

<net id="576"><net_src comp="568" pin="1"/><net_sink comp="572" pin=0"/></net>

<net id="577"><net_src comp="556" pin="1"/><net_sink comp="572" pin=1"/></net>

<net id="581"><net_src comp="572" pin="2"/><net_sink comp="578" pin=0"/></net>

<net id="586"><net_src comp="578" pin="1"/><net_sink comp="582" pin=0"/></net>

<net id="587"><net_src comp="60" pin="0"/><net_sink comp="582" pin=1"/></net>

<net id="591"><net_src comp="582" pin="2"/><net_sink comp="588" pin=0"/></net>

<net id="595"><net_src comp="314" pin="2"/><net_sink comp="592" pin=0"/></net>

<net id="600"><net_src comp="62" pin="0"/><net_sink comp="596" pin=0"/></net>

<net id="601"><net_src comp="592" pin="1"/><net_sink comp="596" pin=1"/></net>

<net id="606"><net_src comp="308" pin="2"/><net_sink comp="602" pin=0"/></net>

<net id="607"><net_src comp="64" pin="0"/><net_sink comp="602" pin=1"/></net>

<net id="612"><net_src comp="28" pin="0"/><net_sink comp="608" pin=0"/></net>

<net id="617"><net_src comp="478" pin="4"/><net_sink comp="613" pin=0"/></net>

<net id="618"><net_src comp="66" pin="0"/><net_sink comp="613" pin=1"/></net>

<net id="626"><net_src comp="478" pin="4"/><net_sink comp="622" pin=0"/></net>

<net id="631"><net_src comp="478" pin="4"/><net_sink comp="627" pin=0"/></net>

<net id="632"><net_src comp="72" pin="0"/><net_sink comp="627" pin=1"/></net>

<net id="637"><net_src comp="489" pin="4"/><net_sink comp="633" pin=0"/></net>

<net id="638"><net_src comp="66" pin="0"/><net_sink comp="633" pin=1"/></net>

<net id="643"><net_src comp="489" pin="4"/><net_sink comp="639" pin=0"/></net>

<net id="647"><net_src comp="489" pin="4"/><net_sink comp="644" pin=0"/></net>

<net id="648"><net_src comp="644" pin="1"/><net_sink comp="372" pin=2"/></net>

<net id="649"><net_src comp="644" pin="1"/><net_sink comp="384" pin=2"/></net>

<net id="650"><net_src comp="644" pin="1"/><net_sink comp="396" pin=2"/></net>

<net id="651"><net_src comp="644" pin="1"/><net_sink comp="408" pin=2"/></net>

<net id="652"><net_src comp="644" pin="1"/><net_sink comp="420" pin=2"/></net>

<net id="653"><net_src comp="644" pin="1"/><net_sink comp="432" pin=2"/></net>

<net id="658"><net_src comp="499" pin="4"/><net_sink comp="654" pin=0"/></net>

<net id="663"><net_src comp="489" pin="4"/><net_sink comp="659" pin=0"/></net>

<net id="664"><net_src comp="72" pin="0"/><net_sink comp="659" pin=1"/></net>

<net id="669"><net_src comp="659" pin="2"/><net_sink comp="665" pin=1"/></net>

<net id="674"><net_src comp="499" pin="4"/><net_sink comp="670" pin=0"/></net>

<net id="675"><net_src comp="20" pin="0"/><net_sink comp="670" pin=1"/></net>

<net id="775"><net_src comp="718" pin="1"/><net_sink comp="772" pin=0"/></net>

<net id="779"><net_src comp="679" pin="1"/><net_sink comp="776" pin=0"/></net>

<net id="784"><net_src comp="772" pin="1"/><net_sink comp="780" pin=0"/></net>

<net id="785"><net_src comp="776" pin="1"/><net_sink comp="780" pin=1"/></net>

<net id="789"><net_src comp="694" pin="1"/><net_sink comp="786" pin=0"/></net>

<net id="794"><net_src comp="772" pin="1"/><net_sink comp="790" pin=0"/></net>

<net id="795"><net_src comp="786" pin="1"/><net_sink comp="790" pin=1"/></net>

<net id="799"><net_src comp="402" pin="3"/><net_sink comp="796" pin=0"/></net>

<net id="804"><net_src comp="772" pin="1"/><net_sink comp="800" pin=0"/></net>

<net id="805"><net_src comp="796" pin="1"/><net_sink comp="800" pin=1"/></net>

<net id="809"><net_src comp="414" pin="3"/><net_sink comp="806" pin=0"/></net>

<net id="814"><net_src comp="772" pin="1"/><net_sink comp="810" pin=0"/></net>

<net id="815"><net_src comp="806" pin="1"/><net_sink comp="810" pin=1"/></net>

<net id="819"><net_src comp="426" pin="3"/><net_sink comp="816" pin=0"/></net>

<net id="824"><net_src comp="772" pin="1"/><net_sink comp="820" pin=0"/></net>

<net id="825"><net_src comp="816" pin="1"/><net_sink comp="820" pin=1"/></net>

<net id="829"><net_src comp="751" pin="1"/><net_sink comp="826" pin=0"/></net>

<net id="834"><net_src comp="772" pin="1"/><net_sink comp="830" pin=0"/></net>

<net id="835"><net_src comp="826" pin="1"/><net_sink comp="830" pin=1"/></net>

<net id="839"><net_src comp="757" pin="1"/><net_sink comp="836" pin=0"/></net>

<net id="844"><net_src comp="772" pin="1"/><net_sink comp="840" pin=0"/></net>

<net id="845"><net_src comp="836" pin="1"/><net_sink comp="840" pin=1"/></net>

<net id="849"><net_src comp="754" pin="1"/><net_sink comp="846" pin=0"/></net>

<net id="854"><net_src comp="772" pin="1"/><net_sink comp="850" pin=0"/></net>

<net id="855"><net_src comp="846" pin="1"/><net_sink comp="850" pin=1"/></net>

<net id="859"><net_src comp="769" pin="1"/><net_sink comp="856" pin=0"/></net>

<net id="864"><net_src comp="772" pin="1"/><net_sink comp="860" pin=0"/></net>

<net id="865"><net_src comp="856" pin="1"/><net_sink comp="860" pin=1"/></net>

<net id="869"><net_src comp="766" pin="1"/><net_sink comp="866" pin=0"/></net>

<net id="874"><net_src comp="772" pin="1"/><net_sink comp="870" pin=0"/></net>

<net id="875"><net_src comp="866" pin="1"/><net_sink comp="870" pin=1"/></net>

<net id="879"><net_src comp="763" pin="1"/><net_sink comp="876" pin=0"/></net>

<net id="884"><net_src comp="772" pin="1"/><net_sink comp="880" pin=0"/></net>

<net id="885"><net_src comp="876" pin="1"/><net_sink comp="880" pin=1"/></net>

<net id="890"><net_src comp="780" pin="2"/><net_sink comp="886" pin=0"/></net>

<net id="895"><net_src comp="780" pin="2"/><net_sink comp="891" pin=0"/></net>

<net id="901"><net_src comp="886" pin="2"/><net_sink comp="896" pin=0"/></net>

<net id="902"><net_src comp="90" pin="0"/><net_sink comp="896" pin=1"/></net>

<net id="903"><net_src comp="92" pin="0"/><net_sink comp="896" pin=2"/></net>

<net id="908"><net_src comp="886" pin="2"/><net_sink comp="904" pin=0"/></net>

<net id="909"><net_src comp="891" pin="2"/><net_sink comp="904" pin=1"/></net>

<net id="915"><net_src comp="904" pin="2"/><net_sink comp="910" pin=0"/></net>

<net id="916"><net_src comp="896" pin="3"/><net_sink comp="910" pin=1"/></net>

<net id="917"><net_src comp="58" pin="0"/><net_sink comp="910" pin=2"/></net>

<net id="922"><net_src comp="790" pin="2"/><net_sink comp="918" pin=0"/></net>

<net id="927"><net_src comp="790" pin="2"/><net_sink comp="923" pin=0"/></net>

<net id="933"><net_src comp="918" pin="2"/><net_sink comp="928" pin=0"/></net>

<net id="934"><net_src comp="90" pin="0"/><net_sink comp="928" pin=1"/></net>

<net id="935"><net_src comp="92" pin="0"/><net_sink comp="928" pin=2"/></net>

<net id="940"><net_src comp="918" pin="2"/><net_sink comp="936" pin=0"/></net>

<net id="941"><net_src comp="923" pin="2"/><net_sink comp="936" pin=1"/></net>

<net id="947"><net_src comp="936" pin="2"/><net_sink comp="942" pin=0"/></net>

<net id="948"><net_src comp="928" pin="3"/><net_sink comp="942" pin=1"/></net>

<net id="949"><net_src comp="58" pin="0"/><net_sink comp="942" pin=2"/></net>

<net id="954"><net_src comp="800" pin="2"/><net_sink comp="950" pin=0"/></net>

<net id="959"><net_src comp="800" pin="2"/><net_sink comp="955" pin=0"/></net>

<net id="965"><net_src comp="950" pin="2"/><net_sink comp="960" pin=0"/></net>

<net id="966"><net_src comp="90" pin="0"/><net_sink comp="960" pin=1"/></net>

<net id="967"><net_src comp="92" pin="0"/><net_sink comp="960" pin=2"/></net>

<net id="972"><net_src comp="950" pin="2"/><net_sink comp="968" pin=0"/></net>

<net id="973"><net_src comp="955" pin="2"/><net_sink comp="968" pin=1"/></net>

<net id="979"><net_src comp="968" pin="2"/><net_sink comp="974" pin=0"/></net>

<net id="980"><net_src comp="960" pin="3"/><net_sink comp="974" pin=1"/></net>

<net id="981"><net_src comp="58" pin="0"/><net_sink comp="974" pin=2"/></net>

<net id="986"><net_src comp="810" pin="2"/><net_sink comp="982" pin=0"/></net>

<net id="991"><net_src comp="810" pin="2"/><net_sink comp="987" pin=0"/></net>

<net id="997"><net_src comp="982" pin="2"/><net_sink comp="992" pin=0"/></net>

<net id="998"><net_src comp="90" pin="0"/><net_sink comp="992" pin=1"/></net>

<net id="999"><net_src comp="92" pin="0"/><net_sink comp="992" pin=2"/></net>

<net id="1004"><net_src comp="982" pin="2"/><net_sink comp="1000" pin=0"/></net>

<net id="1005"><net_src comp="987" pin="2"/><net_sink comp="1000" pin=1"/></net>

<net id="1011"><net_src comp="1000" pin="2"/><net_sink comp="1006" pin=0"/></net>

<net id="1012"><net_src comp="992" pin="3"/><net_sink comp="1006" pin=1"/></net>

<net id="1013"><net_src comp="58" pin="0"/><net_sink comp="1006" pin=2"/></net>

<net id="1018"><net_src comp="820" pin="2"/><net_sink comp="1014" pin=0"/></net>

<net id="1023"><net_src comp="820" pin="2"/><net_sink comp="1019" pin=0"/></net>

<net id="1029"><net_src comp="1014" pin="2"/><net_sink comp="1024" pin=0"/></net>

<net id="1030"><net_src comp="90" pin="0"/><net_sink comp="1024" pin=1"/></net>

<net id="1031"><net_src comp="92" pin="0"/><net_sink comp="1024" pin=2"/></net>

<net id="1036"><net_src comp="1014" pin="2"/><net_sink comp="1032" pin=0"/></net>

<net id="1037"><net_src comp="1019" pin="2"/><net_sink comp="1032" pin=1"/></net>

<net id="1043"><net_src comp="1032" pin="2"/><net_sink comp="1038" pin=0"/></net>

<net id="1044"><net_src comp="1024" pin="3"/><net_sink comp="1038" pin=1"/></net>

<net id="1045"><net_src comp="58" pin="0"/><net_sink comp="1038" pin=2"/></net>

<net id="1050"><net_src comp="830" pin="2"/><net_sink comp="1046" pin=0"/></net>

<net id="1055"><net_src comp="830" pin="2"/><net_sink comp="1051" pin=0"/></net>

<net id="1061"><net_src comp="1046" pin="2"/><net_sink comp="1056" pin=0"/></net>

<net id="1062"><net_src comp="90" pin="0"/><net_sink comp="1056" pin=1"/></net>

<net id="1063"><net_src comp="92" pin="0"/><net_sink comp="1056" pin=2"/></net>

<net id="1068"><net_src comp="1046" pin="2"/><net_sink comp="1064" pin=0"/></net>

<net id="1069"><net_src comp="1051" pin="2"/><net_sink comp="1064" pin=1"/></net>

<net id="1075"><net_src comp="1064" pin="2"/><net_sink comp="1070" pin=0"/></net>

<net id="1076"><net_src comp="1056" pin="3"/><net_sink comp="1070" pin=1"/></net>

<net id="1077"><net_src comp="58" pin="0"/><net_sink comp="1070" pin=2"/></net>

<net id="1082"><net_src comp="840" pin="2"/><net_sink comp="1078" pin=0"/></net>

<net id="1087"><net_src comp="840" pin="2"/><net_sink comp="1083" pin=0"/></net>

<net id="1093"><net_src comp="1078" pin="2"/><net_sink comp="1088" pin=0"/></net>

<net id="1094"><net_src comp="90" pin="0"/><net_sink comp="1088" pin=1"/></net>

<net id="1095"><net_src comp="92" pin="0"/><net_sink comp="1088" pin=2"/></net>

<net id="1100"><net_src comp="1078" pin="2"/><net_sink comp="1096" pin=0"/></net>

<net id="1101"><net_src comp="1083" pin="2"/><net_sink comp="1096" pin=1"/></net>

<net id="1107"><net_src comp="1096" pin="2"/><net_sink comp="1102" pin=0"/></net>

<net id="1108"><net_src comp="1088" pin="3"/><net_sink comp="1102" pin=1"/></net>

<net id="1109"><net_src comp="58" pin="0"/><net_sink comp="1102" pin=2"/></net>

<net id="1114"><net_src comp="850" pin="2"/><net_sink comp="1110" pin=0"/></net>

<net id="1119"><net_src comp="850" pin="2"/><net_sink comp="1115" pin=0"/></net>

<net id="1125"><net_src comp="1110" pin="2"/><net_sink comp="1120" pin=0"/></net>

<net id="1126"><net_src comp="90" pin="0"/><net_sink comp="1120" pin=1"/></net>

<net id="1127"><net_src comp="92" pin="0"/><net_sink comp="1120" pin=2"/></net>

<net id="1132"><net_src comp="1110" pin="2"/><net_sink comp="1128" pin=0"/></net>

<net id="1133"><net_src comp="1115" pin="2"/><net_sink comp="1128" pin=1"/></net>

<net id="1139"><net_src comp="1128" pin="2"/><net_sink comp="1134" pin=0"/></net>

<net id="1140"><net_src comp="1120" pin="3"/><net_sink comp="1134" pin=1"/></net>

<net id="1141"><net_src comp="58" pin="0"/><net_sink comp="1134" pin=2"/></net>

<net id="1146"><net_src comp="860" pin="2"/><net_sink comp="1142" pin=0"/></net>

<net id="1151"><net_src comp="860" pin="2"/><net_sink comp="1147" pin=0"/></net>

<net id="1157"><net_src comp="1142" pin="2"/><net_sink comp="1152" pin=0"/></net>

<net id="1158"><net_src comp="90" pin="0"/><net_sink comp="1152" pin=1"/></net>

<net id="1159"><net_src comp="92" pin="0"/><net_sink comp="1152" pin=2"/></net>

<net id="1164"><net_src comp="1142" pin="2"/><net_sink comp="1160" pin=0"/></net>

<net id="1165"><net_src comp="1147" pin="2"/><net_sink comp="1160" pin=1"/></net>

<net id="1171"><net_src comp="1160" pin="2"/><net_sink comp="1166" pin=0"/></net>

<net id="1172"><net_src comp="1152" pin="3"/><net_sink comp="1166" pin=1"/></net>

<net id="1173"><net_src comp="58" pin="0"/><net_sink comp="1166" pin=2"/></net>

<net id="1178"><net_src comp="870" pin="2"/><net_sink comp="1174" pin=0"/></net>

<net id="1183"><net_src comp="870" pin="2"/><net_sink comp="1179" pin=0"/></net>

<net id="1189"><net_src comp="1174" pin="2"/><net_sink comp="1184" pin=0"/></net>

<net id="1190"><net_src comp="90" pin="0"/><net_sink comp="1184" pin=1"/></net>

<net id="1191"><net_src comp="92" pin="0"/><net_sink comp="1184" pin=2"/></net>

<net id="1196"><net_src comp="1174" pin="2"/><net_sink comp="1192" pin=0"/></net>

<net id="1197"><net_src comp="1179" pin="2"/><net_sink comp="1192" pin=1"/></net>

<net id="1203"><net_src comp="1192" pin="2"/><net_sink comp="1198" pin=0"/></net>

<net id="1204"><net_src comp="1184" pin="3"/><net_sink comp="1198" pin=1"/></net>

<net id="1205"><net_src comp="58" pin="0"/><net_sink comp="1198" pin=2"/></net>

<net id="1210"><net_src comp="910" pin="3"/><net_sink comp="1206" pin=0"/></net>

<net id="1211"><net_src comp="942" pin="3"/><net_sink comp="1206" pin=1"/></net>

<net id="1216"><net_src comp="1206" pin="2"/><net_sink comp="1212" pin=0"/></net>

<net id="1217"><net_src comp="904" pin="2"/><net_sink comp="1212" pin=1"/></net>

<net id="1222"><net_src comp="942" pin="3"/><net_sink comp="1218" pin=0"/></net>

<net id="1223"><net_src comp="974" pin="3"/><net_sink comp="1218" pin=1"/></net>

<net id="1228"><net_src comp="1218" pin="2"/><net_sink comp="1224" pin=0"/></net>

<net id="1229"><net_src comp="936" pin="2"/><net_sink comp="1224" pin=1"/></net>

<net id="1234"><net_src comp="974" pin="3"/><net_sink comp="1230" pin=0"/></net>

<net id="1235"><net_src comp="1006" pin="3"/><net_sink comp="1230" pin=1"/></net>

<net id="1240"><net_src comp="1230" pin="2"/><net_sink comp="1236" pin=0"/></net>

<net id="1241"><net_src comp="968" pin="2"/><net_sink comp="1236" pin=1"/></net>

<net id="1246"><net_src comp="1006" pin="3"/><net_sink comp="1242" pin=0"/></net>

<net id="1247"><net_src comp="1038" pin="3"/><net_sink comp="1242" pin=1"/></net>

<net id="1252"><net_src comp="1242" pin="2"/><net_sink comp="1248" pin=0"/></net>

<net id="1253"><net_src comp="1000" pin="2"/><net_sink comp="1248" pin=1"/></net>

<net id="1258"><net_src comp="1038" pin="3"/><net_sink comp="1254" pin=0"/></net>

<net id="1259"><net_src comp="1070" pin="3"/><net_sink comp="1254" pin=1"/></net>

<net id="1264"><net_src comp="1254" pin="2"/><net_sink comp="1260" pin=0"/></net>

<net id="1265"><net_src comp="1032" pin="2"/><net_sink comp="1260" pin=1"/></net>

<net id="1270"><net_src comp="1070" pin="3"/><net_sink comp="1266" pin=0"/></net>

<net id="1271"><net_src comp="1102" pin="3"/><net_sink comp="1266" pin=1"/></net>

<net id="1276"><net_src comp="1266" pin="2"/><net_sink comp="1272" pin=0"/></net>

<net id="1277"><net_src comp="1064" pin="2"/><net_sink comp="1272" pin=1"/></net>

<net id="1283"><net_src comp="1212" pin="2"/><net_sink comp="1278" pin=0"/></net>

<net id="1284"><net_src comp="94" pin="0"/><net_sink comp="1278" pin=1"/></net>

<net id="1285"><net_src comp="96" pin="0"/><net_sink comp="1278" pin=2"/></net>

<net id="1291"><net_src comp="1224" pin="2"/><net_sink comp="1286" pin=0"/></net>

<net id="1292"><net_src comp="1278" pin="3"/><net_sink comp="1286" pin=1"/></net>

<net id="1293"><net_src comp="98" pin="0"/><net_sink comp="1286" pin=2"/></net>

<net id="1299"><net_src comp="1236" pin="2"/><net_sink comp="1294" pin=0"/></net>

<net id="1300"><net_src comp="1286" pin="3"/><net_sink comp="1294" pin=1"/></net>

<net id="1301"><net_src comp="100" pin="0"/><net_sink comp="1294" pin=2"/></net>

<net id="1307"><net_src comp="1248" pin="2"/><net_sink comp="1302" pin=0"/></net>

<net id="1308"><net_src comp="1294" pin="3"/><net_sink comp="1302" pin=1"/></net>

<net id="1309"><net_src comp="102" pin="0"/><net_sink comp="1302" pin=2"/></net>

<net id="1315"><net_src comp="1260" pin="2"/><net_sink comp="1310" pin=0"/></net>

<net id="1316"><net_src comp="1302" pin="3"/><net_sink comp="1310" pin=1"/></net>

<net id="1317"><net_src comp="104" pin="0"/><net_sink comp="1310" pin=2"/></net>

<net id="1323"><net_src comp="1272" pin="2"/><net_sink comp="1318" pin=0"/></net>

<net id="1324"><net_src comp="1310" pin="3"/><net_sink comp="1318" pin=1"/></net>

<net id="1325"><net_src comp="106" pin="0"/><net_sink comp="1318" pin=2"/></net>

<net id="1330"><net_src comp="1102" pin="3"/><net_sink comp="1326" pin=0"/></net>

<net id="1331"><net_src comp="1134" pin="3"/><net_sink comp="1326" pin=1"/></net>

<net id="1336"><net_src comp="1326" pin="2"/><net_sink comp="1332" pin=0"/></net>

<net id="1337"><net_src comp="1096" pin="2"/><net_sink comp="1332" pin=1"/></net>

<net id="1343"><net_src comp="1332" pin="2"/><net_sink comp="1338" pin=0"/></net>

<net id="1344"><net_src comp="1318" pin="3"/><net_sink comp="1338" pin=1"/></net>

<net id="1345"><net_src comp="108" pin="0"/><net_sink comp="1338" pin=2"/></net>

<net id="1350"><net_src comp="1134" pin="3"/><net_sink comp="1346" pin=0"/></net>

<net id="1351"><net_src comp="1166" pin="3"/><net_sink comp="1346" pin=1"/></net>

<net id="1356"><net_src comp="1346" pin="2"/><net_sink comp="1352" pin=0"/></net>

<net id="1357"><net_src comp="1128" pin="2"/><net_sink comp="1352" pin=1"/></net>

<net id="1362"><net_src comp="1338" pin="3"/><net_sink comp="1358" pin=0"/></net>

<net id="1363"><net_src comp="108" pin="0"/><net_sink comp="1358" pin=1"/></net>

<net id="1368"><net_src comp="1358" pin="2"/><net_sink comp="1364" pin=0"/></net>

<net id="1369"><net_src comp="94" pin="0"/><net_sink comp="1364" pin=1"/></net>

<net id="1374"><net_src comp="1338" pin="3"/><net_sink comp="1370" pin=0"/></net>

<net id="1375"><net_src comp="106" pin="0"/><net_sink comp="1370" pin=1"/></net>

<net id="1381"><net_src comp="1352" pin="2"/><net_sink comp="1376" pin=0"/></net>

<net id="1382"><net_src comp="1370" pin="2"/><net_sink comp="1376" pin=1"/></net>

<net id="1383"><net_src comp="106" pin="0"/><net_sink comp="1376" pin=2"/></net>

<net id="1388"><net_src comp="1352" pin="2"/><net_sink comp="1384" pin=0"/></net>

<net id="1389"><net_src comp="1364" pin="2"/><net_sink comp="1384" pin=1"/></net>

<net id="1394"><net_src comp="1166" pin="3"/><net_sink comp="1390" pin=0"/></net>

<net id="1395"><net_src comp="1198" pin="3"/><net_sink comp="1390" pin=1"/></net>

<net id="1400"><net_src comp="1390" pin="2"/><net_sink comp="1396" pin=0"/></net>

<net id="1401"><net_src comp="1160" pin="2"/><net_sink comp="1396" pin=1"/></net>

<net id="1406"><net_src comp="1376" pin="3"/><net_sink comp="1402" pin=0"/></net>

<net id="1407"><net_src comp="94" pin="0"/><net_sink comp="1402" pin=1"/></net>

<net id="1413"><net_src comp="1396" pin="2"/><net_sink comp="1408" pin=0"/></net>

<net id="1414"><net_src comp="1376" pin="3"/><net_sink comp="1408" pin=1"/></net>

<net id="1415"><net_src comp="108" pin="0"/><net_sink comp="1408" pin=2"/></net>

<net id="1420"><net_src comp="1396" pin="2"/><net_sink comp="1416" pin=0"/></net>

<net id="1421"><net_src comp="1402" pin="2"/><net_sink comp="1416" pin=1"/></net>

<net id="1426"><net_src comp="1384" pin="2"/><net_sink comp="1422" pin=0"/></net>

<net id="1427"><net_src comp="1416" pin="2"/><net_sink comp="1422" pin=1"/></net>

<net id="1432"><net_src comp="336" pin="2"/><net_sink comp="1428" pin=0"/></net>

<net id="1437"><net_src comp="760" pin="1"/><net_sink comp="1433" pin=0"/></net>

<net id="1442"><net_src comp="757" pin="1"/><net_sink comp="1438" pin=0"/></net>

<net id="1447"><net_src comp="754" pin="1"/><net_sink comp="1443" pin=0"/></net>

<net id="1452"><net_src comp="438" pin="3"/><net_sink comp="1448" pin=0"/></net>

<net id="1457"><net_src comp="751" pin="1"/><net_sink comp="1453" pin=0"/></net>

<net id="1462"><net_src comp="748" pin="1"/><net_sink comp="1458" pin=0"/></net>

<net id="1467"><net_src comp="745" pin="1"/><net_sink comp="1463" pin=0"/></net>

<net id="1472"><net_src comp="742" pin="1"/><net_sink comp="1468" pin=0"/></net>

<net id="1477"><net_src comp="426" pin="3"/><net_sink comp="1473" pin=0"/></net>

<net id="1482"><net_src comp="739" pin="1"/><net_sink comp="1478" pin=0"/></net>

<net id="1487"><net_src comp="736" pin="1"/><net_sink comp="1483" pin=0"/></net>

<net id="1492"><net_src comp="733" pin="1"/><net_sink comp="1488" pin=0"/></net>

<net id="1497"><net_src comp="730" pin="1"/><net_sink comp="1493" pin=0"/></net>

<net id="1502"><net_src comp="727" pin="1"/><net_sink comp="1498" pin=0"/></net>

<net id="1507"><net_src comp="414" pin="3"/><net_sink comp="1503" pin=0"/></net>

<net id="1512"><net_src comp="724" pin="1"/><net_sink comp="1508" pin=0"/></net>

<net id="1517"><net_src comp="721" pin="1"/><net_sink comp="1513" pin=0"/></net>

<net id="1522"><net_src comp="718" pin="1"/><net_sink comp="1518" pin=0"/></net>

<net id="1527"><net_src comp="715" pin="1"/><net_sink comp="1523" pin=0"/></net>

<net id="1532"><net_src comp="402" pin="3"/><net_sink comp="1528" pin=0"/></net>

<net id="1537"><net_src comp="709" pin="1"/><net_sink comp="1533" pin=0"/></net>

<net id="1542"><net_src comp="706" pin="1"/><net_sink comp="1538" pin=0"/></net>

<net id="1547"><net_src comp="703" pin="1"/><net_sink comp="1543" pin=0"/></net>

<net id="1552"><net_src comp="700" pin="1"/><net_sink comp="1548" pin=0"/></net>

<net id="1557"><net_src comp="390" pin="3"/><net_sink comp="1553" pin=0"/></net>

<net id="1562"><net_src comp="694" pin="1"/><net_sink comp="1558" pin=0"/></net>

<net id="1567"><net_src comp="691" pin="1"/><net_sink comp="1563" pin=0"/></net>

<net id="1572"><net_src comp="688" pin="1"/><net_sink comp="1568" pin=0"/></net>

<net id="1577"><net_src comp="378" pin="3"/><net_sink comp="1573" pin=0"/></net>

<net id="1582"><net_src comp="682" pin="1"/><net_sink comp="1578" pin=0"/></net>

<net id="1587"><net_src comp="679" pin="1"/><net_sink comp="1583" pin=0"/></net>

<net id="1607"><net_src comp="1600" pin="1"/><net_sink comp="1603" pin=1"/></net>

<net id="1611"><net_src comp="1597" pin="1"/><net_sink comp="1608" pin=0"/></net>

<net id="1616"><net_src comp="1608" pin="1"/><net_sink comp="1612" pin=1"/></net>

<net id="1620"><net_src comp="1594" pin="1"/><net_sink comp="1617" pin=0"/></net>

<net id="1625"><net_src comp="1617" pin="1"/><net_sink comp="1621" pin=1"/></net>

<net id="1629"><net_src comp="1591" pin="1"/><net_sink comp="1626" pin=0"/></net>

<net id="1634"><net_src comp="1626" pin="1"/><net_sink comp="1630" pin=1"/></net>

<net id="1638"><net_src comp="1588" pin="1"/><net_sink comp="1635" pin=0"/></net>

<net id="1643"><net_src comp="1635" pin="1"/><net_sink comp="1639" pin=1"/></net>

<net id="1648"><net_src comp="1603" pin="2"/><net_sink comp="1644" pin=0"/></net>

<net id="1653"><net_src comp="1603" pin="2"/><net_sink comp="1649" pin=0"/></net>

<net id="1659"><net_src comp="1644" pin="2"/><net_sink comp="1654" pin=0"/></net>

<net id="1660"><net_src comp="90" pin="0"/><net_sink comp="1654" pin=1"/></net>

<net id="1661"><net_src comp="92" pin="0"/><net_sink comp="1654" pin=2"/></net>

<net id="1666"><net_src comp="1644" pin="2"/><net_sink comp="1662" pin=0"/></net>

<net id="1667"><net_src comp="1649" pin="2"/><net_sink comp="1662" pin=1"/></net>

<net id="1673"><net_src comp="1662" pin="2"/><net_sink comp="1668" pin=0"/></net>

<net id="1674"><net_src comp="1654" pin="3"/><net_sink comp="1668" pin=1"/></net>

<net id="1675"><net_src comp="58" pin="0"/><net_sink comp="1668" pin=2"/></net>

<net id="1689"><net_src comp="1676" pin="2"/><net_sink comp="1684" pin=0"/></net>

<net id="1690"><net_src comp="90" pin="0"/><net_sink comp="1684" pin=1"/></net>

<net id="1691"><net_src comp="92" pin="0"/><net_sink comp="1684" pin=2"/></net>

<net id="1696"><net_src comp="1676" pin="2"/><net_sink comp="1692" pin=0"/></net>

<net id="1697"><net_src comp="1680" pin="2"/><net_sink comp="1692" pin=1"/></net>

<net id="1703"><net_src comp="1692" pin="2"/><net_sink comp="1698" pin=0"/></net>

<net id="1704"><net_src comp="1684" pin="3"/><net_sink comp="1698" pin=1"/></net>

<net id="1705"><net_src comp="58" pin="0"/><net_sink comp="1698" pin=2"/></net>

<net id="1710"><net_src comp="1612" pin="2"/><net_sink comp="1706" pin=0"/></net>

<net id="1715"><net_src comp="1612" pin="2"/><net_sink comp="1711" pin=0"/></net>

<net id="1721"><net_src comp="1706" pin="2"/><net_sink comp="1716" pin=0"/></net>

<net id="1722"><net_src comp="90" pin="0"/><net_sink comp="1716" pin=1"/></net>

<net id="1723"><net_src comp="92" pin="0"/><net_sink comp="1716" pin=2"/></net>

<net id="1728"><net_src comp="1706" pin="2"/><net_sink comp="1724" pin=0"/></net>

<net id="1729"><net_src comp="1711" pin="2"/><net_sink comp="1724" pin=1"/></net>

<net id="1735"><net_src comp="1724" pin="2"/><net_sink comp="1730" pin=0"/></net>

<net id="1736"><net_src comp="1716" pin="3"/><net_sink comp="1730" pin=1"/></net>

<net id="1737"><net_src comp="58" pin="0"/><net_sink comp="1730" pin=2"/></net>

<net id="1742"><net_src comp="1621" pin="2"/><net_sink comp="1738" pin=0"/></net>

<net id="1747"><net_src comp="1621" pin="2"/><net_sink comp="1743" pin=0"/></net>

<net id="1753"><net_src comp="1738" pin="2"/><net_sink comp="1748" pin=0"/></net>

<net id="1754"><net_src comp="90" pin="0"/><net_sink comp="1748" pin=1"/></net>

<net id="1755"><net_src comp="92" pin="0"/><net_sink comp="1748" pin=2"/></net>

<net id="1760"><net_src comp="1738" pin="2"/><net_sink comp="1756" pin=0"/></net>

<net id="1761"><net_src comp="1743" pin="2"/><net_sink comp="1756" pin=1"/></net>

<net id="1767"><net_src comp="1756" pin="2"/><net_sink comp="1762" pin=0"/></net>

<net id="1768"><net_src comp="1748" pin="3"/><net_sink comp="1762" pin=1"/></net>

<net id="1769"><net_src comp="58" pin="0"/><net_sink comp="1762" pin=2"/></net>

<net id="1774"><net_src comp="1630" pin="2"/><net_sink comp="1770" pin=0"/></net>

<net id="1779"><net_src comp="1630" pin="2"/><net_sink comp="1775" pin=0"/></net>

<net id="1785"><net_src comp="1770" pin="2"/><net_sink comp="1780" pin=0"/></net>

<net id="1786"><net_src comp="90" pin="0"/><net_sink comp="1780" pin=1"/></net>

<net id="1787"><net_src comp="92" pin="0"/><net_sink comp="1780" pin=2"/></net>

<net id="1792"><net_src comp="1770" pin="2"/><net_sink comp="1788" pin=0"/></net>

<net id="1793"><net_src comp="1775" pin="2"/><net_sink comp="1788" pin=1"/></net>

<net id="1799"><net_src comp="1788" pin="2"/><net_sink comp="1794" pin=0"/></net>

<net id="1800"><net_src comp="1780" pin="3"/><net_sink comp="1794" pin=1"/></net>

<net id="1801"><net_src comp="58" pin="0"/><net_sink comp="1794" pin=2"/></net>

<net id="1806"><net_src comp="1639" pin="2"/><net_sink comp="1802" pin=0"/></net>

<net id="1811"><net_src comp="1639" pin="2"/><net_sink comp="1807" pin=0"/></net>

<net id="1817"><net_src comp="1802" pin="2"/><net_sink comp="1812" pin=0"/></net>

<net id="1818"><net_src comp="90" pin="0"/><net_sink comp="1812" pin=1"/></net>

<net id="1819"><net_src comp="92" pin="0"/><net_sink comp="1812" pin=2"/></net>

<net id="1824"><net_src comp="1802" pin="2"/><net_sink comp="1820" pin=0"/></net>

<net id="1825"><net_src comp="1807" pin="2"/><net_sink comp="1820" pin=1"/></net>

<net id="1831"><net_src comp="1820" pin="2"/><net_sink comp="1826" pin=0"/></net>

<net id="1832"><net_src comp="1812" pin="3"/><net_sink comp="1826" pin=1"/></net>

<net id="1833"><net_src comp="58" pin="0"/><net_sink comp="1826" pin=2"/></net>

<net id="1838"><net_src comp="1698" pin="3"/><net_sink comp="1834" pin=1"/></net>

<net id="1843"><net_src comp="1834" pin="2"/><net_sink comp="1839" pin=0"/></net>

<net id="1848"><net_src comp="108" pin="0"/><net_sink comp="1844" pin=1"/></net>

<net id="1853"><net_src comp="1844" pin="2"/><net_sink comp="1849" pin=0"/></net>

<net id="1854"><net_src comp="94" pin="0"/><net_sink comp="1849" pin=1"/></net>

<net id="1859"><net_src comp="106" pin="0"/><net_sink comp="1855" pin=1"/></net>

<net id="1865"><net_src comp="1839" pin="2"/><net_sink comp="1860" pin=0"/></net>

<net id="1866"><net_src comp="1855" pin="2"/><net_sink comp="1860" pin=1"/></net>

<net id="1867"><net_src comp="106" pin="0"/><net_sink comp="1860" pin=2"/></net>

<net id="1872"><net_src comp="1839" pin="2"/><net_sink comp="1868" pin=0"/></net>

<net id="1873"><net_src comp="1849" pin="2"/><net_sink comp="1868" pin=1"/></net>

<net id="1878"><net_src comp="1698" pin="3"/><net_sink comp="1874" pin=0"/></net>

<net id="1879"><net_src comp="1730" pin="3"/><net_sink comp="1874" pin=1"/></net>

<net id="1884"><net_src comp="1874" pin="2"/><net_sink comp="1880" pin=0"/></net>

<net id="1885"><net_src comp="1692" pin="2"/><net_sink comp="1880" pin=1"/></net>

<net id="1890"><net_src comp="1860" pin="3"/><net_sink comp="1886" pin=0"/></net>

<net id="1891"><net_src comp="94" pin="0"/><net_sink comp="1886" pin=1"/></net>

<net id="1897"><net_src comp="1880" pin="2"/><net_sink comp="1892" pin=0"/></net>

<net id="1898"><net_src comp="1860" pin="3"/><net_sink comp="1892" pin=1"/></net>

<net id="1899"><net_src comp="108" pin="0"/><net_sink comp="1892" pin=2"/></net>

<net id="1904"><net_src comp="1880" pin="2"/><net_sink comp="1900" pin=0"/></net>

<net id="1905"><net_src comp="1886" pin="2"/><net_sink comp="1900" pin=1"/></net>

<net id="1910"><net_src comp="1730" pin="3"/><net_sink comp="1906" pin=0"/></net>

<net id="1911"><net_src comp="1762" pin="3"/><net_sink comp="1906" pin=1"/></net>

<net id="1916"><net_src comp="1906" pin="2"/><net_sink comp="1912" pin=0"/></net>

<net id="1917"><net_src comp="1724" pin="2"/><net_sink comp="1912" pin=1"/></net>

<net id="1922"><net_src comp="1892" pin="3"/><net_sink comp="1918" pin=0"/></net>

<net id="1923"><net_src comp="108" pin="0"/><net_sink comp="1918" pin=1"/></net>

<net id="1928"><net_src comp="1918" pin="2"/><net_sink comp="1924" pin=0"/></net>

<net id="1929"><net_src comp="94" pin="0"/><net_sink comp="1924" pin=1"/></net>

<net id="1934"><net_src comp="1892" pin="3"/><net_sink comp="1930" pin=0"/></net>

<net id="1935"><net_src comp="106" pin="0"/><net_sink comp="1930" pin=1"/></net>

<net id="1941"><net_src comp="1912" pin="2"/><net_sink comp="1936" pin=0"/></net>

<net id="1942"><net_src comp="1930" pin="2"/><net_sink comp="1936" pin=1"/></net>

<net id="1943"><net_src comp="106" pin="0"/><net_sink comp="1936" pin=2"/></net>

<net id="1948"><net_src comp="1912" pin="2"/><net_sink comp="1944" pin=0"/></net>

<net id="1949"><net_src comp="1924" pin="2"/><net_sink comp="1944" pin=1"/></net>

<net id="1954"><net_src comp="1762" pin="3"/><net_sink comp="1950" pin=0"/></net>

<net id="1955"><net_src comp="1794" pin="3"/><net_sink comp="1950" pin=1"/></net>

<net id="1960"><net_src comp="1950" pin="2"/><net_sink comp="1956" pin=0"/></net>

<net id="1961"><net_src comp="1756" pin="2"/><net_sink comp="1956" pin=1"/></net>

<net id="1966"><net_src comp="1936" pin="3"/><net_sink comp="1962" pin=0"/></net>

<net id="1967"><net_src comp="94" pin="0"/><net_sink comp="1962" pin=1"/></net>

<net id="1973"><net_src comp="1956" pin="2"/><net_sink comp="1968" pin=0"/></net>

<net id="1974"><net_src comp="1936" pin="3"/><net_sink comp="1968" pin=1"/></net>

<net id="1975"><net_src comp="108" pin="0"/><net_sink comp="1968" pin=2"/></net>

<net id="1980"><net_src comp="1956" pin="2"/><net_sink comp="1976" pin=0"/></net>

<net id="1981"><net_src comp="1962" pin="2"/><net_sink comp="1976" pin=1"/></net>

<net id="1985"><net_src comp="1968" pin="3"/><net_sink comp="1982" pin=0"/></net>

<net id="1990"><net_src comp="1794" pin="3"/><net_sink comp="1986" pin=0"/></net>

<net id="1991"><net_src comp="1826" pin="3"/><net_sink comp="1986" pin=1"/></net>

<net id="1996"><net_src comp="1986" pin="2"/><net_sink comp="1992" pin=0"/></net>

<net id="1997"><net_src comp="1788" pin="2"/><net_sink comp="1992" pin=1"/></net>

<net id="2002"><net_src comp="1968" pin="3"/><net_sink comp="1998" pin=0"/></net>

<net id="2003"><net_src comp="108" pin="0"/><net_sink comp="1998" pin=1"/></net>

<net id="2008"><net_src comp="1998" pin="2"/><net_sink comp="2004" pin=0"/></net>

<net id="2009"><net_src comp="94" pin="0"/><net_sink comp="2004" pin=1"/></net>

<net id="2014"><net_src comp="1982" pin="1"/><net_sink comp="2010" pin=0"/></net>

<net id="2015"><net_src comp="110" pin="0"/><net_sink comp="2010" pin=1"/></net>

<net id="2021"><net_src comp="1992" pin="2"/><net_sink comp="2016" pin=0"/></net>

<net id="2022"><net_src comp="2010" pin="2"/><net_sink comp="2016" pin=1"/></net>

<net id="2023"><net_src comp="110" pin="0"/><net_sink comp="2016" pin=2"/></net>

<net id="2028"><net_src comp="1992" pin="2"/><net_sink comp="2024" pin=0"/></net>

<net id="2029"><net_src comp="2004" pin="2"/><net_sink comp="2024" pin=1"/></net>

<net id="2034"><net_src comp="1826" pin="3"/><net_sink comp="2030" pin=0"/></net>

<net id="2035"><net_src comp="1668" pin="3"/><net_sink comp="2030" pin=1"/></net>

<net id="2040"><net_src comp="2030" pin="2"/><net_sink comp="2036" pin=0"/></net>

<net id="2041"><net_src comp="1820" pin="2"/><net_sink comp="2036" pin=1"/></net>

<net id="2046"><net_src comp="2016" pin="3"/><net_sink comp="2042" pin=0"/></net>

<net id="2047"><net_src comp="112" pin="0"/><net_sink comp="2042" pin=1"/></net>

<net id="2053"><net_src comp="2036" pin="2"/><net_sink comp="2048" pin=0"/></net>

<net id="2054"><net_src comp="2016" pin="3"/><net_sink comp="2048" pin=1"/></net>

<net id="2055"><net_src comp="114" pin="0"/><net_sink comp="2048" pin=2"/></net>

<net id="2060"><net_src comp="2036" pin="2"/><net_sink comp="2056" pin=0"/></net>

<net id="2061"><net_src comp="2042" pin="2"/><net_sink comp="2056" pin=1"/></net>

<net id="2066"><net_src comp="1668" pin="3"/><net_sink comp="2062" pin=0"/></net>

<net id="2071"><net_src comp="2062" pin="2"/><net_sink comp="2067" pin=0"/></net>

<net id="2072"><net_src comp="1662" pin="2"/><net_sink comp="2067" pin=1"/></net>

<net id="2077"><net_src comp="1868" pin="2"/><net_sink comp="2073" pin=0"/></net>

<net id="2078"><net_src comp="1900" pin="2"/><net_sink comp="2073" pin=1"/></net>

<net id="2083"><net_src comp="2073" pin="2"/><net_sink comp="2079" pin=0"/></net>

<net id="2088"><net_src comp="1944" pin="2"/><net_sink comp="2084" pin=0"/></net>

<net id="2089"><net_src comp="1976" pin="2"/><net_sink comp="2084" pin=1"/></net>

<net id="2094"><net_src comp="2024" pin="2"/><net_sink comp="2090" pin=0"/></net>

<net id="2095"><net_src comp="2056" pin="2"/><net_sink comp="2090" pin=1"/></net>

<net id="2100"><net_src comp="2090" pin="2"/><net_sink comp="2096" pin=0"/></net>

<net id="2101"><net_src comp="2084" pin="2"/><net_sink comp="2096" pin=1"/></net>

<net id="2106"><net_src comp="2096" pin="2"/><net_sink comp="2102" pin=0"/></net>

<net id="2107"><net_src comp="2079" pin="2"/><net_sink comp="2102" pin=1"/></net>

<net id="2128"><net_src comp="114" pin="0"/><net_sink comp="2124" pin=1"/></net>

<net id="2133"><net_src comp="2124" pin="2"/><net_sink comp="2129" pin=0"/></net>

<net id="2134"><net_src comp="112" pin="0"/><net_sink comp="2129" pin=1"/></net>

<net id="2139"><net_src comp="110" pin="0"/><net_sink comp="2135" pin=1"/></net>

<net id="2145"><net_src comp="2135" pin="2"/><net_sink comp="2140" pin=1"/></net>

<net id="2146"><net_src comp="110" pin="0"/><net_sink comp="2140" pin=2"/></net>

<net id="2151"><net_src comp="2129" pin="2"/><net_sink comp="2147" pin=1"/></net>

<net id="2156"><net_src comp="2140" pin="3"/><net_sink comp="2152" pin=0"/></net>

<net id="2157"><net_src comp="112" pin="0"/><net_sink comp="2152" pin=1"/></net>

<net id="2163"><net_src comp="2140" pin="3"/><net_sink comp="2158" pin=1"/></net>

<net id="2164"><net_src comp="114" pin="0"/><net_sink comp="2158" pin=2"/></net>

<net id="2169"><net_src comp="2152" pin="2"/><net_sink comp="2165" pin=1"/></net>

<net id="2174"><net_src comp="2158" pin="3"/><net_sink comp="2170" pin=0"/></net>

<net id="2175"><net_src comp="114" pin="0"/><net_sink comp="2170" pin=1"/></net>

<net id="2180"><net_src comp="2170" pin="2"/><net_sink comp="2176" pin=0"/></net>

<net id="2181"><net_src comp="112" pin="0"/><net_sink comp="2176" pin=1"/></net>

<net id="2186"><net_src comp="2158" pin="3"/><net_sink comp="2182" pin=0"/></net>

<net id="2187"><net_src comp="110" pin="0"/><net_sink comp="2182" pin=1"/></net>

<net id="2193"><net_src comp="2182" pin="2"/><net_sink comp="2188" pin=1"/></net>

<net id="2194"><net_src comp="110" pin="0"/><net_sink comp="2188" pin=2"/></net>

<net id="2199"><net_src comp="2176" pin="2"/><net_sink comp="2195" pin=1"/></net>

<net id="2204"><net_src comp="2188" pin="3"/><net_sink comp="2200" pin=0"/></net>

<net id="2205"><net_src comp="112" pin="0"/><net_sink comp="2200" pin=1"/></net>

<net id="2211"><net_src comp="2188" pin="3"/><net_sink comp="2206" pin=1"/></net>

<net id="2212"><net_src comp="114" pin="0"/><net_sink comp="2206" pin=2"/></net>

<net id="2217"><net_src comp="2200" pin="2"/><net_sink comp="2213" pin=1"/></net>

<net id="2222"><net_src comp="2206" pin="3"/><net_sink comp="2218" pin=0"/></net>

<net id="2223"><net_src comp="114" pin="0"/><net_sink comp="2218" pin=1"/></net>

<net id="2228"><net_src comp="2218" pin="2"/><net_sink comp="2224" pin=0"/></net>

<net id="2229"><net_src comp="112" pin="0"/><net_sink comp="2224" pin=1"/></net>

<net id="2234"><net_src comp="2206" pin="3"/><net_sink comp="2230" pin=0"/></net>

<net id="2235"><net_src comp="110" pin="0"/><net_sink comp="2230" pin=1"/></net>

<net id="2241"><net_src comp="2230" pin="2"/><net_sink comp="2236" pin=1"/></net>

<net id="2242"><net_src comp="110" pin="0"/><net_sink comp="2236" pin=2"/></net>

<net id="2247"><net_src comp="2224" pin="2"/><net_sink comp="2243" pin=1"/></net>

<net id="2252"><net_src comp="2236" pin="3"/><net_sink comp="2248" pin=0"/></net>

<net id="2253"><net_src comp="112" pin="0"/><net_sink comp="2248" pin=1"/></net>

<net id="2259"><net_src comp="2236" pin="3"/><net_sink comp="2254" pin=1"/></net>

<net id="2260"><net_src comp="114" pin="0"/><net_sink comp="2254" pin=2"/></net>

<net id="2265"><net_src comp="2248" pin="2"/><net_sink comp="2261" pin=1"/></net>

<net id="2270"><net_src comp="2254" pin="3"/><net_sink comp="2266" pin=0"/></net>

<net id="2271"><net_src comp="114" pin="0"/><net_sink comp="2266" pin=1"/></net>

<net id="2276"><net_src comp="2266" pin="2"/><net_sink comp="2272" pin=0"/></net>

<net id="2277"><net_src comp="112" pin="0"/><net_sink comp="2272" pin=1"/></net>

<net id="2282"><net_src comp="2254" pin="3"/><net_sink comp="2278" pin=0"/></net>

<net id="2283"><net_src comp="110" pin="0"/><net_sink comp="2278" pin=1"/></net>

<net id="2288"><net_src comp="2278" pin="2"/><net_sink comp="2284" pin=0"/></net>

<net id="2289"><net_src comp="112" pin="0"/><net_sink comp="2284" pin=1"/></net>

<net id="2294"><net_src comp="2284" pin="2"/><net_sink comp="2290" pin=0"/></net>

<net id="2299"><net_src comp="2147" pin="2"/><net_sink comp="2295" pin=0"/></net>

<net id="2300"><net_src comp="2165" pin="2"/><net_sink comp="2295" pin=1"/></net>

<net id="2305"><net_src comp="2195" pin="2"/><net_sink comp="2301" pin=0"/></net>

<net id="2306"><net_src comp="2213" pin="2"/><net_sink comp="2301" pin=1"/></net>

<net id="2311"><net_src comp="2301" pin="2"/><net_sink comp="2307" pin=0"/></net>

<net id="2312"><net_src comp="2295" pin="2"/><net_sink comp="2307" pin=1"/></net>

<net id="2317"><net_src comp="2243" pin="2"/><net_sink comp="2313" pin=0"/></net>

<net id="2318"><net_src comp="2261" pin="2"/><net_sink comp="2313" pin=1"/></net>

<net id="2323"><net_src comp="2272" pin="2"/><net_sink comp="2319" pin=0"/></net>

<net id="2324"><net_src comp="2290" pin="2"/><net_sink comp="2319" pin=1"/></net>

<net id="2329"><net_src comp="2319" pin="2"/><net_sink comp="2325" pin=1"/></net>

<net id="2334"><net_src comp="2325" pin="2"/><net_sink comp="2330" pin=0"/></net>

<net id="2335"><net_src comp="2313" pin="2"/><net_sink comp="2330" pin=1"/></net>

<net id="2340"><net_src comp="2330" pin="2"/><net_sink comp="2336" pin=0"/></net>

<net id="2341"><net_src comp="2307" pin="2"/><net_sink comp="2336" pin=1"/></net>

<net id="2346"><net_src comp="2336" pin="2"/><net_sink comp="2342" pin=0"/></net>

<net id="2355"><net_src comp="2347" pin="2"/><net_sink comp="2351" pin=0"/></net>

<net id="2360"><net_src comp="524" pin="4"/><net_sink comp="2356" pin=0"/></net>

<net id="2361"><net_src comp="122" pin="0"/><net_sink comp="2356" pin=1"/></net>

<net id="2365"><net_src comp="524" pin="4"/><net_sink comp="2362" pin=0"/></net>

<net id="2370"><net_src comp="2362" pin="1"/><net_sink comp="2366" pin=0"/></net>

<net id="2374"><net_src comp="130" pin="1"/><net_sink comp="2371" pin=0"/></net>

<net id="2375"><net_src comp="2371" pin="1"/><net_sink comp="608" pin=1"/></net>

<net id="2376"><net_src comp="2371" pin="1"/><net_sink comp="619" pin=0"/></net>

<net id="2377"><net_src comp="2371" pin="1"/><net_sink comp="2351" pin=1"/></net>

<net id="2381"><net_src comp="134" pin="1"/><net_sink comp="2378" pin=0"/></net>

<net id="2382"><net_src comp="2378" pin="1"/><net_sink comp="1588" pin=0"/></net>

<net id="2383"><net_src comp="2378" pin="1"/><net_sink comp="2120" pin=1"/></net>

<net id="2387"><net_src comp="138" pin="1"/><net_sink comp="2384" pin=0"/></net>

<net id="2388"><net_src comp="2384" pin="1"/><net_sink comp="676" pin=0"/></net>

<net id="2389"><net_src comp="2384" pin="1"/><net_sink comp="1583" pin=1"/></net>

<net id="2393"><net_src comp="142" pin="1"/><net_sink comp="2390" pin=0"/></net>

<net id="2394"><net_src comp="2390" pin="1"/><net_sink comp="679" pin=0"/></net>

<net id="2395"><net_src comp="2390" pin="1"/><net_sink comp="1578" pin=1"/></net>

<net id="2399"><net_src comp="146" pin="1"/><net_sink comp="2396" pin=0"/></net>

<net id="2400"><net_src comp="2396" pin="1"/><net_sink comp="682" pin=0"/></net>

<net id="2401"><net_src comp="2396" pin="1"/><net_sink comp="1573" pin=1"/></net>

<net id="2405"><net_src comp="150" pin="1"/><net_sink comp="2402" pin=0"/></net>

<net id="2406"><net_src comp="2402" pin="1"/><net_sink comp="1591" pin=0"/></net>

<net id="2407"><net_src comp="2402" pin="1"/><net_sink comp="2116" pin=1"/></net>

<net id="2411"><net_src comp="154" pin="1"/><net_sink comp="2408" pin=0"/></net>

<net id="2412"><net_src comp="2408" pin="1"/><net_sink comp="685" pin=0"/></net>

<net id="2413"><net_src comp="2408" pin="1"/><net_sink comp="1568" pin=1"/></net>

<net id="2417"><net_src comp="158" pin="1"/><net_sink comp="2414" pin=0"/></net>

<net id="2418"><net_src comp="2414" pin="1"/><net_sink comp="688" pin=0"/></net>

<net id="2419"><net_src comp="2414" pin="1"/><net_sink comp="1563" pin=1"/></net>

<net id="2423"><net_src comp="162" pin="1"/><net_sink comp="2420" pin=0"/></net>

<net id="2424"><net_src comp="2420" pin="1"/><net_sink comp="691" pin=0"/></net>

<net id="2425"><net_src comp="2420" pin="1"/><net_sink comp="1558" pin=1"/></net>

<net id="2429"><net_src comp="166" pin="1"/><net_sink comp="2426" pin=0"/></net>

<net id="2430"><net_src comp="2426" pin="1"/><net_sink comp="694" pin=0"/></net>

<net id="2431"><net_src comp="2426" pin="1"/><net_sink comp="1553" pin=1"/></net>

<net id="2435"><net_src comp="170" pin="1"/><net_sink comp="2432" pin=0"/></net>

<net id="2436"><net_src comp="2432" pin="1"/><net_sink comp="1594" pin=0"/></net>

<net id="2437"><net_src comp="2432" pin="1"/><net_sink comp="2112" pin=1"/></net>

<net id="2441"><net_src comp="174" pin="1"/><net_sink comp="2438" pin=0"/></net>

<net id="2442"><net_src comp="2438" pin="1"/><net_sink comp="697" pin=0"/></net>

<net id="2443"><net_src comp="2438" pin="1"/><net_sink comp="1548" pin=1"/></net>

<net id="2447"><net_src comp="178" pin="1"/><net_sink comp="2444" pin=0"/></net>

<net id="2448"><net_src comp="2444" pin="1"/><net_sink comp="700" pin=0"/></net>

<net id="2449"><net_src comp="2444" pin="1"/><net_sink comp="1543" pin=1"/></net>

<net id="2453"><net_src comp="182" pin="1"/><net_sink comp="2450" pin=0"/></net>

<net id="2454"><net_src comp="2450" pin="1"/><net_sink comp="703" pin=0"/></net>

<net id="2455"><net_src comp="2450" pin="1"/><net_sink comp="1538" pin=1"/></net>

<net id="2459"><net_src comp="186" pin="1"/><net_sink comp="2456" pin=0"/></net>

<net id="2460"><net_src comp="2456" pin="1"/><net_sink comp="706" pin=0"/></net>

<net id="2461"><net_src comp="2456" pin="1"/><net_sink comp="1533" pin=1"/></net>

<net id="2465"><net_src comp="190" pin="1"/><net_sink comp="2462" pin=0"/></net>

<net id="2466"><net_src comp="2462" pin="1"/><net_sink comp="709" pin=0"/></net>

<net id="2467"><net_src comp="2462" pin="1"/><net_sink comp="1528" pin=1"/></net>

<net id="2471"><net_src comp="194" pin="1"/><net_sink comp="2468" pin=0"/></net>

<net id="2472"><net_src comp="2468" pin="1"/><net_sink comp="1597" pin=0"/></net>

<net id="2473"><net_src comp="2468" pin="1"/><net_sink comp="2108" pin=1"/></net>

<net id="2477"><net_src comp="198" pin="1"/><net_sink comp="2474" pin=0"/></net>

<net id="2478"><net_src comp="2474" pin="1"/><net_sink comp="712" pin=0"/></net>

<net id="2479"><net_src comp="2474" pin="1"/><net_sink comp="1523" pin=1"/></net>

<net id="2483"><net_src comp="202" pin="1"/><net_sink comp="2480" pin=0"/></net>

<net id="2484"><net_src comp="2480" pin="1"/><net_sink comp="715" pin=0"/></net>

<net id="2485"><net_src comp="2480" pin="1"/><net_sink comp="1518" pin=1"/></net>

<net id="2489"><net_src comp="206" pin="1"/><net_sink comp="2486" pin=0"/></net>

<net id="2490"><net_src comp="2486" pin="1"/><net_sink comp="718" pin=0"/></net>

<net id="2491"><net_src comp="2486" pin="1"/><net_sink comp="1513" pin=1"/></net>

<net id="2495"><net_src comp="210" pin="1"/><net_sink comp="2492" pin=0"/></net>

<net id="2496"><net_src comp="2492" pin="1"/><net_sink comp="721" pin=0"/></net>

<net id="2497"><net_src comp="2492" pin="1"/><net_sink comp="1508" pin=1"/></net>

<net id="2501"><net_src comp="214" pin="1"/><net_sink comp="2498" pin=0"/></net>

<net id="2502"><net_src comp="2498" pin="1"/><net_sink comp="724" pin=0"/></net>

<net id="2503"><net_src comp="2498" pin="1"/><net_sink comp="1503" pin=1"/></net>

<net id="2507"><net_src comp="218" pin="1"/><net_sink comp="2504" pin=0"/></net>

<net id="2508"><net_src comp="2504" pin="1"/><net_sink comp="763" pin=0"/></net>

<net id="2509"><net_src comp="2504" pin="1"/><net_sink comp="1498" pin=1"/></net>

<net id="2513"><net_src comp="222" pin="1"/><net_sink comp="2510" pin=0"/></net>

<net id="2514"><net_src comp="2510" pin="1"/><net_sink comp="727" pin=0"/></net>

<net id="2515"><net_src comp="2510" pin="1"/><net_sink comp="1493" pin=1"/></net>

<net id="2519"><net_src comp="226" pin="1"/><net_sink comp="2516" pin=0"/></net>

<net id="2520"><net_src comp="2516" pin="1"/><net_sink comp="730" pin=0"/></net>

<net id="2521"><net_src comp="2516" pin="1"/><net_sink comp="1488" pin=1"/></net>

<net id="2525"><net_src comp="230" pin="1"/><net_sink comp="2522" pin=0"/></net>

<net id="2526"><net_src comp="2522" pin="1"/><net_sink comp="733" pin=0"/></net>

<net id="2527"><net_src comp="2522" pin="1"/><net_sink comp="1483" pin=1"/></net>

<net id="2531"><net_src comp="234" pin="1"/><net_sink comp="2528" pin=0"/></net>

<net id="2532"><net_src comp="2528" pin="1"/><net_sink comp="736" pin=0"/></net>

<net id="2533"><net_src comp="2528" pin="1"/><net_sink comp="1478" pin=1"/></net>

<net id="2537"><net_src comp="238" pin="1"/><net_sink comp="2534" pin=0"/></net>

<net id="2538"><net_src comp="2534" pin="1"/><net_sink comp="739" pin=0"/></net>

<net id="2539"><net_src comp="2534" pin="1"/><net_sink comp="1473" pin=1"/></net>

<net id="2543"><net_src comp="242" pin="1"/><net_sink comp="2540" pin=0"/></net>

<net id="2544"><net_src comp="2540" pin="1"/><net_sink comp="766" pin=0"/></net>

<net id="2545"><net_src comp="2540" pin="1"/><net_sink comp="1468" pin=1"/></net>

<net id="2549"><net_src comp="246" pin="1"/><net_sink comp="2546" pin=0"/></net>

<net id="2550"><net_src comp="2546" pin="1"/><net_sink comp="742" pin=0"/></net>

<net id="2551"><net_src comp="2546" pin="1"/><net_sink comp="1463" pin=1"/></net>

<net id="2555"><net_src comp="250" pin="1"/><net_sink comp="2552" pin=0"/></net>

<net id="2556"><net_src comp="2552" pin="1"/><net_sink comp="745" pin=0"/></net>

<net id="2557"><net_src comp="2552" pin="1"/><net_sink comp="1458" pin=1"/></net>

<net id="2561"><net_src comp="254" pin="1"/><net_sink comp="2558" pin=0"/></net>

<net id="2562"><net_src comp="2558" pin="1"/><net_sink comp="748" pin=0"/></net>

<net id="2563"><net_src comp="2558" pin="1"/><net_sink comp="1453" pin=1"/></net>

<net id="2567"><net_src comp="258" pin="1"/><net_sink comp="2564" pin=0"/></net>

<net id="2568"><net_src comp="2564" pin="1"/><net_sink comp="751" pin=0"/></net>

<net id="2569"><net_src comp="2564" pin="1"/><net_sink comp="1448" pin=1"/></net>

<net id="2573"><net_src comp="262" pin="1"/><net_sink comp="2570" pin=0"/></net>

<net id="2574"><net_src comp="2570" pin="1"/><net_sink comp="769" pin=0"/></net>

<net id="2575"><net_src comp="2570" pin="1"/><net_sink comp="1443" pin=1"/></net>

<net id="2579"><net_src comp="266" pin="1"/><net_sink comp="2576" pin=0"/></net>

<net id="2580"><net_src comp="2576" pin="1"/><net_sink comp="754" pin=0"/></net>

<net id="2581"><net_src comp="2576" pin="1"/><net_sink comp="1438" pin=1"/></net>

<net id="2585"><net_src comp="270" pin="1"/><net_sink comp="2582" pin=0"/></net>

<net id="2586"><net_src comp="2582" pin="1"/><net_sink comp="757" pin=0"/></net>

<net id="2587"><net_src comp="2582" pin="1"/><net_sink comp="1433" pin=1"/></net>

<net id="2591"><net_src comp="274" pin="1"/><net_sink comp="2588" pin=0"/></net>

<net id="2592"><net_src comp="2588" pin="1"/><net_sink comp="760" pin=0"/></net>

<net id="2593"><net_src comp="2588" pin="1"/><net_sink comp="1428" pin=1"/></net>

<net id="2597"><net_src comp="302" pin="2"/><net_sink comp="2594" pin=0"/></net>

<net id="2598"><net_src comp="2594" pin="1"/><net_sink comp="622" pin=1"/></net>

<net id="2602"><net_src comp="308" pin="2"/><net_sink comp="2599" pin=0"/></net>

<net id="2603"><net_src comp="2599" pin="1"/><net_sink comp="639" pin=1"/></net>

<net id="2607"><net_src comp="314" pin="2"/><net_sink comp="2604" pin=0"/></net>

<net id="2608"><net_src comp="2604" pin="1"/><net_sink comp="531" pin=17"/></net>

<net id="2612"><net_src comp="552" pin="1"/><net_sink comp="2609" pin=0"/></net>

<net id="2613"><net_src comp="2609" pin="1"/><net_sink comp="2347" pin=1"/></net>

<net id="2617"><net_src comp="582" pin="2"/><net_sink comp="2614" pin=0"/></net>

<net id="2618"><net_src comp="2614" pin="1"/><net_sink comp="2366" pin=1"/></net>

<net id="2622"><net_src comp="588" pin="1"/><net_sink comp="2619" pin=0"/></net>

<net id="2623"><net_src comp="2619" pin="1"/><net_sink comp="654" pin=1"/></net>

<net id="2627"><net_src comp="592" pin="1"/><net_sink comp="2624" pin=0"/></net>

<net id="2628"><net_src comp="2624" pin="1"/><net_sink comp="886" pin=1"/></net>

<net id="2629"><net_src comp="2624" pin="1"/><net_sink comp="918" pin=1"/></net>

<net id="2630"><net_src comp="2624" pin="1"/><net_sink comp="950" pin=1"/></net>

<net id="2631"><net_src comp="2624" pin="1"/><net_sink comp="982" pin=1"/></net>

<net id="2632"><net_src comp="2624" pin="1"/><net_sink comp="1014" pin=1"/></net>

<net id="2633"><net_src comp="2624" pin="1"/><net_sink comp="1046" pin=1"/></net>

<net id="2634"><net_src comp="2624" pin="1"/><net_sink comp="1078" pin=1"/></net>

<net id="2635"><net_src comp="2624" pin="1"/><net_sink comp="1110" pin=1"/></net>

<net id="2636"><net_src comp="2624" pin="1"/><net_sink comp="1142" pin=1"/></net>

<net id="2637"><net_src comp="2624" pin="1"/><net_sink comp="1174" pin=1"/></net>

<net id="2638"><net_src comp="2624" pin="1"/><net_sink comp="1644" pin=1"/></net>

<net id="2639"><net_src comp="2624" pin="1"/><net_sink comp="1676" pin=1"/></net>

<net id="2640"><net_src comp="2624" pin="1"/><net_sink comp="1706" pin=1"/></net>

<net id="2641"><net_src comp="2624" pin="1"/><net_sink comp="1738" pin=1"/></net>

<net id="2642"><net_src comp="2624" pin="1"/><net_sink comp="1770" pin=1"/></net>

<net id="2643"><net_src comp="2624" pin="1"/><net_sink comp="1802" pin=1"/></net>

<net id="2647"><net_src comp="596" pin="2"/><net_sink comp="2644" pin=0"/></net>

<net id="2648"><net_src comp="2644" pin="1"/><net_sink comp="891" pin=1"/></net>

<net id="2649"><net_src comp="2644" pin="1"/><net_sink comp="923" pin=1"/></net>

<net id="2650"><net_src comp="2644" pin="1"/><net_sink comp="955" pin=1"/></net>

<net id="2651"><net_src comp="2644" pin="1"/><net_sink comp="987" pin=1"/></net>

<net id="2652"><net_src comp="2644" pin="1"/><net_sink comp="1019" pin=1"/></net>

<net id="2653"><net_src comp="2644" pin="1"/><net_sink comp="1051" pin=1"/></net>

<net id="2654"><net_src comp="2644" pin="1"/><net_sink comp="1083" pin=1"/></net>

<net id="2655"><net_src comp="2644" pin="1"/><net_sink comp="1115" pin=1"/></net>

<net id="2656"><net_src comp="2644" pin="1"/><net_sink comp="1147" pin=1"/></net>

<net id="2657"><net_src comp="2644" pin="1"/><net_sink comp="1179" pin=1"/></net>

<net id="2658"><net_src comp="2644" pin="1"/><net_sink comp="1649" pin=1"/></net>

<net id="2659"><net_src comp="2644" pin="1"/><net_sink comp="1680" pin=1"/></net>

<net id="2660"><net_src comp="2644" pin="1"/><net_sink comp="1711" pin=1"/></net>

<net id="2661"><net_src comp="2644" pin="1"/><net_sink comp="1743" pin=1"/></net>

<net id="2662"><net_src comp="2644" pin="1"/><net_sink comp="1775" pin=1"/></net>

<net id="2663"><net_src comp="2644" pin="1"/><net_sink comp="1807" pin=1"/></net>

<net id="2667"><net_src comp="602" pin="2"/><net_sink comp="2664" pin=0"/></net>

<net id="2671"><net_src comp="613" pin="2"/><net_sink comp="2668" pin=0"/></net>

<net id="2672"><net_src comp="2668" pin="1"/><net_sink comp="478" pin=2"/></net>

<net id="2676"><net_src comp="619" pin="1"/><net_sink comp="2673" pin=0"/></net>

<net id="2677"><net_src comp="2673" pin="1"/><net_sink comp="499" pin=2"/></net>

<net id="2681"><net_src comp="622" pin="2"/><net_sink comp="2678" pin=0"/></net>

<net id="2685"><net_src comp="627" pin="2"/><net_sink comp="2682" pin=0"/></net>

<net id="2686"><net_src comp="2682" pin="1"/><net_sink comp="665" pin=0"/></net>

<net id="2690"><net_src comp="633" pin="2"/><net_sink comp="2687" pin=0"/></net>

<net id="2691"><net_src comp="2687" pin="1"/><net_sink comp="489" pin=0"/></net>

<net id="2695"><net_src comp="639" pin="2"/><net_sink comp="2692" pin=0"/></net>

<net id="2699"><net_src comp="372" pin="3"/><net_sink comp="2696" pin=0"/></net>

<net id="2700"><net_src comp="2696" pin="1"/><net_sink comp="378" pin=0"/></net>

<net id="2701"><net_src comp="2696" pin="1"/><net_sink comp="378" pin=2"/></net>

<net id="2705"><net_src comp="384" pin="3"/><net_sink comp="2702" pin=0"/></net>

<net id="2706"><net_src comp="2702" pin="1"/><net_sink comp="390" pin=0"/></net>

<net id="2707"><net_src comp="2702" pin="1"/><net_sink comp="390" pin=2"/></net>

<net id="2711"><net_src comp="396" pin="3"/><net_sink comp="2708" pin=0"/></net>

<net id="2712"><net_src comp="2708" pin="1"/><net_sink comp="402" pin=0"/></net>

<net id="2713"><net_src comp="2708" pin="1"/><net_sink comp="402" pin=2"/></net>

<net id="2717"><net_src comp="408" pin="3"/><net_sink comp="2714" pin=0"/></net>

<net id="2718"><net_src comp="2714" pin="1"/><net_sink comp="414" pin=0"/></net>

<net id="2719"><net_src comp="2714" pin="1"/><net_sink comp="414" pin=2"/></net>

<net id="2723"><net_src comp="420" pin="3"/><net_sink comp="2720" pin=0"/></net>

<net id="2724"><net_src comp="2720" pin="1"/><net_sink comp="426" pin=0"/></net>

<net id="2725"><net_src comp="2720" pin="1"/><net_sink comp="426" pin=2"/></net>

<net id="2729"><net_src comp="432" pin="3"/><net_sink comp="2726" pin=0"/></net>

<net id="2730"><net_src comp="2726" pin="1"/><net_sink comp="438" pin=0"/></net>

<net id="2731"><net_src comp="2726" pin="1"/><net_sink comp="438" pin=2"/></net>

<net id="2735"><net_src comp="654" pin="2"/><net_sink comp="2732" pin=0"/></net>

<net id="2739"><net_src comp="665" pin="2"/><net_sink comp="2736" pin=0"/></net>

<net id="2743"><net_src comp="670" pin="2"/><net_sink comp="2740" pin=0"/></net>

<net id="2744"><net_src comp="2740" pin="1"/><net_sink comp="499" pin=0"/></net>

<net id="2748"><net_src comp="676" pin="1"/><net_sink comp="2745" pin=0"/></net>

<net id="2749"><net_src comp="2745" pin="1"/><net_sink comp="1600" pin=0"/></net>

<net id="2750"><net_src comp="2745" pin="1"/><net_sink comp="2120" pin=0"/></net>

<net id="2754"><net_src comp="685" pin="1"/><net_sink comp="2751" pin=0"/></net>

<net id="2755"><net_src comp="2751" pin="1"/><net_sink comp="2116" pin=0"/></net>

<net id="2759"><net_src comp="697" pin="1"/><net_sink comp="2756" pin=0"/></net>

<net id="2760"><net_src comp="2756" pin="1"/><net_sink comp="2112" pin=0"/></net>

<net id="2764"><net_src comp="712" pin="1"/><net_sink comp="2761" pin=0"/></net>

<net id="2765"><net_src comp="2761" pin="1"/><net_sink comp="2108" pin=0"/></net>

<net id="2769"><net_src comp="772" pin="1"/><net_sink comp="2766" pin=0"/></net>

<net id="2770"><net_src comp="2766" pin="1"/><net_sink comp="1603" pin=0"/></net>

<net id="2771"><net_src comp="2766" pin="1"/><net_sink comp="1612" pin=0"/></net>

<net id="2772"><net_src comp="2766" pin="1"/><net_sink comp="1621" pin=0"/></net>

<net id="2773"><net_src comp="2766" pin="1"/><net_sink comp="1630" pin=0"/></net>

<net id="2774"><net_src comp="2766" pin="1"/><net_sink comp="1639" pin=0"/></net>

<net id="2778"><net_src comp="780" pin="2"/><net_sink comp="2775" pin=0"/></net>

<net id="2779"><net_src comp="2775" pin="1"/><net_sink comp="531" pin=2"/></net>

<net id="2783"><net_src comp="790" pin="2"/><net_sink comp="2780" pin=0"/></net>

<net id="2784"><net_src comp="2780" pin="1"/><net_sink comp="531" pin=3"/></net>

<net id="2788"><net_src comp="800" pin="2"/><net_sink comp="2785" pin=0"/></net>

<net id="2789"><net_src comp="2785" pin="1"/><net_sink comp="531" pin=4"/></net>

<net id="2793"><net_src comp="810" pin="2"/><net_sink comp="2790" pin=0"/></net>

<net id="2794"><net_src comp="2790" pin="1"/><net_sink comp="531" pin=5"/></net>

<net id="2798"><net_src comp="820" pin="2"/><net_sink comp="2795" pin=0"/></net>

<net id="2799"><net_src comp="2795" pin="1"/><net_sink comp="531" pin=6"/></net>

<net id="2803"><net_src comp="830" pin="2"/><net_sink comp="2800" pin=0"/></net>

<net id="2804"><net_src comp="2800" pin="1"/><net_sink comp="531" pin=7"/></net>

<net id="2808"><net_src comp="840" pin="2"/><net_sink comp="2805" pin=0"/></net>

<net id="2809"><net_src comp="2805" pin="1"/><net_sink comp="531" pin=8"/></net>

<net id="2813"><net_src comp="850" pin="2"/><net_sink comp="2810" pin=0"/></net>

<net id="2814"><net_src comp="2810" pin="1"/><net_sink comp="531" pin=9"/></net>

<net id="2818"><net_src comp="860" pin="2"/><net_sink comp="2815" pin=0"/></net>

<net id="2819"><net_src comp="2815" pin="1"/><net_sink comp="531" pin=10"/></net>

<net id="2823"><net_src comp="870" pin="2"/><net_sink comp="2820" pin=0"/></net>

<net id="2824"><net_src comp="2820" pin="1"/><net_sink comp="531" pin=11"/></net>

<net id="2828"><net_src comp="880" pin="2"/><net_sink comp="2825" pin=0"/></net>

<net id="2829"><net_src comp="2825" pin="1"/><net_sink comp="1676" pin=0"/></net>

<net id="2830"><net_src comp="2825" pin="1"/><net_sink comp="1680" pin=0"/></net>

<net id="2831"><net_src comp="2825" pin="1"/><net_sink comp="531" pin=12"/></net>

<net id="2835"><net_src comp="910" pin="3"/><net_sink comp="2832" pin=0"/></net>

<net id="2836"><net_src comp="2832" pin="1"/><net_sink comp="2062" pin=1"/></net>

<net id="2840"><net_src comp="1192" pin="2"/><net_sink comp="2837" pin=0"/></net>

<net id="2841"><net_src comp="2837" pin="1"/><net_sink comp="1839" pin=1"/></net>

<net id="2845"><net_src comp="1198" pin="3"/><net_sink comp="2842" pin=0"/></net>

<net id="2846"><net_src comp="2842" pin="1"/><net_sink comp="1834" pin=0"/></net>

<net id="2850"><net_src comp="1212" pin="2"/><net_sink comp="2847" pin=0"/></net>

<net id="2851"><net_src comp="2847" pin="1"/><net_sink comp="2158" pin=0"/></net>

<net id="2852"><net_src comp="2847" pin="1"/><net_sink comp="2165" pin=0"/></net>

<net id="2856"><net_src comp="1224" pin="2"/><net_sink comp="2853" pin=0"/></net>

<net id="2857"><net_src comp="2853" pin="1"/><net_sink comp="2188" pin=0"/></net>

<net id="2858"><net_src comp="2853" pin="1"/><net_sink comp="2195" pin=0"/></net>

<net id="2862"><net_src comp="1236" pin="2"/><net_sink comp="2859" pin=0"/></net>

<net id="2863"><net_src comp="2859" pin="1"/><net_sink comp="2206" pin=0"/></net>

<net id="2864"><net_src comp="2859" pin="1"/><net_sink comp="2213" pin=0"/></net>

<net id="2868"><net_src comp="1248" pin="2"/><net_sink comp="2865" pin=0"/></net>

<net id="2869"><net_src comp="2865" pin="1"/><net_sink comp="2236" pin=0"/></net>

<net id="2870"><net_src comp="2865" pin="1"/><net_sink comp="2243" pin=0"/></net>

<net id="2874"><net_src comp="1260" pin="2"/><net_sink comp="2871" pin=0"/></net>

<net id="2875"><net_src comp="2871" pin="1"/><net_sink comp="2254" pin=0"/></net>

<net id="2876"><net_src comp="2871" pin="1"/><net_sink comp="2261" pin=0"/></net>

<net id="2880"><net_src comp="1272" pin="2"/><net_sink comp="2877" pin=0"/></net>

<net id="2881"><net_src comp="2877" pin="1"/><net_sink comp="2325" pin=0"/></net>

<net id="2885"><net_src comp="1332" pin="2"/><net_sink comp="2882" pin=0"/></net>

<net id="2886"><net_src comp="2882" pin="1"/><net_sink comp="2290" pin=1"/></net>

<net id="2890"><net_src comp="1408" pin="3"/><net_sink comp="2887" pin=0"/></net>

<net id="2891"><net_src comp="2887" pin="1"/><net_sink comp="1844" pin=0"/></net>

<net id="2892"><net_src comp="2887" pin="1"/><net_sink comp="1855" pin=0"/></net>

<net id="2896"><net_src comp="1422" pin="2"/><net_sink comp="2893" pin=0"/></net>

<net id="2897"><net_src comp="2893" pin="1"/><net_sink comp="2079" pin=1"/></net>

<net id="2901"><net_src comp="1603" pin="2"/><net_sink comp="2898" pin=0"/></net>

<net id="2902"><net_src comp="2898" pin="1"/><net_sink comp="531" pin=1"/></net>

<net id="2906"><net_src comp="1612" pin="2"/><net_sink comp="2903" pin=0"/></net>

<net id="2907"><net_src comp="2903" pin="1"/><net_sink comp="531" pin=13"/></net>

<net id="2911"><net_src comp="1621" pin="2"/><net_sink comp="2908" pin=0"/></net>

<net id="2912"><net_src comp="2908" pin="1"/><net_sink comp="531" pin=14"/></net>

<net id="2916"><net_src comp="1630" pin="2"/><net_sink comp="2913" pin=0"/></net>

<net id="2917"><net_src comp="2913" pin="1"/><net_sink comp="531" pin=15"/></net>

<net id="2921"><net_src comp="1639" pin="2"/><net_sink comp="2918" pin=0"/></net>

<net id="2922"><net_src comp="2918" pin="1"/><net_sink comp="531" pin=16"/></net>

<net id="2926"><net_src comp="2048" pin="3"/><net_sink comp="2923" pin=0"/></net>

<net id="2927"><net_src comp="2923" pin="1"/><net_sink comp="2124" pin=0"/></net>

<net id="2928"><net_src comp="2923" pin="1"/><net_sink comp="2135" pin=0"/></net>

<net id="2932"><net_src comp="2067" pin="2"/><net_sink comp="2929" pin=0"/></net>

<net id="2933"><net_src comp="2929" pin="1"/><net_sink comp="2140" pin=0"/></net>

<net id="2934"><net_src comp="2929" pin="1"/><net_sink comp="2147" pin=0"/></net>

<net id="2938"><net_src comp="2102" pin="2"/><net_sink comp="2935" pin=0"/></net>

<net id="2939"><net_src comp="2935" pin="1"/><net_sink comp="2342" pin=1"/></net>

<net id="2943"><net_src comp="2342" pin="2"/><net_sink comp="2940" pin=0"/></net>

<net id="2947"><net_src comp="531" pin="18"/><net_sink comp="2944" pin=0"/></net>

<net id="2948"><net_src comp="2944" pin="1"/><net_sink comp="509" pin=2"/></net>

<net id="2952"><net_src comp="2356" pin="2"/><net_sink comp="2949" pin=0"/></net>

<net id="2953"><net_src comp="2949" pin="1"/><net_sink comp="524" pin=0"/></net>

<net id="2957"><net_src comp="2366" pin="2"/><net_sink comp="2954" pin=0"/></net>

</net_list>

</model> 
---------------- Datapath Model END ------------------

* FSMD analyzer results:
  - Output states:
	Port: img_out | {4 }
	Port: blur_out | {4 }
	Port: mask_out | {12 15 }
	Port: height_out | {1 }
	Port: width_out | {1 }
 - Input state : 
	Port: process_fast<8, 1080, 1920, 1> : img_in | {4 }
	Port: process_fast<8, 1080, 1920, 1> : blur_in | {4 }
	Port: process_fast<8, 1080, 1920, 1> : height | {1 }
	Port: process_fast<8, 1080, 1920, 1> : width | {1 }
	Port: process_fast<8, 1080, 1920, 1> : p_threshold | {1 }
  - Chain level:
	State 1
		specmemcore_ln0 : 1
		p_shl_cast_i : 1
		mul_i : 2
		mul_cast_i : 3
		add_i : 4
		add_cast_i : 5
		sub_i : 1
		store_ln70 : 1
	State 2
		i_5 : 1
		icmp_ln70 : 1
		br_ln70 : 2
		cmp7_i : 1
	State 3
		add_ln72_1 : 1
		icmp_ln72 : 1
		br_ln72 : 2
		j_cast5_i : 1
		line_buffer_val_V_1_addr : 2
		window_val_V_0_6 : 3
		line_buffer_val_V_2_addr : 2
		window_val_V_1_6 : 3
		line_buffer_val_V_3_addr : 2
		window_val_V_2_6 : 3
		line_buffer_val_V_4_addr : 2
		window_val_V_3_6 : 3
		line_buffer_val_V_5_addr : 2
		window_val_V_4_6 : 3
		line_buffer_val_V_6_addr : 2
		window_val_V_5_6 : 3
		icmp_ln83 : 1
		br_ln83 : 2
		icmp_ln85 : 1
		and_ln85 : 2
		br_ln85 : 2
		cnt_7 : 1
	State 4
		store_ln871 : 1
		store_ln871 : 1
		store_ln871 : 1
		store_ln871 : 1
		store_ln871 : 1
		zext_ln1347 : 1
		zext_ln1347_2 : 1
		ret_11 : 2
		zext_ln1347_3 : 1
		ret_12 : 2
		zext_ln1347_4 : 1
		ret_13 : 2
		zext_ln1347_5 : 1
		ret_14 : 2
		zext_ln1347_6 : 1
		ret_15 : 2
		zext_ln1347_7 : 1
		ret_16 : 2
		zext_ln1347_8 : 1
		ret_17 : 2
		zext_ln1347_9 : 1
		ret_18 : 2
		zext_ln1347_10 : 1
		ret_19 : 2
		zext_ln1347_11 : 1
		ret_20 : 2
		zext_ln1347_12 : 1
		ret_21 : 2
		icmp_ln113_1 : 3
		icmp_ln115_1 : 3
		select_ln113_2 : 4
		or_ln113_1 : 4
		select_ln113_3 : 4
		icmp_ln113_2 : 3
		icmp_ln115_2 : 3
		select_ln113_4 : 4
		or_ln113_2 : 4
		select_ln113_5 : 4
		icmp_ln113_3 : 3
		icmp_ln115_3 : 3
		select_ln113_6 : 4
		or_ln113_3 : 4
		select_ln113_7 : 4
		icmp_ln113_4 : 3
		icmp_ln115_4 : 3
		select_ln113_8 : 4
		or_ln113_4 : 4
		select_ln113_9 : 4
		icmp_ln113_5 : 3
		icmp_ln115_5 : 3
		select_ln113_10 : 4
		or_ln113_5 : 4
		select_ln113_11 : 4
		icmp_ln113_6 : 3
		icmp_ln115_6 : 3
		select_ln113_12 : 4
		or_ln113_6 : 4
		select_ln113_13 : 4
		icmp_ln113_7 : 3
		icmp_ln115_7 : 3
		select_ln113_14 : 4
		or_ln113_7 : 4
		select_ln113_15 : 4
		icmp_ln113_8 : 3
		icmp_ln115_8 : 3
		select_ln113_16 : 4
		or_ln113_8 : 4
		select_ln113_17 : 4
		icmp_ln113_9 : 3
		icmp_ln115_9 : 3
		select_ln113_18 : 4
		or_ln113_9 : 4
		select_ln113_19 : 4
		icmp_ln113_10 : 3
		icmp_ln115_10 : 3
		select_ln113_20 : 4
		or_ln113_10 : 4
		select_ln113_21 : 4
		icmp_ln133 : 5
		and_ln133 : 6
		icmp_ln133_1 : 5
		and_ln133_1 : 6
		icmp_ln133_2 : 5
		and_ln133_2 : 6
		icmp_ln133_3 : 5
		and_ln133_3 : 6
		icmp_ln133_4 : 5
		and_ln133_4 : 6
		icmp_ln133_5 : 5
		and_ln133_5 : 6
		select_ln138 : 6
		select_ln138_1 : 7
		select_ln138_2 : 8
		select_ln138_3 : 9
		select_ln138_4 : 10
		select_ln133 : 11
		icmp_ln133_6 : 5
		and_ln133_6 : 6
		select_ln133_1 : 12
		icmp_ln133_7 : 5
		and_ln133_7 : 6
		add_ln134 : 13
		icmp_ln135 : 14
		add_ln138 : 13
		select_ln133_2 : 14
		and_ln133_16 : 15
		icmp_ln133_8 : 5
		and_ln133_8 : 6
		icmp_ln135_1 : 15
		select_ln133_3 : 15
		and_ln133_17 : 16
		or_ln133 : 16
		store_ln0 : 1
		store_ln1347 : 1
		store_ln1347 : 1
		store_ln871 : 1
		store_ln1347 : 1
		store_ln0 : 1
		store_ln0 : 1
		store_ln0 : 1
		store_ln871 : 1
		store_ln0 : 1
		store_ln0 : 1
		store_ln0 : 1
		store_ln0 : 1
		store_ln0 : 1
		store_ln871 : 1
		store_ln0 : 1
		store_ln0 : 1
		store_ln1347 : 1
		store_ln0 : 1
		store_ln871 : 1
		store_ln0 : 1
		store_ln0 : 1
		store_ln0 : 1
		store_ln0 : 1
		store_ln871 : 1
		store_ln1347 : 1
		store_ln0 : 1
		store_ln0 : 1
		store_ln871 : 1
		store_ln0 : 1
		store_ln1347 : 1
	State 5
		ret : 1
		zext_ln1347_13 : 1
		ret_22 : 2
		zext_ln1347_14 : 1
		ret_23 : 2
		zext_ln1347_15 : 1
		ret_24 : 2
		zext_ln1347_16 : 1
		ret_25 : 2
		icmp_ln113 : 2
		icmp_ln115 : 2
		select_ln113 : 3
		or_ln113 : 3
		select_ln113_1 : 3
		select_ln113_22 : 1
		or_ln113_11 : 1
		select_ln113_23 : 1
		icmp_ln113_12 : 3
		icmp_ln115_12 : 3
		select_ln113_24 : 4
		or_ln113_12 : 4
		select_ln113_25 : 4
		icmp_ln113_13 : 3
		icmp_ln115_13 : 3
		select_ln113_26 : 4
		or_ln113_13 : 4
		select_ln113_27 : 4
		icmp_ln113_14 : 3
		icmp_ln115_14 : 3
		select_ln113_28 : 4
		or_ln113_14 : 4
		select_ln113_29 : 4
		icmp_ln113_15 : 3
		icmp_ln115_15 : 3
		select_ln113_30 : 4
		or_ln113_15 : 4
		select_ln113_31 : 4
		icmp_ln133_9 : 2
		and_ln133_9 : 3
		icmp_ln135_2 : 1
		select_ln133_4 : 3
		and_ln133_18 : 3
		icmp_ln133_10 : 5
		and_ln133_10 : 6
		icmp_ln135_3 : 4
		select_ln133_5 : 6
		and_ln133_19 : 6
		icmp_ln133_11 : 5
		and_ln133_11 : 6
		add_ln134_2 : 7
		icmp_ln135_4 : 8
		add_ln138_2 : 7
		select_ln133_6 : 8
		and_ln133_20 : 9
		icmp_ln133_12 : 5
		and_ln133_12 : 6
		icmp_ln135_5 : 9
		select_ln133_7 : 9
		and_ln133_21 : 10
		zext_ln133 : 10
		icmp_ln133_13 : 5
		and_ln133_13 : 6
		add_ln134_3 : 10
		icmp_ln135_6 : 11
		add_ln138_3 : 11
		select_ln133_8 : 12
		and_ln133_22 : 12
		icmp_ln133_14 : 5
		and_ln133_14 : 6
		icmp_ln135_7 : 13
		select_ln133_9 : 13
		and_ln133_23 : 14
		icmp_ln133_15 : 4
		and_ln133_15 : 5
		or_ln133_1 : 6
		or_ln133_2 : 6
		or_ln133_3 : 10
		or_ln133_4 : 14
		or_ln133_5 : 14
		or_ln133_6 : 14
	State 6
		icmp_ln135_8 : 1
		select_ln133_10 : 1
		and_ln133_24 : 2
		icmp_ln135_9 : 2
		select_ln133_11 : 2
		and_ln133_25 : 3
		add_ln134_5 : 3
		icmp_ln135_10 : 4
		add_ln138_5 : 3
		select_ln133_12 : 4
		and_ln133_26 : 5
		icmp_ln135_11 : 5
		select_ln133_13 : 5
		and_ln133_27 : 6
		add_ln134_6 : 6
		icmp_ln135_12 : 7
		add_ln138_6 : 6
		select_ln133_14 : 7
		and_ln133_28 : 8
		icmp_ln135_13 : 8
		select_ln133_15 : 8
		and_ln133_29 : 9
		add_ln134_7 : 9
		icmp_ln135_14 : 10
		add_ln138_7 : 9
		icmp_ln135_15 : 10
		and_ln133_30 : 11
		or_ln133_7 : 3
		or_ln133_8 : 6
		or_ln133_9 : 6
		or_ln133_10 : 9
		or_ln133_11 : 11
		and_ln133_31 : 11
		or_ln133_12 : 11
		or_ln133_13 : 11
		or_ln133_14 : 11
	State 7
	State 8
	State 9
	State 10
	State 11
	State 12
		mask : 1
		write_ln174 : 2
	State 13
		store_ln70 : 1
	State 14
		k_2 : 1
		k_cast : 1
		icmp_ln152 : 2
		br_ln152 : 3
	State 15
	State 16


============================================================
+ Verbose Summary: Datapath Resource usage 
============================================================

* Functional unit list:
|----------|------------------------------|---------|---------|
| Operation|        Functional Unit       |    FF   |   LUT   |
|----------|------------------------------|---------|---------|
|   call   |     grp_fast_score_fu_531    |   394   |   2287  |
|----------|------------------------------|---------|---------|
|          |       cmp1633_i_fu_602       |    0    |    11   |
|          |       icmp_ln70_fu_622       |    0    |    11   |
|          |         cmp7_i_fu_627        |    0    |    11   |
|          |       icmp_ln72_fu_639       |    0    |    11   |
|          |       icmp_ln83_fu_654       |    0    |    20   |
|          |       icmp_ln85_fu_659       |    0    |    11   |
|          |      icmp_ln113_1_fu_886     |    0    |    11   |
|          |      icmp_ln115_1_fu_891     |    0    |    11   |
|          |      icmp_ln113_2_fu_918     |    0    |    11   |
|          |      icmp_ln115_2_fu_923     |    0    |    11   |
|          |      icmp_ln113_3_fu_950     |    0    |    11   |
|          |      icmp_ln115_3_fu_955     |    0    |    11   |
|          |      icmp_ln113_4_fu_982     |    0    |    11   |
|          |      icmp_ln115_4_fu_987     |    0    |    11   |
|          |     icmp_ln113_5_fu_1014     |    0    |    11   |
|          |     icmp_ln115_5_fu_1019     |    0    |    11   |
|          |     icmp_ln113_6_fu_1046     |    0    |    11   |
|          |     icmp_ln115_6_fu_1051     |    0    |    11   |
|          |     icmp_ln113_7_fu_1078     |    0    |    11   |
|          |     icmp_ln115_7_fu_1083     |    0    |    11   |
|          |     icmp_ln113_8_fu_1110     |    0    |    11   |
|          |     icmp_ln115_8_fu_1115     |    0    |    11   |
|          |     icmp_ln113_9_fu_1142     |    0    |    11   |
|          |     icmp_ln115_9_fu_1147     |    0    |    11   |
|          |     icmp_ln113_10_fu_1174    |    0    |    11   |
|          |     icmp_ln115_10_fu_1179    |    0    |    11   |
|          |      icmp_ln133_fu_1206      |    0    |    8    |
|          |     icmp_ln133_1_fu_1218     |    0    |    8    |
|          |     icmp_ln133_2_fu_1230     |    0    |    8    |
|          |     icmp_ln133_3_fu_1242     |    0    |    8    |
|          |     icmp_ln133_4_fu_1254     |    0    |    8    |
|          |     icmp_ln133_5_fu_1266     |    0    |    8    |
|          |     icmp_ln133_6_fu_1326     |    0    |    8    |
|          |     icmp_ln133_7_fu_1346     |    0    |    8    |
|          |      icmp_ln135_fu_1364      |    0    |    9    |
|   icmp   |     icmp_ln133_8_fu_1390     |    0    |    8    |
|          |     icmp_ln135_1_fu_1402     |    0    |    9    |
|          |      icmp_ln113_fu_1644      |    0    |    11   |
|          |      icmp_ln115_fu_1649      |    0    |    11   |
|          |     icmp_ln113_11_fu_1676    |    0    |    11   |
|          |     icmp_ln115_11_fu_1680    |    0    |    11   |
|          |     icmp_ln113_12_fu_1706    |    0    |    11   |
|          |     icmp_ln115_12_fu_1711    |    0    |    11   |
|          |     icmp_ln113_13_fu_1738    |    0    |    11   |
|          |     icmp_ln115_13_fu_1743    |    0    |    11   |
|          |     icmp_ln113_14_fu_1770    |    0    |    11   |
|          |     icmp_ln115_14_fu_1775    |    0    |    11   |
|          |     icmp_ln113_15_fu_1802    |    0    |    11   |
|          |     icmp_ln115_15_fu_1807    |    0    |    11   |
|          |     icmp_ln133_9_fu_1834     |    0    |    8    |
|          |     icmp_ln135_2_fu_1849     |    0    |    9    |
|          |     icmp_ln133_10_fu_1874    |    0    |    8    |
|          |     icmp_ln135_3_fu_1886     |    0    |    9    |
|          |     icmp_ln133_11_fu_1906    |    0    |    8    |
|          |     icmp_ln135_4_fu_1924     |    0    |    9    |
|          |     icmp_ln133_12_fu_1950    |    0    |    8    |
|          |     icmp_ln135_5_fu_1962     |    0    |    9    |
|          |     icmp_ln133_13_fu_1986    |    0    |    8    |
|          |     icmp_ln135_6_fu_2004     |    0    |    9    |
|          |     icmp_ln133_14_fu_2030    |    0    |    8    |
|          |     icmp_ln135_7_fu_2042     |    0    |    9    |
|          |     icmp_ln133_15_fu_2062    |    0    |    8    |
|          |     icmp_ln135_8_fu_2129     |    0    |    9    |
|          |     icmp_ln135_9_fu_2152     |    0    |    9    |
|          |     icmp_ln135_10_fu_2176    |    0    |    9    |
|          |     icmp_ln135_11_fu_2200    |    0    |    9    |
|          |     icmp_ln135_12_fu_2224    |    0    |    9    |
|          |     icmp_ln135_13_fu_2248    |    0    |    9    |
|          |     icmp_ln135_14_fu_2272    |    0    |    9    |
|          |     icmp_ln135_15_fu_2284    |    0    |    9    |
|          |      icmp_ln152_fu_2366      |    0    |    12   |
|----------|------------------------------|---------|---------|
|          |         add_i_fu_582         |    0    |    21   |
|          |          i_5_fu_613          |    0    |    18   |
|          |       add_ln72_1_fu_633      |    0    |    18   |
|          |         cnt_7_fu_670         |    0    |    39   |
|          |       add_ln134_fu_1358      |    0    |    12   |
|          |       add_ln138_fu_1370      |    0    |    12   |
|          |      add_ln134_1_fu_1844     |    0    |    12   |
|          |      add_ln138_1_fu_1855     |    0    |    12   |
|          |      add_ln134_2_fu_1918     |    0    |    12   |
|          |      add_ln138_2_fu_1930     |    0    |    12   |
|    add   |      add_ln134_3_fu_1998     |    0    |    12   |
|          |      add_ln138_3_fu_2010     |    0    |    12   |
|          |      add_ln134_4_fu_2124     |    0    |    12   |
|          |      add_ln138_4_fu_2135     |    0    |    12   |
|          |      add_ln134_5_fu_2170     |    0    |    12   |
|          |      add_ln138_5_fu_2182     |    0    |    12   |
|          |      add_ln134_6_fu_2218     |    0    |    12   |
|          |      add_ln138_6_fu_2230     |    0    |    12   |
|          |      add_ln134_7_fu_2266     |    0    |    12   |
|          |      add_ln138_7_fu_2278     |    0    |    12   |
|          |       add_ln72_fu_2347       |    0    |    39   |
|          |          k_2_fu_2356         |    0    |    21   |
|----------|------------------------------|---------|---------|
|          |         mul_i_fu_572         |    0    |    20   |
|          |         sub_i_fu_596         |    0    |    15   |
|          |         ret_11_fu_780        |    0    |    15   |
|          |         ret_12_fu_790        |    0    |    15   |
|          |         ret_13_fu_800        |    0    |    15   |
|          |         ret_14_fu_810        |    0    |    15   |
|          |         ret_15_fu_820        |    0    |    15   |
|          |         ret_16_fu_830        |    0    |    15   |
|    sub   |         ret_17_fu_840        |    0    |    15   |
|          |         ret_18_fu_850        |    0    |    15   |
|          |         ret_19_fu_860        |    0    |    15   |
|          |         ret_20_fu_870        |    0    |    15   |
|          |         ret_21_fu_880        |    0    |    15   |
|          |          ret_fu_1603         |    0    |    15   |
|          |        ret_22_fu_1612        |    0    |    15   |
|          |        ret_23_fu_1621        |    0    |    15   |
|          |        ret_24_fu_1630        |    0    |    15   |
|          |        ret_25_fu_1639        |    0    |    15   |
|----------|------------------------------|---------|---------|
|          |     select_ln113_2_fu_896    |    0    |    2    |
|          |     select_ln113_3_fu_910    |    0    |    2    |
|          |     select_ln113_4_fu_928    |    0    |    2    |
|          |     select_ln113_5_fu_942    |    0    |    2    |
|          |     select_ln113_6_fu_960    |    0    |    2    |
|          |     select_ln113_7_fu_974    |    0    |    2    |
|          |     select_ln113_8_fu_992    |    0    |    2    |
|          |    select_ln113_9_fu_1006    |    0    |    2    |
|          |    select_ln113_10_fu_1024   |    0    |    2    |
|          |    select_ln113_11_fu_1038   |    0    |    2    |
|          |    select_ln113_12_fu_1056   |    0    |    2    |
|          |    select_ln113_13_fu_1070   |    0    |    2    |
|          |    select_ln113_14_fu_1088   |    0    |    2    |
|          |    select_ln113_15_fu_1102   |    0    |    2    |
|          |    select_ln113_16_fu_1120   |    0    |    2    |
|          |    select_ln113_17_fu_1134   |    0    |    2    |
|          |    select_ln113_18_fu_1152   |    0    |    2    |
|          |    select_ln113_19_fu_1166   |    0    |    2    |
|          |    select_ln113_20_fu_1184   |    0    |    2    |
|          |    select_ln113_21_fu_1198   |    0    |    2    |
|          |     select_ln138_fu_1278     |    0    |    4    |
|          |    select_ln138_1_fu_1286    |    0    |    4    |
|          |    select_ln138_2_fu_1294    |    0    |    4    |
|          |    select_ln138_3_fu_1302    |    0    |    4    |
|          |    select_ln138_4_fu_1310    |    0    |    4    |
|          |     select_ln133_fu_1318     |    0    |    4    |
|  select  |    select_ln133_1_fu_1338    |    0    |    4    |
|          |    select_ln133_2_fu_1376    |    0    |    4    |
|          |    select_ln133_3_fu_1408    |    0    |    4    |
|          |     select_ln113_fu_1654     |    0    |    2    |
|          |    select_ln113_1_fu_1668    |    0    |    2    |
|          |    select_ln113_22_fu_1684   |    0    |    2    |
|          |    select_ln113_23_fu_1698   |    0    |    2    |
|          |    select_ln113_24_fu_1716   |    0    |    2    |
|          |    select_ln113_25_fu_1730   |    0    |    2    |
|          |    select_ln113_26_fu_1748   |    0    |    2    |
|          |    select_ln113_27_fu_1762   |    0    |    2    |
|          |    select_ln113_28_fu_1780   |    0    |    2    |
|          |    select_ln113_29_fu_1794   |    0    |    2    |
|          |    select_ln113_30_fu_1812   |    0    |    2    |
|          |    select_ln113_31_fu_1826   |    0    |    2    |
|          |    select_ln133_4_fu_1860    |    0    |    4    |
|          |    select_ln133_5_fu_1892    |    0    |    4    |
|          |    select_ln133_6_fu_1936    |    0    |    4    |
|          |    select_ln133_7_fu_1968    |    0    |    4    |
|          |    select_ln133_8_fu_2016    |    0    |    5    |
|          |    select_ln133_9_fu_2048    |    0    |    5    |
|          |    select_ln133_10_fu_2140   |    0    |    5    |
|          |    select_ln133_11_fu_2158   |    0    |    5    |
|          |    select_ln133_12_fu_2188   |    0    |    5    |
|          |    select_ln133_13_fu_2206   |    0    |    5    |
|          |    select_ln133_14_fu_2236   |    0    |    5    |
|          |    select_ln133_15_fu_2254   |    0    |    5    |
|----------|------------------------------|---------|---------|
|          |        and_ln85_fu_665       |    0    |    2    |
|          |       and_ln133_fu_1212      |    0    |    2    |
|          |      and_ln133_1_fu_1224     |    0    |    2    |
|          |      and_ln133_2_fu_1236     |    0    |    2    |
|          |      and_ln133_3_fu_1248     |    0    |    2    |
|          |      and_ln133_4_fu_1260     |    0    |    2    |
|          |      and_ln133_5_fu_1272     |    0    |    2    |
|          |      and_ln133_6_fu_1332     |    0    |    2    |
|          |      and_ln133_7_fu_1352     |    0    |    2    |
|          |     and_ln133_16_fu_1384     |    0    |    2    |
|          |      and_ln133_8_fu_1396     |    0    |    2    |
|          |     and_ln133_17_fu_1416     |    0    |    2    |
|          |      and_ln133_9_fu_1839     |    0    |    2    |
|          |     and_ln133_18_fu_1868     |    0    |    2    |
|          |     and_ln133_10_fu_1880     |    0    |    2    |
|          |     and_ln133_19_fu_1900     |    0    |    2    |
|    and   |     and_ln133_11_fu_1912     |    0    |    2    |
|          |     and_ln133_20_fu_1944     |    0    |    2    |
|          |     and_ln133_12_fu_1956     |    0    |    2    |
|          |     and_ln133_21_fu_1976     |    0    |    2    |
|          |     and_ln133_13_fu_1992     |    0    |    2    |
|          |     and_ln133_22_fu_2024     |    0    |    2    |
|          |     and_ln133_14_fu_2036     |    0    |    2    |
|          |     and_ln133_23_fu_2056     |    0    |    2    |
|          |     and_ln133_15_fu_2067     |    0    |    2    |
|          |     and_ln133_24_fu_2147     |    0    |    2    |
|          |     and_ln133_25_fu_2165     |    0    |    2    |
|          |     and_ln133_26_fu_2195     |    0    |    2    |
|          |     and_ln133_27_fu_2213     |    0    |    2    |
|          |     and_ln133_28_fu_2243     |    0    |    2    |
|          |     and_ln133_29_fu_2261     |    0    |    2    |
|          |     and_ln133_30_fu_2290     |    0    |    2    |
|          |     and_ln133_31_fu_2325     |    0    |    2    |
|----------|------------------------------|---------|---------|
|          |       or_ln113_1_fu_904      |    0    |    2    |
|          |       or_ln113_2_fu_936      |    0    |    2    |
|          |       or_ln113_3_fu_968      |    0    |    2    |
|          |      or_ln113_4_fu_1000      |    0    |    2    |
|          |      or_ln113_5_fu_1032      |    0    |    2    |
|          |      or_ln113_6_fu_1064      |    0    |    2    |
|          |      or_ln113_7_fu_1096      |    0    |    2    |
|          |      or_ln113_8_fu_1128      |    0    |    2    |
|          |      or_ln113_9_fu_1160      |    0    |    2    |
|          |      or_ln113_10_fu_1192     |    0    |    2    |
|          |       or_ln133_fu_1422       |    0    |    2    |
|          |       or_ln113_fu_1662       |    0    |    2    |
|          |      or_ln113_11_fu_1692     |    0    |    2    |
|          |      or_ln113_12_fu_1724     |    0    |    2    |
|          |      or_ln113_13_fu_1756     |    0    |    2    |
|    or    |      or_ln113_14_fu_1788     |    0    |    2    |
|          |      or_ln113_15_fu_1820     |    0    |    2    |
|          |      or_ln133_1_fu_2073      |    0    |    2    |
|          |      or_ln133_2_fu_2079      |    0    |    2    |
|          |      or_ln133_3_fu_2084      |    0    |    2    |
|          |      or_ln133_4_fu_2090      |    0    |    2    |
|          |      or_ln133_5_fu_2096      |    0    |    2    |
|          |      or_ln133_6_fu_2102      |    0    |    2    |
|          |      or_ln133_7_fu_2295      |    0    |    2    |
|          |      or_ln133_8_fu_2301      |    0    |    2    |
|          |      or_ln133_9_fu_2307      |    0    |    2    |
|          |      or_ln133_10_fu_2313     |    0    |    2    |
|          |      or_ln133_11_fu_2319     |    0    |    2    |
|          |      or_ln133_12_fu_2330     |    0    |    2    |
|          |      or_ln133_13_fu_2336     |    0    |    2    |
|          |      or_ln133_14_fu_2342     |    0    |    2    |
|----------|------------------------------|---------|---------|
|          |    height_read_read_fu_302   |    0    |    0    |
|          |    width_read_read_fu_308    |    0    |    0    |
|   read   | p_threshold_read_read_fu_314 |    0    |    0    |
|          |        tmp_read_fu_336       |    0    |    0    |
|          |      tmp_26_read_fu_342      |    0    |    0    |
|----------|------------------------------|---------|---------|
|          |   write_ln509_write_fu_320   |    0    |    0    |
|          |   write_ln509_write_fu_328   |    0    |    0    |
|   write  |   write_ln174_write_fu_348   |    0    |    0    |
|          |   write_ln174_write_fu_356   |    0    |    0    |
|          |       grp_write_fu_364       |    0    |    0    |
|----------|------------------------------|---------|---------|
|          |     width_cast4_i_fu_552     |    0    |    0    |
|          |     width_cast1_i_fu_556     |    0    |    0    |
|          |      p_shl_cast_i_fu_568     |    0    |    0    |
|          |   p_threshold_cast_i_fu_592  |    0    |    0    |
|          |       j_cast5_i_fu_644       |    0    |    0    |
|          |      zext_ln1347_fu_772      |    0    |    0    |
|          |     zext_ln1347_2_fu_776     |    0    |    0    |
|          |     zext_ln1347_3_fu_786     |    0    |    0    |
|          |     zext_ln1347_4_fu_796     |    0    |    0    |
|          |     zext_ln1347_5_fu_806     |    0    |    0    |
|          |     zext_ln1347_6_fu_816     |    0    |    0    |
|   zext   |     zext_ln1347_7_fu_826     |    0    |    0    |
|          |     zext_ln1347_8_fu_836     |    0    |    0    |
|          |     zext_ln1347_9_fu_846     |    0    |    0    |
|          |     zext_ln1347_10_fu_856    |    0    |    0    |
|          |     zext_ln1347_11_fu_866    |    0    |    0    |
|          |     zext_ln1347_12_fu_876    |    0    |    0    |
|          |     zext_ln1347_1_fu_1600    |    0    |    0    |
|          |    zext_ln1347_13_fu_1608    |    0    |    0    |
|          |    zext_ln1347_14_fu_1617    |    0    |    0    |
|          |    zext_ln1347_15_fu_1626    |    0    |    0    |
|          |    zext_ln1347_16_fu_1635    |    0    |    0    |
|          |      zext_ln133_fu_1982      |    0    |    0    |
|          |        k_cast_fu_2362        |    0    |    0    |
|----------|------------------------------|---------|---------|
|bitconcatenate|        p_shl_i_fu_560        |    0    |    0    |
|----------|------------------------------|---------|---------|
|   sext   |       mul_cast_i_fu_578      |    0    |    0    |
|          |       add_cast_i_fu_588      |    0    |    0    |
|----------|------------------------------|---------|---------|
|   Total  |                              |   394   |   3905  |
|----------|------------------------------|---------|---------|

Memories:
+-------------------+--------+--------+--------+
|                   |  BRAM  |   FF   |   LUT  |
+-------------------+--------+--------+--------+
|line_buffer_val_V_1|    1   |    0   |    0   |
|line_buffer_val_V_2|    1   |    0   |    0   |
|line_buffer_val_V_3|    1   |    0   |    0   |
|line_buffer_val_V_4|    1   |    0   |    0   |
|line_buffer_val_V_5|    1   |    0   |    0   |
|line_buffer_val_V_6|    1   |    0   |    0   |
+-------------------+--------+--------+--------+
|       Total       |    6   |    0   |    0   |
+-------------------+--------+--------+--------+

* Register list:
+---------------------------------+--------+
|                                 |   FF   |
+---------------------------------+--------+
|       add_cast_i_reg_2619       |   32   |
|          add_i_reg_2614         |   15   |
|       add_ln72_1_reg_2687       |   11   |
|      and_ln133_15_reg_2929      |    1   |
|       and_ln133_1_reg_2853      |    1   |
|       and_ln133_2_reg_2859      |    1   |
|       and_ln133_3_reg_2865      |    1   |
|       and_ln133_4_reg_2871      |    1   |
|       and_ln133_5_reg_2877      |    1   |
|       and_ln133_6_reg_2882      |    1   |
|        and_ln133_reg_2847       |    1   |
|        and_ln85_reg_2736        |    1   |
|        cmp1633_i_reg_2664       |    1   |
|         cmp7_i_reg_2682         |    1   |
|          cnt_5_reg_2673         |   32   |
|          cnt_6_reg_496          |   32   |
|          cnt_7_reg_2740         |   32   |
|           cnt_reg_2371          |   32   |
|       height_read_reg_2594      |   11   |
|           i_5_reg_2668          |   11   |
|            i_reg_474            |   11   |
|       icmp_ln152_reg_2954       |    1   |
|        icmp_ln70_reg_2678       |    1   |
|        icmp_ln72_reg_2692       |    1   |
|        icmp_ln83_reg_2732       |    1   |
|            j_reg_485            |   11   |
|           k_2_reg_2949          |   14   |
|            k_reg_520            |   14   |
|line_buffer_val_V_1_addr_reg_2696|   11   |
|line_buffer_val_V_2_addr_reg_2702|   11   |
|line_buffer_val_V_3_addr_reg_2708|   11   |
|line_buffer_val_V_4_addr_reg_2714|   11   |
|line_buffer_val_V_5_addr_reg_2720|   11   |
|line_buffer_val_V_6_addr_reg_2726|   11   |
|           mask_reg_505          |    8   |
|       or_ln113_10_reg_2837      |    1   |
|       or_ln133_14_reg_2940      |    1   |
|       or_ln133_6_reg_2935       |    1   |
|        or_ln133_reg_2893        |    1   |
|   p_threshold_cast_i_reg_2624   |    9   |
|    p_threshold_read_reg_2604    |    8   |
|      ref_tmp166_i_reg_2944      |    8   |
|         ret_11_reg_2775         |    9   |
|         ret_12_reg_2780         |    9   |
|         ret_13_reg_2785         |    9   |
|         ret_14_reg_2790         |    9   |
|         ret_15_reg_2795         |    9   |
|         ret_16_reg_2800         |    9   |
|         ret_17_reg_2805         |    9   |
|         ret_18_reg_2810         |    9   |
|         ret_19_reg_2815         |    9   |
|         ret_20_reg_2820         |    9   |
|         ret_21_reg_2825         |    9   |
|         ret_22_reg_2903         |    9   |
|         ret_23_reg_2908         |    9   |
|         ret_24_reg_2913         |    9   |
|         ret_25_reg_2918         |    9   |
|           ret_reg_2898          |    9   |
|     select_ln113_21_reg_2842    |    2   |
|     select_ln113_3_reg_2832     |    2   |
|     select_ln133_3_reg_2887     |    4   |
|     select_ln133_9_reg_2923     |    5   |
|          sub_i_reg_2644         |    9   |
|      width_cast4_i_reg_2609     |   32   |
|       width_read_reg_2599       |   11   |
|   window_val_V_0_3_1_reg_2384   |    8   |
|   window_val_V_0_3_2_reg_2745   |    8   |
|    window_val_V_0_3_reg_2378    |    8   |
|    window_val_V_0_4_reg_2390    |    8   |
|    window_val_V_0_5_reg_2396    |    8   |
|   window_val_V_1_2_1_reg_2408   |    8   |
|   window_val_V_1_2_2_reg_2751   |    8   |
|    window_val_V_1_2_reg_2402    |    8   |
|    window_val_V_1_3_reg_2414    |    8   |
|    window_val_V_1_4_reg_2420    |    8   |
|    window_val_V_1_5_reg_2426    |    8   |
|   window_val_V_2_1_3_reg_2438   |    8   |
|   window_val_V_2_1_4_reg_2756   |    8   |
|    window_val_V_2_1_reg_2432    |    8   |
|    window_val_V_2_2_reg_2444    |    8   |
|    window_val_V_2_3_reg_2450    |    8   |
|    window_val_V_2_4_reg_2456    |    8   |
|    window_val_V_2_5_reg_2462    |    8   |
|   window_val_V_3_1_1_reg_2474   |    8   |
|   window_val_V_3_1_2_reg_2761   |    8   |
|    window_val_V_3_1_reg_2468    |    8   |
|    window_val_V_3_2_reg_2480    |    8   |
|    window_val_V_3_3_reg_2486    |    8   |
|    window_val_V_3_4_reg_2492    |    8   |
|    window_val_V_3_5_reg_2498    |    8   |
|   window_val_V_4_1_1_reg_2510   |    8   |
|    window_val_V_4_1_reg_2504    |    8   |
|    window_val_V_4_2_reg_2516    |    8   |
|    window_val_V_4_3_reg_2522    |    8   |
|    window_val_V_4_4_reg_2528    |    8   |
|    window_val_V_4_5_reg_2534    |    8   |
|   window_val_V_5_2_1_reg_2546   |    8   |
|    window_val_V_5_2_reg_2540    |    8   |
|    window_val_V_5_3_reg_2552    |    8   |
|    window_val_V_5_4_reg_2558    |    8   |
|    window_val_V_5_5_reg_2564    |    8   |
|   window_val_V_6_3_1_reg_2576   |    8   |
|    window_val_V_6_3_reg_2570    |    8   |
|    window_val_V_6_4_reg_2582    |    8   |
|    window_val_V_6_5_reg_2588    |    8   |
|       zext_ln1347_reg_2766      |    9   |
+---------------------------------+--------+
|              Total              |   914  |
+---------------------------------+--------+

* Multiplexer (MUX) list: 
|-------------------|------|------|------|--------||---------||---------|
|        Comp       |  Pin | Size |  BW  | S x BW ||  Delay  ||   LUT   |
|-------------------|------|------|------|--------||---------||---------|
|  grp_write_fu_364 |  p2  |   2  |   8  |   16   ||    9    |
| grp_access_fu_378 |  p0  |   2  |  11  |   22   ||    9    |
| grp_access_fu_390 |  p0  |   2  |  11  |   22   ||    9    |
| grp_access_fu_402 |  p0  |   2  |  11  |   22   ||    9    |
| grp_access_fu_414 |  p0  |   2  |  11  |   22   ||    9    |
| grp_access_fu_426 |  p0  |   2  |  11  |   22   ||    9    |
| grp_access_fu_438 |  p0  |   2  |  11  |   22   ||    9    |
|-------------------|------|------|------|--------||---------||---------|
|       Total       |      |      |      |   148  ||  2.989  ||    63   |
|-------------------|------|------|------|--------||---------||---------|



* Summary:
+-----------+--------+--------+--------+--------+
|           |  BRAM  |  Delay |   FF   |   LUT  |
+-----------+--------+--------+--------+--------+
|  Function |    -   |    -   |   394  |  3905  |
|   Memory  |    6   |    -   |    0   |    0   |
|Multiplexer|    -   |    2   |    -   |   63   |
|  Register |    -   |    -   |   914  |    -   |
+-----------+--------+--------+--------+--------+
|   Total   |    6   |    2   |  1308  |  3968  |
+-----------+--------+--------+--------+--------+
