

================================================================
== Vitis HLS Report for 'process_blur_8_0_1080_1920_1_s'
================================================================
* Date:           Sun Jan 21 17:42:21 2024

* Version:        2020.2 (Build 3064766 on Wed Nov 18 09:12:45 MST 2020)
* Project:        hls_project
* Solution:       solution1 (Vivado IP Flow Target)
* Product family: zynquplus
* Target device:  xczu7ev-ffvc1156-2-e


================================================================
== Performance Estimates
================================================================
+ Timing: 
    * Summary: 
    +--------+----------+----------+------------+
    |  Clock |  Target  | Estimated| Uncertainty|
    +--------+----------+----------+------------+
    |ap_clk  |  10.00 ns|  6.093 ns|     2.70 ns|
    +--------+----------+----------+------------+

+ Latency: 
    * Summary: 
    +---------+---------+----------+----------+-----+-----+---------+
    |  Latency (cycles) |  Latency (absolute) |  Interval | Pipeline|
    |   min   |   max   |    min   |    max   | min | max |   Type  |
    +---------+---------+----------+----------+-----+-----+---------+
    |        ?|        ?|         ?|         ?|    ?|    ?|     none|
    +---------+---------+----------+----------+-----+-----+---------+

    + Detail: 
        * Instance: 
        N/A

        * Loop: 
        +--------------------+---------+---------+----------+-----------+-----------+------+----------+
        |                    |  Latency (cycles) | Iteration|  Initiation Interval  | Trip |          |
        |      Loop Name     |   min   |   max   |  Latency |  achieved |   target  | Count| Pipelined|
        +--------------------+---------+---------+----------+-----------+-----------+------+----------+
        |- loop_init_line    |        ?|        ?|         8|          8|          1|     ?|       yes|
        |- VITIS_LOOP_174_2  |        ?|        ?|        31|          1|          1|     ?|       yes|
        +--------------------+---------+---------+----------+-----------+-----------+------+----------+

============================================================
+ Verbose Summary: Synthesis Manager
============================================================
InlineROM: 1
ExposeGlobal: 0
============================================================
+ Verbose Summary: CDFG Model
============================================================
IsTopModel: 0
ResetActiveHigh: 1
IsCombinational: 2
IsDatapathOnly: 0
HasWiredReturn: 1
HasMFsm: 0
HasVarLatency: 1
IsPipeline: 0
IsRtlPipelined: 0
IsInstanceOverlapped: 0
IsDontTouch: 0
HasImplIP: 0
IsGatedGlobalClock: 0

+ Individual pipeline summary: 
  * Pipeline-0: initiation interval (II) = 8, depth = 8
  * Pipeline-1: initiation interval (II) = 1, depth = 31


============================================================
+ Verbose Summary: Schedule
============================================================
* Number of FSM states : 45
* Pipeline : 2
  Pipeline-0 : II = 8, D = 8, States = { 2 3 4 5 6 7 8 9 }
  Pipeline-1 : II = 1, D = 31, States = { 14 15 16 17 18 19 20 21 22 23 24 25 26 27 28 29 30 31 32 33 34 35 36 37 38 39 40 41 42 43 44 }
* Dataflow Pipeline: 0

* FSM state transitions: 
1 --> 2 
2 --> 3 
3 --> 4 
4 --> 5 
5 --> 6 
6 --> 7 
7 --> 8 
8 --> 10 9 
9 --> 2 
10 --> 11 
11 --> 12 
12 --> 13 
13 --> 14 
14 --> 15 
15 --> 16 
16 --> 17 
17 --> 18 
18 --> 19 
19 --> 20 
20 --> 21 
21 --> 22 
22 --> 23 
23 --> 24 
24 --> 25 
25 --> 26 
26 --> 27 
27 --> 28 
28 --> 29 
29 --> 30 
30 --> 31 
31 --> 32 
32 --> 33 
33 --> 34 
34 --> 35 
35 --> 36 
36 --> 37 
37 --> 38 
38 --> 39 
39 --> 40 
40 --> 41 
41 --> 42 
42 --> 43 
43 --> 45 44 
44 --> 14 
45 --> 

* FSM state operations: 

State 1 <SV = 0> <Delay = 3.69>
ST_1 : Operation 46 [1/1] (0.00ns)   --->   "%line_buffer_val_V_1 = alloca i64 1" [src/ORB.cpp:132]   --->   Operation 46 'alloca' 'line_buffer_val_V_1' <Predicate = true> <Delay = 0.00> <CoreInst = "RAM_S2P_BRAM">   --->   Core 97 'RAM_S2P_BRAM' <Latency = 1> <II = 1> <Delay = 1.23> <Storage> <Opcode : 'load' 'store'> <Ports = 2> <Width = 8> <Depth = 1920> <RAM>
ST_1 : Operation 47 [1/1] (0.00ns)   --->   "%line_buffer_val_V_2 = alloca i64 1" [src/ORB.cpp:132]   --->   Operation 47 'alloca' 'line_buffer_val_V_2' <Predicate = true> <Delay = 0.00> <CoreInst = "RAM_S2P_BRAM">   --->   Core 97 'RAM_S2P_BRAM' <Latency = 1> <II = 1> <Delay = 1.23> <Storage> <Opcode : 'load' 'store'> <Ports = 2> <Width = 8> <Depth = 1920> <RAM>
ST_1 : Operation 48 [1/1] (0.00ns)   --->   "%line_buffer_val_V_3 = alloca i64 1" [src/ORB.cpp:132]   --->   Operation 48 'alloca' 'line_buffer_val_V_3' <Predicate = true> <Delay = 0.00> <CoreInst = "RAM_S2P_BRAM">   --->   Core 97 'RAM_S2P_BRAM' <Latency = 1> <II = 1> <Delay = 1.23> <Storage> <Opcode : 'load' 'store'> <Ports = 2> <Width = 8> <Depth = 1920> <RAM>
ST_1 : Operation 49 [1/1] (0.00ns)   --->   "%line_buffer_val_V_4 = alloca i64 1" [src/ORB.cpp:132]   --->   Operation 49 'alloca' 'line_buffer_val_V_4' <Predicate = true> <Delay = 0.00> <CoreInst = "RAM_S2P_BRAM">   --->   Core 97 'RAM_S2P_BRAM' <Latency = 1> <II = 1> <Delay = 1.23> <Storage> <Opcode : 'load' 'store'> <Ports = 2> <Width = 8> <Depth = 1920> <RAM>
ST_1 : Operation 50 [1/1] (0.00ns)   --->   "%line_buffer_val_V_5 = alloca i64 1" [src/ORB.cpp:132]   --->   Operation 50 'alloca' 'line_buffer_val_V_5' <Predicate = true> <Delay = 0.00> <CoreInst = "RAM_S2P_BRAM">   --->   Core 97 'RAM_S2P_BRAM' <Latency = 1> <II = 1> <Delay = 1.23> <Storage> <Opcode : 'load' 'store'> <Ports = 2> <Width = 8> <Depth = 1920> <RAM>
ST_1 : Operation 51 [1/1] (0.00ns)   --->   "%line_buffer_val_V_6 = alloca i64 1" [src/ORB.cpp:132]   --->   Operation 51 'alloca' 'line_buffer_val_V_6' <Predicate = true> <Delay = 0.00> <CoreInst = "RAM_S2P_BRAM">   --->   Core 97 'RAM_S2P_BRAM' <Latency = 1> <II = 1> <Delay = 1.23> <Storage> <Opcode : 'load' 'store'> <Ports = 2> <Width = 8> <Depth = 1920> <RAM>
ST_1 : Operation 52 [1/1] (0.00ns)   --->   "%specinterface_ln0 = specinterface void @_ssdm_op_SpecInterface, i8 %img_in, void @empty_1, i32 0, i32 0, void @empty_24, i32 0, i32 0, void @empty_24, void @empty_24, void @empty_24, i32 0, i32 0, i32 0, i32 0, void @empty_24, void @empty_24"   --->   Operation 52 'specinterface' 'specinterface_ln0' <Predicate = true> <Delay = 0.00>
ST_1 : Operation 53 [1/1] (0.00ns)   --->   "%specinterface_ln0 = specinterface void @_ssdm_op_SpecInterface, i8 %img_out, void @empty_1, i32 0, i32 0, void @empty_24, i32 0, i32 0, void @empty_24, void @empty_24, void @empty_24, i32 0, i32 0, i32 0, i32 0, void @empty_24, void @empty_24"   --->   Operation 53 'specinterface' 'specinterface_ln0' <Predicate = true> <Delay = 0.00>
ST_1 : Operation 54 [1/1] (0.00ns)   --->   "%specinterface_ln0 = specinterface void @_ssdm_op_SpecInterface, i8 %blur_out, void @empty_1, i32 0, i32 0, void @empty_24, i32 0, i32 0, void @empty_24, void @empty_24, void @empty_24, i32 0, i32 0, i32 0, i32 0, void @empty_24, void @empty_24"   --->   Operation 54 'specinterface' 'specinterface_ln0' <Predicate = true> <Delay = 0.00>
ST_1 : Operation 55 [1/1] (0.00ns)   --->   "%specinterface_ln0 = specinterface void @_ssdm_op_SpecInterface, i11 %width, void @ap_fifo_str, i32 0, i32 0, void @p_str, i32 0, i32 0, void @p_str, void @p_str, void @p_str, i32 2, i32 2, i32 16, i32 16, void @p_str, void @ScalarProp_str"   --->   Operation 55 'specinterface' 'specinterface_ln0' <Predicate = true> <Delay = 0.00>
ST_1 : Operation 56 [1/1] (0.00ns)   --->   "%specinterface_ln0 = specinterface void @_ssdm_op_SpecInterface, i11 %height, void @ap_fifo_str, i32 0, i32 0, void @p_str, i32 0, i32 0, void @p_str, void @p_str, void @p_str, i32 2, i32 2, i32 16, i32 16, void @p_str, void @ScalarProp_str"   --->   Operation 56 'specinterface' 'specinterface_ln0' <Predicate = true> <Delay = 0.00>
ST_1 : Operation 57 [1/1] (1.86ns)   --->   "%height_read = read i11 @_ssdm_op_Read.ap_fifo.i11P0A, i11 %height" [src/ORB.cpp:129]   --->   Operation 57 'read' 'height_read' <Predicate = true> <Delay = 1.86> <CoreInst = "FIFO_SRL">   --->   Core 81 'FIFO_SRL' <Latency = 0> <II = 1> <Delay = 1.86> <Storage> <Opcode : 'read' 'write' 'nbread' 'nbwrite'> <Ports = 0> <Width = 11> <Depth = 5> <FIFO>
ST_1 : Operation 58 [1/1] (1.86ns)   --->   "%width_read = read i11 @_ssdm_op_Read.ap_fifo.i11P0A, i11 %width" [src/ORB.cpp:130]   --->   Operation 58 'read' 'width_read' <Predicate = true> <Delay = 1.86> <CoreInst = "FIFO_SRL">   --->   Core 81 'FIFO_SRL' <Latency = 0> <II = 1> <Delay = 1.86> <Storage> <Opcode : 'read' 'write' 'nbread' 'nbwrite'> <Ports = 0> <Width = 11> <Depth = 5> <FIFO>
ST_1 : Operation 59 [1/1] (0.00ns)   --->   "%specinterface_ln0 = specinterface void @_ssdm_op_SpecInterface, i11 %height_out, void @ap_fifo_str, i32 0, i32 0, void @p_str, i32 0, i32 0, void @p_str, void @p_str, void @p_str, i32 2, i32 2, i32 16, i32 16, void @p_str, void @ScalarProp_str"   --->   Operation 59 'specinterface' 'specinterface_ln0' <Predicate = true> <Delay = 0.00>
ST_1 : Operation 60 [1/1] (1.83ns)   --->   "%write_ln129 = write void @_ssdm_op_Write.ap_fifo.i11P0A, i11 %height_out, i11 %height_read" [src/ORB.cpp:129]   --->   Operation 60 'write' 'write_ln129' <Predicate = true> <Delay = 1.83> <CoreInst = "FIFO_SRL">   --->   Core 81 'FIFO_SRL' <Latency = 0> <II = 1> <Delay = 1.83> <Storage> <Opcode : 'read' 'write' 'nbread' 'nbwrite'> <Ports = 0> <Width = 11> <Depth = 2> <FIFO>
ST_1 : Operation 61 [1/1] (0.00ns)   --->   "%specinterface_ln0 = specinterface void @_ssdm_op_SpecInterface, i11 %width_out, void @ap_fifo_str, i32 0, i32 0, void @p_str, i32 0, i32 0, void @p_str, void @p_str, void @p_str, i32 2, i32 2, i32 16, i32 16, void @p_str, void @ScalarProp_str"   --->   Operation 61 'specinterface' 'specinterface_ln0' <Predicate = true> <Delay = 0.00>
ST_1 : Operation 62 [1/1] (1.83ns)   --->   "%write_ln130 = write void @_ssdm_op_Write.ap_fifo.i11P0A, i11 %width_out, i11 %width_read" [src/ORB.cpp:130]   --->   Operation 62 'write' 'write_ln130' <Predicate = true> <Delay = 1.83> <CoreInst = "FIFO_SRL">   --->   Core 81 'FIFO_SRL' <Latency = 0> <II = 1> <Delay = 1.83> <Storage> <Opcode : 'read' 'write' 'nbread' 'nbwrite'> <Ports = 0> <Width = 11> <Depth = 2> <FIFO>
ST_1 : Operation 63 [1/1] (0.00ns)   --->   "%width_assign_cast = zext i11 %width_read" [src/ORB.cpp:130]   --->   Operation 63 'zext' 'width_assign_cast' <Predicate = true> <Delay = 0.00>
ST_1 : Operation 64 [1/1] (0.00ns)   --->   "%height_assign_cast = zext i11 %height_read" [src/ORB.cpp:129]   --->   Operation 64 'zext' 'height_assign_cast' <Predicate = true> <Delay = 0.00>
ST_1 : Operation 65 [1/1] (0.00ns)   --->   "%height_cast4_i = zext i11 %height_read" [src/ORB.cpp:129]   --->   Operation 65 'zext' 'height_cast4_i' <Predicate = true> <Delay = 0.00>
ST_1 : Operation 66 [1/1] (0.00ns)   --->   "%width_cast3_i = zext i11 %width_read" [src/ORB.cpp:130]   --->   Operation 66 'zext' 'width_cast3_i' <Predicate = true> <Delay = 0.00>
ST_1 : Operation 67 [1/1] (0.00ns)   --->   "%width_cast2_i = zext i11 %width_read" [src/ORB.cpp:130]   --->   Operation 67 'zext' 'width_cast2_i' <Predicate = true> <Delay = 0.00>
ST_1 : Operation 68 [1/1] (0.00ns)   --->   "%specinterface_ln0 = specinterface void @_ssdm_op_SpecInterface, i8 %blur_out, void @empty_1, i32 0, i32 0, void @empty_24, i32 0, i32 0, void @empty_24, void @empty_24, void @empty_24, i32 0, i32 0, i32 0, i32 0, void @empty_24, void @empty_24"   --->   Operation 68 'specinterface' 'specinterface_ln0' <Predicate = true> <Delay = 0.00>
ST_1 : Operation 69 [1/1] (0.00ns)   --->   "%specinterface_ln0 = specinterface void @_ssdm_op_SpecInterface, i8 %img_out, void @empty_1, i32 0, i32 0, void @empty_24, i32 0, i32 0, void @empty_24, void @empty_24, void @empty_24, i32 0, i32 0, i32 0, i32 0, void @empty_24, void @empty_24"   --->   Operation 69 'specinterface' 'specinterface_ln0' <Predicate = true> <Delay = 0.00>
ST_1 : Operation 70 [1/1] (0.00ns)   --->   "%specinterface_ln0 = specinterface void @_ssdm_op_SpecInterface, i8 %img_in, void @empty_1, i32 0, i32 0, void @empty_24, i32 0, i32 0, void @empty_24, void @empty_24, void @empty_24, i32 0, i32 0, i32 0, i32 0, void @empty_24, void @empty_24"   --->   Operation 70 'specinterface' 'specinterface_ln0' <Predicate = true> <Delay = 0.00>
ST_1 : Operation 71 [1/1] (0.00ns)   --->   "%specmemcore_ln0 = specmemcore void @_ssdm_op_SpecMemCore, i8 %line_buffer_val_V_1, i8 %line_buffer_val_V_2, i8 %line_buffer_val_V_3, i8 %line_buffer_val_V_4, i8 %line_buffer_val_V_5, i8 %line_buffer_val_V_6, i64 666, i64 25, i64 18446744073709551615"   --->   Operation 71 'specmemcore' 'specmemcore_ln0' <Predicate = true> <Delay = 0.00>
ST_1 : Operation 72 [1/1] (0.42ns)   --->   "%br_ln163 = br void" [src/ORB.cpp:163]   --->   Operation 72 'br' 'br_ln163' <Predicate = true> <Delay = 0.42>

State 2 <SV = 1> <Delay = 2.18>
ST_2 : Operation 73 [1/1] (0.00ns)   --->   "%j_0_i = phi i11 0, void %entry, i11 %add_ln163, void %.split28.7.i" [src/ORB.cpp:163]   --->   Operation 73 'phi' 'j_0_i' <Predicate = true> <Delay = 0.00>
ST_2 : Operation 74 [1/1] (0.00ns)   --->   "%specpipeline_ln0 = specpipeline void @_ssdm_op_SpecPipeline, i32 4294967295, i32 0, i32 1, i32 0, void @p_str27"   --->   Operation 74 'specpipeline' 'specpipeline_ln0' <Predicate = true> <Delay = 0.00>
ST_2 : Operation 75 [1/1] (0.94ns)   --->   "%icmp_ln163 = icmp_eq  i11 %j_0_i, i11 %width_read" [src/ORB.cpp:163]   --->   Operation 75 'icmp' 'icmp_ln163' <Predicate = true> <Delay = 0.94> <CoreInst = "Cmp">   --->   Core 9 'Cmp' <Latency = 0> <II = 1> <Delay = 0.99> <FuncUnit> <Opcode : 'icmp'> <InPorts = 2> <OutPorts = 1>
ST_2 : Operation 76 [1/1] (0.00ns)   --->   "%br_ln163 = br i1 %icmp_ln163, void %.split28.0.i, void %._crit_edge450.loopexit.i" [src/ORB.cpp:163]   --->   Operation 76 'br' 'br_ln163' <Predicate = true> <Delay = 0.00>
ST_2 : Operation 77 [1/1] (0.00ns)   --->   "%j_0_i_cast = zext i11 %j_0_i" [src/ORB.cpp:163]   --->   Operation 77 'zext' 'j_0_i_cast' <Predicate = (!icmp_ln163)> <Delay = 0.00>
ST_2 : Operation 78 [1/1] (0.00ns)   --->   "%line_buffer_val_V_1_addr = getelementptr i8 %line_buffer_val_V_1, i64 0, i64 %j_0_i_cast" [src/ORB.cpp:168]   --->   Operation 78 'getelementptr' 'line_buffer_val_V_1_addr' <Predicate = (!icmp_ln163)> <Delay = 0.00>
ST_2 : Operation 79 [1/1] (1.23ns)   --->   "%store_ln168 = store i8 0, i11 %line_buffer_val_V_1_addr" [src/ORB.cpp:168]   --->   Operation 79 'store' 'store_ln168' <Predicate = (!icmp_ln163)> <Delay = 1.23> <CoreInst = "RAM_S2P_BRAM">   --->   Core 97 'RAM_S2P_BRAM' <Latency = 1> <II = 1> <Delay = 1.23> <Storage> <Opcode : 'load' 'store'> <Ports = 2> <Width = 8> <Depth = 1920> <RAM>
ST_2 : Operation 80 [1/1] (0.00ns)   --->   "%line_buffer_val_V_2_addr = getelementptr i8 %line_buffer_val_V_2, i64 0, i64 %j_0_i_cast" [src/ORB.cpp:168]   --->   Operation 80 'getelementptr' 'line_buffer_val_V_2_addr' <Predicate = (!icmp_ln163)> <Delay = 0.00>
ST_2 : Operation 81 [1/1] (1.23ns)   --->   "%store_ln168 = store i8 0, i11 %line_buffer_val_V_2_addr" [src/ORB.cpp:168]   --->   Operation 81 'store' 'store_ln168' <Predicate = (!icmp_ln163)> <Delay = 1.23> <CoreInst = "RAM_S2P_BRAM">   --->   Core 97 'RAM_S2P_BRAM' <Latency = 1> <II = 1> <Delay = 1.23> <Storage> <Opcode : 'load' 'store'> <Ports = 2> <Width = 8> <Depth = 1920> <RAM>
ST_2 : Operation 82 [1/1] (0.00ns)   --->   "%line_buffer_val_V_3_addr = getelementptr i8 %line_buffer_val_V_3, i64 0, i64 %j_0_i_cast" [src/ORB.cpp:168]   --->   Operation 82 'getelementptr' 'line_buffer_val_V_3_addr' <Predicate = (!icmp_ln163)> <Delay = 0.00>
ST_2 : Operation 83 [1/1] (1.23ns)   --->   "%store_ln168 = store i8 0, i11 %line_buffer_val_V_3_addr" [src/ORB.cpp:168]   --->   Operation 83 'store' 'store_ln168' <Predicate = (!icmp_ln163)> <Delay = 1.23> <CoreInst = "RAM_S2P_BRAM">   --->   Core 97 'RAM_S2P_BRAM' <Latency = 1> <II = 1> <Delay = 1.23> <Storage> <Opcode : 'load' 'store'> <Ports = 2> <Width = 8> <Depth = 1920> <RAM>
ST_2 : Operation 84 [1/1] (0.00ns)   --->   "%line_buffer_val_V_4_addr = getelementptr i8 %line_buffer_val_V_4, i64 0, i64 %j_0_i_cast" [src/ORB.cpp:168]   --->   Operation 84 'getelementptr' 'line_buffer_val_V_4_addr' <Predicate = (!icmp_ln163)> <Delay = 0.00>
ST_2 : Operation 85 [1/1] (1.23ns)   --->   "%store_ln168 = store i8 0, i11 %line_buffer_val_V_4_addr" [src/ORB.cpp:168]   --->   Operation 85 'store' 'store_ln168' <Predicate = (!icmp_ln163)> <Delay = 1.23> <CoreInst = "RAM_S2P_BRAM">   --->   Core 97 'RAM_S2P_BRAM' <Latency = 1> <II = 1> <Delay = 1.23> <Storage> <Opcode : 'load' 'store'> <Ports = 2> <Width = 8> <Depth = 1920> <RAM>
ST_2 : Operation 86 [1/1] (0.00ns)   --->   "%line_buffer_val_V_5_addr = getelementptr i8 %line_buffer_val_V_5, i64 0, i64 %j_0_i_cast" [src/ORB.cpp:168]   --->   Operation 86 'getelementptr' 'line_buffer_val_V_5_addr' <Predicate = (!icmp_ln163)> <Delay = 0.00>
ST_2 : Operation 87 [1/1] (1.23ns)   --->   "%store_ln168 = store i8 0, i11 %line_buffer_val_V_5_addr" [src/ORB.cpp:168]   --->   Operation 87 'store' 'store_ln168' <Predicate = (!icmp_ln163)> <Delay = 1.23> <CoreInst = "RAM_S2P_BRAM">   --->   Core 97 'RAM_S2P_BRAM' <Latency = 1> <II = 1> <Delay = 1.23> <Storage> <Opcode : 'load' 'store'> <Ports = 2> <Width = 8> <Depth = 1920> <RAM>
ST_2 : Operation 88 [1/1] (0.00ns)   --->   "%line_buffer_val_V_6_addr = getelementptr i8 %line_buffer_val_V_6, i64 0, i64 %j_0_i_cast" [src/ORB.cpp:168]   --->   Operation 88 'getelementptr' 'line_buffer_val_V_6_addr' <Predicate = (!icmp_ln163)> <Delay = 0.00>
ST_2 : Operation 89 [1/1] (1.23ns)   --->   "%store_ln168 = store i8 0, i11 %line_buffer_val_V_6_addr" [src/ORB.cpp:168]   --->   Operation 89 'store' 'store_ln168' <Predicate = (!icmp_ln163)> <Delay = 1.23> <CoreInst = "RAM_S2P_BRAM">   --->   Core 97 'RAM_S2P_BRAM' <Latency = 1> <II = 1> <Delay = 1.23> <Storage> <Opcode : 'load' 'store'> <Ports = 2> <Width = 8> <Depth = 1920> <RAM>

State 3 <SV = 2> <Delay = 2.18>
ST_3 : Operation 90 [1/1] (0.00ns)   --->   "%specloopname_ln163 = specloopname void @_ssdm_op_SpecLoopName, void @empty_9" [src/ORB.cpp:163]   --->   Operation 90 'specloopname' 'specloopname_ln163' <Predicate = (!icmp_ln163)> <Delay = 0.00>
ST_3 : Operation 91 [1/1] (0.00ns)   --->   "%or_ln163 = or i11 %j_0_i, i11 1" [src/ORB.cpp:163]   --->   Operation 91 'or' 'or_ln163' <Predicate = (!icmp_ln163)> <Delay = 0.00>
ST_3 : Operation 92 [1/1] (0.00ns)   --->   "%zext_ln163 = zext i11 %or_ln163" [src/ORB.cpp:163]   --->   Operation 92 'zext' 'zext_ln163' <Predicate = (!icmp_ln163)> <Delay = 0.00>
ST_3 : Operation 93 [1/1] (0.94ns)   --->   "%icmp_ln163_1 = icmp_eq  i11 %or_ln163, i11 %width_read" [src/ORB.cpp:163]   --->   Operation 93 'icmp' 'icmp_ln163_1' <Predicate = (!icmp_ln163)> <Delay = 0.94> <CoreInst = "Cmp">   --->   Core 9 'Cmp' <Latency = 0> <II = 1> <Delay = 0.99> <FuncUnit> <Opcode : 'icmp'> <InPorts = 2> <OutPorts = 1>
ST_3 : Operation 94 [1/1] (0.00ns)   --->   "%br_ln163 = br i1 %icmp_ln163_1, void %.split28.1.i, void %._crit_edge450.loopexit.i" [src/ORB.cpp:163]   --->   Operation 94 'br' 'br_ln163' <Predicate = (!icmp_ln163)> <Delay = 0.00>
ST_3 : Operation 95 [1/1] (0.00ns)   --->   "%line_buffer_val_V_1_addr_1 = getelementptr i8 %line_buffer_val_V_1, i64 0, i64 %zext_ln163" [src/ORB.cpp:168]   --->   Operation 95 'getelementptr' 'line_buffer_val_V_1_addr_1' <Predicate = (!icmp_ln163 & !icmp_ln163_1)> <Delay = 0.00>
ST_3 : Operation 96 [1/1] (1.23ns)   --->   "%store_ln168 = store i8 0, i11 %line_buffer_val_V_1_addr_1" [src/ORB.cpp:168]   --->   Operation 96 'store' 'store_ln168' <Predicate = (!icmp_ln163 & !icmp_ln163_1)> <Delay = 1.23> <CoreInst = "RAM_S2P_BRAM">   --->   Core 97 'RAM_S2P_BRAM' <Latency = 1> <II = 1> <Delay = 1.23> <Storage> <Opcode : 'load' 'store'> <Ports = 2> <Width = 8> <Depth = 1920> <RAM>
ST_3 : Operation 97 [1/1] (0.00ns)   --->   "%line_buffer_val_V_2_addr_1 = getelementptr i8 %line_buffer_val_V_2, i64 0, i64 %zext_ln163" [src/ORB.cpp:168]   --->   Operation 97 'getelementptr' 'line_buffer_val_V_2_addr_1' <Predicate = (!icmp_ln163 & !icmp_ln163_1)> <Delay = 0.00>
ST_3 : Operation 98 [1/1] (1.23ns)   --->   "%store_ln168 = store i8 0, i11 %line_buffer_val_V_2_addr_1" [src/ORB.cpp:168]   --->   Operation 98 'store' 'store_ln168' <Predicate = (!icmp_ln163 & !icmp_ln163_1)> <Delay = 1.23> <CoreInst = "RAM_S2P_BRAM">   --->   Core 97 'RAM_S2P_BRAM' <Latency = 1> <II = 1> <Delay = 1.23> <Storage> <Opcode : 'load' 'store'> <Ports = 2> <Width = 8> <Depth = 1920> <RAM>
ST_3 : Operation 99 [1/1] (0.00ns)   --->   "%line_buffer_val_V_3_addr_1 = getelementptr i8 %line_buffer_val_V_3, i64 0, i64 %zext_ln163" [src/ORB.cpp:168]   --->   Operation 99 'getelementptr' 'line_buffer_val_V_3_addr_1' <Predicate = (!icmp_ln163 & !icmp_ln163_1)> <Delay = 0.00>
ST_3 : Operation 100 [1/1] (1.23ns)   --->   "%store_ln168 = store i8 0, i11 %line_buffer_val_V_3_addr_1" [src/ORB.cpp:168]   --->   Operation 100 'store' 'store_ln168' <Predicate = (!icmp_ln163 & !icmp_ln163_1)> <Delay = 1.23> <CoreInst = "RAM_S2P_BRAM">   --->   Core 97 'RAM_S2P_BRAM' <Latency = 1> <II = 1> <Delay = 1.23> <Storage> <Opcode : 'load' 'store'> <Ports = 2> <Width = 8> <Depth = 1920> <RAM>
ST_3 : Operation 101 [1/1] (0.00ns)   --->   "%line_buffer_val_V_4_addr_1 = getelementptr i8 %line_buffer_val_V_4, i64 0, i64 %zext_ln163" [src/ORB.cpp:168]   --->   Operation 101 'getelementptr' 'line_buffer_val_V_4_addr_1' <Predicate = (!icmp_ln163 & !icmp_ln163_1)> <Delay = 0.00>
ST_3 : Operation 102 [1/1] (1.23ns)   --->   "%store_ln168 = store i8 0, i11 %line_buffer_val_V_4_addr_1" [src/ORB.cpp:168]   --->   Operation 102 'store' 'store_ln168' <Predicate = (!icmp_ln163 & !icmp_ln163_1)> <Delay = 1.23> <CoreInst = "RAM_S2P_BRAM">   --->   Core 97 'RAM_S2P_BRAM' <Latency = 1> <II = 1> <Delay = 1.23> <Storage> <Opcode : 'load' 'store'> <Ports = 2> <Width = 8> <Depth = 1920> <RAM>
ST_3 : Operation 103 [1/1] (0.00ns)   --->   "%line_buffer_val_V_5_addr_1 = getelementptr i8 %line_buffer_val_V_5, i64 0, i64 %zext_ln163" [src/ORB.cpp:168]   --->   Operation 103 'getelementptr' 'line_buffer_val_V_5_addr_1' <Predicate = (!icmp_ln163 & !icmp_ln163_1)> <Delay = 0.00>
ST_3 : Operation 104 [1/1] (1.23ns)   --->   "%store_ln168 = store i8 0, i11 %line_buffer_val_V_5_addr_1" [src/ORB.cpp:168]   --->   Operation 104 'store' 'store_ln168' <Predicate = (!icmp_ln163 & !icmp_ln163_1)> <Delay = 1.23> <CoreInst = "RAM_S2P_BRAM">   --->   Core 97 'RAM_S2P_BRAM' <Latency = 1> <II = 1> <Delay = 1.23> <Storage> <Opcode : 'load' 'store'> <Ports = 2> <Width = 8> <Depth = 1920> <RAM>
ST_3 : Operation 105 [1/1] (0.00ns)   --->   "%line_buffer_val_V_6_addr_1 = getelementptr i8 %line_buffer_val_V_6, i64 0, i64 %zext_ln163" [src/ORB.cpp:168]   --->   Operation 105 'getelementptr' 'line_buffer_val_V_6_addr_1' <Predicate = (!icmp_ln163 & !icmp_ln163_1)> <Delay = 0.00>
ST_3 : Operation 106 [1/1] (1.23ns)   --->   "%store_ln168 = store i8 0, i11 %line_buffer_val_V_6_addr_1" [src/ORB.cpp:168]   --->   Operation 106 'store' 'store_ln168' <Predicate = (!icmp_ln163 & !icmp_ln163_1)> <Delay = 1.23> <CoreInst = "RAM_S2P_BRAM">   --->   Core 97 'RAM_S2P_BRAM' <Latency = 1> <II = 1> <Delay = 1.23> <Storage> <Opcode : 'load' 'store'> <Ports = 2> <Width = 8> <Depth = 1920> <RAM>

State 4 <SV = 3> <Delay = 2.18>
ST_4 : Operation 107 [1/1] (0.00ns)   --->   "%or_ln163_1 = or i11 %j_0_i, i11 2" [src/ORB.cpp:163]   --->   Operation 107 'or' 'or_ln163_1' <Predicate = (!icmp_ln163 & !icmp_ln163_1)> <Delay = 0.00>
ST_4 : Operation 108 [1/1] (0.00ns)   --->   "%zext_ln163_1 = zext i11 %or_ln163_1" [src/ORB.cpp:163]   --->   Operation 108 'zext' 'zext_ln163_1' <Predicate = (!icmp_ln163 & !icmp_ln163_1)> <Delay = 0.00>
ST_4 : Operation 109 [1/1] (0.94ns)   --->   "%icmp_ln163_2 = icmp_eq  i11 %or_ln163_1, i11 %width_read" [src/ORB.cpp:163]   --->   Operation 109 'icmp' 'icmp_ln163_2' <Predicate = (!icmp_ln163 & !icmp_ln163_1)> <Delay = 0.94> <CoreInst = "Cmp">   --->   Core 9 'Cmp' <Latency = 0> <II = 1> <Delay = 0.99> <FuncUnit> <Opcode : 'icmp'> <InPorts = 2> <OutPorts = 1>
ST_4 : Operation 110 [1/1] (0.00ns)   --->   "%br_ln163 = br i1 %icmp_ln163_2, void %.split28.2.i, void %._crit_edge450.loopexit.i" [src/ORB.cpp:163]   --->   Operation 110 'br' 'br_ln163' <Predicate = (!icmp_ln163 & !icmp_ln163_1)> <Delay = 0.00>
ST_4 : Operation 111 [1/1] (0.00ns)   --->   "%line_buffer_val_V_1_addr_2 = getelementptr i8 %line_buffer_val_V_1, i64 0, i64 %zext_ln163_1" [src/ORB.cpp:168]   --->   Operation 111 'getelementptr' 'line_buffer_val_V_1_addr_2' <Predicate = (!icmp_ln163 & !icmp_ln163_1 & !icmp_ln163_2)> <Delay = 0.00>
ST_4 : Operation 112 [1/1] (1.23ns)   --->   "%store_ln168 = store i8 0, i11 %line_buffer_val_V_1_addr_2" [src/ORB.cpp:168]   --->   Operation 112 'store' 'store_ln168' <Predicate = (!icmp_ln163 & !icmp_ln163_1 & !icmp_ln163_2)> <Delay = 1.23> <CoreInst = "RAM_S2P_BRAM">   --->   Core 97 'RAM_S2P_BRAM' <Latency = 1> <II = 1> <Delay = 1.23> <Storage> <Opcode : 'load' 'store'> <Ports = 2> <Width = 8> <Depth = 1920> <RAM>
ST_4 : Operation 113 [1/1] (0.00ns)   --->   "%line_buffer_val_V_2_addr_2 = getelementptr i8 %line_buffer_val_V_2, i64 0, i64 %zext_ln163_1" [src/ORB.cpp:168]   --->   Operation 113 'getelementptr' 'line_buffer_val_V_2_addr_2' <Predicate = (!icmp_ln163 & !icmp_ln163_1 & !icmp_ln163_2)> <Delay = 0.00>
ST_4 : Operation 114 [1/1] (1.23ns)   --->   "%store_ln168 = store i8 0, i11 %line_buffer_val_V_2_addr_2" [src/ORB.cpp:168]   --->   Operation 114 'store' 'store_ln168' <Predicate = (!icmp_ln163 & !icmp_ln163_1 & !icmp_ln163_2)> <Delay = 1.23> <CoreInst = "RAM_S2P_BRAM">   --->   Core 97 'RAM_S2P_BRAM' <Latency = 1> <II = 1> <Delay = 1.23> <Storage> <Opcode : 'load' 'store'> <Ports = 2> <Width = 8> <Depth = 1920> <RAM>
ST_4 : Operation 115 [1/1] (0.00ns)   --->   "%line_buffer_val_V_3_addr_2 = getelementptr i8 %line_buffer_val_V_3, i64 0, i64 %zext_ln163_1" [src/ORB.cpp:168]   --->   Operation 115 'getelementptr' 'line_buffer_val_V_3_addr_2' <Predicate = (!icmp_ln163 & !icmp_ln163_1 & !icmp_ln163_2)> <Delay = 0.00>
ST_4 : Operation 116 [1/1] (1.23ns)   --->   "%store_ln168 = store i8 0, i11 %line_buffer_val_V_3_addr_2" [src/ORB.cpp:168]   --->   Operation 116 'store' 'store_ln168' <Predicate = (!icmp_ln163 & !icmp_ln163_1 & !icmp_ln163_2)> <Delay = 1.23> <CoreInst = "RAM_S2P_BRAM">   --->   Core 97 'RAM_S2P_BRAM' <Latency = 1> <II = 1> <Delay = 1.23> <Storage> <Opcode : 'load' 'store'> <Ports = 2> <Width = 8> <Depth = 1920> <RAM>
ST_4 : Operation 117 [1/1] (0.00ns)   --->   "%line_buffer_val_V_4_addr_2 = getelementptr i8 %line_buffer_val_V_4, i64 0, i64 %zext_ln163_1" [src/ORB.cpp:168]   --->   Operation 117 'getelementptr' 'line_buffer_val_V_4_addr_2' <Predicate = (!icmp_ln163 & !icmp_ln163_1 & !icmp_ln163_2)> <Delay = 0.00>
ST_4 : Operation 118 [1/1] (1.23ns)   --->   "%store_ln168 = store i8 0, i11 %line_buffer_val_V_4_addr_2" [src/ORB.cpp:168]   --->   Operation 118 'store' 'store_ln168' <Predicate = (!icmp_ln163 & !icmp_ln163_1 & !icmp_ln163_2)> <Delay = 1.23> <CoreInst = "RAM_S2P_BRAM">   --->   Core 97 'RAM_S2P_BRAM' <Latency = 1> <II = 1> <Delay = 1.23> <Storage> <Opcode : 'load' 'store'> <Ports = 2> <Width = 8> <Depth = 1920> <RAM>
ST_4 : Operation 119 [1/1] (0.00ns)   --->   "%line_buffer_val_V_5_addr_2 = getelementptr i8 %line_buffer_val_V_5, i64 0, i64 %zext_ln163_1" [src/ORB.cpp:168]   --->   Operation 119 'getelementptr' 'line_buffer_val_V_5_addr_2' <Predicate = (!icmp_ln163 & !icmp_ln163_1 & !icmp_ln163_2)> <Delay = 0.00>
ST_4 : Operation 120 [1/1] (1.23ns)   --->   "%store_ln168 = store i8 0, i11 %line_buffer_val_V_5_addr_2" [src/ORB.cpp:168]   --->   Operation 120 'store' 'store_ln168' <Predicate = (!icmp_ln163 & !icmp_ln163_1 & !icmp_ln163_2)> <Delay = 1.23> <CoreInst = "RAM_S2P_BRAM">   --->   Core 97 'RAM_S2P_BRAM' <Latency = 1> <II = 1> <Delay = 1.23> <Storage> <Opcode : 'load' 'store'> <Ports = 2> <Width = 8> <Depth = 1920> <RAM>
ST_4 : Operation 121 [1/1] (0.00ns)   --->   "%line_buffer_val_V_6_addr_2 = getelementptr i8 %line_buffer_val_V_6, i64 0, i64 %zext_ln163_1" [src/ORB.cpp:168]   --->   Operation 121 'getelementptr' 'line_buffer_val_V_6_addr_2' <Predicate = (!icmp_ln163 & !icmp_ln163_1 & !icmp_ln163_2)> <Delay = 0.00>
ST_4 : Operation 122 [1/1] (1.23ns)   --->   "%store_ln168 = store i8 0, i11 %line_buffer_val_V_6_addr_2" [src/ORB.cpp:168]   --->   Operation 122 'store' 'store_ln168' <Predicate = (!icmp_ln163 & !icmp_ln163_1 & !icmp_ln163_2)> <Delay = 1.23> <CoreInst = "RAM_S2P_BRAM">   --->   Core 97 'RAM_S2P_BRAM' <Latency = 1> <II = 1> <Delay = 1.23> <Storage> <Opcode : 'load' 'store'> <Ports = 2> <Width = 8> <Depth = 1920> <RAM>

State 5 <SV = 4> <Delay = 2.18>
ST_5 : Operation 123 [1/1] (0.00ns)   --->   "%or_ln163_2 = or i11 %j_0_i, i11 3" [src/ORB.cpp:163]   --->   Operation 123 'or' 'or_ln163_2' <Predicate = (!icmp_ln163 & !icmp_ln163_1 & !icmp_ln163_2)> <Delay = 0.00>
ST_5 : Operation 124 [1/1] (0.00ns)   --->   "%zext_ln163_2 = zext i11 %or_ln163_2" [src/ORB.cpp:163]   --->   Operation 124 'zext' 'zext_ln163_2' <Predicate = (!icmp_ln163 & !icmp_ln163_1 & !icmp_ln163_2)> <Delay = 0.00>
ST_5 : Operation 125 [1/1] (0.94ns)   --->   "%icmp_ln163_3 = icmp_eq  i11 %or_ln163_2, i11 %width_read" [src/ORB.cpp:163]   --->   Operation 125 'icmp' 'icmp_ln163_3' <Predicate = (!icmp_ln163 & !icmp_ln163_1 & !icmp_ln163_2)> <Delay = 0.94> <CoreInst = "Cmp">   --->   Core 9 'Cmp' <Latency = 0> <II = 1> <Delay = 0.99> <FuncUnit> <Opcode : 'icmp'> <InPorts = 2> <OutPorts = 1>
ST_5 : Operation 126 [1/1] (0.00ns)   --->   "%br_ln163 = br i1 %icmp_ln163_3, void %.split28.3.i, void %._crit_edge450.loopexit.i" [src/ORB.cpp:163]   --->   Operation 126 'br' 'br_ln163' <Predicate = (!icmp_ln163 & !icmp_ln163_1 & !icmp_ln163_2)> <Delay = 0.00>
ST_5 : Operation 127 [1/1] (0.00ns)   --->   "%line_buffer_val_V_1_addr_3 = getelementptr i8 %line_buffer_val_V_1, i64 0, i64 %zext_ln163_2" [src/ORB.cpp:168]   --->   Operation 127 'getelementptr' 'line_buffer_val_V_1_addr_3' <Predicate = (!icmp_ln163 & !icmp_ln163_1 & !icmp_ln163_2 & !icmp_ln163_3)> <Delay = 0.00>
ST_5 : Operation 128 [1/1] (1.23ns)   --->   "%store_ln168 = store i8 0, i11 %line_buffer_val_V_1_addr_3" [src/ORB.cpp:168]   --->   Operation 128 'store' 'store_ln168' <Predicate = (!icmp_ln163 & !icmp_ln163_1 & !icmp_ln163_2 & !icmp_ln163_3)> <Delay = 1.23> <CoreInst = "RAM_S2P_BRAM">   --->   Core 97 'RAM_S2P_BRAM' <Latency = 1> <II = 1> <Delay = 1.23> <Storage> <Opcode : 'load' 'store'> <Ports = 2> <Width = 8> <Depth = 1920> <RAM>
ST_5 : Operation 129 [1/1] (0.00ns)   --->   "%line_buffer_val_V_2_addr_3 = getelementptr i8 %line_buffer_val_V_2, i64 0, i64 %zext_ln163_2" [src/ORB.cpp:168]   --->   Operation 129 'getelementptr' 'line_buffer_val_V_2_addr_3' <Predicate = (!icmp_ln163 & !icmp_ln163_1 & !icmp_ln163_2 & !icmp_ln163_3)> <Delay = 0.00>
ST_5 : Operation 130 [1/1] (1.23ns)   --->   "%store_ln168 = store i8 0, i11 %line_buffer_val_V_2_addr_3" [src/ORB.cpp:168]   --->   Operation 130 'store' 'store_ln168' <Predicate = (!icmp_ln163 & !icmp_ln163_1 & !icmp_ln163_2 & !icmp_ln163_3)> <Delay = 1.23> <CoreInst = "RAM_S2P_BRAM">   --->   Core 97 'RAM_S2P_BRAM' <Latency = 1> <II = 1> <Delay = 1.23> <Storage> <Opcode : 'load' 'store'> <Ports = 2> <Width = 8> <Depth = 1920> <RAM>
ST_5 : Operation 131 [1/1] (0.00ns)   --->   "%line_buffer_val_V_3_addr_3 = getelementptr i8 %line_buffer_val_V_3, i64 0, i64 %zext_ln163_2" [src/ORB.cpp:168]   --->   Operation 131 'getelementptr' 'line_buffer_val_V_3_addr_3' <Predicate = (!icmp_ln163 & !icmp_ln163_1 & !icmp_ln163_2 & !icmp_ln163_3)> <Delay = 0.00>
ST_5 : Operation 132 [1/1] (1.23ns)   --->   "%store_ln168 = store i8 0, i11 %line_buffer_val_V_3_addr_3" [src/ORB.cpp:168]   --->   Operation 132 'store' 'store_ln168' <Predicate = (!icmp_ln163 & !icmp_ln163_1 & !icmp_ln163_2 & !icmp_ln163_3)> <Delay = 1.23> <CoreInst = "RAM_S2P_BRAM">   --->   Core 97 'RAM_S2P_BRAM' <Latency = 1> <II = 1> <Delay = 1.23> <Storage> <Opcode : 'load' 'store'> <Ports = 2> <Width = 8> <Depth = 1920> <RAM>
ST_5 : Operation 133 [1/1] (0.00ns)   --->   "%line_buffer_val_V_4_addr_3 = getelementptr i8 %line_buffer_val_V_4, i64 0, i64 %zext_ln163_2" [src/ORB.cpp:168]   --->   Operation 133 'getelementptr' 'line_buffer_val_V_4_addr_3' <Predicate = (!icmp_ln163 & !icmp_ln163_1 & !icmp_ln163_2 & !icmp_ln163_3)> <Delay = 0.00>
ST_5 : Operation 134 [1/1] (1.23ns)   --->   "%store_ln168 = store i8 0, i11 %line_buffer_val_V_4_addr_3" [src/ORB.cpp:168]   --->   Operation 134 'store' 'store_ln168' <Predicate = (!icmp_ln163 & !icmp_ln163_1 & !icmp_ln163_2 & !icmp_ln163_3)> <Delay = 1.23> <CoreInst = "RAM_S2P_BRAM">   --->   Core 97 'RAM_S2P_BRAM' <Latency = 1> <II = 1> <Delay = 1.23> <Storage> <Opcode : 'load' 'store'> <Ports = 2> <Width = 8> <Depth = 1920> <RAM>
ST_5 : Operation 135 [1/1] (0.00ns)   --->   "%line_buffer_val_V_5_addr_3 = getelementptr i8 %line_buffer_val_V_5, i64 0, i64 %zext_ln163_2" [src/ORB.cpp:168]   --->   Operation 135 'getelementptr' 'line_buffer_val_V_5_addr_3' <Predicate = (!icmp_ln163 & !icmp_ln163_1 & !icmp_ln163_2 & !icmp_ln163_3)> <Delay = 0.00>
ST_5 : Operation 136 [1/1] (1.23ns)   --->   "%store_ln168 = store i8 0, i11 %line_buffer_val_V_5_addr_3" [src/ORB.cpp:168]   --->   Operation 136 'store' 'store_ln168' <Predicate = (!icmp_ln163 & !icmp_ln163_1 & !icmp_ln163_2 & !icmp_ln163_3)> <Delay = 1.23> <CoreInst = "RAM_S2P_BRAM">   --->   Core 97 'RAM_S2P_BRAM' <Latency = 1> <II = 1> <Delay = 1.23> <Storage> <Opcode : 'load' 'store'> <Ports = 2> <Width = 8> <Depth = 1920> <RAM>
ST_5 : Operation 137 [1/1] (0.00ns)   --->   "%line_buffer_val_V_6_addr_3 = getelementptr i8 %line_buffer_val_V_6, i64 0, i64 %zext_ln163_2" [src/ORB.cpp:168]   --->   Operation 137 'getelementptr' 'line_buffer_val_V_6_addr_3' <Predicate = (!icmp_ln163 & !icmp_ln163_1 & !icmp_ln163_2 & !icmp_ln163_3)> <Delay = 0.00>
ST_5 : Operation 138 [1/1] (1.23ns)   --->   "%store_ln168 = store i8 0, i11 %line_buffer_val_V_6_addr_3" [src/ORB.cpp:168]   --->   Operation 138 'store' 'store_ln168' <Predicate = (!icmp_ln163 & !icmp_ln163_1 & !icmp_ln163_2 & !icmp_ln163_3)> <Delay = 1.23> <CoreInst = "RAM_S2P_BRAM">   --->   Core 97 'RAM_S2P_BRAM' <Latency = 1> <II = 1> <Delay = 1.23> <Storage> <Opcode : 'load' 'store'> <Ports = 2> <Width = 8> <Depth = 1920> <RAM>

State 6 <SV = 5> <Delay = 2.18>
ST_6 : Operation 139 [1/1] (0.00ns)   --->   "%or_ln163_3 = or i11 %j_0_i, i11 4" [src/ORB.cpp:163]   --->   Operation 139 'or' 'or_ln163_3' <Predicate = (!icmp_ln163 & !icmp_ln163_1 & !icmp_ln163_2 & !icmp_ln163_3)> <Delay = 0.00>
ST_6 : Operation 140 [1/1] (0.00ns)   --->   "%zext_ln163_3 = zext i11 %or_ln163_3" [src/ORB.cpp:163]   --->   Operation 140 'zext' 'zext_ln163_3' <Predicate = (!icmp_ln163 & !icmp_ln163_1 & !icmp_ln163_2 & !icmp_ln163_3)> <Delay = 0.00>
ST_6 : Operation 141 [1/1] (0.94ns)   --->   "%icmp_ln163_4 = icmp_eq  i11 %or_ln163_3, i11 %width_read" [src/ORB.cpp:163]   --->   Operation 141 'icmp' 'icmp_ln163_4' <Predicate = (!icmp_ln163 & !icmp_ln163_1 & !icmp_ln163_2 & !icmp_ln163_3)> <Delay = 0.94> <CoreInst = "Cmp">   --->   Core 9 'Cmp' <Latency = 0> <II = 1> <Delay = 0.99> <FuncUnit> <Opcode : 'icmp'> <InPorts = 2> <OutPorts = 1>
ST_6 : Operation 142 [1/1] (0.00ns)   --->   "%br_ln163 = br i1 %icmp_ln163_4, void %.split28.4.i, void %._crit_edge450.loopexit.i" [src/ORB.cpp:163]   --->   Operation 142 'br' 'br_ln163' <Predicate = (!icmp_ln163 & !icmp_ln163_1 & !icmp_ln163_2 & !icmp_ln163_3)> <Delay = 0.00>
ST_6 : Operation 143 [1/1] (0.00ns)   --->   "%line_buffer_val_V_1_addr_4 = getelementptr i8 %line_buffer_val_V_1, i64 0, i64 %zext_ln163_3" [src/ORB.cpp:168]   --->   Operation 143 'getelementptr' 'line_buffer_val_V_1_addr_4' <Predicate = (!icmp_ln163 & !icmp_ln163_1 & !icmp_ln163_2 & !icmp_ln163_3 & !icmp_ln163_4)> <Delay = 0.00>
ST_6 : Operation 144 [1/1] (1.23ns)   --->   "%store_ln168 = store i8 0, i11 %line_buffer_val_V_1_addr_4" [src/ORB.cpp:168]   --->   Operation 144 'store' 'store_ln168' <Predicate = (!icmp_ln163 & !icmp_ln163_1 & !icmp_ln163_2 & !icmp_ln163_3 & !icmp_ln163_4)> <Delay = 1.23> <CoreInst = "RAM_S2P_BRAM">   --->   Core 97 'RAM_S2P_BRAM' <Latency = 1> <II = 1> <Delay = 1.23> <Storage> <Opcode : 'load' 'store'> <Ports = 2> <Width = 8> <Depth = 1920> <RAM>
ST_6 : Operation 145 [1/1] (0.00ns)   --->   "%line_buffer_val_V_2_addr_4 = getelementptr i8 %line_buffer_val_V_2, i64 0, i64 %zext_ln163_3" [src/ORB.cpp:168]   --->   Operation 145 'getelementptr' 'line_buffer_val_V_2_addr_4' <Predicate = (!icmp_ln163 & !icmp_ln163_1 & !icmp_ln163_2 & !icmp_ln163_3 & !icmp_ln163_4)> <Delay = 0.00>
ST_6 : Operation 146 [1/1] (1.23ns)   --->   "%store_ln168 = store i8 0, i11 %line_buffer_val_V_2_addr_4" [src/ORB.cpp:168]   --->   Operation 146 'store' 'store_ln168' <Predicate = (!icmp_ln163 & !icmp_ln163_1 & !icmp_ln163_2 & !icmp_ln163_3 & !icmp_ln163_4)> <Delay = 1.23> <CoreInst = "RAM_S2P_BRAM">   --->   Core 97 'RAM_S2P_BRAM' <Latency = 1> <II = 1> <Delay = 1.23> <Storage> <Opcode : 'load' 'store'> <Ports = 2> <Width = 8> <Depth = 1920> <RAM>
ST_6 : Operation 147 [1/1] (0.00ns)   --->   "%line_buffer_val_V_3_addr_4 = getelementptr i8 %line_buffer_val_V_3, i64 0, i64 %zext_ln163_3" [src/ORB.cpp:168]   --->   Operation 147 'getelementptr' 'line_buffer_val_V_3_addr_4' <Predicate = (!icmp_ln163 & !icmp_ln163_1 & !icmp_ln163_2 & !icmp_ln163_3 & !icmp_ln163_4)> <Delay = 0.00>
ST_6 : Operation 148 [1/1] (1.23ns)   --->   "%store_ln168 = store i8 0, i11 %line_buffer_val_V_3_addr_4" [src/ORB.cpp:168]   --->   Operation 148 'store' 'store_ln168' <Predicate = (!icmp_ln163 & !icmp_ln163_1 & !icmp_ln163_2 & !icmp_ln163_3 & !icmp_ln163_4)> <Delay = 1.23> <CoreInst = "RAM_S2P_BRAM">   --->   Core 97 'RAM_S2P_BRAM' <Latency = 1> <II = 1> <Delay = 1.23> <Storage> <Opcode : 'load' 'store'> <Ports = 2> <Width = 8> <Depth = 1920> <RAM>
ST_6 : Operation 149 [1/1] (0.00ns)   --->   "%line_buffer_val_V_4_addr_4 = getelementptr i8 %line_buffer_val_V_4, i64 0, i64 %zext_ln163_3" [src/ORB.cpp:168]   --->   Operation 149 'getelementptr' 'line_buffer_val_V_4_addr_4' <Predicate = (!icmp_ln163 & !icmp_ln163_1 & !icmp_ln163_2 & !icmp_ln163_3 & !icmp_ln163_4)> <Delay = 0.00>
ST_6 : Operation 150 [1/1] (1.23ns)   --->   "%store_ln168 = store i8 0, i11 %line_buffer_val_V_4_addr_4" [src/ORB.cpp:168]   --->   Operation 150 'store' 'store_ln168' <Predicate = (!icmp_ln163 & !icmp_ln163_1 & !icmp_ln163_2 & !icmp_ln163_3 & !icmp_ln163_4)> <Delay = 1.23> <CoreInst = "RAM_S2P_BRAM">   --->   Core 97 'RAM_S2P_BRAM' <Latency = 1> <II = 1> <Delay = 1.23> <Storage> <Opcode : 'load' 'store'> <Ports = 2> <Width = 8> <Depth = 1920> <RAM>
ST_6 : Operation 151 [1/1] (0.00ns)   --->   "%line_buffer_val_V_5_addr_4 = getelementptr i8 %line_buffer_val_V_5, i64 0, i64 %zext_ln163_3" [src/ORB.cpp:168]   --->   Operation 151 'getelementptr' 'line_buffer_val_V_5_addr_4' <Predicate = (!icmp_ln163 & !icmp_ln163_1 & !icmp_ln163_2 & !icmp_ln163_3 & !icmp_ln163_4)> <Delay = 0.00>
ST_6 : Operation 152 [1/1] (1.23ns)   --->   "%store_ln168 = store i8 0, i11 %line_buffer_val_V_5_addr_4" [src/ORB.cpp:168]   --->   Operation 152 'store' 'store_ln168' <Predicate = (!icmp_ln163 & !icmp_ln163_1 & !icmp_ln163_2 & !icmp_ln163_3 & !icmp_ln163_4)> <Delay = 1.23> <CoreInst = "RAM_S2P_BRAM">   --->   Core 97 'RAM_S2P_BRAM' <Latency = 1> <II = 1> <Delay = 1.23> <Storage> <Opcode : 'load' 'store'> <Ports = 2> <Width = 8> <Depth = 1920> <RAM>
ST_6 : Operation 153 [1/1] (0.00ns)   --->   "%line_buffer_val_V_6_addr_4 = getelementptr i8 %line_buffer_val_V_6, i64 0, i64 %zext_ln163_3" [src/ORB.cpp:168]   --->   Operation 153 'getelementptr' 'line_buffer_val_V_6_addr_4' <Predicate = (!icmp_ln163 & !icmp_ln163_1 & !icmp_ln163_2 & !icmp_ln163_3 & !icmp_ln163_4)> <Delay = 0.00>
ST_6 : Operation 154 [1/1] (1.23ns)   --->   "%store_ln168 = store i8 0, i11 %line_buffer_val_V_6_addr_4" [src/ORB.cpp:168]   --->   Operation 154 'store' 'store_ln168' <Predicate = (!icmp_ln163 & !icmp_ln163_1 & !icmp_ln163_2 & !icmp_ln163_3 & !icmp_ln163_4)> <Delay = 1.23> <CoreInst = "RAM_S2P_BRAM">   --->   Core 97 'RAM_S2P_BRAM' <Latency = 1> <II = 1> <Delay = 1.23> <Storage> <Opcode : 'load' 'store'> <Ports = 2> <Width = 8> <Depth = 1920> <RAM>

State 7 <SV = 6> <Delay = 2.18>
ST_7 : Operation 155 [1/1] (0.00ns)   --->   "%or_ln163_4 = or i11 %j_0_i, i11 5" [src/ORB.cpp:163]   --->   Operation 155 'or' 'or_ln163_4' <Predicate = (!icmp_ln163 & !icmp_ln163_1 & !icmp_ln163_2 & !icmp_ln163_3 & !icmp_ln163_4)> <Delay = 0.00>
ST_7 : Operation 156 [1/1] (0.00ns)   --->   "%zext_ln163_4 = zext i11 %or_ln163_4" [src/ORB.cpp:163]   --->   Operation 156 'zext' 'zext_ln163_4' <Predicate = (!icmp_ln163 & !icmp_ln163_1 & !icmp_ln163_2 & !icmp_ln163_3 & !icmp_ln163_4)> <Delay = 0.00>
ST_7 : Operation 157 [1/1] (0.94ns)   --->   "%icmp_ln163_5 = icmp_eq  i11 %or_ln163_4, i11 %width_read" [src/ORB.cpp:163]   --->   Operation 157 'icmp' 'icmp_ln163_5' <Predicate = (!icmp_ln163 & !icmp_ln163_1 & !icmp_ln163_2 & !icmp_ln163_3 & !icmp_ln163_4)> <Delay = 0.94> <CoreInst = "Cmp">   --->   Core 9 'Cmp' <Latency = 0> <II = 1> <Delay = 0.99> <FuncUnit> <Opcode : 'icmp'> <InPorts = 2> <OutPorts = 1>
ST_7 : Operation 158 [1/1] (0.00ns)   --->   "%br_ln163 = br i1 %icmp_ln163_5, void %.split28.5.i, void %._crit_edge450.loopexit.i" [src/ORB.cpp:163]   --->   Operation 158 'br' 'br_ln163' <Predicate = (!icmp_ln163 & !icmp_ln163_1 & !icmp_ln163_2 & !icmp_ln163_3 & !icmp_ln163_4)> <Delay = 0.00>
ST_7 : Operation 159 [1/1] (0.00ns)   --->   "%line_buffer_val_V_1_addr_5 = getelementptr i8 %line_buffer_val_V_1, i64 0, i64 %zext_ln163_4" [src/ORB.cpp:168]   --->   Operation 159 'getelementptr' 'line_buffer_val_V_1_addr_5' <Predicate = (!icmp_ln163 & !icmp_ln163_1 & !icmp_ln163_2 & !icmp_ln163_3 & !icmp_ln163_4 & !icmp_ln163_5)> <Delay = 0.00>
ST_7 : Operation 160 [1/1] (1.23ns)   --->   "%store_ln168 = store i8 0, i11 %line_buffer_val_V_1_addr_5" [src/ORB.cpp:168]   --->   Operation 160 'store' 'store_ln168' <Predicate = (!icmp_ln163 & !icmp_ln163_1 & !icmp_ln163_2 & !icmp_ln163_3 & !icmp_ln163_4 & !icmp_ln163_5)> <Delay = 1.23> <CoreInst = "RAM_S2P_BRAM">   --->   Core 97 'RAM_S2P_BRAM' <Latency = 1> <II = 1> <Delay = 1.23> <Storage> <Opcode : 'load' 'store'> <Ports = 2> <Width = 8> <Depth = 1920> <RAM>
ST_7 : Operation 161 [1/1] (0.00ns)   --->   "%line_buffer_val_V_2_addr_5 = getelementptr i8 %line_buffer_val_V_2, i64 0, i64 %zext_ln163_4" [src/ORB.cpp:168]   --->   Operation 161 'getelementptr' 'line_buffer_val_V_2_addr_5' <Predicate = (!icmp_ln163 & !icmp_ln163_1 & !icmp_ln163_2 & !icmp_ln163_3 & !icmp_ln163_4 & !icmp_ln163_5)> <Delay = 0.00>
ST_7 : Operation 162 [1/1] (1.23ns)   --->   "%store_ln168 = store i8 0, i11 %line_buffer_val_V_2_addr_5" [src/ORB.cpp:168]   --->   Operation 162 'store' 'store_ln168' <Predicate = (!icmp_ln163 & !icmp_ln163_1 & !icmp_ln163_2 & !icmp_ln163_3 & !icmp_ln163_4 & !icmp_ln163_5)> <Delay = 1.23> <CoreInst = "RAM_S2P_BRAM">   --->   Core 97 'RAM_S2P_BRAM' <Latency = 1> <II = 1> <Delay = 1.23> <Storage> <Opcode : 'load' 'store'> <Ports = 2> <Width = 8> <Depth = 1920> <RAM>
ST_7 : Operation 163 [1/1] (0.00ns)   --->   "%line_buffer_val_V_3_addr_5 = getelementptr i8 %line_buffer_val_V_3, i64 0, i64 %zext_ln163_4" [src/ORB.cpp:168]   --->   Operation 163 'getelementptr' 'line_buffer_val_V_3_addr_5' <Predicate = (!icmp_ln163 & !icmp_ln163_1 & !icmp_ln163_2 & !icmp_ln163_3 & !icmp_ln163_4 & !icmp_ln163_5)> <Delay = 0.00>
ST_7 : Operation 164 [1/1] (1.23ns)   --->   "%store_ln168 = store i8 0, i11 %line_buffer_val_V_3_addr_5" [src/ORB.cpp:168]   --->   Operation 164 'store' 'store_ln168' <Predicate = (!icmp_ln163 & !icmp_ln163_1 & !icmp_ln163_2 & !icmp_ln163_3 & !icmp_ln163_4 & !icmp_ln163_5)> <Delay = 1.23> <CoreInst = "RAM_S2P_BRAM">   --->   Core 97 'RAM_S2P_BRAM' <Latency = 1> <II = 1> <Delay = 1.23> <Storage> <Opcode : 'load' 'store'> <Ports = 2> <Width = 8> <Depth = 1920> <RAM>
ST_7 : Operation 165 [1/1] (0.00ns)   --->   "%line_buffer_val_V_4_addr_5 = getelementptr i8 %line_buffer_val_V_4, i64 0, i64 %zext_ln163_4" [src/ORB.cpp:168]   --->   Operation 165 'getelementptr' 'line_buffer_val_V_4_addr_5' <Predicate = (!icmp_ln163 & !icmp_ln163_1 & !icmp_ln163_2 & !icmp_ln163_3 & !icmp_ln163_4 & !icmp_ln163_5)> <Delay = 0.00>
ST_7 : Operation 166 [1/1] (1.23ns)   --->   "%store_ln168 = store i8 0, i11 %line_buffer_val_V_4_addr_5" [src/ORB.cpp:168]   --->   Operation 166 'store' 'store_ln168' <Predicate = (!icmp_ln163 & !icmp_ln163_1 & !icmp_ln163_2 & !icmp_ln163_3 & !icmp_ln163_4 & !icmp_ln163_5)> <Delay = 1.23> <CoreInst = "RAM_S2P_BRAM">   --->   Core 97 'RAM_S2P_BRAM' <Latency = 1> <II = 1> <Delay = 1.23> <Storage> <Opcode : 'load' 'store'> <Ports = 2> <Width = 8> <Depth = 1920> <RAM>
ST_7 : Operation 167 [1/1] (0.00ns)   --->   "%line_buffer_val_V_5_addr_5 = getelementptr i8 %line_buffer_val_V_5, i64 0, i64 %zext_ln163_4" [src/ORB.cpp:168]   --->   Operation 167 'getelementptr' 'line_buffer_val_V_5_addr_5' <Predicate = (!icmp_ln163 & !icmp_ln163_1 & !icmp_ln163_2 & !icmp_ln163_3 & !icmp_ln163_4 & !icmp_ln163_5)> <Delay = 0.00>
ST_7 : Operation 168 [1/1] (1.23ns)   --->   "%store_ln168 = store i8 0, i11 %line_buffer_val_V_5_addr_5" [src/ORB.cpp:168]   --->   Operation 168 'store' 'store_ln168' <Predicate = (!icmp_ln163 & !icmp_ln163_1 & !icmp_ln163_2 & !icmp_ln163_3 & !icmp_ln163_4 & !icmp_ln163_5)> <Delay = 1.23> <CoreInst = "RAM_S2P_BRAM">   --->   Core 97 'RAM_S2P_BRAM' <Latency = 1> <II = 1> <Delay = 1.23> <Storage> <Opcode : 'load' 'store'> <Ports = 2> <Width = 8> <Depth = 1920> <RAM>
ST_7 : Operation 169 [1/1] (0.00ns)   --->   "%line_buffer_val_V_6_addr_5 = getelementptr i8 %line_buffer_val_V_6, i64 0, i64 %zext_ln163_4" [src/ORB.cpp:168]   --->   Operation 169 'getelementptr' 'line_buffer_val_V_6_addr_5' <Predicate = (!icmp_ln163 & !icmp_ln163_1 & !icmp_ln163_2 & !icmp_ln163_3 & !icmp_ln163_4 & !icmp_ln163_5)> <Delay = 0.00>
ST_7 : Operation 170 [1/1] (1.23ns)   --->   "%store_ln168 = store i8 0, i11 %line_buffer_val_V_6_addr_5" [src/ORB.cpp:168]   --->   Operation 170 'store' 'store_ln168' <Predicate = (!icmp_ln163 & !icmp_ln163_1 & !icmp_ln163_2 & !icmp_ln163_3 & !icmp_ln163_4 & !icmp_ln163_5)> <Delay = 1.23> <CoreInst = "RAM_S2P_BRAM">   --->   Core 97 'RAM_S2P_BRAM' <Latency = 1> <II = 1> <Delay = 1.23> <Storage> <Opcode : 'load' 'store'> <Ports = 2> <Width = 8> <Depth = 1920> <RAM>

State 8 <SV = 7> <Delay = 2.18>
ST_8 : Operation 171 [1/1] (0.00ns)   --->   "%or_ln163_5 = or i11 %j_0_i, i11 6" [src/ORB.cpp:163]   --->   Operation 171 'or' 'or_ln163_5' <Predicate = (!icmp_ln163 & !icmp_ln163_1 & !icmp_ln163_2 & !icmp_ln163_3 & !icmp_ln163_4 & !icmp_ln163_5)> <Delay = 0.00>
ST_8 : Operation 172 [1/1] (0.00ns)   --->   "%zext_ln163_5 = zext i11 %or_ln163_5" [src/ORB.cpp:163]   --->   Operation 172 'zext' 'zext_ln163_5' <Predicate = (!icmp_ln163 & !icmp_ln163_1 & !icmp_ln163_2 & !icmp_ln163_3 & !icmp_ln163_4 & !icmp_ln163_5)> <Delay = 0.00>
ST_8 : Operation 173 [1/1] (0.94ns)   --->   "%icmp_ln163_6 = icmp_eq  i11 %or_ln163_5, i11 %width_read" [src/ORB.cpp:163]   --->   Operation 173 'icmp' 'icmp_ln163_6' <Predicate = (!icmp_ln163 & !icmp_ln163_1 & !icmp_ln163_2 & !icmp_ln163_3 & !icmp_ln163_4 & !icmp_ln163_5)> <Delay = 0.94> <CoreInst = "Cmp">   --->   Core 9 'Cmp' <Latency = 0> <II = 1> <Delay = 0.99> <FuncUnit> <Opcode : 'icmp'> <InPorts = 2> <OutPorts = 1>
ST_8 : Operation 174 [1/1] (0.00ns)   --->   "%br_ln163 = br i1 %icmp_ln163_6, void %.split28.6.i, void %._crit_edge450.loopexit.i" [src/ORB.cpp:163]   --->   Operation 174 'br' 'br_ln163' <Predicate = (!icmp_ln163 & !icmp_ln163_1 & !icmp_ln163_2 & !icmp_ln163_3 & !icmp_ln163_4 & !icmp_ln163_5)> <Delay = 0.00>
ST_8 : Operation 175 [1/1] (0.00ns)   --->   "%line_buffer_val_V_1_addr_6 = getelementptr i8 %line_buffer_val_V_1, i64 0, i64 %zext_ln163_5" [src/ORB.cpp:168]   --->   Operation 175 'getelementptr' 'line_buffer_val_V_1_addr_6' <Predicate = (!icmp_ln163 & !icmp_ln163_1 & !icmp_ln163_2 & !icmp_ln163_3 & !icmp_ln163_4 & !icmp_ln163_5 & !icmp_ln163_6)> <Delay = 0.00>
ST_8 : Operation 176 [1/1] (1.23ns)   --->   "%store_ln168 = store i8 0, i11 %line_buffer_val_V_1_addr_6" [src/ORB.cpp:168]   --->   Operation 176 'store' 'store_ln168' <Predicate = (!icmp_ln163 & !icmp_ln163_1 & !icmp_ln163_2 & !icmp_ln163_3 & !icmp_ln163_4 & !icmp_ln163_5 & !icmp_ln163_6)> <Delay = 1.23> <CoreInst = "RAM_S2P_BRAM">   --->   Core 97 'RAM_S2P_BRAM' <Latency = 1> <II = 1> <Delay = 1.23> <Storage> <Opcode : 'load' 'store'> <Ports = 2> <Width = 8> <Depth = 1920> <RAM>
ST_8 : Operation 177 [1/1] (0.00ns)   --->   "%line_buffer_val_V_2_addr_6 = getelementptr i8 %line_buffer_val_V_2, i64 0, i64 %zext_ln163_5" [src/ORB.cpp:168]   --->   Operation 177 'getelementptr' 'line_buffer_val_V_2_addr_6' <Predicate = (!icmp_ln163 & !icmp_ln163_1 & !icmp_ln163_2 & !icmp_ln163_3 & !icmp_ln163_4 & !icmp_ln163_5 & !icmp_ln163_6)> <Delay = 0.00>
ST_8 : Operation 178 [1/1] (1.23ns)   --->   "%store_ln168 = store i8 0, i11 %line_buffer_val_V_2_addr_6" [src/ORB.cpp:168]   --->   Operation 178 'store' 'store_ln168' <Predicate = (!icmp_ln163 & !icmp_ln163_1 & !icmp_ln163_2 & !icmp_ln163_3 & !icmp_ln163_4 & !icmp_ln163_5 & !icmp_ln163_6)> <Delay = 1.23> <CoreInst = "RAM_S2P_BRAM">   --->   Core 97 'RAM_S2P_BRAM' <Latency = 1> <II = 1> <Delay = 1.23> <Storage> <Opcode : 'load' 'store'> <Ports = 2> <Width = 8> <Depth = 1920> <RAM>
ST_8 : Operation 179 [1/1] (0.00ns)   --->   "%line_buffer_val_V_3_addr_6 = getelementptr i8 %line_buffer_val_V_3, i64 0, i64 %zext_ln163_5" [src/ORB.cpp:168]   --->   Operation 179 'getelementptr' 'line_buffer_val_V_3_addr_6' <Predicate = (!icmp_ln163 & !icmp_ln163_1 & !icmp_ln163_2 & !icmp_ln163_3 & !icmp_ln163_4 & !icmp_ln163_5 & !icmp_ln163_6)> <Delay = 0.00>
ST_8 : Operation 180 [1/1] (1.23ns)   --->   "%store_ln168 = store i8 0, i11 %line_buffer_val_V_3_addr_6" [src/ORB.cpp:168]   --->   Operation 180 'store' 'store_ln168' <Predicate = (!icmp_ln163 & !icmp_ln163_1 & !icmp_ln163_2 & !icmp_ln163_3 & !icmp_ln163_4 & !icmp_ln163_5 & !icmp_ln163_6)> <Delay = 1.23> <CoreInst = "RAM_S2P_BRAM">   --->   Core 97 'RAM_S2P_BRAM' <Latency = 1> <II = 1> <Delay = 1.23> <Storage> <Opcode : 'load' 'store'> <Ports = 2> <Width = 8> <Depth = 1920> <RAM>
ST_8 : Operation 181 [1/1] (0.00ns)   --->   "%line_buffer_val_V_4_addr_6 = getelementptr i8 %line_buffer_val_V_4, i64 0, i64 %zext_ln163_5" [src/ORB.cpp:168]   --->   Operation 181 'getelementptr' 'line_buffer_val_V_4_addr_6' <Predicate = (!icmp_ln163 & !icmp_ln163_1 & !icmp_ln163_2 & !icmp_ln163_3 & !icmp_ln163_4 & !icmp_ln163_5 & !icmp_ln163_6)> <Delay = 0.00>
ST_8 : Operation 182 [1/1] (1.23ns)   --->   "%store_ln168 = store i8 0, i11 %line_buffer_val_V_4_addr_6" [src/ORB.cpp:168]   --->   Operation 182 'store' 'store_ln168' <Predicate = (!icmp_ln163 & !icmp_ln163_1 & !icmp_ln163_2 & !icmp_ln163_3 & !icmp_ln163_4 & !icmp_ln163_5 & !icmp_ln163_6)> <Delay = 1.23> <CoreInst = "RAM_S2P_BRAM">   --->   Core 97 'RAM_S2P_BRAM' <Latency = 1> <II = 1> <Delay = 1.23> <Storage> <Opcode : 'load' 'store'> <Ports = 2> <Width = 8> <Depth = 1920> <RAM>
ST_8 : Operation 183 [1/1] (0.00ns)   --->   "%line_buffer_val_V_5_addr_6 = getelementptr i8 %line_buffer_val_V_5, i64 0, i64 %zext_ln163_5" [src/ORB.cpp:168]   --->   Operation 183 'getelementptr' 'line_buffer_val_V_5_addr_6' <Predicate = (!icmp_ln163 & !icmp_ln163_1 & !icmp_ln163_2 & !icmp_ln163_3 & !icmp_ln163_4 & !icmp_ln163_5 & !icmp_ln163_6)> <Delay = 0.00>
ST_8 : Operation 184 [1/1] (1.23ns)   --->   "%store_ln168 = store i8 0, i11 %line_buffer_val_V_5_addr_6" [src/ORB.cpp:168]   --->   Operation 184 'store' 'store_ln168' <Predicate = (!icmp_ln163 & !icmp_ln163_1 & !icmp_ln163_2 & !icmp_ln163_3 & !icmp_ln163_4 & !icmp_ln163_5 & !icmp_ln163_6)> <Delay = 1.23> <CoreInst = "RAM_S2P_BRAM">   --->   Core 97 'RAM_S2P_BRAM' <Latency = 1> <II = 1> <Delay = 1.23> <Storage> <Opcode : 'load' 'store'> <Ports = 2> <Width = 8> <Depth = 1920> <RAM>
ST_8 : Operation 185 [1/1] (0.00ns)   --->   "%line_buffer_val_V_6_addr_6 = getelementptr i8 %line_buffer_val_V_6, i64 0, i64 %zext_ln163_5" [src/ORB.cpp:168]   --->   Operation 185 'getelementptr' 'line_buffer_val_V_6_addr_6' <Predicate = (!icmp_ln163 & !icmp_ln163_1 & !icmp_ln163_2 & !icmp_ln163_3 & !icmp_ln163_4 & !icmp_ln163_5 & !icmp_ln163_6)> <Delay = 0.00>
ST_8 : Operation 186 [1/1] (1.23ns)   --->   "%store_ln168 = store i8 0, i11 %line_buffer_val_V_6_addr_6" [src/ORB.cpp:168]   --->   Operation 186 'store' 'store_ln168' <Predicate = (!icmp_ln163 & !icmp_ln163_1 & !icmp_ln163_2 & !icmp_ln163_3 & !icmp_ln163_4 & !icmp_ln163_5 & !icmp_ln163_6)> <Delay = 1.23> <CoreInst = "RAM_S2P_BRAM">   --->   Core 97 'RAM_S2P_BRAM' <Latency = 1> <II = 1> <Delay = 1.23> <Storage> <Opcode : 'load' 'store'> <Ports = 2> <Width = 8> <Depth = 1920> <RAM>
ST_8 : Operation 187 [1/1] (0.00ns)   --->   "%or_ln163_6 = or i11 %j_0_i, i11 7" [src/ORB.cpp:163]   --->   Operation 187 'or' 'or_ln163_6' <Predicate = (!icmp_ln163 & !icmp_ln163_1 & !icmp_ln163_2 & !icmp_ln163_3 & !icmp_ln163_4 & !icmp_ln163_5 & !icmp_ln163_6)> <Delay = 0.00>
ST_8 : Operation 188 [1/1] (0.00ns)   --->   "%zext_ln163_6 = zext i11 %or_ln163_6" [src/ORB.cpp:163]   --->   Operation 188 'zext' 'zext_ln163_6' <Predicate = (!icmp_ln163 & !icmp_ln163_1 & !icmp_ln163_2 & !icmp_ln163_3 & !icmp_ln163_4 & !icmp_ln163_5 & !icmp_ln163_6)> <Delay = 0.00>
ST_8 : Operation 189 [1/1] (0.94ns)   --->   "%icmp_ln163_7 = icmp_eq  i11 %or_ln163_6, i11 %width_read" [src/ORB.cpp:163]   --->   Operation 189 'icmp' 'icmp_ln163_7' <Predicate = (!icmp_ln163 & !icmp_ln163_1 & !icmp_ln163_2 & !icmp_ln163_3 & !icmp_ln163_4 & !icmp_ln163_5 & !icmp_ln163_6)> <Delay = 0.94> <CoreInst = "Cmp">   --->   Core 9 'Cmp' <Latency = 0> <II = 1> <Delay = 0.99> <FuncUnit> <Opcode : 'icmp'> <InPorts = 2> <OutPorts = 1>
ST_8 : Operation 190 [1/1] (0.00ns)   --->   "%br_ln163 = br i1 %icmp_ln163_7, void %.split28.7.i, void %._crit_edge450.loopexit.i" [src/ORB.cpp:163]   --->   Operation 190 'br' 'br_ln163' <Predicate = (!icmp_ln163 & !icmp_ln163_1 & !icmp_ln163_2 & !icmp_ln163_3 & !icmp_ln163_4 & !icmp_ln163_5 & !icmp_ln163_6)> <Delay = 0.00>

State 9 <SV = 8> <Delay = 1.23>
ST_9 : Operation 191 [1/1] (0.00ns)   --->   "%line_buffer_val_V_1_addr_7 = getelementptr i8 %line_buffer_val_V_1, i64 0, i64 %zext_ln163_6" [src/ORB.cpp:168]   --->   Operation 191 'getelementptr' 'line_buffer_val_V_1_addr_7' <Predicate = (!icmp_ln163 & !icmp_ln163_1 & !icmp_ln163_2 & !icmp_ln163_3 & !icmp_ln163_4 & !icmp_ln163_5 & !icmp_ln163_6 & !icmp_ln163_7)> <Delay = 0.00>
ST_9 : Operation 192 [1/1] (1.23ns)   --->   "%store_ln168 = store i8 0, i11 %line_buffer_val_V_1_addr_7" [src/ORB.cpp:168]   --->   Operation 192 'store' 'store_ln168' <Predicate = (!icmp_ln163 & !icmp_ln163_1 & !icmp_ln163_2 & !icmp_ln163_3 & !icmp_ln163_4 & !icmp_ln163_5 & !icmp_ln163_6 & !icmp_ln163_7)> <Delay = 1.23> <CoreInst = "RAM_S2P_BRAM">   --->   Core 97 'RAM_S2P_BRAM' <Latency = 1> <II = 1> <Delay = 1.23> <Storage> <Opcode : 'load' 'store'> <Ports = 2> <Width = 8> <Depth = 1920> <RAM>
ST_9 : Operation 193 [1/1] (0.00ns)   --->   "%line_buffer_val_V_2_addr_7 = getelementptr i8 %line_buffer_val_V_2, i64 0, i64 %zext_ln163_6" [src/ORB.cpp:168]   --->   Operation 193 'getelementptr' 'line_buffer_val_V_2_addr_7' <Predicate = (!icmp_ln163 & !icmp_ln163_1 & !icmp_ln163_2 & !icmp_ln163_3 & !icmp_ln163_4 & !icmp_ln163_5 & !icmp_ln163_6 & !icmp_ln163_7)> <Delay = 0.00>
ST_9 : Operation 194 [1/1] (1.23ns)   --->   "%store_ln168 = store i8 0, i11 %line_buffer_val_V_2_addr_7" [src/ORB.cpp:168]   --->   Operation 194 'store' 'store_ln168' <Predicate = (!icmp_ln163 & !icmp_ln163_1 & !icmp_ln163_2 & !icmp_ln163_3 & !icmp_ln163_4 & !icmp_ln163_5 & !icmp_ln163_6 & !icmp_ln163_7)> <Delay = 1.23> <CoreInst = "RAM_S2P_BRAM">   --->   Core 97 'RAM_S2P_BRAM' <Latency = 1> <II = 1> <Delay = 1.23> <Storage> <Opcode : 'load' 'store'> <Ports = 2> <Width = 8> <Depth = 1920> <RAM>
ST_9 : Operation 195 [1/1] (0.00ns)   --->   "%line_buffer_val_V_3_addr_7 = getelementptr i8 %line_buffer_val_V_3, i64 0, i64 %zext_ln163_6" [src/ORB.cpp:168]   --->   Operation 195 'getelementptr' 'line_buffer_val_V_3_addr_7' <Predicate = (!icmp_ln163 & !icmp_ln163_1 & !icmp_ln163_2 & !icmp_ln163_3 & !icmp_ln163_4 & !icmp_ln163_5 & !icmp_ln163_6 & !icmp_ln163_7)> <Delay = 0.00>
ST_9 : Operation 196 [1/1] (1.23ns)   --->   "%store_ln168 = store i8 0, i11 %line_buffer_val_V_3_addr_7" [src/ORB.cpp:168]   --->   Operation 196 'store' 'store_ln168' <Predicate = (!icmp_ln163 & !icmp_ln163_1 & !icmp_ln163_2 & !icmp_ln163_3 & !icmp_ln163_4 & !icmp_ln163_5 & !icmp_ln163_6 & !icmp_ln163_7)> <Delay = 1.23> <CoreInst = "RAM_S2P_BRAM">   --->   Core 97 'RAM_S2P_BRAM' <Latency = 1> <II = 1> <Delay = 1.23> <Storage> <Opcode : 'load' 'store'> <Ports = 2> <Width = 8> <Depth = 1920> <RAM>
ST_9 : Operation 197 [1/1] (0.00ns)   --->   "%line_buffer_val_V_4_addr_7 = getelementptr i8 %line_buffer_val_V_4, i64 0, i64 %zext_ln163_6" [src/ORB.cpp:168]   --->   Operation 197 'getelementptr' 'line_buffer_val_V_4_addr_7' <Predicate = (!icmp_ln163 & !icmp_ln163_1 & !icmp_ln163_2 & !icmp_ln163_3 & !icmp_ln163_4 & !icmp_ln163_5 & !icmp_ln163_6 & !icmp_ln163_7)> <Delay = 0.00>
ST_9 : Operation 198 [1/1] (1.23ns)   --->   "%store_ln168 = store i8 0, i11 %line_buffer_val_V_4_addr_7" [src/ORB.cpp:168]   --->   Operation 198 'store' 'store_ln168' <Predicate = (!icmp_ln163 & !icmp_ln163_1 & !icmp_ln163_2 & !icmp_ln163_3 & !icmp_ln163_4 & !icmp_ln163_5 & !icmp_ln163_6 & !icmp_ln163_7)> <Delay = 1.23> <CoreInst = "RAM_S2P_BRAM">   --->   Core 97 'RAM_S2P_BRAM' <Latency = 1> <II = 1> <Delay = 1.23> <Storage> <Opcode : 'load' 'store'> <Ports = 2> <Width = 8> <Depth = 1920> <RAM>
ST_9 : Operation 199 [1/1] (0.00ns)   --->   "%line_buffer_val_V_5_addr_7 = getelementptr i8 %line_buffer_val_V_5, i64 0, i64 %zext_ln163_6" [src/ORB.cpp:168]   --->   Operation 199 'getelementptr' 'line_buffer_val_V_5_addr_7' <Predicate = (!icmp_ln163 & !icmp_ln163_1 & !icmp_ln163_2 & !icmp_ln163_3 & !icmp_ln163_4 & !icmp_ln163_5 & !icmp_ln163_6 & !icmp_ln163_7)> <Delay = 0.00>
ST_9 : Operation 200 [1/1] (1.23ns)   --->   "%store_ln168 = store i8 0, i11 %line_buffer_val_V_5_addr_7" [src/ORB.cpp:168]   --->   Operation 200 'store' 'store_ln168' <Predicate = (!icmp_ln163 & !icmp_ln163_1 & !icmp_ln163_2 & !icmp_ln163_3 & !icmp_ln163_4 & !icmp_ln163_5 & !icmp_ln163_6 & !icmp_ln163_7)> <Delay = 1.23> <CoreInst = "RAM_S2P_BRAM">   --->   Core 97 'RAM_S2P_BRAM' <Latency = 1> <II = 1> <Delay = 1.23> <Storage> <Opcode : 'load' 'store'> <Ports = 2> <Width = 8> <Depth = 1920> <RAM>
ST_9 : Operation 201 [1/1] (0.00ns)   --->   "%line_buffer_val_V_6_addr_7 = getelementptr i8 %line_buffer_val_V_6, i64 0, i64 %zext_ln163_6" [src/ORB.cpp:168]   --->   Operation 201 'getelementptr' 'line_buffer_val_V_6_addr_7' <Predicate = (!icmp_ln163 & !icmp_ln163_1 & !icmp_ln163_2 & !icmp_ln163_3 & !icmp_ln163_4 & !icmp_ln163_5 & !icmp_ln163_6 & !icmp_ln163_7)> <Delay = 0.00>
ST_9 : Operation 202 [1/1] (1.23ns)   --->   "%store_ln168 = store i8 0, i11 %line_buffer_val_V_6_addr_7" [src/ORB.cpp:168]   --->   Operation 202 'store' 'store_ln168' <Predicate = (!icmp_ln163 & !icmp_ln163_1 & !icmp_ln163_2 & !icmp_ln163_3 & !icmp_ln163_4 & !icmp_ln163_5 & !icmp_ln163_6 & !icmp_ln163_7)> <Delay = 1.23> <CoreInst = "RAM_S2P_BRAM">   --->   Core 97 'RAM_S2P_BRAM' <Latency = 1> <II = 1> <Delay = 1.23> <Storage> <Opcode : 'load' 'store'> <Ports = 2> <Width = 8> <Depth = 1920> <RAM>
ST_9 : Operation 203 [1/1] (0.79ns)   --->   "%add_ln163 = add i11 %j_0_i, i11 8" [src/ORB.cpp:163]   --->   Operation 203 'add' 'add_ln163' <Predicate = (!icmp_ln163 & !icmp_ln163_1 & !icmp_ln163_2 & !icmp_ln163_3 & !icmp_ln163_4 & !icmp_ln163_5 & !icmp_ln163_6 & !icmp_ln163_7)> <Delay = 0.79> <CoreInst = "Adder">   --->   Core 1 'Adder' <Latency = 0> <II = 1> <Delay = 0.83> <FuncUnit> <Opcode : 'add' 'sub'> <InPorts = 2> <OutPorts = 1>
ST_9 : Operation 204 [1/1] (0.00ns)   --->   "%br_ln0 = br void"   --->   Operation 204 'br' 'br_ln0' <Predicate = (!icmp_ln163 & !icmp_ln163_1 & !icmp_ln163_2 & !icmp_ln163_3 & !icmp_ln163_4 & !icmp_ln163_5 & !icmp_ln163_6 & !icmp_ln163_7)> <Delay = 0.00>

State 10 <SV = 8> <Delay = 3.39>
ST_10 : Operation 205 [1/1] (0.00ns)   --->   "%write_idx = alloca i32 1"   --->   Operation 205 'alloca' 'write_idx' <Predicate = true> <Delay = 0.00>
ST_10 : Operation 206 [1/1] (0.00ns)   --->   "%read_idx = alloca i32 1"   --->   Operation 206 'alloca' 'read_idx' <Predicate = true> <Delay = 0.00>
ST_10 : Operation 207 [1/1] (0.00ns)   --->   "%p_shl_i = bitconcatenate i13 @_ssdm_op_BitConcatenate.i13.i11.i2, i11 %width_read, i2 0" [src/ORB.cpp:130]   --->   Operation 207 'bitconcatenate' 'p_shl_i' <Predicate = true> <Delay = 0.00>
ST_10 : Operation 208 [1/1] (0.00ns)   --->   "%p_shl_cast_i = zext i13 %p_shl_i" [src/ORB.cpp:130]   --->   Operation 208 'zext' 'p_shl_cast_i' <Predicate = true> <Delay = 0.00>
ST_10 : Operation 209 [1/1] (0.82ns)   --->   "%mul36_i = sub i14 %p_shl_cast_i, i14 %width_cast2_i" [src/ORB.cpp:130]   --->   Operation 209 'sub' 'mul36_i' <Predicate = true> <Delay = 0.82> <CoreInst = "Adder">   --->   Core 1 'Adder' <Latency = 0> <II = 1> <Delay = 0.83> <FuncUnit> <Opcode : 'add' 'sub'> <InPorts = 2> <OutPorts = 1>
ST_10 : Operation 210 [4/4] (0.53ns) (root node of the DSP)   --->   "%mul39_i = mul i22 %width_cast3_i, i22 %height_cast4_i" [src/ORB.cpp:130]   --->   Operation 210 'mul' 'mul39_i' <Predicate = true> <Delay = 0.53> <CoreInst = "DSP48">   --->   Core 127 'DSP48' <Latency = 3> <II = 1> <Delay = 0.53> <IPBlock> <Opcode : 'mul' 'add' 'sub' 'select'> <InPorts = 0> <OutPorts = 1> <Sync> <CReg>
ST_10 : Operation 211 [1/1] (0.00ns)   --->   "%height_assign_cast101 = zext i11 %height_read" [src/ORB.cpp:129]   --->   Operation 211 'zext' 'height_assign_cast101' <Predicate = true> <Delay = 0.00>
ST_10 : Operation 212 [1/1] (2.39ns) (grouped into DSP with root node mul_ln174)   --->   "%add_ln174 = add i12 %height_assign_cast101, i12 4" [src/ORB.cpp:174]   --->   Operation 212 'add' 'add_ln174' <Predicate = true> <Delay = 2.39> <CoreInst = "DSP48">   --->   Core 127 'DSP48' <Latency = 3> <II = 1> <Delay = 0.53> <IPBlock> <Opcode : 'mul' 'add' 'sub' 'select'> <InPorts = 0> <OutPorts = 1> <Sync> <CReg>
ST_10 : Operation 213 [1/1] (0.00ns) (grouped into DSP with root node mul_ln174)   --->   "%add_ln174_cast = zext i12 %add_ln174" [src/ORB.cpp:174]   --->   Operation 213 'zext' 'add_ln174_cast' <Predicate = true> <Delay = 0.00>
ST_10 : Operation 214 [4/4] (0.99ns) (root node of the DSP)   --->   "%mul_ln174 = mul i23 %add_ln174_cast, i23 %width_assign_cast" [src/ORB.cpp:174]   --->   Operation 214 'mul' 'mul_ln174' <Predicate = true> <Delay = 0.99> <CoreInst = "DSP48">   --->   Core 127 'DSP48' <Latency = 3> <II = 1> <Delay = 0.53> <IPBlock> <Opcode : 'mul' 'add' 'sub' 'select'> <InPorts = 0> <OutPorts = 1> <Sync> <CReg>
ST_10 : Operation 215 [1/1] (0.42ns)   --->   "%store_ln174 = store i32 0, i32 %read_idx" [src/ORB.cpp:174]   --->   Operation 215 'store' 'store_ln174' <Predicate = true> <Delay = 0.42>
ST_10 : Operation 216 [1/1] (0.42ns)   --->   "%store_ln174 = store i32 0, i32 %write_idx" [src/ORB.cpp:174]   --->   Operation 216 'store' 'store_ln174' <Predicate = true> <Delay = 0.42>

State 11 <SV = 9> <Delay = 0.99>
ST_11 : Operation 217 [3/4] (0.53ns) (root node of the DSP)   --->   "%mul39_i = mul i22 %width_cast3_i, i22 %height_cast4_i" [src/ORB.cpp:130]   --->   Operation 217 'mul' 'mul39_i' <Predicate = true> <Delay = 0.53> <CoreInst = "DSP48">   --->   Core 127 'DSP48' <Latency = 3> <II = 1> <Delay = 0.53> <IPBlock> <Opcode : 'mul' 'add' 'sub' 'select'> <InPorts = 0> <OutPorts = 1> <Sync> <CReg>
ST_11 : Operation 218 [3/4] (0.99ns) (root node of the DSP)   --->   "%mul_ln174 = mul i23 %add_ln174_cast, i23 %width_assign_cast" [src/ORB.cpp:174]   --->   Operation 218 'mul' 'mul_ln174' <Predicate = true> <Delay = 0.99> <CoreInst = "DSP48">   --->   Core 127 'DSP48' <Latency = 3> <II = 1> <Delay = 0.53> <IPBlock> <Opcode : 'mul' 'add' 'sub' 'select'> <InPorts = 0> <OutPorts = 1> <Sync> <CReg>

State 12 <SV = 10> <Delay = 0.99>
ST_12 : Operation 219 [2/4] (0.53ns) (root node of the DSP)   --->   "%mul39_i = mul i22 %width_cast3_i, i22 %height_cast4_i" [src/ORB.cpp:130]   --->   Operation 219 'mul' 'mul39_i' <Predicate = true> <Delay = 0.53> <CoreInst = "DSP48">   --->   Core 127 'DSP48' <Latency = 3> <II = 1> <Delay = 0.53> <IPBlock> <Opcode : 'mul' 'add' 'sub' 'select'> <InPorts = 0> <OutPorts = 1> <Sync> <CReg>
ST_12 : Operation 220 [2/4] (0.99ns) (root node of the DSP)   --->   "%mul_ln174 = mul i23 %add_ln174_cast, i23 %width_assign_cast" [src/ORB.cpp:174]   --->   Operation 220 'mul' 'mul_ln174' <Predicate = true> <Delay = 0.99> <CoreInst = "DSP48">   --->   Core 127 'DSP48' <Latency = 3> <II = 1> <Delay = 0.53> <IPBlock> <Opcode : 'mul' 'add' 'sub' 'select'> <InPorts = 0> <OutPorts = 1> <Sync> <CReg>

State 13 <SV = 11> <Delay = 0.83>
ST_13 : Operation 221 [1/1] (0.00ns)   --->   "%mul36_cast_i = sext i14 %mul36_i" [src/ORB.cpp:130]   --->   Operation 221 'sext' 'mul36_cast_i' <Predicate = true> <Delay = 0.00>
ST_13 : Operation 222 [1/1] (0.83ns)   --->   "%add37_i = add i15 %mul36_cast_i, i15 3" [src/ORB.cpp:130]   --->   Operation 222 'add' 'add37_i' <Predicate = true> <Delay = 0.83> <CoreInst = "Adder">   --->   Core 1 'Adder' <Latency = 0> <II = 1> <Delay = 0.83> <FuncUnit> <Opcode : 'add' 'sub'> <InPorts = 2> <OutPorts = 1>
ST_13 : Operation 223 [1/1] (0.00ns)   --->   "%add37_cast_i = sext i15 %add37_i" [src/ORB.cpp:130]   --->   Operation 223 'sext' 'add37_cast_i' <Predicate = true> <Delay = 0.00>
ST_13 : Operation 224 [1/4] (0.00ns) (root node of the DSP)   --->   "%mul39_i = mul i22 %width_cast3_i, i22 %height_cast4_i" [src/ORB.cpp:130]   --->   Operation 224 'mul' 'mul39_i' <Predicate = true> <Delay = 0.00> <CoreInst = "DSP48">   --->   Core 127 'DSP48' <Latency = 3> <II = 1> <Delay = 0.53> <IPBlock> <Opcode : 'mul' 'add' 'sub' 'select'> <InPorts = 0> <OutPorts = 1> <Sync> <CReg>
ST_13 : Operation 225 [1/1] (0.00ns)   --->   "%zext_ln174 = zext i22 %mul39_i" [src/ORB.cpp:174]   --->   Operation 225 'zext' 'zext_ln174' <Predicate = true> <Delay = 0.00>
ST_13 : Operation 226 [1/4] (0.00ns) (root node of the DSP)   --->   "%mul_ln174 = mul i23 %add_ln174_cast, i23 %width_assign_cast" [src/ORB.cpp:174]   --->   Operation 226 'mul' 'mul_ln174' <Predicate = true> <Delay = 0.00> <CoreInst = "DSP48">   --->   Core 127 'DSP48' <Latency = 3> <II = 1> <Delay = 0.53> <IPBlock> <Opcode : 'mul' 'add' 'sub' 'select'> <InPorts = 0> <OutPorts = 1> <Sync> <CReg>
ST_13 : Operation 227 [1/1] (0.42ns)   --->   "%br_ln174 = br void" [src/ORB.cpp:174]   --->   Operation 227 'br' 'br_ln174' <Predicate = true> <Delay = 0.42>

State 14 <SV = 12> <Delay = 1.50>
ST_14 : Operation 228 [1/1] (0.00ns)   --->   "%cnt = phi i23 0, void %._crit_edge450.loopexit.i, i23 %cnt_8, void %.loopexit._crit_edge.i"   --->   Operation 228 'phi' 'cnt' <Predicate = true> <Delay = 0.00>
ST_14 : Operation 229 [1/1] (0.92ns)   --->   "%cnt_8 = add i23 %cnt, i23 1" [src/ORB.cpp:174]   --->   Operation 229 'add' 'cnt_8' <Predicate = true> <Delay = 0.92> <CoreInst = "Adder">   --->   Core 1 'Adder' <Latency = 0> <II = 1> <Delay = 0.83> <FuncUnit> <Opcode : 'add' 'sub'> <InPorts = 2> <OutPorts = 1>
ST_14 : Operation 230 [1/1] (1.05ns)   --->   "%icmp_ln174 = icmp_eq  i23 %cnt, i23 %mul_ln174" [src/ORB.cpp:174]   --->   Operation 230 'icmp' 'icmp_ln174' <Predicate = true> <Delay = 1.05> <CoreInst = "Cmp">   --->   Core 9 'Cmp' <Latency = 0> <II = 1> <Delay = 0.99> <FuncUnit> <Opcode : 'icmp'> <InPorts = 2> <OutPorts = 1>
ST_14 : Operation 231 [1/1] (0.00ns)   --->   "%br_ln174 = br i1 %icmp_ln174, void %.split26.i, void %.exit" [src/ORB.cpp:174]   --->   Operation 231 'br' 'br_ln174' <Predicate = true> <Delay = 0.00>
ST_14 : Operation 232 [27/27] (1.50ns)   --->   "%i = udiv i23 %cnt, i23 %width_assign_cast" [src/ORB.cpp:176]   --->   Operation 232 'udiv' 'i' <Predicate = (!icmp_ln174)> <Delay = 1.50> <CoreInst = "Divider">   --->   Core 6 'Divider' <Latency = 26> <II = 1> <Delay = 1.50> <FuncUnit> <Opcode : 'sdiv' 'srem' 'udiv' 'urem'> <InPorts = 2> <OutPorts = 1>
ST_14 : Operation 233 [27/27] (1.50ns)   --->   "%j = urem i23 %cnt, i23 %width_assign_cast" [src/ORB.cpp:177]   --->   Operation 233 'urem' 'j' <Predicate = (!icmp_ln174)> <Delay = 1.50> <CoreInst = "Divider">   --->   Core 6 'Divider' <Latency = 26> <II = 1> <Delay = 1.50> <FuncUnit> <Opcode : 'sdiv' 'srem' 'udiv' 'urem'> <InPorts = 2> <OutPorts = 1>
ST_14 : Operation 234 [1/1] (0.00ns)   --->   "%br_ln0 = br void"   --->   Operation 234 'br' 'br_ln0' <Predicate = (!icmp_ln174)> <Delay = 0.00>

State 15 <SV = 13> <Delay = 1.50>
ST_15 : Operation 235 [26/27] (1.50ns)   --->   "%i = udiv i23 %cnt, i23 %width_assign_cast" [src/ORB.cpp:176]   --->   Operation 235 'udiv' 'i' <Predicate = (!icmp_ln174)> <Delay = 1.50> <CoreInst = "Divider">   --->   Core 6 'Divider' <Latency = 26> <II = 1> <Delay = 1.50> <FuncUnit> <Opcode : 'sdiv' 'srem' 'udiv' 'urem'> <InPorts = 2> <OutPorts = 1>
ST_15 : Operation 236 [26/27] (1.50ns)   --->   "%j = urem i23 %cnt, i23 %width_assign_cast" [src/ORB.cpp:177]   --->   Operation 236 'urem' 'j' <Predicate = (!icmp_ln174)> <Delay = 1.50> <CoreInst = "Divider">   --->   Core 6 'Divider' <Latency = 26> <II = 1> <Delay = 1.50> <FuncUnit> <Opcode : 'sdiv' 'srem' 'udiv' 'urem'> <InPorts = 2> <OutPorts = 1>

State 16 <SV = 14> <Delay = 1.50>
ST_16 : Operation 237 [25/27] (1.50ns)   --->   "%i = udiv i23 %cnt, i23 %width_assign_cast" [src/ORB.cpp:176]   --->   Operation 237 'udiv' 'i' <Predicate = (!icmp_ln174)> <Delay = 1.50> <CoreInst = "Divider">   --->   Core 6 'Divider' <Latency = 26> <II = 1> <Delay = 1.50> <FuncUnit> <Opcode : 'sdiv' 'srem' 'udiv' 'urem'> <InPorts = 2> <OutPorts = 1>
ST_16 : Operation 238 [25/27] (1.50ns)   --->   "%j = urem i23 %cnt, i23 %width_assign_cast" [src/ORB.cpp:177]   --->   Operation 238 'urem' 'j' <Predicate = (!icmp_ln174)> <Delay = 1.50> <CoreInst = "Divider">   --->   Core 6 'Divider' <Latency = 26> <II = 1> <Delay = 1.50> <FuncUnit> <Opcode : 'sdiv' 'srem' 'udiv' 'urem'> <InPorts = 2> <OutPorts = 1>

State 17 <SV = 15> <Delay = 1.50>
ST_17 : Operation 239 [24/27] (1.50ns)   --->   "%i = udiv i23 %cnt, i23 %width_assign_cast" [src/ORB.cpp:176]   --->   Operation 239 'udiv' 'i' <Predicate = (!icmp_ln174)> <Delay = 1.50> <CoreInst = "Divider">   --->   Core 6 'Divider' <Latency = 26> <II = 1> <Delay = 1.50> <FuncUnit> <Opcode : 'sdiv' 'srem' 'udiv' 'urem'> <InPorts = 2> <OutPorts = 1>
ST_17 : Operation 240 [24/27] (1.50ns)   --->   "%j = urem i23 %cnt, i23 %width_assign_cast" [src/ORB.cpp:177]   --->   Operation 240 'urem' 'j' <Predicate = (!icmp_ln174)> <Delay = 1.50> <CoreInst = "Divider">   --->   Core 6 'Divider' <Latency = 26> <II = 1> <Delay = 1.50> <FuncUnit> <Opcode : 'sdiv' 'srem' 'udiv' 'urem'> <InPorts = 2> <OutPorts = 1>

State 18 <SV = 16> <Delay = 1.50>
ST_18 : Operation 241 [23/27] (1.50ns)   --->   "%i = udiv i23 %cnt, i23 %width_assign_cast" [src/ORB.cpp:176]   --->   Operation 241 'udiv' 'i' <Predicate = (!icmp_ln174)> <Delay = 1.50> <CoreInst = "Divider">   --->   Core 6 'Divider' <Latency = 26> <II = 1> <Delay = 1.50> <FuncUnit> <Opcode : 'sdiv' 'srem' 'udiv' 'urem'> <InPorts = 2> <OutPorts = 1>
ST_18 : Operation 242 [23/27] (1.50ns)   --->   "%j = urem i23 %cnt, i23 %width_assign_cast" [src/ORB.cpp:177]   --->   Operation 242 'urem' 'j' <Predicate = (!icmp_ln174)> <Delay = 1.50> <CoreInst = "Divider">   --->   Core 6 'Divider' <Latency = 26> <II = 1> <Delay = 1.50> <FuncUnit> <Opcode : 'sdiv' 'srem' 'udiv' 'urem'> <InPorts = 2> <OutPorts = 1>

State 19 <SV = 17> <Delay = 1.50>
ST_19 : Operation 243 [22/27] (1.50ns)   --->   "%i = udiv i23 %cnt, i23 %width_assign_cast" [src/ORB.cpp:176]   --->   Operation 243 'udiv' 'i' <Predicate = (!icmp_ln174)> <Delay = 1.50> <CoreInst = "Divider">   --->   Core 6 'Divider' <Latency = 26> <II = 1> <Delay = 1.50> <FuncUnit> <Opcode : 'sdiv' 'srem' 'udiv' 'urem'> <InPorts = 2> <OutPorts = 1>
ST_19 : Operation 244 [22/27] (1.50ns)   --->   "%j = urem i23 %cnt, i23 %width_assign_cast" [src/ORB.cpp:177]   --->   Operation 244 'urem' 'j' <Predicate = (!icmp_ln174)> <Delay = 1.50> <CoreInst = "Divider">   --->   Core 6 'Divider' <Latency = 26> <II = 1> <Delay = 1.50> <FuncUnit> <Opcode : 'sdiv' 'srem' 'udiv' 'urem'> <InPorts = 2> <OutPorts = 1>

State 20 <SV = 18> <Delay = 1.50>
ST_20 : Operation 245 [21/27] (1.50ns)   --->   "%i = udiv i23 %cnt, i23 %width_assign_cast" [src/ORB.cpp:176]   --->   Operation 245 'udiv' 'i' <Predicate = (!icmp_ln174)> <Delay = 1.50> <CoreInst = "Divider">   --->   Core 6 'Divider' <Latency = 26> <II = 1> <Delay = 1.50> <FuncUnit> <Opcode : 'sdiv' 'srem' 'udiv' 'urem'> <InPorts = 2> <OutPorts = 1>
ST_20 : Operation 246 [21/27] (1.50ns)   --->   "%j = urem i23 %cnt, i23 %width_assign_cast" [src/ORB.cpp:177]   --->   Operation 246 'urem' 'j' <Predicate = (!icmp_ln174)> <Delay = 1.50> <CoreInst = "Divider">   --->   Core 6 'Divider' <Latency = 26> <II = 1> <Delay = 1.50> <FuncUnit> <Opcode : 'sdiv' 'srem' 'udiv' 'urem'> <InPorts = 2> <OutPorts = 1>

State 21 <SV = 19> <Delay = 1.50>
ST_21 : Operation 247 [20/27] (1.50ns)   --->   "%i = udiv i23 %cnt, i23 %width_assign_cast" [src/ORB.cpp:176]   --->   Operation 247 'udiv' 'i' <Predicate = (!icmp_ln174)> <Delay = 1.50> <CoreInst = "Divider">   --->   Core 6 'Divider' <Latency = 26> <II = 1> <Delay = 1.50> <FuncUnit> <Opcode : 'sdiv' 'srem' 'udiv' 'urem'> <InPorts = 2> <OutPorts = 1>
ST_21 : Operation 248 [20/27] (1.50ns)   --->   "%j = urem i23 %cnt, i23 %width_assign_cast" [src/ORB.cpp:177]   --->   Operation 248 'urem' 'j' <Predicate = (!icmp_ln174)> <Delay = 1.50> <CoreInst = "Divider">   --->   Core 6 'Divider' <Latency = 26> <II = 1> <Delay = 1.50> <FuncUnit> <Opcode : 'sdiv' 'srem' 'udiv' 'urem'> <InPorts = 2> <OutPorts = 1>

State 22 <SV = 20> <Delay = 1.50>
ST_22 : Operation 249 [19/27] (1.50ns)   --->   "%i = udiv i23 %cnt, i23 %width_assign_cast" [src/ORB.cpp:176]   --->   Operation 249 'udiv' 'i' <Predicate = (!icmp_ln174)> <Delay = 1.50> <CoreInst = "Divider">   --->   Core 6 'Divider' <Latency = 26> <II = 1> <Delay = 1.50> <FuncUnit> <Opcode : 'sdiv' 'srem' 'udiv' 'urem'> <InPorts = 2> <OutPorts = 1>
ST_22 : Operation 250 [19/27] (1.50ns)   --->   "%j = urem i23 %cnt, i23 %width_assign_cast" [src/ORB.cpp:177]   --->   Operation 250 'urem' 'j' <Predicate = (!icmp_ln174)> <Delay = 1.50> <CoreInst = "Divider">   --->   Core 6 'Divider' <Latency = 26> <II = 1> <Delay = 1.50> <FuncUnit> <Opcode : 'sdiv' 'srem' 'udiv' 'urem'> <InPorts = 2> <OutPorts = 1>

State 23 <SV = 21> <Delay = 1.50>
ST_23 : Operation 251 [18/27] (1.50ns)   --->   "%i = udiv i23 %cnt, i23 %width_assign_cast" [src/ORB.cpp:176]   --->   Operation 251 'udiv' 'i' <Predicate = (!icmp_ln174)> <Delay = 1.50> <CoreInst = "Divider">   --->   Core 6 'Divider' <Latency = 26> <II = 1> <Delay = 1.50> <FuncUnit> <Opcode : 'sdiv' 'srem' 'udiv' 'urem'> <InPorts = 2> <OutPorts = 1>
ST_23 : Operation 252 [18/27] (1.50ns)   --->   "%j = urem i23 %cnt, i23 %width_assign_cast" [src/ORB.cpp:177]   --->   Operation 252 'urem' 'j' <Predicate = (!icmp_ln174)> <Delay = 1.50> <CoreInst = "Divider">   --->   Core 6 'Divider' <Latency = 26> <II = 1> <Delay = 1.50> <FuncUnit> <Opcode : 'sdiv' 'srem' 'udiv' 'urem'> <InPorts = 2> <OutPorts = 1>

State 24 <SV = 22> <Delay = 1.50>
ST_24 : Operation 253 [17/27] (1.50ns)   --->   "%i = udiv i23 %cnt, i23 %width_assign_cast" [src/ORB.cpp:176]   --->   Operation 253 'udiv' 'i' <Predicate = (!icmp_ln174)> <Delay = 1.50> <CoreInst = "Divider">   --->   Core 6 'Divider' <Latency = 26> <II = 1> <Delay = 1.50> <FuncUnit> <Opcode : 'sdiv' 'srem' 'udiv' 'urem'> <InPorts = 2> <OutPorts = 1>
ST_24 : Operation 254 [17/27] (1.50ns)   --->   "%j = urem i23 %cnt, i23 %width_assign_cast" [src/ORB.cpp:177]   --->   Operation 254 'urem' 'j' <Predicate = (!icmp_ln174)> <Delay = 1.50> <CoreInst = "Divider">   --->   Core 6 'Divider' <Latency = 26> <II = 1> <Delay = 1.50> <FuncUnit> <Opcode : 'sdiv' 'srem' 'udiv' 'urem'> <InPorts = 2> <OutPorts = 1>

State 25 <SV = 23> <Delay = 1.50>
ST_25 : Operation 255 [16/27] (1.50ns)   --->   "%i = udiv i23 %cnt, i23 %width_assign_cast" [src/ORB.cpp:176]   --->   Operation 255 'udiv' 'i' <Predicate = (!icmp_ln174)> <Delay = 1.50> <CoreInst = "Divider">   --->   Core 6 'Divider' <Latency = 26> <II = 1> <Delay = 1.50> <FuncUnit> <Opcode : 'sdiv' 'srem' 'udiv' 'urem'> <InPorts = 2> <OutPorts = 1>
ST_25 : Operation 256 [16/27] (1.50ns)   --->   "%j = urem i23 %cnt, i23 %width_assign_cast" [src/ORB.cpp:177]   --->   Operation 256 'urem' 'j' <Predicate = (!icmp_ln174)> <Delay = 1.50> <CoreInst = "Divider">   --->   Core 6 'Divider' <Latency = 26> <II = 1> <Delay = 1.50> <FuncUnit> <Opcode : 'sdiv' 'srem' 'udiv' 'urem'> <InPorts = 2> <OutPorts = 1>

State 26 <SV = 24> <Delay = 1.50>
ST_26 : Operation 257 [15/27] (1.50ns)   --->   "%i = udiv i23 %cnt, i23 %width_assign_cast" [src/ORB.cpp:176]   --->   Operation 257 'udiv' 'i' <Predicate = (!icmp_ln174)> <Delay = 1.50> <CoreInst = "Divider">   --->   Core 6 'Divider' <Latency = 26> <II = 1> <Delay = 1.50> <FuncUnit> <Opcode : 'sdiv' 'srem' 'udiv' 'urem'> <InPorts = 2> <OutPorts = 1>
ST_26 : Operation 258 [15/27] (1.50ns)   --->   "%j = urem i23 %cnt, i23 %width_assign_cast" [src/ORB.cpp:177]   --->   Operation 258 'urem' 'j' <Predicate = (!icmp_ln174)> <Delay = 1.50> <CoreInst = "Divider">   --->   Core 6 'Divider' <Latency = 26> <II = 1> <Delay = 1.50> <FuncUnit> <Opcode : 'sdiv' 'srem' 'udiv' 'urem'> <InPorts = 2> <OutPorts = 1>

State 27 <SV = 25> <Delay = 1.50>
ST_27 : Operation 259 [14/27] (1.50ns)   --->   "%i = udiv i23 %cnt, i23 %width_assign_cast" [src/ORB.cpp:176]   --->   Operation 259 'udiv' 'i' <Predicate = (!icmp_ln174)> <Delay = 1.50> <CoreInst = "Divider">   --->   Core 6 'Divider' <Latency = 26> <II = 1> <Delay = 1.50> <FuncUnit> <Opcode : 'sdiv' 'srem' 'udiv' 'urem'> <InPorts = 2> <OutPorts = 1>
ST_27 : Operation 260 [14/27] (1.50ns)   --->   "%j = urem i23 %cnt, i23 %width_assign_cast" [src/ORB.cpp:177]   --->   Operation 260 'urem' 'j' <Predicate = (!icmp_ln174)> <Delay = 1.50> <CoreInst = "Divider">   --->   Core 6 'Divider' <Latency = 26> <II = 1> <Delay = 1.50> <FuncUnit> <Opcode : 'sdiv' 'srem' 'udiv' 'urem'> <InPorts = 2> <OutPorts = 1>

State 28 <SV = 26> <Delay = 1.50>
ST_28 : Operation 261 [13/27] (1.50ns)   --->   "%i = udiv i23 %cnt, i23 %width_assign_cast" [src/ORB.cpp:176]   --->   Operation 261 'udiv' 'i' <Predicate = (!icmp_ln174)> <Delay = 1.50> <CoreInst = "Divider">   --->   Core 6 'Divider' <Latency = 26> <II = 1> <Delay = 1.50> <FuncUnit> <Opcode : 'sdiv' 'srem' 'udiv' 'urem'> <InPorts = 2> <OutPorts = 1>
ST_28 : Operation 262 [13/27] (1.50ns)   --->   "%j = urem i23 %cnt, i23 %width_assign_cast" [src/ORB.cpp:177]   --->   Operation 262 'urem' 'j' <Predicate = (!icmp_ln174)> <Delay = 1.50> <CoreInst = "Divider">   --->   Core 6 'Divider' <Latency = 26> <II = 1> <Delay = 1.50> <FuncUnit> <Opcode : 'sdiv' 'srem' 'udiv' 'urem'> <InPorts = 2> <OutPorts = 1>

State 29 <SV = 27> <Delay = 1.50>
ST_29 : Operation 263 [12/27] (1.50ns)   --->   "%i = udiv i23 %cnt, i23 %width_assign_cast" [src/ORB.cpp:176]   --->   Operation 263 'udiv' 'i' <Predicate = (!icmp_ln174)> <Delay = 1.50> <CoreInst = "Divider">   --->   Core 6 'Divider' <Latency = 26> <II = 1> <Delay = 1.50> <FuncUnit> <Opcode : 'sdiv' 'srem' 'udiv' 'urem'> <InPorts = 2> <OutPorts = 1>
ST_29 : Operation 264 [12/27] (1.50ns)   --->   "%j = urem i23 %cnt, i23 %width_assign_cast" [src/ORB.cpp:177]   --->   Operation 264 'urem' 'j' <Predicate = (!icmp_ln174)> <Delay = 1.50> <CoreInst = "Divider">   --->   Core 6 'Divider' <Latency = 26> <II = 1> <Delay = 1.50> <FuncUnit> <Opcode : 'sdiv' 'srem' 'udiv' 'urem'> <InPorts = 2> <OutPorts = 1>

State 30 <SV = 28> <Delay = 1.50>
ST_30 : Operation 265 [11/27] (1.50ns)   --->   "%i = udiv i23 %cnt, i23 %width_assign_cast" [src/ORB.cpp:176]   --->   Operation 265 'udiv' 'i' <Predicate = (!icmp_ln174)> <Delay = 1.50> <CoreInst = "Divider">   --->   Core 6 'Divider' <Latency = 26> <II = 1> <Delay = 1.50> <FuncUnit> <Opcode : 'sdiv' 'srem' 'udiv' 'urem'> <InPorts = 2> <OutPorts = 1>
ST_30 : Operation 266 [11/27] (1.50ns)   --->   "%j = urem i23 %cnt, i23 %width_assign_cast" [src/ORB.cpp:177]   --->   Operation 266 'urem' 'j' <Predicate = (!icmp_ln174)> <Delay = 1.50> <CoreInst = "Divider">   --->   Core 6 'Divider' <Latency = 26> <II = 1> <Delay = 1.50> <FuncUnit> <Opcode : 'sdiv' 'srem' 'udiv' 'urem'> <InPorts = 2> <OutPorts = 1>

State 31 <SV = 29> <Delay = 1.50>
ST_31 : Operation 267 [10/27] (1.50ns)   --->   "%i = udiv i23 %cnt, i23 %width_assign_cast" [src/ORB.cpp:176]   --->   Operation 267 'udiv' 'i' <Predicate = (!icmp_ln174)> <Delay = 1.50> <CoreInst = "Divider">   --->   Core 6 'Divider' <Latency = 26> <II = 1> <Delay = 1.50> <FuncUnit> <Opcode : 'sdiv' 'srem' 'udiv' 'urem'> <InPorts = 2> <OutPorts = 1>
ST_31 : Operation 268 [10/27] (1.50ns)   --->   "%j = urem i23 %cnt, i23 %width_assign_cast" [src/ORB.cpp:177]   --->   Operation 268 'urem' 'j' <Predicate = (!icmp_ln174)> <Delay = 1.50> <CoreInst = "Divider">   --->   Core 6 'Divider' <Latency = 26> <II = 1> <Delay = 1.50> <FuncUnit> <Opcode : 'sdiv' 'srem' 'udiv' 'urem'> <InPorts = 2> <OutPorts = 1>

State 32 <SV = 30> <Delay = 1.50>
ST_32 : Operation 269 [9/27] (1.50ns)   --->   "%i = udiv i23 %cnt, i23 %width_assign_cast" [src/ORB.cpp:176]   --->   Operation 269 'udiv' 'i' <Predicate = (!icmp_ln174)> <Delay = 1.50> <CoreInst = "Divider">   --->   Core 6 'Divider' <Latency = 26> <II = 1> <Delay = 1.50> <FuncUnit> <Opcode : 'sdiv' 'srem' 'udiv' 'urem'> <InPorts = 2> <OutPorts = 1>
ST_32 : Operation 270 [9/27] (1.50ns)   --->   "%j = urem i23 %cnt, i23 %width_assign_cast" [src/ORB.cpp:177]   --->   Operation 270 'urem' 'j' <Predicate = (!icmp_ln174)> <Delay = 1.50> <CoreInst = "Divider">   --->   Core 6 'Divider' <Latency = 26> <II = 1> <Delay = 1.50> <FuncUnit> <Opcode : 'sdiv' 'srem' 'udiv' 'urem'> <InPorts = 2> <OutPorts = 1>

State 33 <SV = 31> <Delay = 1.50>
ST_33 : Operation 271 [8/27] (1.50ns)   --->   "%i = udiv i23 %cnt, i23 %width_assign_cast" [src/ORB.cpp:176]   --->   Operation 271 'udiv' 'i' <Predicate = (!icmp_ln174)> <Delay = 1.50> <CoreInst = "Divider">   --->   Core 6 'Divider' <Latency = 26> <II = 1> <Delay = 1.50> <FuncUnit> <Opcode : 'sdiv' 'srem' 'udiv' 'urem'> <InPorts = 2> <OutPorts = 1>
ST_33 : Operation 272 [8/27] (1.50ns)   --->   "%j = urem i23 %cnt, i23 %width_assign_cast" [src/ORB.cpp:177]   --->   Operation 272 'urem' 'j' <Predicate = (!icmp_ln174)> <Delay = 1.50> <CoreInst = "Divider">   --->   Core 6 'Divider' <Latency = 26> <II = 1> <Delay = 1.50> <FuncUnit> <Opcode : 'sdiv' 'srem' 'udiv' 'urem'> <InPorts = 2> <OutPorts = 1>

State 34 <SV = 32> <Delay = 1.50>
ST_34 : Operation 273 [7/27] (1.50ns)   --->   "%i = udiv i23 %cnt, i23 %width_assign_cast" [src/ORB.cpp:176]   --->   Operation 273 'udiv' 'i' <Predicate = (!icmp_ln174)> <Delay = 1.50> <CoreInst = "Divider">   --->   Core 6 'Divider' <Latency = 26> <II = 1> <Delay = 1.50> <FuncUnit> <Opcode : 'sdiv' 'srem' 'udiv' 'urem'> <InPorts = 2> <OutPorts = 1>
ST_34 : Operation 274 [7/27] (1.50ns)   --->   "%j = urem i23 %cnt, i23 %width_assign_cast" [src/ORB.cpp:177]   --->   Operation 274 'urem' 'j' <Predicate = (!icmp_ln174)> <Delay = 1.50> <CoreInst = "Divider">   --->   Core 6 'Divider' <Latency = 26> <II = 1> <Delay = 1.50> <FuncUnit> <Opcode : 'sdiv' 'srem' 'udiv' 'urem'> <InPorts = 2> <OutPorts = 1>

State 35 <SV = 33> <Delay = 1.50>
ST_35 : Operation 275 [6/27] (1.50ns)   --->   "%i = udiv i23 %cnt, i23 %width_assign_cast" [src/ORB.cpp:176]   --->   Operation 275 'udiv' 'i' <Predicate = (!icmp_ln174)> <Delay = 1.50> <CoreInst = "Divider">   --->   Core 6 'Divider' <Latency = 26> <II = 1> <Delay = 1.50> <FuncUnit> <Opcode : 'sdiv' 'srem' 'udiv' 'urem'> <InPorts = 2> <OutPorts = 1>
ST_35 : Operation 276 [6/27] (1.50ns)   --->   "%j = urem i23 %cnt, i23 %width_assign_cast" [src/ORB.cpp:177]   --->   Operation 276 'urem' 'j' <Predicate = (!icmp_ln174)> <Delay = 1.50> <CoreInst = "Divider">   --->   Core 6 'Divider' <Latency = 26> <II = 1> <Delay = 1.50> <FuncUnit> <Opcode : 'sdiv' 'srem' 'udiv' 'urem'> <InPorts = 2> <OutPorts = 1>

State 36 <SV = 34> <Delay = 1.50>
ST_36 : Operation 277 [5/27] (1.50ns)   --->   "%i = udiv i23 %cnt, i23 %width_assign_cast" [src/ORB.cpp:176]   --->   Operation 277 'udiv' 'i' <Predicate = (!icmp_ln174)> <Delay = 1.50> <CoreInst = "Divider">   --->   Core 6 'Divider' <Latency = 26> <II = 1> <Delay = 1.50> <FuncUnit> <Opcode : 'sdiv' 'srem' 'udiv' 'urem'> <InPorts = 2> <OutPorts = 1>
ST_36 : Operation 278 [5/27] (1.50ns)   --->   "%j = urem i23 %cnt, i23 %width_assign_cast" [src/ORB.cpp:177]   --->   Operation 278 'urem' 'j' <Predicate = (!icmp_ln174)> <Delay = 1.50> <CoreInst = "Divider">   --->   Core 6 'Divider' <Latency = 26> <II = 1> <Delay = 1.50> <FuncUnit> <Opcode : 'sdiv' 'srem' 'udiv' 'urem'> <InPorts = 2> <OutPorts = 1>

State 37 <SV = 35> <Delay = 1.50>
ST_37 : Operation 279 [4/27] (1.50ns)   --->   "%i = udiv i23 %cnt, i23 %width_assign_cast" [src/ORB.cpp:176]   --->   Operation 279 'udiv' 'i' <Predicate = (!icmp_ln174)> <Delay = 1.50> <CoreInst = "Divider">   --->   Core 6 'Divider' <Latency = 26> <II = 1> <Delay = 1.50> <FuncUnit> <Opcode : 'sdiv' 'srem' 'udiv' 'urem'> <InPorts = 2> <OutPorts = 1>
ST_37 : Operation 280 [4/27] (1.50ns)   --->   "%j = urem i23 %cnt, i23 %width_assign_cast" [src/ORB.cpp:177]   --->   Operation 280 'urem' 'j' <Predicate = (!icmp_ln174)> <Delay = 1.50> <CoreInst = "Divider">   --->   Core 6 'Divider' <Latency = 26> <II = 1> <Delay = 1.50> <FuncUnit> <Opcode : 'sdiv' 'srem' 'udiv' 'urem'> <InPorts = 2> <OutPorts = 1>

State 38 <SV = 36> <Delay = 1.50>
ST_38 : Operation 281 [3/27] (1.50ns)   --->   "%i = udiv i23 %cnt, i23 %width_assign_cast" [src/ORB.cpp:176]   --->   Operation 281 'udiv' 'i' <Predicate = (!icmp_ln174)> <Delay = 1.50> <CoreInst = "Divider">   --->   Core 6 'Divider' <Latency = 26> <II = 1> <Delay = 1.50> <FuncUnit> <Opcode : 'sdiv' 'srem' 'udiv' 'urem'> <InPorts = 2> <OutPorts = 1>
ST_38 : Operation 282 [3/27] (1.50ns)   --->   "%j = urem i23 %cnt, i23 %width_assign_cast" [src/ORB.cpp:177]   --->   Operation 282 'urem' 'j' <Predicate = (!icmp_ln174)> <Delay = 1.50> <CoreInst = "Divider">   --->   Core 6 'Divider' <Latency = 26> <II = 1> <Delay = 1.50> <FuncUnit> <Opcode : 'sdiv' 'srem' 'udiv' 'urem'> <InPorts = 2> <OutPorts = 1>

State 39 <SV = 37> <Delay = 1.50>
ST_39 : Operation 283 [2/27] (1.50ns)   --->   "%i = udiv i23 %cnt, i23 %width_assign_cast" [src/ORB.cpp:176]   --->   Operation 283 'udiv' 'i' <Predicate = (!icmp_ln174)> <Delay = 1.50> <CoreInst = "Divider">   --->   Core 6 'Divider' <Latency = 26> <II = 1> <Delay = 1.50> <FuncUnit> <Opcode : 'sdiv' 'srem' 'udiv' 'urem'> <InPorts = 2> <OutPorts = 1>
ST_39 : Operation 284 [2/27] (1.50ns)   --->   "%j = urem i23 %cnt, i23 %width_assign_cast" [src/ORB.cpp:177]   --->   Operation 284 'urem' 'j' <Predicate = (!icmp_ln174)> <Delay = 1.50> <CoreInst = "Divider">   --->   Core 6 'Divider' <Latency = 26> <II = 1> <Delay = 1.50> <FuncUnit> <Opcode : 'sdiv' 'srem' 'udiv' 'urem'> <InPorts = 2> <OutPorts = 1>

State 40 <SV = 38> <Delay = 2.98>
ST_40 : Operation 285 [1/1] (0.00ns)   --->   "%specloopname_ln174 = specloopname void @_ssdm_op_SpecLoopName, void @empty_22" [src/ORB.cpp:174]   --->   Operation 285 'specloopname' 'specloopname_ln174' <Predicate = (!icmp_ln174)> <Delay = 0.00>
ST_40 : Operation 286 [1/27] (1.50ns)   --->   "%i = udiv i23 %cnt, i23 %width_assign_cast" [src/ORB.cpp:176]   --->   Operation 286 'udiv' 'i' <Predicate = (!icmp_ln174)> <Delay = 1.50> <CoreInst = "Divider">   --->   Core 6 'Divider' <Latency = 26> <II = 1> <Delay = 1.50> <FuncUnit> <Opcode : 'sdiv' 'srem' 'udiv' 'urem'> <InPorts = 2> <OutPorts = 1>
ST_40 : Operation 287 [1/27] (1.50ns)   --->   "%j = urem i23 %cnt, i23 %width_assign_cast" [src/ORB.cpp:177]   --->   Operation 287 'urem' 'j' <Predicate = (!icmp_ln174)> <Delay = 1.50> <CoreInst = "Divider">   --->   Core 6 'Divider' <Latency = 26> <II = 1> <Delay = 1.50> <FuncUnit> <Opcode : 'sdiv' 'srem' 'udiv' 'urem'> <InPorts = 2> <OutPorts = 1>
ST_40 : Operation 288 [1/1] (0.00ns)   --->   "%trunc_ln770 = trunc i23 %j" [vitis_library_vision_L1/include\common/xf_video_mem.hpp:770]   --->   Operation 288 'trunc' 'trunc_ln770' <Predicate = (!icmp_ln174)> <Delay = 0.00>
ST_40 : Operation 289 [1/1] (1.05ns)   --->   "%icmp_ln178 = icmp_ult  i23 %i, i23 %height_assign_cast" [src/ORB.cpp:178]   --->   Operation 289 'icmp' 'icmp_ln178' <Predicate = (!icmp_ln174)> <Delay = 1.05> <CoreInst = "Cmp">   --->   Core 9 'Cmp' <Latency = 0> <II = 1> <Delay = 0.99> <FuncUnit> <Opcode : 'icmp'> <InPorts = 2> <OutPorts = 1>
ST_40 : Operation 290 [1/1] (0.42ns)   --->   "%br_ln178 = br i1 %icmp_ln178, void %_ZN2xf2cv10LineBufferILi7ELi1920E7ap_uintILi8EEL8_ramtype6ELi1EE15shift_pixels_upEi.exit453.i_ifconv, void" [src/ORB.cpp:178]   --->   Operation 290 'br' 'br_ln178' <Predicate = (!icmp_ln174)> <Delay = 0.42>
ST_40 : Operation 291 [1/1] (0.00ns)   --->   "%read_idx_load = load i32 %read_idx" [src/ORB.cpp:181]   --->   Operation 291 'load' 'read_idx_load' <Predicate = (!icmp_ln174 & icmp_ln178)> <Delay = 0.00>
ST_40 : Operation 292 [1/1] (1.01ns)   --->   "%read_idx_1 = add i32 %read_idx_load, i32 1" [src/ORB.cpp:181]   --->   Operation 292 'add' 'read_idx_1' <Predicate = (!icmp_ln174 & icmp_ln178)> <Delay = 1.01> <CoreInst = "Adder">   --->   Core 1 'Adder' <Latency = 0> <II = 1> <Delay = 0.83> <FuncUnit> <Opcode : 'add' 'sub'> <InPorts = 2> <OutPorts = 1>
ST_40 : Operation 293 [1/1] (0.42ns)   --->   "%store_ln182 = store i32 %read_idx_1, i32 %read_idx" [src/ORB.cpp:182]   --->   Operation 293 'store' 'store_ln182' <Predicate = (!icmp_ln174 & icmp_ln178)> <Delay = 0.42>
ST_40 : Operation 294 [1/1] (0.00ns)   --->   "%idxprom_i96_cast_i = zext i23 %j" [src/ORB.cpp:177]   --->   Operation 294 'zext' 'idxprom_i96_cast_i' <Predicate = (!icmp_ln174)> <Delay = 0.00>
ST_40 : Operation 295 [1/1] (0.00ns)   --->   "%line_buffer_val_V_1_addr_8 = getelementptr i8 %line_buffer_val_V_1, i64 0, i64 %idxprom_i96_cast_i" [vitis_library_vision_L1/include\common/xf_video_mem.hpp:871]   --->   Operation 295 'getelementptr' 'line_buffer_val_V_1_addr_8' <Predicate = (!icmp_ln174)> <Delay = 0.00>
ST_40 : Operation 296 [1/1] (0.00ns)   --->   "%line_buffer_val_V_2_addr_8 = getelementptr i8 %line_buffer_val_V_2, i64 0, i64 %idxprom_i96_cast_i" [vitis_library_vision_L1/include\common/xf_video_mem.hpp:871]   --->   Operation 296 'getelementptr' 'line_buffer_val_V_2_addr_8' <Predicate = (!icmp_ln174)> <Delay = 0.00>
ST_40 : Operation 297 [2/2] (1.23ns)   --->   "%window_val_V_1_6 = load i11 %line_buffer_val_V_2_addr_8" [vitis_library_vision_L1/include\common/xf_video_mem.hpp:871]   --->   Operation 297 'load' 'window_val_V_1_6' <Predicate = (!icmp_ln174)> <Delay = 1.23> <CoreInst = "RAM_S2P_BRAM">   --->   Core 97 'RAM_S2P_BRAM' <Latency = 1> <II = 1> <Delay = 1.23> <Storage> <Opcode : 'load' 'store'> <Ports = 2> <Width = 8> <Depth = 1920> <RAM>
ST_40 : Operation 298 [1/1] (0.00ns)   --->   "%line_buffer_val_V_3_addr_8 = getelementptr i8 %line_buffer_val_V_3, i64 0, i64 %idxprom_i96_cast_i" [vitis_library_vision_L1/include\common/xf_video_mem.hpp:871]   --->   Operation 298 'getelementptr' 'line_buffer_val_V_3_addr_8' <Predicate = (!icmp_ln174)> <Delay = 0.00>
ST_40 : Operation 299 [2/2] (1.23ns)   --->   "%window_val_V_2_6 = load i11 %line_buffer_val_V_3_addr_8" [vitis_library_vision_L1/include\common/xf_video_mem.hpp:871]   --->   Operation 299 'load' 'window_val_V_2_6' <Predicate = (!icmp_ln174)> <Delay = 1.23> <CoreInst = "RAM_S2P_BRAM">   --->   Core 97 'RAM_S2P_BRAM' <Latency = 1> <II = 1> <Delay = 1.23> <Storage> <Opcode : 'load' 'store'> <Ports = 2> <Width = 8> <Depth = 1920> <RAM>
ST_40 : Operation 300 [1/1] (0.00ns)   --->   "%line_buffer_val_V_4_addr_8 = getelementptr i8 %line_buffer_val_V_4, i64 0, i64 %idxprom_i96_cast_i" [vitis_library_vision_L1/include\common/xf_video_mem.hpp:871]   --->   Operation 300 'getelementptr' 'line_buffer_val_V_4_addr_8' <Predicate = (!icmp_ln174)> <Delay = 0.00>
ST_40 : Operation 301 [2/2] (1.23ns)   --->   "%window_val_V_3_6 = load i11 %line_buffer_val_V_4_addr_8" [vitis_library_vision_L1/include\common/xf_video_mem.hpp:871]   --->   Operation 301 'load' 'window_val_V_3_6' <Predicate = (!icmp_ln174)> <Delay = 1.23> <CoreInst = "RAM_S2P_BRAM">   --->   Core 97 'RAM_S2P_BRAM' <Latency = 1> <II = 1> <Delay = 1.23> <Storage> <Opcode : 'load' 'store'> <Ports = 2> <Width = 8> <Depth = 1920> <RAM>
ST_40 : Operation 302 [1/1] (0.00ns)   --->   "%line_buffer_val_V_5_addr_8 = getelementptr i8 %line_buffer_val_V_5, i64 0, i64 %idxprom_i96_cast_i" [vitis_library_vision_L1/include\common/xf_video_mem.hpp:871]   --->   Operation 302 'getelementptr' 'line_buffer_val_V_5_addr_8' <Predicate = (!icmp_ln174)> <Delay = 0.00>
ST_40 : Operation 303 [2/2] (1.23ns)   --->   "%window_val_V_4_6 = load i11 %line_buffer_val_V_5_addr_8" [vitis_library_vision_L1/include\common/xf_video_mem.hpp:871]   --->   Operation 303 'load' 'window_val_V_4_6' <Predicate = (!icmp_ln174)> <Delay = 1.23> <CoreInst = "RAM_S2P_BRAM">   --->   Core 97 'RAM_S2P_BRAM' <Latency = 1> <II = 1> <Delay = 1.23> <Storage> <Opcode : 'load' 'store'> <Ports = 2> <Width = 8> <Depth = 1920> <RAM>
ST_40 : Operation 304 [1/1] (0.00ns)   --->   "%line_buffer_val_V_6_addr_8 = getelementptr i8 %line_buffer_val_V_6, i64 0, i64 %idxprom_i96_cast_i" [vitis_library_vision_L1/include\common/xf_video_mem.hpp:871]   --->   Operation 304 'getelementptr' 'line_buffer_val_V_6_addr_8' <Predicate = (!icmp_ln174)> <Delay = 0.00>
ST_40 : Operation 305 [2/2] (1.23ns)   --->   "%window_val_V_5_6 = load i11 %line_buffer_val_V_6_addr_8" [vitis_library_vision_L1/include\common/xf_video_mem.hpp:871]   --->   Operation 305 'load' 'window_val_V_5_6' <Predicate = (!icmp_ln174)> <Delay = 1.23> <CoreInst = "RAM_S2P_BRAM">   --->   Core 97 'RAM_S2P_BRAM' <Latency = 1> <II = 1> <Delay = 1.23> <Storage> <Opcode : 'load' 'store'> <Ports = 2> <Width = 8> <Depth = 1920> <RAM>
ST_40 : Operation 306 [1/1] (0.94ns)   --->   "%cmp22_i = icmp_eq  i11 %trunc_ln770, i11 3" [vitis_library_vision_L1/include\common/xf_video_mem.hpp:770]   --->   Operation 306 'icmp' 'cmp22_i' <Predicate = (!icmp_ln174)> <Delay = 0.94> <CoreInst = "Cmp">   --->   Core 9 'Cmp' <Latency = 0> <II = 1> <Delay = 0.99> <FuncUnit> <Opcode : 'icmp'> <InPorts = 2> <OutPorts = 1>

State 41 <SV = 39> <Delay = 3.58>
ST_41 : Operation 307 [1/1] (0.00ns)   --->   "%window_val_V_4_5 = phi i8 0, void %._crit_edge450.loopexit.i, i8 %window_val_V_4_6_1_i, void %.loopexit._crit_edge.i" [vitis_library_vision_L1/include\common/xf_video_mem.hpp:770]   --->   Operation 307 'phi' 'window_val_V_4_5' <Predicate = (!cmp22_i)> <Delay = 0.00>
ST_41 : Operation 308 [1/1] (0.00ns)   --->   "%window_val_V_4_4 = phi i8 0, void %._crit_edge450.loopexit.i, i8 %window_val_V_4_5_2, void %.loopexit._crit_edge.i"   --->   Operation 308 'phi' 'window_val_V_4_4' <Predicate = (!cmp22_i)> <Delay = 0.00>
ST_41 : Operation 309 [1/1] (0.00ns)   --->   "%window_val_V_4_3_1 = phi i8 0, void %._crit_edge450.loopexit.i, i8 %window_val_V_4_4_2, void %.loopexit._crit_edge.i"   --->   Operation 309 'phi' 'window_val_V_4_3_1' <Predicate = (!cmp22_i)> <Delay = 0.00>
ST_41 : Operation 310 [1/1] (0.00ns)   --->   "%window_val_V_4_2 = phi i8 0, void %._crit_edge450.loopexit.i, i8 %window_val_V_4_3_2, void %.loopexit._crit_edge.i"   --->   Operation 310 'phi' 'window_val_V_4_2' <Predicate = (!cmp22_i)> <Delay = 0.00>
ST_41 : Operation 311 [1/1] (0.00ns)   --->   "%window_val_V_3_5 = phi i8 0, void %._crit_edge450.loopexit.i, i8 %window_val_V_3_6_1_i, void %.loopexit._crit_edge.i" [vitis_library_vision_L1/include\common/xf_video_mem.hpp:770]   --->   Operation 311 'phi' 'window_val_V_3_5' <Predicate = (!cmp22_i)> <Delay = 0.00>
ST_41 : Operation 312 [1/1] (0.00ns)   --->   "%window_val_V_3_4 = phi i8 0, void %._crit_edge450.loopexit.i, i8 %window_val_V_3_5_2, void %.loopexit._crit_edge.i"   --->   Operation 312 'phi' 'window_val_V_3_4' <Predicate = (!cmp22_i)> <Delay = 0.00>
ST_41 : Operation 313 [1/1] (0.00ns)   --->   "%window_val_V_3_3_1 = phi i8 0, void %._crit_edge450.loopexit.i, i8 %window_val_V_3_4_2, void %.loopexit._crit_edge.i"   --->   Operation 313 'phi' 'window_val_V_3_3_1' <Predicate = (!cmp22_i)> <Delay = 0.00>
ST_41 : Operation 314 [1/1] (0.00ns)   --->   "%window_val_V_3_2 = phi i8 0, void %._crit_edge450.loopexit.i, i8 %window_val_V_3_3_2, void %.loopexit._crit_edge.i"   --->   Operation 314 'phi' 'window_val_V_3_2' <Predicate = (!cmp22_i)> <Delay = 0.00>
ST_41 : Operation 315 [1/1] (0.00ns)   --->   "%window_val_V_2_5 = phi i8 0, void %._crit_edge450.loopexit.i, i8 %window_val_V_2_6_1_i, void %.loopexit._crit_edge.i" [vitis_library_vision_L1/include\common/xf_video_mem.hpp:770]   --->   Operation 315 'phi' 'window_val_V_2_5' <Predicate = (!cmp22_i)> <Delay = 0.00>
ST_41 : Operation 316 [1/1] (0.00ns)   --->   "%window_val_V_2_4 = phi i8 0, void %._crit_edge450.loopexit.i, i8 %window_val_V_2_5_2, void %.loopexit._crit_edge.i"   --->   Operation 316 'phi' 'window_val_V_2_4' <Predicate = (!cmp22_i)> <Delay = 0.00>
ST_41 : Operation 317 [1/1] (0.00ns)   --->   "%window_val_V_2_3_1 = phi i8 0, void %._crit_edge450.loopexit.i, i8 %window_val_V_2_4_2, void %.loopexit._crit_edge.i"   --->   Operation 317 'phi' 'window_val_V_2_3_1' <Predicate = (!cmp22_i)> <Delay = 0.00>
ST_41 : Operation 318 [1/1] (0.00ns)   --->   "%window_val_V_2_2 = phi i8 0, void %._crit_edge450.loopexit.i, i8 %window_val_V_2_3_2, void %.loopexit._crit_edge.i"   --->   Operation 318 'phi' 'window_val_V_2_2' <Predicate = (!cmp22_i)> <Delay = 0.00>
ST_41 : Operation 319 [1/1] (0.00ns)   --->   "%window_val_V_4_5_4 = phi i8 0, void %._crit_edge450.loopexit.i, i8 %window_val_V_4_6, void %.loopexit._crit_edge.i"   --->   Operation 319 'phi' 'window_val_V_4_5_4' <Predicate = true> <Delay = 0.00>
ST_41 : Operation 320 [1/1] (0.00ns)   --->   "%window_val_V_4_4_4 = phi i8 0, void %._crit_edge450.loopexit.i, i8 %window_val_V_4_5_4, void %.loopexit._crit_edge.i"   --->   Operation 320 'phi' 'window_val_V_4_4_4' <Predicate = true> <Delay = 0.00>
ST_41 : Operation 321 [1/1] (0.00ns)   --->   "%window_val_V_4_3 = phi i8 0, void %._crit_edge450.loopexit.i, i8 %window_val_V_4_4_4, void %.loopexit._crit_edge.i"   --->   Operation 321 'phi' 'window_val_V_4_3' <Predicate = (cmp22_i)> <Delay = 0.00>
ST_41 : Operation 322 [1/1] (0.00ns)   --->   "%window_val_V_3_5_4 = phi i8 0, void %._crit_edge450.loopexit.i, i8 %window_val_V_3_6, void %.loopexit._crit_edge.i"   --->   Operation 322 'phi' 'window_val_V_3_5_4' <Predicate = true> <Delay = 0.00>
ST_41 : Operation 323 [1/1] (0.00ns)   --->   "%window_val_V_3_4_4 = phi i8 0, void %._crit_edge450.loopexit.i, i8 %window_val_V_3_5_4, void %.loopexit._crit_edge.i"   --->   Operation 323 'phi' 'window_val_V_3_4_4' <Predicate = true> <Delay = 0.00>
ST_41 : Operation 324 [1/1] (0.00ns)   --->   "%window_val_V_3_3 = phi i8 0, void %._crit_edge450.loopexit.i, i8 %window_val_V_3_4_4, void %.loopexit._crit_edge.i"   --->   Operation 324 'phi' 'window_val_V_3_3' <Predicate = (cmp22_i)> <Delay = 0.00>
ST_41 : Operation 325 [1/1] (0.00ns)   --->   "%window_val_V_2_5_4 = phi i8 0, void %._crit_edge450.loopexit.i, i8 %window_val_V_2_6, void %.loopexit._crit_edge.i"   --->   Operation 325 'phi' 'window_val_V_2_5_4' <Predicate = true> <Delay = 0.00>
ST_41 : Operation 326 [1/1] (0.00ns)   --->   "%window_val_V_2_4_4 = phi i8 0, void %._crit_edge450.loopexit.i, i8 %window_val_V_2_5_4, void %.loopexit._crit_edge.i"   --->   Operation 326 'phi' 'window_val_V_2_4_4' <Predicate = true> <Delay = 0.00>
ST_41 : Operation 327 [1/1] (0.00ns)   --->   "%window_val_V_2_3 = phi i8 0, void %._crit_edge450.loopexit.i, i8 %window_val_V_2_4_4, void %.loopexit._crit_edge.i"   --->   Operation 327 'phi' 'window_val_V_2_3' <Predicate = (cmp22_i)> <Delay = 0.00>
ST_41 : Operation 328 [1/1] (1.83ns)   --->   "%tmp_50 = read i8 @_ssdm_op_Read.ap_fifo.volatile.i8P0A, i8 %img_in" [C:/Xilinx/Vitis_HLS/2020.2/common/technology/autopilot/hls_stream_39.h:145]   --->   Operation 328 'read' 'tmp_50' <Predicate = (!icmp_ln174 & icmp_ln178)> <Delay = 1.83> <CoreInst = "FIFO_SRL">   --->   Core 81 'FIFO_SRL' <Latency = 0> <II = 1> <Delay = 1.83> <Storage> <Opcode : 'read' 'write' 'nbread' 'nbwrite'> <Ports = 0> <Width = 8> <Depth = 2> <FIFO>
ST_41 : Operation 329 [1/1] (1.75ns)   --->   "%write_ln174 = write void @_ssdm_op_Write.ap_fifo.volatile.i8P0A, i8 %img_out, i8 %tmp_50" [C:/Xilinx/Vitis_HLS/2020.2/common/technology/autopilot/hls_stream_39.h:174]   --->   Operation 329 'write' 'write_ln174' <Predicate = (!icmp_ln174 & icmp_ln178)> <Delay = 1.75> <CoreInst = "FIFO">   --->   Core 78 'FIFO' <Latency = 0> <II = 1> <Delay = 1.75> <Storage> <Opcode : 'read' 'write' 'nbread' 'nbwrite'> <Ports = 0> <Width = 8> <Depth = 7680> <FIFO>
ST_41 : Operation 330 [1/1] (0.42ns)   --->   "%br_ln182 = br void %_ZN2xf2cv10LineBufferILi7ELi1920E7ap_uintILi8EEL8_ramtype6ELi1EE15shift_pixels_upEi.exit453.i_ifconv" [src/ORB.cpp:182]   --->   Operation 330 'br' 'br_ln182' <Predicate = (!icmp_ln174 & icmp_ln178)> <Delay = 0.42>
ST_41 : Operation 331 [1/1] (0.00ns)   --->   "%window_val_V_6_6 = phi i8 %tmp_50, void, i8 0, void %.split26.i"   --->   Operation 331 'phi' 'window_val_V_6_6' <Predicate = (!icmp_ln174)> <Delay = 0.00>
ST_41 : Operation 332 [1/1] (0.00ns)   --->   "%write_idx_load = load i32 %write_idx" [src/ORB.cpp:207]   --->   Operation 332 'load' 'write_idx_load' <Predicate = (!icmp_ln174)> <Delay = 0.00>
ST_41 : Operation 333 [1/1] (0.00ns)   --->   "%read_idx_2 = load i32 %read_idx" [src/ORB.cpp:207]   --->   Operation 333 'load' 'read_idx_2' <Predicate = (!icmp_ln174)> <Delay = 0.00>
ST_41 : Operation 334 [2/2] (1.23ns)   --->   "%window_val_V_0_6 = load i11 %line_buffer_val_V_1_addr_8" [vitis_library_vision_L1/include\common/xf_video_mem.hpp:871]   --->   Operation 334 'load' 'window_val_V_0_6' <Predicate = (!icmp_ln174)> <Delay = 1.23> <CoreInst = "RAM_S2P_BRAM">   --->   Core 97 'RAM_S2P_BRAM' <Latency = 1> <II = 1> <Delay = 1.23> <Storage> <Opcode : 'load' 'store'> <Ports = 2> <Width = 8> <Depth = 1920> <RAM>
ST_41 : Operation 335 [1/2] (1.23ns)   --->   "%window_val_V_1_6 = load i11 %line_buffer_val_V_2_addr_8" [vitis_library_vision_L1/include\common/xf_video_mem.hpp:871]   --->   Operation 335 'load' 'window_val_V_1_6' <Predicate = (!icmp_ln174)> <Delay = 1.23> <CoreInst = "RAM_S2P_BRAM">   --->   Core 97 'RAM_S2P_BRAM' <Latency = 1> <II = 1> <Delay = 1.23> <Storage> <Opcode : 'load' 'store'> <Ports = 2> <Width = 8> <Depth = 1920> <RAM>
ST_41 : Operation 336 [1/1] (1.23ns)   --->   "%store_ln871 = store i8 %window_val_V_1_6, i11 %line_buffer_val_V_1_addr_8" [vitis_library_vision_L1/include\common/xf_video_mem.hpp:871]   --->   Operation 336 'store' 'store_ln871' <Predicate = (!icmp_ln174)> <Delay = 1.23> <CoreInst = "RAM_S2P_BRAM">   --->   Core 97 'RAM_S2P_BRAM' <Latency = 1> <II = 1> <Delay = 1.23> <Storage> <Opcode : 'load' 'store'> <Ports = 2> <Width = 8> <Depth = 1920> <RAM>
ST_41 : Operation 337 [1/2] (1.23ns)   --->   "%window_val_V_2_6 = load i11 %line_buffer_val_V_3_addr_8" [vitis_library_vision_L1/include\common/xf_video_mem.hpp:871]   --->   Operation 337 'load' 'window_val_V_2_6' <Predicate = (!icmp_ln174)> <Delay = 1.23> <CoreInst = "RAM_S2P_BRAM">   --->   Core 97 'RAM_S2P_BRAM' <Latency = 1> <II = 1> <Delay = 1.23> <Storage> <Opcode : 'load' 'store'> <Ports = 2> <Width = 8> <Depth = 1920> <RAM>
ST_41 : Operation 338 [1/1] (1.23ns)   --->   "%store_ln871 = store i8 %window_val_V_2_6, i11 %line_buffer_val_V_2_addr_8" [vitis_library_vision_L1/include\common/xf_video_mem.hpp:871]   --->   Operation 338 'store' 'store_ln871' <Predicate = (!icmp_ln174)> <Delay = 1.23> <CoreInst = "RAM_S2P_BRAM">   --->   Core 97 'RAM_S2P_BRAM' <Latency = 1> <II = 1> <Delay = 1.23> <Storage> <Opcode : 'load' 'store'> <Ports = 2> <Width = 8> <Depth = 1920> <RAM>
ST_41 : Operation 339 [1/2] (1.23ns)   --->   "%window_val_V_3_6 = load i11 %line_buffer_val_V_4_addr_8" [vitis_library_vision_L1/include\common/xf_video_mem.hpp:871]   --->   Operation 339 'load' 'window_val_V_3_6' <Predicate = (!icmp_ln174)> <Delay = 1.23> <CoreInst = "RAM_S2P_BRAM">   --->   Core 97 'RAM_S2P_BRAM' <Latency = 1> <II = 1> <Delay = 1.23> <Storage> <Opcode : 'load' 'store'> <Ports = 2> <Width = 8> <Depth = 1920> <RAM>
ST_41 : Operation 340 [1/1] (1.23ns)   --->   "%store_ln871 = store i8 %window_val_V_3_6, i11 %line_buffer_val_V_3_addr_8" [vitis_library_vision_L1/include\common/xf_video_mem.hpp:871]   --->   Operation 340 'store' 'store_ln871' <Predicate = (!icmp_ln174)> <Delay = 1.23> <CoreInst = "RAM_S2P_BRAM">   --->   Core 97 'RAM_S2P_BRAM' <Latency = 1> <II = 1> <Delay = 1.23> <Storage> <Opcode : 'load' 'store'> <Ports = 2> <Width = 8> <Depth = 1920> <RAM>
ST_41 : Operation 341 [1/2] (1.23ns)   --->   "%window_val_V_4_6 = load i11 %line_buffer_val_V_5_addr_8" [vitis_library_vision_L1/include\common/xf_video_mem.hpp:871]   --->   Operation 341 'load' 'window_val_V_4_6' <Predicate = (!icmp_ln174)> <Delay = 1.23> <CoreInst = "RAM_S2P_BRAM">   --->   Core 97 'RAM_S2P_BRAM' <Latency = 1> <II = 1> <Delay = 1.23> <Storage> <Opcode : 'load' 'store'> <Ports = 2> <Width = 8> <Depth = 1920> <RAM>
ST_41 : Operation 342 [1/1] (1.23ns)   --->   "%store_ln871 = store i8 %window_val_V_4_6, i11 %line_buffer_val_V_4_addr_8" [vitis_library_vision_L1/include\common/xf_video_mem.hpp:871]   --->   Operation 342 'store' 'store_ln871' <Predicate = (!icmp_ln174)> <Delay = 1.23> <CoreInst = "RAM_S2P_BRAM">   --->   Core 97 'RAM_S2P_BRAM' <Latency = 1> <II = 1> <Delay = 1.23> <Storage> <Opcode : 'load' 'store'> <Ports = 2> <Width = 8> <Depth = 1920> <RAM>
ST_41 : Operation 343 [1/2] (1.23ns)   --->   "%window_val_V_5_6 = load i11 %line_buffer_val_V_6_addr_8" [vitis_library_vision_L1/include\common/xf_video_mem.hpp:871]   --->   Operation 343 'load' 'window_val_V_5_6' <Predicate = (!icmp_ln174)> <Delay = 1.23> <CoreInst = "RAM_S2P_BRAM">   --->   Core 97 'RAM_S2P_BRAM' <Latency = 1> <II = 1> <Delay = 1.23> <Storage> <Opcode : 'load' 'store'> <Ports = 2> <Width = 8> <Depth = 1920> <RAM>
ST_41 : Operation 344 [1/1] (1.23ns)   --->   "%store_ln871 = store i8 %window_val_V_5_6, i11 %line_buffer_val_V_5_addr_8" [vitis_library_vision_L1/include\common/xf_video_mem.hpp:871]   --->   Operation 344 'store' 'store_ln871' <Predicate = (!icmp_ln174)> <Delay = 1.23> <CoreInst = "RAM_S2P_BRAM">   --->   Core 97 'RAM_S2P_BRAM' <Latency = 1> <II = 1> <Delay = 1.23> <Storage> <Opcode : 'load' 'store'> <Ports = 2> <Width = 8> <Depth = 1920> <RAM>
ST_41 : Operation 345 [1/1] (1.23ns)   --->   "%store_ln908 = store i8 %window_val_V_6_6, i11 %line_buffer_val_V_6_addr_8" [vitis_library_vision_L1/include\common/xf_video_mem.hpp:908]   --->   Operation 345 'store' 'store_ln908' <Predicate = (!icmp_ln174)> <Delay = 1.23> <CoreInst = "RAM_S2P_BRAM">   --->   Core 97 'RAM_S2P_BRAM' <Latency = 1> <II = 1> <Delay = 1.23> <Storage> <Opcode : 'load' 'store'> <Ports = 2> <Width = 8> <Depth = 1920> <RAM>
ST_41 : Operation 346 [1/1] (0.00ns)   --->   "%tmp = partselect i9 @_ssdm_op_PartSelect.i9.i23.i32.i32, i23 %j, i32 2, i32 10" [src/ORB.cpp:177]   --->   Operation 346 'partselect' 'tmp' <Predicate = (!icmp_ln174)> <Delay = 0.00>
ST_41 : Operation 347 [1/1] (0.88ns)   --->   "%icmp = icmp_ne  i9 %tmp, i9 0" [src/ORB.cpp:177]   --->   Operation 347 'icmp' 'icmp' <Predicate = (!icmp_ln174)> <Delay = 0.88> <CoreInst = "Cmp">   --->   Core 9 'Cmp' <Latency = 0> <II = 1> <Delay = 0.99> <FuncUnit> <Opcode : 'icmp'> <InPorts = 2> <OutPorts = 1>
ST_41 : Operation 348 [1/1] (0.00ns) (grouped into LUT with out node window_val_V_2_6_1_i)   --->   "%select_ln201_2 = select i1 %icmp, i8 %window_val_V_2_6, i8 0" [src/ORB.cpp:201]   --->   Operation 348 'select' 'select_ln201_2' <Predicate = (!icmp_ln174 & !cmp22_i)> <Delay = 0.00> <CoreInst = "Sel">   --->   Core 73 'Sel' <Latency = 0> <II = 1> <Delay = 0.39> <FuncUnit> <Opcode : 'select'> <InPorts = 3> <OutPorts = 1>
ST_41 : Operation 349 [1/1] (0.39ns) (out node of the LUT)   --->   "%window_val_V_2_6_1_i = select i1 %cmp22_i, i8 %window_val_V_2_6, i8 %select_ln201_2" [vitis_library_vision_L1/include\common/xf_video_mem.hpp:770]   --->   Operation 349 'select' 'window_val_V_2_6_1_i' <Predicate = (!icmp_ln174)> <Delay = 0.39> <CoreInst = "Sel">   --->   Core 73 'Sel' <Latency = 0> <II = 1> <Delay = 0.39> <FuncUnit> <Opcode : 'select'> <InPorts = 3> <OutPorts = 1>
ST_41 : Operation 350 [1/1] (0.39ns)   --->   "%window_val_V_2_5_2 = select i1 %cmp22_i, i8 %window_val_V_2_5_4, i8 %window_val_V_2_5" [vitis_library_vision_L1/include\common/xf_video_mem.hpp:770]   --->   Operation 350 'select' 'window_val_V_2_5_2' <Predicate = (!icmp_ln174)> <Delay = 0.39> <CoreInst = "Sel">   --->   Core 73 'Sel' <Latency = 0> <II = 1> <Delay = 0.39> <FuncUnit> <Opcode : 'select'> <InPorts = 3> <OutPorts = 1>
ST_41 : Operation 351 [1/1] (0.39ns)   --->   "%window_val_V_2_4_2 = select i1 %cmp22_i, i8 %window_val_V_2_4_4, i8 %window_val_V_2_4" [vitis_library_vision_L1/include\common/xf_video_mem.hpp:770]   --->   Operation 351 'select' 'window_val_V_2_4_2' <Predicate = (!icmp_ln174)> <Delay = 0.39> <CoreInst = "Sel">   --->   Core 73 'Sel' <Latency = 0> <II = 1> <Delay = 0.39> <FuncUnit> <Opcode : 'select'> <InPorts = 3> <OutPorts = 1>
ST_41 : Operation 352 [1/1] (0.39ns)   --->   "%window_val_V_2_3_2 = select i1 %cmp22_i, i8 %window_val_V_2_3, i8 %window_val_V_2_3_1" [vitis_library_vision_L1/include\common/xf_video_mem.hpp:770]   --->   Operation 352 'select' 'window_val_V_2_3_2' <Predicate = (!icmp_ln174)> <Delay = 0.39> <CoreInst = "Sel">   --->   Core 73 'Sel' <Latency = 0> <II = 1> <Delay = 0.39> <FuncUnit> <Opcode : 'select'> <InPorts = 3> <OutPorts = 1>
ST_41 : Operation 353 [1/1] (0.39ns)   --->   "%window_val_V_2_2_1_i = select i1 %cmp22_i, i8 0, i8 %window_val_V_2_2" [vitis_library_vision_L1/include\common/xf_video_mem.hpp:770]   --->   Operation 353 'select' 'window_val_V_2_2_1_i' <Predicate = (!icmp_ln174)> <Delay = 0.39> <CoreInst = "Sel">   --->   Core 73 'Sel' <Latency = 0> <II = 1> <Delay = 0.39> <FuncUnit> <Opcode : 'select'> <InPorts = 3> <OutPorts = 1>
ST_41 : Operation 354 [1/1] (0.00ns) (grouped into LUT with out node window_val_V_3_6_1_i)   --->   "%select_ln201_3 = select i1 %icmp, i8 %window_val_V_3_6, i8 0" [src/ORB.cpp:201]   --->   Operation 354 'select' 'select_ln201_3' <Predicate = (!icmp_ln174 & !cmp22_i)> <Delay = 0.00> <CoreInst = "Sel">   --->   Core 73 'Sel' <Latency = 0> <II = 1> <Delay = 0.39> <FuncUnit> <Opcode : 'select'> <InPorts = 3> <OutPorts = 1>
ST_41 : Operation 355 [1/1] (0.39ns) (out node of the LUT)   --->   "%window_val_V_3_6_1_i = select i1 %cmp22_i, i8 %window_val_V_3_6, i8 %select_ln201_3" [vitis_library_vision_L1/include\common/xf_video_mem.hpp:770]   --->   Operation 355 'select' 'window_val_V_3_6_1_i' <Predicate = (!icmp_ln174)> <Delay = 0.39> <CoreInst = "Sel">   --->   Core 73 'Sel' <Latency = 0> <II = 1> <Delay = 0.39> <FuncUnit> <Opcode : 'select'> <InPorts = 3> <OutPorts = 1>
ST_41 : Operation 356 [1/1] (0.39ns)   --->   "%window_val_V_3_5_2 = select i1 %cmp22_i, i8 %window_val_V_3_5_4, i8 %window_val_V_3_5" [vitis_library_vision_L1/include\common/xf_video_mem.hpp:770]   --->   Operation 356 'select' 'window_val_V_3_5_2' <Predicate = (!icmp_ln174)> <Delay = 0.39> <CoreInst = "Sel">   --->   Core 73 'Sel' <Latency = 0> <II = 1> <Delay = 0.39> <FuncUnit> <Opcode : 'select'> <InPorts = 3> <OutPorts = 1>
ST_41 : Operation 357 [1/1] (0.39ns)   --->   "%window_val_V_3_4_2 = select i1 %cmp22_i, i8 %window_val_V_3_4_4, i8 %window_val_V_3_4" [vitis_library_vision_L1/include\common/xf_video_mem.hpp:770]   --->   Operation 357 'select' 'window_val_V_3_4_2' <Predicate = (!icmp_ln174)> <Delay = 0.39> <CoreInst = "Sel">   --->   Core 73 'Sel' <Latency = 0> <II = 1> <Delay = 0.39> <FuncUnit> <Opcode : 'select'> <InPorts = 3> <OutPorts = 1>
ST_41 : Operation 358 [1/1] (0.39ns)   --->   "%window_val_V_3_3_2 = select i1 %cmp22_i, i8 %window_val_V_3_3, i8 %window_val_V_3_3_1" [vitis_library_vision_L1/include\common/xf_video_mem.hpp:770]   --->   Operation 358 'select' 'window_val_V_3_3_2' <Predicate = (!icmp_ln174)> <Delay = 0.39> <CoreInst = "Sel">   --->   Core 73 'Sel' <Latency = 0> <II = 1> <Delay = 0.39> <FuncUnit> <Opcode : 'select'> <InPorts = 3> <OutPorts = 1>
ST_41 : Operation 359 [1/1] (0.39ns)   --->   "%window_val_V_3_2_1_i = select i1 %cmp22_i, i8 0, i8 %window_val_V_3_2" [vitis_library_vision_L1/include\common/xf_video_mem.hpp:770]   --->   Operation 359 'select' 'window_val_V_3_2_1_i' <Predicate = (!icmp_ln174)> <Delay = 0.39> <CoreInst = "Sel">   --->   Core 73 'Sel' <Latency = 0> <II = 1> <Delay = 0.39> <FuncUnit> <Opcode : 'select'> <InPorts = 3> <OutPorts = 1>
ST_41 : Operation 360 [1/1] (0.00ns) (grouped into LUT with out node window_val_V_4_6_1_i)   --->   "%select_ln201_4 = select i1 %icmp, i8 %window_val_V_4_6, i8 0" [src/ORB.cpp:201]   --->   Operation 360 'select' 'select_ln201_4' <Predicate = (!icmp_ln174 & !cmp22_i)> <Delay = 0.00> <CoreInst = "Sel">   --->   Core 73 'Sel' <Latency = 0> <II = 1> <Delay = 0.39> <FuncUnit> <Opcode : 'select'> <InPorts = 3> <OutPorts = 1>
ST_41 : Operation 361 [1/1] (0.39ns) (out node of the LUT)   --->   "%window_val_V_4_6_1_i = select i1 %cmp22_i, i8 %window_val_V_4_6, i8 %select_ln201_4" [vitis_library_vision_L1/include\common/xf_video_mem.hpp:770]   --->   Operation 361 'select' 'window_val_V_4_6_1_i' <Predicate = (!icmp_ln174)> <Delay = 0.39> <CoreInst = "Sel">   --->   Core 73 'Sel' <Latency = 0> <II = 1> <Delay = 0.39> <FuncUnit> <Opcode : 'select'> <InPorts = 3> <OutPorts = 1>
ST_41 : Operation 362 [1/1] (0.39ns)   --->   "%window_val_V_4_5_2 = select i1 %cmp22_i, i8 %window_val_V_4_5_4, i8 %window_val_V_4_5" [vitis_library_vision_L1/include\common/xf_video_mem.hpp:770]   --->   Operation 362 'select' 'window_val_V_4_5_2' <Predicate = (!icmp_ln174)> <Delay = 0.39> <CoreInst = "Sel">   --->   Core 73 'Sel' <Latency = 0> <II = 1> <Delay = 0.39> <FuncUnit> <Opcode : 'select'> <InPorts = 3> <OutPorts = 1>
ST_41 : Operation 363 [1/1] (0.39ns)   --->   "%window_val_V_4_4_2 = select i1 %cmp22_i, i8 %window_val_V_4_4_4, i8 %window_val_V_4_4" [vitis_library_vision_L1/include\common/xf_video_mem.hpp:770]   --->   Operation 363 'select' 'window_val_V_4_4_2' <Predicate = (!icmp_ln174)> <Delay = 0.39> <CoreInst = "Sel">   --->   Core 73 'Sel' <Latency = 0> <II = 1> <Delay = 0.39> <FuncUnit> <Opcode : 'select'> <InPorts = 3> <OutPorts = 1>
ST_41 : Operation 364 [1/1] (0.39ns)   --->   "%window_val_V_4_3_2 = select i1 %cmp22_i, i8 %window_val_V_4_3, i8 %window_val_V_4_3_1" [vitis_library_vision_L1/include\common/xf_video_mem.hpp:770]   --->   Operation 364 'select' 'window_val_V_4_3_2' <Predicate = (!icmp_ln174)> <Delay = 0.39> <CoreInst = "Sel">   --->   Core 73 'Sel' <Latency = 0> <II = 1> <Delay = 0.39> <FuncUnit> <Opcode : 'select'> <InPorts = 3> <OutPorts = 1>
ST_41 : Operation 365 [1/1] (0.39ns)   --->   "%window_val_V_4_2_1_i = select i1 %cmp22_i, i8 0, i8 %window_val_V_4_2" [vitis_library_vision_L1/include\common/xf_video_mem.hpp:770]   --->   Operation 365 'select' 'window_val_V_4_2_1_i' <Predicate = (!icmp_ln174)> <Delay = 0.39> <CoreInst = "Sel">   --->   Core 73 'Sel' <Latency = 0> <II = 1> <Delay = 0.39> <FuncUnit> <Opcode : 'select'> <InPorts = 3> <OutPorts = 1>
ST_41 : Operation 366 [1/1] (0.99ns)   --->   "%icmp_ln207 = icmp_sgt  i32 %read_idx_2, i32 %add37_cast_i" [src/ORB.cpp:207]   --->   Operation 366 'icmp' 'icmp_ln207' <Predicate = (!icmp_ln174)> <Delay = 0.99> <CoreInst = "Cmp">   --->   Core 9 'Cmp' <Latency = 0> <II = 1> <Delay = 0.99> <FuncUnit> <Opcode : 'icmp'> <InPorts = 2> <OutPorts = 1>
ST_41 : Operation 367 [1/1] (0.99ns)   --->   "%icmp_ln207_1 = icmp_slt  i32 %write_idx_load, i32 %zext_ln174" [src/ORB.cpp:207]   --->   Operation 367 'icmp' 'icmp_ln207_1' <Predicate = (!icmp_ln174)> <Delay = 0.99> <CoreInst = "Cmp">   --->   Core 9 'Cmp' <Latency = 0> <II = 1> <Delay = 0.99> <FuncUnit> <Opcode : 'icmp'> <InPorts = 2> <OutPorts = 1>
ST_41 : Operation 368 [1/1] (0.28ns)   --->   "%and_ln207 = and i1 %icmp_ln207, i1 %icmp_ln207_1" [src/ORB.cpp:207]   --->   Operation 368 'and' 'and_ln207' <Predicate = (!icmp_ln174)> <Delay = 0.28> <CoreInst = "LogicGate">   --->   Core 74 'LogicGate' <Latency = 0> <II = 1> <Delay = 0.28> <FuncUnit> <Opcode : 'and' 'or' 'xor'> <InPorts = 2> <OutPorts = 1>
ST_41 : Operation 369 [1/1] (0.00ns)   --->   "%br_ln207 = br i1 %and_ln207, void %.loopexit._crit_edge.i, void %.preheader.preheader.i" [src/ORB.cpp:207]   --->   Operation 369 'br' 'br_ln207' <Predicate = (!icmp_ln174)> <Delay = 0.00>
ST_41 : Operation 370 [1/1] (0.00ns)   --->   "%zext_ln1118_25 = zext i8 %window_val_V_2_2_1_i"   --->   Operation 370 'zext' 'zext_ln1118_25' <Predicate = (!icmp_ln174 & and_ln207)> <Delay = 0.00>
ST_41 : Operation 371 [4/4] (0.53ns) (root node of the DSP)   --->   "%mul_ln1118_13 = mul i18 %zext_ln1118_25, i18 595"   --->   Operation 371 'mul' 'mul_ln1118_13' <Predicate = (!icmp_ln174 & and_ln207)> <Delay = 0.53> <CoreInst = "DSP48">   --->   Core 127 'DSP48' <Latency = 3> <II = 1> <Delay = 0.53> <IPBlock> <Opcode : 'mul' 'add' 'sub' 'select'> <InPorts = 0> <OutPorts = 1> <Sync> <CReg>
ST_41 : Operation 372 [1/1] (0.00ns)   --->   "%zext_ln1118_26 = zext i8 %window_val_V_2_3_2"   --->   Operation 372 'zext' 'zext_ln1118_26' <Predicate = (!icmp_ln174 & and_ln207)> <Delay = 0.00>
ST_41 : Operation 373 [4/4] (0.53ns) (root node of the DSP)   --->   "%mul_ln1118_14 = mul i18 %zext_ln1118_26, i18 675"   --->   Operation 373 'mul' 'mul_ln1118_14' <Predicate = (!icmp_ln174 & and_ln207)> <Delay = 0.53> <CoreInst = "DSP48">   --->   Core 127 'DSP48' <Latency = 3> <II = 1> <Delay = 0.53> <IPBlock> <Opcode : 'mul' 'add' 'sub' 'select'> <InPorts = 0> <OutPorts = 1> <Sync> <CReg>
ST_41 : Operation 374 [1/1] (0.00ns)   --->   "%zext_ln1118_27 = zext i8 %window_val_V_2_4_2"   --->   Operation 374 'zext' 'zext_ln1118_27' <Predicate = (!icmp_ln174 & and_ln207)> <Delay = 0.00>
ST_41 : Operation 375 [4/4] (0.53ns) (root node of the DSP)   --->   "%mul_ln1118_15 = mul i18 %zext_ln1118_27, i18 595"   --->   Operation 375 'mul' 'mul_ln1118_15' <Predicate = (!icmp_ln174 & and_ln207)> <Delay = 0.53> <CoreInst = "DSP48">   --->   Core 127 'DSP48' <Latency = 3> <II = 1> <Delay = 0.53> <IPBlock> <Opcode : 'mul' 'add' 'sub' 'select'> <InPorts = 0> <OutPorts = 1> <Sync> <CReg>
ST_41 : Operation 376 [1/1] (0.00ns)   --->   "%zext_ln1118_35 = zext i8 %window_val_V_3_2_1_i"   --->   Operation 376 'zext' 'zext_ln1118_35' <Predicate = (!icmp_ln174 & and_ln207)> <Delay = 0.00>
ST_41 : Operation 377 [4/4] (0.53ns) (root node of the DSP)   --->   "%mul_ln1118_19 = mul i18 %zext_ln1118_35, i18 675"   --->   Operation 377 'mul' 'mul_ln1118_19' <Predicate = (!icmp_ln174 & and_ln207)> <Delay = 0.53> <CoreInst = "DSP48">   --->   Core 127 'DSP48' <Latency = 3> <II = 1> <Delay = 0.53> <IPBlock> <Opcode : 'mul' 'add' 'sub' 'select'> <InPorts = 0> <OutPorts = 1> <Sync> <CReg>
ST_41 : Operation 378 [1/1] (0.00ns)   --->   "%zext_ln1118_36 = zext i8 %window_val_V_3_3_2"   --->   Operation 378 'zext' 'zext_ln1118_36' <Predicate = (!icmp_ln174 & and_ln207)> <Delay = 0.00>
ST_41 : Operation 379 [4/4] (0.53ns) (root node of the DSP)   --->   "%mul_ln1118_20 = mul i18 %zext_ln1118_36, i18 765"   --->   Operation 379 'mul' 'mul_ln1118_20' <Predicate = (!icmp_ln174 & and_ln207)> <Delay = 0.53> <CoreInst = "DSP48">   --->   Core 127 'DSP48' <Latency = 3> <II = 1> <Delay = 0.53> <IPBlock> <Opcode : 'mul' 'add' 'sub' 'select'> <InPorts = 0> <OutPorts = 1> <Sync> <CReg>
ST_41 : Operation 380 [1/1] (0.00ns)   --->   "%zext_ln1118_37 = zext i8 %window_val_V_3_4_2"   --->   Operation 380 'zext' 'zext_ln1118_37' <Predicate = (!icmp_ln174 & and_ln207)> <Delay = 0.00>
ST_41 : Operation 381 [4/4] (0.53ns) (root node of the DSP)   --->   "%mul_ln1118_21 = mul i18 %zext_ln1118_37, i18 675"   --->   Operation 381 'mul' 'mul_ln1118_21' <Predicate = (!icmp_ln174 & and_ln207)> <Delay = 0.53> <CoreInst = "DSP48">   --->   Core 127 'DSP48' <Latency = 3> <II = 1> <Delay = 0.53> <IPBlock> <Opcode : 'mul' 'add' 'sub' 'select'> <InPorts = 0> <OutPorts = 1> <Sync> <CReg>
ST_41 : Operation 382 [1/1] (0.00ns)   --->   "%zext_ln1118_45 = zext i8 %window_val_V_4_2_1_i"   --->   Operation 382 'zext' 'zext_ln1118_45' <Predicate = (!icmp_ln174 & and_ln207)> <Delay = 0.00>
ST_41 : Operation 383 [4/4] (0.53ns) (root node of the DSP)   --->   "%mul_ln1118_25 = mul i18 %zext_ln1118_45, i18 595"   --->   Operation 383 'mul' 'mul_ln1118_25' <Predicate = (!icmp_ln174 & and_ln207)> <Delay = 0.53> <CoreInst = "DSP48">   --->   Core 127 'DSP48' <Latency = 3> <II = 1> <Delay = 0.53> <IPBlock> <Opcode : 'mul' 'add' 'sub' 'select'> <InPorts = 0> <OutPorts = 1> <Sync> <CReg>
ST_41 : Operation 384 [1/1] (0.00ns)   --->   "%zext_ln1118_46 = zext i8 %window_val_V_4_3_2"   --->   Operation 384 'zext' 'zext_ln1118_46' <Predicate = (!icmp_ln174 & and_ln207)> <Delay = 0.00>
ST_41 : Operation 385 [4/4] (0.53ns) (root node of the DSP)   --->   "%mul_ln1118_26 = mul i18 %zext_ln1118_46, i18 675"   --->   Operation 385 'mul' 'mul_ln1118_26' <Predicate = (!icmp_ln174 & and_ln207)> <Delay = 0.53> <CoreInst = "DSP48">   --->   Core 127 'DSP48' <Latency = 3> <II = 1> <Delay = 0.53> <IPBlock> <Opcode : 'mul' 'add' 'sub' 'select'> <InPorts = 0> <OutPorts = 1> <Sync> <CReg>
ST_41 : Operation 386 [1/1] (0.00ns)   --->   "%zext_ln1118_47 = zext i8 %window_val_V_4_4_2"   --->   Operation 386 'zext' 'zext_ln1118_47' <Predicate = (!icmp_ln174 & and_ln207)> <Delay = 0.00>
ST_41 : Operation 387 [4/4] (0.53ns) (root node of the DSP)   --->   "%mul_ln1118_27 = mul i18 %zext_ln1118_47, i18 595"   --->   Operation 387 'mul' 'mul_ln1118_27' <Predicate = (!icmp_ln174 & and_ln207)> <Delay = 0.53> <CoreInst = "DSP48">   --->   Core 127 'DSP48' <Latency = 3> <II = 1> <Delay = 0.53> <IPBlock> <Opcode : 'mul' 'add' 'sub' 'select'> <InPorts = 0> <OutPorts = 1> <Sync> <CReg>
ST_41 : Operation 388 [1/1] (1.01ns)   --->   "%write_idx_1 = add i32 %write_idx_load, i32 1" [src/ORB.cpp:217]   --->   Operation 388 'add' 'write_idx_1' <Predicate = (!icmp_ln174 & and_ln207)> <Delay = 1.01> <CoreInst = "Adder">   --->   Core 1 'Adder' <Latency = 0> <II = 1> <Delay = 0.83> <FuncUnit> <Opcode : 'add' 'sub'> <InPorts = 2> <OutPorts = 1>
ST_41 : Operation 389 [1/1] (0.42ns)   --->   "%store_ln218 = store i32 %write_idx_1, i32 %write_idx" [src/ORB.cpp:218]   --->   Operation 389 'store' 'store_ln218' <Predicate = (!icmp_ln174 & and_ln207)> <Delay = 0.42>

State 42 <SV = 40> <Delay = 2.11>
ST_42 : Operation 390 [1/2] (1.23ns)   --->   "%window_val_V_0_6 = load i11 %line_buffer_val_V_1_addr_8" [vitis_library_vision_L1/include\common/xf_video_mem.hpp:871]   --->   Operation 390 'load' 'window_val_V_0_6' <Predicate = (!icmp_ln174)> <Delay = 1.23> <CoreInst = "RAM_S2P_BRAM">   --->   Core 97 'RAM_S2P_BRAM' <Latency = 1> <II = 1> <Delay = 1.23> <Storage> <Opcode : 'load' 'store'> <Ports = 2> <Width = 8> <Depth = 1920> <RAM>
ST_42 : Operation 391 [3/4] (0.53ns) (root node of the DSP)   --->   "%mul_ln1118_13 = mul i18 %zext_ln1118_25, i18 595"   --->   Operation 391 'mul' 'mul_ln1118_13' <Predicate = (!icmp_ln174 & and_ln207)> <Delay = 0.53> <CoreInst = "DSP48">   --->   Core 127 'DSP48' <Latency = 3> <II = 1> <Delay = 0.53> <IPBlock> <Opcode : 'mul' 'add' 'sub' 'select'> <InPorts = 0> <OutPorts = 1> <Sync> <CReg>
ST_42 : Operation 392 [3/4] (0.53ns) (root node of the DSP)   --->   "%mul_ln1118_14 = mul i18 %zext_ln1118_26, i18 675"   --->   Operation 392 'mul' 'mul_ln1118_14' <Predicate = (!icmp_ln174 & and_ln207)> <Delay = 0.53> <CoreInst = "DSP48">   --->   Core 127 'DSP48' <Latency = 3> <II = 1> <Delay = 0.53> <IPBlock> <Opcode : 'mul' 'add' 'sub' 'select'> <InPorts = 0> <OutPorts = 1> <Sync> <CReg>
ST_42 : Operation 393 [3/4] (0.53ns) (root node of the DSP)   --->   "%mul_ln1118_15 = mul i18 %zext_ln1118_27, i18 595"   --->   Operation 393 'mul' 'mul_ln1118_15' <Predicate = (!icmp_ln174 & and_ln207)> <Delay = 0.53> <CoreInst = "DSP48">   --->   Core 127 'DSP48' <Latency = 3> <II = 1> <Delay = 0.53> <IPBlock> <Opcode : 'mul' 'add' 'sub' 'select'> <InPorts = 0> <OutPorts = 1> <Sync> <CReg>
ST_42 : Operation 394 [1/1] (0.00ns)   --->   "%zext_ln1118_28 = zext i8 %window_val_V_2_5_2"   --->   Operation 394 'zext' 'zext_ln1118_28' <Predicate = (!icmp_ln174 & and_ln207)> <Delay = 0.00>
ST_42 : Operation 395 [1/1] (2.11ns)   --->   "%mul_ln1118_16 = mul i17 %zext_ln1118_28, i17 409"   --->   Operation 395 'mul' 'mul_ln1118_16' <Predicate = (!icmp_ln174 & and_ln207)> <Delay = 2.11> <CoreInst = "Multiplier">   --->   Core 3 'Multiplier' <Latency = 0> <II = 1> <Delay = 1.74> <FuncUnit> <Opcode : 'mul'> <InPorts = 2> <OutPorts = 1>
ST_42 : Operation 396 [1/1] (0.00ns)   --->   "%tmp_17 = partselect i3 @_ssdm_op_PartSelect.i3.i17.i32.i32, i17 %mul_ln1118_16, i32 14, i32 16"   --->   Operation 396 'partselect' 'tmp_17' <Predicate = (!icmp_ln174 & and_ln207)> <Delay = 0.00>
ST_42 : Operation 397 [3/4] (0.53ns) (root node of the DSP)   --->   "%mul_ln1118_19 = mul i18 %zext_ln1118_35, i18 675"   --->   Operation 397 'mul' 'mul_ln1118_19' <Predicate = (!icmp_ln174 & and_ln207)> <Delay = 0.53> <CoreInst = "DSP48">   --->   Core 127 'DSP48' <Latency = 3> <II = 1> <Delay = 0.53> <IPBlock> <Opcode : 'mul' 'add' 'sub' 'select'> <InPorts = 0> <OutPorts = 1> <Sync> <CReg>
ST_42 : Operation 398 [3/4] (0.53ns) (root node of the DSP)   --->   "%mul_ln1118_20 = mul i18 %zext_ln1118_36, i18 765"   --->   Operation 398 'mul' 'mul_ln1118_20' <Predicate = (!icmp_ln174 & and_ln207)> <Delay = 0.53> <CoreInst = "DSP48">   --->   Core 127 'DSP48' <Latency = 3> <II = 1> <Delay = 0.53> <IPBlock> <Opcode : 'mul' 'add' 'sub' 'select'> <InPorts = 0> <OutPorts = 1> <Sync> <CReg>
ST_42 : Operation 399 [3/4] (0.53ns) (root node of the DSP)   --->   "%mul_ln1118_21 = mul i18 %zext_ln1118_37, i18 675"   --->   Operation 399 'mul' 'mul_ln1118_21' <Predicate = (!icmp_ln174 & and_ln207)> <Delay = 0.53> <CoreInst = "DSP48">   --->   Core 127 'DSP48' <Latency = 3> <II = 1> <Delay = 0.53> <IPBlock> <Opcode : 'mul' 'add' 'sub' 'select'> <InPorts = 0> <OutPorts = 1> <Sync> <CReg>
ST_42 : Operation 400 [1/1] (0.00ns)   --->   "%zext_ln1118_38 = zext i8 %window_val_V_3_5_2"   --->   Operation 400 'zext' 'zext_ln1118_38' <Predicate = (!icmp_ln174 & and_ln207)> <Delay = 0.00>
ST_42 : Operation 401 [1/1] (2.11ns)   --->   "%mul_ln1118_22 = mul i17 %zext_ln1118_38, i17 464"   --->   Operation 401 'mul' 'mul_ln1118_22' <Predicate = (!icmp_ln174 & and_ln207)> <Delay = 2.11> <CoreInst = "Multiplier">   --->   Core 3 'Multiplier' <Latency = 0> <II = 1> <Delay = 1.74> <FuncUnit> <Opcode : 'mul'> <InPorts = 2> <OutPorts = 1>
ST_42 : Operation 402 [1/1] (0.00ns)   --->   "%tmp_24 = partselect i3 @_ssdm_op_PartSelect.i3.i17.i32.i32, i17 %mul_ln1118_22, i32 14, i32 16"   --->   Operation 402 'partselect' 'tmp_24' <Predicate = (!icmp_ln174 & and_ln207)> <Delay = 0.00>
ST_42 : Operation 403 [1/1] (0.00ns)   --->   "%shl_ln1118_8 = bitconcatenate i16 @_ssdm_op_BitConcatenate.i16.i8.i8, i8 %window_val_V_3_6_1_i, i8 0"   --->   Operation 403 'bitconcatenate' 'shl_ln1118_8' <Predicate = (!icmp_ln174 & and_ln207)> <Delay = 0.00>
ST_42 : Operation 404 [1/1] (0.00ns)   --->   "%zext_ln1118_41 = zext i16 %shl_ln1118_8"   --->   Operation 404 'zext' 'zext_ln1118_41' <Predicate = (!icmp_ln174 & and_ln207)> <Delay = 0.00>
ST_42 : Operation 405 [1/1] (0.00ns)   --->   "%shl_ln1118_9 = bitconcatenate i11 @_ssdm_op_BitConcatenate.i11.i8.i3, i8 %window_val_V_3_6_1_i, i3 0"   --->   Operation 405 'bitconcatenate' 'shl_ln1118_9' <Predicate = (!icmp_ln174 & and_ln207)> <Delay = 0.00>
ST_42 : Operation 406 [1/1] (0.00ns)   --->   "%zext_ln1118_42 = zext i11 %shl_ln1118_9"   --->   Operation 406 'zext' 'zext_ln1118_42' <Predicate = (!icmp_ln174 & and_ln207)> <Delay = 0.00>
ST_42 : Operation 407 [1/1] (0.85ns)   --->   "%sub_ln1118_2 = sub i17 %zext_ln1118_41, i17 %zext_ln1118_42"   --->   Operation 407 'sub' 'sub_ln1118_2' <Predicate = (!icmp_ln174 & and_ln207)> <Delay = 0.85> <CoreInst = "Adder">   --->   Core 1 'Adder' <Latency = 0> <II = 1> <Delay = 0.83> <FuncUnit> <Opcode : 'add' 'sub'> <InPorts = 2> <OutPorts = 1>
ST_42 : Operation 408 [1/1] (0.00ns)   --->   "%tmp_25 = partselect i3 @_ssdm_op_PartSelect.i3.i17.i32.i32, i17 %sub_ln1118_2, i32 14, i32 16"   --->   Operation 408 'partselect' 'tmp_25' <Predicate = (!icmp_ln174 & and_ln207)> <Delay = 0.00>
ST_42 : Operation 409 [3/4] (0.53ns) (root node of the DSP)   --->   "%mul_ln1118_25 = mul i18 %zext_ln1118_45, i18 595"   --->   Operation 409 'mul' 'mul_ln1118_25' <Predicate = (!icmp_ln174 & and_ln207)> <Delay = 0.53> <CoreInst = "DSP48">   --->   Core 127 'DSP48' <Latency = 3> <II = 1> <Delay = 0.53> <IPBlock> <Opcode : 'mul' 'add' 'sub' 'select'> <InPorts = 0> <OutPorts = 1> <Sync> <CReg>
ST_42 : Operation 410 [3/4] (0.53ns) (root node of the DSP)   --->   "%mul_ln1118_26 = mul i18 %zext_ln1118_46, i18 675"   --->   Operation 410 'mul' 'mul_ln1118_26' <Predicate = (!icmp_ln174 & and_ln207)> <Delay = 0.53> <CoreInst = "DSP48">   --->   Core 127 'DSP48' <Latency = 3> <II = 1> <Delay = 0.53> <IPBlock> <Opcode : 'mul' 'add' 'sub' 'select'> <InPorts = 0> <OutPorts = 1> <Sync> <CReg>
ST_42 : Operation 411 [3/4] (0.53ns) (root node of the DSP)   --->   "%mul_ln1118_27 = mul i18 %zext_ln1118_47, i18 595"   --->   Operation 411 'mul' 'mul_ln1118_27' <Predicate = (!icmp_ln174 & and_ln207)> <Delay = 0.53> <CoreInst = "DSP48">   --->   Core 127 'DSP48' <Latency = 3> <II = 1> <Delay = 0.53> <IPBlock> <Opcode : 'mul' 'add' 'sub' 'select'> <InPorts = 0> <OutPorts = 1> <Sync> <CReg>
ST_42 : Operation 412 [1/1] (0.00ns)   --->   "%zext_ln1118_48 = zext i8 %window_val_V_4_5_2"   --->   Operation 412 'zext' 'zext_ln1118_48' <Predicate = (!icmp_ln174 & and_ln207)> <Delay = 0.00>
ST_42 : Operation 413 [1/1] (2.11ns)   --->   "%mul_ln1118_28 = mul i17 %zext_ln1118_48, i17 409"   --->   Operation 413 'mul' 'mul_ln1118_28' <Predicate = (!icmp_ln174 & and_ln207)> <Delay = 2.11> <CoreInst = "Multiplier">   --->   Core 3 'Multiplier' <Latency = 0> <II = 1> <Delay = 1.74> <FuncUnit> <Opcode : 'mul'> <InPorts = 2> <OutPorts = 1>
ST_42 : Operation 414 [1/1] (0.00ns)   --->   "%tmp_31 = partselect i3 @_ssdm_op_PartSelect.i3.i17.i32.i32, i17 %mul_ln1118_28, i32 14, i32 16"   --->   Operation 414 'partselect' 'tmp_31' <Predicate = (!icmp_ln174 & and_ln207)> <Delay = 0.00>

State 43 <SV = 41> <Delay = 5.69>
ST_43 : Operation 415 [1/1] (0.00ns)   --->   "%window_val_V_6_5 = phi i8 0, void %._crit_edge450.loopexit.i, i8 %window_val_V_6_6_1_i, void %.loopexit._crit_edge.i" [vitis_library_vision_L1/include\common/xf_video_mem.hpp:770]   --->   Operation 415 'phi' 'window_val_V_6_5' <Predicate = (!cmp22_i)> <Delay = 0.00>
ST_43 : Operation 416 [1/1] (0.00ns)   --->   "%window_val_V_6_4 = phi i8 0, void %._crit_edge450.loopexit.i, i8 %window_val_V_6_5_2, void %.loopexit._crit_edge.i"   --->   Operation 416 'phi' 'window_val_V_6_4' <Predicate = (!cmp22_i)> <Delay = 0.00>
ST_43 : Operation 417 [1/1] (0.00ns)   --->   "%window_val_V_6_3_1 = phi i8 0, void %._crit_edge450.loopexit.i, i8 %window_val_V_6_4_2, void %.loopexit._crit_edge.i"   --->   Operation 417 'phi' 'window_val_V_6_3_1' <Predicate = (!cmp22_i)> <Delay = 0.00>
ST_43 : Operation 418 [1/1] (0.00ns)   --->   "%window_val_V_6_2 = phi i8 0, void %._crit_edge450.loopexit.i, i8 %window_val_V_6_3_2, void %.loopexit._crit_edge.i"   --->   Operation 418 'phi' 'window_val_V_6_2' <Predicate = (!cmp22_i)> <Delay = 0.00>
ST_43 : Operation 419 [1/1] (0.00ns)   --->   "%window_val_V_6_1 = phi i8 0, void %._crit_edge450.loopexit.i, i8 %window_val_V_6_2_1_i, void %.loopexit._crit_edge.i" [vitis_library_vision_L1/include\common/xf_video_mem.hpp:770]   --->   Operation 419 'phi' 'window_val_V_6_1' <Predicate = (!cmp22_i)> <Delay = 0.00>
ST_43 : Operation 420 [1/1] (0.00ns)   --->   "%window_val_V_6_0 = phi i8 0, void %._crit_edge450.loopexit.i, i8 %window_val_V_6_1_1_i, void %.loopexit._crit_edge.i" [vitis_library_vision_L1/include\common/xf_video_mem.hpp:770]   --->   Operation 420 'phi' 'window_val_V_6_0' <Predicate = (!cmp22_i)> <Delay = 0.00>
ST_43 : Operation 421 [1/1] (0.00ns)   --->   "%window_val_V_5_5 = phi i8 0, void %._crit_edge450.loopexit.i, i8 %window_val_V_5_6_1_i, void %.loopexit._crit_edge.i" [vitis_library_vision_L1/include\common/xf_video_mem.hpp:770]   --->   Operation 421 'phi' 'window_val_V_5_5' <Predicate = (!cmp22_i)> <Delay = 0.00>
ST_43 : Operation 422 [1/1] (0.00ns)   --->   "%window_val_V_5_4 = phi i8 0, void %._crit_edge450.loopexit.i, i8 %window_val_V_5_5_2, void %.loopexit._crit_edge.i"   --->   Operation 422 'phi' 'window_val_V_5_4' <Predicate = (!cmp22_i)> <Delay = 0.00>
ST_43 : Operation 423 [1/1] (0.00ns)   --->   "%window_val_V_5_3_1 = phi i8 0, void %._crit_edge450.loopexit.i, i8 %window_val_V_5_4_2, void %.loopexit._crit_edge.i"   --->   Operation 423 'phi' 'window_val_V_5_3_1' <Predicate = (!cmp22_i)> <Delay = 0.00>
ST_43 : Operation 424 [1/1] (0.00ns)   --->   "%window_val_V_5_2 = phi i8 0, void %._crit_edge450.loopexit.i, i8 %window_val_V_5_3_2, void %.loopexit._crit_edge.i"   --->   Operation 424 'phi' 'window_val_V_5_2' <Predicate = (!cmp22_i)> <Delay = 0.00>
ST_43 : Operation 425 [1/1] (0.00ns)   --->   "%window_val_V_5_1 = phi i8 0, void %._crit_edge450.loopexit.i, i8 %window_val_V_5_2_1_i, void %.loopexit._crit_edge.i" [vitis_library_vision_L1/include\common/xf_video_mem.hpp:770]   --->   Operation 425 'phi' 'window_val_V_5_1' <Predicate = (!cmp22_i)> <Delay = 0.00>
ST_43 : Operation 426 [1/1] (0.00ns)   --->   "%window_val_V_5_0 = phi i8 0, void %._crit_edge450.loopexit.i, i8 %window_val_V_5_1_1_i, void %.loopexit._crit_edge.i" [vitis_library_vision_L1/include\common/xf_video_mem.hpp:770]   --->   Operation 426 'phi' 'window_val_V_5_0' <Predicate = (!cmp22_i)> <Delay = 0.00>
ST_43 : Operation 427 [1/1] (0.00ns)   --->   "%window_val_V_4_1 = phi i8 0, void %._crit_edge450.loopexit.i, i8 %window_val_V_4_2_1_i, void %.loopexit._crit_edge.i" [vitis_library_vision_L1/include\common/xf_video_mem.hpp:770]   --->   Operation 427 'phi' 'window_val_V_4_1' <Predicate = (!cmp22_i)> <Delay = 0.00>
ST_43 : Operation 428 [1/1] (0.00ns)   --->   "%window_val_V_4_0 = phi i8 0, void %._crit_edge450.loopexit.i, i8 %window_val_V_4_1_1_i, void %.loopexit._crit_edge.i" [vitis_library_vision_L1/include\common/xf_video_mem.hpp:770]   --->   Operation 428 'phi' 'window_val_V_4_0' <Predicate = (!cmp22_i)> <Delay = 0.00>
ST_43 : Operation 429 [1/1] (0.00ns)   --->   "%window_val_V_3_1 = phi i8 0, void %._crit_edge450.loopexit.i, i8 %window_val_V_3_2_1_i, void %.loopexit._crit_edge.i" [vitis_library_vision_L1/include\common/xf_video_mem.hpp:770]   --->   Operation 429 'phi' 'window_val_V_3_1' <Predicate = (!cmp22_i)> <Delay = 0.00>
ST_43 : Operation 430 [1/1] (0.00ns)   --->   "%window_val_V_3_0 = phi i8 0, void %._crit_edge450.loopexit.i, i8 %window_val_V_3_1_1_i, void %.loopexit._crit_edge.i" [vitis_library_vision_L1/include\common/xf_video_mem.hpp:770]   --->   Operation 430 'phi' 'window_val_V_3_0' <Predicate = (!cmp22_i)> <Delay = 0.00>
ST_43 : Operation 431 [1/1] (0.00ns)   --->   "%window_val_V_2_1 = phi i8 0, void %._crit_edge450.loopexit.i, i8 %window_val_V_2_2_1_i, void %.loopexit._crit_edge.i" [vitis_library_vision_L1/include\common/xf_video_mem.hpp:770]   --->   Operation 431 'phi' 'window_val_V_2_1' <Predicate = (!cmp22_i)> <Delay = 0.00>
ST_43 : Operation 432 [1/1] (0.00ns)   --->   "%window_val_V_2_0 = phi i8 0, void %._crit_edge450.loopexit.i, i8 %window_val_V_2_1_1_i, void %.loopexit._crit_edge.i" [vitis_library_vision_L1/include\common/xf_video_mem.hpp:770]   --->   Operation 432 'phi' 'window_val_V_2_0' <Predicate = (!cmp22_i)> <Delay = 0.00>
ST_43 : Operation 433 [1/1] (0.00ns)   --->   "%window_val_V_1_5 = phi i8 0, void %._crit_edge450.loopexit.i, i8 %window_val_V_1_6_1_i, void %.loopexit._crit_edge.i" [vitis_library_vision_L1/include\common/xf_video_mem.hpp:770]   --->   Operation 433 'phi' 'window_val_V_1_5' <Predicate = (!cmp22_i)> <Delay = 0.00>
ST_43 : Operation 434 [1/1] (0.00ns)   --->   "%window_val_V_1_4 = phi i8 0, void %._crit_edge450.loopexit.i, i8 %window_val_V_1_5_2, void %.loopexit._crit_edge.i"   --->   Operation 434 'phi' 'window_val_V_1_4' <Predicate = (!cmp22_i)> <Delay = 0.00>
ST_43 : Operation 435 [1/1] (0.00ns)   --->   "%window_val_V_1_3_1 = phi i8 0, void %._crit_edge450.loopexit.i, i8 %window_val_V_1_4_2, void %.loopexit._crit_edge.i"   --->   Operation 435 'phi' 'window_val_V_1_3_1' <Predicate = (!cmp22_i)> <Delay = 0.00>
ST_43 : Operation 436 [1/1] (0.00ns)   --->   "%window_val_V_1_2 = phi i8 0, void %._crit_edge450.loopexit.i, i8 %window_val_V_1_3_2, void %.loopexit._crit_edge.i"   --->   Operation 436 'phi' 'window_val_V_1_2' <Predicate = (!cmp22_i)> <Delay = 0.00>
ST_43 : Operation 437 [1/1] (0.00ns)   --->   "%window_val_V_1_1 = phi i8 0, void %._crit_edge450.loopexit.i, i8 %window_val_V_1_2_1_i, void %.loopexit._crit_edge.i" [vitis_library_vision_L1/include\common/xf_video_mem.hpp:770]   --->   Operation 437 'phi' 'window_val_V_1_1' <Predicate = (!cmp22_i)> <Delay = 0.00>
ST_43 : Operation 438 [1/1] (0.00ns)   --->   "%window_val_V_1_0 = phi i8 0, void %._crit_edge450.loopexit.i, i8 %window_val_V_1_1_1_i, void %.loopexit._crit_edge.i" [vitis_library_vision_L1/include\common/xf_video_mem.hpp:770]   --->   Operation 438 'phi' 'window_val_V_1_0' <Predicate = (!cmp22_i)> <Delay = 0.00>
ST_43 : Operation 439 [1/1] (0.00ns)   --->   "%window_val_V_0_5 = phi i8 0, void %._crit_edge450.loopexit.i, i8 %window_val_V_0_6_1_i, void %.loopexit._crit_edge.i" [vitis_library_vision_L1/include\common/xf_video_mem.hpp:770]   --->   Operation 439 'phi' 'window_val_V_0_5' <Predicate = (!cmp22_i)> <Delay = 0.00>
ST_43 : Operation 440 [1/1] (0.00ns)   --->   "%window_val_V_0_4 = phi i8 0, void %._crit_edge450.loopexit.i, i8 %window_val_V_0_5_2, void %.loopexit._crit_edge.i"   --->   Operation 440 'phi' 'window_val_V_0_4' <Predicate = (!cmp22_i)> <Delay = 0.00>
ST_43 : Operation 441 [1/1] (0.00ns)   --->   "%window_val_V_0_3_1 = phi i8 0, void %._crit_edge450.loopexit.i, i8 %window_val_V_0_4_2, void %.loopexit._crit_edge.i"   --->   Operation 441 'phi' 'window_val_V_0_3_1' <Predicate = (!cmp22_i)> <Delay = 0.00>
ST_43 : Operation 442 [1/1] (0.00ns)   --->   "%window_val_V_0_2 = phi i8 0, void %._crit_edge450.loopexit.i, i8 %window_val_V_0_3_2, void %.loopexit._crit_edge.i"   --->   Operation 442 'phi' 'window_val_V_0_2' <Predicate = (!cmp22_i)> <Delay = 0.00>
ST_43 : Operation 443 [1/1] (0.00ns)   --->   "%window_val_V_0_1 = phi i8 0, void %._crit_edge450.loopexit.i, i8 %window_val_V_0_2_1_i, void %.loopexit._crit_edge.i" [vitis_library_vision_L1/include\common/xf_video_mem.hpp:770]   --->   Operation 443 'phi' 'window_val_V_0_1' <Predicate = (!cmp22_i)> <Delay = 0.00>
ST_43 : Operation 444 [1/1] (0.00ns)   --->   "%window_val_V_0_0 = phi i8 0, void %._crit_edge450.loopexit.i, i8 %window_val_V_0_1_1_i, void %.loopexit._crit_edge.i" [vitis_library_vision_L1/include\common/xf_video_mem.hpp:770]   --->   Operation 444 'phi' 'window_val_V_0_0' <Predicate = (!cmp22_i)> <Delay = 0.00>
ST_43 : Operation 445 [1/1] (0.00ns)   --->   "%window_val_V_6_5_4 = phi i8 0, void %._crit_edge450.loopexit.i, i8 %window_val_V_6_6, void %.loopexit._crit_edge.i"   --->   Operation 445 'phi' 'window_val_V_6_5_4' <Predicate = true> <Delay = 0.00>
ST_43 : Operation 446 [1/1] (0.00ns)   --->   "%window_val_V_6_4_4 = phi i8 0, void %._crit_edge450.loopexit.i, i8 %window_val_V_6_5_4, void %.loopexit._crit_edge.i"   --->   Operation 446 'phi' 'window_val_V_6_4_4' <Predicate = true> <Delay = 0.00>
ST_43 : Operation 447 [1/1] (0.00ns)   --->   "%window_val_V_6_3 = phi i8 0, void %._crit_edge450.loopexit.i, i8 %window_val_V_6_4_4, void %.loopexit._crit_edge.i"   --->   Operation 447 'phi' 'window_val_V_6_3' <Predicate = (cmp22_i)> <Delay = 0.00>
ST_43 : Operation 448 [1/1] (0.00ns)   --->   "%window_val_V_5_5_4 = phi i8 0, void %._crit_edge450.loopexit.i, i8 %window_val_V_5_6, void %.loopexit._crit_edge.i"   --->   Operation 448 'phi' 'window_val_V_5_5_4' <Predicate = true> <Delay = 0.00>
ST_43 : Operation 449 [1/1] (0.00ns)   --->   "%window_val_V_5_4_4 = phi i8 0, void %._crit_edge450.loopexit.i, i8 %window_val_V_5_5_4, void %.loopexit._crit_edge.i"   --->   Operation 449 'phi' 'window_val_V_5_4_4' <Predicate = true> <Delay = 0.00>
ST_43 : Operation 450 [1/1] (0.00ns)   --->   "%window_val_V_5_3 = phi i8 0, void %._crit_edge450.loopexit.i, i8 %window_val_V_5_4_4, void %.loopexit._crit_edge.i"   --->   Operation 450 'phi' 'window_val_V_5_3' <Predicate = (cmp22_i)> <Delay = 0.00>
ST_43 : Operation 451 [1/1] (0.00ns)   --->   "%window_val_V_1_5_4 = phi i8 0, void %._crit_edge450.loopexit.i, i8 %window_val_V_1_6, void %.loopexit._crit_edge.i"   --->   Operation 451 'phi' 'window_val_V_1_5_4' <Predicate = true> <Delay = 0.00>
ST_43 : Operation 452 [1/1] (0.00ns)   --->   "%window_val_V_1_4_4 = phi i8 0, void %._crit_edge450.loopexit.i, i8 %window_val_V_1_5_4, void %.loopexit._crit_edge.i"   --->   Operation 452 'phi' 'window_val_V_1_4_4' <Predicate = true> <Delay = 0.00>
ST_43 : Operation 453 [1/1] (0.00ns)   --->   "%window_val_V_1_3 = phi i8 0, void %._crit_edge450.loopexit.i, i8 %window_val_V_1_4_4, void %.loopexit._crit_edge.i"   --->   Operation 453 'phi' 'window_val_V_1_3' <Predicate = (cmp22_i)> <Delay = 0.00>
ST_43 : Operation 454 [1/1] (0.00ns)   --->   "%window_val_V_0_5_4 = phi i8 0, void %._crit_edge450.loopexit.i, i8 %window_val_V_0_6, void %.loopexit._crit_edge.i"   --->   Operation 454 'phi' 'window_val_V_0_5_4' <Predicate = true> <Delay = 0.00>
ST_43 : Operation 455 [1/1] (0.00ns)   --->   "%window_val_V_0_4_4 = phi i8 0, void %._crit_edge450.loopexit.i, i8 %window_val_V_0_5_4, void %.loopexit._crit_edge.i"   --->   Operation 455 'phi' 'window_val_V_0_4_4' <Predicate = true> <Delay = 0.00>
ST_43 : Operation 456 [1/1] (0.00ns)   --->   "%window_val_V_0_3 = phi i8 0, void %._crit_edge450.loopexit.i, i8 %window_val_V_0_4_4, void %.loopexit._crit_edge.i"   --->   Operation 456 'phi' 'window_val_V_0_3' <Predicate = (cmp22_i)> <Delay = 0.00>
ST_43 : Operation 457 [1/1] (0.00ns)   --->   "%specpipeline_ln0 = specpipeline void @_ssdm_op_SpecPipeline, i32 4294967295, i32 0, i32 1, i32 0, void @p_str28"   --->   Operation 457 'specpipeline' 'specpipeline_ln0' <Predicate = true> <Delay = 0.00>
ST_43 : Operation 458 [1/1] (0.00ns) (grouped into LUT with out node window_val_V_0_6_1_i)   --->   "%select_ln201 = select i1 %icmp, i8 %window_val_V_0_6, i8 0" [src/ORB.cpp:201]   --->   Operation 458 'select' 'select_ln201' <Predicate = (!icmp_ln174 & !cmp22_i)> <Delay = 0.00> <CoreInst = "Sel">   --->   Core 73 'Sel' <Latency = 0> <II = 1> <Delay = 0.39> <FuncUnit> <Opcode : 'select'> <InPorts = 3> <OutPorts = 1>
ST_43 : Operation 459 [1/1] (0.39ns) (out node of the LUT)   --->   "%window_val_V_0_6_1_i = select i1 %cmp22_i, i8 %window_val_V_0_6, i8 %select_ln201" [vitis_library_vision_L1/include\common/xf_video_mem.hpp:770]   --->   Operation 459 'select' 'window_val_V_0_6_1_i' <Predicate = (!icmp_ln174)> <Delay = 0.39> <CoreInst = "Sel">   --->   Core 73 'Sel' <Latency = 0> <II = 1> <Delay = 0.39> <FuncUnit> <Opcode : 'select'> <InPorts = 3> <OutPorts = 1>
ST_43 : Operation 460 [1/1] (0.39ns)   --->   "%window_val_V_0_5_2 = select i1 %cmp22_i, i8 %window_val_V_0_5_4, i8 %window_val_V_0_5" [vitis_library_vision_L1/include\common/xf_video_mem.hpp:770]   --->   Operation 460 'select' 'window_val_V_0_5_2' <Predicate = (!icmp_ln174)> <Delay = 0.39> <CoreInst = "Sel">   --->   Core 73 'Sel' <Latency = 0> <II = 1> <Delay = 0.39> <FuncUnit> <Opcode : 'select'> <InPorts = 3> <OutPorts = 1>
ST_43 : Operation 461 [1/1] (0.39ns)   --->   "%window_val_V_0_4_2 = select i1 %cmp22_i, i8 %window_val_V_0_4_4, i8 %window_val_V_0_4" [vitis_library_vision_L1/include\common/xf_video_mem.hpp:770]   --->   Operation 461 'select' 'window_val_V_0_4_2' <Predicate = (!icmp_ln174)> <Delay = 0.39> <CoreInst = "Sel">   --->   Core 73 'Sel' <Latency = 0> <II = 1> <Delay = 0.39> <FuncUnit> <Opcode : 'select'> <InPorts = 3> <OutPorts = 1>
ST_43 : Operation 462 [1/1] (0.39ns)   --->   "%window_val_V_0_3_2 = select i1 %cmp22_i, i8 %window_val_V_0_3, i8 %window_val_V_0_3_1" [vitis_library_vision_L1/include\common/xf_video_mem.hpp:770]   --->   Operation 462 'select' 'window_val_V_0_3_2' <Predicate = (!icmp_ln174)> <Delay = 0.39> <CoreInst = "Sel">   --->   Core 73 'Sel' <Latency = 0> <II = 1> <Delay = 0.39> <FuncUnit> <Opcode : 'select'> <InPorts = 3> <OutPorts = 1>
ST_43 : Operation 463 [1/1] (0.39ns)   --->   "%window_val_V_0_2_1_i = select i1 %cmp22_i, i8 0, i8 %window_val_V_0_2" [vitis_library_vision_L1/include\common/xf_video_mem.hpp:770]   --->   Operation 463 'select' 'window_val_V_0_2_1_i' <Predicate = (!icmp_ln174)> <Delay = 0.39> <CoreInst = "Sel">   --->   Core 73 'Sel' <Latency = 0> <II = 1> <Delay = 0.39> <FuncUnit> <Opcode : 'select'> <InPorts = 3> <OutPorts = 1>
ST_43 : Operation 464 [1/1] (0.39ns)   --->   "%window_val_V_0_1_1_i = select i1 %cmp22_i, i8 0, i8 %window_val_V_0_1" [vitis_library_vision_L1/include\common/xf_video_mem.hpp:770]   --->   Operation 464 'select' 'window_val_V_0_1_1_i' <Predicate = (!icmp_ln174)> <Delay = 0.39> <CoreInst = "Sel">   --->   Core 73 'Sel' <Latency = 0> <II = 1> <Delay = 0.39> <FuncUnit> <Opcode : 'select'> <InPorts = 3> <OutPorts = 1>
ST_43 : Operation 465 [1/1] (0.39ns)   --->   "%window_val_V_0_0_0_i = select i1 %cmp22_i, i8 0, i8 %window_val_V_0_0" [vitis_library_vision_L1/include\common/xf_video_mem.hpp:770]   --->   Operation 465 'select' 'window_val_V_0_0_0_i' <Predicate = (!icmp_ln174)> <Delay = 0.39> <CoreInst = "Sel">   --->   Core 73 'Sel' <Latency = 0> <II = 1> <Delay = 0.39> <FuncUnit> <Opcode : 'select'> <InPorts = 3> <OutPorts = 1>
ST_43 : Operation 466 [1/1] (0.00ns) (grouped into LUT with out node window_val_V_1_6_1_i)   --->   "%select_ln201_1 = select i1 %icmp, i8 %window_val_V_1_6, i8 0" [src/ORB.cpp:201]   --->   Operation 466 'select' 'select_ln201_1' <Predicate = (!icmp_ln174 & !cmp22_i)> <Delay = 0.00> <CoreInst = "Sel">   --->   Core 73 'Sel' <Latency = 0> <II = 1> <Delay = 0.39> <FuncUnit> <Opcode : 'select'> <InPorts = 3> <OutPorts = 1>
ST_43 : Operation 467 [1/1] (0.39ns) (out node of the LUT)   --->   "%window_val_V_1_6_1_i = select i1 %cmp22_i, i8 %window_val_V_1_6, i8 %select_ln201_1" [vitis_library_vision_L1/include\common/xf_video_mem.hpp:770]   --->   Operation 467 'select' 'window_val_V_1_6_1_i' <Predicate = (!icmp_ln174)> <Delay = 0.39> <CoreInst = "Sel">   --->   Core 73 'Sel' <Latency = 0> <II = 1> <Delay = 0.39> <FuncUnit> <Opcode : 'select'> <InPorts = 3> <OutPorts = 1>
ST_43 : Operation 468 [1/1] (0.39ns)   --->   "%window_val_V_1_5_2 = select i1 %cmp22_i, i8 %window_val_V_1_5_4, i8 %window_val_V_1_5" [vitis_library_vision_L1/include\common/xf_video_mem.hpp:770]   --->   Operation 468 'select' 'window_val_V_1_5_2' <Predicate = (!icmp_ln174)> <Delay = 0.39> <CoreInst = "Sel">   --->   Core 73 'Sel' <Latency = 0> <II = 1> <Delay = 0.39> <FuncUnit> <Opcode : 'select'> <InPorts = 3> <OutPorts = 1>
ST_43 : Operation 469 [1/1] (0.39ns)   --->   "%window_val_V_1_4_2 = select i1 %cmp22_i, i8 %window_val_V_1_4_4, i8 %window_val_V_1_4" [vitis_library_vision_L1/include\common/xf_video_mem.hpp:770]   --->   Operation 469 'select' 'window_val_V_1_4_2' <Predicate = (!icmp_ln174)> <Delay = 0.39> <CoreInst = "Sel">   --->   Core 73 'Sel' <Latency = 0> <II = 1> <Delay = 0.39> <FuncUnit> <Opcode : 'select'> <InPorts = 3> <OutPorts = 1>
ST_43 : Operation 470 [1/1] (0.39ns)   --->   "%window_val_V_1_3_2 = select i1 %cmp22_i, i8 %window_val_V_1_3, i8 %window_val_V_1_3_1" [vitis_library_vision_L1/include\common/xf_video_mem.hpp:770]   --->   Operation 470 'select' 'window_val_V_1_3_2' <Predicate = (!icmp_ln174)> <Delay = 0.39> <CoreInst = "Sel">   --->   Core 73 'Sel' <Latency = 0> <II = 1> <Delay = 0.39> <FuncUnit> <Opcode : 'select'> <InPorts = 3> <OutPorts = 1>
ST_43 : Operation 471 [1/1] (0.39ns)   --->   "%window_val_V_1_2_1_i = select i1 %cmp22_i, i8 0, i8 %window_val_V_1_2" [vitis_library_vision_L1/include\common/xf_video_mem.hpp:770]   --->   Operation 471 'select' 'window_val_V_1_2_1_i' <Predicate = (!icmp_ln174)> <Delay = 0.39> <CoreInst = "Sel">   --->   Core 73 'Sel' <Latency = 0> <II = 1> <Delay = 0.39> <FuncUnit> <Opcode : 'select'> <InPorts = 3> <OutPorts = 1>
ST_43 : Operation 472 [1/1] (0.39ns)   --->   "%window_val_V_1_1_1_i = select i1 %cmp22_i, i8 0, i8 %window_val_V_1_1" [vitis_library_vision_L1/include\common/xf_video_mem.hpp:770]   --->   Operation 472 'select' 'window_val_V_1_1_1_i' <Predicate = (!icmp_ln174)> <Delay = 0.39> <CoreInst = "Sel">   --->   Core 73 'Sel' <Latency = 0> <II = 1> <Delay = 0.39> <FuncUnit> <Opcode : 'select'> <InPorts = 3> <OutPorts = 1>
ST_43 : Operation 473 [1/1] (0.39ns)   --->   "%window_val_V_1_0_0_i = select i1 %cmp22_i, i8 0, i8 %window_val_V_1_0" [vitis_library_vision_L1/include\common/xf_video_mem.hpp:770]   --->   Operation 473 'select' 'window_val_V_1_0_0_i' <Predicate = (!icmp_ln174)> <Delay = 0.39> <CoreInst = "Sel">   --->   Core 73 'Sel' <Latency = 0> <II = 1> <Delay = 0.39> <FuncUnit> <Opcode : 'select'> <InPorts = 3> <OutPorts = 1>
ST_43 : Operation 474 [1/1] (0.39ns)   --->   "%window_val_V_2_1_1_i = select i1 %cmp22_i, i8 0, i8 %window_val_V_2_1" [vitis_library_vision_L1/include\common/xf_video_mem.hpp:770]   --->   Operation 474 'select' 'window_val_V_2_1_1_i' <Predicate = (!icmp_ln174)> <Delay = 0.39> <CoreInst = "Sel">   --->   Core 73 'Sel' <Latency = 0> <II = 1> <Delay = 0.39> <FuncUnit> <Opcode : 'select'> <InPorts = 3> <OutPorts = 1>
ST_43 : Operation 475 [1/1] (0.39ns)   --->   "%window_val_V_2_0_0_i = select i1 %cmp22_i, i8 0, i8 %window_val_V_2_0" [vitis_library_vision_L1/include\common/xf_video_mem.hpp:770]   --->   Operation 475 'select' 'window_val_V_2_0_0_i' <Predicate = (!icmp_ln174)> <Delay = 0.39> <CoreInst = "Sel">   --->   Core 73 'Sel' <Latency = 0> <II = 1> <Delay = 0.39> <FuncUnit> <Opcode : 'select'> <InPorts = 3> <OutPorts = 1>
ST_43 : Operation 476 [1/1] (0.39ns)   --->   "%window_val_V_3_1_1_i = select i1 %cmp22_i, i8 0, i8 %window_val_V_3_1" [vitis_library_vision_L1/include\common/xf_video_mem.hpp:770]   --->   Operation 476 'select' 'window_val_V_3_1_1_i' <Predicate = (!icmp_ln174)> <Delay = 0.39> <CoreInst = "Sel">   --->   Core 73 'Sel' <Latency = 0> <II = 1> <Delay = 0.39> <FuncUnit> <Opcode : 'select'> <InPorts = 3> <OutPorts = 1>
ST_43 : Operation 477 [1/1] (0.39ns)   --->   "%window_val_V_3_0_0_i = select i1 %cmp22_i, i8 0, i8 %window_val_V_3_0" [vitis_library_vision_L1/include\common/xf_video_mem.hpp:770]   --->   Operation 477 'select' 'window_val_V_3_0_0_i' <Predicate = (!icmp_ln174)> <Delay = 0.39> <CoreInst = "Sel">   --->   Core 73 'Sel' <Latency = 0> <II = 1> <Delay = 0.39> <FuncUnit> <Opcode : 'select'> <InPorts = 3> <OutPorts = 1>
ST_43 : Operation 478 [1/1] (0.39ns)   --->   "%window_val_V_4_1_1_i = select i1 %cmp22_i, i8 0, i8 %window_val_V_4_1" [vitis_library_vision_L1/include\common/xf_video_mem.hpp:770]   --->   Operation 478 'select' 'window_val_V_4_1_1_i' <Predicate = (!icmp_ln174)> <Delay = 0.39> <CoreInst = "Sel">   --->   Core 73 'Sel' <Latency = 0> <II = 1> <Delay = 0.39> <FuncUnit> <Opcode : 'select'> <InPorts = 3> <OutPorts = 1>
ST_43 : Operation 479 [1/1] (0.39ns)   --->   "%window_val_V_4_0_0_i = select i1 %cmp22_i, i8 0, i8 %window_val_V_4_0" [vitis_library_vision_L1/include\common/xf_video_mem.hpp:770]   --->   Operation 479 'select' 'window_val_V_4_0_0_i' <Predicate = (!icmp_ln174)> <Delay = 0.39> <CoreInst = "Sel">   --->   Core 73 'Sel' <Latency = 0> <II = 1> <Delay = 0.39> <FuncUnit> <Opcode : 'select'> <InPorts = 3> <OutPorts = 1>
ST_43 : Operation 480 [1/1] (0.00ns) (grouped into LUT with out node window_val_V_5_6_1_i)   --->   "%select_ln201_5 = select i1 %icmp, i8 %window_val_V_5_6, i8 0" [src/ORB.cpp:201]   --->   Operation 480 'select' 'select_ln201_5' <Predicate = (!icmp_ln174 & !cmp22_i)> <Delay = 0.00> <CoreInst = "Sel">   --->   Core 73 'Sel' <Latency = 0> <II = 1> <Delay = 0.39> <FuncUnit> <Opcode : 'select'> <InPorts = 3> <OutPorts = 1>
ST_43 : Operation 481 [1/1] (0.39ns) (out node of the LUT)   --->   "%window_val_V_5_6_1_i = select i1 %cmp22_i, i8 %window_val_V_5_6, i8 %select_ln201_5" [vitis_library_vision_L1/include\common/xf_video_mem.hpp:770]   --->   Operation 481 'select' 'window_val_V_5_6_1_i' <Predicate = (!icmp_ln174)> <Delay = 0.39> <CoreInst = "Sel">   --->   Core 73 'Sel' <Latency = 0> <II = 1> <Delay = 0.39> <FuncUnit> <Opcode : 'select'> <InPorts = 3> <OutPorts = 1>
ST_43 : Operation 482 [1/1] (0.39ns)   --->   "%window_val_V_5_5_2 = select i1 %cmp22_i, i8 %window_val_V_5_5_4, i8 %window_val_V_5_5" [vitis_library_vision_L1/include\common/xf_video_mem.hpp:770]   --->   Operation 482 'select' 'window_val_V_5_5_2' <Predicate = (!icmp_ln174)> <Delay = 0.39> <CoreInst = "Sel">   --->   Core 73 'Sel' <Latency = 0> <II = 1> <Delay = 0.39> <FuncUnit> <Opcode : 'select'> <InPorts = 3> <OutPorts = 1>
ST_43 : Operation 483 [1/1] (0.39ns)   --->   "%window_val_V_5_4_2 = select i1 %cmp22_i, i8 %window_val_V_5_4_4, i8 %window_val_V_5_4" [vitis_library_vision_L1/include\common/xf_video_mem.hpp:770]   --->   Operation 483 'select' 'window_val_V_5_4_2' <Predicate = (!icmp_ln174)> <Delay = 0.39> <CoreInst = "Sel">   --->   Core 73 'Sel' <Latency = 0> <II = 1> <Delay = 0.39> <FuncUnit> <Opcode : 'select'> <InPorts = 3> <OutPorts = 1>
ST_43 : Operation 484 [1/1] (0.39ns)   --->   "%window_val_V_5_3_2 = select i1 %cmp22_i, i8 %window_val_V_5_3, i8 %window_val_V_5_3_1" [vitis_library_vision_L1/include\common/xf_video_mem.hpp:770]   --->   Operation 484 'select' 'window_val_V_5_3_2' <Predicate = (!icmp_ln174)> <Delay = 0.39> <CoreInst = "Sel">   --->   Core 73 'Sel' <Latency = 0> <II = 1> <Delay = 0.39> <FuncUnit> <Opcode : 'select'> <InPorts = 3> <OutPorts = 1>
ST_43 : Operation 485 [1/1] (0.39ns)   --->   "%window_val_V_5_2_1_i = select i1 %cmp22_i, i8 0, i8 %window_val_V_5_2" [vitis_library_vision_L1/include\common/xf_video_mem.hpp:770]   --->   Operation 485 'select' 'window_val_V_5_2_1_i' <Predicate = (!icmp_ln174)> <Delay = 0.39> <CoreInst = "Sel">   --->   Core 73 'Sel' <Latency = 0> <II = 1> <Delay = 0.39> <FuncUnit> <Opcode : 'select'> <InPorts = 3> <OutPorts = 1>
ST_43 : Operation 486 [1/1] (0.39ns)   --->   "%window_val_V_5_1_1_i = select i1 %cmp22_i, i8 0, i8 %window_val_V_5_1" [vitis_library_vision_L1/include\common/xf_video_mem.hpp:770]   --->   Operation 486 'select' 'window_val_V_5_1_1_i' <Predicate = (!icmp_ln174)> <Delay = 0.39> <CoreInst = "Sel">   --->   Core 73 'Sel' <Latency = 0> <II = 1> <Delay = 0.39> <FuncUnit> <Opcode : 'select'> <InPorts = 3> <OutPorts = 1>
ST_43 : Operation 487 [1/1] (0.39ns)   --->   "%window_val_V_5_0_0_i = select i1 %cmp22_i, i8 0, i8 %window_val_V_5_0" [vitis_library_vision_L1/include\common/xf_video_mem.hpp:770]   --->   Operation 487 'select' 'window_val_V_5_0_0_i' <Predicate = (!icmp_ln174)> <Delay = 0.39> <CoreInst = "Sel">   --->   Core 73 'Sel' <Latency = 0> <II = 1> <Delay = 0.39> <FuncUnit> <Opcode : 'select'> <InPorts = 3> <OutPorts = 1>
ST_43 : Operation 488 [1/1] (0.00ns) (grouped into LUT with out node window_val_V_6_6_1_i)   --->   "%select_ln201_6 = select i1 %icmp, i8 %window_val_V_6_6, i8 0" [src/ORB.cpp:201]   --->   Operation 488 'select' 'select_ln201_6' <Predicate = (!icmp_ln174 & !cmp22_i)> <Delay = 0.00> <CoreInst = "Sel">   --->   Core 73 'Sel' <Latency = 0> <II = 1> <Delay = 0.39> <FuncUnit> <Opcode : 'select'> <InPorts = 3> <OutPorts = 1>
ST_43 : Operation 489 [1/1] (0.39ns) (out node of the LUT)   --->   "%window_val_V_6_6_1_i = select i1 %cmp22_i, i8 %window_val_V_6_6, i8 %select_ln201_6" [vitis_library_vision_L1/include\common/xf_video_mem.hpp:770]   --->   Operation 489 'select' 'window_val_V_6_6_1_i' <Predicate = (!icmp_ln174)> <Delay = 0.39> <CoreInst = "Sel">   --->   Core 73 'Sel' <Latency = 0> <II = 1> <Delay = 0.39> <FuncUnit> <Opcode : 'select'> <InPorts = 3> <OutPorts = 1>
ST_43 : Operation 490 [1/1] (0.39ns)   --->   "%window_val_V_6_5_2 = select i1 %cmp22_i, i8 %window_val_V_6_5_4, i8 %window_val_V_6_5" [vitis_library_vision_L1/include\common/xf_video_mem.hpp:770]   --->   Operation 490 'select' 'window_val_V_6_5_2' <Predicate = (!icmp_ln174)> <Delay = 0.39> <CoreInst = "Sel">   --->   Core 73 'Sel' <Latency = 0> <II = 1> <Delay = 0.39> <FuncUnit> <Opcode : 'select'> <InPorts = 3> <OutPorts = 1>
ST_43 : Operation 491 [1/1] (0.39ns)   --->   "%window_val_V_6_4_2 = select i1 %cmp22_i, i8 %window_val_V_6_4_4, i8 %window_val_V_6_4" [vitis_library_vision_L1/include\common/xf_video_mem.hpp:770]   --->   Operation 491 'select' 'window_val_V_6_4_2' <Predicate = (!icmp_ln174)> <Delay = 0.39> <CoreInst = "Sel">   --->   Core 73 'Sel' <Latency = 0> <II = 1> <Delay = 0.39> <FuncUnit> <Opcode : 'select'> <InPorts = 3> <OutPorts = 1>
ST_43 : Operation 492 [1/1] (0.39ns)   --->   "%window_val_V_6_3_2 = select i1 %cmp22_i, i8 %window_val_V_6_3, i8 %window_val_V_6_3_1" [vitis_library_vision_L1/include\common/xf_video_mem.hpp:770]   --->   Operation 492 'select' 'window_val_V_6_3_2' <Predicate = (!icmp_ln174)> <Delay = 0.39> <CoreInst = "Sel">   --->   Core 73 'Sel' <Latency = 0> <II = 1> <Delay = 0.39> <FuncUnit> <Opcode : 'select'> <InPorts = 3> <OutPorts = 1>
ST_43 : Operation 493 [1/1] (0.39ns)   --->   "%window_val_V_6_2_1_i = select i1 %cmp22_i, i8 0, i8 %window_val_V_6_2" [vitis_library_vision_L1/include\common/xf_video_mem.hpp:770]   --->   Operation 493 'select' 'window_val_V_6_2_1_i' <Predicate = (!icmp_ln174)> <Delay = 0.39> <CoreInst = "Sel">   --->   Core 73 'Sel' <Latency = 0> <II = 1> <Delay = 0.39> <FuncUnit> <Opcode : 'select'> <InPorts = 3> <OutPorts = 1>
ST_43 : Operation 494 [1/1] (0.39ns)   --->   "%window_val_V_6_1_1_i = select i1 %cmp22_i, i8 0, i8 %window_val_V_6_1" [vitis_library_vision_L1/include\common/xf_video_mem.hpp:770]   --->   Operation 494 'select' 'window_val_V_6_1_1_i' <Predicate = (!icmp_ln174)> <Delay = 0.39> <CoreInst = "Sel">   --->   Core 73 'Sel' <Latency = 0> <II = 1> <Delay = 0.39> <FuncUnit> <Opcode : 'select'> <InPorts = 3> <OutPorts = 1>
ST_43 : Operation 495 [1/1] (0.39ns)   --->   "%window_val_V_6_0_0_i = select i1 %cmp22_i, i8 0, i8 %window_val_V_6_0" [vitis_library_vision_L1/include\common/xf_video_mem.hpp:770]   --->   Operation 495 'select' 'window_val_V_6_0_0_i' <Predicate = (!icmp_ln174)> <Delay = 0.39> <CoreInst = "Sel">   --->   Core 73 'Sel' <Latency = 0> <II = 1> <Delay = 0.39> <FuncUnit> <Opcode : 'select'> <InPorts = 3> <OutPorts = 1>
ST_43 : Operation 496 [1/1] (0.00ns)   --->   "%shl_ln = bitconcatenate i14 @_ssdm_op_BitConcatenate.i14.i8.i6, i8 %window_val_V_0_0_0_i, i6 0"   --->   Operation 496 'bitconcatenate' 'shl_ln' <Predicate = (!icmp_ln174 & and_ln207)> <Delay = 0.00>
ST_43 : Operation 497 [1/1] (0.00ns)   --->   "%zext_ln1118 = zext i14 %shl_ln"   --->   Operation 497 'zext' 'zext_ln1118' <Predicate = (!icmp_ln174 & and_ln207)> <Delay = 0.00>
ST_43 : Operation 498 [1/1] (0.00ns)   --->   "%shl_ln1118_1 = bitconcatenate i12 @_ssdm_op_BitConcatenate.i12.i8.i4, i8 %window_val_V_0_0_0_i, i4 0"   --->   Operation 498 'bitconcatenate' 'shl_ln1118_1' <Predicate = (!icmp_ln174 & and_ln207)> <Delay = 0.00>
ST_43 : Operation 499 [1/1] (0.00ns)   --->   "%zext_ln1118_2 = zext i12 %shl_ln1118_1"   --->   Operation 499 'zext' 'zext_ln1118_2' <Predicate = (!icmp_ln174 & and_ln207)> <Delay = 0.00>
ST_43 : Operation 500 [1/1] (0.83ns)   --->   "%add_ln1118 = add i15 %zext_ln1118, i15 %zext_ln1118_2"   --->   Operation 500 'add' 'add_ln1118' <Predicate = (!icmp_ln174 & and_ln207)> <Delay = 0.83> <CoreInst = "Adder">   --->   Core 1 'Adder' <Latency = 0> <II = 1> <Delay = 0.83> <FuncUnit> <Opcode : 'add' 'sub'> <InPorts = 2> <OutPorts = 1>
ST_43 : Operation 501 [1/1] (0.00ns)   --->   "%tmp_41 = bitselect i1 @_ssdm_op_BitSelect.i1.i15.i32, i15 %add_ln1118, i32 14"   --->   Operation 501 'bitselect' 'tmp_41' <Predicate = (!icmp_ln174 & and_ln207)> <Delay = 0.00>
ST_43 : Operation 502 [1/1] (0.00ns)   --->   "%zext_ln1118_3 = zext i1 %tmp_41"   --->   Operation 502 'zext' 'zext_ln1118_3' <Predicate = (!icmp_ln174 & and_ln207)> <Delay = 0.00>
ST_43 : Operation 503 [1/1] (0.00ns)   --->   "%zext_ln1118_4 = zext i8 %window_val_V_0_1_1_i"   --->   Operation 503 'zext' 'zext_ln1118_4' <Predicate = (!icmp_ln174 & and_ln207)> <Delay = 0.00>
ST_43 : Operation 504 [1/1] (1.74ns)   --->   "%mul_ln1118 = mul i16 %zext_ln1118_4, i16 150"   --->   Operation 504 'mul' 'mul_ln1118' <Predicate = (!icmp_ln174 & and_ln207)> <Delay = 1.74> <CoreInst = "Multiplier">   --->   Core 3 'Multiplier' <Latency = 0> <II = 1> <Delay = 1.74> <FuncUnit> <Opcode : 'mul'> <InPorts = 2> <OutPorts = 1>
ST_43 : Operation 505 [1/1] (0.00ns)   --->   "%tmp_8 = partselect i2 @_ssdm_op_PartSelect.i2.i16.i32.i32, i16 %mul_ln1118, i32 14, i32 15"   --->   Operation 505 'partselect' 'tmp_8' <Predicate = (!icmp_ln174 & and_ln207)> <Delay = 0.00>
ST_43 : Operation 506 [1/1] (0.00ns)   --->   "%zext_ln1118_6 = zext i2 %tmp_8"   --->   Operation 506 'zext' 'zext_ln1118_6' <Predicate = (!icmp_ln174 & and_ln207)> <Delay = 0.00>
ST_43 : Operation 507 [1/1] (0.00ns)   --->   "%zext_ln1118_5 = zext i8 %window_val_V_0_2_1_i"   --->   Operation 507 'zext' 'zext_ln1118_5' <Predicate = (!icmp_ln174 & and_ln207)> <Delay = 0.00>
ST_43 : Operation 508 [1/1] (1.74ns)   --->   "%mul_ln1118_1 = mul i16 %zext_ln1118_5, i16 219"   --->   Operation 508 'mul' 'mul_ln1118_1' <Predicate = (!icmp_ln174 & and_ln207)> <Delay = 1.74> <CoreInst = "Multiplier">   --->   Core 3 'Multiplier' <Latency = 0> <II = 1> <Delay = 1.74> <FuncUnit> <Opcode : 'mul'> <InPorts = 2> <OutPorts = 1>
ST_43 : Operation 509 [1/1] (0.00ns)   --->   "%tmp_9 = partselect i2 @_ssdm_op_PartSelect.i2.i16.i32.i32, i16 %mul_ln1118_1, i32 14, i32 15"   --->   Operation 509 'partselect' 'tmp_9' <Predicate = (!icmp_ln174 & and_ln207)> <Delay = 0.00>
ST_43 : Operation 510 [1/1] (0.00ns)   --->   "%zext_ln1118_7 = zext i2 %tmp_9"   --->   Operation 510 'zext' 'zext_ln1118_7' <Predicate = (!icmp_ln174 & and_ln207)> <Delay = 0.00>
ST_43 : Operation 511 [1/1] (0.00ns)   --->   "%zext_ln1118_10 = zext i8 %window_val_V_0_4_2"   --->   Operation 511 'zext' 'zext_ln1118_10' <Predicate = (!icmp_ln174 & and_ln207)> <Delay = 0.00>
ST_43 : Operation 512 [1/1] (1.74ns)   --->   "%mul_ln1118_2 = mul i16 %zext_ln1118_10, i16 219"   --->   Operation 512 'mul' 'mul_ln1118_2' <Predicate = (!icmp_ln174 & and_ln207)> <Delay = 1.74> <CoreInst = "Multiplier">   --->   Core 3 'Multiplier' <Latency = 0> <II = 1> <Delay = 1.74> <FuncUnit> <Opcode : 'mul'> <InPorts = 2> <OutPorts = 1>
ST_43 : Operation 513 [1/1] (0.00ns)   --->   "%tmp_1 = partselect i2 @_ssdm_op_PartSelect.i2.i16.i32.i32, i16 %mul_ln1118_2, i32 14, i32 15"   --->   Operation 513 'partselect' 'tmp_1' <Predicate = (!icmp_ln174 & and_ln207)> <Delay = 0.00>
ST_43 : Operation 514 [1/1] (0.00ns)   --->   "%zext_ln1118_12 = zext i2 %tmp_1"   --->   Operation 514 'zext' 'zext_ln1118_12' <Predicate = (!icmp_ln174 & and_ln207)> <Delay = 0.00>
ST_43 : Operation 515 [1/1] (0.00ns)   --->   "%zext_ln1118_11 = zext i8 %window_val_V_0_5_2"   --->   Operation 515 'zext' 'zext_ln1118_11' <Predicate = (!icmp_ln174 & and_ln207)> <Delay = 0.00>
ST_43 : Operation 516 [1/1] (1.74ns)   --->   "%mul_ln1118_3 = mul i16 %zext_ln1118_11, i16 150"   --->   Operation 516 'mul' 'mul_ln1118_3' <Predicate = (!icmp_ln174 & and_ln207)> <Delay = 1.74> <CoreInst = "Multiplier">   --->   Core 3 'Multiplier' <Latency = 0> <II = 1> <Delay = 1.74> <FuncUnit> <Opcode : 'mul'> <InPorts = 2> <OutPorts = 1>
ST_43 : Operation 517 [1/1] (0.00ns)   --->   "%tmp_2 = partselect i2 @_ssdm_op_PartSelect.i2.i16.i32.i32, i16 %mul_ln1118_3, i32 14, i32 15"   --->   Operation 517 'partselect' 'tmp_2' <Predicate = (!icmp_ln174 & and_ln207)> <Delay = 0.00>
ST_43 : Operation 518 [1/1] (0.00ns)   --->   "%zext_ln1118_13 = zext i2 %tmp_2"   --->   Operation 518 'zext' 'zext_ln1118_13' <Predicate = (!icmp_ln174 & and_ln207)> <Delay = 0.00>
ST_43 : Operation 519 [1/1] (0.00ns)   --->   "%shl_ln1118_4 = bitconcatenate i14 @_ssdm_op_BitConcatenate.i14.i8.i6, i8 %window_val_V_0_6_1_i, i6 0"   --->   Operation 519 'bitconcatenate' 'shl_ln1118_4' <Predicate = (!icmp_ln174 & and_ln207)> <Delay = 0.00>
ST_43 : Operation 520 [1/1] (0.00ns)   --->   "%zext_ln1118_14 = zext i14 %shl_ln1118_4"   --->   Operation 520 'zext' 'zext_ln1118_14' <Predicate = (!icmp_ln174 & and_ln207)> <Delay = 0.00>
ST_43 : Operation 521 [1/1] (0.00ns)   --->   "%shl_ln1118_5 = bitconcatenate i12 @_ssdm_op_BitConcatenate.i12.i8.i4, i8 %window_val_V_0_6_1_i, i4 0"   --->   Operation 521 'bitconcatenate' 'shl_ln1118_5' <Predicate = (!icmp_ln174 & and_ln207)> <Delay = 0.00>
ST_43 : Operation 522 [1/1] (0.00ns)   --->   "%zext_ln1118_15 = zext i12 %shl_ln1118_5"   --->   Operation 522 'zext' 'zext_ln1118_15' <Predicate = (!icmp_ln174 & and_ln207)> <Delay = 0.00>
ST_43 : Operation 523 [1/1] (0.83ns)   --->   "%add_ln1118_1 = add i15 %zext_ln1118_14, i15 %zext_ln1118_15"   --->   Operation 523 'add' 'add_ln1118_1' <Predicate = (!icmp_ln174 & and_ln207)> <Delay = 0.83> <CoreInst = "Adder">   --->   Core 1 'Adder' <Latency = 0> <II = 1> <Delay = 0.83> <FuncUnit> <Opcode : 'add' 'sub'> <InPorts = 2> <OutPorts = 1>
ST_43 : Operation 524 [1/1] (0.00ns)   --->   "%tmp_47 = bitselect i1 @_ssdm_op_BitSelect.i1.i15.i32, i15 %add_ln1118_1, i32 14"   --->   Operation 524 'bitselect' 'tmp_47' <Predicate = (!icmp_ln174 & and_ln207)> <Delay = 0.00>
ST_43 : Operation 525 [1/1] (0.00ns)   --->   "%zext_ln1118_30 = zext i1 %tmp_47"   --->   Operation 525 'zext' 'zext_ln1118_30' <Predicate = (!icmp_ln174 & and_ln207)> <Delay = 0.00>
ST_43 : Operation 526 [1/1] (0.00ns)   --->   "%zext_ln1118_16 = zext i8 %window_val_V_1_0_0_i"   --->   Operation 526 'zext' 'zext_ln1118_16' <Predicate = (!icmp_ln174 & and_ln207)> <Delay = 0.00>
ST_43 : Operation 527 [1/1] (1.74ns)   --->   "%mul_ln1118_4 = mul i16 %zext_ln1118_16, i16 150"   --->   Operation 527 'mul' 'mul_ln1118_4' <Predicate = (!icmp_ln174 & and_ln207)> <Delay = 1.74> <CoreInst = "Multiplier">   --->   Core 3 'Multiplier' <Latency = 0> <II = 1> <Delay = 1.74> <FuncUnit> <Opcode : 'mul'> <InPorts = 2> <OutPorts = 1>
ST_43 : Operation 528 [1/1] (0.00ns)   --->   "%tmp_4 = partselect i2 @_ssdm_op_PartSelect.i2.i16.i32.i32, i16 %mul_ln1118_4, i32 14, i32 15"   --->   Operation 528 'partselect' 'tmp_4' <Predicate = (!icmp_ln174 & and_ln207)> <Delay = 0.00>
ST_43 : Operation 529 [1/1] (0.00ns)   --->   "%zext_ln1118_31 = zext i2 %tmp_4"   --->   Operation 529 'zext' 'zext_ln1118_31' <Predicate = (!icmp_ln174 & and_ln207)> <Delay = 0.00>
ST_43 : Operation 530 [1/1] (0.00ns)   --->   "%zext_ln1118_17 = zext i8 %window_val_V_1_1_1_i"   --->   Operation 530 'zext' 'zext_ln1118_17' <Predicate = (!icmp_ln174 & and_ln207)> <Delay = 0.00>
ST_43 : Operation 531 [1/1] (2.11ns)   --->   "%mul_ln1118_5 = mul i17 %zext_ln1118_17, i17 281"   --->   Operation 531 'mul' 'mul_ln1118_5' <Predicate = (!icmp_ln174 & and_ln207)> <Delay = 2.11> <CoreInst = "Multiplier">   --->   Core 3 'Multiplier' <Latency = 0> <II = 1> <Delay = 1.74> <FuncUnit> <Opcode : 'mul'> <InPorts = 2> <OutPorts = 1>
ST_43 : Operation 532 [1/1] (0.00ns)   --->   "%tmp_5 = partselect i3 @_ssdm_op_PartSelect.i3.i17.i32.i32, i17 %mul_ln1118_5, i32 14, i32 16"   --->   Operation 532 'partselect' 'tmp_5' <Predicate = (!icmp_ln174 & and_ln207)> <Delay = 0.00>
ST_43 : Operation 533 [1/1] (0.00ns)   --->   "%zext_ln1118_39 = zext i3 %tmp_5"   --->   Operation 533 'zext' 'zext_ln1118_39' <Predicate = (!icmp_ln174 & and_ln207)> <Delay = 0.00>
ST_43 : Operation 534 [1/1] (0.00ns)   --->   "%zext_ln1118_18 = zext i8 %window_val_V_1_2_1_i"   --->   Operation 534 'zext' 'zext_ln1118_18' <Predicate = (!icmp_ln174 & and_ln207)> <Delay = 0.00>
ST_43 : Operation 535 [1/1] (2.11ns)   --->   "%mul_ln1118_6 = mul i17 %zext_ln1118_18, i17 409"   --->   Operation 535 'mul' 'mul_ln1118_6' <Predicate = (!icmp_ln174 & and_ln207)> <Delay = 2.11> <CoreInst = "Multiplier">   --->   Core 3 'Multiplier' <Latency = 0> <II = 1> <Delay = 1.74> <FuncUnit> <Opcode : 'mul'> <InPorts = 2> <OutPorts = 1>
ST_43 : Operation 536 [1/1] (0.00ns)   --->   "%tmp_6 = partselect i3 @_ssdm_op_PartSelect.i3.i17.i32.i32, i17 %mul_ln1118_6, i32 14, i32 16"   --->   Operation 536 'partselect' 'tmp_6' <Predicate = (!icmp_ln174 & and_ln207)> <Delay = 0.00>
ST_43 : Operation 537 [1/1] (0.00ns)   --->   "%zext_ln1118_40 = zext i3 %tmp_6"   --->   Operation 537 'zext' 'zext_ln1118_40' <Predicate = (!icmp_ln174 & and_ln207)> <Delay = 0.00>
ST_43 : Operation 538 [1/1] (0.00ns)   --->   "%zext_ln1118_19 = zext i8 %window_val_V_1_3_2"   --->   Operation 538 'zext' 'zext_ln1118_19' <Predicate = (!icmp_ln174 & and_ln207)> <Delay = 0.00>
ST_43 : Operation 539 [1/1] (2.11ns)   --->   "%mul_ln1118_7 = mul i17 %zext_ln1118_19, i17 464"   --->   Operation 539 'mul' 'mul_ln1118_7' <Predicate = (!icmp_ln174 & and_ln207)> <Delay = 2.11> <CoreInst = "Multiplier">   --->   Core 3 'Multiplier' <Latency = 0> <II = 1> <Delay = 1.74> <FuncUnit> <Opcode : 'mul'> <InPorts = 2> <OutPorts = 1>
ST_43 : Operation 540 [1/1] (0.00ns)   --->   "%tmp_7 = partselect i3 @_ssdm_op_PartSelect.i3.i17.i32.i32, i17 %mul_ln1118_7, i32 14, i32 16"   --->   Operation 540 'partselect' 'tmp_7' <Predicate = (!icmp_ln174 & and_ln207)> <Delay = 0.00>
ST_43 : Operation 541 [1/1] (0.00ns)   --->   "%zext_ln1118_57 = zext i3 %tmp_7"   --->   Operation 541 'zext' 'zext_ln1118_57' <Predicate = (!icmp_ln174 & and_ln207)> <Delay = 0.00>
ST_43 : Operation 542 [1/1] (0.00ns)   --->   "%zext_ln1118_20 = zext i8 %window_val_V_1_4_2"   --->   Operation 542 'zext' 'zext_ln1118_20' <Predicate = (!icmp_ln174 & and_ln207)> <Delay = 0.00>
ST_43 : Operation 543 [1/1] (2.11ns)   --->   "%mul_ln1118_8 = mul i17 %zext_ln1118_20, i17 409"   --->   Operation 543 'mul' 'mul_ln1118_8' <Predicate = (!icmp_ln174 & and_ln207)> <Delay = 2.11> <CoreInst = "Multiplier">   --->   Core 3 'Multiplier' <Latency = 0> <II = 1> <Delay = 1.74> <FuncUnit> <Opcode : 'mul'> <InPorts = 2> <OutPorts = 1>
ST_43 : Operation 544 [1/1] (0.00ns)   --->   "%tmp_3 = partselect i3 @_ssdm_op_PartSelect.i3.i17.i32.i32, i17 %mul_ln1118_8, i32 14, i32 16"   --->   Operation 544 'partselect' 'tmp_3' <Predicate = (!icmp_ln174 & and_ln207)> <Delay = 0.00>
ST_43 : Operation 545 [1/1] (0.00ns)   --->   "%zext_ln1118_58 = zext i3 %tmp_3"   --->   Operation 545 'zext' 'zext_ln1118_58' <Predicate = (!icmp_ln174 & and_ln207)> <Delay = 0.00>
ST_43 : Operation 546 [1/1] (0.00ns)   --->   "%zext_ln1118_21 = zext i8 %window_val_V_1_5_2"   --->   Operation 546 'zext' 'zext_ln1118_21' <Predicate = (!icmp_ln174 & and_ln207)> <Delay = 0.00>
ST_43 : Operation 547 [1/1] (2.11ns)   --->   "%mul_ln1118_9 = mul i17 %zext_ln1118_21, i17 281"   --->   Operation 547 'mul' 'mul_ln1118_9' <Predicate = (!icmp_ln174 & and_ln207)> <Delay = 2.11> <CoreInst = "Multiplier">   --->   Core 3 'Multiplier' <Latency = 0> <II = 1> <Delay = 1.74> <FuncUnit> <Opcode : 'mul'> <InPorts = 2> <OutPorts = 1>
ST_43 : Operation 548 [1/1] (0.00ns)   --->   "%tmp_10 = partselect i3 @_ssdm_op_PartSelect.i3.i17.i32.i32, i17 %mul_ln1118_9, i32 14, i32 16"   --->   Operation 548 'partselect' 'tmp_10' <Predicate = (!icmp_ln174 & and_ln207)> <Delay = 0.00>
ST_43 : Operation 549 [1/1] (0.00ns)   --->   "%zext_ln1118_63 = zext i3 %tmp_10"   --->   Operation 549 'zext' 'zext_ln1118_63' <Predicate = (!icmp_ln174 & and_ln207)> <Delay = 0.00>
ST_43 : Operation 550 [1/1] (0.00ns)   --->   "%zext_ln1118_22 = zext i8 %window_val_V_1_6_1_i"   --->   Operation 550 'zext' 'zext_ln1118_22' <Predicate = (!icmp_ln174 & and_ln207)> <Delay = 0.00>
ST_43 : Operation 551 [1/1] (1.74ns)   --->   "%mul_ln1118_10 = mul i16 %zext_ln1118_22, i16 150"   --->   Operation 551 'mul' 'mul_ln1118_10' <Predicate = (!icmp_ln174 & and_ln207)> <Delay = 1.74> <CoreInst = "Multiplier">   --->   Core 3 'Multiplier' <Latency = 0> <II = 1> <Delay = 1.74> <FuncUnit> <Opcode : 'mul'> <InPorts = 2> <OutPorts = 1>
ST_43 : Operation 552 [1/1] (0.00ns)   --->   "%tmp_11 = partselect i2 @_ssdm_op_PartSelect.i2.i16.i32.i32, i16 %mul_ln1118_10, i32 14, i32 15"   --->   Operation 552 'partselect' 'tmp_11' <Predicate = (!icmp_ln174 & and_ln207)> <Delay = 0.00>
ST_43 : Operation 553 [1/1] (0.00ns)   --->   "%zext_ln1118_64 = zext i2 %tmp_11"   --->   Operation 553 'zext' 'zext_ln1118_64' <Predicate = (!icmp_ln174 & and_ln207)> <Delay = 0.00>
ST_43 : Operation 554 [1/1] (0.00ns)   --->   "%zext_ln1118_23 = zext i8 %window_val_V_2_0_0_i"   --->   Operation 554 'zext' 'zext_ln1118_23' <Predicate = (!icmp_ln174 & and_ln207)> <Delay = 0.00>
ST_43 : Operation 555 [1/1] (1.74ns)   --->   "%mul_ln1118_11 = mul i16 %zext_ln1118_23, i16 219"   --->   Operation 555 'mul' 'mul_ln1118_11' <Predicate = (!icmp_ln174 & and_ln207)> <Delay = 1.74> <CoreInst = "Multiplier">   --->   Core 3 'Multiplier' <Latency = 0> <II = 1> <Delay = 1.74> <FuncUnit> <Opcode : 'mul'> <InPorts = 2> <OutPorts = 1>
ST_43 : Operation 556 [1/1] (0.00ns)   --->   "%tmp_12 = partselect i2 @_ssdm_op_PartSelect.i2.i16.i32.i32, i16 %mul_ln1118_11, i32 14, i32 15"   --->   Operation 556 'partselect' 'tmp_12' <Predicate = (!icmp_ln174 & and_ln207)> <Delay = 0.00>
ST_43 : Operation 557 [1/1] (0.00ns)   --->   "%zext_ln1118_69 = zext i2 %tmp_12"   --->   Operation 557 'zext' 'zext_ln1118_69' <Predicate = (!icmp_ln174 & and_ln207)> <Delay = 0.00>
ST_43 : Operation 558 [1/1] (0.00ns)   --->   "%zext_ln1118_24 = zext i8 %window_val_V_2_1_1_i"   --->   Operation 558 'zext' 'zext_ln1118_24' <Predicate = (!icmp_ln174 & and_ln207)> <Delay = 0.00>
ST_43 : Operation 559 [1/1] (2.11ns)   --->   "%mul_ln1118_12 = mul i17 %zext_ln1118_24, i17 409"   --->   Operation 559 'mul' 'mul_ln1118_12' <Predicate = (!icmp_ln174 & and_ln207)> <Delay = 2.11> <CoreInst = "Multiplier">   --->   Core 3 'Multiplier' <Latency = 0> <II = 1> <Delay = 1.74> <FuncUnit> <Opcode : 'mul'> <InPorts = 2> <OutPorts = 1>
ST_43 : Operation 560 [1/1] (0.00ns)   --->   "%tmp_13 = partselect i3 @_ssdm_op_PartSelect.i3.i17.i32.i32, i17 %mul_ln1118_12, i32 14, i32 16"   --->   Operation 560 'partselect' 'tmp_13' <Predicate = (!icmp_ln174 & and_ln207)> <Delay = 0.00>
ST_43 : Operation 561 [1/1] (0.00ns)   --->   "%zext_ln1118_70 = zext i3 %tmp_13"   --->   Operation 561 'zext' 'zext_ln1118_70' <Predicate = (!icmp_ln174 & and_ln207)> <Delay = 0.00>
ST_43 : Operation 562 [2/4] (0.53ns) (root node of the DSP)   --->   "%mul_ln1118_13 = mul i18 %zext_ln1118_25, i18 595"   --->   Operation 562 'mul' 'mul_ln1118_13' <Predicate = (!icmp_ln174 & and_ln207)> <Delay = 0.53> <CoreInst = "DSP48">   --->   Core 127 'DSP48' <Latency = 3> <II = 1> <Delay = 0.53> <IPBlock> <Opcode : 'mul' 'add' 'sub' 'select'> <InPorts = 0> <OutPorts = 1> <Sync> <CReg>
ST_43 : Operation 563 [2/4] (0.53ns) (root node of the DSP)   --->   "%mul_ln1118_14 = mul i18 %zext_ln1118_26, i18 675"   --->   Operation 563 'mul' 'mul_ln1118_14' <Predicate = (!icmp_ln174 & and_ln207)> <Delay = 0.53> <CoreInst = "DSP48">   --->   Core 127 'DSP48' <Latency = 3> <II = 1> <Delay = 0.53> <IPBlock> <Opcode : 'mul' 'add' 'sub' 'select'> <InPorts = 0> <OutPorts = 1> <Sync> <CReg>
ST_43 : Operation 564 [2/4] (0.53ns) (root node of the DSP)   --->   "%mul_ln1118_15 = mul i18 %zext_ln1118_27, i18 595"   --->   Operation 564 'mul' 'mul_ln1118_15' <Predicate = (!icmp_ln174 & and_ln207)> <Delay = 0.53> <CoreInst = "DSP48">   --->   Core 127 'DSP48' <Latency = 3> <II = 1> <Delay = 0.53> <IPBlock> <Opcode : 'mul' 'add' 'sub' 'select'> <InPorts = 0> <OutPorts = 1> <Sync> <CReg>
ST_43 : Operation 565 [1/1] (0.00ns)   --->   "%zext_ln1118_76 = zext i3 %tmp_17"   --->   Operation 565 'zext' 'zext_ln1118_76' <Predicate = (!icmp_ln174 & and_ln207)> <Delay = 0.00>
ST_43 : Operation 566 [1/1] (0.00ns)   --->   "%zext_ln1118_29 = zext i8 %window_val_V_2_6_1_i"   --->   Operation 566 'zext' 'zext_ln1118_29' <Predicate = (!icmp_ln174 & and_ln207)> <Delay = 0.00>
ST_43 : Operation 567 [1/1] (1.74ns)   --->   "%mul_ln1118_17 = mul i16 %zext_ln1118_29, i16 219"   --->   Operation 567 'mul' 'mul_ln1118_17' <Predicate = (!icmp_ln174 & and_ln207)> <Delay = 1.74> <CoreInst = "Multiplier">   --->   Core 3 'Multiplier' <Latency = 0> <II = 1> <Delay = 1.74> <FuncUnit> <Opcode : 'mul'> <InPorts = 2> <OutPorts = 1>
ST_43 : Operation 568 [1/1] (0.00ns)   --->   "%tmp_18 = partselect i2 @_ssdm_op_PartSelect.i2.i16.i32.i32, i16 %mul_ln1118_17, i32 14, i32 15"   --->   Operation 568 'partselect' 'tmp_18' <Predicate = (!icmp_ln174 & and_ln207)> <Delay = 0.00>
ST_43 : Operation 569 [1/1] (0.00ns)   --->   "%zext_ln1118_77 = zext i2 %tmp_18"   --->   Operation 569 'zext' 'zext_ln1118_77' <Predicate = (!icmp_ln174 & and_ln207)> <Delay = 0.00>
ST_43 : Operation 570 [1/1] (0.00ns)   --->   "%shl_ln1118_6 = bitconcatenate i16 @_ssdm_op_BitConcatenate.i16.i8.i8, i8 %window_val_V_3_0_0_i, i8 0"   --->   Operation 570 'bitconcatenate' 'shl_ln1118_6' <Predicate = (!icmp_ln174 & and_ln207)> <Delay = 0.00>
ST_43 : Operation 571 [1/1] (0.00ns)   --->   "%zext_ln1118_32 = zext i16 %shl_ln1118_6"   --->   Operation 571 'zext' 'zext_ln1118_32' <Predicate = (!icmp_ln174 & and_ln207)> <Delay = 0.00>
ST_43 : Operation 572 [1/1] (0.00ns)   --->   "%shl_ln1118_7 = bitconcatenate i11 @_ssdm_op_BitConcatenate.i11.i8.i3, i8 %window_val_V_3_0_0_i, i3 0"   --->   Operation 572 'bitconcatenate' 'shl_ln1118_7' <Predicate = (!icmp_ln174 & and_ln207)> <Delay = 0.00>
ST_43 : Operation 573 [1/1] (0.00ns)   --->   "%zext_ln1118_33 = zext i11 %shl_ln1118_7"   --->   Operation 573 'zext' 'zext_ln1118_33' <Predicate = (!icmp_ln174 & and_ln207)> <Delay = 0.00>
ST_43 : Operation 574 [1/1] (0.85ns)   --->   "%sub_ln1118_1 = sub i17 %zext_ln1118_32, i17 %zext_ln1118_33"   --->   Operation 574 'sub' 'sub_ln1118_1' <Predicate = (!icmp_ln174 & and_ln207)> <Delay = 0.85> <CoreInst = "Adder">   --->   Core 1 'Adder' <Latency = 0> <II = 1> <Delay = 0.83> <FuncUnit> <Opcode : 'add' 'sub'> <InPorts = 2> <OutPorts = 1>
ST_43 : Operation 575 [1/1] (0.00ns)   --->   "%tmp_19 = partselect i3 @_ssdm_op_PartSelect.i3.i17.i32.i32, i17 %sub_ln1118_1, i32 14, i32 16"   --->   Operation 575 'partselect' 'tmp_19' <Predicate = (!icmp_ln174 & and_ln207)> <Delay = 0.00>
ST_43 : Operation 576 [1/1] (0.00ns)   --->   "%sext_ln1118_1 = sext i3 %tmp_19"   --->   Operation 576 'sext' 'sext_ln1118_1' <Predicate = (!icmp_ln174 & and_ln207)> <Delay = 0.00>
ST_43 : Operation 577 [1/1] (0.00ns)   --->   "%zext_ln1118_34 = zext i8 %window_val_V_3_1_1_i"   --->   Operation 577 'zext' 'zext_ln1118_34' <Predicate = (!icmp_ln174 & and_ln207)> <Delay = 0.00>
ST_43 : Operation 578 [1/1] (2.11ns)   --->   "%mul_ln1118_18 = mul i17 %zext_ln1118_34, i17 464"   --->   Operation 578 'mul' 'mul_ln1118_18' <Predicate = (!icmp_ln174 & and_ln207)> <Delay = 2.11> <CoreInst = "Multiplier">   --->   Core 3 'Multiplier' <Latency = 0> <II = 1> <Delay = 1.74> <FuncUnit> <Opcode : 'mul'> <InPorts = 2> <OutPorts = 1>
ST_43 : Operation 579 [1/1] (0.00ns)   --->   "%tmp_20 = partselect i3 @_ssdm_op_PartSelect.i3.i17.i32.i32, i17 %mul_ln1118_18, i32 14, i32 16"   --->   Operation 579 'partselect' 'tmp_20' <Predicate = (!icmp_ln174 & and_ln207)> <Delay = 0.00>
ST_43 : Operation 580 [1/1] (0.00ns)   --->   "%zext_ln1118_78 = zext i3 %tmp_20"   --->   Operation 580 'zext' 'zext_ln1118_78' <Predicate = (!icmp_ln174 & and_ln207)> <Delay = 0.00>
ST_43 : Operation 581 [2/4] (0.53ns) (root node of the DSP)   --->   "%mul_ln1118_19 = mul i18 %zext_ln1118_35, i18 675"   --->   Operation 581 'mul' 'mul_ln1118_19' <Predicate = (!icmp_ln174 & and_ln207)> <Delay = 0.53> <CoreInst = "DSP48">   --->   Core 127 'DSP48' <Latency = 3> <II = 1> <Delay = 0.53> <IPBlock> <Opcode : 'mul' 'add' 'sub' 'select'> <InPorts = 0> <OutPorts = 1> <Sync> <CReg>
ST_43 : Operation 582 [2/4] (0.53ns) (root node of the DSP)   --->   "%mul_ln1118_20 = mul i18 %zext_ln1118_36, i18 765"   --->   Operation 582 'mul' 'mul_ln1118_20' <Predicate = (!icmp_ln174 & and_ln207)> <Delay = 0.53> <CoreInst = "DSP48">   --->   Core 127 'DSP48' <Latency = 3> <II = 1> <Delay = 0.53> <IPBlock> <Opcode : 'mul' 'add' 'sub' 'select'> <InPorts = 0> <OutPorts = 1> <Sync> <CReg>
ST_43 : Operation 583 [2/4] (0.53ns) (root node of the DSP)   --->   "%mul_ln1118_21 = mul i18 %zext_ln1118_37, i18 675"   --->   Operation 583 'mul' 'mul_ln1118_21' <Predicate = (!icmp_ln174 & and_ln207)> <Delay = 0.53> <CoreInst = "DSP48">   --->   Core 127 'DSP48' <Latency = 3> <II = 1> <Delay = 0.53> <IPBlock> <Opcode : 'mul' 'add' 'sub' 'select'> <InPorts = 0> <OutPorts = 1> <Sync> <CReg>
ST_43 : Operation 584 [1/1] (0.00ns)   --->   "%zext_ln1118_82 = zext i3 %tmp_24"   --->   Operation 584 'zext' 'zext_ln1118_82' <Predicate = (!icmp_ln174 & and_ln207)> <Delay = 0.00>
ST_43 : Operation 585 [1/1] (0.00ns)   --->   "%sext_ln1118_2 = sext i3 %tmp_25"   --->   Operation 585 'sext' 'sext_ln1118_2' <Predicate = (!icmp_ln174 & and_ln207)> <Delay = 0.00>
ST_43 : Operation 586 [1/1] (0.00ns)   --->   "%zext_ln1118_43 = zext i8 %window_val_V_4_0_0_i"   --->   Operation 586 'zext' 'zext_ln1118_43' <Predicate = (!icmp_ln174 & and_ln207)> <Delay = 0.00>
ST_43 : Operation 587 [1/1] (1.74ns)   --->   "%mul_ln1118_23 = mul i16 %zext_ln1118_43, i16 219"   --->   Operation 587 'mul' 'mul_ln1118_23' <Predicate = (!icmp_ln174 & and_ln207)> <Delay = 1.74> <CoreInst = "Multiplier">   --->   Core 3 'Multiplier' <Latency = 0> <II = 1> <Delay = 1.74> <FuncUnit> <Opcode : 'mul'> <InPorts = 2> <OutPorts = 1>
ST_43 : Operation 588 [1/1] (0.00ns)   --->   "%tmp_26 = partselect i2 @_ssdm_op_PartSelect.i2.i16.i32.i32, i16 %mul_ln1118_23, i32 14, i32 15"   --->   Operation 588 'partselect' 'tmp_26' <Predicate = (!icmp_ln174 & and_ln207)> <Delay = 0.00>
ST_43 : Operation 589 [1/1] (0.00ns)   --->   "%zext_ln1118_83 = zext i2 %tmp_26"   --->   Operation 589 'zext' 'zext_ln1118_83' <Predicate = (!icmp_ln174 & and_ln207)> <Delay = 0.00>
ST_43 : Operation 590 [1/1] (0.00ns)   --->   "%zext_ln1118_44 = zext i8 %window_val_V_4_1_1_i"   --->   Operation 590 'zext' 'zext_ln1118_44' <Predicate = (!icmp_ln174 & and_ln207)> <Delay = 0.00>
ST_43 : Operation 591 [1/1] (2.11ns)   --->   "%mul_ln1118_24 = mul i17 %zext_ln1118_44, i17 409"   --->   Operation 591 'mul' 'mul_ln1118_24' <Predicate = (!icmp_ln174 & and_ln207)> <Delay = 2.11> <CoreInst = "Multiplier">   --->   Core 3 'Multiplier' <Latency = 0> <II = 1> <Delay = 1.74> <FuncUnit> <Opcode : 'mul'> <InPorts = 2> <OutPorts = 1>
ST_43 : Operation 592 [1/1] (0.00ns)   --->   "%tmp_27 = partselect i3 @_ssdm_op_PartSelect.i3.i17.i32.i32, i17 %mul_ln1118_24, i32 14, i32 16"   --->   Operation 592 'partselect' 'tmp_27' <Predicate = (!icmp_ln174 & and_ln207)> <Delay = 0.00>
ST_43 : Operation 593 [1/1] (0.00ns)   --->   "%zext_ln1118_84 = zext i3 %tmp_27"   --->   Operation 593 'zext' 'zext_ln1118_84' <Predicate = (!icmp_ln174 & and_ln207)> <Delay = 0.00>
ST_43 : Operation 594 [2/4] (0.53ns) (root node of the DSP)   --->   "%mul_ln1118_25 = mul i18 %zext_ln1118_45, i18 595"   --->   Operation 594 'mul' 'mul_ln1118_25' <Predicate = (!icmp_ln174 & and_ln207)> <Delay = 0.53> <CoreInst = "DSP48">   --->   Core 127 'DSP48' <Latency = 3> <II = 1> <Delay = 0.53> <IPBlock> <Opcode : 'mul' 'add' 'sub' 'select'> <InPorts = 0> <OutPorts = 1> <Sync> <CReg>
ST_43 : Operation 595 [2/4] (0.53ns) (root node of the DSP)   --->   "%mul_ln1118_26 = mul i18 %zext_ln1118_46, i18 675"   --->   Operation 595 'mul' 'mul_ln1118_26' <Predicate = (!icmp_ln174 & and_ln207)> <Delay = 0.53> <CoreInst = "DSP48">   --->   Core 127 'DSP48' <Latency = 3> <II = 1> <Delay = 0.53> <IPBlock> <Opcode : 'mul' 'add' 'sub' 'select'> <InPorts = 0> <OutPorts = 1> <Sync> <CReg>
ST_43 : Operation 596 [2/4] (0.53ns) (root node of the DSP)   --->   "%mul_ln1118_27 = mul i18 %zext_ln1118_47, i18 595"   --->   Operation 596 'mul' 'mul_ln1118_27' <Predicate = (!icmp_ln174 & and_ln207)> <Delay = 0.53> <CoreInst = "DSP48">   --->   Core 127 'DSP48' <Latency = 3> <II = 1> <Delay = 0.53> <IPBlock> <Opcode : 'mul' 'add' 'sub' 'select'> <InPorts = 0> <OutPorts = 1> <Sync> <CReg>
ST_43 : Operation 597 [1/1] (0.00ns)   --->   "%zext_ln1118_88 = zext i3 %tmp_31"   --->   Operation 597 'zext' 'zext_ln1118_88' <Predicate = (!icmp_ln174 & and_ln207)> <Delay = 0.00>
ST_43 : Operation 598 [1/1] (0.00ns)   --->   "%zext_ln1118_49 = zext i8 %window_val_V_4_6_1_i"   --->   Operation 598 'zext' 'zext_ln1118_49' <Predicate = (!icmp_ln174 & and_ln207)> <Delay = 0.00>
ST_43 : Operation 599 [1/1] (1.74ns)   --->   "%mul_ln1118_29 = mul i16 %zext_ln1118_49, i16 219"   --->   Operation 599 'mul' 'mul_ln1118_29' <Predicate = (!icmp_ln174 & and_ln207)> <Delay = 1.74> <CoreInst = "Multiplier">   --->   Core 3 'Multiplier' <Latency = 0> <II = 1> <Delay = 1.74> <FuncUnit> <Opcode : 'mul'> <InPorts = 2> <OutPorts = 1>
ST_43 : Operation 600 [1/1] (0.00ns)   --->   "%tmp_32 = partselect i2 @_ssdm_op_PartSelect.i2.i16.i32.i32, i16 %mul_ln1118_29, i32 14, i32 15"   --->   Operation 600 'partselect' 'tmp_32' <Predicate = (!icmp_ln174 & and_ln207)> <Delay = 0.00>
ST_43 : Operation 601 [1/1] (0.00ns)   --->   "%zext_ln1118_89 = zext i2 %tmp_32"   --->   Operation 601 'zext' 'zext_ln1118_89' <Predicate = (!icmp_ln174 & and_ln207)> <Delay = 0.00>
ST_43 : Operation 602 [1/1] (0.00ns)   --->   "%zext_ln1118_50 = zext i8 %window_val_V_5_0_0_i"   --->   Operation 602 'zext' 'zext_ln1118_50' <Predicate = (!icmp_ln174 & and_ln207)> <Delay = 0.00>
ST_43 : Operation 603 [1/1] (1.74ns)   --->   "%mul_ln1118_30 = mul i16 %zext_ln1118_50, i16 150"   --->   Operation 603 'mul' 'mul_ln1118_30' <Predicate = (!icmp_ln174 & and_ln207)> <Delay = 1.74> <CoreInst = "Multiplier">   --->   Core 3 'Multiplier' <Latency = 0> <II = 1> <Delay = 1.74> <FuncUnit> <Opcode : 'mul'> <InPorts = 2> <OutPorts = 1>
ST_43 : Operation 604 [1/1] (0.00ns)   --->   "%tmp_33 = partselect i2 @_ssdm_op_PartSelect.i2.i16.i32.i32, i16 %mul_ln1118_30, i32 14, i32 15"   --->   Operation 604 'partselect' 'tmp_33' <Predicate = (!icmp_ln174 & and_ln207)> <Delay = 0.00>
ST_43 : Operation 605 [1/1] (0.00ns)   --->   "%zext_ln1118_90 = zext i2 %tmp_33"   --->   Operation 605 'zext' 'zext_ln1118_90' <Predicate = (!icmp_ln174 & and_ln207)> <Delay = 0.00>
ST_43 : Operation 606 [1/1] (0.00ns)   --->   "%zext_ln1118_51 = zext i8 %window_val_V_5_1_1_i"   --->   Operation 606 'zext' 'zext_ln1118_51' <Predicate = (!icmp_ln174 & and_ln207)> <Delay = 0.00>
ST_43 : Operation 607 [1/1] (2.11ns)   --->   "%mul_ln1118_31 = mul i17 %zext_ln1118_51, i17 281"   --->   Operation 607 'mul' 'mul_ln1118_31' <Predicate = (!icmp_ln174 & and_ln207)> <Delay = 2.11> <CoreInst = "Multiplier">   --->   Core 3 'Multiplier' <Latency = 0> <II = 1> <Delay = 1.74> <FuncUnit> <Opcode : 'mul'> <InPorts = 2> <OutPorts = 1>
ST_43 : Operation 608 [1/1] (0.00ns)   --->   "%tmp_34 = partselect i3 @_ssdm_op_PartSelect.i3.i17.i32.i32, i17 %mul_ln1118_31, i32 14, i32 16"   --->   Operation 608 'partselect' 'tmp_34' <Predicate = (!icmp_ln174 & and_ln207)> <Delay = 0.00>
ST_43 : Operation 609 [1/1] (0.00ns)   --->   "%zext_ln1118_91 = zext i3 %tmp_34"   --->   Operation 609 'zext' 'zext_ln1118_91' <Predicate = (!icmp_ln174 & and_ln207)> <Delay = 0.00>
ST_43 : Operation 610 [1/1] (0.00ns)   --->   "%zext_ln1118_52 = zext i8 %window_val_V_5_2_1_i"   --->   Operation 610 'zext' 'zext_ln1118_52' <Predicate = (!icmp_ln174 & and_ln207)> <Delay = 0.00>
ST_43 : Operation 611 [1/1] (2.11ns)   --->   "%mul_ln1118_32 = mul i17 %zext_ln1118_52, i17 409"   --->   Operation 611 'mul' 'mul_ln1118_32' <Predicate = (!icmp_ln174 & and_ln207)> <Delay = 2.11> <CoreInst = "Multiplier">   --->   Core 3 'Multiplier' <Latency = 0> <II = 1> <Delay = 1.74> <FuncUnit> <Opcode : 'mul'> <InPorts = 2> <OutPorts = 1>
ST_43 : Operation 612 [1/1] (0.00ns)   --->   "%tmp_35 = partselect i3 @_ssdm_op_PartSelect.i3.i17.i32.i32, i17 %mul_ln1118_32, i32 14, i32 16"   --->   Operation 612 'partselect' 'tmp_35' <Predicate = (!icmp_ln174 & and_ln207)> <Delay = 0.00>
ST_43 : Operation 613 [1/1] (0.00ns)   --->   "%zext_ln1118_92 = zext i3 %tmp_35"   --->   Operation 613 'zext' 'zext_ln1118_92' <Predicate = (!icmp_ln174 & and_ln207)> <Delay = 0.00>
ST_43 : Operation 614 [1/1] (0.00ns)   --->   "%zext_ln1118_53 = zext i8 %window_val_V_5_3_2"   --->   Operation 614 'zext' 'zext_ln1118_53' <Predicate = (!icmp_ln174 & and_ln207)> <Delay = 0.00>
ST_43 : Operation 615 [1/1] (2.11ns)   --->   "%mul_ln1118_33 = mul i17 %zext_ln1118_53, i17 464"   --->   Operation 615 'mul' 'mul_ln1118_33' <Predicate = (!icmp_ln174 & and_ln207)> <Delay = 2.11> <CoreInst = "Multiplier">   --->   Core 3 'Multiplier' <Latency = 0> <II = 1> <Delay = 1.74> <FuncUnit> <Opcode : 'mul'> <InPorts = 2> <OutPorts = 1>
ST_43 : Operation 616 [1/1] (0.00ns)   --->   "%tmp_36 = partselect i3 @_ssdm_op_PartSelect.i3.i17.i32.i32, i17 %mul_ln1118_33, i32 14, i32 16"   --->   Operation 616 'partselect' 'tmp_36' <Predicate = (!icmp_ln174 & and_ln207)> <Delay = 0.00>
ST_43 : Operation 617 [1/1] (0.00ns)   --->   "%zext_ln1118_93 = zext i3 %tmp_36"   --->   Operation 617 'zext' 'zext_ln1118_93' <Predicate = (!icmp_ln174 & and_ln207)> <Delay = 0.00>
ST_43 : Operation 618 [1/1] (0.00ns)   --->   "%zext_ln1118_54 = zext i8 %window_val_V_5_4_2"   --->   Operation 618 'zext' 'zext_ln1118_54' <Predicate = (!icmp_ln174 & and_ln207)> <Delay = 0.00>
ST_43 : Operation 619 [1/1] (2.11ns)   --->   "%mul_ln1118_34 = mul i17 %zext_ln1118_54, i17 409"   --->   Operation 619 'mul' 'mul_ln1118_34' <Predicate = (!icmp_ln174 & and_ln207)> <Delay = 2.11> <CoreInst = "Multiplier">   --->   Core 3 'Multiplier' <Latency = 0> <II = 1> <Delay = 1.74> <FuncUnit> <Opcode : 'mul'> <InPorts = 2> <OutPorts = 1>
ST_43 : Operation 620 [1/1] (0.00ns)   --->   "%tmp_37 = partselect i3 @_ssdm_op_PartSelect.i3.i17.i32.i32, i17 %mul_ln1118_34, i32 14, i32 16"   --->   Operation 620 'partselect' 'tmp_37' <Predicate = (!icmp_ln174 & and_ln207)> <Delay = 0.00>
ST_43 : Operation 621 [1/1] (0.00ns)   --->   "%zext_ln1118_94 = zext i3 %tmp_37"   --->   Operation 621 'zext' 'zext_ln1118_94' <Predicate = (!icmp_ln174 & and_ln207)> <Delay = 0.00>
ST_43 : Operation 622 [1/1] (0.00ns)   --->   "%zext_ln1118_55 = zext i8 %window_val_V_5_5_2"   --->   Operation 622 'zext' 'zext_ln1118_55' <Predicate = (!icmp_ln174 & and_ln207)> <Delay = 0.00>
ST_43 : Operation 623 [1/1] (2.11ns)   --->   "%mul_ln1118_35 = mul i17 %zext_ln1118_55, i17 281"   --->   Operation 623 'mul' 'mul_ln1118_35' <Predicate = (!icmp_ln174 & and_ln207)> <Delay = 2.11> <CoreInst = "Multiplier">   --->   Core 3 'Multiplier' <Latency = 0> <II = 1> <Delay = 1.74> <FuncUnit> <Opcode : 'mul'> <InPorts = 2> <OutPorts = 1>
ST_43 : Operation 624 [1/1] (0.00ns)   --->   "%tmp_38 = partselect i3 @_ssdm_op_PartSelect.i3.i17.i32.i32, i17 %mul_ln1118_35, i32 14, i32 16"   --->   Operation 624 'partselect' 'tmp_38' <Predicate = (!icmp_ln174 & and_ln207)> <Delay = 0.00>
ST_43 : Operation 625 [1/1] (0.00ns)   --->   "%zext_ln1118_95 = zext i3 %tmp_38"   --->   Operation 625 'zext' 'zext_ln1118_95' <Predicate = (!icmp_ln174 & and_ln207)> <Delay = 0.00>
ST_43 : Operation 626 [1/1] (0.00ns)   --->   "%zext_ln1118_56 = zext i8 %window_val_V_5_6_1_i"   --->   Operation 626 'zext' 'zext_ln1118_56' <Predicate = (!icmp_ln174 & and_ln207)> <Delay = 0.00>
ST_43 : Operation 627 [1/1] (1.74ns)   --->   "%mul_ln1118_36 = mul i16 %zext_ln1118_56, i16 150"   --->   Operation 627 'mul' 'mul_ln1118_36' <Predicate = (!icmp_ln174 & and_ln207)> <Delay = 1.74> <CoreInst = "Multiplier">   --->   Core 3 'Multiplier' <Latency = 0> <II = 1> <Delay = 1.74> <FuncUnit> <Opcode : 'mul'> <InPorts = 2> <OutPorts = 1>
ST_43 : Operation 628 [1/1] (0.00ns)   --->   "%tmp_39 = partselect i2 @_ssdm_op_PartSelect.i2.i16.i32.i32, i16 %mul_ln1118_36, i32 14, i32 15"   --->   Operation 628 'partselect' 'tmp_39' <Predicate = (!icmp_ln174 & and_ln207)> <Delay = 0.00>
ST_43 : Operation 629 [1/1] (0.00ns)   --->   "%zext_ln1118_96 = zext i2 %tmp_39"   --->   Operation 629 'zext' 'zext_ln1118_96' <Predicate = (!icmp_ln174 & and_ln207)> <Delay = 0.00>
ST_43 : Operation 630 [1/1] (0.00ns)   --->   "%shl_ln1118_s = bitconcatenate i14 @_ssdm_op_BitConcatenate.i14.i8.i6, i8 %window_val_V_6_0_0_i, i6 0"   --->   Operation 630 'bitconcatenate' 'shl_ln1118_s' <Predicate = (!icmp_ln174 & and_ln207)> <Delay = 0.00>
ST_43 : Operation 631 [1/1] (0.00ns)   --->   "%zext_ln1118_59 = zext i14 %shl_ln1118_s"   --->   Operation 631 'zext' 'zext_ln1118_59' <Predicate = (!icmp_ln174 & and_ln207)> <Delay = 0.00>
ST_43 : Operation 632 [1/1] (0.00ns)   --->   "%shl_ln1118_10 = bitconcatenate i12 @_ssdm_op_BitConcatenate.i12.i8.i4, i8 %window_val_V_6_0_0_i, i4 0"   --->   Operation 632 'bitconcatenate' 'shl_ln1118_10' <Predicate = (!icmp_ln174 & and_ln207)> <Delay = 0.00>
ST_43 : Operation 633 [1/1] (0.00ns)   --->   "%zext_ln1118_60 = zext i12 %shl_ln1118_10"   --->   Operation 633 'zext' 'zext_ln1118_60' <Predicate = (!icmp_ln174 & and_ln207)> <Delay = 0.00>
ST_43 : Operation 634 [1/1] (0.83ns)   --->   "%add_ln1118_2 = add i15 %zext_ln1118_59, i15 %zext_ln1118_60"   --->   Operation 634 'add' 'add_ln1118_2' <Predicate = (!icmp_ln174 & and_ln207)> <Delay = 0.83> <CoreInst = "Adder">   --->   Core 1 'Adder' <Latency = 0> <II = 1> <Delay = 0.83> <FuncUnit> <Opcode : 'add' 'sub'> <InPorts = 2> <OutPorts = 1>
ST_43 : Operation 635 [1/1] (0.00ns)   --->   "%tmp_48 = bitselect i1 @_ssdm_op_BitSelect.i1.i15.i32, i15 %add_ln1118_2, i32 14"   --->   Operation 635 'bitselect' 'tmp_48' <Predicate = (!icmp_ln174 & and_ln207)> <Delay = 0.00>
ST_43 : Operation 636 [1/1] (0.00ns)   --->   "%zext_ln1118_97 = zext i1 %tmp_48"   --->   Operation 636 'zext' 'zext_ln1118_97' <Predicate = (!icmp_ln174 & and_ln207)> <Delay = 0.00>
ST_43 : Operation 637 [1/1] (0.00ns)   --->   "%zext_ln1118_61 = zext i8 %window_val_V_6_1_1_i"   --->   Operation 637 'zext' 'zext_ln1118_61' <Predicate = (!icmp_ln174 & and_ln207)> <Delay = 0.00>
ST_43 : Operation 638 [1/1] (1.74ns)   --->   "%mul_ln1118_37 = mul i16 %zext_ln1118_61, i16 150"   --->   Operation 638 'mul' 'mul_ln1118_37' <Predicate = (!icmp_ln174 & and_ln207)> <Delay = 1.74> <CoreInst = "Multiplier">   --->   Core 3 'Multiplier' <Latency = 0> <II = 1> <Delay = 1.74> <FuncUnit> <Opcode : 'mul'> <InPorts = 2> <OutPorts = 1>
ST_43 : Operation 639 [1/1] (0.00ns)   --->   "%tmp_40 = partselect i2 @_ssdm_op_PartSelect.i2.i16.i32.i32, i16 %mul_ln1118_37, i32 14, i32 15"   --->   Operation 639 'partselect' 'tmp_40' <Predicate = (!icmp_ln174 & and_ln207)> <Delay = 0.00>
ST_43 : Operation 640 [1/1] (0.00ns)   --->   "%zext_ln1118_98 = zext i2 %tmp_40"   --->   Operation 640 'zext' 'zext_ln1118_98' <Predicate = (!icmp_ln174 & and_ln207)> <Delay = 0.00>
ST_43 : Operation 641 [1/1] (0.00ns)   --->   "%zext_ln1118_62 = zext i8 %window_val_V_6_2_1_i"   --->   Operation 641 'zext' 'zext_ln1118_62' <Predicate = (!icmp_ln174 & and_ln207)> <Delay = 0.00>
ST_43 : Operation 642 [1/1] (1.74ns)   --->   "%mul_ln1118_38 = mul i16 %zext_ln1118_62, i16 219"   --->   Operation 642 'mul' 'mul_ln1118_38' <Predicate = (!icmp_ln174 & and_ln207)> <Delay = 1.74> <CoreInst = "Multiplier">   --->   Core 3 'Multiplier' <Latency = 0> <II = 1> <Delay = 1.74> <FuncUnit> <Opcode : 'mul'> <InPorts = 2> <OutPorts = 1>
ST_43 : Operation 643 [1/1] (0.00ns)   --->   "%tmp_42 = partselect i2 @_ssdm_op_PartSelect.i2.i16.i32.i32, i16 %mul_ln1118_38, i32 14, i32 15"   --->   Operation 643 'partselect' 'tmp_42' <Predicate = (!icmp_ln174 & and_ln207)> <Delay = 0.00>
ST_43 : Operation 644 [1/1] (0.00ns)   --->   "%zext_ln1118_99 = zext i2 %tmp_42"   --->   Operation 644 'zext' 'zext_ln1118_99' <Predicate = (!icmp_ln174 & and_ln207)> <Delay = 0.00>
ST_43 : Operation 645 [1/1] (0.00ns)   --->   "%shl_ln1118_11 = bitconcatenate i16 @_ssdm_op_BitConcatenate.i16.i8.i8, i8 %window_val_V_6_3_2, i8 0"   --->   Operation 645 'bitconcatenate' 'shl_ln1118_11' <Predicate = (!icmp_ln174 & and_ln207)> <Delay = 0.00>
ST_43 : Operation 646 [1/1] (0.00ns)   --->   "%zext_ln1118_65 = zext i16 %shl_ln1118_11"   --->   Operation 646 'zext' 'zext_ln1118_65' <Predicate = (!icmp_ln174 & and_ln207)> <Delay = 0.00>
ST_43 : Operation 647 [1/1] (0.00ns)   --->   "%shl_ln1118_12 = bitconcatenate i11 @_ssdm_op_BitConcatenate.i11.i8.i3, i8 %window_val_V_6_3_2, i3 0"   --->   Operation 647 'bitconcatenate' 'shl_ln1118_12' <Predicate = (!icmp_ln174 & and_ln207)> <Delay = 0.00>
ST_43 : Operation 648 [1/1] (0.00ns)   --->   "%zext_ln1118_66 = zext i11 %shl_ln1118_12"   --->   Operation 648 'zext' 'zext_ln1118_66' <Predicate = (!icmp_ln174 & and_ln207)> <Delay = 0.00>
ST_43 : Operation 649 [1/1] (0.85ns)   --->   "%sub_ln1118_3 = sub i17 %zext_ln1118_65, i17 %zext_ln1118_66"   --->   Operation 649 'sub' 'sub_ln1118_3' <Predicate = (!icmp_ln174 & and_ln207)> <Delay = 0.85> <CoreInst = "Adder">   --->   Core 1 'Adder' <Latency = 0> <II = 1> <Delay = 0.83> <FuncUnit> <Opcode : 'add' 'sub'> <InPorts = 2> <OutPorts = 1>
ST_43 : Operation 650 [1/1] (0.00ns)   --->   "%tmp_43 = partselect i3 @_ssdm_op_PartSelect.i3.i17.i32.i32, i17 %sub_ln1118_3, i32 14, i32 16"   --->   Operation 650 'partselect' 'tmp_43' <Predicate = (!icmp_ln174 & and_ln207)> <Delay = 0.00>
ST_43 : Operation 651 [1/1] (0.00ns)   --->   "%sext_ln1118_3 = sext i3 %tmp_43"   --->   Operation 651 'sext' 'sext_ln1118_3' <Predicate = (!icmp_ln174 & and_ln207)> <Delay = 0.00>
ST_43 : Operation 652 [1/1] (0.00ns)   --->   "%zext_ln1118_67 = zext i8 %window_val_V_6_4_2"   --->   Operation 652 'zext' 'zext_ln1118_67' <Predicate = (!icmp_ln174 & and_ln207)> <Delay = 0.00>
ST_43 : Operation 653 [1/1] (1.74ns)   --->   "%mul_ln1118_39 = mul i16 %zext_ln1118_67, i16 219"   --->   Operation 653 'mul' 'mul_ln1118_39' <Predicate = (!icmp_ln174 & and_ln207)> <Delay = 1.74> <CoreInst = "Multiplier">   --->   Core 3 'Multiplier' <Latency = 0> <II = 1> <Delay = 1.74> <FuncUnit> <Opcode : 'mul'> <InPorts = 2> <OutPorts = 1>
ST_43 : Operation 654 [1/1] (0.00ns)   --->   "%tmp_44 = partselect i2 @_ssdm_op_PartSelect.i2.i16.i32.i32, i16 %mul_ln1118_39, i32 14, i32 15"   --->   Operation 654 'partselect' 'tmp_44' <Predicate = (!icmp_ln174 & and_ln207)> <Delay = 0.00>
ST_43 : Operation 655 [1/1] (0.00ns)   --->   "%zext_ln1118_100 = zext i2 %tmp_44"   --->   Operation 655 'zext' 'zext_ln1118_100' <Predicate = (!icmp_ln174 & and_ln207)> <Delay = 0.00>
ST_43 : Operation 656 [1/1] (0.00ns)   --->   "%zext_ln1118_68 = zext i8 %window_val_V_6_5_2"   --->   Operation 656 'zext' 'zext_ln1118_68' <Predicate = (!icmp_ln174 & and_ln207)> <Delay = 0.00>
ST_43 : Operation 657 [1/1] (1.74ns)   --->   "%mul_ln1118_40 = mul i16 %zext_ln1118_68, i16 150"   --->   Operation 657 'mul' 'mul_ln1118_40' <Predicate = (!icmp_ln174 & and_ln207)> <Delay = 1.74> <CoreInst = "Multiplier">   --->   Core 3 'Multiplier' <Latency = 0> <II = 1> <Delay = 1.74> <FuncUnit> <Opcode : 'mul'> <InPorts = 2> <OutPorts = 1>
ST_43 : Operation 658 [1/1] (0.00ns)   --->   "%tmp_45 = partselect i2 @_ssdm_op_PartSelect.i2.i16.i32.i32, i16 %mul_ln1118_40, i32 14, i32 15"   --->   Operation 658 'partselect' 'tmp_45' <Predicate = (!icmp_ln174 & and_ln207)> <Delay = 0.00>
ST_43 : Operation 659 [1/1] (0.00ns)   --->   "%zext_ln1118_101 = zext i2 %tmp_45"   --->   Operation 659 'zext' 'zext_ln1118_101' <Predicate = (!icmp_ln174 & and_ln207)> <Delay = 0.00>
ST_43 : Operation 660 [1/1] (0.00ns)   --->   "%shl_ln1118_13 = bitconcatenate i14 @_ssdm_op_BitConcatenate.i14.i8.i6, i8 %window_val_V_6_6_1_i, i6 0"   --->   Operation 660 'bitconcatenate' 'shl_ln1118_13' <Predicate = (!icmp_ln174 & and_ln207)> <Delay = 0.00>
ST_43 : Operation 661 [1/1] (0.00ns)   --->   "%zext_ln1118_71 = zext i14 %shl_ln1118_13"   --->   Operation 661 'zext' 'zext_ln1118_71' <Predicate = (!icmp_ln174 & and_ln207)> <Delay = 0.00>
ST_43 : Operation 662 [1/1] (0.00ns)   --->   "%shl_ln1118_14 = bitconcatenate i12 @_ssdm_op_BitConcatenate.i12.i8.i4, i8 %window_val_V_6_6_1_i, i4 0"   --->   Operation 662 'bitconcatenate' 'shl_ln1118_14' <Predicate = (!icmp_ln174 & and_ln207)> <Delay = 0.00>
ST_43 : Operation 663 [1/1] (0.00ns)   --->   "%zext_ln1118_72 = zext i12 %shl_ln1118_14"   --->   Operation 663 'zext' 'zext_ln1118_72' <Predicate = (!icmp_ln174 & and_ln207)> <Delay = 0.00>
ST_43 : Operation 664 [1/1] (0.83ns)   --->   "%add_ln1118_3 = add i15 %zext_ln1118_71, i15 %zext_ln1118_72"   --->   Operation 664 'add' 'add_ln1118_3' <Predicate = (!icmp_ln174 & and_ln207)> <Delay = 0.83> <CoreInst = "Adder">   --->   Core 1 'Adder' <Latency = 0> <II = 1> <Delay = 0.83> <FuncUnit> <Opcode : 'add' 'sub'> <InPorts = 2> <OutPorts = 1>
ST_43 : Operation 665 [1/1] (0.00ns)   --->   "%tmp_49 = bitselect i1 @_ssdm_op_BitSelect.i1.i15.i32, i15 %add_ln1118_3, i32 14"   --->   Operation 665 'bitselect' 'tmp_49' <Predicate = (!icmp_ln174 & and_ln207)> <Delay = 0.00>
ST_43 : Operation 666 [1/1] (0.00ns)   --->   "%zext_ln691 = zext i1 %tmp_49"   --->   Operation 666 'zext' 'zext_ln691' <Predicate = (!icmp_ln174 & and_ln207)> <Delay = 0.00>
ST_43 : Operation 667 [1/1] (0.67ns)   --->   "%add_ln691_7 = add i4 %sext_ln1118_1, i4 %sext_ln1118_2"   --->   Operation 667 'add' 'add_ln691_7' <Predicate = (!icmp_ln174 & and_ln207)> <Delay = 0.67> <CoreInst = "Adder">   --->   Core 1 'Adder' <Latency = 0> <II = 1> <Delay = 0.83> <FuncUnit> <Opcode : 'add' 'sub'> <InPorts = 2> <OutPorts = 1>
ST_43 : Operation 668 [1/1] (0.67ns)   --->   "%add_ln691_11 = add i4 %zext_ln1118_39, i4 %zext_ln1118_40"   --->   Operation 668 'add' 'add_ln691_11' <Predicate = (!icmp_ln174 & and_ln207)> <Delay = 0.67> <CoreInst = "Adder">   --->   Core 1 'Adder' <Latency = 0> <II = 1> <Delay = 0.83> <FuncUnit> <Opcode : 'add' 'sub'> <InPorts = 2> <OutPorts = 1>
ST_43 : Operation 669 [1/1] (0.00ns)   --->   "%zext_ln691_8 = zext i4 %add_ln691_11"   --->   Operation 669 'zext' 'zext_ln691_8' <Predicate = (!icmp_ln174 & and_ln207)> <Delay = 0.00>
ST_43 : Operation 670 [1/1] (0.79ns)   --->   "%add_ln691_12 = add i6 %zext_ln691_8, i6 %sext_ln1118_3"   --->   Operation 670 'add' 'add_ln691_12' <Predicate = (!icmp_ln174 & and_ln207)> <Delay = 0.79> <CoreInst = "Adder">   --->   Core 1 'Adder' <Latency = 0> <II = 1> <Delay = 0.83> <FuncUnit> <Opcode : 'add' 'sub'> <InPorts = 2> <OutPorts = 1>
ST_43 : Operation 671 [1/1] (0.00ns)   --->   "%sext_ln691_3 = sext i6 %add_ln691_12"   --->   Operation 671 'sext' 'sext_ln691_3' <Predicate = (!icmp_ln174 & and_ln207)> <Delay = 0.00>
ST_43 : Operation 672 [1/1] (0.67ns)   --->   "%add_ln691_13 = add i4 %zext_ln1118_58, i4 %zext_ln1118_63"   --->   Operation 672 'add' 'add_ln691_13' <Predicate = (!icmp_ln174 & and_ln207)> <Delay = 0.67> <CoreInst = "Adder">   --->   Core 1 'Adder' <Latency = 0> <II = 1> <Delay = 0.83> <FuncUnit> <Opcode : 'add' 'sub'> <InPorts = 2> <OutPorts = 1>
ST_43 : Operation 673 [1/1] (0.00ns)   --->   "%zext_ln691_9 = zext i4 %add_ln691_13"   --->   Operation 673 'zext' 'zext_ln691_9' <Predicate = (!icmp_ln174 & and_ln207)> <Delay = 0.00>
ST_43 : Operation 674 [1/1] (0.79ns)   --->   "%add_ln691_14 = add i5 %zext_ln691_9, i5 %zext_ln1118_57"   --->   Operation 674 'add' 'add_ln691_14' <Predicate = (!icmp_ln174 & and_ln207)> <Delay = 0.79> <CoreInst = "Adder">   --->   Core 1 'Adder' <Latency = 0> <II = 1> <Delay = 0.83> <FuncUnit> <Opcode : 'add' 'sub'> <InPorts = 2> <OutPorts = 1>
ST_43 : Operation 675 [1/1] (0.00ns)   --->   "%zext_ln691_10 = zext i5 %add_ln691_14"   --->   Operation 675 'zext' 'zext_ln691_10' <Predicate = (!icmp_ln174 & and_ln207)> <Delay = 0.00>
ST_43 : Operation 676 [1/1] (0.78ns)   --->   "%add_ln691_15 = add i7 %zext_ln691_10, i7 %sext_ln691_3"   --->   Operation 676 'add' 'add_ln691_15' <Predicate = (!icmp_ln174 & and_ln207)> <Delay = 0.78> <CoreInst = "Adder">   --->   Core 1 'Adder' <Latency = 0> <II = 1> <Delay = 0.83> <FuncUnit> <Opcode : 'add' 'sub'> <InPorts = 2> <OutPorts = 1>
ST_43 : Operation 677 [1/1] (0.00ns)   --->   "%sext_ln691_4 = sext i7 %add_ln691_15"   --->   Operation 677 'sext' 'sext_ln691_4' <Predicate = (!icmp_ln174 & and_ln207)> <Delay = 0.00>
ST_43 : Operation 678 [1/1] (0.67ns)   --->   "%add_ln691_16 = add i4 %zext_ln1118_76, i4 %zext_ln1118_78"   --->   Operation 678 'add' 'add_ln691_16' <Predicate = (!icmp_ln174 & and_ln207)> <Delay = 0.67> <CoreInst = "Adder">   --->   Core 1 'Adder' <Latency = 0> <II = 1> <Delay = 0.83> <FuncUnit> <Opcode : 'add' 'sub'> <InPorts = 2> <OutPorts = 1>
ST_43 : Operation 679 [1/1] (0.00ns)   --->   "%zext_ln691_11 = zext i4 %add_ln691_16"   --->   Operation 679 'zext' 'zext_ln691_11' <Predicate = (!icmp_ln174 & and_ln207)> <Delay = 0.00>
ST_43 : Operation 680 [1/1] (0.79ns)   --->   "%add_ln691_17 = add i5 %zext_ln691_11, i5 %zext_ln1118_70"   --->   Operation 680 'add' 'add_ln691_17' <Predicate = (!icmp_ln174 & and_ln207)> <Delay = 0.79> <CoreInst = "Adder">   --->   Core 1 'Adder' <Latency = 0> <II = 1> <Delay = 0.83> <FuncUnit> <Opcode : 'add' 'sub'> <InPorts = 2> <OutPorts = 1>
ST_43 : Operation 681 [1/1] (0.00ns)   --->   "%zext_ln691_12 = zext i5 %add_ln691_17"   --->   Operation 681 'zext' 'zext_ln691_12' <Predicate = (!icmp_ln174 & and_ln207)> <Delay = 0.00>
ST_43 : Operation 682 [1/1] (0.67ns)   --->   "%add_ln691_18 = add i4 %zext_ln1118_84, i4 %zext_ln1118_88"   --->   Operation 682 'add' 'add_ln691_18' <Predicate = (!icmp_ln174 & and_ln207)> <Delay = 0.67> <CoreInst = "Adder">   --->   Core 1 'Adder' <Latency = 0> <II = 1> <Delay = 0.83> <FuncUnit> <Opcode : 'add' 'sub'> <InPorts = 2> <OutPorts = 1>
ST_43 : Operation 683 [1/1] (0.00ns)   --->   "%zext_ln691_13 = zext i4 %add_ln691_18"   --->   Operation 683 'zext' 'zext_ln691_13' <Predicate = (!icmp_ln174 & and_ln207)> <Delay = 0.00>
ST_43 : Operation 684 [1/1] (0.79ns)   --->   "%add_ln691_19 = add i5 %zext_ln691_13, i5 %zext_ln1118_82"   --->   Operation 684 'add' 'add_ln691_19' <Predicate = (!icmp_ln174 & and_ln207)> <Delay = 0.79> <CoreInst = "Adder">   --->   Core 1 'Adder' <Latency = 0> <II = 1> <Delay = 0.83> <FuncUnit> <Opcode : 'add' 'sub'> <InPorts = 2> <OutPorts = 1>
ST_43 : Operation 685 [1/1] (0.00ns)   --->   "%zext_ln691_14 = zext i5 %add_ln691_19"   --->   Operation 685 'zext' 'zext_ln691_14' <Predicate = (!icmp_ln174 & and_ln207)> <Delay = 0.00>
ST_43 : Operation 686 [1/1] (0.78ns)   --->   "%add_ln691_20 = add i6 %zext_ln691_14, i6 %zext_ln691_12"   --->   Operation 686 'add' 'add_ln691_20' <Predicate = (!icmp_ln174 & and_ln207)> <Delay = 0.78> <CoreInst = "Adder">   --->   Core 1 'Adder' <Latency = 0> <II = 1> <Delay = 0.83> <FuncUnit> <Opcode : 'add' 'sub'> <InPorts = 2> <OutPorts = 1>
ST_43 : Operation 687 [1/1] (0.00ns)   --->   "%zext_ln691_15 = zext i6 %add_ln691_20"   --->   Operation 687 'zext' 'zext_ln691_15' <Predicate = (!icmp_ln174 & and_ln207)> <Delay = 0.00>
ST_43 : Operation 688 [1/1] (0.77ns)   --->   "%add_ln691_21 = add i8 %zext_ln691_15, i8 %sext_ln691_4"   --->   Operation 688 'add' 'add_ln691_21' <Predicate = (!icmp_ln174 & and_ln207)> <Delay = 0.77> <CoreInst = "Adder">   --->   Core 1 'Adder' <Latency = 0> <II = 1> <Delay = 0.83> <FuncUnit> <Opcode : 'add' 'sub'> <InPorts = 2> <OutPorts = 1>
ST_43 : Operation 689 [1/1] (0.67ns)   --->   "%add_ln691_23 = add i4 %zext_ln1118_92, i4 %zext_ln1118_93"   --->   Operation 689 'add' 'add_ln691_23' <Predicate = (!icmp_ln174 & and_ln207)> <Delay = 0.67> <CoreInst = "Adder">   --->   Core 1 'Adder' <Latency = 0> <II = 1> <Delay = 0.83> <FuncUnit> <Opcode : 'add' 'sub'> <InPorts = 2> <OutPorts = 1>
ST_43 : Operation 690 [1/1] (0.00ns)   --->   "%zext_ln691_16 = zext i4 %add_ln691_23"   --->   Operation 690 'zext' 'zext_ln691_16' <Predicate = (!icmp_ln174 & and_ln207)> <Delay = 0.00>
ST_43 : Operation 691 [1/1] (0.79ns)   --->   "%add_ln691_24 = add i5 %zext_ln691_16, i5 %zext_ln1118_91"   --->   Operation 691 'add' 'add_ln691_24' <Predicate = (!icmp_ln174 & and_ln207)> <Delay = 0.79> <CoreInst = "Adder">   --->   Core 1 'Adder' <Latency = 0> <II = 1> <Delay = 0.83> <FuncUnit> <Opcode : 'add' 'sub'> <InPorts = 2> <OutPorts = 1>
ST_43 : Operation 692 [1/1] (0.00ns)   --->   "%zext_ln691_17 = zext i5 %add_ln691_24"   --->   Operation 692 'zext' 'zext_ln691_17' <Predicate = (!icmp_ln174 & and_ln207)> <Delay = 0.00>
ST_43 : Operation 693 [1/1] (0.67ns)   --->   "%add_ln691_25 = add i4 %zext_ln1118_95, i4 %zext_ln1118_6"   --->   Operation 693 'add' 'add_ln691_25' <Predicate = (!icmp_ln174 & and_ln207)> <Delay = 0.67> <CoreInst = "Adder">   --->   Core 1 'Adder' <Latency = 0> <II = 1> <Delay = 0.83> <FuncUnit> <Opcode : 'add' 'sub'> <InPorts = 2> <OutPorts = 1>
ST_43 : Operation 694 [1/1] (0.00ns)   --->   "%zext_ln691_18 = zext i4 %add_ln691_25"   --->   Operation 694 'zext' 'zext_ln691_18' <Predicate = (!icmp_ln174 & and_ln207)> <Delay = 0.00>
ST_43 : Operation 695 [1/1] (0.79ns)   --->   "%add_ln691_26 = add i5 %zext_ln691_18, i5 %zext_ln1118_94"   --->   Operation 695 'add' 'add_ln691_26' <Predicate = (!icmp_ln174 & and_ln207)> <Delay = 0.79> <CoreInst = "Adder">   --->   Core 1 'Adder' <Latency = 0> <II = 1> <Delay = 0.83> <FuncUnit> <Opcode : 'add' 'sub'> <InPorts = 2> <OutPorts = 1>
ST_43 : Operation 696 [1/1] (0.00ns)   --->   "%zext_ln691_19 = zext i5 %add_ln691_26"   --->   Operation 696 'zext' 'zext_ln691_19' <Predicate = (!icmp_ln174 & and_ln207)> <Delay = 0.00>
ST_43 : Operation 697 [1/1] (0.00ns) (grouped into TernaryAdder)   --->   "%add_ln691_27 = add i6 %zext_ln691_19, i6 %zext_ln691_17"   --->   Operation 697 'add' 'add_ln691_27' <Predicate = (!icmp_ln174 & and_ln207)> <Delay = 0.00> <CoreInst = "TAddSub">   --->   Core 10 'TAddSub' <Latency = 0> <II = 1> <Delay = 0.52> <IPBlock> <Opcode : 'add' 'sub'> <InPorts = 3> <OutPorts = 1> <Sync>
ST_43 : Operation 698 [1/1] (0.54ns)   --->   "%add_ln691_28 = add i3 %zext_ln1118_12, i3 %zext_ln1118_13"   --->   Operation 698 'add' 'add_ln691_28' <Predicate = (!icmp_ln174 & and_ln207)> <Delay = 0.54> <CoreInst = "Adder">   --->   Core 1 'Adder' <Latency = 0> <II = 1> <Delay = 0.83> <FuncUnit> <Opcode : 'add' 'sub'> <InPorts = 2> <OutPorts = 1>
ST_43 : Operation 699 [1/1] (0.00ns)   --->   "%zext_ln691_20 = zext i3 %add_ln691_28"   --->   Operation 699 'zext' 'zext_ln691_20' <Predicate = (!icmp_ln174 & and_ln207)> <Delay = 0.00>
ST_43 : Operation 700 [1/1] (0.67ns)   --->   "%add_ln691_29 = add i4 %zext_ln691_20, i4 %zext_ln1118_7"   --->   Operation 700 'add' 'add_ln691_29' <Predicate = (!icmp_ln174 & and_ln207)> <Delay = 0.67> <CoreInst = "Adder">   --->   Core 1 'Adder' <Latency = 0> <II = 1> <Delay = 0.83> <FuncUnit> <Opcode : 'add' 'sub'> <InPorts = 2> <OutPorts = 1>
ST_43 : Operation 701 [1/1] (0.00ns)   --->   "%zext_ln691_21 = zext i4 %add_ln691_29"   --->   Operation 701 'zext' 'zext_ln691_21' <Predicate = (!icmp_ln174 & and_ln207)> <Delay = 0.00>
ST_43 : Operation 702 [1/1] (0.54ns)   --->   "%add_ln691_30 = add i3 %zext_ln1118_64, i3 %zext_ln1118_69"   --->   Operation 702 'add' 'add_ln691_30' <Predicate = (!icmp_ln174 & and_ln207)> <Delay = 0.54> <CoreInst = "Adder">   --->   Core 1 'Adder' <Latency = 0> <II = 1> <Delay = 0.83> <FuncUnit> <Opcode : 'add' 'sub'> <InPorts = 2> <OutPorts = 1>
ST_43 : Operation 703 [1/1] (0.00ns)   --->   "%zext_ln691_22 = zext i3 %add_ln691_30"   --->   Operation 703 'zext' 'zext_ln691_22' <Predicate = (!icmp_ln174 & and_ln207)> <Delay = 0.00>
ST_43 : Operation 704 [1/1] (0.67ns)   --->   "%add_ln691_31 = add i4 %zext_ln691_22, i4 %zext_ln1118_31"   --->   Operation 704 'add' 'add_ln691_31' <Predicate = (!icmp_ln174 & and_ln207)> <Delay = 0.67> <CoreInst = "Adder">   --->   Core 1 'Adder' <Latency = 0> <II = 1> <Delay = 0.83> <FuncUnit> <Opcode : 'add' 'sub'> <InPorts = 2> <OutPorts = 1>
ST_43 : Operation 705 [1/1] (0.00ns)   --->   "%zext_ln691_23 = zext i4 %add_ln691_31"   --->   Operation 705 'zext' 'zext_ln691_23' <Predicate = (!icmp_ln174 & and_ln207)> <Delay = 0.00>
ST_43 : Operation 706 [1/1] (0.79ns)   --->   "%add_ln691_32 = add i5 %zext_ln691_23, i5 %zext_ln691_21"   --->   Operation 706 'add' 'add_ln691_32' <Predicate = (!icmp_ln174 & and_ln207)> <Delay = 0.79> <CoreInst = "Adder">   --->   Core 1 'Adder' <Latency = 0> <II = 1> <Delay = 0.83> <FuncUnit> <Opcode : 'add' 'sub'> <InPorts = 2> <OutPorts = 1>
ST_43 : Operation 707 [1/1] (0.00ns)   --->   "%zext_ln691_24 = zext i5 %add_ln691_32"   --->   Operation 707 'zext' 'zext_ln691_24' <Predicate = (!icmp_ln174 & and_ln207)> <Delay = 0.00>
ST_43 : Operation 708 [1/1] (0.76ns) (root node of TernaryAdder)   --->   "%add_ln691_33 = add i6 %zext_ln691_24, i6 %add_ln691_27"   --->   Operation 708 'add' 'add_ln691_33' <Predicate = (!icmp_ln174 & and_ln207)> <Delay = 0.76> <CoreInst = "TAddSub">   --->   Core 10 'TAddSub' <Latency = 0> <II = 1> <Delay = 0.52> <IPBlock> <Opcode : 'add' 'sub'> <InPorts = 3> <OutPorts = 1> <Sync>
ST_43 : Operation 709 [1/1] (0.00ns)   --->   "%zext_ln691_25 = zext i6 %add_ln691_33"   --->   Operation 709 'zext' 'zext_ln691_25' <Predicate = (!icmp_ln174 & and_ln207)> <Delay = 0.00>
ST_43 : Operation 710 [1/1] (0.54ns)   --->   "%add_ln691_34 = add i3 %zext_ln1118_83, i3 %zext_ln1118_89"   --->   Operation 710 'add' 'add_ln691_34' <Predicate = (!icmp_ln174 & and_ln207)> <Delay = 0.54> <CoreInst = "Adder">   --->   Core 1 'Adder' <Latency = 0> <II = 1> <Delay = 0.83> <FuncUnit> <Opcode : 'add' 'sub'> <InPorts = 2> <OutPorts = 1>
ST_43 : Operation 711 [1/1] (0.00ns)   --->   "%zext_ln691_26 = zext i3 %add_ln691_34"   --->   Operation 711 'zext' 'zext_ln691_26' <Predicate = (!icmp_ln174 & and_ln207)> <Delay = 0.00>
ST_43 : Operation 712 [1/1] (0.67ns)   --->   "%add_ln691_35 = add i4 %zext_ln691_26, i4 %zext_ln1118_77"   --->   Operation 712 'add' 'add_ln691_35' <Predicate = (!icmp_ln174 & and_ln207)> <Delay = 0.67> <CoreInst = "Adder">   --->   Core 1 'Adder' <Latency = 0> <II = 1> <Delay = 0.83> <FuncUnit> <Opcode : 'add' 'sub'> <InPorts = 2> <OutPorts = 1>
ST_43 : Operation 713 [1/1] (0.00ns)   --->   "%zext_ln691_27 = zext i4 %add_ln691_35"   --->   Operation 713 'zext' 'zext_ln691_27' <Predicate = (!icmp_ln174 & and_ln207)> <Delay = 0.00>
ST_43 : Operation 714 [1/1] (0.54ns)   --->   "%add_ln691_36 = add i3 %zext_ln1118_96, i3 %zext_ln1118_98"   --->   Operation 714 'add' 'add_ln691_36' <Predicate = (!icmp_ln174 & and_ln207)> <Delay = 0.54> <CoreInst = "Adder">   --->   Core 1 'Adder' <Latency = 0> <II = 1> <Delay = 0.83> <FuncUnit> <Opcode : 'add' 'sub'> <InPorts = 2> <OutPorts = 1>
ST_43 : Operation 715 [1/1] (0.00ns)   --->   "%zext_ln691_28 = zext i3 %add_ln691_36"   --->   Operation 715 'zext' 'zext_ln691_28' <Predicate = (!icmp_ln174 & and_ln207)> <Delay = 0.00>
ST_43 : Operation 716 [1/1] (0.67ns)   --->   "%add_ln691_37 = add i4 %zext_ln691_28, i4 %zext_ln1118_90"   --->   Operation 716 'add' 'add_ln691_37' <Predicate = (!icmp_ln174 & and_ln207)> <Delay = 0.67> <CoreInst = "Adder">   --->   Core 1 'Adder' <Latency = 0> <II = 1> <Delay = 0.83> <FuncUnit> <Opcode : 'add' 'sub'> <InPorts = 2> <OutPorts = 1>
ST_43 : Operation 717 [1/1] (0.00ns)   --->   "%zext_ln691_29 = zext i4 %add_ln691_37"   --->   Operation 717 'zext' 'zext_ln691_29' <Predicate = (!icmp_ln174 & and_ln207)> <Delay = 0.00>
ST_43 : Operation 718 [1/1] (0.00ns) (grouped into TernaryAdder)   --->   "%add_ln691_38 = add i5 %zext_ln691_29, i5 %zext_ln691_27"   --->   Operation 718 'add' 'add_ln691_38' <Predicate = (!icmp_ln174 & and_ln207)> <Delay = 0.00> <CoreInst = "TAddSub">   --->   Core 10 'TAddSub' <Latency = 0> <II = 1> <Delay = 0.52> <IPBlock> <Opcode : 'add' 'sub'> <InPorts = 3> <OutPorts = 1> <Sync>
ST_43 : Operation 719 [1/1] (0.54ns)   --->   "%add_ln691_39 = add i3 %zext_ln1118_100, i3 %zext_ln1118_101"   --->   Operation 719 'add' 'add_ln691_39' <Predicate = (!icmp_ln174 & and_ln207)> <Delay = 0.54> <CoreInst = "Adder">   --->   Core 1 'Adder' <Latency = 0> <II = 1> <Delay = 0.83> <FuncUnit> <Opcode : 'add' 'sub'> <InPorts = 2> <OutPorts = 1>
ST_43 : Operation 720 [1/1] (0.00ns)   --->   "%zext_ln691_30 = zext i3 %add_ln691_39"   --->   Operation 720 'zext' 'zext_ln691_30' <Predicate = (!icmp_ln174 & and_ln207)> <Delay = 0.00>
ST_43 : Operation 721 [1/1] (0.00ns) (grouped into TernaryAdder)   --->   "%add_ln691_40 = add i4 %zext_ln691_30, i4 %zext_ln1118_99"   --->   Operation 721 'add' 'add_ln691_40' <Predicate = (!icmp_ln174 & and_ln207)> <Delay = 0.00> <CoreInst = "TAddSub">   --->   Core 10 'TAddSub' <Latency = 0> <II = 1> <Delay = 0.52> <IPBlock> <Opcode : 'add' 'sub'> <InPorts = 3> <OutPorts = 1> <Sync>
ST_43 : Operation 722 [1/1] (0.54ns)   --->   "%add_ln691_41 = add i2 %zext_ln1118_3, i2 %zext_ln1118_30"   --->   Operation 722 'add' 'add_ln691_41' <Predicate = (!icmp_ln174 & and_ln207)> <Delay = 0.54> <CoreInst = "Adder">   --->   Core 1 'Adder' <Latency = 0> <II = 1> <Delay = 0.83> <FuncUnit> <Opcode : 'add' 'sub'> <InPorts = 2> <OutPorts = 1>
ST_43 : Operation 723 [1/1] (0.00ns)   --->   "%zext_ln691_31 = zext i2 %add_ln691_41"   --->   Operation 723 'zext' 'zext_ln691_31' <Predicate = (!icmp_ln174 & and_ln207)> <Delay = 0.00>
ST_43 : Operation 724 [1/1] (0.54ns)   --->   "%add_ln691_42 = add i2 %zext_ln1118_97, i2 %zext_ln691"   --->   Operation 724 'add' 'add_ln691_42' <Predicate = (!icmp_ln174 & and_ln207)> <Delay = 0.54> <CoreInst = "Adder">   --->   Core 1 'Adder' <Latency = 0> <II = 1> <Delay = 0.83> <FuncUnit> <Opcode : 'add' 'sub'> <InPorts = 2> <OutPorts = 1>
ST_43 : Operation 725 [1/1] (0.00ns)   --->   "%zext_ln691_32 = zext i2 %add_ln691_42"   --->   Operation 725 'zext' 'zext_ln691_32' <Predicate = (!icmp_ln174 & and_ln207)> <Delay = 0.00>
ST_43 : Operation 726 [1/1] (0.54ns)   --->   "%add_ln691_43 = add i3 %zext_ln691_32, i3 %zext_ln691_31"   --->   Operation 726 'add' 'add_ln691_43' <Predicate = (!icmp_ln174 & and_ln207)> <Delay = 0.54> <CoreInst = "Adder">   --->   Core 1 'Adder' <Latency = 0> <II = 1> <Delay = 0.83> <FuncUnit> <Opcode : 'add' 'sub'> <InPorts = 2> <OutPorts = 1>
ST_43 : Operation 727 [1/1] (0.00ns)   --->   "%zext_ln691_33 = zext i3 %add_ln691_43"   --->   Operation 727 'zext' 'zext_ln691_33' <Predicate = (!icmp_ln174 & and_ln207)> <Delay = 0.00>
ST_43 : Operation 728 [1/1] (0.46ns) (root node of TernaryAdder)   --->   "%add_ln691_44 = add i4 %zext_ln691_33, i4 %add_ln691_40"   --->   Operation 728 'add' 'add_ln691_44' <Predicate = (!icmp_ln174 & and_ln207)> <Delay = 0.46> <CoreInst = "TAddSub">   --->   Core 10 'TAddSub' <Latency = 0> <II = 1> <Delay = 0.52> <IPBlock> <Opcode : 'add' 'sub'> <InPorts = 3> <OutPorts = 1> <Sync>
ST_43 : Operation 729 [1/1] (0.00ns)   --->   "%zext_ln691_34 = zext i4 %add_ln691_44"   --->   Operation 729 'zext' 'zext_ln691_34' <Predicate = (!icmp_ln174 & and_ln207)> <Delay = 0.00>
ST_43 : Operation 730 [1/1] (0.61ns) (root node of TernaryAdder)   --->   "%add_ln691_45 = add i5 %zext_ln691_34, i5 %add_ln691_38"   --->   Operation 730 'add' 'add_ln691_45' <Predicate = (!icmp_ln174 & and_ln207)> <Delay = 0.61> <CoreInst = "TAddSub">   --->   Core 10 'TAddSub' <Latency = 0> <II = 1> <Delay = 0.52> <IPBlock> <Opcode : 'add' 'sub'> <InPorts = 3> <OutPorts = 1> <Sync>
ST_43 : Operation 731 [1/1] (0.00ns)   --->   "%zext_ln691_35 = zext i5 %add_ln691_45"   --->   Operation 731 'zext' 'zext_ln691_35' <Predicate = (!icmp_ln174 & and_ln207)> <Delay = 0.00>
ST_43 : Operation 732 [1/1] (0.78ns)   --->   "%add_ln691_46 = add i7 %zext_ln691_35, i7 %zext_ln691_25"   --->   Operation 732 'add' 'add_ln691_46' <Predicate = (!icmp_ln174 & and_ln207)> <Delay = 0.78> <CoreInst = "Adder">   --->   Core 1 'Adder' <Latency = 0> <II = 1> <Delay = 0.83> <FuncUnit> <Opcode : 'add' 'sub'> <InPorts = 2> <OutPorts = 1>

State 44 <SV = 42> <Delay = 6.09>
ST_44 : Operation 733 [1/1] (0.00ns)   --->   "%shl_ln1118_2 = bitconcatenate i16 @_ssdm_op_BitConcatenate.i16.i8.i8, i8 %window_val_V_0_3_2, i8 0"   --->   Operation 733 'bitconcatenate' 'shl_ln1118_2' <Predicate = (and_ln207)> <Delay = 0.00>
ST_44 : Operation 734 [1/1] (0.00ns)   --->   "%zext_ln1118_8 = zext i16 %shl_ln1118_2"   --->   Operation 734 'zext' 'zext_ln1118_8' <Predicate = (and_ln207)> <Delay = 0.00>
ST_44 : Operation 735 [1/1] (0.00ns)   --->   "%shl_ln1118_3 = bitconcatenate i11 @_ssdm_op_BitConcatenate.i11.i8.i3, i8 %window_val_V_0_3_2, i3 0"   --->   Operation 735 'bitconcatenate' 'shl_ln1118_3' <Predicate = (and_ln207)> <Delay = 0.00>
ST_44 : Operation 736 [1/1] (0.00ns)   --->   "%zext_ln1118_9 = zext i11 %shl_ln1118_3"   --->   Operation 736 'zext' 'zext_ln1118_9' <Predicate = (and_ln207)> <Delay = 0.00>
ST_44 : Operation 737 [1/1] (0.85ns)   --->   "%sub_ln1118 = sub i17 %zext_ln1118_8, i17 %zext_ln1118_9"   --->   Operation 737 'sub' 'sub_ln1118' <Predicate = (and_ln207)> <Delay = 0.85> <CoreInst = "Adder">   --->   Core 1 'Adder' <Latency = 0> <II = 1> <Delay = 0.83> <FuncUnit> <Opcode : 'add' 'sub'> <InPorts = 2> <OutPorts = 1>
ST_44 : Operation 738 [1/1] (0.00ns)   --->   "%tmp_s = partselect i3 @_ssdm_op_PartSelect.i3.i17.i32.i32, i17 %sub_ln1118, i32 14, i32 16"   --->   Operation 738 'partselect' 'tmp_s' <Predicate = (and_ln207)> <Delay = 0.00>
ST_44 : Operation 739 [1/1] (0.00ns)   --->   "%sext_ln1118 = sext i3 %tmp_s"   --->   Operation 739 'sext' 'sext_ln1118' <Predicate = (and_ln207)> <Delay = 0.00>
ST_44 : Operation 740 [1/4] (0.00ns) (root node of the DSP)   --->   "%mul_ln1118_13 = mul i18 %zext_ln1118_25, i18 595"   --->   Operation 740 'mul' 'mul_ln1118_13' <Predicate = (and_ln207)> <Delay = 0.00> <CoreInst = "DSP48">   --->   Core 127 'DSP48' <Latency = 3> <II = 1> <Delay = 0.53> <IPBlock> <Opcode : 'mul' 'add' 'sub' 'select'> <InPorts = 0> <OutPorts = 1> <Sync> <CReg>
ST_44 : Operation 741 [1/1] (0.00ns)   --->   "%tmp_14 = partselect i4 @_ssdm_op_PartSelect.i4.i18.i32.i32, i18 %mul_ln1118_13, i32 14, i32 17"   --->   Operation 741 'partselect' 'tmp_14' <Predicate = (and_ln207)> <Delay = 0.00>
ST_44 : Operation 742 [1/1] (0.00ns)   --->   "%zext_ln1118_73 = zext i4 %tmp_14"   --->   Operation 742 'zext' 'zext_ln1118_73' <Predicate = (and_ln207)> <Delay = 0.00>
ST_44 : Operation 743 [1/4] (0.00ns) (root node of the DSP)   --->   "%mul_ln1118_14 = mul i18 %zext_ln1118_26, i18 675"   --->   Operation 743 'mul' 'mul_ln1118_14' <Predicate = (and_ln207)> <Delay = 0.00> <CoreInst = "DSP48">   --->   Core 127 'DSP48' <Latency = 3> <II = 1> <Delay = 0.53> <IPBlock> <Opcode : 'mul' 'add' 'sub' 'select'> <InPorts = 0> <OutPorts = 1> <Sync> <CReg>
ST_44 : Operation 744 [1/1] (0.00ns)   --->   "%tmp_15 = partselect i4 @_ssdm_op_PartSelect.i4.i18.i32.i32, i18 %mul_ln1118_14, i32 14, i32 17"   --->   Operation 744 'partselect' 'tmp_15' <Predicate = (and_ln207)> <Delay = 0.00>
ST_44 : Operation 745 [1/1] (0.00ns)   --->   "%zext_ln1118_74 = zext i4 %tmp_15"   --->   Operation 745 'zext' 'zext_ln1118_74' <Predicate = (and_ln207)> <Delay = 0.00>
ST_44 : Operation 746 [1/4] (0.00ns) (root node of the DSP)   --->   "%mul_ln1118_15 = mul i18 %zext_ln1118_27, i18 595"   --->   Operation 746 'mul' 'mul_ln1118_15' <Predicate = (and_ln207)> <Delay = 0.00> <CoreInst = "DSP48">   --->   Core 127 'DSP48' <Latency = 3> <II = 1> <Delay = 0.53> <IPBlock> <Opcode : 'mul' 'add' 'sub' 'select'> <InPorts = 0> <OutPorts = 1> <Sync> <CReg>
ST_44 : Operation 747 [1/1] (0.00ns)   --->   "%tmp_16 = partselect i4 @_ssdm_op_PartSelect.i4.i18.i32.i32, i18 %mul_ln1118_15, i32 14, i32 17"   --->   Operation 747 'partselect' 'tmp_16' <Predicate = (and_ln207)> <Delay = 0.00>
ST_44 : Operation 748 [1/1] (0.00ns)   --->   "%zext_ln1118_75 = zext i4 %tmp_16"   --->   Operation 748 'zext' 'zext_ln1118_75' <Predicate = (and_ln207)> <Delay = 0.00>
ST_44 : Operation 749 [1/4] (0.00ns) (root node of the DSP)   --->   "%mul_ln1118_19 = mul i18 %zext_ln1118_35, i18 675"   --->   Operation 749 'mul' 'mul_ln1118_19' <Predicate = (and_ln207)> <Delay = 0.00> <CoreInst = "DSP48">   --->   Core 127 'DSP48' <Latency = 3> <II = 1> <Delay = 0.53> <IPBlock> <Opcode : 'mul' 'add' 'sub' 'select'> <InPorts = 0> <OutPorts = 1> <Sync> <CReg>
ST_44 : Operation 750 [1/1] (0.00ns)   --->   "%tmp_21 = partselect i4 @_ssdm_op_PartSelect.i4.i18.i32.i32, i18 %mul_ln1118_19, i32 14, i32 17"   --->   Operation 750 'partselect' 'tmp_21' <Predicate = (and_ln207)> <Delay = 0.00>
ST_44 : Operation 751 [1/1] (0.00ns)   --->   "%zext_ln1118_79 = zext i4 %tmp_21"   --->   Operation 751 'zext' 'zext_ln1118_79' <Predicate = (and_ln207)> <Delay = 0.00>
ST_44 : Operation 752 [1/4] (0.00ns) (root node of the DSP)   --->   "%mul_ln1118_20 = mul i18 %zext_ln1118_36, i18 765"   --->   Operation 752 'mul' 'mul_ln1118_20' <Predicate = (and_ln207)> <Delay = 0.00> <CoreInst = "DSP48">   --->   Core 127 'DSP48' <Latency = 3> <II = 1> <Delay = 0.53> <IPBlock> <Opcode : 'mul' 'add' 'sub' 'select'> <InPorts = 0> <OutPorts = 1> <Sync> <CReg>
ST_44 : Operation 753 [1/1] (0.00ns)   --->   "%tmp_22 = partselect i4 @_ssdm_op_PartSelect.i4.i18.i32.i32, i18 %mul_ln1118_20, i32 14, i32 17"   --->   Operation 753 'partselect' 'tmp_22' <Predicate = (and_ln207)> <Delay = 0.00>
ST_44 : Operation 754 [1/1] (0.00ns)   --->   "%zext_ln1118_80 = zext i4 %tmp_22"   --->   Operation 754 'zext' 'zext_ln1118_80' <Predicate = (and_ln207)> <Delay = 0.00>
ST_44 : Operation 755 [1/4] (0.00ns) (root node of the DSP)   --->   "%mul_ln1118_21 = mul i18 %zext_ln1118_37, i18 675"   --->   Operation 755 'mul' 'mul_ln1118_21' <Predicate = (and_ln207)> <Delay = 0.00> <CoreInst = "DSP48">   --->   Core 127 'DSP48' <Latency = 3> <II = 1> <Delay = 0.53> <IPBlock> <Opcode : 'mul' 'add' 'sub' 'select'> <InPorts = 0> <OutPorts = 1> <Sync> <CReg>
ST_44 : Operation 756 [1/1] (0.00ns)   --->   "%tmp_23 = partselect i4 @_ssdm_op_PartSelect.i4.i18.i32.i32, i18 %mul_ln1118_21, i32 14, i32 17"   --->   Operation 756 'partselect' 'tmp_23' <Predicate = (and_ln207)> <Delay = 0.00>
ST_44 : Operation 757 [1/1] (0.00ns)   --->   "%zext_ln1118_81 = zext i4 %tmp_23"   --->   Operation 757 'zext' 'zext_ln1118_81' <Predicate = (and_ln207)> <Delay = 0.00>
ST_44 : Operation 758 [1/4] (0.00ns) (root node of the DSP)   --->   "%mul_ln1118_25 = mul i18 %zext_ln1118_45, i18 595"   --->   Operation 758 'mul' 'mul_ln1118_25' <Predicate = (and_ln207)> <Delay = 0.00> <CoreInst = "DSP48">   --->   Core 127 'DSP48' <Latency = 3> <II = 1> <Delay = 0.53> <IPBlock> <Opcode : 'mul' 'add' 'sub' 'select'> <InPorts = 0> <OutPorts = 1> <Sync> <CReg>
ST_44 : Operation 759 [1/1] (0.00ns)   --->   "%tmp_28 = partselect i4 @_ssdm_op_PartSelect.i4.i18.i32.i32, i18 %mul_ln1118_25, i32 14, i32 17"   --->   Operation 759 'partselect' 'tmp_28' <Predicate = (and_ln207)> <Delay = 0.00>
ST_44 : Operation 760 [1/1] (0.00ns)   --->   "%zext_ln1118_85 = zext i4 %tmp_28"   --->   Operation 760 'zext' 'zext_ln1118_85' <Predicate = (and_ln207)> <Delay = 0.00>
ST_44 : Operation 761 [1/4] (0.00ns) (root node of the DSP)   --->   "%mul_ln1118_26 = mul i18 %zext_ln1118_46, i18 675"   --->   Operation 761 'mul' 'mul_ln1118_26' <Predicate = (and_ln207)> <Delay = 0.00> <CoreInst = "DSP48">   --->   Core 127 'DSP48' <Latency = 3> <II = 1> <Delay = 0.53> <IPBlock> <Opcode : 'mul' 'add' 'sub' 'select'> <InPorts = 0> <OutPorts = 1> <Sync> <CReg>
ST_44 : Operation 762 [1/1] (0.00ns)   --->   "%tmp_29 = partselect i4 @_ssdm_op_PartSelect.i4.i18.i32.i32, i18 %mul_ln1118_26, i32 14, i32 17"   --->   Operation 762 'partselect' 'tmp_29' <Predicate = (and_ln207)> <Delay = 0.00>
ST_44 : Operation 763 [1/1] (0.00ns)   --->   "%zext_ln1118_86 = zext i4 %tmp_29"   --->   Operation 763 'zext' 'zext_ln1118_86' <Predicate = (and_ln207)> <Delay = 0.00>
ST_44 : Operation 764 [1/4] (0.00ns) (root node of the DSP)   --->   "%mul_ln1118_27 = mul i18 %zext_ln1118_47, i18 595"   --->   Operation 764 'mul' 'mul_ln1118_27' <Predicate = (and_ln207)> <Delay = 0.00> <CoreInst = "DSP48">   --->   Core 127 'DSP48' <Latency = 3> <II = 1> <Delay = 0.53> <IPBlock> <Opcode : 'mul' 'add' 'sub' 'select'> <InPorts = 0> <OutPorts = 1> <Sync> <CReg>
ST_44 : Operation 765 [1/1] (0.00ns)   --->   "%tmp_30 = partselect i4 @_ssdm_op_PartSelect.i4.i18.i32.i32, i18 %mul_ln1118_27, i32 14, i32 17"   --->   Operation 765 'partselect' 'tmp_30' <Predicate = (and_ln207)> <Delay = 0.00>
ST_44 : Operation 766 [1/1] (0.00ns)   --->   "%zext_ln1118_87 = zext i4 %tmp_30"   --->   Operation 766 'zext' 'zext_ln1118_87' <Predicate = (and_ln207)> <Delay = 0.00>
ST_44 : Operation 767 [1/1] (0.79ns)   --->   "%add_ln691 = add i5 %zext_ln1118_74, i5 %zext_ln1118_75"   --->   Operation 767 'add' 'add_ln691' <Predicate = (and_ln207)> <Delay = 0.79> <CoreInst = "Adder">   --->   Core 1 'Adder' <Latency = 0> <II = 1> <Delay = 0.83> <FuncUnit> <Opcode : 'add' 'sub'> <InPorts = 2> <OutPorts = 1>
ST_44 : Operation 768 [1/1] (0.00ns)   --->   "%zext_ln691_1 = zext i5 %add_ln691"   --->   Operation 768 'zext' 'zext_ln691_1' <Predicate = (and_ln207)> <Delay = 0.00>
ST_44 : Operation 769 [1/1] (0.78ns)   --->   "%add_ln691_1 = add i6 %zext_ln691_1, i6 %zext_ln1118_73"   --->   Operation 769 'add' 'add_ln691_1' <Predicate = (and_ln207)> <Delay = 0.78> <CoreInst = "Adder">   --->   Core 1 'Adder' <Latency = 0> <II = 1> <Delay = 0.83> <FuncUnit> <Opcode : 'add' 'sub'> <InPorts = 2> <OutPorts = 1>
ST_44 : Operation 770 [1/1] (0.00ns)   --->   "%zext_ln691_2 = zext i6 %add_ln691_1"   --->   Operation 770 'zext' 'zext_ln691_2' <Predicate = (and_ln207)> <Delay = 0.00>
ST_44 : Operation 771 [1/1] (0.79ns)   --->   "%add_ln691_2 = add i5 %zext_ln1118_80, i5 %zext_ln1118_81"   --->   Operation 771 'add' 'add_ln691_2' <Predicate = (and_ln207)> <Delay = 0.79> <CoreInst = "Adder">   --->   Core 1 'Adder' <Latency = 0> <II = 1> <Delay = 0.83> <FuncUnit> <Opcode : 'add' 'sub'> <InPorts = 2> <OutPorts = 1>
ST_44 : Operation 772 [1/1] (0.00ns)   --->   "%zext_ln691_3 = zext i5 %add_ln691_2"   --->   Operation 772 'zext' 'zext_ln691_3' <Predicate = (and_ln207)> <Delay = 0.00>
ST_44 : Operation 773 [1/1] (0.78ns)   --->   "%add_ln691_3 = add i6 %zext_ln691_3, i6 %zext_ln1118_79"   --->   Operation 773 'add' 'add_ln691_3' <Predicate = (and_ln207)> <Delay = 0.78> <CoreInst = "Adder">   --->   Core 1 'Adder' <Latency = 0> <II = 1> <Delay = 0.83> <FuncUnit> <Opcode : 'add' 'sub'> <InPorts = 2> <OutPorts = 1>
ST_44 : Operation 774 [1/1] (0.00ns)   --->   "%zext_ln691_4 = zext i6 %add_ln691_3"   --->   Operation 774 'zext' 'zext_ln691_4' <Predicate = (and_ln207)> <Delay = 0.00>
ST_44 : Operation 775 [1/1] (0.78ns)   --->   "%add_ln691_4 = add i7 %zext_ln691_4, i7 %zext_ln691_2"   --->   Operation 775 'add' 'add_ln691_4' <Predicate = (and_ln207)> <Delay = 0.78> <CoreInst = "Adder">   --->   Core 1 'Adder' <Latency = 0> <II = 1> <Delay = 0.83> <FuncUnit> <Opcode : 'add' 'sub'> <InPorts = 2> <OutPorts = 1>
ST_44 : Operation 776 [1/1] (0.00ns)   --->   "%zext_ln691_5 = zext i7 %add_ln691_4"   --->   Operation 776 'zext' 'zext_ln691_5' <Predicate = (and_ln207)> <Delay = 0.00>
ST_44 : Operation 777 [1/1] (0.79ns)   --->   "%add_ln691_5 = add i5 %zext_ln1118_86, i5 %zext_ln1118_87"   --->   Operation 777 'add' 'add_ln691_5' <Predicate = (and_ln207)> <Delay = 0.79> <CoreInst = "Adder">   --->   Core 1 'Adder' <Latency = 0> <II = 1> <Delay = 0.83> <FuncUnit> <Opcode : 'add' 'sub'> <InPorts = 2> <OutPorts = 1>
ST_44 : Operation 778 [1/1] (0.00ns)   --->   "%zext_ln691_6 = zext i5 %add_ln691_5"   --->   Operation 778 'zext' 'zext_ln691_6' <Predicate = (and_ln207)> <Delay = 0.00>
ST_44 : Operation 779 [1/1] (0.78ns)   --->   "%add_ln691_6 = add i6 %zext_ln691_6, i6 %zext_ln1118_85"   --->   Operation 779 'add' 'add_ln691_6' <Predicate = (and_ln207)> <Delay = 0.78> <CoreInst = "Adder">   --->   Core 1 'Adder' <Latency = 0> <II = 1> <Delay = 0.83> <FuncUnit> <Opcode : 'add' 'sub'> <InPorts = 2> <OutPorts = 1>
ST_44 : Operation 780 [1/1] (0.00ns)   --->   "%zext_ln691_7 = zext i6 %add_ln691_6"   --->   Operation 780 'zext' 'zext_ln691_7' <Predicate = (and_ln207)> <Delay = 0.00>
ST_44 : Operation 781 [1/1] (0.00ns)   --->   "%sext_ln691 = sext i4 %add_ln691_7"   --->   Operation 781 'sext' 'sext_ln691' <Predicate = (and_ln207)> <Delay = 0.00>
ST_44 : Operation 782 [1/1] (0.79ns)   --->   "%add_ln691_8 = add i5 %sext_ln691, i5 %sext_ln1118"   --->   Operation 782 'add' 'add_ln691_8' <Predicate = (and_ln207)> <Delay = 0.79> <CoreInst = "Adder">   --->   Core 1 'Adder' <Latency = 0> <II = 1> <Delay = 0.83> <FuncUnit> <Opcode : 'add' 'sub'> <InPorts = 2> <OutPorts = 1>
ST_44 : Operation 783 [1/1] (0.00ns)   --->   "%sext_ln691_1 = sext i5 %add_ln691_8"   --->   Operation 783 'sext' 'sext_ln691_1' <Predicate = (and_ln207)> <Delay = 0.00>
ST_44 : Operation 784 [1/1] (0.78ns)   --->   "%add_ln691_9 = add i7 %sext_ln691_1, i7 %zext_ln691_7"   --->   Operation 784 'add' 'add_ln691_9' <Predicate = (and_ln207)> <Delay = 0.78> <CoreInst = "Adder">   --->   Core 1 'Adder' <Latency = 0> <II = 1> <Delay = 0.83> <FuncUnit> <Opcode : 'add' 'sub'> <InPorts = 2> <OutPorts = 1>
ST_44 : Operation 785 [1/1] (0.00ns)   --->   "%sext_ln691_2 = sext i7 %add_ln691_9"   --->   Operation 785 'sext' 'sext_ln691_2' <Predicate = (and_ln207)> <Delay = 0.00>
ST_44 : Operation 786 [1/1] (0.77ns)   --->   "%add_ln691_10 = add i8 %sext_ln691_2, i8 %zext_ln691_5"   --->   Operation 786 'add' 'add_ln691_10' <Predicate = (and_ln207)> <Delay = 0.77> <CoreInst = "Adder">   --->   Core 1 'Adder' <Latency = 0> <II = 1> <Delay = 0.83> <FuncUnit> <Opcode : 'add' 'sub'> <InPorts = 2> <OutPorts = 1>
ST_44 : Operation 787 [1/1] (0.00ns) (grouped into TernaryAdder)   --->   "%add_ln691_22 = add i8 %add_ln691_21, i8 %add_ln691_10"   --->   Operation 787 'add' 'add_ln691_22' <Predicate = (and_ln207)> <Delay = 0.00> <CoreInst = "TAddSub">   --->   Core 10 'TAddSub' <Latency = 0> <II = 1> <Delay = 0.52> <IPBlock> <Opcode : 'add' 'sub'> <InPorts = 3> <OutPorts = 1> <Sync>
ST_44 : Operation 788 [1/1] (0.00ns)   --->   "%zext_ln691_36 = zext i7 %add_ln691_46"   --->   Operation 788 'zext' 'zext_ln691_36' <Predicate = (and_ln207)> <Delay = 0.00>
ST_44 : Operation 789 [1/1] (1.05ns) (root node of TernaryAdder)   --->   "%add_ln691_47 = add i8 %zext_ln691_36, i8 %add_ln691_22"   --->   Operation 789 'add' 'add_ln691_47' <Predicate = (and_ln207)> <Delay = 1.05> <CoreInst = "TAddSub">   --->   Core 10 'TAddSub' <Latency = 0> <II = 1> <Delay = 0.52> <IPBlock> <Opcode : 'add' 'sub'> <InPorts = 3> <OutPorts = 1> <Sync>
ST_44 : Operation 790 [1/1] (1.83ns)   --->   "%write_ln174 = write void @_ssdm_op_Write.ap_fifo.volatile.i8P0A, i8 %blur_out, i8 %add_ln691_47" [C:/Xilinx/Vitis_HLS/2020.2/common/technology/autopilot/hls_stream_39.h:174]   --->   Operation 790 'write' 'write_ln174' <Predicate = (and_ln207)> <Delay = 1.83> <CoreInst = "FIFO_SRL">   --->   Core 81 'FIFO_SRL' <Latency = 0> <II = 1> <Delay = 1.83> <Storage> <Opcode : 'read' 'write' 'nbread' 'nbwrite'> <Ports = 0> <Width = 8> <Depth = 2> <FIFO>
ST_44 : Operation 791 [1/1] (0.00ns)   --->   "%br_ln218 = br void %.loopexit._crit_edge.i" [src/ORB.cpp:218]   --->   Operation 791 'br' 'br_ln218' <Predicate = (and_ln207)> <Delay = 0.00>

State 45 <SV = 42> <Delay = 0.00>
ST_45 : Operation 792 [1/1] (0.00ns)   --->   "%ret_ln0 = ret"   --->   Operation 792 'ret' 'ret_ln0' <Predicate = true> <Delay = 0.00>


============================================================
+ Verbose Summary: Timing violations
============================================================
Target clock period: 10ns, clock uncertainty: 2.7ns.

 <State 1>: 3.7ns
The critical path consists of the following:
	fifo read on port 'height' (src/ORB.cpp:129) [19]  (1.86 ns)
	fifo write on port 'height_out' (src/ORB.cpp:129) [22]  (1.84 ns)

 <State 2>: 2.18ns
The critical path consists of the following:
	'phi' operation ('j_0_i', src/ORB.cpp:163) with incoming values : ('add_ln163', src/ORB.cpp:163) [36]  (0 ns)
	'getelementptr' operation ('line_buffer_val_V_1_addr', src/ORB.cpp:168) [43]  (0 ns)
	'store' operation ('store_ln168', src/ORB.cpp:168) of constant 0 on array 'line_buffer.val.V[1]', src/ORB.cpp:132 [44]  (1.24 ns)
	blocking operation 0.944 ns on control path)

 <State 3>: 2.18ns
The critical path consists of the following:
	'or' operation ('or_ln163', src/ORB.cpp:163) [55]  (0 ns)
	'getelementptr' operation ('line_buffer_val_V_1_addr_1', src/ORB.cpp:168) [60]  (0 ns)
	'store' operation ('store_ln168', src/ORB.cpp:168) of constant 0 on array 'line_buffer.val.V[1]', src/ORB.cpp:132 [61]  (1.24 ns)
	blocking operation 0.944 ns on control path)

 <State 4>: 2.18ns
The critical path consists of the following:
	'or' operation ('or_ln163_1', src/ORB.cpp:163) [72]  (0 ns)
	'getelementptr' operation ('line_buffer_val_V_1_addr_2', src/ORB.cpp:168) [77]  (0 ns)
	'store' operation ('store_ln168', src/ORB.cpp:168) of constant 0 on array 'line_buffer.val.V[1]', src/ORB.cpp:132 [78]  (1.24 ns)
	blocking operation 0.944 ns on control path)

 <State 5>: 2.18ns
The critical path consists of the following:
	'or' operation ('or_ln163_2', src/ORB.cpp:163) [89]  (0 ns)
	'getelementptr' operation ('line_buffer_val_V_1_addr_3', src/ORB.cpp:168) [94]  (0 ns)
	'store' operation ('store_ln168', src/ORB.cpp:168) of constant 0 on array 'line_buffer.val.V[1]', src/ORB.cpp:132 [95]  (1.24 ns)
	blocking operation 0.944 ns on control path)

 <State 6>: 2.18ns
The critical path consists of the following:
	'or' operation ('or_ln163_3', src/ORB.cpp:163) [106]  (0 ns)
	'getelementptr' operation ('line_buffer_val_V_1_addr_4', src/ORB.cpp:168) [111]  (0 ns)
	'store' operation ('store_ln168', src/ORB.cpp:168) of constant 0 on array 'line_buffer.val.V[1]', src/ORB.cpp:132 [112]  (1.24 ns)
	blocking operation 0.944 ns on control path)

 <State 7>: 2.18ns
The critical path consists of the following:
	'or' operation ('or_ln163_4', src/ORB.cpp:163) [123]  (0 ns)
	'getelementptr' operation ('line_buffer_val_V_1_addr_5', src/ORB.cpp:168) [128]  (0 ns)
	'store' operation ('store_ln168', src/ORB.cpp:168) of constant 0 on array 'line_buffer.val.V[1]', src/ORB.cpp:132 [129]  (1.24 ns)
	blocking operation 0.944 ns on control path)

 <State 8>: 2.18ns
The critical path consists of the following:
	'or' operation ('or_ln163_5', src/ORB.cpp:163) [140]  (0 ns)
	'getelementptr' operation ('line_buffer_val_V_1_addr_6', src/ORB.cpp:168) [145]  (0 ns)
	'store' operation ('store_ln168', src/ORB.cpp:168) of constant 0 on array 'line_buffer.val.V[1]', src/ORB.cpp:132 [146]  (1.24 ns)
	blocking operation 0.944 ns on control path)

 <State 9>: 1.24ns
The critical path consists of the following:
	'getelementptr' operation ('line_buffer_val_V_1_addr_7', src/ORB.cpp:168) [162]  (0 ns)
	'store' operation ('store_ln168', src/ORB.cpp:168) of constant 0 on array 'line_buffer.val.V[1]', src/ORB.cpp:132 [163]  (1.24 ns)

 <State 10>: 3.39ns
The critical path consists of the following:
	'add' operation of DSP[190] ('add_ln174', src/ORB.cpp:174) [188]  (2.4 ns)
	'mul' operation of DSP[190] ('mul_ln174', src/ORB.cpp:174) [190]  (0.996 ns)

 <State 11>: 0.996ns
The critical path consists of the following:
	'mul' operation of DSP[190] ('mul_ln174', src/ORB.cpp:174) [190]  (0.996 ns)

 <State 12>: 0.996ns
The critical path consists of the following:
	'mul' operation of DSP[190] ('mul_ln174', src/ORB.cpp:174) [190]  (0.996 ns)

 <State 13>: 0.831ns
The critical path consists of the following:
	'add' operation ('add37_i', src/ORB.cpp:130) [183]  (0.831 ns)

 <State 14>: 1.5ns
The critical path consists of the following:
	'phi' operation ('cnt') with incoming values : ('cnt', src/ORB.cpp:174) [258]  (0 ns)
	'udiv' operation ('i', src/ORB.cpp:176) [265]  (1.5 ns)

 <State 15>: 1.5ns
The critical path consists of the following:
	'udiv' operation ('i', src/ORB.cpp:176) [265]  (1.5 ns)

 <State 16>: 1.5ns
The critical path consists of the following:
	'udiv' operation ('i', src/ORB.cpp:176) [265]  (1.5 ns)

 <State 17>: 1.5ns
The critical path consists of the following:
	'udiv' operation ('i', src/ORB.cpp:176) [265]  (1.5 ns)

 <State 18>: 1.5ns
The critical path consists of the following:
	'udiv' operation ('i', src/ORB.cpp:176) [265]  (1.5 ns)

 <State 19>: 1.5ns
The critical path consists of the following:
	'udiv' operation ('i', src/ORB.cpp:176) [265]  (1.5 ns)

 <State 20>: 1.5ns
The critical path consists of the following:
	'udiv' operation ('i', src/ORB.cpp:176) [265]  (1.5 ns)

 <State 21>: 1.5ns
The critical path consists of the following:
	'udiv' operation ('i', src/ORB.cpp:176) [265]  (1.5 ns)

 <State 22>: 1.5ns
The critical path consists of the following:
	'udiv' operation ('i', src/ORB.cpp:176) [265]  (1.5 ns)

 <State 23>: 1.5ns
The critical path consists of the following:
	'udiv' operation ('i', src/ORB.cpp:176) [265]  (1.5 ns)

 <State 24>: 1.5ns
The critical path consists of the following:
	'udiv' operation ('i', src/ORB.cpp:176) [265]  (1.5 ns)

 <State 25>: 1.5ns
The critical path consists of the following:
	'udiv' operation ('i', src/ORB.cpp:176) [265]  (1.5 ns)

 <State 26>: 1.5ns
The critical path consists of the following:
	'udiv' operation ('i', src/ORB.cpp:176) [265]  (1.5 ns)

 <State 27>: 1.5ns
The critical path consists of the following:
	'udiv' operation ('i', src/ORB.cpp:176) [265]  (1.5 ns)

 <State 28>: 1.5ns
The critical path consists of the following:
	'udiv' operation ('i', src/ORB.cpp:176) [265]  (1.5 ns)

 <State 29>: 1.5ns
The critical path consists of the following:
	'udiv' operation ('i', src/ORB.cpp:176) [265]  (1.5 ns)

 <State 30>: 1.5ns
The critical path consists of the following:
	'udiv' operation ('i', src/ORB.cpp:176) [265]  (1.5 ns)

 <State 31>: 1.5ns
The critical path consists of the following:
	'udiv' operation ('i', src/ORB.cpp:176) [265]  (1.5 ns)

 <State 32>: 1.5ns
The critical path consists of the following:
	'udiv' operation ('i', src/ORB.cpp:176) [265]  (1.5 ns)

 <State 33>: 1.5ns
The critical path consists of the following:
	'udiv' operation ('i', src/ORB.cpp:176) [265]  (1.5 ns)

 <State 34>: 1.5ns
The critical path consists of the following:
	'udiv' operation ('i', src/ORB.cpp:176) [265]  (1.5 ns)

 <State 35>: 1.5ns
The critical path consists of the following:
	'udiv' operation ('i', src/ORB.cpp:176) [265]  (1.5 ns)

 <State 36>: 1.5ns
The critical path consists of the following:
	'udiv' operation ('i', src/ORB.cpp:176) [265]  (1.5 ns)

 <State 37>: 1.5ns
The critical path consists of the following:
	'udiv' operation ('i', src/ORB.cpp:176) [265]  (1.5 ns)

 <State 38>: 1.5ns
The critical path consists of the following:
	'udiv' operation ('i', src/ORB.cpp:176) [265]  (1.5 ns)

 <State 39>: 1.5ns
The critical path consists of the following:
	'udiv' operation ('i', src/ORB.cpp:176) [265]  (1.5 ns)

 <State 40>: 2.98ns
The critical path consists of the following:
	'udiv' operation ('i', src/ORB.cpp:176) [265]  (1.5 ns)
	'icmp' operation ('icmp_ln178', src/ORB.cpp:178) [268]  (1.05 ns)
	multiplexor before 'phi' operation ('tmp') with incoming values : ('tmp', C:/Xilinx/Vitis_HLS/2020.2/common/technology/autopilot/hls_stream_39.h:145) [278]  (0.427 ns)

 <State 41>: 3.59ns
The critical path consists of the following:
	fifo read on port 'img_in' (C:/Xilinx/Vitis_HLS/2020.2/common/technology/autopilot/hls_stream_39.h:145) [272]  (1.84 ns)
	fifo write on port 'img_out' (C:/Xilinx/Vitis_HLS/2020.2/common/technology/autopilot/hls_stream_39.h:174) [273]  (1.75 ns)

 <State 42>: 2.11ns
The critical path consists of the following:
	'mul' operation ('mul_ln1118_16') [450]  (2.11 ns)

 <State 43>: 5.69ns
The critical path consists of the following:
	'phi' operation ('window.val.V[2][0]', vitis_library_vision_L1/include\common/xf_video_mem.hpp:770) with incoming values : ('window_val_V_2_1_1_i', vitis_library_vision_L1/include\common/xf_video_mem.hpp:770) [224]  (0 ns)
	'select' operation ('window_val_V_2_0_0_i', vitis_library_vision_L1/include\common/xf_video_mem.hpp:770) [326]  (0.393 ns)
	'mul' operation ('mul_ln1118_11') [430]  (1.74 ns)
	'add' operation ('add_ln691_30') [640]  (0.548 ns)
	'add' operation ('add_ln691_31') [642]  (0.673 ns)
	'add' operation ('add_ln691_32') [644]  (0.797 ns)
	'add' operation ('add_ln691_33') [646]  (0.76 ns)
	'add' operation ('add_ln691_46') [670]  (0.781 ns)

 <State 44>: 6.09ns
The critical path consists of the following:
	'sub' operation ('sub_ln1118') [383]  (0.853 ns)
	'add' operation ('add_ln691_8') [600]  (0.797 ns)
	'add' operation ('add_ln691_9') [602]  (0.781 ns)
	'add' operation ('add_ln691_10') [604]  (0.773 ns)
	'add' operation ('add_ln691_22') [626]  (0 ns)
	'add' operation ('add_ln691_47') [672]  (1.05 ns)
	fifo write on port 'blur_out' (C:/Xilinx/Vitis_HLS/2020.2/common/technology/autopilot/hls_stream_39.h:174) [673]  (1.84 ns)

 <State 45>: 0ns
The critical path consists of the following:


============================================================
+ Verbose Summary: Binding
============================================================
N/A
* FSMD analyzer results:
  - Output states:
 - Input state : 
  - Chain level:
	State 1
	State 2
	State 3
	State 4
	State 5
	State 6
	State 7
	State 8
	State 9
	State 10
	State 11
	State 12
	State 13
	State 14
	State 15
	State 16
	State 17
	State 18
	State 19
	State 20
	State 21
	State 22
	State 23
	State 24
	State 25
	State 26
	State 27
	State 28
	State 29
	State 30
	State 31
	State 32
	State 33
	State 34
	State 35
	State 36
	State 37
	State 38
	State 39
	State 40
	State 41
	State 42
	State 43
	State 44
	State 45


============================================================
+ Verbose Summary: Datapath Resource usage 
============================================================
N/A
