

================================================================
== Vitis HLS Report for 'resizeNNBilinear_0_1080_1920_1_1080_1920_1_8_s'
================================================================
* Date:           Sun Jan 21 17:42:15 2024

* Version:        2020.2 (Build 3064766 on Wed Nov 18 09:12:45 MST 2020)
* Project:        hls_project
* Solution:       solution1 (Vivado IP Flow Target)
* Product family: zynquplus
* Target device:  xczu7ev-ffvc1156-2-e


================================================================
== Performance Estimates
================================================================
+ Timing: 
    * Summary: 
    +--------+----------+----------+------------+
    |  Clock |  Target  | Estimated| Uncertainty|
    +--------+----------+----------+------------+
    |ap_clk  |  10.00 ns|  6.972 ns|     2.70 ns|
    +--------+----------+----------+------------+

+ Latency: 
    * Summary: 
    +---------+---------+----------+-----------+-----+---------+---------+
    |  Latency (cycles) |  Latency (absolute)  |    Interval   | Pipeline|
    |   min   |   max   |    min   |    max    | min |   max   |   Type  |
    +---------+---------+----------+-----------+-----+---------+---------+
    |      104|  2089419|  1.040 us|  20.894 ms|  104|  2089419|     none|
    +---------+---------+----------+-----------+-----+---------+---------+

    + Detail: 
        * Instance: 
        +--------------------------------------------+---------------------------------+---------+---------+----------+----------+-----+-----+---------+
        |                                            |                                 |  Latency (cycles) |  Latency (absolute) |  Interval | Pipeline|
        |                  Instance                  |              Module             |   min   |   max   |    min   |    max   | min | max |   Type  |
        +--------------------------------------------+---------------------------------+---------+---------+----------+----------+-----+-----+---------+
        |grp_xfUDivResize_fu_566                     |xfUDivResize                     |       47|       47|  0.470 us|  0.470 us|   47|   47|     none|
        |grp_scaleCompute_17_42_20_48_16_1_s_fu_583  |scaleCompute_17_42_20_48_16_1_s  |        0|        0|      0 ns|      0 ns|    1|    1|      yes|
        +--------------------------------------------+---------------------------------+---------+---------+----------+----------+-----+-----+---------+

        * Loop: 
        +-------------------------------------+---------+---------+----------+-----------+-----------+----------+----------+
        |                                     |  Latency (cycles) | Iteration|  Initiation Interval  |   Trip   |          |
        |              Loop Name              |   min   |   max   |  Latency |  achieved |   target  |   Count  | Pipelined|
        +-------------------------------------+---------+---------+----------+-----------+-----------+----------+----------+
        |- VITIS_LOOP_332_1_VITIS_LOOP_337_2  |        2|     3840|         2|          1|          1|  2 ~ 3840|       yes|
        |- VITIS_LOOP_382_4                   |        3|  2085480|  3 ~ 1931|          -|          -|  1 ~ 1080|        no|
        | + VITIS_LOOP_389_5                  |        8|     1927|         9|          1|          1|  1 ~ 1920|       yes|
        +-------------------------------------+---------+---------+----------+-----------+-----------+----------+----------+

============================================================
+ Verbose Summary: Synthesis Manager
============================================================
InlineROM: 1
ExposeGlobal: 0
============================================================
+ Verbose Summary: CDFG Model
============================================================
IsTopModel: 0
ResetActiveHigh: 1
IsCombinational: 0
IsDatapathOnly: 0
HasWiredReturn: 1
HasMFsm: 0
HasVarLatency: 1
IsPipeline: 0
IsRtlPipelined: 0
IsInstanceOverlapped: 0
IsDontTouch: 0
HasImplIP: 0
IsGatedGlobalClock: 0

+ Individual pipeline summary: 
  * Pipeline-0: initiation interval (II) = 1, depth = 2
  * Pipeline-1: initiation interval (II) = 1, depth = 9


============================================================
+ Verbose Summary: Schedule
============================================================
* Number of FSM states : 18
* Pipeline : 2
  Pipeline-0 : II = 1, D = 2, States = { 2 3 }
  Pipeline-1 : II = 1, D = 9, States = { 9 10 11 12 13 14 15 16 17 }
* Dataflow Pipeline: 0

* FSM state transitions: 
1 --> 2 
2 --> 4 3 
3 --> 2 
4 --> 5 
5 --> 6 
6 --> 7 
7 --> 8 
8 --> 18 9 
9 --> 18 10 
10 --> 11 
11 --> 12 
12 --> 13 
13 --> 14 
14 --> 15 
15 --> 16 
16 --> 17 
17 --> 9 
18 --> 7 

* FSM state operations: 

State 1 <SV = 0> <Delay = 1.23>
ST_1 : Operation 19 [1/1] (0.00ns)   --->   "%p_read_1 = read i11 @_ssdm_op_Read.ap_auto.i11, i11 %p_read3"   --->   Operation 19 'read' 'p_read_1' <Predicate = true> <Delay = 0.00>
ST_1 : Operation 20 [1/1] (0.00ns)   --->   "%p_read_2 = read i11 @_ssdm_op_Read.ap_auto.i11, i11 %p_read2"   --->   Operation 20 'read' 'p_read_2' <Predicate = true> <Delay = 0.00>
ST_1 : Operation 21 [1/1] (0.00ns)   --->   "%p_read_3 = read i11 @_ssdm_op_Read.ap_auto.i11, i11 %p_read1"   --->   Operation 21 'read' 'p_read_3' <Predicate = true> <Delay = 0.00>
ST_1 : Operation 22 [1/1] (0.00ns)   --->   "%p_read_4 = read i11 @_ssdm_op_Read.ap_auto.i11, i11 %p_read"   --->   Operation 22 'read' 'p_read_4' <Predicate = true> <Delay = 0.00>
ST_1 : Operation 23 [1/1] (0.00ns)   --->   "%p_read_cast9 = zext i11 %p_read_4"   --->   Operation 23 'zext' 'p_read_cast9' <Predicate = true> <Delay = 0.00>
ST_1 : Operation 24 [1/1] (0.00ns)   --->   "%p_read_cast27 = zext i11 %p_read_4"   --->   Operation 24 'zext' 'p_read_cast27' <Predicate = true> <Delay = 0.00>
ST_1 : Operation 25 [1/1] (0.00ns)   --->   "%p_read1_cast25 = zext i11 %p_read_3"   --->   Operation 25 'zext' 'p_read1_cast25' <Predicate = true> <Delay = 0.00>
ST_1 : Operation 26 [1/1] (0.00ns)   --->   "%p_read2_cast24 = zext i11 %p_read_2"   --->   Operation 26 'zext' 'p_read2_cast24' <Predicate = true> <Delay = 0.00>
ST_1 : Operation 27 [1/1] (0.00ns)   --->   "%specinterface_ln0 = specinterface void @_ssdm_op_SpecInterface, i8 %resized_mat_430, void @empty_1, i32 0, i32 0, void @empty_24, i32 0, i32 0, void @empty_24, void @empty_24, void @empty_24, i32 0, i32 0, i32 0, i32 0, void @empty_24, void @empty_24"   --->   Operation 27 'specinterface' 'specinterface_ln0' <Predicate = true> <Delay = 0.00>
ST_1 : Operation 28 [1/1] (0.00ns)   --->   "%specinterface_ln0 = specinterface void @_ssdm_op_SpecInterface, i8 %img_mat_429, void @empty_1, i32 0, i32 0, void @empty_24, i32 0, i32 0, void @empty_24, void @empty_24, void @empty_24, i32 0, i32 0, i32 0, i32 0, void @empty_24, void @empty_24"   --->   Operation 28 'specinterface' 'specinterface_ln0' <Predicate = true> <Delay = 0.00>
ST_1 : Operation 29 [1/1] (1.23ns)   --->   "%line_buffer_V_0_0 = alloca i64 1" [vitis_library_vision_L1/include\imgproc/xf_resize_nn_bilinear.hpp:324]   --->   Operation 29 'alloca' 'line_buffer_V_0_0' <Predicate = true> <Delay = 1.23> <CoreInst = "RAM_1WnR">   --->   Core 84 'RAM_1WnR' <Latency = 1> <II = 1> <Delay = 1.23> <Storage> <Opcode : 'load' 'store'> <Ports = 17> <Width = 8> <Depth = 1920> <RAM>
ST_1 : Operation 30 [1/1] (1.23ns)   --->   "%line_buffer_V_1_0 = alloca i64 1" [vitis_library_vision_L1/include\imgproc/xf_resize_nn_bilinear.hpp:324]   --->   Operation 30 'alloca' 'line_buffer_V_1_0' <Predicate = true> <Delay = 1.23> <CoreInst = "RAM_1WnR">   --->   Core 84 'RAM_1WnR' <Latency = 1> <II = 1> <Delay = 1.23> <Storage> <Opcode : 'load' 'store'> <Ports = 17> <Width = 8> <Depth = 1920> <RAM>
ST_1 : Operation 31 [1/1] (1.23ns)   --->   "%line_buffer_V_2_0 = alloca i64 1" [vitis_library_vision_L1/include\imgproc/xf_resize_nn_bilinear.hpp:324]   --->   Operation 31 'alloca' 'line_buffer_V_2_0' <Predicate = true> <Delay = 1.23> <CoreInst = "RAM_1WnR">   --->   Core 84 'RAM_1WnR' <Latency = 1> <II = 1> <Delay = 1.23> <Storage> <Opcode : 'load' 'store'> <Ports = 17> <Width = 8> <Depth = 1920> <RAM>
ST_1 : Operation 32 [1/1] (0.00ns)   --->   "%specresourcelimit_ln302 = specresourcelimit void @_ssdm_op_SpecResourceLimit, i64 1, void @empty_24, void @empty_24, void @function, void @empty_24" [vitis_library_vision_L1/include\imgproc/xf_resize_nn_bilinear.hpp:302]   --->   Operation 32 'specresourcelimit' 'specresourcelimit_ln302' <Predicate = true> <Delay = 0.00>
ST_1 : Operation 33 [1/1] (0.00ns)   --->   "%specresourcelimit_ln305 = specresourcelimit void @_ssdm_op_SpecResourceLimit, i64 1, void @empty_24, void @empty_24, void @function3, void @empty_24" [vitis_library_vision_L1/include\imgproc/xf_resize_nn_bilinear.hpp:305]   --->   Operation 33 'specresourcelimit' 'specresourcelimit_ln305' <Predicate = true> <Delay = 0.00>
ST_1 : Operation 34 [1/1] (0.00ns)   --->   "%tmp = bitconcatenate i12 @_ssdm_op_BitConcatenate.i12.i11.i1, i11 %p_read_3, i1 0"   --->   Operation 34 'bitconcatenate' 'tmp' <Predicate = true> <Delay = 0.00>
ST_1 : Operation 35 [1/1] (0.42ns)   --->   "%br_ln332 = br void" [vitis_library_vision_L1/include\imgproc/xf_resize_nn_bilinear.hpp:332]   --->   Operation 35 'br' 'br_ln332' <Predicate = true> <Delay = 0.42>

State 2 <SV = 1> <Delay = 2.13>
ST_2 : Operation 36 [1/1] (0.00ns)   --->   "%indvar_flatten = phi i12 0, void %_ZN9ap_ufixedILi48ELi16EL9ap_q_mode5EL9ap_o_mode3ELi0EEC2ILi64ELi32ELb0ELS0_5ELS1_3ELi0EEERK13ap_fixed_baseIXT_EXT0_EXT1_EXT2_EXT3_EXT4_EE.exit, i12 %add_ln332_1, void %.split4627" [vitis_library_vision_L1/include\imgproc/xf_resize_nn_bilinear.hpp:332]   --->   Operation 36 'phi' 'indvar_flatten' <Predicate = true> <Delay = 0.00>
ST_2 : Operation 37 [1/1] (0.00ns)   --->   "%i = phi i2 0, void %_ZN9ap_ufixedILi48ELi16EL9ap_q_mode5EL9ap_o_mode3ELi0EEC2ILi64ELi32ELb0ELS0_5ELS1_3ELi0EEERK13ap_fixed_baseIXT_EXT0_EXT1_EXT2_EXT3_EXT4_EE.exit, i2 %select_ln332_1, void %.split4627" [vitis_library_vision_L1/include\imgproc/xf_resize_nn_bilinear.hpp:332]   --->   Operation 37 'phi' 'i' <Predicate = true> <Delay = 0.00>
ST_2 : Operation 38 [1/1] (0.00ns)   --->   "%j = phi i11 0, void %_ZN9ap_ufixedILi48ELi16EL9ap_q_mode5EL9ap_o_mode3ELi0EEC2ILi64ELi32ELb0ELS0_5ELS1_3ELi0EEERK13ap_fixed_baseIXT_EXT0_EXT1_EXT2_EXT3_EXT4_EE.exit, i11 %add_ln337, void %.split4627" [vitis_library_vision_L1/include\imgproc/xf_resize_nn_bilinear.hpp:337]   --->   Operation 38 'phi' 'j' <Predicate = true> <Delay = 0.00>
ST_2 : Operation 39 [1/1] (0.80ns)   --->   "%add_ln332_1 = add i12 %indvar_flatten, i12 1" [vitis_library_vision_L1/include\imgproc/xf_resize_nn_bilinear.hpp:332]   --->   Operation 39 'add' 'add_ln332_1' <Predicate = true> <Delay = 0.80> <CoreInst = "Adder">   --->   Core 1 'Adder' <Latency = 0> <II = 1> <Delay = 1.01> <FuncUnit> <Opcode : 'add' 'sub'> <InPorts = 2> <OutPorts = 1>
ST_2 : Operation 40 [1/1] (0.97ns)   --->   "%icmp_ln332 = icmp_eq  i12 %indvar_flatten, i12 %tmp" [vitis_library_vision_L1/include\imgproc/xf_resize_nn_bilinear.hpp:332]   --->   Operation 40 'icmp' 'icmp_ln332' <Predicate = true> <Delay = 0.97> <CoreInst = "Cmp">   --->   Core 9 'Cmp' <Latency = 0> <II = 1> <Delay = 0.99> <FuncUnit> <Opcode : 'icmp'> <InPorts = 2> <OutPorts = 1>
ST_2 : Operation 41 [1/1] (0.00ns)   --->   "%br_ln332 = br i1 %icmp_ln332, void %._crit_edge50.loopexit, void %arrayctor.loop51" [vitis_library_vision_L1/include\imgproc/xf_resize_nn_bilinear.hpp:332]   --->   Operation 41 'br' 'br_ln332' <Predicate = true> <Delay = 0.00>
ST_2 : Operation 42 [1/1] (0.54ns)   --->   "%add_ln332 = add i2 %i, i2 1" [vitis_library_vision_L1/include\imgproc/xf_resize_nn_bilinear.hpp:332]   --->   Operation 42 'add' 'add_ln332' <Predicate = (!icmp_ln332)> <Delay = 0.54> <CoreInst = "Adder">   --->   Core 1 'Adder' <Latency = 0> <II = 1> <Delay = 1.01> <FuncUnit> <Opcode : 'add' 'sub'> <InPorts = 2> <OutPorts = 1>
ST_2 : Operation 43 [1/1] (0.94ns)   --->   "%icmp_ln337 = icmp_eq  i11 %j, i11 %p_read_3" [vitis_library_vision_L1/include\imgproc/xf_resize_nn_bilinear.hpp:337]   --->   Operation 43 'icmp' 'icmp_ln337' <Predicate = (!icmp_ln332)> <Delay = 0.94> <CoreInst = "Cmp">   --->   Core 9 'Cmp' <Latency = 0> <II = 1> <Delay = 0.99> <FuncUnit> <Opcode : 'icmp'> <InPorts = 2> <OutPorts = 1>
ST_2 : Operation 44 [1/1] (0.38ns)   --->   "%select_ln332 = select i1 %icmp_ln337, i11 0, i11 %j" [vitis_library_vision_L1/include\imgproc/xf_resize_nn_bilinear.hpp:332]   --->   Operation 44 'select' 'select_ln332' <Predicate = (!icmp_ln332)> <Delay = 0.38> <CoreInst = "Sel">   --->   Core 73 'Sel' <Latency = 0> <II = 1> <Delay = 0.44> <FuncUnit> <Opcode : 'select'> <InPorts = 3> <OutPorts = 1>
ST_2 : Operation 45 [1/1] (0.17ns)   --->   "%select_ln332_1 = select i1 %icmp_ln337, i2 %add_ln332, i2 %i" [vitis_library_vision_L1/include\imgproc/xf_resize_nn_bilinear.hpp:332]   --->   Operation 45 'select' 'select_ln332_1' <Predicate = (!icmp_ln332)> <Delay = 0.17> <CoreInst = "Sel">   --->   Core 73 'Sel' <Latency = 0> <II = 1> <Delay = 0.44> <FuncUnit> <Opcode : 'select'> <InPorts = 3> <OutPorts = 1>
ST_2 : Operation 46 [1/1] (0.00ns)   --->   "%trunc_ln332 = trunc i2 %select_ln332_1" [vitis_library_vision_L1/include\imgproc/xf_resize_nn_bilinear.hpp:332]   --->   Operation 46 'trunc' 'trunc_ln332' <Predicate = (!icmp_ln332)> <Delay = 0.00>
ST_2 : Operation 47 [1/1] (0.00ns)   --->   "%br_ln344 = br i1 %trunc_ln332, void %branch9, void %branch10" [vitis_library_vision_L1/include\imgproc/xf_resize_nn_bilinear.hpp:344]   --->   Operation 47 'br' 'br_ln344' <Predicate = (!icmp_ln332)> <Delay = 0.00>
ST_2 : Operation 48 [1/1] (0.79ns)   --->   "%add_ln337 = add i11 %select_ln332, i11 1" [vitis_library_vision_L1/include\imgproc/xf_resize_nn_bilinear.hpp:337]   --->   Operation 48 'add' 'add_ln337' <Predicate = (!icmp_ln332)> <Delay = 0.79> <CoreInst = "Adder">   --->   Core 1 'Adder' <Latency = 0> <II = 1> <Delay = 1.01> <FuncUnit> <Opcode : 'add' 'sub'> <InPorts = 2> <OutPorts = 1>
ST_2 : Operation 49 [1/1] (0.00ns)   --->   "%br_ln0 = br void"   --->   Operation 49 'br' 'br_ln0' <Predicate = (!icmp_ln332)> <Delay = 0.00>

State 3 <SV = 2> <Delay = 3.07>
ST_3 : Operation 50 [1/1] (0.00ns)   --->   "%specloopname_ln0 = specloopname void @_ssdm_op_SpecLoopName, void @VITIS_LOOP_332_1_VITIS_LOOP_337_2_str"   --->   Operation 50 'specloopname' 'specloopname_ln0' <Predicate = (!icmp_ln332)> <Delay = 0.00>
ST_3 : Operation 51 [1/1] (0.00ns)   --->   "%speclooptripcount_ln0 = speclooptripcount void @_ssdm_op_SpecLoopTripCount, i64 2, i64 3840, i64 1920"   --->   Operation 51 'speclooptripcount' 'speclooptripcount_ln0' <Predicate = (!icmp_ln332)> <Delay = 0.00>
ST_3 : Operation 52 [1/1] (0.00ns)   --->   "%zext_ln337 = zext i11 %select_ln332" [vitis_library_vision_L1/include\imgproc/xf_resize_nn_bilinear.hpp:337]   --->   Operation 52 'zext' 'zext_ln337' <Predicate = (!icmp_ln332)> <Delay = 0.00>
ST_3 : Operation 53 [1/1] (0.00ns)   --->   "%specpipeline_ln337 = specpipeline void @_ssdm_op_SpecPipeline, i32 4294967295, i32 0, i32 0, i32 0, void @empty_24" [vitis_library_vision_L1/include\imgproc/xf_resize_nn_bilinear.hpp:337]   --->   Operation 53 'specpipeline' 'specpipeline_ln337' <Predicate = (!icmp_ln332)> <Delay = 0.00>
ST_3 : Operation 54 [1/1] (0.00ns)   --->   "%specloopname_ln337 = specloopname void @_ssdm_op_SpecLoopName, void @empty_19" [vitis_library_vision_L1/include\imgproc/xf_resize_nn_bilinear.hpp:337]   --->   Operation 54 'specloopname' 'specloopname_ln337' <Predicate = (!icmp_ln332)> <Delay = 0.00>
ST_3 : Operation 55 [1/1] (1.83ns)   --->   "%tmp_V_5 = read i8 @_ssdm_op_Read.ap_fifo.volatile.i8P0A, i8 %img_mat_429" [C:/Xilinx/Vitis_HLS/2020.2/common/technology/autopilot/hls_stream_39.h:145]   --->   Operation 55 'read' 'tmp_V_5' <Predicate = (!icmp_ln332)> <Delay = 1.83> <CoreInst = "FIFO_SRL">   --->   Core 81 'FIFO_SRL' <Latency = 0> <II = 1> <Delay = 1.83> <Storage> <Opcode : 'read' 'write' 'nbread' 'nbwrite'> <Ports = 0> <Width = 8> <Depth = 2> <FIFO>
ST_3 : Operation 56 [1/1] (0.00ns)   --->   "%line_buffer_V_0_0_addr = getelementptr i8 %line_buffer_V_0_0, i64 0, i64 %zext_ln337" [vitis_library_vision_L1/include\imgproc/xf_resize_nn_bilinear.hpp:344]   --->   Operation 56 'getelementptr' 'line_buffer_V_0_0_addr' <Predicate = (!icmp_ln332)> <Delay = 0.00>
ST_3 : Operation 57 [1/1] (0.00ns)   --->   "%line_buffer_V_1_0_addr = getelementptr i8 %line_buffer_V_1_0, i64 0, i64 %zext_ln337" [vitis_library_vision_L1/include\imgproc/xf_resize_nn_bilinear.hpp:344]   --->   Operation 57 'getelementptr' 'line_buffer_V_1_0_addr' <Predicate = (!icmp_ln332)> <Delay = 0.00>
ST_3 : Operation 58 [1/1] (1.23ns)   --->   "%store_ln344 = store i8 %tmp_V_5, i11 %line_buffer_V_0_0_addr" [vitis_library_vision_L1/include\imgproc/xf_resize_nn_bilinear.hpp:344]   --->   Operation 58 'store' 'store_ln344' <Predicate = (!trunc_ln332)> <Delay = 1.23> <CoreInst = "RAM_1WnR">   --->   Core 84 'RAM_1WnR' <Latency = 1> <II = 1> <Delay = 1.23> <Storage> <Opcode : 'load' 'store'> <Ports = 17> <Width = 8> <Depth = 1920> <RAM>
ST_3 : Operation 59 [1/1] (0.00ns)   --->   "%br_ln344 = br void %.split4627" [vitis_library_vision_L1/include\imgproc/xf_resize_nn_bilinear.hpp:344]   --->   Operation 59 'br' 'br_ln344' <Predicate = (!trunc_ln332)> <Delay = 0.00>
ST_3 : Operation 60 [1/1] (1.23ns)   --->   "%store_ln344 = store i8 %tmp_V_5, i11 %line_buffer_V_1_0_addr" [vitis_library_vision_L1/include\imgproc/xf_resize_nn_bilinear.hpp:344]   --->   Operation 60 'store' 'store_ln344' <Predicate = (trunc_ln332)> <Delay = 1.23> <CoreInst = "RAM_1WnR">   --->   Core 84 'RAM_1WnR' <Latency = 1> <II = 1> <Delay = 1.23> <Storage> <Opcode : 'load' 'store'> <Ports = 17> <Width = 8> <Depth = 1920> <RAM>
ST_3 : Operation 61 [1/1] (0.00ns)   --->   "%br_ln344 = br void %.split4627" [vitis_library_vision_L1/include\imgproc/xf_resize_nn_bilinear.hpp:344]   --->   Operation 61 'br' 'br_ln344' <Predicate = (trunc_ln332)> <Delay = 0.00>

State 4 <SV = 2> <Delay = 1.93>
ST_4 : Operation 62 [1/1] (0.00ns)   --->   "%read_pixel = alloca i32 1"   --->   Operation 62 'alloca' 'read_pixel' <Predicate = true> <Delay = 0.00>
ST_4 : Operation 63 [1/1] (0.00ns)   --->   "%nextYScale_V = alloca i32 1"   --->   Operation 63 'alloca' 'nextYScale_V' <Predicate = true> <Delay = 0.00>
ST_4 : Operation 64 [1/1] (0.00ns)   --->   "%indexy_V = alloca i32 1"   --->   Operation 64 'alloca' 'indexy_V' <Predicate = true> <Delay = 0.00>
ST_4 : Operation 65 [1/1] (0.00ns)   --->   "%zext_ln300 = zext i11 %p_read_1" [vitis_library_vision_L1/include\imgproc/xf_resize_nn_bilinear.hpp:300]   --->   Operation 65 'zext' 'zext_ln300' <Predicate = true> <Delay = 0.00>
ST_4 : Operation 66 [1/1] (0.00ns)   --->   "%xnew = bitconcatenate i43 @_ssdm_op_BitConcatenate.i43.i11.i32, i11 %p_read_3, i32 0" [vitis_library_vision_L1/include\imgproc/xf_resize_nn_bilinear.hpp:296]   --->   Operation 66 'bitconcatenate' 'xnew' <Predicate = true> <Delay = 0.00>
ST_4 : Operation 67 [1/1] (0.00ns)   --->   "%zext_ln300_1 = zext i43 %xnew" [vitis_library_vision_L1/include\imgproc/xf_resize_nn_bilinear.hpp:300]   --->   Operation 67 'zext' 'zext_ln300_1' <Predicate = true> <Delay = 0.00>
ST_4 : Operation 68 [2/2] (1.93ns)   --->   "%Xscale64 = call i64 @xfUDivResize, i64 %zext_ln300_1, i16 %zext_ln300" [vitis_library_vision_L1/include\imgproc/xf_resize_nn_bilinear.hpp:300]   --->   Operation 68 'call' 'Xscale64' <Predicate = true> <Delay = 1.93> <CoreType = "Generic">   --->   Core 0 '' <Latency = 0> <II = 1> <Delay = 1.00> <Generic> <Opcode : >
ST_4 : Operation 69 [1/1] (0.42ns)   --->   "%store_ln382 = store i17 0, i17 %indexy_V" [vitis_library_vision_L1/include\imgproc/xf_resize_nn_bilinear.hpp:382]   --->   Operation 69 'store' 'store_ln382' <Predicate = true> <Delay = 0.42>
ST_4 : Operation 70 [1/1] (0.42ns)   --->   "%store_ln382 = store i17 0, i17 %nextYScale_V" [vitis_library_vision_L1/include\imgproc/xf_resize_nn_bilinear.hpp:382]   --->   Operation 70 'store' 'store_ln382' <Predicate = true> <Delay = 0.42>

State 5 <SV = 3> <Delay = 1.93>
ST_5 : Operation 71 [1/2] (1.50ns)   --->   "%Xscale64 = call i64 @xfUDivResize, i64 %zext_ln300_1, i16 %zext_ln300" [vitis_library_vision_L1/include\imgproc/xf_resize_nn_bilinear.hpp:300]   --->   Operation 71 'call' 'Xscale64' <Predicate = true> <Delay = 1.50> <CoreType = "Generic">   --->   Core 0 '' <Latency = 0> <II = 1> <Delay = 1.00> <Generic> <Opcode : >
ST_5 : Operation 72 [1/1] (0.00ns)   --->   "%zext_ln301 = zext i11 %p_read_2" [vitis_library_vision_L1/include\imgproc/xf_resize_nn_bilinear.hpp:301]   --->   Operation 72 'zext' 'zext_ln301' <Predicate = true> <Delay = 0.00>
ST_5 : Operation 73 [1/1] (0.00ns)   --->   "%trunc_ln703 = trunc i64 %Xscale64"   --->   Operation 73 'trunc' 'trunc_ln703' <Predicate = true> <Delay = 0.00>
ST_5 : Operation 74 [1/1] (0.00ns)   --->   "%ynew = bitconcatenate i43 @_ssdm_op_BitConcatenate.i43.i11.i32, i11 %p_read_4, i32 0" [vitis_library_vision_L1/include\imgproc/xf_resize_nn_bilinear.hpp:297]   --->   Operation 74 'bitconcatenate' 'ynew' <Predicate = true> <Delay = 0.00>
ST_5 : Operation 75 [1/1] (0.00ns)   --->   "%zext_ln301_1 = zext i43 %ynew" [vitis_library_vision_L1/include\imgproc/xf_resize_nn_bilinear.hpp:301]   --->   Operation 75 'zext' 'zext_ln301_1' <Predicate = true> <Delay = 0.00>
ST_5 : Operation 76 [2/2] (1.93ns)   --->   "%Yscale64 = call i64 @xfUDivResize, i64 %zext_ln301_1, i16 %zext_ln301" [vitis_library_vision_L1/include\imgproc/xf_resize_nn_bilinear.hpp:301]   --->   Operation 76 'call' 'Yscale64' <Predicate = true> <Delay = 1.93> <CoreType = "Generic">   --->   Core 0 '' <Latency = 0> <II = 1> <Delay = 1.00> <Generic> <Opcode : >
ST_5 : Operation 77 [1/1] (0.94ns)   --->   "%icmp_ln354 = icmp_ugt  i11 %p_read_2, i11 %p_read_4" [vitis_library_vision_L1/include\imgproc/xf_resize_nn_bilinear.hpp:354]   --->   Operation 77 'icmp' 'icmp_ln354' <Predicate = true> <Delay = 0.94> <CoreInst = "Cmp">   --->   Core 9 'Cmp' <Latency = 0> <II = 1> <Delay = 0.99> <FuncUnit> <Opcode : 'icmp'> <InPorts = 2> <OutPorts = 1>
ST_5 : Operation 78 [1/1] (0.38ns)   --->   "%loop_row_count = select i1 %icmp_ln354, i11 %p_read_2, i11 %p_read_4" [vitis_library_vision_L1/include\imgproc/xf_resize_nn_bilinear.hpp:354]   --->   Operation 78 'select' 'loop_row_count' <Predicate = true> <Delay = 0.38> <CoreInst = "Sel">   --->   Core 73 'Sel' <Latency = 0> <II = 1> <Delay = 0.44> <FuncUnit> <Opcode : 'select'> <InPorts = 3> <OutPorts = 1>

State 6 <SV = 4> <Delay = 2.42>
ST_6 : Operation 79 [1/2] (1.50ns)   --->   "%Yscale64 = call i64 @xfUDivResize, i64 %zext_ln301_1, i16 %zext_ln301" [vitis_library_vision_L1/include\imgproc/xf_resize_nn_bilinear.hpp:301]   --->   Operation 79 'call' 'Yscale64' <Predicate = true> <Delay = 1.50> <CoreType = "Generic">   --->   Core 0 '' <Latency = 0> <II = 1> <Delay = 1.00> <Generic> <Opcode : >
ST_6 : Operation 80 [1/1] (0.00ns)   --->   "%trunc_ln703_1 = trunc i64 %Yscale64"   --->   Operation 80 'trunc' 'trunc_ln703_1' <Predicate = true> <Delay = 0.00>
ST_6 : Operation 81 [1/1] (0.00ns)   --->   "%zext_ln703 = zext i43 %trunc_ln703_1"   --->   Operation 81 'zext' 'zext_ln703' <Predicate = true> <Delay = 0.00>
ST_6 : Operation 82 [1/1] (0.94ns)   --->   "%icmp_ln356 = icmp_ugt  i11 %p_read_1, i11 %p_read_3" [vitis_library_vision_L1/include\imgproc/xf_resize_nn_bilinear.hpp:356]   --->   Operation 82 'icmp' 'icmp_ln356' <Predicate = true> <Delay = 0.94> <CoreInst = "Cmp">   --->   Core 9 'Cmp' <Latency = 0> <II = 1> <Delay = 0.99> <FuncUnit> <Opcode : 'icmp'> <InPorts = 2> <OutPorts = 1>
ST_6 : Operation 83 [1/1] (0.00ns) (grouped into LUT with out node cmp7515)   --->   "%loop_col_count = select i1 %icmp_ln356, i11 %p_read_1, i11 %p_read_3" [vitis_library_vision_L1/include\imgproc/xf_resize_nn_bilinear.hpp:356]   --->   Operation 83 'select' 'loop_col_count' <Predicate = true> <Delay = 0.00> <CoreInst = "Sel">   --->   Core 73 'Sel' <Latency = 0> <II = 1> <Delay = 0.44> <FuncUnit> <Opcode : 'select'> <InPorts = 3> <OutPorts = 1>
ST_6 : Operation 84 [1/1] (0.79ns)   --->   "%sub272 = add i12 %p_read2_cast24, i12 4095"   --->   Operation 84 'add' 'sub272' <Predicate = true> <Delay = 0.79> <CoreInst = "Adder">   --->   Core 1 'Adder' <Latency = 0> <II = 1> <Delay = 1.01> <FuncUnit> <Opcode : 'add' 'sub'> <InPorts = 2> <OutPorts = 1>
ST_6 : Operation 85 [1/1] (0.00ns)   --->   "%sub272_cast = sext i12 %sub272"   --->   Operation 85 'sext' 'sub272_cast' <Predicate = true> <Delay = 0.00>
ST_6 : Operation 86 [1/1] (0.79ns)   --->   "%tmp_V = add i12 %p_read1_cast25, i12 4095"   --->   Operation 86 'add' 'tmp_V' <Predicate = true> <Delay = 0.79> <CoreInst = "Adder">   --->   Core 1 'Adder' <Latency = 0> <II = 1> <Delay = 1.01> <FuncUnit> <Opcode : 'add' 'sub'> <InPorts = 2> <OutPorts = 1>
ST_6 : Operation 87 [1/1] (0.00ns)   --->   "%i_op_assign_2_cast = sext i12 %tmp_V"   --->   Operation 87 'sext' 'i_op_assign_2_cast' <Predicate = true> <Delay = 0.00>
ST_6 : Operation 88 [1/1] (0.94ns) (out node of the LUT)   --->   "%cmp7515 = icmp_eq  i11 %loop_col_count, i11 0" [vitis_library_vision_L1/include\imgproc/xf_resize_nn_bilinear.hpp:356]   --->   Operation 88 'icmp' 'cmp7515' <Predicate = true> <Delay = 0.94> <CoreInst = "Cmp">   --->   Core 9 'Cmp' <Latency = 0> <II = 1> <Delay = 0.99> <FuncUnit> <Opcode : 'icmp'> <InPorts = 2> <OutPorts = 1>
ST_6 : Operation 89 [1/1] (0.00ns)   --->   "%rhs = partselect i33 @_ssdm_op_PartSelect.i33.i64.i32.i32, i64 %Yscale64, i32 10, i32 42" [vitis_library_vision_L1/include\imgproc/xf_resize_nn_bilinear.hpp:301]   --->   Operation 89 'partselect' 'rhs' <Predicate = true> <Delay = 0.00>
ST_6 : Operation 90 [1/1] (0.00ns)   --->   "%rhs_3 = zext i33 %rhs" [vitis_library_vision_L1/include\imgproc/xf_resize_nn_bilinear.hpp:301]   --->   Operation 90 'zext' 'rhs_3' <Predicate = true> <Delay = 0.00>
ST_6 : Operation 91 [1/1] (0.00ns)   --->   "%conv_i_i_i322_i_cast = partselect i22 @_ssdm_op_PartSelect.i22.i64.i32.i32, i64 %Yscale64, i32 10, i32 31" [vitis_library_vision_L1/include\imgproc/xf_resize_nn_bilinear.hpp:301]   --->   Operation 91 'partselect' 'conv_i_i_i322_i_cast' <Predicate = true> <Delay = 0.00>
ST_6 : Operation 92 [1/1] (0.79ns)   --->   "%i_op_assign = add i12 %p_read_cast27, i12 4095"   --->   Operation 92 'add' 'i_op_assign' <Predicate = true> <Delay = 0.79> <CoreInst = "Adder">   --->   Core 1 'Adder' <Latency = 0> <II = 1> <Delay = 1.01> <FuncUnit> <Opcode : 'add' 'sub'> <InPorts = 2> <OutPorts = 1>
ST_6 : Operation 93 [1/1] (0.00ns)   --->   "%tmp_1 = bitconcatenate i34 @_ssdm_op_BitConcatenate.i34.i12.i22, i12 %i_op_assign, i22 0"   --->   Operation 93 'bitconcatenate' 'tmp_1' <Predicate = true> <Delay = 0.00>
ST_6 : Operation 94 [1/1] (0.00ns)   --->   "%tmp_1_cast = sext i34 %tmp_1"   --->   Operation 94 'sext' 'tmp_1_cast' <Predicate = true> <Delay = 0.00>
ST_6 : Operation 95 [1/1] (0.00ns)   --->   "%indexx_pre_V_2 = bitconcatenate i34 @_ssdm_op_BitConcatenate.i34.i12.i22, i12 %tmp_V, i22 0"   --->   Operation 95 'bitconcatenate' 'indexx_pre_V_2' <Predicate = true> <Delay = 0.00>
ST_6 : Operation 96 [1/1] (0.00ns)   --->   "%tmp_2_cast = sext i34 %indexx_pre_V_2"   --->   Operation 96 'sext' 'tmp_2_cast' <Predicate = true> <Delay = 0.00>
ST_6 : Operation 97 [1/1] (0.94ns)   --->   "%empty = icmp_ugt  i11 %p_read_3, i11 %p_read_1"   --->   Operation 97 'icmp' 'empty' <Predicate = true> <Delay = 0.94> <CoreInst = "Cmp">   --->   Core 9 'Cmp' <Latency = 0> <II = 1> <Delay = 0.99> <FuncUnit> <Opcode : 'icmp'> <InPorts = 2> <OutPorts = 1>
ST_6 : Operation 98 [1/1] (0.38ns)   --->   "%smax = select i1 %empty, i11 %p_read_3, i11 %p_read_1"   --->   Operation 98 'select' 'smax' <Predicate = true> <Delay = 0.38> <CoreInst = "Sel">   --->   Core 73 'Sel' <Latency = 0> <II = 1> <Delay = 0.44> <FuncUnit> <Opcode : 'select'> <InPorts = 3> <OutPorts = 1>
ST_6 : Operation 99 [1/1] (0.91ns)   --->   "%sub_ln851 = sub i22 0, i22 %conv_i_i_i322_i_cast"   --->   Operation 99 'sub' 'sub_ln851' <Predicate = true> <Delay = 0.91> <CoreInst = "Adder">   --->   Core 1 'Adder' <Latency = 0> <II = 1> <Delay = 1.01> <FuncUnit> <Opcode : 'add' 'sub'> <InPorts = 2> <OutPorts = 1>
ST_6 : Operation 100 [1/1] (0.42ns)   --->   "%br_ln382 = br void" [vitis_library_vision_L1/include\imgproc/xf_resize_nn_bilinear.hpp:382]   --->   Operation 100 'br' 'br_ln382' <Predicate = true> <Delay = 0.42>

State 7 <SV = 5> <Delay = 6.43>
ST_7 : Operation 101 [1/1] (0.00ns)   --->   "%i_1 = phi i11 0, void %arrayctor.loop51, i11 %i_2, void %._crit_edge_ifconv"   --->   Operation 101 'phi' 'i_1' <Predicate = true> <Delay = 0.00>
ST_7 : Operation 102 [1/1] (0.00ns)   --->   "%first_row_index_5 = phi i32 0, void %arrayctor.loop51, i32 %first_row_index_4, void %._crit_edge_ifconv"   --->   Operation 102 'phi' 'first_row_index_5' <Predicate = true> <Delay = 0.00>
ST_7 : Operation 103 [1/1] (0.00ns)   --->   "%output_rows_count = phi i32 0, void %arrayctor.loop51, i32 %output_rows_count_1, void %._crit_edge_ifconv"   --->   Operation 103 'phi' 'output_rows_count' <Predicate = true> <Delay = 0.00>
ST_7 : Operation 104 [1/1] (0.00ns)   --->   "%read_rows_count = phi i32 2, void %arrayctor.loop51, i32 %read_rows_count_2, void %._crit_edge_ifconv"   --->   Operation 104 'phi' 'read_rows_count' <Predicate = true> <Delay = 0.00>
ST_7 : Operation 105 [1/1] (0.79ns)   --->   "%i_2 = add i11 %i_1, i11 1" [vitis_library_vision_L1/include\imgproc/xf_resize_nn_bilinear.hpp:382]   --->   Operation 105 'add' 'i_2' <Predicate = true> <Delay = 0.79> <CoreInst = "Adder">   --->   Core 1 'Adder' <Latency = 0> <II = 1> <Delay = 1.01> <FuncUnit> <Opcode : 'add' 'sub'> <InPorts = 2> <OutPorts = 1>
ST_7 : Operation 106 [1/1] (0.94ns)   --->   "%icmp_ln382 = icmp_ult  i11 %i_1, i11 %loop_row_count" [vitis_library_vision_L1/include\imgproc/xf_resize_nn_bilinear.hpp:382]   --->   Operation 106 'icmp' 'icmp_ln382' <Predicate = true> <Delay = 0.94> <CoreInst = "Cmp">   --->   Core 9 'Cmp' <Latency = 0> <II = 1> <Delay = 0.99> <FuncUnit> <Opcode : 'icmp'> <InPorts = 2> <OutPorts = 1>
ST_7 : Operation 107 [1/1] (0.00ns)   --->   "%br_ln382 = br i1 %icmp_ln382, void %._crit_edge43.loopexit, void %.split42" [vitis_library_vision_L1/include\imgproc/xf_resize_nn_bilinear.hpp:382]   --->   Operation 107 'br' 'br_ln382' <Predicate = true> <Delay = 0.00>
ST_7 : Operation 108 [1/1] (5.48ns)   --->   "%indexy_pre_comp_V = call i42 @scaleCompute<17, 42, 20, 48, 16, 1>, i32 %output_rows_count, i48 %zext_ln703" [vitis_library_vision_L1/include\imgproc/xf_resize_nn_bilinear.hpp:387]   --->   Operation 108 'call' 'indexy_pre_comp_V' <Predicate = (icmp_ln382)> <Delay = 5.48> <CoreType = "Generic">   --->   Core 0 '' <Latency = 0> <II = 1> <Delay = 1.00> <Generic> <Opcode : >
ST_7 : Operation 109 [1/1] (0.00ns)   --->   "%trunc_ln387 = trunc i42 %indexy_pre_comp_V" [vitis_library_vision_L1/include\imgproc/xf_resize_nn_bilinear.hpp:387]   --->   Operation 109 'trunc' 'trunc_ln387' <Predicate = (icmp_ln382)> <Delay = 0.00>
ST_7 : Operation 110 [1/1] (0.99ns)   --->   "%slt = icmp_slt  i32 %sub272_cast, i32 %output_rows_count" [vitis_library_vision_L1/include\imgproc/xf_resize_nn_bilinear.hpp:509]   --->   Operation 110 'icmp' 'slt' <Predicate = (icmp_ln382)> <Delay = 0.99> <CoreInst = "Cmp">   --->   Core 9 'Cmp' <Latency = 0> <II = 1> <Delay = 0.99> <FuncUnit> <Opcode : 'icmp'> <InPorts = 2> <OutPorts = 1>
ST_7 : Operation 111 [1/1] (0.00ns)   --->   "%ret_ln532 = ret" [vitis_library_vision_L1/include\imgproc/xf_resize_nn_bilinear.hpp:532]   --->   Operation 111 'ret' 'ret_ln532' <Predicate = (!icmp_ln382)> <Delay = 0.00>

State 8 <SV = 6> <Delay = 3.54>
ST_8 : Operation 112 [1/1] (0.00ns)   --->   "%speclooptripcount_ln364 = speclooptripcount void @_ssdm_op_SpecLoopTripCount, i64 1, i64 1080, i64 540" [vitis_library_vision_L1/include\imgproc/xf_resize_nn_bilinear.hpp:364]   --->   Operation 112 'speclooptripcount' 'speclooptripcount_ln364' <Predicate = true> <Delay = 0.00>
ST_8 : Operation 113 [1/1] (0.00ns)   --->   "%specloopname_ln364 = specloopname void @_ssdm_op_SpecLoopName, void @empty_18" [vitis_library_vision_L1/include\imgproc/xf_resize_nn_bilinear.hpp:364]   --->   Operation 113 'specloopname' 'specloopname_ln364' <Predicate = true> <Delay = 0.00>
ST_8 : Operation 114 [1/1] (0.99ns)   --->   "%cmp89 = icmp_ne  i32 %read_rows_count, i32 %p_read_cast9"   --->   Operation 114 'icmp' 'cmp89' <Predicate = true> <Delay = 0.99> <CoreInst = "Cmp">   --->   Core 9 'Cmp' <Latency = 0> <II = 1> <Delay = 0.99> <FuncUnit> <Opcode : 'icmp'> <InPorts = 2> <OutPorts = 1>
ST_8 : Operation 115 [1/1] (1.01ns)   --->   "%op2_assign = add i32 %read_rows_count, i32 4294967295"   --->   Operation 115 'add' 'op2_assign' <Predicate = true> <Delay = 1.01> <CoreInst = "Adder">   --->   Core 1 'Adder' <Latency = 0> <II = 1> <Delay = 1.01> <FuncUnit> <Opcode : 'add' 'sub'> <InPorts = 2> <OutPorts = 1>
ST_8 : Operation 116 [1/1] (0.99ns)   --->   "%cmp277 = icmp_eq  i32 %read_rows_count, i32 %p_read_cast9"   --->   Operation 116 'icmp' 'cmp277' <Predicate = true> <Delay = 0.99> <CoreInst = "Cmp">   --->   Core 9 'Cmp' <Latency = 0> <II = 1> <Delay = 0.99> <FuncUnit> <Opcode : 'icmp'> <InPorts = 2> <OutPorts = 1>
ST_8 : Operation 117 [1/1] (1.01ns)   --->   "%op2_assign_1 = add i32 %read_rows_count, i32 4294967294"   --->   Operation 117 'add' 'op2_assign_1' <Predicate = true> <Delay = 1.01> <CoreInst = "Adder">   --->   Core 1 'Adder' <Latency = 0> <II = 1> <Delay = 1.01> <FuncUnit> <Opcode : 'add' 'sub'> <InPorts = 2> <OutPorts = 1>
ST_8 : Operation 118 [1/1] (0.00ns)   --->   "%br_ln389 = br i1 %cmp7515, void %.lr.ph, void %._crit_edge_ifconv" [vitis_library_vision_L1/include\imgproc/xf_resize_nn_bilinear.hpp:389]   --->   Operation 118 'br' 'br_ln389' <Predicate = true> <Delay = 0.00>
ST_8 : Operation 119 [1/1] (0.00ns)   --->   "%lhs = sext i42 %indexy_pre_comp_V" [vitis_library_vision_L1/include\imgproc/xf_resize_nn_bilinear.hpp:387]   --->   Operation 119 'sext' 'lhs' <Predicate = (!cmp7515)> <Delay = 0.00>
ST_8 : Operation 120 [1/1] (1.04ns)   --->   "%ret_V_14 = add i43 %lhs, i43 %rhs_3" [vitis_library_vision_L1/include\imgproc/xf_resize_nn_bilinear.hpp:387]   --->   Operation 120 'add' 'ret_V_14' <Predicate = (!cmp7515)> <Delay = 1.04> <CoreInst = "Adder">   --->   Core 1 'Adder' <Latency = 0> <II = 1> <Delay = 1.01> <FuncUnit> <Opcode : 'add' 'sub'> <InPorts = 2> <OutPorts = 1>
ST_8 : Operation 121 [1/1] (0.00ns)   --->   "%ret_V_cast = partselect i17 @_ssdm_op_PartSelect.i17.i43.i32.i32, i43 %ret_V_14, i32 22, i32 38" [vitis_library_vision_L1/include\imgproc/xf_resize_nn_bilinear.hpp:387]   --->   Operation 121 'partselect' 'ret_V_cast' <Predicate = (!cmp7515)> <Delay = 0.00>
ST_8 : Operation 122 [1/1] (0.00ns) (grouped into LUT with out node ret_V_15)   --->   "%tmp_3 = bitselect i1 @_ssdm_op_BitSelect.i1.i43.i32, i43 %ret_V_14, i32 42" [vitis_library_vision_L1/include\imgproc/xf_resize_nn_bilinear.hpp:387]   --->   Operation 122 'bitselect' 'tmp_3' <Predicate = (!cmp7515)> <Delay = 0.00>
ST_8 : Operation 123 [1/1] (0.00ns) (grouped into LUT with out node indexy_pre_V)   --->   "%tmp_4 = bitselect i1 @_ssdm_op_BitSelect.i1.i42.i32, i42 %indexy_pre_comp_V, i32 41" [vitis_library_vision_L1/include\imgproc/xf_resize_nn_bilinear.hpp:387]   --->   Operation 123 'bitselect' 'tmp_4' <Predicate = (!cmp7515)> <Delay = 0.00>
ST_8 : Operation 124 [1/1] (0.86ns)   --->   "%add_i_i_i_i_i286_i = add i17 %ret_V_cast, i17 1" [vitis_library_vision_L1/include\imgproc/xf_resize_nn_bilinear.hpp:387]   --->   Operation 124 'add' 'add_i_i_i_i_i286_i' <Predicate = (!cmp7515)> <Delay = 0.86> <CoreInst = "Adder">   --->   Core 1 'Adder' <Latency = 0> <II = 1> <Delay = 1.01> <FuncUnit> <Opcode : 'add' 'sub'> <InPorts = 2> <OutPorts = 1>
ST_8 : Operation 125 [1/1] (1.11ns)   --->   "%cmp_i_i235_i = icmp_sgt  i42 %indexy_pre_comp_V, i42 %tmp_1_cast" [vitis_library_vision_L1/include\imgproc/xf_resize_nn_bilinear.hpp:387]   --->   Operation 125 'icmp' 'cmp_i_i235_i' <Predicate = (!cmp7515)> <Delay = 1.11> <CoreInst = "Cmp">   --->   Core 9 'Cmp' <Latency = 0> <II = 1> <Delay = 0.99> <FuncUnit> <Opcode : 'icmp'> <InPorts = 2> <OutPorts = 1>
ST_8 : Operation 126 [1/1] (0.00ns) (grouped into LUT with out node indexy_pre_V)   --->   "%spec_select83 = select i1 %cmp_i_i235_i, i42 %tmp_1_cast, i42 %indexy_pre_comp_V" [vitis_library_vision_L1/include\imgproc/xf_resize_nn_bilinear.hpp:387]   --->   Operation 126 'select' 'spec_select83' <Predicate = (!cmp7515)> <Delay = 0.00> <CoreInst = "Sel">   --->   Core 73 'Sel' <Latency = 0> <II = 1> <Delay = 0.44> <FuncUnit> <Opcode : 'select'> <InPorts = 3> <OutPorts = 1>
ST_8 : Operation 127 [1/1] (0.36ns) (out node of the LUT)   --->   "%indexy_pre_V = select i1 %tmp_4, i42 0, i42 %spec_select83" [vitis_library_vision_L1/include\imgproc/xf_resize_nn_bilinear.hpp:387]   --->   Operation 127 'select' 'indexy_pre_V' <Predicate = (!cmp7515)> <Delay = 0.36> <CoreInst = "Sel">   --->   Core 73 'Sel' <Latency = 0> <II = 1> <Delay = 0.44> <FuncUnit> <Opcode : 'select'> <InPorts = 3> <OutPorts = 1>
ST_8 : Operation 128 [1/1] (0.00ns)   --->   "%p_Result_s = bitselect i1 @_ssdm_op_BitSelect.i1.i42.i32, i42 %indexy_pre_V, i32 41" [vitis_library_vision_L1/include\imgproc/xf_resize_nn_bilinear.hpp:387]   --->   Operation 128 'bitselect' 'p_Result_s' <Predicate = (!cmp7515)> <Delay = 0.00>
ST_8 : Operation 129 [1/1] (0.00ns)   --->   "%trunc_ln389 = trunc i42 %indexy_pre_V" [vitis_library_vision_L1/include\imgproc/xf_resize_nn_bilinear.hpp:389]   --->   Operation 129 'trunc' 'trunc_ln389' <Predicate = (!cmp7515)> <Delay = 0.00>
ST_8 : Operation 130 [1/1] (1.06ns)   --->   "%icmp_ln851 = icmp_ne  i22 %trunc_ln387, i22 %sub_ln851"   --->   Operation 130 'icmp' 'icmp_ln851' <Predicate = (!cmp7515)> <Delay = 1.06> <CoreInst = "Cmp">   --->   Core 9 'Cmp' <Latency = 0> <II = 1> <Delay = 0.99> <FuncUnit> <Opcode : 'icmp'> <InPorts = 2> <OutPorts = 1>
ST_8 : Operation 131 [1/1] (0.00ns) (grouped into LUT with out node ret_V_15)   --->   "%select_ln850 = select i1 %icmp_ln851, i17 %add_i_i_i_i_i286_i, i17 %ret_V_cast"   --->   Operation 131 'select' 'select_ln850' <Predicate = (!cmp7515)> <Delay = 0.00> <CoreInst = "Sel">   --->   Core 73 'Sel' <Latency = 0> <II = 1> <Delay = 0.44> <FuncUnit> <Opcode : 'select'> <InPorts = 3> <OutPorts = 1>
ST_8 : Operation 132 [1/1] (0.35ns) (out node of the LUT)   --->   "%ret_V_15 = select i1 %tmp_3, i17 %select_ln850, i17 %ret_V_cast" [vitis_library_vision_L1/include\imgproc/xf_resize_nn_bilinear.hpp:387]   --->   Operation 132 'select' 'ret_V_15' <Predicate = (!cmp7515)> <Delay = 0.35> <CoreInst = "Sel">   --->   Core 73 'Sel' <Latency = 0> <II = 1> <Delay = 0.44> <FuncUnit> <Opcode : 'select'> <InPorts = 3> <OutPorts = 1>
ST_8 : Operation 133 [1/1] (0.00ns)   --->   "%zext_ln882_1 = zext i17 %ret_V_15"   --->   Operation 133 'zext' 'zext_ln882_1' <Predicate = (!cmp7515)> <Delay = 0.00>
ST_8 : Operation 134 [1/1] (0.99ns)   --->   "%icmp_ln882_1 = icmp_slt  i32 %zext_ln882_1, i32 %op2_assign"   --->   Operation 134 'icmp' 'icmp_ln882_1' <Predicate = (!cmp7515)> <Delay = 0.99> <CoreInst = "Cmp">   --->   Core 9 'Cmp' <Latency = 0> <II = 1> <Delay = 0.99> <FuncUnit> <Opcode : 'icmp'> <InPorts = 2> <OutPorts = 1>
ST_8 : Operation 135 [1/1] (0.28ns)   --->   "%xor_ln882 = xor i1 %icmp_ln882_1, i1 1"   --->   Operation 135 'xor' 'xor_ln882' <Predicate = (!cmp7515)> <Delay = 0.28> <CoreInst = "LogicGate">   --->   Core 74 'LogicGate' <Latency = 0> <II = 1> <Delay = 0.28> <FuncUnit> <Opcode : 'and' 'or' 'xor'> <InPorts = 2> <OutPorts = 1>
ST_8 : Operation 136 [1/1] (0.42ns)   --->   "%br_ln389 = br void" [vitis_library_vision_L1/include\imgproc/xf_resize_nn_bilinear.hpp:389]   --->   Operation 136 'br' 'br_ln389' <Predicate = (!cmp7515)> <Delay = 0.42>

State 9 <SV = 7> <Delay = 2.98>
ST_9 : Operation 137 [1/1] (0.00ns)   --->   "%j_1 = phi i11 0, void %.lr.ph, i11 %add_ln389, void %._crit_edge5" [vitis_library_vision_L1/include\imgproc/xf_resize_nn_bilinear.hpp:389]   --->   Operation 137 'phi' 'j_1' <Predicate = true> <Delay = 0.00>
ST_9 : Operation 138 [1/1] (0.00ns)   --->   "%conv_i_i202_i_phi = phi i17 0, void %.lr.ph, i17 %ret_V_16, void %._crit_edge5"   --->   Operation 138 'phi' 'conv_i_i202_i_phi' <Predicate = true> <Delay = 0.00>
ST_9 : Operation 139 [1/1] (0.79ns)   --->   "%add_ln389 = add i11 %j_1, i11 1" [vitis_library_vision_L1/include\imgproc/xf_resize_nn_bilinear.hpp:389]   --->   Operation 139 'add' 'add_ln389' <Predicate = true> <Delay = 0.79> <CoreInst = "Adder">   --->   Core 1 'Adder' <Latency = 0> <II = 1> <Delay = 1.01> <FuncUnit> <Opcode : 'add' 'sub'> <InPorts = 2> <OutPorts = 1>
ST_9 : Operation 140 [1/1] (0.94ns)   --->   "%icmp_ln389 = icmp_eq  i11 %j_1, i11 %smax" [vitis_library_vision_L1/include\imgproc/xf_resize_nn_bilinear.hpp:389]   --->   Operation 140 'icmp' 'icmp_ln389' <Predicate = true> <Delay = 0.94> <CoreInst = "Cmp">   --->   Core 9 'Cmp' <Latency = 0> <II = 1> <Delay = 0.99> <FuncUnit> <Opcode : 'icmp'> <InPorts = 2> <OutPorts = 1>
ST_9 : Operation 141 [1/1] (0.00ns)   --->   "%br_ln389 = br i1 %icmp_ln389, void %.split_ifconv, void %._crit_edge_ifconv.loopexit" [vitis_library_vision_L1/include\imgproc/xf_resize_nn_bilinear.hpp:389]   --->   Operation 141 'br' 'br_ln389' <Predicate = true> <Delay = 0.00>
ST_9 : Operation 142 [1/1] (0.00ns)   --->   "%trunc_ln = partselect i17 @_ssdm_op_PartSelect.i17.i42.i32.i32, i42 %indexy_pre_V, i32 22, i32 38"   --->   Operation 142 'partselect' 'trunc_ln' <Predicate = (!icmp_ln389)> <Delay = 0.00>
ST_9 : Operation 143 [1/1] (0.00ns)   --->   "%trunc_ln851 = trunc i42 %indexy_pre_V"   --->   Operation 143 'trunc' 'trunc_ln851' <Predicate = (!icmp_ln389 & p_Result_s)> <Delay = 0.00>
ST_9 : Operation 144 [1/1] (1.06ns)   --->   "%icmp_ln851_1 = icmp_eq  i22 %trunc_ln851, i22 0"   --->   Operation 144 'icmp' 'icmp_ln851_1' <Predicate = (!icmp_ln389 & p_Result_s)> <Delay = 1.06> <CoreInst = "Cmp">   --->   Core 9 'Cmp' <Latency = 0> <II = 1> <Delay = 0.99> <FuncUnit> <Opcode : 'icmp'> <InPorts = 2> <OutPorts = 1>
ST_9 : Operation 145 [1/1] (0.86ns)   --->   "%ret_V = add i17 %trunc_ln, i17 1"   --->   Operation 145 'add' 'ret_V' <Predicate = (!icmp_ln389 & p_Result_s)> <Delay = 0.86> <CoreInst = "Adder">   --->   Core 1 'Adder' <Latency = 0> <II = 1> <Delay = 1.01> <FuncUnit> <Opcode : 'add' 'sub'> <InPorts = 2> <OutPorts = 1>
ST_9 : Operation 146 [1/1] (0.00ns) (grouped into LUT with out node ret_V_16)   --->   "%select_ln850_1 = select i1 %icmp_ln851_1, i17 %trunc_ln, i17 %ret_V"   --->   Operation 146 'select' 'select_ln850_1' <Predicate = (!icmp_ln389 & p_Result_s)> <Delay = 0.00> <CoreInst = "Sel">   --->   Core 73 'Sel' <Latency = 0> <II = 1> <Delay = 0.44> <FuncUnit> <Opcode : 'select'> <InPorts = 3> <OutPorts = 1>
ST_9 : Operation 147 [1/1] (0.35ns) (out node of the LUT)   --->   "%ret_V_16 = select i1 %p_Result_s, i17 %select_ln850_1, i17 %trunc_ln" [vitis_library_vision_L1/include\imgproc/xf_resize_nn_bilinear.hpp:387]   --->   Operation 147 'select' 'ret_V_16' <Predicate = (!icmp_ln389)> <Delay = 0.35> <CoreInst = "Sel">   --->   Core 73 'Sel' <Latency = 0> <II = 1> <Delay = 0.44> <FuncUnit> <Opcode : 'select'> <InPorts = 3> <OutPorts = 1>
ST_9 : Operation 148 [1/1] (0.00ns)   --->   "%trunc_ln728 = trunc i17 %ret_V_16"   --->   Operation 148 'trunc' 'trunc_ln728' <Predicate = (!icmp_ln389)> <Delay = 0.00>
ST_9 : Operation 149 [1/1] (0.42ns)   --->   "%br_ln405 = br i1 %cmp89, void %_Z20computeInterpolationILi1ELi42ELi20ELi17ELi48ELi16ELi48ELi16ELi1EEviiii9ap_ufixedIXT3_EXT4_EL9ap_q_mode5EL9ap_o_mode3ELi0EEP8ap_fixedIXT0_EXT1_ELS1_5ELS2_3ELi0EES3_P7ap_uintIXT2_EERS8_SA_PS0_IXT5_EXT6_ELS1_5ELS2_3ELi0EERSB_S5_S5_.exit._crit_edge, void" [vitis_library_vision_L1/include\imgproc/xf_resize_nn_bilinear.hpp:405]   --->   Operation 149 'br' 'br_ln405' <Predicate = (!icmp_ln389)> <Delay = 0.42>
ST_9 : Operation 150 [1/1] (0.94ns)   --->   "%icmp_ln408 = icmp_ult  i11 %j_1, i11 %p_read_3" [vitis_library_vision_L1/include\imgproc/xf_resize_nn_bilinear.hpp:408]   --->   Operation 150 'icmp' 'icmp_ln408' <Predicate = (!icmp_ln389 & cmp89)> <Delay = 0.94> <CoreInst = "Cmp">   --->   Core 9 'Cmp' <Latency = 0> <II = 1> <Delay = 0.99> <FuncUnit> <Opcode : 'icmp'> <InPorts = 2> <OutPorts = 1>
ST_9 : Operation 151 [1/1] (0.28ns)   --->   "%and_ln406 = and i1 %xor_ln882, i1 %icmp_ln408" [vitis_library_vision_L1/include\imgproc/xf_resize_nn_bilinear.hpp:406]   --->   Operation 151 'and' 'and_ln406' <Predicate = (!icmp_ln389 & cmp89)> <Delay = 0.28> <CoreInst = "LogicGate">   --->   Core 74 'LogicGate' <Latency = 0> <II = 1> <Delay = 0.28> <FuncUnit> <Opcode : 'and' 'or' 'xor'> <InPorts = 2> <OutPorts = 1>
ST_9 : Operation 152 [1/1] (0.42ns)   --->   "%br_ln406 = br i1 %and_ln406, void %_Z20computeInterpolationILi1ELi42ELi20ELi17ELi48ELi16ELi48ELi16ELi1EEviiii9ap_ufixedIXT3_EXT4_EL9ap_q_mode5EL9ap_o_mode3ELi0EEP8ap_fixedIXT0_EXT1_ELS1_5ELS2_3ELi0EES3_P7ap_uintIXT2_EERS8_SA_PS0_IXT5_EXT6_ELS1_5ELS2_3ELi0EERSB_S5_S5_.exit._crit_edge, void" [vitis_library_vision_L1/include\imgproc/xf_resize_nn_bilinear.hpp:406]   --->   Operation 152 'br' 'br_ln406' <Predicate = (!icmp_ln389 & cmp89)> <Delay = 0.42>
ST_9 : Operation 153 [1/1] (0.00ns)   --->   "%zext_ln870_1 = zext i17 %ret_V_16"   --->   Operation 153 'zext' 'zext_ln870_1' <Predicate = (!icmp_ln389 & !slt)> <Delay = 0.00>
ST_9 : Operation 154 [1/1] (0.99ns)   --->   "%icmp_ln870_2 = icmp_eq  i32 %zext_ln870_1, i32 %op2_assign"   --->   Operation 154 'icmp' 'icmp_ln870_2' <Predicate = (!icmp_ln389 & !slt)> <Delay = 0.99> <CoreInst = "Cmp">   --->   Core 9 'Cmp' <Latency = 0> <II = 1> <Delay = 0.99> <FuncUnit> <Opcode : 'icmp'> <InPorts = 2> <OutPorts = 1>
ST_9 : Operation 155 [1/1] (0.28ns)   --->   "%and_ln487 = and i1 %icmp_ln870_2, i1 %cmp277" [vitis_library_vision_L1/include\imgproc/xf_resize_nn_bilinear.hpp:487]   --->   Operation 155 'and' 'and_ln487' <Predicate = (!icmp_ln389 & !slt)> <Delay = 0.28> <CoreInst = "LogicGate">   --->   Core 74 'LogicGate' <Latency = 0> <II = 1> <Delay = 0.28> <FuncUnit> <Opcode : 'and' 'or' 'xor'> <InPorts = 2> <OutPorts = 1>
ST_9 : Operation 156 [1/1] (0.94ns)   --->   "%icmp_ln489 = icmp_ult  i11 %j_1, i11 %p_read_1" [vitis_library_vision_L1/include\imgproc/xf_resize_nn_bilinear.hpp:489]   --->   Operation 156 'icmp' 'icmp_ln489' <Predicate = (!icmp_ln389 & !slt)> <Delay = 0.94> <CoreInst = "Cmp">   --->   Core 9 'Cmp' <Latency = 0> <II = 1> <Delay = 0.99> <FuncUnit> <Opcode : 'icmp'> <InPorts = 2> <OutPorts = 1>
ST_9 : Operation 157 [1/1] (0.00ns)   --->   "%br_ln487 = br i1 %and_ln487, void, void" [vitis_library_vision_L1/include\imgproc/xf_resize_nn_bilinear.hpp:487]   --->   Operation 157 'br' 'br_ln487' <Predicate = (!icmp_ln389 & !slt)> <Delay = 0.00>
ST_9 : Operation 158 [1/1] (0.99ns)   --->   "%icmp_ln870_3 = icmp_eq  i32 %zext_ln870_1, i32 %op2_assign_1"   --->   Operation 158 'icmp' 'icmp_ln870_3' <Predicate = (!icmp_ln389 & !slt & !and_ln487)> <Delay = 0.99> <CoreInst = "Cmp">   --->   Core 9 'Cmp' <Latency = 0> <II = 1> <Delay = 0.99> <FuncUnit> <Opcode : 'icmp'> <InPorts = 2> <OutPorts = 1>
ST_9 : Operation 159 [1/1] (0.28ns)   --->   "%and_ln486 = and i1 %icmp_ln870_3, i1 %icmp_ln489" [vitis_library_vision_L1/include\imgproc/xf_resize_nn_bilinear.hpp:486]   --->   Operation 159 'and' 'and_ln486' <Predicate = (!icmp_ln389 & !slt & !and_ln487)> <Delay = 0.28> <CoreInst = "LogicGate">   --->   Core 74 'LogicGate' <Latency = 0> <II = 1> <Delay = 0.28> <FuncUnit> <Opcode : 'and' 'or' 'xor'> <InPorts = 2> <OutPorts = 1>
ST_9 : Operation 160 [1/1] (0.00ns)   --->   "%br_ln486 = br i1 %and_ln486, void %._crit_edge5, void %._crit_edge6_ifconv" [vitis_library_vision_L1/include\imgproc/xf_resize_nn_bilinear.hpp:486]   --->   Operation 160 'br' 'br_ln486' <Predicate = (!icmp_ln389 & !slt & !and_ln487)> <Delay = 0.00>
ST_9 : Operation 161 [1/1] (0.00ns)   --->   "%br_ln489 = br i1 %icmp_ln489, void %._crit_edge5, void %._crit_edge6_ifconv" [vitis_library_vision_L1/include\imgproc/xf_resize_nn_bilinear.hpp:489]   --->   Operation 161 'br' 'br_ln489' <Predicate = (!icmp_ln389 & !slt & and_ln487)> <Delay = 0.00>
ST_9 : Operation 162 [1/1] (0.00ns)   --->   "%br_ln0 = br void"   --->   Operation 162 'br' 'br_ln0' <Predicate = (!icmp_ln389)> <Delay = 0.00>

State 10 <SV = 8> <Delay = 6.97>
ST_10 : Operation 163 [1/1] (0.00ns)   --->   "%zext_ln395 = zext i11 %j_1" [vitis_library_vision_L1/include\imgproc/xf_resize_nn_bilinear.hpp:395]   --->   Operation 163 'zext' 'zext_ln395' <Predicate = (!icmp_ln389)> <Delay = 0.00>
ST_10 : Operation 164 [1/1] (5.48ns)   --->   "%indexx_pre_comp_V = call i42 @scaleCompute<17, 42, 20, 48, 16, 1>, i32 %zext_ln395, i48 %trunc_ln703" [vitis_library_vision_L1/include\imgproc/xf_resize_nn_bilinear.hpp:395]   --->   Operation 164 'call' 'indexx_pre_comp_V' <Predicate = (!icmp_ln389)> <Delay = 5.48> <CoreType = "Generic">   --->   Core 0 '' <Latency = 0> <II = 1> <Delay = 1.00> <Generic> <Opcode : >
ST_10 : Operation 165 [1/1] (0.00ns) (grouped into LUT with out node indexx_pre_V)   --->   "%tmp_7 = bitselect i1 @_ssdm_op_BitSelect.i1.i42.i32, i42 %indexx_pre_comp_V, i32 41"   --->   Operation 165 'bitselect' 'tmp_7' <Predicate = (!icmp_ln389)> <Delay = 0.00>
ST_10 : Operation 166 [1/1] (1.11ns)   --->   "%icmp_ln1494 = icmp_sgt  i42 %indexx_pre_comp_V, i42 %tmp_2_cast"   --->   Operation 166 'icmp' 'icmp_ln1494' <Predicate = (!icmp_ln389)> <Delay = 1.11> <CoreInst = "Cmp">   --->   Core 9 'Cmp' <Latency = 0> <II = 1> <Delay = 0.99> <FuncUnit> <Opcode : 'icmp'> <InPorts = 2> <OutPorts = 1>
ST_10 : Operation 167 [1/1] (0.00ns) (grouped into LUT with out node indexx_pre_V)   --->   "%select_ln257 = select i1 %icmp_ln1494, i42 %tmp_2_cast, i42 %indexx_pre_comp_V" [vitis_library_vision_L1/include\imgproc/xf_resize_nn_bilinear.hpp:257]   --->   Operation 167 'select' 'select_ln257' <Predicate = (!icmp_ln389)> <Delay = 0.00> <CoreInst = "Sel">   --->   Core 73 'Sel' <Latency = 0> <II = 1> <Delay = 0.44> <FuncUnit> <Opcode : 'select'> <InPorts = 3> <OutPorts = 1>
ST_10 : Operation 168 [1/1] (0.36ns) (out node of the LUT)   --->   "%indexx_pre_V = select i1 %tmp_7, i42 0, i42 %select_ln257" [vitis_library_vision_L1/include\imgproc/xf_resize_nn_bilinear.hpp:255]   --->   Operation 168 'select' 'indexx_pre_V' <Predicate = (!icmp_ln389)> <Delay = 0.36> <CoreInst = "Sel">   --->   Core 73 'Sel' <Latency = 0> <II = 1> <Delay = 0.44> <FuncUnit> <Opcode : 'select'> <InPorts = 3> <OutPorts = 1>
ST_10 : Operation 169 [1/1] (0.00ns)   --->   "%trunc_ln831_1 = partselect i17 @_ssdm_op_PartSelect.i17.i42.i32.i32, i42 %indexx_pre_V, i32 22, i32 38"   --->   Operation 169 'partselect' 'trunc_ln831_1' <Predicate = (!icmp_ln389)> <Delay = 0.00>
ST_10 : Operation 170 [1/1] (0.00ns)   --->   "%trunc_ln851_1 = trunc i42 %indexx_pre_V"   --->   Operation 170 'trunc' 'trunc_ln851_1' <Predicate = (!icmp_ln389)> <Delay = 0.00>
ST_10 : Operation 171 [1/1] (0.00ns)   --->   "%trunc_ln703_2 = trunc i42 %indexx_pre_V"   --->   Operation 171 'trunc' 'trunc_ln703_2' <Predicate = (!icmp_ln389)> <Delay = 0.00>
ST_10 : Operation 172 [1/1] (1.83ns)   --->   "%read_pixel_1 = read i8 @_ssdm_op_Read.ap_fifo.volatile.i8P0A, i8 %img_mat_429" [C:/Xilinx/Vitis_HLS/2020.2/common/technology/autopilot/hls_stream_39.h:145]   --->   Operation 172 'read' 'read_pixel_1' <Predicate = (!icmp_ln389 & cmp89 & and_ln406)> <Delay = 1.83> <CoreInst = "FIFO_SRL">   --->   Core 81 'FIFO_SRL' <Latency = 0> <II = 1> <Delay = 1.83> <Storage> <Opcode : 'read' 'write' 'nbread' 'nbwrite'> <Ports = 0> <Width = 8> <Depth = 2> <FIFO>
ST_10 : Operation 173 [1/1] (0.00ns)   --->   "%store_ln412 = store i8 %read_pixel_1, i8 %read_pixel" [vitis_library_vision_L1/include\imgproc/xf_resize_nn_bilinear.hpp:412]   --->   Operation 173 'store' 'store_ln412' <Predicate = (!icmp_ln389 & cmp89 & and_ln406)> <Delay = 0.00>
ST_10 : Operation 174 [1/1] (0.42ns)   --->   "%br_ln412 = br void %_Z20computeInterpolationILi1ELi42ELi20ELi17ELi48ELi16ELi48ELi16ELi1EEviiii9ap_ufixedIXT3_EXT4_EL9ap_q_mode5EL9ap_o_mode3ELi0EEP8ap_fixedIXT0_EXT1_ELS1_5ELS2_3ELi0EES3_P7ap_uintIXT2_EERS8_SA_PS0_IXT5_EXT6_ELS1_5ELS2_3ELi0EERSB_S5_S5_.exit._crit_edge" [vitis_library_vision_L1/include\imgproc/xf_resize_nn_bilinear.hpp:412]   --->   Operation 174 'br' 'br_ln412' <Predicate = (!icmp_ln389 & cmp89 & and_ln406)> <Delay = 0.42>
ST_10 : Operation 175 [1/1] (0.58ns)   --->   "%switch_ln422 = switch i32 %first_row_index_5, void, i32 0, void, i32 1, void" [vitis_library_vision_L1/include\imgproc/xf_resize_nn_bilinear.hpp:422]   --->   Operation 175 'switch' 'switch_ln422' <Predicate = (!icmp_ln389)> <Delay = 0.58>
ST_10 : Operation 176 [1/1] (0.00ns)   --->   "%br_ln486 = br i1 %slt, void, void %._crit_edge5" [vitis_library_vision_L1/include\imgproc/xf_resize_nn_bilinear.hpp:486]   --->   Operation 176 'br' 'br_ln486' <Predicate = true> <Delay = 0.00>

State 11 <SV = 9> <Delay = 4.54>
ST_11 : Operation 177 [1/1] (0.00ns)   --->   "%zext_ln389 = zext i11 %j_1" [vitis_library_vision_L1/include\imgproc/xf_resize_nn_bilinear.hpp:389]   --->   Operation 177 'zext' 'zext_ln389' <Predicate = (!icmp_ln389)> <Delay = 0.00>
ST_11 : Operation 178 [1/1] (0.00ns)   --->   "%specpipeline_ln498 = specpipeline void @_ssdm_op_SpecPipeline, i32 4294967295, i32 0, i32 0, i32 0, void @empty_24" [vitis_library_vision_L1/include\imgproc/xf_resize_nn_bilinear.hpp:498]   --->   Operation 178 'specpipeline' 'specpipeline_ln498' <Predicate = (!icmp_ln389)> <Delay = 0.00>
ST_11 : Operation 179 [1/1] (0.00ns)   --->   "%speclooptripcount_ln498 = speclooptripcount void @_ssdm_op_SpecLoopTripCount, i64 1, i64 1920, i64 960" [vitis_library_vision_L1/include\imgproc/xf_resize_nn_bilinear.hpp:498]   --->   Operation 179 'speclooptripcount' 'speclooptripcount_ln498' <Predicate = (!icmp_ln389)> <Delay = 0.00>
ST_11 : Operation 180 [1/1] (0.00ns)   --->   "%specloopname_ln498 = specloopname void @_ssdm_op_SpecLoopName, void @empty" [vitis_library_vision_L1/include\imgproc/xf_resize_nn_bilinear.hpp:498]   --->   Operation 180 'specloopname' 'specloopname_ln498' <Predicate = (!icmp_ln389)> <Delay = 0.00>
ST_11 : Operation 181 [1/1] (0.00ns)   --->   "%rhs_1 = bitconcatenate i24 @_ssdm_op_BitConcatenate.i24.i2.i22, i2 %trunc_ln728, i22 0"   --->   Operation 181 'bitconcatenate' 'rhs_1' <Predicate = (!icmp_ln389)> <Delay = 0.00>
ST_11 : Operation 182 [1/1] (0.93ns)   --->   "%ret_V_6 = sub i24 %trunc_ln389, i24 %rhs_1"   --->   Operation 182 'sub' 'ret_V_6' <Predicate = (!icmp_ln389)> <Delay = 0.93> <CoreInst = "Adder">   --->   Core 1 'Adder' <Latency = 0> <II = 1> <Delay = 1.01> <FuncUnit> <Opcode : 'add' 'sub'> <InPorts = 2> <OutPorts = 1>
ST_11 : Operation 183 [1/1] (0.00ns) (grouped into LUT with out node ret_V_17)   --->   "%p_Result_4 = bitselect i1 @_ssdm_op_BitSelect.i1.i42.i32, i42 %indexx_pre_V, i32 41"   --->   Operation 183 'bitselect' 'p_Result_4' <Predicate = (!icmp_ln389)> <Delay = 0.00>
ST_11 : Operation 184 [1/1] (1.06ns)   --->   "%icmp_ln851_2 = icmp_eq  i22 %trunc_ln851_1, i22 0"   --->   Operation 184 'icmp' 'icmp_ln851_2' <Predicate = (!icmp_ln389)> <Delay = 1.06> <CoreInst = "Cmp">   --->   Core 9 'Cmp' <Latency = 0> <II = 1> <Delay = 0.99> <FuncUnit> <Opcode : 'icmp'> <InPorts = 2> <OutPorts = 1>
ST_11 : Operation 185 [1/1] (0.86ns)   --->   "%ret_V_7 = add i17 %trunc_ln831_1, i17 1"   --->   Operation 185 'add' 'ret_V_7' <Predicate = (!icmp_ln389)> <Delay = 0.86> <CoreInst = "Adder">   --->   Core 1 'Adder' <Latency = 0> <II = 1> <Delay = 1.01> <FuncUnit> <Opcode : 'add' 'sub'> <InPorts = 2> <OutPorts = 1>
ST_11 : Operation 186 [1/1] (0.00ns) (grouped into LUT with out node ret_V_17)   --->   "%select_ln850_2 = select i1 %icmp_ln851_2, i17 %trunc_ln831_1, i17 %ret_V_7"   --->   Operation 186 'select' 'select_ln850_2' <Predicate = (!icmp_ln389)> <Delay = 0.00> <CoreInst = "Sel">   --->   Core 73 'Sel' <Latency = 0> <II = 1> <Delay = 0.44> <FuncUnit> <Opcode : 'select'> <InPorts = 3> <OutPorts = 1>
ST_11 : Operation 187 [1/1] (0.35ns) (out node of the LUT)   --->   "%ret_V_17 = select i1 %p_Result_4, i17 %select_ln850_2, i17 %trunc_ln831_1"   --->   Operation 187 'select' 'ret_V_17' <Predicate = (!icmp_ln389)> <Delay = 0.35> <CoreInst = "Sel">   --->   Core 73 'Sel' <Latency = 0> <II = 1> <Delay = 0.44> <FuncUnit> <Opcode : 'select'> <InPorts = 3> <OutPorts = 1>
ST_11 : Operation 188 [1/1] (0.00ns)   --->   "%trunc_ln728_1 = trunc i17 %ret_V_17"   --->   Operation 188 'trunc' 'trunc_ln728_1' <Predicate = (!icmp_ln389)> <Delay = 0.00>
ST_11 : Operation 189 [1/1] (0.00ns)   --->   "%rhs_2 = bitconcatenate i24 @_ssdm_op_BitConcatenate.i24.i2.i22, i2 %trunc_ln728_1, i22 0"   --->   Operation 189 'bitconcatenate' 'rhs_2' <Predicate = (!icmp_ln389)> <Delay = 0.00>
ST_11 : Operation 190 [1/1] (0.93ns)   --->   "%ret_V_9 = sub i24 %trunc_ln703_2, i24 %rhs_2"   --->   Operation 190 'sub' 'ret_V_9' <Predicate = (!icmp_ln389)> <Delay = 0.93> <CoreInst = "Adder">   --->   Core 1 'Adder' <Latency = 0> <II = 1> <Delay = 1.01> <FuncUnit> <Opcode : 'add' 'sub'> <InPorts = 2> <OutPorts = 1>
ST_11 : Operation 191 [1/1] (0.00ns)   --->   "%flag_write = phi i1 1, void, i1 0, void %.split_ifconv, i1 0, void"   --->   Operation 191 'phi' 'flag_write' <Predicate = (!icmp_ln389)> <Delay = 0.00>
ST_11 : Operation 192 [1/1] (0.00ns)   --->   "%empty_73 = trunc i17 %ret_V_17"   --->   Operation 192 'trunc' 'empty_73' <Predicate = (!icmp_ln389)> <Delay = 0.00>
ST_11 : Operation 193 [1/1] (0.00ns)   --->   "%tmp_V_4_cast7 = zext i17 %ret_V_17"   --->   Operation 193 'zext' 'tmp_V_4_cast7' <Predicate = (!icmp_ln389)> <Delay = 0.00>
ST_11 : Operation 194 [1/1] (1.09ns)   --->   "%not_cmp_i_i176 = icmp_ne  i18 %tmp_V_4_cast7, i18 %i_op_assign_2_cast"   --->   Operation 194 'icmp' 'not_cmp_i_i176' <Predicate = (!icmp_ln389)> <Delay = 1.09> <CoreInst = "Cmp">   --->   Core 9 'Cmp' <Latency = 0> <II = 1> <Delay = 0.99> <FuncUnit> <Opcode : 'icmp'> <InPorts = 2> <OutPorts = 1>
ST_11 : Operation 195 [1/1] (0.00ns)   --->   "%zext_ln428 = zext i1 %not_cmp_i_i176" [vitis_library_vision_L1/include\imgproc/xf_resize_nn_bilinear.hpp:428]   --->   Operation 195 'zext' 'zext_ln428' <Predicate = (!icmp_ln389)> <Delay = 0.00>
ST_11 : Operation 196 [1/1] (0.79ns)   --->   "%idx_nxt = add i11 %empty_73, i11 %zext_ln428" [vitis_library_vision_L1/include\imgproc/xf_resize_nn_bilinear.hpp:428]   --->   Operation 196 'add' 'idx_nxt' <Predicate = (!icmp_ln389)> <Delay = 0.79> <CoreInst = "Adder">   --->   Core 1 'Adder' <Latency = 0> <II = 1> <Delay = 1.01> <FuncUnit> <Opcode : 'add' 'sub'> <InPorts = 2> <OutPorts = 1>
ST_11 : Operation 197 [1/1] (0.00ns)   --->   "%zext_ln430 = zext i17 %ret_V_17" [vitis_library_vision_L1/include\imgproc/xf_resize_nn_bilinear.hpp:430]   --->   Operation 197 'zext' 'zext_ln430' <Predicate = (!icmp_ln389)> <Delay = 0.00>
ST_11 : Operation 198 [1/1] (0.00ns)   --->   "%zext_ln431 = zext i11 %idx_nxt" [vitis_library_vision_L1/include\imgproc/xf_resize_nn_bilinear.hpp:431]   --->   Operation 198 'zext' 'zext_ln431' <Predicate = (!icmp_ln389)> <Delay = 0.00>
ST_11 : Operation 199 [1/1] (0.00ns)   --->   "%line_buffer_V_1_0_addr_3 = getelementptr i8 %line_buffer_V_1_0, i64 0, i64 %zext_ln430" [vitis_library_vision_L1/include\imgproc/xf_resize_nn_bilinear.hpp:451]   --->   Operation 199 'getelementptr' 'line_buffer_V_1_0_addr_3' <Predicate = (!icmp_ln389 & first_row_index_5 == 1 & !icmp_ln870_2)> <Delay = 0.00>
ST_11 : Operation 200 [2/2] (1.23ns)   --->   "%P0Buf_V_0_2 = load i11 %line_buffer_V_1_0_addr_3" [vitis_library_vision_L1/include\imgproc/xf_resize_nn_bilinear.hpp:451]   --->   Operation 200 'load' 'P0Buf_V_0_2' <Predicate = (!icmp_ln389 & first_row_index_5 == 1 & !icmp_ln870_2)> <Delay = 1.23> <CoreInst = "RAM_1WnR">   --->   Core 84 'RAM_1WnR' <Latency = 1> <II = 1> <Delay = 1.23> <Storage> <Opcode : 'load' 'store'> <Ports = 17> <Width = 8> <Depth = 1920> <RAM>
ST_11 : Operation 201 [1/1] (0.00ns)   --->   "%line_buffer_V_1_0_addr_4 = getelementptr i8 %line_buffer_V_1_0, i64 0, i64 %zext_ln431" [vitis_library_vision_L1/include\imgproc/xf_resize_nn_bilinear.hpp:452]   --->   Operation 201 'getelementptr' 'line_buffer_V_1_0_addr_4' <Predicate = (!icmp_ln389 & first_row_index_5 == 1 & !icmp_ln870_2)> <Delay = 0.00>
ST_11 : Operation 202 [2/2] (1.23ns)   --->   "%P0Buf_V_1_2 = load i11 %line_buffer_V_1_0_addr_4" [vitis_library_vision_L1/include\imgproc/xf_resize_nn_bilinear.hpp:452]   --->   Operation 202 'load' 'P0Buf_V_1_2' <Predicate = (!icmp_ln389 & first_row_index_5 == 1 & !icmp_ln870_2)> <Delay = 1.23> <CoreInst = "RAM_1WnR">   --->   Core 84 'RAM_1WnR' <Latency = 1> <II = 1> <Delay = 1.23> <Storage> <Opcode : 'load' 'store'> <Ports = 17> <Width = 8> <Depth = 1920> <RAM>
ST_11 : Operation 203 [1/1] (0.00ns)   --->   "%line_buffer_V_2_0_addr_2 = getelementptr i8 %line_buffer_V_2_0, i64 0, i64 %zext_ln430" [vitis_library_vision_L1/include\imgproc/xf_resize_nn_bilinear.hpp:453]   --->   Operation 203 'getelementptr' 'line_buffer_V_2_0_addr_2' <Predicate = (!icmp_ln389 & first_row_index_5 == 1)> <Delay = 0.00>
ST_11 : Operation 204 [2/2] (1.23ns)   --->   "%P1Buf_V_0_2 = load i11 %line_buffer_V_2_0_addr_2" [vitis_library_vision_L1/include\imgproc/xf_resize_nn_bilinear.hpp:453]   --->   Operation 204 'load' 'P1Buf_V_0_2' <Predicate = (!icmp_ln389 & first_row_index_5 == 1)> <Delay = 1.23> <CoreInst = "RAM_1WnR">   --->   Core 84 'RAM_1WnR' <Latency = 1> <II = 1> <Delay = 1.23> <Storage> <Opcode : 'load' 'store'> <Ports = 17> <Width = 8> <Depth = 1920> <RAM>
ST_11 : Operation 205 [1/1] (0.00ns)   --->   "%line_buffer_V_2_0_addr_3 = getelementptr i8 %line_buffer_V_2_0, i64 0, i64 %zext_ln431" [vitis_library_vision_L1/include\imgproc/xf_resize_nn_bilinear.hpp:454]   --->   Operation 205 'getelementptr' 'line_buffer_V_2_0_addr_3' <Predicate = (!icmp_ln389 & first_row_index_5 == 1)> <Delay = 0.00>
ST_11 : Operation 206 [2/2] (1.23ns)   --->   "%P1Buf_V_1_2 = load i11 %line_buffer_V_2_0_addr_3" [vitis_library_vision_L1/include\imgproc/xf_resize_nn_bilinear.hpp:454]   --->   Operation 206 'load' 'P1Buf_V_1_2' <Predicate = (!icmp_ln389 & first_row_index_5 == 1)> <Delay = 1.23> <CoreInst = "RAM_1WnR">   --->   Core 84 'RAM_1WnR' <Latency = 1> <II = 1> <Delay = 1.23> <Storage> <Opcode : 'load' 'store'> <Ports = 17> <Width = 8> <Depth = 1920> <RAM>
ST_11 : Operation 207 [1/1] (0.00ns)   --->   "%read_pixel_load_2 = load i8 %read_pixel" [vitis_library_vision_L1/include\imgproc/xf_resize_nn_bilinear.hpp:461]   --->   Operation 207 'load' 'read_pixel_load_2' <Predicate = (!icmp_ln389 & first_row_index_5 == 1 & flag_write)> <Delay = 0.00>
ST_11 : Operation 208 [1/1] (0.00ns)   --->   "%line_buffer_V_0_0_addr_5 = getelementptr i8 %line_buffer_V_0_0, i64 0, i64 %zext_ln389" [vitis_library_vision_L1/include\imgproc/xf_resize_nn_bilinear.hpp:461]   --->   Operation 208 'getelementptr' 'line_buffer_V_0_0_addr_5' <Predicate = (!icmp_ln389 & first_row_index_5 == 1 & flag_write)> <Delay = 0.00>
ST_11 : Operation 209 [1/1] (1.23ns)   --->   "%store_ln461 = store i8 %read_pixel_load_2, i11 %line_buffer_V_0_0_addr_5" [vitis_library_vision_L1/include\imgproc/xf_resize_nn_bilinear.hpp:461]   --->   Operation 209 'store' 'store_ln461' <Predicate = (!icmp_ln389 & first_row_index_5 == 1 & flag_write)> <Delay = 1.23> <CoreInst = "RAM_1WnR">   --->   Core 84 'RAM_1WnR' <Latency = 1> <II = 1> <Delay = 1.23> <Storage> <Opcode : 'load' 'store'> <Ports = 17> <Width = 8> <Depth = 1920> <RAM>
ST_11 : Operation 210 [1/1] (0.00ns)   --->   "%line_buffer_V_0_0_addr_3 = getelementptr i8 %line_buffer_V_0_0, i64 0, i64 %zext_ln430" [vitis_library_vision_L1/include\imgproc/xf_resize_nn_bilinear.hpp:430]   --->   Operation 210 'getelementptr' 'line_buffer_V_0_0_addr_3' <Predicate = (!icmp_ln389 & first_row_index_5 == 0 & !icmp_ln870_2)> <Delay = 0.00>
ST_11 : Operation 211 [2/2] (1.23ns)   --->   "%P0Buf_V_0_1 = load i11 %line_buffer_V_0_0_addr_3" [vitis_library_vision_L1/include\imgproc/xf_resize_nn_bilinear.hpp:430]   --->   Operation 211 'load' 'P0Buf_V_0_1' <Predicate = (!icmp_ln389 & first_row_index_5 == 0 & !icmp_ln870_2)> <Delay = 1.23> <CoreInst = "RAM_1WnR">   --->   Core 84 'RAM_1WnR' <Latency = 1> <II = 1> <Delay = 1.23> <Storage> <Opcode : 'load' 'store'> <Ports = 17> <Width = 8> <Depth = 1920> <RAM>
ST_11 : Operation 212 [1/1] (0.00ns)   --->   "%line_buffer_V_0_0_addr_4 = getelementptr i8 %line_buffer_V_0_0, i64 0, i64 %zext_ln431" [vitis_library_vision_L1/include\imgproc/xf_resize_nn_bilinear.hpp:431]   --->   Operation 212 'getelementptr' 'line_buffer_V_0_0_addr_4' <Predicate = (!icmp_ln389 & first_row_index_5 == 0 & !icmp_ln870_2)> <Delay = 0.00>
ST_11 : Operation 213 [2/2] (1.23ns)   --->   "%P0Buf_V_1_1 = load i11 %line_buffer_V_0_0_addr_4" [vitis_library_vision_L1/include\imgproc/xf_resize_nn_bilinear.hpp:431]   --->   Operation 213 'load' 'P0Buf_V_1_1' <Predicate = (!icmp_ln389 & first_row_index_5 == 0 & !icmp_ln870_2)> <Delay = 1.23> <CoreInst = "RAM_1WnR">   --->   Core 84 'RAM_1WnR' <Latency = 1> <II = 1> <Delay = 1.23> <Storage> <Opcode : 'load' 'store'> <Ports = 17> <Width = 8> <Depth = 1920> <RAM>
ST_11 : Operation 214 [1/1] (0.00ns)   --->   "%line_buffer_V_1_0_addr_1 = getelementptr i8 %line_buffer_V_1_0, i64 0, i64 %zext_ln430" [vitis_library_vision_L1/include\imgproc/xf_resize_nn_bilinear.hpp:432]   --->   Operation 214 'getelementptr' 'line_buffer_V_1_0_addr_1' <Predicate = (!icmp_ln389 & first_row_index_5 == 0)> <Delay = 0.00>
ST_11 : Operation 215 [2/2] (1.23ns)   --->   "%P1Buf_V_0_1 = load i11 %line_buffer_V_1_0_addr_1" [vitis_library_vision_L1/include\imgproc/xf_resize_nn_bilinear.hpp:432]   --->   Operation 215 'load' 'P1Buf_V_0_1' <Predicate = (!icmp_ln389 & first_row_index_5 == 0)> <Delay = 1.23> <CoreInst = "RAM_1WnR">   --->   Core 84 'RAM_1WnR' <Latency = 1> <II = 1> <Delay = 1.23> <Storage> <Opcode : 'load' 'store'> <Ports = 17> <Width = 8> <Depth = 1920> <RAM>
ST_11 : Operation 216 [1/1] (0.00ns)   --->   "%line_buffer_V_1_0_addr_2 = getelementptr i8 %line_buffer_V_1_0, i64 0, i64 %zext_ln431" [vitis_library_vision_L1/include\imgproc/xf_resize_nn_bilinear.hpp:433]   --->   Operation 216 'getelementptr' 'line_buffer_V_1_0_addr_2' <Predicate = (!icmp_ln389 & first_row_index_5 == 0)> <Delay = 0.00>
ST_11 : Operation 217 [2/2] (1.23ns)   --->   "%P1Buf_V_1_1 = load i11 %line_buffer_V_1_0_addr_2" [vitis_library_vision_L1/include\imgproc/xf_resize_nn_bilinear.hpp:433]   --->   Operation 217 'load' 'P1Buf_V_1_1' <Predicate = (!icmp_ln389 & first_row_index_5 == 0)> <Delay = 1.23> <CoreInst = "RAM_1WnR">   --->   Core 84 'RAM_1WnR' <Latency = 1> <II = 1> <Delay = 1.23> <Storage> <Opcode : 'load' 'store'> <Ports = 17> <Width = 8> <Depth = 1920> <RAM>
ST_11 : Operation 218 [1/1] (0.00ns)   --->   "%read_pixel_load_1 = load i8 %read_pixel" [vitis_library_vision_L1/include\imgproc/xf_resize_nn_bilinear.hpp:440]   --->   Operation 218 'load' 'read_pixel_load_1' <Predicate = (!icmp_ln389 & first_row_index_5 == 0 & flag_write)> <Delay = 0.00>
ST_11 : Operation 219 [1/1] (0.00ns)   --->   "%line_buffer_V_2_0_addr_4 = getelementptr i8 %line_buffer_V_2_0, i64 0, i64 %zext_ln389" [vitis_library_vision_L1/include\imgproc/xf_resize_nn_bilinear.hpp:440]   --->   Operation 219 'getelementptr' 'line_buffer_V_2_0_addr_4' <Predicate = (!icmp_ln389 & first_row_index_5 == 0 & flag_write)> <Delay = 0.00>
ST_11 : Operation 220 [1/1] (1.23ns)   --->   "%store_ln440 = store i8 %read_pixel_load_1, i11 %line_buffer_V_2_0_addr_4" [vitis_library_vision_L1/include\imgproc/xf_resize_nn_bilinear.hpp:440]   --->   Operation 220 'store' 'store_ln440' <Predicate = (!icmp_ln389 & first_row_index_5 == 0 & flag_write)> <Delay = 1.23> <CoreInst = "RAM_1WnR">   --->   Core 84 'RAM_1WnR' <Latency = 1> <II = 1> <Delay = 1.23> <Storage> <Opcode : 'load' 'store'> <Ports = 17> <Width = 8> <Depth = 1920> <RAM>
ST_11 : Operation 221 [1/1] (0.00ns)   --->   "%line_buffer_V_2_0_addr = getelementptr i8 %line_buffer_V_2_0, i64 0, i64 %zext_ln430" [vitis_library_vision_L1/include\imgproc/xf_resize_nn_bilinear.hpp:472]   --->   Operation 221 'getelementptr' 'line_buffer_V_2_0_addr' <Predicate = (!icmp_ln389 & first_row_index_5 != 0 & first_row_index_5 != 1 & !icmp_ln870_2)> <Delay = 0.00>
ST_11 : Operation 222 [2/2] (1.23ns)   --->   "%P0Buf_V_0 = load i11 %line_buffer_V_2_0_addr" [vitis_library_vision_L1/include\imgproc/xf_resize_nn_bilinear.hpp:472]   --->   Operation 222 'load' 'P0Buf_V_0' <Predicate = (!icmp_ln389 & first_row_index_5 != 0 & first_row_index_5 != 1 & !icmp_ln870_2)> <Delay = 1.23> <CoreInst = "RAM_1WnR">   --->   Core 84 'RAM_1WnR' <Latency = 1> <II = 1> <Delay = 1.23> <Storage> <Opcode : 'load' 'store'> <Ports = 17> <Width = 8> <Depth = 1920> <RAM>
ST_11 : Operation 223 [1/1] (0.00ns)   --->   "%line_buffer_V_2_0_addr_1 = getelementptr i8 %line_buffer_V_2_0, i64 0, i64 %zext_ln431" [vitis_library_vision_L1/include\imgproc/xf_resize_nn_bilinear.hpp:473]   --->   Operation 223 'getelementptr' 'line_buffer_V_2_0_addr_1' <Predicate = (!icmp_ln389 & first_row_index_5 != 0 & first_row_index_5 != 1 & !icmp_ln870_2)> <Delay = 0.00>
ST_11 : Operation 224 [2/2] (1.23ns)   --->   "%P0Buf_V_1 = load i11 %line_buffer_V_2_0_addr_1" [vitis_library_vision_L1/include\imgproc/xf_resize_nn_bilinear.hpp:473]   --->   Operation 224 'load' 'P0Buf_V_1' <Predicate = (!icmp_ln389 & first_row_index_5 != 0 & first_row_index_5 != 1 & !icmp_ln870_2)> <Delay = 1.23> <CoreInst = "RAM_1WnR">   --->   Core 84 'RAM_1WnR' <Latency = 1> <II = 1> <Delay = 1.23> <Storage> <Opcode : 'load' 'store'> <Ports = 17> <Width = 8> <Depth = 1920> <RAM>
ST_11 : Operation 225 [1/1] (0.00ns)   --->   "%line_buffer_V_0_0_addr_1 = getelementptr i8 %line_buffer_V_0_0, i64 0, i64 %zext_ln430" [vitis_library_vision_L1/include\imgproc/xf_resize_nn_bilinear.hpp:474]   --->   Operation 225 'getelementptr' 'line_buffer_V_0_0_addr_1' <Predicate = (!icmp_ln389 & first_row_index_5 != 0 & first_row_index_5 != 1)> <Delay = 0.00>
ST_11 : Operation 226 [2/2] (1.23ns)   --->   "%P1Buf_V_0 = load i11 %line_buffer_V_0_0_addr_1" [vitis_library_vision_L1/include\imgproc/xf_resize_nn_bilinear.hpp:474]   --->   Operation 226 'load' 'P1Buf_V_0' <Predicate = (!icmp_ln389 & first_row_index_5 != 0 & first_row_index_5 != 1)> <Delay = 1.23> <CoreInst = "RAM_1WnR">   --->   Core 84 'RAM_1WnR' <Latency = 1> <II = 1> <Delay = 1.23> <Storage> <Opcode : 'load' 'store'> <Ports = 17> <Width = 8> <Depth = 1920> <RAM>
ST_11 : Operation 227 [1/1] (0.00ns)   --->   "%line_buffer_V_0_0_addr_2 = getelementptr i8 %line_buffer_V_0_0, i64 0, i64 %zext_ln431" [vitis_library_vision_L1/include\imgproc/xf_resize_nn_bilinear.hpp:475]   --->   Operation 227 'getelementptr' 'line_buffer_V_0_0_addr_2' <Predicate = (!icmp_ln389 & first_row_index_5 != 0 & first_row_index_5 != 1)> <Delay = 0.00>
ST_11 : Operation 228 [2/2] (1.23ns)   --->   "%P1Buf_V_1 = load i11 %line_buffer_V_0_0_addr_2" [vitis_library_vision_L1/include\imgproc/xf_resize_nn_bilinear.hpp:475]   --->   Operation 228 'load' 'P1Buf_V_1' <Predicate = (!icmp_ln389 & first_row_index_5 != 0 & first_row_index_5 != 1)> <Delay = 1.23> <CoreInst = "RAM_1WnR">   --->   Core 84 'RAM_1WnR' <Latency = 1> <II = 1> <Delay = 1.23> <Storage> <Opcode : 'load' 'store'> <Ports = 17> <Width = 8> <Depth = 1920> <RAM>
ST_11 : Operation 229 [1/1] (0.00ns)   --->   "%read_pixel_load = load i8 %read_pixel" [vitis_library_vision_L1/include\imgproc/xf_resize_nn_bilinear.hpp:482]   --->   Operation 229 'load' 'read_pixel_load' <Predicate = (!icmp_ln389 & first_row_index_5 != 0 & first_row_index_5 != 1 & flag_write)> <Delay = 0.00>
ST_11 : Operation 230 [1/1] (0.00ns)   --->   "%line_buffer_V_1_0_addr_5 = getelementptr i8 %line_buffer_V_1_0, i64 0, i64 %zext_ln389" [vitis_library_vision_L1/include\imgproc/xf_resize_nn_bilinear.hpp:482]   --->   Operation 230 'getelementptr' 'line_buffer_V_1_0_addr_5' <Predicate = (!icmp_ln389 & first_row_index_5 != 0 & first_row_index_5 != 1 & flag_write)> <Delay = 0.00>
ST_11 : Operation 231 [1/1] (1.23ns)   --->   "%store_ln482 = store i8 %read_pixel_load, i11 %line_buffer_V_1_0_addr_5" [vitis_library_vision_L1/include\imgproc/xf_resize_nn_bilinear.hpp:482]   --->   Operation 231 'store' 'store_ln482' <Predicate = (!icmp_ln389 & first_row_index_5 != 0 & first_row_index_5 != 1 & flag_write)> <Delay = 1.23> <CoreInst = "RAM_1WnR">   --->   Core 84 'RAM_1WnR' <Latency = 1> <II = 1> <Delay = 1.23> <Storage> <Opcode : 'load' 'store'> <Ports = 17> <Width = 8> <Depth = 1920> <RAM>
ST_11 : Operation 232 [1/1] (0.00ns)   --->   "%Wy_V = partselect i12 @_ssdm_op_PartSelect.i12.i24.i32.i32, i24 %ret_V_6, i32 12, i32 23"   --->   Operation 232 'partselect' 'Wy_V' <Predicate = (!slt & and_ln487 & icmp_ln489) | (!slt & !and_ln487 & and_ln486)> <Delay = 0.00>
ST_11 : Operation 233 [1/1] (0.00ns)   --->   "%Wy_V_1 = zext i12 %Wy_V"   --->   Operation 233 'zext' 'Wy_V_1' <Predicate = (!slt & and_ln487 & icmp_ln489) | (!slt & !and_ln487 & and_ln486)> <Delay = 0.00>
ST_11 : Operation 234 [1/1] (0.00ns)   --->   "%Wx_V = partselect i12 @_ssdm_op_PartSelect.i12.i24.i32.i32, i24 %ret_V_9, i32 12, i32 23"   --->   Operation 234 'partselect' 'Wx_V' <Predicate = (!slt & and_ln487 & icmp_ln489) | (!slt & !and_ln487 & and_ln486)> <Delay = 0.00>
ST_11 : Operation 235 [1/1] (0.00ns)   --->   "%zext_ln708 = zext i12 %Wx_V"   --->   Operation 235 'zext' 'zext_ln708' <Predicate = (!slt & and_ln487 & icmp_ln489) | (!slt & !and_ln487 & and_ln486)> <Delay = 0.00>
ST_11 : Operation 236 [4/4] (0.53ns) (root node of the DSP)   --->   "%r_V = mul i24 %zext_ln708, i24 %Wy_V_1"   --->   Operation 236 'mul' 'r_V' <Predicate = (!slt & and_ln487 & icmp_ln489) | (!slt & !and_ln487 & and_ln486)> <Delay = 0.53> <CoreInst = "DSP48">   --->   Core 127 'DSP48' <Latency = 3> <II = 1> <Delay = 0.53> <IPBlock> <Opcode : 'mul' 'add' 'sub' 'select'> <InPorts = 0> <OutPorts = 1> <Sync> <CReg>

State 12 <SV = 10> <Delay = 3.40>
ST_12 : Operation 237 [1/2] (1.23ns)   --->   "%P0Buf_V_0_2 = load i11 %line_buffer_V_1_0_addr_3" [vitis_library_vision_L1/include\imgproc/xf_resize_nn_bilinear.hpp:451]   --->   Operation 237 'load' 'P0Buf_V_0_2' <Predicate = (!icmp_ln389 & first_row_index_5 == 1 & !icmp_ln870_2)> <Delay = 1.23> <CoreInst = "RAM_1WnR">   --->   Core 84 'RAM_1WnR' <Latency = 1> <II = 1> <Delay = 1.23> <Storage> <Opcode : 'load' 'store'> <Ports = 17> <Width = 8> <Depth = 1920> <RAM>
ST_12 : Operation 238 [1/2] (1.23ns)   --->   "%P0Buf_V_1_2 = load i11 %line_buffer_V_1_0_addr_4" [vitis_library_vision_L1/include\imgproc/xf_resize_nn_bilinear.hpp:452]   --->   Operation 238 'load' 'P0Buf_V_1_2' <Predicate = (!icmp_ln389 & first_row_index_5 == 1 & !icmp_ln870_2)> <Delay = 1.23> <CoreInst = "RAM_1WnR">   --->   Core 84 'RAM_1WnR' <Latency = 1> <II = 1> <Delay = 1.23> <Storage> <Opcode : 'load' 'store'> <Ports = 17> <Width = 8> <Depth = 1920> <RAM>
ST_12 : Operation 239 [1/2] (1.23ns)   --->   "%P1Buf_V_0_2 = load i11 %line_buffer_V_2_0_addr_2" [vitis_library_vision_L1/include\imgproc/xf_resize_nn_bilinear.hpp:453]   --->   Operation 239 'load' 'P1Buf_V_0_2' <Predicate = (!icmp_ln389 & first_row_index_5 == 1)> <Delay = 1.23> <CoreInst = "RAM_1WnR">   --->   Core 84 'RAM_1WnR' <Latency = 1> <II = 1> <Delay = 1.23> <Storage> <Opcode : 'load' 'store'> <Ports = 17> <Width = 8> <Depth = 1920> <RAM>
ST_12 : Operation 240 [1/2] (1.23ns)   --->   "%P1Buf_V_1_2 = load i11 %line_buffer_V_2_0_addr_3" [vitis_library_vision_L1/include\imgproc/xf_resize_nn_bilinear.hpp:454]   --->   Operation 240 'load' 'P1Buf_V_1_2' <Predicate = (!icmp_ln389 & first_row_index_5 == 1)> <Delay = 1.23> <CoreInst = "RAM_1WnR">   --->   Core 84 'RAM_1WnR' <Latency = 1> <II = 1> <Delay = 1.23> <Storage> <Opcode : 'load' 'store'> <Ports = 17> <Width = 8> <Depth = 1920> <RAM>
ST_12 : Operation 241 [1/1] (0.47ns)   --->   "%br_ln456 = br i1 %flag_write, void %._crit_edge2, void" [vitis_library_vision_L1/include\imgproc/xf_resize_nn_bilinear.hpp:456]   --->   Operation 241 'br' 'br_ln456' <Predicate = (!icmp_ln389 & first_row_index_5 == 1)> <Delay = 0.47>
ST_12 : Operation 242 [1/1] (0.47ns)   --->   "%br_ln463 = br void %._crit_edge2" [vitis_library_vision_L1/include\imgproc/xf_resize_nn_bilinear.hpp:463]   --->   Operation 242 'br' 'br_ln463' <Predicate = (!icmp_ln389 & first_row_index_5 == 1 & flag_write)> <Delay = 0.47>
ST_12 : Operation 243 [1/2] (1.23ns)   --->   "%P0Buf_V_0_1 = load i11 %line_buffer_V_0_0_addr_3" [vitis_library_vision_L1/include\imgproc/xf_resize_nn_bilinear.hpp:430]   --->   Operation 243 'load' 'P0Buf_V_0_1' <Predicate = (!icmp_ln389 & first_row_index_5 == 0 & !icmp_ln870_2)> <Delay = 1.23> <CoreInst = "RAM_1WnR">   --->   Core 84 'RAM_1WnR' <Latency = 1> <II = 1> <Delay = 1.23> <Storage> <Opcode : 'load' 'store'> <Ports = 17> <Width = 8> <Depth = 1920> <RAM>
ST_12 : Operation 244 [1/2] (1.23ns)   --->   "%P0Buf_V_1_1 = load i11 %line_buffer_V_0_0_addr_4" [vitis_library_vision_L1/include\imgproc/xf_resize_nn_bilinear.hpp:431]   --->   Operation 244 'load' 'P0Buf_V_1_1' <Predicate = (!icmp_ln389 & first_row_index_5 == 0 & !icmp_ln870_2)> <Delay = 1.23> <CoreInst = "RAM_1WnR">   --->   Core 84 'RAM_1WnR' <Latency = 1> <II = 1> <Delay = 1.23> <Storage> <Opcode : 'load' 'store'> <Ports = 17> <Width = 8> <Depth = 1920> <RAM>
ST_12 : Operation 245 [1/2] (1.23ns)   --->   "%P1Buf_V_0_1 = load i11 %line_buffer_V_1_0_addr_1" [vitis_library_vision_L1/include\imgproc/xf_resize_nn_bilinear.hpp:432]   --->   Operation 245 'load' 'P1Buf_V_0_1' <Predicate = (!icmp_ln389 & first_row_index_5 == 0)> <Delay = 1.23> <CoreInst = "RAM_1WnR">   --->   Core 84 'RAM_1WnR' <Latency = 1> <II = 1> <Delay = 1.23> <Storage> <Opcode : 'load' 'store'> <Ports = 17> <Width = 8> <Depth = 1920> <RAM>
ST_12 : Operation 246 [1/2] (1.23ns)   --->   "%P1Buf_V_1_1 = load i11 %line_buffer_V_1_0_addr_2" [vitis_library_vision_L1/include\imgproc/xf_resize_nn_bilinear.hpp:433]   --->   Operation 246 'load' 'P1Buf_V_1_1' <Predicate = (!icmp_ln389 & first_row_index_5 == 0)> <Delay = 1.23> <CoreInst = "RAM_1WnR">   --->   Core 84 'RAM_1WnR' <Latency = 1> <II = 1> <Delay = 1.23> <Storage> <Opcode : 'load' 'store'> <Ports = 17> <Width = 8> <Depth = 1920> <RAM>
ST_12 : Operation 247 [1/1] (0.47ns)   --->   "%br_ln435 = br i1 %flag_write, void %._crit_edge2, void" [vitis_library_vision_L1/include\imgproc/xf_resize_nn_bilinear.hpp:435]   --->   Operation 247 'br' 'br_ln435' <Predicate = (!icmp_ln389 & first_row_index_5 == 0)> <Delay = 0.47>
ST_12 : Operation 248 [1/1] (0.47ns)   --->   "%br_ln442 = br void %._crit_edge2" [vitis_library_vision_L1/include\imgproc/xf_resize_nn_bilinear.hpp:442]   --->   Operation 248 'br' 'br_ln442' <Predicate = (!icmp_ln389 & first_row_index_5 == 0 & flag_write)> <Delay = 0.47>
ST_12 : Operation 249 [1/2] (1.23ns)   --->   "%P0Buf_V_0 = load i11 %line_buffer_V_2_0_addr" [vitis_library_vision_L1/include\imgproc/xf_resize_nn_bilinear.hpp:472]   --->   Operation 249 'load' 'P0Buf_V_0' <Predicate = (!icmp_ln389 & first_row_index_5 != 0 & first_row_index_5 != 1 & !icmp_ln870_2)> <Delay = 1.23> <CoreInst = "RAM_1WnR">   --->   Core 84 'RAM_1WnR' <Latency = 1> <II = 1> <Delay = 1.23> <Storage> <Opcode : 'load' 'store'> <Ports = 17> <Width = 8> <Depth = 1920> <RAM>
ST_12 : Operation 250 [1/2] (1.23ns)   --->   "%P0Buf_V_1 = load i11 %line_buffer_V_2_0_addr_1" [vitis_library_vision_L1/include\imgproc/xf_resize_nn_bilinear.hpp:473]   --->   Operation 250 'load' 'P0Buf_V_1' <Predicate = (!icmp_ln389 & first_row_index_5 != 0 & first_row_index_5 != 1 & !icmp_ln870_2)> <Delay = 1.23> <CoreInst = "RAM_1WnR">   --->   Core 84 'RAM_1WnR' <Latency = 1> <II = 1> <Delay = 1.23> <Storage> <Opcode : 'load' 'store'> <Ports = 17> <Width = 8> <Depth = 1920> <RAM>
ST_12 : Operation 251 [1/2] (1.23ns)   --->   "%P1Buf_V_0 = load i11 %line_buffer_V_0_0_addr_1" [vitis_library_vision_L1/include\imgproc/xf_resize_nn_bilinear.hpp:474]   --->   Operation 251 'load' 'P1Buf_V_0' <Predicate = (!icmp_ln389 & first_row_index_5 != 0 & first_row_index_5 != 1)> <Delay = 1.23> <CoreInst = "RAM_1WnR">   --->   Core 84 'RAM_1WnR' <Latency = 1> <II = 1> <Delay = 1.23> <Storage> <Opcode : 'load' 'store'> <Ports = 17> <Width = 8> <Depth = 1920> <RAM>
ST_12 : Operation 252 [1/2] (1.23ns)   --->   "%P1Buf_V_1 = load i11 %line_buffer_V_0_0_addr_2" [vitis_library_vision_L1/include\imgproc/xf_resize_nn_bilinear.hpp:475]   --->   Operation 252 'load' 'P1Buf_V_1' <Predicate = (!icmp_ln389 & first_row_index_5 != 0 & first_row_index_5 != 1)> <Delay = 1.23> <CoreInst = "RAM_1WnR">   --->   Core 84 'RAM_1WnR' <Latency = 1> <II = 1> <Delay = 1.23> <Storage> <Opcode : 'load' 'store'> <Ports = 17> <Width = 8> <Depth = 1920> <RAM>
ST_12 : Operation 253 [1/1] (0.47ns)   --->   "%br_ln477 = br i1 %flag_write, void %._crit_edge2, void" [vitis_library_vision_L1/include\imgproc/xf_resize_nn_bilinear.hpp:477]   --->   Operation 253 'br' 'br_ln477' <Predicate = (!icmp_ln389 & first_row_index_5 != 0 & first_row_index_5 != 1)> <Delay = 0.47>
ST_12 : Operation 254 [1/1] (0.47ns)   --->   "%br_ln484 = br void %._crit_edge2" [vitis_library_vision_L1/include\imgproc/xf_resize_nn_bilinear.hpp:484]   --->   Operation 254 'br' 'br_ln484' <Predicate = (!icmp_ln389 & first_row_index_5 != 0 & first_row_index_5 != 1 & flag_write)> <Delay = 0.47>
ST_12 : Operation 255 [1/1] (0.00ns)   --->   "%P0Buf_V_0_4 = phi i8 %P1Buf_V_0, void, i8 %P1Buf_V_0, void, i8 %P1Buf_V_0_2, void, i8 %P1Buf_V_0_2, void, i8 %P1Buf_V_0_1, void, i8 %P1Buf_V_0_1, void"   --->   Operation 255 'phi' 'P0Buf_V_0_4' <Predicate = true> <Delay = 0.00>
ST_12 : Operation 256 [1/1] (0.00ns)   --->   "%P0Buf_V_0_0 = phi i8 %P0Buf_V_0, void, i8 %P0Buf_V_0, void, i8 %P0Buf_V_0_2, void, i8 %P0Buf_V_0_2, void, i8 %P0Buf_V_0_1, void, i8 %P0Buf_V_0_1, void"   --->   Operation 256 'phi' 'P0Buf_V_0_0' <Predicate = (!icmp_ln870_2)> <Delay = 0.00>
ST_12 : Operation 257 [1/1] (0.39ns)   --->   "%p_Val2_s = select i1 %icmp_ln870_2, i8 %P0Buf_V_0_4, i8 %P0Buf_V_0_0" [vitis_library_vision_L1/include\imgproc/xf_resize_nn_bilinear.hpp:490]   --->   Operation 257 'select' 'p_Val2_s' <Predicate = (!slt & and_ln487 & icmp_ln489) | (!slt & !and_ln487 & and_ln486)> <Delay = 0.39> <CoreInst = "Sel">   --->   Core 73 'Sel' <Latency = 0> <II = 1> <Delay = 0.44> <FuncUnit> <Opcode : 'select'> <InPorts = 3> <OutPorts = 1>
ST_12 : Operation 258 [3/4] (0.53ns) (root node of the DSP)   --->   "%r_V = mul i24 %zext_ln708, i24 %Wy_V_1"   --->   Operation 258 'mul' 'r_V' <Predicate = (!slt & and_ln487 & icmp_ln489) | (!slt & !and_ln487 & and_ln486)> <Delay = 0.53> <CoreInst = "DSP48">   --->   Core 127 'DSP48' <Latency = 3> <II = 1> <Delay = 0.53> <IPBlock> <Opcode : 'mul' 'add' 'sub' 'select'> <InPorts = 0> <OutPorts = 1> <Sync> <CReg>
ST_12 : Operation 259 [1/1] (0.00ns)   --->   "%zext_ln215 = zext i8 %p_Val2_s"   --->   Operation 259 'zext' 'zext_ln215' <Predicate = (!slt & and_ln487 & icmp_ln489) | (!slt & !and_ln487 & and_ln486)> <Delay = 0.00>
ST_12 : Operation 260 [1/1] (0.00ns)   --->   "%zext_ln215_2 = zext i8 %P0Buf_V_0_4"   --->   Operation 260 'zext' 'zext_ln215_2' <Predicate = (!slt & and_ln487 & icmp_ln489) | (!slt & !and_ln487 & and_ln486)> <Delay = 0.00>
ST_12 : Operation 261 [1/1] (0.76ns)   --->   "%ret_6 = sub i9 %zext_ln215_2, i9 %zext_ln215"   --->   Operation 261 'sub' 'ret_6' <Predicate = (!slt & and_ln487 & icmp_ln489) | (!slt & !and_ln487 & and_ln486)> <Delay = 0.76> <CoreInst = "Adder">   --->   Core 1 'Adder' <Latency = 0> <II = 1> <Delay = 1.01> <FuncUnit> <Opcode : 'add' 'sub'> <InPorts = 2> <OutPorts = 1>
ST_12 : Operation 262 [1/1] (0.00ns)   --->   "%sext_ln1118 = sext i9 %ret_6"   --->   Operation 262 'sext' 'sext_ln1118' <Predicate = (!slt & and_ln487 & icmp_ln489) | (!slt & !and_ln487 & and_ln486)> <Delay = 0.00>
ST_12 : Operation 263 [1/1] (0.00ns)   --->   "%zext_ln1118 = zext i12 %Wy_V"   --->   Operation 263 'zext' 'zext_ln1118' <Predicate = (!slt & and_ln487 & icmp_ln489) | (!slt & !and_ln487 & and_ln486)> <Delay = 0.00>
ST_12 : Operation 264 [4/4] (0.53ns) (root node of the DSP)   --->   "%r_V_8 = mul i21 %zext_ln1118, i21 %sext_ln1118"   --->   Operation 264 'mul' 'r_V_8' <Predicate = (!slt & and_ln487 & icmp_ln489) | (!slt & !and_ln487 & and_ln486)> <Delay = 0.53> <CoreInst = "DSP48">   --->   Core 127 'DSP48' <Latency = 3> <II = 1> <Delay = 0.53> <IPBlock> <Opcode : 'mul' 'add' 'sub' 'select'> <InPorts = 0> <OutPorts = 1> <Sync> <CReg>

State 13 <SV = 11> <Delay = 2.15>
ST_13 : Operation 265 [1/1] (0.00ns)   --->   "%P0Buf_V_1_0 = phi i8 %P0Buf_V_1, void, i8 %P0Buf_V_1, void, i8 %P0Buf_V_1_2, void, i8 %P0Buf_V_1_2, void, i8 %P0Buf_V_1_1, void, i8 %P0Buf_V_1_1, void"   --->   Operation 265 'phi' 'P0Buf_V_1_0' <Predicate = (!icmp_ln870_2)> <Delay = 0.00>
ST_13 : Operation 266 [1/1] (0.00ns)   --->   "%P0Buf_V_1_4 = phi i8 %P1Buf_V_1, void, i8 %P1Buf_V_1, void, i8 %P1Buf_V_1_2, void, i8 %P1Buf_V_1_2, void, i8 %P1Buf_V_1_1, void, i8 %P1Buf_V_1_1, void"   --->   Operation 266 'phi' 'P0Buf_V_1_4' <Predicate = true> <Delay = 0.00>
ST_13 : Operation 267 [1/1] (0.39ns)   --->   "%p_Val2_5 = select i1 %icmp_ln870_2, i8 %P0Buf_V_1_4, i8 %P0Buf_V_1_0" [vitis_library_vision_L1/include\imgproc/xf_resize_nn_bilinear.hpp:490]   --->   Operation 267 'select' 'p_Val2_5' <Predicate = (!slt & and_ln487 & icmp_ln489) | (!slt & !and_ln487 & and_ln486)> <Delay = 0.39> <CoreInst = "Sel">   --->   Core 73 'Sel' <Latency = 0> <II = 1> <Delay = 0.44> <FuncUnit> <Opcode : 'select'> <InPorts = 3> <OutPorts = 1>
ST_13 : Operation 268 [2/4] (0.53ns) (root node of the DSP)   --->   "%r_V = mul i24 %zext_ln708, i24 %Wy_V_1"   --->   Operation 268 'mul' 'r_V' <Predicate = (!slt & and_ln487 & icmp_ln489) | (!slt & !and_ln487 & and_ln486)> <Delay = 0.53> <CoreInst = "DSP48">   --->   Core 127 'DSP48' <Latency = 3> <II = 1> <Delay = 0.53> <IPBlock> <Opcode : 'mul' 'add' 'sub' 'select'> <InPorts = 0> <OutPorts = 1> <Sync> <CReg>
ST_13 : Operation 269 [1/1] (0.00ns)   --->   "%zext_ln215_1 = zext i8 %P0Buf_V_1_4"   --->   Operation 269 'zext' 'zext_ln215_1' <Predicate = (!slt & and_ln487 & icmp_ln489) | (!slt & !and_ln487 & and_ln486)> <Delay = 0.00>
ST_13 : Operation 270 [1/1] (0.76ns)   --->   "%ret = add i9 %zext_ln215_1, i9 %zext_ln215"   --->   Operation 270 'add' 'ret' <Predicate = (!slt & and_ln487 & icmp_ln489) | (!slt & !and_ln487 & and_ln486)> <Delay = 0.76> <CoreInst = "Adder">   --->   Core 1 'Adder' <Latency = 0> <II = 1> <Delay = 1.01> <FuncUnit> <Opcode : 'add' 'sub'> <InPorts = 2> <OutPorts = 1>
ST_13 : Operation 271 [1/1] (0.00ns)   --->   "%zext_ln215_3 = zext i8 %p_Val2_5"   --->   Operation 271 'zext' 'zext_ln215_3' <Predicate = (!slt & and_ln487 & icmp_ln489) | (!slt & !and_ln487 & and_ln486)> <Delay = 0.00>
ST_13 : Operation 272 [1/1] (0.76ns)   --->   "%ret_8 = add i9 %zext_ln215_3, i9 %zext_ln215_2"   --->   Operation 272 'add' 'ret_8' <Predicate = (!slt & and_ln487 & icmp_ln489) | (!slt & !and_ln487 & and_ln486)> <Delay = 0.76> <CoreInst = "Adder">   --->   Core 1 'Adder' <Latency = 0> <II = 1> <Delay = 1.01> <FuncUnit> <Opcode : 'add' 'sub'> <InPorts = 2> <OutPorts = 1>
ST_13 : Operation 273 [1/1] (0.00ns)   --->   "%zext_ln215_4 = zext i9 %ret"   --->   Operation 273 'zext' 'zext_ln215_4' <Predicate = (!slt & and_ln487 & icmp_ln489) | (!slt & !and_ln487 & and_ln486)> <Delay = 0.00>
ST_13 : Operation 274 [1/1] (0.00ns)   --->   "%zext_ln215_5 = zext i9 %ret_8"   --->   Operation 274 'zext' 'zext_ln215_5' <Predicate = (!slt & and_ln487 & icmp_ln489) | (!slt & !and_ln487 & and_ln486)> <Delay = 0.00>
ST_13 : Operation 275 [1/1] (0.77ns)   --->   "%ret_9 = sub i10 %zext_ln215_4, i10 %zext_ln215_5"   --->   Operation 275 'sub' 'ret_9' <Predicate = (!slt & and_ln487 & icmp_ln489) | (!slt & !and_ln487 & and_ln486)> <Delay = 0.77> <CoreInst = "Adder">   --->   Core 1 'Adder' <Latency = 0> <II = 1> <Delay = 1.01> <FuncUnit> <Opcode : 'add' 'sub'> <InPorts = 2> <OutPorts = 1>
ST_13 : Operation 276 [1/1] (0.76ns)   --->   "%ret_10 = sub i9 %zext_ln215_3, i9 %zext_ln215"   --->   Operation 276 'sub' 'ret_10' <Predicate = (!slt & and_ln487 & icmp_ln489) | (!slt & !and_ln487 & and_ln486)> <Delay = 0.76> <CoreInst = "Adder">   --->   Core 1 'Adder' <Latency = 0> <II = 1> <Delay = 1.01> <FuncUnit> <Opcode : 'add' 'sub'> <InPorts = 2> <OutPorts = 1>
ST_13 : Operation 277 [3/4] (0.53ns) (root node of the DSP)   --->   "%r_V_8 = mul i21 %zext_ln1118, i21 %sext_ln1118"   --->   Operation 277 'mul' 'r_V_8' <Predicate = (!slt & and_ln487 & icmp_ln489) | (!slt & !and_ln487 & and_ln486)> <Delay = 0.53> <CoreInst = "DSP48">   --->   Core 127 'DSP48' <Latency = 3> <II = 1> <Delay = 0.53> <IPBlock> <Opcode : 'mul' 'add' 'sub' 'select'> <InPorts = 0> <OutPorts = 1> <Sync> <CReg>
ST_13 : Operation 278 [1/1] (0.00ns)   --->   "%sext_ln1115_1 = sext i9 %ret_10"   --->   Operation 278 'sext' 'sext_ln1115_1' <Predicate = (!slt & and_ln487 & icmp_ln489) | (!slt & !and_ln487 & and_ln486)> <Delay = 0.00>
ST_13 : Operation 279 [1/1] (0.00ns)   --->   "%zext_ln1118_1 = zext i12 %Wx_V"   --->   Operation 279 'zext' 'zext_ln1118_1' <Predicate = (!slt & and_ln487 & icmp_ln489) | (!slt & !and_ln487 & and_ln486)> <Delay = 0.00>
ST_13 : Operation 280 [3/3] (0.99ns) (grouped into DSP with root node add_ln1192)   --->   "%r_V_9 = mul i21 %zext_ln1118_1, i21 %sext_ln1115_1"   --->   Operation 280 'mul' 'r_V_9' <Predicate = (!slt & and_ln487 & icmp_ln489) | (!slt & !and_ln487 & and_ln486)> <Delay = 0.99> <CoreInst = "DSP48">   --->   Core 127 'DSP48' <Latency = 3> <II = 1> <Delay = 0.53> <IPBlock> <Opcode : 'mul' 'add' 'sub' 'select'> <InPorts = 0> <OutPorts = 1> <Sync> <CReg>

State 14 <SV = 12> <Delay = 0.99>
ST_14 : Operation 281 [1/4] (0.00ns) (root node of the DSP)   --->   "%r_V = mul i24 %zext_ln708, i24 %Wy_V_1"   --->   Operation 281 'mul' 'r_V' <Predicate = (!slt & and_ln487 & icmp_ln489) | (!slt & !and_ln487 & and_ln486)> <Delay = 0.00> <CoreInst = "DSP48">   --->   Core 127 'DSP48' <Latency = 3> <II = 1> <Delay = 0.53> <IPBlock> <Opcode : 'mul' 'add' 'sub' 'select'> <InPorts = 0> <OutPorts = 1> <Sync> <CReg>
ST_14 : Operation 282 [1/1] (0.00ns)   --->   "%Wxy_V = partselect i12 @_ssdm_op_PartSelect.i12.i24.i32.i32, i24 %r_V, i32 10, i32 21"   --->   Operation 282 'partselect' 'Wxy_V' <Predicate = (!slt & and_ln487 & icmp_ln489) | (!slt & !and_ln487 & and_ln486)> <Delay = 0.00>
ST_14 : Operation 283 [1/1] (0.00ns)   --->   "%zext_ln708_1 = zext i12 %Wxy_V"   --->   Operation 283 'zext' 'zext_ln708_1' <Predicate = (!slt & and_ln487 & icmp_ln489) | (!slt & !and_ln487 & and_ln486)> <Delay = 0.00>
ST_14 : Operation 284 [1/1] (0.00ns)   --->   "%sext_ln1115 = sext i10 %ret_9"   --->   Operation 284 'sext' 'sext_ln1115' <Predicate = (!slt & and_ln487 & icmp_ln489) | (!slt & !and_ln487 & and_ln486)> <Delay = 0.00>
ST_14 : Operation 285 [3/3] (0.99ns) (grouped into DSP with root node ret_V_18)   --->   "%r_V_7 = mul i22 %zext_ln708_1, i22 %sext_ln1115"   --->   Operation 285 'mul' 'r_V_7' <Predicate = (!slt & and_ln487 & icmp_ln489) | (!slt & !and_ln487 & and_ln486)> <Delay = 0.99> <CoreInst = "DSP48">   --->   Core 127 'DSP48' <Latency = 3> <II = 1> <Delay = 0.53> <IPBlock> <Opcode : 'mul' 'add' 'sub' 'select'> <InPorts = 0> <OutPorts = 1> <Sync> <CReg>
ST_14 : Operation 286 [2/4] (0.53ns) (root node of the DSP)   --->   "%r_V_8 = mul i21 %zext_ln1118, i21 %sext_ln1118"   --->   Operation 286 'mul' 'r_V_8' <Predicate = (!slt & and_ln487 & icmp_ln489) | (!slt & !and_ln487 & and_ln486)> <Delay = 0.53> <CoreInst = "DSP48">   --->   Core 127 'DSP48' <Latency = 3> <II = 1> <Delay = 0.53> <IPBlock> <Opcode : 'mul' 'add' 'sub' 'select'> <InPorts = 0> <OutPorts = 1> <Sync> <CReg>
ST_14 : Operation 287 [2/3] (0.99ns) (grouped into DSP with root node add_ln1192)   --->   "%r_V_9 = mul i21 %zext_ln1118_1, i21 %sext_ln1115_1"   --->   Operation 287 'mul' 'r_V_9' <Predicate = (!slt & and_ln487 & icmp_ln489) | (!slt & !and_ln487 & and_ln486)> <Delay = 0.99> <CoreInst = "DSP48">   --->   Core 127 'DSP48' <Latency = 3> <II = 1> <Delay = 0.53> <IPBlock> <Opcode : 'mul' 'add' 'sub' 'select'> <InPorts = 0> <OutPorts = 1> <Sync> <CReg>

State 15 <SV = 13> <Delay = 0.99>
ST_15 : Operation 288 [2/3] (0.99ns) (grouped into DSP with root node ret_V_18)   --->   "%r_V_7 = mul i22 %zext_ln708_1, i22 %sext_ln1115"   --->   Operation 288 'mul' 'r_V_7' <Predicate = (!slt & and_ln487 & icmp_ln489) | (!slt & !and_ln487 & and_ln486)> <Delay = 0.99> <CoreInst = "DSP48">   --->   Core 127 'DSP48' <Latency = 3> <II = 1> <Delay = 0.53> <IPBlock> <Opcode : 'mul' 'add' 'sub' 'select'> <InPorts = 0> <OutPorts = 1> <Sync> <CReg>
ST_15 : Operation 289 [1/4] (0.00ns) (root node of the DSP)   --->   "%r_V_8 = mul i21 %zext_ln1118, i21 %sext_ln1118"   --->   Operation 289 'mul' 'r_V_8' <Predicate = (!slt & and_ln487 & icmp_ln489) | (!slt & !and_ln487 & and_ln486)> <Delay = 0.00> <CoreInst = "DSP48">   --->   Core 127 'DSP48' <Latency = 3> <II = 1> <Delay = 0.53> <IPBlock> <Opcode : 'mul' 'add' 'sub' 'select'> <InPorts = 0> <OutPorts = 1> <Sync> <CReg>
ST_15 : Operation 290 [1/3] (0.00ns) (grouped into DSP with root node add_ln1192)   --->   "%r_V_9 = mul i21 %zext_ln1118_1, i21 %sext_ln1115_1"   --->   Operation 290 'mul' 'r_V_9' <Predicate = (!slt & and_ln487 & icmp_ln489) | (!slt & !and_ln487 & and_ln486)> <Delay = 0.00> <CoreInst = "DSP48">   --->   Core 127 'DSP48' <Latency = 3> <II = 1> <Delay = 0.53> <IPBlock> <Opcode : 'mul' 'add' 'sub' 'select'> <InPorts = 0> <OutPorts = 1> <Sync> <CReg>
ST_15 : Operation 291 [1/1] (0.00ns)   --->   "%sext_ln1192_1 = sext i21 %r_V_8"   --->   Operation 291 'sext' 'sext_ln1192_1' <Predicate = (!slt & and_ln487 & icmp_ln489) | (!slt & !and_ln487 & and_ln486)> <Delay = 0.00>
ST_15 : Operation 292 [1/1] (0.00ns) (grouped into DSP with root node add_ln1192)   --->   "%sext_ln1192_2 = sext i21 %r_V_9"   --->   Operation 292 'sext' 'sext_ln1192_2' <Predicate = (!slt & and_ln487 & icmp_ln489) | (!slt & !and_ln487 & and_ln486)> <Delay = 0.00>
ST_15 : Operation 293 [2/2] (0.64ns) (root node of the DSP)   --->   "%add_ln1192 = add i22 %sext_ln1192_1, i22 %sext_ln1192_2"   --->   Operation 293 'add' 'add_ln1192' <Predicate = (!slt & and_ln487 & icmp_ln489) | (!slt & !and_ln487 & and_ln486)> <Delay = 0.64> <CoreInst = "DSP48">   --->   Core 127 'DSP48' <Latency = 3> <II = 1> <Delay = 0.53> <IPBlock> <Opcode : 'mul' 'add' 'sub' 'select'> <InPorts = 0> <OutPorts = 1> <Sync> <CReg>

State 16 <SV = 14> <Delay = 1.29>
ST_16 : Operation 294 [1/3] (0.00ns) (grouped into DSP with root node ret_V_18)   --->   "%r_V_7 = mul i22 %zext_ln708_1, i22 %sext_ln1115"   --->   Operation 294 'mul' 'r_V_7' <Predicate = (!slt & and_ln487 & icmp_ln489) | (!slt & !and_ln487 & and_ln486)> <Delay = 0.00> <CoreInst = "DSP48">   --->   Core 127 'DSP48' <Latency = 3> <II = 1> <Delay = 0.53> <IPBlock> <Opcode : 'mul' 'add' 'sub' 'select'> <InPorts = 0> <OutPorts = 1> <Sync> <CReg>
ST_16 : Operation 295 [1/1] (0.00ns) (grouped into DSP with root node ret_V_18)   --->   "%sext_ln1192 = sext i22 %r_V_7"   --->   Operation 295 'sext' 'sext_ln1192' <Predicate = (!slt & and_ln487 & icmp_ln489) | (!slt & !and_ln487 & and_ln486)> <Delay = 0.00>
ST_16 : Operation 296 [1/2] (0.64ns) (root node of the DSP)   --->   "%add_ln1192 = add i22 %sext_ln1192_1, i22 %sext_ln1192_2"   --->   Operation 296 'add' 'add_ln1192' <Predicate = (!slt & and_ln487 & icmp_ln489) | (!slt & !and_ln487 & and_ln486)> <Delay = 0.64> <CoreInst = "DSP48">   --->   Core 127 'DSP48' <Latency = 3> <II = 1> <Delay = 0.53> <IPBlock> <Opcode : 'mul' 'add' 'sub' 'select'> <InPorts = 0> <OutPorts = 1> <Sync> <CReg>
ST_16 : Operation 297 [1/1] (0.00ns)   --->   "%sext_ln1192_4 = sext i22 %add_ln1192"   --->   Operation 297 'sext' 'sext_ln1192_4' <Predicate = (!slt & and_ln487 & icmp_ln489) | (!slt & !and_ln487 & and_ln486)> <Delay = 0.00>
ST_16 : Operation 298 [2/2] (0.64ns) (root node of the DSP)   --->   "%ret_V_18 = add i23 %sext_ln1192_4, i23 %sext_ln1192"   --->   Operation 298 'add' 'ret_V_18' <Predicate = (!slt & and_ln487 & icmp_ln489) | (!slt & !and_ln487 & and_ln486)> <Delay = 0.64> <CoreInst = "DSP48">   --->   Core 127 'DSP48' <Latency = 3> <II = 1> <Delay = 0.53> <IPBlock> <Opcode : 'mul' 'add' 'sub' 'select'> <InPorts = 0> <OutPorts = 1> <Sync> <CReg>

State 17 <SV = 15> <Delay = 4.71>
ST_17 : Operation 299 [1/1] (0.00ns)   --->   "%P4_V = bitconcatenate i18 @_ssdm_op_BitConcatenate.i18.i8.i10, i8 %p_Val2_s, i10 0"   --->   Operation 299 'bitconcatenate' 'P4_V' <Predicate = (!slt & and_ln487 & icmp_ln489) | (!slt & !and_ln487 & and_ln486)> <Delay = 0.00>
ST_17 : Operation 300 [1/2] (0.64ns) (root node of the DSP)   --->   "%ret_V_18 = add i23 %sext_ln1192_4, i23 %sext_ln1192"   --->   Operation 300 'add' 'ret_V_18' <Predicate = (!slt & and_ln487 & icmp_ln489) | (!slt & !and_ln487 & and_ln486)> <Delay = 0.64> <CoreInst = "DSP48">   --->   Core 127 'DSP48' <Latency = 3> <II = 1> <Delay = 0.53> <IPBlock> <Opcode : 'mul' 'add' 'sub' 'select'> <InPorts = 0> <OutPorts = 1> <Sync> <CReg>
ST_17 : Operation 301 [1/1] (0.00ns)   --->   "%sext_ln1192_3 = sext i23 %ret_V_18"   --->   Operation 301 'sext' 'sext_ln1192_3' <Predicate = (!slt & and_ln487 & icmp_ln489) | (!slt & !and_ln487 & and_ln486)> <Delay = 0.00>
ST_17 : Operation 302 [1/1] (0.00ns)   --->   "%zext_ln1192 = zext i18 %P4_V"   --->   Operation 302 'zext' 'zext_ln1192' <Predicate = (!slt & and_ln487 & icmp_ln489) | (!slt & !and_ln487 & and_ln486)> <Delay = 0.00>
ST_17 : Operation 303 [1/1] (0.92ns)   --->   "%ret_V_11 = add i24 %sext_ln1192_3, i24 %zext_ln1192"   --->   Operation 303 'add' 'ret_V_11' <Predicate = (!slt & and_ln487 & icmp_ln489) | (!slt & !and_ln487 & and_ln486)> <Delay = 0.92> <CoreInst = "Adder">   --->   Core 1 'Adder' <Latency = 0> <II = 1> <Delay = 1.01> <FuncUnit> <Opcode : 'add' 'sub'> <InPorts = 2> <OutPorts = 1>
ST_17 : Operation 304 [1/1] (0.00ns)   --->   "%trunc_ln831_2 = partselect i8 @_ssdm_op_PartSelect.i8.i24.i32.i32, i24 %ret_V_11, i32 10, i32 17"   --->   Operation 304 'partselect' 'trunc_ln831_2' <Predicate = (!slt & and_ln487 & icmp_ln489) | (!slt & !and_ln487 & and_ln486)> <Delay = 0.00>
ST_17 : Operation 305 [1/1] (0.00ns) (grouped into LUT with out node ret_V_19)   --->   "%p_Result_9 = bitselect i1 @_ssdm_op_BitSelect.i1.i24.i32, i24 %ret_V_11, i32 23"   --->   Operation 305 'bitselect' 'p_Result_9' <Predicate = (!slt & and_ln487 & icmp_ln489) | (!slt & !and_ln487 & and_ln486)> <Delay = 0.00>
ST_17 : Operation 306 [1/1] (0.00ns)   --->   "%trunc_ln851_2 = trunc i24 %ret_V_11"   --->   Operation 306 'trunc' 'trunc_ln851_2' <Predicate = (!slt & and_ln487 & icmp_ln489) | (!slt & !and_ln487 & and_ln486)> <Delay = 0.00>
ST_17 : Operation 307 [1/1] (0.91ns)   --->   "%icmp_ln851_3 = icmp_eq  i10 %trunc_ln851_2, i10 0"   --->   Operation 307 'icmp' 'icmp_ln851_3' <Predicate = (!slt & and_ln487 & icmp_ln489) | (!slt & !and_ln487 & and_ln486)> <Delay = 0.91> <CoreInst = "Cmp">   --->   Core 9 'Cmp' <Latency = 0> <II = 1> <Delay = 0.99> <FuncUnit> <Opcode : 'icmp'> <InPorts = 2> <OutPorts = 1>
ST_17 : Operation 308 [1/1] (0.76ns)   --->   "%ret_V_12 = add i8 %trunc_ln831_2, i8 1"   --->   Operation 308 'add' 'ret_V_12' <Predicate = (!slt & and_ln487 & icmp_ln489) | (!slt & !and_ln487 & and_ln486)> <Delay = 0.76> <CoreInst = "Adder">   --->   Core 1 'Adder' <Latency = 0> <II = 1> <Delay = 1.01> <FuncUnit> <Opcode : 'add' 'sub'> <InPorts = 2> <OutPorts = 1>
ST_17 : Operation 309 [1/1] (0.00ns) (grouped into LUT with out node ret_V_19)   --->   "%select_ln850_3 = select i1 %icmp_ln851_3, i8 %trunc_ln831_2, i8 %ret_V_12"   --->   Operation 309 'select' 'select_ln850_3' <Predicate = (!slt & and_ln487 & icmp_ln489) | (!slt & !and_ln487 & and_ln486)> <Delay = 0.00> <CoreInst = "Sel">   --->   Core 73 'Sel' <Latency = 0> <II = 1> <Delay = 0.44> <FuncUnit> <Opcode : 'select'> <InPorts = 3> <OutPorts = 1>
ST_17 : Operation 310 [1/1] (0.39ns) (out node of the LUT)   --->   "%ret_V_19 = select i1 %p_Result_9, i8 %select_ln850_3, i8 %trunc_ln831_2"   --->   Operation 310 'select' 'ret_V_19' <Predicate = (!slt & and_ln487 & icmp_ln489) | (!slt & !and_ln487 & and_ln486)> <Delay = 0.39> <CoreInst = "Sel">   --->   Core 73 'Sel' <Latency = 0> <II = 1> <Delay = 0.44> <FuncUnit> <Opcode : 'select'> <InPorts = 3> <OutPorts = 1>
ST_17 : Operation 311 [1/1] (1.83ns)   --->   "%write_ln174 = write void @_ssdm_op_Write.ap_fifo.volatile.i8P0A, i8 %resized_mat_430, i8 %ret_V_19" [C:/Xilinx/Vitis_HLS/2020.2/common/technology/autopilot/hls_stream_39.h:174]   --->   Operation 311 'write' 'write_ln174' <Predicate = (!slt & and_ln487 & icmp_ln489) | (!slt & !and_ln487 & and_ln486)> <Delay = 1.83> <CoreInst = "FIFO_SRL">   --->   Core 81 'FIFO_SRL' <Latency = 0> <II = 1> <Delay = 1.83> <Storage> <Opcode : 'read' 'write' 'nbread' 'nbwrite'> <Ports = 0> <Width = 8> <Depth = 2> <FIFO>
ST_17 : Operation 312 [1/1] (0.00ns)   --->   "%br_ln505 = br void %._crit_edge5" [vitis_library_vision_L1/include\imgproc/xf_resize_nn_bilinear.hpp:505]   --->   Operation 312 'br' 'br_ln505' <Predicate = (!slt & and_ln487 & icmp_ln489) | (!slt & !and_ln487 & and_ln486)> <Delay = 0.00>

State 18 <SV = 8> <Delay = 2.45>
ST_18 : Operation 313 [1/1] (0.42ns)   --->   "%store_ln387 = store i17 %conv_i_i202_i_phi, i17 %indexy_V" [vitis_library_vision_L1/include\imgproc/xf_resize_nn_bilinear.hpp:387]   --->   Operation 313 'store' 'store_ln387' <Predicate = (!cmp7515)> <Delay = 0.42>
ST_18 : Operation 314 [1/1] (0.42ns)   --->   "%store_ln387 = store i17 %ret_V_15, i17 %nextYScale_V" [vitis_library_vision_L1/include\imgproc/xf_resize_nn_bilinear.hpp:387]   --->   Operation 314 'store' 'store_ln387' <Predicate = (!cmp7515)> <Delay = 0.42>
ST_18 : Operation 315 [1/1] (0.00ns)   --->   "%br_ln0 = br void %._crit_edge_ifconv"   --->   Operation 315 'br' 'br_ln0' <Predicate = (!cmp7515)> <Delay = 0.00>
ST_18 : Operation 316 [1/1] (0.00ns)   --->   "%nextYScale_V_2 = load i17 %nextYScale_V"   --->   Operation 316 'load' 'nextYScale_V_2' <Predicate = true> <Delay = 0.00>
ST_18 : Operation 317 [1/1] (0.00ns)   --->   "%indexy_V_2 = load i17 %indexy_V"   --->   Operation 317 'load' 'indexy_V_2' <Predicate = (!slt)> <Delay = 0.00>
ST_18 : Operation 318 [1/1] (0.00ns)   --->   "%zext_ln870 = zext i17 %indexy_V_2"   --->   Operation 318 'zext' 'zext_ln870' <Predicate = (!slt)> <Delay = 0.00>
ST_18 : Operation 319 [1/1] (0.99ns)   --->   "%icmp_ln870 = icmp_eq  i32 %zext_ln870, i32 %op2_assign"   --->   Operation 319 'icmp' 'icmp_ln870' <Predicate = (!slt)> <Delay = 0.99> <CoreInst = "Cmp">   --->   Core 9 'Cmp' <Latency = 0> <II = 1> <Delay = 0.99> <FuncUnit> <Opcode : 'icmp'> <InPorts = 2> <OutPorts = 1>
ST_18 : Operation 320 [1/1] (0.00ns) (grouped into LUT with out node select_ln509)   --->   "%and_ln509 = and i1 %icmp_ln870, i1 %cmp277" [vitis_library_vision_L1/include\imgproc/xf_resize_nn_bilinear.hpp:509]   --->   Operation 320 'and' 'and_ln509' <Predicate = (!slt)> <Delay = 0.00> <CoreInst = "LogicGate">   --->   Core 74 'LogicGate' <Latency = 0> <II = 1> <Delay = 0.28> <FuncUnit> <Opcode : 'and' 'or' 'xor'> <InPorts = 2> <OutPorts = 1>
ST_18 : Operation 321 [1/1] (0.99ns)   --->   "%icmp_ln870_1 = icmp_eq  i32 %zext_ln870, i32 %op2_assign_1"   --->   Operation 321 'icmp' 'icmp_ln870_1' <Predicate = (!slt)> <Delay = 0.99> <CoreInst = "Cmp">   --->   Core 9 'Cmp' <Latency = 0> <II = 1> <Delay = 0.99> <FuncUnit> <Opcode : 'icmp'> <InPorts = 2> <OutPorts = 1>
ST_18 : Operation 322 [1/1] (0.00ns) (grouped into LUT with out node select_ln509)   --->   "%or_ln509 = or i1 %and_ln509, i1 %icmp_ln870_1" [vitis_library_vision_L1/include\imgproc/xf_resize_nn_bilinear.hpp:509]   --->   Operation 322 'or' 'or_ln509' <Predicate = (!slt)> <Delay = 0.00> <CoreInst = "LogicGate">   --->   Core 74 'LogicGate' <Latency = 0> <II = 1> <Delay = 0.28> <FuncUnit> <Opcode : 'and' 'or' 'xor'> <InPorts = 2> <OutPorts = 1>
ST_18 : Operation 323 [1/1] (1.01ns)   --->   "%add_ln511 = add i32 %output_rows_count, i32 1" [vitis_library_vision_L1/include\imgproc/xf_resize_nn_bilinear.hpp:511]   --->   Operation 323 'add' 'add_ln511' <Predicate = (!slt)> <Delay = 1.01> <CoreInst = "Adder">   --->   Core 1 'Adder' <Latency = 0> <II = 1> <Delay = 1.01> <FuncUnit> <Opcode : 'add' 'sub'> <InPorts = 2> <OutPorts = 1>
ST_18 : Operation 324 [1/1] (0.44ns) (out node of the LUT)   --->   "%select_ln509 = select i1 %or_ln509, i32 %add_ln511, i32 %output_rows_count" [vitis_library_vision_L1/include\imgproc/xf_resize_nn_bilinear.hpp:509]   --->   Operation 324 'select' 'select_ln509' <Predicate = (!slt)> <Delay = 0.44> <CoreInst = "Sel">   --->   Core 73 'Sel' <Latency = 0> <II = 1> <Delay = 0.44> <FuncUnit> <Opcode : 'select'> <InPorts = 3> <OutPorts = 1>
ST_18 : Operation 325 [1/1] (0.44ns) (out node of the LUT)   --->   "%output_rows_count_1 = select i1 %slt, i32 %output_rows_count, i32 %select_ln509" [vitis_library_vision_L1/include\imgproc/xf_resize_nn_bilinear.hpp:509]   --->   Operation 325 'select' 'output_rows_count_1' <Predicate = true> <Delay = 0.44> <CoreInst = "Sel">   --->   Core 73 'Sel' <Latency = 0> <II = 1> <Delay = 0.44> <FuncUnit> <Opcode : 'select'> <InPorts = 3> <OutPorts = 1>
ST_18 : Operation 326 [1/1] (0.00ns)   --->   "%zext_ln882 = zext i17 %nextYScale_V_2"   --->   Operation 326 'zext' 'zext_ln882' <Predicate = true> <Delay = 0.00>
ST_18 : Operation 327 [1/1] (0.99ns)   --->   "%icmp_ln882 = icmp_slt  i32 %zext_ln882, i32 %op2_assign"   --->   Operation 327 'icmp' 'icmp_ln882' <Predicate = true> <Delay = 0.99> <CoreInst = "Cmp">   --->   Core 9 'Cmp' <Latency = 0> <II = 1> <Delay = 0.99> <FuncUnit> <Opcode : 'icmp'> <InPorts = 2> <OutPorts = 1>
ST_18 : Operation 328 [1/1] (1.01ns)   --->   "%first_row_index = add i32 %first_row_index_5, i32 1" [vitis_library_vision_L1/include\imgproc/xf_resize_nn_bilinear.hpp:516]   --->   Operation 328 'add' 'first_row_index' <Predicate = (cmp89)> <Delay = 1.01> <CoreInst = "Adder">   --->   Core 1 'Adder' <Latency = 0> <II = 1> <Delay = 1.01> <FuncUnit> <Opcode : 'add' 'sub'> <InPorts = 2> <OutPorts = 1>
ST_18 : Operation 329 [1/1] (0.99ns)   --->   "%icmp_ln522 = icmp_eq  i32 %first_row_index, i32 3" [vitis_library_vision_L1/include\imgproc/xf_resize_nn_bilinear.hpp:522]   --->   Operation 329 'icmp' 'icmp_ln522' <Predicate = (cmp89)> <Delay = 0.99> <CoreInst = "Cmp">   --->   Core 9 'Cmp' <Latency = 0> <II = 1> <Delay = 0.99> <FuncUnit> <Opcode : 'icmp'> <InPorts = 2> <OutPorts = 1>
ST_18 : Operation 330 [1/1] (0.00ns) (grouped into LUT with out node first_row_index_4)   --->   "%first_row_index_2 = select i1 %icmp_ln522, i32 0, i32 %first_row_index" [vitis_library_vision_L1/include\imgproc/xf_resize_nn_bilinear.hpp:522]   --->   Operation 330 'select' 'first_row_index_2' <Predicate = (cmp89)> <Delay = 0.00> <CoreInst = "Sel">   --->   Core 73 'Sel' <Latency = 0> <II = 1> <Delay = 0.44> <FuncUnit> <Opcode : 'select'> <InPorts = 3> <OutPorts = 1>
ST_18 : Operation 331 [1/1] (1.01ns)   --->   "%read_rows_count_1 = add i32 %read_rows_count, i32 1" [vitis_library_vision_L1/include\imgproc/xf_resize_nn_bilinear.hpp:528]   --->   Operation 331 'add' 'read_rows_count_1' <Predicate = (cmp89)> <Delay = 1.01> <CoreInst = "Adder">   --->   Core 1 'Adder' <Latency = 0> <II = 1> <Delay = 1.01> <FuncUnit> <Opcode : 'add' 'sub'> <InPorts = 2> <OutPorts = 1>
ST_18 : Operation 332 [1/1] (0.00ns) (grouped into LUT with out node read_rows_count_2)   --->   "%sel_tmp1 = select i1 %cmp89, i32 %read_rows_count_1, i32 %p_read_cast9"   --->   Operation 332 'select' 'sel_tmp1' <Predicate = true> <Delay = 0.00> <CoreInst = "Sel">   --->   Core 73 'Sel' <Latency = 0> <II = 1> <Delay = 0.44> <FuncUnit> <Opcode : 'select'> <InPorts = 3> <OutPorts = 1>
ST_18 : Operation 333 [1/1] (0.28ns)   --->   "%and_ln882 = and i1 %cmp89, i1 %icmp_ln882"   --->   Operation 333 'and' 'and_ln882' <Predicate = true> <Delay = 0.28> <CoreInst = "LogicGate">   --->   Core 74 'LogicGate' <Latency = 0> <II = 1> <Delay = 0.28> <FuncUnit> <Opcode : 'and' 'or' 'xor'> <InPorts = 2> <OutPorts = 1>
ST_18 : Operation 334 [1/1] (0.44ns) (out node of the LUT)   --->   "%read_rows_count_2 = select i1 %and_ln882, i32 %read_rows_count, i32 %sel_tmp1"   --->   Operation 334 'select' 'read_rows_count_2' <Predicate = true> <Delay = 0.44> <CoreInst = "Sel">   --->   Core 73 'Sel' <Latency = 0> <II = 1> <Delay = 0.44> <FuncUnit> <Opcode : 'select'> <InPorts = 3> <OutPorts = 1>
ST_18 : Operation 335 [1/1] (0.00ns) (grouped into LUT with out node first_row_index_4)   --->   "%first_row_index_3 = select i1 %cmp89, i32 %first_row_index_2, i32 %first_row_index_5"   --->   Operation 335 'select' 'first_row_index_3' <Predicate = true> <Delay = 0.00> <CoreInst = "Sel">   --->   Core 73 'Sel' <Latency = 0> <II = 1> <Delay = 0.44> <FuncUnit> <Opcode : 'select'> <InPorts = 3> <OutPorts = 1>
ST_18 : Operation 336 [1/1] (0.44ns) (out node of the LUT)   --->   "%first_row_index_4 = select i1 %and_ln882, i32 %first_row_index_5, i32 %first_row_index_3"   --->   Operation 336 'select' 'first_row_index_4' <Predicate = true> <Delay = 0.44> <CoreInst = "Sel">   --->   Core 73 'Sel' <Latency = 0> <II = 1> <Delay = 0.44> <FuncUnit> <Opcode : 'select'> <InPorts = 3> <OutPorts = 1>
ST_18 : Operation 337 [1/1] (0.00ns)   --->   "%br_ln0 = br void"   --->   Operation 337 'br' 'br_ln0' <Predicate = true> <Delay = 0.00>


============================================================
+ Verbose Summary: Binding
============================================================
STG Binding: 
---------------- STG Properties BEGIN ----------------
- Is combinational: 0
- Is one-state seq: 0
- Is datapath-only: 0
- Is pipelined: 0
- Is top level: 0
Port [ Return ] is wired: 1; IO mode=ap_ctrl_hs:ce=0
Port [ img_mat_429]:  wired=1; compound=1; hidden=0; nouse=0; global=0; static=0; extern=0; dir=0; type=3; pingpong=0; private_global=0; IO mode=ap_fifo:ce=0
Port [ resized_mat_430]:  wired=1; compound=1; hidden=0; nouse=0; global=0; static=0; extern=0; dir=1; type=3; pingpong=0; private_global=0; IO mode=ap_fifo:ce=0
Port [ p_read]:  wired=1; compound=0; hidden=0; nouse=0; global=0; static=0; extern=0; dir=0; type=0; pingpong=0; private_global=0; IO mode=ap_none:ce=0
Port [ p_read1]:  wired=1; compound=0; hidden=0; nouse=0; global=0; static=0; extern=0; dir=0; type=0; pingpong=0; private_global=0; IO mode=ap_none:ce=0
Port [ p_read2]:  wired=1; compound=0; hidden=0; nouse=0; global=0; static=0; extern=0; dir=0; type=0; pingpong=0; private_global=0; IO mode=ap_none:ce=0
Port [ p_read3]:  wired=1; compound=0; hidden=0; nouse=0; global=0; static=0; extern=0; dir=0; type=0; pingpong=0; private_global=0; IO mode=ap_none:ce=0
---------------- STG Properties END ------------------

---------------- Datapath Model BEGIN ----------------

<LifeTime>
<method=bitvector/>
p_read_1                 (read             ) [ 0011111111111111111]
p_read_2                 (read             ) [ 0011110000000000000]
p_read_3                 (read             ) [ 0011111111111111111]
p_read_4                 (read             ) [ 0011110000000000000]
p_read_cast9             (zext             ) [ 0011111111111111111]
p_read_cast27            (zext             ) [ 0011111000000000000]
p_read1_cast25           (zext             ) [ 0011111000000000000]
p_read2_cast24           (zext             ) [ 0011111000000000000]
specinterface_ln0        (specinterface    ) [ 0000000000000000000]
specinterface_ln0        (specinterface    ) [ 0000000000000000000]
line_buffer_V_0_0        (alloca           ) [ 0011111111111111111]
line_buffer_V_1_0        (alloca           ) [ 0011111111111111111]
line_buffer_V_2_0        (alloca           ) [ 0011111111111111111]
specresourcelimit_ln302  (specresourcelimit) [ 0000000000000000000]
specresourcelimit_ln305  (specresourcelimit) [ 0000000000000000000]
tmp                      (bitconcatenate   ) [ 0011000000000000000]
br_ln332                 (br               ) [ 0111000000000000000]
indvar_flatten           (phi              ) [ 0011000000000000000]
i                        (phi              ) [ 0011000000000000000]
j                        (phi              ) [ 0011000000000000000]
add_ln332_1              (add              ) [ 0111000000000000000]
icmp_ln332               (icmp             ) [ 0011000000000000000]
br_ln332                 (br               ) [ 0000000000000000000]
add_ln332                (add              ) [ 0000000000000000000]
icmp_ln337               (icmp             ) [ 0000000000000000000]
select_ln332             (select           ) [ 0011000000000000000]
select_ln332_1           (select           ) [ 0111000000000000000]
trunc_ln332              (trunc            ) [ 0011000000000000000]
br_ln344                 (br               ) [ 0000000000000000000]
add_ln337                (add              ) [ 0111000000000000000]
br_ln0                   (br               ) [ 0111000000000000000]
specloopname_ln0         (specloopname     ) [ 0000000000000000000]
speclooptripcount_ln0    (speclooptripcount) [ 0000000000000000000]
zext_ln337               (zext             ) [ 0000000000000000000]
specpipeline_ln337       (specpipeline     ) [ 0000000000000000000]
specloopname_ln337       (specloopname     ) [ 0000000000000000000]
tmp_V_5                  (read             ) [ 0000000000000000000]
line_buffer_V_0_0_addr   (getelementptr    ) [ 0000000000000000000]
line_buffer_V_1_0_addr   (getelementptr    ) [ 0000000000000000000]
store_ln344              (store            ) [ 0000000000000000000]
br_ln344                 (br               ) [ 0000000000000000000]
store_ln344              (store            ) [ 0000000000000000000]
br_ln344                 (br               ) [ 0000000000000000000]
read_pixel               (alloca           ) [ 0000011111111111111]
nextYScale_V             (alloca           ) [ 0000111111111111111]
indexy_V                 (alloca           ) [ 0000111111111111111]
zext_ln300               (zext             ) [ 0000010000000000000]
xnew                     (bitconcatenate   ) [ 0000000000000000000]
zext_ln300_1             (zext             ) [ 0000010000000000000]
store_ln382              (store            ) [ 0000000000000000000]
store_ln382              (store            ) [ 0000000000000000000]
Xscale64                 (call             ) [ 0000000000000000000]
zext_ln301               (zext             ) [ 0000001000000000000]
trunc_ln703              (trunc            ) [ 0000001111111111111]
ynew                     (bitconcatenate   ) [ 0000000000000000000]
zext_ln301_1             (zext             ) [ 0000001000000000000]
icmp_ln354               (icmp             ) [ 0000000000000000000]
loop_row_count           (select           ) [ 0000001111111111111]
Yscale64                 (call             ) [ 0000000000000000000]
trunc_ln703_1            (trunc            ) [ 0000000000000000000]
zext_ln703               (zext             ) [ 0000000111111111111]
icmp_ln356               (icmp             ) [ 0000000000000000000]
loop_col_count           (select           ) [ 0000000000000000000]
sub272                   (add              ) [ 0000000000000000000]
sub272_cast              (sext             ) [ 0000000111111111111]
tmp_V                    (add              ) [ 0000000000000000000]
i_op_assign_2_cast       (sext             ) [ 0000000111111111111]
cmp7515                  (icmp             ) [ 0000000111111111111]
rhs                      (partselect       ) [ 0000000000000000000]
rhs_3                    (zext             ) [ 0000000111111111111]
conv_i_i_i322_i_cast     (partselect       ) [ 0000000000000000000]
i_op_assign              (add              ) [ 0000000000000000000]
tmp_1                    (bitconcatenate   ) [ 0000000000000000000]
tmp_1_cast               (sext             ) [ 0000000111111111111]
indexx_pre_V_2           (bitconcatenate   ) [ 0000000000000000000]
tmp_2_cast               (sext             ) [ 0000000111111111111]
empty                    (icmp             ) [ 0000000000000000000]
smax                     (select           ) [ 0000000111111111111]
sub_ln851                (sub              ) [ 0000000111111111111]
br_ln382                 (br               ) [ 0000001111111111111]
i_1                      (phi              ) [ 0000000100000000000]
first_row_index_5        (phi              ) [ 0000000111111111111]
output_rows_count        (phi              ) [ 0000000111111111111]
read_rows_count          (phi              ) [ 0000000111111111111]
i_2                      (add              ) [ 0000001111111111111]
icmp_ln382               (icmp             ) [ 0000000111111111111]
br_ln382                 (br               ) [ 0000000000000000000]
indexy_pre_comp_V        (call             ) [ 0000000010000000000]
trunc_ln387              (trunc            ) [ 0000000010000000000]
slt                      (icmp             ) [ 0000000011111111111]
ret_ln532                (ret              ) [ 0000000000000000000]
speclooptripcount_ln364  (speclooptripcount) [ 0000000000000000000]
specloopname_ln364       (specloopname     ) [ 0000000000000000000]
cmp89                    (icmp             ) [ 0000000001111111111]
op2_assign               (add              ) [ 0000000001111111111]
cmp277                   (icmp             ) [ 0000000001111111111]
op2_assign_1             (add              ) [ 0000000001111111111]
br_ln389                 (br               ) [ 0000000000000000000]
lhs                      (sext             ) [ 0000000000000000000]
ret_V_14                 (add              ) [ 0000000000000000000]
ret_V_cast               (partselect       ) [ 0000000000000000000]
tmp_3                    (bitselect        ) [ 0000000000000000000]
tmp_4                    (bitselect        ) [ 0000000000000000000]
add_i_i_i_i_i286_i       (add              ) [ 0000000000000000000]
cmp_i_i235_i             (icmp             ) [ 0000000000000000000]
spec_select83            (select           ) [ 0000000000000000000]
indexy_pre_V             (select           ) [ 0000000001111111110]
p_Result_s               (bitselect        ) [ 0000000001111111110]
trunc_ln389              (trunc            ) [ 0000000001111111110]
icmp_ln851               (icmp             ) [ 0000000000000000000]
select_ln850             (select           ) [ 0000000000000000000]
ret_V_15                 (select           ) [ 0000000001111111111]
zext_ln882_1             (zext             ) [ 0000000000000000000]
icmp_ln882_1             (icmp             ) [ 0000000000000000000]
xor_ln882                (xor              ) [ 0000000001111111110]
br_ln389                 (br               ) [ 0000000111111111111]
j_1                      (phi              ) [ 0000000001111111110]
conv_i_i202_i_phi        (phi              ) [ 0000000001111111111]
add_ln389                (add              ) [ 0000000111111111111]
icmp_ln389               (icmp             ) [ 0000000111111111111]
br_ln389                 (br               ) [ 0000000000000000000]
trunc_ln                 (partselect       ) [ 0000000000000000000]
trunc_ln851              (trunc            ) [ 0000000000000000000]
icmp_ln851_1             (icmp             ) [ 0000000000000000000]
ret_V                    (add              ) [ 0000000000000000000]
select_ln850_1           (select           ) [ 0000000000000000000]
ret_V_16                 (select           ) [ 0000000111111111111]
trunc_ln728              (trunc            ) [ 0000000001110000000]
br_ln405                 (br               ) [ 0000000111111111111]
icmp_ln408               (icmp             ) [ 0000000000000000000]
and_ln406                (and              ) [ 0000000111111111111]
br_ln406                 (br               ) [ 0000000111111111111]
zext_ln870_1             (zext             ) [ 0000000000000000000]
icmp_ln870_2             (icmp             ) [ 0000000001111100000]
and_ln487                (and              ) [ 0000000111111111111]
icmp_ln489               (icmp             ) [ 0000000001111111110]
br_ln487                 (br               ) [ 0000000000000000000]
icmp_ln870_3             (icmp             ) [ 0000000000000000000]
and_ln486                (and              ) [ 0000000001111111110]
br_ln486                 (br               ) [ 0000000000000000000]
br_ln489                 (br               ) [ 0000000000000000000]
br_ln0                   (br               ) [ 0000000111111111111]
zext_ln395               (zext             ) [ 0000000000000000000]
indexx_pre_comp_V        (call             ) [ 0000000000000000000]
tmp_7                    (bitselect        ) [ 0000000000000000000]
icmp_ln1494              (icmp             ) [ 0000000000000000000]
select_ln257             (select           ) [ 0000000000000000000]
indexx_pre_V             (select           ) [ 0000000001010000000]
trunc_ln831_1            (partselect       ) [ 0000000001010000000]
trunc_ln851_1            (trunc            ) [ 0000000001010000000]
trunc_ln703_2            (trunc            ) [ 0000000001010000000]
read_pixel_1             (read             ) [ 0000000000000000000]
store_ln412              (store            ) [ 0000000000000000000]
br_ln412                 (br               ) [ 0000000111111111111]
switch_ln422             (switch           ) [ 0000000000000000000]
br_ln486                 (br               ) [ 0000000000000000000]
zext_ln389               (zext             ) [ 0000000000000000000]
specpipeline_ln498       (specpipeline     ) [ 0000000000000000000]
speclooptripcount_ln498  (speclooptripcount) [ 0000000000000000000]
specloopname_ln498       (specloopname     ) [ 0000000000000000000]
rhs_1                    (bitconcatenate   ) [ 0000000000000000000]
ret_V_6                  (sub              ) [ 0000000000000000000]
p_Result_4               (bitselect        ) [ 0000000000000000000]
icmp_ln851_2             (icmp             ) [ 0000000000000000000]
ret_V_7                  (add              ) [ 0000000000000000000]
select_ln850_2           (select           ) [ 0000000000000000000]
ret_V_17                 (select           ) [ 0000000000000000000]
trunc_ln728_1            (trunc            ) [ 0000000000000000000]
rhs_2                    (bitconcatenate   ) [ 0000000000000000000]
ret_V_9                  (sub              ) [ 0000000000000000000]
flag_write               (phi              ) [ 0000000001011111110]
empty_73                 (trunc            ) [ 0000000000000000000]
tmp_V_4_cast7            (zext             ) [ 0000000000000000000]
not_cmp_i_i176           (icmp             ) [ 0000000000000000000]
zext_ln428               (zext             ) [ 0000000000000000000]
idx_nxt                  (add              ) [ 0000000000000000000]
zext_ln430               (zext             ) [ 0000000000000000000]
zext_ln431               (zext             ) [ 0000000000000000000]
line_buffer_V_1_0_addr_3 (getelementptr    ) [ 0000000001001000000]
line_buffer_V_1_0_addr_4 (getelementptr    ) [ 0000000001001000000]
line_buffer_V_2_0_addr_2 (getelementptr    ) [ 0000000001001000000]
line_buffer_V_2_0_addr_3 (getelementptr    ) [ 0000000001001000000]
read_pixel_load_2        (load             ) [ 0000000000000000000]
line_buffer_V_0_0_addr_5 (getelementptr    ) [ 0000000000000000000]
store_ln461              (store            ) [ 0000000000000000000]
line_buffer_V_0_0_addr_3 (getelementptr    ) [ 0000000001001000000]
line_buffer_V_0_0_addr_4 (getelementptr    ) [ 0000000001001000000]
line_buffer_V_1_0_addr_1 (getelementptr    ) [ 0000000001001000000]
line_buffer_V_1_0_addr_2 (getelementptr    ) [ 0000000001001000000]
read_pixel_load_1        (load             ) [ 0000000000000000000]
line_buffer_V_2_0_addr_4 (getelementptr    ) [ 0000000000000000000]
store_ln440              (store            ) [ 0000000000000000000]
line_buffer_V_2_0_addr   (getelementptr    ) [ 0000000001001000000]
line_buffer_V_2_0_addr_1 (getelementptr    ) [ 0000000001001000000]
line_buffer_V_0_0_addr_1 (getelementptr    ) [ 0000000001001000000]
line_buffer_V_0_0_addr_2 (getelementptr    ) [ 0000000001001000000]
read_pixel_load          (load             ) [ 0000000000000000000]
line_buffer_V_1_0_addr_5 (getelementptr    ) [ 0000000000000000000]
store_ln482              (store            ) [ 0000000000000000000]
Wy_V                     (partselect       ) [ 0000000001001000000]
Wy_V_1                   (zext             ) [ 0000000001001110000]
Wx_V                     (partselect       ) [ 0000000001001100000]
zext_ln708               (zext             ) [ 0000000001001110000]
P0Buf_V_0_2              (load             ) [ 0000000000000000000]
P0Buf_V_1_2              (load             ) [ 0000000111111111111]
P1Buf_V_0_2              (load             ) [ 0000000000000000000]
P1Buf_V_1_2              (load             ) [ 0000000111111111111]
br_ln456                 (br               ) [ 0000000111111111111]
br_ln463                 (br               ) [ 0000000111111111111]
P0Buf_V_0_1              (load             ) [ 0000000000000000000]
P0Buf_V_1_1              (load             ) [ 0000000111111111111]
P1Buf_V_0_1              (load             ) [ 0000000000000000000]
P1Buf_V_1_1              (load             ) [ 0000000111111111111]
br_ln435                 (br               ) [ 0000000111111111111]
br_ln442                 (br               ) [ 0000000111111111111]
P0Buf_V_0                (load             ) [ 0000000000000000000]
P0Buf_V_1                (load             ) [ 0000000111111111111]
P1Buf_V_0                (load             ) [ 0000000000000000000]
P1Buf_V_1                (load             ) [ 0000000111111111111]
br_ln477                 (br               ) [ 0000000111111111111]
br_ln484                 (br               ) [ 0000000111111111111]
P0Buf_V_0_4              (phi              ) [ 0000000000000000000]
P0Buf_V_0_0              (phi              ) [ 0000000000000000000]
p_Val2_s                 (select           ) [ 0000000001000111110]
zext_ln215               (zext             ) [ 0000000001000100000]
zext_ln215_2             (zext             ) [ 0000000001000100000]
ret_6                    (sub              ) [ 0000000000000000000]
sext_ln1118              (sext             ) [ 0000000001000111000]
zext_ln1118              (zext             ) [ 0000000001000111000]
P0Buf_V_1_0              (phi              ) [ 0000000001000100000]
P0Buf_V_1_4              (phi              ) [ 0000000001000100000]
p_Val2_5                 (select           ) [ 0000000000000000000]
zext_ln215_1             (zext             ) [ 0000000000000000000]
ret                      (add              ) [ 0000000000000000000]
zext_ln215_3             (zext             ) [ 0000000000000000000]
ret_8                    (add              ) [ 0000000000000000000]
zext_ln215_4             (zext             ) [ 0000000000000000000]
zext_ln215_5             (zext             ) [ 0000000000000000000]
ret_9                    (sub              ) [ 0000000001000010000]
ret_10                   (sub              ) [ 0000000000000000000]
sext_ln1115_1            (sext             ) [ 0000000001000011000]
zext_ln1118_1            (zext             ) [ 0000000001000011000]
r_V                      (mul              ) [ 0000000000000000000]
Wxy_V                    (partselect       ) [ 0000000000000000000]
zext_ln708_1             (zext             ) [ 0000000001000001100]
sext_ln1115              (sext             ) [ 0000000001000001100]
r_V_8                    (mul              ) [ 0000000000000000000]
r_V_9                    (mul              ) [ 0000000000000000000]
sext_ln1192_1            (sext             ) [ 0000000001000000100]
sext_ln1192_2            (sext             ) [ 0000000001000000100]
r_V_7                    (mul              ) [ 0000000000000000000]
sext_ln1192              (sext             ) [ 0000000001000000010]
add_ln1192               (add              ) [ 0000000000000000000]
sext_ln1192_4            (sext             ) [ 0000000001000000010]
P4_V                     (bitconcatenate   ) [ 0000000000000000000]
ret_V_18                 (add              ) [ 0000000000000000000]
sext_ln1192_3            (sext             ) [ 0000000000000000000]
zext_ln1192              (zext             ) [ 0000000000000000000]
ret_V_11                 (add              ) [ 0000000000000000000]
trunc_ln831_2            (partselect       ) [ 0000000000000000000]
p_Result_9               (bitselect        ) [ 0000000000000000000]
trunc_ln851_2            (trunc            ) [ 0000000000000000000]
icmp_ln851_3             (icmp             ) [ 0000000000000000000]
ret_V_12                 (add              ) [ 0000000000000000000]
select_ln850_3           (select           ) [ 0000000000000000000]
ret_V_19                 (select           ) [ 0000000000000000000]
write_ln174              (write            ) [ 0000000000000000000]
br_ln505                 (br               ) [ 0000000000000000000]
store_ln387              (store            ) [ 0000000000000000000]
store_ln387              (store            ) [ 0000000000000000000]
br_ln0                   (br               ) [ 0000000000000000000]
nextYScale_V_2           (load             ) [ 0000000000000000000]
indexy_V_2               (load             ) [ 0000000000000000000]
zext_ln870               (zext             ) [ 0000000000000000000]
icmp_ln870               (icmp             ) [ 0000000000000000000]
and_ln509                (and              ) [ 0000000000000000000]
icmp_ln870_1             (icmp             ) [ 0000000000000000000]
or_ln509                 (or               ) [ 0000000000000000000]
add_ln511                (add              ) [ 0000000000000000000]
select_ln509             (select           ) [ 0000000000000000000]
output_rows_count_1      (select           ) [ 0000001111111111111]
zext_ln882               (zext             ) [ 0000000000000000000]
icmp_ln882               (icmp             ) [ 0000000000000000000]
first_row_index          (add              ) [ 0000000000000000000]
icmp_ln522               (icmp             ) [ 0000000000000000000]
first_row_index_2        (select           ) [ 0000000000000000000]
read_rows_count_1        (add              ) [ 0000000000000000000]
sel_tmp1                 (select           ) [ 0000000000000000000]
and_ln882                (and              ) [ 0000000000000000000]
read_rows_count_2        (select           ) [ 0000001111111111111]
first_row_index_3        (select           ) [ 0000000000000000000]
first_row_index_4        (select           ) [ 0000001111111111111]
br_ln0                   (br               ) [ 0000001111111111111]
</LifeTime>

<model>

<comp_list>
<comp id="0" class="1000" name="img_mat_429">
<pin_list>
<pin id="1" dir="1" index="0" bw="1" slack="0"/>
</pin_list>
<bind>
<StgValue><ssdm name="img_mat_429"/></StgValue>
</bind>
</comp>

<comp id="2" class="1000" name="resized_mat_430">
<pin_list>
<pin id="3" dir="1" index="0" bw="1" slack="0"/>
</pin_list>
<bind>
<StgValue><ssdm name="resized_mat_430"/></StgValue>
</bind>
</comp>

<comp id="4" class="1000" name="p_read">
<pin_list>
<pin id="5" dir="1" index="0" bw="1" slack="0"/>
</pin_list>
<bind>
<StgValue><ssdm name="p_read"/></StgValue>
</bind>
</comp>

<comp id="6" class="1000" name="p_read1">
<pin_list>
<pin id="7" dir="1" index="0" bw="1" slack="0"/>
</pin_list>
<bind>
<StgValue><ssdm name="p_read1"/></StgValue>
</bind>
</comp>

<comp id="8" class="1000" name="p_read2">
<pin_list>
<pin id="9" dir="1" index="0" bw="1" slack="0"/>
</pin_list>
<bind>
<StgValue><ssdm name="p_read2"/></StgValue>
</bind>
</comp>

<comp id="10" class="1000" name="p_read3">
<pin_list>
<pin id="11" dir="1" index="0" bw="1" slack="0"/>
</pin_list>
<bind>
<StgValue><ssdm name="p_read3"/></StgValue>
</bind>
</comp>

<comp id="12" class="1001" name="const_12">
<pin_list>
<pin id="13" dir="1" index="0" bw="1" slack="0"/>
</pin_list>
<bind>
<StgValue><ssdm name="_ssdm_op_Read.ap_auto.i11"/></StgValue>
</bind>
</comp>

<comp id="14" class="1001" name="const_14">
<pin_list>
<pin id="15" dir="1" index="0" bw="1" slack="2147483647"/>
</pin_list>
<bind>
<StgValue><ssdm name="_ssdm_op_SpecInterface"/></StgValue>
</bind>
</comp>

<comp id="16" class="1001" name="const_16">
<pin_list>
<pin id="17" dir="1" index="0" bw="1" slack="2147483647"/>
</pin_list>
<bind>
<StgValue><ssdm name="empty_1"/></StgValue>
</bind>
</comp>

<comp id="18" class="1001" name="const_18">
<pin_list>
<pin id="19" dir="1" index="0" bw="1" slack="0"/>
</pin_list>
<bind>
<StgValue><ssdm name=""/></StgValue>
</bind>
</comp>

<comp id="20" class="1001" name="const_20">
<pin_list>
<pin id="21" dir="1" index="0" bw="1" slack="2147483647"/>
</pin_list>
<bind>
<StgValue><ssdm name="empty_24"/></StgValue>
</bind>
</comp>

<comp id="22" class="1001" name="const_22">
<pin_list>
<pin id="23" dir="1" index="0" bw="1" slack="0"/>
</pin_list>
<bind>
<StgValue><ssdm name=""/></StgValue>
</bind>
</comp>

<comp id="24" class="1001" name="const_24">
<pin_list>
<pin id="25" dir="1" index="0" bw="1" slack="2147483647"/>
</pin_list>
<bind>
<StgValue><ssdm name="_ssdm_op_SpecResourceLimit"/></StgValue>
</bind>
</comp>

<comp id="26" class="1001" name="const_26">
<pin_list>
<pin id="27" dir="1" index="0" bw="1" slack="2147483647"/>
</pin_list>
<bind>
<StgValue><ssdm name="function"/></StgValue>
</bind>
</comp>

<comp id="28" class="1001" name="const_28">
<pin_list>
<pin id="29" dir="1" index="0" bw="1" slack="2147483647"/>
</pin_list>
<bind>
<StgValue><ssdm name="function3"/></StgValue>
</bind>
</comp>

<comp id="30" class="1001" name="const_30">
<pin_list>
<pin id="31" dir="1" index="0" bw="1" slack="0"/>
</pin_list>
<bind>
<StgValue><ssdm name="_ssdm_op_BitConcatenate.i12.i11.i1"/></StgValue>
</bind>
</comp>

<comp id="32" class="1001" name="const_32">
<pin_list>
<pin id="33" dir="1" index="0" bw="1" slack="0"/>
</pin_list>
<bind>
<StgValue><ssdm name=""/></StgValue>
</bind>
</comp>

<comp id="34" class="1001" name="const_34">
<pin_list>
<pin id="35" dir="1" index="0" bw="1" slack="1"/>
</pin_list>
<bind>
<StgValue><ssdm name=""/></StgValue>
</bind>
</comp>

<comp id="36" class="1001" name="const_36">
<pin_list>
<pin id="37" dir="1" index="0" bw="1" slack="1"/>
</pin_list>
<bind>
<StgValue><ssdm name=""/></StgValue>
</bind>
</comp>

<comp id="38" class="1001" name="const_38">
<pin_list>
<pin id="39" dir="1" index="0" bw="1" slack="0"/>
</pin_list>
<bind>
<StgValue><ssdm name=""/></StgValue>
</bind>
</comp>

<comp id="40" class="1001" name="const_40">
<pin_list>
<pin id="41" dir="1" index="0" bw="1" slack="0"/>
</pin_list>
<bind>
<StgValue><ssdm name=""/></StgValue>
</bind>
</comp>

<comp id="42" class="1001" name="const_42">
<pin_list>
<pin id="43" dir="1" index="0" bw="1" slack="0"/>
</pin_list>
<bind>
<StgValue><ssdm name=""/></StgValue>
</bind>
</comp>

<comp id="44" class="1001" name="const_44">
<pin_list>
<pin id="45" dir="1" index="0" bw="1" slack="0"/>
</pin_list>
<bind>
<StgValue><ssdm name=""/></StgValue>
</bind>
</comp>

<comp id="46" class="1001" name="const_46">
<pin_list>
<pin id="47" dir="1" index="0" bw="1" slack="2147483647"/>
</pin_list>
<bind>
<StgValue><ssdm name="_ssdm_op_SpecLoopName"/></StgValue>
</bind>
</comp>

<comp id="48" class="1001" name="const_48">
<pin_list>
<pin id="49" dir="1" index="0" bw="1" slack="2147483647"/>
</pin_list>
<bind>
<StgValue><ssdm name="VITIS_LOOP_332_1_VITIS_LOOP_337_2_str"/></StgValue>
</bind>
</comp>

<comp id="50" class="1001" name="const_50">
<pin_list>
<pin id="51" dir="1" index="0" bw="1" slack="2147483647"/>
</pin_list>
<bind>
<StgValue><ssdm name="_ssdm_op_SpecLoopTripCount"/></StgValue>
</bind>
</comp>

<comp id="52" class="1001" name="const_52">
<pin_list>
<pin id="53" dir="1" index="0" bw="1" slack="2147483647"/>
</pin_list>
<bind>
<StgValue><ssdm name=""/></StgValue>
</bind>
</comp>

<comp id="54" class="1001" name="const_54">
<pin_list>
<pin id="55" dir="1" index="0" bw="1" slack="2147483647"/>
</pin_list>
<bind>
<StgValue><ssdm name=""/></StgValue>
</bind>
</comp>

<comp id="56" class="1001" name="const_56">
<pin_list>
<pin id="57" dir="1" index="0" bw="1" slack="2147483647"/>
</pin_list>
<bind>
<StgValue><ssdm name=""/></StgValue>
</bind>
</comp>

<comp id="58" class="1001" name="const_58">
<pin_list>
<pin id="59" dir="1" index="0" bw="1" slack="2147483647"/>
</pin_list>
<bind>
<StgValue><ssdm name="_ssdm_op_SpecPipeline"/></StgValue>
</bind>
</comp>

<comp id="60" class="1001" name="const_60">
<pin_list>
<pin id="61" dir="1" index="0" bw="1" slack="0"/>
</pin_list>
<bind>
<StgValue><ssdm name=""/></StgValue>
</bind>
</comp>

<comp id="62" class="1001" name="const_62">
<pin_list>
<pin id="63" dir="1" index="0" bw="1" slack="2147483647"/>
</pin_list>
<bind>
<StgValue><ssdm name="empty_19"/></StgValue>
</bind>
</comp>

<comp id="64" class="1001" name="const_64">
<pin_list>
<pin id="65" dir="1" index="0" bw="1" slack="0"/>
</pin_list>
<bind>
<StgValue><ssdm name="_ssdm_op_Read.ap_fifo.volatile.i8P0A"/></StgValue>
</bind>
</comp>

<comp id="66" class="1001" name="const_66">
<pin_list>
<pin id="67" dir="1" index="0" bw="1" slack="0"/>
</pin_list>
<bind>
<StgValue><ssdm name=""/></StgValue>
</bind>
</comp>

<comp id="68" class="1001" name="const_68">
<pin_list>
<pin id="69" dir="1" index="0" bw="1" slack="0"/>
</pin_list>
<bind>
<StgValue><ssdm name=""/></StgValue>
</bind>
</comp>

<comp id="70" class="1001" name="const_70">
<pin_list>
<pin id="71" dir="1" index="0" bw="1" slack="0"/>
</pin_list>
<bind>
<StgValue><ssdm name="_ssdm_op_BitConcatenate.i43.i11.i32"/></StgValue>
</bind>
</comp>

<comp id="72" class="1001" name="const_72">
<pin_list>
<pin id="73" dir="1" index="0" bw="1" slack="0"/>
</pin_list>
<bind>
<StgValue><ssdm name="xfUDivResize"/></StgValue>
</bind>
</comp>

<comp id="74" class="1001" name="const_74">
<pin_list>
<pin id="75" dir="1" index="0" bw="1" slack="0"/>
</pin_list>
<bind>
<StgValue><ssdm name=""/></StgValue>
</bind>
</comp>

<comp id="76" class="1001" name="const_76">
<pin_list>
<pin id="77" dir="1" index="0" bw="1" slack="0"/>
</pin_list>
<bind>
<StgValue><ssdm name=""/></StgValue>
</bind>
</comp>

<comp id="78" class="1001" name="const_78">
<pin_list>
<pin id="79" dir="1" index="0" bw="1" slack="0"/>
</pin_list>
<bind>
<StgValue><ssdm name="_ssdm_op_PartSelect.i33.i64.i32.i32"/></StgValue>
</bind>
</comp>

<comp id="80" class="1001" name="const_80">
<pin_list>
<pin id="81" dir="1" index="0" bw="1" slack="0"/>
</pin_list>
<bind>
<StgValue><ssdm name=""/></StgValue>
</bind>
</comp>

<comp id="82" class="1001" name="const_82">
<pin_list>
<pin id="83" dir="1" index="0" bw="1" slack="0"/>
</pin_list>
<bind>
<StgValue><ssdm name=""/></StgValue>
</bind>
</comp>

<comp id="84" class="1001" name="const_84">
<pin_list>
<pin id="85" dir="1" index="0" bw="1" slack="0"/>
</pin_list>
<bind>
<StgValue><ssdm name="_ssdm_op_PartSelect.i22.i64.i32.i32"/></StgValue>
</bind>
</comp>

<comp id="86" class="1001" name="const_86">
<pin_list>
<pin id="87" dir="1" index="0" bw="1" slack="0"/>
</pin_list>
<bind>
<StgValue><ssdm name=""/></StgValue>
</bind>
</comp>

<comp id="88" class="1001" name="const_88">
<pin_list>
<pin id="89" dir="1" index="0" bw="1" slack="0"/>
</pin_list>
<bind>
<StgValue><ssdm name="_ssdm_op_BitConcatenate.i34.i12.i22"/></StgValue>
</bind>
</comp>

<comp id="90" class="1001" name="const_90">
<pin_list>
<pin id="91" dir="1" index="0" bw="1" slack="0"/>
</pin_list>
<bind>
<StgValue><ssdm name=""/></StgValue>
</bind>
</comp>

<comp id="92" class="1001" name="const_92">
<pin_list>
<pin id="93" dir="1" index="0" bw="1" slack="1"/>
</pin_list>
<bind>
<StgValue><ssdm name=""/></StgValue>
</bind>
</comp>

<comp id="94" class="1001" name="const_94">
<pin_list>
<pin id="95" dir="1" index="0" bw="1" slack="0"/>
</pin_list>
<bind>
<StgValue><ssdm name="scaleCompute<17, 42, 20, 48, 16, 1>"/></StgValue>
</bind>
</comp>

<comp id="96" class="1001" name="const_96">
<pin_list>
<pin id="97" dir="1" index="0" bw="1" slack="2147483647"/>
</pin_list>
<bind>
<StgValue><ssdm name=""/></StgValue>
</bind>
</comp>

<comp id="98" class="1001" name="const_98">
<pin_list>
<pin id="99" dir="1" index="0" bw="1" slack="2147483647"/>
</pin_list>
<bind>
<StgValue><ssdm name=""/></StgValue>
</bind>
</comp>

<comp id="100" class="1001" name="const_100">
<pin_list>
<pin id="101" dir="1" index="0" bw="1" slack="2147483647"/>
</pin_list>
<bind>
<StgValue><ssdm name="empty_18"/></StgValue>
</bind>
</comp>

<comp id="102" class="1001" name="const_102">
<pin_list>
<pin id="103" dir="1" index="0" bw="1" slack="0"/>
</pin_list>
<bind>
<StgValue><ssdm name=""/></StgValue>
</bind>
</comp>

<comp id="104" class="1001" name="const_104">
<pin_list>
<pin id="105" dir="1" index="0" bw="1" slack="0"/>
</pin_list>
<bind>
<StgValue><ssdm name="_ssdm_op_PartSelect.i17.i43.i32.i32"/></StgValue>
</bind>
</comp>

<comp id="106" class="1001" name="const_106">
<pin_list>
<pin id="107" dir="1" index="0" bw="1" slack="0"/>
</pin_list>
<bind>
<StgValue><ssdm name=""/></StgValue>
</bind>
</comp>

<comp id="108" class="1001" name="const_108">
<pin_list>
<pin id="109" dir="1" index="0" bw="1" slack="0"/>
</pin_list>
<bind>
<StgValue><ssdm name=""/></StgValue>
</bind>
</comp>

<comp id="110" class="1001" name="const_110">
<pin_list>
<pin id="111" dir="1" index="0" bw="1" slack="0"/>
</pin_list>
<bind>
<StgValue><ssdm name="_ssdm_op_BitSelect.i1.i43.i32"/></StgValue>
</bind>
</comp>

<comp id="112" class="1001" name="const_112">
<pin_list>
<pin id="113" dir="1" index="0" bw="1" slack="0"/>
</pin_list>
<bind>
<StgValue><ssdm name="_ssdm_op_BitSelect.i1.i42.i32"/></StgValue>
</bind>
</comp>

<comp id="114" class="1001" name="const_114">
<pin_list>
<pin id="115" dir="1" index="0" bw="1" slack="0"/>
</pin_list>
<bind>
<StgValue><ssdm name=""/></StgValue>
</bind>
</comp>

<comp id="116" class="1001" name="const_116">
<pin_list>
<pin id="117" dir="1" index="0" bw="1" slack="0"/>
</pin_list>
<bind>
<StgValue><ssdm name=""/></StgValue>
</bind>
</comp>

<comp id="118" class="1001" name="const_118">
<pin_list>
<pin id="119" dir="1" index="0" bw="1" slack="0"/>
</pin_list>
<bind>
<StgValue><ssdm name=""/></StgValue>
</bind>
</comp>

<comp id="120" class="1001" name="const_120">
<pin_list>
<pin id="121" dir="1" index="0" bw="1" slack="0"/>
</pin_list>
<bind>
<StgValue><ssdm name=""/></StgValue>
</bind>
</comp>

<comp id="122" class="1001" name="const_122">
<pin_list>
<pin id="123" dir="1" index="0" bw="1" slack="1"/>
</pin_list>
<bind>
<StgValue><ssdm name=""/></StgValue>
</bind>
</comp>

<comp id="124" class="1001" name="const_124">
<pin_list>
<pin id="125" dir="1" index="0" bw="1" slack="0"/>
</pin_list>
<bind>
<StgValue><ssdm name="_ssdm_op_PartSelect.i17.i42.i32.i32"/></StgValue>
</bind>
</comp>

<comp id="126" class="1001" name="const_126">
<pin_list>
<pin id="127" dir="1" index="0" bw="1" slack="2147483647"/>
</pin_list>
<bind>
<StgValue><ssdm name=""/></StgValue>
</bind>
</comp>

<comp id="128" class="1001" name="const_128">
<pin_list>
<pin id="129" dir="1" index="0" bw="1" slack="2147483647"/>
</pin_list>
<bind>
<StgValue><ssdm name="empty"/></StgValue>
</bind>
</comp>

<comp id="130" class="1001" name="const_130">
<pin_list>
<pin id="131" dir="1" index="0" bw="1" slack="0"/>
</pin_list>
<bind>
<StgValue><ssdm name="_ssdm_op_BitConcatenate.i24.i2.i22"/></StgValue>
</bind>
</comp>

<comp id="132" class="1001" name="const_132">
<pin_list>
<pin id="133" dir="1" index="0" bw="1" slack="0"/>
</pin_list>
<bind>
<StgValue><ssdm name="_ssdm_op_PartSelect.i12.i24.i32.i32"/></StgValue>
</bind>
</comp>

<comp id="134" class="1001" name="const_134">
<pin_list>
<pin id="135" dir="1" index="0" bw="1" slack="0"/>
</pin_list>
<bind>
<StgValue><ssdm name=""/></StgValue>
</bind>
</comp>

<comp id="136" class="1001" name="const_136">
<pin_list>
<pin id="137" dir="1" index="0" bw="1" slack="0"/>
</pin_list>
<bind>
<StgValue><ssdm name=""/></StgValue>
</bind>
</comp>

<comp id="138" class="1001" name="const_138">
<pin_list>
<pin id="139" dir="1" index="0" bw="1" slack="0"/>
</pin_list>
<bind>
<StgValue><ssdm name=""/></StgValue>
</bind>
</comp>

<comp id="140" class="1001" name="const_140">
<pin_list>
<pin id="141" dir="1" index="0" bw="1" slack="0"/>
</pin_list>
<bind>
<StgValue><ssdm name="_ssdm_op_BitConcatenate.i18.i8.i10"/></StgValue>
</bind>
</comp>

<comp id="142" class="1001" name="const_142">
<pin_list>
<pin id="143" dir="1" index="0" bw="1" slack="0"/>
</pin_list>
<bind>
<StgValue><ssdm name=""/></StgValue>
</bind>
</comp>

<comp id="144" class="1001" name="const_144">
<pin_list>
<pin id="145" dir="1" index="0" bw="1" slack="0"/>
</pin_list>
<bind>
<StgValue><ssdm name="_ssdm_op_PartSelect.i8.i24.i32.i32"/></StgValue>
</bind>
</comp>

<comp id="146" class="1001" name="const_146">
<pin_list>
<pin id="147" dir="1" index="0" bw="1" slack="0"/>
</pin_list>
<bind>
<StgValue><ssdm name=""/></StgValue>
</bind>
</comp>

<comp id="148" class="1001" name="const_148">
<pin_list>
<pin id="149" dir="1" index="0" bw="1" slack="0"/>
</pin_list>
<bind>
<StgValue><ssdm name="_ssdm_op_BitSelect.i1.i24.i32"/></StgValue>
</bind>
</comp>

<comp id="150" class="1001" name="const_150">
<pin_list>
<pin id="151" dir="1" index="0" bw="1" slack="0"/>
</pin_list>
<bind>
<StgValue><ssdm name=""/></StgValue>
</bind>
</comp>

<comp id="152" class="1001" name="const_152">
<pin_list>
<pin id="153" dir="1" index="0" bw="1" slack="0"/>
</pin_list>
<bind>
<StgValue><ssdm name="_ssdm_op_Write.ap_fifo.volatile.i8P0A"/></StgValue>
</bind>
</comp>

<comp id="154" class="1001" name="const_154">
<pin_list>
<pin id="155" dir="1" index="0" bw="1" slack="0"/>
</pin_list>
<bind>
<StgValue><ssdm name=""/></StgValue>
</bind>
</comp>

<comp id="156" class="1004" name="line_buffer_V_0_0_alloca_fu_156">
<pin_list>
<pin id="157" dir="0" index="0" bw="1" slack="0"/>
<pin id="158" dir="1" index="1" bw="8" slack="2147483647"/>
</pin_list>
<bind>
<opcode="alloca(26) " fcode="alloca"/>
<opset="line_buffer_V_0_0/1 "/>
</bind>
</comp>

<comp id="160" class="1004" name="line_buffer_V_1_0_alloca_fu_160">
<pin_list>
<pin id="161" dir="0" index="0" bw="1" slack="0"/>
<pin id="162" dir="1" index="1" bw="8" slack="2147483647"/>
</pin_list>
<bind>
<opcode="alloca(26) " fcode="alloca"/>
<opset="line_buffer_V_1_0/1 "/>
</bind>
</comp>

<comp id="164" class="1004" name="line_buffer_V_2_0_alloca_fu_164">
<pin_list>
<pin id="165" dir="0" index="0" bw="1" slack="0"/>
<pin id="166" dir="1" index="1" bw="8" slack="2147483647"/>
</pin_list>
<bind>
<opcode="alloca(26) " fcode="alloca"/>
<opset="line_buffer_V_2_0/1 "/>
</bind>
</comp>

<comp id="168" class="1004" name="read_pixel_fu_168">
<pin_list>
<pin id="169" dir="0" index="0" bw="1" slack="0"/>
<pin id="170" dir="1" index="1" bw="8" slack="6"/>
</pin_list>
<bind>
<opcode="alloca(26) " fcode="alloca"/>
<opset="read_pixel/4 "/>
</bind>
</comp>

<comp id="172" class="1004" name="nextYScale_V_fu_172">
<pin_list>
<pin id="173" dir="0" index="0" bw="1" slack="0"/>
<pin id="174" dir="1" index="1" bw="17" slack="0"/>
</pin_list>
<bind>
<opcode="alloca(26) " fcode="alloca"/>
<opset="nextYScale_V/4 "/>
</bind>
</comp>

<comp id="176" class="1004" name="indexy_V_fu_176">
<pin_list>
<pin id="177" dir="0" index="0" bw="1" slack="0"/>
<pin id="178" dir="1" index="1" bw="17" slack="0"/>
</pin_list>
<bind>
<opcode="alloca(26) " fcode="alloca"/>
<opset="indexy_V/4 "/>
</bind>
</comp>

<comp id="180" class="1004" name="p_read_1_read_fu_180">
<pin_list>
<pin id="181" dir="0" index="0" bw="11" slack="0"/>
<pin id="182" dir="0" index="1" bw="11" slack="0"/>
<pin id="183" dir="1" index="2" bw="11" slack="2"/>
</pin_list>
<bind>
<opcode="read(1150) " fcode="read"/>
<opset="p_read_1/1 "/>
</bind>
</comp>

<comp id="186" class="1004" name="p_read_2_read_fu_186">
<pin_list>
<pin id="187" dir="0" index="0" bw="11" slack="0"/>
<pin id="188" dir="0" index="1" bw="11" slack="0"/>
<pin id="189" dir="1" index="2" bw="11" slack="0"/>
</pin_list>
<bind>
<opcode="read(1150) " fcode="read"/>
<opset="p_read_2/1 "/>
</bind>
</comp>

<comp id="192" class="1004" name="p_read_3_read_fu_192">
<pin_list>
<pin id="193" dir="0" index="0" bw="11" slack="0"/>
<pin id="194" dir="0" index="1" bw="11" slack="0"/>
<pin id="195" dir="1" index="2" bw="11" slack="0"/>
</pin_list>
<bind>
<opcode="read(1150) " fcode="read"/>
<opset="p_read_3/1 "/>
</bind>
</comp>

<comp id="198" class="1004" name="p_read_4_read_fu_198">
<pin_list>
<pin id="199" dir="0" index="0" bw="11" slack="0"/>
<pin id="200" dir="0" index="1" bw="11" slack="0"/>
<pin id="201" dir="1" index="2" bw="11" slack="0"/>
</pin_list>
<bind>
<opcode="read(1150) " fcode="read"/>
<opset="p_read_4/1 "/>
</bind>
</comp>

<comp id="204" class="1004" name="grp_read_fu_204">
<pin_list>
<pin id="205" dir="0" index="0" bw="8" slack="0"/>
<pin id="206" dir="0" index="1" bw="8" slack="0"/>
<pin id="207" dir="1" index="2" bw="8" slack="0"/>
</pin_list>
<bind>
<opcode="read(1150) " fcode="read"/>
<opset="tmp_V_5/3 read_pixel_1/10 "/>
</bind>
</comp>

<comp id="210" class="1004" name="write_ln174_write_fu_210">
<pin_list>
<pin id="211" dir="0" index="0" bw="0" slack="0"/>
<pin id="212" dir="0" index="1" bw="8" slack="0"/>
<pin id="213" dir="0" index="2" bw="8" slack="0"/>
<pin id="214" dir="1" index="3" bw="0" slack="2147483647"/>
</pin_list>
<bind>
<opcode="write(1151) " fcode="write"/>
<opset="write_ln174/17 "/>
</bind>
</comp>

<comp id="217" class="1004" name="line_buffer_V_0_0_addr_gep_fu_217">
<pin_list>
<pin id="218" dir="0" index="0" bw="8" slack="2147483647"/>
<pin id="219" dir="0" index="1" bw="1" slack="0"/>
<pin id="220" dir="0" index="2" bw="11" slack="0"/>
<pin id="221" dir="1" index="3" bw="11" slack="0"/>
</pin_list>
<bind>
<opcode="getelementptr(29) " fcode="getelementptr"/>
<opset="line_buffer_V_0_0_addr/3 "/>
</bind>
</comp>

<comp id="223" class="1004" name="line_buffer_V_1_0_addr_gep_fu_223">
<pin_list>
<pin id="224" dir="0" index="0" bw="8" slack="2147483647"/>
<pin id="225" dir="0" index="1" bw="1" slack="0"/>
<pin id="226" dir="0" index="2" bw="11" slack="0"/>
<pin id="227" dir="1" index="3" bw="11" slack="0"/>
</pin_list>
<bind>
<opcode="getelementptr(29) " fcode="getelementptr"/>
<opset="line_buffer_V_1_0_addr/3 "/>
</bind>
</comp>

<comp id="229" class="1004" name="grp_access_fu_229">
<pin_list>
<pin id="230" dir="0" index="0" bw="11" slack="0"/>
<pin id="231" dir="0" index="1" bw="8" slack="0"/>
<pin id="232" dir="0" index="2" bw="0" slack="0"/>
<pin id="297" dir="0" index="4" bw="11" slack="2147483647"/>
<pin id="298" dir="0" index="5" bw="8" slack="2147483647"/>
<pin id="299" dir="0" index="6" bw="0" slack="2147483647"/>
<pin id="233" dir="1" index="3" bw="8" slack="1"/>
<pin id="300" dir="1" index="7" bw="8" slack="0"/>
</pin_list>
<bind>
<opcode="load(27) store(28) " fcode="load"/>
<opset="store_ln344/3 store_ln461/11 P0Buf_V_0_1/11 P0Buf_V_1_1/11 P1Buf_V_0/11 P1Buf_V_1/11 "/>
</bind>
</comp>

<comp id="236" class="1004" name="grp_access_fu_236">
<pin_list>
<pin id="237" dir="0" index="0" bw="11" slack="0"/>
<pin id="238" dir="0" index="1" bw="8" slack="0"/>
<pin id="239" dir="0" index="2" bw="0" slack="0"/>
<pin id="249" dir="0" index="4" bw="11" slack="2147483647"/>
<pin id="250" dir="0" index="5" bw="8" slack="2147483647"/>
<pin id="251" dir="0" index="6" bw="0" slack="2147483647"/>
<pin id="240" dir="1" index="3" bw="8" slack="1"/>
<pin id="252" dir="1" index="7" bw="8" slack="0"/>
</pin_list>
<bind>
<opcode="load(27) store(28) " fcode="store"/>
<opset="store_ln344/3 P0Buf_V_0_2/11 P0Buf_V_1_2/11 P1Buf_V_0_1/11 P1Buf_V_1_1/11 store_ln482/11 "/>
</bind>
</comp>

<comp id="243" class="1004" name="line_buffer_V_1_0_addr_3_gep_fu_243">
<pin_list>
<pin id="244" dir="0" index="0" bw="8" slack="2147483647"/>
<pin id="245" dir="0" index="1" bw="1" slack="0"/>
<pin id="246" dir="0" index="2" bw="17" slack="0"/>
<pin id="247" dir="1" index="3" bw="11" slack="0"/>
</pin_list>
<bind>
<opcode="getelementptr(29) " fcode="getelementptr"/>
<opset="line_buffer_V_1_0_addr_3/11 "/>
</bind>
</comp>

<comp id="254" class="1004" name="line_buffer_V_1_0_addr_4_gep_fu_254">
<pin_list>
<pin id="255" dir="0" index="0" bw="8" slack="2147483647"/>
<pin id="256" dir="0" index="1" bw="1" slack="0"/>
<pin id="257" dir="0" index="2" bw="11" slack="0"/>
<pin id="258" dir="1" index="3" bw="11" slack="0"/>
</pin_list>
<bind>
<opcode="getelementptr(29) " fcode="getelementptr"/>
<opset="line_buffer_V_1_0_addr_4/11 "/>
</bind>
</comp>

<comp id="261" class="1004" name="line_buffer_V_2_0_addr_2_gep_fu_261">
<pin_list>
<pin id="262" dir="0" index="0" bw="8" slack="2147483647"/>
<pin id="263" dir="0" index="1" bw="1" slack="0"/>
<pin id="264" dir="0" index="2" bw="17" slack="0"/>
<pin id="265" dir="1" index="3" bw="11" slack="0"/>
</pin_list>
<bind>
<opcode="getelementptr(29) " fcode="getelementptr"/>
<opset="line_buffer_V_2_0_addr_2/11 "/>
</bind>
</comp>

<comp id="267" class="1004" name="grp_access_fu_267">
<pin_list>
<pin id="268" dir="0" index="0" bw="11" slack="0"/>
<pin id="269" dir="0" index="1" bw="8" slack="0"/>
<pin id="270" dir="0" index="2" bw="0" slack="0"/>
<pin id="272" dir="0" index="4" bw="11" slack="2147483647"/>
<pin id="273" dir="0" index="5" bw="8" slack="2147483647"/>
<pin id="274" dir="0" index="6" bw="0" slack="2147483647"/>
<pin id="271" dir="1" index="3" bw="8" slack="1"/>
<pin id="275" dir="1" index="7" bw="8" slack="0"/>
</pin_list>
<bind>
<opcode="load(27) store(28) " fcode="load"/>
<opset="P1Buf_V_0_2/11 P1Buf_V_1_2/11 store_ln440/11 P0Buf_V_0/11 P0Buf_V_1/11 "/>
</bind>
</comp>

<comp id="277" class="1004" name="line_buffer_V_2_0_addr_3_gep_fu_277">
<pin_list>
<pin id="278" dir="0" index="0" bw="8" slack="2147483647"/>
<pin id="279" dir="0" index="1" bw="1" slack="0"/>
<pin id="280" dir="0" index="2" bw="11" slack="0"/>
<pin id="281" dir="1" index="3" bw="11" slack="0"/>
</pin_list>
<bind>
<opcode="getelementptr(29) " fcode="getelementptr"/>
<opset="line_buffer_V_2_0_addr_3/11 "/>
</bind>
</comp>

<comp id="284" class="1004" name="line_buffer_V_0_0_addr_5_gep_fu_284">
<pin_list>
<pin id="285" dir="0" index="0" bw="8" slack="2147483647"/>
<pin id="286" dir="0" index="1" bw="1" slack="0"/>
<pin id="287" dir="0" index="2" bw="11" slack="0"/>
<pin id="288" dir="1" index="3" bw="11" slack="0"/>
</pin_list>
<bind>
<opcode="getelementptr(29) " fcode="getelementptr"/>
<opset="line_buffer_V_0_0_addr_5/11 "/>
</bind>
</comp>

<comp id="291" class="1004" name="line_buffer_V_0_0_addr_3_gep_fu_291">
<pin_list>
<pin id="292" dir="0" index="0" bw="8" slack="2147483647"/>
<pin id="293" dir="0" index="1" bw="1" slack="0"/>
<pin id="294" dir="0" index="2" bw="17" slack="0"/>
<pin id="295" dir="1" index="3" bw="11" slack="0"/>
</pin_list>
<bind>
<opcode="getelementptr(29) " fcode="getelementptr"/>
<opset="line_buffer_V_0_0_addr_3/11 "/>
</bind>
</comp>

<comp id="302" class="1004" name="line_buffer_V_0_0_addr_4_gep_fu_302">
<pin_list>
<pin id="303" dir="0" index="0" bw="8" slack="2147483647"/>
<pin id="304" dir="0" index="1" bw="1" slack="0"/>
<pin id="305" dir="0" index="2" bw="11" slack="0"/>
<pin id="306" dir="1" index="3" bw="11" slack="0"/>
</pin_list>
<bind>
<opcode="getelementptr(29) " fcode="getelementptr"/>
<opset="line_buffer_V_0_0_addr_4/11 "/>
</bind>
</comp>

<comp id="309" class="1004" name="line_buffer_V_1_0_addr_1_gep_fu_309">
<pin_list>
<pin id="310" dir="0" index="0" bw="8" slack="2147483647"/>
<pin id="311" dir="0" index="1" bw="1" slack="0"/>
<pin id="312" dir="0" index="2" bw="17" slack="0"/>
<pin id="313" dir="1" index="3" bw="11" slack="0"/>
</pin_list>
<bind>
<opcode="getelementptr(29) " fcode="getelementptr"/>
<opset="line_buffer_V_1_0_addr_1/11 "/>
</bind>
</comp>

<comp id="316" class="1004" name="line_buffer_V_1_0_addr_2_gep_fu_316">
<pin_list>
<pin id="317" dir="0" index="0" bw="8" slack="2147483647"/>
<pin id="318" dir="0" index="1" bw="1" slack="0"/>
<pin id="319" dir="0" index="2" bw="11" slack="0"/>
<pin id="320" dir="1" index="3" bw="11" slack="0"/>
</pin_list>
<bind>
<opcode="getelementptr(29) " fcode="getelementptr"/>
<opset="line_buffer_V_1_0_addr_2/11 "/>
</bind>
</comp>

<comp id="323" class="1004" name="line_buffer_V_2_0_addr_4_gep_fu_323">
<pin_list>
<pin id="324" dir="0" index="0" bw="8" slack="2147483647"/>
<pin id="325" dir="0" index="1" bw="1" slack="0"/>
<pin id="326" dir="0" index="2" bw="11" slack="0"/>
<pin id="327" dir="1" index="3" bw="11" slack="0"/>
</pin_list>
<bind>
<opcode="getelementptr(29) " fcode="getelementptr"/>
<opset="line_buffer_V_2_0_addr_4/11 "/>
</bind>
</comp>

<comp id="330" class="1004" name="line_buffer_V_2_0_addr_gep_fu_330">
<pin_list>
<pin id="331" dir="0" index="0" bw="8" slack="2147483647"/>
<pin id="332" dir="0" index="1" bw="1" slack="0"/>
<pin id="333" dir="0" index="2" bw="17" slack="0"/>
<pin id="334" dir="1" index="3" bw="11" slack="0"/>
</pin_list>
<bind>
<opcode="getelementptr(29) " fcode="getelementptr"/>
<opset="line_buffer_V_2_0_addr/11 "/>
</bind>
</comp>

<comp id="337" class="1004" name="line_buffer_V_2_0_addr_1_gep_fu_337">
<pin_list>
<pin id="338" dir="0" index="0" bw="8" slack="2147483647"/>
<pin id="339" dir="0" index="1" bw="1" slack="0"/>
<pin id="340" dir="0" index="2" bw="11" slack="0"/>
<pin id="341" dir="1" index="3" bw="11" slack="0"/>
</pin_list>
<bind>
<opcode="getelementptr(29) " fcode="getelementptr"/>
<opset="line_buffer_V_2_0_addr_1/11 "/>
</bind>
</comp>

<comp id="344" class="1004" name="line_buffer_V_0_0_addr_1_gep_fu_344">
<pin_list>
<pin id="345" dir="0" index="0" bw="8" slack="2147483647"/>
<pin id="346" dir="0" index="1" bw="1" slack="0"/>
<pin id="347" dir="0" index="2" bw="17" slack="0"/>
<pin id="348" dir="1" index="3" bw="11" slack="0"/>
</pin_list>
<bind>
<opcode="getelementptr(29) " fcode="getelementptr"/>
<opset="line_buffer_V_0_0_addr_1/11 "/>
</bind>
</comp>

<comp id="351" class="1004" name="line_buffer_V_0_0_addr_2_gep_fu_351">
<pin_list>
<pin id="352" dir="0" index="0" bw="8" slack="2147483647"/>
<pin id="353" dir="0" index="1" bw="1" slack="0"/>
<pin id="354" dir="0" index="2" bw="11" slack="0"/>
<pin id="355" dir="1" index="3" bw="11" slack="0"/>
</pin_list>
<bind>
<opcode="getelementptr(29) " fcode="getelementptr"/>
<opset="line_buffer_V_0_0_addr_2/11 "/>
</bind>
</comp>

<comp id="358" class="1004" name="line_buffer_V_1_0_addr_5_gep_fu_358">
<pin_list>
<pin id="359" dir="0" index="0" bw="8" slack="2147483647"/>
<pin id="360" dir="0" index="1" bw="1" slack="0"/>
<pin id="361" dir="0" index="2" bw="11" slack="0"/>
<pin id="362" dir="1" index="3" bw="11" slack="0"/>
</pin_list>
<bind>
<opcode="getelementptr(29) " fcode="getelementptr"/>
<opset="line_buffer_V_1_0_addr_5/11 "/>
</bind>
</comp>

<comp id="365" class="1005" name="indvar_flatten_reg_365">
<pin_list>
<pin id="366" dir="0" index="0" bw="12" slack="1"/>
<pin id="367" dir="1" index="1" bw="12" slack="1"/>
</pin_list>
<bind>
<opset="indvar_flatten (phireg) "/>
</bind>
</comp>

<comp id="369" class="1004" name="indvar_flatten_phi_fu_369">
<pin_list>
<pin id="370" dir="0" index="0" bw="1" slack="1"/>
<pin id="371" dir="0" index="1" bw="0" slack="2147483647"/>
<pin id="372" dir="0" index="2" bw="12" slack="0"/>
<pin id="373" dir="0" index="3" bw="0" slack="2147483647"/>
<pin id="374" dir="1" index="4" bw="12" slack="0"/>
</pin_list>
<bind>
<opcode="phi(47) " fcode="phi"/>
<opset="indvar_flatten/2 "/>
</bind>
</comp>

<comp id="376" class="1005" name="i_reg_376">
<pin_list>
<pin id="377" dir="0" index="0" bw="2" slack="1"/>
<pin id="378" dir="1" index="1" bw="2" slack="1"/>
</pin_list>
<bind>
<opset="i (phireg) "/>
</bind>
</comp>

<comp id="380" class="1004" name="i_phi_fu_380">
<pin_list>
<pin id="381" dir="0" index="0" bw="1" slack="1"/>
<pin id="382" dir="0" index="1" bw="0" slack="2147483647"/>
<pin id="383" dir="0" index="2" bw="2" slack="0"/>
<pin id="384" dir="0" index="3" bw="0" slack="2147483647"/>
<pin id="385" dir="1" index="4" bw="2" slack="0"/>
</pin_list>
<bind>
<opcode="phi(47) " fcode="phi"/>
<opset="i/2 "/>
</bind>
</comp>

<comp id="387" class="1005" name="j_reg_387">
<pin_list>
<pin id="388" dir="0" index="0" bw="11" slack="1"/>
<pin id="389" dir="1" index="1" bw="11" slack="1"/>
</pin_list>
<bind>
<opset="j (phireg) "/>
</bind>
</comp>

<comp id="391" class="1004" name="j_phi_fu_391">
<pin_list>
<pin id="392" dir="0" index="0" bw="1" slack="1"/>
<pin id="393" dir="0" index="1" bw="0" slack="2147483647"/>
<pin id="394" dir="0" index="2" bw="11" slack="0"/>
<pin id="395" dir="0" index="3" bw="0" slack="2147483647"/>
<pin id="396" dir="1" index="4" bw="11" slack="0"/>
</pin_list>
<bind>
<opcode="phi(47) " fcode="phi"/>
<opset="j/2 "/>
</bind>
</comp>

<comp id="398" class="1005" name="i_1_reg_398">
<pin_list>
<pin id="399" dir="0" index="0" bw="11" slack="1"/>
<pin id="400" dir="1" index="1" bw="11" slack="1"/>
</pin_list>
<bind>
<opset="i_1 (phireg) "/>
</bind>
</comp>

<comp id="402" class="1004" name="i_1_phi_fu_402">
<pin_list>
<pin id="403" dir="0" index="0" bw="1" slack="1"/>
<pin id="404" dir="0" index="1" bw="0" slack="2147483647"/>
<pin id="405" dir="0" index="2" bw="11" slack="0"/>
<pin id="406" dir="0" index="3" bw="0" slack="2147483647"/>
<pin id="407" dir="1" index="4" bw="11" slack="0"/>
</pin_list>
<bind>
<opcode="phi(47) " fcode="phi"/>
<opset="i_1/7 "/>
</bind>
</comp>

<comp id="409" class="1005" name="first_row_index_5_reg_409">
<pin_list>
<pin id="410" dir="0" index="0" bw="32" slack="1"/>
<pin id="411" dir="1" index="1" bw="32" slack="1"/>
</pin_list>
<bind>
<opset="first_row_index_5 (phireg) "/>
</bind>
</comp>

<comp id="413" class="1004" name="first_row_index_5_phi_fu_413">
<pin_list>
<pin id="414" dir="0" index="0" bw="1" slack="1"/>
<pin id="415" dir="0" index="1" bw="0" slack="2147483647"/>
<pin id="416" dir="0" index="2" bw="32" slack="1"/>
<pin id="417" dir="0" index="3" bw="0" slack="2147483647"/>
<pin id="418" dir="1" index="4" bw="32" slack="3"/>
</pin_list>
<bind>
<opcode="phi(47) " fcode="phi"/>
<opset="first_row_index_5/7 "/>
</bind>
</comp>

<comp id="421" class="1005" name="output_rows_count_reg_421">
<pin_list>
<pin id="422" dir="0" index="0" bw="32" slack="1"/>
<pin id="423" dir="1" index="1" bw="32" slack="1"/>
</pin_list>
<bind>
<opset="output_rows_count (phireg) "/>
</bind>
</comp>

<comp id="425" class="1004" name="output_rows_count_phi_fu_425">
<pin_list>
<pin id="426" dir="0" index="0" bw="1" slack="1"/>
<pin id="427" dir="0" index="1" bw="0" slack="2147483647"/>
<pin id="428" dir="0" index="2" bw="32" slack="1"/>
<pin id="429" dir="0" index="3" bw="0" slack="2147483647"/>
<pin id="430" dir="1" index="4" bw="32" slack="0"/>
</pin_list>
<bind>
<opcode="phi(47) " fcode="phi"/>
<opset="output_rows_count/7 "/>
</bind>
</comp>

<comp id="433" class="1005" name="read_rows_count_reg_433">
<pin_list>
<pin id="434" dir="0" index="0" bw="32" slack="1"/>
<pin id="435" dir="1" index="1" bw="32" slack="1"/>
</pin_list>
<bind>
<opset="read_rows_count (phireg) "/>
</bind>
</comp>

<comp id="437" class="1004" name="read_rows_count_phi_fu_437">
<pin_list>
<pin id="438" dir="0" index="0" bw="3" slack="1"/>
<pin id="439" dir="0" index="1" bw="0" slack="2147483647"/>
<pin id="440" dir="0" index="2" bw="32" slack="1"/>
<pin id="441" dir="0" index="3" bw="0" slack="2147483647"/>
<pin id="442" dir="1" index="4" bw="32" slack="1"/>
</pin_list>
<bind>
<opcode="phi(47) " fcode="phi"/>
<opset="read_rows_count/7 "/>
</bind>
</comp>

<comp id="445" class="1005" name="j_1_reg_445">
<pin_list>
<pin id="446" dir="0" index="0" bw="11" slack="1"/>
<pin id="447" dir="1" index="1" bw="11" slack="1"/>
</pin_list>
<bind>
<opset="j_1 (phireg) "/>
</bind>
</comp>

<comp id="449" class="1004" name="j_1_phi_fu_449">
<pin_list>
<pin id="450" dir="0" index="0" bw="1" slack="1"/>
<pin id="451" dir="0" index="1" bw="0" slack="2147483647"/>
<pin id="452" dir="0" index="2" bw="11" slack="0"/>
<pin id="453" dir="0" index="3" bw="0" slack="2147483647"/>
<pin id="454" dir="1" index="4" bw="11" slack="0"/>
</pin_list>
<bind>
<opcode="phi(47) " fcode="phi"/>
<opset="j_1/9 "/>
</bind>
</comp>

<comp id="457" class="1005" name="conv_i_i202_i_phi_reg_457">
<pin_list>
<pin id="458" dir="0" index="0" bw="17" slack="1"/>
<pin id="459" dir="1" index="1" bw="17" slack="1"/>
</pin_list>
<bind>
<opset="conv_i_i202_i_phi (phireg) "/>
</bind>
</comp>

<comp id="461" class="1004" name="conv_i_i202_i_phi_phi_fu_461">
<pin_list>
<pin id="462" dir="0" index="0" bw="1" slack="1"/>
<pin id="463" dir="0" index="1" bw="0" slack="2147483647"/>
<pin id="464" dir="0" index="2" bw="17" slack="0"/>
<pin id="465" dir="0" index="3" bw="0" slack="2147483647"/>
<pin id="466" dir="1" index="4" bw="17" slack="1"/>
</pin_list>
<bind>
<opcode="phi(47) " fcode="phi"/>
<opset="conv_i_i202_i_phi/9 "/>
</bind>
</comp>

<comp id="469" class="1005" name="flag_write_reg_469">
<pin_list>
<pin id="470" dir="0" index="0" bw="1" slack="1"/>
<pin id="471" dir="1" index="1" bw="1" slack="1"/>
</pin_list>
<bind>
<opset="flag_write (phireg) "/>
</bind>
</comp>

<comp id="474" class="1004" name="flag_write_phi_fu_474">
<pin_list>
<pin id="475" dir="0" index="0" bw="1" slack="1"/>
<pin id="476" dir="0" index="1" bw="0" slack="2147483647"/>
<pin id="477" dir="0" index="2" bw="1" slack="2"/>
<pin id="478" dir="0" index="3" bw="0" slack="2147483647"/>
<pin id="479" dir="0" index="4" bw="1" slack="2"/>
<pin id="480" dir="0" index="5" bw="0" slack="2147483647"/>
<pin id="481" dir="1" index="6" bw="1" slack="1"/>
</pin_list>
<bind>
<opcode="phi(47) " fcode="phi"/>
<opset="flag_write/11 "/>
</bind>
</comp>

<comp id="486" class="1005" name="P0Buf_V_0_4_reg_486">
<pin_list>
<pin id="487" dir="0" index="0" bw="8" slack="2147483647"/>
<pin id="488" dir="1" index="1" bw="8" slack="2147483647"/>
</pin_list>
<bind>
<opset="P0Buf_V_0_4 (phireg) "/>
</bind>
</comp>

<comp id="489" class="1004" name="P0Buf_V_0_4_phi_fu_489">
<pin_list>
<pin id="490" dir="0" index="0" bw="8" slack="0"/>
<pin id="491" dir="0" index="1" bw="0" slack="2147483647"/>
<pin id="492" dir="0" index="2" bw="8" slack="0"/>
<pin id="493" dir="0" index="3" bw="0" slack="2147483647"/>
<pin id="494" dir="0" index="4" bw="8" slack="0"/>
<pin id="495" dir="0" index="5" bw="0" slack="2147483647"/>
<pin id="496" dir="0" index="6" bw="8" slack="0"/>
<pin id="497" dir="0" index="7" bw="0" slack="2147483647"/>
<pin id="498" dir="0" index="8" bw="8" slack="0"/>
<pin id="499" dir="0" index="9" bw="0" slack="2147483647"/>
<pin id="500" dir="0" index="10" bw="8" slack="0"/>
<pin id="501" dir="0" index="11" bw="0" slack="2147483647"/>
<pin id="502" dir="1" index="12" bw="8" slack="0"/>
</pin_list>
<bind>
<opcode="phi(47) " fcode="phi"/>
<opset="P0Buf_V_0_4/12 "/>
</bind>
</comp>

<comp id="509" class="1005" name="P0Buf_V_0_0_reg_509">
<pin_list>
<pin id="510" dir="0" index="0" bw="8" slack="2147483647"/>
<pin id="511" dir="1" index="1" bw="8" slack="2147483647"/>
</pin_list>
<bind>
<opset="P0Buf_V_0_0 (phireg) "/>
</bind>
</comp>

<comp id="512" class="1004" name="P0Buf_V_0_0_phi_fu_512">
<pin_list>
<pin id="513" dir="0" index="0" bw="8" slack="0"/>
<pin id="514" dir="0" index="1" bw="0" slack="2147483647"/>
<pin id="515" dir="0" index="2" bw="8" slack="0"/>
<pin id="516" dir="0" index="3" bw="0" slack="2147483647"/>
<pin id="517" dir="0" index="4" bw="8" slack="0"/>
<pin id="518" dir="0" index="5" bw="0" slack="2147483647"/>
<pin id="519" dir="0" index="6" bw="8" slack="0"/>
<pin id="520" dir="0" index="7" bw="0" slack="2147483647"/>
<pin id="521" dir="0" index="8" bw="8" slack="0"/>
<pin id="522" dir="0" index="9" bw="0" slack="2147483647"/>
<pin id="523" dir="0" index="10" bw="8" slack="0"/>
<pin id="524" dir="0" index="11" bw="0" slack="2147483647"/>
<pin id="525" dir="1" index="12" bw="8" slack="0"/>
</pin_list>
<bind>
<opcode="phi(47) " fcode="phi"/>
<opset="P0Buf_V_0_0/12 "/>
</bind>
</comp>

<comp id="532" class="1005" name="P0Buf_V_1_0_reg_532">
<pin_list>
<pin id="533" dir="0" index="0" bw="8" slack="2147483647"/>
<pin id="534" dir="1" index="1" bw="8" slack="2147483647"/>
</pin_list>
<bind>
<opset="P0Buf_V_1_0 (phireg) "/>
</bind>
</comp>

<comp id="535" class="1004" name="P0Buf_V_1_0_phi_fu_535">
<pin_list>
<pin id="536" dir="0" index="0" bw="8" slack="1"/>
<pin id="537" dir="0" index="1" bw="0" slack="2147483647"/>
<pin id="538" dir="0" index="2" bw="8" slack="1"/>
<pin id="539" dir="0" index="3" bw="0" slack="2147483647"/>
<pin id="540" dir="0" index="4" bw="8" slack="1"/>
<pin id="541" dir="0" index="5" bw="0" slack="2147483647"/>
<pin id="542" dir="0" index="6" bw="8" slack="1"/>
<pin id="543" dir="0" index="7" bw="0" slack="2147483647"/>
<pin id="544" dir="0" index="8" bw="8" slack="1"/>
<pin id="545" dir="0" index="9" bw="0" slack="2147483647"/>
<pin id="546" dir="0" index="10" bw="8" slack="1"/>
<pin id="547" dir="0" index="11" bw="0" slack="2147483647"/>
<pin id="548" dir="1" index="12" bw="8" slack="0"/>
</pin_list>
<bind>
<opcode="phi(47) " fcode="phi"/>
<opset="P0Buf_V_1_0/13 "/>
</bind>
</comp>

<comp id="549" class="1005" name="P0Buf_V_1_4_reg_549">
<pin_list>
<pin id="550" dir="0" index="0" bw="8" slack="2147483647"/>
<pin id="551" dir="1" index="1" bw="8" slack="2147483647"/>
</pin_list>
<bind>
<opset="P0Buf_V_1_4 (phireg) "/>
</bind>
</comp>

<comp id="552" class="1004" name="P0Buf_V_1_4_phi_fu_552">
<pin_list>
<pin id="553" dir="0" index="0" bw="8" slack="1"/>
<pin id="554" dir="0" index="1" bw="0" slack="2147483647"/>
<pin id="555" dir="0" index="2" bw="8" slack="1"/>
<pin id="556" dir="0" index="3" bw="0" slack="2147483647"/>
<pin id="557" dir="0" index="4" bw="8" slack="1"/>
<pin id="558" dir="0" index="5" bw="0" slack="2147483647"/>
<pin id="559" dir="0" index="6" bw="8" slack="1"/>
<pin id="560" dir="0" index="7" bw="0" slack="2147483647"/>
<pin id="561" dir="0" index="8" bw="8" slack="1"/>
<pin id="562" dir="0" index="9" bw="0" slack="2147483647"/>
<pin id="563" dir="0" index="10" bw="8" slack="1"/>
<pin id="564" dir="0" index="11" bw="0" slack="2147483647"/>
<pin id="565" dir="1" index="12" bw="8" slack="0"/>
</pin_list>
<bind>
<opcode="phi(47) " fcode="phi"/>
<opset="P0Buf_V_1_4/13 "/>
</bind>
</comp>

<comp id="566" class="1004" name="grp_xfUDivResize_fu_566">
<pin_list>
<pin id="572" dir="0" index="0" bw="64" slack="0"/>
<pin id="573" dir="0" index="1" bw="43" slack="0"/>
<pin id="574" dir="0" index="2" bw="11" slack="0"/>
<pin id="575" dir="1" index="3" bw="64" slack="0"/>
</pin_list>
<bind>
<opcode="call(48) " fcode="call"/>
<opset="Xscale64/4 Yscale64/5 "/>
</bind>
</comp>

<comp id="577" class="1005" name="indexy_pre_comp_V_reg_577">
<pin_list>
<pin id="578" dir="0" index="0" bw="42" slack="1"/>
<pin id="579" dir="1" index="1" bw="42" slack="1"/>
</pin_list>
<bind>
<opset="indexy_pre_comp_V "/>
</bind>
</comp>

<comp id="583" class="1004" name="grp_scaleCompute_17_42_20_48_16_1_s_fu_583">
<pin_list>
<pin id="590" dir="0" index="0" bw="42" slack="0"/>
<pin id="591" dir="0" index="1" bw="32" slack="0"/>
<pin id="592" dir="0" index="2" bw="48" slack="1"/>
<pin id="593" dir="1" index="3" bw="42" slack="0"/>
</pin_list>
<bind>
<opcode="call(48) " fcode="call"/>
<opset="indexy_pre_comp_V/7 indexx_pre_comp_V/10 "/>
</bind>
</comp>

<comp id="603" class="1004" name="grp_load_fu_603">
<pin_list>
<pin id="604" dir="0" index="0" bw="8" slack="7"/>
<pin id="605" dir="1" index="1" bw="8" slack="0"/>
</pin_list>
<bind>
<opcode="load(27) " fcode="load"/>
<opset="read_pixel_load_2/11 read_pixel_load_1/11 read_pixel_load/11 "/>
</bind>
</comp>

<comp id="609" class="1005" name="reg_609">
<pin_list>
<pin id="610" dir="0" index="0" bw="8" slack="1"/>
<pin id="611" dir="1" index="1" bw="8" slack="1"/>
</pin_list>
<bind>
<opset="P0Buf_V_1_2 P1Buf_V_1_1 "/>
</bind>
</comp>

<comp id="617" class="1005" name="reg_617">
<pin_list>
<pin id="618" dir="0" index="0" bw="8" slack="1"/>
<pin id="619" dir="1" index="1" bw="8" slack="1"/>
</pin_list>
<bind>
<opset="P1Buf_V_1_2 P0Buf_V_1 "/>
</bind>
</comp>

<comp id="625" class="1005" name="reg_625">
<pin_list>
<pin id="626" dir="0" index="0" bw="8" slack="1"/>
<pin id="627" dir="1" index="1" bw="8" slack="1"/>
</pin_list>
<bind>
<opset="P0Buf_V_1_1 P1Buf_V_1 "/>
</bind>
</comp>

<comp id="633" class="1004" name="p_read_cast9_fu_633">
<pin_list>
<pin id="634" dir="0" index="0" bw="11" slack="0"/>
<pin id="635" dir="1" index="1" bw="32" slack="6"/>
</pin_list>
<bind>
<opcode="zext(34) " fcode="zext"/>
<opset="p_read_cast9/1 "/>
</bind>
</comp>

<comp id="637" class="1004" name="p_read_cast27_fu_637">
<pin_list>
<pin id="638" dir="0" index="0" bw="11" slack="0"/>
<pin id="639" dir="1" index="1" bw="12" slack="4"/>
</pin_list>
<bind>
<opcode="zext(34) " fcode="zext"/>
<opset="p_read_cast27/1 "/>
</bind>
</comp>

<comp id="641" class="1004" name="p_read1_cast25_fu_641">
<pin_list>
<pin id="642" dir="0" index="0" bw="11" slack="0"/>
<pin id="643" dir="1" index="1" bw="12" slack="4"/>
</pin_list>
<bind>
<opcode="zext(34) " fcode="zext"/>
<opset="p_read1_cast25/1 "/>
</bind>
</comp>

<comp id="645" class="1004" name="p_read2_cast24_fu_645">
<pin_list>
<pin id="646" dir="0" index="0" bw="11" slack="0"/>
<pin id="647" dir="1" index="1" bw="12" slack="4"/>
</pin_list>
<bind>
<opcode="zext(34) " fcode="zext"/>
<opset="p_read2_cast24/1 "/>
</bind>
</comp>

<comp id="649" class="1004" name="tmp_fu_649">
<pin_list>
<pin id="650" dir="0" index="0" bw="12" slack="0"/>
<pin id="651" dir="0" index="1" bw="11" slack="0"/>
<pin id="652" dir="0" index="2" bw="1" slack="0"/>
<pin id="653" dir="1" index="3" bw="12" slack="1"/>
</pin_list>
<bind>
<opcode="bitconcatenate(1004) " fcode="bitconcatenate"/>
<opset="tmp/1 "/>
</bind>
</comp>

<comp id="657" class="1004" name="add_ln332_1_fu_657">
<pin_list>
<pin id="658" dir="0" index="0" bw="12" slack="0"/>
<pin id="659" dir="0" index="1" bw="1" slack="0"/>
<pin id="660" dir="1" index="2" bw="12" slack="0"/>
</pin_list>
<bind>
<opcode="add(8) " fcode="add"/>
<opset="add_ln332_1/2 "/>
</bind>
</comp>

<comp id="663" class="1004" name="icmp_ln332_fu_663">
<pin_list>
<pin id="664" dir="0" index="0" bw="12" slack="0"/>
<pin id="665" dir="0" index="1" bw="12" slack="1"/>
<pin id="666" dir="1" index="2" bw="1" slack="1"/>
</pin_list>
<bind>
<opcode="icmp(45) " fcode="icmp"/>
<opset="icmp_ln332/2 "/>
</bind>
</comp>

<comp id="668" class="1004" name="add_ln332_fu_668">
<pin_list>
<pin id="669" dir="0" index="0" bw="2" slack="0"/>
<pin id="670" dir="0" index="1" bw="1" slack="0"/>
<pin id="671" dir="1" index="2" bw="2" slack="0"/>
</pin_list>
<bind>
<opcode="add(8) " fcode="add"/>
<opset="add_ln332/2 "/>
</bind>
</comp>

<comp id="674" class="1004" name="icmp_ln337_fu_674">
<pin_list>
<pin id="675" dir="0" index="0" bw="11" slack="0"/>
<pin id="676" dir="0" index="1" bw="11" slack="1"/>
<pin id="677" dir="1" index="2" bw="1" slack="0"/>
</pin_list>
<bind>
<opcode="icmp(45) " fcode="icmp"/>
<opset="icmp_ln337/2 "/>
</bind>
</comp>

<comp id="679" class="1004" name="select_ln332_fu_679">
<pin_list>
<pin id="680" dir="0" index="0" bw="1" slack="0"/>
<pin id="681" dir="0" index="1" bw="1" slack="0"/>
<pin id="682" dir="0" index="2" bw="11" slack="0"/>
<pin id="683" dir="1" index="3" bw="11" slack="0"/>
</pin_list>
<bind>
<opcode="select(49) " fcode="select"/>
<opset="select_ln332/2 "/>
</bind>
</comp>

<comp id="687" class="1004" name="select_ln332_1_fu_687">
<pin_list>
<pin id="688" dir="0" index="0" bw="1" slack="0"/>
<pin id="689" dir="0" index="1" bw="2" slack="0"/>
<pin id="690" dir="0" index="2" bw="2" slack="0"/>
<pin id="691" dir="1" index="3" bw="2" slack="0"/>
</pin_list>
<bind>
<opcode="select(49) " fcode="select"/>
<opset="select_ln332_1/2 "/>
</bind>
</comp>

<comp id="695" class="1004" name="trunc_ln332_fu_695">
<pin_list>
<pin id="696" dir="0" index="0" bw="2" slack="0"/>
<pin id="697" dir="1" index="1" bw="1" slack="1"/>
</pin_list>
<bind>
<opcode="trunc(33) " fcode="trunc"/>
<opset="trunc_ln332/2 "/>
</bind>
</comp>

<comp id="699" class="1004" name="add_ln337_fu_699">
<pin_list>
<pin id="700" dir="0" index="0" bw="11" slack="0"/>
<pin id="701" dir="0" index="1" bw="1" slack="0"/>
<pin id="702" dir="1" index="2" bw="11" slack="0"/>
</pin_list>
<bind>
<opcode="add(8) " fcode="add"/>
<opset="add_ln337/2 "/>
</bind>
</comp>

<comp id="705" class="1004" name="zext_ln337_fu_705">
<pin_list>
<pin id="706" dir="0" index="0" bw="11" slack="1"/>
<pin id="707" dir="1" index="1" bw="64" slack="0"/>
</pin_list>
<bind>
<opcode="zext(34) " fcode="zext"/>
<opset="zext_ln337/3 "/>
</bind>
</comp>

<comp id="710" class="1004" name="zext_ln300_fu_710">
<pin_list>
<pin id="711" dir="0" index="0" bw="11" slack="2"/>
<pin id="712" dir="1" index="1" bw="16" slack="0"/>
</pin_list>
<bind>
<opcode="zext(34) " fcode="zext"/>
<opset="zext_ln300/4 "/>
</bind>
</comp>

<comp id="714" class="1004" name="xnew_fu_714">
<pin_list>
<pin id="715" dir="0" index="0" bw="43" slack="0"/>
<pin id="716" dir="0" index="1" bw="11" slack="2"/>
<pin id="717" dir="0" index="2" bw="1" slack="0"/>
<pin id="718" dir="1" index="3" bw="43" slack="0"/>
</pin_list>
<bind>
<opcode="bitconcatenate(1004) " fcode="bitconcatenate"/>
<opset="xnew/4 "/>
</bind>
</comp>

<comp id="721" class="1004" name="zext_ln300_1_fu_721">
<pin_list>
<pin id="722" dir="0" index="0" bw="43" slack="0"/>
<pin id="723" dir="1" index="1" bw="64" slack="0"/>
</pin_list>
<bind>
<opcode="zext(34) " fcode="zext"/>
<opset="zext_ln300_1/4 "/>
</bind>
</comp>

<comp id="726" class="1004" name="store_ln382_store_fu_726">
<pin_list>
<pin id="727" dir="0" index="0" bw="1" slack="0"/>
<pin id="728" dir="0" index="1" bw="17" slack="0"/>
<pin id="729" dir="1" index="2" bw="0" slack="2147483647"/>
</pin_list>
<bind>
<opcode="store(28) " fcode="store"/>
<opset="store_ln382/4 "/>
</bind>
</comp>

<comp id="731" class="1004" name="store_ln382_store_fu_731">
<pin_list>
<pin id="732" dir="0" index="0" bw="1" slack="0"/>
<pin id="733" dir="0" index="1" bw="17" slack="0"/>
<pin id="734" dir="1" index="2" bw="0" slack="2147483647"/>
</pin_list>
<bind>
<opcode="store(28) " fcode="store"/>
<opset="store_ln382/4 "/>
</bind>
</comp>

<comp id="736" class="1004" name="zext_ln301_fu_736">
<pin_list>
<pin id="737" dir="0" index="0" bw="11" slack="3"/>
<pin id="738" dir="1" index="1" bw="16" slack="0"/>
</pin_list>
<bind>
<opcode="zext(34) " fcode="zext"/>
<opset="zext_ln301/5 "/>
</bind>
</comp>

<comp id="740" class="1004" name="trunc_ln703_fu_740">
<pin_list>
<pin id="741" dir="0" index="0" bw="64" slack="0"/>
<pin id="742" dir="1" index="1" bw="48" slack="5"/>
</pin_list>
<bind>
<opcode="trunc(33) " fcode="trunc"/>
<opset="trunc_ln703/5 "/>
</bind>
</comp>

<comp id="744" class="1004" name="ynew_fu_744">
<pin_list>
<pin id="745" dir="0" index="0" bw="43" slack="0"/>
<pin id="746" dir="0" index="1" bw="11" slack="3"/>
<pin id="747" dir="0" index="2" bw="1" slack="0"/>
<pin id="748" dir="1" index="3" bw="43" slack="0"/>
</pin_list>
<bind>
<opcode="bitconcatenate(1004) " fcode="bitconcatenate"/>
<opset="ynew/5 "/>
</bind>
</comp>

<comp id="751" class="1004" name="zext_ln301_1_fu_751">
<pin_list>
<pin id="752" dir="0" index="0" bw="43" slack="0"/>
<pin id="753" dir="1" index="1" bw="64" slack="0"/>
</pin_list>
<bind>
<opcode="zext(34) " fcode="zext"/>
<opset="zext_ln301_1/5 "/>
</bind>
</comp>

<comp id="756" class="1004" name="icmp_ln354_fu_756">
<pin_list>
<pin id="757" dir="0" index="0" bw="11" slack="3"/>
<pin id="758" dir="0" index="1" bw="11" slack="3"/>
<pin id="759" dir="1" index="2" bw="1" slack="0"/>
</pin_list>
<bind>
<opcode="icmp(45) " fcode="icmp"/>
<opset="icmp_ln354/5 "/>
</bind>
</comp>

<comp id="760" class="1004" name="loop_row_count_fu_760">
<pin_list>
<pin id="761" dir="0" index="0" bw="1" slack="0"/>
<pin id="762" dir="0" index="1" bw="11" slack="3"/>
<pin id="763" dir="0" index="2" bw="11" slack="3"/>
<pin id="764" dir="1" index="3" bw="11" slack="2"/>
</pin_list>
<bind>
<opcode="select(49) " fcode="select"/>
<opset="loop_row_count/5 "/>
</bind>
</comp>

<comp id="766" class="1004" name="trunc_ln703_1_fu_766">
<pin_list>
<pin id="767" dir="0" index="0" bw="64" slack="0"/>
<pin id="768" dir="1" index="1" bw="43" slack="0"/>
</pin_list>
<bind>
<opcode="trunc(33) " fcode="trunc"/>
<opset="trunc_ln703_1/6 "/>
</bind>
</comp>

<comp id="770" class="1004" name="zext_ln703_fu_770">
<pin_list>
<pin id="771" dir="0" index="0" bw="43" slack="0"/>
<pin id="772" dir="1" index="1" bw="48" slack="1"/>
</pin_list>
<bind>
<opcode="zext(34) " fcode="zext"/>
<opset="zext_ln703/6 "/>
</bind>
</comp>

<comp id="774" class="1004" name="icmp_ln356_fu_774">
<pin_list>
<pin id="775" dir="0" index="0" bw="11" slack="4"/>
<pin id="776" dir="0" index="1" bw="11" slack="4"/>
<pin id="777" dir="1" index="2" bw="1" slack="0"/>
</pin_list>
<bind>
<opcode="icmp(45) " fcode="icmp"/>
<opset="icmp_ln356/6 "/>
</bind>
</comp>

<comp id="778" class="1004" name="loop_col_count_fu_778">
<pin_list>
<pin id="779" dir="0" index="0" bw="1" slack="0"/>
<pin id="780" dir="0" index="1" bw="11" slack="4"/>
<pin id="781" dir="0" index="2" bw="11" slack="4"/>
<pin id="782" dir="1" index="3" bw="11" slack="0"/>
</pin_list>
<bind>
<opcode="select(49) " fcode="select"/>
<opset="loop_col_count/6 "/>
</bind>
</comp>

<comp id="784" class="1004" name="sub272_fu_784">
<pin_list>
<pin id="785" dir="0" index="0" bw="11" slack="4"/>
<pin id="786" dir="0" index="1" bw="1" slack="0"/>
<pin id="787" dir="1" index="2" bw="12" slack="0"/>
</pin_list>
<bind>
<opcode="add(8) " fcode="add"/>
<opset="sub272/6 "/>
</bind>
</comp>

<comp id="789" class="1004" name="sub272_cast_fu_789">
<pin_list>
<pin id="790" dir="0" index="0" bw="12" slack="0"/>
<pin id="791" dir="1" index="1" bw="32" slack="1"/>
</pin_list>
<bind>
<opcode="sext(35) " fcode="sext"/>
<opset="sub272_cast/6 "/>
</bind>
</comp>

<comp id="793" class="1004" name="tmp_V_fu_793">
<pin_list>
<pin id="794" dir="0" index="0" bw="11" slack="4"/>
<pin id="795" dir="0" index="1" bw="1" slack="0"/>
<pin id="796" dir="1" index="2" bw="12" slack="0"/>
</pin_list>
<bind>
<opcode="add(8) " fcode="add"/>
<opset="tmp_V/6 "/>
</bind>
</comp>

<comp id="798" class="1004" name="i_op_assign_2_cast_fu_798">
<pin_list>
<pin id="799" dir="0" index="0" bw="12" slack="0"/>
<pin id="800" dir="1" index="1" bw="18" slack="5"/>
</pin_list>
<bind>
<opcode="sext(35) " fcode="sext"/>
<opset="i_op_assign_2_cast/6 "/>
</bind>
</comp>

<comp id="802" class="1004" name="cmp7515_fu_802">
<pin_list>
<pin id="803" dir="0" index="0" bw="11" slack="0"/>
<pin id="804" dir="0" index="1" bw="1" slack="0"/>
<pin id="805" dir="1" index="2" bw="1" slack="2"/>
</pin_list>
<bind>
<opcode="icmp(45) " fcode="icmp"/>
<opset="cmp7515/6 "/>
</bind>
</comp>

<comp id="808" class="1004" name="rhs_fu_808">
<pin_list>
<pin id="809" dir="0" index="0" bw="33" slack="0"/>
<pin id="810" dir="0" index="1" bw="64" slack="0"/>
<pin id="811" dir="0" index="2" bw="5" slack="0"/>
<pin id="812" dir="0" index="3" bw="7" slack="0"/>
<pin id="813" dir="1" index="4" bw="33" slack="0"/>
</pin_list>
<bind>
<opcode="partselect(1002) " fcode="partselect"/>
<opset="rhs/6 "/>
</bind>
</comp>

<comp id="818" class="1004" name="rhs_3_fu_818">
<pin_list>
<pin id="819" dir="0" index="0" bw="33" slack="0"/>
<pin id="820" dir="1" index="1" bw="43" slack="2"/>
</pin_list>
<bind>
<opcode="zext(34) " fcode="zext"/>
<opset="rhs_3/6 "/>
</bind>
</comp>

<comp id="822" class="1004" name="conv_i_i_i322_i_cast_fu_822">
<pin_list>
<pin id="823" dir="0" index="0" bw="22" slack="0"/>
<pin id="824" dir="0" index="1" bw="64" slack="0"/>
<pin id="825" dir="0" index="2" bw="5" slack="0"/>
<pin id="826" dir="0" index="3" bw="6" slack="0"/>
<pin id="827" dir="1" index="4" bw="22" slack="0"/>
</pin_list>
<bind>
<opcode="partselect(1002) " fcode="partselect"/>
<opset="conv_i_i_i322_i_cast/6 "/>
</bind>
</comp>

<comp id="832" class="1004" name="i_op_assign_fu_832">
<pin_list>
<pin id="833" dir="0" index="0" bw="11" slack="4"/>
<pin id="834" dir="0" index="1" bw="1" slack="0"/>
<pin id="835" dir="1" index="2" bw="12" slack="0"/>
</pin_list>
<bind>
<opcode="add(8) " fcode="add"/>
<opset="i_op_assign/6 "/>
</bind>
</comp>

<comp id="837" class="1004" name="tmp_1_fu_837">
<pin_list>
<pin id="838" dir="0" index="0" bw="34" slack="0"/>
<pin id="839" dir="0" index="1" bw="12" slack="0"/>
<pin id="840" dir="0" index="2" bw="1" slack="0"/>
<pin id="841" dir="1" index="3" bw="34" slack="0"/>
</pin_list>
<bind>
<opcode="bitconcatenate(1004) " fcode="bitconcatenate"/>
<opset="tmp_1/6 "/>
</bind>
</comp>

<comp id="845" class="1004" name="tmp_1_cast_fu_845">
<pin_list>
<pin id="846" dir="0" index="0" bw="34" slack="0"/>
<pin id="847" dir="1" index="1" bw="42" slack="2"/>
</pin_list>
<bind>
<opcode="sext(35) " fcode="sext"/>
<opset="tmp_1_cast/6 "/>
</bind>
</comp>

<comp id="849" class="1004" name="indexx_pre_V_2_fu_849">
<pin_list>
<pin id="850" dir="0" index="0" bw="34" slack="0"/>
<pin id="851" dir="0" index="1" bw="12" slack="0"/>
<pin id="852" dir="0" index="2" bw="1" slack="0"/>
<pin id="853" dir="1" index="3" bw="34" slack="0"/>
</pin_list>
<bind>
<opcode="bitconcatenate(1004) " fcode="bitconcatenate"/>
<opset="indexx_pre_V_2/6 "/>
</bind>
</comp>

<comp id="857" class="1004" name="tmp_2_cast_fu_857">
<pin_list>
<pin id="858" dir="0" index="0" bw="34" slack="0"/>
<pin id="859" dir="1" index="1" bw="42" slack="4"/>
</pin_list>
<bind>
<opcode="sext(35) " fcode="sext"/>
<opset="tmp_2_cast/6 "/>
</bind>
</comp>

<comp id="861" class="1004" name="empty_fu_861">
<pin_list>
<pin id="862" dir="0" index="0" bw="11" slack="4"/>
<pin id="863" dir="0" index="1" bw="11" slack="4"/>
<pin id="864" dir="1" index="2" bw="1" slack="0"/>
</pin_list>
<bind>
<opcode="icmp(45) " fcode="icmp"/>
<opset="empty/6 "/>
</bind>
</comp>

<comp id="865" class="1004" name="smax_fu_865">
<pin_list>
<pin id="866" dir="0" index="0" bw="1" slack="0"/>
<pin id="867" dir="0" index="1" bw="11" slack="4"/>
<pin id="868" dir="0" index="2" bw="11" slack="4"/>
<pin id="869" dir="1" index="3" bw="11" slack="3"/>
</pin_list>
<bind>
<opcode="select(49) " fcode="select"/>
<opset="smax/6 "/>
</bind>
</comp>

<comp id="871" class="1004" name="sub_ln851_fu_871">
<pin_list>
<pin id="872" dir="0" index="0" bw="1" slack="0"/>
<pin id="873" dir="0" index="1" bw="22" slack="0"/>
<pin id="874" dir="1" index="2" bw="22" slack="2"/>
</pin_list>
<bind>
<opcode="sub(10) " fcode="sub"/>
<opset="sub_ln851/6 "/>
</bind>
</comp>

<comp id="877" class="1004" name="i_2_fu_877">
<pin_list>
<pin id="878" dir="0" index="0" bw="11" slack="0"/>
<pin id="879" dir="0" index="1" bw="1" slack="0"/>
<pin id="880" dir="1" index="2" bw="11" slack="0"/>
</pin_list>
<bind>
<opcode="add(8) " fcode="add"/>
<opset="i_2/7 "/>
</bind>
</comp>

<comp id="883" class="1004" name="icmp_ln382_fu_883">
<pin_list>
<pin id="884" dir="0" index="0" bw="11" slack="0"/>
<pin id="885" dir="0" index="1" bw="11" slack="2"/>
<pin id="886" dir="1" index="2" bw="1" slack="2147483647"/>
</pin_list>
<bind>
<opcode="icmp(45) " fcode="icmp"/>
<opset="icmp_ln382/7 "/>
</bind>
</comp>

<comp id="888" class="1004" name="trunc_ln387_fu_888">
<pin_list>
<pin id="889" dir="0" index="0" bw="42" slack="0"/>
<pin id="890" dir="1" index="1" bw="22" slack="1"/>
</pin_list>
<bind>
<opcode="trunc(33) " fcode="trunc"/>
<opset="trunc_ln387/7 "/>
</bind>
</comp>

<comp id="892" class="1004" name="slt_fu_892">
<pin_list>
<pin id="893" dir="0" index="0" bw="12" slack="1"/>
<pin id="894" dir="0" index="1" bw="32" slack="0"/>
<pin id="895" dir="1" index="2" bw="1" slack="2"/>
</pin_list>
<bind>
<opcode="icmp(45) " fcode="icmp"/>
<opset="slt/7 "/>
</bind>
</comp>

<comp id="897" class="1004" name="cmp89_fu_897">
<pin_list>
<pin id="898" dir="0" index="0" bw="32" slack="1"/>
<pin id="899" dir="0" index="1" bw="11" slack="6"/>
<pin id="900" dir="1" index="2" bw="1" slack="1"/>
</pin_list>
<bind>
<opcode="icmp(45) " fcode="icmp"/>
<opset="cmp89/8 "/>
</bind>
</comp>

<comp id="902" class="1004" name="op2_assign_fu_902">
<pin_list>
<pin id="903" dir="0" index="0" bw="32" slack="1"/>
<pin id="904" dir="0" index="1" bw="1" slack="0"/>
<pin id="905" dir="1" index="2" bw="32" slack="0"/>
</pin_list>
<bind>
<opcode="add(8) " fcode="add"/>
<opset="op2_assign/8 "/>
</bind>
</comp>

<comp id="908" class="1004" name="cmp277_fu_908">
<pin_list>
<pin id="909" dir="0" index="0" bw="32" slack="1"/>
<pin id="910" dir="0" index="1" bw="11" slack="6"/>
<pin id="911" dir="1" index="2" bw="1" slack="1"/>
</pin_list>
<bind>
<opcode="icmp(45) " fcode="icmp"/>
<opset="cmp277/8 "/>
</bind>
</comp>

<comp id="913" class="1004" name="op2_assign_1_fu_913">
<pin_list>
<pin id="914" dir="0" index="0" bw="32" slack="1"/>
<pin id="915" dir="0" index="1" bw="2" slack="0"/>
<pin id="916" dir="1" index="2" bw="32" slack="1"/>
</pin_list>
<bind>
<opcode="add(8) " fcode="add"/>
<opset="op2_assign_1/8 "/>
</bind>
</comp>

<comp id="919" class="1004" name="lhs_fu_919">
<pin_list>
<pin id="920" dir="0" index="0" bw="42" slack="1"/>
<pin id="921" dir="1" index="1" bw="43" slack="0"/>
</pin_list>
<bind>
<opcode="sext(35) " fcode="sext"/>
<opset="lhs/8 "/>
</bind>
</comp>

<comp id="923" class="1004" name="ret_V_14_fu_923">
<pin_list>
<pin id="924" dir="0" index="0" bw="42" slack="0"/>
<pin id="925" dir="0" index="1" bw="33" slack="2"/>
<pin id="926" dir="1" index="2" bw="43" slack="0"/>
</pin_list>
<bind>
<opcode="add(8) " fcode="add"/>
<opset="ret_V_14/8 "/>
</bind>
</comp>

<comp id="928" class="1004" name="ret_V_cast_fu_928">
<pin_list>
<pin id="929" dir="0" index="0" bw="17" slack="0"/>
<pin id="930" dir="0" index="1" bw="43" slack="0"/>
<pin id="931" dir="0" index="2" bw="6" slack="0"/>
<pin id="932" dir="0" index="3" bw="7" slack="0"/>
<pin id="933" dir="1" index="4" bw="17" slack="0"/>
</pin_list>
<bind>
<opcode="partselect(1002) " fcode="partselect"/>
<opset="ret_V_cast/8 "/>
</bind>
</comp>

<comp id="938" class="1004" name="tmp_3_fu_938">
<pin_list>
<pin id="939" dir="0" index="0" bw="1" slack="0"/>
<pin id="940" dir="0" index="1" bw="43" slack="0"/>
<pin id="941" dir="0" index="2" bw="7" slack="0"/>
<pin id="942" dir="1" index="3" bw="1" slack="0"/>
</pin_list>
<bind>
<opcode="bitselect(1000) " fcode="bitselect"/>
<opset="tmp_3/8 "/>
</bind>
</comp>

<comp id="946" class="1004" name="tmp_4_fu_946">
<pin_list>
<pin id="947" dir="0" index="0" bw="1" slack="0"/>
<pin id="948" dir="0" index="1" bw="42" slack="1"/>
<pin id="949" dir="0" index="2" bw="7" slack="0"/>
<pin id="950" dir="1" index="3" bw="1" slack="0"/>
</pin_list>
<bind>
<opcode="bitselect(1000) " fcode="bitselect"/>
<opset="tmp_4/8 "/>
</bind>
</comp>

<comp id="954" class="1004" name="add_i_i_i_i_i286_i_fu_954">
<pin_list>
<pin id="955" dir="0" index="0" bw="17" slack="0"/>
<pin id="956" dir="0" index="1" bw="1" slack="0"/>
<pin id="957" dir="1" index="2" bw="17" slack="0"/>
</pin_list>
<bind>
<opcode="add(8) " fcode="add"/>
<opset="add_i_i_i_i_i286_i/8 "/>
</bind>
</comp>

<comp id="960" class="1004" name="cmp_i_i235_i_fu_960">
<pin_list>
<pin id="961" dir="0" index="0" bw="42" slack="1"/>
<pin id="962" dir="0" index="1" bw="34" slack="2"/>
<pin id="963" dir="1" index="2" bw="1" slack="0"/>
</pin_list>
<bind>
<opcode="icmp(45) " fcode="icmp"/>
<opset="cmp_i_i235_i/8 "/>
</bind>
</comp>

<comp id="965" class="1004" name="spec_select83_fu_965">
<pin_list>
<pin id="966" dir="0" index="0" bw="1" slack="0"/>
<pin id="967" dir="0" index="1" bw="34" slack="2"/>
<pin id="968" dir="0" index="2" bw="42" slack="1"/>
<pin id="969" dir="1" index="3" bw="42" slack="0"/>
</pin_list>
<bind>
<opcode="select(49) " fcode="select"/>
<opset="spec_select83/8 "/>
</bind>
</comp>

<comp id="972" class="1004" name="indexy_pre_V_fu_972">
<pin_list>
<pin id="973" dir="0" index="0" bw="1" slack="0"/>
<pin id="974" dir="0" index="1" bw="1" slack="0"/>
<pin id="975" dir="0" index="2" bw="42" slack="0"/>
<pin id="976" dir="1" index="3" bw="42" slack="0"/>
</pin_list>
<bind>
<opcode="select(49) " fcode="select"/>
<opset="indexy_pre_V/8 "/>
</bind>
</comp>

<comp id="980" class="1004" name="p_Result_s_fu_980">
<pin_list>
<pin id="981" dir="0" index="0" bw="1" slack="0"/>
<pin id="982" dir="0" index="1" bw="42" slack="0"/>
<pin id="983" dir="0" index="2" bw="7" slack="0"/>
<pin id="984" dir="1" index="3" bw="1" slack="1"/>
</pin_list>
<bind>
<opcode="bitselect(1000) " fcode="bitselect"/>
<opset="p_Result_s/8 "/>
</bind>
</comp>

<comp id="988" class="1004" name="trunc_ln389_fu_988">
<pin_list>
<pin id="989" dir="0" index="0" bw="42" slack="0"/>
<pin id="990" dir="1" index="1" bw="24" slack="3"/>
</pin_list>
<bind>
<opcode="trunc(33) " fcode="trunc"/>
<opset="trunc_ln389/8 "/>
</bind>
</comp>

<comp id="992" class="1004" name="icmp_ln851_fu_992">
<pin_list>
<pin id="993" dir="0" index="0" bw="22" slack="1"/>
<pin id="994" dir="0" index="1" bw="22" slack="2"/>
<pin id="995" dir="1" index="2" bw="1" slack="0"/>
</pin_list>
<bind>
<opcode="icmp(45) " fcode="icmp"/>
<opset="icmp_ln851/8 "/>
</bind>
</comp>

<comp id="996" class="1004" name="select_ln850_fu_996">
<pin_list>
<pin id="997" dir="0" index="0" bw="1" slack="0"/>
<pin id="998" dir="0" index="1" bw="17" slack="0"/>
<pin id="999" dir="0" index="2" bw="17" slack="0"/>
<pin id="1000" dir="1" index="3" bw="17" slack="0"/>
</pin_list>
<bind>
<opcode="select(49) " fcode="select"/>
<opset="select_ln850/8 "/>
</bind>
</comp>

<comp id="1004" class="1004" name="ret_V_15_fu_1004">
<pin_list>
<pin id="1005" dir="0" index="0" bw="1" slack="0"/>
<pin id="1006" dir="0" index="1" bw="17" slack="0"/>
<pin id="1007" dir="0" index="2" bw="17" slack="0"/>
<pin id="1008" dir="1" index="3" bw="17" slack="0"/>
</pin_list>
<bind>
<opcode="select(49) " fcode="select"/>
<opset="ret_V_15/8 "/>
</bind>
</comp>

<comp id="1012" class="1004" name="zext_ln882_1_fu_1012">
<pin_list>
<pin id="1013" dir="0" index="0" bw="17" slack="0"/>
<pin id="1014" dir="1" index="1" bw="32" slack="0"/>
</pin_list>
<bind>
<opcode="zext(34) " fcode="zext"/>
<opset="zext_ln882_1/8 "/>
</bind>
</comp>

<comp id="1016" class="1004" name="icmp_ln882_1_fu_1016">
<pin_list>
<pin id="1017" dir="0" index="0" bw="17" slack="0"/>
<pin id="1018" dir="0" index="1" bw="32" slack="0"/>
<pin id="1019" dir="1" index="2" bw="1" slack="0"/>
</pin_list>
<bind>
<opcode="icmp(45) " fcode="icmp"/>
<opset="icmp_ln882_1/8 "/>
</bind>
</comp>

<comp id="1022" class="1004" name="xor_ln882_fu_1022">
<pin_list>
<pin id="1023" dir="0" index="0" bw="1" slack="0"/>
<pin id="1024" dir="0" index="1" bw="1" slack="0"/>
<pin id="1025" dir="1" index="2" bw="1" slack="1"/>
</pin_list>
<bind>
<opcode="xor(25) " fcode="xor"/>
<opset="xor_ln882/8 "/>
</bind>
</comp>

<comp id="1028" class="1004" name="add_ln389_fu_1028">
<pin_list>
<pin id="1029" dir="0" index="0" bw="11" slack="0"/>
<pin id="1030" dir="0" index="1" bw="1" slack="0"/>
<pin id="1031" dir="1" index="2" bw="11" slack="0"/>
</pin_list>
<bind>
<opcode="add(8) " fcode="add"/>
<opset="add_ln389/9 "/>
</bind>
</comp>

<comp id="1034" class="1004" name="icmp_ln389_fu_1034">
<pin_list>
<pin id="1035" dir="0" index="0" bw="11" slack="0"/>
<pin id="1036" dir="0" index="1" bw="11" slack="3"/>
<pin id="1037" dir="1" index="2" bw="1" slack="1"/>
</pin_list>
<bind>
<opcode="icmp(45) " fcode="icmp"/>
<opset="icmp_ln389/9 "/>
</bind>
</comp>

<comp id="1039" class="1004" name="trunc_ln_fu_1039">
<pin_list>
<pin id="1040" dir="0" index="0" bw="17" slack="0"/>
<pin id="1041" dir="0" index="1" bw="42" slack="1"/>
<pin id="1042" dir="0" index="2" bw="6" slack="0"/>
<pin id="1043" dir="0" index="3" bw="7" slack="0"/>
<pin id="1044" dir="1" index="4" bw="17" slack="0"/>
</pin_list>
<bind>
<opcode="partselect(1002) " fcode="partselect"/>
<opset="trunc_ln/9 "/>
</bind>
</comp>

<comp id="1048" class="1004" name="trunc_ln851_fu_1048">
<pin_list>
<pin id="1049" dir="0" index="0" bw="42" slack="1"/>
<pin id="1050" dir="1" index="1" bw="22" slack="0"/>
</pin_list>
<bind>
<opcode="trunc(33) " fcode="trunc"/>
<opset="trunc_ln851/9 "/>
</bind>
</comp>

<comp id="1051" class="1004" name="icmp_ln851_1_fu_1051">
<pin_list>
<pin id="1052" dir="0" index="0" bw="22" slack="0"/>
<pin id="1053" dir="0" index="1" bw="1" slack="0"/>
<pin id="1054" dir="1" index="2" bw="1" slack="0"/>
</pin_list>
<bind>
<opcode="icmp(45) " fcode="icmp"/>
<opset="icmp_ln851_1/9 "/>
</bind>
</comp>

<comp id="1057" class="1004" name="ret_V_fu_1057">
<pin_list>
<pin id="1058" dir="0" index="0" bw="17" slack="0"/>
<pin id="1059" dir="0" index="1" bw="1" slack="0"/>
<pin id="1060" dir="1" index="2" bw="17" slack="0"/>
</pin_list>
<bind>
<opcode="add(8) " fcode="add"/>
<opset="ret_V/9 "/>
</bind>
</comp>

<comp id="1063" class="1004" name="select_ln850_1_fu_1063">
<pin_list>
<pin id="1064" dir="0" index="0" bw="1" slack="0"/>
<pin id="1065" dir="0" index="1" bw="17" slack="0"/>
<pin id="1066" dir="0" index="2" bw="17" slack="0"/>
<pin id="1067" dir="1" index="3" bw="17" slack="0"/>
</pin_list>
<bind>
<opcode="select(49) " fcode="select"/>
<opset="select_ln850_1/9 "/>
</bind>
</comp>

<comp id="1071" class="1004" name="ret_V_16_fu_1071">
<pin_list>
<pin id="1072" dir="0" index="0" bw="1" slack="1"/>
<pin id="1073" dir="0" index="1" bw="17" slack="0"/>
<pin id="1074" dir="0" index="2" bw="17" slack="0"/>
<pin id="1075" dir="1" index="3" bw="17" slack="0"/>
</pin_list>
<bind>
<opcode="select(49) " fcode="select"/>
<opset="ret_V_16/9 "/>
</bind>
</comp>

<comp id="1078" class="1004" name="trunc_ln728_fu_1078">
<pin_list>
<pin id="1079" dir="0" index="0" bw="17" slack="0"/>
<pin id="1080" dir="1" index="1" bw="2" slack="2"/>
</pin_list>
<bind>
<opcode="trunc(33) " fcode="trunc"/>
<opset="trunc_ln728/9 "/>
</bind>
</comp>

<comp id="1082" class="1004" name="icmp_ln408_fu_1082">
<pin_list>
<pin id="1083" dir="0" index="0" bw="11" slack="0"/>
<pin id="1084" dir="0" index="1" bw="11" slack="7"/>
<pin id="1085" dir="1" index="2" bw="1" slack="0"/>
</pin_list>
<bind>
<opcode="icmp(45) " fcode="icmp"/>
<opset="icmp_ln408/9 "/>
</bind>
</comp>

<comp id="1087" class="1004" name="and_ln406_fu_1087">
<pin_list>
<pin id="1088" dir="0" index="0" bw="1" slack="1"/>
<pin id="1089" dir="0" index="1" bw="1" slack="0"/>
<pin id="1090" dir="1" index="2" bw="1" slack="1"/>
</pin_list>
<bind>
<opcode="and(23) " fcode="and"/>
<opset="and_ln406/9 "/>
</bind>
</comp>

<comp id="1092" class="1004" name="zext_ln870_1_fu_1092">
<pin_list>
<pin id="1093" dir="0" index="0" bw="17" slack="0"/>
<pin id="1094" dir="1" index="1" bw="32" slack="0"/>
</pin_list>
<bind>
<opcode="zext(34) " fcode="zext"/>
<opset="zext_ln870_1/9 "/>
</bind>
</comp>

<comp id="1096" class="1004" name="icmp_ln870_2_fu_1096">
<pin_list>
<pin id="1097" dir="0" index="0" bw="17" slack="0"/>
<pin id="1098" dir="0" index="1" bw="32" slack="1"/>
<pin id="1099" dir="1" index="2" bw="1" slack="0"/>
</pin_list>
<bind>
<opcode="icmp(45) " fcode="icmp"/>
<opset="icmp_ln870_2/9 "/>
</bind>
</comp>

<comp id="1101" class="1004" name="and_ln487_fu_1101">
<pin_list>
<pin id="1102" dir="0" index="0" bw="1" slack="0"/>
<pin id="1103" dir="0" index="1" bw="1" slack="1"/>
<pin id="1104" dir="1" index="2" bw="1" slack="2"/>
</pin_list>
<bind>
<opcode="and(23) " fcode="and"/>
<opset="and_ln487/9 "/>
</bind>
</comp>

<comp id="1106" class="1004" name="icmp_ln489_fu_1106">
<pin_list>
<pin id="1107" dir="0" index="0" bw="11" slack="0"/>
<pin id="1108" dir="0" index="1" bw="11" slack="7"/>
<pin id="1109" dir="1" index="2" bw="1" slack="0"/>
</pin_list>
<bind>
<opcode="icmp(45) " fcode="icmp"/>
<opset="icmp_ln489/9 "/>
</bind>
</comp>

<comp id="1111" class="1004" name="icmp_ln870_3_fu_1111">
<pin_list>
<pin id="1112" dir="0" index="0" bw="17" slack="0"/>
<pin id="1113" dir="0" index="1" bw="32" slack="1"/>
<pin id="1114" dir="1" index="2" bw="1" slack="0"/>
</pin_list>
<bind>
<opcode="icmp(45) " fcode="icmp"/>
<opset="icmp_ln870_3/9 "/>
</bind>
</comp>

<comp id="1116" class="1004" name="and_ln486_fu_1116">
<pin_list>
<pin id="1117" dir="0" index="0" bw="1" slack="0"/>
<pin id="1118" dir="0" index="1" bw="1" slack="0"/>
<pin id="1119" dir="1" index="2" bw="1" slack="2"/>
</pin_list>
<bind>
<opcode="and(23) " fcode="and"/>
<opset="and_ln486/9 "/>
</bind>
</comp>

<comp id="1122" class="1004" name="zext_ln395_fu_1122">
<pin_list>
<pin id="1123" dir="0" index="0" bw="11" slack="1"/>
<pin id="1124" dir="1" index="1" bw="32" slack="0"/>
</pin_list>
<bind>
<opcode="zext(34) " fcode="zext"/>
<opset="zext_ln395/10 "/>
</bind>
</comp>

<comp id="1127" class="1004" name="tmp_7_fu_1127">
<pin_list>
<pin id="1128" dir="0" index="0" bw="1" slack="0"/>
<pin id="1129" dir="0" index="1" bw="42" slack="0"/>
<pin id="1130" dir="0" index="2" bw="7" slack="0"/>
<pin id="1131" dir="1" index="3" bw="1" slack="0"/>
</pin_list>
<bind>
<opcode="bitselect(1000) " fcode="bitselect"/>
<opset="tmp_7/10 "/>
</bind>
</comp>

<comp id="1135" class="1004" name="icmp_ln1494_fu_1135">
<pin_list>
<pin id="1136" dir="0" index="0" bw="42" slack="0"/>
<pin id="1137" dir="0" index="1" bw="34" slack="4"/>
<pin id="1138" dir="1" index="2" bw="1" slack="0"/>
</pin_list>
<bind>
<opcode="icmp(45) " fcode="icmp"/>
<opset="icmp_ln1494/10 "/>
</bind>
</comp>

<comp id="1140" class="1004" name="select_ln257_fu_1140">
<pin_list>
<pin id="1141" dir="0" index="0" bw="1" slack="0"/>
<pin id="1142" dir="0" index="1" bw="34" slack="4"/>
<pin id="1143" dir="0" index="2" bw="42" slack="0"/>
<pin id="1144" dir="1" index="3" bw="42" slack="0"/>
</pin_list>
<bind>
<opcode="select(49) " fcode="select"/>
<opset="select_ln257/10 "/>
</bind>
</comp>

<comp id="1147" class="1004" name="indexx_pre_V_fu_1147">
<pin_list>
<pin id="1148" dir="0" index="0" bw="1" slack="0"/>
<pin id="1149" dir="0" index="1" bw="1" slack="0"/>
<pin id="1150" dir="0" index="2" bw="42" slack="0"/>
<pin id="1151" dir="1" index="3" bw="42" slack="0"/>
</pin_list>
<bind>
<opcode="select(49) " fcode="select"/>
<opset="indexx_pre_V/10 "/>
</bind>
</comp>

<comp id="1155" class="1004" name="trunc_ln831_1_fu_1155">
<pin_list>
<pin id="1156" dir="0" index="0" bw="17" slack="0"/>
<pin id="1157" dir="0" index="1" bw="42" slack="0"/>
<pin id="1158" dir="0" index="2" bw="6" slack="0"/>
<pin id="1159" dir="0" index="3" bw="7" slack="0"/>
<pin id="1160" dir="1" index="4" bw="17" slack="1"/>
</pin_list>
<bind>
<opcode="partselect(1002) " fcode="partselect"/>
<opset="trunc_ln831_1/10 "/>
</bind>
</comp>

<comp id="1165" class="1004" name="trunc_ln851_1_fu_1165">
<pin_list>
<pin id="1166" dir="0" index="0" bw="42" slack="0"/>
<pin id="1167" dir="1" index="1" bw="22" slack="1"/>
</pin_list>
<bind>
<opcode="trunc(33) " fcode="trunc"/>
<opset="trunc_ln851_1/10 "/>
</bind>
</comp>

<comp id="1169" class="1004" name="trunc_ln703_2_fu_1169">
<pin_list>
<pin id="1170" dir="0" index="0" bw="42" slack="0"/>
<pin id="1171" dir="1" index="1" bw="24" slack="1"/>
</pin_list>
<bind>
<opcode="trunc(33) " fcode="trunc"/>
<opset="trunc_ln703_2/10 "/>
</bind>
</comp>

<comp id="1173" class="1004" name="store_ln412_store_fu_1173">
<pin_list>
<pin id="1174" dir="0" index="0" bw="8" slack="0"/>
<pin id="1175" dir="0" index="1" bw="8" slack="6"/>
<pin id="1176" dir="1" index="2" bw="0" slack="2147483647"/>
</pin_list>
<bind>
<opcode="store(28) " fcode="store"/>
<opset="store_ln412/10 "/>
</bind>
</comp>

<comp id="1178" class="1004" name="zext_ln389_fu_1178">
<pin_list>
<pin id="1179" dir="0" index="0" bw="11" slack="2"/>
<pin id="1180" dir="1" index="1" bw="64" slack="0"/>
</pin_list>
<bind>
<opcode="zext(34) " fcode="zext"/>
<opset="zext_ln389/11 "/>
</bind>
</comp>

<comp id="1185" class="1004" name="rhs_1_fu_1185">
<pin_list>
<pin id="1186" dir="0" index="0" bw="24" slack="0"/>
<pin id="1187" dir="0" index="1" bw="2" slack="2"/>
<pin id="1188" dir="0" index="2" bw="1" slack="0"/>
<pin id="1189" dir="1" index="3" bw="24" slack="0"/>
</pin_list>
<bind>
<opcode="bitconcatenate(1004) " fcode="bitconcatenate"/>
<opset="rhs_1/11 "/>
</bind>
</comp>

<comp id="1192" class="1004" name="ret_V_6_fu_1192">
<pin_list>
<pin id="1193" dir="0" index="0" bw="24" slack="3"/>
<pin id="1194" dir="0" index="1" bw="24" slack="0"/>
<pin id="1195" dir="1" index="2" bw="24" slack="0"/>
</pin_list>
<bind>
<opcode="sub(10) " fcode="sub"/>
<opset="ret_V_6/11 "/>
</bind>
</comp>

<comp id="1197" class="1004" name="p_Result_4_fu_1197">
<pin_list>
<pin id="1198" dir="0" index="0" bw="1" slack="0"/>
<pin id="1199" dir="0" index="1" bw="42" slack="1"/>
<pin id="1200" dir="0" index="2" bw="7" slack="0"/>
<pin id="1201" dir="1" index="3" bw="1" slack="0"/>
</pin_list>
<bind>
<opcode="bitselect(1000) " fcode="bitselect"/>
<opset="p_Result_4/11 "/>
</bind>
</comp>

<comp id="1204" class="1004" name="icmp_ln851_2_fu_1204">
<pin_list>
<pin id="1205" dir="0" index="0" bw="22" slack="1"/>
<pin id="1206" dir="0" index="1" bw="1" slack="0"/>
<pin id="1207" dir="1" index="2" bw="1" slack="0"/>
</pin_list>
<bind>
<opcode="icmp(45) " fcode="icmp"/>
<opset="icmp_ln851_2/11 "/>
</bind>
</comp>

<comp id="1209" class="1004" name="ret_V_7_fu_1209">
<pin_list>
<pin id="1210" dir="0" index="0" bw="17" slack="1"/>
<pin id="1211" dir="0" index="1" bw="1" slack="0"/>
<pin id="1212" dir="1" index="2" bw="17" slack="0"/>
</pin_list>
<bind>
<opcode="add(8) " fcode="add"/>
<opset="ret_V_7/11 "/>
</bind>
</comp>

<comp id="1214" class="1004" name="select_ln850_2_fu_1214">
<pin_list>
<pin id="1215" dir="0" index="0" bw="1" slack="0"/>
<pin id="1216" dir="0" index="1" bw="17" slack="1"/>
<pin id="1217" dir="0" index="2" bw="17" slack="0"/>
<pin id="1218" dir="1" index="3" bw="17" slack="0"/>
</pin_list>
<bind>
<opcode="select(49) " fcode="select"/>
<opset="select_ln850_2/11 "/>
</bind>
</comp>

<comp id="1221" class="1004" name="ret_V_17_fu_1221">
<pin_list>
<pin id="1222" dir="0" index="0" bw="1" slack="0"/>
<pin id="1223" dir="0" index="1" bw="17" slack="0"/>
<pin id="1224" dir="0" index="2" bw="17" slack="1"/>
<pin id="1225" dir="1" index="3" bw="17" slack="0"/>
</pin_list>
<bind>
<opcode="select(49) " fcode="select"/>
<opset="ret_V_17/11 "/>
</bind>
</comp>

<comp id="1228" class="1004" name="trunc_ln728_1_fu_1228">
<pin_list>
<pin id="1229" dir="0" index="0" bw="17" slack="0"/>
<pin id="1230" dir="1" index="1" bw="2" slack="0"/>
</pin_list>
<bind>
<opcode="trunc(33) " fcode="trunc"/>
<opset="trunc_ln728_1/11 "/>
</bind>
</comp>

<comp id="1232" class="1004" name="rhs_2_fu_1232">
<pin_list>
<pin id="1233" dir="0" index="0" bw="24" slack="0"/>
<pin id="1234" dir="0" index="1" bw="2" slack="0"/>
<pin id="1235" dir="0" index="2" bw="1" slack="0"/>
<pin id="1236" dir="1" index="3" bw="24" slack="0"/>
</pin_list>
<bind>
<opcode="bitconcatenate(1004) " fcode="bitconcatenate"/>
<opset="rhs_2/11 "/>
</bind>
</comp>

<comp id="1240" class="1004" name="ret_V_9_fu_1240">
<pin_list>
<pin id="1241" dir="0" index="0" bw="24" slack="1"/>
<pin id="1242" dir="0" index="1" bw="24" slack="0"/>
<pin id="1243" dir="1" index="2" bw="24" slack="0"/>
</pin_list>
<bind>
<opcode="sub(10) " fcode="sub"/>
<opset="ret_V_9/11 "/>
</bind>
</comp>

<comp id="1245" class="1004" name="empty_73_fu_1245">
<pin_list>
<pin id="1246" dir="0" index="0" bw="17" slack="0"/>
<pin id="1247" dir="1" index="1" bw="11" slack="0"/>
</pin_list>
<bind>
<opcode="trunc(33) " fcode="trunc"/>
<opset="empty_73/11 "/>
</bind>
</comp>

<comp id="1249" class="1004" name="tmp_V_4_cast7_fu_1249">
<pin_list>
<pin id="1250" dir="0" index="0" bw="17" slack="0"/>
<pin id="1251" dir="1" index="1" bw="18" slack="0"/>
</pin_list>
<bind>
<opcode="zext(34) " fcode="zext"/>
<opset="tmp_V_4_cast7/11 "/>
</bind>
</comp>

<comp id="1253" class="1004" name="not_cmp_i_i176_fu_1253">
<pin_list>
<pin id="1254" dir="0" index="0" bw="17" slack="0"/>
<pin id="1255" dir="0" index="1" bw="12" slack="5"/>
<pin id="1256" dir="1" index="2" bw="1" slack="0"/>
</pin_list>
<bind>
<opcode="icmp(45) " fcode="icmp"/>
<opset="not_cmp_i_i176/11 "/>
</bind>
</comp>

<comp id="1258" class="1004" name="zext_ln428_fu_1258">
<pin_list>
<pin id="1259" dir="0" index="0" bw="1" slack="0"/>
<pin id="1260" dir="1" index="1" bw="11" slack="0"/>
</pin_list>
<bind>
<opcode="zext(34) " fcode="zext"/>
<opset="zext_ln428/11 "/>
</bind>
</comp>

<comp id="1262" class="1004" name="idx_nxt_fu_1262">
<pin_list>
<pin id="1263" dir="0" index="0" bw="11" slack="0"/>
<pin id="1264" dir="0" index="1" bw="1" slack="0"/>
<pin id="1265" dir="1" index="2" bw="11" slack="0"/>
</pin_list>
<bind>
<opcode="add(8) " fcode="add"/>
<opset="idx_nxt/11 "/>
</bind>
</comp>

<comp id="1268" class="1004" name="zext_ln430_fu_1268">
<pin_list>
<pin id="1269" dir="0" index="0" bw="17" slack="0"/>
<pin id="1270" dir="1" index="1" bw="64" slack="0"/>
</pin_list>
<bind>
<opcode="zext(34) " fcode="zext"/>
<opset="zext_ln430/11 "/>
</bind>
</comp>

<comp id="1278" class="1004" name="zext_ln431_fu_1278">
<pin_list>
<pin id="1279" dir="0" index="0" bw="11" slack="0"/>
<pin id="1280" dir="1" index="1" bw="64" slack="0"/>
</pin_list>
<bind>
<opcode="zext(34) " fcode="zext"/>
<opset="zext_ln431/11 "/>
</bind>
</comp>

<comp id="1288" class="1004" name="Wy_V_fu_1288">
<pin_list>
<pin id="1289" dir="0" index="0" bw="12" slack="0"/>
<pin id="1290" dir="0" index="1" bw="24" slack="0"/>
<pin id="1291" dir="0" index="2" bw="5" slack="0"/>
<pin id="1292" dir="0" index="3" bw="6" slack="0"/>
<pin id="1293" dir="1" index="4" bw="12" slack="0"/>
</pin_list>
<bind>
<opcode="partselect(1002) " fcode="partselect"/>
<opset="Wy_V/11 "/>
</bind>
</comp>

<comp id="1298" class="1004" name="Wy_V_1_fu_1298">
<pin_list>
<pin id="1299" dir="0" index="0" bw="12" slack="0"/>
<pin id="1300" dir="1" index="1" bw="24" slack="0"/>
</pin_list>
<bind>
<opcode="zext(34) " fcode="zext"/>
<opset="Wy_V_1/11 "/>
</bind>
</comp>

<comp id="1302" class="1004" name="Wx_V_fu_1302">
<pin_list>
<pin id="1303" dir="0" index="0" bw="12" slack="0"/>
<pin id="1304" dir="0" index="1" bw="24" slack="0"/>
<pin id="1305" dir="0" index="2" bw="5" slack="0"/>
<pin id="1306" dir="0" index="3" bw="6" slack="0"/>
<pin id="1307" dir="1" index="4" bw="12" slack="0"/>
</pin_list>
<bind>
<opcode="partselect(1002) " fcode="partselect"/>
<opset="Wx_V/11 "/>
</bind>
</comp>

<comp id="1312" class="1004" name="zext_ln708_fu_1312">
<pin_list>
<pin id="1313" dir="0" index="0" bw="12" slack="0"/>
<pin id="1314" dir="1" index="1" bw="24" slack="0"/>
</pin_list>
<bind>
<opcode="zext(34) " fcode="zext"/>
<opset="zext_ln708/11 "/>
</bind>
</comp>

<comp id="1316" class="1004" name="p_Val2_s_fu_1316">
<pin_list>
<pin id="1317" dir="0" index="0" bw="1" slack="3"/>
<pin id="1318" dir="0" index="1" bw="8" slack="0"/>
<pin id="1319" dir="0" index="2" bw="8" slack="0"/>
<pin id="1320" dir="1" index="3" bw="8" slack="0"/>
</pin_list>
<bind>
<opcode="select(49) " fcode="select"/>
<opset="p_Val2_s/12 "/>
</bind>
</comp>

<comp id="1323" class="1004" name="zext_ln215_fu_1323">
<pin_list>
<pin id="1324" dir="0" index="0" bw="8" slack="0"/>
<pin id="1325" dir="1" index="1" bw="9" slack="0"/>
</pin_list>
<bind>
<opcode="zext(34) " fcode="zext"/>
<opset="zext_ln215/12 "/>
</bind>
</comp>

<comp id="1327" class="1004" name="zext_ln215_2_fu_1327">
<pin_list>
<pin id="1328" dir="0" index="0" bw="8" slack="0"/>
<pin id="1329" dir="1" index="1" bw="9" slack="0"/>
</pin_list>
<bind>
<opcode="zext(34) " fcode="zext"/>
<opset="zext_ln215_2/12 "/>
</bind>
</comp>

<comp id="1331" class="1004" name="ret_6_fu_1331">
<pin_list>
<pin id="1332" dir="0" index="0" bw="8" slack="0"/>
<pin id="1333" dir="0" index="1" bw="8" slack="0"/>
<pin id="1334" dir="1" index="2" bw="9" slack="0"/>
</pin_list>
<bind>
<opcode="sub(10) " fcode="sub"/>
<opset="ret_6/12 "/>
</bind>
</comp>

<comp id="1337" class="1004" name="sext_ln1118_fu_1337">
<pin_list>
<pin id="1338" dir="0" index="0" bw="9" slack="0"/>
<pin id="1339" dir="1" index="1" bw="21" slack="0"/>
</pin_list>
<bind>
<opcode="sext(35) " fcode="sext"/>
<opset="sext_ln1118/12 "/>
</bind>
</comp>

<comp id="1341" class="1004" name="zext_ln1118_fu_1341">
<pin_list>
<pin id="1342" dir="0" index="0" bw="12" slack="1"/>
<pin id="1343" dir="1" index="1" bw="21" slack="0"/>
</pin_list>
<bind>
<opcode="zext(34) " fcode="zext"/>
<opset="zext_ln1118/12 "/>
</bind>
</comp>

<comp id="1344" class="1004" name="p_Val2_5_fu_1344">
<pin_list>
<pin id="1345" dir="0" index="0" bw="1" slack="4"/>
<pin id="1346" dir="0" index="1" bw="8" slack="0"/>
<pin id="1347" dir="0" index="2" bw="8" slack="0"/>
<pin id="1348" dir="1" index="3" bw="8" slack="0"/>
</pin_list>
<bind>
<opcode="select(49) " fcode="select"/>
<opset="p_Val2_5/13 "/>
</bind>
</comp>

<comp id="1351" class="1004" name="zext_ln215_1_fu_1351">
<pin_list>
<pin id="1352" dir="0" index="0" bw="8" slack="0"/>
<pin id="1353" dir="1" index="1" bw="9" slack="0"/>
</pin_list>
<bind>
<opcode="zext(34) " fcode="zext"/>
<opset="zext_ln215_1/13 "/>
</bind>
</comp>

<comp id="1355" class="1004" name="ret_fu_1355">
<pin_list>
<pin id="1356" dir="0" index="0" bw="8" slack="0"/>
<pin id="1357" dir="0" index="1" bw="8" slack="1"/>
<pin id="1358" dir="1" index="2" bw="9" slack="0"/>
</pin_list>
<bind>
<opcode="add(8) " fcode="add"/>
<opset="ret/13 "/>
</bind>
</comp>

<comp id="1360" class="1004" name="zext_ln215_3_fu_1360">
<pin_list>
<pin id="1361" dir="0" index="0" bw="8" slack="0"/>
<pin id="1362" dir="1" index="1" bw="9" slack="0"/>
</pin_list>
<bind>
<opcode="zext(34) " fcode="zext"/>
<opset="zext_ln215_3/13 "/>
</bind>
</comp>

<comp id="1364" class="1004" name="ret_8_fu_1364">
<pin_list>
<pin id="1365" dir="0" index="0" bw="8" slack="0"/>
<pin id="1366" dir="0" index="1" bw="8" slack="1"/>
<pin id="1367" dir="1" index="2" bw="9" slack="0"/>
</pin_list>
<bind>
<opcode="add(8) " fcode="add"/>
<opset="ret_8/13 "/>
</bind>
</comp>

<comp id="1369" class="1004" name="zext_ln215_4_fu_1369">
<pin_list>
<pin id="1370" dir="0" index="0" bw="9" slack="0"/>
<pin id="1371" dir="1" index="1" bw="10" slack="0"/>
</pin_list>
<bind>
<opcode="zext(34) " fcode="zext"/>
<opset="zext_ln215_4/13 "/>
</bind>
</comp>

<comp id="1373" class="1004" name="zext_ln215_5_fu_1373">
<pin_list>
<pin id="1374" dir="0" index="0" bw="9" slack="0"/>
<pin id="1375" dir="1" index="1" bw="10" slack="0"/>
</pin_list>
<bind>
<opcode="zext(34) " fcode="zext"/>
<opset="zext_ln215_5/13 "/>
</bind>
</comp>

<comp id="1377" class="1004" name="ret_9_fu_1377">
<pin_list>
<pin id="1378" dir="0" index="0" bw="9" slack="0"/>
<pin id="1379" dir="0" index="1" bw="9" slack="0"/>
<pin id="1380" dir="1" index="2" bw="10" slack="1"/>
</pin_list>
<bind>
<opcode="sub(10) " fcode="sub"/>
<opset="ret_9/13 "/>
</bind>
</comp>

<comp id="1383" class="1004" name="ret_10_fu_1383">
<pin_list>
<pin id="1384" dir="0" index="0" bw="8" slack="0"/>
<pin id="1385" dir="0" index="1" bw="8" slack="1"/>
<pin id="1386" dir="1" index="2" bw="9" slack="0"/>
</pin_list>
<bind>
<opcode="sub(10) " fcode="sub"/>
<opset="ret_10/13 "/>
</bind>
</comp>

<comp id="1388" class="1004" name="sext_ln1115_1_fu_1388">
<pin_list>
<pin id="1389" dir="0" index="0" bw="9" slack="0"/>
<pin id="1390" dir="1" index="1" bw="21" slack="0"/>
</pin_list>
<bind>
<opcode="sext(35) " fcode="sext"/>
<opset="sext_ln1115_1/13 "/>
</bind>
</comp>

<comp id="1392" class="1004" name="zext_ln1118_1_fu_1392">
<pin_list>
<pin id="1393" dir="0" index="0" bw="12" slack="2"/>
<pin id="1394" dir="1" index="1" bw="21" slack="0"/>
</pin_list>
<bind>
<opcode="zext(34) " fcode="zext"/>
<opset="zext_ln1118_1/13 "/>
</bind>
</comp>

<comp id="1395" class="1004" name="Wxy_V_fu_1395">
<pin_list>
<pin id="1396" dir="0" index="0" bw="12" slack="0"/>
<pin id="1397" dir="0" index="1" bw="24" slack="0"/>
<pin id="1398" dir="0" index="2" bw="5" slack="0"/>
<pin id="1399" dir="0" index="3" bw="6" slack="0"/>
<pin id="1400" dir="1" index="4" bw="12" slack="0"/>
</pin_list>
<bind>
<opcode="partselect(1002) " fcode="partselect"/>
<opset="Wxy_V/14 "/>
</bind>
</comp>

<comp id="1404" class="1004" name="zext_ln708_1_fu_1404">
<pin_list>
<pin id="1405" dir="0" index="0" bw="12" slack="0"/>
<pin id="1406" dir="1" index="1" bw="22" slack="0"/>
</pin_list>
<bind>
<opcode="zext(34) " fcode="zext"/>
<opset="zext_ln708_1/14 "/>
</bind>
</comp>

<comp id="1408" class="1004" name="sext_ln1115_fu_1408">
<pin_list>
<pin id="1409" dir="0" index="0" bw="10" slack="1"/>
<pin id="1410" dir="1" index="1" bw="22" slack="0"/>
</pin_list>
<bind>
<opcode="sext(35) " fcode="sext"/>
<opset="sext_ln1115/14 "/>
</bind>
</comp>

<comp id="1411" class="1004" name="sext_ln1192_1_fu_1411">
<pin_list>
<pin id="1412" dir="0" index="0" bw="21" slack="0"/>
<pin id="1413" dir="1" index="1" bw="22" slack="0"/>
</pin_list>
<bind>
<opcode="sext(35) " fcode="sext"/>
<opset="sext_ln1192_1/15 "/>
</bind>
</comp>

<comp id="1414" class="1004" name="sext_ln1192_4_fu_1414">
<pin_list>
<pin id="1415" dir="0" index="0" bw="22" slack="0"/>
<pin id="1416" dir="1" index="1" bw="23" slack="0"/>
</pin_list>
<bind>
<opcode="sext(35) " fcode="sext"/>
<opset="sext_ln1192_4/16 "/>
</bind>
</comp>

<comp id="1417" class="1004" name="P4_V_fu_1417">
<pin_list>
<pin id="1418" dir="0" index="0" bw="18" slack="0"/>
<pin id="1419" dir="0" index="1" bw="8" slack="5"/>
<pin id="1420" dir="0" index="2" bw="1" slack="0"/>
<pin id="1421" dir="1" index="3" bw="18" slack="0"/>
</pin_list>
<bind>
<opcode="bitconcatenate(1004) " fcode="bitconcatenate"/>
<opset="P4_V/17 "/>
</bind>
</comp>

<comp id="1424" class="1004" name="sext_ln1192_3_fu_1424">
<pin_list>
<pin id="1425" dir="0" index="0" bw="23" slack="0"/>
<pin id="1426" dir="1" index="1" bw="24" slack="0"/>
</pin_list>
<bind>
<opcode="sext(35) " fcode="sext"/>
<opset="sext_ln1192_3/17 "/>
</bind>
</comp>

<comp id="1427" class="1004" name="zext_ln1192_fu_1427">
<pin_list>
<pin id="1428" dir="0" index="0" bw="18" slack="0"/>
<pin id="1429" dir="1" index="1" bw="24" slack="0"/>
</pin_list>
<bind>
<opcode="zext(34) " fcode="zext"/>
<opset="zext_ln1192/17 "/>
</bind>
</comp>

<comp id="1431" class="1004" name="ret_V_11_fu_1431">
<pin_list>
<pin id="1432" dir="0" index="0" bw="23" slack="0"/>
<pin id="1433" dir="0" index="1" bw="18" slack="0"/>
<pin id="1434" dir="1" index="2" bw="24" slack="0"/>
</pin_list>
<bind>
<opcode="add(8) " fcode="add"/>
<opset="ret_V_11/17 "/>
</bind>
</comp>

<comp id="1437" class="1004" name="trunc_ln831_2_fu_1437">
<pin_list>
<pin id="1438" dir="0" index="0" bw="8" slack="0"/>
<pin id="1439" dir="0" index="1" bw="24" slack="0"/>
<pin id="1440" dir="0" index="2" bw="5" slack="0"/>
<pin id="1441" dir="0" index="3" bw="6" slack="0"/>
<pin id="1442" dir="1" index="4" bw="8" slack="0"/>
</pin_list>
<bind>
<opcode="partselect(1002) " fcode="partselect"/>
<opset="trunc_ln831_2/17 "/>
</bind>
</comp>

<comp id="1447" class="1004" name="p_Result_9_fu_1447">
<pin_list>
<pin id="1448" dir="0" index="0" bw="1" slack="0"/>
<pin id="1449" dir="0" index="1" bw="24" slack="0"/>
<pin id="1450" dir="0" index="2" bw="6" slack="0"/>
<pin id="1451" dir="1" index="3" bw="1" slack="0"/>
</pin_list>
<bind>
<opcode="bitselect(1000) " fcode="bitselect"/>
<opset="p_Result_9/17 "/>
</bind>
</comp>

<comp id="1455" class="1004" name="trunc_ln851_2_fu_1455">
<pin_list>
<pin id="1456" dir="0" index="0" bw="24" slack="0"/>
<pin id="1457" dir="1" index="1" bw="10" slack="0"/>
</pin_list>
<bind>
<opcode="trunc(33) " fcode="trunc"/>
<opset="trunc_ln851_2/17 "/>
</bind>
</comp>

<comp id="1459" class="1004" name="icmp_ln851_3_fu_1459">
<pin_list>
<pin id="1460" dir="0" index="0" bw="10" slack="0"/>
<pin id="1461" dir="0" index="1" bw="1" slack="0"/>
<pin id="1462" dir="1" index="2" bw="1" slack="0"/>
</pin_list>
<bind>
<opcode="icmp(45) " fcode="icmp"/>
<opset="icmp_ln851_3/17 "/>
</bind>
</comp>

<comp id="1465" class="1004" name="ret_V_12_fu_1465">
<pin_list>
<pin id="1466" dir="0" index="0" bw="8" slack="0"/>
<pin id="1467" dir="0" index="1" bw="1" slack="0"/>
<pin id="1468" dir="1" index="2" bw="8" slack="0"/>
</pin_list>
<bind>
<opcode="add(8) " fcode="add"/>
<opset="ret_V_12/17 "/>
</bind>
</comp>

<comp id="1471" class="1004" name="select_ln850_3_fu_1471">
<pin_list>
<pin id="1472" dir="0" index="0" bw="1" slack="0"/>
<pin id="1473" dir="0" index="1" bw="8" slack="0"/>
<pin id="1474" dir="0" index="2" bw="8" slack="0"/>
<pin id="1475" dir="1" index="3" bw="8" slack="0"/>
</pin_list>
<bind>
<opcode="select(49) " fcode="select"/>
<opset="select_ln850_3/17 "/>
</bind>
</comp>

<comp id="1479" class="1004" name="ret_V_19_fu_1479">
<pin_list>
<pin id="1480" dir="0" index="0" bw="1" slack="0"/>
<pin id="1481" dir="0" index="1" bw="8" slack="0"/>
<pin id="1482" dir="0" index="2" bw="8" slack="0"/>
<pin id="1483" dir="1" index="3" bw="8" slack="0"/>
</pin_list>
<bind>
<opcode="select(49) " fcode="select"/>
<opset="ret_V_19/17 "/>
</bind>
</comp>

<comp id="1488" class="1004" name="store_ln387_store_fu_1488">
<pin_list>
<pin id="1489" dir="0" index="0" bw="17" slack="1"/>
<pin id="1490" dir="0" index="1" bw="17" slack="6"/>
<pin id="1491" dir="1" index="2" bw="0" slack="2147483647"/>
</pin_list>
<bind>
<opcode="store(28) " fcode="store"/>
<opset="store_ln387/18 "/>
</bind>
</comp>

<comp id="1493" class="1004" name="store_ln387_store_fu_1493">
<pin_list>
<pin id="1494" dir="0" index="0" bw="17" slack="2"/>
<pin id="1495" dir="0" index="1" bw="17" slack="6"/>
<pin id="1496" dir="1" index="2" bw="0" slack="2147483647"/>
</pin_list>
<bind>
<opcode="store(28) " fcode="store"/>
<opset="store_ln387/18 "/>
</bind>
</comp>

<comp id="1497" class="1004" name="nextYScale_V_2_load_fu_1497">
<pin_list>
<pin id="1498" dir="0" index="0" bw="17" slack="6"/>
<pin id="1499" dir="1" index="1" bw="17" slack="0"/>
</pin_list>
<bind>
<opcode="load(27) " fcode="load"/>
<opset="nextYScale_V_2/18 "/>
</bind>
</comp>

<comp id="1500" class="1004" name="indexy_V_2_load_fu_1500">
<pin_list>
<pin id="1501" dir="0" index="0" bw="17" slack="6"/>
<pin id="1502" dir="1" index="1" bw="17" slack="0"/>
</pin_list>
<bind>
<opcode="load(27) " fcode="load"/>
<opset="indexy_V_2/18 "/>
</bind>
</comp>

<comp id="1503" class="1004" name="zext_ln870_fu_1503">
<pin_list>
<pin id="1504" dir="0" index="0" bw="17" slack="0"/>
<pin id="1505" dir="1" index="1" bw="32" slack="0"/>
</pin_list>
<bind>
<opcode="zext(34) " fcode="zext"/>
<opset="zext_ln870/18 "/>
</bind>
</comp>

<comp id="1507" class="1004" name="icmp_ln870_fu_1507">
<pin_list>
<pin id="1508" dir="0" index="0" bw="17" slack="0"/>
<pin id="1509" dir="0" index="1" bw="32" slack="2"/>
<pin id="1510" dir="1" index="2" bw="1" slack="0"/>
</pin_list>
<bind>
<opcode="icmp(45) " fcode="icmp"/>
<opset="icmp_ln870/18 "/>
</bind>
</comp>

<comp id="1512" class="1004" name="and_ln509_fu_1512">
<pin_list>
<pin id="1513" dir="0" index="0" bw="1" slack="0"/>
<pin id="1514" dir="0" index="1" bw="1" slack="2"/>
<pin id="1515" dir="1" index="2" bw="1" slack="0"/>
</pin_list>
<bind>
<opcode="and(23) " fcode="and"/>
<opset="and_ln509/18 "/>
</bind>
</comp>

<comp id="1517" class="1004" name="icmp_ln870_1_fu_1517">
<pin_list>
<pin id="1518" dir="0" index="0" bw="17" slack="0"/>
<pin id="1519" dir="0" index="1" bw="32" slack="2"/>
<pin id="1520" dir="1" index="2" bw="1" slack="0"/>
</pin_list>
<bind>
<opcode="icmp(45) " fcode="icmp"/>
<opset="icmp_ln870_1/18 "/>
</bind>
</comp>

<comp id="1522" class="1004" name="or_ln509_fu_1522">
<pin_list>
<pin id="1523" dir="0" index="0" bw="1" slack="0"/>
<pin id="1524" dir="0" index="1" bw="1" slack="0"/>
<pin id="1525" dir="1" index="2" bw="1" slack="0"/>
</pin_list>
<bind>
<opcode="or(24) " fcode="or"/>
<opset="or_ln509/18 "/>
</bind>
</comp>

<comp id="1528" class="1004" name="add_ln511_fu_1528">
<pin_list>
<pin id="1529" dir="0" index="0" bw="32" slack="3"/>
<pin id="1530" dir="0" index="1" bw="1" slack="0"/>
<pin id="1531" dir="1" index="2" bw="32" slack="0"/>
</pin_list>
<bind>
<opcode="add(8) " fcode="add"/>
<opset="add_ln511/18 "/>
</bind>
</comp>

<comp id="1534" class="1004" name="select_ln509_fu_1534">
<pin_list>
<pin id="1535" dir="0" index="0" bw="1" slack="0"/>
<pin id="1536" dir="0" index="1" bw="32" slack="0"/>
<pin id="1537" dir="0" index="2" bw="32" slack="3"/>
<pin id="1538" dir="1" index="3" bw="32" slack="0"/>
</pin_list>
<bind>
<opcode="select(49) " fcode="select"/>
<opset="select_ln509/18 "/>
</bind>
</comp>

<comp id="1542" class="1004" name="output_rows_count_1_fu_1542">
<pin_list>
<pin id="1543" dir="0" index="0" bw="1" slack="3"/>
<pin id="1544" dir="0" index="1" bw="32" slack="3"/>
<pin id="1545" dir="0" index="2" bw="32" slack="0"/>
<pin id="1546" dir="1" index="3" bw="32" slack="1"/>
</pin_list>
<bind>
<opcode="select(49) " fcode="select"/>
<opset="output_rows_count_1/18 "/>
</bind>
</comp>

<comp id="1549" class="1004" name="zext_ln882_fu_1549">
<pin_list>
<pin id="1550" dir="0" index="0" bw="17" slack="0"/>
<pin id="1551" dir="1" index="1" bw="32" slack="0"/>
</pin_list>
<bind>
<opcode="zext(34) " fcode="zext"/>
<opset="zext_ln882/18 "/>
</bind>
</comp>

<comp id="1553" class="1004" name="icmp_ln882_fu_1553">
<pin_list>
<pin id="1554" dir="0" index="0" bw="17" slack="0"/>
<pin id="1555" dir="0" index="1" bw="32" slack="2"/>
<pin id="1556" dir="1" index="2" bw="1" slack="0"/>
</pin_list>
<bind>
<opcode="icmp(45) " fcode="icmp"/>
<opset="icmp_ln882/18 "/>
</bind>
</comp>

<comp id="1558" class="1004" name="first_row_index_fu_1558">
<pin_list>
<pin id="1559" dir="0" index="0" bw="32" slack="3"/>
<pin id="1560" dir="0" index="1" bw="1" slack="0"/>
<pin id="1561" dir="1" index="2" bw="32" slack="0"/>
</pin_list>
<bind>
<opcode="add(8) " fcode="add"/>
<opset="first_row_index/18 "/>
</bind>
</comp>

<comp id="1564" class="1004" name="icmp_ln522_fu_1564">
<pin_list>
<pin id="1565" dir="0" index="0" bw="32" slack="0"/>
<pin id="1566" dir="0" index="1" bw="3" slack="0"/>
<pin id="1567" dir="1" index="2" bw="1" slack="0"/>
</pin_list>
<bind>
<opcode="icmp(45) " fcode="icmp"/>
<opset="icmp_ln522/18 "/>
</bind>
</comp>

<comp id="1570" class="1004" name="first_row_index_2_fu_1570">
<pin_list>
<pin id="1571" dir="0" index="0" bw="1" slack="0"/>
<pin id="1572" dir="0" index="1" bw="1" slack="0"/>
<pin id="1573" dir="0" index="2" bw="32" slack="0"/>
<pin id="1574" dir="1" index="3" bw="32" slack="0"/>
</pin_list>
<bind>
<opcode="select(49) " fcode="select"/>
<opset="first_row_index_2/18 "/>
</bind>
</comp>

<comp id="1578" class="1004" name="read_rows_count_1_fu_1578">
<pin_list>
<pin id="1579" dir="0" index="0" bw="32" slack="3"/>
<pin id="1580" dir="0" index="1" bw="1" slack="0"/>
<pin id="1581" dir="1" index="2" bw="32" slack="0"/>
</pin_list>
<bind>
<opcode="add(8) " fcode="add"/>
<opset="read_rows_count_1/18 "/>
</bind>
</comp>

<comp id="1584" class="1004" name="sel_tmp1_fu_1584">
<pin_list>
<pin id="1585" dir="0" index="0" bw="1" slack="2"/>
<pin id="1586" dir="0" index="1" bw="32" slack="0"/>
<pin id="1587" dir="0" index="2" bw="11" slack="8"/>
<pin id="1588" dir="1" index="3" bw="32" slack="0"/>
</pin_list>
<bind>
<opcode="select(49) " fcode="select"/>
<opset="sel_tmp1/18 "/>
</bind>
</comp>

<comp id="1590" class="1004" name="and_ln882_fu_1590">
<pin_list>
<pin id="1591" dir="0" index="0" bw="1" slack="2"/>
<pin id="1592" dir="0" index="1" bw="1" slack="0"/>
<pin id="1593" dir="1" index="2" bw="1" slack="0"/>
</pin_list>
<bind>
<opcode="and(23) " fcode="and"/>
<opset="and_ln882/18 "/>
</bind>
</comp>

<comp id="1595" class="1004" name="read_rows_count_2_fu_1595">
<pin_list>
<pin id="1596" dir="0" index="0" bw="1" slack="0"/>
<pin id="1597" dir="0" index="1" bw="32" slack="3"/>
<pin id="1598" dir="0" index="2" bw="32" slack="0"/>
<pin id="1599" dir="1" index="3" bw="32" slack="1"/>
</pin_list>
<bind>
<opcode="select(49) " fcode="select"/>
<opset="read_rows_count_2/18 "/>
</bind>
</comp>

<comp id="1603" class="1004" name="first_row_index_3_fu_1603">
<pin_list>
<pin id="1604" dir="0" index="0" bw="1" slack="2"/>
<pin id="1605" dir="0" index="1" bw="32" slack="0"/>
<pin id="1606" dir="0" index="2" bw="32" slack="3"/>
<pin id="1607" dir="1" index="3" bw="32" slack="0"/>
</pin_list>
<bind>
<opcode="select(49) " fcode="select"/>
<opset="first_row_index_3/18 "/>
</bind>
</comp>

<comp id="1610" class="1004" name="first_row_index_4_fu_1610">
<pin_list>
<pin id="1611" dir="0" index="0" bw="1" slack="0"/>
<pin id="1612" dir="0" index="1" bw="32" slack="3"/>
<pin id="1613" dir="0" index="2" bw="32" slack="0"/>
<pin id="1614" dir="1" index="3" bw="32" slack="1"/>
</pin_list>
<bind>
<opcode="select(49) " fcode="select"/>
<opset="first_row_index_4/18 "/>
</bind>
</comp>

<comp id="1618" class="1007" name="grp_fu_1618">
<pin_list>
<pin id="1619" dir="0" index="0" bw="12" slack="0"/>
<pin id="1620" dir="0" index="1" bw="12" slack="0"/>
<pin id="1621" dir="1" index="2" bw="24" slack="0"/>
</pin_list>
<bind>
<opcode="mul(12) " fcode="mul"/>
<opset="r_V/11 "/>
</bind>
</comp>

<comp id="1625" class="1007" name="grp_fu_1625">
<pin_list>
<pin id="1626" dir="0" index="0" bw="12" slack="0"/>
<pin id="1627" dir="0" index="1" bw="9" slack="0"/>
<pin id="1628" dir="1" index="2" bw="21" slack="0"/>
</pin_list>
<bind>
<opcode="mul(12) " fcode="mul"/>
<opset="r_V_8/12 "/>
</bind>
</comp>

<comp id="1632" class="1007" name="grp_fu_1632">
<pin_list>
<pin id="1633" dir="0" index="0" bw="12" slack="0"/>
<pin id="1634" dir="0" index="1" bw="9" slack="0"/>
<pin id="1635" dir="0" index="2" bw="21" slack="0"/>
<pin id="1636" dir="1" index="3" bw="22" slack="0"/>
</pin_list>
<bind>
<opcode="muladd(1172) " fcode="muladd"/>
<opset="r_V_9/13 sext_ln1192_2/15 add_ln1192/15 "/>
</bind>
</comp>

<comp id="1641" class="1007" name="grp_fu_1641">
<pin_list>
<pin id="1642" dir="0" index="0" bw="12" slack="0"/>
<pin id="1643" dir="0" index="1" bw="10" slack="0"/>
<pin id="1644" dir="0" index="2" bw="22" slack="0"/>
<pin id="1645" dir="1" index="3" bw="23" slack="0"/>
</pin_list>
<bind>
<opcode="muladd(1172) " fcode="muladd"/>
<opset="r_V_7/14 sext_ln1192/16 ret_V_18/16 "/>
</bind>
</comp>

<comp id="1650" class="1005" name="p_read_1_reg_1650">
<pin_list>
<pin id="1651" dir="0" index="0" bw="11" slack="2"/>
<pin id="1652" dir="1" index="1" bw="11" slack="2"/>
</pin_list>
<bind>
<opset="p_read_1 "/>
</bind>
</comp>

<comp id="1660" class="1005" name="p_read_2_reg_1660">
<pin_list>
<pin id="1661" dir="0" index="0" bw="11" slack="3"/>
<pin id="1662" dir="1" index="1" bw="11" slack="3"/>
</pin_list>
<bind>
<opset="p_read_2 "/>
</bind>
</comp>

<comp id="1667" class="1005" name="p_read_3_reg_1667">
<pin_list>
<pin id="1668" dir="0" index="0" bw="11" slack="1"/>
<pin id="1669" dir="1" index="1" bw="11" slack="1"/>
</pin_list>
<bind>
<opset="p_read_3 "/>
</bind>
</comp>

<comp id="1678" class="1005" name="p_read_4_reg_1678">
<pin_list>
<pin id="1679" dir="0" index="0" bw="11" slack="3"/>
<pin id="1680" dir="1" index="1" bw="11" slack="3"/>
</pin_list>
<bind>
<opset="p_read_4 "/>
</bind>
</comp>

<comp id="1685" class="1005" name="p_read_cast9_reg_1685">
<pin_list>
<pin id="1686" dir="0" index="0" bw="32" slack="6"/>
<pin id="1687" dir="1" index="1" bw="32" slack="6"/>
</pin_list>
<bind>
<opset="p_read_cast9 "/>
</bind>
</comp>

<comp id="1692" class="1005" name="p_read_cast27_reg_1692">
<pin_list>
<pin id="1693" dir="0" index="0" bw="12" slack="4"/>
<pin id="1694" dir="1" index="1" bw="12" slack="4"/>
</pin_list>
<bind>
<opset="p_read_cast27 "/>
</bind>
</comp>

<comp id="1697" class="1005" name="p_read1_cast25_reg_1697">
<pin_list>
<pin id="1698" dir="0" index="0" bw="12" slack="4"/>
<pin id="1699" dir="1" index="1" bw="12" slack="4"/>
</pin_list>
<bind>
<opset="p_read1_cast25 "/>
</bind>
</comp>

<comp id="1702" class="1005" name="p_read2_cast24_reg_1702">
<pin_list>
<pin id="1703" dir="0" index="0" bw="12" slack="4"/>
<pin id="1704" dir="1" index="1" bw="12" slack="4"/>
</pin_list>
<bind>
<opset="p_read2_cast24 "/>
</bind>
</comp>

<comp id="1707" class="1005" name="tmp_reg_1707">
<pin_list>
<pin id="1708" dir="0" index="0" bw="12" slack="1"/>
<pin id="1709" dir="1" index="1" bw="12" slack="1"/>
</pin_list>
<bind>
<opset="tmp "/>
</bind>
</comp>

<comp id="1712" class="1005" name="add_ln332_1_reg_1712">
<pin_list>
<pin id="1713" dir="0" index="0" bw="12" slack="0"/>
<pin id="1714" dir="1" index="1" bw="12" slack="0"/>
</pin_list>
<bind>
<opset="add_ln332_1 "/>
</bind>
</comp>

<comp id="1717" class="1005" name="icmp_ln332_reg_1717">
<pin_list>
<pin id="1718" dir="0" index="0" bw="1" slack="1"/>
<pin id="1719" dir="1" index="1" bw="1" slack="2147483647"/>
</pin_list>
<bind>
<opset="icmp_ln332 "/>
</bind>
</comp>

<comp id="1721" class="1005" name="select_ln332_reg_1721">
<pin_list>
<pin id="1722" dir="0" index="0" bw="11" slack="1"/>
<pin id="1723" dir="1" index="1" bw="11" slack="1"/>
</pin_list>
<bind>
<opset="select_ln332 "/>
</bind>
</comp>

<comp id="1726" class="1005" name="select_ln332_1_reg_1726">
<pin_list>
<pin id="1727" dir="0" index="0" bw="2" slack="0"/>
<pin id="1728" dir="1" index="1" bw="2" slack="0"/>
</pin_list>
<bind>
<opset="select_ln332_1 "/>
</bind>
</comp>

<comp id="1731" class="1005" name="trunc_ln332_reg_1731">
<pin_list>
<pin id="1732" dir="0" index="0" bw="1" slack="1"/>
<pin id="1733" dir="1" index="1" bw="1" slack="2147483647"/>
</pin_list>
<bind>
<opset="trunc_ln332 "/>
</bind>
</comp>

<comp id="1735" class="1005" name="add_ln337_reg_1735">
<pin_list>
<pin id="1736" dir="0" index="0" bw="11" slack="0"/>
<pin id="1737" dir="1" index="1" bw="11" slack="0"/>
</pin_list>
<bind>
<opset="add_ln337 "/>
</bind>
</comp>

<comp id="1740" class="1005" name="read_pixel_reg_1740">
<pin_list>
<pin id="1741" dir="0" index="0" bw="8" slack="6"/>
<pin id="1742" dir="1" index="1" bw="8" slack="6"/>
</pin_list>
<bind>
<opset="read_pixel "/>
</bind>
</comp>

<comp id="1746" class="1005" name="nextYScale_V_reg_1746">
<pin_list>
<pin id="1747" dir="0" index="0" bw="17" slack="0"/>
<pin id="1748" dir="1" index="1" bw="17" slack="0"/>
</pin_list>
<bind>
<opset="nextYScale_V "/>
</bind>
</comp>

<comp id="1753" class="1005" name="indexy_V_reg_1753">
<pin_list>
<pin id="1754" dir="0" index="0" bw="17" slack="0"/>
<pin id="1755" dir="1" index="1" bw="17" slack="0"/>
</pin_list>
<bind>
<opset="indexy_V "/>
</bind>
</comp>

<comp id="1760" class="1005" name="zext_ln300_reg_1760">
<pin_list>
<pin id="1761" dir="0" index="0" bw="16" slack="1"/>
<pin id="1762" dir="1" index="1" bw="16" slack="1"/>
</pin_list>
<bind>
<opset="zext_ln300 "/>
</bind>
</comp>

<comp id="1765" class="1005" name="zext_ln300_1_reg_1765">
<pin_list>
<pin id="1766" dir="0" index="0" bw="64" slack="1"/>
<pin id="1767" dir="1" index="1" bw="64" slack="1"/>
</pin_list>
<bind>
<opset="zext_ln300_1 "/>
</bind>
</comp>

<comp id="1770" class="1005" name="zext_ln301_reg_1770">
<pin_list>
<pin id="1771" dir="0" index="0" bw="16" slack="1"/>
<pin id="1772" dir="1" index="1" bw="16" slack="1"/>
</pin_list>
<bind>
<opset="zext_ln301 "/>
</bind>
</comp>

<comp id="1775" class="1005" name="trunc_ln703_reg_1775">
<pin_list>
<pin id="1776" dir="0" index="0" bw="48" slack="5"/>
<pin id="1777" dir="1" index="1" bw="48" slack="5"/>
</pin_list>
<bind>
<opset="trunc_ln703 "/>
</bind>
</comp>

<comp id="1780" class="1005" name="zext_ln301_1_reg_1780">
<pin_list>
<pin id="1781" dir="0" index="0" bw="64" slack="1"/>
<pin id="1782" dir="1" index="1" bw="64" slack="1"/>
</pin_list>
<bind>
<opset="zext_ln301_1 "/>
</bind>
</comp>

<comp id="1785" class="1005" name="loop_row_count_reg_1785">
<pin_list>
<pin id="1786" dir="0" index="0" bw="11" slack="2"/>
<pin id="1787" dir="1" index="1" bw="11" slack="2"/>
</pin_list>
<bind>
<opset="loop_row_count "/>
</bind>
</comp>

<comp id="1790" class="1005" name="zext_ln703_reg_1790">
<pin_list>
<pin id="1791" dir="0" index="0" bw="48" slack="1"/>
<pin id="1792" dir="1" index="1" bw="48" slack="1"/>
</pin_list>
<bind>
<opset="zext_ln703 "/>
</bind>
</comp>

<comp id="1795" class="1005" name="sub272_cast_reg_1795">
<pin_list>
<pin id="1796" dir="0" index="0" bw="32" slack="1"/>
<pin id="1797" dir="1" index="1" bw="32" slack="1"/>
</pin_list>
<bind>
<opset="sub272_cast "/>
</bind>
</comp>

<comp id="1800" class="1005" name="i_op_assign_2_cast_reg_1800">
<pin_list>
<pin id="1801" dir="0" index="0" bw="18" slack="5"/>
<pin id="1802" dir="1" index="1" bw="18" slack="5"/>
</pin_list>
<bind>
<opset="i_op_assign_2_cast "/>
</bind>
</comp>

<comp id="1805" class="1005" name="cmp7515_reg_1805">
<pin_list>
<pin id="1806" dir="0" index="0" bw="1" slack="2"/>
<pin id="1807" dir="1" index="1" bw="1" slack="2147483647"/>
</pin_list>
<bind>
<opset="cmp7515 "/>
</bind>
</comp>

<comp id="1809" class="1005" name="rhs_3_reg_1809">
<pin_list>
<pin id="1810" dir="0" index="0" bw="43" slack="2"/>
<pin id="1811" dir="1" index="1" bw="43" slack="2"/>
</pin_list>
<bind>
<opset="rhs_3 "/>
</bind>
</comp>

<comp id="1814" class="1005" name="tmp_1_cast_reg_1814">
<pin_list>
<pin id="1815" dir="0" index="0" bw="42" slack="2"/>
<pin id="1816" dir="1" index="1" bw="42" slack="2"/>
</pin_list>
<bind>
<opset="tmp_1_cast "/>
</bind>
</comp>

<comp id="1820" class="1005" name="tmp_2_cast_reg_1820">
<pin_list>
<pin id="1821" dir="0" index="0" bw="42" slack="4"/>
<pin id="1822" dir="1" index="1" bw="42" slack="4"/>
</pin_list>
<bind>
<opset="tmp_2_cast "/>
</bind>
</comp>

<comp id="1826" class="1005" name="smax_reg_1826">
<pin_list>
<pin id="1827" dir="0" index="0" bw="11" slack="3"/>
<pin id="1828" dir="1" index="1" bw="11" slack="3"/>
</pin_list>
<bind>
<opset="smax "/>
</bind>
</comp>

<comp id="1831" class="1005" name="sub_ln851_reg_1831">
<pin_list>
<pin id="1832" dir="0" index="0" bw="22" slack="2"/>
<pin id="1833" dir="1" index="1" bw="22" slack="2"/>
</pin_list>
<bind>
<opset="sub_ln851 "/>
</bind>
</comp>

<comp id="1836" class="1005" name="i_2_reg_1836">
<pin_list>
<pin id="1837" dir="0" index="0" bw="11" slack="0"/>
<pin id="1838" dir="1" index="1" bw="11" slack="0"/>
</pin_list>
<bind>
<opset="i_2 "/>
</bind>
</comp>

<comp id="1844" class="1005" name="trunc_ln387_reg_1844">
<pin_list>
<pin id="1845" dir="0" index="0" bw="22" slack="1"/>
<pin id="1846" dir="1" index="1" bw="22" slack="1"/>
</pin_list>
<bind>
<opset="trunc_ln387 "/>
</bind>
</comp>

<comp id="1849" class="1005" name="slt_reg_1849">
<pin_list>
<pin id="1850" dir="0" index="0" bw="1" slack="2"/>
<pin id="1851" dir="1" index="1" bw="1" slack="3"/>
</pin_list>
<bind>
<opset="slt "/>
</bind>
</comp>

<comp id="1854" class="1005" name="cmp89_reg_1854">
<pin_list>
<pin id="1855" dir="0" index="0" bw="1" slack="1"/>
<pin id="1856" dir="1" index="1" bw="1" slack="2"/>
</pin_list>
<bind>
<opset="cmp89 "/>
</bind>
</comp>

<comp id="1861" class="1005" name="op2_assign_reg_1861">
<pin_list>
<pin id="1862" dir="0" index="0" bw="32" slack="1"/>
<pin id="1863" dir="1" index="1" bw="32" slack="1"/>
</pin_list>
<bind>
<opset="op2_assign "/>
</bind>
</comp>

<comp id="1868" class="1005" name="cmp277_reg_1868">
<pin_list>
<pin id="1869" dir="0" index="0" bw="1" slack="1"/>
<pin id="1870" dir="1" index="1" bw="1" slack="1"/>
</pin_list>
<bind>
<opset="cmp277 "/>
</bind>
</comp>

<comp id="1874" class="1005" name="op2_assign_1_reg_1874">
<pin_list>
<pin id="1875" dir="0" index="0" bw="32" slack="1"/>
<pin id="1876" dir="1" index="1" bw="32" slack="1"/>
</pin_list>
<bind>
<opset="op2_assign_1 "/>
</bind>
</comp>

<comp id="1880" class="1005" name="indexy_pre_V_reg_1880">
<pin_list>
<pin id="1881" dir="0" index="0" bw="42" slack="1"/>
<pin id="1882" dir="1" index="1" bw="42" slack="1"/>
</pin_list>
<bind>
<opset="indexy_pre_V "/>
</bind>
</comp>

<comp id="1886" class="1005" name="p_Result_s_reg_1886">
<pin_list>
<pin id="1887" dir="0" index="0" bw="1" slack="1"/>
<pin id="1888" dir="1" index="1" bw="1" slack="1"/>
</pin_list>
<bind>
<opset="p_Result_s "/>
</bind>
</comp>

<comp id="1891" class="1005" name="trunc_ln389_reg_1891">
<pin_list>
<pin id="1892" dir="0" index="0" bw="24" slack="3"/>
<pin id="1893" dir="1" index="1" bw="24" slack="3"/>
</pin_list>
<bind>
<opset="trunc_ln389 "/>
</bind>
</comp>

<comp id="1896" class="1005" name="ret_V_15_reg_1896">
<pin_list>
<pin id="1897" dir="0" index="0" bw="17" slack="2"/>
<pin id="1898" dir="1" index="1" bw="17" slack="2"/>
</pin_list>
<bind>
<opset="ret_V_15 "/>
</bind>
</comp>

<comp id="1901" class="1005" name="xor_ln882_reg_1901">
<pin_list>
<pin id="1902" dir="0" index="0" bw="1" slack="1"/>
<pin id="1903" dir="1" index="1" bw="1" slack="1"/>
</pin_list>
<bind>
<opset="xor_ln882 "/>
</bind>
</comp>

<comp id="1906" class="1005" name="add_ln389_reg_1906">
<pin_list>
<pin id="1907" dir="0" index="0" bw="11" slack="0"/>
<pin id="1908" dir="1" index="1" bw="11" slack="0"/>
</pin_list>
<bind>
<opset="add_ln389 "/>
</bind>
</comp>

<comp id="1911" class="1005" name="icmp_ln389_reg_1911">
<pin_list>
<pin id="1912" dir="0" index="0" bw="1" slack="1"/>
<pin id="1913" dir="1" index="1" bw="1" slack="2147483647"/>
</pin_list>
<bind>
<opset="icmp_ln389 "/>
</bind>
</comp>

<comp id="1915" class="1005" name="ret_V_16_reg_1915">
<pin_list>
<pin id="1916" dir="0" index="0" bw="17" slack="0"/>
<pin id="1917" dir="1" index="1" bw="17" slack="0"/>
</pin_list>
<bind>
<opset="ret_V_16 "/>
</bind>
</comp>

<comp id="1920" class="1005" name="trunc_ln728_reg_1920">
<pin_list>
<pin id="1921" dir="0" index="0" bw="2" slack="2"/>
<pin id="1922" dir="1" index="1" bw="2" slack="2"/>
</pin_list>
<bind>
<opset="trunc_ln728 "/>
</bind>
</comp>

<comp id="1925" class="1005" name="and_ln406_reg_1925">
<pin_list>
<pin id="1926" dir="0" index="0" bw="1" slack="1"/>
<pin id="1927" dir="1" index="1" bw="1" slack="2147483647"/>
</pin_list>
<bind>
<opset="and_ln406 "/>
</bind>
</comp>

<comp id="1929" class="1005" name="icmp_ln870_2_reg_1929">
<pin_list>
<pin id="1930" dir="0" index="0" bw="1" slack="2"/>
<pin id="1931" dir="1" index="1" bw="1" slack="3"/>
</pin_list>
<bind>
<opset="icmp_ln870_2 "/>
</bind>
</comp>

<comp id="1935" class="1005" name="and_ln487_reg_1935">
<pin_list>
<pin id="1936" dir="0" index="0" bw="1" slack="2"/>
<pin id="1937" dir="1" index="1" bw="1" slack="2147483647"/>
</pin_list>
<bind>
<opset="and_ln487 "/>
</bind>
</comp>

<comp id="1939" class="1005" name="icmp_ln489_reg_1939">
<pin_list>
<pin id="1940" dir="0" index="0" bw="1" slack="2"/>
<pin id="1941" dir="1" index="1" bw="1" slack="2147483647"/>
</pin_list>
<bind>
<opset="icmp_ln489 "/>
</bind>
</comp>

<comp id="1943" class="1005" name="and_ln486_reg_1943">
<pin_list>
<pin id="1944" dir="0" index="0" bw="1" slack="2"/>
<pin id="1945" dir="1" index="1" bw="1" slack="2147483647"/>
</pin_list>
<bind>
<opset="and_ln486 "/>
</bind>
</comp>

<comp id="1947" class="1005" name="indexx_pre_V_reg_1947">
<pin_list>
<pin id="1948" dir="0" index="0" bw="42" slack="1"/>
<pin id="1949" dir="1" index="1" bw="42" slack="1"/>
</pin_list>
<bind>
<opset="indexx_pre_V "/>
</bind>
</comp>

<comp id="1952" class="1005" name="trunc_ln831_1_reg_1952">
<pin_list>
<pin id="1953" dir="0" index="0" bw="17" slack="1"/>
<pin id="1954" dir="1" index="1" bw="17" slack="1"/>
</pin_list>
<bind>
<opset="trunc_ln831_1 "/>
</bind>
</comp>

<comp id="1959" class="1005" name="trunc_ln851_1_reg_1959">
<pin_list>
<pin id="1960" dir="0" index="0" bw="22" slack="1"/>
<pin id="1961" dir="1" index="1" bw="22" slack="1"/>
</pin_list>
<bind>
<opset="trunc_ln851_1 "/>
</bind>
</comp>

<comp id="1964" class="1005" name="trunc_ln703_2_reg_1964">
<pin_list>
<pin id="1965" dir="0" index="0" bw="24" slack="1"/>
<pin id="1966" dir="1" index="1" bw="24" slack="1"/>
</pin_list>
<bind>
<opset="trunc_ln703_2 "/>
</bind>
</comp>

<comp id="1969" class="1005" name="line_buffer_V_1_0_addr_3_reg_1969">
<pin_list>
<pin id="1970" dir="0" index="0" bw="11" slack="1"/>
<pin id="1971" dir="1" index="1" bw="11" slack="1"/>
</pin_list>
<bind>
<opset="line_buffer_V_1_0_addr_3 "/>
</bind>
</comp>

<comp id="1974" class="1005" name="line_buffer_V_1_0_addr_4_reg_1974">
<pin_list>
<pin id="1975" dir="0" index="0" bw="11" slack="1"/>
<pin id="1976" dir="1" index="1" bw="11" slack="1"/>
</pin_list>
<bind>
<opset="line_buffer_V_1_0_addr_4 "/>
</bind>
</comp>

<comp id="1979" class="1005" name="line_buffer_V_2_0_addr_2_reg_1979">
<pin_list>
<pin id="1980" dir="0" index="0" bw="11" slack="1"/>
<pin id="1981" dir="1" index="1" bw="11" slack="1"/>
</pin_list>
<bind>
<opset="line_buffer_V_2_0_addr_2 "/>
</bind>
</comp>

<comp id="1984" class="1005" name="line_buffer_V_2_0_addr_3_reg_1984">
<pin_list>
<pin id="1985" dir="0" index="0" bw="11" slack="1"/>
<pin id="1986" dir="1" index="1" bw="11" slack="1"/>
</pin_list>
<bind>
<opset="line_buffer_V_2_0_addr_3 "/>
</bind>
</comp>

<comp id="1989" class="1005" name="line_buffer_V_0_0_addr_3_reg_1989">
<pin_list>
<pin id="1990" dir="0" index="0" bw="11" slack="1"/>
<pin id="1991" dir="1" index="1" bw="11" slack="1"/>
</pin_list>
<bind>
<opset="line_buffer_V_0_0_addr_3 "/>
</bind>
</comp>

<comp id="1994" class="1005" name="line_buffer_V_0_0_addr_4_reg_1994">
<pin_list>
<pin id="1995" dir="0" index="0" bw="11" slack="1"/>
<pin id="1996" dir="1" index="1" bw="11" slack="1"/>
</pin_list>
<bind>
<opset="line_buffer_V_0_0_addr_4 "/>
</bind>
</comp>

<comp id="1999" class="1005" name="line_buffer_V_1_0_addr_1_reg_1999">
<pin_list>
<pin id="2000" dir="0" index="0" bw="11" slack="1"/>
<pin id="2001" dir="1" index="1" bw="11" slack="1"/>
</pin_list>
<bind>
<opset="line_buffer_V_1_0_addr_1 "/>
</bind>
</comp>

<comp id="2004" class="1005" name="line_buffer_V_1_0_addr_2_reg_2004">
<pin_list>
<pin id="2005" dir="0" index="0" bw="11" slack="1"/>
<pin id="2006" dir="1" index="1" bw="11" slack="1"/>
</pin_list>
<bind>
<opset="line_buffer_V_1_0_addr_2 "/>
</bind>
</comp>

<comp id="2009" class="1005" name="line_buffer_V_2_0_addr_reg_2009">
<pin_list>
<pin id="2010" dir="0" index="0" bw="11" slack="1"/>
<pin id="2011" dir="1" index="1" bw="11" slack="1"/>
</pin_list>
<bind>
<opset="line_buffer_V_2_0_addr "/>
</bind>
</comp>

<comp id="2014" class="1005" name="line_buffer_V_2_0_addr_1_reg_2014">
<pin_list>
<pin id="2015" dir="0" index="0" bw="11" slack="1"/>
<pin id="2016" dir="1" index="1" bw="11" slack="1"/>
</pin_list>
<bind>
<opset="line_buffer_V_2_0_addr_1 "/>
</bind>
</comp>

<comp id="2019" class="1005" name="line_buffer_V_0_0_addr_1_reg_2019">
<pin_list>
<pin id="2020" dir="0" index="0" bw="11" slack="1"/>
<pin id="2021" dir="1" index="1" bw="11" slack="1"/>
</pin_list>
<bind>
<opset="line_buffer_V_0_0_addr_1 "/>
</bind>
</comp>

<comp id="2024" class="1005" name="line_buffer_V_0_0_addr_2_reg_2024">
<pin_list>
<pin id="2025" dir="0" index="0" bw="11" slack="1"/>
<pin id="2026" dir="1" index="1" bw="11" slack="1"/>
</pin_list>
<bind>
<opset="line_buffer_V_0_0_addr_2 "/>
</bind>
</comp>

<comp id="2029" class="1005" name="Wy_V_reg_2029">
<pin_list>
<pin id="2030" dir="0" index="0" bw="12" slack="1"/>
<pin id="2031" dir="1" index="1" bw="12" slack="1"/>
</pin_list>
<bind>
<opset="Wy_V "/>
</bind>
</comp>

<comp id="2034" class="1005" name="Wy_V_1_reg_2034">
<pin_list>
<pin id="2035" dir="0" index="0" bw="24" slack="1"/>
<pin id="2036" dir="1" index="1" bw="24" slack="1"/>
</pin_list>
<bind>
<opset="Wy_V_1 "/>
</bind>
</comp>

<comp id="2039" class="1005" name="Wx_V_reg_2039">
<pin_list>
<pin id="2040" dir="0" index="0" bw="12" slack="2"/>
<pin id="2041" dir="1" index="1" bw="12" slack="2"/>
</pin_list>
<bind>
<opset="Wx_V "/>
</bind>
</comp>

<comp id="2044" class="1005" name="zext_ln708_reg_2044">
<pin_list>
<pin id="2045" dir="0" index="0" bw="24" slack="1"/>
<pin id="2046" dir="1" index="1" bw="24" slack="1"/>
</pin_list>
<bind>
<opset="zext_ln708 "/>
</bind>
</comp>

<comp id="2049" class="1005" name="p_Val2_s_reg_2049">
<pin_list>
<pin id="2050" dir="0" index="0" bw="8" slack="5"/>
<pin id="2051" dir="1" index="1" bw="8" slack="5"/>
</pin_list>
<bind>
<opset="p_Val2_s "/>
</bind>
</comp>

<comp id="2054" class="1005" name="zext_ln215_reg_2054">
<pin_list>
<pin id="2055" dir="0" index="0" bw="9" slack="1"/>
<pin id="2056" dir="1" index="1" bw="9" slack="1"/>
</pin_list>
<bind>
<opset="zext_ln215 "/>
</bind>
</comp>

<comp id="2060" class="1005" name="zext_ln215_2_reg_2060">
<pin_list>
<pin id="2061" dir="0" index="0" bw="9" slack="1"/>
<pin id="2062" dir="1" index="1" bw="9" slack="1"/>
</pin_list>
<bind>
<opset="zext_ln215_2 "/>
</bind>
</comp>

<comp id="2065" class="1005" name="sext_ln1118_reg_2065">
<pin_list>
<pin id="2066" dir="0" index="0" bw="21" slack="1"/>
<pin id="2067" dir="1" index="1" bw="21" slack="1"/>
</pin_list>
<bind>
<opset="sext_ln1118 "/>
</bind>
</comp>

<comp id="2070" class="1005" name="zext_ln1118_reg_2070">
<pin_list>
<pin id="2071" dir="0" index="0" bw="21" slack="1"/>
<pin id="2072" dir="1" index="1" bw="21" slack="1"/>
</pin_list>
<bind>
<opset="zext_ln1118 "/>
</bind>
</comp>

<comp id="2075" class="1005" name="ret_9_reg_2075">
<pin_list>
<pin id="2076" dir="0" index="0" bw="10" slack="1"/>
<pin id="2077" dir="1" index="1" bw="10" slack="1"/>
</pin_list>
<bind>
<opset="ret_9 "/>
</bind>
</comp>

<comp id="2080" class="1005" name="sext_ln1115_1_reg_2080">
<pin_list>
<pin id="2081" dir="0" index="0" bw="21" slack="1"/>
<pin id="2082" dir="1" index="1" bw="21" slack="1"/>
</pin_list>
<bind>
<opset="sext_ln1115_1 "/>
</bind>
</comp>

<comp id="2085" class="1005" name="zext_ln1118_1_reg_2085">
<pin_list>
<pin id="2086" dir="0" index="0" bw="21" slack="1"/>
<pin id="2087" dir="1" index="1" bw="21" slack="1"/>
</pin_list>
<bind>
<opset="zext_ln1118_1 "/>
</bind>
</comp>

<comp id="2090" class="1005" name="zext_ln708_1_reg_2090">
<pin_list>
<pin id="2091" dir="0" index="0" bw="22" slack="1"/>
<pin id="2092" dir="1" index="1" bw="22" slack="1"/>
</pin_list>
<bind>
<opset="zext_ln708_1 "/>
</bind>
</comp>

<comp id="2095" class="1005" name="sext_ln1115_reg_2095">
<pin_list>
<pin id="2096" dir="0" index="0" bw="22" slack="1"/>
<pin id="2097" dir="1" index="1" bw="22" slack="1"/>
</pin_list>
<bind>
<opset="sext_ln1115 "/>
</bind>
</comp>

<comp id="2100" class="1005" name="sext_ln1192_1_reg_2100">
<pin_list>
<pin id="2101" dir="0" index="0" bw="22" slack="1"/>
<pin id="2102" dir="1" index="1" bw="22" slack="1"/>
</pin_list>
<bind>
<opset="sext_ln1192_1 "/>
</bind>
</comp>

<comp id="2105" class="1005" name="sext_ln1192_4_reg_2105">
<pin_list>
<pin id="2106" dir="0" index="0" bw="23" slack="1"/>
<pin id="2107" dir="1" index="1" bw="23" slack="1"/>
</pin_list>
<bind>
<opset="sext_ln1192_4 "/>
</bind>
</comp>

<comp id="2110" class="1005" name="output_rows_count_1_reg_2110">
<pin_list>
<pin id="2111" dir="0" index="0" bw="32" slack="1"/>
<pin id="2112" dir="1" index="1" bw="32" slack="1"/>
</pin_list>
<bind>
<opset="output_rows_count_1 "/>
</bind>
</comp>

<comp id="2115" class="1005" name="read_rows_count_2_reg_2115">
<pin_list>
<pin id="2116" dir="0" index="0" bw="32" slack="1"/>
<pin id="2117" dir="1" index="1" bw="32" slack="1"/>
</pin_list>
<bind>
<opset="read_rows_count_2 "/>
</bind>
</comp>

<comp id="2120" class="1005" name="first_row_index_4_reg_2120">
<pin_list>
<pin id="2121" dir="0" index="0" bw="32" slack="1"/>
<pin id="2122" dir="1" index="1" bw="32" slack="1"/>
</pin_list>
<bind>
<opset="first_row_index_4 "/>
</bind>
</comp>

</comp_list>

<net_list>
<net id="159"><net_src comp="22" pin="0"/><net_sink comp="156" pin=0"/></net>

<net id="163"><net_src comp="22" pin="0"/><net_sink comp="160" pin=0"/></net>

<net id="167"><net_src comp="22" pin="0"/><net_sink comp="164" pin=0"/></net>

<net id="171"><net_src comp="68" pin="0"/><net_sink comp="168" pin=0"/></net>

<net id="175"><net_src comp="68" pin="0"/><net_sink comp="172" pin=0"/></net>

<net id="179"><net_src comp="68" pin="0"/><net_sink comp="176" pin=0"/></net>

<net id="184"><net_src comp="12" pin="0"/><net_sink comp="180" pin=0"/></net>

<net id="185"><net_src comp="10" pin="0"/><net_sink comp="180" pin=1"/></net>

<net id="190"><net_src comp="12" pin="0"/><net_sink comp="186" pin=0"/></net>

<net id="191"><net_src comp="8" pin="0"/><net_sink comp="186" pin=1"/></net>

<net id="196"><net_src comp="12" pin="0"/><net_sink comp="192" pin=0"/></net>

<net id="197"><net_src comp="6" pin="0"/><net_sink comp="192" pin=1"/></net>

<net id="202"><net_src comp="12" pin="0"/><net_sink comp="198" pin=0"/></net>

<net id="203"><net_src comp="4" pin="0"/><net_sink comp="198" pin=1"/></net>

<net id="208"><net_src comp="64" pin="0"/><net_sink comp="204" pin=0"/></net>

<net id="209"><net_src comp="0" pin="0"/><net_sink comp="204" pin=1"/></net>

<net id="215"><net_src comp="152" pin="0"/><net_sink comp="210" pin=0"/></net>

<net id="216"><net_src comp="2" pin="0"/><net_sink comp="210" pin=1"/></net>

<net id="222"><net_src comp="66" pin="0"/><net_sink comp="217" pin=1"/></net>

<net id="228"><net_src comp="66" pin="0"/><net_sink comp="223" pin=1"/></net>

<net id="234"><net_src comp="204" pin="2"/><net_sink comp="229" pin=1"/></net>

<net id="235"><net_src comp="217" pin="3"/><net_sink comp="229" pin=0"/></net>

<net id="241"><net_src comp="204" pin="2"/><net_sink comp="236" pin=1"/></net>

<net id="242"><net_src comp="223" pin="3"/><net_sink comp="236" pin=0"/></net>

<net id="248"><net_src comp="66" pin="0"/><net_sink comp="243" pin=1"/></net>

<net id="253"><net_src comp="243" pin="3"/><net_sink comp="236" pin=2"/></net>

<net id="259"><net_src comp="66" pin="0"/><net_sink comp="254" pin=1"/></net>

<net id="260"><net_src comp="254" pin="3"/><net_sink comp="236" pin=0"/></net>

<net id="266"><net_src comp="66" pin="0"/><net_sink comp="261" pin=1"/></net>

<net id="276"><net_src comp="261" pin="3"/><net_sink comp="267" pin=2"/></net>

<net id="282"><net_src comp="66" pin="0"/><net_sink comp="277" pin=1"/></net>

<net id="283"><net_src comp="277" pin="3"/><net_sink comp="267" pin=0"/></net>

<net id="289"><net_src comp="66" pin="0"/><net_sink comp="284" pin=1"/></net>

<net id="290"><net_src comp="284" pin="3"/><net_sink comp="229" pin=0"/></net>

<net id="296"><net_src comp="66" pin="0"/><net_sink comp="291" pin=1"/></net>

<net id="301"><net_src comp="291" pin="3"/><net_sink comp="229" pin=2"/></net>

<net id="307"><net_src comp="66" pin="0"/><net_sink comp="302" pin=1"/></net>

<net id="308"><net_src comp="302" pin="3"/><net_sink comp="229" pin=0"/></net>

<net id="314"><net_src comp="66" pin="0"/><net_sink comp="309" pin=1"/></net>

<net id="315"><net_src comp="309" pin="3"/><net_sink comp="236" pin=2"/></net>

<net id="321"><net_src comp="66" pin="0"/><net_sink comp="316" pin=1"/></net>

<net id="322"><net_src comp="316" pin="3"/><net_sink comp="236" pin=0"/></net>

<net id="328"><net_src comp="66" pin="0"/><net_sink comp="323" pin=1"/></net>

<net id="329"><net_src comp="323" pin="3"/><net_sink comp="267" pin=0"/></net>

<net id="335"><net_src comp="66" pin="0"/><net_sink comp="330" pin=1"/></net>

<net id="336"><net_src comp="330" pin="3"/><net_sink comp="267" pin=2"/></net>

<net id="342"><net_src comp="66" pin="0"/><net_sink comp="337" pin=1"/></net>

<net id="343"><net_src comp="337" pin="3"/><net_sink comp="267" pin=0"/></net>

<net id="349"><net_src comp="66" pin="0"/><net_sink comp="344" pin=1"/></net>

<net id="350"><net_src comp="344" pin="3"/><net_sink comp="229" pin=2"/></net>

<net id="356"><net_src comp="66" pin="0"/><net_sink comp="351" pin=1"/></net>

<net id="357"><net_src comp="351" pin="3"/><net_sink comp="229" pin=0"/></net>

<net id="363"><net_src comp="66" pin="0"/><net_sink comp="358" pin=1"/></net>

<net id="364"><net_src comp="358" pin="3"/><net_sink comp="236" pin=0"/></net>

<net id="368"><net_src comp="34" pin="0"/><net_sink comp="365" pin=0"/></net>

<net id="375"><net_src comp="365" pin="1"/><net_sink comp="369" pin=0"/></net>

<net id="379"><net_src comp="36" pin="0"/><net_sink comp="376" pin=0"/></net>

<net id="386"><net_src comp="376" pin="1"/><net_sink comp="380" pin=0"/></net>

<net id="390"><net_src comp="38" pin="0"/><net_sink comp="387" pin=0"/></net>

<net id="397"><net_src comp="387" pin="1"/><net_sink comp="391" pin=0"/></net>

<net id="401"><net_src comp="38" pin="0"/><net_sink comp="398" pin=0"/></net>

<net id="408"><net_src comp="398" pin="1"/><net_sink comp="402" pin=0"/></net>

<net id="412"><net_src comp="18" pin="0"/><net_sink comp="409" pin=0"/></net>

<net id="419"><net_src comp="409" pin="1"/><net_sink comp="413" pin=0"/></net>

<net id="420"><net_src comp="413" pin="4"/><net_sink comp="409" pin=0"/></net>

<net id="424"><net_src comp="18" pin="0"/><net_sink comp="421" pin=0"/></net>

<net id="431"><net_src comp="421" pin="1"/><net_sink comp="425" pin=0"/></net>

<net id="432"><net_src comp="425" pin="4"/><net_sink comp="421" pin=0"/></net>

<net id="436"><net_src comp="92" pin="0"/><net_sink comp="433" pin=0"/></net>

<net id="443"><net_src comp="433" pin="1"/><net_sink comp="437" pin=0"/></net>

<net id="444"><net_src comp="437" pin="4"/><net_sink comp="433" pin=0"/></net>

<net id="448"><net_src comp="38" pin="0"/><net_sink comp="445" pin=0"/></net>

<net id="455"><net_src comp="445" pin="1"/><net_sink comp="449" pin=0"/></net>

<net id="456"><net_src comp="449" pin="4"/><net_sink comp="445" pin=0"/></net>

<net id="460"><net_src comp="122" pin="0"/><net_sink comp="457" pin=0"/></net>

<net id="467"><net_src comp="457" pin="1"/><net_sink comp="461" pin=0"/></net>

<net id="468"><net_src comp="461" pin="4"/><net_sink comp="457" pin=0"/></net>

<net id="472"><net_src comp="120" pin="0"/><net_sink comp="469" pin=0"/></net>

<net id="473"><net_src comp="32" pin="0"/><net_sink comp="469" pin=0"/></net>

<net id="482"><net_src comp="469" pin="1"/><net_sink comp="474" pin=0"/></net>

<net id="483"><net_src comp="469" pin="1"/><net_sink comp="474" pin=2"/></net>

<net id="484"><net_src comp="469" pin="1"/><net_sink comp="474" pin=4"/></net>

<net id="485"><net_src comp="474" pin="6"/><net_sink comp="469" pin=0"/></net>

<net id="503"><net_src comp="229" pin="7"/><net_sink comp="489" pin=0"/></net>

<net id="504"><net_src comp="229" pin="7"/><net_sink comp="489" pin=2"/></net>

<net id="505"><net_src comp="267" pin="7"/><net_sink comp="489" pin=4"/></net>

<net id="506"><net_src comp="267" pin="7"/><net_sink comp="489" pin=6"/></net>

<net id="507"><net_src comp="236" pin="7"/><net_sink comp="489" pin=8"/></net>

<net id="508"><net_src comp="236" pin="7"/><net_sink comp="489" pin=10"/></net>

<net id="526"><net_src comp="267" pin="7"/><net_sink comp="512" pin=0"/></net>

<net id="527"><net_src comp="267" pin="7"/><net_sink comp="512" pin=2"/></net>

<net id="528"><net_src comp="236" pin="7"/><net_sink comp="512" pin=4"/></net>

<net id="529"><net_src comp="236" pin="7"/><net_sink comp="512" pin=6"/></net>

<net id="530"><net_src comp="229" pin="7"/><net_sink comp="512" pin=8"/></net>

<net id="531"><net_src comp="229" pin="7"/><net_sink comp="512" pin=10"/></net>

<net id="576"><net_src comp="72" pin="0"/><net_sink comp="566" pin=0"/></net>

<net id="594"><net_src comp="94" pin="0"/><net_sink comp="583" pin=0"/></net>

<net id="595"><net_src comp="425" pin="4"/><net_sink comp="583" pin=1"/></net>

<net id="598"><net_src comp="583" pin="3"/><net_sink comp="577" pin=0"/></net>

<net id="606"><net_src comp="603" pin="1"/><net_sink comp="229" pin=1"/></net>

<net id="607"><net_src comp="603" pin="1"/><net_sink comp="267" pin=1"/></net>

<net id="608"><net_src comp="603" pin="1"/><net_sink comp="236" pin=1"/></net>

<net id="612"><net_src comp="236" pin="3"/><net_sink comp="609" pin=0"/></net>

<net id="613"><net_src comp="609" pin="1"/><net_sink comp="535" pin=4"/></net>

<net id="614"><net_src comp="609" pin="1"/><net_sink comp="535" pin=6"/></net>

<net id="615"><net_src comp="609" pin="1"/><net_sink comp="552" pin=8"/></net>

<net id="616"><net_src comp="609" pin="1"/><net_sink comp="552" pin=10"/></net>

<net id="620"><net_src comp="267" pin="3"/><net_sink comp="617" pin=0"/></net>

<net id="621"><net_src comp="617" pin="1"/><net_sink comp="552" pin=4"/></net>

<net id="622"><net_src comp="617" pin="1"/><net_sink comp="552" pin=6"/></net>

<net id="623"><net_src comp="617" pin="1"/><net_sink comp="535" pin=0"/></net>

<net id="624"><net_src comp="617" pin="1"/><net_sink comp="535" pin=2"/></net>

<net id="628"><net_src comp="229" pin="3"/><net_sink comp="625" pin=0"/></net>

<net id="629"><net_src comp="625" pin="1"/><net_sink comp="535" pin=8"/></net>

<net id="630"><net_src comp="625" pin="1"/><net_sink comp="535" pin=10"/></net>

<net id="631"><net_src comp="625" pin="1"/><net_sink comp="552" pin=0"/></net>

<net id="632"><net_src comp="625" pin="1"/><net_sink comp="552" pin=2"/></net>

<net id="636"><net_src comp="198" pin="2"/><net_sink comp="633" pin=0"/></net>

<net id="640"><net_src comp="198" pin="2"/><net_sink comp="637" pin=0"/></net>

<net id="644"><net_src comp="192" pin="2"/><net_sink comp="641" pin=0"/></net>

<net id="648"><net_src comp="186" pin="2"/><net_sink comp="645" pin=0"/></net>

<net id="654"><net_src comp="30" pin="0"/><net_sink comp="649" pin=0"/></net>

<net id="655"><net_src comp="192" pin="2"/><net_sink comp="649" pin=1"/></net>

<net id="656"><net_src comp="32" pin="0"/><net_sink comp="649" pin=2"/></net>

<net id="661"><net_src comp="369" pin="4"/><net_sink comp="657" pin=0"/></net>

<net id="662"><net_src comp="40" pin="0"/><net_sink comp="657" pin=1"/></net>

<net id="667"><net_src comp="369" pin="4"/><net_sink comp="663" pin=0"/></net>

<net id="672"><net_src comp="380" pin="4"/><net_sink comp="668" pin=0"/></net>

<net id="673"><net_src comp="42" pin="0"/><net_sink comp="668" pin=1"/></net>

<net id="678"><net_src comp="391" pin="4"/><net_sink comp="674" pin=0"/></net>

<net id="684"><net_src comp="674" pin="2"/><net_sink comp="679" pin=0"/></net>

<net id="685"><net_src comp="38" pin="0"/><net_sink comp="679" pin=1"/></net>

<net id="686"><net_src comp="391" pin="4"/><net_sink comp="679" pin=2"/></net>

<net id="692"><net_src comp="674" pin="2"/><net_sink comp="687" pin=0"/></net>

<net id="693"><net_src comp="668" pin="2"/><net_sink comp="687" pin=1"/></net>

<net id="694"><net_src comp="380" pin="4"/><net_sink comp="687" pin=2"/></net>

<net id="698"><net_src comp="687" pin="3"/><net_sink comp="695" pin=0"/></net>

<net id="703"><net_src comp="679" pin="3"/><net_sink comp="699" pin=0"/></net>

<net id="704"><net_src comp="44" pin="0"/><net_sink comp="699" pin=1"/></net>

<net id="708"><net_src comp="705" pin="1"/><net_sink comp="217" pin=2"/></net>

<net id="709"><net_src comp="705" pin="1"/><net_sink comp="223" pin=2"/></net>

<net id="713"><net_src comp="710" pin="1"/><net_sink comp="566" pin=2"/></net>

<net id="719"><net_src comp="70" pin="0"/><net_sink comp="714" pin=0"/></net>

<net id="720"><net_src comp="18" pin="0"/><net_sink comp="714" pin=2"/></net>

<net id="724"><net_src comp="714" pin="3"/><net_sink comp="721" pin=0"/></net>

<net id="725"><net_src comp="721" pin="1"/><net_sink comp="566" pin=1"/></net>

<net id="730"><net_src comp="74" pin="0"/><net_sink comp="726" pin=0"/></net>

<net id="735"><net_src comp="74" pin="0"/><net_sink comp="731" pin=0"/></net>

<net id="739"><net_src comp="736" pin="1"/><net_sink comp="566" pin=2"/></net>

<net id="743"><net_src comp="566" pin="3"/><net_sink comp="740" pin=0"/></net>

<net id="749"><net_src comp="70" pin="0"/><net_sink comp="744" pin=0"/></net>

<net id="750"><net_src comp="18" pin="0"/><net_sink comp="744" pin=2"/></net>

<net id="754"><net_src comp="744" pin="3"/><net_sink comp="751" pin=0"/></net>

<net id="755"><net_src comp="751" pin="1"/><net_sink comp="566" pin=1"/></net>

<net id="765"><net_src comp="756" pin="2"/><net_sink comp="760" pin=0"/></net>

<net id="769"><net_src comp="566" pin="3"/><net_sink comp="766" pin=0"/></net>

<net id="773"><net_src comp="766" pin="1"/><net_sink comp="770" pin=0"/></net>

<net id="783"><net_src comp="774" pin="2"/><net_sink comp="778" pin=0"/></net>

<net id="788"><net_src comp="76" pin="0"/><net_sink comp="784" pin=1"/></net>

<net id="792"><net_src comp="784" pin="2"/><net_sink comp="789" pin=0"/></net>

<net id="797"><net_src comp="76" pin="0"/><net_sink comp="793" pin=1"/></net>

<net id="801"><net_src comp="793" pin="2"/><net_sink comp="798" pin=0"/></net>

<net id="806"><net_src comp="778" pin="3"/><net_sink comp="802" pin=0"/></net>

<net id="807"><net_src comp="38" pin="0"/><net_sink comp="802" pin=1"/></net>

<net id="814"><net_src comp="78" pin="0"/><net_sink comp="808" pin=0"/></net>

<net id="815"><net_src comp="566" pin="3"/><net_sink comp="808" pin=1"/></net>

<net id="816"><net_src comp="80" pin="0"/><net_sink comp="808" pin=2"/></net>

<net id="817"><net_src comp="82" pin="0"/><net_sink comp="808" pin=3"/></net>

<net id="821"><net_src comp="808" pin="4"/><net_sink comp="818" pin=0"/></net>

<net id="828"><net_src comp="84" pin="0"/><net_sink comp="822" pin=0"/></net>

<net id="829"><net_src comp="566" pin="3"/><net_sink comp="822" pin=1"/></net>

<net id="830"><net_src comp="80" pin="0"/><net_sink comp="822" pin=2"/></net>

<net id="831"><net_src comp="86" pin="0"/><net_sink comp="822" pin=3"/></net>

<net id="836"><net_src comp="76" pin="0"/><net_sink comp="832" pin=1"/></net>

<net id="842"><net_src comp="88" pin="0"/><net_sink comp="837" pin=0"/></net>

<net id="843"><net_src comp="832" pin="2"/><net_sink comp="837" pin=1"/></net>

<net id="844"><net_src comp="90" pin="0"/><net_sink comp="837" pin=2"/></net>

<net id="848"><net_src comp="837" pin="3"/><net_sink comp="845" pin=0"/></net>

<net id="854"><net_src comp="88" pin="0"/><net_sink comp="849" pin=0"/></net>

<net id="855"><net_src comp="793" pin="2"/><net_sink comp="849" pin=1"/></net>

<net id="856"><net_src comp="90" pin="0"/><net_sink comp="849" pin=2"/></net>

<net id="860"><net_src comp="849" pin="3"/><net_sink comp="857" pin=0"/></net>

<net id="870"><net_src comp="861" pin="2"/><net_sink comp="865" pin=0"/></net>

<net id="875"><net_src comp="90" pin="0"/><net_sink comp="871" pin=0"/></net>

<net id="876"><net_src comp="822" pin="4"/><net_sink comp="871" pin=1"/></net>

<net id="881"><net_src comp="402" pin="4"/><net_sink comp="877" pin=0"/></net>

<net id="882"><net_src comp="44" pin="0"/><net_sink comp="877" pin=1"/></net>

<net id="887"><net_src comp="402" pin="4"/><net_sink comp="883" pin=0"/></net>

<net id="891"><net_src comp="583" pin="3"/><net_sink comp="888" pin=0"/></net>

<net id="896"><net_src comp="425" pin="4"/><net_sink comp="892" pin=1"/></net>

<net id="901"><net_src comp="433" pin="1"/><net_sink comp="897" pin=0"/></net>

<net id="906"><net_src comp="433" pin="1"/><net_sink comp="902" pin=0"/></net>

<net id="907"><net_src comp="60" pin="0"/><net_sink comp="902" pin=1"/></net>

<net id="912"><net_src comp="433" pin="1"/><net_sink comp="908" pin=0"/></net>

<net id="917"><net_src comp="433" pin="1"/><net_sink comp="913" pin=0"/></net>

<net id="918"><net_src comp="102" pin="0"/><net_sink comp="913" pin=1"/></net>

<net id="922"><net_src comp="577" pin="1"/><net_sink comp="919" pin=0"/></net>

<net id="927"><net_src comp="919" pin="1"/><net_sink comp="923" pin=0"/></net>

<net id="934"><net_src comp="104" pin="0"/><net_sink comp="928" pin=0"/></net>

<net id="935"><net_src comp="923" pin="2"/><net_sink comp="928" pin=1"/></net>

<net id="936"><net_src comp="106" pin="0"/><net_sink comp="928" pin=2"/></net>

<net id="937"><net_src comp="108" pin="0"/><net_sink comp="928" pin=3"/></net>

<net id="943"><net_src comp="110" pin="0"/><net_sink comp="938" pin=0"/></net>

<net id="944"><net_src comp="923" pin="2"/><net_sink comp="938" pin=1"/></net>

<net id="945"><net_src comp="82" pin="0"/><net_sink comp="938" pin=2"/></net>

<net id="951"><net_src comp="112" pin="0"/><net_sink comp="946" pin=0"/></net>

<net id="952"><net_src comp="577" pin="1"/><net_sink comp="946" pin=1"/></net>

<net id="953"><net_src comp="114" pin="0"/><net_sink comp="946" pin=2"/></net>

<net id="958"><net_src comp="928" pin="4"/><net_sink comp="954" pin=0"/></net>

<net id="959"><net_src comp="116" pin="0"/><net_sink comp="954" pin=1"/></net>

<net id="964"><net_src comp="577" pin="1"/><net_sink comp="960" pin=0"/></net>

<net id="970"><net_src comp="960" pin="2"/><net_sink comp="965" pin=0"/></net>

<net id="971"><net_src comp="577" pin="1"/><net_sink comp="965" pin=2"/></net>

<net id="977"><net_src comp="946" pin="3"/><net_sink comp="972" pin=0"/></net>

<net id="978"><net_src comp="118" pin="0"/><net_sink comp="972" pin=1"/></net>

<net id="979"><net_src comp="965" pin="3"/><net_sink comp="972" pin=2"/></net>

<net id="985"><net_src comp="112" pin="0"/><net_sink comp="980" pin=0"/></net>

<net id="986"><net_src comp="972" pin="3"/><net_sink comp="980" pin=1"/></net>

<net id="987"><net_src comp="114" pin="0"/><net_sink comp="980" pin=2"/></net>

<net id="991"><net_src comp="972" pin="3"/><net_sink comp="988" pin=0"/></net>

<net id="1001"><net_src comp="992" pin="2"/><net_sink comp="996" pin=0"/></net>

<net id="1002"><net_src comp="954" pin="2"/><net_sink comp="996" pin=1"/></net>

<net id="1003"><net_src comp="928" pin="4"/><net_sink comp="996" pin=2"/></net>

<net id="1009"><net_src comp="938" pin="3"/><net_sink comp="1004" pin=0"/></net>

<net id="1010"><net_src comp="996" pin="3"/><net_sink comp="1004" pin=1"/></net>

<net id="1011"><net_src comp="928" pin="4"/><net_sink comp="1004" pin=2"/></net>

<net id="1015"><net_src comp="1004" pin="3"/><net_sink comp="1012" pin=0"/></net>

<net id="1020"><net_src comp="1012" pin="1"/><net_sink comp="1016" pin=0"/></net>

<net id="1021"><net_src comp="902" pin="2"/><net_sink comp="1016" pin=1"/></net>

<net id="1026"><net_src comp="1016" pin="2"/><net_sink comp="1022" pin=0"/></net>

<net id="1027"><net_src comp="120" pin="0"/><net_sink comp="1022" pin=1"/></net>

<net id="1032"><net_src comp="449" pin="4"/><net_sink comp="1028" pin=0"/></net>

<net id="1033"><net_src comp="44" pin="0"/><net_sink comp="1028" pin=1"/></net>

<net id="1038"><net_src comp="449" pin="4"/><net_sink comp="1034" pin=0"/></net>

<net id="1045"><net_src comp="124" pin="0"/><net_sink comp="1039" pin=0"/></net>

<net id="1046"><net_src comp="106" pin="0"/><net_sink comp="1039" pin=2"/></net>

<net id="1047"><net_src comp="108" pin="0"/><net_sink comp="1039" pin=3"/></net>

<net id="1055"><net_src comp="1048" pin="1"/><net_sink comp="1051" pin=0"/></net>

<net id="1056"><net_src comp="90" pin="0"/><net_sink comp="1051" pin=1"/></net>

<net id="1061"><net_src comp="1039" pin="4"/><net_sink comp="1057" pin=0"/></net>

<net id="1062"><net_src comp="116" pin="0"/><net_sink comp="1057" pin=1"/></net>

<net id="1068"><net_src comp="1051" pin="2"/><net_sink comp="1063" pin=0"/></net>

<net id="1069"><net_src comp="1039" pin="4"/><net_sink comp="1063" pin=1"/></net>

<net id="1070"><net_src comp="1057" pin="2"/><net_sink comp="1063" pin=2"/></net>

<net id="1076"><net_src comp="1063" pin="3"/><net_sink comp="1071" pin=1"/></net>

<net id="1077"><net_src comp="1039" pin="4"/><net_sink comp="1071" pin=2"/></net>

<net id="1081"><net_src comp="1071" pin="3"/><net_sink comp="1078" pin=0"/></net>

<net id="1086"><net_src comp="449" pin="4"/><net_sink comp="1082" pin=0"/></net>

<net id="1091"><net_src comp="1082" pin="2"/><net_sink comp="1087" pin=1"/></net>

<net id="1095"><net_src comp="1071" pin="3"/><net_sink comp="1092" pin=0"/></net>

<net id="1100"><net_src comp="1092" pin="1"/><net_sink comp="1096" pin=0"/></net>

<net id="1105"><net_src comp="1096" pin="2"/><net_sink comp="1101" pin=0"/></net>

<net id="1110"><net_src comp="449" pin="4"/><net_sink comp="1106" pin=0"/></net>

<net id="1115"><net_src comp="1092" pin="1"/><net_sink comp="1111" pin=0"/></net>

<net id="1120"><net_src comp="1111" pin="2"/><net_sink comp="1116" pin=0"/></net>

<net id="1121"><net_src comp="1106" pin="2"/><net_sink comp="1116" pin=1"/></net>

<net id="1125"><net_src comp="445" pin="1"/><net_sink comp="1122" pin=0"/></net>

<net id="1126"><net_src comp="1122" pin="1"/><net_sink comp="583" pin=1"/></net>

<net id="1132"><net_src comp="112" pin="0"/><net_sink comp="1127" pin=0"/></net>

<net id="1133"><net_src comp="583" pin="3"/><net_sink comp="1127" pin=1"/></net>

<net id="1134"><net_src comp="114" pin="0"/><net_sink comp="1127" pin=2"/></net>

<net id="1139"><net_src comp="583" pin="3"/><net_sink comp="1135" pin=0"/></net>

<net id="1145"><net_src comp="1135" pin="2"/><net_sink comp="1140" pin=0"/></net>

<net id="1146"><net_src comp="583" pin="3"/><net_sink comp="1140" pin=2"/></net>

<net id="1152"><net_src comp="1127" pin="3"/><net_sink comp="1147" pin=0"/></net>

<net id="1153"><net_src comp="118" pin="0"/><net_sink comp="1147" pin=1"/></net>

<net id="1154"><net_src comp="1140" pin="3"/><net_sink comp="1147" pin=2"/></net>

<net id="1161"><net_src comp="124" pin="0"/><net_sink comp="1155" pin=0"/></net>

<net id="1162"><net_src comp="1147" pin="3"/><net_sink comp="1155" pin=1"/></net>

<net id="1163"><net_src comp="106" pin="0"/><net_sink comp="1155" pin=2"/></net>

<net id="1164"><net_src comp="108" pin="0"/><net_sink comp="1155" pin=3"/></net>

<net id="1168"><net_src comp="1147" pin="3"/><net_sink comp="1165" pin=0"/></net>

<net id="1172"><net_src comp="1147" pin="3"/><net_sink comp="1169" pin=0"/></net>

<net id="1177"><net_src comp="204" pin="2"/><net_sink comp="1173" pin=0"/></net>

<net id="1181"><net_src comp="445" pin="1"/><net_sink comp="1178" pin=0"/></net>

<net id="1182"><net_src comp="1178" pin="1"/><net_sink comp="284" pin=2"/></net>

<net id="1183"><net_src comp="1178" pin="1"/><net_sink comp="323" pin=2"/></net>

<net id="1184"><net_src comp="1178" pin="1"/><net_sink comp="358" pin=2"/></net>

<net id="1190"><net_src comp="130" pin="0"/><net_sink comp="1185" pin=0"/></net>

<net id="1191"><net_src comp="90" pin="0"/><net_sink comp="1185" pin=2"/></net>

<net id="1196"><net_src comp="1185" pin="3"/><net_sink comp="1192" pin=1"/></net>

<net id="1202"><net_src comp="112" pin="0"/><net_sink comp="1197" pin=0"/></net>

<net id="1203"><net_src comp="114" pin="0"/><net_sink comp="1197" pin=2"/></net>

<net id="1208"><net_src comp="90" pin="0"/><net_sink comp="1204" pin=1"/></net>

<net id="1213"><net_src comp="116" pin="0"/><net_sink comp="1209" pin=1"/></net>

<net id="1219"><net_src comp="1204" pin="2"/><net_sink comp="1214" pin=0"/></net>

<net id="1220"><net_src comp="1209" pin="2"/><net_sink comp="1214" pin=2"/></net>

<net id="1226"><net_src comp="1197" pin="3"/><net_sink comp="1221" pin=0"/></net>

<net id="1227"><net_src comp="1214" pin="3"/><net_sink comp="1221" pin=1"/></net>

<net id="1231"><net_src comp="1221" pin="3"/><net_sink comp="1228" pin=0"/></net>

<net id="1237"><net_src comp="130" pin="0"/><net_sink comp="1232" pin=0"/></net>

<net id="1238"><net_src comp="1228" pin="1"/><net_sink comp="1232" pin=1"/></net>

<net id="1239"><net_src comp="90" pin="0"/><net_sink comp="1232" pin=2"/></net>

<net id="1244"><net_src comp="1232" pin="3"/><net_sink comp="1240" pin=1"/></net>

<net id="1248"><net_src comp="1221" pin="3"/><net_sink comp="1245" pin=0"/></net>

<net id="1252"><net_src comp="1221" pin="3"/><net_sink comp="1249" pin=0"/></net>

<net id="1257"><net_src comp="1249" pin="1"/><net_sink comp="1253" pin=0"/></net>

<net id="1261"><net_src comp="1253" pin="2"/><net_sink comp="1258" pin=0"/></net>

<net id="1266"><net_src comp="1245" pin="1"/><net_sink comp="1262" pin=0"/></net>

<net id="1267"><net_src comp="1258" pin="1"/><net_sink comp="1262" pin=1"/></net>

<net id="1271"><net_src comp="1221" pin="3"/><net_sink comp="1268" pin=0"/></net>

<net id="1272"><net_src comp="1268" pin="1"/><net_sink comp="243" pin=2"/></net>

<net id="1273"><net_src comp="1268" pin="1"/><net_sink comp="261" pin=2"/></net>

<net id="1274"><net_src comp="1268" pin="1"/><net_sink comp="291" pin=2"/></net>

<net id="1275"><net_src comp="1268" pin="1"/><net_sink comp="309" pin=2"/></net>

<net id="1276"><net_src comp="1268" pin="1"/><net_sink comp="330" pin=2"/></net>

<net id="1277"><net_src comp="1268" pin="1"/><net_sink comp="344" pin=2"/></net>

<net id="1281"><net_src comp="1262" pin="2"/><net_sink comp="1278" pin=0"/></net>

<net id="1282"><net_src comp="1278" pin="1"/><net_sink comp="254" pin=2"/></net>

<net id="1283"><net_src comp="1278" pin="1"/><net_sink comp="277" pin=2"/></net>

<net id="1284"><net_src comp="1278" pin="1"/><net_sink comp="302" pin=2"/></net>

<net id="1285"><net_src comp="1278" pin="1"/><net_sink comp="316" pin=2"/></net>

<net id="1286"><net_src comp="1278" pin="1"/><net_sink comp="337" pin=2"/></net>

<net id="1287"><net_src comp="1278" pin="1"/><net_sink comp="351" pin=2"/></net>

<net id="1294"><net_src comp="132" pin="0"/><net_sink comp="1288" pin=0"/></net>

<net id="1295"><net_src comp="1192" pin="2"/><net_sink comp="1288" pin=1"/></net>

<net id="1296"><net_src comp="134" pin="0"/><net_sink comp="1288" pin=2"/></net>

<net id="1297"><net_src comp="136" pin="0"/><net_sink comp="1288" pin=3"/></net>

<net id="1301"><net_src comp="1288" pin="4"/><net_sink comp="1298" pin=0"/></net>

<net id="1308"><net_src comp="132" pin="0"/><net_sink comp="1302" pin=0"/></net>

<net id="1309"><net_src comp="1240" pin="2"/><net_sink comp="1302" pin=1"/></net>

<net id="1310"><net_src comp="134" pin="0"/><net_sink comp="1302" pin=2"/></net>

<net id="1311"><net_src comp="136" pin="0"/><net_sink comp="1302" pin=3"/></net>

<net id="1315"><net_src comp="1302" pin="4"/><net_sink comp="1312" pin=0"/></net>

<net id="1321"><net_src comp="489" pin="12"/><net_sink comp="1316" pin=1"/></net>

<net id="1322"><net_src comp="512" pin="12"/><net_sink comp="1316" pin=2"/></net>

<net id="1326"><net_src comp="1316" pin="3"/><net_sink comp="1323" pin=0"/></net>

<net id="1330"><net_src comp="489" pin="12"/><net_sink comp="1327" pin=0"/></net>

<net id="1335"><net_src comp="1327" pin="1"/><net_sink comp="1331" pin=0"/></net>

<net id="1336"><net_src comp="1323" pin="1"/><net_sink comp="1331" pin=1"/></net>

<net id="1340"><net_src comp="1331" pin="2"/><net_sink comp="1337" pin=0"/></net>

<net id="1349"><net_src comp="552" pin="12"/><net_sink comp="1344" pin=1"/></net>

<net id="1350"><net_src comp="535" pin="12"/><net_sink comp="1344" pin=2"/></net>

<net id="1354"><net_src comp="552" pin="12"/><net_sink comp="1351" pin=0"/></net>

<net id="1359"><net_src comp="1351" pin="1"/><net_sink comp="1355" pin=0"/></net>

<net id="1363"><net_src comp="1344" pin="3"/><net_sink comp="1360" pin=0"/></net>

<net id="1368"><net_src comp="1360" pin="1"/><net_sink comp="1364" pin=0"/></net>

<net id="1372"><net_src comp="1355" pin="2"/><net_sink comp="1369" pin=0"/></net>

<net id="1376"><net_src comp="1364" pin="2"/><net_sink comp="1373" pin=0"/></net>

<net id="1381"><net_src comp="1369" pin="1"/><net_sink comp="1377" pin=0"/></net>

<net id="1382"><net_src comp="1373" pin="1"/><net_sink comp="1377" pin=1"/></net>

<net id="1387"><net_src comp="1360" pin="1"/><net_sink comp="1383" pin=0"/></net>

<net id="1391"><net_src comp="1383" pin="2"/><net_sink comp="1388" pin=0"/></net>

<net id="1401"><net_src comp="132" pin="0"/><net_sink comp="1395" pin=0"/></net>

<net id="1402"><net_src comp="80" pin="0"/><net_sink comp="1395" pin=2"/></net>

<net id="1403"><net_src comp="138" pin="0"/><net_sink comp="1395" pin=3"/></net>

<net id="1407"><net_src comp="1395" pin="4"/><net_sink comp="1404" pin=0"/></net>

<net id="1422"><net_src comp="140" pin="0"/><net_sink comp="1417" pin=0"/></net>

<net id="1423"><net_src comp="142" pin="0"/><net_sink comp="1417" pin=2"/></net>

<net id="1430"><net_src comp="1417" pin="3"/><net_sink comp="1427" pin=0"/></net>

<net id="1435"><net_src comp="1424" pin="1"/><net_sink comp="1431" pin=0"/></net>

<net id="1436"><net_src comp="1427" pin="1"/><net_sink comp="1431" pin=1"/></net>

<net id="1443"><net_src comp="144" pin="0"/><net_sink comp="1437" pin=0"/></net>

<net id="1444"><net_src comp="1431" pin="2"/><net_sink comp="1437" pin=1"/></net>

<net id="1445"><net_src comp="80" pin="0"/><net_sink comp="1437" pin=2"/></net>

<net id="1446"><net_src comp="146" pin="0"/><net_sink comp="1437" pin=3"/></net>

<net id="1452"><net_src comp="148" pin="0"/><net_sink comp="1447" pin=0"/></net>

<net id="1453"><net_src comp="1431" pin="2"/><net_sink comp="1447" pin=1"/></net>

<net id="1454"><net_src comp="136" pin="0"/><net_sink comp="1447" pin=2"/></net>

<net id="1458"><net_src comp="1431" pin="2"/><net_sink comp="1455" pin=0"/></net>

<net id="1463"><net_src comp="1455" pin="1"/><net_sink comp="1459" pin=0"/></net>

<net id="1464"><net_src comp="142" pin="0"/><net_sink comp="1459" pin=1"/></net>

<net id="1469"><net_src comp="1437" pin="4"/><net_sink comp="1465" pin=0"/></net>

<net id="1470"><net_src comp="150" pin="0"/><net_sink comp="1465" pin=1"/></net>

<net id="1476"><net_src comp="1459" pin="2"/><net_sink comp="1471" pin=0"/></net>

<net id="1477"><net_src comp="1437" pin="4"/><net_sink comp="1471" pin=1"/></net>

<net id="1478"><net_src comp="1465" pin="2"/><net_sink comp="1471" pin=2"/></net>

<net id="1484"><net_src comp="1447" pin="3"/><net_sink comp="1479" pin=0"/></net>

<net id="1485"><net_src comp="1471" pin="3"/><net_sink comp="1479" pin=1"/></net>

<net id="1486"><net_src comp="1437" pin="4"/><net_sink comp="1479" pin=2"/></net>

<net id="1487"><net_src comp="1479" pin="3"/><net_sink comp="210" pin=2"/></net>

<net id="1492"><net_src comp="457" pin="1"/><net_sink comp="1488" pin=0"/></net>

<net id="1506"><net_src comp="1500" pin="1"/><net_sink comp="1503" pin=0"/></net>

<net id="1511"><net_src comp="1503" pin="1"/><net_sink comp="1507" pin=0"/></net>

<net id="1516"><net_src comp="1507" pin="2"/><net_sink comp="1512" pin=0"/></net>

<net id="1521"><net_src comp="1503" pin="1"/><net_sink comp="1517" pin=0"/></net>

<net id="1526"><net_src comp="1512" pin="2"/><net_sink comp="1522" pin=0"/></net>

<net id="1527"><net_src comp="1517" pin="2"/><net_sink comp="1522" pin=1"/></net>

<net id="1532"><net_src comp="421" pin="1"/><net_sink comp="1528" pin=0"/></net>

<net id="1533"><net_src comp="68" pin="0"/><net_sink comp="1528" pin=1"/></net>

<net id="1539"><net_src comp="1522" pin="2"/><net_sink comp="1534" pin=0"/></net>

<net id="1540"><net_src comp="1528" pin="2"/><net_sink comp="1534" pin=1"/></net>

<net id="1541"><net_src comp="421" pin="1"/><net_sink comp="1534" pin=2"/></net>

<net id="1547"><net_src comp="421" pin="1"/><net_sink comp="1542" pin=1"/></net>

<net id="1548"><net_src comp="1534" pin="3"/><net_sink comp="1542" pin=2"/></net>

<net id="1552"><net_src comp="1497" pin="1"/><net_sink comp="1549" pin=0"/></net>

<net id="1557"><net_src comp="1549" pin="1"/><net_sink comp="1553" pin=0"/></net>

<net id="1562"><net_src comp="409" pin="1"/><net_sink comp="1558" pin=0"/></net>

<net id="1563"><net_src comp="68" pin="0"/><net_sink comp="1558" pin=1"/></net>

<net id="1568"><net_src comp="1558" pin="2"/><net_sink comp="1564" pin=0"/></net>

<net id="1569"><net_src comp="154" pin="0"/><net_sink comp="1564" pin=1"/></net>

<net id="1575"><net_src comp="1564" pin="2"/><net_sink comp="1570" pin=0"/></net>

<net id="1576"><net_src comp="18" pin="0"/><net_sink comp="1570" pin=1"/></net>

<net id="1577"><net_src comp="1558" pin="2"/><net_sink comp="1570" pin=2"/></net>

<net id="1582"><net_src comp="433" pin="1"/><net_sink comp="1578" pin=0"/></net>

<net id="1583"><net_src comp="68" pin="0"/><net_sink comp="1578" pin=1"/></net>

<net id="1589"><net_src comp="1578" pin="2"/><net_sink comp="1584" pin=1"/></net>

<net id="1594"><net_src comp="1553" pin="2"/><net_sink comp="1590" pin=1"/></net>

<net id="1600"><net_src comp="1590" pin="2"/><net_sink comp="1595" pin=0"/></net>

<net id="1601"><net_src comp="433" pin="1"/><net_sink comp="1595" pin=1"/></net>

<net id="1602"><net_src comp="1584" pin="3"/><net_sink comp="1595" pin=2"/></net>

<net id="1608"><net_src comp="1570" pin="3"/><net_sink comp="1603" pin=1"/></net>

<net id="1609"><net_src comp="409" pin="1"/><net_sink comp="1603" pin=2"/></net>

<net id="1615"><net_src comp="1590" pin="2"/><net_sink comp="1610" pin=0"/></net>

<net id="1616"><net_src comp="409" pin="1"/><net_sink comp="1610" pin=1"/></net>

<net id="1617"><net_src comp="1603" pin="3"/><net_sink comp="1610" pin=2"/></net>

<net id="1622"><net_src comp="1312" pin="1"/><net_sink comp="1618" pin=0"/></net>

<net id="1623"><net_src comp="1298" pin="1"/><net_sink comp="1618" pin=1"/></net>

<net id="1624"><net_src comp="1618" pin="2"/><net_sink comp="1395" pin=1"/></net>

<net id="1629"><net_src comp="1341" pin="1"/><net_sink comp="1625" pin=0"/></net>

<net id="1630"><net_src comp="1337" pin="1"/><net_sink comp="1625" pin=1"/></net>

<net id="1631"><net_src comp="1625" pin="2"/><net_sink comp="1411" pin=0"/></net>

<net id="1637"><net_src comp="1392" pin="1"/><net_sink comp="1632" pin=0"/></net>

<net id="1638"><net_src comp="1388" pin="1"/><net_sink comp="1632" pin=1"/></net>

<net id="1639"><net_src comp="1411" pin="1"/><net_sink comp="1632" pin=2"/></net>

<net id="1640"><net_src comp="1632" pin="3"/><net_sink comp="1414" pin=0"/></net>

<net id="1646"><net_src comp="1404" pin="1"/><net_sink comp="1641" pin=0"/></net>

<net id="1647"><net_src comp="1408" pin="1"/><net_sink comp="1641" pin=1"/></net>

<net id="1648"><net_src comp="1414" pin="1"/><net_sink comp="1641" pin=2"/></net>

<net id="1649"><net_src comp="1641" pin="3"/><net_sink comp="1424" pin=0"/></net>

<net id="1653"><net_src comp="180" pin="2"/><net_sink comp="1650" pin=0"/></net>

<net id="1654"><net_src comp="1650" pin="1"/><net_sink comp="710" pin=0"/></net>

<net id="1655"><net_src comp="1650" pin="1"/><net_sink comp="774" pin=0"/></net>

<net id="1656"><net_src comp="1650" pin="1"/><net_sink comp="778" pin=1"/></net>

<net id="1657"><net_src comp="1650" pin="1"/><net_sink comp="861" pin=1"/></net>

<net id="1658"><net_src comp="1650" pin="1"/><net_sink comp="865" pin=2"/></net>

<net id="1659"><net_src comp="1650" pin="1"/><net_sink comp="1106" pin=1"/></net>

<net id="1663"><net_src comp="186" pin="2"/><net_sink comp="1660" pin=0"/></net>

<net id="1664"><net_src comp="1660" pin="1"/><net_sink comp="736" pin=0"/></net>

<net id="1665"><net_src comp="1660" pin="1"/><net_sink comp="756" pin=0"/></net>

<net id="1666"><net_src comp="1660" pin="1"/><net_sink comp="760" pin=1"/></net>

<net id="1670"><net_src comp="192" pin="2"/><net_sink comp="1667" pin=0"/></net>

<net id="1671"><net_src comp="1667" pin="1"/><net_sink comp="674" pin=1"/></net>

<net id="1672"><net_src comp="1667" pin="1"/><net_sink comp="714" pin=1"/></net>

<net id="1673"><net_src comp="1667" pin="1"/><net_sink comp="774" pin=1"/></net>

<net id="1674"><net_src comp="1667" pin="1"/><net_sink comp="778" pin=2"/></net>

<net id="1675"><net_src comp="1667" pin="1"/><net_sink comp="861" pin=0"/></net>

<net id="1676"><net_src comp="1667" pin="1"/><net_sink comp="865" pin=1"/></net>

<net id="1677"><net_src comp="1667" pin="1"/><net_sink comp="1082" pin=1"/></net>

<net id="1681"><net_src comp="198" pin="2"/><net_sink comp="1678" pin=0"/></net>

<net id="1682"><net_src comp="1678" pin="1"/><net_sink comp="744" pin=1"/></net>

<net id="1683"><net_src comp="1678" pin="1"/><net_sink comp="756" pin=1"/></net>

<net id="1684"><net_src comp="1678" pin="1"/><net_sink comp="760" pin=2"/></net>

<net id="1688"><net_src comp="633" pin="1"/><net_sink comp="1685" pin=0"/></net>

<net id="1689"><net_src comp="1685" pin="1"/><net_sink comp="897" pin=1"/></net>

<net id="1690"><net_src comp="1685" pin="1"/><net_sink comp="908" pin=1"/></net>

<net id="1691"><net_src comp="1685" pin="1"/><net_sink comp="1584" pin=2"/></net>

<net id="1695"><net_src comp="637" pin="1"/><net_sink comp="1692" pin=0"/></net>

<net id="1696"><net_src comp="1692" pin="1"/><net_sink comp="832" pin=0"/></net>

<net id="1700"><net_src comp="641" pin="1"/><net_sink comp="1697" pin=0"/></net>

<net id="1701"><net_src comp="1697" pin="1"/><net_sink comp="793" pin=0"/></net>

<net id="1705"><net_src comp="645" pin="1"/><net_sink comp="1702" pin=0"/></net>

<net id="1706"><net_src comp="1702" pin="1"/><net_sink comp="784" pin=0"/></net>

<net id="1710"><net_src comp="649" pin="3"/><net_sink comp="1707" pin=0"/></net>

<net id="1711"><net_src comp="1707" pin="1"/><net_sink comp="663" pin=1"/></net>

<net id="1715"><net_src comp="657" pin="2"/><net_sink comp="1712" pin=0"/></net>

<net id="1716"><net_src comp="1712" pin="1"/><net_sink comp="369" pin=2"/></net>

<net id="1720"><net_src comp="663" pin="2"/><net_sink comp="1717" pin=0"/></net>

<net id="1724"><net_src comp="679" pin="3"/><net_sink comp="1721" pin=0"/></net>

<net id="1725"><net_src comp="1721" pin="1"/><net_sink comp="705" pin=0"/></net>

<net id="1729"><net_src comp="687" pin="3"/><net_sink comp="1726" pin=0"/></net>

<net id="1730"><net_src comp="1726" pin="1"/><net_sink comp="380" pin=2"/></net>

<net id="1734"><net_src comp="695" pin="1"/><net_sink comp="1731" pin=0"/></net>

<net id="1738"><net_src comp="699" pin="2"/><net_sink comp="1735" pin=0"/></net>

<net id="1739"><net_src comp="1735" pin="1"/><net_sink comp="391" pin=2"/></net>

<net id="1743"><net_src comp="168" pin="1"/><net_sink comp="1740" pin=0"/></net>

<net id="1744"><net_src comp="1740" pin="1"/><net_sink comp="1173" pin=1"/></net>

<net id="1745"><net_src comp="1740" pin="1"/><net_sink comp="603" pin=0"/></net>

<net id="1749"><net_src comp="172" pin="1"/><net_sink comp="1746" pin=0"/></net>

<net id="1750"><net_src comp="1746" pin="1"/><net_sink comp="731" pin=1"/></net>

<net id="1751"><net_src comp="1746" pin="1"/><net_sink comp="1493" pin=1"/></net>

<net id="1752"><net_src comp="1746" pin="1"/><net_sink comp="1497" pin=0"/></net>

<net id="1756"><net_src comp="176" pin="1"/><net_sink comp="1753" pin=0"/></net>

<net id="1757"><net_src comp="1753" pin="1"/><net_sink comp="726" pin=1"/></net>

<net id="1758"><net_src comp="1753" pin="1"/><net_sink comp="1488" pin=1"/></net>

<net id="1759"><net_src comp="1753" pin="1"/><net_sink comp="1500" pin=0"/></net>

<net id="1763"><net_src comp="710" pin="1"/><net_sink comp="1760" pin=0"/></net>

<net id="1764"><net_src comp="1760" pin="1"/><net_sink comp="566" pin=2"/></net>

<net id="1768"><net_src comp="721" pin="1"/><net_sink comp="1765" pin=0"/></net>

<net id="1769"><net_src comp="1765" pin="1"/><net_sink comp="566" pin=1"/></net>

<net id="1773"><net_src comp="736" pin="1"/><net_sink comp="1770" pin=0"/></net>

<net id="1774"><net_src comp="1770" pin="1"/><net_sink comp="566" pin=2"/></net>

<net id="1778"><net_src comp="740" pin="1"/><net_sink comp="1775" pin=0"/></net>

<net id="1779"><net_src comp="1775" pin="1"/><net_sink comp="583" pin=2"/></net>

<net id="1783"><net_src comp="751" pin="1"/><net_sink comp="1780" pin=0"/></net>

<net id="1784"><net_src comp="1780" pin="1"/><net_sink comp="566" pin=1"/></net>

<net id="1788"><net_src comp="760" pin="3"/><net_sink comp="1785" pin=0"/></net>

<net id="1789"><net_src comp="1785" pin="1"/><net_sink comp="883" pin=1"/></net>

<net id="1793"><net_src comp="770" pin="1"/><net_sink comp="1790" pin=0"/></net>

<net id="1794"><net_src comp="1790" pin="1"/><net_sink comp="583" pin=2"/></net>

<net id="1798"><net_src comp="789" pin="1"/><net_sink comp="1795" pin=0"/></net>

<net id="1799"><net_src comp="1795" pin="1"/><net_sink comp="892" pin=0"/></net>

<net id="1803"><net_src comp="798" pin="1"/><net_sink comp="1800" pin=0"/></net>

<net id="1804"><net_src comp="1800" pin="1"/><net_sink comp="1253" pin=1"/></net>

<net id="1808"><net_src comp="802" pin="2"/><net_sink comp="1805" pin=0"/></net>

<net id="1812"><net_src comp="818" pin="1"/><net_sink comp="1809" pin=0"/></net>

<net id="1813"><net_src comp="1809" pin="1"/><net_sink comp="923" pin=1"/></net>

<net id="1817"><net_src comp="845" pin="1"/><net_sink comp="1814" pin=0"/></net>

<net id="1818"><net_src comp="1814" pin="1"/><net_sink comp="960" pin=1"/></net>

<net id="1819"><net_src comp="1814" pin="1"/><net_sink comp="965" pin=1"/></net>

<net id="1823"><net_src comp="857" pin="1"/><net_sink comp="1820" pin=0"/></net>

<net id="1824"><net_src comp="1820" pin="1"/><net_sink comp="1135" pin=1"/></net>

<net id="1825"><net_src comp="1820" pin="1"/><net_sink comp="1140" pin=1"/></net>

<net id="1829"><net_src comp="865" pin="3"/><net_sink comp="1826" pin=0"/></net>

<net id="1830"><net_src comp="1826" pin="1"/><net_sink comp="1034" pin=1"/></net>

<net id="1834"><net_src comp="871" pin="2"/><net_sink comp="1831" pin=0"/></net>

<net id="1835"><net_src comp="1831" pin="1"/><net_sink comp="992" pin=1"/></net>

<net id="1839"><net_src comp="877" pin="2"/><net_sink comp="1836" pin=0"/></net>

<net id="1840"><net_src comp="1836" pin="1"/><net_sink comp="402" pin=2"/></net>

<net id="1847"><net_src comp="888" pin="1"/><net_sink comp="1844" pin=0"/></net>

<net id="1848"><net_src comp="1844" pin="1"/><net_sink comp="992" pin=0"/></net>

<net id="1852"><net_src comp="892" pin="2"/><net_sink comp="1849" pin=0"/></net>

<net id="1853"><net_src comp="1849" pin="1"/><net_sink comp="1542" pin=0"/></net>

<net id="1857"><net_src comp="897" pin="2"/><net_sink comp="1854" pin=0"/></net>

<net id="1858"><net_src comp="1854" pin="1"/><net_sink comp="1584" pin=0"/></net>

<net id="1859"><net_src comp="1854" pin="1"/><net_sink comp="1590" pin=0"/></net>

<net id="1860"><net_src comp="1854" pin="1"/><net_sink comp="1603" pin=0"/></net>

<net id="1864"><net_src comp="902" pin="2"/><net_sink comp="1861" pin=0"/></net>

<net id="1865"><net_src comp="1861" pin="1"/><net_sink comp="1096" pin=1"/></net>

<net id="1866"><net_src comp="1861" pin="1"/><net_sink comp="1507" pin=1"/></net>

<net id="1867"><net_src comp="1861" pin="1"/><net_sink comp="1553" pin=1"/></net>

<net id="1871"><net_src comp="908" pin="2"/><net_sink comp="1868" pin=0"/></net>

<net id="1872"><net_src comp="1868" pin="1"/><net_sink comp="1101" pin=1"/></net>

<net id="1873"><net_src comp="1868" pin="1"/><net_sink comp="1512" pin=1"/></net>

<net id="1877"><net_src comp="913" pin="2"/><net_sink comp="1874" pin=0"/></net>

<net id="1878"><net_src comp="1874" pin="1"/><net_sink comp="1111" pin=1"/></net>

<net id="1879"><net_src comp="1874" pin="1"/><net_sink comp="1517" pin=1"/></net>

<net id="1883"><net_src comp="972" pin="3"/><net_sink comp="1880" pin=0"/></net>

<net id="1884"><net_src comp="1880" pin="1"/><net_sink comp="1039" pin=1"/></net>

<net id="1885"><net_src comp="1880" pin="1"/><net_sink comp="1048" pin=0"/></net>

<net id="1889"><net_src comp="980" pin="3"/><net_sink comp="1886" pin=0"/></net>

<net id="1890"><net_src comp="1886" pin="1"/><net_sink comp="1071" pin=0"/></net>

<net id="1894"><net_src comp="988" pin="1"/><net_sink comp="1891" pin=0"/></net>

<net id="1895"><net_src comp="1891" pin="1"/><net_sink comp="1192" pin=0"/></net>

<net id="1899"><net_src comp="1004" pin="3"/><net_sink comp="1896" pin=0"/></net>

<net id="1900"><net_src comp="1896" pin="1"/><net_sink comp="1493" pin=0"/></net>

<net id="1904"><net_src comp="1022" pin="2"/><net_sink comp="1901" pin=0"/></net>

<net id="1905"><net_src comp="1901" pin="1"/><net_sink comp="1087" pin=0"/></net>

<net id="1909"><net_src comp="1028" pin="2"/><net_sink comp="1906" pin=0"/></net>

<net id="1910"><net_src comp="1906" pin="1"/><net_sink comp="449" pin=2"/></net>

<net id="1914"><net_src comp="1034" pin="2"/><net_sink comp="1911" pin=0"/></net>

<net id="1918"><net_src comp="1071" pin="3"/><net_sink comp="1915" pin=0"/></net>

<net id="1919"><net_src comp="1915" pin="1"/><net_sink comp="461" pin=2"/></net>

<net id="1923"><net_src comp="1078" pin="1"/><net_sink comp="1920" pin=0"/></net>

<net id="1924"><net_src comp="1920" pin="1"/><net_sink comp="1185" pin=1"/></net>

<net id="1928"><net_src comp="1087" pin="2"/><net_sink comp="1925" pin=0"/></net>

<net id="1932"><net_src comp="1096" pin="2"/><net_sink comp="1929" pin=0"/></net>

<net id="1933"><net_src comp="1929" pin="1"/><net_sink comp="1316" pin=0"/></net>

<net id="1934"><net_src comp="1929" pin="1"/><net_sink comp="1344" pin=0"/></net>

<net id="1938"><net_src comp="1101" pin="2"/><net_sink comp="1935" pin=0"/></net>

<net id="1942"><net_src comp="1106" pin="2"/><net_sink comp="1939" pin=0"/></net>

<net id="1946"><net_src comp="1116" pin="2"/><net_sink comp="1943" pin=0"/></net>

<net id="1950"><net_src comp="1147" pin="3"/><net_sink comp="1947" pin=0"/></net>

<net id="1951"><net_src comp="1947" pin="1"/><net_sink comp="1197" pin=1"/></net>

<net id="1955"><net_src comp="1155" pin="4"/><net_sink comp="1952" pin=0"/></net>

<net id="1956"><net_src comp="1952" pin="1"/><net_sink comp="1209" pin=0"/></net>

<net id="1957"><net_src comp="1952" pin="1"/><net_sink comp="1214" pin=1"/></net>

<net id="1958"><net_src comp="1952" pin="1"/><net_sink comp="1221" pin=2"/></net>

<net id="1962"><net_src comp="1165" pin="1"/><net_sink comp="1959" pin=0"/></net>

<net id="1963"><net_src comp="1959" pin="1"/><net_sink comp="1204" pin=0"/></net>

<net id="1967"><net_src comp="1169" pin="1"/><net_sink comp="1964" pin=0"/></net>

<net id="1968"><net_src comp="1964" pin="1"/><net_sink comp="1240" pin=0"/></net>

<net id="1972"><net_src comp="243" pin="3"/><net_sink comp="1969" pin=0"/></net>

<net id="1973"><net_src comp="1969" pin="1"/><net_sink comp="236" pin=2"/></net>

<net id="1977"><net_src comp="254" pin="3"/><net_sink comp="1974" pin=0"/></net>

<net id="1978"><net_src comp="1974" pin="1"/><net_sink comp="236" pin=0"/></net>

<net id="1982"><net_src comp="261" pin="3"/><net_sink comp="1979" pin=0"/></net>

<net id="1983"><net_src comp="1979" pin="1"/><net_sink comp="267" pin=2"/></net>

<net id="1987"><net_src comp="277" pin="3"/><net_sink comp="1984" pin=0"/></net>

<net id="1988"><net_src comp="1984" pin="1"/><net_sink comp="267" pin=0"/></net>

<net id="1992"><net_src comp="291" pin="3"/><net_sink comp="1989" pin=0"/></net>

<net id="1993"><net_src comp="1989" pin="1"/><net_sink comp="229" pin=2"/></net>

<net id="1997"><net_src comp="302" pin="3"/><net_sink comp="1994" pin=0"/></net>

<net id="1998"><net_src comp="1994" pin="1"/><net_sink comp="229" pin=0"/></net>

<net id="2002"><net_src comp="309" pin="3"/><net_sink comp="1999" pin=0"/></net>

<net id="2003"><net_src comp="1999" pin="1"/><net_sink comp="236" pin=2"/></net>

<net id="2007"><net_src comp="316" pin="3"/><net_sink comp="2004" pin=0"/></net>

<net id="2008"><net_src comp="2004" pin="1"/><net_sink comp="236" pin=0"/></net>

<net id="2012"><net_src comp="330" pin="3"/><net_sink comp="2009" pin=0"/></net>

<net id="2013"><net_src comp="2009" pin="1"/><net_sink comp="267" pin=2"/></net>

<net id="2017"><net_src comp="337" pin="3"/><net_sink comp="2014" pin=0"/></net>

<net id="2018"><net_src comp="2014" pin="1"/><net_sink comp="267" pin=0"/></net>

<net id="2022"><net_src comp="344" pin="3"/><net_sink comp="2019" pin=0"/></net>

<net id="2023"><net_src comp="2019" pin="1"/><net_sink comp="229" pin=2"/></net>

<net id="2027"><net_src comp="351" pin="3"/><net_sink comp="2024" pin=0"/></net>

<net id="2028"><net_src comp="2024" pin="1"/><net_sink comp="229" pin=0"/></net>

<net id="2032"><net_src comp="1288" pin="4"/><net_sink comp="2029" pin=0"/></net>

<net id="2033"><net_src comp="2029" pin="1"/><net_sink comp="1341" pin=0"/></net>

<net id="2037"><net_src comp="1298" pin="1"/><net_sink comp="2034" pin=0"/></net>

<net id="2038"><net_src comp="2034" pin="1"/><net_sink comp="1618" pin=1"/></net>

<net id="2042"><net_src comp="1302" pin="4"/><net_sink comp="2039" pin=0"/></net>

<net id="2043"><net_src comp="2039" pin="1"/><net_sink comp="1392" pin=0"/></net>

<net id="2047"><net_src comp="1312" pin="1"/><net_sink comp="2044" pin=0"/></net>

<net id="2048"><net_src comp="2044" pin="1"/><net_sink comp="1618" pin=0"/></net>

<net id="2052"><net_src comp="1316" pin="3"/><net_sink comp="2049" pin=0"/></net>

<net id="2053"><net_src comp="2049" pin="1"/><net_sink comp="1417" pin=1"/></net>

<net id="2057"><net_src comp="1323" pin="1"/><net_sink comp="2054" pin=0"/></net>

<net id="2058"><net_src comp="2054" pin="1"/><net_sink comp="1355" pin=1"/></net>

<net id="2059"><net_src comp="2054" pin="1"/><net_sink comp="1383" pin=1"/></net>

<net id="2063"><net_src comp="1327" pin="1"/><net_sink comp="2060" pin=0"/></net>

<net id="2064"><net_src comp="2060" pin="1"/><net_sink comp="1364" pin=1"/></net>

<net id="2068"><net_src comp="1337" pin="1"/><net_sink comp="2065" pin=0"/></net>

<net id="2069"><net_src comp="2065" pin="1"/><net_sink comp="1625" pin=1"/></net>

<net id="2073"><net_src comp="1341" pin="1"/><net_sink comp="2070" pin=0"/></net>

<net id="2074"><net_src comp="2070" pin="1"/><net_sink comp="1625" pin=0"/></net>

<net id="2078"><net_src comp="1377" pin="2"/><net_sink comp="2075" pin=0"/></net>

<net id="2079"><net_src comp="2075" pin="1"/><net_sink comp="1408" pin=0"/></net>

<net id="2083"><net_src comp="1388" pin="1"/><net_sink comp="2080" pin=0"/></net>

<net id="2084"><net_src comp="2080" pin="1"/><net_sink comp="1632" pin=1"/></net>

<net id="2088"><net_src comp="1392" pin="1"/><net_sink comp="2085" pin=0"/></net>

<net id="2089"><net_src comp="2085" pin="1"/><net_sink comp="1632" pin=0"/></net>

<net id="2093"><net_src comp="1404" pin="1"/><net_sink comp="2090" pin=0"/></net>

<net id="2094"><net_src comp="2090" pin="1"/><net_sink comp="1641" pin=0"/></net>

<net id="2098"><net_src comp="1408" pin="1"/><net_sink comp="2095" pin=0"/></net>

<net id="2099"><net_src comp="2095" pin="1"/><net_sink comp="1641" pin=1"/></net>

<net id="2103"><net_src comp="1411" pin="1"/><net_sink comp="2100" pin=0"/></net>

<net id="2104"><net_src comp="2100" pin="1"/><net_sink comp="1632" pin=0"/></net>

<net id="2108"><net_src comp="1414" pin="1"/><net_sink comp="2105" pin=0"/></net>

<net id="2109"><net_src comp="2105" pin="1"/><net_sink comp="1641" pin=0"/></net>

<net id="2113"><net_src comp="1542" pin="3"/><net_sink comp="2110" pin=0"/></net>

<net id="2114"><net_src comp="2110" pin="1"/><net_sink comp="425" pin=2"/></net>

<net id="2118"><net_src comp="1595" pin="3"/><net_sink comp="2115" pin=0"/></net>

<net id="2119"><net_src comp="2115" pin="1"/><net_sink comp="437" pin=2"/></net>

<net id="2123"><net_src comp="1610" pin="3"/><net_sink comp="2120" pin=0"/></net>

<net id="2124"><net_src comp="2120" pin="1"/><net_sink comp="413" pin=2"/></net>

</net_list>

</model> 
---------------- Datapath Model END ------------------

* FSMD analyzer results:
  - Output states:
	Port: resized_mat_430 | {17 }
 - Input state : 
	Port: resizeNNBilinear<0, 1080, 1920, 1, 1080, 1920, 1, 8> : img_mat_429 | {3 10 }
	Port: resizeNNBilinear<0, 1080, 1920, 1, 1080, 1920, 1, 8> : p_read | {1 }
	Port: resizeNNBilinear<0, 1080, 1920, 1, 1080, 1920, 1, 8> : p_read1 | {1 }
	Port: resizeNNBilinear<0, 1080, 1920, 1, 1080, 1920, 1, 8> : p_read2 | {1 }
	Port: resizeNNBilinear<0, 1080, 1920, 1, 1080, 1920, 1, 8> : p_read3 | {1 }
  - Chain level:
	State 1
	State 2
		add_ln332_1 : 1
		icmp_ln332 : 1
		br_ln332 : 2
		add_ln332 : 1
		icmp_ln337 : 1
		select_ln332 : 2
		select_ln332_1 : 2
		trunc_ln332 : 3
		br_ln344 : 4
		add_ln337 : 3
	State 3
		line_buffer_V_0_0_addr : 1
		line_buffer_V_1_0_addr : 1
		store_ln344 : 2
		store_ln344 : 2
	State 4
		zext_ln300_1 : 1
		Xscale64 : 2
		store_ln382 : 1
		store_ln382 : 1
	State 5
		trunc_ln703 : 1
		zext_ln301_1 : 1
		Yscale64 : 2
		loop_row_count : 1
	State 6
		trunc_ln703_1 : 1
		zext_ln703 : 2
		loop_col_count : 1
		sub272_cast : 1
		i_op_assign_2_cast : 1
		cmp7515 : 2
		rhs : 1
		rhs_3 : 2
		conv_i_i_i322_i_cast : 1
		tmp_1 : 1
		tmp_1_cast : 2
		indexx_pre_V_2 : 1
		tmp_2_cast : 2
		smax : 1
		sub_ln851 : 2
	State 7
		i_2 : 1
		icmp_ln382 : 1
		br_ln382 : 2
		indexy_pre_comp_V : 1
		trunc_ln387 : 2
		slt : 1
	State 8
		ret_V_14 : 1
		ret_V_cast : 2
		tmp_3 : 2
		add_i_i_i_i_i286_i : 3
		spec_select83 : 1
		indexy_pre_V : 2
		p_Result_s : 3
		trunc_ln389 : 3
		select_ln850 : 4
		ret_V_15 : 5
		zext_ln882_1 : 6
		icmp_ln882_1 : 7
		xor_ln882 : 8
	State 9
		add_ln389 : 1
		icmp_ln389 : 1
		br_ln389 : 2
		icmp_ln851_1 : 1
		ret_V : 1
		select_ln850_1 : 2
		ret_V_16 : 3
		trunc_ln728 : 4
		icmp_ln408 : 1
		and_ln406 : 2
		br_ln406 : 2
		zext_ln870_1 : 4
		icmp_ln870_2 : 5
		and_ln487 : 6
		icmp_ln489 : 1
		br_ln487 : 6
		icmp_ln870_3 : 5
		and_ln486 : 6
		br_ln486 : 6
		br_ln489 : 2
	State 10
		indexx_pre_comp_V : 1
		tmp_7 : 2
		icmp_ln1494 : 2
		select_ln257 : 3
		indexx_pre_V : 4
		trunc_ln831_1 : 5
		trunc_ln851_1 : 5
		trunc_ln703_2 : 5
	State 11
		ret_V_6 : 1
		select_ln850_2 : 1
		ret_V_17 : 2
		trunc_ln728_1 : 3
		rhs_2 : 4
		ret_V_9 : 5
		empty_73 : 3
		tmp_V_4_cast7 : 3
		not_cmp_i_i176 : 4
		zext_ln428 : 5
		idx_nxt : 6
		zext_ln430 : 3
		zext_ln431 : 7
		line_buffer_V_1_0_addr_3 : 4
		P0Buf_V_0_2 : 5
		line_buffer_V_1_0_addr_4 : 8
		P0Buf_V_1_2 : 9
		line_buffer_V_2_0_addr_2 : 4
		P1Buf_V_0_2 : 5
		line_buffer_V_2_0_addr_3 : 8
		P1Buf_V_1_2 : 9
		line_buffer_V_0_0_addr_5 : 1
		store_ln461 : 2
		line_buffer_V_0_0_addr_3 : 4
		P0Buf_V_0_1 : 5
		line_buffer_V_0_0_addr_4 : 8
		P0Buf_V_1_1 : 9
		line_buffer_V_1_0_addr_1 : 4
		P1Buf_V_0_1 : 5
		line_buffer_V_1_0_addr_2 : 8
		P1Buf_V_1_1 : 9
		line_buffer_V_2_0_addr_4 : 1
		store_ln440 : 2
		line_buffer_V_2_0_addr : 4
		P0Buf_V_0 : 5
		line_buffer_V_2_0_addr_1 : 8
		P0Buf_V_1 : 9
		line_buffer_V_0_0_addr_1 : 4
		P1Buf_V_0 : 5
		line_buffer_V_0_0_addr_2 : 8
		P1Buf_V_1 : 9
		line_buffer_V_1_0_addr_5 : 1
		store_ln482 : 2
		Wy_V : 2
		Wy_V_1 : 3
		Wx_V : 6
		zext_ln708 : 7
		r_V : 8
	State 12
		P0Buf_V_0_4 : 1
		P0Buf_V_0_0 : 1
		p_Val2_s : 2
		zext_ln215 : 3
		zext_ln215_2 : 2
		ret_6 : 4
		sext_ln1118 : 5
		r_V_8 : 6
	State 13
		p_Val2_5 : 1
		zext_ln215_1 : 1
		ret : 2
		zext_ln215_3 : 2
		ret_8 : 3
		zext_ln215_4 : 3
		zext_ln215_5 : 4
		ret_9 : 5
		ret_10 : 3
		sext_ln1115_1 : 4
		r_V_9 : 5
	State 14
		Wxy_V : 1
		zext_ln708_1 : 2
		r_V_7 : 3
	State 15
		sext_ln1192_1 : 1
		sext_ln1192_2 : 1
		add_ln1192 : 2
	State 16
		sext_ln1192 : 1
		sext_ln1192_4 : 1
		ret_V_18 : 2
	State 17
		sext_ln1192_3 : 1
		zext_ln1192 : 1
		ret_V_11 : 2
		trunc_ln831_2 : 3
		p_Result_9 : 3
		trunc_ln851_2 : 3
		icmp_ln851_3 : 4
		ret_V_12 : 4
		select_ln850_3 : 5
		ret_V_19 : 6
		write_ln174 : 7
	State 18
		zext_ln870 : 1
		icmp_ln870 : 2
		and_ln509 : 3
		icmp_ln870_1 : 2
		or_ln509 : 3
		select_ln509 : 3
		output_rows_count_1 : 4
		zext_ln882 : 1
		icmp_ln882 : 2
		icmp_ln522 : 1
		first_row_index_2 : 2
		sel_tmp1 : 1
		and_ln882 : 3
		read_rows_count_2 : 3
		first_row_index_3 : 3
		first_row_index_4 : 4


============================================================
+ Verbose Summary: Datapath Resource usage 
============================================================

* Functional unit list:
|----------|--------------------------------------------|---------|---------|---------|---------|
| Operation|               Functional Unit              |   DSP   |  Delay  |    FF   |   LUT   |
|----------|--------------------------------------------|---------|---------|---------|---------|
|   call   |           grp_xfUDivResize_fu_566          |    0    |  0.854  |   612   |   335   |
|          | grp_scaleCompute_17_42_20_48_16_1_s_fu_583 |    2    |    0    |    0    |   100   |
|----------|--------------------------------------------|---------|---------|---------|---------|
|          |             select_ln332_fu_679            |    0    |    0    |    0    |    10   |
|          |            select_ln332_1_fu_687           |    0    |    0    |    0    |    2    |
|          |            loop_row_count_fu_760           |    0    |    0    |    0    |    10   |
|          |            loop_col_count_fu_778           |    0    |    0    |    0    |    10   |
|          |                 smax_fu_865                |    0    |    0    |    0    |    10   |
|          |            spec_select83_fu_965            |    0    |    0    |    0    |    38   |
|          |             indexy_pre_V_fu_972            |    0    |    0    |    0    |    38   |
|          |             select_ln850_fu_996            |    0    |    0    |    0    |    16   |
|          |              ret_V_15_fu_1004              |    0    |    0    |    0    |    16   |
|          |           select_ln850_1_fu_1063           |    0    |    0    |    0    |    16   |
|          |              ret_V_16_fu_1071              |    0    |    0    |    0    |    16   |
|          |            select_ln257_fu_1140            |    0    |    0    |    0    |    38   |
|  select  |            indexx_pre_V_fu_1147            |    0    |    0    |    0    |    38   |
|          |           select_ln850_2_fu_1214           |    0    |    0    |    0    |    16   |
|          |              ret_V_17_fu_1221              |    0    |    0    |    0    |    16   |
|          |              p_Val2_s_fu_1316              |    0    |    0    |    0    |    8    |
|          |              p_Val2_5_fu_1344              |    0    |    0    |    0    |    8    |
|          |           select_ln850_3_fu_1471           |    0    |    0    |    0    |    8    |
|          |              ret_V_19_fu_1479              |    0    |    0    |    0    |    8    |
|          |            select_ln509_fu_1534            |    0    |    0    |    0    |    32   |
|          |         output_rows_count_1_fu_1542        |    0    |    0    |    0    |    32   |
|          |          first_row_index_2_fu_1570         |    0    |    0    |    0    |    32   |
|          |              sel_tmp1_fu_1584              |    0    |    0    |    0    |    32   |
|          |          read_rows_count_2_fu_1595         |    0    |    0    |    0    |    32   |
|          |          first_row_index_3_fu_1603         |    0    |    0    |    0    |    32   |
|          |          first_row_index_4_fu_1610         |    0    |    0    |    0    |    32   |
|----------|--------------------------------------------|---------|---------|---------|---------|
|          |             add_ln332_1_fu_657             |    0    |    0    |    0    |    19   |
|          |              add_ln332_fu_668              |    0    |    0    |    0    |    9    |
|          |              add_ln337_fu_699              |    0    |    0    |    0    |    18   |
|          |                sub272_fu_784               |    0    |    0    |    0    |    18   |
|          |                tmp_V_fu_793                |    0    |    0    |    0    |    18   |
|          |             i_op_assign_fu_832             |    0    |    0    |    0    |    18   |
|          |                 i_2_fu_877                 |    0    |    0    |    0    |    18   |
|          |              op2_assign_fu_902             |    0    |    0    |    0    |    39   |
|          |             op2_assign_1_fu_913            |    0    |    0    |    0    |    39   |
|          |               ret_V_14_fu_923              |    0    |    0    |    0    |    49   |
|    add   |          add_i_i_i_i_i286_i_fu_954         |    0    |    0    |    0    |    24   |
|          |              add_ln389_fu_1028             |    0    |    0    |    0    |    18   |
|          |                ret_V_fu_1057               |    0    |    0    |    0    |    24   |
|          |               ret_V_7_fu_1209              |    0    |    0    |    0    |    24   |
|          |               idx_nxt_fu_1262              |    0    |    0    |    0    |    18   |
|          |                 ret_fu_1355                |    0    |    0    |    0    |    15   |
|          |                ret_8_fu_1364               |    0    |    0    |    0    |    15   |
|          |              ret_V_11_fu_1431              |    0    |    0    |    0    |    30   |
|          |              ret_V_12_fu_1465              |    0    |    0    |    0    |    15   |
|          |              add_ln511_fu_1528             |    0    |    0    |    0    |    39   |
|          |           first_row_index_fu_1558          |    0    |    0    |    0    |    39   |
|          |          read_rows_count_1_fu_1578         |    0    |    0    |    0    |    39   |
|----------|--------------------------------------------|---------|---------|---------|---------|
|          |              icmp_ln332_fu_663             |    0    |    0    |    0    |    12   |
|          |              icmp_ln337_fu_674             |    0    |    0    |    0    |    11   |
|          |              icmp_ln354_fu_756             |    0    |    0    |    0    |    11   |
|          |              icmp_ln356_fu_774             |    0    |    0    |    0    |    11   |
|          |               cmp7515_fu_802               |    0    |    0    |    0    |    11   |
|          |                empty_fu_861                |    0    |    0    |    0    |    11   |
|          |              icmp_ln382_fu_883             |    0    |    0    |    0    |    11   |
|          |                 slt_fu_892                 |    0    |    0    |    0    |    20   |
|          |                cmp89_fu_897                |    0    |    0    |    0    |    20   |
|          |                cmp277_fu_908               |    0    |    0    |    0    |    20   |
|          |             cmp_i_i235_i_fu_960            |    0    |    0    |    0    |    21   |
|          |              icmp_ln851_fu_992             |    0    |    0    |    0    |    15   |
|          |            icmp_ln882_1_fu_1016            |    0    |    0    |    0    |    20   |
|   icmp   |             icmp_ln389_fu_1034             |    0    |    0    |    0    |    11   |
|          |            icmp_ln851_1_fu_1051            |    0    |    0    |    0    |    15   |
|          |             icmp_ln408_fu_1082             |    0    |    0    |    0    |    11   |
|          |            icmp_ln870_2_fu_1096            |    0    |    0    |    0    |    20   |
|          |             icmp_ln489_fu_1106             |    0    |    0    |    0    |    11   |
|          |            icmp_ln870_3_fu_1111            |    0    |    0    |    0    |    20   |
|          |             icmp_ln1494_fu_1135            |    0    |    0    |    0    |    21   |
|          |            icmp_ln851_2_fu_1204            |    0    |    0    |    0    |    15   |
|          |           not_cmp_i_i176_fu_1253           |    0    |    0    |    0    |    13   |
|          |            icmp_ln851_3_fu_1459            |    0    |    0    |    0    |    11   |
|          |             icmp_ln870_fu_1507             |    0    |    0    |    0    |    20   |
|          |            icmp_ln870_1_fu_1517            |    0    |    0    |    0    |    20   |
|          |             icmp_ln882_fu_1553             |    0    |    0    |    0    |    20   |
|          |             icmp_ln522_fu_1564             |    0    |    0    |    0    |    20   |
|----------|--------------------------------------------|---------|---------|---------|---------|
|          |              sub_ln851_fu_871              |    0    |    0    |    0    |    29   |
|          |               ret_V_6_fu_1192              |    0    |    0    |    0    |    31   |
|    sub   |               ret_V_9_fu_1240              |    0    |    0    |    0    |    31   |
|          |                ret_6_fu_1331               |    0    |    0    |    0    |    15   |
|          |                ret_9_fu_1377               |    0    |    0    |    0    |    16   |
|          |               ret_10_fu_1383               |    0    |    0    |    0    |    15   |
|----------|--------------------------------------------|---------|---------|---------|---------|
|          |              and_ln406_fu_1087             |    0    |    0    |    0    |    2    |
|          |              and_ln487_fu_1101             |    0    |    0    |    0    |    2    |
|    and   |              and_ln486_fu_1116             |    0    |    0    |    0    |    2    |
|          |              and_ln509_fu_1512             |    0    |    0    |    0    |    2    |
|          |              and_ln882_fu_1590             |    0    |    0    |    0    |    2    |
|----------|--------------------------------------------|---------|---------|---------|---------|
|    xor   |              xor_ln882_fu_1022             |    0    |    0    |    0    |    2    |
|----------|--------------------------------------------|---------|---------|---------|---------|
|    or    |              or_ln509_fu_1522              |    0    |    0    |    0    |    2    |
|----------|--------------------------------------------|---------|---------|---------|---------|
|    mul   |                 grp_fu_1618                |    1    |    0    |    0    |    0    |
|          |                 grp_fu_1625                |    1    |    0    |    0    |    0    |
|----------|--------------------------------------------|---------|---------|---------|---------|
|  muladd  |                 grp_fu_1632                |    1    |    0    |    0    |    0    |
|          |                 grp_fu_1641                |    1    |    0    |    0    |    0    |
|----------|--------------------------------------------|---------|---------|---------|---------|
|          |            p_read_1_read_fu_180            |    0    |    0    |    0    |    0    |
|          |            p_read_2_read_fu_186            |    0    |    0    |    0    |    0    |
|   read   |            p_read_3_read_fu_192            |    0    |    0    |    0    |    0    |
|          |            p_read_4_read_fu_198            |    0    |    0    |    0    |    0    |
|          |               grp_read_fu_204              |    0    |    0    |    0    |    0    |
|----------|--------------------------------------------|---------|---------|---------|---------|
|   write  |          write_ln174_write_fu_210          |    0    |    0    |    0    |    0    |
|----------|--------------------------------------------|---------|---------|---------|---------|
|          |             p_read_cast9_fu_633            |    0    |    0    |    0    |    0    |
|          |            p_read_cast27_fu_637            |    0    |    0    |    0    |    0    |
|          |            p_read1_cast25_fu_641           |    0    |    0    |    0    |    0    |
|          |            p_read2_cast24_fu_645           |    0    |    0    |    0    |    0    |
|          |              zext_ln337_fu_705             |    0    |    0    |    0    |    0    |
|          |              zext_ln300_fu_710             |    0    |    0    |    0    |    0    |
|          |             zext_ln300_1_fu_721            |    0    |    0    |    0    |    0    |
|          |              zext_ln301_fu_736             |    0    |    0    |    0    |    0    |
|          |             zext_ln301_1_fu_751            |    0    |    0    |    0    |    0    |
|          |              zext_ln703_fu_770             |    0    |    0    |    0    |    0    |
|          |                rhs_3_fu_818                |    0    |    0    |    0    |    0    |
|          |            zext_ln882_1_fu_1012            |    0    |    0    |    0    |    0    |
|          |            zext_ln870_1_fu_1092            |    0    |    0    |    0    |    0    |
|          |             zext_ln395_fu_1122             |    0    |    0    |    0    |    0    |
|          |             zext_ln389_fu_1178             |    0    |    0    |    0    |    0    |
|          |            tmp_V_4_cast7_fu_1249           |    0    |    0    |    0    |    0    |
|   zext   |             zext_ln428_fu_1258             |    0    |    0    |    0    |    0    |
|          |             zext_ln430_fu_1268             |    0    |    0    |    0    |    0    |
|          |             zext_ln431_fu_1278             |    0    |    0    |    0    |    0    |
|          |               Wy_V_1_fu_1298               |    0    |    0    |    0    |    0    |
|          |             zext_ln708_fu_1312             |    0    |    0    |    0    |    0    |
|          |             zext_ln215_fu_1323             |    0    |    0    |    0    |    0    |
|          |            zext_ln215_2_fu_1327            |    0    |    0    |    0    |    0    |
|          |             zext_ln1118_fu_1341            |    0    |    0    |    0    |    0    |
|          |            zext_ln215_1_fu_1351            |    0    |    0    |    0    |    0    |
|          |            zext_ln215_3_fu_1360            |    0    |    0    |    0    |    0    |
|          |            zext_ln215_4_fu_1369            |    0    |    0    |    0    |    0    |
|          |            zext_ln215_5_fu_1373            |    0    |    0    |    0    |    0    |
|          |            zext_ln1118_1_fu_1392           |    0    |    0    |    0    |    0    |
|          |            zext_ln708_1_fu_1404            |    0    |    0    |    0    |    0    |
|          |             zext_ln1192_fu_1427            |    0    |    0    |    0    |    0    |
|          |             zext_ln870_fu_1503             |    0    |    0    |    0    |    0    |
|          |             zext_ln882_fu_1549             |    0    |    0    |    0    |    0    |
|----------|--------------------------------------------|---------|---------|---------|---------|
|          |                 tmp_fu_649                 |    0    |    0    |    0    |    0    |
|          |                 xnew_fu_714                |    0    |    0    |    0    |    0    |
|          |                 ynew_fu_744                |    0    |    0    |    0    |    0    |
|bitconcatenate|                tmp_1_fu_837                |    0    |    0    |    0    |    0    |
|          |            indexx_pre_V_2_fu_849           |    0    |    0    |    0    |    0    |
|          |                rhs_1_fu_1185               |    0    |    0    |    0    |    0    |
|          |                rhs_2_fu_1232               |    0    |    0    |    0    |    0    |
|          |                P4_V_fu_1417                |    0    |    0    |    0    |    0    |
|----------|--------------------------------------------|---------|---------|---------|---------|
|          |             trunc_ln332_fu_695             |    0    |    0    |    0    |    0    |
|          |             trunc_ln703_fu_740             |    0    |    0    |    0    |    0    |
|          |            trunc_ln703_1_fu_766            |    0    |    0    |    0    |    0    |
|          |             trunc_ln387_fu_888             |    0    |    0    |    0    |    0    |
|          |             trunc_ln389_fu_988             |    0    |    0    |    0    |    0    |
|   trunc  |             trunc_ln851_fu_1048            |    0    |    0    |    0    |    0    |
|          |             trunc_ln728_fu_1078            |    0    |    0    |    0    |    0    |
|          |            trunc_ln851_1_fu_1165           |    0    |    0    |    0    |    0    |
|          |            trunc_ln703_2_fu_1169           |    0    |    0    |    0    |    0    |
|          |            trunc_ln728_1_fu_1228           |    0    |    0    |    0    |    0    |
|          |              empty_73_fu_1245              |    0    |    0    |    0    |    0    |
|          |            trunc_ln851_2_fu_1455           |    0    |    0    |    0    |    0    |
|----------|--------------------------------------------|---------|---------|---------|---------|
|          |             sub272_cast_fu_789             |    0    |    0    |    0    |    0    |
|          |          i_op_assign_2_cast_fu_798         |    0    |    0    |    0    |    0    |
|          |              tmp_1_cast_fu_845             |    0    |    0    |    0    |    0    |
|          |              tmp_2_cast_fu_857             |    0    |    0    |    0    |    0    |
|          |                 lhs_fu_919                 |    0    |    0    |    0    |    0    |
|   sext   |             sext_ln1118_fu_1337            |    0    |    0    |    0    |    0    |
|          |            sext_ln1115_1_fu_1388           |    0    |    0    |    0    |    0    |
|          |             sext_ln1115_fu_1408            |    0    |    0    |    0    |    0    |
|          |            sext_ln1192_1_fu_1411           |    0    |    0    |    0    |    0    |
|          |            sext_ln1192_4_fu_1414           |    0    |    0    |    0    |    0    |
|          |            sext_ln1192_3_fu_1424           |    0    |    0    |    0    |    0    |
|----------|--------------------------------------------|---------|---------|---------|---------|
|          |                 rhs_fu_808                 |    0    |    0    |    0    |    0    |
|          |         conv_i_i_i322_i_cast_fu_822        |    0    |    0    |    0    |    0    |
|          |              ret_V_cast_fu_928             |    0    |    0    |    0    |    0    |
|          |              trunc_ln_fu_1039              |    0    |    0    |    0    |    0    |
|partselect|            trunc_ln831_1_fu_1155           |    0    |    0    |    0    |    0    |
|          |                Wy_V_fu_1288                |    0    |    0    |    0    |    0    |
|          |                Wx_V_fu_1302                |    0    |    0    |    0    |    0    |
|          |                Wxy_V_fu_1395               |    0    |    0    |    0    |    0    |
|          |            trunc_ln831_2_fu_1437           |    0    |    0    |    0    |    0    |
|----------|--------------------------------------------|---------|---------|---------|---------|
|          |                tmp_3_fu_938                |    0    |    0    |    0    |    0    |
|          |                tmp_4_fu_946                |    0    |    0    |    0    |    0    |
| bitselect|              p_Result_s_fu_980             |    0    |    0    |    0    |    0    |
|          |                tmp_7_fu_1127               |    0    |    0    |    0    |    0    |
|          |             p_Result_4_fu_1197             |    0    |    0    |    0    |    0    |
|          |             p_Result_9_fu_1447             |    0    |    0    |    0    |    0    |
|----------|--------------------------------------------|---------|---------|---------|---------|
|   Total  |                                            |    6    |  0.854  |   612   |   2099  |
|----------|--------------------------------------------|---------|---------|---------|---------|

Memories:
+-----------------+--------+--------+--------+
|                 |  BRAM  |   FF   |   LUT  |
+-----------------+--------+--------+--------+
|line_buffer_V_0_0|    1   |    0   |    0   |
|line_buffer_V_1_0|    1   |    0   |    0   |
|line_buffer_V_2_0|    1   |    0   |    0   |
+-----------------+--------+--------+--------+
|      Total      |    3   |    0   |    0   |
+-----------------+--------+--------+--------+

* Register list:
+---------------------------------+--------+
|                                 |   FF   |
+---------------------------------+--------+
|       P0Buf_V_0_0_reg_509       |    8   |
|       P0Buf_V_0_4_reg_486       |    8   |
|       P0Buf_V_1_0_reg_532       |    8   |
|       P0Buf_V_1_4_reg_549       |    8   |
|          Wx_V_reg_2039          |   12   |
|         Wy_V_1_reg_2034         |   24   |
|          Wy_V_reg_2029          |   12   |
|       add_ln332_1_reg_1712      |   12   |
|        add_ln337_reg_1735       |   11   |
|        add_ln389_reg_1906       |   11   |
|        and_ln406_reg_1925       |    1   |
|        and_ln486_reg_1943       |    1   |
|        and_ln487_reg_1935       |    1   |
|         cmp277_reg_1868         |    1   |
|         cmp7515_reg_1805        |    1   |
|          cmp89_reg_1854         |    1   |
|    conv_i_i202_i_phi_reg_457    |   17   |
|    first_row_index_4_reg_2120   |   32   |
|    first_row_index_5_reg_409    |   32   |
|        flag_write_reg_469       |    1   |
|           i_1_reg_398           |   11   |
|           i_2_reg_1836          |   11   |
|   i_op_assign_2_cast_reg_1800   |   18   |
|            i_reg_376            |    2   |
|       icmp_ln332_reg_1717       |    1   |
|       icmp_ln389_reg_1911       |    1   |
|       icmp_ln489_reg_1939       |    1   |
|      icmp_ln870_2_reg_1929      |    1   |
|      indexx_pre_V_reg_1947      |   42   |
|        indexy_V_reg_1753        |   17   |
|      indexy_pre_V_reg_1880      |   42   |
|    indexy_pre_comp_V_reg_577    |   42   |
|      indvar_flatten_reg_365     |   12   |
|           j_1_reg_445           |   11   |
|            j_reg_387            |   11   |
|line_buffer_V_0_0_addr_1_reg_2019|   11   |
|line_buffer_V_0_0_addr_2_reg_2024|   11   |
|line_buffer_V_0_0_addr_3_reg_1989|   11   |
|line_buffer_V_0_0_addr_4_reg_1994|   11   |
|line_buffer_V_1_0_addr_1_reg_1999|   11   |
|line_buffer_V_1_0_addr_2_reg_2004|   11   |
|line_buffer_V_1_0_addr_3_reg_1969|   11   |
|line_buffer_V_1_0_addr_4_reg_1974|   11   |
|line_buffer_V_2_0_addr_1_reg_2014|   11   |
|line_buffer_V_2_0_addr_2_reg_1979|   11   |
|line_buffer_V_2_0_addr_3_reg_1984|   11   |
| line_buffer_V_2_0_addr_reg_2009 |   11   |
|     loop_row_count_reg_1785     |   11   |
|      nextYScale_V_reg_1746      |   17   |
|      op2_assign_1_reg_1874      |   32   |
|       op2_assign_reg_1861       |   32   |
|   output_rows_count_1_reg_2110  |   32   |
|    output_rows_count_reg_421    |   32   |
|       p_Result_s_reg_1886       |    1   |
|        p_Val2_s_reg_2049        |    8   |
|     p_read1_cast25_reg_1697     |   12   |
|     p_read2_cast24_reg_1702     |   12   |
|        p_read_1_reg_1650        |   11   |
|        p_read_2_reg_1660        |   11   |
|        p_read_3_reg_1667        |   11   |
|        p_read_4_reg_1678        |   11   |
|      p_read_cast27_reg_1692     |   12   |
|      p_read_cast9_reg_1685      |   32   |
|       read_pixel_reg_1740       |    8   |
|    read_rows_count_2_reg_2115   |   32   |
|     read_rows_count_reg_433     |   32   |
|             reg_609             |    8   |
|             reg_617             |    8   |
|             reg_625             |    8   |
|          ret_9_reg_2075         |   10   |
|        ret_V_15_reg_1896        |   17   |
|        ret_V_16_reg_1915        |   17   |
|          rhs_3_reg_1809         |   43   |
|     select_ln332_1_reg_1726     |    2   |
|      select_ln332_reg_1721      |   11   |
|      sext_ln1115_1_reg_2080     |   21   |
|       sext_ln1115_reg_2095      |   22   |
|       sext_ln1118_reg_2065      |   21   |
|      sext_ln1192_1_reg_2100     |   22   |
|      sext_ln1192_4_reg_2105     |   23   |
|           slt_reg_1849          |    1   |
|          smax_reg_1826          |   11   |
|       sub272_cast_reg_1795      |   32   |
|        sub_ln851_reg_1831       |   22   |
|       tmp_1_cast_reg_1814       |   42   |
|       tmp_2_cast_reg_1820       |   42   |
|           tmp_reg_1707          |   12   |
|       trunc_ln332_reg_1731      |    1   |
|       trunc_ln387_reg_1844      |   22   |
|       trunc_ln389_reg_1891      |   24   |
|      trunc_ln703_2_reg_1964     |   24   |
|       trunc_ln703_reg_1775      |   48   |
|       trunc_ln728_reg_1920      |    2   |
|      trunc_ln831_1_reg_1952     |   17   |
|      trunc_ln851_1_reg_1959     |   22   |
|        xor_ln882_reg_1901       |    1   |
|      zext_ln1118_1_reg_2085     |   21   |
|       zext_ln1118_reg_2070      |   21   |
|      zext_ln215_2_reg_2060      |    9   |
|       zext_ln215_reg_2054       |    9   |
|      zext_ln300_1_reg_1765      |   64   |
|       zext_ln300_reg_1760       |   16   |
|      zext_ln301_1_reg_1780      |   64   |
|       zext_ln301_reg_1770       |   16   |
|       zext_ln703_reg_1790       |   48   |
|      zext_ln708_1_reg_2090      |   22   |
|       zext_ln708_reg_2044       |   24   |
+---------------------------------+--------+
|              Total              |  1776  |
+---------------------------------+--------+

* Multiplexer (MUX) list: 
|--------------------------------------------|------|------|------|--------||---------||---------|
|                    Comp                    |  Pin | Size |  BW  | S x BW ||  Delay  ||   LUT   |
|--------------------------------------------|------|------|------|--------||---------||---------|
|              grp_access_fu_229             |  p0  |   6  |  11  |   66   ||    31   |
|              grp_access_fu_229             |  p1  |   2  |   8  |   16   ||    9    |
|              grp_access_fu_229             |  p2  |   4  |   0  |    0   ||    20   |
|              grp_access_fu_236             |  p0  |   6  |  11  |   66   ||    31   |
|              grp_access_fu_236             |  p1  |   2  |   8  |   16   ||    9    |
|              grp_access_fu_236             |  p2  |   4  |   0  |    0   ||    20   |
|              grp_access_fu_267             |  p0  |   5  |  11  |   55   ||    26   |
|              grp_access_fu_267             |  p2  |   4  |   0  |    0   ||    20   |
|          first_row_index_5_reg_409         |  p0  |   2  |  32  |   64   ||    9    |
|          output_rows_count_reg_421         |  p0  |   2  |  32  |   64   ||    9    |
|           read_rows_count_reg_433          |  p0  |   2  |  32  |   64   ||    9    |
|                 j_1_reg_445                |  p0  |   2  |  11  |   22   ||    9    |
|          conv_i_i202_i_phi_reg_457         |  p0  |   2  |  17  |   34   ||    9    |
|             flag_write_reg_469             |  p0  |   3  |   1  |    3   ||    9    |
|           grp_xfUDivResize_fu_566          |  p1  |   4  |  43  |   172  ||    20   |
|           grp_xfUDivResize_fu_566          |  p2  |   4  |  11  |   44   ||    20   |
| grp_scaleCompute_17_42_20_48_16_1_s_fu_583 |  p1  |   2  |  32  |   64   ||    9    |
| grp_scaleCompute_17_42_20_48_16_1_s_fu_583 |  p2  |   2  |  48  |   96   ||    9    |
|                 grp_fu_1618                |  p0  |   2  |  12  |   24   ||    9    |
|                 grp_fu_1618                |  p1  |   2  |  12  |   24   ||    9    |
|                 grp_fu_1625                |  p0  |   2  |  12  |   24   ||    9    |
|                 grp_fu_1625                |  p1  |   2  |   9  |   18   ||    9    |
|                 grp_fu_1632                |  p0  |   3  |  12  |   36   ||    14   |
|                 grp_fu_1632                |  p1  |   2  |   9  |   18   ||    9    |
|                 grp_fu_1641                |  p0  |   3  |  12  |   36   ||    14   |
|                 grp_fu_1641                |  p1  |   2  |  10  |   20   ||    9    |
|--------------------------------------------|------|------|------|--------||---------||---------|
|                    Total                   |      |      |      |  1046  ||  12.278 ||   360   |
|--------------------------------------------|------|------|------|--------||---------||---------|



* Summary:
+-----------+--------+--------+--------+--------+--------+
|           |  BRAM  |   DSP  |  Delay |   FF   |   LUT  |
+-----------+--------+--------+--------+--------+--------+
|  Function |    -   |    6   |    0   |   612  |  2099  |
|   Memory  |    3   |    -   |    -   |    0   |    0   |
|Multiplexer|    -   |    -   |   12   |    -   |   360  |
|  Register |    -   |    -   |    -   |  1776  |    -   |
+-----------+--------+--------+--------+--------+--------+
|   Total   |    3   |    6   |   13   |  2388  |  2459  |
+-----------+--------+--------+--------+--------+--------+
